,Sample Name,SiO2,TiO2,Al2O3,FeOt,MnO,MgO,CaO,Na2O,K2O,P2O5,Cr2O3,Mineral
0,Z2099,42.96,1.8,14.33,4.07,0.07,17.39,12.03,3.1,0.03,,0.65,Amphibole
2110,UC787-1c-hb,45.862,1.228,5.721,20.418,0.696,10.888,10.114,1.759,,,,Amphibole
2111,UC787-1r-hb,46.04,1.355,5.633,21.778,0.776,9.714,9.779,1.737,,,,Amphibole
2112,UC199-1c-hb,46.937,1.174,5.496,17.753,0.695,12.28,10.546,1.35,0.463,,,Amphibole
2113,UC199-2c-hb,46.313,1.232,5.743,17.504,0.655,11.785,10.611,1.32,0.492,,,Amphibole
2114,UC199-2r-hb,47.156,1.197,6.029,17.867,0.695,11.888,10.47,1.393,0.479,,,Amphibole
2115,BT-21A_HBL 1-1,48.206,0.8785,4.9877,16.4815,0.4421,12.9695,10.672,1.2676,0.5992,,0.0215,Amphibole
2116,BT-21A_HBL 1-2,47.9705,0.9727,5.1493,16.6394,0.4529,12.837,10.53,1.2821,0.5248,,0.0243,Amphibole
2117,BT-21A_HBL 1-3,47.2884,1.0783,5.5164,16.9834,0.4404,12.2309,10.5938,1.406,0.6504,,0,Amphibole
2118,BT-21A_HBL 1-4,46.5975,1.2694,5.9767,17.1588,0.4153,12.0086,10.5488,1.5189,0.6745,,0.018,Amphibole
2109,UC770-3r-hb,46.57,1.274,5.184,19.455,0.631,10.633,10.414,1.639,0.229,,,Amphibole
2119,BT-21A_HBL 1-5,47.054,1.2608,5.6926,16.8773,0.4447,12.3444,10.5352,1.4584,0.6179,,0.0131,Amphibole
2121,BT-21A_HBL 1-8,48.4663,0.8651,4.9189,16.7455,0.4743,13.0326,10.6225,1.2696,0.5069,,0.0012,Amphibole
2122,BT-21A_HBL 1-9,47.8065,0.9119,5.1824,16.8064,0.4699,12.7447,10.6806,1.3255,0.5589,,0.001,Amphibole
2123,BT-21A_HBL 1-10,48.5142,0.9782,4.9084,16.3916,0.4672,13.0553,10.4758,1.2438,0.5302,,0.0543,Amphibole
2124,BT-21A_HBL 1-11,48.1244,0.7696,5.0483,16.5248,0.4612,12.9083,10.5464,1.1987,0.5205,,0.015,Amphibole
2125,BT-21A_HBL 2-1,47.5321,1.1937,5.7674,16.9048,0.4535,12.4708,10.6063,1.4612,0.6732,,0.0303,Amphibole
2126,BT-21A_HBL 2-2,48.0019,0.8437,5.1085,16.6887,0.4804,12.7518,10.5368,1.3146,0.5456,,0.0241,Amphibole
2127,BT-21A_HBL 2-3,47.4767,1.1023,5.8569,16.8735,0.4109,12.3761,10.5996,1.512,0.6352,,0.0113,Amphibole
2128,BT-21A_HBL 2-4,47.6722,1.0917,5.6413,16.8448,0.435,12.4612,10.712,1.3728,0.6492,,0.0088,Amphibole
2129,BT-21A_HBL 2-5,44.9733,1.4004,7.7736,18.1418,0.4223,11.2125,10.7893,1.779,0.7558,,0.0129,Amphibole
2120,BT-21A_HBL 1-6,45.1426,1.4263,7.4695,17.6994,0.4095,11.4177,10.8043,1.7755,0.7845,,0.0346,Amphibole
2108,UC770-3c-hb,44.439,2.006,7.807,17.358,0.599,11.605,10.723,2.211,0.04,,,Amphibole
2107,UC770-2r-hb,44.064,1.64,6.586,18.816,0.596,12.163,10.296,1.971,0.197,,,Amphibole
2106,UC770-2c-hb,45.817,1.565,6.595,19.494,0.634,10.592,10.438,1.872,0.189,,,Amphibole
2085,UC782,48.1429,1.1613,5.9859,16.1584,0.4967,13.6504,10.7286,1.3259,0.3818,,,Amphibole
2086,UC782,47.1367,1.2821,6.2943,17.3736,0.6254,12.5729,10.7534,1.3344,0.4737,,,Amphibole
2087,UC782,47.3102,1.2605,6.3958,16.4899,0.5508,13.4326,10.6395,1.35,0.4748,,,Amphibole
2088,UC823,47.5767,1.3905,6.1221,16.4883,0.5247,13.3231,10.7481,1.4098,0.2984,,,Amphibole
2089,UC823,48.3816,1.3456,6.2938,16.6651,0.5216,13.5567,10.6422,1.4186,0.3415,,,Amphibole
2090,UC823,48.2777,1.1639,5.8374,16.4882,0.5688,13.7525,10.7026,1.3362,0.3661,,,Amphibole
2091,UC823,48.2558,1.1929,5.8741,16.5325,0.5268,13.6051,10.546,1.3357,0.3012,,,Amphibole
2092,UC823,47.8133,1.3061,6.189,16.6724,0.5004,13.2563,10.7739,1.4699,0.3984,,,Amphibole
2093,UC823,48.7989,1.2136,6.1099,16.6317,0.5418,13.6409,10.6642,1.3799,0.3348,,,Amphibole
2094,UC993,45.4324,1.666,8.3534,14.5482,0.2883,14.061,11.2279,1.6699,0.2385,,,Amphibole
2095,UC993,44.2499,1.8142,8.7483,14.4793,0.2931,13.5956,11.2488,1.8181,0.2712,,,Amphibole
2096,UC993,44.6873,2.3783,9.2792,12.5331,0.3022,14.6258,11.5133,1.963,0.2934,,,Amphibole
2097,UC993,43.8687,2.2272,9.2302,12.5157,0.3092,14.4425,11.2375,1.9189,0.306,,,Amphibole
2098,UC993,44.772,2.2207,8.5676,12.6488,0.2783,14.8133,11.5394,1.8596,0.283,,,Amphibole
2099,UC993,45.0291,2.0845,8.5499,12.5647,0.3174,14.8664,11.5625,1.8784,0.2929,,,Amphibole
2100,UC216-1c-hb,43.322,2.5,8.644,16.943,0.525,12.426,10.665,2.387,0.106,,,Amphibole
2101,UC216-1r-hb,41.908,2.62,9.071,17.254,0.572,11.054,10.327,2.586,0.081,,,Amphibole
2102,UC216-2c-hb,42.393,2.462,9.291,16.647,0.486,11.975,10.283,2.478,0.066,,,Amphibole
2103,UC216-2r-hb,42.736,2.628,8.689,15.342,0.449,13.003,10.628,2.577,0.064,,,Amphibole
2104,UC770-1c-hb,43.776,1.855,6.871,18.825,0.596,11.566,10.561,1.892,0.228,,,Amphibole
2105,UC770-1r-hb,44.192,1.88,7.129,18.944,0.616,11.497,10.646,2.008,0.268,,,Amphibole
2130,BT-21A_HBL 2-6,48.1626,0.8573,5.0708,16.6094,0.4448,12.9306,10.7298,1.3113,0.5463,,0.0207,Amphibole
2131,BT-21A_HBL 2-7,48.3167,0.8969,5.0154,16.5064,0.483,12.7325,10.6644,1.295,0.5593,,0.0194,Amphibole
2132,BT-21A_HBL 2-8,47.3854,1.1467,5.8763,17.0124,0.5043,12.3435,10.6499,1.4686,0.6741,,0.0136,Amphibole
2133,BT-21A_HBL 2-9,47.8456,1.1987,5.8276,16.9754,0.4496,12.5449,10.6867,1.4368,0.6386,,0.0043,Amphibole
2159,BT-21A_HBL 14-1,48.3382,0.9579,5.1332,16.6147,0.4452,12.7512,10.7198,1.35,0.5853,,0.0235,Amphibole
2160,BT-21A_HBL 14-2,48.1707,0.9417,5.4518,16.8008,0.4734,12.7839,10.7551,1.3978,0.4478,,0.0422,Amphibole
2161,BT-21A_HBL 14-3,43.0653,1.7332,9.0816,18.6806,0.4332,10.3057,10.7432,2.1218,0.8237,,0.0479,Amphibole
2162,BT-21A_HBL 15-1,49.7182,1.0225,5.6967,16.5592,0.4146,12.7783,10.4547,1.4229,0.6654,,0.008,Amphibole
2163,BT-21A_HBL 15-3,49.7618,0.8595,5.2884,16.4425,0.4385,13.203,10.5906,1.3342,0.568,,0.0185,Amphibole
2164,BT-21A_HBL 16-1,47.934,1.2945,5.6918,16.7037,0.4293,12.614,10.7549,1.4267,0.7,,0.0278,Amphibole
2165,BT-21A_HBL 16-2,47.2831,1.273,5.7409,16.6641,0.402,12.3811,10.4168,1.4529,0.6634,,0.016,Amphibole
2166,BT-21A_HBL 16-3,47.8552,1.2229,5.5601,16.7891,0.4592,12.5965,10.5852,1.4264,0.6199,,0.0524,Amphibole
2167,BT-21A_HBL 16-4,48.051,1.213,5.5351,16.5123,0.429,12.8084,10.7777,1.4385,0.6602,,0.055,Amphibole
2168,BT-21A_HBL 16-5,47.3765,1.2532,5.6581,16.6942,0.4419,12.4897,10.4497,1.4277,0.6419,,0.0991,Amphibole
2169,BT-21A_HBL 17-1,48.1928,0.8461,5.3865,17.0703,0.4978,12.4691,10.478,1.321,0.6305,,0.0144,Amphibole
2170,BT-21A_HBL 17-2,48.8989,0.688,4.9113,16.9549,0.4617,12.9636,10.5139,1.1827,0.521,,0.0329,Amphibole
2171,BT-21A_HBL 17-3,49.1253,0.6163,4.6419,16.4725,0.4634,13.2588,10.7098,1.2262,0.4783,,0.0221,Amphibole
2172,BT-21A_HBL 17-4,48.4561,0.7815,5.3723,16.6171,0.4525,12.6896,10.6336,1.348,0.5748,,0.0166,Amphibole
2173,BT-21A_HBL 18-1,47.5826,1.3243,6.0045,16.4771,0.4014,12.213,10.4438,1.5177,0.8042,,0.0064,Amphibole
2174,BT-21A_HBL 18-2,47.0698,1.4024,6.1845,16.4348,0.4102,11.8777,10.2985,1.5668,0.81,,0.0019,Amphibole
2175,BT-21A_HBL 18-3,47.9394,1.2677,5.4162,16.483,0.4136,12.6853,10.5061,1.4629,0.6864,,0.0128,Amphibole
2176,BT-21A_HBL 18-4,47.4789,1.2464,5.4448,16.4953,0.4018,12.6546,10.6421,1.3903,0.6779,,0.0059,Amphibole
2177,BT-21A_HBL 18-5,47.1454,1.3469,5.9839,16.8249,0.4238,12.1959,10.7715,1.561,0.7184,,0.0224,Amphibole
2178,BT-21A_HBL 18-6,42.5589,2.0917,9.0205,18.1499,0.4251,10.1971,10.6503,1.9923,1.0943,,0.0032,Amphibole
2179,BT-21A_HBL 18-8,47.7544,1.1682,5.7175,16.4836,0.4545,12.5682,10.6151,1.5127,0.6123,,0,Amphibole
2158,BT-21A_HBL 13-17,43.4903,1.6872,9.0229,18.3332,0.4041,10.6144,10.69,2.0963,0.8073,,0.0314,Amphibole
2084,UC782,47.6596,1.3489,6.2538,16.1562,0.5913,13.4479,10.9142,1.3669,0.4451,,,Amphibole
2157,BT-21A_HBL 13-16,46.1876,1.192,6.5996,17.0571,0.4294,11.9527,10.7792,1.597,0.6049,,0.021,Amphibole
2155,BT-21A_HBL 13-13,48.3411,0.9006,5.254,16.3463,0.4236,12.9751,10.6339,1.2963,0.5178,,0.0354,Amphibole
2134,BT-21A_HBL 2-10,46.9917,1.2465,5.8568,16.9319,0.439,12.2034,10.5684,1.5053,0.6624,,0.0165,Amphibole
2135,BT-21A_HBL 4,48.7398,0.8615,4.8646,16.2893,0.4389,12.9155,10.3344,1.4036,0.5564,,0.0251,Amphibole
2136,BT-21A_HBL 6,43.5623,2.0131,8.9675,18.1027,0.4024,9.8787,10.4912,1.9881,1.1496,,0.0258,Amphibole
2137,BT-21A_HBL 7-1,48.1065,0.9849,5.3822,16.2133,0.4382,12.6161,10.5167,1.256,0.5971,,0.0122,Amphibole
2138,BT-21A_HBL 7-2,47.6923,1.0696,5.6358,16.4914,0.408,12.439,10.7219,1.4197,0.6754,,0.0096,Amphibole
2139,BT-21A_HBL 8-1,49.8086,0.7356,4.8274,16.0334,0.4491,13.2965,10.5992,1.2106,0.4827,,0.019,Amphibole
2140,BT-21A_HBL 8-2,49.0851,0.8336,5.2353,16.3036,0.4405,13.2127,10.6579,1.3935,0.4621,,0.0261,Amphibole
2141,BT-21A_HBL 8-3,48.7723,0.9056,5.2659,16.4607,0.3966,12.9841,10.751,1.3795,0.5769,,0.037,Amphibole
2142,BT-21A_HBL 9,48.8921,0.8049,4.7313,16.2611,0.4441,13.2084,10.6609,1.2488,0.5132,,0,Amphibole
2143,BT-21A_HBL 10-1,49.7783,0.7803,4.6445,16.1233,0.3939,13.646,10.4806,1.3014,0.4815,,0.011,Amphibole
2144,BT-21A_HBL 10-2,48.1859,1.1208,5.5028,16.499,0.4054,12.7527,10.6916,1.3983,0.623,,0.0289,Amphibole
2145,BT-21A_HBL 11,47.6105,1.2643,5.7523,16.989,0.4495,12.4206,10.6838,1.5235,0.5919,,0.031,Amphibole
2146,BT-21A_HBL 12-3,47.4782,1.1004,5.6394,16.5545,0.4362,12.6096,10.4734,1.4386,0.5796,,0.0379,Amphibole
2147,BT-21A_HBL 12-4,48.3296,1.125,5.0191,16.2521,0.4046,12.8597,10.5297,1.3577,0.5829,,0.0383,Amphibole
2148,BT-21A_HBL 13-2,48.9587,0.8241,4.8315,16.2663,0.4355,13.3345,10.7044,1.2749,0.4695,,0,Amphibole
2149,BT-21A_HBL 13-4,46.9357,1.253,6.0773,17.1201,0.4381,12.199,10.5489,1.5085,0.6948,,0.0043,Amphibole
2150,BT-21A_HBL 13-6,41.9541,1.7616,10.5273,18.4204,0.3914,10.0415,11.0057,2.3194,0.7065,,0.0138,Amphibole
2151,BT-21A_HBL 13-7,47.8391,1.0626,6.1441,16.4953,0.4204,12.769,10.7329,1.5211,0.5599,,0.0182,Amphibole
2152,BT-21A_HBL 13-8,40.4265,2.0317,11.4788,18.6065,0.3756,9.3007,10.8415,2.2982,0.9272,,0.0034,Amphibole
2153,BT-21A_HBL 13-11,47.4591,1.1292,5.7077,16.5473,0.4224,12.6269,10.5253,1.3967,0.6128,,0.0143,Amphibole
2154,BT-21A_HBL 13-12,48.4963,1.0585,5.2291,16.0952,0.4333,13.1066,10.58,1.3285,0.5605,,0.0157,Amphibole
2156,BT-21A_HBL 13-14,43.1626,1.7294,9.2431,18.2364,0.4079,10.3167,10.648,2.096,0.8519,,0.0378,Amphibole
2180,BT-21A_HBL 18-10,46.1783,1.6783,7.1336,17.2307,0.432,11.5687,10.8119,1.61,0.9091,,0.0118,Amphibole
2083,UC995-3c-hb,43.1,2.828,9.91,13.494,0.381,14.048,10.984,2.54,0.016,,,Amphibole
2081,UC995-2c-hb,43.457,2.343,8.786,16.467,0.24,12.088,10.982,1.992,0.037,,,Amphibole
4313,PH12C3b,0.1493,,,0.374766667,0.171833333,0.144066667,54.23096667,0.123,,41.62416667,,Apatite
4332,PH12C6,0.11005,,,0.334616667,0.163266667,0.151866667,53.71881667,0.12655,,40.90291667,,Apatite
4330,PH12C6,0.1743,,,0.32285,0.26545,0.1512,53.8096,0.13515,,41.15055,,Apatite
4334,PH12C7,0.102725,,,0.3752875,0.2226875,0.15285,53.5959,0.1312375,,41.093875,,Apatite
4329,PH12C6,0.0656,,,0.3401,0.1518,0.1611,53.6667,0.1107,,41.137,,Apatite
4333,PH12C6,0.118333333,,,0.2921,0.153433333,0.150633333,53.68003333,0.1611,,40.63883333,,Apatite
4328,PH12C6,0.187433333,,,0.347833333,0.176366667,0.1555,53.63453333,0.210833333,,40.85013333,,Apatite
4327,PH12C6,0.188066667,,,0.3339,0.191533333,0.139233333,53.13053333,0.164966667,,40.91133333,,Apatite
4326,PH12C5,0.1028,,,0.325875,0.164475,0.14305,53.405275,0.1349,,40.780975,,Apatite
4325,PH12C5,0.0868,,,0.3583,0.1269,0.1521,53.2682,0.1272,,40.6518,,Apatite
4331,PH12C6,0.094322222,,,0.373311111,0.159644444,0.152022222,54.1664,0.139911111,,41.01552222,,Apatite
4319,PH12C3b,0.3709,,,0.4899,0.1857,0.1572,53.8034,0.2589,,41.1024,,Apatite
4323,PH12C4,0.069033333,,,0.3401,0.223016667,0.1405,53.92715,0.103016667,,41.3813,,Apatite
4322,PH12C4,0.6272,,,0.287,0.246,0.1353,52.6727,0.1167,,40.717,,Apatite
4321,PH12C4,0.13918,,,0.34696,0.20472,0.1444,53.62644,0.14244,,40.99864,,Apatite
4320,PH12C3b,0.11059,,,0.33445,0.16958,0.13947,54.19886,0.12547,,41.30161,,Apatite
4315,PH12C3b,0.079875,,,0.3469,0.17575,0.135975,53.9758,0.15795,,41.628225,,Apatite
4318,PH12C3b,0.2003,,,0.35805,0.1457,0.1546,53.67865,0.17865,,41.1682,,Apatite
4317,PH12C3b,0.0625,,,0.403416667,0.149666667,0.148483333,54.28705,0.104916667,,41.60965,,Apatite
4314,PH12C3b,0.06415,,,0.299,0.1692,0.12915,54.40605,0.0904,,41.5925,,Apatite
4335,PH12C7,0.110865,,,0.3236,0.168045,0.160825,53.826465,0.09824,,41.23591,,Apatite
4316,PH12C3b,0.067733333,,,0.342566667,0.130833333,0.146933333,54.1441,0.109633333,,41.4869,,Apatite
4324,PH12C4,0.054,,,0.4121,0.2861,0.1306,53.2634,0.114,,41.0488,,Apatite
4336,PH12C7,0.61935,,,0.358083333,0.160366667,0.14845,52.75143333,0.148766667,,40.34568333,,Apatite
4356,CN6791d,0.201614286,,,0.525371429,0.211728571,0.153385714,53.86311429,0.174985714,,41.71452857,,Apatite
4338,PH12C7,0.1227,,,0.361583333,0.17775,0.150716667,53.78161667,0.104916667,,40.95628333,,Apatite
4361,CN6791d,0.19196,,,0.40318,0.20392,0.15226,53.72594,0.11442,,41.49856,,Apatite
4360,CN6791d,0.144466667,,,0.495666667,0.177,0.175566667,54.08525,0.115966667,,41.87481667,,Apatite
4312,PH12C3b,0.152566667,,,0.3709,0.185633333,0.146333333,54.0305,0.179766667,,41.27106667,,Apatite
4359,CN6791d,0.1421,,,0.2885,0.22905,0.131625,53.99935,0.114775,,41.69385,,Apatite
4362,P228922a,0.084026667,,,0.534313333,0.23468,0.134526667,53.87314,0.103933333,,41.79072667,,Apatite
4358,CN6791d,0.35385,,,0.561866667,0.2275,0.168066667,53.93956667,0.11475,,41.663875,,Apatite
4357,CN6791d,0.13335,,,0.70595,0.224083333,0.166216667,53.26338333,0.097066667,,41.369,,Apatite
4355,CN6791d,1.0336,,,0.203,0.167466667,0.1126,51.7034,0.2623,,39.25616667,,Apatite
4354,CN6791d,0.0794375,,,0.3745625,0.1828375,0.1457625,54.3367625,0.1049875,,42.0773125,,Apatite
4353,CN6791d,0.079266667,,,0.42438,0.196206667,0.151793333,54.20535333,0.1022,,42.00189333,,Apatite
4352,CN6791d,0.23465,,,0.61035,0.1461,0.1838,54.343925,0.139625,,41.899425,,Apatite
4337,PH12C7,0.289348,,,0.315712,0.189588,0.136992,53.92094,0.109284,,41.43172,,Apatite
4351,PH12C7,0.1119,,,0.344190909,0.254554545,0.110718182,53.76507273,0.100445455,,41.4285,,Apatite
4349,PH12C7,1.17316,,,0.32776,0.18208,0.14912,52.95712,0.17596,,40.40456,,Apatite
4348,PH12C7,0.242655556,,,0.611333333,0.143788889,0.151377778,53.8166,0.163255556,,40.8254,,Apatite
4347,PH12C7,0.2083,,,0.3355,0.144666667,0.146933333,53.59563333,0.155933333,,40.90373333,,Apatite
4346,PH12C7,0.182666667,,,1.827,0.1498,0.156233333,53.5115,0.1484,,40.7242,,Apatite
4345,PH12C7,0.253,,,1.1193,0.226,0.1605,53.87395,0.1852,,40.9799,,Apatite
4344,PH12C7,0.6099,,,0.39382,0.19772,0.15944,53.42704,0.28278,,40.10212,,Apatite
4343,PH12C7,0.060514286,,,0.3181,0.175257143,0.147728571,53.98412857,0.104871429,,41.31687143,,Apatite
4342,PH12C7,0.128126667,,,0.322246667,0.17958,0.14678,53.85140667,0.08548,,41.25322667,,Apatite
4341,PH12C7,0.872225,,,0.62165,0.21925,0.2021,53.1626,0.20705,,40.473,,Apatite
4340,PH12C7,0.0866,,,0.66855,0.20755,0.1235,53.91643333,0.1271,,41.3074,,Apatite
4339,PH12C7,0.184233333,,,0.3428,0.1944,0.140766667,53.9569,0.180933333,,40.73466667,,Apatite
4350,PH12C7,0.161216667,,,0.265675,0.185975,0.120741667,53.86873333,0.177091667,,40.95394167,,Apatite
4311,PH12C3b,0.0389375,,,0.3440875,0.225425,0.136125,54.117125,0.1069625,,41.543425,,Apatite
4266,CFmap1_CF13_47,0.4598,,,0,,,53.5824,,,41.1382,,Apatite
4309,PH12C3b,0.074616667,,,0.319066667,0.210633333,0.136433333,54.16413333,0.106,,41.55256667,,Apatite
4281,CF13_bi128_ap_1,0.4615,,,0,,,54.1856,,,41.4169,,Apatite
4280,CF13_Clinopyroxene-hosted inclusion3_ap_1,1.6415,,,0,,,53.0412,,,39.4989,,Apatite
4279,cf13_Clinopyroxene-hosted inclusion_213_ap_1,0.5189,,,0,,,54.5197,,,41.0656,,Apatite
4278,cf13_Clinopyroxene-hosted inclusion_195_ap_1,0.5528,,,0,,,54.0607,,,39.8309,,Apatite
4277,CF13_Clinopyroxene-hosted inclusion28_ap_2,0.6946,,,0,,,54.5511,,,41.1071,,Apatite
4276,CF13_Clinopyroxene-hosted inclusion28_ap_1,0.4147,,,0,,,54.3191,,,41.6146,,Apatite
4275,CF13_Clinopyroxene-hosted inclusion142_ap_2,0.4074,,,0,,,54.1743,,,41.4667,,Apatite
4274,CF13_Clinopyroxene-hosted inclusion208_ap_1,0.4778,,,0,,,54.4067,,,41.2458,,Apatite
4273,CF13_Clinopyroxene-hosted inclusion13_ap_1,0.5479,,,0,,,54.2606,,,40.4388,,Apatite
4272,CF13_Clinopyroxene-hosted inclusion16_ap_1,0.7914,,,0,,,53.9765,,,41.0189,,Apatite
4271,CF13_Clinopyroxene-hosted inclusion43_ap_1,0.4706,,,0,,,54.2294,,,41.6387,,Apatite
4270,CF13_Clinopyroxene-hosted inclusion125_ap_2,1.2422,,,0,,,53.2559,,,40.6831,,Apatite
4269,CF13_Clinopyroxene-hosted inclusion71_ap_1,0.486,,,0,,,53.8602,,,41.9094,,Apatite
4268,CF13_Clinopyroxene-hosted inclusion9_ap_1,0.5622,,,0,,,54.3712,,,41.726,,Apatite
4267,CFmap1_CF13_20,0.5835,,,0,,,54.1469,,,41.1313,,Apatite
4265,CFmap1_CF13_5,1.3933,,,0,,,53.0096,,,39.6065,,Apatite
4264,CFmap1_CF13_14,0.9176,,,0,,,53.3613,,,40.3329,,Apatite
4263,CFmap1_CF13_11,0.8153,,,0,,,53.135,,,39.8018,,Apatite
4262,CFmap1_CF13_6,0.6939,,,0,,,53.7039,,,41.0215,,Apatite
4259,CFmap1_CF13_9,0.6503,,,0,,,53.5025,,,40.3454,,Apatite
4261,CFmap1_CF13_18,0.4759,,,0,,,53.541,,,41.0473,,Apatite
4363,P228922a,0.6141,,,0.580066667,0.087566667,0.185933333,54.0593,0.156,,40.4642,,Apatite
4260,CFmap1_CF13_24,0.4061,,,0,,,54.057,,,41.0149,,Apatite
4282,CF13_bi14_ap_1,0.47,,,0,,,53.5921,,,41.5647,,Apatite
4310,PH12C3b,0.06085,,,0.3095375,0.229,0.136875,54.2355125,0.1033,,41.5031875,,Apatite
4283,CF13_bi57_ap_1,0.781,,,0,,,54.0916,,,41.098,,Apatite
4285,PH12C1,0.103285714,,,0.317371429,0.170442857,0.145128571,53.54125714,0.1306,,41.35461429,,Apatite
4308,PH12C3a,1.328433333,,,0.3735,0.1471,0.145766667,53.00576667,0.185733333,,40.44906667,,Apatite
4307,PH12C3a,0.06825,,,0.295825,0.18005,0.14445,53.99,0.109625,,41.393875,,Apatite
4306,PH12C2,0.3277,,,0.41825,0.13245,0.1649,53.07195,0.32555,,40.1501,,Apatite
4305,PH12C2,0.138166667,,,0.3356,0.227866667,0.157433333,53.37866667,0.205633333,,40.74416667,,Apatite
4304,PH12C2,0.084933333,,,0.308366667,0.1276,0.1431,53.43666667,0.104133333,,40.92643333,,Apatite
4303,PH12C2,0.13408,,,0.35526,0.18374,0.14362,53.6066,0.12618,,40.8529,,Apatite
4302,PH12C2,0.092873333,,,0.319113333,0.1687,0.14404,53.39298667,0.119066667,,40.96647333,,Apatite
4301,PH12C2,0.178816667,,,0.370666667,0.1751,0.1498,53.56908333,0.110733333,,40.79288333,,Apatite
4300,PH12C2,0.0569,,,0.3701,0.237,0.14965,53.626925,0.102925,,40.766925,,Apatite
4299,PH12C2,0.392725,,,0.371475,0.171425,0.1412,53.098875,0.23605,,40.26605,,Apatite
4298,PH12C2,0.334325,,,0.257625,0.24585,0.080325,53.818425,0.184,,40.9919,,Apatite
4297,PH12C1,0.0792125,,,0.3068,0.1787,0.1339,54.1739,0.0843375,,41.8966,,Apatite
4296,PH12C1,0.095266667,,,0.373216667,0.134883333,0.144,53.76445,0.10105,,41.6188,,Apatite
4295,PH12C1,1.069728571,,,0.374885714,0.160671429,0.152942857,53.0748,0.188614286,,40.87628571,,Apatite
4294,PH12C1,0.0653375,,,0.3135875,0.1885625,0.140375,53.908325,0.099275,,41.5310875,,Apatite
4293,PH12C1,0.11605,,,0.38765,0.196983333,0.148516667,55.1112,0.112066667,,41.88163333,,Apatite
4292,PH12C1,0.097225,,,0.3363375,0.186575,0.1386125,52.8008875,0.098925,,41.0949,,Apatite
4291,PH12C1,0.07538,,,0.34802,0.18063,0.15254,53.98553,0.10542,,42.03221,,Apatite
4290,PH12C1,0.208133333,,,0.381916667,0.164383333,0.14545,53.8491,0.1032,,41.87318333,,Apatite
7054,BT-19D_BTE 14-22,36.2694,4.9028,12.3793,21.2067,,11.3628,0,0.5343,9.6841,,,Biotite
7055,BT-19D_BTE 14-26,35.927,4.8093,12.5023,20.8875,,11.2382,0.0892,0.5782,9.6245,,,Biotite
7056,BT-19D_BTE 15-1,35.7624,4.8138,12.3683,20.8955,,11.1477,0.0208,0.5387,9.438,,,Biotite
7057,BT-19D_BTE 15-2,35.6057,4.8136,12.3098,20.8876,,11.1422,0,0.5435,9.63,,,Biotite
7058,BT-19D_BTE 15-5,36.3796,4.7926,12.2398,20.9266,,11.0868,0.0015,0.5268,9.6291,,,Biotite
7059,BT-19D_BTE 16-1,35.7398,4.8908,13.0146,21.0063,,10.786,0.0258,0.5283,9.4339,,,Biotite
7060,BT-19D_BTE 16-4,35.4268,4.8427,12.5676,20.93,,11.2075,0.0066,0.5667,9.6166,,,Biotite
7061,BT-19D_BTE 16-7,35.9753,4.7256,12.2934,20.8133,,11.3764,0.0076,0.6302,9.5096,,,Biotite
7062,BT-19D_BTE 21-1,37.2347,4.7827,12.7909,20.6728,0.1859,10.8676,0.0424,0.5196,9.4107,,,Biotite
7063,BT-19D_BTE 21-2,36.8409,4.7591,12.6262,20.3723,0.1913,11.0426,0.0561,0.5368,9.3532,,,Biotite
7064,BT-19D_BTE 21-3,36.9623,4.7096,12.9323,20.3407,0.1821,11.0043,0.0902,0.5164,9.2224,,,Biotite
7065,BT-19D_BTE 21-4,35.8941,4.6908,12.4751,20.7225,0.1752,10.921,0.6679,0.5375,9.1869,,,Biotite
7072,BT-19D_BTE 21-13,36.6539,4.8106,12.4923,20.7685,0.1924,10.9579,0.0263,0.5428,9.4457,,,Biotite
7067,BT-19D_BTE 21-8,36.3018,4.7382,12.5245,20.636,0.1974,11.0808,0.1759,0.5395,9.4325,,,Biotite
7068,BT-19D_BTE 21-9,36.9916,4.7312,12.6189,20.8912,0.1803,11.0393,0.0478,0.4992,9.4275,,,Biotite
7069,BT-19D_BTE 21-10,36.4498,4.6871,12.8245,20.6293,0.1964,11.2087,0.0356,0.5736,9.2851,,,Biotite
7070,BT-19D_BTE 21-11,36.847,4.7197,12.6919,20.8382,0.1778,10.9035,0.0414,0.5506,9.2177,,,Biotite
7073,BT-19D_BTE 21-15,36.7044,4.6546,12.941,20.5932,0.1911,11.0677,0.0775,0.5262,9.2813,,,Biotite
7074,BT-19D_BTE 21-16,35.9837,4.7306,12.4181,20.7041,0.1723,11.1299,0.0292,0.524,9.2838,,,Biotite
7071,BT-19D_BTE 21-12,36.8174,4.7482,12.5434,20.783,0.1762,11.1395,0.0336,0.5723,9.4749,,,Biotite
7066,BT-19D_BTE 21-7,36.6332,4.7248,12.5751,20.7524,0.1809,11.2626,0.038,0.591,9.5208,,,Biotite
7042,BT-19D_BTE 14-2,36.202,4.7965,12.4175,21.0391,,11.2662,0.0172,0.5732,9.6861,,,Biotite
7052,BT-19D_BTE 14-18,35.6822,4.7334,12.2561,20.5594,,11.0065,0.767,0.5345,9.3591,,,Biotite
7029,BT-19D_BTE 11-3,36.0536,4.6994,12.4849,20.6135,,11.2446,0.0923,0.5504,9.3897,,,Biotite
7030,BT-19D_BTE 11-5,35.6153,4.899,12.6526,21.0331,,11.0584,0.0232,0.5456,9.4848,,,Biotite
7031,BT-19D_BTE 11-6,35.6699,4.7714,12.3642,20.8006,,11.3621,0.082,0.5756,9.5076,,,Biotite
7032,BT-19D_BTE 11-8,35.9386,4.7396,12.4445,20.5673,,11.3252,0.0186,0.5562,9.5425,,,Biotite
7033,BT-19D_BTE 12-1,36.0271,4.7701,12.3544,20.6491,,11.3087,0.0182,0.5588,9.542,,,Biotite
7034,BT-19D_BTE 13-1,36.2876,4.858,12.4494,21.1617,,11.3608,0.0061,0.6107,9.6612,,,Biotite
7035,BT-19D_BTE 13-2,36.1163,4.816,12.3609,21.2134,,11.2715,0.0227,0.5817,9.7301,,,Biotite
7036,BT-19D_BTE 13-3,36.0914,4.787,12.4047,21.1177,,11.3372,0.0223,0.573,9.6787,,,Biotite
7037,BT-19D_BTE 13-4,35.8458,4.8315,12.5151,21.0384,,11.4222,0.041,0.5844,9.5481,,,Biotite
7038,BT-19D_BTE 13-5,35.947,4.8296,12.4742,21.0009,,11.2899,0.0126,0.5175,9.6803,,,Biotite
7053,BT-19D_BTE 14-21,35.8945,4.8374,12.388,21.1734,,11.2852,0.1344,0.5529,9.5896,,,Biotite
7039,BT-19D_BTE 13-6,35.7472,4.8875,12.2679,21.2749,,11.2318,0,0.566,9.7685,,,Biotite
7041,BT-19D_BTE 14-1,36.0809,4.8177,12.4108,21.1595,,11.3246,0.0146,0.6103,9.6297,,,Biotite
7043,BT-19D_BTE 14-3,36.0769,4.8236,12.452,21.0463,,11.1314,0.0065,0.5554,9.6647,,,Biotite
7044,BT-19D_BTE 14-4,35.761,4.7872,12.2913,20.8741,,11.1143,0.0212,0.5369,9.5615,,,Biotite
7045,BT-19D_BTE 14-6,36.3068,4.8293,12.5379,21.3861,,11.342,0.0046,0.5918,9.7579,,,Biotite
7046,BT-19D_BTE 14-7,36.0106,4.8036,12.462,21.3588,,11.2704,0.0066,0.5697,9.7026,,,Biotite
7047,BT-19D_BTE 14-8,35.8034,4.79,12.4207,21.1729,,11.138,0.0298,0.603,9.6353,,,Biotite
7048,BT-19D_BTE 14-9,36.1668,4.7513,12.572,21.0706,,11.1888,0.0328,0.5784,9.6539,,,Biotite
7049,BT-19D_BTE 14-11,36.0061,4.6865,12.5109,20.6808,,11.1292,0.0859,0.5575,9.43,,,Biotite
7050,BT-19D_BTE 14-16,36.1481,4.7345,12.3326,21.1732,,11.2759,0.0025,0.554,9.7219,,,Biotite
7051,BT-19D_BTE 14-17,35.8797,4.7575,12.3184,20.9004,,11.1927,0.1117,0.5741,9.6228,,,Biotite
7040,BT-19D_BTE 13-7,35.9176,4.8503,12.3462,21.1353,,11.3483,0.0106,0.5596,9.6488,,,Biotite
7075,BT-19D_BTE 21-18,36.149,4.7675,12.3306,20.8004,0.1773,11.4107,0.0292,0.5613,9.3752,,,Biotite
7099,BT-19D_BTE 24-16,36.2944,4.6491,12.4855,20.5677,0.1821,11.1206,0.1,0.5596,9.3385,,,Biotite
7077,BT-19D_BTE 21-21,36.2183,4.81,12.3931,20.7555,0.186,11.2598,0.0146,0.5629,9.4864,,,Biotite
7105,BT-19D_BTE 24-22,36.9976,4.8369,12.2983,20.8333,0.1885,11.1846,0.03,0.5415,9.4232,,,Biotite
7106,BT-19D_BTE 24-24,36.0606,4.7987,13.0596,20.4702,0.1885,10.656,0.1091,0.5294,9.0672,,,Biotite
7107,BT-19D_BTE 24-25,36.5191,4.9069,11.6341,20.7145,0.203,10.9717,0.0123,0.5607,9.4239,,,Biotite
7108,BT-4A_BTE 2-4,36.9914,4.6947,12.677,20.9196,0.2077,11.0296,0,0.5505,9.4493,,,Biotite
7109,BT-4A_BTE 3-1,37.7701,4.8089,12.2987,21.4028,0.2466,10.6224,0,0.5737,9.3905,,,Biotite
7110,BT-4A_BTE 3-2,37.9389,4.7091,12.0941,20.7531,0.2318,10.8229,0,0.5903,9.3307,,,Biotite
7111,BT-4A_BTE 3-3,37.4843,4.8104,12.3425,21.1635,0.1999,10.779,0.0101,0.5319,9.3681,,,Biotite
7112,BT-4A_BTE 3-4,36.8648,4.6188,12.3164,20.659,0.2624,10.6805,0.0788,0.4773,8.9892,,,Biotite
7113,BT-4A_BTE 4-1,37.2387,4.9866,12.6637,21.0101,0.2251,11.067,0.0062,0.5545,9.4254,,,Biotite
7114,BT-4A_BTE 4-2,37.0617,4.7756,12.5899,21.0143,0.2108,11.1906,0,0.5646,9.4808,,,Biotite
7115,BT-4A_BTE 4-3,37.6119,4.6966,12.4166,20.8117,0.2349,10.7411,0,0.5367,9.2988,,,Biotite
7116,BT-4A_BTE 4-4,37.1285,4.6684,12.2767,20.7524,0.2196,10.5787,0.018,0.5608,9.4389,,,Biotite
7117,BT-4A_BTE 4-5,37.3738,4.824,12.6383,20.824,0.2251,10.9688,0.0056,0.5394,9.4928,,,Biotite
7118,BT-4A_BTE 4-6,37.0184,4.792,12.3091,20.79,0.228,10.7337,0.0242,0.5743,9.4036,,,Biotite
7119,BT-4A_BTE 5-1,36.3672,4.7524,12.815,21.0651,0.201,11.4497,0.0198,0.4187,9.5929,,,Biotite
7120,BT-4A_BTE 5-2,36.5552,4.6815,12.5473,21.0313,0.1781,11.3652,0.0025,0.5757,9.1942,,,Biotite
7028,BT-19D_BTE 10-8,36.068,4.8378,12.2856,20.8963,,11.0667,0.0332,0.5629,9.4649,,,Biotite
7121,BT-4A_BTE 5-3,36.1723,4.8221,12.533,21.0952,0.1937,11.5052,0.0021,0.5494,9.5132,,,Biotite
7122,BT-4A_BTE 5-4,35.8948,4.7803,12.4125,21.1142,0.2028,11.2408,0,0.5501,9.5401,,,Biotite
7124,BT-4A_BTE 5-6,36.3941,4.7323,12.2764,20.6994,0.1915,11.1657,0.0097,0.5693,9.2487,,,Biotite
7123,BT-4A_BTE 5-5,36.0576,4.8139,12.1845,20.971,0.192,11.0945,0,0.5839,9.2703,,,Biotite
7104,BT-19D_BTE 24-21,38.6578,4.4413,12.4388,19.5476,0.2281,10.5656,0.113,0.6221,9.1336,,,Biotite
7103,BT-19D_BTE 24-20,36.792,4.688,11.9147,20.4138,0.1923,11.1552,0.0281,0.5147,9.5403,,,Biotite
7102,BT-19D_BTE 24-19,35.9749,4.6329,12.3631,20.7635,0.2026,11.1826,0.0669,0.5419,9.3969,,,Biotite
7101,BT-19D_BTE 24-18,36.8566,4.658,12.4312,20.544,0.1741,11.031,0.0719,0.5526,9.3584,,,Biotite
7078,BT-19D_BTE 21-22,36.4428,4.747,12.4083,20.8808,0.1971,11.2246,0.02,0.5521,9.4246,,,Biotite
7079,BT-19D_BTE 21-23,36.4879,4.8038,12.3621,20.9164,0.186,11.3465,0.0322,0.5641,9.4821,,,Biotite
7080,BT-19D_BTE 21-24,37.6846,4.6654,12.6757,20.4236,0.1699,11.0179,0.1873,0.5435,9.191,,,Biotite
7081,BT-19D_BTE 21-25,36.024,4.7744,12.3553,20.9073,0.1984,11.2809,0.0185,0.5785,9.4452,,,Biotite
7082,BT-19D_BTE 21-26,36.39,4.8106,11.6698,20.7993,0.1989,11.2442,0.0365,0.5813,9.469,,,Biotite
7083,BT-19D_BTE 21-27,36.1204,4.7365,12.0769,20.8168,0.1954,11.308,0.0068,0.5887,9.5056,,,Biotite
7084,BT-19D_BTE 21-29,36.3732,4.767,12.3716,20.6802,0.1856,11.0764,0.0551,0.5519,9.4578,,,Biotite
7085,BT-19D_BTE 21-32,36.0277,4.815,12.3076,20.7258,0.1855,11.2367,0.0394,0.5588,9.4243,,,Biotite
7086,BT-19D_BTE 22-6,36.2786,4.8757,12.7801,20.7736,0.2006,11.1618,0.0353,0.4965,9.2614,,,Biotite
7087,BT-19D_BTE 22-8,36.4259,4.809,12.183,20.503,0.201,11.217,0.0433,0.5392,9.3058,,,Biotite
7076,BT-19D_BTE 21-19,36.0656,4.7701,12.131,20.7545,0.2016,11.3265,0.0482,0.5601,9.5071,,,Biotite
7088,BT-19D_BTE 22-11,36.6392,4.7363,12.435,20.8153,0.1848,11.2645,0.0379,0.553,9.4443,,,Biotite
7090,BT-19D_BTE 23-4,36.4814,4.7933,12.1455,20.545,0.199,11.172,0.0501,0.539,9.3414,,,Biotite
7091,BT-19D_BTE 23-5,36.6703,4.8352,12.381,20.5192,0.1791,10.789,0.0857,0.5188,9.2602,,,Biotite
7092,BT-19D_BTE 24-2,35.7374,4.6056,12.3547,22.0473,0.1943,10.7582,0.1023,0.5359,9.0112,,,Biotite
7093,BT-19D_BTE 24-3,35.8421,4.8334,12.7511,20.7195,0.2001,10.8206,0.0681,0.5569,9.0719,,,Biotite
7094,BT-19D_BTE 24-5,36.0532,4.8498,12.7103,20.9893,0.2105,10.8786,0.0149,0.5195,9.2409,,,Biotite
7095,BT-19D_BTE 24-6,35.979,4.6736,12.4516,20.7873,0.2112,11.4444,0.0493,0.5713,9.3038,,,Biotite
7096,BT-19D_BTE 24-11,36.1058,4.7052,12.392,20.7826,0.1972,11.3337,0.0094,0.5862,9.3629,,,Biotite
7097,BT-19D_BTE 24-14,36.7438,4.6933,12.9384,19.8965,0.1837,10.4559,0.1654,0.5674,8.9401,,,Biotite
7098,BT-19D_BTE 24-15,36.5291,4.6845,12.5737,20.5074,0.1867,11.275,0.0389,0.5423,9.4003,,,Biotite
7100,BT-19D_BTE 24-17,36.4734,4.7384,12.3815,20.8872,0.1947,11.1145,0.0098,0.5558,9.442,,,Biotite
7089,BT-19D_BTE 23-2,36.0694,4.8129,12.0542,20.9983,0.217,11.4775,0.0375,0.5514,9.2648,,,Biotite
7027,BT-19D_BTE 10-7,36.2348,4.78,12.5375,21.0883,,11.3315,0.0771,0.5475,9.5111,,,Biotite
6975,BT-19D_BTE 3-14,36.1927,4.8392,12.3906,20.8224,,10.9827,0.0469,0.5262,9.4743,,,Biotite
7025,BT-19D_BTE 10-3,36.0548,4.836,12.4094,20.8747,,11.0091,0.0131,0.5576,9.5766,,,Biotite
8816,Cc63,,,,0.71297242,0.456575106,0.33878244,54.32394662,,,,,Calcite
8815,Cc62,,,,0.858603019,0.449989889,0.15438397,53.71865419,,,,,Calcite
8814,Cc61,,,,1.027133129,0.45141023,0.092033409,53.97344788,,,,,Calcite
8813,Cc60,,,,0.735357335,0.444825012,0.224030874,54.25678519,,,,,Calcite
8812,CG-4_112,0.001,,0.004291395,0.908,0.478,0.247,54.068,,,,,Calcite
8807,CG-4_105,0,,0.004291395,0.005,0.135,0,56.327,,,,,Calcite
8810,CG-4_110,0.004,,0.004291395,0.092,0.443,0.023,55.881,,,,,Calcite
8808,CG-4_107,0.03,,0.004291395,1.985,0.994,0.67,51.191,,,,,Calcite
8806,CG-4_104,0.024,,0.004291395,2.207,1.022,0.743,51.627,,,,,Calcite
8817,Cc64,,,,0.679137749,0.596672389,0.026034676,54.09937557,,,,,Calcite
8805,CG-4_103,0.01,,0.004291395,2.16,1.139,0.796,51.477,,,,,Calcite
8811,CG-4_111,0.222,,0.004291395,1.322,0.975,0.382,53.046,,,,,Calcite
8809,CG-4_109,0,,0.004291395,1.554,1.229,0.513,52.203,,,,,Calcite
8773,CG-2b_71,0,,0.004291395,0.529,1.216,0.476,53.599,,,,,Calcite
8819,Cc66,,,,0.742947623,0.37742337,0.129675902,54.45463158,,,,,Calcite
8820,Cc67,,,,0.765718485,0.333909283,0.065501255,54.47813808,,,,,Calcite
8821,Cc68,,,,0.803155326,0.279419833,0.0517377,54.17982938,,,,,Calcite
8822,Cc69,,,,0.739216804,0.341914842,0.125032775,54.70578736,,,,,Calcite
8823,Cc70,,,,0.79543639,0.52746304,0.11375661,54.69207524,,,,,Calcite
8824,Cc71,,,,0.877643062,0.435786477,0.060692302,53.59090754,,,,,Calcite
8825,Cc72,,,,0.622918163,0.611779653,0.052235178,54.72677531,,,,,Calcite
8826,Cc73,,,,0.652507419,0.648321157,0.087390282,54.44105937,,,,,Calcite
8827,Cc74,,,,1.121046855,0.342302208,0.013597729,54.75419957,,,,,Calcite
8804,CG-4_102,0.016,,0.004291395,0.039,0.266,0.022,55.784,,,,,Calcite
8828,Cc75,,,,0.803412624,0.281614906,0.063511343,53.4859678,,,,,Calcite
8829,Cc76,,,,0.855258147,0.338686794,0.010612862,54.91832532,,,,,Calcite
8830,Cc110,,,,1.543658619,0.335975234,0.187880815,53.88180051,,,,,Calcite
8818,Cc65,,,,0.996900629,0.613716482,0.027029632,54.1045526,,,,,Calcite
8803,CG-4_101,0.005,,0.004291395,0.003,0.06,0,57.053,,,,,Calcite
8781,CG-2c_79,0.015,,0.004291395,0.824,1.218,0.685,52.895,,,,,Calcite
8801,CG-4_99,0.051,,0.004291395,0.461,0.61,0.054,55.091,,,,,Calcite
8774,CG-2b_72,0.006,,0.004291395,0.555,1.199,0.418,54.044,,,,,Calcite
8772,CG-2b_70,0,,0.004291395,0.486,1.076,0.415,53.527,,,,,Calcite
8831,Cc111,,,,1.463381681,0.356118253,0.065335429,53.8689279,,,,,Calcite
8775,CG-2b_73,0,,0.004291395,0.128,0.548,0.144,55.258,,,,,Calcite
8776,CG-2c_74,0,,0.004291395,0.488,0.916,0.293,53.841,,,,,Calcite
8777,CG-2c_75,0.016,,0.004291395,0.656,1.146,0.547,53.456,,,,,Calcite
8778,CG-2c_76,0,,0.004291395,0.697,1.216,0.624,53.202,,,,,Calcite
8779,CG-2c_77,0.019,,0.004291395,0.797,1.235,0.624,53.095,,,,,Calcite
8780,CG-2c_78,0,,0.004291395,0.78,1.246,0.686,53.177,,,,,Calcite
8782,CG-3_80,0.002,,0.004291395,0.626,0.911,0.329,53.581,,,,,Calcite
8783,CG-3_81,0.014,,0.004291395,0.503,0.847,0.313,54.199,,,,,Calcite
8784,CG-3_82,0,,0.004291395,0.634,1.033,0.353,53.357,,,,,Calcite
8785,CG-3_83,0.011,,0.004291395,0.795,1.114,0.445,53.055,,,,,Calcite
8802,CG-4_100,0,,0.004291395,0.882,0.756,0.21,54.266,,,,,Calcite
8786,CG-3_84,0,,0.004291395,0.571,0.825,0.249,53.498,,,,,Calcite
8788,CG-3_86,0.015,,0.004291395,0.712,1.144,0.434,52.887,,,,,Calcite
8789,CG-3_87,0,,0.004291395,0.711,0.894,0.319,53.414,,,,,Calcite
8790,CG-3_88,0.011,,0.004291395,0.595,0.885,0.322,53.257,,,,,Calcite
8791,CG-3_89,0,,0.004291395,0.713,1.103,0.318,53.048,,,,,Calcite
8792,CG-3_90,0.001,,0.004291395,0.67,0.862,0.338,53.667,,,,,Calcite
8793,CG-3_91,0.005,,0.004291395,0.92,1.167,0.531,53.177,,,,,Calcite
8794,CG-3_92,0,,0.004291395,0.92,1.199,0.51,52.465,,,,,Calcite
8795,CG-3_93,0,,0.004291395,0.783,1.004,0.448,53.24,,,,,Calcite
8796,CG-3_94,0.001,,0.004291395,0.53,0.72,0.271,53.995,,,,,Calcite
8797,CG-4_95,0.055,,0.004291395,0.405,0.628,0.068,53.982,,,,,Calcite
8798,CG-4_96,0.102,,0.004291395,0.44,0.488,0.099,54.873,,,,,Calcite
8799,CG-4_97,0.009,,0.004291395,1.674,1.376,0.284,52.565,,,,,Calcite
8800,CG-4_98,0.059,,0.004291395,0.266,1.129,0,53.928,,,,,Calcite
8787,CG-3_85,0,,0.004291395,0.723,1.109,0.329,53.974,,,,,Calcite
8832,Cc112,,,,1.305272135,0.292719391,0.091535931,54.41475448,,,,,Calcite
8879,Cc20,,,,1.011823905,0.293235879,0.028853717,55.28715354,,,,,Calcite
8834,Cc115,,,,0.947370787,0.36399469,0.064506299,54.30421795,,,,,Calcite
8867,Cc6,,,,1.136613376,0.956406056,0.090375149,53.61119589,,,,,Calcite
8868,Cc8,,,,1.166717228,0.858402519,0.126691035,53.63917982,,,,,Calcite
8869,Cc9,,,,1.08528245,1.322854063,0.255703633,52.9870143,,,,,Calcite
8870,Cc10,,,,0.846252721,0.532111429,0.120223822,54.2590239,,,,,Calcite
8871,Cc11,,,,1.070359173,0.952015911,0.097505666,53.70871989,,,,,Calcite
8872,Cc12,,,,1.046945066,0.832836379,0.059365694,53.65415123,,,,,Calcite
8873,Cc14,,,,0.984035735,1.034653939,0.150569973,54.59245244,,,,,Calcite
8874,Cc15,,,,1.097761397,0.753684643,0.126691035,54.34521441,,,,,Calcite
8875,Cc16,,,,1.11551495,1.252740861,0.061355606,53.17982359,,,,,Calcite
8876,Cc17,,,,1.073446747,0.860855836,0.131499988,55.04831068,,,,,Calcite
8877,Cc18,,,,1.326241912,0.566845226,0.170966567,53.99625479,,,,,Calcite
8878,Cc19,,,,0.91186368,0.856853056,0.081586373,53.0866371,,,,,Calcite
8880,Cc35,,,,1.118731174,0.465613641,0.079762288,52.75740615,,,,,Calcite
8881,Cc36,,,,0.776139049,0.490017684,0.07147099,54.73489065,,,,,Calcite
8882,Cc37,,,,1.280957486,0.463805934,0.091701757,52.57872874,,,,,Calcite
8883,Cc39,,,,1.203253527,0.270639543,0.018406682,53.07922136,,,,,Calcite
8884,Cc40,,,,1.012981746,0.566328738,0.075782465,53.5756563,,,,,Calcite
8885,Cc41,,,,1.067271598,0.692997341,0.056712479,53.74034173,,,,,Calcite
8886,Cc42,,,,1.265390964,0.165276057,0.100324707,53.8034455,,,,,Calcite
8887,Cc43,,,,1.308102412,0.513517873,0.106626093,53.79183217,,,,,Calcite
8888,Cc44,,,,0.982234649,0.586213513,0.113590784,53.56194417,,,,,Calcite
8889,Cc45,,,,1.005134161,0.43255843,0.065998733,54.20823307,,,,,Calcite
8890,Cc21,,,,1.086697588,0.292332025,0.04311475,54.13183693,,,,,Calcite
8891,Cc22,,,,1.314534859,0.294914464,0.052235178,53.19395547,,,,,Calcite
8771,CG-2b_69,0.01,,0.004291395,0.538,1.168,0.446,53.375,,,,,Calcite
8893,Cc25,,,,1.013882288,0.118017434,0.022883983,54.09545782,,,,,Calcite
8892,Cc23,,,,0.951487553,0.338170307,0.097174014,53.90348805,,,,,Calcite
8866,Cc5,,,,1.52899264,1.103088556,0.332646879,52.6801705,,,,,Calcite
8865,Cc4,,,,1.191675122,0.660200373,0.065169603,52.62196392,,,,,Calcite
8864,Cc3,,,,1.166717228,1.101539093,0.069978556,52.65638415,,,,,Calcite
8863,Cc2,,,,0.980562213,0.922188747,0.20860906,53.26027739,,,,,Calcite
8835,Cc116,,,,0.824639699,0.316348702,0.065501255,54.93105801,,,,,Calcite
8836,Cc117,,,,0.983649788,0.292590269,0.067988644,55.34508028,,,,,Calcite
8837,Cc118,,,,1.037167746,0.250367401,0.027858762,55.38467754,,,,,Calcite
8838,Cc119,,,,0.962422713,0.31079646,0.049581963,53.57033935,,,,,Calcite
8839,Cc120,,,,1.000116852,0.489888562,0.08540037,54.17423259,,,,,Calcite
8840,Cc121,,,,0.699850228,0.446116231,0.060692302,53.18388126,,,,,Calcite
10031,Chlorite_4_602,24.44,0.0982,21.87,27.28,0.2864,11.14,0.0147,0,0.0526,,,Chlorite
10034,Chlorite_4_605,24.51,0.0533,21.07,25.88,0.2469,11.99,0.0354,0.0676,0.0706,,,Chlorite
10033,Chlorite_4_604,24.33,0.0075,21.67,26.95,0.2832,10.98,0.0398,0.0805,0.1115,,,Chlorite
10030,Chlorite_4_601,24.57,0.0692,21.92,26.57,0.3064,11.4,0.032,0,0.105,,,Chlorite
10035,Chlorite_4_606,24.74,0,21.85,26.35,0.3249,11.14,0.0533,0,0.1623,,,Chlorite
10032,Chlorite_4_603,24.74,0.0466,22.28,27.17,0.3006,11.63,0.0223,0.0412,0.0687,,,Chlorite
10029,Chlorite_4_600,26.25,0.0704,22,25.03,0.2282,11.27,0.0643,0.0255,0.2518,,,Chlorite
10025,Chlorite_4_596,26.26,0.0001,21.3,25.48,0.2417,10.8,0.0916,0.1125,0.4167,,,Chlorite
10027,Chlorite_4_598,25.68,0.0608,22.53,25.48,0.2127,10.85,0.0614,0.0498,0.159,,,Chlorite
10026,Chlorite_4_597,24.26,0.0483,21.97,27.38,0.231,10.98,0.0687,0,0.1842,,,Chlorite
10036,Chlorite_4_607,24.67,0.0044,22.27,27.17,0.3002,11.48,0.0265,0.0336,0.0759,,,Chlorite
10024,Chlorite_4_595,24.22,0.0142,21.23,26.3,0.3001,10.38,0.0588,0,0.1867,,,Chlorite
10023,Chlorite_4_594,25.37,0,21.67,26.72,0.2915,10.86,0.0662,0.0553,0.2563,,,Chlorite
10022,Chlorite_4_593,25.25,0.0227,21.6,26.11,0.2712,10.82,0.0371,0,0.1656,,,Chlorite
10021,Chlorite_4_592,25.53,0,22.97,26.38,0.2672,11,0.0389,0,0.1801,,,Chlorite
10020,Chlorite_4_591,24.84,0.027,21.99,27.27,0.2853,11.32,0.03,0.022,0.0719,,,Chlorite
10028,Chlorite_4_599,25.11,0.0262,22.45,26.8,0.3113,11.15,0.0385,0.04,0.0447,,,Chlorite
10056,Chlorite_4_627,25.5,0.0111,21.8,26.56,0.228,10.64,0.0671,0.0443,0.1287,,,Chlorite
10043,Chlorite_4_614,24.49,0.0649,22.04,27.32,0.2301,10.46,0.0571,0,0.1061,,,Chlorite
10038,Chlorite_4_609,24.2,0,22.36,26.57,0.2571,11.43,0.0135,0.0236,0.0265,,,Chlorite
10019,Chlorite_4_590,24.24,0.0131,21.66,28.06,0.2446,10.55,0.0638,0.0486,0.1797,,,Chlorite
10055,Chlorite_4_626,25.16,0.0005,22.34,27.2,0.2958,10.76,0.0673,0.0324,0.0849,,,Chlorite
10057,Chlorite_4_628,24.77,0.0734,20.93,26.86,0.2348,9.47,0.1557,0.0971,0.1616,,,Chlorite
10054,Chlorite_4_625,25.99,0.0781,22.12,25.36,0.2495,9.99,0.1202,0.0649,0.1651,,,Chlorite
10053,Chlorite_4_624,26.49,0,22.86,25.41,0.2276,8.89,0.1157,0.0374,0.1394,,,Chlorite
10052,Chlorite_4_623,26.16,0.0777,22.23,26.19,0.259,10.57,0.0728,0.0697,0.1356,,,Chlorite
10051,Chlorite_4_622,25.48,0.0728,21.15,26.37,0.2314,10.08,0.1328,0.0277,0.1713,,,Chlorite
10049,Chlorite_4_620,25.83,0.0699,21.8,26.33,0.2213,10.49,0.1081,0.0796,0.1188,,,Chlorite
10048,Chlorite_4_619,25.89,0.0154,21.64,25.99,0.2551,10.51,0.1353,0,0.1305,,,Chlorite
10047,Chlorite_4_618,25.23,0.0532,21.8,27.04,0.2594,11,0.0371,0.0292,0.0406,,,Chlorite
10046,Chlorite_4_617,25.23,0.0203,23.1,27.31,0.194,9.71,0.0358,0.0297,0.4994,,,Chlorite
10045,Chlorite_4_616,24.86,0.2244,23.06,26.74,0.211,9.11,0.0785,0,0.3813,,,Chlorite
10044,Chlorite_4_615,24.55,0.076,22.38,27.58,0.2634,9.87,0.0744,0.0774,0.2097,,,Chlorite
10042,Chlorite_4_613,25.17,0.0469,21.18,25.98,0.255,10.58,0.1103,0.131,0.3228,,,Chlorite
10041,Chlorite_4_612,26.49,0,21.57,24.83,0.2393,11.22,0.126,0.174,0.5488,,,Chlorite
10040,Chlorite_4_611,25.31,0.0657,20.77,25.81,0.2524,11.21,0.147,0.0319,0.3956,,,Chlorite
10039,Chlorite_4_610,25.61,0.0332,21.11,25.54,0.2501,10.55,0.1654,0.1187,0.4,,,Chlorite
10037,Chlorite_4_608,24.08,0.0399,21.33,26.43,0.2911,10.84,0.0246,0.0312,0.042,,,Chlorite
10050,Chlorite_4_621,25.78,0.0455,21.79,26.44,0.2569,10.85,0.0935,0.0225,0.1081,,,Chlorite
9991,Chlorite_3_562,24.44,0.0261,22.75,29.41,0.1904,10.3,0.0191,0.0493,0.0223,,,Chlorite
10017,Chlorite_4_588,25.17,0,21.74,27.66,0.2811,10.93,0.0788,0.0689,0.1952,,,Chlorite
9995,Chlorite_4_566,24.82,0.0369,22.4,27.95,0.4001,11.4,0.0064,0.0196,0.059,,,Chlorite
9994,Chlorite_4_565,25.23,0,21.75,27.82,0.2785,10.56,0.0546,0.0843,0.1133,,,Chlorite
9993,Chlorite_3_564,23.95,0.0192,22.11,29.5,0.2146,10.38,0.0005,0.0289,0.0038,,,Chlorite
9992,Chlorite_3_563,24.94,0.0531,23.4,28.95,0.2116,10.23,0.0475,0.0976,0.049,,,Chlorite
9990,Chlorite_3_561,24.52,0.0326,22.06,28.63,0.2725,9.45,0.0369,0.0365,0.0199,,,Chlorite
9989,Chlorite_3_560,23.99,0,22.32,28.85,0.2071,9.97,0.0512,0.1013,0.0275,,,Chlorite
9988,Chlorite_3_559,24.09,0.0396,22.48,29.59,0.2568,9.39,0.0509,0.04,0.0352,,,Chlorite
9987,Chlorite_3_558,24.21,0.0113,22.52,29.45,0.2045,9.13,0.0897,0.1573,0.1076,,,Chlorite
9986,Chlorite_3_557,24.49,0,22.62,29.63,0.2509,10.11,0.0487,0.0487,0.0348,,,Chlorite
9985,Chlorite_3_556,23.39,0.0128,21.38,29.05,0.2042,9.19,0.073,0.1294,0.0972,,,Chlorite
9984,Chlorite_3_555,23.95,0.0003,22.4,29.64,0.2352,9.15,0.0877,0.0678,0.0811,,,Chlorite
9983,Chlorite_3_554,24.51,0,21.41,29.53,0.2075,8.77,0.1015,0.1548,0.0465,,,Chlorite
9982,Chlorite_3_553,23.77,0.0311,22.53,30.14,0.1131,9.56,0.0383,0.1356,0.0856,,,Chlorite
10058,Chlorite_4_629,25.98,0.0668,22.55,26.85,0.265,11.15,0.0859,0.005,0.0762,,,Chlorite
9981,Chlorite_3_552,25.16,0.0305,23,30.02,0.2097,9.9,0.0195,0.1677,0.1005,,,Chlorite
9979,Chlorite_3_550,25.44,0.0265,23.43,30.1,0.2216,9.98,0.0415,0.1235,0.0858,,,Chlorite
9980,Chlorite_3_551,24.22,0.0154,21.66,29.91,0.2613,9.97,0.045,0.0708,0.0499,,,Chlorite
9996,Chlorite_4_567,25.21,0,22.4,27.64,0.272,10.77,0.0795,0.0465,0.0375,,,Chlorite
10018,Chlorite_4_589,25.84,0.0731,21.49,25.47,0.2204,11.11,0.1246,0.0096,0.2578,,,Chlorite
9997,Chlorite_4_568,23.94,0.0074,21.72,28.07,0.287,11.09,0.0432,0,0.0299,,,Chlorite
9999,Chlorite_4_570,24.91,0,22.34,26.61,0.3231,11.62,0.0784,0.0537,0.0396,,,Chlorite
10016,Chlorite_4_587,25.52,0.0387,22.16,26.02,0.2523,11.72,0.0632,0,0.1852,,,Chlorite
10015,Chlorite_4_586,25.27,0,20.98,26.69,0.2188,10.05,0.0831,0.0319,0.4184,,,Chlorite
10014,Chlorite_4_585,25.4,0.0277,21.5,26.54,0.2758,10.99,0.0283,0.002,0.2396,,,Chlorite
10013,Chlorite_4_584,26.03,0,21.64,25.91,0.231,11.34,0.0402,0.0619,0.2763,,,Chlorite
10012,Chlorite_4_583,24.83,0.0574,21.24,26.64,0.2744,10.3,0.0527,0.0333,0.362,,,Chlorite
10011,Chlorite_4_582,25.22,0.0304,21.58,27.38,0.2544,10.6,0.0342,0.0615,0.344,,,Chlorite
10010,Chlorite_4_581,24.48,0,21.59,27.07,0.2681,11.48,0.0411,0.1121,0.0719,,,Chlorite
10009,Chlorite_4_580,23.59,0.0464,20.26,25.87,0.2559,9.91,0.0535,0,0.1863,,,Chlorite
10008,Chlorite_4_579,26.05,0,21.99,26.41,0.2304,10.48,0.0757,0.0438,0.5325,,,Chlorite
10007,Chlorite_4_578,25.81,0,20.41,25.11,0.3046,10.55,0.0817,0.0427,0.7508,,,Chlorite
10006,Chlorite_4_577,24.79,0.0906,22.7,27.01,0.3278,11.78,0.0206,0,0.0386,,,Chlorite
10005,Chlorite_4_576,24.07,0.0393,21.21,26.46,0.2625,11.99,0.0178,0,0.0213,,,Chlorite
10004,Chlorite_4_575,24.88,0.0367,22.31,27.77,0.2882,11.35,0.0183,0,0.0336,,,Chlorite
10003,Chlorite_4_574,24.27,0.0535,21.47,27.11,0.239,11.53,0.0654,0.0332,0.0344,,,Chlorite
10002,Chlorite_4_573,23.51,0.096,21.33,27.85,0.4591,9.1,0.0373,0.0289,0.331,,,Chlorite
10001,Chlorite_4_572,24.72,0.0042,21.66,26.78,0.2636,11.34,0.0624,0.0248,0.0357,,,Chlorite
10000,Chlorite_4_571,24.65,0.0774,21.73,26.75,0.2143,11.65,0.0631,0,0.0525,,,Chlorite
9998,Chlorite_4_569,25.18,0.0257,22.32,26.67,0.251,10.58,0.0599,0.0282,0.0589,,,Chlorite
10059,Chlorite_4_630,25.62,0,22.05,26.51,0.2749,10.79,0.0647,0.072,0.1062,,,Chlorite
10119,Chlorite_4_690,27.45,0.0037,24.01,25.58,0.277,10.38,0.0991,0.0399,0.8156,,,Chlorite
10061,Chlorite_4_632,25.26,0,21.82,26.54,0.2279,10.13,0.0973,0.0465,0.1482,,,Chlorite
10120,Chlorite_4_691,26.46,0,21.81,24.96,0.2732,11.37,0.1253,0.1087,0.1792,,,Chlorite
10118,Chlorite_4_689,26.79,0,22.08,26.23,0.2321,10.12,0.2791,0.108,0.1404,,,Chlorite
10117,Chlorite_4_688,26.47,0,21.72,24.88,0.2243,11.14,0.154,0.1018,0.4406,,,Chlorite
10116,Chlorite_4_687,25.88,0.0393,22.44,26.83,0.2644,10.26,0.1589,0.0991,0.0814,,,Chlorite
10115,Chlorite_4_686,27.16,0.006,22.51,25.94,0.2278,10.33,0.1725,0.1597,0.1337,,,Chlorite
10114,Chlorite_4_685,26.41,0.0235,21.76,25.35,0.1989,10.85,0.1975,0.1256,0.1519,,,Chlorite
10113,Chlorite_4_684,25.93,0.0225,21.74,25.42,0.265,9.98,0.1515,0.06,0.1911,,,Chlorite
10121,Chlorite_4_692,25.82,0.013,22.57,26.16,0.2413,10.99,0.1164,0.0209,0.1156,,,Chlorite
10112,Chlorite_4_683,27.01,0.0315,22.21,25.14,0.2454,10.14,0.1644,0.1259,0.1855,,,Chlorite
10110,Chlorite_4_681,26.64,0.0669,22.96,24.33,0.2474,10.19,0.1848,0.0643,0.4258,,,Chlorite
10109,Chlorite_4_680,25.06,0,21.9,27.53,0.2606,11.05,0.0473,0.0354,0.074,,,Chlorite
10108,Chlorite_4_679,24.57,0,21.4,27.62,0.2509,10.26,0.0763,0.0595,0.0781,,,Chlorite
10107,Chlorite_4_678,24.94,0.0303,22.13,27.44,0.3031,10.2,0.072,0.0609,0.1021,,,Chlorite
10106,Chlorite_4_677,25.5,0.021,22.58,27.96,0.2871,10.47,0.055,0.0684,0.0633,,,Chlorite
10105,Chlorite_4_676,26.16,0,22.12,26.59,0.1907,11.14,0.0911,0.0953,0.0859,,,Chlorite
10104,Chlorite_4_675,24.51,0.0328,22.04,27.27,0.287,10.95,0.0907,0.0091,0.106,,,Chlorite
10111,Chlorite_4_682,27.35,0.0601,22.61,24.22,0.1874,10.19,0.1846,0.0275,0.2571,,,Chlorite
17741,27_C_1_485,48.16,1.2583,5.24,8.76,0.2235,13.29,21.86,0.4007,,0.0286,0.0116,Clinopyroxene
17742,27_C_1_486,48.51,1.203,5.23,9.03,0.241,12.97,21.15,0.382,,,,Clinopyroxene
17743,27_C_1_487,48.03,1.1053,5.45,8.73,0.2152,13.07,21.95,0.3731,0.0073,0.0228,0.069,Clinopyroxene
17744,27_C_1_488,48.46,1.2396,5.37,8.63,0.1892,12.98,20.85,0.3662,0.0245,0.0292,,Clinopyroxene
17745,27_C_1_489,48.85,1.2208,5.45,8.81,0.2092,13.06,21.08,0.296,,0.0266,,Clinopyroxene
17746,27_C_1_490,47.89,1.1931,5.1,8.78,0.2583,12.95,21.34,0.4083,,0.0526,0.0284,Clinopyroxene
17747,27_C_1_491,48.11,1.251,5.2,9.06,0.2266,13.21,21.48,0.3983,0.0093,0.0424,0.0961,Clinopyroxene
17748,27_C_1_492,48.39,1.094,5.47,8.71,0.1807,13.28,21.38,0.3214,0.0026,0.0011,0.0335,Clinopyroxene
17752,27_C_1_499,48.64,1.1946,5.18,8.59,0.1748,13.12,21.59,0.3053,,0.0239,0.0388,Clinopyroxene
17750,27_C_1_497,48.55,1.2718,5.14,8.75,0.2351,13.22,21.22,0.3261,0.0014,,,Clinopyroxene
17751,27_C_1_498,48.51,1.0772,5.28,8.86,0.2116,13.07,21.39,0.3723,,,0.0892,Clinopyroxene
17753,27_C_1_500,48.08,1.1799,5.23,8.81,0.2224,12.92,21.1,0.3752,0.0078,0.0459,0.0085,Clinopyroxene
17757,27_C_1_505,48.1,1.0754,5.12,8.74,0.2352,13.14,21.43,0.2993,0.0162,,,Clinopyroxene
17754,27_C_1_501,48.13,1.1711,5.16,8.95,0.1852,13.17,21.44,0.389,0.008,0.029,0.0201,Clinopyroxene
17755,27_C_1_502,48.1,1.0101,5.17,8.43,0.1775,13.57,21.37,0.3686,0.0008,,0.0726,Clinopyroxene
17756,27_C_1_504,48.75,1.0635,5.18,8.62,0.2413,13.26,21.47,0.3821,0.0263,0.0484,0.0427,Clinopyroxene
17740,27_C_1_484,48.1,1.2002,5.3,8.58,0.1835,13.06,21.32,0.389,,0.0631,,Clinopyroxene
17749,27_C_1_495,47.87,1.137,5.23,8.56,0.218,13.04,21.63,0.2231,,0.0239,0.0725,Clinopyroxene
17739,27_C_1_483,47.88,1.1674,5.1,8.64,0.1407,12.95,21.63,0.3892,0.0095,0.0377,0.0523,Clinopyroxene
17722,27_C_1_466,48.07,1.2381,5.06,8.63,0.1749,13.22,21.45,0.3246,,0.0191,0.0254,Clinopyroxene
17737,27_C_1_481,47.56,1.1635,5.2,8.74,0.161,12.67,21.51,0.378,0.0219,0.0531,0.026,Clinopyroxene
17721,27_C_1_465,47.89,1.2147,5.14,8.62,0.2525,13.18,21.85,0.3895,0.0061,0.0133,0.0792,Clinopyroxene
17720,27_C_1_464,48.42,1.0864,4.93,8.77,0.175,13.18,21.64,0.3978,0.0032,,0.1035,Clinopyroxene
17758,27_C_1_506,49.03,1.0806,4.71,8.52,0.2438,13.34,21.26,0.4004,,0.0244,0.0129,Clinopyroxene
17723,27_C_1_467,48.57,1.0387,5.09,8.72,0.155,13.29,21.19,0.3761,0.0041,0.0457,0.0049,Clinopyroxene
17724,27_C_1_468,48.02,1.1657,5.48,8.92,0.1749,12.95,21.24,0.4055,,0.0292,,Clinopyroxene
17725,27_C_1_469,48.18,1.1777,5.36,8.64,0.2181,13.03,21.44,0.3675,0.0318,0.0478,0.0252,Clinopyroxene
17726,27_C_1_470,48.23,1.2047,5.07,8.61,0.198,13.22,21.98,0.3433,0.0097,0.0393,0.0324,Clinopyroxene
17727,27_C_1_471,47.8,1.1183,4.94,8.66,0.2066,13.2,21.24,0.3931,,0.0218,,Clinopyroxene
17728,27_C_1_472,47.92,1.333,5.02,8.52,0.2067,13.1,21.48,0.358,,0.0372,,Clinopyroxene
17729,27_C_1_473,48.36,1.2191,5.21,8.95,0.2611,13.43,21.19,0.3173,0.003,0.0176,0.0791,Clinopyroxene
17730,27_C_1_474,48.63,1.2437,5.03,8.9,0.1664,13.18,21.58,0.3598,,0.018,0.0533,Clinopyroxene
17731,27_C_1_475,48.67,1.1849,5.23,8.57,0.1408,13.3,21.78,0.3575,0.0253,0.0208,0.0903,Clinopyroxene
17732,27_C_1_476,48.03,1.0914,5.11,8.77,0.1811,13.42,21.38,0.3158,,0.0495,0.0693,Clinopyroxene
17733,27_C_1_477,47.97,1.1959,5.11,8.49,0.2559,13.05,21.61,0.3507,,0.0303,0.0566,Clinopyroxene
17734,27_C_1_478,48.25,1.1897,5.15,8.93,0.1954,13.2,21.39,0.3842,0.002,0.0378,,Clinopyroxene
17735,27_C_1_479,48.36,1.1611,5.28,8.66,0.1697,12.84,21.15,0.4068,,,,Clinopyroxene
17736,27_C_1_480,48.45,1.2036,5.31,8.47,0.2099,13.11,21.27,0.2834,,0.0484,0.0225,Clinopyroxene
17738,27_C_1_482,48.66,1.2469,5.25,8.72,0.2382,13.15,21.27,0.4311,,0.0468,,Clinopyroxene
17759,27_C_1_507,48,1.2374,5.08,8.71,0.2293,13.21,21.51,0.3632,,0.0159,,Clinopyroxene
17796,27_C_1_548,49.4,0.8862,3.71,8.45,0.1865,13.76,20.95,0.3252,0.032,0.0441,,Clinopyroxene
17761,27_C_1_509,48.48,1.1726,5.15,8.38,0.1579,13.28,21.29,0.3327,0.0077,0.0553,0.0435,Clinopyroxene
17783,27_C_1_535,48.24,1.208,5.16,8.73,0.1868,12.93,20.93,0.3808,0.0089,0.0383,,Clinopyroxene
17784,27_C_1_536,48.48,1.2126,5.2,8.76,0.2573,13.26,21.2,0.3045,0.0041,0.0096,0.0301,Clinopyroxene
17785,27_C_1_537,48,1.2533,4.95,8.79,0.181,13.01,21.07,0.3594,0.0093,0.0543,,Clinopyroxene
17786,27_C_1_538,47.94,1.2081,4.95,8.65,0.1953,13.23,21.44,0.3187,0.0223,0.0096,0.0158,Clinopyroxene
17787,27_C_1_539,48.24,1.1516,5.1,8.85,0.181,13.39,21.36,0.2863,0.0091,0.0255,0.0723,Clinopyroxene
17788,27_C_1_540,48.96,1.2659,4.97,8.94,0.2384,13.17,21.07,0.3992,0.0195,0.0644,0.0191,Clinopyroxene
17789,27_C_1_541,48.47,1.2143,5.15,8.9,0.1985,12.98,21.16,0.3561,0.0075,0.0373,,Clinopyroxene
17790,27_C_1_542,47.74,1.3316,5.11,8.83,0.198,13.05,21.24,0.3702,0.0038,0.0186,,Clinopyroxene
17791,27_C_1_543,48.1,1.1723,5.03,8.87,0.283,12.99,21.1,0.3526,0.0198,0.0079,0.0194,Clinopyroxene
17799,27_C_1_551,50.1,0.8044,3.21,8.31,0.2499,14.26,21.16,0.3399,0.0105,0.0538,0.0893,Clinopyroxene
17792,27_C_1_544,47.89,1.2557,4.85,9.18,0.2552,12.85,20.97,0.3426,0.017,0.034,0.0382,Clinopyroxene
17793,27_C_1_545,48.95,0.9109,4.35,8.59,0.0861,13.54,21.14,0.3286,0.0274,,0.0097,Clinopyroxene
17794,27_C_1_546,50.57,0.7469,3.47,8.29,0.2128,14.31,21.25,0.2756,0.0136,0.0624,0.0655,Clinopyroxene
17795,27_C_1_547,49.37,0.9094,3.63,8.12,0.2472,13.7,21.1,0.3202,0.0047,0.0282,0.0525,Clinopyroxene
17798,27_C_1_550,49.4,0.9126,3.74,8.46,0.1836,14.12,20.83,0.3381,,,0.0395,Clinopyroxene
17719,27_C_1_463,48.05,1.2436,5.01,8.47,0.2065,13.19,21.32,0.2678,0.0121,0.0117,,Clinopyroxene
17797,27_C_1_549,49.59,0.8249,3.71,8.31,0.2266,14.04,21.1,0.2468,0.0146,0.0399,0.0767,Clinopyroxene
17782,27_C_1_534,48.21,1.2519,4.98,8.71,0.1722,12.89,21.01,0.3813,,0.0298,,Clinopyroxene
17760,27_C_1_508,48.52,1.2138,5.23,8.88,0.2409,13.14,21.18,0.4273,,0.0255,,Clinopyroxene
17781,27_C_1_533,48.12,1.2476,5.14,8.92,0.2437,12.95,20.91,0.3646,,0.0404,,Clinopyroxene
17779,27_C_1_531,48.71,1.1973,5.31,8.94,0.261,12.85,21.15,0.3767,,0.0212,0.0262,Clinopyroxene
17762,27_C_1_510,47.86,1.1962,5.03,8.76,0.1751,13.13,20.91,0.2708,0.0126,0.0553,,Clinopyroxene
17763,27_C_1_511,47.9,1.2911,5.04,8.77,0.1922,13.18,21.09,0.3034,,0.0939,0.0791,Clinopyroxene
17764,27_C_1_512,48.57,1.1888,4.86,8.36,0.178,13.36,21.14,0.317,,0.0085,,Clinopyroxene
17765,27_C_1_514,48.38,1.0907,5.35,8.74,0.215,13.19,21.01,0.3295,,,,Clinopyroxene
17766,27_C_1_515,47.54,1.1991,5.06,8.63,0.155,13.02,21.11,0.2902,0.0142,0.0143,,Clinopyroxene
17767,27_C_1_516,49.04,0.9591,4.73,8.67,0.1895,13.31,21.61,0.3344,0.0117,0.0266,0.0465,Clinopyroxene
17768,27_C_1_517,48.77,1.0279,4.6,8.86,0.2124,13.46,21.44,0.3252,0.0176,0.0287,,Clinopyroxene
17769,27_C_1_518,48.5,1.0246,4.62,8.46,0.1778,13.51,21.53,0.3909,,0.0467,0.0404,Clinopyroxene
17770,27_C_1_519,48.45,1.0719,4.73,8.61,0.2121,13.28,21.05,0.4115,0.0129,0.0207,0.0666,Clinopyroxene
17771,27_C_1_520,48.55,1.1809,4.92,8.75,0.2125,13.11,21.23,0.3288,0.0036,0.0229,,Clinopyroxene
17772,27_C_1_521,47.16,1.2814,5.19,8.74,0.132,13.11,21.54,0.37,,0.0419,0.0529,Clinopyroxene
17773,27_C_1_522,47.84,1.2683,5.2,8.95,0.1952,12.99,21.33,0.3527,0.0071,0.0361,0.0526,Clinopyroxene
17774,27_C_1_526,47.86,1.1929,5.27,8.8,0.2237,12.65,21.58,0.4189,0.0049,0.034,0.0456,Clinopyroxene
17775,27_C_1_527,48.24,1.2106,5.12,8.65,0.2494,12.91,20.96,0.3463,0.0144,0.0526,,Clinopyroxene
17776,27_C_1_528,48.87,1.1256,4.78,8.86,0.1836,13.37,20.94,0.3862,,,0.0289,Clinopyroxene
17777,27_C_1_529,47.9,1.16,4.68,8.54,0.172,13.23,20.96,0.3049,0.0143,0.0462,,Clinopyroxene
17778,27_C_1_530,48.03,1.2766,5.02,9.04,0.1666,13.1,21.34,0.2784,,0.0457,0.0719,Clinopyroxene
17780,27_C_1_532,48.23,1.1993,5.21,9,0.2063,13.17,21.31,0.3777,0.0192,0.0796,0.0128,Clinopyroxene
17718,27_C_1_462,48.37,1.0634,4.63,8.25,0.2009,13.25,21.67,0.3645,,,,Clinopyroxene
17638,27_C_1_378,50.88,0.7372,3.32,8.44,0.2583,13.94,21.33,0.3801,0.027,0.0128,,Clinopyroxene
17716,27_C_1_460,48.9,1.0127,4.2,8.38,0.2441,13.64,21.43,0.3831,,0.0223,0.0056,Clinopyroxene
17656,27_C_1_396,50.86,0.8179,3.12,7.94,0.247,14.35,21.29,0.3466,0.0071,0.0239,0.0584,Clinopyroxene
17657,27_C_1_397,50.16,0.7984,3.43,8.22,0.2123,14.07,21.44,0.2976,0.0101,0.0319,0.0268,Clinopyroxene
17658,27_C_1_398,50.5,0.8254,3.15,8.12,0.2755,14.14,21.01,0.3159,0.0083,0.0303,0.0061,Clinopyroxene
17659,27_C_1_399,49.19,0.8594,3.42,8.09,0.2351,14.19,21.2,0.3531,0.0137,0.0095,0.0623,Clinopyroxene
17660,27_C_1_400,49.44,0.9601,3.68,8.35,0.215,14,20.99,0.2797,0.0107,0.059,0.03,Clinopyroxene
17661,27_C_1_402,49.78,0.8592,3.86,8.12,0.2179,13.71,21.27,0.2668,0.037,0.0191,0.0491,Clinopyroxene
17662,27_C_1_403,49.95,0.6988,3.8,8.36,0.2608,13.92,21.19,0.3848,,0.0983,0.0324,Clinopyroxene
17663,27_C_1_404,49.91,1.0248,4.16,8.1,0.172,13.81,21.25,0.3326,,0.0292,0.0169,Clinopyroxene
17664,27_C_1_405,49.33,0.9563,4.05,8.48,0.2862,13.61,21.52,0.3437,0.0268,0.0095,,Clinopyroxene
17665,27_C_1_406,49.83,0.9247,4.31,8.28,0.2148,13.6,21.38,0.2925,0.0152,0.0557,0.0228,Clinopyroxene
17666,27_C_1_407,49.04,1.0827,4.53,8.43,0.2206,13.36,21.48,0.3708,0.0154,0.0435,,Clinopyroxene
17667,27_C_1_408,47.26,1.1316,5.69,8.56,0.2289,12.89,21.53,0.326,0.0325,0.0275,0.0162,Clinopyroxene
17668,27_C_1_409,48.25,1.2788,5.34,9.1,0.2091,12.88,21.35,0.3861,0.0065,0.0451,0.0196,Clinopyroxene
17669,27_C_1_410,48.23,1.2317,5.19,8.86,0.2035,13.09,21.21,0.3396,,0.0133,0.0194,Clinopyroxene
17670,27_C_1_411,48.37,1.3006,5.48,8.92,0.2751,12.72,21.17,0.4793,,0.0945,,Clinopyroxene
17671,27_C_1_414,47.79,1.167,5.38,8.93,0.112,12.95,21.43,0.3579,,0.008,0.0068,Clinopyroxene
22229,PAI-4A-3b,37,0.07,21.87,13.29116863,0.021,0.057,23.2,,,0.212,,Epidote
22228,PAI-4A-1j,37.22,0.05,22.28,13.01220707,0.074,0.244,23,,,0.408,,Epidote
22227,PAI-4A-1i,37.16,0.055,23.08,12.26530998,0.023,0.094,23.2,,,0.33,,Epidote
22226,PAI-4A-1g,37.72,0.032,25.3,8.908772475,0.11,0.041,23.65,,,0.203,,Epidote
22225,PAI-4A-1f,37.6,0.02,25.64,8.764792313,0.097,0.149,23.44,,,0.218,,Epidote
22224,PAI-4A-1e,36.65,0.057,22.47,13.05720087,0.055,0.044,22.75,,,0.371,,Epidote
22217,KPG-1-a_53,35.28,0.6543,20.16,16.41075372,0.016,0.044,22.88,0.0091,,0.0282,,Epidote
22214,SE-3A_38,35.22,0.6579,22.32,13.48061914,0.0435,0.0504,22.32,0,,0.0616,,Epidote
22222,REG20_epidote_6,36.9456,0.0405,21.3856,13.75533176,0.2606,0.0134,21.046,0.0104,0.0398,,0.02,Epidote
22221,KPG-1-b_60,35.34,0.0898,21.5,15.62071744,0,0.0144,23.37,0.0463,,0.0352,,Epidote
22230,KPG-2-1a,37.65,0.087,23.6,11.6533943,0.073,0.041,23.62,,,0.207,,Epidote
22215,SE-3A_40,34.96,0.5595,22.83,12.58057781,0.0789,0.0482,20.84,0.0016,,0.0162,,Epidote
22219,KPG-1-a_55,35.69,0.4041,22.19,14.33065818,0.0209,0.0206,23.4,0,,0.0182,,Epidote
22218,KPG-1-a_54,35.45,0.6671,19.89,16.77077026,0.0208,0.0975,22.58,0.0075,,0.0526,,Epidote
22216,SE-3A_41,34.7,0.5092,22.24,13.11060215,0.1286,0.0533,21.09,0,,0.0335,,Epidote
22223,PAI-4A-1b,36.58,0.058,22.44,12.57126783,0.049,0.09,22.78,,,0.299,,Epidote
22220,KPG-1-b_56,34.73,0.1208,21.31,16.25074637,0.0501,0.0409,22.73,0.0087,,0.0189,,Epidote
22233,KPG-2-2b,37.52,0.191,23.23,11.73438314,0.214,0.269,22.95,,,0.819,,Epidote
22232,KPG-2-2a,38.76,0.191,22.89,11.25744885,0.12,0.673,23,,,0.264,,Epidote
22247,KPG-2-5c,37.57,0.07,21.64,13.89408556,0.028,0.042,23.29,,,0.28,,Epidote
22248,KPG-2-5d,38.35,0.094,27.25,7.288995661,0.052,0.038,24.05,,,0.226,,Epidote
22246,KPG-2-5b,37.52,0.092,21.97,13.30016739,0.016,0.056,23.59,,,0.212,,Epidote
22213,SE-3A_33,35.61,0.0919,22.25,13.29061042,0.1039,0.0065,21.16,0.0053,,0.0444,,Epidote
22245,KPG-2-5a,38.18,0.213,25.03,9.727659641,0.063,0.063,23.6,,,0.257,,Epidote
22244,KPG-2-4g,38.17,0.016,25.97,8.566819592,0.072,0.095,23.75,,,0.192,,Epidote
22243,KPG-2-4f,37.61,0.199,21.55,13.75010539,0.02,0.085,23.4,,,0.22,,Epidote
22242,KPG-2-4e,38.37,0.02,27.13,7.235003101,0.093,0.049,24.03,,,0.21,,Epidote
22241,KPG-2-4d,38.07,0.032,23.97,10.90649721,0.04,0.067,23.71,,,0.199,,Epidote
22240,KPG-2-4c,37.21,0.032,22.29,13.08419715,0.041,0.072,23.33,,,0.514,,Epidote
22238,KPG-2-4a,37.69,0.189,21.93,13.30916615,0.028,0.05,23.53,,,0.238,,Epidote
22237,KPG-2-3d,37.6,0.047,22.46,12.84123063,0.029,0.045,23.58,,,0.229,,Epidote
22236,KPG-2-3c,37.45,0.156,22.36,12.79623683,0.026,0.062,23.5,,,0.299,,Epidote
22235,KPG-2-3b,37.51,0.121,22.51,12.85022939,0.023,0.058,23.54,,,0.347,,Epidote
22234,KPG-2-3a,37.91,0.019,24.94,10.06961252,0.051,0.05,23.85,,,0.194,,Epidote
22231,KPG-2-1b,38.06,0.055,24.21,10.78951333,0.108,0.083,23.65,,,0.205,,Epidote
22239,KPG-2-4b,37.84,0.016,25.83,9.709662121,0.578,0.108,22.74,,,0.578,,Epidote
22176,ET09MB184 C3 ep 20,36.52,0.08,24.27,11.47052682,0.65,0.07,23.01,0.01,,,,Epidote
22211,SE-3A_24,35.7,0.4275,23.16,13.26060904,0.0402,0.0414,23.47,0.0036,,0.0533,,Epidote
22190,ET09MB198 C2 ep 6,37.11,0.04,23.12,12.74058516,0.22,0.16,23.2,0.01,0.01,,,Epidote
22189,ET09MB198 C1 ep 1,36.62,0.22,22.04,13.79063338,0.07,0.05,23.26,,0.02,,,Epidote
22188,ET09MB194 C3 ep 36,36.79,0.01,23.81,11.76054014,0.44,,23.09,,,,,Epidote
22187,ET09MB194 C2 ep 32,37.25,0.07,24.28,11.25051672,0.44,0.03,23.06,,,,,Epidote
22186,ET09MB194 C1 ep 29,36.76,0.09,22.6,13.2206072,0.26,,23.2,,,,,Epidote
22185,ET09MB189 C3 ep 25,36.77,0.05,23.29,12.77058653,0.53,0.19,22.65,0.01,0.03,,,Epidote
22184,ET09MB189 C2 ep 20,37.11,0.04,23.99,11.63053417,0.69,,22.69,,,,,Epidote
22183,ET09MB189 C1 ep 17,37.14,0.12,22.96,12.69058286,0.45,0.13,22.56,,,,,Epidote
22182,ET09MB188 C3 ep 13,36.99,0.03,22.72,12.61057918,0.89,0.02,22.46,,,,,Epidote
22181,ET09MB188 C2 ep 12,36.54,0.01,23.59,12.3605677,0.53,,22.84,,,,,Epidote
22180,ET09MB188 C1 ep 8,36.83,,23.51,12.25056265,0.45,0.3,22.6,,0.07,,,Epidote
22249,KPG-2-6a,37.56,0.352,22.7,11.95935214,0.034,0.112,23.67,,,0.248,,Epidote
22179,ET09MB187 C3 ep 3,36.12,0.03,21.21,14.84068161,0.19,0.08,22.88,0.04,,,,Epidote
22178,ET09MB187 C2 ep 2,36.84,0.05,25.14,10.61048732,0.58,0.02,22.75,0.02,,,,Epidote
22177,ET09MB187 C1 ep 1,36.75,0.04,23.54,12.19055989,0.11,,23.16,,,,,Epidote
22191,ET09MB198 C3 ep 7,36.35,0.05,23.5,11.88054565,0.51,,22.78,0.05,,,,Epidote
22192,ET09MB202 C1 ep 20,36.69,0.03,22.48,13.38061455,0.4,0.23,22.97,0.04,0.02,,,Epidote
22193,ET09MB202 C3 ep 28,36.62,0.06,24.04,11.88054565,0.26,0.08,23.13,0.04,0.02,,,Epidote
22194,ET09MB204 C1 ep 1,36.33,0.17,22.34,13.2206072,0.1,0.02,23.31,0.01,0.01,,,Epidote
22210,SE-3A_23,34.77,0.194,22.89,12.98059618,0.1571,0.0593,21,0.0411,,0.0266,,Epidote
22209,SE-3A_20,35.22,0.1512,23.87,12.57057735,0.0917,0.0287,23.09,0,,0.0268,,Epidote
22208,ET09MB208 C4 ep 38,37.27,0.06,25.53,9.670444148,0.1,0.02,23.43,0.01,,,,Epidote
22207,ET09MB208 C3 ep 36,37.14,0.01,27.23,8.420386735,0.24,0.04,23.37,0.02,,,,Epidote
22206,ET09MB208 C2 ep 34,36.74,,25.04,10.39047722,0.13,,23.59,,0.02,,,Epidote
22205,ET09MB208 C1 ep 32,35.82,0.27,21.5,14.59067013,0.06,,23.25,,,,,Epidote
22204,ET09MB207 C3 ep 30,36.44,,23.1,12.72058424,0.11,0.12,23.28,0.06,,,,Epidote
22212,SE-3A_25,35.81,0.3027,24.28,11.79054152,0.0651,0.0182,23.59,0.0179,,0.0237,,Epidote
22203,ET09MB207 C2 ep 27,35.99,,21.35,14.93068574,0.02,0.05,23.45,,,,,Epidote
22201,ET09MB206 C2 ep 20,36.11,,23.37,12.79058745,1.19,,22.51,0.02,,,,Epidote
22200,ET09MB206 C1 ep 18,36.24,0.06,24.61,11.2805181,0.29,,23.34,,,,,Epidote
22199,ET09MB205 C3 ep 14,36.93,0.07,25.4,10.0504616,0.33,0.03,23.22,,,,,Epidote
22198,ET09MB205 C2 ep 11,36.68,0.08,24.91,11.09050937,0.31,,22.96,,,,,Epidote
22197,ET09MB205 C1 ep 10,36.83,0.08,25.47,10.16046665,0.32,,23.23,,,,,Epidote
22196,ET09MB204 C3 ep 9,36.67,0.11,23.76,11.97054979,0.42,0.01,23.04,,0.02,,,Epidote
22195,ET09MB204 C2 ep 4,36.28,0.24,22.28,13.34061271,0.13,0.12,23.18,,0.01,,,Epidote
22202,ET09MB206 C3 ep 22,36.18,,24,11.88054565,0.56,0.01,22.96,,,,,Epidote
22250,KPG-2-6b,37.87,0.075,24.54,10.68152821,0.059,0.045,23.73,,,0.226,,Epidote
22290,SA-1-9b,38.29,0.074,27.33,7.037030379,0.127,0.035,23.83,,,0.205,,Epidote
22252,KPG-2-7b,37.86,0.221,22.65,11.98634842,0.055,0.245,23.14,,,0.549,,Epidote
22309,SE-4B-10d,35.75,0.119,22.02,12.00434594,0.242,0.058,19.85,,,0.29,,Epidote
22308,SE-4B-10b,37.11,0.206,23.47,11.33843769,0.054,0.048,23.04,,,0.439,,Epidote
22307,SE-4B-10a,37.39,0.07,24.83,10.07861128,0.042,0.036,23.58,,,0.221,,Epidote
22306,KPX-2B-1d,36.55,0.064,21.59,14.4250124,0.163,0.04,22.9,,,0.375,,Epidote
22305,KPX-2B-1c,36.84,0.038,22.33,13.94807812,0.086,0.048,22.96,,,0.32,,Epidote
22304,KPX-2B-1b,36.67,0.046,21.86,14.05606324,0.032,0.031,23.17,,,0.216,,Epidote
22303,KPC-2X-6d,37.24,0.044,24.09,11.15846249,0.033,0.05,23.4,,,0.216,,Epidote
22310,SE-4B-10e,37.02,0.105,22.9,12.0583385,0.062,0.041,22.98,,,0.299,,Epidote
22302,KPC-2X-6c,37.92,0.03,25.93,9.079748916,0.078,0.062,23.66,,,0.217,,Epidote
22300,KPC-2X-6a,36.54,0.139,23.05,12.04034098,0.021,0.071,23.15,,,0.211,,Epidote
22299,KPC-2X-4e,37.21,0.067,24.47,10.78951333,0.069,0.045,23.43,,,0.214,,Epidote
22298,KPC-2X-4d,37.69,0.032,25.39,9.790650962,0.09,0.051,23.66,,,0.207,,Epidote
22297,KPC-2X-4c,37.66,0.033,25.9,9.025756355,0.081,0.094,23.69,,,0.213,,Epidote
22296,KPC-2X-4a,37.43,0.232,24.63,10.49255425,0.09,0.09,23.55,,,0.238,,Epidote
22295,KPC-2X-3f,37.22,0.077,23.43,11.95035338,0.134,0.077,23.07,,,0.455,,Epidote
22294,KPC-2X-3e,37.88,0.149,27.09,7.639947304,0.209,0.112,23.43,,,0.463,,Epidote
22301,KPC-2X-6b,37.38,0.221,23,12.1033323,0.017,0.056,23.49,,,0.223,,Epidote
22293,KPC-2X-3a,37.11,0.056,23.16,12.15732486,0.131,0.061,23.04,,,0.443,,Epidote
22311,SE-4B-11a,37.29,0.12,23.71,11.10446993,0.041,0.047,22.92,,,0.192,,Epidote
22313,SE-4B-11e,37.06,0.187,23.24,11.63539678,0.068,0.062,22.79,,,0.249,,Epidote
22328,H-3B-1d1,37.38,0.067,23.01,12.0133447,0.031,0.062,23.31,,,0.269,,Epidote
22327,H-3B-1c1,37.52,0.044,24.96,9.889637323,0.034,0.068,23.52,,,0.186,,Epidote
22326,H-3B-1b,37.27,0.051,23.68,11.62639802,0.033,0.094,23.18,,,0.28,,Epidote
23981,N87-15C_971,39.456123,0.051103,22.17514,21.387339,0.213857,8.287805,7.953972,,,,,Garnet
23982,N87-15C_981,40.269283,0.060002,22.414476,21.810785,0.222423,8.39342,8.03093,,,,,Garnet
23980,N87-15C_961,40.258835,0.03536,22.50065,21.904802,0.233431,8.224499,8.164998,,,,,Garnet
23983,N87-15C_991,39.974579,0.021136,22.253357,21.110775,0.234326,8.427372,7.865566,,,,,Garnet
24019,N87-15C_1370,41.450726,0.023016,23.022326,15.947406,0.082686,13.288357,7.210331,,,,,Garnet
23985,N87-15C_1011,40.425362,0.028061,22.512947,21.717623,0.252259,8.840715,8.073737,,,,,Garnet
23986,N87-15C_1021,39.527699,0.020981,22.331642,20.712164,0.198075,8.388123,7.855039,,,,,Garnet
23987,N87-15C_1031,40.347702,0.030844,22.47118,21.381634,0.242812,9.038095,7.861852,,,,,Garnet
23979,N87-15C_950,39.46656,0.053594,22.293707,21.648813,0.226804,8.198872,7.750094,,,,,Garnet
23988,N87-15C_1041,39.822247,0.03983,22.40037,20.702726,0.2122,8.767385,8.022522,,,,,Garnet
23984,N87-15C_1001,39.677013,0.02073,22.229809,21.058561,0.24157,8.436144,8.112775,,,,,Garnet
23978,N87-15C_940,40.213634,0.046713,22.493027,22.290295,0.193883,8.279512,7.95021,,,,,Garnet
23971,N87-15C_870,40.084373,0.057372,22.161585,23.111217,0.300068,7.635296,7.92087,,,,,Garnet
23976,N87-15C_920,39.928612,0.054548,22.349051,21.840229,0.245106,8.048303,8.112014,,,,,Garnet
23975,N87-15C_910,39.850719,0.022754,22.437014,22.124607,0.273651,7.890272,8.003351,,,,,Garnet
23974,N87-15C_900,39.361698,0.062232,22.364902,21.918802,0.278911,7.841129,8.142933,,,,,Garnet
23973,N87-15C_890,40.082401,0.043006,22.392973,22.435732,0.292049,7.757011,8.335753,,,,,Garnet
23972,N87-15C_880,38.3596,0.057684,22.199905,22.27097594,0.231793,7.66428,7.949949,,,,,Garnet
23989,N87-15C_1051,40.179161,0.009339,22.391829,21.0123,0.172992,8.841424,8.242458,,,,,Garnet
23970,N87-15C_860,39.010784,0.067342,21.900898,22.150061,0.245863,7.391341,8.083181,,,,,Garnet
23969,N87-15C_850,39.474438,0.06754,22.093292,22.861843,0.290775,7.249144,8.204453,,,,,Garnet
23968,N87-15C_840,38.753342,0.029842,21.930092,22.60406089,0.285575,7.413511,8.266671,,,,,Garnet
23967,N87-15C_830,39.368923,0.04487,22.057081,22.503628,0.284242,7.454676,8.033081,,,,,Garnet
23966,N87-15C_820,39.720528,0.024626,22.195498,23.007181,0.251365,7.496216,8.066305,,,,,Garnet
23965,N87-15C_810,39.047462,0.019483,21.918575,22.313848,0.23524,7.287783,7.794518,,,,,Garnet
23964,N87-15C_800,39.744953,0.045334,22.01198,22.784075,0.329773,7.13482,8.510428,,,,,Garnet
23977,N87-15C_930,39.5406,0.047482,22.190603,21.707415,0.255665,8.118509,8.070919,,,,,Garnet
23990,N87-15C_1061,40.067581,0.016109,22.664476,20.60078,0.200012,9.12946,8.241058,,,,,Garnet
23997,N87-15C_1131,40.306557,0.026541,22.983253,18.81938,0.162025,10.399735,8.104244,,,,,Garnet
23992,N87-15C_1081,40.834164,0.016306,22.721527,20.310656,0.170549,9.697319,8.007986,,,,,Garnet
23963,N87-15C_790,39.14801,,21.959183,22.933867,0.257635,6.747701,8.267812,,,,,Garnet
24021,N87-15C_1390,41.030331,0.01942,22.997683,16.5373,0.071217,13.030988,6.154555,,,,,Garnet
24018,N87-15C_1360,41.561832,0.019759,23.125393,15.670946,0.04589,13.400585,7.200257,,,,,Garnet
24017,N87-15C_1350,41.221691,,23.163708,15.73822,0.066628,13.198128,7.395166,,,,,Garnet
24016,N87-15C_1340,41.507919,0.011203,23.141876,15.901553,0.00365,13.184273,7.172855,,,,,Garnet
24015,N87-15C_1330,41.990673,0.018543,23.048866,16.162329,0.027826,13.17422,7.295981,,,,,Garnet
24014,N87-15C_1320,40.7957,0.019272,22.985022,15.862149,0.038385,12.594291,7.232153,,,,,Garnet
24013,N87-15C_1310,41.776291,0.046864,23.074928,16.162882,0.036927,12.847068,7.364247,,,,,Garnet
24012,N87-15C_1290,41.367588,0.031213,22.984428,16.626913,0.051223,12.55133,7.240498,,,,,Garnet
24011,N87-15C_1280,41.185543,0.024067,22.974129,17.015408,0.014793,12.467835,7.224041,,,,,Garnet
24010,N87-15C_1270,40.510433,0.00105,22.894869,16.879059,0.103738,12.244909,6.88348,,,,,Garnet
24009,N87-15C_1260,41.539055,0.059414,22.910019,17.298733,0.031472,12.282125,7.216066,,,,,Garnet
24008,N87-15C_1250,40.416866,0.009221,22.966345,17.4655,0.083964,12.075339,6.870942,,,,,Garnet
24020,N87-15C_1380,41.998169,0.013606,23.272499,16.916634,0.072192,13.160026,7.092941,,,,,Garnet
24006,N87-15C_1231,40.698566,0.02118,22.668589,17.797812,0.117542,11.62968,6.699189,,,,,Garnet
24005,N87-15C_1221,41.106705,0.031273,23.104328,18.064383,0.129648,11.740762,6.838596,,,,,Garnet
24004,N87-15C_1201,40.007519,0.0104,22.412066,17.60465772,0.118462,12.31427,7.086016,,,,,Garnet
24003,N87-15C_1191,41.111973,0.014573,22.928802,17.778328,0.13687,11.612451,7.755428,,,,,Garnet
24002,N87-15C_1181,40.13081,0.064218,22.568687,17.829081,0.114895,10.894346,7.929904,,,,,Garnet
24001,N87-15C_1171,41.136223,0.025975,23.051819,18.474943,0.158463,11.323717,7.85269,,,,,Garnet
24000,N87-15C_1161,40.357986,0.019767,22.618935,18.015293,0.093392,10.886526,7.848011,,,,,Garnet
23999,N87-15C_1151,40.925415,0.031064,23.011425,18.192348,0.104217,10.911807,8.064963,,,,,Garnet
23998,N87-15C_1141,40.794495,0.01989,22.821259,18.782417,0.141964,10.562207,7.885264,,,,,Garnet
23996,N87-15C_1121,40.839672,0,22.792961,19.034904,0.182778,10.220201,8.169568,,,,,Garnet
23995,N87-15C_1111,40.068443,0.002126,22.576572,19.122007,0.152862,9.954083,7.708638,,,,,Garnet
23994,N87-15C_1101,40.658195,0.020492,22.76536,19.683258,0.199223,10.125687,8.085142,,,,,Garnet
23993,N87-15C_1091,39.801151,0.018542,22.338741,19.800228,0.174742,9.671575,8.036835,,,,,Garnet
23991,N87-15C_1071,40.023224,0.056662,22.360435,20.055044,0.154036,9.176136,8.063731,,,,,Garnet
24007,N87-15C_1241,41.066338,0.024426,23.008404,18.06476,0.08103,12.02225,6.907839,,,,,Garnet
23926,N87-15C_410,38.882763,0.07953,21.5681,26.699341,0.757588,4.173177,8.315456,,,,,Garnet
23961,N87-15C_760,38.82449,0.033795,21.904211,24.10123466,0.339705,6.427561,8.295307,,,,,Garnet
23928,N87-15C_430,38.134197,0.091272,21.416569,26.18738,0.777931,4.170618,8.402132,,,,,Garnet
23927,N87-15C_420,38.442741,0.051443,21.757652,26.587141,0.807748,4.319721,8.369162,,,,,Garnet
23925,N87-15C_400,38.515678,0.084126,21.688526,26.36429,0.87738,4.142176,8.45054,,,,,Garnet
23924,N87-15C_390,38.839119,0.078371,21.803814,26.739817,0.911704,4.288194,8.60084,,,,,Garnet
23923,N87-15C_380,38.176289,0.102679,21.422913,26.154625,0.903376,4.055425,8.442238,,,,,Garnet
23922,N87-15C_370,38.96862,0.045337,21.696806,26.707178,0.859708,4.171247,8.561203,,,,,Garnet
23921,N87-15C_289,38.431187,0.030317,21.465948,26.031324,1.064855,3.806516,8.635358,,,,,Garnet
23920,N87-15C_279,38.572208,0.070491,21.691753,26.171148,1.109436,3.819329,8.840929,,,,,Garnet
23919,N87-15C_269,38.439011,0.091945,21.638731,26.235746,1.24628,3.911114,8.791002,,,,,Garnet
23918,N87-15C_259,38.074276,0.141961,21.412027,26.353552,1.150886,3.812774,8.593203,,,,,Garnet
23917,N87-15C_250,39.049614,0.092765,21.433737,26.931284,1.202516,3.869849,8.902028,,,,,Garnet
23916,N87-15C_240,37.795971,0.088681,21.438976,26.099758,1.305482,3.683752,8.670994,,,,,Garnet
23915,N87-15C_230,39.222595,0.110949,21.700956,26.45137,1.319096,3.748427,8.91677,,,,,Garnet
23914,N87-15C_220,38.249912,0.066845,21.569008,26.113489,1.29235,3.855098,8.495967,,,,,Garnet
23913,N87-15C_210,38.593151,0.118601,21.591118,26.343975,1.3734,3.874026,8.65925,,,,,Garnet
23912,N87-15C_200,38.314445,0.106287,21.536724,26.4310354,1.438847,3.911014,8.662788,,,,,Garnet
23911,N87-15C_190,38.410263,0.10866,21.401543,25.85878,1.347968,3.823792,8.609632,,,,,Garnet
23910,N87-15C_180,39.189632,0.082507,21.653057,26.422443,1.400026,3.964909,8.677052,,,,,Garnet
23909,N87-15C_160,38.996822,0.085113,21.632849,26.111433,1.532347,3.934299,8.677526,,,,,Garnet
23908,N87-15C_150,38.70956,0.092008,21.678406,25.473164,1.458748,4.003315,8.539535,,,,,Garnet
23907,N87-15C_140,38.681416,0.130038,21.607378,25.659084,1.426995,4.041033,8.808722,,,,,Garnet
23906,N87-15C_130,38.665878,0.102867,21.633917,25.408699,1.424763,4.131932,8.96415,,,,,Garnet
23905,N87-15C_120,38.473785,0.09824,21.585844,25.4053,1.3606,4.182719,8.708561,,,,,Garnet
23904,N87-15C_110,38.856663,0.093805,21.588825,25.399595,1.310385,4.158454,9.156944,,,,,Garnet
24022,N87-15C_1400,42.359127,0,23.497787,16.610565,0.122403,13.82605,6.658725,,,,,Garnet
23903,N87-15C_100,38.140083,0.094566,21.394032,25.01021,1.303676,4.200537,9.08178,,,,,Garnet
23902,N87-15C_90,39.002338,0.089287,21.858881,25.50413944,1.327451,4.491808,9.288268,,,,,Garnet
23929,N87-15C_440,39.001575,0.07978,21.785189,26.9993,0.787217,4.387746,8.366497,,,,,Garnet
23930,N87-15C_450,38.536747,0.070454,21.534517,26.101656,0.721706,4.258296,8.225803,,,,,Garnet
23931,N87-15C_460,38.911388,0.080809,21.768696,27.203327,0.725363,4.38821,8.33358,,,,,Garnet
23932,N87-15C_470,38.444023,0.088973,21.538315,26.500929,0.649341,4.37101,8.226627,,,,,Garnet
23960,N87-15C_750,39.32571,0.020275,21.891472,24.642132,0.340369,6.100617,8.407517,,,,,Garnet
23959,N87-15C_740,38.607742,0.051881,21.864944,24.328821,0.328573,5.987643,8.28659,,,,,Garnet
23958,N87-15C_730,39.378452,0.076997,22.000093,25.192905,0.292603,6.06756,8.156976,,,,,Garnet
23957,N87-15C_720,38.573551,0.047603,21.792334,24.503248,0.271146,5.688148,7.930769,,,,,Garnet
23956,N87-15C_710,39.331543,0.072166,21.95615,25.067244,0.325471,5.799593,8.258642,,,,,Garnet
23955,N87-15C_700,38.91082,0.039117,21.705311,24.711399,0.312976,5.706863,8.13085,,,,,Garnet
23954,N87-15C_690,38.993374,0.070216,21.542885,25.200829,0.321206,5.666954,8.025855,,,,,Garnet
23953,N87-15C_680,39.15012,0.039104,21.839621,25.666574,0.321561,5.652384,8.035755,,,,,Garnet
25319,,,,0.319994467,89.74688603,,,,,,,,Hematite
25318,,,,0.319999763,89.74837079,,,,,,,,Hematite
25317,,,,0.319873062,89.71285213,,,,,,,,Hematite
25316,,,,0.320390819,89.85799744,,,,,,,,Hematite
25315,,,,0.320498099,89.8880717,,,,,,,,Hematite
25312,,,,0.319835802,89.70240668,,,,,,,,Hematite
25313,,,,0.319991252,89.74598466,,,,,,,,Hematite
25311,,,,0.263308601,89.76795889,,,,,,,,Hematite
25310,,,,0.319903187,89.72129701,,,,,,,,Hematite
25320,,,,0.320186656,89.80076332,,,,,,,,Hematite
25314,,,,0.320063096,89.76612512,,,,,,,,Hematite
25321,,,,0.320316238,89.83708986,,,,,,,,Hematite
25335,,,,0.319822106,89.69856727,,,,,,,,Hematite
25323,,,,0.319882642,89.71553759,,,,,,,,Hematite
25324,,,,0.264623685,89.96243963,,,,,,,,Hematite
25325,,,,0.319911986,89.72376373,,,,,,,,Hematite
25326,,,,0.278135744,89.75263817,,,,,,,,Hematite
25327,,,,0.251090268,89.79310212,,,,,,,,Hematite
25328,,,,0.319883206,89.71569568,,,,,,,,Hematite
25329,,,,0.319844731,89.70490996,,,,,,,,Hematite
25330,,,,0.319822279,89.6986158,,,,,,,,Hematite
25331,,,,0.31998943,89.74547403,,,,,,,,Hematite
25332,,,,0.000716863,90.00591434,,,,,,,,Hematite
25333,,,,0.319852994,89.7072262,,,,,,,,Hematite
25334,,,,0.319973059,89.74088456,,,,,,,,Hematite
25309,,,,0.264071067,89.7631043,,,,,,,,Hematite
25322,,,,0.011632592,90.06262634,,,,,,,,Hematite
25308,,,,0.319984184,89.74400342,,,,,,,,Hematite
25278,,,,0.319940339,89.73171198,,,,,,,,Hematite
25306,,,,0.256607835,89.78418984,,,,,,,,Hematite
25398,,,,0.014488604,90.01357882,,,,,,,,Hematite
25279,,,,0.198932772,89.98835556,,,,,,,,Hematite
25280,,,,0.255178898,89.85431299,,,,,,,,Hematite
25281,,,,0.024877933,90.00810978,,,,,,,,Hematite
25282,,,,0.31991551,89.72475176,,,,,,,,Hematite
25283,,,,0.059659206,90.05982189,,,,,,,,Hematite
25284,,,,0.098033759,89.94813739,,,,,,,,Hematite
25285,,,,0.31992838,89.72835958,,,,,,,,Hematite
25286,,,,0.181639004,89.84816749,,,,,,,,Hematite
25287,,,,0.164251262,89.95612203,,,,,,,,Hematite
25288,,,,0.320006664,89.75030519,,,,,,,,Hematite
25289,,,,0.07750726,89.95263983,,,,,,,,Hematite
25290,,,,0.002034278,89.99055419,,,,,,,,Hematite
25307,,,,0.149117006,89.8528379,,,,,,,,Hematite
25291,,,,0.320044311,89.76085917,,,,,,,,Hematite
25293,,,,0.320491611,89.88625279,,,,,,,,Hematite
25294,,,,0.15100408,90.11692487,,,,,,,,Hematite
25295,,,,0.002565387,90.02047301,,,,,,,,Hematite
25296,,,,0.05351005,89.95076061,,,,,,,,Hematite
25297,,,,0.319878293,89.71431841,,,,,,,,Hematite
25298,,,,0.319925146,89.72745286,,,,,,,,Hematite
25299,,,,0.072140554,89.97819459,,,,,,,,Hematite
25300,,,,0.295688049,89.8154449,,,,,,,,Hematite
25301,,,,0.319982812,89.74361887,,,,,,,,Hematite
25302,,,,0.319957769,89.73659846,,,,,,,,Hematite
25303,,,,0.319881052,89.71509185,,,,,,,,Hematite
25304,,,,0.095889076,89.93985386,,,,,,,,Hematite
25305,,,,0.319848709,89.70602497,,,,,,,,Hematite
25292,,,,0.31989692,89.7195401,,,,,,,,Hematite
25336,,,,0.319837762,89.70295606,,,,,,,,Hematite
25366,,,,0.075981004,89.92829233,,,,,,,,Hematite
25338,,,,0.266271175,89.8927182,,,,,,,,Hematite
25372,,,,0.072050722,89.99213614,,,,,,,,Hematite
25373,,,,0.317452825,89.81440542,,,,,,,,Hematite
25374,,,,0.09706283,89.91444304,,,,,,,,Hematite
25375,,,,0.320173964,89.79720531,,,,,,,,Hematite
25376,,,,0.320002946,89.74926296,,,,,,,,Hematite
25377,,,,0.258617166,89.83805519,,,,,,,,Hematite
25378,,,,0.038030576,90.03610551,,,,,,,,Hematite
25379,,,,0.021723327,90.00616637,,,,,,,,Hematite
25380,,,,0.298910742,89.78045964,,,,,,,,Hematite
25381,,,,0.240720637,89.8609945,,,,,,,,Hematite
25382,,,,0.319871859,89.7125148,,,,,,,,Hematite
25383,,,,0.22397078,89.82940278,,,,,,,,Hematite
25384,,,,0.320439925,89.87176357,,,,,,,,Hematite
25385,,,,0.31986016,89.70923501,,,,,,,,Hematite
25386,,,,0.319953587,89.73542591,,,,,,,,Hematite
25387,,,,0.26887827,89.77826708,,,,,,,,Hematite
25388,,,,0.023645602,89.99381266,,,,,,,,Hematite
25389,,,,0.319962774,89.73800137,,,,,,,,Hematite
25390,,,,0.249951852,89.77537583,,,,,,,,Hematite
25391,,,,0.146223958,89.93617194,,,,,,,,Hematite
25392,,,,0.0234376,89.97083923,,,,,,,,Hematite
25393,,,,0.320271637,89.82458658,,,,,,,,Hematite
25394,,,,0.32025813,89.82080007,,,,,,,,Hematite
25395,,,,0.320109038,89.77900424,,,,,,,,Hematite
25396,,,,0.320355677,89.84814593,,,,,,,,Hematite
25397,,,,0.153610137,89.93269625,,,,,,,,Hematite
25277,,,,0.320164752,89.7946228,,,,,,,,Hematite
25371,,,,0.320152572,89.79120831,,,,,,,,Hematite
25370,,,,0.319917196,89.72522422,,,,,,,,Hematite
25369,,,,0.320149514,89.79035127,,,,,,,,Hematite
25368,,,,0.292489346,89.72492458,,,,,,,,Hematite
25339,,,,0.319842145,89.70418493,,,,,,,,Hematite
25340,,,,0.309721923,89.7253571,,,,,,,,Hematite
25341,,,,0.157410336,89.84713385,,,,,,,,Hematite
25342,,,,0.319881523,89.71522398,,,,,,,,Hematite
25343,,,,0.255837965,89.77210158,,,,,,,,Hematite
25344,,,,0.028305479,89.98640279,,,,,,,,Hematite
25345,,,,0.319954486,89.73567811,,,,,,,,Hematite
26991,BT-3A_ILM 15-8,0.01,45.43,0.1,49.64053738,0.89,1.44,0,,,,0.02,Ilmenite
27002,BT-3A_ILM 17-5,0.02,45.41,0.09,49.57053177,0.88,1.4,0.01,,,,0,Ilmenite
26992,BT-3A_ILM 15-9,0.02,45.22,0.08,49.28053237,0.87,1.46,0.04,,,,0.02,Ilmenite
26993,BT-3A_ILM 15-10,0.03,45.55,0.09,49.50052876,0.89,1.47,0.01,,,,0,Ilmenite
26994,BT-3A_ILM 15-11,0.05,45.51,0.1,49.48053113,0.88,1.49,0.04,,,,0.02,Ilmenite
26995,BT-3A_ILM 15-12,0.04,45.27,0.1,49.45053602,0.88,1.46,0.02,,,,0,Ilmenite
26998,BT-3A_ILM 16-2,0,46.01,0.11,49.33050934,0.79,1.56,0.03,,,,0.01,Ilmenite
26997,BT-3A_ILM 16-1,0.02,45.55,0.1,49.34052757,0.81,1.59,0,,,,0,Ilmenite
26999,BT-3A_ILM 16-5,0,45.82,0.1,49.44052114,0.81,1.57,0,,,,0.01,Ilmenite
27000,BT-3A_ILM 16-6,0.02,46.02,0.11,49.29051079,0.84,1.57,0.06,,,,0.02,Ilmenite
27001,BT-3A_ILM 17-4,0,45.44,0.09,49.5905258,0.97,1.26,0.01,,,,0.02,Ilmenite
26996,BT-3A_ILM 15-13,0.03,45.1,0.07,49.48054922,0.83,1.52,0.07,,,,0.02,Ilmenite
26990,BT-3A_ILM 15-7,0.03,45.49,0.08,49.44052642,0.93,1.42,0.01,,,,0.01,Ilmenite
26977,BT-3A_ILM 12-2,0,44.51,0.15,49.61056825,0.81,1.42,0.04,,,,0.01,Ilmenite
26988,BT-3A_ILM 15-5,0.03,45.11,0.09,49.2505276,0.97,1.33,0.01,,,,0,Ilmenite
26987,BT-3A_ILM 15-4,0,44.99,0.07,49.37053384,0.91,1.3,0.01,,,,0.03,Ilmenite
26986,BT-3A_ILM 13-10,0.04,45.28,0.08,49.37052912,0.96,1.38,0.01,,,,0.01,Ilmenite
26985,BT-3A_ILM 13-9,0.03,45.28,0.08,49.36053274,1,1.39,0.03,,,,0,Ilmenite
26984,BT-3A_ILM 13-8,0.02,45.41,0.09,49.19051817,0.95,1.4,0,,,,0.02,Ilmenite
26983,BT-3A_ILM 13-7,0.04,45.07,0.09,49.40053893,0.91,1.41,0.02,,,,0.03,Ilmenite
26982,BT-3A_ILM 13-6,0.03,45.54,0.11,49.27051811,0.89,1.46,0,,,,0,Ilmenite
26981,BT-3A_ILM 13-4,0.03,45.74,0.08,49.2205092,0.89,1.47,0,,,,0,Ilmenite
26980,BT-3A_ILM 13-3,0.04,45.77,0.1,49.11050281,0.91,1.45,0.01,,,,0.03,Ilmenite
26979,BT-3A_ILM 13-2,0.04,45.64,0.09,49.24051354,0.9,1.46,0.01,,,,0,Ilmenite
26978,BT-3A_ILM 13-1,0.03,45.53,0.09,49.15051437,0.93,1.45,0,,,,0.01,Ilmenite
27003,BT-3A_ILM 17-6,0.02,45.7,0.1,49.36050777,0.87,1.35,0.01,,,,0.01,Ilmenite
26976,BT-3A_ILM 12-1,0.01,44.56,0.09,50.27059065,0.83,1.37,0.04,,,,0.01,Ilmenite
26989,BT-3A_ILM 15-6,0.03,45.28,0.1,49.25052521,0.9,1.43,0,,,,0,Ilmenite
27004,BT-3A_ILM 17-7,0.01,45.44,0.09,49.29052533,0.91,1.47,0,,,,0,Ilmenite
27018,BT-3B_ILM 8-2,0.03,45.04,0.07,49.50054423,0.92,1.39,0.03,,,,0.02,Ilmenite
27006,BT-3A_ILM 17-9,0.01,45.66,0.11,49.1005089,0.89,1.48,0,,,,0,Ilmenite
26975,BT-3A_ILM 10-7,0.03,44.8,0.09,49.85057595,0.8,1.58,0.01,,,,0.01,Ilmenite
27033,BT-3D_ILM 17,0.06,45.12,0.12,49.7605652,0.82,1.64,0.03,,,,0,Ilmenite
27032,BT-3D_ILM 14,0.02,44.77,0.1,49.550558,0.91,1.41,0.03,,,,0,Ilmenite
27031,BT-3D_ILM 11,0,45.37,0.1,49.50054046,0.91,1.49,0.03,,,,0.04,Ilmenite
27030,BT-3D_ILM 8,0,45.59,0.12,49.53054058,0.86,1.62,0.02,,,,0,Ilmenite
27029,BT-3D_ILM 7,0,45.23,0.08,49.3705511,0.78,1.68,0.07,,,,0,Ilmenite
27028,BT-3D_ILM 6,0.01,45.34,0.11,49.10053769,0.83,1.65,0.12,,,,0,Ilmenite
27027,BT-3D_ILM 5,0,45.25,0.13,49.43055214,0.85,1.63,0.07,,,,0.04,Ilmenite
27026,BT-3D_ILM 3,0.05,44.88,0.1,49.6805671,0.81,1.59,0.03,,,,0,Ilmenite
27025,BT-3D_ILM 2,0.02,45.69,0.14,49.64052543,0.82,1.45,0.01,,,,0.03,Ilmenite
27024,BT-3D_ILM 10,0,46.44,0.09,48.82048153,0.84,1.68,0.01,,,,0.02,Ilmenite
27023,BT-3B_ILM 16-4,0.04,45.17,0.11,48.89052523,1.04,1.49,0.02,,,,0,Ilmenite
27022,BT-3B_ILM 16-3,0.02,45.3,0.1,49.24053303,0.95,1.5,0.02,,,,0,Ilmenite
27021,BT-3B_ILM 16-1,0.02,45.31,0.1,49.55054798,0.98,1.52,0.01,,,,0,Ilmenite
27020,BT-3B_ILM 15,0.03,45.37,0.1,49.27053885,0.85,1.63,0.06,,,,0.01,Ilmenite
27019,BT-3B_ILM 13-1,0.01,45.34,0.08,49.13053246,0.85,1.61,0.04,,,,0.01,Ilmenite
27017,BT-3B_ILM 8-1,0.05,45.29,0.1,49.19052281,0.91,1.43,0.02,,,,0,Ilmenite
27016,BT-3B_ILM 5-3,0.03,44.67,0.1,49.37056987,0.82,1.62,0.11,,,,0.01,Ilmenite
27015,BT-3B_ILM 5-2,0.04,45.29,0.09,49.21053633,0.87,1.6,0.04,,,,0.02,Ilmenite
27014,BT-3B_ILM 5-1,0.03,45.56,0.07,49.17053037,0.9,1.64,0.06,,,,0,Ilmenite
27013,BT-3B_ILM 3-2,0.02,45.24,0.07,49.08053554,0.87,1.61,0.06,,,,0,Ilmenite
27012,BT-3B_ILM 1-5,0.07,45.18,0.12,49.19053383,0.82,1.6,0,,,,0.02,Ilmenite
27011,BT-3B_ILM 1-4,0.08,45.39,0.1,49.42053859,0.83,1.64,0,,,,0.01,Ilmenite
27010,BT-3B_ILM 1-3,0.06,45.14,0.09,49.49054854,0.91,1.55,0,,,,0,Ilmenite
27009,BT-3B_ILM 1-2,0.05,44.5,0.1,49.60058576,0.88,1.67,0.01,,,,0.01,Ilmenite
27008,BT-3B_ILM 1-1,0.05,45.11,0.1,49.79056623,0.9,1.58,0.03,,,,0,Ilmenite
27007,BT-3A_ILM 17-10,0.03,45.21,0.08,49.55054489,0.99,1.43,0.01,,,,0.02,Ilmenite
27005,BT-3A_ILM 17-8,0.04,45.73,0.08,49.48052107,0.9,1.47,0.01,,,,0,Ilmenite
26974,BT-3A_ILM 10-6,0.02,44.75,0.11,49.46056399,0.81,1.58,0.04,,,,0.01,Ilmenite
26913,BT-19I_ILM 119-1,0.03,44.43,0.12,50.72062203,0.65,1.59,0.04,,,,0.02,Ilmenite
26972,BT-3A_ILM 10-3,0,44.79,0.12,49.49056721,0.82,1.6,0.05,,,,0,Ilmenite
26939,BT-19I_ILM 113-6,0.07,43.84,0.1,50.32064616,0.64,1.7,0.29,,,,0.02,Ilmenite
26938,BT-19I_ILM 113-4,0.06,44.56,0.09,50.82062238,0.62,1.64,0.04,,,,0.04,Ilmenite
26937,BT-19I_ILM 113-2,0.04,44.22,0.12,50.98064241,0.63,1.64,0.03,,,,0.01,Ilmenite
26936,BT-19I_ILM 120-23,0.06,44.42,0.1,50.65062331,0.67,1.65,0.04,,,,0.03,Ilmenite
26935,BT-19I_ILM 120-22,0.03,44.35,0.11,50.68062226,0.64,1.56,0.07,,,,0,Ilmenite
26934,BT-19I_ILM 120-21,0.05,44.35,0.12,51.10064646,0.67,1.69,0.01,,,,0.02,Ilmenite
26933,BT-19I_ILM 120-20,0.01,44.72,0.12,50.29059575,0.65,1.58,0.08,,,,0.04,Ilmenite
26932,BT-19I_ILM 120-19,0.03,44.14,0.1,50.55062583,0.65,1.6,0.03,,,,0,Ilmenite
26931,BT-19I_ILM 120-18,0.01,44.38,0.09,50.71062578,0.69,1.6,0.02,,,,0,Ilmenite
26930,BT-19I_ILM 120-17,0.01,45.13,0.09,50.68060492,0.66,1.74,0,,,,0.01,Ilmenite
26929,BT-19I_ILM 120-16,0.01,44.27,0.14,50.6806357,0.7,1.69,0.02,,,,0.01,Ilmenite
26928,BT-19I_ILM 120-15,0.02,44.72,0.13,50.62061082,0.67,1.65,0,,,,0.01,Ilmenite
26927,BT-19I_ILM 120-14,0.05,45.12,0.12,50.37058864,0.74,1.65,0.03,,,,0.01,Ilmenite
26926,BT-19I_ILM 120-13,0,45.03,0.08,50.78060913,0.69,1.66,0.01,,,,0,Ilmenite
26925,BT-19I_ILM 120-12,0.01,44.28,0.09,50.500622,0.64,1.66,0,,,,0,Ilmenite
26924,BT-19I_ILM 120-11,0.03,44.38,0.11,50.5806195,0.71,1.59,0.02,,,,0,Ilmenite
26923,BT-19I_ILM 120-10,0.02,45.16,0.1,50.08057177,0.69,1.63,0.01,,,,0,Ilmenite
26922,BT-19I_ILM 120-9,0.01,44.78,0.11,50.30059286,0.63,1.62,0.02,,,,0.01,Ilmenite
26921,BT-19I_ILM 120-8,0.02,44.8,0.12,50.86062033,0.64,1.7,0,,,,0.02,Ilmenite
26920,BT-19I_ILM 120-7,0.06,44.52,0.07,50.48061483,0.71,1.68,0.01,,,,0,Ilmenite
26919,BT-19I_ILM 120-6,0.02,45.05,0.1,50.66060282,0.71,1.64,0.03,,,,0,Ilmenite
26918,BT-19I_ILM 120-5,0.01,44.78,0.1,49.99058755,0.65,1.69,0.05,,,,0.01,Ilmenite
26917,BT-19I_ILM 120-4,0.03,45.05,0.12,50.51059076,0.61,1.64,0.01,,,,0.02,Ilmenite
26916,BT-19I_ILM 120-3,0.01,44.7,0.12,50.24059661,0.7,1.61,0.04,,,,0.01,Ilmenite
26915,BT-19I_ILM 120-2,0.03,44.46,0.07,50.39060691,0.66,1.61,0,,,,0,Ilmenite
26914,BT-19I_ILM 120-1,0.02,45.04,0.11,50.63060045,0.74,1.61,0.02,,,,0.02,Ilmenite
27034,BT-3D_ILM 18,0.03,45.75,0.07,49.16051333,0.8,1.6,0.02,,,,0.01,Ilmenite
26940,BT-19I_ILM 112-1,0.02,44.15,0.13,50.33064064,0.69,1.64,0.39,,,,0.01,Ilmenite
26941,BT-19I_ILM 112-2,0,44.05,0.07,50.44063715,0.66,1.68,0.12,,,,0,Ilmenite
26942,BT-19I_ILM 112-3,0.08,44.55,0.14,50.68062337,0.69,1.7,0.04,,,,0.03,Ilmenite
26943,BT-19I_ILM 112-4,0.03,43.98,0.1,50.84065421,0.67,1.73,0.03,,,,0.02,Ilmenite
26971,BT-3A_ILM 10-2,0.03,45.28,0.44,48.47051046,0.78,1.71,0.04,,,,0,Ilmenite
26970,BT-3A_ILM 10-1,0.02,44.83,0.18,49.19055095,0.84,1.58,0.04,,,,0,Ilmenite
26969,BT-3A_ILM 11-3,0.03,44.91,0.11,49.6805628,0.83,1.53,0.02,,,,0,Ilmenite
26968,BT-3A_ILM 11-1,0.04,44.84,0.09,49.55056435,0.83,1.61,0,,,,0,Ilmenite
26967,BT-3A_ILM 7-4,0.02,45.15,0.07,50.11057252,0.79,1.54,0.04,,,,0,Ilmenite
26966,BT-3A_ILM 7-3,0.05,45.91,0.11,49.92053406,0.78,1.56,0.01,,,,0,Ilmenite
26965,BT-3A_ILM 7-2,0.06,45.48,0.14,49.90054531,0.82,1.49,0.01,,,,0,Ilmenite
32345,Ig2NWb_BP214_1C,66.47277168,0.008,18.4349978,0.05,,0,0.236,3.958996104,11.50713842,,,KFeldspar
32346,Ig2NWb_BP214_1R,65.86939864,0.015,18.49731895,0.086,,0,0.277,3.868859291,11.39182063,,,KFeldspar
32344,Ig2NWb_BP211_13C,65.10586481,0.023,18.69734973,0.09,,0,0.296,4.649654797,9.479713686,,,KFeldspar
32343,Ig2NWb_BP211_12C,65.09881371,0.006,18.35659377,0.05,,0,0.296,3.860665036,10.93449196,,,KFeldspar
32342,Ig2NWb_BP211_11R,64.33830178,0.012,18.88531835,0.144,,0.001,0.438,4.756180121,9.214581332,,,KFeldspar
32341,Ig2NWb_BP211_11C,65.14514953,0.013,18.04800357,0.068,,0,0.28,3.957825496,11.06755094,,,KFeldspar
32340,Ig2NWb_BP211_10C,65.53195295,0,18.16661479,0.045,,0,0.232,3.894612666,11.22919297,,,KFeldspar
32339,Ig2NWb_BP211_9R,65.06053629,0,18.4349978,0.057,,0,0.284,3.771698831,10.76102246,,,KFeldspar
32338,Ig2NWb_BP211_9ID,65.60548589,0,18.31739176,0.111,,0,0.274,3.860665036,11.03305417,,,KFeldspar
32337,Ig2NWb_BP211_9C,65.29120812,0,18.22692558,0.074,,0,0.261,3.880565371,10.94829067,,,KFeldspar
32332,Ig2NWb_BP211_7C,65.63469761,0,18.06006573,0.073,,0,0.278,3.899295098,11.21440864,,,KFeldspar
32335,Ig2NWb_BP211_8C,65.32243443,0,18.2309463,0.095,,0,0.247,3.866518076,11.14935758,,,KFeldspar
32334,Ig2NWb_BP211_7R,64.25469583,0.007,18.44203406,0.079,,0,0.309,3.996455559,10.22188715,,,KFeldspar
32333,Ig2NWb_BP211_7ID,64.83490096,0.014,18.25004471,0.094,,0,0.268,3.887589019,10.9364632,,,KFeldspar
32331,Ig2NWb_BP211_6C,65.76262478,0,18.28924672,0.062,,0,0.181,3.813840718,11.44997233,,,KFeldspar
32330,Ig2NWb_BP211_5R,65.24487229,0.009,18.44203406,0.078,,0,0.245,4.932941923,9.580247144,,,KFeldspar
32329,Ig2NWb_BP211_5C,65.17033205,0,18.22290486,0.087,,0,0.212,3.767016399,11.49531095,,,KFeldspar
32328,Ig2NWb_BP211_4R,65.59944209,0.01,18.31236586,0.04,,0,0.281,3.877053547,10.88126836,,,KFeldspar
32324,Ig2NWb_BP211_2R,65.13709113,0,18.00578602,0.065,,0,0.235,3.639420132,11.61457123,,,KFeldspar
32327,Ig2NWb_BP211_4C,65.59037638,0.009,18.03694659,0.074,,0,0.254,3.807987678,11.24496293,,,KFeldspar
32325,Ig2NWb_BP211_3C,65.06255089,0,18.04398285,0.056,,0,0.273,3.727215729,11.21046615,,,KFeldspar
32326,Ig2NWb_BP211_3R,65.0917626,0.011,18.40886312,0.142,,0,0.315,3.918024826,11.02024108,,,KFeldspar
32336,Ig2NWb_BP211_8R,65.75355908,0,18.3304591,0.056,,0,0.257,4.478746036,10.21794466,,,KFeldspar
32347,Ig2NWb_BP214_2C,66.35894672,0,18.42293564,0.028,,0,0.186,3.881735979,11.66483796,,,KFeldspar
32359,Ig2NWb_BP214_11C,66.22799764,0.006,18.42394082,0.035,,0,0.213,3.911001178,11.38590689,,,KFeldspar
32349,Ig2NWb_BP214_4C,66.30253788,0.015,18.41288384,0.079,,0,0.203,3.778722479,11.62836994,,,KFeldspar
32372,Ig2SW_BP216_9C,64.28842319,0,17.9877789,0.079,,0,0.213,3.808450704,10.97407331,,,KFeldspar
32371,Ig2SW_BP216_7R,64.47840852,0.002,17.72579205,0.072,,0,0.196,3.745352113,11.0811966,,,KFeldspar
32370,Ig2SW_BP216_7C,64.51359099,0,17.82304475,0.096,,0,0.211,3.728450704,11.19943645,,,KFeldspar
32323,Ig2NWb_BP211_2C,65.47655142,0.002,18.35156787,0.056,,0,0.237,3.926219081,11.45194358,,,KFeldspar
32369,Ig2SW_BP216_6R,64.86642089,0,18.03243575,0.093,,0,0.241,3.802816901,11.12364167,,,KFeldspar
32368,Ig2SW_BP216_6C,66.02543195,0,17.90342707,0.072,,0,0.215,3.774647887,11.08321779,,,KFeldspar
32367,Ig2SW_BP216_5R,64.92472327,0,18.12968844,0.073,,0,0.179,3.837746479,11.10545092,,,KFeldspar
32366,Ig2SW_BP216_5C,63.19776664,0,18.08205447,0.072,,0,0.193,3.69915493,11.08220719,,,KFeldspar
32365,Ig2SW_BP216_4R,65.79925893,0,18.01755013,0.044,,0,0.191,3.79943662,11.16305496,,,KFeldspar
32364,Ig2SW_BP216_4C,64.63924266,0,18.1197647,0.094,,0,0.176,3.763380282,11.06603764,,,KFeldspar
32363,Ig2SW_BP216_1C,65.68969067,0,18.06518411,0.063,,0,0.176,3.794929577,11.38437571,,,KFeldspar
32348,Ig2NWb_BP214_2R,66.42744315,0,18.35558859,0.051,,0,0.2,3.918024826,11.54262081,,,KFeldspar
32362,Ig2NWb_BP214_12R,66.30555979,0,18.45409621,0.09,,0,0.225,3.982408263,11.08233528,,,KFeldspar
32361,Ig2NWb_BP214_12C,66.46974978,0.005,18.42293564,0.117,,0,0.236,3.882906587,11.37309381,,,KFeldspar
32360,Ig2NWb_BP214_11R,65.91875637,0.007,18.49832413,0.074,,0,0.279,4.188435263,10.81326043,,,KFeldspar
32358,Ig2NWb_BP214_10R,65.45942731,0,18.34955751,0.094,,0,0.248,4.090104195,10.87929712,,,KFeldspar
32357,Ig2NWb_BP214_10C,66.42945776,0,18.37066629,0.077,,0,0.174,3.851300172,11.57711759,,,KFeldspar
32356,Ig2NWb_BP214_9R,65.85630373,0.001,18.60587837,0.055,,0,0.251,4.066692036,11.14935758,,,KFeldspar
32355,Ig2NWb_BP214_9C,66.09301937,0.007,18.34151607,0.042,,0,0.238,3.894612666,11.51699464,,,KFeldspar
32354,Ig2NWb_BP214_6R,66.06078575,0,18.37870773,0.05,,0,0.213,4.766715593,10.50673195,,,KFeldspar
32353,Ig2NWb_BP214_6C,66.45161837,0,18.36161967,0.071,,0,0.208,3.86417686,11.77227077,,,KFeldspar
32352,Ig2NWb_BP214_5R,66.76085964,0,18.74459318,0.086,,0,0.259,4.365197064,10.95124753,,,KFeldspar
32351,Ig2NWb_BP214_5C,66.62688867,0,18.4199201,0.07,,0,0.229,3.831399837,11.6579386,,,KFeldspar
32350,Ig2NWb_BP214_4R,66.17360341,0.005,18.58175405,0.05,,0,0.255,3.777551871,11.22820735,,,KFeldspar
32373,Ig2SW_BP216_9R,63.83406673,0,17.85083123,0.078,,0,0.258,3.811830986,11.11151451,,,KFeldspar
32322,Ig2NWb_BP211_1R,65.01117856,0,18.25306025,0.126,,0,0.255,3.928560297,11.24299168,,,KFeldspar
32294,Ig2Nc_BP209_4R,63.76169136,0,18.04434424,0.132,,0,0.314,3.62028169,10.99529585,,,KFeldspar
32320,Ig2Nc_BP209_15C,63.30331405,0,18.05228324,0.095,,0,0.227,3.606760563,11.23986033,,,KFeldspar
32290,Ig2Nc_BP209_3ID,64.19795398,0,18.01854251,0.105,,0,0.331,3.709295775,10.9760945,,,KFeldspar
32289,Ig2Nc_BP209_3C,64.19795398,0,17.90838895,0.103,,0,0.285,3.718309859,11.17821391,,,KFeldspar
32288,Ig2Nc_BP209_2R,64.94583275,0,18.57030269,0.159,,0,0.302,3.678873239,10.86593943,,,KFeldspar
32287,Ig2Nc_BP209_2ID,64.71161803,0,18.2130479,0.146,,0,0.301,3.487323944,10.85785465,,,KFeldspar
32286,Ig2Nc_BP209_2ID,64.73272751,0,18.02151963,0.145,,0,0.316,3.754366197,11.13779003,,,KFeldspar
32285,Ig2Nc_BP209_2C,66.29080828,0,18.0810621,0.089,,0,0.228,3.736338028,11.26209347,,,KFeldspar
32284,Ig2Nc_BP209_1R,63.84512407,0.003,18.09594771,0.145,,0,0.326,3.690140845,10.84370629,,,KFeldspar
32283,Ig2Nc_BP209_1C,66.0746874,0,18.16045205,0.095,,0,0.27,3.611267606,11.26714645,,,KFeldspar
32282,Ig2Ea_BP198_11R,64.56851893,0,17.78503236,0.032,,0,0,0.876876333,15.57718515,,,KFeldspar
32281,Ig2Ea_BP198_11C,65.13039074,0,18.08310553,0.038,,0,0,0.928789217,15.59473142,,,KFeldspar
32280,Ig2Ea_BP198_10R,66.1556825,0,17.99513254,0.076,,0,0.17,3.838167834,11.11361001,,,KFeldspar
32279,Ig2Ea_BP198_10C,66.94628089,0,18.12243463,0.089,,0,0.159,3.779483704,11.25787931,,,KFeldspar
32278,Ig2Ea_BP198_9C,65.87325489,0,18.04895131,0.07,,0,0.136,3.752398721,11.23058511,,,KFeldspar
32277,Ig2Ea_BP198_8R,64.76144483,0,18.42671765,0,,0,0,1.156754493,14.77200649,,,KFeldspar
32276,Ig2Ea_BP198_8ID,64.27017991,0.009,18.44120732,0.008,,0,0,1.18835364,14.7573846,,,KFeldspar
32275,Ig2Ea_BP198_8ID,64.12200487,0.022,18.65441243,0.035,,0,0,1.154497411,14.42887951,,,KFeldspar
32274,Ig2Ea_BP198_8C,64.03648101,0.007,18.65958731,0.003,,0,0,0.971673774,14.58679591,,,KFeldspar
32273,Ig2Ea_BP198_6R,65.55204322,0,18.23835197,0,,0,0.022,1.449046604,14.26998832,,,KFeldspar
32272,Ig2Ea_BP198_6C,65.29547167,0.007,18.24456183,0.046,,0,0.012,1.340706671,14.4571485,,,KFeldspar
32374,Ig2SW_BP216_10C,65.7972485,0,18.29739972,0.088,,0,0.215,4.010140845,11.20954242,,,KFeldspar
32271,Ig2Ea_BP198_5R,64.78829534,0,18.36047917,0.053,,0,0.008,1.526915931,13.73775158,,,KFeldspar
32270,Ig2Ea_BP198_5C,65.45160242,0.003,18.01272714,0.013,,0,0,0.734680171,15.52649594,,,KFeldspar
32269,Ig2Ea_BP198_4R,63.96985197,0,18.30976533,0.033,,0,0.027,1.135312214,14.75933419,,,KFeldspar
32291,Ig2Nc_BP209_3R,64.56586208,0.007,18.47999662,0.128,,0,0.349,3.94028169,10.55164374,,,KFeldspar
32292,Ig2Nc_BP209_4C,64.4170905,0,18.29343022,0.117,,0,0.274,3.68,11.24087093,,,KFeldspar
32293,Ig2Nc_BP209_4ID,63.10227137,0,18.26266662,0.15,,0,0.347,3.549295775,10.76184793,,,KFeldspar
32295,Ig2Nc_BP209_5C,64.06023974,0,17.83495324,0.081,,0,0.212,3.533521127,11.19438346,,,KFeldspar
32319,Ig2Nc_BP209_14R,63.89437953,0,17.99472552,0.104,,0,0.407,3.584225352,10.95184017,,,KFeldspar
32318,Ig2Nc_BP209_14ID,64.81515501,0,17.97289328,0.138,,0,0.296,3.551549296,11.20044705,,,KFeldspar
32317,Ig2Nc_BP209_14C,64.33868386,0,17.90739657,0.07,,0,0.246,3.628169014,11.25400869,,,KFeldspar
32316,Ig2Nc_BP209_13R,64.69553461,0,18.31327771,0.133,,0,0.288,4.26028169,10.1554897,,,KFeldspar
32315,Ig2Nc_BP209_13C,64.88149909,0,17.92823643,0.083,,0,0.28,3.652957746,11.28230541,,,KFeldspar
32314,Ig2Nc_BP209_12R,63.43801265,0,18.25274287,0.168,,0,0.357,3.536901408,10.8740242,,,KFeldspar
32313,Ig2Nc_BP209_12ID,64.83626449,0,18.42343128,0.136,,0,0.288,3.703661972,10.77801748,,,KFeldspar
32312,Ig2Nc_BP209_12C,65.38008494,0,18.03243575,0.096,,0,0.279,3.687887324,11.21863779,,,KFeldspar
32311,Ig2Nc_BP209_11R,63.68428993,0,18.14556643,0.12,,0,0.315,3.594366197,10.76892211,,,KFeldspar
32310,Ig2Nc_BP209_11ID,64.41910093,0,17.99274077,0.115,,0,0.318,3.667605634,11.03875152,,,KFeldspar
32309,Ig2Nc_BP209_11C,63.91548901,0,17.85380835,0.089,,0,0.274,3.531267606,11.23480735,,,KFeldspar
32321,Ig2NWb_BP211_1C,65.43021559,0,18.34252125,0.093,,0,0.249,3.771698831,11.20258118,,,KFeldspar
32308,Ig2Nc_BP209_10R,64.97598915,0,18.30434634,0.118,,0,0.32,4.532957746,9.706784615,,,KFeldspar
32306,Ig2Nc_BP209_9R,65.33987641,0,17.96594666,0.102,,0,0.273,4.526197183,9.820982081,,,KFeldspar
32305,Ig2Nc_BP209_9C,65.07349485,0,18.18426904,0.108,,0,0.295,3.634929577,11.17821391,,,KFeldspar
32304,Ig2Nc_BP209_8R,63.64307618,0,18.3410642,0.106,,0,0.306,3.716056338,10.89524674,,,KFeldspar
32303,Ig2Nc_BP209_8ID,63.81898853,0,18.58121881,0.114,,0,0.37,3.577464789,10.84774868,,,KFeldspar
32302,Ig2Nc_BP209_8C,65.2122143,0,18.07014598,0.093,,0,0.268,3.672112676,11.34193063,,,KFeldspar
32301,Ig2Nc_BP209_7R,63.79385819,0,17.48662981,0.151,,0,0.274,4.17915493,10.09384328,,,KFeldspar
27998,,39.15483768,,31.20431541,,,,,0.004748718,29.63609819,,,Kalsilite
28005,,37.43551228,,32.06789044,,,,,0.085489589,30.41110769,,,Kalsilite
27996,,38.20693478,,32.42808695,,,,,0.096876433,29.26810185,,,Kalsilite
27997,,38.25968187,,31.78505813,,,,,0.022333162,29.93292684,,,Kalsilite
27999,,39.16733289,,31.30800323,,,,,0.179501486,29.3451624,,,Kalsilite
28006,,38.03720021,,31.74024691,,,,,0.136570858,30.08598202,,,Kalsilite
28001,,37.71543757,,32.66770528,,,,,0.013370469,29.60348668,,,Kalsilite
28002,,37.52328588,,33.06430888,,,,,0.054085226,29.35832002,,,Kalsilite
28003,,37.50138528,,32.99704666,,,,,0.087206851,29.41436121,,,Kalsilite
28004,,37.60014987,,32.82775904,,,,,0.155702822,29.41638826,,,Kalsilite
28000,,38.42461386,,32.68972995,,,,,0.211617537,28.67403865,,,Kalsilite
27995,,38.28151902,,32.59853135,,,,,0.132775943,28.98717368,,,Kalsilite
27985,,38.8286313,,31.99187002,,,,,0.110932016,29.06856666,,,Kalsilite
27993,,37.80638975,,32.57555219,,,,,0.093700468,29.52435759,,,Kalsilite
27992,,37.92695788,,32.42683407,,,,,0.054500102,29.59170795,,,Kalsilite
27991,,38.76245124,,32.16769371,,,,,0.151708729,28.91814632,,,Kalsilite
27990,,37.93883124,,32.21956909,,,,,0.056548692,29.78505098,,,Kalsilite
27989,,38.33373843,,32.5054549,,,,,0.095316186,29.06549048,,,Kalsilite
27988,,38.01865661,,31.74650827,,,,,0.049330892,30.18550423,,,Kalsilite
27987,,38.28452847,,32.02816994,,,,,0.072463091,29.6148385,,,Kalsilite
27986,,37.6188246,,32.08396225,,,,,0.100017268,30.19719588,,,Kalsilite
28007,,38.53539652,,32.372146,,,,,0.040220773,29.05223671,,,Kalsilite
27984,,37.23252652,,31.93310351,,,,,0.146287482,30.68808249,,,Kalsilite
27983,,38.67302248,,31.86752319,,,,,0.003256184,29.45619814,,,Kalsilite
27982,,38.1574641,,31.85764106,,,,,0.054797643,29.9300972,,,Kalsilite
27981,,38.12056219,,32.85590726,,,,,0.195516492,28.82801405,,,Kalsilite
27994,,37.71206514,,32.16048312,,,,,0.13516744,29.9922843,,,Kalsilite
28008,,37.85131034,,32.29680301,,,,,0.091800604,29.76008604,,,Kalsilite
28024,,37.67477903,,32.28952237,,,,,0.07677973,29.95891887,,,Kalsilite
28010,,37.96433222,,32.5921937,,,,,0.070539564,29.37293451,,,Kalsilite
28036,,37.35569487,,32.37661084,,,,,0.043293411,30.22440088,,,Kalsilite
28035,,38.33479629,,31.60419051,,,,,0.039613573,30.02139962,,,Kalsilite
28037,,37.41904617,,32.63096255,,,,,0.099022809,29.85096847,,,Kalsilite
27980,,38.20534043,,32.02711297,,,,,0.04419182,29.72335478,,,Kalsilite
28034,,38.30647011,,31.73340739,,,,,0.122929023,29.83719347,,,Kalsilite
28033,,38.52976553,,31.86703044,,,,,0.121873514,29.48133051,,,Kalsilite
28032,,38.63021958,,32.27996266,,,,,0.018035434,29.07178232,,,Kalsilite
28031,,38.13506155,,31.98997681,,,,,0.048251444,29.8267102,,,Kalsilite
28030,,38.04856535,,31.85691988,,,,,0.196600521,29.89791425,,,Kalsilite
28029,,38.11559894,,31.90631703,,,,,0.014284427,29.9637996,,,Kalsilite
28028,,37.70882728,,33.00371776,,,,,0.018586033,29.26886893,,,Kalsilite
28027,,37.58299044,,32.12880798,,,,,0.111856243,30.17634533,,,Kalsilite
28026,,37.77285939,,32.14544877,,,,,0.149864839,29.931827,,,Kalsilite
28025,,38.16556954,,32.15262242,,,,,0.032692747,29.6491153,,,Kalsilite
28023,,38.87460103,,31.86310406,,,,,0.191757306,29.0705376,,,Kalsilite
28022,,38.02327057,,32.94281337,,,,,0.121571881,28.91234417,,,Kalsilite
28021,,37.8718563,,32.67770749,,,,,0.156773951,29.29366227,,,Kalsilite
28020,,38.34080602,,31.70012997,,,,,0.213337322,29.74572669,,,Kalsilite
28019,,39.25424671,,31.72507514,,,,,0.017233329,29.00344482,,,Kalsilite
28018,,37.50397048,,32.37519182,,,,,0.195674733,29.92516297,,,Kalsilite
28017,,38.56167264,,31.92250046,,,,,0.008970654,29.50685625,,,Kalsilite
28016,,38.21371247,,31.47329072,,,,,0.239467546,30.07352926,,,Kalsilite
28015,,38.84476342,,31.55513418,,,,,0.122043541,29.47805886,,,Kalsilite
28014,,38.98326322,,31.70088968,,,,,0.045821794,29.27002531,,,Kalsilite
28013,,38.25487653,,31.92172743,,,,,0.000252272,29.82314377,,,Kalsilite
28012,,37.45563331,,33.12064154,,,,,0.137234678,29.28649046,,,Kalsilite
28011,,37.89214952,,32.77624636,,,,,0.064298096,29.26730602,,,Kalsilite
28009,,37.94076223,,33.06843402,,,,,0.156986373,28.83381738,,,Kalsilite
27979,,38.88023508,,32.38756616,,,,,0.051691778,28.68050698,,,Kalsilite
27942,,37.52709109,,32.46222449,,,,,0.103787918,29.9068965,,,Kalsilite
27977,,37.53790231,,31.99918408,,,,,0.060819946,30.40209367,,,Kalsilite
27944,,37.34471351,,32.2952568,,,,,0.036504648,30.32352504,,,Kalsilite
27943,,37.71819523,,32.64796697,,,,,0.177191781,29.45664601,,,Kalsilite
27941,,37.72936695,,31.74923196,,,,,0.004581721,30.51681937,,,Kalsilite
27940,,36.89110221,,33.18140567,,,,,0.003965012,29.92352712,,,Kalsilite
27939,,37.11739539,,32.80655399,,,,,0.030662899,30.04538772,,,Kalsilite
27938,,38.18009125,,32.02658028,,,,,0.050056202,29.74327227,,,Kalsilite
27937,,37.75452284,,32.23863754,,,,,0.018663748,29.98817587,,,Kalsilite
27936,,37.65044511,,32.49722215,,,,,0.154268322,29.69806442,,,Kalsilite
27935,,37.71874811,,33.18100531,,,,,0.010238382,29.0900082,,,Kalsilite
27934,,37.37611719,,32.6466245,,,,,0.01907772,29.95818059,,,Kalsilite
27933,,37.43846741,,32.90152655,,,,,0.157636003,29.50237004,,,Kalsilite
27932,,37.57450962,,33.34818733,,,,,0.059483403,29.01781964,,,Kalsilite
27931,,38.70530478,,32.74058006,,,,,0.01230785,28.54180731,,,Kalsilite
27930,,37.08680112,,32.99436876,,,,,0.010146273,29.90868385,,,Kalsilite
27929,,37.44657894,,32.19551709,,,,,0.025940934,30.33196304,,,Kalsilite
27928,,38.81749776,,31.76791099,,,,,0.15665756,29.2579337,,,Kalsilite
27927,,38.08030208,,32.08524563,,,,,0.025506081,29.80894621,,,Kalsilite
27926,,38.15354332,,32.53891999,,,,,0.049156777,29.25837992,,,Kalsilite
27925,,38.97910855,,31.82576779,,,,,0.167103178,29.02802048,,,Kalsilite
27924,,37.75127536,,32.24560296,,,,,0.0550027,29.94811899,,,Kalsilite
27923,,38.41482487,,31.33026803,,,,,0.099564393,30.15534271,,,Kalsilite
27922,,37.84120255,,32.87188772,,,,,0.023477348,29.26343238,,,Kalsilite
27921,,37.49165866,,31.93804431,,,,,0.048559556,30.52173748,,,Kalsilite
27918,,38.62181567,,32.46296687,,,,,0.063177479,28.85203998,,,Kalsilite
28038,,37.88656842,,31.88036367,,,,,0.009809905,30.223258,,,Kalsilite
27920,,36.81599643,,32.63301364,,,,,0.00396372,30.54702622,,,Kalsilite
27919,,37.12865216,,32.39304629,,,,,0.014711372,30.46359017,,,Kalsilite
27945,,38.447716,,32.07782474,,,,,0.105882576,29.36857669,,,Kalsilite
27946,,38.18119107,,32.03836113,,,,,0.105701513,29.67474629,,,Kalsilite
27947,,39.09486808,,31.12636618,,,,,0.0021246,29.77664114,,,Kalsilite
27948,,37.26738296,,32.59331769,,,,,0.071881441,30.06741791,,,Kalsilite
27976,,38.45655384,,31.67817596,,,,,0.140056228,29.72521398,,,Kalsilite
27975,,37.52013678,,32.51244499,,,,,0.026012915,29.94140531,,,Kalsilite
27974,,38.1346454,,31.47603162,,,,,0.341498989,30.04782399,,,Kalsilite
27973,,38.6787912,,31.79735576,,,,,0.166248335,29.35760471,,,Kalsilite
27972,,37.46444707,,32.96813767,,,,,0.012667851,29.55474741,,,Kalsilite
27971,,36.02704992,,32.96775065,,,,,0.117930104,30.88726933,,,Kalsilite
27970,,38.24840339,,32.19630435,,,,,0.05567458,29.49961768,,,Kalsilite
27969,,38.12005182,,32.45642894,,,,,0.036863162,29.38665607,,,Kalsilite
35698,459_4,56.344,0.168,21.96101734,0.835048181,0.012,0.197,,0.078144,20.472,,0.014,Leucite
35697,459_3,56.744,0.161,21.71067795,0.922075535,0.021,0.236,,0.105672,20.305,,0.021,Leucite
35696,459_2,55.477,0.194,22.84887024,0.343965256,0.001,0.025,,0.261072,20.288,,,Leucite
35695,459_1,56.428,0.123,21.77796703,0.921039495,0.006,0.243,,0.174936,20.076,,0.015,Leucite
35694,458_26,56.226,0.13,21.91605963,0.743876667,,0.195,,0.224664,20.354,,0.002,Leucite
35693,458_25,56.309,0.162,22.10443982,0.728336068,,0.196,,0.085248,20.542,,0.018,Leucite
35692,458_24,56.4846929,0.142,22.523613,0.731392186,,0.172,,0.081144,20.489,,,Leucite
35699,459_5,56.83,0.135,22.07332813,0.795678664,,0.175,,0.229104,20.198,,,Leucite
35723,460 (OG-4)_8,56.459,0.144,21.8549492,0.819507582,0.009,0.22,,0.083472,20.617,,,Leucite
35690,458_22,56.4549239,0.133,22.654681,0.796473694,0.013,0.213,,0.139356,20.505,,,Leucite
35689,458_21,55.9270203,0.155,22.386203,0.663211559,0.011,0.162,,0.099666,20.481,,,Leucite
35724,460 (OG-4)_9,56.137,0.131,21.99186816,0.809147183,,0.21,,0.10656,20.535,,,Leucite
35688,458_20,56.2078412,0.146,22.574349,0.646682922,0.001,0.168,,0.107604,20.442,,0.009,Leucite
35687,458_19,55.4209473,0.14,22.498245,0.65494724,0.028,0.191,,0.087318,20.493,,0.01,Leucite
35686,458_18,56.0441117,0.121,22.410514,0.886348158,0.005,0.2,,0.08379,20.575,,0.014,Leucite
35685,458_17,55.6908529,0.134,22.307985,0.773746818,,0.186,,0.099666,20.549,,0.024,Leucite
35684,458_16,56.0212888,0.156,22.209684,0.826431849,,0.238,,0.074088,20.553,,,Leucite
35683,458_15,56.2475332,0.146,21.986657,0.848125685,0.003,0.232,,0.113778,20.426,,,Leucite
35691,458_23,56.8905436,0.127,22.315384,0.892546397,,0.239,,0.143766,20.267,,0.034,Leucite
35700,459_6,56.833,0.164,21.76820052,0.944868413,,0.198,,0.187368,20.117,,0.011,Leucite
35713,459_19,56.39380634,0.156,21.6981179,0.857033028,,0.24,,0.078,20.4973247,,0.013,Leucite
35702,459_8,56.126,0.126,21.84349402,0.781174105,,0.21,,0.224664,20.232,,0.039,Leucite
35722,460 (OG-4)_7,56.525,0.132,22.10037095,0.889958297,0.002,0.218,,0.079032,20.621,,,Leucite
35682,458_14,54.6499302,0.065,23.263513,0.262392112,0.014,0.019,,0.100548,20.835,,,Leucite
35721,460 (OG-4)_6,56.253,0.124,22.03722023,0.832976101,0.006,0.22,,0.07104,20.571,,,Leucite
35720,460 (OG-4)_5,56.395,0.135,22.0925048,0.839192341,0.025,0.229,,0.111,20.598,,,Leucite
35719,460 (OG-4)_4,54.501,0.039,23.62395803,0.300451579,,0.011,,0.114552,20.728,,,Leucite
35718,460 (OG-4)_3,56.493,0.132,22.21760473,0.840228381,,0.208,,0.104784,20.692,,0.028,Leucite
35717,460 (OG-4)_2,56.524,0.17,21.81374903,0.856805019,0.013,0.214,,0.111,20.486,,0.011,Leucite
35716,460 (OG-4)_1,56.451,0.156,22.37177009,0.646488914,0.007,0.183,,0.101232,20.637,,,Leucite
35715,459_21,55.81603817,0.145,22.26516061,0.681026245,,0.19,,0.085,20.6553138,,,Leucite
35701,459_7,57.201,0.183,21.65575222,1.027751607,,0.239,,0.216672,20.107,,0.003,Leucite
35714,459_20,55.81019579,0.138,22.29510101,0.645024858,,0.167,,0.176,20.4731735,,,Leucite
35711,459_17,56.3639305,0.134,22.31633054,0.614023663,,0.204,,0.3,20.4097766,,0.036,Leucite
35710,459_16,56.34943238,0.137,22.10886288,0.727028018,0.024,0.202,,0.274,20.3604679,,,Leucite
35709,459_15,56.52570194,0.17,21.71581173,1.007038809,0.018,0.253,,0.062,20.4641168,,0.017,Leucite
35708,459_14,57.11455799,0.173,21.95527679,0.860033144,0.023,0.217,,0.236,20.3987073,,0.003,Leucite
35707,459_13,56.29201323,0.133,22.15818241,0.75302902,0.001,0.171,,0.091,20.6382067,,,Leucite
35706,459_12,56.54743335,0.133,21.78227226,0.875033722,,0.207,,0.15,20.5043688,,,Leucite
35705,459_11,55.95927034,0.116,22.14496269,0.734028288,,0.169,,0.233,20.4148081,,0.005,Leucite
35704,459_10,56.155,0.146,21.60970526,0.863021259,,0.223,,0.273504,20.193,,,Leucite
35703,459_9,56.371,0.115,21.74238651,0.839192341,,0.226,,0.07104,20.353,,,Leucite
35712,459_18,56.26498023,0.164,22.09543456,0.650025051,0.021,0.191,,0.136,20.6452508,,,Leucite
35681,458_13,55.6501686,0.13,22.191715,0.82229969,0.015,0.214,,0.108486,20.527,,,Leucite
35652,MSL3 lc in pheno ol 1-8,54.8414,0.0994,22.3328,0.3655,0,0.0315,0.731,0.6648,19.4882,,,Leucite
35679,458_11,55.9438894,0.142,22.145207,0.790275455,,0.212,,0.124362,20.588,,,Leucite
35653,MSL3 lc in pheno ol 3-1,55.358,0.137,22.64,0.416,0.062,0.013,0.018,0.539,20.018,,,Leucite
35651,MSL3 lc in pheno ol 1-7,55.4962,0.0976,22.8437,0.371,0,0,0.0228,0.5894,19.8533,,,Leucite
35650,MSL3 lc in ol pheno 4-16,54.8991,0.0533,22.5874,0.3637,0.0619,0,0,0.3224,20.4641,,,Leucite
35649,MSL3b lc gm 1-34,54.67,0.19,22.86,0.41,0.03,0.01,0.02,0.38,21.14,,,Leucite
35648,MSL5 lc gm 7-4,55.1,0.18,22.69,0.43,0.06,0,0,0.51,20.77,,,Leucite
35647,MSL3new lc gm,54.52,0.16,22.1,0.44,0.05,0.05,0.7,0.38,20.52,,,Leucite
35646,MSL3new lc gm,54.88,0.22,22.24,0.57,0.04,0,0.03,0.18,21.08,,,Leucite
35645,MSL3new lc gm,54.95,0.26,22.46,0.49,0.05,0.01,0,0.19,21.21,,,Leucite
35644,MSL3 lc gm 2-9,55.784,0.096,22.686,0.403,0,0.016,0,0.63,19.55,,,Leucite
35654,MSL3 lc in pheno ol 4-8,55.4242,0.1216,22.7263,0.3025,0,0.0023,0.0066,0.4387,20.3894,,,Leucite
35643,MSL3 lc gm 2-2,55.5291,0.1003,22.5288,0.3799,0.0265,0,0,0.3657,20.2029,,,Leucite
35641,MSL3 lc gm 1-6,54.988,0.106,22.773,0.461,0,0.016,0,0.447,19.877,,,Leucite
35640,MSL3 lc gm 1-5,55.637,0.111,22.544,0.443,0,0.103,0.172,0.414,19.875,,,Leucite
35639,MFF13 lc microph 1.86,54.79,0,23.14,0.63,0,,0,0,20.49,,,Leucite
35638,MFF12 lc microph 1.10,53.87,0,22.24,0.62,0,,0,0,22.06,,,Leucite
35637,MFF12 lc microph 1.8,54.64,0,23.29,0.64,0,,0,0,22.1,,,Leucite
35636,MFF12 lc microph 1.6,53.7,0,22.56,0.61,0,,0,0,21.45,,,Leucite
35725,460 (OG-4)_10,56.14,0.137,21.99787607,0.861985219,,0.202,,0.0666,20.607,,0.025,Leucite
35635,MF4 lc gm 3.6,55.126,0.074,22.739,0.379,0,,0.122,0.036,19.804,,,Leucite
35634,MF4 lc gm 1.10,55.418,0.065,22.263,0.587,0,,0,0.027,20.842,,,Leucite
35642,MSL3 lc gm 2-1,55.4332,0.1545,22.5361,0.4505,0,0.015,0,0.4488,20.0859,,,Leucite
35655,MSL3 lc micropheno 2-8,55.479,0.112,22.608,0.405,0.006,0.021,0.028,0.273,20.439,,,Leucite
35656,MSL3new lc in inclusion in ol 1-16,55.13,0.13,22.6,0.47,0.08,0.01,0.02,1,19.18,,,Leucite
35657,MSL3new lc in inclusion in ol 1-17,54.79,0.26,22.18,0.56,0.04,0.04,0.05,0.46,20.25,,,Leucite
35678,458_10,55.9012205,0.149,22.120896,0.836762247,0.005,0.213,,0.121716,20.412,,0.051,Leucite
35677,458_9,55.7454294,0.163,22.12301,0.810936252,,0.218,,0.064386,20.446,,0.005,Leucite
35676,458_8,56.425,0.138,21.8604217,0.806039063,,0.203,,0.092352,20.541,,0.027,Leucite
35675,458_7,55.823,0.127,21.57937082,0.85058878,0.001,0.211,,0.086136,20.491,,,Leucite
35674,458_6,56.333,0.128,21.80756033,0.811219263,,0.203,,0.074592,20.661,,,Leucite
35673,458_5,55.907,0.13,21.83811705,0.654777234,0.036,0.183,,0.078144,20.51,,0.011,Leucite
35672,458_4,56.436,0.102,21.76121654,0.764597466,,0.211,,0.103008,20.324,,0.007,Leucite
35671,458_3,56.426,0.132,21.90259137,0.774957865,,0.193,,0.122544,20.574,,0.01,Leucite
35670,458_2,56.777,0.133,22.0209562,0.894102457,0.014,0.235,,0.090576,20.455,,0.015,Leucite
35669,458_1,56.428,0.161,21.78387895,0.882706018,0.001,0.203,,0.206904,20.598,,0.01,Leucite
35668,Leucite_77,57.75,0,20.26,0,,0,0,0.44,21.55,,,Leucite
35667,MSL3b lc in subhedral ol 1-33,54.31,0.17,22.82,0.42,0.02,0,0,0.71,20.66,,,Leucite
35666,MSL5 lc in inclusion in ol 5-7,55.3,0.12,22.51,0.39,0.01,0,0,0.13,21.15,,,Leucite
35665,MSL3new lc in inclusion in ol 6-7,54.53,0.15,22.35,0.4,0,0.02,0.01,0.17,20.94,,,Leucite
35664,MSL3new lc in inclusion in ol 5-12,54.26,0.19,22.71,0.37,0.01,0,0,0.63,20.3,,,Leucite
35663,MSL3new lc in inclusion in ol 5-10,54.79,0.17,22.28,0.3,0,0,0,0.6,20.38,,,Leucite
35662,MSL3new lc in inclusion in ol 4-24,54.92,0.17,22.81,0.38,0.04,0.01,0,0.38,20.99,,,Leucite
35661,MSL3new lc in inclusion in ol 4-12,54.53,0.16,22.05,0.41,0.02,0,0.05,0.22,20.91,,,Leucite
35660,MSL3new lc in inclusion in ol 1-25,54.79,0.16,22.43,0.58,0,0.01,0.01,0.32,21.14,,,Leucite
35659,MSL3new lc in inclusion in ol 1-20,54.78,0.15,22.64,0.21,0,0.03,0.03,0.5,21.02,,,Leucite
35658,MSL3new lc in inclusion in ol 1-19,55.24,0.01,21.83,0.72,0,0.01,0.05,0.28,20.7,,,Leucite
35680,458_12,56.0500655,0.144,22.209684,0.843993526,0.003,0.203,,0.059976,20.458,,0.015,Leucite
35726,460 (OG-4)_11,54.938,0.043,23.49602542,0.317028218,,0.005,,0.113664,20.66,,0.007,Leucite
35786,462_3,56.627,0.132,21.99608889,0.789462424,,0.201,,0.10212,20.444,,,Leucite
35728,460 (OG-4)_13,55.125,0.128,23.06754472,0.500407285,0.003,0.032,,0.113664,20.459,,,Leucite
35797,462_14,55.396,0.129,21.8190023,0.803966983,0.002,0.203,,0.131424,20.537,,,Leucite
35796,462_13,56.198,0.129,21.98806211,0.814327382,,0.211,,0.149184,20.478,,0.014,Leucite
35795,462_12,56.199,0.149,21.90908983,0.828831941,0.001,0.212,,0.135864,20.39,,0.016,Leucite
35794,462_11,56.179,0.143,21.81345044,0.775993905,0.006,0.185,,0.15096,20.302,,,Leucite
35793,462_10,56.072,0.136,20.94359594,1.565456329,0.002,0.385,,0.126096,20.366,,,Leucite
38599,BT-19ITMTE 63,0.08,8.37,1.34,83.24,0.41,0.85,0,,,,0.05,Magnetite
38605,BT-19ITMTE 73,0.06,8.54,1.33,83.34,0.39,0.86,0.01,,,,0.06,Magnetite
38604,BT-19ITMTE 72,0.09,8.35,1.24,83.33,0.36,0.83,0.01,,,,0,Magnetite
38603,BT-19ITMTE 67,0.09,8.22,1.33,83.52,0.42,0.83,0.02,,,,0.06,Magnetite
38600,BT-19ITMTE 64,0.04,8.47,1.32,83.65,0.39,0.86,0,,,,0.03,Magnetite
38601,BT-19ITMTE 65,0.08,8.41,1.33,83.1,0.39,0.88,0.03,,,,0.02,Magnetite
38597,BT-19ITMTE 59,0.08,8.34,1.36,83.45,0.37,0.82,0.01,,,,0.03,Magnetite
38598,BT-19ITMTE 60,0.08,8.42,1.34,83.65,0.37,0.86,0.01,,,,0,Magnetite
38606,BT-19ITMTE 74,0.08,8.25,1.36,83.63,0.38,0.84,0,,,,0.02,Magnetite
38602,BT-19ITMTE 66,0.1,8.42,1.26,83.82,0.38,0.84,0.02,,,,0.05,Magnetite
38616,BT-19ITMTE 87,0.07,8.18,1.31,83.49,0.37,0.81,0.02,,,,0,Magnetite
38608,BT-19ITMTE 77,0.11,8.4,1.38,82.91,0.4,0.9,0.03,,,,0.04,Magnetite
38609,BT-19ITMTE 78,0.04,8.23,1.38,83.89,0.43,0.89,0.01,,,,0.03,Magnetite
38610,BT-19ITMTE 79,0.05,8.53,1.32,83.49,0.41,0.86,0.03,,,,0.03,Magnetite
38611,BT-19ITMTE 80,0.04,8.42,1.34,83.52,0.38,0.87,0,,,,0.02,Magnetite
38612,BT-19ITMTE 81,0.08,8.31,1.37,83.41,0.37,0.9,0.03,,,,0.01,Magnetite
38613,BT-19ITMTE 82,0.06,8.26,1.27,83.38,0.44,0.86,0.02,,,,0.03,Magnetite
38614,BT-19ITMTE 84,0.09,8.44,1.33,83.08,0.36,0.83,0,,,,0.04,Magnetite
38615,BT-19ITMTE 86,0.1,8.37,1.29,83.44,0.37,0.84,0.05,,,,0.05,Magnetite
38596,BT-19ITMTE 58,0.05,8.22,1.35,82.98,0.4,0.83,0.01,,,,0.08,Magnetite
38617,BT-19ITMTE 88,0.09,8.22,1.33,83.36,0.37,0.82,0.03,,,,0.02,Magnetite
38618,BT-19ITMTE 89,0.08,8.17,1.3,83.63,0.4,0.85,0.02,,,,0.05,Magnetite
38619,BT-19ITMTE 90,0.1,8.49,1.32,83.2,0.4,0.85,0,,,,0.01,Magnetite
38607,BT-19ITMTE 75,0.07,8.47,1.32,83.46,0.41,0.87,0.02,,,,0.03,Magnetite
38595,BT-19ITMTE 57,0.09,8.34,1.34,83.53,0.38,0.79,0.04,,,,0.01,Magnetite
38576,BT-19ITMTE 33,0.04,8.32,1.32,83.08,0.43,0.82,0.01,,,,0.1,Magnetite
38593,BT-19ITMTE 55,0.07,8.56,1.3,83.16,0.42,0.9,0,,,,0.01,Magnetite
38570,BT-19ITMTE 25,0.09,8.22,1.36,83.04,0.4,0.85,0.06,,,,0.03,Magnetite
38571,BT-19ITMTE 26,0.07,8.46,1.3,83.38,0.39,0.82,0.01,,,,0,Magnetite
38620,BT-19ITMTE 91,0.09,8.39,1.31,83.27,0.39,0.84,0,,,,0.01,Magnetite
38569,BT-19ITMTE 24,0.13,8.36,1.34,83.67,0.4,0.84,0.01,,,,0.02,Magnetite
38572,BT-19ITMTE 27,0.05,8.43,1.32,83.42,0.4,0.86,0,,,,0.06,Magnetite
38573,BT-19ITMTE 28,0.06,8.36,1.28,83.56,0.37,0.86,0,,,,0.04,Magnetite
38574,BT-19ITMTE 29,0.1,8.41,1.2,83.19,0.73,0.34,0,,,,0,Magnetite
38575,BT-19ITMTE 32,0.08,8.05,1.37,83.89,0.4,0.84,0.01,,,,0.03,Magnetite
38577,BT-19ITMTE 36,0.06,8.37,1.29,83.23,0.4,0.85,0.02,,,,0.05,Magnetite
38578,BT-19ITMTE 38,0.1,8.03,1.32,83.12,0.38,0.81,0,,,,0.08,Magnetite
38579,BT-19ITMTE 39,0.11,8.08,1.39,83.96,0.39,0.84,0,,,,0.02,Magnetite
38594,BT-19ITMTE 56,0.11,8.29,1.34,83.65,0.43,0.84,0,,,,0.04,Magnetite
38580,BT-19ITMTE 40,0.04,8.47,1.32,83.21,0.39,0.91,0.01,,,,0.05,Magnetite
38582,BT-19ITMTE 42,0.07,8.4,1.36,82.68,0.43,0.93,0,,,,0.01,Magnetite
38583,BT-19ITMTE 43,0.08,8.1,1.26,83.36,0.39,0.87,0,,,,0.04,Magnetite
38584,BT-19ITMTE 44,0.09,8.05,1.28,83.05,0.37,0.83,0.07,,,,0.05,Magnetite
38585,BT-19ITMTE 46,0.08,8.2,1.32,83.55,0.38,0.84,0,,,,0,Magnetite
38586,BT-19ITMTE 47,0.1,8.51,1.27,83.24,0.41,0.88,0.02,,,,0,Magnetite
38587,BT-19ITMTE 48,0.11,8.56,1.29,83.36,0.39,0.86,0.01,,,,0.01,Magnetite
38588,BT-19ITMTE 49,0.09,8.29,1.26,83.41,0.37,0.84,0,,,,0.02,Magnetite
38589,BT-19ITMTE 50,0.08,8.43,1.36,83.27,0.4,0.84,0,,,,0.04,Magnetite
38590,BT-19ITMTE 51,0.08,8.31,1.37,83.34,0.4,0.81,0.01,,,,0,Magnetite
38591,BT-19ITMTE 52,0.06,8.31,1.27,83.11,0.43,0.85,0.03,,,,0.04,Magnetite
38592,BT-19ITMTE 53,0.07,8.41,1.28,83.84,0.4,0.89,0,,,,0.02,Magnetite
38581,BT-19ITMTE 41,0.08,8.08,1.34,83.93,0.42,0.75,0.05,,,,0.1,Magnetite
38621,BT-19ITMTE 92,0.1,8.18,1.36,83.27,0.41,0.87,0.01,,,,0.03,Magnetite
38666,BT-19ITMTE 123-9,0.09,8.12,1.33,83.85,0.39,0.81,0.01,,,,0.04,Magnetite
38623,BT-19ITMTE 94,0.1,8.44,1.44,83.62,0.39,0.84,0.02,,,,0.02,Magnetite
38653,BT-19ITMTE 113-1,0.05,8.36,1.22,84.25,0.37,0.74,0.02,,,,0.01,Magnetite
38654,BT-19ITMTE 113-2,0.08,8.34,1.28,83.77,0.39,0.72,0.01,,,,0,Magnetite
38655,BT-19ITMTE 113-3,0.1,8.27,1.32,83.27,0.41,0.75,0.02,,,,0.02,Magnetite
38656,BT-19ITMTE 113-5,0.05,8.23,1.35,84.13,0.37,0.73,0.02,,,,0,Magnetite
38657,BT-19ITMTE 113-6,0.06,8.44,1.3,83.8,0.42,0.76,0.01,,,,0.05,Magnetite
38658,BT-19ITMTE 113-7,0.05,8.3,1.34,84.2,0.39,0.78,0.02,,,,0.01,Magnetite
38659,BT-19ITMTE 113-8,0.08,8.45,1.34,83.78,0.41,0.78,0.01,,,,0.02,Magnetite
38660,BT-19ITMTE 123-2,0.04,8.37,1.3,84.03,0.44,0.76,0,,,,0.1,Magnetite
38661,BT-19ITMTE 123-3,0.06,8.18,1.37,84.05,0.44,0.75,0,,,,0.06,Magnetite
38662,BT-19ITMTE 123-4,0.08,8.52,1.34,83.06,0.41,0.79,0,,,,0.08,Magnetite
38663,BT-19ITMTE 123-5,0.07,8.23,1.24,84.12,0.37,0.79,0.04,,,,0.06,Magnetite
38652,BT-19ITMTE 112-24,0.08,8.33,1.34,84,0.38,0.83,0.01,,,,0,Magnetite
38664,BT-19ITMTE 123-6,0.06,8.17,1.38,83.98,0.44,0.78,0.02,,,,0.04,Magnetite
38667,BT-19ITMTE 123-10,0.09,8.1,1.33,83.63,0.42,0.75,0,,,,0.07,Magnetite
38668,BT-19ITMTE 123-11,0.06,8.39,1.3,83.77,0.41,0.73,0,,,,0.05,Magnetite
38669,BT-19ITMTE 123-12,0.04,8.26,1.32,84.13,0.4,0.77,0.01,,,,0.08,Magnetite
38670,BT-19ITMTE 123-14,0.07,8.08,1.3,83.69,0.41,0.75,0.03,,,,0.04,Magnetite
38671,BT-19ITMTE 123-16,0.03,8.19,1.27,84.03,0.42,0.85,0.01,,,,0.07,Magnetite
38672,BT-19ITMTE 115-1,0.1,8.46,1.35,83.86,0.43,0.8,0.02,,,,0,Magnetite
38673,BT-19ITMTE 115-3,0.06,8.49,1.24,83.34,0.38,0.8,0.02,,,,0.06,Magnetite
38674,BT-19ITMTE 115-4,0.14,8.41,1.37,83.47,0.36,0.85,0,,,,0.03,Magnetite
38676,BT-19ITMTE 115-6,0.07,8.6,1.23,84.06,0.42,0.77,0,,,,0.02,Magnetite
38568,BT-19ITMTE 23,0.13,8.39,1.34,83.05,0.39,0.89,0.03,,,,0.09,Magnetite
38675,BT-19ITMTE 115-5,0.06,8.44,1.34,83.79,0.4,0.76,0,,,,0,Magnetite
38665,BT-19ITMTE 123-7,0.07,8.39,1.33,83.69,0.43,0.76,0.05,,,,0.02,Magnetite
38651,BT-19ITMTE 112-23,0.09,8.28,1.28,84.23,0.39,0.76,0,,,,0,Magnetite
38650,BT-19ITMTE 112-22,0.08,8.32,1.33,84.18,0.42,0.75,0,,,,0,Magnetite
38649,BT-19ITMTE 112-21,0.11,8.17,1.27,83.67,0.4,0.77,0,,,,0.03,Magnetite
38624,BT-19ITMTE 95,0.1,8.5,1.39,83.33,0.41,0.87,0,,,,0.02,Magnetite
38625,BT-19ITMTE 97,0.11,8.36,1.32,83.24,0.42,0.83,0,,,,0.04,Magnetite
38626,BT-19ITMTE 98,0.16,8.3,1.32,83.36,0.37,0.82,0,,,,0.04,Magnetite
38627,BT-19ITMTE 99,0.11,8.15,1.31,84.36,0.42,0.83,0.01,,,,0.01,Magnetite
38628,BT-19ITMTE 100,0.09,8.36,1.35,83.56,0.44,0.83,0.04,,,,0.04,Magnetite
38629,BT-19ITMTE 107-1,0.1,8.41,1.31,83.97,0.39,0.77,0,,,,0.06,Magnetite
38630,BT-19ITMTE 107-2,0.09,8.35,1.31,83.72,0.39,0.78,0,,,,0.03,Magnetite
38631,BT-19ITMTE 107-3,0.08,8.46,1.36,83.85,0.39,0.8,0,,,,0.05,Magnetite
38632,BT-19ITMTE 112-1,0.1,8.32,1.36,83.94,0.45,0.78,0.03,,,,0.02,Magnetite
38633,BT-19ITMTE 112-2,0.05,8.26,1.31,83.62,0.42,0.76,0,,,,0,Magnetite
38634,BT-19ITMTE 112-3,0.07,8.36,1.38,83.63,0.39,0.78,0,,,,0.01,Magnetite
38635,BT-19ITMTE 112-4,0.1,8.35,1.35,84.08,0.38,0.76,0,,,,0.01,Magnetite
38636,BT-19ITMTE 112-5,0.08,8.44,1.31,83.89,0.43,0.77,0,,,,0.01,Magnetite
38637,BT-19ITMTE 112-8,0.11,8.37,1.3,83.93,0.38,0.77,0,,,,0.02,Magnetite
38638,BT-19ITMTE 112-9,0.07,8.22,1.34,84.1,0.42,0.74,0.01,,,,0,Magnetite
38639,BT-19ITMTE 112-10,0.08,8.28,1.3,83.89,0.38,0.74,0.04,,,,0.05,Magnetite
38640,BT-19ITMTE 112-11,0.06,8.43,1.34,83.92,0.44,0.74,0.01,,,,0,Magnetite
40564,HEG17_Melilith24 ,42.57,0.078,6.57,2.83,0.075,8.8,35.36,2.93,0.206,,0,Melilite
40563,HEG17_Melilith23 ,42.75,0.077,6.4,2.94,0.06,8.74,35.12,2.88,0.205,,0.023,Melilite
40562,HEG17_Melilith22 ,42.94,0.063,6.21,2.89,0.033,8.79,34.97,2.95,0.172,,0.013,Melilite
40561,HEG17_Melilith21 ,43.4,0.066,6.24,2.92,0.053,8.64,34.23,2.86,0.195,,0,Melilite
40560,HEG17_Melilith20 ,43.68,0.046,5.83,2.88,0.086,8.84,34.94,2.98,0.198,,0,Melilite
40559,HEG17_Melilith19 ,43.23,0.061,6.33,2.81,0.058,8.69,35.03,2.95,0.193,,0.024,Melilite
40558,HEG17_Melilith18 ,42.64,0.102,6.35,2.94,0.055,8.85,35.1,2.86,0.176,,0,Melilite
40557,HEG17_Melilith17 ,42.66,0.067,6.76,2.84,0.085,8.56,35.1,3.04,0.218,,0,Melilite
40556,HEG17_Melilith16 ,42.78,0.101,6.16,2.7,0.098,8.88,35.57,2.91,0.163,,0,Melilite
40552,HEG17_Melilith12 ,42.85,0.081,6.59,3.16,0.098,8.43,34.41,3.02,0.195,,0.039,Melilite
40554,HEG17_Melilith14 ,42.91,0.064,6.2,3.24,0.061,8.57,34.95,3,0.172,,0,Melilite
40553,HEG17_Melilith13 ,42.7,0.074,6.79,2.99,0.076,8.58,34.62,2.99,0.211,,0,Melilite
40551,HEG17_Melilith10 ,43.1,0.091,6.95,2.89,0.043,8.57,34.07,3.01,0.176,,0.009,Melilite
40565,HEG15_Melilith1 ,43.12,0.072,6.54,3.32,0.077,8.17,33.22,3.05,0.168,,0,Melilite
40555,HEG17_Melilith15 ,42.69,0.08,6.64,3.13,0.035,8.54,34.88,2.96,0.167,,0.009,Melilite
40580,HEG12_Melilith1 ,43.17,0.112,6.12,3.5,0.086,8.54,36.09,2.87,0.145,,0,Melilite
40567,HEG15_Melilith3 ,43.21,0.09,6.44,3.57,0.082,8.2,33.81,2.94,0.176,,0,Melilite
40579,HEG15_Melilith15 ,42.83,0.091,6.46,3.38,0.091,7.91,33.58,3,0.155,,0,Melilite
40550,HEG17_Melilith9 ,42.83,0.094,6.58,3.01,0.077,8.5,35.24,3.03,0.194,,0.022,Melilite
40581,HEG12_Melilith2 ,43.35,0.108,6.69,3.48,0.099,8.12,35.17,3.28,0.196,,0.009,Melilite
40578,HEG15_Melilith14 ,43.06,0.069,6.49,3.7,0.109,7.98,34,3.08,0.175,,0.026,Melilite
40577,HEG15_Melilith13 ,42.54,0.129,7.01,3.45,0.085,7.9,34.07,2.98,0.14,,0.012,Melilite
40576,HEG15_Melilith12 ,42.47,0.113,6.48,3.54,0.14,7.98,34.27,2.91,0.168,,0,Melilite
40566,HEG15_Melilith2 ,42.8,0.097,6.36,3.39,0.067,8.46,34.56,2.96,0.168,,0.01,Melilite
40575,HEG15_Melilith11 ,42.61,0.091,6.48,3.59,0.143,8.05,33.69,2.88,0.193,,0,Melilite
40573,HEG15_Melilith9 ,43.1,0.092,6.42,3.48,0.114,7.9,33.51,3.02,0.167,,0,Melilite
40572,HEG15_Melilith8 ,42.45,0.098,7.12,3.61,0.09,7.85,34,2.91,0.178,,0,Melilite
40571,HEG15_Melilith7 ,42.68,0.075,6.5,3.46,0.093,8.03,34.14,2.99,0.162,,0,Melilite
40570,HEG15_Melilith6 ,42.37,0.107,7.28,3.83,0.082,7.56,33.61,2.88,0.144,,0,Melilite
40569,HEG15_Melilith5 ,43.01,0.094,6.49,3.64,0.116,7.97,33.82,2.87,0.161,,0,Melilite
40568,HEG15_Melilith4 ,43.12,0.074,6.48,3.71,0.117,7.92,33.89,3.13,0.184,,0,Melilite
40574,HEG15_Melilith10 ,42.53,0.092,6.4,3.71,0.121,7.87,34.31,2.84,0.156,,0,Melilite
40549,HEG17_Melilith8 ,42.69,0.063,6.55,2.98,0.088,8.52,34.84,3.05,0.196,,0.01,Melilite
40525,N45_Mel38 ,42.69,0.085,6.25,3.44,0.0831,8.51,34.31,2.74,0.166,,0.0082,Melilite
40547,HEG17_Melilith6 ,42.76,0.052,6.26,3.28,0.077,8.41,34.65,3,0.181,,0,Melilite
40528,N374_Melilith2 ,42.65,0.154,6.9,3.66,0.147,7.85,34.29,3.1,0.164,,0,Melilite
40527,N374_Melilith1 ,42.74,0.118,6.53,3.82,0.101,8.1,34.58,2.98,0.14,,0,Melilite
40526,N45_Mel39 ,42.17,0.0922,5.79,3.81,0.1303,8.4,34.33,2.6,0.1643,,0.0136,Melilite
40524,N45_Mel37 ,42.75,0.0559,6.68,3.18,0.0663,8.5,34.28,2.85,0.1729,,0,Melilite
40523,N45_Mel36 ,42.84,0.1012,6.34,3.66,0.0922,8.2,34.06,2.87,0.1654,,0.0054,Melilite
40522,N45_Mel35 ,42.81,0.0474,6.44,3.48,0.1122,8.4,34.23,2.74,0.1691,,0.0109,Melilite
40529,N374_Melilith3 ,42.37,0.135,6.83,3.81,0.063,7.9,34.54,3.17,0.151,,0.013,Melilite
40521,N45_Mel34 ,42.65,0.1152,5.94,3.67,0.0806,8.67,34.83,2.67,0.1609,,0,Melilite
40519,N45_Mel32 ,42.65,0.0801,5.79,3.7,0.0768,8.59,35.04,2.49,0.1741,,0,Melilite
40518,N45_Mel31 ,43.27,0.0669,5.97,3.28,0.0666,8.56,34.8,2.94,0.1825,,0.0027,Melilite
40517,N45_Mel30 ,42.42,0.128,6.73,3.63,0.0885,8.01,34.34,2.79,0.175,,0,Melilite
40582,HEG12_Melilith3 ,42.96,0.133,6.72,3.42,0.108,8.32,35.5,3.06,0.191,,0.015,Melilite
40515,N45_Mel28 ,42.72,0.0625,6.12,3.49,0.0985,8.49,35.14,2.54,0.1631,,0,Melilite
40516,N45_Mel29 ,42.71,0.0811,5.99,3.68,0.0882,8.49,34.66,2.7,0.1775,,0,Melilite
40520,N45_Mel33 ,42.9,0.075,5.7,4.21,0.1088,8.35,34.81,2.48,0.1646,,0,Melilite
40548,HEG17_Melilith7 ,42.6,0.076,6.19,2.77,0.038,8.76,35.54,2.78,0.171,,0,Melilite
40530,N374_Melilith4 ,43.43,0.17,7.34,3.2,0.087,7.45,33.4,4,0.208,,0.009,Melilite
40532,N374_Melilith6 ,42.52,0.145,6.74,3.52,0.083,7.92,34.51,3.38,0.188,,0.021,Melilite
40546,HEG17_Melilith5 ,42.59,0.044,6.31,3.16,0.066,8.57,35.02,2.95,0.213,,0,Melilite
40545,HEG17_Melilith4 ,42.8,0.065,6.39,3.04,0.048,8.63,35.34,2.96,0.18,,0,Melilite
40544,HEG17_Melilith3 ,43.36,0.054,6.88,2.77,0.063,7.95,34,3.59,0.178,,0,Melilite
40543,HEG17_Melilith2 ,42.34,0.081,6.7,2.84,0.065,8.46,35.11,3.06,0.175,,0.015,Melilite
40542,HEG17_Melilith1 ,42.45,0.121,6.65,2.97,0.091,8.55,35.2,3.12,0.241,,0,Melilite
40541,N374_Melilith15 ,43.12,0.095,6.21,3.63,0.095,8.27,34.58,3.22,0.162,,0,Melilite
40531,N374_Melilith5 ,42.78,0.096,6.06,3.92,0.129,8.25,35.1,2.95,0.155,,0,Melilite
40540,N374_Melilith14 ,43.21,0.108,6.28,3.42,0.115,8.12,34.62,3.22,0.158,,0.029,Melilite
40538,N374_Melilith12 ,42.64,0.155,6.99,3.45,0.116,7.96,34.63,3.14,0.145,,0.026,Melilite
40537,N374_Melilith11 ,42.97,0.132,6.72,3.46,0.093,7.89,34.31,3.2,0.167,,0.015,Melilite
40536,N374_Melilith10 ,42.73,0.144,6.57,3.45,0.08,8.24,34.63,2.89,0.127,,0,Melilite
40535,N374_Melilith9 ,43.24,0.121,7.09,3.53,0.101,7.75,34.19,3.52,0.174,,0.015,Melilite
40534,N374_Melilith8 ,42.71,0.132,6.7,3.44,0.08,8.03,34.59,3.21,0.179,,0,Melilite
40533,N374_Melilith7 ,43.01,0.091,6.37,3.28,0.105,8.19,35.04,3.08,0.175,,0.023,Melilite
40539,N374_Melilith13 ,42.82,0.139,6.76,3.49,0.129,7.94,34.34,3.3,0.195,,0.012,Melilite
40583,HEG12_Melilith4 ,42.54,0.134,6.99,3.5,0.102,8.21,34.95,3,0.18,,0,Melilite
40636,M10_Melilith8 ,43.83,0.101,6.22,3.24,0.097,8.33,35.26,3.18,0.168,,0,Melilite
40585,HEG12_Melilith6 ,43.01,0.153,6.59,3.58,0.103,8.14,35.28,3.07,0.164,,0,Melilite
40622,U018_Melilith9 ,43.56,0.084,6.4,3.04,0.054,8.33,35.25,3.29,0.158,,0,Melilite
40623,U018_Melilith10 ,43.51,0.081,6.25,2.82,0,8.48,35.01,3.21,0.169,,0.011,Melilite
40624,U018_Melilith11 ,43.38,0.083,6.24,2.92,0.076,8.5,35.24,3.25,0.166,,0.018,Melilite
40625,U018_Melilith12 ,43.52,0.09,6.37,3.04,0.085,8.51,35.14,3.3,0.169,,0,Melilite
40626,U018_Melilith13 ,43.4,0.103,6.39,3.05,0.045,8.27,34.96,3.24,0.188,,0,Melilite
40627,U018_Melilith14 ,43.43,0.104,6.35,3.04,0.049,8.33,35.35,3.26,0.213,,0,Melilite
40628,U018_Melilith15 ,43.26,0.064,6.27,2.99,0.03,8.42,35.12,3.21,0.178,,0,Melilite
40629,M10_Melilith1 ,43.57,0.055,5.48,2.93,0.062,9.03,36.27,2.7,0.145,,0,Melilite
40630,M10_Melilith2 ,43.57,0.07,6.35,2.8,0.061,8.39,35.48,3.23,0.203,,0.025,Melilite
40631,M10_Melilith3 ,43.77,0.041,5.57,2.94,0.091,8.87,35.87,2.75,0.159,,0.009,Melilite
40632,M10_Melilith4 ,43.46,0.077,6.14,2.82,0.09,8.67,35.96,3,0.188,,0,Melilite
40633,M10_Melilith5 ,43.31,0.095,5.76,3.27,0.105,8.53,35.75,2.85,0.15,,0.023,Melilite
40634,M10_Melilith6 ,43.13,0.111,6.17,3.55,0.084,8.06,35.03,3.02,0.184,,0,Melilite
40635,M10_Melilith7 ,43.4,0.087,5.61,2.96,0.086,8.89,36.29,2.74,0.151,,0.012,Melilite
40637,M10_Melilith9 ,43.19,0.114,6.5,3.02,0.086,8.43,35.37,2.95,0.167,,0.01,Melilite
40638,M10_Melilith10 ,43.4,0.09,5.69,2.68,0.047,8.83,36.18,2.71,0.155,,0.015,Melilite
40639,M10_Melilith11 ,43.53,0.062,5.9,3.2,0.117,8.27,35.33,3.3,0.154,,0,Melilite
40652,U016_Melilith7 ,42.74,0.071,5.35,3.4,0.096,9.09,35.76,2.63,0.159,,0,Melilite
40514,N45_Mel27 ,42.86,0.0565,6.53,4.07,0.1092,8.05,34.01,2.83,0.175,,0,Melilite
40651,U016_Melilith6 ,43.1,0.2,5.73,2.85,0.074,8.85,35.21,2.94,0.161,,0,Melilite
40650,U016_Melilith5 ,43.24,0.14,5.5,2.89,0.083,9.04,34.94,2.89,0.22,,0.017,Melilite
40649,U016_Melilith4 ,43.03,0.072,5.11,3.1,0.083,9.26,36.03,2.65,0.168,,0.009,Melilite
40648,U016_Melilith3 ,43.07,0.108,5.76,2.85,0.063,8.93,35.15,2.83,0.169,,0.015,Melilite
40621,U018_Melilith8 ,43.36,0.071,5.86,3.04,0.093,8.38,35.02,3.28,0.202,,0.01,Melilite
40647,U016_Melilith2 ,42.71,0.045,5.37,3.13,0.068,9.08,36.09,2.66,0.166,,0.034,Melilite
40645,M10_Melilith18 ,42.94,0.108,6.98,3.18,0.099,8.35,35.42,3.08,0.187,,0.01,Melilite
40644,M10_Melilith17 ,43.4,0.058,6.33,2.92,0.056,8.82,35.67,2.9,0.158,,0,Melilite
40643,M10_Melilith16 ,43.19,0.077,6.15,2.77,0.069,9.04,35.85,2.75,0.146,,0.01,Melilite
40642,M10_Melilith14 ,43.19,0.086,6.13,3.06,0.093,8.38,35.73,2.79,0.175,,0.01,Melilite
41711,AGI-888/74.3_c7_1 ,48.16,0.1022,33.05,1.4,0.0054,1.2711,0.0601,1.99,7.66,,,Muscovite
41710,AGI-888/74.3_c6_5 ,47.74,0.053,35.89,0.9188,,0.8115,0.1194,4.01,4.81,,,Muscovite
41706,AGI-888/74.3_c6_1 ,48.26,,33.26,1.71,,1.2496,0.0664,1.58,8.12,,,Muscovite
41709,AGI-888/74.3_c6_4 ,45.67,0.0513,34.94,1.1397,,0.7943,0.1553,4.27,4.75,,,Muscovite
41708,AGI-888/74.3_c6_3 ,48.1,,37.54,0.6726,,0.4975,0.1283,4.77,3.29,,,Muscovite
41707,AGI-888/74.3_c6_2 ,47.98,0.0354,36.92,0.6722,,0.6252,0.1452,4.53,3.99,,,Muscovite
41705,AGI-888/74.3_c4_6 ,47.4,0.0159,35.82,1.0442,,0.72,0.1053,3.15,6.12,,,Muscovite
41698,AGI-888/74.3_c2_2 ,45.5,0.0574,37.36,0.6539,0.0356,0.4208,0.1978,5.47,2.71,,,Muscovite
41703,AGI-888/74.3_c4_3 ,47.83,0.0549,37.89,0.8663,0.0258,0.3531,0.1269,6.24,2.03,,,Muscovite
41702,AGI-888/74.3_c3_3 ,48.6,0.1434,35.23,1.3,,0.995,0.0837,2.7,6.33,,,Muscovite
41701,AGI-888/74.3_c3_2 ,48.17,0.0879,38.45,0.6914,0.0053,0.3332,0.1702,6,1.99,,,Muscovite
41700,AGI-888/74.3_c3_1 ,47.89,0.1078,34.64,1.244,0.0177,1.0366,0.0594,2.7,6.77,,,Muscovite
41699,AGI-888/74.3_c2_3 ,48.2,0.0603,36.25,1.0107,0.0199,0.7422,0.1197,3.89,4.69,,,Muscovite
41712,AGI-888/74.3_c7_2 ,47.62,0.0229,35.1,1.1214,0.0255,0.9166,0.0941,3.11,6.27,,,Muscovite
41704,AGI-888/74.3_c4_4 ,48.22,,37.06,0.8699,,0.5307,0.1724,4.46,4.14,,,Muscovite
41713,AGI-888/74.3_c7_3 ,48.76,,33.23,1.54,0.0027,1.3727,0.0661,1.81,7.75,,,Muscovite
41661,AE-69/217.0_c1_2 ,47.95,0.0534,32.03,1.96,0.0012,1.5689,0.022,1.3129,8.5,,,Muscovite
41715,AGI-888/74.3_c7_5 ,48.25,0.0566,38.45,0.6304,0.0025,0.2661,0.1875,6.02,2.32,,,Muscovite
41728,AGI-888/90.3_c6_3 ,48.64,0.0739,32.44,0.3706,,1.86,0.0157,0.5533,10.01,,,Muscovite
41697,AE-69/366.2_c12_10,49.519,0.13,30.955,0.797,0.022,2.791,0.024,0.135,10.423,0.002,0.001,Muscovite
41727,AGI-888/90.3_c6_2 ,48.55,0.0204,33.22,0.3231,,1.6074,0.027,0.5775,10.14,,,Muscovite
41726,AGI-888/90.3_c6_1 ,47.95,0.0012,32.73,0.3409,0.0162,2,0.0309,0.6233,10.1,,,Muscovite
41725,AGI-888/90.3_c5_2 ,48.47,0.0221,32.88,0.3326,,1.87,0.0574,0.6506,9.8,,,Muscovite
41724,AGI-888/90.3_c5_1 ,48.89,0.0884,32.63,0.3627,,1.96,0.0126,0.6387,10.06,,,Muscovite
41714,AGI-888/74.3_c7_4 ,48.4,,38.24,0.6301,,0.3897,0.1573,5.95,2.14,,,Muscovite
41723,AGI-888/90.3_c4_1 ,49.33,0.0445,32.31,0.2518,,2.02,0.0239,0.5087,10.27,,,Muscovite
41721,AGI-888/90.3_c3_3 ,49.14,0.0351,32.73,0.2877,,2.06,,0.5756,9.97,,,Muscovite
41720,AGI-888/90.3_c3_2 ,48.38,,32.35,0.3907,,1.84,0.0182,0.4811,9.87,,,Muscovite
41719,AGI-888/90.3_c3_1 ,50.05,,33.52,0.3552,0.0126,1.87,0.0113,0.5994,9.88,,,Muscovite
41718,AGI-888/74.3_c8_4 ,46.9,0.0382,37.69,0.6331,,0.2587,0.1611,5.61,2.12,,,Muscovite
41717,AGI-888/74.3_c7_7 ,48.75,,38.61,0.7189,0.0139,0.2903,0.146,6.31,1.53,,,Muscovite
41716,AGI-888/74.3_c7_6 ,48.78,0.0703,38.04,0.9036,0.0285,0.5271,0.2336,5.24,3.1,,,Muscovite
41722,AGI-888/90.3_c3_5 ,47.99,,33.31,0.4552,0.0193,1.4056,0.0405,0.4709,10.23,,,Muscovite
41696,AE-69/366.2_c12_9,48.938,0.108,31.266,0.682,0.057,2.79,0.012,0.12,10.582,0.02,0.036,Muscovite
41662,AE-69/217.0_c1_4 ,47.57,0.0049,37.06,1.0097,0.0467,0.4988,0.1433,5.76,2.51,,,Muscovite
41694,AE-69/366.2_c10_7,50.019,0.149,29.931,0.701,0.172,3.062,0.007,0.132,10.432,0.012,0.002,Muscovite
41675,AE-69/273.2_c4_5 ,48.03,,37.37,0.9731,0.0082,0.3926,0.1022,6.22,1.86,,,Muscovite
41674,AE-69/273.2_c4_4 ,48.51,0.033,35.06,1.71,0.0349,0.651,0.0796,4.25,4.24,,,Muscovite
41673,AE-69/273.2_c3_5 ,48.25,,37.76,0.9645,0.0215,0.339,0.1176,5.98,1.75,,,Muscovite
41672,AE-69/273.2_c3_4 ,48.18,,33.4,1.93,,1.2378,0.0943,2.52,6.78,,,Muscovite
41671,AE-69/273.2_c3_3 ,48.18,0.0733,32.68,1.95,,1.3313,0.0829,2.02,7.21,,,Muscovite
41670,AE-69/273.2_c1_6 ,48.86,0.064,30.96,2.25,,1.79,0.0412,0.6289,9.29,,,Muscovite
41676,AE-69/273.2_c4_6 ,47.08,0.0368,35.24,1.35,0.0291,0.6194,0.1074,4.09,4.24,,,Muscovite
41669,AE-69/273.2_c1_5 ,46.9,0.0601,31.69,2.64,0.01,1.4311,0.0337,0.9508,9.05,,,Muscovite
41667,AE-69/217.0_c7_2 ,49.25,0.0607,28.78,2.37,,2.37,0.0287,0.5848,9.34,,,Muscovite
41666,AE-69/217.0_c7_1 ,47.12,0.0946,36.1,1.2119,0.0348,0.6675,0.1219,4.5,4.12,,,Muscovite
41665,AE-69/217.0_c2_3 ,49.12,0.0285,35.56,1.46,,0.8831,0.1358,3.77,4.7,,,Muscovite
41664,AE-69/217.0_c2_2 ,47.25,,38.01,0.9319,0.0239,0.3745,0.1645,6.22,2.09,,,Muscovite
41663,AE-69/217.0_c2_1 ,49.08,0.0482,30.26,1.87,,2.06,0.0221,0.5752,9.33,,,Muscovite
41729,AGI-888/90.3_c6_4 ,47.97,,33.42,0.4796,,1.5715,0.0475,0.7939,9.91,,,Muscovite
41668,AE-69/273.2_c1_4 ,48.57,0.1099,31.24,2.04,,1.3848,0.0079,1.37,8.87,,,Muscovite
41695,AE-69/366.2_c10_8,50.416,0.11,29.335,0.669,0.05,3.351,,0.129,10.252,0.003,,Muscovite
41677,AE-69/273.2_c4_8 ,48.43,0.069,33.75,1.98,0.0152,1.325,0.0589,2.25,6.86,,,Muscovite
41679,AE-69/273.2_c7_2 ,47.94,0.0163,36.43,1.024,,0.6064,0.1464,4.75,3.53,,,Muscovite
41693,AE-69/366.2_c6_5,48.586,0.099,30.526,0.736,,2.746,0.006,0.159,10.2,0.033,,Muscovite
41692,AE-69/366.2_c6_1,48.676,0.214,30.574,0.787,0.078,2.792,0.001,0.16,10.58,,,Muscovite
41691,AE-69/366.2_c2_46,50.023,0.174,30.346,0.734,0.103,3,,0.134,10.55,,,Muscovite
41690,AE-69/319.8_c6_4 ,48.65,0.2041,33.01,0.7335,,1.66,0.0453,0.5888,9.82,,,Muscovite
41689,AE-69/319.8_c6_3 ,48.76,,33.35,0.6769,0.0273,1.5561,0.0719,0.9283,9.1,,,Muscovite
41688,AE-69/319.8_c6_1 ,49.69,0.0158,33.16,0.8323,0.0324,1.79,0.0231,0.4692,9.97,,,Muscovite
41678,AE-69/273.2_c7_1 ,48.67,,36.67,1.0193,,0.4591,0.0821,5.78,1.99,,,Muscovite
41687,AE-69/319.8_c2_4 ,47.46,0.0693,32.93,0.7618,,1.5503,0.0397,0.4812,10.11,,,Muscovite
41685,AE-69/319.8_c2_2 ,47.83,0.0469,32.89,0.7597,,1.544,0.0375,0.6276,9.89,,,Muscovite
41684,AE-69/319.8_c2_1 ,48.35,0.0681,33.08,0.7331,,1.6128,0.024,0.6634,9.65,,,Muscovite
41683,AE-69/319.8_c1_3 ,47.93,0.0209,33.69,0.8458,0.017,1.3331,0.0811,0.7106,9.44,,,Muscovite
41682,AE-69/319.8_c1_2 ,48.24,0.0676,32.27,0.8055,0.0342,1.84,0.0595,0.4896,10.04,,,Muscovite
41681,AE-69/319.8_c1_1 ,49.03,,32.34,0.8229,0.0093,1.8,0.0269,0.4618,9.97,,,Muscovite
41680,AE-69/273.2_c7_3 ,47.55,0.003,31.58,2.52,,1.4302,0.0211,1.183,8.61,,,Muscovite
41686,AE-69/319.8_c2_3 ,47.99,0.0582,33.61,0.9066,,1.5561,0.0197,0.5214,10.03,,,Muscovite
41730,AGI-888/90.3_c9_1 ,48.8,,32.79,0.3977,,1.85,0.0313,0.5242,10.06,,,Muscovite
41799,21BSD07-7,47.08,0.048,31.18,3.773,0.663,0,0.013,0.33,10.281,,,Muscovite
41732,AGI-888/90.3_c9_3 ,47.48,,32.79,0.408,,1.4925,0.022,0.5881,10.05,,,Muscovite
41782,DST-332/139.7_c8_11,48.082,0.229,33.325,1.201,0.013,1.59,0.018,0.223,10.019,0.051,0.005,Muscovite
41781,DST-332/139.7_c5_6,49.614,0.127,32.764,1.023,0.007,1.909,0.016,0.205,10.153,,,Muscovite
41780,DST-332/139.7_c5_5,48.79,0.154,33.127,0.998,,1.837,,0.231,10.084,,0.012,Muscovite
41779,DST-332/139.7_c4_3,48.764,0.145,32.775,1.004,0.01,1.778,,0.193,10.166,,,Muscovite
41778,DST-332/75.8_c7_75,48.773,0.023,32.472,0.486,0.007,2.025,0.017,0.654,9.225,,,Muscovite
41777,DST-332/75.8_c6_74,47.574,0.027,34.128,0.563,0.007,1.448,0.045,0.887,9.627,0.011,,Muscovite
41783,DST-386/73.2_c1_15,48.664,0.252,31.621,0.491,0.043,2.353,0.014,0.167,9.959,,0.008,Muscovite
41776,DST-332/75.8_c3_62,48.675,0.038,32.62,0.613,0.061,1.794,0.041,0.903,8.974,0.022,,Muscovite
41774,DST-332/75.8_c2_58,48.558,0.03,33.089,0.506,,1.808,0.026,0.754,9.043,0.031,0.012,Muscovite
41773,AGI-888/238.7_c4_72,46.217,,30.679,2.731,0.088,2.504,0.016,0.635,10.052,,,Muscovite
41772,AGI-888/238.7_c3_67,45.962,0.064,31.44,2.589,0.088,2.179,0.041,0.674,10.138,,,Muscovite
41771,AGI-888/238.7_c1_59,46.044,0.065,31.755,2.655,0.015,1.511,0.016,0.589,9.971,,,Muscovite
41770,AGI-888/206.9_c5_55,45.661,0.146,32.165,2.265,0.191,2.363,0.071,0.621,9.827,0.006,,Muscovite
41769,AGI-888/206.9_c2_49,45.955,0.114,33.007,2.484,0.238,1.545,0.038,0.654,10.342,0.02,,Muscovite
41775,DST-332/75.8_c2_59,48.046,0.038,33.234,0.565,0.047,1.542,0.047,1.313,8.224,0.022,,Muscovite
41768,AGI-888/191.5_c4_41,47.514,0.053,34.971,1.481,0.038,0.893,0.059,2.895,6.548,,,Muscovite
41784,DST-386/73.2_c1_18,49.352,0.101,33.134,0.433,0.007,1.969,0.034,0.225,10.118,,0.008,Muscovite
41786,DST-386/129.0_c1_80,46.759,0.108,33.553,1.089,,1.433,0.032,0.415,9.618,,,Muscovite
41660,AE-69/217.0_c1_1 ,47.14,0.037,38.32,0.9048,,0.3065,0.1504,6.47,1.37,,,Muscovite
41800,21BSD07-14,47.376,0.028,31.616,3.472,0.573,0,0.049,0.434,9.978,,,Muscovite
41798,21BSD07-6,47.06,0.069,33.086,2.729,0.496,0,0.022,0.392,10.27,,,Muscovite
41797,21BSD07-5,46.62,0.063,32.601,3.683,0.594,0,0.019,0.377,10.21,,,Muscovite
41796,21BSD07-4,47.223,0.061,33.546,3.141,0.365,0,0.029,0.436,10.229,,,Muscovite
41795,21BSD07-3,47.408,0.055,33.714,3.571,0.189,0,0.021,0.507,9.983,,,Muscovite
41785,DST-386/73.2_c3_24,48.57,0.101,34.043,0.297,0.054,1.73,,0.184,10.126,,,Muscovite
41794,21BSD07-2,47.535,0.037,33.273,3.108,0.467,0,0.033,0.341,10.283,,,Muscovite
41792,MU-5/871.3_c5_99,50.758,0.087,26.755,3.133,0.045,3.918,0.057,0.07,10.036,,,Muscovite
41791,MU-5/871.3_c4_92,50.252,0.099,26.82,3.017,0.056,3.577,0.02,0.081,10.007,,0.004,Muscovite
42772,nephelinite_B59_49 _12,43.74,,36.33,0.738,,,0.0406,15.41,5.87,,,Nepheline
42771,nephelinite_B59_44 _11,43.86,,36.55,0.7011,,,0.0285,15.49,5.73,,,Nepheline
42770,nephelinite_B59_38 _10,43.06,,36.99,0.6697,,,0.0343,15.15,6.21,,,Nepheline
42769,nephelinite_B59_36 _9,43.12,,36.92,0.7173,,,0.0274,15.54,6.22,,,Nepheline
42768,nephelinite_B59_32 _8,43.94,,36.23,0.7592,,,0.0071,15.59,5.92,,,Nepheline
42761,ijolite_B39_47 _17,42.12,,33.8,0.5393,,,0.1049,16.93,4.42,,,Nepheline
42766,nephelinite_B59_19 _6,44.43,,36.18,0.8689,,,0.1298,15,5.25,,,Nepheline
42764,nephelinite_B59_15 _4,45.78,,32.85,1.89,,,0.3577,14.1,6.58,,,Nepheline
42763,nephelinite_B59_13 _3,42.98,,36.96,0.7069,,,0.1318,14.97,5.95,,,Nepheline
42773,nephelinite_B59_52 _13,43.86,,36.69,0.7414,,,0.0689,14.9,5.9,,,Nepheline
42762,nephelinite_B59_1 _1,43.61,,36.65,0.8004,,,0.0075,15.2,5.92,,,Nepheline
42767,nephelinite_B59_21 _7,42.4,,36.25,0.706,,,0.0374,16.04,5.91,,,Nepheline
42765,nephelinite_B59_18 _5,43.5,,36.2,0.7159,,,0.0487,16.08,5.81,,,Nepheline
42779,nephelinite_B28_21 _26,43.41,,35.14,0.4475,,,0.028,15.24,4.56,,,Nepheline
42775,nephelinite_B59_57 _15,43.96,,36.78,0.6275,,,0.0707,14.57,5.43,,,Nepheline
42776,nephelinite_B59_69 _17,42.88,,36.19,0.7301,,,0.7346,15.27,6,,,Nepheline
42777,nephelinite_B28_15 _24,43.17,,33.2,0.6073,,,0.0212,16.92,4.18,,,Nepheline
42778,nephelinite_B28_20 _25,41.03,,33.88,0.5235,,,0.0233,15.27,4.41,,,Nepheline
42787,nepheline syenite_ B38(14)_3,40.83,,33.45,0.69,,,0.22,15.51,6.11,,,Nepheline
42780,nephelinite_B28_24 _28,42.95,,33.87,0.4616,,,0.0255,15.87,4.78,,,Nepheline
42781,nephelinite_B28_30 _31,42.29,,34.64,0.4369,,,0.014,15.96,5.07,,,Nepheline
42782,nephelinite_B28_43 _36,41.4,,33.69,0.4415,,,0.0314,18.3,5.23,,,Nepheline
42783,nephelinite_B25_a_6 _39,43.23,,34.53,0.5168,,,0.0065,15.19,5.31,,,Nepheline
42784,nephelinite_B25_a_12 _40,41.89,,34.94,0.4342,,,0.0336,17.2,5.49,,,Nepheline
42785,nepheline syenite_ B38(8)_1,43.08,,33.03,1.05,,,0.25,14.98,5.77,,,Nepheline
42788,nepheline syenite_ B38(16)_4,42.43,,34.39,0.69,,,0.05,17.29,5.63,,,Nepheline
42786,nepheline syenite_ B38(13)_2,41.52,,33.35,0.88,,,0.26,15.33,5.97,,,Nepheline
42774,nephelinite_B59_54 _14,44.39,,36.58,0.6853,,,0.0313,15.78,5.36,,,Nepheline
42760,ijolite_B39_35 _15,42.85,,34.69,0.3755,,,0.0996,14.98,4.71,,,Nepheline
42745,MSL3new ne in inclusion in ol 1-22,45.55,0.09,31.86,1.18,0.02,0.07,0.23,16.69,4.03,,,Nepheline
42758,MSL5 ne in inclusion in ol 4-8,44.74,0.09,32.93,0.99,0,0.05,0.06,17.06,4.17,,,Nepheline
42730,s2 lava gmassline 1,41.18,0.05,32.79,1.36,0.01,0.09,0.51,12.78,11.14,0.29,0,Nepheline
42731,s2 lava gmass point 4,41.68,0.06,33.36,1.17,0.02,0.11,0.15,13.5,10.43,0,0.01,Nepheline
42732,Hill s3 line 10,43.25,0.06,33.93,1.27,0.02,0.05,0.32,15.7,7.66,,0,Nepheline
42789,nepheline syenite_ B38(19)_5,43.37,,32.94,0.86,,,0.21,15.82,5.55,,,Nepheline
42733,Hill s3 line 10,43.28,0.03,34.23,1.15,0,0.06,0.28,15.54,7.87,,0,Nepheline
42734,Hill s3 line 2,43.37,0.05,34.08,1.22,0.02,0.07,0.36,15.48,7.86,,0,Nepheline
42735,Hill s3 line 10,43.44,0.04,34.37,1.22,0.06,0.04,0.29,15.5,7.79,,0.06,Nepheline
42736,Hill s3 line 2,43.76,0.03,34.31,1.13,0.01,0.1,0.34,15.38,7.84,,0.01,Nepheline
42737,Hill s3 line 2,44.08,0.05,34.14,1.45,0,0.06,0.19,15.48,7.73,,0,Nepheline
42738,MSL3 ne plague around ol 2-13,47.014,0.035,31.036,1.17,0.012,0.09,0.22,17.484,3.135,,,Nepheline
42739,MSL3 ne plague 3-5,43.961,0.028,33.089,1.003,0,0.023,0.139,17.588,4.48,,,Nepheline
42740,MSL3 ne plague around ol 2-10,44.998,0.03,32.901,0.971,0,0.027,0.167,17.331,3.946,,,Nepheline
42741,MSL3 ne plague around ol 2-11,44.461,0.006,32.972,0.904,0,0.023,0.127,17.555,4.099,,,Nepheline
42759,MSL5 ne in inclusion in ol 4-11,45.13,0.04,32.28,1.2,0,0.05,0.07,17.21,4.23,,,Nepheline
42742,MSL3 ne in ol pheno 4-14,44.9062,0.0272,32.8625,0.8825,0.0324,0.0291,0.0439,17.2467,4.4973,,,Nepheline
42744,MSL3 ne in pheno ol 4-7,44.8363,0.0536,32.675,1.0199,0.0501,0.0297,0.0504,17.4217,4.3905,,,Nepheline
42746,MSL3new ne in inclusion in ol 1-23,45.95,0.12,31.64,1.14,0.07,0.08,0.16,16.7,3.77,,,Nepheline
42747,MSL3new ne in inclusion in ol 1-24,45.09,0.09,32.06,1.15,0,0.02,0.09,17.28,4.05,,,Nepheline
42748,MSL3new ne in inclusion in ol 4-10,44.23,0.1,32.08,0.96,0.01,0.03,0.12,16.77,4.07,,,Nepheline
42749,MSL3new ne in inclusion in ol 4-23,45.38,0.07,32.17,1.04,0.02,0.05,0.04,17.08,3.98,,,Nepheline
42750,MSL3new ne in inclusion in ol 4-26,44.91,0.13,32.08,0.98,0.01,0.05,0.09,16.79,4.43,,,Nepheline
42751,MSL3new ne in inclusion in ol 4-28,45.1,0.11,32.29,0.98,0,0.07,0.1,16.32,4.49,,,Nepheline
42752,MSL3new ne in inclusion in ol 5-11,45.07,0.09,32,1.06,0,0.04,0.07,16.29,4.06,,,Nepheline
42753,MSL3new ne in inclusion in ol 8-5,43.62,0.1,32.14,0.94,0,0.08,0,15.16,6.81,,,Nepheline
42754,MSL5 ne gm 8-2,44.09,0.09,32.95,1,0,0.02,0.11,16.88,4.62,,,Nepheline
42755,MSL5 euhedral ne in cc inclusion in ol 1-6,43.61,0.08,33.61,0.67,0,0,0.11,16.5,6.09,,,Nepheline
42756,MSL5 euhedral ne in cc inclusion in ol 1-7,43.77,0.07,33.22,0.64,0.04,0.03,0.17,16.81,5.57,,,Nepheline
42757,MSL5 ne in cc inclusion in ol 3-5,44.79,0.03,32.9,0.57,0.07,0.01,0.68,15.31,5.57,,,Nepheline
42743,MSL3 ne in pheno ol 2-12,46.7812,0.0123,31.2913,1.3663,0.0501,0.0552,0.1536,16.989,3.0655,,,Nepheline
42790,nepheline syenite_ B38(29)_6,42.9,,32.28,1.02,,,0.27,14.9,5.67,,,Nepheline
42824,MSL3 ne plague around ol 2-10,44.998,0.03,32.901,0.971,,0.027,0.167,17.331,3.946,,,Nepheline
42792,nepheline syenite_ B38(34)_8,43.04,,32.71,0.92,,,0.33,14.6,5.4,,,Nepheline
42827,MSL3 ne in pheno ol 2-12,46.7812,0.0123,31.2913,1.3663,0.0501,0.0552,0.1536,16.989,3.0655,,,Nepheline
42828,MSL3 ne in pheno ol 4-7,44.8363,0.0536,32.675,1.0199,0.0501,0.0297,0.0504,17.4217,4.3905,,,Nepheline
42829,MSL3new ne in inclusion in ol 1-22,45.55,0.09,31.86,1.18,0.02,0.07,0.23,16.69,4.03,,,Nepheline
42830,MSL3new ne in inclusion in ol 1-23,45.95,0.12,31.64,1.14,0.07,0.08,0.16,16.7,3.77,,,Nepheline
42831,MSL3new ne in inclusion in ol 1-24,45.09,0.09,32.06,1.15,0,0.02,0.09,17.28,4.05,,,Nepheline
42832,MSL3new ne in inclusion in ol 4-10,44.23,0.1,32.08,0.96,0.01,0.03,0.12,16.77,4.07,,,Nepheline
42833,MSL3new ne in inclusion in ol 4-23,45.38,0.07,32.17,1.04,0.02,0.05,0.04,17.08,3.98,,,Nepheline
42834,MSL3new ne in inclusion in ol 4-26,44.91,0.13,32.08,0.98,0.01,0.05,0.09,16.79,4.43,,,Nepheline
42835,MSL3new ne in inclusion in ol 4-28,45.1,0.11,32.29,0.98,,0.07,0.1,16.32,4.49,,,Nepheline
42836,MSL3new ne in inclusion in ol 5-11,45.07,0.09,32,1.06,,0.04,0.07,16.29,4.06,,,Nepheline
42837,MSL3new ne in inclusion in ol 8-5,43.62,0.1,32.14,0.94,,0.08,0,15.16,6.81,,,Nepheline
42838,MSL5 ne gm 8-2,44.09,0.09,32.95,1,,0.02,0.11,16.88,4.62,,,Nepheline
42839,MSL5 euhedral ne in cc inclusion in ol 1-6,43.61,0.08,33.61,0.67,,,0.11,16.5,6.09,,,Nepheline
42826,MSL3 ne in ol pheno 4-14,44.9062,0.0272,32.8625,0.8825,0.0324,0.0291,0.0439,17.2467,4.4973,,,Nepheline
42840,MSL5 euhedral ne in cc inclusion in ol 1-7,43.77,0.07,33.22,0.64,0.04,0.03,0.17,16.81,5.57,,,Nepheline
42842,MSL5 ne in inclusion in ol 4-8,44.74,0.09,32.93,0.99,,0.05,0.06,17.06,4.17,,,Nepheline
42843,MSL5 ne in inclusion in ol 4-11,45.13,0.04,32.28,1.2,,0.05,0.07,17.21,4.23,,,Nepheline
42844,KR01\1 ne gm 6-3,42.693,0.064,32.569,1.478,0.012,0.152,0.049,14.63,9.265,,,Nepheline
42845,KR01\3 ne gm 1,43.526,0.134,32.355,1.722,0.061,0.202,0.238,14.941,7.801,,,Nepheline
42846,KR01\3 ne gm 2,42.804,0.097,32.777,1.39,,0.123,0.095,15.073,8.336,,,Nepheline
42847,KR01\3 ne gm 4,43.676,0.077,32.404,2.204,0.012,0.207,0.121,15.112,8.179,,,Nepheline
42848,KR01\3 same ne gm 4,43.363,0.096,31.928,2.117,0.038,0.229,0.085,14.999,8.273,,,Nepheline
42849,MFL3 ne gm X-1,42.0953,0.0369,33.0753,1.0692,,0.0321,0.5079,13.8339,9.3888,,,Nepheline
42850,HTAC 1332_Neph28.1 ,42.54,,32.64,0,,,0.197,15.1,8.9,,,Nepheline
42851,HTAC 1332_Neph28.2 ,43.22,,32.7,0,,,0.147,15.6,7.99,,,Nepheline
42729,s2 lava gmass point 14,42.2,0.16,31.59,1.5,0,0.85,1.31,12.37,10.19,0,0,Nepheline
42852,HTAC 1332_Neph29.10 ,42.25,,33.18,0,,,0.604,15.19,8.35,,,Nepheline
42853,HTAC 1332_Neph29.11 ,42.75,,33,0,,,0.511,15.43,8.13,,,Nepheline
42841,MSL5 ne in cc inclusion in ol 3-5,44.79,0.03,32.9,0.57,0.07,0.01,0.68,15.31,5.57,,,Nepheline
42825,MSL3 ne plague around ol 2-11,44.461,0.006,32.972,0.904,,0.023,0.127,17.555,4.099,,,Nepheline
42823,MSL3 ne plague 3-5,43.961,0.028,33.089,1.003,,0.023,0.139,17.588,4.48,,,Nepheline
42822,MSL3 ne plague around ol 2-13,47.014,0.035,31.036,1.17,0.012,0.09,0.22,17.484,3.135,,,Nepheline
42793,nepheline syenite_ B38(36)_9,41.81,,32.48,0.96,,,1.01,14.97,5.43,,,Nepheline
42794,nepheline syenite_B37a_1 _10,43.47,,36.02,0.4499,,,0.0279,15.27,5.66,,,Nepheline
42795,nepheline syenite_B37a_2 _11,43.88,,35.66,0.4396,,,0.0346,15.4,5.45,,,Nepheline
42796,nepheline syenite_B37a_7 _12,43.63,,35.84,0.6988,,,0.0416,15.73,5.29,,,Nepheline
42797,nepheline syenite_B37a_9 _13,43.03,,36.37,0.6439,,,0.0237,15.6,5.85,,,Nepheline
57778,G20210506-7_ C5-1 ,40.415,0.006,0.028,11.659,0.187,47.668,0.313,,,,0.039,Olivine
57788,G20210506-7_ C5-1 ,40.53,0.009,0.039,11.878,0.193,47.491,0.312,,,,0.035,Olivine
57790,G20210506-7_ C5-1 ,40.339,0.004,0.02,11.899,0.197,47.528,0.317,,,,0.032,Olivine
57787,G20210506-7_ C5-1 ,40.615,0,0.044,11.947,0.19,47.585,0.303,,,,0.048,Olivine
57791,G20210506-7_ C5-1 ,40.502,0.006,0.017,11.914,0.203,47.378,0.312,,,,0.038,Olivine
57789,G20210506-7_ C5-1 ,40.537,0,0.038,11.871,0.188,47.457,0.318,,,,0.042,Olivine
57786,G20210506-7_ C5-1 ,40.492,0.008,0.02,11.798,0.192,47.498,0.301,,,,0.046,Olivine
57781,G20210506-7_ C5-1 ,40.712,0.008,0.046,11.685,0.177,47.608,0.322,,,,0.035,Olivine
57784,G20210506-7_ C5-1 ,40.575,0.001,0.025,11.753,0.197,47.507,0.303,,,,0.035,Olivine
57783,G20210506-7_ C5-1 ,40.745,0.004,0.035,11.885,0.198,47.685,0.318,,,,0.044,Olivine
57782,G20210506-7_ C5-1 ,40.618,0,0.035,11.706,0.211,47.514,0.302,,,,0.039,Olivine
57780,G20210506-7_ C5-1 ,40.757,0.012,0.03,11.76,0.195,47.545,0.311,,,,0.025,Olivine
57777,G20210506-7_ C5-1 ,40.46,0.006,0.041,11.839,0.206,47.597,0.312,,,,0.04,Olivine
57792,G20210506-7_ C5-1 ,40.457,0.011,0.03,11.905,0.199,47.399,0.3,,,,0.04,Olivine
57779,G20210506-7_ C5-1 ,40.601,0.024,0.038,11.63,0.206,47.619,0.314,,,,0.044,Olivine
57785,G20210506-7_ C5-1 ,40.481,0.003,0.007,11.803,0.195,47.641,0.307,,,,0.033,Olivine
57793,G20210506-7_ C5-1 ,40.476,0.001,0.032,11.936,0.225,47.603,0.309,,,,0.052,Olivine
57806,G20210506-7_ C5-3 ,40.266,0.006,0.053,12.682,0.198,46.759,0.316,,,,0.051,Olivine
57795,G20210506-7_ C5-2 ,40.458,0.012,0.044,12.688,0.222,46.53,0.312,,,,0.042,Olivine
57811,G20210506-7_ C5-3 ,40.278,0.021,0.049,11.577,0.178,47.556,0.312,,,,0.036,Olivine
57812,G20210506-7_ C5-3 ,40.718,0.008,0.037,11.685,0.197,47.634,0.315,,,,0.034,Olivine
57813,G20210506-7_ C5-3 ,40.428,0.01,0.041,11.712,0.196,47.595,0.308,,,,0.047,Olivine
57776,G20210506-7_ C5-1 ,40.593,0.008,0.053,11.928,0.189,47.372,0.311,,,,0.033,Olivine
57810,G20210506-7_ C5-3 ,40.284,0.012,0.032,11.708,0.187,47.631,0.313,,,,0.039,Olivine
57809,G20210506-7_ C5-3 ,40.671,0.013,0.037,11.569,0.215,47.611,0.319,,,,0.038,Olivine
57808,G20210506-7_ C5-3 ,40.533,0.007,0.058,11.803,0.206,47.512,0.315,,,,0.044,Olivine
57807,G20210506-7_ C5-3 ,40.451,0.017,0.049,11.966,0.213,47.13,0.308,,,,0.046,Olivine
57794,G20210506-7_ C5-2 ,40.166,0.012,0.051,13.945,0.243,45.263,0.346,,,,0.057,Olivine
57805,G20210506-7_ C5-3 ,40.138,0.012,0.079,13.015,0.199,46.26,0.349,,,,0.056,Olivine
57803,G20210506-7_ C5-2 ,40.237,0.008,0.031,11.777,0.186,47.67,0.307,,,,0.042,Olivine
57802,G20210506-7_ C5-2 ,40.59,0.005,0.032,11.764,0.199,47.75,0.316,,,,0.036,Olivine
57801,G20210506-7_ C5-2 ,40.506,0.022,0.024,11.664,0.208,47.707,0.312,,,,0.037,Olivine
57800,G20210506-7_ C5-2 ,40.617,0,0.02,11.729,0.212,47.503,0.314,,,,0.041,Olivine
57799,G20210506-7_ C5-2 ,40.833,0.002,0.053,12.016,0.183,47.47,0.311,,,,0.042,Olivine
57798,G20210506-7_ C5-2 ,40.388,0.006,0.043,12.094,0.198,47.108,0.31,,,,0.039,Olivine
57797,G20210506-7_ C5-2 ,40.511,0.003,0.024,12.366,0.225,47.222,0.298,,,,0.049,Olivine
57796,G20210506-7_ C5-2 ,40.523,0,0.031,12.508,0.238,46.544,0.312,,,,0.044,Olivine
57804,G20210506-7_ C5-2 ,40.791,0.003,0.008,11.703,0.179,47.455,0.306,,,,0.029,Olivine
57775,G20210506-7_ C5-1 ,40.459,0.003,0.034,12.214,0.203,47.356,0.3,,,,0.045,Olivine
57746,G20210506-7_C4b.c-1 ,40.71,0,0.061,10.655,0.164,48.169,0.314,,,,0.063,Olivine
57773,G20210506-7_ C5-1 ,40.311,0.012,0.056,13.402,0.228,46.344,0.327,,,,0.031,Olivine
57750,G20210506-7_C4b.c-1 ,40.66,0,0.074,10.602,0.18,48.42,0.319,,,,0.061,Olivine
57749,G20210506-7_C4b.c-1 ,40.696,0,0.077,10.615,0.164,48.222,0.315,,,,0.056,Olivine
57748,G20210506-7_C4b.c-1 ,40.714,0.011,0.076,10.629,0.162,48.376,0.307,,,,0.058,Olivine
57747,G20210506-7_C4b.c-1 ,40.772,0.005,0.062,10.575,0.171,48.221,0.306,,,,0.064,Olivine
57745,G20210506-7_C4b.c-1 ,40.512,0,0.085,10.758,0.186,48.281,0.305,,,,0.069,Olivine
57744,G20210506-7_C4b.c-1 ,40.557,0.01,0.059,10.742,0.196,48.16,0.315,,,,0.056,Olivine
57743,G20210506-7_C4b.c-1 ,40.801,0.004,0.083,10.674,0.185,47.971,0.306,,,,0.061,Olivine
57742,G20210506-7_C4b.c-1 ,40.727,0.012,0.071,11.078,0.174,48.074,0.306,,,,0.047,Olivine
57751,G20210506-7_C4b.c-1 ,40.761,0,0.073,10.561,0.19,48.213,0.309,,,,0.062,Olivine
57741,G20210506-7_C4b.c-1 ,40.771,0.007,0.039,10.987,0.186,48.088,0.304,,,,0.046,Olivine
57739,G20210506-7_C4b.c-1 ,40.885,0.007,0.024,11.494,0.175,47.817,0.314,,,,0.047,Olivine
57738,G20210506-7_C4b.c-1 ,40.588,0,0.061,11.598,0.199,47.438,0.318,,,,0.039,Olivine
57737,G20210506-7_C4b.c-1 ,40.67,0.018,0.039,11.883,0.197,47.096,0.331,,,,0.045,Olivine
57736,G20210506-7_ C4a.b-2 ,39.901,0.004,0.029,15.993,0.263,44.366,0.289,,,,0.02,Olivine
57814,G20210506-7_ C5-3 ,40.349,0.014,0.037,11.788,0.208,47.582,0.321,,,,0.031,Olivine
57733,G20210506-7_ C4a.b-2 ,39.896,0.023,0.035,16.048,0.26,44.166,0.282,,,,0.016,Olivine
57735,G20210506-7_ C4a.b-2 ,40.089,0.013,0.028,16.093,0.255,43.907,0.274,,,,0.025,Olivine
57734,G20210506-7_ C4a.b-2 ,39.868,0.001,0.035,16.031,0.263,44.107,0.277,,,,0.029,Olivine
57740,G20210506-7_C4b.c-1 ,40.605,0,0.045,11.208,0.194,47.85,0.322,,,,0.048,Olivine
57774,G20210506-7_ C5-1 ,40.382,0.007,0.041,12.486,0.223,46.951,0.306,,,,0.039,Olivine
57752,G20210506-7_C4b.c-1 ,40.557,0.02,0.09,10.647,0.175,48.295,0.309,,,,0.071,Olivine
57754,G20210506-7_C4b.c-1 ,40.526,0,0.061,10.412,0.161,48.149,0.311,,,,0.067,Olivine
57772,G20210506-7_C4b.d-2 ,40.677,0,0.078,11.041,0.176,47.931,0.313,,,,0.048,Olivine
57771,G20210506-7_C4b.d-2 ,40.52,0.029,0.072,11.013,0.165,48.179,0.308,,,,0.06,Olivine
57770,G20210506-7_C4b.d-2 ,40.629,0.009,0.061,10.959,0.166,48.085,0.3,,,,0.044,Olivine
57769,G20210506-7_C4b.d-2 ,40.493,0.001,0.06,10.977,0.182,48.098,0.304,,,,0.056,Olivine
57768,G20210506-7_C4b.d-2 ,40.559,0,0.069,11.032,0.196,48.186,0.31,,,,0.048,Olivine
57767,G20210506-7_C4b.d-2 ,40.576,0.001,0.049,10.986,0.183,48.006,0.31,,,,0.045,Olivine
57766,G20210506-7_C4b.d-2 ,40.578,0,0.074,11.066,0.193,48.045,0.314,,,,0.061,Olivine
57765,G20210506-7_C4b.d-2 ,40.456,0.016,0.062,11.012,0.183,47.994,0.304,,,,0.04,Olivine
57753,G20210506-7_C4b.c-1 ,40.648,0.008,0.061,10.427,0.16,48.085,0.311,,,,0.067,Olivine
57764,G20210506-7_C4b.d-2 ,40.5,0.018,0.069,11.129,0.182,47.953,0.307,,,,0.056,Olivine
57762,G20210506-7_C4b.d-2 ,40.695,0,0.056,11.184,0.188,47.843,0.312,,,,0.053,Olivine
57761,G20210506-7_C4b.d-2 ,40.292,0.005,0.056,11.418,0.185,47.797,0.298,,,,0.046,Olivine
57760,G20210506-7_C4b.d-2 ,40.465,0,0.027,11.516,0.181,47.716,0.309,,,,0.049,Olivine
57759,G20210506-7_C4b.d-2 ,40.521,0.001,0.036,11.645,0.199,47.785,0.301,,,,0.044,Olivine
57758,G20210506-7_C4b.d-2 ,40.602,0.004,0.038,11.747,0.199,47.51,0.3,,,,0.05,Olivine
57757,G20210506-7_C4b.d-2 ,40.492,0.005,0.037,12.064,0.201,47.269,0.315,,,,0.041,Olivine
57756,G20210506-7_C4b.d-2 ,39.942,0.021,0.212,13.983,0.232,45.549,0.387,,,,0.057,Olivine
57755,G20210506-7_C4b.c-1 ,40.726,0.005,0.064,10.716,0.177,48.388,0.316,,,,0.06,Olivine
57763,G20210506-7_C4b.d-2 ,40.523,0.006,0.078,11.175,0.181,47.9,0.313,,,,0.052,Olivine
57815,G20210506-7_ C5-3 ,40.358,0.004,0.031,11.814,0.196,47.571,0.319,,,,0.039,Olivine
57877,G20210506-7_ D1a-2 ,40.513,0.006,0.034,15.516,0.245,44.258,0.28,,,,0.01,Olivine
57817,G20210506-7_ C5-3 ,40.477,0.009,0.038,11.794,0.205,47.581,0.32,,,,0.043,Olivine
57879,G20210506-7_ D1a-2 ,40.185,0,0.054,15.541,0.233,44.291,0.28,,,,0.019,Olivine
57878,G20210506-7_ D1a-2 ,40.292,0.002,0.053,15.547,0.266,44.22,0.288,,,,0.014,Olivine
57876,G20210506-7_ D1a-2 ,40.38,0.009,0.03,15.437,0.244,44.319,0.284,,,,0.021,Olivine
57875,G20210506-7_ D1a-2 ,40.402,0,0.03,15.43,0.244,44.205,0.291,,,,0.016,Olivine
57874,G20210506-7_ D1a-2 ,40.546,0,0.044,15.457,0.246,44.184,0.282,,,,0.016,Olivine
57873,G20210506-7_ D1a-2 ,40.425,0.008,0.058,15.407,0.238,44.281,0.288,,,,0.013,Olivine
57872,G20210506-7_ D1a-2 ,40.679,0.007,0.024,15.401,0.244,44.154,0.284,,,,0.005,Olivine
57871,G20210506-7_ D1a-2 ,40.2,0.005,0.045,15.305,0.231,44.309,0.287,,,,0.008,Olivine
57870,G20210506-7_ D1a-2 ,40.12,0,0.035,15.286,0.265,44.203,0.293,,,,0.01,Olivine
57869,G20210506-7_ D1a-2 ,40.567,0,0.046,15.167,0.25,44.293,0.295,,,,0.013,Olivine
57868,G20210506-7_ D1a-2 ,40.316,0.006,0.038,15.007,0.227,44.381,0.298,,,,0.005,Olivine
57867,G20210506-7_ D1a-2 ,40.953,0.007,0.038,13.241,0.219,45.8,0.337,,,,0.027,Olivine
57866,G20210506-7_ D1a-1 ,40.626,0.005,0.036,15.583,0.268,44.243,0.282,,,,0.003,Olivine
57865,G20210506-7_ D1a-1 ,40.027,0,0.045,15.63,0.235,44.509,0.287,,,,0.012,Olivine
57864,G20210506-7_ D1a-1 ,39.763,0.001,0.045,15.661,0.25,44.474,0.283,,,,0.014,Olivine
68974,BURGSAF-JAG-J26,57.23,0.07,0.9,4.93,0.12,34.56,1.18,0.2,,,0.24,Orthopyroxene
68973,BURGSAF-JAG-J25,57.83,,0.73,5.01,,34.88,0.43,,,,0.26,Orthopyroxene
68977,BURGSAF-JAG-J31,56.85,0.11,0.92,4.81,0.11,34.54,1.14,0.25,,,0.43,Orthopyroxene
68972,BURGSAF-JAG-J24,58,,0.61,5.15,,35.4,0.16,,,,0.25,Orthopyroxene
68976,BURGSAF-JAG-J31,56.9,0.1,0.9,4.73,0.11,34.81,1.1,0.24,,,0.41,Orthopyroxene
68975,BURGSAF-JAG-J28,57.36,0.04,0.71,5.34,0.13,35.57,0.19,0.06,,,0.26,Orthopyroxene
68971,BURGSAF-JAG-J22,57.04,0.21,1.05,4.55,0.14,35,1,0.35,,,0.51,Orthopyroxene
68962,BURGSAF-JAG-J145,57.34,,0.8,5.26,0.13,34.71,0.9,0.24,,,0.59,Orthopyroxene
68969,BURGSAF-JAG-J18,56.99,0.01,0.67,3.92,0.1,36.35,0.59,0.13,,,0.48,Orthopyroxene
68968,BURGSAF-JAG-J159,57.13,0.02,0.74,5.11,0.14,34.84,1,0.05,,,0.44,Orthopyroxene
68967,BURGSAF-JAG-J159,57.41,0.02,0.63,5.1,0.12,35.06,0.96,0.05,,,0.38,Orthopyroxene
68966,BURGSAF-JAG-J157,57.89,0.03,0.7,3.77,0.09,36.23,0.28,0.13,,,0.36,Orthopyroxene
68965,BURGSAF-JAG-J154,57.66,0.03,0.6,3.84,0.1,36.28,0.33,0.16,,,0.41,Orthopyroxene
68961,BURGSAF-JAG-J121,57.16,0.05,0.89,5.23,0.11,34.14,1.17,0.2,,,0.27,Orthopyroxene
68964,BURGSAF-JAG-J146,59.55,0.1,0.66,5.09,0.14,35.41,0.9,0.15,,,0.51,Orthopyroxene
68978,BURGSAF-JAG-J33,57.18,0.22,0.95,5.79,0.13,34.12,0.99,0.3,,,0.33,Orthopyroxene
68963,BURGSAF-JAG-J145,57.17,,0.71,5.21,0.14,34.53,0.87,0.24,,,0.61,Orthopyroxene
68970,BURGSAF-JAG-J22,57.11,0.22,1.02,4.51,0.11,35.04,0.98,0.36,,,0.48,Orthopyroxene
68979,BURGSAF-JAG-J33,57.06,0.22,0.96,5.82,0.13,33.96,1.1,0.3,,,0.35,Orthopyroxene
68916,KH18-02_D12-R20,57.21,0.03,1.74,6.26,0.14,34.91,0.44,0,0,,0.29,Orthopyroxene
68981,BURGSAF-JAG-J34,57.35,0.09,1.01,5.48,0.11,34.19,1.23,0.22,,,0.27,Orthopyroxene
68999,BURGSAF-JAG-JJG1778,56.11,,2.61,4.47,0.11,34.85,0.66,0.04,,,0.98,Orthopyroxene
68998,BURGSAF-JAG-JJG1776,57.12,0.16,0.94,5.98,0.11,34.32,0.91,0.24,,,0.18,Orthopyroxene
68997,BURGSAF-JAG-JJG1776,57.19,0.16,0.91,5.97,0.12,34.27,0.91,0.24,,,0.19,Orthopyroxene
68996,BURGSAF-JAG-JJG1761,57.54,,0.78,3.43,0.05,36.15,0.27,0.16,,,0.56,Orthopyroxene
68960,BURGSAF-JAG-J121,57.2,0.04,0.91,5.21,0.13,34.13,1.23,0.2,,,0.28,Orthopyroxene
68995,BURGSAF-JAG-JJG1757,57.14,,1.6,4.27,0.08,35.05,0.43,0.11,,,0.55,Orthopyroxene
68994,BURGSAF-JAG-JJG1728,57.44,0.02,0.85,3.98,0.11,36.11,0.32,0.19,,,0.45,Orthopyroxene
68993,BURGSAF-JAG-JJG1723,58.02,0.03,0.52,4.13,0.11,36.3,0.35,0.15,,,0.37,Orthopyroxene
68992,BURGSAF-JAG-J53,57.73,0.03,0.66,4.57,0.11,36.22,0.19,0.04,,,0.23,Orthopyroxene
68991,BURGSAF-JAG-J52,57.86,,0.67,4.39,0.11,36.7,0.21,0.02,,,0.2,Orthopyroxene
68990,BURGSAF-JAG-J51,57.88,0.13,0.85,6.63,0.13,33.52,0.93,,,,,Orthopyroxene
68989,BURGSAF-JAG-J47,58.34,0.16,0.84,5.99,0.11,34.32,0.91,,,,0.15,Orthopyroxene
68988,BURGSAF-JAG-J42,56.89,0.08,0.91,4.76,0.1,34.72,1.12,0.22,,,0.34,Orthopyroxene
68987,BURGSAF-JAG-J42,57.1,0.07,0.85,4.76,0.11,34.9,1.06,0.22,,,0.34,Orthopyroxene
68986,BURGSAF-JAG-J38,57.08,0.13,1.09,5.5,0.13,33.92,1.19,0.29,,,0.22,Orthopyroxene
68985,BURGSAF-JAG-J38,57.18,0.16,1.13,5.51,0.13,33.92,1.31,0.31,,,0.21,Orthopyroxene
68984,BURGSAF-JAG-J37,57,0.13,0.88,5.16,0.12,34.43,1.1,0.25,,,0.31,Orthopyroxene
68983,BURGSAF-JAG-J36,57.09,0.11,0.95,5.63,0.12,33.87,1.25,0.28,,,0.24,Orthopyroxene
68982,BURGSAF-JAG-J36,57.11,0.11,0.97,5.6,0.13,34.07,1.18,0.27,,,0.23,Orthopyroxene
68980,BURGSAF-JAG-J34,57.29,0.08,0.92,5.42,0.13,34.14,1.17,0.22,,,0.25,Orthopyroxene
68959,BURGSAF-JAG-J12,57.19,,0.7,5.06,0.11,35.74,0.2,0.04,,,0.24,Orthopyroxene
68922,KH18-02_D12-R20,56.9,0.02,2.38,6.29,0.15,34.55,0.4,0,0,,0.27,Orthopyroxene
68957,BURGSAF-JAG-J119,57.04,0.18,0.89,6,0.12,34.34,0.87,0.25,,,0.17,Orthopyroxene
68933,YK18-07_6K-1515-R03,54.89,0.09,4.7,6.6,0.72,33.19,0.38,0,0,,0.14,Orthopyroxene
68932,YK18-07_6K-1515-R02,54.97,0.06,3.9,6.31,0.55,33.49,0.52,0,0,,0.12,Orthopyroxene
68931,YK18-07_6K-1515-R02,54.44,0.08,4.86,6.21,0.64,31.48,1.72,0.19,0.04,,0.17,Orthopyroxene
68930,YK18-07_6K-1515-R02,55.2,0.07,3.93,6.54,0.52,33.22,0.83,0.04,0,,0.21,Orthopyroxene
68929,YK18-07_6K-1515-R02,54.84,0.04,3.85,6.29,0.58,32.95,0.61,0.02,0.01,,0.11,Orthopyroxene
68928,YK18-07_6K-1515-R02,54.65,0.03,4.38,6.63,0.63,33.08,0.36,0.01,0,,0.14,Orthopyroxene
68915,KH18-02_D12-R20 ,57.36,0.06,1.75,6.4,0.13,35.03,0.43,0.01,0,,0.35,Orthopyroxene
68927,YK18-07_6K-1515-R02,54.42,0.05,4.67,6.41,0.66,32.6,0.54,0.02,0.01,,0.17,Orthopyroxene
68934,YK18-07_6K-1515-R03,54.31,0.1,5.16,6.51,0.77,32.66,0.4,0,0,,0.11,Orthopyroxene
68926,KH18-02_D12-R33,55.07,0.05,5.11,6.51,0.15,32.8,0.61,0.02,0,,0.81,Orthopyroxene
68924,KH18-02_D12-R33,55.01,0.09,5.26,6.55,0.15,32.5,0.92,0.02,0,,0.81,Orthopyroxene
68923,KH18-02_D12-R33,54.89,0.09,4.92,6.71,0.15,32.62,0.8,0,0,,0.78,Orthopyroxene
68921,KH18-02_D12-R20,56.95,0.04,2.55,6.35,0.13,34.3,0.39,0.01,0.01,,0.37,Orthopyroxene
68920,KH18-02_D12-R20,56.56,0.02,3.2,6.2,0.12,34.33,0.38,0,0,,0.6,Orthopyroxene
68919,KH18-02_D12-R20,56.01,0.08,3.01,6.47,0.13,34.14,0.66,0.01,0.01,,0.64,Orthopyroxene
68918,KH18-02_D12-R20,56.14,0.06,2.76,6.22,0.12,34.29,0.42,0,0,,0.44,Orthopyroxene
69000,BURGSAF-JAG-JJG1780,57.69,0.02,0.8,4.04,0.09,35.6,0.32,0.16,,,0.4,Orthopyroxene
68917,KH18-02_D12-R20,57.06,0.07,1.96,6.23,0.15,34.68,0.43,0.02,0,,0.28,Orthopyroxene
68925,KH18-02_D12-R33,54.97,0.07,5.1,6.43,0.13,32.95,0.58,0.01,0,,0.78,Orthopyroxene
68935,YK18-07_6K-1515-R03,54.57,0.07,4.79,6.35,0.73,33.1,0.34,0.04,0,,0.14,Orthopyroxene
68936,YK18-07_6K-1515-R03,54.92,0.1,4.92,6.58,0.79,33.44,0.39,0.02,0,,0.17,Orthopyroxene
68937,YK18-07_6K-1515-R03,54.4,0.06,5.12,6.84,0.77,32.82,0.4,0,0,,0.13,Orthopyroxene
68956,BURGSAF-JAG-J115,56.81,0.1,0.96,5.81,0.09,34.22,1.18,0.25,,,0.23,Orthopyroxene
68955,BURGSAF-JAG-J112,56.73,0.3,1.08,6.03,0.13,32.99,1.15,0.28,,,0.49,Orthopyroxene
68954,BURGSAF-JAG-J112,57.34,0.26,0.79,5.21,0.13,33.8,0.95,0.26,,,0.42,Orthopyroxene
68953,BURGSAF-JAG-J110,56.87,0.2,1.06,5.05,0.12,34.12,1.12,0.35,,,0.38,Orthopyroxene
68952,BURGSAF-JAG-J110,56.74,0.2,1.07,5.09,0.13,34.02,1.13,0.37,,,0.38,Orthopyroxene
68951,BURGSAF-JAG-J107,56.98,0.23,1.03,4.78,0.11,34.43,1.06,0.36,,,0.44,Orthopyroxene
68950,BURGSAF-JAG-J107,56.94,0.25,1.09,4.81,0.12,34.39,1.1,0.36,,,0.45,Orthopyroxene
68949,BURGSAF-JAG-J105,57.63,0.04,0.77,5.05,0.14,34.92,0.83,0.16,,,0.31,Orthopyroxene
68948,BURGSAF-JAG-J104,57.26,0.07,0.87,4.72,0.13,34.88,1.06,0.22,,,0.44,Orthopyroxene
68947,BURGSAF-JAG-J104,57.06,0.07,0.88,4.78,0.13,34.77,1.09,0.22,,,0.43,Orthopyroxene
68946,BURGSAF-JAG-J10,57.69,,0.68,4.61,0.11,36.38,0.18,0.04,,,0.21,Orthopyroxene
68945,YK18-07_6K-1515-R15,54.83,0.09,4.78,6.57,0.67,33.29,0.38,0.02,0,,0.13,Orthopyroxene
68944,YK18-07_6K-1515-R15,55.08,0.04,3.97,7.36,0.53,33.3,0.7,0,0.01,,0.19,Orthopyroxene
68943,YK18-07_6K-1515-R15,54.34,0.09,5.31,6.52,0.84,32.54,0.71,0,0.01,,0.15,Orthopyroxene
68942,YK18-07_6K-1515-R15,53.92,0.08,5.41,6.52,0.74,32.38,0.62,0,0.05,,0.14,Orthopyroxene
68941,YK18-07_6K-1515-R10,54.18,0.05,4.91,6.85,0.79,32.26,0.39,0,0,,0.15,Orthopyroxene
68940,YK18-07_6K-1515-R10,54.9,0.02,4.49,6.8,0.8,32.33,0.44,0.09,0.01,,0.16,Orthopyroxene
68939,YK18-07_6K-1515-R10,54.57,0.02,4.55,6.57,0.77,32.93,0.34,0,0,,0.17,Orthopyroxene
68938,YK18-07_6K-1515-R03,54.74,0.08,4.77,6.59,0.74,33.04,0.39,0,0,,0.15,Orthopyroxene
68958,BURGSAF-JAG-J119,57.08,0.17,0.88,6.01,0.11,34.44,0.84,0.22,,,0.16,Orthopyroxene
69001,BURGSAF-JAG-JJG1781,56.95,0.09,0.72,4.19,0.09,35.22,0.64,0.21,,,0.59,Orthopyroxene
69081,FJM10OPX6PT1,58.0194,0.0779,0.615,4.5792,0.1215,35.0648,0.6724,0.1646,,,0.3257,Orthopyroxene
69003,BURGSAF-JAG-JJH11,57.73,0.13,0.95,4.84,0.12,34.96,1.02,0.26,,,0.36,Orthopyroxene
69066,FJM8OPX3,58.4738,0.0296,0.5062,4.1366,0.1079,35.5469,0.6583,0.0963,,,0.3798,Orthopyroxene
69065,FJM8OPX1,58.7009,0.0321,0.506,4.2283,0.1126,35.4737,0.6568,0.1095,,,0.3539,Orthopyroxene
69064,FJM7OPX10,58.6128,0.0471,0.5809,5.2036,0.1264,34.8801,0.6939,0.1617,,,0.2863,Orthopyroxene
69063,FJM7OPX9,57.998,0.0392,0.5737,5.1799,0.1265,34.9497,0.6996,0.1702,,,0.2635,Orthopyroxene
69062,FJM7OPX8,58.324,0.0378,0.5931,5.2258,0.13,35.0572,0.7009,0.1589,,,0.2805,Orthopyroxene
69061,FJM7OPX6,58.5902,0.04,0.5704,5.133,0.1157,34.8395,0.7006,0.1382,,,0.2889,Orthopyroxene
69060,FJM7OPX5,57.6387,0.0566,0.5962,4.7834,0.1264,34.8698,0.6983,0.1749,,,0.2957,Orthopyroxene
69059,FJM7OPX4,58.2455,0.0542,0.6113,4.9448,0.1121,35.1559,0.6927,0.1404,,,0.2923,Orthopyroxene
69067,FJM8OPX2,58.9321,0.0322,0.4953,4.0302,0.1152,35.4836,0.6618,0.0795,,,0.39,Orthopyroxene
69058,FJM7OPX3,58.3681,0.0453,0.5842,4.9676,0.1267,35.0543,0.6958,0.1408,,,0.2668,Orthopyroxene
69056,FJM7OPX1,57.9777,0.0416,0.5808,4.9602,0.0961,34.9592,0.7033,0.1491,,,0.2812,Orthopyroxene
109461,EYS82_16 ,73.98,0.14,12.01,1.05,0.04,0.02,0.44,3.18,5.47,,,Glass
109460,EYS82_15 ,74.5,0.13,12.11,0.97,0.01,0.04,0.52,3.14,5.27,,,Glass
109459,EYS82_14 ,73.73,0.18,12.02,1.8,0.02,0.02,0.41,3.3,5.14,,,Glass
109458,EYS82_13 ,73.91,0.12,11.94,1.67,0.03,0.02,0.43,3.26,4.98,,,Glass
109450,EYS75_6 ,74.7,0,11.98,1.28,0,0,0.58,3.11,5.41,,,Glass
109452,EYS75_8 ,74.71,0,11.95,1.51,0,0,0.6,3.14,5.29,,,Glass
109457,EYS82_12 ,73.85,0.08,12.09,1.24,0.02,0.01,0.51,3.31,5.08,,,Glass
109456,EYS82_11 ,73.56,0.14,11.82,1.61,0.02,0.02,0.45,3.06,5.01,,,Glass
109455,EYS82_10 ,74.65,0.1,11.89,1.24,0.03,0.01,0.47,3.27,5.12,,,Glass
109454,EYS82_1 ,74.82,0.1,12.02,1.22,0,0.01,0.5,3.34,5.13,,,Glass
109462,EYS82_17 ,73.82,0.14,12.08,1.64,0.04,0,0.41,3.33,5.27,,,Glass
109453,EYS75_9 ,74.37,0,12.13,1.45,0,0,0.52,2.98,5.46,,,Glass
109479,EYS82_34 ,74.39,0.12,11.86,1.49,0.02,0.02,0.46,3.39,5.14,,,Glass
109451,EYS75_7 ,74.32,0,11.91,1.37,0,0,0.5,3.17,5.44,,,Glass
109469,EYS82_24 ,74.46,0.16,12.41,1.65,0.03,0.03,0.43,3.13,5.12,,,Glass
109464,EYS82_19 ,74.27,0.13,11.82,1.54,0.04,0.01,0.43,3.16,5.08,,,Glass
109477,EYS82_32 ,73.75,0.2,12.13,1.67,0.03,0.01,0.52,3.19,5.23,,,Glass
109476,EYS82_31 ,74.93,0.17,12.2,1.67,0.04,0.04,0.47,3.21,5.07,,,Glass
109475,EYS82_30 ,73.69,0.12,11.89,1.17,0.03,0.03,0.45,2.94,5.47,,,Glass
109449,EYS75_5 ,74.01,0,12.02,1.75,0,0,0.48,3.14,5.59,,,Glass
109478,EYS82_33 ,74.64,0.1,12.04,1.06,0.02,0,0.54,3.63,5.14,,,Glass
109474,EYS82_3 ,74.44,0.11,12.27,0.97,0.02,0,0.49,3.2,5.01,,,Glass
109463,EYS82_18 ,70.34,0.14,12.56,1.16,0.02,0.09,0.52,2.59,5.65,,,Glass
109473,EYS82_29 ,75.04,0.1,11.95,1.36,0.02,0,0.55,3.54,5.13,,,Glass
109471,EYS82_27 ,73.42,0.18,11.94,1.68,0.03,0.03,0.39,3.32,5.14,,,Glass
109470,EYS82_25 ,75.02,0.1,12.03,1.04,0.03,0,0.59,3.48,5.04,,,Glass
109468,EYS82_23 ,73.27,0.15,12.06,1.49,0.03,0.01,0.48,3.11,5.1,,,Glass
109467,EYS82_22 ,74.84,0.1,12,0.99,0.03,0.03,0.52,3.46,5.25,,,Glass
109466,EYS82_21 ,73.54,0.13,12.05,1.64,0.05,0.03,0.42,3.24,5.34,,,Glass
109465,EYS82_2 ,74.14,0.09,12.18,1.29,0.03,0,0.54,3.45,4.99,,,Glass
109472,EYS82_28 ,74.29,0.15,12.06,1.53,0.04,0.03,0.4,3.23,5.2,,,Glass
109448,EYS75_45 ,75.34,0,12.07,1.08,0,0,0.43,3.04,5.83,,,Glass
109431,EYS75_28 ,74.12,0,11.86,1.41,0,0,0.49,3.05,5.36,,,Glass
109446,EYS75_42 ,74.15,0,12.2,1.25,0,0,0.54,3.01,5.56,,,Glass
109426,EYS75_24 ,75.25,0,11.99,1.35,0,0,0.52,2.83,5.53,,,Glass
109425,EYS75_23 ,74.07,0,11.94,1.39,0,0,0.49,3.33,5.54,,,Glass
109424,EYS75_22 ,75.5,0,11.99,1.28,0,0,0.57,3.33,5.34,,,Glass
109423,EYS75_21 ,74.87,0,11.97,1.36,0,0,0.59,3.28,5.43,,,Glass
109422,EYS75_20 ,73.82,0,11.78,1.22,0,0,0.82,3.1,5.38,,,Glass
109421,EYS75_2_2 ,73.33,0,11.99,1.38,0,0,0.59,3.29,5.46,,,Glass
109427,EYS75_25 ,72.85,0,11.73,1.14,0,0,0.53,3.04,5.41,,,Glass
109420,EYS75_2 ,74.47,0,12.03,1.33,0,0,0.54,3.2,5.5,,,Glass
109418,EYS75_18 ,73.8,0,11.91,0.7,0,0,0.54,2.78,5.65,,,Glass
109480,EYS82_35 ,74.97,0.11,12.06,0.95,0.03,0,0.53,3.71,5.14,,,Glass
109414,EYS75_14 ,74.75,0,12.13,1.41,0,0,0.4,3.02,5.96,,,Glass
109417,EYS75_17 ,74.22,0,12.21,1.39,0,0,0.41,3.08,5.68,,,Glass
109416,EYS75_16 ,73.82,0,12,1.54,0,0,0.46,3.1,5.44,,,Glass
109415,EYS75_15 ,73.95,0,11.9,1.6,0,0,0.42,3.23,5.25,,,Glass
109419,EYS75_19 ,73.99,0,11.93,1.42,0,0,0.44,2.7,5.67,,,Glass
109428,EYS75_26 ,75.23,0,11.97,1.38,0,0,0.55,3.06,5.26,,,Glass
109429,EYS75_26_2 ,75.04,0,12.25,1.35,0,0,0.46,3.28,5.46,,,Glass
109430,EYS75_27 ,75.28,0,11.97,1.46,0,0,0.49,3,5.52,,,Glass
109445,EYS75_41 ,74.68,0,12.26,1.38,0,0,0.49,3.18,5.68,,,Glass
109444,EYS75_40 ,74.45,0,12.1,1.25,0,0,0.53,3.28,5.46,,,Glass
109443,EYS75_4 ,75.08,0,12.26,1.44,0,0,0.47,3.04,5.56,,,Glass
109413,EYS75_13 ,75.53,0,12.02,1.45,0,0,0.49,2.88,5.35,,,Glass
109442,EYS75_39 ,74.49,0,12.15,1.31,0,0,0.56,2.96,5.54,,,Glass
109441,EYS75_37 ,74.62,0,11.92,1.38,0,0,0.43,3.04,5.49,,,Glass
109440,EYS75_36 ,75.4,0,12.1,1.4,0,0,0.51,3.1,5.6,,,Glass
109439,EYS75_35 ,74.94,0,12.08,1.4,0,0,0.52,3.1,5.31,,,Glass
109438,EYS75_34 ,74.2,0,11.94,1.45,0,0,0.5,3.06,5.54,,,Glass
109437,EYS75_33 ,74.53,0,12.22,1.28,0,0,0.47,2.92,5.38,,,Glass
109436,EYS75_32 ,75.88,0,11.86,1.42,0,0,0.45,3.23,5.47,,,Glass
109435,EYS75_31 ,74.75,0,12.02,1.47,0,0,0.44,3.23,5.37,,,Glass
109434,EYS75_30 ,74.25,0,11.79,1.43,0,0,0.44,3.26,5.54,,,Glass
109433,EYS75_3 ,73.67,0,11.98,1.41,0,0,0.47,3.38,5.44,,,Glass
109432,EYS75_29 ,74.39,0,12.07,1.45,0,0,0.53,2.97,5.37,,,Glass
109447,EYS75_43 ,75.03,0,11.99,1.45,0,0,0.47,2.97,5.46,,,Glass
109481,EYS82_36 ,73.7,0.14,11.96,1.6,0.02,0.02,0.39,3.43,5.09,,,Glass
109522,EYS71_108_2 ,73.98,0,11.8,1.43,0,0,0.54,3.22,4.95,,,Glass
109483,EYS82_38 ,74,0.13,11.89,1.48,0.01,0,0.4,3.2,5.22,,,Glass
109535,EYS71_127 ,75.41,0,12.2,1.44,0,0,0.56,3.45,5.15,,,Glass
109534,EYS71_125 ,74.19,0,12.24,1.39,0,0,0.53,3.63,4.87,,,Glass
109533,EYS71_122 ,74.78,0,12.07,1.39,0,0,0.54,3.26,5.14,,,Glass
109532,EYS71_121_2 ,74.99,0,12.37,1.39,0,0,0.56,3.32,5.23,,,Glass
109531,EYS71_121 ,73.82,0,12.04,1.46,0,0,0.53,3.54,4.99,,,Glass
109530,EYS71_119 ,73.85,0,12.03,1.38,0,0,0.53,3.37,5.11,,,Glass
109536,EYS71_128 ,72.2,0,11.57,1.4,0,0,0.54,3.29,4.92,,,Glass
109529,EYS71_118 ,74.84,0,11.97,1.4,0,0,0.53,3.21,5.03,,,Glass
109527,EYS71_114 ,74.17,0,11.98,1.5,0,0,0.51,3.5,5.05,,,Glass
109526,EYS71_113_2 ,74.59,0,12.19,1.43,0,0,0.53,3.35,5.07,,,Glass
109525,EYS71_113 ,75.06,0,12.12,1.38,0,0,0.53,3.36,4.92,,,Glass
109524,EYS71_111 ,74.36,0,12.12,1.41,0,0,0.55,3.38,5,,,Glass
109523,EYS71_109 ,73.89,0,11.93,1.39,0,0,0.55,3.41,4.99,,,Glass
109521,EYS71_108 ,75.34,0,11.92,1.46,0,0,0.54,3.36,5.01,,,Glass
109528,EYS71_116 ,75.4,0,11.92,1.47,0,0,0.53,3.56,5.01,,,Glass
109537,EYS71_130 ,75.07,0,12.23,1.53,0,0,0.56,3.44,5.1,,,Glass
109538,EYS71_133 ,74.82,0,12.05,1.42,0,0,0.57,3.5,5.05,,,Glass
109539,EYS71_134 ,74.66,0,11.72,1.35,0,0,0.53,3.18,4.91,,,Glass
109552,EYS71_95_2 ,74.82,0,11.99,1.39,0,0,0.54,3.42,5.24,,,Glass
109551,EYS71_95 ,74.98,0,12.21,1.27,0,0,0.51,3.64,5.1,,,Glass
109553,EYS71_96 ,74.55,0,11.76,1.45,0,0,0.51,3.37,5.07,,,Glass
109550,EYS71_94 ,74.36,0,12.07,1.39,0,0,0.56,3.39,4.95,,,Glass
109412,EYS75_11 ,75.1,0,11.83,1.35,0,0,0.54,3.16,5.41,,,Glass
109549,EYS71_90 ,74.34,0,11.98,1.4,0,0,0.53,3.34,4.99,,,Glass
109548,EYS71_150_2 ,75.16,0,11.99,1.42,0,0,0.56,3.22,5.14,,,Glass
109547,EYS71_150 ,75.86,0,11.94,1.39,0,0,0.57,3.47,4.88,,,Glass
109546,EYS71_149_2 ,75.36,0,12.28,1.38,0,0,0.53,3.36,5.03,,,Glass
109545,EYS71_149 ,75.49,0,12.04,1.46,0,0,0.56,3.63,5.02,,,Glass
109544,EYS71_146 ,74.58,0,11.87,1.47,0,0,0.55,3.37,5.02,,,Glass
80285,2021-03-20-03_Stub3_03_P17,47.7269,0.034,31.9105,0.6066,0.0133,0.2481,16.2605,2.2799,0.0296,,,Plagioclase
77149,SKU_4_C3_P3,46.9167,0.0111,32.8016,0.4903,0,0.183706488,17.1003,1.5299,0.0262,,,Plagioclase
77150,SKU_4_C3_P3,46.3311,0.0265,33.228,0.4643,0,0.150779469,17.4585,1.2068,0.0264,,,Plagioclase
77151,HOR_1_C1_P4,49.0105,0.0591,31.1336,0.7397,0,0.17761635,15.7599,2.4807,0.0342,,,Plagioclase
77152,HOR_1_C1_P4,48.8684,0.0577,31.3198,0.797,0,0.187171635,15.8694,2.4771,0.0309,,,Plagioclase
77153,HOR_1_C1_P4,48.412,0.0425,31.803,0.6303,0,0.166668905,16.2644,2.1853,0.0535,,,Plagioclase
77154,HOR_1_C1_P4,49.3574,0.0455,31.1194,0.6603,0.0015,0.183627953,15.7484,2.5092,0.0357,,,Plagioclase
77155,HOR_1_C1_P4,48.6146,0.0434,31.8279,0.5848,0,0.183817793,16.076,2.4874,0.0195,,,Plagioclase
77156,HOR_1_C1_P4,48.4422,0.0442,31.5949,0.6062,0,0.186791955,15.813,2.4206,0.0296,,,Plagioclase
77157,HOR_1_C1_P4,48.2466,0.0407,31.657,0.6346,0,0.199637801,15.9053,2.3355,0.0298,,,Plagioclase
77158,HOR_1_C1_P4,45.6769,0.0269,34.1718,0.5346,0.043,0.145659935,18.1464,1.2473,0.0126,,,Plagioclase
77159,HOR_1_C1_P4,45.488,0.0013,33.8477,0.5324,0.0427,0.139205371,18.1935,1.193,0.0301,,,Plagioclase
77160,HOR_1_C1_P4,45.7137,0.0249,33.686,0.4874,0.035,0.138825691,18.1636,1.1471,0.0124,,,Plagioclase
77161,HOR_1_C1_P4,45.6412,0.0172,33.9203,0.4804,0,0.149836417,17.8637,1.1848,0,,,Plagioclase
77162,HOR_1_C1_P4,45.6459,0.0055,33.8766,0.4936,0,0.146482575,18.2028,1.1952,0.0086,,,Plagioclase
77148,SKU_4_C3_P3,46.6016,0.0156,32.8672,0.4701,0.004,0.176316384,17.1264,1.486,0.0254,,,Plagioclase
77147,SKU_4_C3_P3,46.8152,0.0252,32.7005,0.4641,0,0.173442455,17.2973,1.3828,0.0173,,,Plagioclase
77146,SKU_4_C3_P3,46.5845,0.028,32.8242,0.5106,0,0.176644833,17.156,1.4796,0.0243,,,Plagioclase
77145,SKU_4_C3_P3,46.7543,0.0267,33.3078,0.4448,0,0.167366147,17.5299,1.4287,0,,,Plagioclase
77131,SKU_4_C3_P3,46.5066,0.0134,33.2195,0.5037,0.0621,0.158087461,17.7265,1.2365,0,,,Plagioclase
77132,SKU_4_C3_P3,46.2207,0.024,33.4233,0.4631,0,0.158005348,17.4284,1.2749,0.007,,,Plagioclase
77133,SKU_4_C3_P3,46.1368,0.0285,33.3585,0.4747,0,0.170979087,17.5577,1.2629,0.0034,,,Plagioclase
77134,SKU_4_C3_P3,46.2461,0.0101,33.2345,0.4515,0,0.145360059,17.7035,1.1996,0.0041,,,Plagioclase
77135,SKU_4_C3_P3,43.9109,0.0277,32.0964,0.453,0,0.166134463,17.9196,1.2218,0.0206,,,Plagioclase
77136,SKU_4_C3_P3,46.021,0.0133,33.6037,0.4437,0.03,0.154885082,17.775,1.2122,0,,,Plagioclase
77163,HOR_1_C1_P4,45.406,0.0084,33.6589,0.4086,0,0.158252661,18.1201,1.1631,0.0061,,,Plagioclase
77137,SKU_4_C3_P3,45.8615,0.023,33.2095,0.4224,0.0011,0.158251685,17.4829,1.2168,0.0046,,,Plagioclase
77139,SKU_4_C3_P3,45.863,0.0145,33.5642,0.4865,0,0.156034654,17.7069,1.1524,0.0117,,,Plagioclase
77140,SKU_4_C3_P3,45.9664,0.0187,33.3479,0.4428,0,0.151107918,17.4655,1.2028,0.0038,,,Plagioclase
77141,SKU_4_C3_P3,46.8286,0.0336,32.9028,0.4939,0.0647,0.172785557,17.0684,1.423,0.0149,,,Plagioclase
77142,SKU_4_C3_P3,46.4777,0.0243,33.0038,0.4167,0,0.158826471,17.3714,1.4159,0.0297,,,Plagioclase
77143,SKU_4_C3_P3,45.8002,0.0245,32.7999,0.4509,0.0275,0.172785557,17.4801,1.3958,0.0075,,,Plagioclase
77144,SKU_4_C3_P3,46.4708,0.0149,33.0852,0.4396,0.0675,0.159729706,17.5395,1.3019,0.0292,,,Plagioclase
77138,SKU_4_C3_P3,45.9665,0.022,33.3631,0.4541,0,0.151354255,17.6417,1.1868,0.0043,,,Plagioclase
77164,HOR_1_C1_P4,45.5603,0.0111,33.5053,0.451,0.0275,0.159897942,18.1928,1.2191,0.0079,,,Plagioclase
77165,HOR_1_C1_P4,45.9847,0.022,33.0267,0.4682,0.0143,0.17742651,17.512,1.5367,0.007,,,Plagioclase
77166,HOR_1_C1_P4,45.7755,0.0186,32.3953,0.4516,0.061,0.179261631,16.5612,1.6318,0.0317,,,Plagioclase
77186,HOR_1_C1_P4,45.6161,0.0195,33.4555,0.4809,0,0.172680508,17.9965,1.3606,0.0281,,,Plagioclase
77187,HOR_1_C1_P4,45.7929,0.0202,33.439,0.3837,0.0068,0.174009389,17.9406,1.182,0.0065,,,Plagioclase
77188,HOR_1_C1_P4,45.9431,0.0126,33.3888,0.4101,0.0399,0.188753636,17.7228,1.488,0.0092,,,Plagioclase
77189,HOR_1_C1_P4,46.4586,0.0211,33.2708,0.4328,0.038,0.193373078,17.4445,1.6175,0,,,Plagioclase
77190,HOR_1_C1_P4,46.0095,0.0199,33.794,0.4259,0,0.181539712,17.7465,1.3557,0.0173,,,Plagioclase
77191,HOR_1_C1_P4,45.8424,0.0035,33.5793,0.453,0.051,0.169832907,18.0866,1.2859,0.0051,,,Plagioclase
77185,HOR_1_C1_P4,45.5913,0.0153,33.5177,0.4518,0.0118,0.172933628,17.9962,1.2941,0.0151,,,Plagioclase
77192,HOR_1_C1_P4,45.0172,0.0023,33.4917,0.4749,0,0.163947864,18.0222,1.0924,0,,,Plagioclase
77194,HOR_1_C1_P4,45.2424,0.0253,33.542,0.4077,0.0039,0.168693866,18.0079,1.3395,0.0176,,,Plagioclase
77195,HOR_1_C1_P4,45.1501,0.0094,33.5462,0.4157,0.0067,0.167175145,18.1579,1.1849,0.0218,,,Plagioclase
77196,HOR_1_C1_P4,45.7849,0.0053,33.469,0.3494,0.0089,0.165150184,17.9748,1.1847,0.0223,,,Plagioclase
77197,HOR_1_C1_P4,45.501,0.0302,33.4992,0.4068,0.0478,0.167111865,18.164,1.1503,0.0079,,,Plagioclase
77198,HOR_1_C1_P4,45.7949,0.0217,33.1745,0.4254,0.0194,0.169326666,17.6814,1.2671,0,,,Plagioclase
77199,HOR_1_C1_P4,45.4641,0.0192,33.8093,0.4128,0.0402,0.173503148,18.0461,1.2519,0.0109,,,Plagioclase
77193,HOR_1_C1_P4,45.5816,0.0149,33.6188,0.359,0,0.166225945,18.3085,1.2154,0.0112,,,Plagioclase
77184,HOR_1_C1_P4,46.0461,0.0193,33.3216,0.3977,0,0.180020992,17.9834,1.3387,0.0196,,,Plagioclase
77183,HOR_1_C1_P4,45.8747,0.0224,33.553,0.448,0,0.172870348,17.7699,1.3911,0.0111,,,Plagioclase
77182,HOR_1_C1_P4,45.8735,0.0242,33.6695,0.4209,0.022,0.179451471,17.7101,1.3129,0.016,,,Plagioclase
77167,HOR_1_C1_P4,46.3504,0.0182,33.2672,0.4536,0.0477,0.181602992,17.6846,1.4401,0.008,,,Plagioclase
77168,HOR_1_C1_P4,46.4502,0.0163,33.0862,0.4607,0.0268,0.180653792,17.7435,1.4065,0.0073,,,Plagioclase
77169,HOR_1_C1_P4,46.4208,0.0218,32.9738,0.4375,0.0611,0.185020114,17.3981,1.4945,0,,,Plagioclase
77170,HOR_1_C1_P4,46.0332,0.0001,33.2516,0.4939,0.0243,0.173123468,17.7644,1.3683,0,,,Plagioclase
77171,HOR_1_C1_P4,46.3639,0.0078,33.0373,0.5139,0,0.17609763,17.6226,1.5538,0.0002,,,Plagioclase
77172,HOR_1_C1_P4,46.6195,0.0227,32.6864,0.4501,0.0346,0.194385559,17.0433,1.7783,0.0097,,,Plagioclase
77173,HOR_1_C1_P4,45.9265,0.006,32.4594,0.4393,0,0.190905157,17.4013,1.7079,0.0076,,,Plagioclase
77174,HOR_1_C1_P4,47.1246,0.0139,33.1209,0.476,0.0221,0.197423,17.0494,1.6835,0.0114,,,Plagioclase
77175,HOR_1_C1_P4,47.3961,0.021,32.9312,0.4722,0.0124,0.205712684,17.0278,1.8363,0.0182,,,Plagioclase
77176,HOR_1_C1_P4,46.7177,0.0211,32.9586,0.4513,0,0.19641052,17.2047,1.682,0.0394,,,Plagioclase
77177,HOR_1_C1_P4,45.8408,0.0287,33.4292,0.4564,0.058,0.179641311,17.7807,1.4147,0.002,,,Plagioclase
77178,HOR_1_C1_P4,46.1704,0.0214,33.7712,0.3859,0.0194,0.17711011,17.947,1.2857,0.0127,,,Plagioclase
77179,HOR_1_C1_P4,45.9484,0.0224,33.4354,0.4691,0.0403,0.175844509,17.7993,1.3735,0,,,Plagioclase
77180,HOR_1_C1_P4,46.1989,0.0293,33.9527,0.4435,0,0.182299073,17.6191,1.4037,0.0107,,,Plagioclase
77181,HOR_1_C1_P4,46.0865,0.0272,33.858,0.421,0.0503,0.178438991,17.7902,1.3011,0.0037,,,Plagioclase
77130,SKU_4_C3_P3,45.9982,0.0252,33.4218,0.4453,0.0244,0.151025806,17.7841,1.2301,0,,,Plagioclase
77129,SKU_4_C3_P3,46.2206,0.0147,33.2746,0.5431,0.1064,0.164902779,17.6628,1.2365,0.0126,,,Plagioclase
77128,SKU_4_C3_P3,46.2388,0.0264,32.9543,0.4606,0.0576,0.165888126,17.4557,1.2824,0.0023,,,Plagioclase
77127,SKU_4_C3_P3,45.6584,0.0248,33.3343,0.4823,0,0.14577062,17.5161,1.1602,0,,,Plagioclase
77076,SKU_4_C2_P1,45.7926,0.0115,32.9898,0.3896,0,0.150065964,17.5052,1.1155,0.0068,,,Plagioclase
77077,SKU_4_C2_P1,46.2172,0.0224,32.5893,0.452,0.0617,0.15697309,17.3585,1.376,0,,,Plagioclase
77078,SKU_4_C2_P1,46.3508,0.0225,32.9699,0.4494,0.0265,0.165484903,17.4249,1.3108,0.0146,,,Plagioclase
77079,SKU_4_C2_P1,46.1022,0.0194,33.1635,0.4095,0.0269,0.159275466,17.2439,1.303,0,,,Plagioclase
77080,SKU_4_C2_P1,46.0536,0.0191,32.7075,0.4397,0,0.155926556,17.3664,1.2452,0,,,Plagioclase
77081,SKU_4_C2_P1,46.3722,0.011,33.0435,0.3794,0.0009,0.169252426,17.4079,1.4438,0.039,,,Plagioclase
77075,SKU_4_C2_P1,45.8307,0.015,33.2226,0.415,0,0.145600751,17.9401,1.1156,0.0344,,,Plagioclase
77082,SKU_4_C2_P1,46.4657,0.0124,33.2373,0.4369,0.0265,0.172252491,17.2384,1.3964,0.0075,,,Plagioclase
77084,SKU_4_C2_P1,46.5599,0.0153,32.5964,0.4015,0.0292,0.17364787,17.2031,1.4462,0.0119,,,Plagioclase
77085,SKU_4_C2_P1,46.5472,0.0227,32.9875,0.4854,0.0139,0.167996585,17.3343,1.4989,0.0369,,,Plagioclase
77086,SKU_4_C2_P2,49.1446,0.0623,31.5935,0.7896,0.0319,0.170799733,15.7333,2.3968,0.0188,,,Plagioclase
77087,SKU_4_C2_P2,49.0794,0.0442,31.1229,0.6788,0,0.184612161,15.6717,2.3762,0.0178,,,Plagioclase
77088,SKU_4_C2_P2,44.2491,0.0373,26.9767,0.5155,0.019,0.184612161,14.0314,2.2918,0.0324,,,Plagioclase
77089,SKU_4_C2_P2,46.289,0.0298,32.9101,0.5552,0.0185,0.149252347,17.4095,1.2877,0.0086,,,Plagioclase
77083,SKU_4_C2_P1,46.525,0.0212,32.836,0.4062,0,0.162415069,17.1468,1.3785,0,,,Plagioclase
77090,SKU_4_C2_P2,46.2894,0.0327,33.1013,0.4829,0,0.162512277,17.3089,1.3893,0.0236,,,Plagioclase
77074,SKU_4_C2_P1,46.0087,0.0197,33.1107,0.4809,0.0313,0.152786953,17.8244,1.0534,0.0066,,,Plagioclase
77072,SKU_4_C2_P1,45.4381,0.0235,33.1375,0.4682,0.0189,0.155438173,17.5216,1.1304,0.0011,,,Plagioclase
77058,SKU_4_C2_P1,48.4548,0.0472,31.0813,0.6645,0,0.178950311,15.7003,2.4283,0.014,,,Plagioclase
77059,SKU_4_C2_P1,48.9268,0.0428,31.0268,0.544,0,0.180834072,15.4341,2.4005,0.0294,,,Plagioclase
77060,SKU_4_C2_P1,49.2437,0.0446,31.2016,0.5527,0.0393,0.187043509,15.5078,2.4869,0.0508,,,Plagioclase
77061,SKU_4_C2_P1,49.127,0.0419,31.0091,0.5133,0.0314,0.190811033,15.1628,2.6275,0.0226,,,Plagioclase
77062,SKU_4_C2_P1,45.4541,0.0088,33.6883,0.5196,0.0005,0.140926231,17.6385,1.1632,0,,,Plagioclase
77063,SKU_4_C2_P1,46.4516,0.0071,33.0636,0.4083,0,0.159624311,17.6151,1.3208,0.0213,,,Plagioclase
77073,SKU_4_C2_P1,45.7478,0.0259,33.0826,0.4326,0,0.154461408,17.6539,1.1359,0.0199,,,Plagioclase
77064,SKU_4_C2_P1,46.1296,0.0292,32.9411,0.4478,0.0238,0.161438303,17.2457,1.2247,0,,,Plagioclase
89516,,99.9636017,0.034175746,0.002222551,,,,,,,,,Quartz
89517,,99.88863806,0.106319151,0.005042787,,,,,,,,,Quartz
89518,,99.86816283,0.056275596,0.075561572,,,,,,,,,Quartz
89519,,99.9166715,0.038168371,0.045160127,,,,,,,,,Quartz
89521,,99.79878033,0.106336201,0.094883464,,,,,,,,,Quartz
89522,,99.8886373,0.106319151,0.005043549,,,,,,,,,Quartz
89523,,99.94170584,0.052867058,0.005427106,,,,,,,,,Quartz
89524,,99.89007418,0.106318879,0.003606942,,,,,,,,,Quartz
89515,,99.88935171,0.106319016,0.004329274,,,,,,,,,Quartz
89526,,99.88887666,0.061782203,0.049341135,,,,,,,,,Quartz
89520,,99.77848977,0.106340051,0.115170182,,,,,,,,,Quartz
89525,,99.86319885,0.106323978,0.030477172,,,,,,,,,Quartz
89510,,99.97341096,0.015654707,0.010934335,,,,,,,,,Quartz
89513,,99.87729243,0.106321304,0.016386267,,,,,,,,,Quartz
89512,,99.94391021,0.036717742,0.019372043,,,,,,,,,Quartz
89511,,99.93387458,0.061929508,0.004195912,,,,,,,,,Quartz
89509,,99.85132423,0.012894727,0.135781045,,,,,,,,,Quartz
89508,,99.75800192,0.106343939,0.135654142,,,,,,,,,Quartz
89507,,99.91833452,0.031470097,0.050195386,,,,,,,,,Quartz
89506,,99.87075715,0.106322544,0.022920308,,,,,,,,,Quartz
89505,,99.88068309,0.066348212,0.0529687,,,,,,,,,Quartz
89504,,99.93117947,0.012936433,0.055884092,,,,,,,,,Quartz
89502,,99.89115473,0.106318674,0.002526592,,,,,,,,,Quartz
89503,,99.75800192,0.106343939,0.135654142,,,,,,,,,Quartz
89514,,99.84570041,0.086639172,0.067660422,,,,,,,,,Quartz
89527,,99.86452034,0.106323727,0.029155937,,,,,,,,,Quartz
89541,,99.88193705,0.106320423,0.011742527,,,,,,,,,Quartz
89529,,99.95889612,0.036152512,0.004951365,,,,,,,,,Quartz
89554,,99.78644242,0.106338542,0.107219035,,,,,,,,,Quartz
89553,,99.82880426,0.106330504,0.064865231,,,,,,,,,Quartz
89501,,99.94833109,0.010429603,0.041239304,,,,,,,,,Quartz
89552,,99.86904229,0.106322869,0.024634842,,,,,,,,,Quartz
89551,,99.89766614,0.051642805,0.050691055,,,,,,,,,Quartz
89550,,99.75800192,0.106343939,0.135654142,,,,,,,,,Quartz
89549,,99.89824187,0.013299185,0.088458942,,,,,,,,,Quartz
89548,,99.87209348,0.10632229,0.021584231,,,,,,,,,Quartz
89547,,99.89007197,0.106318879,0.003609147,,,,,,,,,Quartz
89546,,99.91143535,0.069411802,0.019152849,,,,,,,,,Quartz
89545,,99.86620361,0.10000094,0.033795446,,,,,,,,,Quartz
89544,,99.92758839,0.031902448,0.040509162,,,,,,,,,Quartz
89543,,99.79905241,0.10633615,0.094611439,,,,,,,,,Quartz
89542,,99.9657206,0.026153559,0.008125839,,,,,,,,,Quartz
89540,,99.97659853,0.011769588,0.011631879,,,,,,,,,Quartz
89539,,99.83812415,0.106328736,0.055547115,,,,,,,,,Quartz
89538,,99.75800192,0.106343939,0.135654142,,,,,,,,,Quartz
89537,,99.91418547,0.068919644,0.016894886,,,,,,,,,Quartz
89536,,99.75800192,0.106343939,0.135654142,,,,,,,,,Quartz
89535,,99.90634098,0.020461442,0.073197577,,,,,,,,,Quartz
89534,,99.82879644,0.075580205,0.095623359,,,,,,,,,Quartz
89533,,99.88541685,0.106319762,0.008263392,,,,,,,,,Quartz
89532,,99.75800192,0.106343939,0.135654142,,,,,,,,,Quartz
89531,,99.92682357,0.031473288,0.04170314,,,,,,,,,Quartz
89530,,99.97712079,0.007249193,0.015630014,,,,,,,,,Quartz
89528,,99.86062132,0.033711557,0.105667124,,,,,,,,,Quartz
89500,,99.86472325,0.106323689,0.028953058,,,,,,,,,Quartz
89469,,99.76298315,0.106342993,0.130673856,,,,,,,,,Quartz
89498,,99.85650271,0.106325249,0.037172046,,,,,,,,,Quartz
89466,,99.94288224,0.016300369,0.040817391,,,,,,,,,Quartz
89465,,99.83625526,0.106329091,0.057415654,,,,,,,,,Quartz
89464,,99.81003312,0.106334066,0.083632811,,,,,,,,,Quartz
89463,,99.75800192,0.106343939,0.135654142,,,,,,,,,Quartz
89462,,99.96383484,0.025598127,0.01056703,,,,,,,,,Quartz
89461,,99.79863024,0.10633623,0.09503353,,,,,,,,,Quartz
89460,,99.75978473,0.1063436,0.133871674,,,,,,,,,Quartz
89459,,99.88987144,0.106318917,0.003809638,,,,,,,,,Quartz
89458,,99.83113127,0.094042951,0.074825777,,,,,,,,,Quartz
89457,,99.85080938,0.106326329,0.042864288,,,,,,,,,Quartz
89456,,99.75800192,0.106343939,0.135654142,,,,,,,,,Quartz
89455,,99.77241913,0.106341203,0.121239666,,,,,,,,,Quartz
89454,,99.96555504,0.032291481,0.002153476,,,,,,,,,Quartz
89453,,99.98481859,0.005601656,0.00957975,,,,,,,,,Quartz
89452,,99.86703483,0.053570259,0.079394911,,,,,,,,,Quartz
89451,,99.85125513,0.106326244,0.042418628,,,,,,,,,Quartz
89450,,99.75800192,0.106343939,0.135654142,,,,,,,,,Quartz
89449,,99.83329529,0.106329652,0.060375056,,,,,,,,,Quartz
89448,,99.87092608,0.106322512,0.022751406,,,,,,,,,Quartz
89447,,99.8404637,0.023770023,0.135766276,,,,,,,,,Quartz
89446,,99.83352797,0.030715184,0.135756845,,,,,,,,,Quartz
89445,,99.75800192,0.106343939,0.135654142,,,,,,,,,Quartz
89444,,99.90042637,0.047649708,0.051923922,,,,,,,,,Quartz
89555,,99.87646844,0.088772867,0.03475869,,,,,,,,,Quartz
89443,,99.78363783,0.106339074,0.110023091,,,,,,,,,Quartz
89467,,99.92835527,0.063835485,0.007809245,,,,,,,,,Quartz
89468,,99.92372828,0.019494525,0.056777195,,,,,,,,,Quartz
89470,,99.89797909,0.068405124,0.033615783,,,,,,,,,Quartz
89471,,99.89645855,0.06384309,0.039698359,,,,,,,,,Quartz
89497,,99.82804713,0.036203476,0.135749392,,,,,,,,,Quartz
89496,,99.75800192,0.106343939,0.135654142,,,,,,,,,Quartz
89495,,99.75800192,0.106343939,0.135654142,,,,,,,,,Quartz
89494,,99.88091976,0.088874968,0.030205273,,,,,,,,,Quartz
89493,,99.85098783,0.073688577,0.075323593,,,,,,,,,Quartz
89492,,99.82109475,0.106331967,0.072573286,,,,,,,,,Quartz
89491,,99.8738416,0.106321959,0.019836436,,,,,,,,,Quartz
89490,,99.93910329,0.02819097,0.032705735,,,,,,,,,Quartz
89489,,99.75800192,0.106343939,0.135654142,,,,,,,,,Quartz
89488,,99.82315023,0.041107041,0.135742733,,,,,,,,,Quartz
89487,,99.97006443,0.017705947,0.012229624,,,,,,,,,Quartz
89486,,99.89363267,0.009760733,0.096606594,,,,,,,,,Quartz
89499,,99.80402247,0.060260806,0.135716722,,,,,,,,,Quartz
89485,,99.76194716,0.102393336,0.135659507,,,,,,,,,Quartz
91585,20HL128_15,0.0285,97.37,,0,,,,,,,0.1894,Rutile
91358,18TG40_3,0.055,99.9286,0.0258,0.021,,,,,,,0.1044,Rutile
91357,18TG40_2,0.0217,99.0516,0.0377,0.0702,,,,,,,0.1026,Rutile
91356,18TG40_1,0.0258,99.0569,0.0484,0.0814,,,,,,,0.1048,Rutile
91355,18TG14_28,0.0295,100.6182,0.0501,0.1425,,,,,,,0.1583,Rutile
91354,18TG14_27,0.0309,100.7188,0.05,0.1291,,,,,,,0.1584,Rutile
91353,18TG14_26,0.0477,100.6976,0.0511,0.1374,,,,,,,0.1702,Rutile
91352,18TG14_25,0.0301,99.0083,0.0486,0.1188,,,,,,,0.1734,Rutile
91351,18TG14_24,0.0356,99.6579,0.0487,0.1324,,,,,,,0.1753,Rutile
91350,18TG14_23,0.0979,99.632,0.0666,0.1353,,,,,,,0.1791,Rutile
91349,18TG14_21,0.0414,99.0727,0.0312,0.0631,,,,,,,0.295,Rutile
91359,18TG40_4,0.0623,98.6514,0.0434,0.2341,,,,,,,0.1614,Rutile
91348,18TG14_20,0.035,100.0088,0.0205,0.0314,,,,,,,0.1517,Rutile
91346,18TG14_18,0.0401,100.1382,0.0208,0.0376,,,,,,,0.1502,Rutile
91345,18TG14_17,0.0199,99.4415,0.016,0.0269,,,,,,,0.1477,Rutile
91344,18TG14_16,0.0247,98.7239,0.0167,0.0488,,,,,,,0.1531,Rutile
91343,18TG14_15,0.0708,99.0652,0.0513,0.073,,,,,,,0.1533,Rutile
91342,18TG14_14,0.0311,100.2005,0.0237,0.0693,,,,,,,0.1452,Rutile
91341,18TG14_13,0.0604,100.0995,0.0304,0.0615,,,,,,,0.3109,Rutile
91340,18TG14_12,0.04,100.2004,0.0245,0.0433,,,,,,,0.3149,Rutile
91339,18TG14_11,0.052,98.8601,0.0264,0.0943,,,,,,,0.1489,Rutile
91338,18TG14_10,0.0331,99.9388,0.0248,0.0749,,,,,,,0.1518,Rutile
91337,18TG14_9,0.0478,100.1576,0.0276,0.1115,,,,,,,0.1501,Rutile
91347,18TG14_19,0.0344,100.2852,0.0203,0.0425,,,,,,,0.1438,Rutile
91360,18TG40_5,0.1212,97.436,0.0507,0.2787,,,,,,,0.201,Rutile
91361,18TG40_6,0.0544,99.7312,0.0393,0.2192,,,,,,,0.095,Rutile
91362,18TG40_7,0.0207,99.4817,0.0274,0.1979,,,,,,,0.0906,Rutile
91385,18LC07_3,0.0332,99.0523,0.0402,0.0504,,,,,,,0.1215,Rutile
91384,18LC07_2,0.0243,99.6711,0.0301,0.0553,,,,,,,0.1264,Rutile
91383,18LC07_1,0.0175,99.6164,0.0417,0.0428,,,,,,,0.1242,Rutile
91382,18LC01_17,0.0222,97.7351,0.0256,0.1414,,,,,,,0.0985,Rutile
91381,18LC01_16,0.0238,99.1114,0.0282,0.1303,,,,,,,0.0946,Rutile
91380,18LC01_15,0.0236,97.5492,0.0342,0.1174,,,,,,,0.0975,Rutile
91379,18LC01_14,0.0305,98.928,0.0246,0.1407,,,,,,,0.105,Rutile
91378,18LC01_13,0.0288,98.8851,0.0365,0.1346,,,,,,,0.099,Rutile
91377,18LC01_12,0.0358,99.6114,0.0198,0.0948,,,,,,,0.1087,Rutile
91376,18LC01_11,0.0236,98.9582,0.0301,0.0823,,,,,,,0.113,Rutile
91375,18LC01_10,0.0323,99.0559,0.0295,0.0863,,,,,,,0.1139,Rutile
91374,18LC01_9,0.0383,98.0916,0.0299,0.0797,,,,,,,0.1142,Rutile
91373,18LC01_8,0.0252,98.8219,0.0395,0.1144,,,,,,,0.1032,Rutile
91372,18LC01_7,0.023,99.0717,0.0397,0.1122,,,,,,,0.1013,Rutile
91371,18LC01_6,0.0234,99.3392,0.0423,0.1056,,,,,,,0.1002,Rutile
91370,18LC01_5,0.0239,99.3558,0.0355,0.1121,,,,,,,0.0997,Rutile
91369,18LC01_4,0.0442,98.8408,0.038,0.1077,,,,,,,0.0999,Rutile
91368,18LC01_3,0.0345,98.6831,0.0233,0.1648,,,,,,,0.1214,Rutile
91367,18LC01_2,0.0283,98.7866,0.022,0.1333,,,,,,,0.1224,Rutile
91366,18LC01_1,0.0332,98.6074,0.0204,0.1389,,,,,,,0.1245,Rutile
91365,18TG40_10,0.0694,98.8335,0.0482,0.1804,,,,,,,0.1038,Rutile
91364,18TG40_9,0.0408,100.4561,0.0405,0.2178,,,,,,,0.1051,Rutile
91363,18TG40_8,0.0545,99.9481,0.0386,0.2357,,,,,,,0.1057,Rutile
91336,18TG14_8,0.0269,98.6996,0.0231,0.0779,,,,,,,0.2188,Rutile
91335,18TG14_7,0.0525,97.5524,0.0271,0.0815,,,,,,,0.2207,Rutile
91334,18TG14_6,0.0358,99.5065,0.0308,0.0485,,,,,,,0.2969,Rutile
91333,18TG14_5,0.0248,99.0868,0.0237,0.0472,,,,,,,0.2975,Rutile
91304,09DSZ35_20,0.0242,100.3938,0.0305,0.0927,,,,,,,0.0739,Rutile
91303,09DSZ35_19,0.0295,99.493,0.0271,0.0852,,,,,,,0.0693,Rutile
91302,09DSZ35_18,0.0552,98.9925,0.0402,0.0953,,,,,,,0.0714,Rutile
91301,09DSZ35_17,0.0232,100.1987,0.0272,0.094,,,,,,,0.0792,Rutile
91300,09DSZ35_16,0.0277,98.7199,0.0292,0.0855,,,,,,,0.0786,Rutile
91299,09DSZ35_15,0.0189,99.431,0.0376,0.0888,,,,,,,0.0798,Rutile
91298,09DSZ35_14,0.0254,99.1522,0.0278,0.0905,,,,,,,0.0771,Rutile
91297,09DSZ35_13,0.0447,99.284,0.033,0.0862,,,,,,,0.08,Rutile
91296,09DSZ35_12,0.0321,100.4022,0.0371,0.0957,,,,,,,0.0807,Rutile
91295,09DSZ35_11,0.0284,100.7486,0.0267,0.0852,,,,,,,0.0794,Rutile
91294,09DSZ35_10,0.0333,99.7021,0.0308,0.073,,,,,,,0.0815,Rutile
91293,09DSZ35_9,0.0268,100.3953,0.0292,0.0705,,,,,,,0.0821,Rutile
91292,09DSZ35_8,0.0462,98.6634,0.0262,0.0872,,,,,,,0.0844,Rutile
91291,09DSZ35_7,0.0394,99.4492,0.0275,0.0962,,,,,,,0.0816,Rutile
91290,09DSZ35_6,0.0249,99.313,0.0234,0.1035,,,,,,,0.0811,Rutile
91289,09DSZ35_5,0.0204,98.9109,0.0278,0.0922,,,,,,,0.0808,Rutile
91288,09DSZ35_4,0.0212,97.8182,0.0272,0.0913,,,,,,,0.0806,Rutile
91287,09DSZ35_3,0.0245,99.2083,0.0252,0.0944,,,,,,,0.0812,Rutile
91286,09DSZ35_2,0.0235,99.0942,0.0231,0.0665,,,,,,,0.0809,Rutile
91285,09DSZ35_1,0.0222,99.2722,0.0263,0.0926,,,,,,,0.08,Rutile
91284,09DSZ05_19,0.024,99.3228,0.0248,0.1445,,,,,,,0.0773,Rutile
91283,09DSZ05_18,0.0306,97.7762,0.0254,0.1439,,,,,,,0.0783,Rutile
91282,09DSZ05_17,0.0319,98.4295,0.0254,0.148,,,,,,,0.0746,Rutile
91305,09DSZ35_21,0.0554,99.3531,0.0422,0.1012,,,,,,,0.0707,Rutile
91386,18LC07_4,0.0176,98.309,0.0355,0.0519,,,,,,,0.1199,Rutile
91306,09DSZ35_22,0.037,100.7598,0.0277,0.0695,,,,,,,0.0684,Rutile
91308,09DSZ35_24,0.0241,100.0467,0.0198,0.0884,,,,,,,0.0758,Rutile
91332,18TG14_4,0.0261,99.2611,0.0238,0.0506,,,,,,,0.3014,Rutile
91331,18TG14_3,0.0347,98.5053,0.0257,0.0491,,,,,,,0.2984,Rutile
91330,18TG14_2,0.067,98.3157,0.0449,0.0522,,,,,,,0.4004,Rutile
91329,18TG14_1,0.1092,98.7206,0.0639,0.0714,,,,,,,0.3755,Rutile
91328,18TG01_13,0.0711,99.8319,0.0324,0.0654,,,,,,,0.4614,Rutile
91327,18TG01_12,0.0345,99.5286,0.0423,0.2865,,,,,,,0.161,Rutile
91326,18TG01_11,0.0387,100.3792,0.0339,0.2506,,,,,,,0.1607,Rutile
91325,18TG01_10,0.0273,100.1583,0.0294,0.2401,,,,,,,0.1579,Rutile
91323,18TG01_8,0.0123,99.1373,0.0471,0.349,,,,,,,0.102,Rutile
91322,18TG01_7,0.0217,98.7235,0.0422,0.3524,,,,,,,0.1076,Rutile
91321,18TG01_6,0.0328,98.5611,0.0335,0.291,,,,,,,0.2251,Rutile
91320,18TG01_5,0.0169,99.3253,0.0287,0.1695,,,,,,,0.1728,Rutile
91319,18TG01_4,0.0263,98.8398,0.0244,0.1753,,,,,,,0.1737,Rutile
91318,18TG01_3,0.0223,98.7613,0.0345,0.3068,,,,,,,0.1405,Rutile
91317,18TG01_2,0.0152,98.8596,0.03,0.2624,,,,,,,0.1362,Rutile
91316,18TG01_1,0.0189,98.8981,0.0294,0.268,,,,,,,0.1433,Rutile
91315,09DSZ35_31,0.0189,98.545,0.0323,0.1216,,,,,,,0.0888,Rutile
91314,09DSZ35_30,0.0255,99.5399,0.028,0.1186,,,,,,,0.0929,Rutile
91313,09DSZ35_29,0.0153,98.7138,0.031,0.2026,,,,,,,0.1131,Rutile
92610,OM08-01,39.48471895,0,4.07004,5.540257834,0.09091,38.54718034,0.08694,,,,0.74511,Serpentine
92613,OM08-01,40.43399532,0.00718,3.55007,5.914229685,0.10722,38.20007815,0.15958,,,,0.54587,Serpentine
92612,OM08-01,40.76107186,0.01684,3.30009,5.952035829,0.1222,39.08651364,0.13535,,,,0.65202,Serpentine
92609,OM08-01,41.47836808,0.02133,0.32212,7.408577246,0.07914,38.8499613,0.1686,,,,0.36367,Serpentine
92615,OM08-01,42.43995967,0.01216,0.17023,6.478722101,0.06498,38.61310724,0.18224,,,,0.33747,Serpentine
92616,OM08-01,41.22302316,0.02035,0.13063,4.7240111,0.04621,40.53737947,0.26201,,,,0.25622,Serpentine
92611,OM08-01,39.37166202,0.00567,4.26664,5.068135996,0.10864,39.07830241,0.17693,,,,0.81907,Serpentine
92617,OM08-01,43.06774453,0,0.07585,3.169719654,0.04316,41.96243704,0.1497,,,,0,Serpentine
92618,OM08-01,42.60577314,0,0.09455,0.562295638,0.02564,40.77469689,0.26023,,,,0,Serpentine
92619,OM08-01,41.13317028,0.05254,0.07795,3.678877714,0,38.85298933,0.2066,,,,0.03678,Serpentine
92620,OM08-01,42.0936971,0.00737,0.12696,4.241940276,0.03786,40.93609817,0.1449,,,,0.00402,Serpentine
92621,OM08-01,41.33521622,0,0.12979,4.77459594,0.09003,40.74114077,0.12843,,,,0.02543,Serpentine
92614,OM08-01,39.32786565,0.00034,3.31154,7.080220742,0.11539,38.13861247,0.1568,,,,0.48932,Serpentine
92630,OM08-01,42.75705145,0.02538,0.10968,4.498354119,0.04423,41.19899756,0.13477,,,,0.0489,Serpentine
92623,OM08-01,42.05384842,0.01325,0.14835,4.625991099,0.0825,40.19007253,0.19371,,,,0,Serpentine
92624,OM08-01,41.58207307,0.01563,0.1063,4.542989566,0.05253,41.45792065,0.20032,,,,0.03868,Serpentine
92625,OM08-01,40.79059424,0,0.20004,7.276730696,0.1455,39.51111603,0.1602,,,,0.06146,Serpentine
92626,OM08-01,41.64023385,0,0.17476,4.477246273,0.03716,39.45216114,0.30721,,,,0.00611,Serpentine
92627,OM08-01,40.83032237,0,0.12369,5.142748384,0.02085,40.77249861,0.21522,,,,0,Serpentine
92628,OM08-01,42.34606868,0.01922,0.08179,4.074687338,0.03711,41.42904126,0.2323,,,,0.00819,Serpentine
92629,OM08-01,40.57891511,0.00553,0.14239,4.966516362,0.04598,40.97370603,0.23764,,,,0.00203,Serpentine
92631,OM08-01,42.02308046,0,0.0775,5.411131007,0.10219,41.09348005,0.10246,,,,0.00406,Serpentine
92636,OM08-01,39.64749882,0,0.09588,7.673230249,0.17677,39.61520035,0.17416,,,,0.00601,Serpentine
92635,OM08-01,40.63484589,0,0.12419,5.428829201,0.08772,39.4453831,0.13662,,,,0,Serpentine
92608,OM08-01,41.79902585,0.03788,0.12684,4.22935156,0.03001,40.32306857,0.13742,,,,0.04358,Serpentine
92632,OM08-01,41.24773396,0.02852,0.08326,4.800023346,0.05414,41.58941883,0.16083,,,,0,Serpentine
92633,OM08-01,41.02931461,0.0281,0.11176,4.626611036,0.05837,41.09588307,0.25856,,,,0,Serpentine
92634,OM08-01,40.72619548,0,0.10894,5.180814501,0.0138,39.43727963,0.49606,,,,0.02028,Serpentine
92622,OM08-01,41.80729291,0,0.12211,4.602133533,0.0231,40.47556896,0.19714,,,,0.01424,Serpentine
92607,OM08-01,42.42291324,0.05462,0.12234,4.282746114,0.08549,40.3594803,0.15017,,,,0.01787,Serpentine
92584,OM07-54,39.71237973,0,1.54399,8.577538,0.09047,37.19857771,0.12781,,,,0.00415,Serpentine
92605,OM08-01,43.1701939,0,0.98186,3.961458888,0.04439,41.18960099,0.19213,,,,0.26474,Serpentine
92578,OM07-54,42.95444653,0.02097,0.10736,2.49050894,0,40.97332887,0.04873,,,,0,Serpentine
92579,OM07-54,42.73592673,0.02666,0.16389,2.510356916,0,40.62750901,0.07118,,,,0,Serpentine
92637,OM08-01,38.07952835,0.0089,0.09812,9.598343867,0.24453,37.6697535,0.23425,,,,0.04958,Serpentine
92577,OM07-54,42.4667297,0.13456,1.20574,1.341786122,0.04785,42.54461527,0.12424,,,,0.04306,Serpentine
92576,OM07-54,39.835994,0.1299,5.26074,2.219126624,0.03503,39.11374431,0.06534,,,,0.31477,Serpentine
92580,OM07-54,41.29059615,0,0.91454,9.131751465,0.0916,36.99369571,0.05708,,,,0,Serpentine
92581,OM07-54,41.85866325,0,0.17044,4.72470103,0.00776,41.9344305,0.01511,,,,0.03389,Serpentine
92582,OM07-54,38.31296503,0,2.08415,6.796509684,0.00369,39.68148285,0.0362,,,,0.01257,Serpentine
92583,OM07-54,41.31563843,0.02884,0.72575,4.912111912,0.04294,41.27212275,0.01233,,,,0,Serpentine
92585,OM07-54,41.10540579,0,0.31468,4.975765418,0.04675,43.08448736,0.04741,,,,0,Serpentine
92586,OM07-54,41.37938426,0.01359,1.21925,4.454318611,0,41.95660728,0.03448,,,,0,Serpentine
92587,OM07-54,40.85960366,0.15166,4.25772,1.51237872,0.04917,40.07461965,0.10381,,,,0.0559,Serpentine
92588,OM07-54,42.58896779,0.04948,1.43657,1.320758267,0,42.85285961,0.0628,,,,0.00215,Serpentine
92589,OM07-54,43.45228876,0.07032,1.60845,1.10330045,0.02985,40.45344606,0.14047,,,,0,Serpentine
92590,OM07-54,44.57759441,0.0691,0.90657,1.070133833,0.03463,39.05116872,0.08605,,,,0.02157,Serpentine
92591,OM07-54,42.47893442,0.09163,2.54289,1.59482031,0.02789,39.0739274,0.16432,,,,0,Serpentine
92592,OM07-54,40.75937425,0.04498,2.21497,3.47266875,0.04039,41.31852373,0.20816,,,,0,Serpentine
92593,OM07-54,42.40826757,0.16049,2.39567,1.322718067,0.02484,41.35401952,0.03879,,,,0,Serpentine
92594,OM07-54,41.41208086,0.05909,1.58139,2.379240291,0.23922,40.46231462,0.32225,,,,0,Serpentine
92595,OM08-01,41.2050325,0,0.11539,5.001672776,0.07248,40.47397413,0.19923,,,,0.02959,Serpentine
92596,OM08-01,40.55406368,0.00913,0.08298,6.944244613,0.09271,39.96825084,0.25883,,,,0,Serpentine
92597,OM08-01,43.20352334,0,0.13378,4.480245967,0.04447,41.59833049,0.10076,,,,0,Serpentine
92598,OM08-01,43.20167505,0.02912,0.78052,5.274784915,0.12353,39.81243147,0.10376,,,,0.21208,Serpentine
92599,OM08-01,41.20044191,0.01384,3.04392,4.846918562,0.03004,39.45814176,0.1247,,,,0.61423,Serpentine
92600,OM08-01,40.84231615,0,1.58634,5.209881536,0.06016,39.48088966,0.10757,,,,0.43197,Serpentine
92601,OM08-01,40.83985511,0,0.17033,4.570246786,0.05942,40.89428772,0.18995,,,,0,Serpentine
92602,OM08-01,41.99557714,0.00214,0.08503,4.192905278,0.02689,40.88479416,0.18429,,,,0.04565,Serpentine
92603,OM08-01,40.93989367,0,0.12958,5.415580553,0.05681,40.69773549,0.26454,,,,0.04145,Serpentine
92604,OM08-01,41.25094837,0.00025,0.13694,4.129771719,0.16813,39.12026373,0.23317,,,,0,Serpentine
92606,OM08-01,45.28212338,0.03568,0.16303,3.801985156,0.0269,41.74700545,0.00143,,,,0.02981,Serpentine
92638,OM08-01,40.18791193,0.01677,0.34094,5.799121428,0.06289,40.76966455,0.1804,,,,0.06279,Serpentine
92688,OM08-201A,40.527595,0.04464,0.66288,5.801431192,0.06588,38.8106293,0.07675,,,,0.01003,Serpentine
92640,OM08-01,40.13355821,0,0.11353,7.051963625,0.09571,39.92884341,0.17685,,,,0.01206,Serpentine
92674,OM08-201A,41.20933177,0.01295,0.67235,4.859637265,0.05794,39.78794865,0.03959,,,,0,Serpentine
92675,OM08-201A,40.943982,0.02885,0.67624,4.839929275,0.14647,39.33963929,0.07606,,,,0.00202,Serpentine
92676,OM08-201A,41.28769313,0,0.91178,5.055027333,0.13508,39.2695098,0.06088,,,,0.0161,Serpentine
92677,OM08-201A,41.16534454,0,0.88506,5.180364547,0.09973,39.35525356,0.05924,,,,0,Serpentine
92678,OM08-201A,41.11467736,0.03725,0.82249,5.032199662,0.13659,39.29600772,0.03932,,,,0.04023,Serpentine
92679,OM08-201A,41.07365342,0.00846,0.78689,5.058816946,0.07723,39.49689186,0.02238,,,,0.03222,Serpentine
92680,OM08-201A,41.19154201,0,0.77364,4.867006513,0.07727,39.32294744,0.07546,,,,0.02621,Serpentine
92681,OM08-201A,41.09024782,0.04161,0.82657,5.047078144,0.11412,39.21913252,0.06148,,,,0,Serpentine
92682,OM08-201A,41.12278371,0,0.87525,4.920531053,0.12876,38.96043573,0.08332,,,,0.02821,Serpentine
92683,OM08-201A,41.08651107,0.02166,0.83853,4.762587165,0.08847,38.91792484,0.04909,,,,0,Serpentine
92684,OM08-201A,40.31256083,0.027,1.17364,5.507091218,0.13345,38.75653434,0.05319,,,,0.08441,Serpentine
92685,OM08-201A,39.9306685,0.03096,2.38092,5.894471701,0.09485,39.59758177,0.04242,,,,0.04819,Serpentine
92686,OM08-201A,39.97271703,0,0.68653,5.722219272,0.08842,37.95085337,0.04077,,,,0,Serpentine
92673,OM08-201A,41.25787945,0,0.57957,4.729030588,0.06596,39.38243035,0.05365,,,,0.01612,Serpentine
92687,OM08-201A,40.44020315,0.03816,0.75808,5.193633194,0.05788,38.97437973,0.00642,,,,0,Serpentine
92690,OM08-201A,40.65513687,0,0.55155,5.916949408,0.08189,39.2683029,0.04115,,,,0.02808,Serpentine
92691,OM08-201A,40.40960596,0.02891,0.5788,5.774573932,0.09962,39.28513484,0.02793,,,,0.00201,Serpentine
92692,OM08-201A,37.33344304,0.00653,0.36346,11.18923158,0.644,38.95165338,0.12845,,,,0,Serpentine
92693,OM08-201A,40.53403387,0,0.31626,6.034647401,0.10916,40.86305919,0.03288,,,,0,Serpentine
92694,OM08-201A,40.94632249,0.00743,0.46497,5.330159267,0.05794,40.19898419,0.04786,,,,0.02013,Serpentine
92695,OM08-201A,40.44877157,0,0.50078,5.750626375,0.10286,39.9696086,0.03745,,,,0,Serpentine
92696,OM08-201A,39.60571145,0.01099,0.68268,6.245895852,0.05777,39.36045831,0.05539,,,,0,Serpentine
92697,OM08-201A,40.56866917,0,0.48627,5.053557483,0.06117,39.96340169,0.05325,,,,0,Serpentine
92698,OM08-201A,41.49719249,0,0.31644,5.572894505,0.16238,40.61212104,0.06418,,,,0,Serpentine
92702,OM08-201A,40.23165808,0,0.54131,6.177262853,0.07538,39.36196694,0.04647,,,,0,Serpentine
92575,OM07-54,42.63089579,0.0196,1.4801,0.835997718,0.04527,42.40025068,0.0303,,,,0.00216,Serpentine
92699,OM08-201A,40.59536888,0.03227,1.57312,8.07797896,0.31967,39.79674177,0.04919,,,,0.11125,Serpentine
92701,OM08-201A,40.85247168,0.01983,0.49396,5.883252845,0.10126,39.80758232,0.02649,,,,0,Serpentine
92689,OM08-201A,39.60756979,0,0.53913,7.656601945,0.21269,37.92757745,0.06695,,,,0.00398,Serpentine
92672,OM08-201A,40.42540681,0.05805,0.74266,5.04544831,0.08206,38.40536963,0.03584,,,,0.03624,Serpentine
92671,OM08-201A,42.23075162,0,0.40352,4.1897556,0.09995,41.91941969,0.03153,,,,0.03236,Serpentine
92670,OM08-201A,41.99508494,0.01656,0.40538,4.606753062,0.09348,41.24026922,0.011,,,,0.0404,Serpentine
92641,OM08-01,40.70473928,0.07234,0.17647,5.154217214,0.05296,40.13025557,0.26422,,,,0,Serpentine
92642,OM08-201A,35.6832941,0,2.86814,6.720237464,0.09768,38.90959508,0.41971,,,,0.04242,Serpentine
92643,OM08-201A,41.03650686,0,0.32269,3.776807725,0.07867,40.97532241,0.14234,,,,0.02621,Serpentine
95660,KH18-02_D12-R34,0.004,0.127,40.206,16.48463352,0.23,16.466,0.006,0,0.022,,25.483,Spinel
95680,KH18-02_D12-R34,0.011,0.11,39.857,16.91066348,0.178,15.985,0.001,0,0,,25.786,Spinel
95679,KH18-02_D12-R34,0.003,0.125,39.78,17.1456791,0.22,15.625,0.016,0,0.032,,25.917,Spinel
95678,KH18-02_D12-R34,0.026,0.074,39.066,17.82058937,0.204,15.61,0.015,0.004,0.034,,25.552,Spinel
95677,KH18-02_D12-R34,0.01,0.074,39.351,18.49968688,0.226,14.535,0,0.013,0.014,,25.703,Spinel
95676,KH18-02_D12-R34,0.007,0.097,39.462,18.53564073,0.213,14.947,0.012,0,0.018,,25.481,Spinel
95675,KH18-02_D12-R34,0.024,0.126,39.977,17.50266496,0.22,15.511,0.026,0.011,0.02,,25.447,Spinel
95674,KH18-02_D12-R34,0.029,0.081,39.691,17.5936849,0.215,15.205,0.001,0.013,0.013,,25.591,Spinel
95673,KH18-02_D12-R34,0.008,0.115,39.47,17.33566049,0.174,15.655,0.005,0,0.017,,26.056,Spinel
95672,KH18-02_D12-R34,0.012,0.115,39.882,18.02965283,0.25,15.36,0.009,0,0.007,,25.623,Spinel
95659,KH18-02_D12-R34,0.012,0.135,40.782,16.67166188,0.205,16.331,0.01,0.001,0.014,,25.263,Spinel
95670,KH18-02_D12-R34,0.012,0.134,40.275,17.61966803,0.203,15.66,0.002,0.007,0.006,,25.679,Spinel
95661,KH18-02_D12-R34,0.021,0.151,38.651,18.72656014,0.217,15.243,0.011,0,0.023,,25.364,Spinel
95669,KH18-02_D12-R34,0.028,0.106,40.733,17.29863122,0.188,16.044,0.012,0,0.017,,24.598,Spinel
95668,KH18-02_D12-R34,0.027,0.05,40.763,17.01959453,0.175,16.453,0.019,0,0.009,,24.461,Spinel
95681,KH18-02_D12-R34,0.013,0.101,39.611,17.65164261,0.239,15.592,0.005,0,0.017,,25.866,Spinel
95666,KH18-02_D12-R34,0.005,0.106,38.243,19.62854803,0.217,14.752,0.014,0.001,0.021,,25.891,Spinel
95665,KH18-02_D12-R34,0.035,0.113,38.856,18.33058243,0.182,15.501,0.002,0,0.025,,25.91,Spinel
95664,KH18-02_D12-R34,0.014,0.11,39.134,18.16559552,0.193,15.528,0.019,0.001,0.02,,25.833,Spinel
95658,KH18-02_D12-R34,0,0.0872,42.33,15.79983462,0.18,16.1,0,,,,25.83,Spinel
95663,KH18-02_D12-R34,0.022,0.138,38.985,17.85657911,0.218,15.794,0.02,0,0.016,,25.736,Spinel
95662,KH18-02_D12-R34,0.036,0.131,38.796,18.98452904,0.26,15.391,0.001,0,0.034,,25.394,Spinel
95671,KH18-02_D12-R34,0.012,0.106,39.452,18.60365449,0.237,14.94,0,0,0.021,,26.043,Spinel
95667,KH18-02_D12-R34,0.005,0.103,40.609,18.02461664,0.239,15.651,0,0,0.022,,24.609,Spinel
95701,YK18-07_6K-1515-R02,0,0.0307,51.32,12.98995712,0.138,17.77,0,,,,16.81,Spinel
95683,KH18-02_D12-R34,0.041,0.136,39.672,16.68863095,0.179,16.26,0.031,0.012,0.009,,25.629,Spinel
95704,YK18-07_6K-1515-R02,0,0.0101,46.43,19.56972664,0.2298,14.35,0,,,,18.03,Spinel
95706,YK18-07_6K-1515-R03,0,0.0262,48.99,14.34984945,0.1306,17.17,0,,,,17.47,Spinel
95657,KH18-02_D12-R34,0,0.0855,41.8,17.77982282,0.2165,14.72,0.029,,,,25.39,Spinel
95707,YK18-07_6K-1515-R03,0,0.0466,49.28,14.71988027,0.1613,17,0.0105,,,,18.18,Spinel
95705,YK18-07_6K-1515-R02,0,0,46.09,19.12975255,0.2033,14.22,0,,,,17.93,Spinel
95703,YK18-07_6K-1515-R02,0,0.0087,47.79,19.37973876,0.228,14.8,0,,,,17.69,Spinel
95702,YK18-07_6K-1515-R02,0.0338,0.0072,47.36,18.97978681,0.223,14.5,0,,,,17.72,Spinel
95700,YK18-07_6K-1515-R02,0,0.0117,52.25,12.73998432,0.1515,17.95,0.0046,,,,16.55,Spinel
95699,YK18-07_6K-1515-R02,0,0.0526,51.63,13.30995054,0.1617,17.61,0,,,,16.18,Spinel
95698,YK18-07_6K-1515-R02,0,0.0596,49.4,13.38995382,0.1799,17.26,0,,,,18.47,Spinel
95697,YK18-07_6K-1515-R02,0.0284,0.0511,50.1,13.36990226,0.1657,17.78,0.0059,,,,17.58,Spinel
95682,KH18-02_D12-R34,0.006,0.093,39.79,16.84960073,0.178,16.377,0.005,0.022,0.026,,25.784,Spinel
95696,YK18-07_6K-1515-R02,0,0.0175,50.82,12.42994546,0.1082,18.12,0.0013,,,,17.31,Spinel
95694,YK18-07_6K-1515-R02,0,0.0453,50.18,12.53996852,0.1205,17.84,0,,,,18.09,Spinel
95693,KH18-02_D12-R34,0.024,0.086,38.752,18.83362851,0.24,14.876,0.004,0,0.011,,26.442,Spinel
95692,KH18-02_D12-R34,0.008,0.09,39.348,17.94764991,0.239,15.155,0.003,0.02,0.024,,25.835,Spinel
95691,KH18-02_D12-R34,0.014,0.057,39.494,18.30063831,0.243,15.037,0.008,0,0.024,,25.416,Spinel
95690,KH18-02_D12-R34,0.018,0.084,39.663,19.17861117,0.244,14.716,0.012,0.006,0.025,,24.903,Spinel
95689,KH18-02_D12-R34,0.023,0.085,39.235,19.05262808,0.212,14.647,0.018,0,0.009,,25.278,Spinel
95688,KH18-02_D12-R34,0.033,0.08,39.58,19.68562163,0.269,14.32,0,0.033,0.003,,25.059,Spinel
95687,KH18-02_D12-R34,0.003,0.108,39.573,17.57763729,0.207,15.587,0.001,0.016,0.01,,25.659,Spinel
95686,KH18-02_D12-R34,0.016,0.127,39.917,16.58768012,0.213,16.031,0,0,0.009,,25.779,Spinel
95685,KH18-02_D12-R34,0.019,0.118,39.943,16.69865778,0.189,16.145,0,0.008,0.021,,25.846,Spinel
95684,KH18-02_D12-R34,0.013,0.127,39.906,16.66864189,0.199,16.272,0,0,0.033,,25.819,Spinel
95695,YK18-07_6K-1515-R02,0.0156,0.0351,50.93,12.39995558,0.1505,18.1,0,,,,17.27,Spinel
95656,KH18-02_D12-R34,0,0.1067,41.76,16.16984484,0.2089,15.56,0,,,,25.74,Spinel
95606,KH18-02_D12-R19,0,0.0501,43.91,17.0597238,0.2348,15.85,0,,,,21.9,Spinel
95654,KH18-02_D12-R34,0,0.1338,41.59,16.53979461,0.1306,15.68,0,,,,25.35,Spinel
95625,KH18-02_D12-R19,0,0.104,43.865,15.23974672,0.176,16.849,0,0.002,0,,22.315,Spinel
95624,KH18-02_D12-R19,0.017,0.091,43.742,15.35273347,0.129,16.95,0.006,0,0,,22.547,Spinel
95623,KH18-02_D12-R19,0,0.093,43.944,17.01877896,0.204,15.54,0,0,0,,22.137,Spinel
95622,KH18-02_D12-R19,0.015,0.092,43.584,16.80577047,0.18,15.688,0.004,0,0,,22.396,Spinel
95621,KH18-02_D12-R19,0,0.131,43.801,17.03974787,0.16,15.73,0.003,0,0,,21.882,Spinel
95620,KH18-02_D12-R19,0,0.104,43.813,15.14676228,0.169,16.814,0.018,0,0,,22.573,Spinel
95619,KH18-02_D12-R19,0.012,0.121,44.147,15.30777583,0.153,16.673,0.002,0.01,0.002,,22.255,Spinel
95618,KH18-02_D12-R19,0.0208,0.0568,17.64,31.02935554,0.5061,5.94,0.0667,,,,41.8,Spinel
95617,KH18-02_D12-R19,0,0.0296,22.86,28.8294542,0.5023,7.32,0.0388,,,,37.97,Spinel
95616,KH18-02_D12-R19,0.0012,0,43.41,17.00972884,0.1797,15.71,0,,,,22.24,Spinel
95615,KH18-02_D12-R19,0,0.0075,43.74,16.8296565,0.191,16.5,0.0125,,,,22.05,Spinel
95614,KH18-02_D12-R19,0,0.0541,41.11,18.08979525,0.2496,14.34,0.0223,,,,24.93,Spinel
95613,KH18-02_D12-R19,0.0083,0.0197,44.55,16.67981317,0.1927,15.66,0.0042,,,,22.29,Spinel
95612,KH18-02_D12-R19,0.004,0.035,44.23,16.01977999,0.19,16.2,0,,,,22.29,Spinel
95611,KH18-02_D12-R19,0.0059,0.0164,40.04,20.32972122,0.2159,13.38,0.0091,,,,25.27,Spinel
95610,KH18-02_D12-R19,0.0063,0.0405,40.67,19.67974242,0.2262,13.65,0,,,,24.56,Spinel
95609,KH18-02_D12-R19,0,0,43.1,18.17969475,0.1702,15.25,0,,,,22.33,Spinel
95608,KH18-02_D12-R19,0,0,43.17,18.44968194,0.2463,15.19,0.0071,,,,22.34,Spinel
95607,KH18-02_D12-R19,0,0,41.88,18.55973668,0.1861,14.36,0,,,,22.98,Spinel
95708,YK18-07_6K-1515-R03,0.0103,0.0406,48.36,14.80985716,0.1713,16.8,0.0171,,,,18.26,Spinel
95605,KH18-02_D12-R19,0,0.0551,22.79,27.99939352,0.3987,8.21,0.1143,,,,37.56,Spinel
95604,KH18-02_D12-R19,0.0145,0.0227,23.77,25.77949349,0.3922,9.12,0.0422,,,,37.97,Spinel
95603,KH18-02_D12-R19,0,0.0129,25.2,24.90950722,0.3143,9.92,0.0447,,,,37.42,Spinel
95626,KH18-02_D12-R19,0.015,0.078,43.941,15.2827383,0.181,16.942,0,0,0,,22.382,Spinel
95627,KH18-02_D12-R19,0.012,0.076,42.714,17.94571088,0.2,15.178,0.005,0,0.001,,22.394,Spinel
95628,KH18-02_D12-R19,0.023,0.11,42.829,18.24571694,0.244,15.004,0,0,0,,22.284,Spinel
95629,KH18-02_D12-R19,0,0.076,44.088,15.25374987,0.159,16.913,0.02,0,0,,22.455,Spinel
95653,KH18-02_D12-R34,0,0.1189,41.43,16.1497835,0.1943,15.92,0.0054,,,,25.52,Spinel
95652,KH18-02_D12-R34,0,0.0858,41.39,16.32971372,0.2003,16.32,0,,,,25.35,Spinel
95651,KH18-02_D12-R34,0,0.1704,41.58,16.42973936,0.1823,16.17,0.0009,,,,25.18,Spinel
95650,KH18-02_D12-R34,0,0.1206,41.54,16.64972914,0.2277,16.03,0.0027,,,,25.14,Spinel
95649,KH18-02_D12-R34,0,0.0964,41.35,16.56977067,0.2115,15.71,0.0104,,,,25.46,Spinel
95648,KH18-02_D12-R34,0.0132,0.0362,41.86,16.33977951,0.1937,15.95,0.008,,,,25.52,Spinel
95647,KH18-02_D12-R34,0,0.1552,41.28,15.83975542,0.1628,16.34,0,,,,25.55,Spinel
95646,KH18-02_D12-R33,0,0.087,48.89,13.08084761,0.161,18.294,0,0.025,0,,19.255,Spinel
95645,KH18-02_D12-R33,0,0.078,48.935,13.86582509,0.18,17.965,0.004,0.02,0.006,,18.961,Spinel
95644,KH18-02_D12-R33,0,0.074,48.989,13.69987618,0.158,17.684,0,0.022,0.003,,19.059,Spinel
95643,KH18-02_D12-R33,0,0.0015,49.99,12.71990309,0.1335,18.36,0,,,,18.83,Spinel
95655,KH18-02_D12-R34,0,0.1008,41.7,16.34978571,0.193,15.89,0,,,,25.55,Spinel
95642,KH18-02_D12-R33,0,0.0555,49.09,12.99989315,0.1661,18.15,0.0259,,,,19.59,Spinel
95640,KH18-02_D12-R33,0,0.0349,52.82,12.62995891,0.1061,18.49,0,,,,16.5,Spinel
95639,KH18-02_D12-R33,0.016,0.0151,51.39,12.81993745,0.1296,18.22,0.0189,,,,17.43,Spinel
95638,KH18-02_D12-R33,0,0.0227,51.21,12.51992063,0.1162,18.53,0,,,,17.67,Spinel
95637,KH18-02_D12-R20,0.021,0.136,32.037,19.08985425,0.259,12.514,0,,,,35.114,Spinel
95636,KH18-02_D12-R20,0.017,0.069,29.976,21.39674132,0.25,11.276,0.007,,,,35.049,Spinel
95635,KH18-02_D12-R20,0.007,0.077,33.86,19.75165799,0.289,13.431,0.009,,,,31.328,Spinel
102698,14,30.19,36.03,1.3,1.850084972,0.02,0,27.72,0.01,0.01,0.08,,Titanite
101291,04259c,29.545,34.881,1.356,1.652075877,0.132,0.007,26.413,,,,,Titanite
99615,lc32 5.1,29.76884992,36.17630844,1.674064825,1.730449051,0.166568215,0,28.24118287,0.037743099,,,,Titanite
99614,lc32 4.1,29.73889923,36.28473061,1.326403507,1.495005053,0.10975425,0,27.49821478,0.032351228,,,,Titanite
99613,lc32 3.1,29.86725934,36.20800108,1.434102937,1.63266903,0.121375289,0,28.03130488,0.026959356,,,,Titanite
99612,lc32 2.1,30.0469635,35.46405818,1.628717697,1.707290625,0.112336703,0,28.62735838,0.013479678,,,,Titanite
99611,lc32 1.1,28.27131525,35.82768946,1.475671138,1.4178103,0.077473588,0.001658276,26.54117112,0,,,,Titanite
99610,Np-6-6o,29.913,34.822,1.578,2.008092229,0.081,0.029,27.003,0,,,,Titanite
99609,Np-6-6n,30.204,36.056,1.09,1.798082583,0.099,0.014,28.068,0.017,,,,Titanite
99608,Np-6-6m,29.833,34.283,1.393,2.072095168,0.125,0.028,27.411,0.037,,,,Titanite
99607,Np-6-6l,30.223,35.118,1.443,2.052094249,0.121,0.032,27.55,0.014,,,,Titanite
99606,Np-6-6k,29.849,35.618,1.161,2.021092826,0.151,0.023,27.307,0.011,,,,Titanite
99605,Np-6-6j,29.771,35.884,1.178,1.653075923,0.111,0.029,27.291,0.026,,,,Titanite
99604,Np-6-6h,30.418,32.124,2.081,3.734171505,0.118,0.826,25.266,0.041,,,,Titanite
99603,Np-6-6h,29.714,34.969,1.391,2.113097051,0.136,0.062,27.397,0.016,,,,Titanite
99602,Np-6-6g,30.073,35.517,1.255,2.080095536,0.097,0.011,27.755,0.022,,,,Titanite
99601,Np-6-6f,30.167,35.666,1.187,1.916088003,0.12,0.021,28.042,0.02,,,,Titanite
99616,lc32 5.2,29.79880062,36.24970191,1.553139149,1.541321905,0.138161233,0,28.20200565,0.005391871,,,,Titanite
99617,LC-TQ_6_a,30.071,35.606,1.34,1.52607009,0.122,0.011,27.581,0,,,,Titanite
99618,LC-TQ_6_b,29.807,35.71,1.276,1.326060904,0.065,0.009,27.313,0,,,,Titanite
99619,LC-TQ_6_c,29.617,35.257,1.364,1.5480711,0.084,0.003,27.195,0,,,,Titanite
99635,LC-TQ_6_s,29.81,35.7,1.392,1.516069631,0.064,0.01,26.798,0,,,,Titanite
99634,LC-TQ_6_r,29.605,34.997,1.366,1.61207404,0.179,0.006,27.058,0,,,,Titanite
99633,LC-TQ_6_q,29.573,33.945,1.532,2.240102884,0.181,0.017,26.818,0,,,,Titanite
99632,LC-TQ_6_p,29.559,34.205,1.444,2.146098567,0.222,0.027,26.804,0,,,,Titanite
99631,LC-TQ_6_o,29.44,33.973,1.447,2.24110293,0.263,0.034,26.956,0,,,,Titanite
99630,LC-TQ_6_n,29.652,33.984,1.507,2.117097235,0.355,0.033,26.888,0,,,,Titanite
99629,LC-TQ_6_m,29.207,33.761,1.325,2.001091907,0.275,0.01,26.462,0.022,,,,Titanite
99600,Np-6-6e,30.073,35.304,1.289,1.733079598,0.107,0.012,27.74,0.021,,,,Titanite
99628,LC-TQ_6_l,29.352,33.671,1.337,1.932088738,0.293,0.03,26.252,0.013,,,,Titanite
99626,LC-TQ_6_j,29.192,34.058,1.301,1.975090713,0.208,0.019,26.186,0.002,,,,Titanite
99625,LC-TQ_6_i,29.42,33.917,1.494,2.202101139,0.29,0.025,26.831,0.006,,,,Titanite
99624,LC-TQ_6_h,29.475,34.736,1.286,1.738079827,0.063,0.007,26.833,0,,,,Titanite
99623,LC-TQ_6_g,29.301,34.461,1.518,2.021092826,0.206,0.022,26.915,0,,,,Titanite
99622,LC-TQ_6_f,29.419,35.216,1.206,1.587072892,0.176,0.028,26.906,0.004,,,,Titanite
99621,LC-TQ_6_e,29.491,34.919,1.237,1.707078403,0.176,0.024,26.841,0,,,,Titanite
99620,LC-TQ_6_d,29.691,34.873,1.432,1.688077531,0.119,0.012,27.067,0,,,,Titanite
99627,LC-TQ_6_k,29.356,34.043,1.289,1.9290886,0.146,0,26.651,0,,,,Titanite
99636,LC-TQ_6B_a,30.141,36.674,1.226,1.112051075,0.101,0.004,28.198,0.003,,,,Titanite
99599,Np-6-6d,29.877,34.532,1.115,1.966090299,0.111,0.038,27.248,0.041,,,,Titanite
99597,Np-6-6b,29.558,35.572,1.231,1.909087681,0.132,0.016,27.819,0.016,,,,Titanite
99576,Np-6-2j,30.069,35.77,1.234,0.907041659,0.085,0.04,27.688,0.052,,,,Titanite
99575,Np-6-2i,29.301,33.04,1.223,2.018092688,0.089,0.047,26.5,0.076,,,,Titanite
99574,Np-6-2h,29.492,34.095,1.274,1.83808442,0.106,0.037,26.919,0.039,,,,Titanite
99573,Np-6-2g,29.455,34.796,1.193,1.716078817,0.072,0.044,27.085,0.031,,,,Titanite
99572,Np-6-2f,29.344,33.493,1.608,2.110096913,0.179,0.067,26.439,0.027,,,,Titanite
99571,Np-6-2e,29.65,35.808,1.145,1.284058975,0.117,0.016,27.366,0.041,,,,Titanite
99570,Np-6-2d,29.843,34.188,1.003,1.260057872,0.102,0.05,27.647,0.015,,,,Titanite
99569,Np-6-2c,29.864,35.754,1.014,0.971044599,0.065,0.01,27.878,0.01,,,,Titanite
99568,Np-6-2b,29.861,35.318,1.208,1.52607009,0.142,0.013,27.544,0.009,,,,Titanite
99567,Np-6-2a,29.643,34.678,1.397,1.744080103,0.093,0.017,27.296,0,,,,Titanite
99566,NP-6-5aa,29.544,33.35,1.496,2.254103527,0.078,0.023,26.735,0.016,,,,Titanite
99565,NP-6-5z,30.408,36.143,1.095,1.648075694,0.095,0.02,27.856,0.018,,,,Titanite
99564,NP-6-5y,29.774,35.092,1.277,1.989091356,0.117,0.029,26.943,0.019,,,,Titanite
99563,NP-6-5x,29.532,33.303,1.342,2.21410169,0.079,0.025,26.322,0.032,,,,Titanite
99562,NP-6-5w,29.75,35.062,1.223,1.796082491,0.115,0.023,27.135,0.003,,,,Titanite
99577,Np-6-2k,30.038,35.761,1.435,0.896041154,0.095,0.047,27.021,0.032,,,,Titanite
99578,Np-6-2l,29.994,35.302,1.199,1.543070871,0.114,0.011,27.146,0.019,,,,Titanite
99579,Np-6-2m,29.658,34.758,1.376,1.601073535,0.094,0.032,26.953,0.011,,,,Titanite
99580,Np-6-2n,30.112,34.859,1.301,1.90708759,0.08,0.052,27.409,0.012,,,,Titanite
99596,Np-6-6a,30.124,35.583,1.314,2.043093836,0.104,0.001,27.925,0.02,,,,Titanite
99595,Np-6-7k,30.295,35.662,1.419,1.991091448,0.191,0.033,28.098,0.011,,,,Titanite
99594,Np-6-7j,30.128,35.616,1.386,2.017092642,0.2,0.007,28.291,0.008,,,,Titanite
99593,Np-6-7i,30.138,34.373,1.648,2.117097235,0.163,0.028,27.757,0,,,,Titanite
99592,Np-6-7h,29.864,34.495,1.425,1.947089427,0.169,0.029,27.171,0,,,,Titanite
99591,Np-6-7g,29.553,33.635,1.496,1.98309108,0.224,0.02,27.215,0.02,,,,Titanite
99590,Np-6-7f,29.957,35.093,1.504,1.947089427,0.179,0.024,27.468,0.003,,,,Titanite
99598,Np-6-6c,29.926,34.933,1.357,2.208101415,0.137,0.025,27.966,0,,,,Titanite
99589,Np-6-7e,29.901,34.307,1.601,2.203101185,0.162,0.016,27.627,0.012,,,,Titanite
99587,Np-6-7c,29.808,34.478,1.503,2.068094984,0.204,0.019,27.406,0.003,,,,Titanite
99586,Np-6-7b,29.852,34.611,1.501,2.196100863,0.187,0.029,27.46,0.003,,,,Titanite
99585,Np-6-7a,29.719,34.663,1.553,2.247103206,0.17,0.025,27.911,0.001,,,,Titanite
99584,Np-6-2r,29.485,31.737,1.621,2.387109636,0.22,0.034,26.112,0.015,,,,Titanite
99583,Np-6-2q,29.64,32.56,1.673,2.313106237,0.253,0.032,26.828,0.009,,,,Titanite
99582,Np-6-2p,29.71,33.408,1.643,2.140098291,0.144,0.028,26.477,0,,,,Titanite
99581,Np-6-2o,29.585,34.083,1.533,1.922088279,0.134,0.025,26.407,0,,,,Titanite
99588,Np-6-7d,30.104,35.569,1.664,1.855085201,0.157,0.026,28.049,0.011,,,,Titanite
99637,LC-TQ_6B_b,30.186,36.664,1.189,1.05904864,0.087,0.001,28.271,0,,,,Titanite
99638,LC-TQ_6B_c,29.838,36.566,1.116,1.0690491,0.101,0.003,27.866,0,,,,Titanite
99639,LC-TQ_6B_d,29.66,35.223,1.095,1.409064716,0.117,0.002,27.377,0,,,,Titanite
99694,LC-TQ_1_v,29.612,34.758,1.391,1.953089702,0.078,0.004,26.648,0,,,,Titanite
99693,LC-TQ_1_u,29.847,34.969,1.401,1.922088279,0.138,0.008,26.879,0,,,,Titanite
99692,LC-TQ_1_t,29.879,34.778,1.355,1.922088279,0.083,0.015,26.899,0,,,,Titanite
99691,LC-TQ_1_s,30.134,34.612,1.455,1.866085706,0.097,0.004,26.819,0,,,,Titanite
99690,LC-TQ_1_r,29.835,35.075,1.37,1.90708759,0.107,0.001,26.841,0,,,,Titanite
99689,LC-TQ_1_q,29.854,34.866,1.298,1.805082905,0.113,0.019,26.838,0,,,,Titanite
99688,LC-TQ_1_p,29.677,35.213,1.27,1.551071238,0.088,0.004,26.606,0,,,,Titanite
99687,LC-TQ_1_o,29.772,35.009,1.32,1.573072249,0.099,0,26.741,0,,,,Titanite
99686,LC-TQ_1_n,29.862,34.918,1.467,1.557071514,0.091,0,26.836,0,,,,Titanite
99685,LC-TQ_1_m,29.859,34.977,1.36,1.974090667,0.115,0.012,26.802,0,,,,Titanite
99684,LC-TQ_1_l,29.818,34.769,1.333,1.947089427,0.14,0.006,26.783,0,,,,Titanite
99683,LC-TQ_1_k,29.571,34.622,1.492,1.975090713,0.115,0.055,26.688,0,,,,Titanite
99682,LC-TQ_1_j,29.934,34.834,1.401,2.040093698,0.099,0.027,26.494,0,,,,Titanite
99681,LC-TQ_1_i,30.621,30.961,2.309,3.39615598,0.086,1.076,23.898,0,,,,Titanite
99680,LC-TQ_1_h,29.71,35.296,1.149,1.745080149,0.078,0.009,26.445,0,,,,Titanite
99695,LC-TQ_1_w,29.473,34.63,1.434,2.184100312,0.16,0.007,26.659,0,,,,Titanite
99696,LC-TQ_1_x,29.867,34.618,1.403,1.960090024,0.098,0.015,26.995,0,,,,Titanite
99697,LC-TQ_1_y,29.778,35.103,1.407,1.83808442,0.104,0,26.903,0,,,,Titanite
99698,LC-TQ_1_z,29.528,34.507,1.351,1.680077163,0.094,0.004,26.777,0,,,,Titanite
99714,LC-TQ_1B_i,29.804,35.308,1.253,1.586072846,0.093,0.019,26.723,0,,,,Titanite
104991,103a_core,37.455,0.262,31.239,3.879,0.025,9.285,0.387,2.512,0.014,,0.047,Tourmaline
104990,103a_rim,37.346,0.235,31.431,4.307,0.019,8.911,0.408,2.404,0.015,,0.027,Tourmaline
104982,103a_core,37.705,0.277,31.608,3.861,0,9.032,0.48,2.407,0.011,,0.028,Tourmaline
104989,103a_rim,37.387,0.24,31.23,4.294,0.019,9.03,0.391,2.382,0.007,,0.032,Tourmaline
104987,103a_rim,37.64,0.154,31.645,4.215,0.024,9.116,0.349,2.486,0.024,,0.024,Tourmaline
104985,103a_rim,37.522,0.39,31.408,3.944,0.01,9.253,0.597,2.348,0.024,,0.026,Tourmaline
104983,103a_core,37.622,0.241,31.976,4.016,0.032,8.925,0.465,2.318,0.011,,0.013,Tourmaline
104986,103a_rim,37.666,0.29,31.616,4.176,0.053,9.014,0.54,2.343,0.026,,0.026,Tourmaline
104984,103a_interior,37.692,0.263,31.832,4.047,0.015,8.95,0.479,2.314,0.012,,0.009,Tourmaline
104992,103a_core,37.699,0.23,31.609,4.231,0,9.105,0.331,2.485,0.02,,0.051,Tourmaline
104988,103a_rim,37.466,0.259,31.123,4.024,0.044,9.145,0.407,2.502,0.021,,0,Tourmaline
104993,103a_rim,37.069,0.477,30.569,4.006,0.019,9.65,0.884,2.404,0.015,,0.013,Tourmaline
105001,103a_rim,37.544,0.437,30.995,3.911,0.024,9.738,0.901,2.339,0.012,,0.007,Tourmaline
104995,103a_rim,37.553,0.48,30.704,3.768,0.017,9.855,0.884,2.358,0.003,,0.051,Tourmaline
104996,103a_core,37.43,0.215,31.573,4.237,0,8.867,0.348,2.38,0.01,,0.012,Tourmaline
104997,103a_interior,37.515,0.12,31.774,4.312,0.014,8.871,0.248,2.436,0.019,,0.043,Tourmaline
104998,103a_interior,37.653,0.142,31.617,4.195,0,8.886,0.27,2.516,0.015,,0.015,Tourmaline
104999,103a_interior,37.499,0.163,31.412,4.341,0.042,8.835,0.288,2.469,0.013,,0.051,Tourmaline
105000,103a_rim,37.414,0.475,30.287,3.935,0.015,9.781,0.871,2.484,0.003,,0.053,Tourmaline
105002,103a_rim,36.897,0.55,30.634,4.175,0.02,9.704,1.068,2.332,0.014,,0.044,Tourmaline
105003,103a_interior,37.351,0.363,30.57,4.183,0.059,9.546,0.807,2.494,0.008,,0.025,Tourmaline
104981,103a_rim,37.814,0.243,31.766,3.995,0.037,9.205,0.487,2.364,0.01,,0.035,Tourmaline
105007,103a_core,37.469,0.497,29.905,5.175,0.029,9.174,0.522,2.581,0.019,,0.03,Tourmaline
105006,103a_core,37.349,0.177,30.925,4.947,0.037,8.699,0.172,2.738,0.008,,0,Tourmaline
105004,103a_interior,37.478,0.369,30.218,4.021,0.037,9.887,0.676,2.523,0.01,,0.04,Tourmaline
105005,103a_rim,37.293,0.478,30.718,4.084,0.022,9.755,0.984,2.331,0.028,,0.031,Tourmaline
104994,103a_rim,37.512,0.264,31.396,4.229,0,9.007,0.39,2.488,0.004,,0.019,Tourmaline
104980,103a_core,37.194,0.417,29.878,4.45,0.056,9.633,0.509,2.725,0.014,,0.059,Tourmaline
104960,103a_core,37.327,0.374,29.678,4.444,0.019,9.758,0.632,2.639,0.025,,0.027,Tourmaline
104978,103a_rim,37.544,0.393,30.047,3.864,0.027,9.635,0.792,2.51,0.015,,0.047,Tourmaline
104951,103a_rim,37.056,0.48,30.25,3.663,0,9.677,0.995,2.272,0.023,,0.045,Tourmaline
104950,103a_rim,37.255,0.388,30.677,3.66,0.017,9.588,0.719,2.419,0.01,,0.005,Tourmaline
104949,103a_interior,37.277,0.404,30.175,3.915,0.039,9.581,0.819,2.452,0.011,,0.03,Tourmaline
105008,103a_core,37.538,0.204,31.121,5.228,0.022,8.468,0.154,2.659,0.02,,0.013,Tourmaline
104952,103a_rim,37.317,0.574,30.383,3.962,0.032,9.674,1.136,2.298,0.009,,0.088,Tourmaline
104953,103a_rim,37.399,0.176,31.391,4.259,0,8.882,0.345,2.443,0.022,,0.028,Tourmaline
104954,103a_core,37.445,0.157,31.498,4.34,0.039,8.745,0.283,2.449,0.014,,0,Tourmaline
104955,103a_rim,37.138,0.549,30.343,3.823,0.017,9.643,1.069,2.296,0.006,,0.043,Tourmaline
104956,103a_rim,37.083,0.486,30.338,3.8,0,9.489,1.07,2.249,0.016,,0.045,Tourmaline
104957,103a_rim,36.962,0.458,30.478,3.59,0.02,9.597,1.072,2.241,0.016,,0.025,Tourmaline
104958,103a_rim,37.52,0.462,30.295,3.814,0.027,9.682,0.98,2.427,0.02,,0.038,Tourmaline
104959,103a_core,37.227,0.544,29.56,4.583,0.034,9.549,0.68,2.528,0.026,,0.031,Tourmaline
104961,103a_interior,37.27,0.465,30.003,4.103,0,9.812,0.847,2.505,0.005,,0.038,Tourmaline
104962,103a_rim,37.322,0.643,30.817,4.193,0,9.917,1.264,2.192,0.015,,0.049,Tourmaline
104963,103a_interior,37.101,0.748,30.248,4.054,0.027,9.788,1.185,2.304,0.003,,0.049,Tourmaline
104964,103a_core,37.102,0.841,30.216,4.093,0,9.796,1.141,2.201,0.026,,0.046,Tourmaline
104965,103a_interior,37.127,0.821,30.17,4.17,0.007,9.644,1.139,2.309,0.022,,0.03,Tourmaline
104966,103a_rim,36.991,0.681,29.907,4.255,0.012,9.752,1.153,2.295,0.013,,0.026,Tourmaline
104967,103a_rim,37.325,0.69,30.118,4.253,0.029,9.886,1.206,2.135,0.006,,0.028,Tourmaline
104968,103a_rim,36.847,0.804,30.144,4.009,0.02,9.799,1.332,2.033,0.018,,0.036,Tourmaline
104969,103a_rim,36.903,0.487,30.154,3.837,0.08,9.483,1.033,2.291,0.013,,0.055,Tourmaline
104970,103a_rim,37.028,0.465,30.281,3.963,0,9.425,1.047,2.21,0.012,,0.022,Tourmaline
104971,103a_rim,37.25,0.489,30.346,3.658,0.032,9.606,0.96,2.367,0.01,,0.036,Tourmaline
104972,103a_interior,37.587,0.182,31.371,4.298,0.007,8.718,0.289,2.432,0.008,,0.014,Tourmaline
104973,103a_core,37.466,0.181,31.337,4.083,0.019,8.754,0.277,2.407,0,,0.035,Tourmaline
104974,103a_interior,37.501,0.409,30.108,3.846,0.01,9.859,0.737,2.495,0,,0.031,Tourmaline
104975,103a_interior,37.426,0.416,30.039,4.202,0,9.661,0.647,2.66,0.023,,0.022,Tourmaline
104976,103a_interior,37.435,0.379,29.867,4.675,0,9.432,0.41,2.81,0.007,,0.051,Tourmaline
104977,103a_rim,37.406,0.368,30.113,3.895,0,9.84,0.788,2.47,0.013,,0.043,Tourmaline
104979,103a_core,37.553,0.154,30.912,4.769,0.036,8.764,0.147,2.748,0.006,,0.01,Tourmaline
105009,103a_core,37.347,0.121,30.763,5.275,0.007,8.578,0.155,2.648,0.014,,0.017,Tourmaline
105053,K9108-1-1-4-17,37.33,0.03,31.86,7.17,0.03,7.48,0.28,2.68,0.01,,0.02,Tourmaline
105011,103a_rim,37.347,0.547,30.134,4.214,0.003,9.817,0.973,2.413,0.016,,0.066,Tourmaline
105044,K9108-1-1-4-08,37.8,0.2,31.14,6.96,0.01,7.56,0.29,2.69,0.01,,0.04,Tourmaline
105045,K9108-1-1-4-09,37.36,0.17,31.21,7.28,0.05,7.58,0.33,2.57,0,,0.01,Tourmaline
105046,K9108-1-1-4-10,37.26,0.17,31.09,7.31,0,7.74,0.28,2.72,0.04,,0,Tourmaline
105047,K9108-1-1-4-11,37.35,0.15,31.47,7.09,0.07,7.66,0.27,2.54,0.02,,0.04,Tourmaline
105048,K9108-1-1-4-12,37.37,0.14,31.35,6.72,0.02,7.65,0.31,2.84,0.01,,0.06,Tourmaline
105049,K9108-1-1-4-13,37.6,0.09,31.33,7.13,0.04,7.85,0.28,2.75,0.01,,0.04,Tourmaline
105050,K9108-1-1-4-14,37.48,0.09,31.54,6.8,0,7.69,0.3,2.58,0.32,,0,Tourmaline
105051,K9108-1-1-4-15,37.16,0.1,31.61,6.87,0,7.5,0.29,2.66,0.02,,0.05,Tourmaline
105052,K9108-1-1-4-16,37.39,0.05,31.67,7.02,0.03,7.58,0.24,2.65,0.04,,0.02,Tourmaline
105054,K9108-1-1-4-18,37.5,0.07,31.59,7.31,0.04,7.39,0.24,2.5,0.02,,0.01,Tourmaline
105055,K9108-1-1-4-19,37.3,0.08,31.7,7.37,0,7.39,0.27,2.58,0.05,,0,Tourmaline
105056,K9108-1-1-4-20,37.52,0.03,31.73,7.29,0.07,7.49,0.28,2.61,0.01,,0.02,Tourmaline
105057,K9108-1-1-4-21,37.42,0.05,31.46,7.25,0.04,7.43,0.27,2.63,0.04,,0.03,Tourmaline
105043,K9108-1-1-4-07,37.13,0.41,31.26,7.61,0,7.29,0.36,2.55,0,,0.09,Tourmaline
105058,K9108-1-1-4-22,37.59,0.15,30.89,7.73,0,7.35,0.37,2.6,0.02,,0.02,Tourmaline
105060,K9108-1-1-4-24,37.38,0.17,30.96,7.87,0.03,7.29,0.37,2.63,0.02,,0.06,Tourmaline
105061,K9108-1-1-4-25,36.85,0.17,30.94,7.61,0,7.39,0.3,2.51,0.02,,0,Tourmaline
105062,K9108-1-1-4-26,37.32,0.13,31.08,7.86,0,7.33,0.28,2.62,0.05,,0,Tourmaline
105063,K9108-1-1-4-27,37.31,0.1,31.66,7.69,0.04,7.27,0.28,2.7,0.03,,0.02,Tourmaline
105064,K9108-1-1-4-28,37.04,0.1,31.6,7.42,0,7.34,0.2,2.66,0.03,,0.05,Tourmaline
105065,K9108-1-1-4-29,37.48,0.08,31.72,7.3,0.04,7.24,0.26,2.66,0.03,,0.09,Tourmaline
105066,K9108-1-1-4-30,37.37,0.02,31.77,7.44,0,7.11,0.17,2.88,0,,0,Tourmaline
105067,K9108-1-1-4-31,37.31,0,31.55,7.35,0.02,7.27,0.22,2.72,0.01,,0.04,Tourmaline
105068,K9108-1-1-4-32,37.17,0.06,31.49,7.55,0,7.45,0.32,2.47,0.03,,0.04,Tourmaline
105069,K9108-1-1-4-33,36.75,0.15,31.46,7.53,0,7.12,0.29,2.64,0.02,,0.02,Tourmaline
104948,103a_core,37.234,0.655,29.834,4.471,0.039,9.781,0.943,2.454,0,,0.044,Tourmaline
105070,K9108-1-1-4-34,37.05,0.12,31.53,7.57,0,6.96,0.29,2.47,0.01,,0,Tourmaline
105071,K9108-7.1 ,37.15,0.05,31.14,7.24,0,7.43,0.22,2.62,0.01,,0.01,Tourmaline
105059,K9108-1-1-4-23,37.15,0.21,31.05,7.87,0.02,7.29,0.44,2.49,0.03,,0.05,Tourmaline
105010,103a_core,37.204,0.149,30.625,5.126,0.029,8.486,0.136,2.715,0.004,,0,Tourmaline
105042,K9108-1-1-4-06,37.49,0.32,31.37,7.36,0.07,7.22,0.3,2.81,0.02,,0.01,Tourmaline
105040,103b_interior,37.101,0.656,32.927,7.627,0.043,6.338,0.931,1.998,0.016,,0.016,Tourmaline
105012,103a_core,37.578,0.092,31.247,5.059,0,8.415,0.138,2.809,0.014,,0.024,Tourmaline
105013,103b_rim,36.842,0.891,32.415,8.244,0.076,6.322,1.101,1.908,0.023,,0.036,Tourmaline
105014,103b_interior,37.055,0.419,32.722,7.684,0.034,6.532,0.855,2.161,0.035,,0,Tourmaline
105015,103b_interior,36.877,1.181,31.249,8.615,0.071,6.324,0.861,2.125,0.023,,0.125,Tourmaline
105016,103b_core,36.817,1.165,30.734,8.983,0.053,6.183,0.673,2.237,0.011,,0.045,Tourmaline
105979,,33.32817899,,,0.007812345,,0.004382278,,,,,,Zircon
105980,,32.04315164,,,0.007764359,,0.004355361,,,,,,Zircon
105981,,32.27313114,,,0.007728199,,0.004335077,,,,,,Zircon
105982,,32.33180508,,,0.007666886,,0.004300684,,,,,,Zircon
105984,,33.59146444,,,0.007862214,,0.004410252,,,,,,Zircon
105985,,31.74382081,,,0.007665792,,0.00430007,,,,,,Zircon
105986,,32.20253546,,,0.007728225,,0.004335092,,,,,,Zircon
105978,,32.62023195,,,0.007799982,,0.004375343,,,,,,Zircon
105987,,32.75311618,,,0.007756883,,0.004351167,,,,,,Zircon
105988,,32.28078975,,,0.007752513,,0.004348716,,,,,,Zircon
105983,,32.17946253,,,0.007747894,,0.004346125,,,,,,Zircon
105977,,33.47907967,,,0.007855349,,0.004406401,,,,,,Zircon
105971,,33.05956962,,,0.007827245,,0.004390636,,,,,,Zircon
105975,,32.35417909,,,0.00779352,,0.004371719,,,,,,Zircon
105974,,32.91232104,,,0.007801675,,0.004376293,,,,,,Zircon
105973,,33.0624601,,,0.007832331,,0.004393489,,,,,,Zircon
105972,,32.07967213,,,0.007378482,,0.004347912,,,,,,Zircon
105970,,33.07199071,,,0.007808212,,0.00437996,,,,,,Zircon
105969,,33.30839843,,,0.007860227,,0.004409137,,,,,,Zircon
105968,,33.59542633,,,0.007834378,,0.004394637,,,,,,Zircon
105967,,32.49786784,,,0.007807078,,0.004379324,,,,,,Zircon
105966,,32.32882448,,,0.007743167,,0.004343473,,,,,,Zircon
105965,,32.17423534,,,0.007748611,,0.004346527,,,,,,Zircon
105964,,32.18781134,,,0.007722047,,0.004331626,,,,,,Zircon
105963,,32.2957098,,,0.007721446,,0.004331289,,,,,,Zircon
105976,,32.50189476,,,0.007774066,,0.004360806,,,,,,Zircon
105989,,33.662052,,,0.007887268,,0.004424305,,,,,,Zircon
105996,,32.19825353,,,0.00771376,,0.004326978,,,,,,Zircon
105991,,32.20918994,,,0.007639652,,0.004285407,,,,,,Zircon
106020,,32.714634,,,0.007822891,,0.004388194,,,,,,Zircon
106019,,32.76789812,,,0.007799163,,0.004374884,,,,,,Zircon
106018,,32.56701009,,,0.007777451,,0.004362704,,,,,,Zircon
106017,,31.79516506,,,0.007709515,,0.004324597,,,,,,Zircon
106016,,32.5895735,,,0.007712303,,0.00432616,,,,,,Zircon
106015,,31.52661585,,,0.00770843,,0.004323988,,,,,,Zircon
106014,,32.70382318,,,0.00777439,,0.004360988,,,,,,Zircon
106013,,32.62424627,,,0.007825641,,0.004389736,,,,,,Zircon
106012,,32.6114082,,,0.007718884,,0.004329852,,,,,,Zircon
106011,,32.80632074,,,0.007788447,,0.004368873,,,,,,Zircon
106010,,31.45019864,,,0.0077199,,0.004330422,,,,,,Zircon
106009,,31.01615996,,,0.007577238,,0.004250397,,,,,,Zircon
106008,,32.57935075,,,0.007812001,,0.004382085,,,,,,Zircon
105990,,33.33592972,,,0.007828596,,0.004391394,,,,,,Zircon
106007,,33.15249868,,,0.007839242,,0.004397366,,,,,,Zircon
106005,,32.21313297,,,0.007659316,,0.004296437,,,,,,Zircon
105962,,33.08245246,,,0.007781722,,0.004365101,,,,,,Zircon
106003,,32.99792255,,,0.007837358,,0.004396309,,,,,,Zircon
106002,,31.66237909,,,0.007647635,,0.004289885,,,,,,Zircon
106001,,31.45185715,,,0.007698498,,0.004318416,,,,,,Zircon
106000,,32.71832897,,,0.007806956,,0.004379255,,,,,,Zircon
105999,,32.91916308,,,0.007828316,,0.004391237,,,,,,Zircon
105998,,30.56134919,,,0.007534132,,0.004226216,,,,,,Zircon
105997,,32.44333706,,,0.007745721,,0.004344906,,,,,,Zircon
105995,,32.23814841,,,0.00772208,,0.004331644,,,,,,Zircon
105994,,33.30141073,,,0.007825296,,0.004389543,,,,,,Zircon
105993,,32.95596431,,,0.007814653,,0.004383573,,,,,,Zircon
105992,,31.67128395,,,0.007757515,,0.004351521,,,,,,Zircon
106006,,31.84252219,,,0.007731402,,0.004336874,,,,,,Zircon
106004,,33.11088596,,,0.007830107,,0.004392242,,,,,,Zircon
105947,,31.82011583,,,0.007749581,,0.004347071,,,,,,Zircon
105960,,32.99332461,,,0.007801817,,0.004376373,,,,,,Zircon
105925,,31.25324845,,,0.007636362,,0.004283562,,,,,,Zircon
105924,,31.64115639,,,0.00767365,,0.004304478,,,,,,Zircon
105923,,32.63776883,,,0.007821119,,0.0043872,,,,,,Zircon
105922,,32.13280282,,,0.007743564,,0.004343696,,,,,,Zircon
105921,,32.04284956,,,0.00776109,,0.004353527,,,,,,Zircon
105920,,32.31743223,,,0.004346815,,0.00435846,,,,,,Zircon
105919,,32.70050193,,,0.007650582,,0.004291538,,,,,,Zircon
105918,,31.71581026,,,0.007769019,,0.004357975,,,,,,Zircon
105917,,32.17285374,,,0.007717244,,0.004328932,,,,,,Zircon
105916,,34.16456743,,,0.007872844,,0.004416214,,,,,,Zircon
105915,,32.10498462,,,0.007780858,,0.004364616,,,,,,Zircon
105914,,33.35182189,,,0.007847868,,0.004402205,,,,,,Zircon
105913,,34.18973648,,,0.007865296,,0.00441198,,,,,,Zircon
105912,,33.1492232,,,0.007842472,,0.004399178,,,,,,Zircon
105911,,32.81441547,,,0.007752727,,0.004348836,,,,,,Zircon
105910,,33.43925373,,,0.007812713,,0.004382485,,,,,,Zircon
105909,,32.54971677,,,0.007813372,,0.004382854,,,,,,Zircon
105908,,32.26436988,,,0.007741402,,0.004342483,,,,,,Zircon
105907,,32.22746763,,,0.007750911,,0.004347817,,,,,,Zircon
105906,,32.52241273,,,0.007798356,,0.004374431,,,,,,Zircon
105905,,31.35313141,,,0.007639281,,0.004285199,,,,,,Zircon
105904,,32.64843318,,,0.007789285,,0.004369343,,,,,,Zircon
105903,,32.12715217,,,0.007731924,,0.004337167,,,,,,Zircon
105902,,33.23938198,,,0.0078447,,0.004400427,,,,,,Zircon
105901,,31.68273204,,,0.007746916,,0.004345576,,,,,,Zircon
106021,,31.80220112,,,0.007694452,,0.004316147,,,,,,Zircon
105900,,32.36893911,,,0.007758177,,0.004351893,,,,,,Zircon
105926,,32.67592925,,,0.007811959,,0.004382062,,,,,,Zircon
105927,,32.21238807,,,0.007753485,,0.004349261,,,,,,Zircon
105928,,32.60179376,,,0.007793648,,0.00437179,,,,,,Zircon
105929,,32.35767197,,,0.007761752,,0.004353899,,,,,,Zircon
105959,,30.32730498,,,0.007631394,,0.004280775,,,,,,Zircon
105958,,33.08903027,,,0.007815901,,0.004384273,,,,,,Zircon
105957,,31.99821453,,,0.007757075,,0.004351275,,,,,,Zircon
105956,,32.46951807,,,0.007703763,,0.00432137,,,,,,Zircon
105955,,32.55296624,,,0.007781462,,0.004364954,,,,,,Zircon
105954,,32.29265657,,,0.007736241,,0.004339588,,,,,,Zircon
105953,,31.78087485,,,0.007699469,,0.004318961,,,,,,Zircon
105952,,32.59971724,,,0.007655336,,0.004294205,,,,,,Zircon