0,0,0,0,0,0,0.2215158,0.1563805,0,0,0,0.7443362,0,0,0.1133606,0,0.01797572,0,0.03421844,0,0,0.1430082,0.1047425,0.259272,0.1781612,0,0.5109337,0,0,0,0,0.08773275,0.1354657,0,0,0,0,0,0,0.0212456,0,0.009975893,0,0.2332274,0,0,0,0.4263085,0.3162575,0.1220263,0,0,0,0,0,0,0.04027641,0,0,0.2645614,0.3747654,0.2262555,0,0.266504,0.1070072,0,0.005860338,0,0,0.009783243,0,0.01388328,0,0,0,0,0,0,0.4535554,0,0,0,0.03943773,0.1335918,0,0,0,0,0,0.1212364,0,0,0,0.4030327,0.0478509,0,0,0.08822703,0,0,0,0,0,0,0,0.4511123,0.0361284,0.3203262,0.1804401,0.03151243,0.07359131,0,0,0.1024213,0.04170755,0.02208469,0,0.07870608,0.1545578,0,0.1503941,0.3215595,0.1727711,0,0,0,0.222844,0,0,0,0.235188,0.3894844,0.02599012,0,0,0.1696348,0,0,0,0,0.08450987,0,0.02871425,0,0.06289966,0.2011214,0,0.02192885,0.2297602,0,0.2487791,0,0,0.07592393,0.0538672,0,0,0,0,0,0.274189,0,0.1224438,0,0,0,0.06421128,0.04417877,0,0.2276691,0,0,0,0,0,0.345149,0,0.1014761,0,0,0,0,0,0.2650645,0,0,0,0,0,0,0.002784396,0,0,0,0,0,0.4005137,0,0,0,0,0,0,0,0,0,0,0,0,0,0.1254223,0.2370461,0,0,0,0,0,0.07797942,0.3666241,0,0.4402847,0,0,0.220124,0.1869196,0,0,0.5067009,0,0,0,0.2397476,0.0957385,0.2481247,0,0,0.02270407,0,0,0.2368103,0,0.3533527,0,0,0.0731763,0,0,0,0,0,0,0,0,0,0,0,0,0,0,0,0,0,0,0,0,0,0,0,0,0,0,0,0,0,0,0,0,0,0,0,0,0,0,0,0,0,0,0,0,0,0,0,0,0,0,0,0.1509283,0.05058823,0,0,0,0.009230064,0.1382462,0,0,0,0,0,0,0,0.3773541,0,0,0,0,0,0,0,0,0,0,0,0,0,0,0,0,0,0,0,0,0,0.03934948,0,0,0,0.00229864,0,0,0,0,0,0,0,0,0,0,0,0,0,0,0,0,0.04432252,0,0,0,0.03989376,0,0,0,0,0,0,0,0,0,0,0,0,0,0.240397,0,0,0.107389,0,0,0.001239322,0.2163175,0.1257114,0,0,0,0.04797034,0,0.2546721,0.08223155,0.0005822373,0.1954687,0,0,0.5641019,0,0.1270942,0,0,0,0.1258938,0,0,0.1556222,0,0,0,0,0,0,0,0.03086055,0.08166751,0.1242421,0.133631,0.1159582,0,0.05671424,0.4414928,0,0.2293216,0.1191176,0,0,0,0,0,0,0.08906104,0,0.1131452,0,0,0.3533944,0.1375535,0,0.02190249,0,0.08743899,0,0,0,0,0.4736941,0.3750791,0,0.3489465,0.1641,0,0.427612,0,0.2216655,0,0.1055292,0.02633499,0.2838112,0,0,0,0.12054,0,0,0,0.3990398,0,0,0.2967384,0,0,0,0,0.2803419,0.193364,0,0,0,0,0,0,0,0,0,0,0,0.06036058,0,0,0,0.1050585,0,0.07819869,0,0,0,0,0,0.1032388,0,0,0.07491873,0,0,0.1102929,
0,0,0,0,0,0,0,0,0,0.06207178,0,0.1504915,0.4982534,0.3296188,0,0,0.1759262,0,0.2976441,0.04568642,0,0,0,0.02201894,0,0,0.0206596,0,0.3292703,0,0.2528041,0,0.181169,0,0,0,0.06597693,0,0,0.1723528,0,0,0.06044735,0.05487829,0,0,0,0,0,0.00245505,0.3368951,0.01696787,0.185926,0.1947745,0,0,0,0,0,0,0,0.07887492,0,0,0,0,0,0.1539104,0,0,0,0,0,0,0,0.03614701,0,0.1633698,0.09703901,0,0,0.1729818,0,0.1208044,0,0.1958126,0,0,0,0,0,0,0.6208104,0.3264268,0,0,0,0,0.2526961,0.1493886,0,0,0,0,0,0.4117338,0,0,0,0.06697605,0.3455129,0,0.06994928,0.07259754,0,0,0,0.1846457,0,0,0,0,0,0,0,0,0,0,0,0.1741753,0.1181618,0,0,0.1093706,0,0,0.2345816,0,0,0,0,0,0,0,0,0,0,0,0.4224843,0,0.1581829,0.00842682,0.1476307,0.1923031,0,0.03078614,0.3520592,0.138878,0,0,0.2591878,0.1259003,0.2614515,0.04514346,0,0.2437707,0.2641896,0,0,0,0,0,0,0.2930903,0,0,0.1738592,0,0,0.1720526,0,0,0,0,0,0,0,0.06409853,0,0,0.0941109,0,0.01485077,0,0,0.1543797,0,0,0,0,0.3117711,0,0,0.5867887,0.0121511,0,0.1192879,0.03640342,0,0,0,0.1581594,0.4166517,0,0.3848158,0,0,0.208208,0.01693832,0.1805785,0,0.3819479,0.08351787,0,0.07958211,0.0580367,0.2317914,0.07108872,0,0,0,0.2127679,0.06839401,0,0.1448348,0.1524975,0.3102533,0.3360679,0.225746,0.1029646,0,0,0,0.2321311,0,0,0,0,0,0,0,0,0,0,0,0.4310773,0,0,0,0,0,0,0,0,0,0,0,0,0,0,0,0,0,0,0,0,0,0,0,0,0,0,0,0.1345665,0,0,0,0,0,0,0,0,0,0,0.2283568,0,0,0,0.0255543,0.3058254,0,0,0,0,0,0,0,0,0,0,0,0,0,0,0,0,0,0,0,0,0,0,0.221419,0,0,0,0,0,0,0,0,0.5055112,0.1029736,0,0,0,0,0,0.1048158,0,0,0,0,0,0,0,0,0,0,0,0,0,0,0,0,0,0,0,0,0,0,0,0,0,0.1333675,0,0,0.4878134,0,0,0,0,0,0.1634782,0.3468864,0,0.1146398,0.6963501,0,0,0,0,0,0,0,0,0.1680945,0,0.14563,0.04946987,0,0,0.4162106,0.03230257,0.08939455,0,0,0.06749284,0,0,0,0,0,0,0.0849326,0,0,0.5439261,0.2769892,0,0.6853848,0.1568379,0,0,0.1710135,0.2528959,0,0.7218869,0,0,0.4135054,0.136765,0,0,0.2364824,0,0.03458663,0,0.251809,0,0.6084251,0.3546939,0,0,0.177197,0.1271204,0.4114726,0,0.3023879,0,0,0,0.07828623,0,0.03972153,0,0.1122288,0.04571879,0.162123,0,0.8381549,0.11191,0.1750187,0.01272575,0.5270113,0,0,0.3222651,0,0.05774636,0.3794532,0,0,0.193695,0,0,0,0,0,0,0,0,0,0,0,0.08733934,0,0,0,0.1264882,0,0.004278696,0,0.2616028,0.09053407,0,0,0,0.3086091,0.443028,0.2660114,0,0.1368577,0,0,0.3549422,0.3106902,0,0.1311367,0,
0,0,0,0,0,0,0,0,0,0,0.007217488,0,0,0,0.3421249,0.3834235,0,0.09819278,0,0,0,0,0,0,0.1076171,0,0.1470865,0.3416436,0.5668619,0.1114705,0.2955777,0,0.08655541,0,0,0,0,0,0.4203112,0,0,0,0,0,0,0,0,0,0,0,0,0,0,0,0,0.1095935,0.109865,0,0,0,0,0.139661,0,0,0,0.0565309,0,0,0,0.4893588,0,0.1288929,0.2851608,0,0.09141662,0,0,0.1188802,0,0,0,0,0,0,0.3111414,0,0.3585022,0.04221783,0,0,0.3625966,0,0,0,0,0,0,0,0,0.1886809,0.1300684,0,0,0.1160957,0,0,0,0.02294599,0,0.0667268,0,0.1122307,0.3278067,0,0,0,0,0,0,0,0.08010718,0,0.1238512,0,0,0.3926905,0,0,0,0.0559546,0,0,0,0,0,0.08725604,0.0970072,0,0.02582539,0,0.2089533,0.1852001,0,0,0,0.08588456,0,0,0,0.4443551,0,0.1336337,0.108982,0.09229888,0.2410519,0,0,0,0,0,0,0.1868476,0,0.09104425,0.1626468,0,0,0,0.04738622,0,0,0.05427993,0.21319,0,0,0.3123212,0,0.6862251,0,0.09603441,0,0,0,0,0,0,0,0,0,0,0.1697029,0.419729,0,0,0.03144117,0,0,0,0,0.1854093,0,0.5402847,0,0,0,0,0,0,0,0,0,0,0.2228248,0.2550853,0,0.6945433,0.0201251,0.3182226,0,0,0,0,0,0,0.02540699,0.2811315,0.07598922,0.006456205,0.07752701,0,0,0,0.376321,0.07987151,0,0,0,0,0.1316617,0,0,0,0,0,0,0,0,0,0,0,0,0,0,0,0,0,0,0,0,0,0,0,0,0,0,0,0,0,0,0,0,0,0,0,0,0,0.994626,0,0,0,0,0.1382805,0,0,0,0,0,0,0,0,0,0,0,0,0.1084607,0,0,0,0,0.3441066,0,0,0,0,0,0,0,0,0,0,0,0,0,0.1019598,0,0,0,0,0,0,0,0,0,0,0,0,0,0,0,0,0,0,0,0,0,0,0,0,0,0,0,0,0,0,0,0,0,0,0,0,0.07683261,0,0,0,0,0,0,0,0,0,0,0,0,0,0,0.2932137,0,0,0,0,0,0,0.04262404,0,0.02474642,0,0.1403114,0.3020874,0,0,0,0.3619441,0,0,0,0,0.03303333,0.01000283,0.1430947,0.1268208,0.1569503,0.1689879,0,0,0.4656104,0,0,0,0,0.4592326,0.3750873,0,0.3315534,0,0,0,0.2125747,0.663164,0,0.3767557,0.1096374,0,0,0,0,0.3014243,0,0.5488869,0,0,0,0,0,0,0,0,0,0,0,0,0,0,0.1650561,0,0.4710407,0.8902593,0,0,0,0.04163278,0,0.004213168,0,0.5813828,0,0.5427784,0,0.4686977,0,0,0,0,0.1374439,0,0,0.01047981,0.103821,0,0.01989506,0.3736106,0,0,0,0,0,0.01791919,0,0,0,0,0,0,0,0,0,0,0,0,0,0,0,0,0,0,0.1963962,0.1106596,0.07688239,0.1058848,0.2754282,0,0.3223335,0,0.1642983,0,0,0.008126236,0,0.03722857,0,0.03162808,
0,0,0,0,0.08538074,0,0,0,0,0,0,0,0,0.03178824,0,0.2637476,0.4523516,0,0,0,0.151722,0,0,0,0,0.3264803,0.2955103,0.1116212,0.2842763,0,0.1952747,0,0.1437117,0,0,0.151576,0,0,0,0,0.04893151,0,0,0,0,0,0,0,0,0,0,0,0,0,0,0.5238037,0,0.1445703,0.09689774,0,0,0.0617819,0,0,0,0.05722313,0,0.2634762,0,0,0.1212269,0,0,0.3505637,0,0,0,0,0.5353026,0,0,0,0,0.05180945,0,0,0.2948627,0.1883958,0.1453365,0.03357636,0.0572562,0.424664,0,0,0,0,0.1932075,0,0,0.06960419,0,0.4989704,0.2085615,0.002340633,0,0,0,0.1403458,0,0,0,0.3463236,0.1101435,0,0,0.09042201,0.2034646,0,0.7610509,0.1338842,0.5258555,0.1710784,0,0.1181621,0.06302509,0,0.1675131,0,0.1262159,0,0.01895072,0.06646821,0,0,0,0,0,0,0.06894284,0,0.2235875,0,0.03336127,0.555528,0,0,0,0,0.04368845,0,0,0.2517828,0,0.2952638,0,0.4145201,0,0,0,0.197153,0,0,0,0.1882104,0,0,0,0.2014078,0,0,0,0,0,0,0,0,0,0.1058877,0.2600538,0,0,0,0,0.1585897,0.06847639,0.2254131,0,0,0,0,0,0.1142301,0,0.2585044,0,0.4465655,0,0,0,0,0,0.4048563,0.0319437,0,0,0,0.0007868538,0,0.09461626,0.1766579,0.2552726,0,0,0,0,0,0,0.01961206,0,0,0,0,0.07190654,0.18341,0,0,0,0.08369459,0,0,0.01450334,0.8231409,0,0.4889336,0,0.1357198,0,0,0,0.2487857,0,0,0,0,0,0,0,0,0,0,0,0,0,0,0,0,0,0,0,0,0,0,0,0,0,0,0,0,0,0,0,0,0,0,0,0,0,0,0,0,0,0,0,0,0,0,0,0,0,0,0,0,0,0,0,0.5905212,0.0448482,0.07883804,0,0,0,0,0,0,0,0,0,0,0.05450486,0,0,0,0,0,0,0,0,0.01470994,0,0,0,0.1844176,0,0,0,0,0,0,0,0,0,0,0,0,0,0.03415808,0,0,0,0,0,0,0,0,0,0,0,0.1455428,0.359944,0,0,0,0,0,0,0,0,0,0,0,0,0,0,0,0,0,0,0,0,0,0,0,0,0,0,0,0,0,0,0,0,0,0,0,0,0.01873692,0.08161476,0.0732591,0.2716462,0,0,0,0,0,0,0,0,0,0,0,0,0,0,0,0,0.3042062,0,0,0,0.1199828,0,0.05749435,0.1207821,0,0,0,0.04968607,0,0,0,0.04057918,0,0,0,0.5333164,0,0,0.08522182,0.2545822,0,0,0,0,0,0.1937953,0,0,0,0.4369895,0,0,0.205299,0,0.0606264,0.09392149,0,0.4183174,0.2069633,0.1146357,0,0,0,0,0.3126606,0,0,0,0,0.1137207,0,0.1279547,0.2571129,0,0,0,0,0.4818813,0.4472418,0.04117858,0,0.1229046,0,0,0,0,0.15735,0,0.08892329,0.1196435,0,0,0,0,0,0,0,0.02163783,0,0,0,0,0.01369528,0,0,0,0,0,0,0.1059929,0.2921125,
0,0,0,0,0.1221933,0,0,0,0,0,0,0,0,0.4794475,0,0,0.06796051,0.2280776,0,0,0,0,0.1402254,0,0.03850853,0,0.04952088,0.242819,0,0,0,0.09401019,0,0,0.0160218,0,0,0,0,0.3736327,0,0,0,0,0,0,0.05265018,0,0,0,0,0,0,0,0.1297227,0,0.048395,0,0,0,0,0.2063567,0,0,0.1445533,0.1411507,0,0.2230476,0,0.1615255,0,0,0.1314636,0,0,0,0.1261777,0.2641674,0.5054424,0,0,0.5746496,0.3293391,0,0,0,0,0,0.1198501,0,0,0.5247959,0,0.3061792,0,0,0.2397653,0.01907804,0,0,0,0.07354565,0.2032119,0.2395849,0,0,0,0,0,0.3272296,0,0,0.004391045,0,0,0,0,0,0.6366366,0.2312738,0.1229086,0,0,0,0.07785679,0,0,0,0,0.07743864,0.1802897,0,0.1576959,0,0,0,0.1895505,0,0,0,0.107659,0.05270411,0,0.2990334,0.2300885,0.2279859,0,0,0,0,0.05498619,0,0,0,0,0.1993789,0.2298905,0,0,0,0,0,0,0,0.3331245,0,0,0,0.2598479,0.1485426,0.09985941,0,0,0,0,0,0.01807122,0.1508435,0.3228494,0,0,0.1105903,0,0,0,0.1247454,0,0.1673776,0,0,0,0,0,0,0.2389132,0,0,0.3603344,0,0,0.172172,0.1543658,0,0,0,0,0.2459264,0.4863254,0.05352602,0,0.5360225,0.08456314,0,0.05478652,0,0,0.08840969,0,0,0,0.2310302,0,0,0.05522339,0,0,0,0,0,0,0.01910355,0.1447007,0.01774637,0,0,0,0,0,0,0,0.08300655,0,0.02592647,0,0,0,0,0,0,0,0,0.4173535,0,0,0,0,0,0,0,0,0,0,0,0.1314951,0,0,0,0,0,0,0,0,0,0,0,0,0,0,0,0,0,0,0,0,0,0,0,0,0,0,0,0,0,0,0,1.047981,0.002359156,0,0.1173446,0,0.08888757,0,0,0.01488193,0,0,0,0,0,0,0,0,0,0,0,0,2.26812,0.3995128,0.1074123,0,0,0,0,0,0.1020167,0.1129678,0,0,0,0,0,0,0,0,0,0,0,0,0,0,0,0,0,0,0,0,0,0,0,0,0,0,0,0,0.2013952,0,0,0,0,0,0,0,0,0,0,0,0.989029,0,0,0,0.0008250478,0,0,0.06159789,0.2527832,0.006880311,0,0,0,0,0.1683283,0.4011495,0,0,0,0.02070932,0,0,0.03738395,0.06922227,0,0.199449,0.1222942,0,0,0,0,0,0,0,0,0.2479142,0,0,0,0,0.1729776,0.1218451,0.2003365,0.5422039,0,0,0.03875757,0.1331831,0.1609451,0,0,0.2725276,0,0,0,0,0,0,0,0,0.3064701,0,0,0,0,0,0,0.2100049,0,0.04045811,0,0,0.2674709,0,0,0.03754002,0.1519207,0,0,0.17733,0,0,0,0,0,0.1927667,0.06071524,0.009543342,0,0.3358671,0.09319099,0,0,0.1246978,0,0.06526336,0.3944963,0,0.09840714,0.05051117,0,0,0,0,0,0,0,0.1616971,0.0172603,0.01587494,0.1752554,0.1048942,0,0.05059762,0,0,0,0,0,0,0,0,0,0.07256023,0,0,0.1959833,0.423133,0,0.06790457,0,0.1389902,0.09925872,0,
0,0,0,0,0,0,0,0,0,0,0,0,0,0,0,0.2654687,0.1476544,0.2539809,0.1341154,0.03039444,0.4889177,0,0,0.1910182,0.08378316,0,0.01219231,0,0,0,0.07637388,0.006638856,0,0,0,0,0.09065562,0,0,0,0,0,0,0,0,0,0,0,0,0,0,0,0,0,0.0221322,0,0,0.5235077,0,0,0,0.2177142,0.4995381,0.1117801,0.02585042,0,0,0,0,0,0.218555,0,0.03134267,0,0.3050594,0,0.1517995,0.03850885,0.07697255,0.2147642,0.3662757,0.3998415,0,0.1046066,0.1416215,0.08919019,0.1632604,0,0,0.02609833,0,0,0.5250373,0.2512563,0.2951878,0.002546413,0,0,0.2243521,0,0,0,0,0.06669565,0,0.06564216,0.07234225,0.07554249,0.33864,0.08351059,0,0,0,0.1636001,0,0,0,0,0,0,0.2097785,0,0,0,0,0,0.01422815,0.2073923,0.06497271,0.07673045,0,0,0,0,0,0.1981578,0,0,0,0,0.1960804,0,0,0,0.04880555,0,0.004804291,0,0,0,0.002813631,0,0,0,0.2140232,0,0,0.02053214,0,0,0,0.4228593,0.04175681,0,0,0.1147786,0,0.2774499,0,0.1461662,0,0,0,0,0,0.06550527,0,0.1739229,0,0,0,0,0.2562124,0,0,0.1534134,0,0,0,0,0,0,0,0,0,0.06452213,0,0.4027231,0,0,0,0,0,0,0.1084042,0.3246667,0,0.427414,0,0,0,0,0,0.1875099,0.09386115,0,0.3323933,0.07681219,0,0.2519103,0,0.05321743,0,0,0,0,0,0,0,0,0.1395513,0,0,0,0.04541766,0.09892901,0.05083372,0,0,0,0,0.1934311,0.05286427,0,0,0.02754566,0,0.211048,0,0,0,0,0,0,0,0,0,0,0,0,0,0,0,0,0,0,0,0,0,0,0,0,0,0,0,0,0,0,0,0,0,0,0,0,0,0,0,0,0,0,0,0,0,0,0,0,0,0,0,0,0,0,0,0,0,0,0,0,0,0,0,0,0,0,0,0,0,0.7308311,0,1.278684,0.09207667,0.1313314,0.2555642,0,0.08063578,0,0,0,0,0,0,0,0,0.123796,0.04040904,0,0,0,0,0,0,0,0,0,0,0,0,0,0.1137547,0,0,0,0,0,0,0,0,0,0,0,0,0,0,0,0,0,0,0,0,0.1272079,0,0,0.1485422,0,0.1203076,0,0.2985479,0,0,0,0,0,0,0,0,0.1102354,0.1050853,0.1599659,0,0,0,0,0,0,0,0,0.04864477,0,0,0,0,0,0,0,0,0,0,0.1801365,0,0.05999416,0,0.05322636,0.2207679,0.04899243,0.09938055,0,0.3251604,0,0.07866465,0.6161186,0,0.2906752,0,0,0.2490668,0,0.1283102,0,0,0,0,0,0,0,0,0,0,0,0,0.2717327,0,0.2965532,0,0,0.2256725,0,0,0,0,0,0,0,0,0.1726929,0.002568239,0.2053013,0,0.02200836,0,0.1112064,0.2201864,0.2214159,0,0,0,0,0.3740695,0,0,0.0772775,0.1465331,0,0,0.5153439,0,0.0905907,0,0,0.09023506,0,0.3739889,0,0.1137375,0.1993171,0,0.0663949,0,0,0,1.148429E-05,0.03337038,0.1836129,0.1126967,0,0,0,0,0,0.2441157,0,
0,0,0,0,0,0.1139447,0,0.09875385,0,0,0,0,0,0,0,0.01412622,0.2176271,0.077353,0,0,0,0,0,0,0,0,0,0.0259849,0,0.05403193,0,0,0,0,0,0.1013272,0.1069867,0.04050966,0,0,0,0,0,0,0,0,0,0,0,0,0,0,0,0,0,0,0,0,0,0,0,0.2826255,0.111416,0,0,0,0.01979402,0.1060075,0.1234461,0,0,0.2664672,0.03257896,0,0,0,0,0,0,0.1221664,0.4549658,0.319603,0,0,0.1564071,0,0.1438881,0.005750485,0,0,0,0,0,0.185578,0,0.4112217,0.1993925,0.1326342,0,0,0.02957025,0.086345,0,0,0,0.3940576,0,0,0,0,0,0.1334777,0.1579453,0,0,0.1000954,0,0,0.05212862,0.1371101,0,0.5975795,0.03725216,0,0.1740458,0,0,0,0,0.6293579,0,0.5498692,0,0,0,0,0,0,0.1681954,0,0.04355717,0,0.2134839,0,0,0.2075226,0,0,0.04589124,0.1017287,0,0.519724,0,0,0.1818185,0.1190856,0,0,0,0,0,0.1326167,0.01646347,0.07407825,0,0.3778617,0.2932446,0,0,0,0.07152221,0,0,0,0.1641666,0,0.235841,0,0,0,0,0,0,0,0,0,0.006938361,0,0,0.28105,0,0,0,0,0,0.2815702,0,0,0,0,0,0.08359481,0.07295161,0,0.3174211,0,0.02210771,0,0,0.2721604,0,0,0,0.01938149,0,0.09986746,0.4006145,0,0,0.01790988,0.2460501,0,0.3096679,0,0.7043295,0,0.09741175,0,0.121287,0.04916114,0,0.0868664,0,0,0,0.4786542,0,0,0.4569199,0.4619735,0.1384972,0,0,0.0886887,0,0,0,0.06652611,0,0,0,0,0,0,0,0,0,0,0,0,0,0,0,0,0,0,0,0,0,0,0,0,0,0,0,0,0,0,0,0,0,0,0,0,0,0,0,0,0,0,0,0,0,0,0,0,0,0,0,0.07083153,0,0,0,0,0,0.1581745,0,0,0,0,0,0,0,0,0,0,0,0,0,0,0,0,0,1.075301,0,0,0.3370117,0,0,0,0,0,0,0,0,0,0,0,0,0,0.191239,0,0,0,0,0,0,0,0,0,0,0,0,0,0,0,0,0,0,0,0,0,0,0,0,0,0,0,0,0,0,0.4893487,0,0,0,0,0.1011759,0,0,0,0.06352129,0,0,0,0,0,0.07941207,0.1553112,0.4197696,0.3655726,0.2129168,0.08221202,0,0,0,0,0,0,0,0,0,0,0,0,0,0.119847,0,0,0,0.254407,0,0.02080499,0,0,0,0,0,0.08346786,0,0.03366001,0,0.3205552,0.1411272,0.1344565,0,0,0,0,0.5097695,0,0,0,0,0,0,0,0,0,0,0,0,0.124508,0,0.3865519,0,0.258136,0,0.02199203,0,0.1518048,0.4412835,0,0.06097848,0,0,0,0,0,0,0.3016247,0.2044723,0,0,0,0,0,0,0,0,0.452857,0.07757551,0,0.3013524,0,0,0.07175339,0.4653724,0,0,0.1378581,0.1420821,0,0.04345938,0.002821661,0,0,0.09120543,0,0,0.08614545,0.02185269,0,0,0,0,0,0,0.4291021,0,0.017226,
0,0,0,0.5786422,0,0,0,0,0,0,0,0,0,0,0,0,0,0,0,0,0,0.04968722,0,0.1148289,0.5136892,0.1530225,0,0,0.2889016,0.05561651,0.2054151,0,0,0,0.01980318,0,0.373046,0,0,0.2457004,0,0,0,0,0,0,0,0,0,0,0.05648895,0,0,0,0,0,0,0,0,0,0,0,0,0,0.1209977,0,0,0,0.2367614,0.315358,0,0.06823107,0,0,0,0,0,0.3466097,0,0.2762473,0,1.456273,0,0.7970509,1.640561,0,0.1072786,0,0,0,0,0.1573185,0.007594388,0,0,0.1037625,0,0,0.1581515,0,0,0.2076009,0.1261853,0.08622249,0,0,0,0.01418775,0.1187543,0.0807095,0,0,0.1437522,0,0,0,0.0843256,0,0,0,0.07913306,0.139509,0.4452889,0.1232478,0,0.05270638,0.1906394,0,0,0,0.1569644,0.1111921,0,0.1123402,0,0,0,0.1341944,0.1605913,0.1120657,0,0,0,0,0.3290181,0.2422444,0,0,0,0.2922783,0.1636658,0,0.3578779,0.3331074,0.2247396,0.14174,0,0,0,0,0,0,0,0,0.1612711,0,0.06261865,0,0.1959051,0,0,0,0,0.2434255,0,0,0.2501947,0.2061752,0.05760723,0.4073162,0,0,0,0,0,0,0.09007923,0.09082392,0.06739999,0,0,0,0.07842956,0.07866038,0,0.001894704,0,0,0,0,0,0,0,0,0,0,0.03303491,0,0.07826208,0.1788848,0.5369908,0.02189332,0,0,0,0.07878705,0.09954011,0,0.5296306,0,0,0.04139366,0,0,0,0.1014765,0.04272828,0,0,0,0,0.07319854,0,0,0.05597986,0.007939543,0,0,0.1008613,0.5562728,0,0,0,0.3266088,0,0,0,0,0.0531996,0.5014057,0,0,0,0,0,0,0,0,0,0,0,0,0,0,0,0,0,0,0,0.3892385,0,0,0,0,0,0,0.153332,0,0,0.1962494,0,0,0,0,0,0,0,0,0,0,0,0,0,0,0,0,0,0.2151132,0,0.07229993,0,0,0,0,0.182071,0,0,0,0,0,0,0,0,0,0,0,0,0,0,0,0,0.2075663,0.4496728,0,0,0,0,0.3493422,0,0,0,0,0.06007,0,0,0,0,0,0,0.08114772,0,0,0,0,0,0,0.02149858,0,0,0,0,0,0,0,0,0,0,0,0,0,0,0,0,0,0,0,0,0,0,0,0,0,0,0,0,0,0,0.7087089,0.05776383,0.5406364,0,0,0,0,0.2618105,0.3352035,0,0,0,0,0,0,0,0.02936031,0,0,0,0,0,0,0,0,0,0.293666,0,0,0,0,0,0,0,0,0.06038747,0,0,0,0,0.1172928,0,0.1080716,0,0,0.1237126,0.6164137,0,0,0.2515596,0,0.222727,0,0,0,0,0,0,0,0,0,0,0,0,0,0.05919349,0.06738304,0,0.1252759,0.364541,0,0.1887534,0.09649424,0,0.1154048,0.2093249,0,0,0.03143192,0.05813782,0,0.0006186817,0,0,0,0,0.04858205,0,0,0,0,0,0.4656403,0,0,0,0,0,0,0.1685393,0,0.3505588,0.05556695,0,0,0,0,0.09682376,0,0,0.1217304,0,0.3338276,0,0,0,0.3851138,0,0,0.4859987,0,0.280685,0,
0,0,0,0,0,0,0,0,0,0,0,0,0,0,0,0.04140634,0.04909778,0,0.08468227,0.3717363,0.01855239,0.1421133,0.07080238,0,0.03219278,0.3641666,0,0,0,0,0.2403295,0,0,0.3528331,0,0.3827806,0.8363338,0,0,0,0,0,0,0,0,0,0,0,0,0,0,0,0,0,0,0,0,0,0,0,0,0,0.1957057,0.03668981,0.1095234,0.06224823,0,0.01190066,0.1947975,0.1557271,0.09534542,0.01338916,0,0,0,0.2013824,0.1860066,0,0.04905624,0,0,0.2900783,0.09408038,0.1914829,1.371645,0.03293879,0.0926024,0,0,0,0,0,0.04331259,0.08161312,0.1892102,0.2091375,0.06983585,0,0.004424667,0,0,0.1078301,0.4341354,0,0,0,0.07678972,0.1840842,0.2155215,0,0.3070884,0,0,0,0,0,0,0,0,0,0,0,0.1772431,0.3617151,0.2790588,0.1324605,0.1170902,0.2699345,0,0,0,0,0,0.330468,0.5439311,0,0,0,0.4277817,0.1361306,0,0,0,0,0,0,0.120764,0.09006652,0,0,0.1713815,0,0,0,0,0,0,0,0,0,0,0.6440438,0,0.4628441,0.03416651,0,0,0.1734766,0.01316181,0,0,0,0.01725329,0.01330183,0,0.6011089,0.1301057,0.1605762,0.3133292,0,0.01441458,0,0.05540427,0,0,0,0,0,0.3590321,0,0,0.2091941,0,0,0.2839628,0.1102971,0,0,0,0,0,0.03855704,0,0,0.01834702,0,0,0,0,0,0,0,0,0,0.2117667,0,0.4750767,0,0.1376403,0.2815465,0.2008823,0,0,0,0,0,0.01212293,0,0,0.03245291,0,0,0,0.1432092,0,0,0.1918212,0,0,0,0.07237317,0,0,0,0,0,0,0,0.2347721,0,0,0,0,0,0,0,0,0,0,0,0,0,0,0,0,0,0.3044449,0,0.1451088,0,0,0,0,0,0,0,0,0,0,0,0,0,0,0,0,0,0,0,0,0,0,0,0,0,0,0,0,1.123819,0,0.2144569,0,0,0,0,0,0,0,0,0,0,0,0,0,0,0,0,0,0,0,0,0,0,0,0,0.0741625,0,0,0,0,0,0,0,0,0,0,0,0,0,0.2466,0,0,0,0,0,0,0,0.2318891,0,0,0,0,0,0,0,0,0,0,0,0,0,0,0,0,0,0,0,0,0,0,0.1533208,0,0,0,0.1674692,0,0,0,0.04968523,0,0,0,0.1829321,0,0,0.1401606,0,0,0.499657,0,0,0,0,0,0,0,0,0,0,0,0.06153204,0,0,0,0,0,0,0,0.0887461,0,0,0,0,0.6166241,0.1005379,0,0,0.1716055,0,0.2848867,0.2873197,0,0.1281863,0.2481336,0,0,0,0,0.2760335,0,0,0,0,0,0,0,0,0,0,0,0,0,0,0,0.1557833,0,0.04769616,0,0,0,0.1948711,0,0,0.01097669,0.05571593,0.2132067,0,0,0.01956295,0,0.04539908,0.09885903,0,0,0,0,0,0.6128823,0.08505326,0,0,0,0,0.01572814,0,0.1007705,0,0,0.01539438,0,0,0,0.3668754,0,0,0,0.3399472,0.006803765,0,0.1711153,0.003025155,0,0,0.06916848,0,0,0,0,0.2261547,0,0,
0,0,0,0,0,0,0.03966742,0,0,0,0,0,0,0,0,0.09086715,0,0,0.2285522,0,0,0.09654437,0.1702567,0,0.3249185,0.1000076,0,0,0,0.02053082,0,0.1778889,0.4160462,0,0.2044995,0,0.1542922,0,0,0,0.1128793,0,0,0,0,0,0,0,0,0,0.1266469,0,0,0,0,0,0,0,0,0,0,0,0,0.112044,0,0,0,0.02872149,0.0492397,0.04323878,0,0,0,0,0,0,0,0.0406836,0,0.2078117,0,0.1270836,0,0,0.7083671,0,0,0,0.04899973,0.01865106,0,0.003774536,0,0,0.1988774,0.1581855,0,0.2900604,0,0,0.0822553,0,0,0,0,0.04560644,0,0,0,0,0,0,0,0.124039,0,0.403705,0.03647851,0.7456632,0,0,0.2346957,0,0,0,0.2145977,0.04985348,0,0,0,0.14958,0.119264,0.04136709,0.3141119,0.4937521,0,0.01385238,0.04143165,0.5097775,0,0,0,0,0,0.2856812,0.1926538,0.2798945,0.189021,0.08386342,0,0,0,0.07060377,0.3124223,0,0,0,0.07132987,0,0,0.03303623,0,0.08868919,0,0.04401259,0,0,0.03163573,0,0.1873581,0.2549694,0.2450588,0,0,0,0,0.3841369,0.04678941,0.2081961,0,0,0.2053694,0,0.2125965,0,0.06364736,0,0.2414347,0.4393865,0.2076703,0,0,0.3217459,0,0,0.123154,0.07199617,0.5535615,0,0,0,0.01886748,0,0.08510721,0.2610555,0.1430847,0.0009323249,0.05114191,0,0,0,0.08131272,0,0,0.2033548,0,0,0.2432359,0,0.01376407,0.2089164,0,0.1646535,0,0.5205736,0.1421483,0.05342244,0,0.2521956,0.3594099,0,0,0.1017136,0,0,0,0.161156,0,0,0,0,0,0,0,0,0,0,0,0,0.471423,0,0.3116523,0,0.2272165,0.1753646,0,0,0,0,0,0,0.01481487,0,0,0,0,0,0,0,0,0,0,0,0,0,0,0,0,0,0,0,0,0,0,0,0,0,0,0,0,0,0,0,0,0,0,0,0,0,0,0,0,0,0,0,0,0,0,0,0,0,0,0,0,0,0,0,0,0,0,0,0,0,0,0.2617317,1.052907,0,1.914166,0,0,0,0,0,0,0,0,0,0,0,0,0,0,0.06435063,0.03214697,0,0,0,0,0,0,0,0,0,0,0,0,0,0,0,0,0,0,0,0,0,0.3113127,0.02511317,0,0,0,0,0.06248968,0,0,0,0,0.1030447,0,0,0,0,0,0,0,0,0,0.03256035,0,0,0,0,0,0,0,0.4398898,0,0,0,0.3145701,0,0,0,0,0,0,0.1478782,0,0,0,0,0,0,0.1025581,0,0.04739208,0,0,0,0,0,0,0.163045,0,0,0,0,0,0,0,0,0,0,0,0,0,0,0,0,0.1864464,0,0,0,0,0,0,0,0,0.02741325,0.026606,0,0,0,0,0,0.005047976,0.1362578,0,0,0.0206851,0.009756263,0,0,0,0.2052849,0,0,0,0.04552729,0.1377506,0.2373294,0.1548987,0,0.3501531,0,0.3322536,0,0,0,0,0,0.5878884,0,0.1311365,0.07013953,0.2101428,0,0.1427389,0,0.1380162,0,0,0,0,0,0.315657,0,0,0,0.1196915,0,0.1938836,
0,0,0.07010817,0,0,0,0,0,0,0,0,0.1669268,0,0,0,0.6278075,0.02957716,0.3849199,1.910601,0.06557502,0.2952511,0.294849,0,0,0.1873076,0.1682767,0.1021517,0.1659824,0,0,0,0,0.1154317,0.1302514,0,0,0,0,0,0,0,0,0,0,0,0,0,0,0,0,0,0.3353661,0,0,0,0,0,0,0,0,0,0,0,0,0.2154001,0,0,0,0,0,0,0.06425919,0,0,0,0.1648701,0.07054248,0,0,0.01436165,0,0.7231128,0.02633785,0,0,0,0,0,0,0,0,0,0,0,0,0.1761312,0,0,0,0,0.2088632,0.1360809,0,0.102045,0,0,0,0,0,0,0,0,0,0,0.003759795,0,0,0.1616617,0,0,0,0.112684,0.2081275,0,0,0,0,0.2222047,0,0,0,0.2377546,0.3228163,0.3944787,0.1653271,0,0.06680194,0,0,0,0,0.1750041,0.1069758,0,0,0.3151279,0,0.2357839,0,0,0,0,0,0,0,0,0,0.6380432,0,0,0.01038023,0,0,0,0.07835487,0.0843517,0.243436,0.02626655,0.2085804,0,0,0,0,0,0.1584201,0,0.08760843,0,0.09627998,0,0,0.02089983,0,0.2397765,0.021112,0.09302738,0.06235876,0,0,0.231018,0,0,0,0,0,0.1149362,0,0,0.02056092,0.03196444,0,0,0,0.1927744,0,0,0.1273022,0,0,0,0,0,0,0,0,0,0,0,0.05444695,0,0.1379604,0,0.2031794,0,0,0,0,0,0,0,0.002566708,0.2008206,0.2662064,0.56446,0,0,0.202292,0.2883359,0.0941175,0,0,0,0,0,0,0,0,0,0,0,0,0,0.2906501,0,0,0,0,0,0.03786827,0,0,0,0.08931042,0,0,0,0,0,0,0,0.5577058,0,0,0,0,0,0,0,0,0,0,0,0.3064111,0.9485726,0,0,0,0,0,0,0,0,0,0,0,0,0,0,0,0,0,0,0,0,0,0,0,0,0.006418551,0,0,0,0,0,0,0,0,0,0,0,0,0,0,2.879031,0,0.8295724,0,0,0,0,0,0,0,0,0,0,0,0,0,0.09109126,0,0.2410759,0,0,0,0,0,0,0,0,0,0,0,0,0.5617077,0,0,0,0,0,0,0,0,0,0,0,0,0,0,0,0,0,0,0,0,0,0,0,0,0,0,0,0,0,0,0,0,0,0,0,0,0,0.1770744,0,0,0,0,0,0,0.3637143,0,0,0.07927968,0,0.1693833,0,0.2156505,0,0,0,0,0,0,0,0,0,0,0,0,0,0.006329974,0,0,0,0,0,0,0.05742211,0,0,0,0,0,0,0,0,0,0,0,0,0,0,0,0,0,0.1349767,0,0,0,0.03763462,0,0,0,0,0,0.05291805,0.1023841,0,0,0,0,0,0.07698864,0.2057975,0,0,0,0,0.1320434,0.2094152,0.2413822,0,0.2679285,0.1218239,0,0.0005169675,0,0,0,0,0,0,0,0,0,0,0,0,0,0,0,0,0.006844913,0,0,0,0,0,0,0.2195636,
0,0,0,0,0,0,0,0,0,0,0,0,0.2218326,0.02770129,0,0,0.08305877,2.130408,4.19702,0,0,0,0,0.04708289,0.3176746,0,0,0,0,0,0,0,0,0,0,0.2247565,0,0,0,0.2167835,0.1796895,0,0,0,0,0,0,0,0,0.07066064,0,0,0,0,0,0,0,0,0,0,0,0,0,0.1174177,0,0,0,0,0,0,0,0,0,0,0.2202419,0.4267234,0.1821866,0.1522238,1.07341,0.3287515,0,0,0.0468179,0,0,0,0,0.0971733,0.1404591,0,0,0,0,0,0,0,0,0,0.0904044,0.2929184,0,0,0,0,0,0,0,0.0818563,0.293929,0.04925714,0,0.131184,0.155903,0,0,0,0,0.2676123,0,0.0487582,0,0.1963881,0.1621777,0,0,0,0,0.07349092,0,0,0,0,0,0,0,0,0,0,0,0,0,0.6540137,0,0.02960427,0.2660225,0.01033339,0,0.1375992,0,0.01379251,0.5372794,0,0,0.02833337,0,0,0,0,0,0,0,0.2905059,0,0,0.2237354,0.1118694,0.08344681,0,0.04906284,0,0,0,0,0,0,0,0,0.1398773,0.09613176,0,0.3331176,0,0.09112088,0,0.2310289,0,0,0,0,0,0.1079445,0.01675698,0,0,0,0.08503182,0,0.05220231,0,0.0006717759,0,0,0,0.1873339,0.441824,0,0,0,0.1410244,0.1007238,0,0,0,0,0,0.1698338,0.145942,0,0.09685096,0,0,0.09662194,0,0,0.01954108,0,0,0,0,0,0.1210524,0.03687156,0,0,0,0.3107342,0,0,0.1806368,0,0,0,0,0,0,0,0,0,0.2145901,0,0.1962097,0,0,0,0,0,0.1396023,0,0,0,0,0,0,0,0,0.07939436,0,0,0,0,0,0,0.07660843,0.1612407,0,0,0,0,0,0,0,0,0,0,0,0,0,0,0,0,0,0,0,0,0,0,0,0,0,0,0,0,0,0,0,0,0,0,0,0,0,0,0,0,0,0,0,0,0.04344425,0,0,0,0,0,1.271427,2.341172,0,0,0,0.1375945,0,0,0,0.0490141,0,0.01244996,0,0.4544977,0,0.03389823,0.1961824,0,0,0.2573323,0,0,0,0,0,0,0,0,0,0,0,0,0,0,0,0,0,0,0,0,0,0,0,0,0,0,0,0,0,0,0,0,0.2191036,0,0,0,0,0,0,0,0,0,0,0,0,0.05959339,0,0.2035738,0,0,0,0,0,0,0.152671,0.2481228,0,0,0,0,0,0,0,0,0,0,0,0,0,0,0,0,0,0.2507869,0,0.02266671,0,0,0.3756089,0,0,0,0,0,0,0,0,0,0,0,0,0,0,0,0,0,0,0,0,0,0,0,0,0.2819332,0,0.2568216,0.1635345,0,0,0,0,0,0.4114775,0.154418,0,0,0,0,0,0.03605036,0,0.003837062,0,0.2078863,0,0.04666796,0.06418619,0,0,0,0,0,0.110652,0,0.01262311,0,0,0,0.07316565,0,0,0,0,0.1055728,0,0,0,0,0.1194248,0,0,0,0.2765125,0.2168466,0,0,
0,0,0,0,0,0,0,0,0,0,0,0,0.005067341,0.09450769,0.348433,0.1541703,0.04791137,0.67523,3.185952,0.6856939,0,0.1571339,0.1835547,0,0.2184951,0,0,0,0.246234,0,0,0.2349263,0,0,0.1011192,0.1032334,0,0.1471494,0,0,0,0,0,0,0,0,0,0.02380035,0,0,0,0,0,0,0,0,0,0,0,0,0,0,0.09376539,0,0,0,0,0,0.1131531,0.09139111,0.2984581,0.04323842,0,0.008144825,0,0.2006196,0,0.05322758,2.970254,4.246173,0.02993318,0.4792018,0,0.08889287,0.06449311,0.2871695,0.3820573,0.09780402,0,0.4048125,0.2082173,0,0.1352619,0,0,0,0,0.03386112,0,0,0,0,0.07835401,0,0,0,0,0,0,0,0,0.01190036,0,0.5656124,0.1728312,0,0,0,0,0.1665103,0,0,0,0,0,0,0,0,0.09737998,0,0,0,0,0,0.102974,0,0,0,0,0,0.1952475,0,0,0.1450881,0.1876992,0.04282689,0.6914712,0,0,0,0.3445292,0,0.0301734,0,0.1076842,0,0,0,0,0.02226533,0,0,0,0.01391442,0,0.1229197,0,0,0,0,0,0.06495484,0.3848345,0.03365273,0,0.1025734,0,0,0.08529298,0.224194,0.2534998,0,0,0,0,0,0,0.05914394,0,0,0,0.1057067,0.5064086,0,0.1567221,0,0,0,0,0,0,0.2985043,0.1695049,0.1067068,0,0.241664,0.2255096,0,0,0,0,0.132041,0,0,0.1873394,0,0.06977844,0,0.03955177,0,0,0,0,0.09265126,0.3914521,0,0,0,0,0,0,0,0,0,0,0,0,0.06898078,0,0,0,0,0,0,0,0,0,0,0.2556007,0,0.7460065,0,0,0,0.03992846,0,0,0,0,0,0,0,0,0,0,0,0,0,0,0,0,0,0.0228931,0,0.2856317,0,0,0,0,0,0,0,0,0,0,0,0,0,0,0,0,0,0,0,0,0,0,0,0,0,0,0,0,0,0,0,0,0,0,0,0,0,0,0,0,0,0,0,0,0,0,0,0,0,1.24456,0,0,0,0,0,0,0,0,0.1049861,0.1136047,0,0,0,0.5581393,0,0,0,0,0,0,0.2335615,0,0,0,0,0,0,0,0,0,0,0,0,0,0,0,0,0,0,0,0,0.3041294,0,0,0,0,0,0,0,0,0,0,0,0.07821587,0.2619855,0.1630289,0,0,0,0.01715885,0,0,0,0,0,0,0,0,0,0,0,0,0,0.1850414,0,0,0,0,0,0,0,0,0,0,0.08264469,0,0,0,0,0.4220457,0,0,0,0,0,0,0.06446544,0.1105512,0,0,0,0,0,0,0,0,0,0,0,0,0,0,0,0,0,0,0,0,0,0,0,0,0,0,0,0,0.1171776,0,0.2415613,0.2333227,0,0,0,0.2185143,0,0,0,0,0,0,0.09610046,0,0.1669513,0,0.01844017,0,0,0,0,0,0,0.2188444,0,0,0.02348641,0.07226175,0,0,0,0,0.4222267,0,0,0,0,0,0,0.1625385,0,0,0,0.01661755,0,0.3476037,0.02706773,
0,0,0,0.03552833,0,0,0,0,0,0,0,0,0,0,0,0,0,0.6834897,1.289673,0.1423389,0.1969817,0.3899924,0,0,0.02224596,0,0,0,0,0,0,0,0.449792,0,0.09843811,0,0,0,0,0,0,0,0,0,0,0,0.02801377,0,0.06801788,0.1284785,0.005360369,0,0,0,0,0,0,0,0.05301565,0,0,0,0,0,0.1558185,0,0,0,0.1151347,0.09930161,0,0,0,0,0,0,0.6745591,0,0.4669546,1.395136,0.5999693,0,0,0.2660327,0,0,0,0,0.2465228,0,0.1111428,0.1562484,0.27867,0,0,0,0.09411494,0,0,0,0,0,0.7587997,0,0.3976163,0,0,0,0,0,0.07423015,0,0,0,0,0.2591392,0,0.3136808,0.09862388,0,0,0,0,0.02113484,0.2475019,0,0.1199804,0,0,0,0.259249,0.1066343,0,0.1339201,0,0,0,0,0,0,0,0.548028,0.246191,0,0,0,0.001341821,0.3110482,0.1082956,0.05896389,0.1812934,0,0,0,0.008293212,0.124484,0,0.3120949,0,0.1484615,0,0,0.3822916,0.07244135,0,0,0.4248312,0.1400496,0.1208067,0,0,0,0,0,0.4854604,0.08068661,0.2975794,0,0.1586145,0,0,0,0,0.4118878,0.3301646,0,0.06589492,0.2343556,0,0,0.2022332,0.2675533,0.3759381,0.00380377,0,0,0,0,0.3085951,0,0,0,0.1495198,0,0.347168,0,0.2362673,0,0.02831487,0.04121594,0,0,0,0,0,0,0,0,0.2343321,0,0,0,0.2001633,0,0,0,0.1432896,0,0.1349978,0,0,0.1127389,0,0.1815686,0,0.1588346,0,0.4643242,0,0,0,0,0,0,0,0,0,0,0,0,0,0,0,0,0,0,0,0.1455921,0,0,0,0,0,0,0,0,0,0,0,0,0,0,0,0,0,0,0,0,0,0,0,0,0,0,0,0,0,0,0,0,0,0,0,0,0,0,0,0,0,0.05645872,0,0,0,0,0,0,0,0,0,0,0,0,0,0,0,0,0,0,0,0,0,0,0,0,0,0,0,0.9758365,1.745439,0,0,0.2335443,0,0.1247645,0,0,0,0,0.03112295,0,0,0,0.2622114,0.05064317,0,0.30333,0,0,0,0,0,0,0,0,0,0,0,0,0,0,0,0,0,0,0.3879021,0,0.004220688,0,0,0,0,0,0.2747822,0,0,0.1312086,0.2846599,0.5331878,0.4661404,0,0,0,0,0,0,0,0,0,0.08490065,0,0,0,0,0,0,0,0,0,0,0,0.458691,0,0,0,0,0,0,0,0,0,0,0,0,0,0,0,0,0,0,0,0,0,0,0,0,0,0,0.0725783,0,0,0,0,0,0,0,0,0,0,0,0,0,0,0,0,0,0,0,0,0,0.1636999,0,0,0,0,0.1851679,0,0.003038221,0,0,0,0,0.1123606,0.298297,0,0.07204638,0,0.2286212,0.537059,0.07182978,0,0.1683112,0,0.2698684,0,0.1691417,0,0,0.2993402,0.1953083,0.1084734,0.01916576,0,0.1962266,0,0,0,0,0,0.1099259,0.03414016,0.0003810988,0,0.1171307,0,0,0.02816956,0,0,0,0,
0,0,0,0.01102652,0,0,0,0,0,0,0,0,0,0,0.2288756,0.00160111,0,0.3143279,0.9539108,0,0,0,0,0,0,0,0,0.05107632,0,0,0,0,0,0,0,0,0,0,0,0,0,0.3983431,0,0.103909,0,0,0,0.1483245,0,0,0,0,0.08019146,0,0,0,0,0.03096233,0,0,0,0,0,0,0,0.1108287,0,0,0,0.3440154,0,0.3688905,0,0,0,0,0,0,0,0,0.1885853,0,0.07904956,0,0,0,0,0.002044573,0,0,0,0,0.1082688,0,0,0.09273433,0.0535139,0.3616912,0,0,0,0.03421361,0.2219653,0,0,0,0,0,0.3241664,0.4519737,0,0,0,0,0.1920523,0,0.1859543,0,0,0,0.2821589,0.07947778,0,0,0,0.4124864,0.3813289,0.1196042,0,0,0,0,0,0,0,0,0.4624468,0,0,0,0.1003855,0,0,0,0,0.09876769,0,0,0.07812614,0,0,0.3611317,0.4167973,0,0,0,0.07617565,0.189135,0,0,0.09500889,0,0.09973393,0,0.2504703,0,0,0,0,0,0.1636336,0.03825643,0,0,0.1868454,0.5019289,0,0,0,0,0,0,0,0,0,0,0,0,0,0,0.02132934,0.07307474,0,0.08065845,0,0.08119573,0.03261618,0.05445104,0,0,0,0.09813134,0,0.08923847,0,0,0.3691578,0,0,0,0.0102134,0,0.08788712,0.0006187502,0,0,0.2059627,0.12876,0,0,0.03627163,0,0.03338562,0,0.1978254,0.05763823,0.1913772,0.1120425,0.2153109,0,0.1772677,0,0.3860026,0,0.1311043,0,0,0,0,0,0,0,0,0,0,0,0,0,0,0,0.1485614,0,0,0,0,0,0.03157889,0.1040135,0,0,0,0,0,0,0,0,0,0.332898,0,0,0,0,0,0,0,0,0,0,0,0,0,0,0,0,0,1.837605,0,0,0,0,0,0,0.1263919,0,0.103835,0,0,0,0,0.2969617,0,0,0,0,0,0,0,0,0,0,0,0,0,0,0,0,0,0,0,0,0,0,0,0,0.1738799,0.2874466,0,0,1.473109,0,1.056698,0.05353861,0,0,0,0.07714944,0.2956805,0,0,0,0.3363252,0,0,0,0.1902277,0,0,0,0,0,0,0,0,0,0,0,0,0,0,0,0,0,0,0,0,0,0,0,0,0,0.2722556,0,0.07662923,0,0,0,0,0,0,0,0.1024545,0.05832862,0,0,0,0,0,0,0,0,0,0.5500428,0,0,0,0,0,0,0,0,0,0,0,0,0,0,0,0,0,0,0,0,0.1832873,0,0,0,0,0,0,0,0,0,0,0,0,0,0,0,0,0,0,0,0,0,0,0,0,0,0,0,0,0,0,0,0,0,0,0.01315461,0,0,0,0,0,0.2727385,0,0,0.1835455,0.1070095,0.3833753,0.1695098,0.01384528,0.08374432,0.3938065,0,0,0,0,0.05315964,0,0.3077759,0,0.006833105,0,0,0,0,0,0.002213045,0.002806201,0,0.03394006,0,0,0.01974207,0.1694982,0,0,0.4702536,0,0,0,0,0,0.4818547,0,0.05593397,0,0.09605262,0.1770976,0.04258453,
0,0,0,0,0,0,0,0,0,0,0,0,0,0,0,0,0,0,0,0.2907766,0,0,0,0,0.100651,0.2454657,0,2.539956,0,0.2734514,0,0,0,0,0,0,0,0,0,0,0.2788679,0,0,0,0,0,0,0,0,0,0,0,0,0,0.3634817,0,0,0,0,0,0,0,0.1151594,0.4250079,0.1131304,0.049592,0,0,0,0,0.02135536,0.4448622,0,0,0,0,0,0.3302197,0,0.2650567,0,0,0,0.1973501,0.2043445,0.06586628,0,0,0,0.2239722,0,0,0,0,0,0.141576,0,0.2303205,0,0.3777862,0.1556089,0,0.2160263,0.1827893,0,0,0.1953379,0,0,0,0.276086,0,0,0,0,0,0,0,0.1040799,0,0,0,0,0.2567924,0,0.3994083,0,0,0,0,0,0,0,0,0,0,0,0,0.1986706,0,0.06648753,0,0.3251022,0,0.2193253,0,0,0.1330204,0,0,0.2369718,0,0.07460728,0,0.09553474,0.1665527,0,0,0.2469803,0,0,0.1035935,0.05367943,0,0,0,0,0.1713248,0,0,0,0,0,0,0,0,0,0,0,0.1536011,0.1181948,0,0.2144078,0,0.05510283,0.07599191,0.07029978,0.145883,0,0.2363137,0,0,0,0,0.4639439,0,0,0,0,0,0,0,0,0.2358707,0.07787732,0,0.3143727,0.09061576,0.003330228,0,0.7716409,0,0,0,0.1031899,0,0,0,0,0.4160129,0,0,0,0.006902349,0,0,0,0.06113262,0,0.08839785,0,0.03317255,0,0.2194364,0,0.2186233,0.2780316,0,0,0,0,0,0,0.07048687,0,0,0,0,0,0,0,0,1.242806,0,0,0,0,0,0,0,0,0,0,0,0,0,0,0,0,0,0,0,0,0,0,0,0,0,0,0,0,0,0,0,0,0,0,0,0.1226409,0,0,0,0,0,0.4237745,0,0.04289399,0.3857156,0.05042826,0,0,0,0,0,0,0,0,0,0,0,0,0,0,0,0,0,0,0,0,0,0,0,0,0.2022497,0.2764849,0,0,0,0,0,0,0.05774475,0.1944373,0.05164788,0,0,0.313114,0,0.572275,0,0,0,0,0,0,0,0.4637629,0,0,0,0.01187951,0,0,0,0,0,0,0,0,0,0,0,0,0,0,0,0,0,0,0,0.07609586,0,0,0,0.4305569,0,0,0,0,0,0,0,0,0,0,0,0,0,0,0,0,0,0,0,0,0,0,0,0,0,0,0,0,0,0,0,0,0,0,0,0,0,0,0,0,0,0,0,0,0,0,0,0,0.4020957,0,0,0,0,0,0,0,0,0,0,0,0,0,0,0,0,0,0,0,0,0,0,0,0,0,0,0,0.2125722,0.5354542,0,0.3473008,0,0.08042807,0.08503789,0,0.1295212,0,0.06980091,0,0,0.6127543,0,0.244209,0,0,0.2286471,0.2560602,0,0.7370967,0,0.1379639,0,0.05891265,0,0.08010286,0.4079403,0.05883903,0,0,0.7106192,0.1522723,0,0,0.1095733,0.0278102,0.310749,0.2103611,0.08124132,0.361431,0,0.1322883,0,0,0,0,0.0320289,
0,0,0,0,0,0,0,0.05543303,0,0,0,0,0,0,0,0,0,0,0,0,0.2169517,0.05327757,0.1670671,0,0.1120873,0,0,0,0,0,0,0,0,0,0,0,0,0,0,0,0,0,0,0,0,0,0.1564445,0,0,0.2464605,0,0,0,0,0,0,0,0.01344051,0,0,0,0,0,0,0.09306224,0,0,0.2329889,0.1949644,0,0.110609,0,0.3444693,0,0.005798352,0,0.02316262,0.3075319,0,0,0.120861,0,0.2026318,0.3708034,0.06891467,0,0,0,0,0,0,0,0.2029143,0.1706944,0,0,0.02515783,0,0,0.2108384,0,0.3794375,0,0,0,0.2989474,0.0936054,0,0.3383488,0.002074674,0.1784311,0,0,0.009859191,0,0.3617931,0,0,0,0,0.297969,0,0,0,0,0.06296802,0.1560625,0,0.1796063,0.3128915,0.3293684,0,0,0.1608865,0.3561617,0.0008924109,0.2507095,0,0,0,0.0802216,0,0,0,0.3016866,0,0,0,0,0.2714793,0,0,0,0.07967817,0,0,0.03661093,0.2576394,0,0,0,0,0.1301109,0,0,0,0,0,0,0,0,0,0,0,0.1384662,0.318102,0.163953,0.04047193,0.01470442,0,0,0,0,0,0.007992296,0,0.1426548,0,0,0,0,0,0,0,0.01890009,0.1525601,0.2402255,0,0,0,0,0,0,0.0819582,0,0,0.09944717,1.703847,1.991964,1.732542,2.477243,0.3482451,0,0,0,0,0,0.1538089,0.492369,0,0,0.194413,0,0.5924118,0,0.00658944,0,0.05188645,0.05813149,0.2219653,0,0.3780822,0,0,0,0.1044397,0.2035457,0,0,0,0,0,0,0,0,0,0,0,0,0,0,0.4435016,2.494284,0.2108239,0,0,0,0,0,0,0,0,0,0,0,0,0,0,0,0,0,0,0.3346743,0,0,0,0,0,0,0,0,0,0,0,0,0,0,0,0,0.2566549,0,0,0,0.3705477,0,1.068138,0,0,0,0,0,0,0,0,0,0,0,0,0,0,0,0,0,0,0,0,0,0,0,0,0,0,0.0285131,0,0,0.2584018,0,0,0.01822224,0.267772,0.3202183,0,0.4108781,0,0.1033396,0.1012293,0,0.8875147,0,0.4045792,0.07999438,0,0.1165599,0,0,0,0.06911054,0.2881098,0,0,0,0,0,0,0,0,0,0,0,0,0,0,0,0,0,0,0,0,0,0.2614963,0,0,0,0,0,0.1980149,0,0,0,0,0,0,0.002375519,0,0,0,0,0,0,0,0,0,0,0,0,0,0,0,0,0.3157527,0.01938255,0,0,0,0,0,0,0,0,0,0,0,0,0,0,0,0,0,0,0.001709357,0,0,0,0,0,0,0,0,0,0,0,0,0,0,0,0,0,0,0,0,0,0,0,0,0,0,0,0.1147019,0,0,0,0,0.01289926,0,0,0,0,0,0,0.08928953,0,0.05685809,0,0,0.4018899,0.06890935,0,0,0,0,0,0,0,0,0,0,0,0.1791839,0,0.09329977,0.02973251,0,0,0.2268852,0.2792416,0,0,0.2713479,0,0,0,0,0,0,0,0,0,0.2952984,0,0,
0,0,0,0,0,0,0,0,0,0,0,0,0,0.08706829,0,0,0,0,0,0,0,0,0,0,0,0.1181343,0,0,0,0,0.2045456,0,0,0,0,0,0,0,0,0,0,0,0,0,0,0,0,0,0,0,0,0,0,0,0,0.1763042,0,0,0,0,0,0,0,0.03673123,0.0275213,0,0,0,0,0,0,0,0.2431283,0,0.01547646,0,0,0,0,0.2293472,0,0.238391,0,0.005270055,0.4693321,0,0,0,0.09031909,0,0.2380694,0.2397934,0,0.09698395,0,0,0,0,0,0,0,0,0,0,0,0,0,0.1263807,0,0.04702485,0.5239641,0.02762027,0.3079296,0,0,0,0,0,0,0.1898952,0,0,0.3834117,0,0.1259445,0.07287704,0,0,0,0,0,0,0.04961289,0,0,0,0.09372378,0.08558623,0.0104577,0,0.2142698,0,0,0,0,0,0.3383117,0,0.1683568,0.007658167,0,0,0,0.1615066,0,0,0,0.1723325,0.2571425,0.035389,0,0.1031428,0.04047199,0.369266,0,0,0.1663291,0,0,0,0,0,0,0.1448769,0.1598057,0,0.09843759,0,0.05397162,0.1790865,0,0,0,0,0,0,0,0,0.2029405,0.3142131,0.0957615,0,0,0,0.1414934,0,0,0,0,0,0.06537779,0,0.1070819,0.1898022,0,0.2012977,2.593799,2.64838,3.061358,3.301389,2.734763,3.039896,3.167652,2.121269,1.283531,0,0,0,0,0,0,0,0,0,0,0,0,0,0.009559128,0.02047054,0,0.04927408,0.01975811,0,0.2117984,0,0.02698244,0,0,0,0,0,0,0,0,0,0,0,0,0,0,0,0,0,0,0,0,0,0,0,0,0,0,0,0,0,0,0.2471467,0.02943945,0,0,0,0,0,0,0,0,0,0,0,0,0,0,0,0,0,0.8970454,0.962392,0,0,0.1478639,0.1085996,0.2737091,0,0,0.1825323,0.2422449,0,0.2328498,0,0.3956235,0,0,0,0,0,0,0,0,0,0,0,0,0,0,0,0,0,0,0,0,0.2067503,0.2763317,0,0,0,0.1565055,0.3111114,0,0,0,0,0,0,0,0,0,0,0.1409331,0,0,0,0,0.1130857,0.1191341,0.0220077,0,0.1226872,0,0,0,0,0,0,0,0.1370862,0,0,0,0,0,0,0,0,0,0,0,0,0,0,0.5409805,0,0,0,0,0,0,0.3419813,0,0,0,0,0,0,0.08380534,0,0,0,0,0,0,0,0,0,0.1852827,0,0,0.2530417,0,0,0,0,0,0,0,0,0,0,0,0,0,0.1926449,0,0,0,0,0,0,0.183567,0,0,0,0,0,0,0,0,0,0,0,0,0,0,0,0,0,0,0,0,0,0,0,0,0,0,0,0,0,0,0,0,0,0,0.06924679,0,0,0,0,0,0,0,0,0,0,0,0,0.1139082,0.2761362,0,0,0,0.3604445,0.09145118,0,0,0,0,0,0,0.4568435,0,0.141412,0.186421,0.1605701,0.4007624,0.1389389,0.2258113,0,0,0.4648329,0.3759858,0,0,0,0,0,0,0,0,0,
0,0,0,0,0.07522159,0,0,0,0,0,0,0,0,0,0,0,0,0,0,0,0.3538183,0.1539139,0,0,0.2270405,0,0.1304355,0.08866922,0,0.4119817,0,0,0,0,0,0,0,0,0,0,0,0,0,0,0,0,0,0.2787237,0,0,0,0,0,0.1687834,0,0,0,0,0,0,0,0,0,0,0,0,0,0,0,0.07395995,0,0,0,0,0,0.1928606,0.2046525,0.278136,0,0,0.1122895,0,0,0,0,0.2277573,0.3404309,0,0,0.1256581,0,0,0.3939006,0.2422755,0,0.1481032,0.004358102,0,0.03486636,0.01620903,0,0,0.1845117,0,0,0,0,0,0,0.1170213,0.02624632,0.161813,0,0,0,0.2957816,0,0.2036058,0.253356,0,0,0,0.001914807,0,0.09461196,0,0,0.01571828,0,0,0,0,0,0.1168223,0,0.1910764,0,0.05143592,0,0.09271631,0,0,0,0,0,0,0,0,0.1334108,0,0,0.1672267,0,0,0,0.07121024,0,0.2156943,0,0,0,0.05774657,0,0,0,0.04329549,0.4004733,0,0.2292136,0.04310512,0.2643876,0.06957264,0,0,0,0.1184231,0,0,0,0.2642829,0,0.1910769,0,0,0.003974846,0,0.1095074,0,0,0,0.0752592,0,0.1093526,0,0,0.1043984,0,0,0.4083982,0,0,0.24368,0.2859013,0,0.2989976,2.564093,2.9013,2.887473,3.542401,2.589322,3.289628,3.251318,3.491992,2.79809,2.565679,1.754108,0,0,0,0,0,0,0,0,0,0,0,0,0,0.2332191,0,0,0.06557422,0.03351762,0,0,0,0,0,0,0,0,0,0,0,0,0,0,0,0,0,0,0,0,0,0,0,0.04106608,0,0,0,0,0,0,0,0,0,0,0,0,0,0,0,0,0,0,0,0,0,0,0,0,0,0,0,0,0,0,0.8054324,0.1320265,0,0.1856254,0.08200043,0,0,0.3464066,0.1206915,0,0.2757436,0.3648509,0,0,0,0,0,0,0,0,0,0,0,0,0,0,0,0,0,0,0,0,0,0.1730092,0,0.1702533,0,0,0,0,0,0,0,0,0.2829361,0.1410644,0,0,0,0,0,0,0,0.03168788,0.2115214,0,0,0,0.13524,0,0,0,0,0,0,0,0,0,0,0,0,0,0,0,0,0,0,0,0,0,0,0,0,0,0,0,0,0,0.06852253,0,0,0,0,0,0,0,0,0,0,0,0,0,0,0,0,0,0,0,0,0,0,0,0,0,0,0.4133939,0,0,0,0,0,0,0,0,0,0,0,0,0,0,0,0,0,0,0,0,0,0,0,0,0,0,0,0,0,0,0,0,0,0,0,0,0,0,0,0,0,0,0,0,0,0,0,0,0,0,0,0,0,0,0,0,0,0,0,0.3012119,0.4317065,0.1084394,0,0.05787616,0,0.07118082,0,0,0.09609478,0,0.113712,0.06469463,0.1659216,0,0.2946652,0,0.3120849,0,0.09798726,0.004617255,0,0.2254803,0,0.1943043,0,0.240709,0.4375515,0.1121593,0,0,0,0,0,0,0.2935107,0.01294647,
0,0,0,0,0,0,0,0,0,0,0,0,0,0,0,0,0,0,0,0,0.07065479,2.85749,1.759145,2.011545,0.2315203,0,0,0,0,0,0.2220603,0,0,0,0,0,0,0,0,0,0,0,0.1338161,0,0,0,0,0,0,0,0,0,0,0,0.07550665,0,0,0.6521912,0,0,0,0,0,0,0,0,0.005701274,0.09555411,0.07023752,0.09179054,0.1254651,0,0,0,0.2461211,0,0,0.2037654,0,0,0,0,0.155037,0.0521157,0.01936282,0,0,0,0.09648954,0,0,0,0,0,0.7001955,0.1689405,0,0,0,0,0,0.5599145,0,0,0,0,0,0.2898309,0.07611461,0,0,0.01954418,0,0,0.09473553,0,0,0.008550581,0,0.1327487,0,0.1754769,0.0934806,0,0,0,0.1690886,0,0,0,0,0.2264459,0.1109909,0,0,0,0,0.155915,0,0.01438832,0.2922033,0.178007,0,0,0,0,0,0,0,0.2637044,0,0,0.1828568,0.4597894,0.2184824,0.3438142,0.2150476,0.1688683,0.7070014,0,0.01785305,0,0,0,0,0.06169346,0.02596078,0,0,0,0,0,0.08711364,0.08528043,0.02886194,0.2235454,0,0.05752495,0,0,0,0.02252681,0,0,0.05765908,0.3123088,0.3267559,0.06304454,0,0,0,0,0,0,0.4067884,0,0.03563862,0,0.2976592,0,0,0,0,0.1770914,2.544061,2.962021,2.820103,2.920241,2.573483,2.116177,2.631445,2.280211,2.952927,2.192343,2.873151,3.516739,2.466303,0,0,0,0,0,0,0,0,0,0,0,0,0,0,0,0.1111613,0,0,0.07182887,0,0,0,0,0,0,0,0,0,0,0,0,0,0,0,0,0,0,0,0,0,0,0,0,0,0,0,0,0,0,0,0,0.8736292,0.1443849,0,0.7121844,0,0,0,0,0,0,0,0,0,0,0,0,0,0,0,0.1822194,0,0,0,0.03284502,0,0,0,0.2101381,0.1508222,0,0,0.2178336,0,0,0,0,0,0,0,0,0,0,0,0,0,0,0,0,0,0,0,0,0,0,0,0,0,0,0,0,0.009124178,0,0,0,0,0.4002458,0.1489985,0.04098314,0.2861096,0,0,0,0,0.05285991,0,0,0,0,0,0,0.3217134,0,0,0,0,0,0,0,0,0,0,0,0,0,0,0,0,0,0,0,0.1215453,0,0,0,0,0,0,0,0.1377995,0,0.221247,0,0.2259036,0,0,0.2728938,0.0280268,0,0,0,0,0,0,0,0,0,0,0,0,0,0,0,0,0.06242478,0,0,0,0,0.243521,0,0.02191651,0,0.02807641,0.3490715,0.1224559,0,0,0,0,0,0,0,0,0.2427804,0,0,0.08798633,0,0,0,0,0,0,0,0,0,0,0,0,0,0,0,0,0,0,0,0,0,0,0,0,0,0,0,0,0,0,0.04437128,0,0,0,0,0,0.0639001,0,0,0.3062353,0,0,0.28562,0.1115261,0,0.5412454,0.2676046,0,0,0.08292279,0,0,0,0.01346215,0,0.007896557,0.3010567,0.1173616,0.2083817,0,0,0.06194751,0,0.2242538,0,0,0,0,0,0.03364384,0,0,0.1305693,0,0.0422247,
0,0,0,0,0,0,0,0,0,0,0,0,0,0,0,0,0,0,0,0,0,1.082641,2.322813,0.824706,0.294683,0,0.4379798,0.03118128,0.0802427,0,0,0,0,0,0,0,0.1368454,0,0,0,0,0,0,0,0,0,0,0,0,0,0,0.0008171464,0,0,0,0,0,0,0,0,0,0,0,0,0,0,0.02951797,0.3386761,0.3145109,0.1335053,0,0.1229294,0,0,0,0,0.6772563,0.09896555,0,0,0,0,0,0,0.3766105,0.2607352,0,0,0,0,0.01839225,0.3519742,0.2927656,0,0,0,0,0.08507425,0.4678314,0,0,0,0.2857374,0,0,0.06103639,0.3299929,0.1518031,0,0.1476516,0,0,0,0,0,0,0,0.1881499,0.1266736,0.200974,0,0,0,0,0.1852579,0,0,0.1961817,0.3356602,0.1034249,0,0,0,0,0,0,0.03450723,0,0,0.2168326,0,0.0706903,0,0,0,0,0,0.06738058,0,0,0.3001477,0,0.1164838,0,0.2932408,0,0,0.1474397,0,0,0.107299,0,0,0.0947217,0.1361662,0,0,0,0.1527522,0.06126484,0.1243721,0.03339376,0,0,0,0.3894287,0,0,0.2487405,0.2700893,0.1314292,0,0.001633355,0.02490227,0,0,0,0.3590294,0,0,0.0817531,0.0563089,0,0,0.3110922,0,0,0,0,0,0.01878063,0.006787459,0.04239229,2.232569,2.94093,2.83447,2.910781,3.181181,3.324599,2.808359,3.219546,1.733597,3.173497,2.341547,1.637837,3.2514,3.256664,0,0,0,0,0,0,0,0,0,0,0,0,0,0,0,0,0,0.1164372,0.6974211,0,0,0,0,0.5671123,0,0,0,0,0,0,0,0,0,0,0,0.6489375,0,0,0,0,0,0,0,0,0,0,0,0,0,0,0,0,0,0.5910195,0.3168812,0,0,0,0,0,0,0,0,0,0,0,0,0,0,0,0.4216167,1.885406,0.1353343,0,0,0.1173862,0,0,0.1515729,0.5585597,0,0,0,0,0,0.1231554,0,0.0219038,0,0,0,0,0.03191474,0,0,0,0,0,0,0,0,0,0,0.1712207,0,0,0,0,0.2010764,0,0,0,0.2601371,0.05305932,0,0.04191031,0,0,0,0,0.1524605,0,0,0,0,0,0.2632768,0,0,0,0.2103118,0,0,0.2074684,0,0,0,0,0,0,0,0,0,0,0,0,0,0,0,0,0,0,0,0.2110176,0.3179726,0,0,0.04100956,0.01229449,0,0,0,0,0,0,0,0,0.2460322,0,0.4578782,0,0,0,0,0,0,0,0,0,0,0,0,0,0,0,0.1694601,0,0.2488651,0.1273955,0.2995725,0.1996853,0,0,0.07537903,0,0,0,0,0,0,0,0,0,0,0,0,0,0,0,0.1525686,0,0,0,0,0,0,0,0,0,0,0,0,0,0,0,0,0,0,0,0,0,0,0,0,0,0.262598,0,0,0,0,0,0,0,0,0,0,0,0,0,0.5655411,0,0,0,0.2086383,0.277134,0,0,0.1738361,0,0,0.271355,0,0,0.1792372,0,0.1952226,0,0,0,0.06315324,0,0,0,0,0.04086291,0,0,0,0,0,0,0,0.08840362,
0,0,0,0,0,0,0,0,0,0,0,0,0,0,0,0,0,0,0,0,0,0,0.8412619,2.644562,0.1326104,0,0.1567399,0.05649474,0,0,0.3388133,0,0,0,0,0,0,0,0,0,0,0.06404988,0,0,0,0,0,0,0,0,0,0,0,0.08734729,0,0,0,0,0,0,0,0,0,0,0.1734553,0.166698,0,0.07970856,0,1.013502,0.4026014,0,0.04602142,0,0,0.09780721,0.20297,0,0,0,0,0.324108,0,0,0,0,0.6847632,0.5153582,0,0,0.07515827,0.03427037,0,0,0,0.1839905,0,0,0.2490475,0,0.01751183,0,0.1822145,0,0,0,0.1186276,0,0.09971725,0,0.09627572,0,0,0.1950165,0.133036,0,0,0,0,0,0.1820949,0.02190961,0.4304526,0,0.2512019,0,0.02688298,0.07398349,0,0,0.107124,0.01417791,0.1333901,0,0.3247858,0.1334837,0.2097176,0,0,0.05561114,0,0.04251996,0,0,0,0.01961689,0,0,0,0,0.0231428,0,0.0734827,0,0.1053599,0,0,0.344272,0,0,0,0,0,0,0,0.07571299,0.3200007,0,0.2393438,0,0.04283861,0,0,0,0,0.1218964,0,0,0,0,0,0,0.01783933,0,0,0.3987608,0.2983847,0,0.05195326,0,0,0.06512203,0.5540941,0.6224476,0,0,0.1564764,0,0,0,0,0.114273,1.064481,2.175813,2.093799,2.379792,3.168221,2.723692,2.11489,2.281181,2.781463,2.769681,2.796519,2.772441,3.247028,2.618217,2.450933,1.836014,0.05703917,0,0,0,0,0,0,0,0,0,0,0,0,0,0,0.3137876,0.1150092,0.3160433,0.08797114,0.07920225,0.06004094,0.03141608,0,0,0,0,0,0,0,0,0,0,0,0,0,0,0,0,0,0,0,0,0,0,0,0,0,0,0,0,0,0,0.7746486,0.3034501,0,0,0.3128892,0,0,0,0,0,0,0,0,0,0,0,0,0,0.7036272,0.3049808,0,0,0,0,0,0,0,0.3626644,0.6804715,0,0,0.001223021,0,0,0.08315939,0,0,0,0.07681204,0,0,0,0,0,0,0,0,0.1901191,0,0.2220126,0,0,0,0.2179465,0,0.2125653,0,0,0.1549087,0,0,0.6512931,0,1.011263,0,0.575698,0,0.3190258,0,0,0,0.6026233,0,0.4600749,0,0.2881458,0.3474537,0,0,0,0,0,0,0,0,0,0,0,0,0,0,0,0,0,0,0,0,0,0,0,0,0,0,0,0,0,0.3740152,0,0,0,0.009066234,0,0.5760587,0,0,0,0.5148005,0.06690945,0,0,0.3203615,0,0,0,0,0,0,0,0,0,0,0,0,0,0,0,0.2202269,0,0,0,0,0.105405,0,0,0,0,0,0,0,0,0,0,0,0,0,0,0,0,0,0,0,0,0,0,0,0,0,0,0,0,0,0.2740219,0,0,0,0,0,0,0,0,0,0,0,0.2606374,0,0,0.03705647,0,0,0,0,0,0,0,0,0,0.3674549,0,0.1314713,0.1422606,0.517059,0.2067508,0,0.117422,0,0,0,0.4674067,0.1546925,0.1581503,0.3329734,0.3241774,0.2626454,0.01091583,0,0.5222698,0,0.03787154,0,0,0,0.2984495,0.5555636,0.02154567,0,0,0.01053958,0,0,0,
0,0,0,0,0,0,0,0,0,0,0,0,0,0,0,0,0,0,0,0,0,0,0,0.3137036,0.4910841,0,0,0,0,0,0,0,0,0,0,0,0.08957778,0,0,0,0.03256687,0,0,0,0,0,0.3468315,0,0,0,0,0.02497797,0,0.4413863,0,0,0,0,0,0.5359713,0,0,0,0,0.1332229,0,0.03778141,0,2.286667,0.7008442,0.2469244,0,0,0,0.2389285,0,0.4075961,0,0,0.07367651,0,0.3226267,0,0,0.1416508,0,0.307947,0,0,0,0.2996562,0.06309677,0.7552073,0.1486027,0.04628469,0,0,0,0.2412824,0.2769305,0.09448357,0,0,0,0,0.1276818,0,0,0.2242432,0,0.3333931,0.04546347,0,0,0,0,0,0,0,0,0,0.3260832,0,0,0,0.0217969,0.0915562,0.3063018,0,0,0.1101877,0.1497277,0.07975045,0.03195419,0,0.2754533,0.41839,0,0.2382319,0.2950286,0,0,0,0,0,0,0,0,0,0,0,0.08006348,0,0.248175,0.4746207,0.1946821,0.1966418,0,0.1522721,0,0,0,0,0,0,0,0,0,0,0,0,0.1303395,0,0,0.2823658,0,0,0,0,0.1022793,0.01446543,0.08428261,0,0.0021081,0.1429325,0,0.02838858,0,0,0.06344751,0,0,0.1373221,0,0.08239429,0,0,0,0,0.05810525,0,0,2.838679,2.677145,2.341911,2.688949,3.643823,2.353324,3.333009,2.271852,2.834381,3.399421,2.50858,3.16676,2.348695,2.484137,2.859524,2.878768,0,0,0,0,0,0,0,0,0,0.7534682,0,0,0,0,0,0,0,0,0.1521709,0.1038424,0,0.1407755,0,0,0,0,0,0,0,0,0,0,0,0,0,0,0,0,0,0,0,0,0,0,0,0,0,0,0,0,0,1.12869,0.5934305,0,0,0.188355,0,0,0,0,0,0,0,0,0,0,0,0.04832431,0,0.3991433,0.7816691,0,0.421057,0,0,0.05909518,0,0,0.1624106,0,0.7481278,0,0,0,0.1020482,0,0,0.3562586,0.2604384,0.2303274,0,0,0,0,0,0,0.01118093,0,0,0.3654332,0,0,0,0,0,0,0,0,0,0,0,0,0,0,0,0,0,0.6941918,0,2.281995,0,0,0,0,0,0.2297631,0,0,0,0,0,0,0,0,0,0,0,0,0.01648357,0,0,0,0,0,0,0,0,0,0,0,0,0,0,0.2802161,0,0.2739528,0,0,0,0.2558201,0.04480278,0,0,0,0.07315654,0,0,0.2385369,0.05564204,0,0,0,0,0,0,0,0,0,0,0,0,0.06172454,0,0,0,0,0,0,0,0,0,0.276446,0,0,0,0,0,0,0,0,0.06395977,0,0,0,0,0,0,0,0,0,0,0,0,0,0,0,0,0,0,0,0,0,0,0,0,0,0,0,0,0,0,0,0,0,0,0,0,0,0,0,0,0,0,0,0.2689928,0,0.06685207,0,0.1911373,0,0,0,0,0.1425545,0.2247995,0,0,0.2913738,0,0,0,0,0.1411794,0.05502122,0.3847549,0,0,0,0,0,0.130207,0,0,0,0.6002235,0.3503256,0.05645546,0.04629968,0,0.1561396,0,0,
0,0,0,0,0.005899632,0,0,0,0,0,0,0,0,0,0,0,0,0,0,0.1444282,0,0,0,0,0.005015269,0.0994297,0,0.09057184,0,0,0,0,0.009401497,0,0,0,0.09581167,0,0,0,0,0,0,0,0,0,0,0,0,0,0,0,0,0.1057836,0,0,0,0,0,0,0,0,0,0.03610267,0.3656975,0,0,0,0,0.3679679,0,0,0.1138948,0,0,0,0.05603851,0,0,0,0,0,0.0969293,0.02889489,0,0,0,0,0,0.1994688,0,0.02400971,0,0,0,0,0,0,0.5647059,0.4682698,0,0,0.03056107,0.1488003,0.2487113,0,0,0,0,0,0,0,0,0.3104474,0.2246536,0,0.3104021,0.003006872,0.2674643,0,0,0,0,0,0,0.2805087,0.02819307,0.04354088,0,0,0.3055908,0,0,0.2122188,0.2641745,0,0,0,0.02803009,0,0,0,0.2358768,0,0.09538153,0,0,0,0,0,0.1280534,0,0,0.01212203,0,0.04150368,0.01822053,0,0.3967867,0,0,0.3028258,0.1101189,0,0,0.07231185,0,0.05153159,0.2088562,0,0.004473699,0.0961002,0,0.1322227,0.1301177,0.005554432,0,0,0.3249255,0,0,0.05000279,0,0,0,0.4579408,0,0.2465732,0,0.09760807,0,0.4234613,0,0.2875804,0.03310759,0,0.06561666,0,0.01292587,0,0,0,2.538768,3.380035,2.339151,2.774973,2.995099,2.379832,2.91484,2.424111,2.669523,3.036315,2.836808,3.049955,3.32735,2.812817,2.616775,3.233904,0,0,0,0,0,0,0,0,0,0,0,0,0,0,0,0,0,0.08833766,0,0.2522269,0,0.1393892,0,0,0,0,0,0,0.07532547,0,0,0,0,0,0,0,0.2193877,0,0,0,0,0,0,0,0,0,0,0,0,0,0,2.222193,0,0,0.9881376,0,0,0,0,0,0,0,0,0,0,0.3310274,0,0.1547981,0.2293028,0,1.286564,0.04533466,0,0,0,0,0,0,0.3618992,0.1086384,0,0,0,0,0,0.003206635,0.09797063,0.09073555,0,0,0.05042276,0,0.2701969,0,0,0,0,0,0.2794858,0,0,0,0,0,0,0,0,0,0,0,0,0,0,0,0,0,0,0,0,0,0,0,0,0,0,0.2232407,0.1835122,0,0,0,0,0,0,0,0,0,0,0,0,0,0,0,0,0,0,0,0,0,0,0,0,0,0,0,0,0,0,0,0,0.2223007,0,0,0.2212432,0,0.01932961,0,0,0,0,0.4518625,0,0,0,0,0,0.02811962,0,0,0,0,0,0,0,0,0,0,0,0,0,0.1759803,0,0.06981357,0,0,0,0,0,0,0,0,0,0,0,0,0.07947239,0,0,0,0,0,0,0,0,0,0,0,0,0,0,0,0,0,0,0,0,0,0.03355892,0,0,0,0,0,0,0,0,0,0,0,0,0,0,0,0,0,0,0,0,0,0,0,0,0.3506103,0.1677227,0.1969361,0,0,0,0,0,0,0,0,0,0.08942329,0,0.4539432,0,0,0,0,0.0004969459,0.1927178,0,0,0.1176103,0,0,0,0,0,0.1822296,0.3624164,
0,0,0,0,0,0,0,0,0,0,0,0,0,0,0,0,0,0,0,0,0,0,0,0,0,0,0,0,0,0.4129,0,0,0,0,0,0,0,0,0,0,0,0,0,0,0,0,0,0,0,0,0,0,0,0,0,0,0,0,0,0,0,0,0.5972429,0,0,0,0,0,0,0.2335461,0.04589085,0,0,0,0,0.171436,0.06572454,0,0.08587134,0,0,0,0.04775761,0.7481309,0,0.1372628,0,0.07997221,0,0.5675527,0.2359626,0,0.0879282,0,0,0.08061062,0.06346504,0.2896176,0.2205075,0,0,0.1269972,0,0,0,0,0.02816283,0,0,0,0,0.0240638,0.1919947,0,0.3034863,0,0.1366647,0.1923103,0,0,0,0.4564671,0.02320687,0.3244023,0.06457691,0,0,0.3116576,0,0,0,0.2254162,0,0.1522972,0,0.2081638,0.1384446,0.04088791,0,0,0,0.04460106,0.03112954,0,0,0,0,0.2098537,0,0,0.3647455,0.02603777,0,0,0.1242668,0,0,0,0,0.07255536,0,0,0.2488939,0,0.2559609,0,0,0.3942769,0,0.1811559,0.1344862,0.1639505,0.2833697,0,0,0,0,0,0.2233791,0,0,0,0,0.2386506,0,0.2549381,0,0.0865636,0.05361491,0,0,0,0,0,0,0,0,0.1426469,0,0,0,0,2.21616,3.116481,2.784861,3.191767,3.500287,3.206031,2.288982,3.054161,2.925606,2.811989,2.812125,2.561134,2.372818,2.916847,2.419295,2.94187,0.3104284,0,0,0,0,0,0,0,0,0,0,0,0.1381084,0,0,0,0,0.2258562,0,0,0.1696126,0,0.1154514,0.4738531,0,0.005049685,0,0.4185356,0,0,0.3058367,0,0.184597,0,0.09641266,0,0,0,0,0,0,0,0,0,0,0,0,0,0,0,0,0,0,6.502674,0,1.094572,0,0,0,0,0,0,0,0,0,0,0,0.03865577,0,1.841288,0,0,0,0.3000254,0,0,0,0.9811044,0,0,0.00102338,0,0,0.1644781,0,0,0,0.3078375,0,0.1456899,0.3016456,0.2320296,0.0700583,0,0,0,0,0,0,0,0,0,0,0,0,0,0,0,0,0,0,0,0,0,0,0,0.3909363,0,0,0,0,0,0,0,4.439499,3.024141,1.868034,2.463063,0,0,0,0,0,0,0,0,0,0,0,0,0,0,0,0,0,0,0,0,0,0,0.3896143,0.4012339,0.2846879,0,0,0,0.2307687,0,0,0.118114,0,0,0.07862353,0,0.123755,0.4961675,0.2742664,0,0.1286306,0,0,0,0,0,0,0,0.09265009,0,0,0,0,0,0.5717362,0,0,0,0,0,0,0,0,0,0,0,0,0,0,0,0,0,0,0,0.09364892,0,0,0,0,0.2051249,0,0,0,0,0,0,0,0,0,0,0,0,0,0,0,0,0,0,0,0,0,0,0,0,0,0,0,0,0,0,0,0,0,0,0,0,0,0,0,0,0,0,0,0.1993462,0.3462335,0,0.2530481,0.4849383,0.2680301,0,0,0,0,0.07766526,0,0,0,0.1384733,0,0,0.1345915,0,0,0.2114664,0,0,0,0,0,0,0,0.02946617,0.05958753,0.7259625,
0,0,0,0,0,0,0,0,0,0.2373357,0,0,0,0,0,0,0,0,0,0,0,0,0,0,0.006017292,0,0,0,0.5785904,0,0,0,0,0,0,0,0,0,0,0,0,0,0,0,0,0,0,0,0,0,0,0,0,0,0,0,0,0,0,0,0.1290913,0.1111743,0,0,0.04915188,0,0,0.7779182,0,0,0,0,0.1209824,0,0,0.3644096,0,0.1715195,0,0.1598586,0.02565438,0,0,0,0,0,0.1557278,0,0,0,0.01939212,0.1700323,0.08758354,0.06223525,0,0,0,0.1530586,0,0,0,0,0.01636872,0.04630128,0.09418427,0,0,0.3548206,0,0,0,0.01110982,0.371935,0.006128764,0,0,0,0.5941747,0,0,0,0,0,0,0,0,0,0.04116754,0,0.06910364,0,0.3904974,0,0.0867518,0,0,0,0.00771377,0,0.42187,0,0.4152411,0.02933411,0,0,0,0,0,0,0.3147868,0,0,0,0,0,0,0,0,0,0,0,0,0.2558328,0.0340157,0.009851722,0.05756485,0,0,0,0.3241981,0.3805278,0,0.2598741,0,0.06151564,0,0.03152704,0.131854,0,0,0,0,0.0415045,0,0,0,0,0,0.05657285,0.4098099,0.1669754,0,0,0.1456821,0.07789192,0,0.4154255,0.3127473,0,0,0,0.07842077,2.511839,2.515984,2.697774,2.94497,3.414314,2.421455,2.341042,2.395927,2.728116,2.290421,2.609585,2.694464,2.909996,2.631816,2.808905,2.697417,1.910046,0,0,0,0,0,0,0,0,0,0,0,0,0,0,0,0,0.1400203,0,0,0,0.3657363,0.04914266,0,0,0,0.6142992,0,0.530857,0.2673876,0,0,0,0,0,0,0,0,0,0,0,0.1693545,0,0,0,0,0,0,0,0,0,0,0,0,1.478959,0,0,1.20968,0,0.002879989,0,0,0,0,0,0,0.4148982,0,0,0,0,0.04239513,3.587384,0,0,0,1.821337,0,0,0,0.5940753,0,0.09242535,0,0.01453673,0.2731614,0.2520811,0,0.01739176,0,0.1295327,0,0.09437263,0,0,0,0.129935,0.2385658,0,0,0,0,0,0,0,0,0,0,0,0,0,0,0,0,0,0,0,0,0,0.04740031,0,0,0,0,0,1.130688,1.208529,0,0,0,0,0,0,0,0,0,0,0,0,0,0,0,0,0,0,0,0,0,0,0,2.173331,0,0,0.02624932,0,0,0,0,0,0,0,0,0,0,0,0,0,0,0,0,0,0,0.1900811,0,0,0,0,0,0,0,0,0.4815526,0,0,0,0,0,0,0.1136401,0,0,0,0,0,0,0,0,0,0,0.03939167,0,0,0.06513959,0,0.3250511,0,0,0,0,0,0,0.2338496,0,0,0,0,0,0,0,0,0,0,0,0,0.01064058,0,0,0,0,0,0,0,0,0,0,0,0,0,0,0,0,0,0,0,0,0,0,0,0,0.2594032,0.3433707,0,0.06881012,0.1518221,0,0.04886419,0,0,0.4445312,0,0,0,0.03727162,0.1308933,0.4299409,0,0.1319083,0,0,0,0,0,0,0,0,0,0,0.1335346,0,0.1670075,0,0,
0,0,0,0,0,0,0,0,0,0,0,0,0,0,0,0,0,0,0,0,0,0,0,0,0,0.02786877,0,0,0,0,0.1919456,0,0,0,0.1241903,0,0,0,0,0,0,0,0,0,0,0,0,0,0,0,0,0,0,0,0,0,0,0,0.05066841,0,0.3300558,0.2365523,0,0.1419696,0,0,0.01713881,0,0,0,0,0,0,0,0.02155175,0,0.129435,0.1114762,0.3368861,0.01132703,0.09122811,0,0,0,0,0,0,0,0.08955283,0.2759629,0,0,0,0,0,0.1866809,0,0.06781679,0,0.04387796,0.1449153,0,0.07921891,0.1088511,0,0.4633379,0.02372676,0,0,0.3170055,0,0,0,0,0.1541774,0,0,0,0.04917653,0.08626425,0,0,0,0,0.281712,0.4089482,0.1759302,0,0,0.2429191,0,0.02103035,0,0.2176749,0.2576047,0,0,0.3900872,0.1621967,0.1122956,0,0,0.3251813,0,0,0,0.08923069,0.3799756,0,0,0,0,0,0,0.4320501,0,0,0,0,0,0,0,0,0,0,0.1197836,0.0777896,0,0,0.05314737,0.2318872,0,0.2581961,0,0,0,0,0,0.1642543,0,0,0.2372015,0.3359004,0,0.1036013,0.2117371,0,0.02443171,0,0,0,0.4582774,0.2925053,0,0,0,0,0,0,0,0.3252617,0.2223724,0.5388649,3.400081,2.504793,3.110155,2.25126,3.443247,2.766984,2.488385,2.901547,3.125877,2.255759,2.467408,2.343711,2.809716,2.851315,2.910851,2.422754,0,0,0,0,0,0,0,0,0,0,0,0,0,0,0,0,0,0.01413257,0,0.09681717,0,0.245556,0,0,0.08713285,0,0.460386,0,0,0.6083523,0.02425515,0,0,0,0,0.08486252,0,0,0,0,0,0,0,0,0,0,0,0,0,0,0.3264371,0,0,0,1.650363,0,0.2612891,0,0,0.06943247,0,0,0,0.03400459,0,0,0,0,0,1.878503,2.922563,0,0,0.07516287,0,0.7631356,0,0,0,0.4930984,0,0.1762937,0,0.4373743,0,0,0.05665627,0.5005715,0.1613063,0.1642402,0.1580549,0,0.218706,0,0.05584442,0,0.3249357,0,0,0,0,0,0,0,0,0,0,0,0,0,0,0,0.1559742,0,0,0,0,0,0,0,0,0,0,0,0,0,0,0,0,0,0,0,0,0,0,0,0,0,0,0,0,0,0,0,0,0,0,0,0,0,0.1431789,0,0,0,0,0,0,0.7114483,0,0,0,0,0,0,0,0,0,0,0,0,0.2609244,0,0,0,0,0,0,0,0,0,0,0,0,0,0,0,0,0,0,0,0,0,0,0,0,0,0,0,0.353984,0.1618332,0.667035,0.08230533,0,0,0,0,0,0,0,0,0,0,0,0,0,0,0,0,0,0,0,0.4574865,0,0,0,0,0,0,0,0,0,0,0,0,0,0,0,0,0,0,0,0,0.01826903,0,0,0,0.1231141,0.2989929,0,0,0.3011317,0,0,0.223309,0.3106781,0.0714775,0,0,0,0,0,0,0.5826607,0,0,0.1867995,0.0502491,0,0.3284575,0,0,0.4152333,0.1359839,0,0.1284863,0.168774,0.3883278,0,0.01007456,0.6896704,0.02420241,
0,0,0,0,0,0,0,0,0.2541574,0,0,0,0.2548641,0.01587014,0,0.2057799,0,0,0,0,0,0,0,0,0,0,0,0.2155125,0,0,0,0,0.04005796,0,0,0,0,0,0,0,0,0,0,0,0,0.388844,0,0,0,0,0,0.01491247,0,0,0,0,0,0,0,2.07085,4.136055,0.1419913,0,0.4038418,0,0,0,0,0.2075519,0.1417283,0,0.1774361,0,0,0,0,0,0,0,0,0.3721389,0,0.144738,0.0588084,0,0.2290972,0.1601817,0.2574675,0,0,0,0,0.1045482,0.04221484,0,0,0,0.03859405,0,0.5254709,0,0.3270125,0,0,0,0,0,0,0,0.6255679,0,0.1757016,0,0,0.01895674,0,0,0.06454165,0,0,0.257804,0.0881165,0.0723045,0,0,0,0,0,0,0.1980569,0,0.1018375,0,0,0,0.09229894,0.004278333,0.1495297,0.1290292,0,0,0,0.2335077,0,0,0,0,0.1027335,0,0,0,0,0,0,0.1330502,0,0,0,0.2258591,0,0.2747045,0,0,0.09451696,0,0,0,0,0,0.02430202,0,0,0,0,0,0,0,0.02839802,0,0,0.1270673,0,0,0.01182248,0.1454711,0.3736992,0.3702163,0,0,0,0,0,0,0,0.01897852,0,0,0.1175848,0,0,0,0,0.7214007,2.638386,1.327683,2.474539,2.565068,2.822745,2.697102,2.395269,2.307975,2.009336,3.216021,2.849406,2.554476,2.156041,2.759511,3.608309,2.586705,0,0,0,0,0,0,0,0,0,0,0,0,0,0,0,0,0,0,0.002468639,0,0,0,0,0,0,0,1.501682,0,0.5357377,0,0.4241073,0,0,0,0,0,0,0,0,0,0,0,0,0,0,0,0,0,0,0,0,0,0,0,0,0,0,0.6580354,1.230631,0.1475037,0,0,0.1709048,0.2097659,0,0.2638627,0.2742246,0,0,1.038568,0.8086834,0,0,0,0,0,0,0,0,0.03095597,0,0,0.107068,0.02643125,0,0.08754735,0.0437324,0.2385316,0.2233975,0,0,0,0.4548145,0.06128503,0.02189847,0,0,0,0,0,0,0,0,0,0,0,0,0,0,0,0,0,0,0,0,0,0,0,0,0,0,0,0,0,0,0,0,0,0,0,0,0,0,0,0,0,0,0,0,0,0,0,0,0,0,0,0,0,0,0,0,0,0,0,0,0,0.08882436,0,0,0,0,0,0,0,0,0,0,0,0,0,0,0.001701448,0,0.02617489,0,0.1946258,0,0,0,0,0,0,0,0,0,0.1024968,0,0,0,0,0,0.07606672,0,0,0,0,0,0,0,0.7307625,0.0183016,0,0,0.1321028,0,0,0,0,0,0,0,0,0,0,0,0,0,0,0,0,0,0,0,0,0,0,0,0,0,0,0,0,0,0,0,0,0,0,0,0,0,0,0,0,0,0,0,0,0,0.2985121,0.2977237,0.1483108,0,0.3570221,0.09391059,0,0.07335485,0,0.2949958,0.004181267,0,0.11669,0,0.2679642,0.04942965,0,0.137725,0,0,0,0,0,0.1147335,0,0.1911676,0,0.2226464,0,0,0,0.269862,
0,0,0,0,0,0,0,0,0,0,0,0,0,0,0,0,0,0,0,0,0,0.01350122,0,0,0,0,0,0,0.1595558,0.2894859,0,0,0,0,0,0,0.02795912,0.8641521,0,0,0,0,0,0,0,0.2410981,0,0,0,0,0,0,0,0,0,0,0,0,0.115314,2.148309,2.654619,5.554621,4.039644,1.118994,0.236933,0,0,0.09767243,0,0,0,0,0,0,0.1064567,0,0.4284735,0,0,0,0.1529286,0,0.2470793,0.172835,0.1957179,0.1585765,0.1769817,0,0.2965549,0.2282297,0.01439311,0.1121851,0,0.3496252,0.1572133,0,0.1647643,0,0,0,0.4851598,0,0.1363459,0,0.1527598,0,0.03614154,0,0,0.1563375,0,0,0,0,0.03657591,0.1474625,0,0,0.2213668,0,0,0.6673509,0.3757857,0,0.2545413,0.1073671,0.1515033,0,0,0.4526846,0,0.01632098,0.1237892,0,0,0.3984013,0,0.09028128,0,0.3099042,0.3560899,0.2183765,0.07732028,0,0,0.005986226,0,0,0,0,0.007697203,0.1644583,0,0.0310778,0.2366915,0.3368579,0.04931598,0,0,0.05374826,0,0.1391569,0,0.03188534,0,0.03124746,0.1616776,0.06062087,0.3446069,0,0,0.2282951,0,0,0,0,0.2084076,0,0,0,0.07280295,0,0,0.1209532,0,0,0,0,0.400995,0,0,0,0.1554064,0,0,0,0,0.004715417,0,0,0.01477566,0.384265,0.08558664,0.2170717,3.073053,2.31995,2.889784,2.927784,2.998663,3.108768,2.859833,2.436927,2.96094,2.704629,2.861304,3.702303,2.870184,2.1222,2.575063,0,0,0,0,0,0,0,0,0,0.07368272,0,0,0,0,0,0,0,0,0.3617085,0.3855225,0,0,0,0,0,0,0,0.7762269,0.2224201,0,0,0,0,0,0,0.03193751,0,0,0,0,0,0,0,0,0,0.581085,0,0,0,0,0,0,0,0,0,0,0.3977185,0.5345901,0,0,0,0,0,0,0.3334222,0.04728319,0,0.1845218,0.3260744,0.4279997,2.108586,1.268011,0,0,0,0,0,0,0,0,0,0,0,0,0.03148696,0,0,0,0,0.1239685,0.1425352,0.03736373,0,0,0,0,0,0,0.1596946,0,0,0,0,0,0,0,0,0,0,0,0,0,0,0.04172008,0,0,0,0,0,0,0,0,0,0,0,0,0,0,0,0,0,0,0,0,0,0,0,0,0,0,0,0,0,0,0,0,0,0.3644073,0,0,0.5126603,0,0,0,0,0,0,0,0,0,0,0,0,0,0,0,0,0,0,0,0,0.2858894,0,0,0,0,0,0,0,0,0,0,0,0,0,0,0,0,0,0,0,0,0,0,0,0,0,0,0,0,0,0,0.2441921,0,0,0,0,0,0.1330532,0,0,0,0,0,0,0,0,0,0,0,0,0,0,0,0,0,0,0.3952636,0,0,0,0,0,0,0,0,0,0,0,0.2157113,0,0,0,0,0.47178,0,0,0.5196151,0.2105638,0,0,0,0.417014,0.1128284,0,0.03506596,0,0,0,0,0,0,0.2776234,0.1320845,0.1490574,0.2353496,0.2908395,0.1442665,0.2557895,0.08169145,0.04847578,0,0.3374491,0.335189,0.04933568,0,0.1106773,0,0,0,0.561491,
0,0,0,0,0,0,0,0,0,0,0,0,0,0,0,0,0,0,0,0,0,0,0,0,0.534954,0,0.1847299,0.2726479,0,0.1928949,0,0,0,0,0,0,0,0,0,0,0,0,0,0,0,0,0,0.1302383,0,0,0,0,0,0,0,0,0,0,0,0.3818145,0.3760272,0.8599776,3.310572,4.5204,2.858082,0,0.1116905,0,0.2260297,0.1404855,0.5191557,0,0,0,0.00955116,0,0,0.04886483,0.03167875,0.02887348,0.03133215,0,0,0,0,0,0.1624116,0.06537287,0.3171625,0.1342357,0,0,0,0.06785762,0.09107084,0,0.1467019,0,0,0.2431158,0.05081645,0,0,0.08224165,0,0,0,0.06671171,0,0,0,0,0,0.3465416,0,0.1314222,0.05109577,0.2968358,0,0,0,0.04339985,0,0,0,0,0.03625581,0,0,0,0,0.3999106,0.1699218,0,0,0,0.02778322,0.08591692,0,0,0,0.1125653,0,0,0.08390401,0,0.1323508,0,0,0.1337841,0,0,0,0.05234874,0,0.1719446,0,0,0,0,0.3122184,0.2132523,0,0.08899512,0,0,0,0,0,0,0,0,0.03472162,0,0,0.1599571,0.2161033,0,0.1590658,0.2998092,0.068241,0.04920262,0.24171,0,0,0,0.1321075,0,0,0,0,0,0,0,0,0.1483246,0,0,0.3073375,0,0.2416649,0,0,0.1574061,1.565036,3.152751,2.760486,2.396194,3.03089,2.104036,2.850827,2.194511,2.88422,2.700184,2.970109,3.158599,2.462675,3.209447,0,0,0,0,0,0,0,0,0,0,0,0,0,0,0.4224982,0,0,0,0,0,0,0,0,0,0,0,0,0,0,0,0,0,0.2054426,0.001314634,0,0,0.1342536,0,0,0,0,0,0,0,0,0,0,0,0,0,0,0,0,0,0,0,0,0,0,0,0,0,0,0,0,0.05326907,0,0,0,0.2201224,0,0,0,0,0,0,0,0,0,0.25913,0,0,0.07324201,0,0,0.2715354,0,0.07450664,0.05035598,0,0.4260195,0,0,0,0.4119585,0,0,0,0.01974882,0,0,0,0,0,0,0,0,0,0,0,0,0,0,0,0,0,0,0,0,0,0,0,0,0,0,0,0,0,0,0,0,0,0,0,0,0,0,0,0.04671452,0,0,0,0,0,0,0,0.04094764,0.3157598,0,0,0,0,0.1492489,0,0,0,0.02931094,0.1261501,0.2729332,0,0,0,0,0,0,0,0,0,0,0,0,0,0,0,0.03858472,0,0,0,0,0,0.1441965,0,0,0,0,0,0,0,0,0,0,0,0,0,0,0,0,0,0,0,0,0.3933996,0,0,0,0,0,0,0,0,0,0,0,0,0,0,0,0,0,0,0,0,0,0,0,0,0,0,0,0,0,0,0,0,0,0,0,0,0,0,0,0,0,0,0,0.02476377,0.06355245,0,0,0,0,0,0,0,0.1096478,0.1419901,0.00559681,0,0,0,0,0.3065729,0.3680485,0,0,0,0,0,0,0,0,0.1198594,0,0,0,0.3587271,0,0.2906625,0.009562542,0,0.01707546,0.1898528,
0,0,0,0,0,0,0,0,0,0,0,0,0,0,0,0,0,0.200508,0,0,0,0,0,0,0,0.7086166,0,0,0,0.299642,0,0,0.3202654,0,0,0,0,3.459198,3.609025,0.154087,0,0,0,0,0.1673092,0,0,0,0,0,0,0,0,0,0,0,0,0,0,0,0,0,0,0.629836,1.885912,0.3485906,0,0,0.3693361,0,0,0,0,0.03714042,0,0,0,0,0.1098948,0,0.09984905,0,0,0,0,0,0,0,0,0.09903492,0,0.2681691,0,0,0,0.4368482,0,0,0,0,0,0.1340281,0.1020731,0,0,0.4638954,0,0,0.04118602,0,0,0.2758857,0.2438275,0,0.1790088,0.2184463,0.5602617,0,0,0,0,0,0,0.3646422,0,0,0,0,0.1038706,0,0,0,0,0.07176434,0.1999004,0,0,0,0,0,0,0.0151379,0,0,0,0.05680965,0,0,0.3284098,0.180154,0,0.02292553,0.5809618,0.001531491,0,0,0.007841831,0,0.07679454,0.6484402,0.02231987,0,0,0,0.1072053,0,0.08797661,0,0.09494356,0.2146661,0.1388633,0.1195616,0,0,0,0.02786146,0.01690082,0.2917214,0,0,0.3700221,0,0,0,0,0.1134984,0.05481836,0.0188669,0,0.05228205,0.1292373,0,0,0.4797701,0,0,0,0,0.351858,0,0,0,0,0,0.09670589,0.8830146,2.800062,3.174164,2.520859,2.632867,2.255455,2.451298,2.105558,2.511783,3.192372,2.842441,2.641504,1.165875,0,0,0,0,0,0,0,0,0,0,0,0,0,0,0,0,0,0,0,0,0,0,0,0,0,0,0,0,0,0,0,0,0,0.3429636,0,0,0,0,0,0,0,0,0,0,0,0,0,0,0,0,0,0,0,0,0,0,0,0,0,0,0,0,0,0,0,0,0.6841941,0,0,0,0,0,0,0,0,0,0,0,0.3321213,0,0,0.427613,0.02002761,0,0.1189797,0,0,0.02656461,0,0.1675975,0,0,0,0,0,0,0,0.01471013,0,0,0,0,0,0,0,0,0,0,0,0,0,0,0,0,0,0,0,0,0,0,0,0,0,0,0,0,0,0,0,0,0,0,0,0,0,0.1630858,0,0,0,0,0,0,0,0,0,0,0,0,0,0,0,0,0.2754846,0,0,0,0,0,0.1035039,0.1979237,0,0,0,0,0,0,0,0,0,0,0,0,0.1075817,0.1033034,0,0.0487412,0.6272939,0,0.62517,0,0,0,0,0,0,0,0.007998236,0,0,0,0,0.1735375,0,0,0,0,0,0,0,0,0.2831673,0,0,0.1137503,0,0,0,0,0,0,0,0,0,0,0,0,0,0,0,0,0,0,0,0,0,0,0,0,0,0,0,0,0,0,0,0,0,0,0,0,0.2824934,0.3290794,0.2634374,0,0,0,0,0,0,0,0.1044641,0,0,0,0,0,0,0,0,0,0,0,0,0,0,0,0.1172903,0,0,0,0,0.2006097,0,0,0,0,0,0.1516549,0.1521158,0.3248092,0,0,
0,0,0,0,0,0,0,0,0,0,0,0,0,0,0,0,0,0,0,0,0,0,0,0,0,0,0,0.1681819,0,0.07076136,0.4618695,0,0,0,0,0,0,0,0,0,0,0,0,0,0,0,0,0,0.03780678,0,0,0,0,0,0,0,0,0,0.2078219,0,0,0,0,0,0,0,0,0,0.1049258,0,0.3444298,0,0,0,0,0,0,0.009221246,0,0,0.3883606,0.2459113,0,0.365305,0,0,0,0.1117506,0.1548498,0,0,0,0,0,0.1793777,0,0.09793014,0,0.1188816,0,0.3621315,0,0,0,0,0.4188462,0,0,0,0.2229749,0.1126923,0,0.1614266,0,0,0.2640482,0,0,0.422461,0,0.2827588,0,0.1064181,0,0,0.1229222,0.081158,0.02956767,0,0,0,0,0,0,0,0,0,0,0.3247933,0,0,0,0,0.1640824,0,0,0,0.1346221,0,0,0,0,0,0,0.08974549,0.04545783,0,0.1011112,0,0.2010444,0,0,0,0,0.3316766,0,0,0.07750931,0.04181749,0,0,0.08396532,0,0,0,0.2532385,0,0,0,0,0.04275848,0,0,0.06408437,0.03910141,0,0,0,0.2807395,0,0,0,0.04640692,0,0,0,0,0.08956814,0,0,0,0,0.0757295,0,0,0,0,1.689222,3.059142,2.260616,2.949827,3.226386,2.871122,3.122066,3.104624,2.8544,1.797061,0.08303378,0,0,0,0,0,0,0,0,0,0,0,0,0,0,0,0,0,0,0,0,0,0,0,0,0,0,0,0,0,0,0.04140824,0,0,0,0,0,0,0,0,0,0,0,0,0,0,0,0,0,0,0,0,0,0,0,0,0,0,0,0.02439592,0,0.08727619,0,0,0.4338515,0,0,0.1147052,0.7745361,0,0.3674718,0.09276541,0,0,1.513734,0,0.3043891,0,0.1319179,0,0.05038406,0,0,0.04662386,0,0.3312151,0,0,0,0.01640306,0,0.04706496,0,0.3319246,0,0,0,0,0,0,0,0,0,0.006455757,0,0,0,0,0,0,0,0,0,0,0,0,0,0,0,0,0,0,0,0,0,0,0,0,0,0,0,0,0,0,0,0,0,0,0.1748285,0,0,0,0,0,0,0,0.2858115,0.01451958,0.3079557,0,0.4211892,0,0,0.01562803,0.1102236,0,0.05410538,0.03680816,0.1845257,0,0,0,0,0,0,0,0,0,0,0,0,0,0,0,0,0.9543388,0.1978816,0,0,0,1.811774,1.304868,0,0,0.1105622,0,0,0,0.2545516,0,0,0,0,0.210672,0.1958937,0,0,0,0,0,0.04199784,0,0,0,0,0,0,0,0,0.05936755,0,0,0,0,0,0,0,0,0,0,0,0,0,0,0,0,0,0,0,0.03589193,0,0,0,0,0,0,0,0,0,0,0,0,0,0,0.06319557,0.1191387,0,0,0.1191506,0,0.02473954,0,0.8307313,0.2883949,0.3892731,0.3178158,0,0,0,0,0,0,0,0,0,0,0,0,0,0.5195386,0,0,0.08705159,0.03049507,0.04582032,0,0,0,0,0,0,0,0,
0,0,0,0,0,0,0,0,0,0,0,0,0,0,0,0,0,0,0,0,0,0,0,0,0,0,0.3623196,0,0,0,0.3129343,0.1112649,0,0,0,0,0,0,0,0,0,0,0,0,0,0.5495745,0,0,0,0,0,0,0,0,0,0,0,0,0,0,0,0,0,0,0,0,0,0,0.02711259,0.07620904,0.06925751,0.1133088,0.4242425,0,0,0,0,0.0499116,0,0,0.1948119,0.0420564,0,0.1923368,0,0.02733035,0.4869629,0,0.002417082,0,0,0,0.3329367,0,0.2712449,0.3731115,0.1397348,0,0,0,0,0,0.08493728,0,0.2655616,0,0,0,0.6037202,0,0,0,0.230737,0,0,0,0.4338673,0.1883655,0.07386768,0,0,0,0,0,0,0,0,0,0.3275805,0.1931482,0,0,0,0,0,0,0,0,0,0,0,0,0,0,0,0.0713597,0.2495399,0,0,0.1553664,0.3143554,0,0,0.2732968,0.001708362,0,0.2952212,0.02388245,0,0,0,0,0,0,0,0.03652067,0.06779436,0.09226143,0,0,0.1475343,0.1047753,0.5860892,0.6184562,0.2736632,0,0,0.01485817,0,0.1165094,0,0,0,0.1408031,0,0,0,0.01645927,0.05339892,0.1958843,0,0,0.1690506,0,0.05680774,0,0,0,0,0,0,0,0,0,0.08559771,0,0.2415319,0,0,0.7305834,2.12718,2.668692,2.654143,3.166326,2.985038,0.741554,0.9861444,0.3573974,0,0,0,0,0,0,0,0,0,0,0,0,0,0,0.2054897,0,0,0,0,0,0,0,0,0,0,0,0,0,0,0,0,0,0,0,0,0,0,0,0,0,0,0,0,0,0,0,0,0,0,0,0.01374879,0,0,0,0,0,0,0,0,0,0,0,0,0,0,0,0,0.009957515,0,0.1264397,0.03410039,0.07789825,0,0.04892185,1.986912,1.100284,0,0.001964235,0,0,0,0.04976257,0,0.01487156,0,0,0,0,0.5108532,0.04029147,0,0,0.08276556,0,0,0,0.3465317,0,0,0,0,0,0,0.08871102,0,0,0,0,0,0,0,0,0,0,0,0,0,0,0,0,0,0,0,0,0,0,0,0,0,0,0,0,0,0.1195168,0,0,0,0,0,0,0,0.02124491,0,0,0,0.108672,0,0,0,0,0,0,0,0.1660668,0,0,0,0,0,0,0,0,0,0,0,0,0,0,0,0.05305927,0,0,0,0,0.06602964,0.4223459,0.1387363,1.150677,1.018163,0,0,0.5219188,0,0,0,0,0.1499697,0.1148446,0,0,0,0.1543637,0.3538921,0,0.03401909,0,0,0,0,0.06280717,0.5571657,0,0.3393378,0,0.1466235,0,0,0,0,0,0,0,0,0,0,0,0,0,0,0,0,0,0,0,0,0,0,0,0,0,0,0,0,0.01953372,0,0,0,0,0,0.307785,0,0,0,0.3130791,0.577072,0,0,0,0.02093698,0,0,0,0.06917297,0,0,0,0,0,0,0,0,0.4293112,0,0,0,0.2563662,0,0,0,0.2745886,0,0.288102,0.6963525,0.36819,0.1967954,0,0.1127773,0,0,0,0,0.2569427,
0,0,0,0,0,0,0,0,0,0,0,0,0,0,0,0,0,0,0,0,0,0,0,0,0.2425538,0,0,0,0,0.1957223,0.03145271,0.06222808,0.1435389,0,0,0,0,0,0,0,0,0,0,0,0,0,0,0,0,0,0,0.02984912,0,0,0,0,0,0,0,0,0,0,0,0,0,0,0,0.2910113,0.1783459,0.293288,0,0.01218958,0.2367109,0,0,0,0,0,0,0,0.2034846,0,0,0,0.1347374,0.0913307,0,0.2603591,0.03155465,0.1370981,0,0,0,0,0,0,0,0,0,0.05179755,0.1150886,0.3441121,0,0,0.04116973,0,0,0.09379505,0,0,0,0.1129462,0,0,0,0,0,0,0,0,0.4539525,0,0,0,0,0.2100092,0,0,0,0,0.2128335,0,0,0.2954845,0,0,0.2155014,0.1795171,0,0,0.3185912,0.07787243,0,0.1186308,0,0,0,0,0.2792379,0,0.08825886,0.09167329,0.1612894,0,0,0,0,0.2040246,0.252395,0,0.3510677,0.2469148,0,0.1893824,0.1074939,0,0,0.05873269,0,0,0,0.2515573,0.05402091,0,0.1093976,0.2099698,0,0,0.2388835,0.006590724,0,0,0,0.1221623,0,0,0.1454443,0.3187199,0,0,0.002443751,0,0,0,0.1254202,0.01308898,0,0,0,0,0,0,0,0,0,0,0,0,0,0,0,0.5809019,0.04509232,0.1840716,0.5142605,0.2877436,0.2574261,0.1226351,0,0,0,0,0,0,0,0,0,0,0,0,0,0,0,0,0,0,0,0,0,0,0,0,0,0,0,0.2905346,0,0,0,0,0,0,0,0,0,0,0,0,0.1138016,0,0,0,0.1714793,0,0,0,0,0,0,0,0,0,0.2658605,0,0,0,0,0,0,0,0,0,0,0,0,0,0,0,0.4395107,0,0.1522109,0,0.831558,0.7849518,0,0,0.2587959,0,0,0.03139179,0.290373,0,0,0.2517288,0.2575414,0.07825625,0,0,0.05116297,0,0.07561952,0.03017352,0,0,0,0,0,0,0,0,0,0,0.09306207,0,0,0,0,0,0,0,0,0,0,0,0,0,0,0,0,0,0,0,0,0,0,0,0,0,0,0,0,0,0,0,0,0,0,0,0,0,0,0,0.5221888,0,0,0.09073559,0,0,0.6476773,0,0.2982693,0.07188687,0.3780364,0,0,0.1621955,0,0,0,0,0,0,0,0,0,0,0,0.2623929,0,0,0,0,0,0,1.780301,0,0,1.510796,1.900459,0,0.5458449,0,0,0,0,0,0,0,0,0,0.3242168,0.1450166,0,0,0,0,0.210021,0,0,0,0.13713,0,0.1183224,0,0,0,0.5025125,0,0,0,0,0,0,0,0,0,0,0,0,0,0,0,0,0,0.04033937,0,0,0,0,0,0,0,0,0,0,0,0.196275,0,0,0.01166402,0.1031227,0,0,0,0,0,0,0.1000372,0,0,0.07673041,0,0,0,0,0,0,0,0,0,0,0,0.133044,0.1599701,0.05953867,0.07066752,0,0,0.3097313,0,0,0,0.1125425,0,0.01392454,0,0,0.09458315,0,0.02731353,
0,0,0,0,0,0,0,0,0,0,0,0,0,0,0,0,0,0,0,0,0,0,0.03168139,0.1564573,0,0,0.2261216,0,0,0.1301798,0,0,0.1470704,0,0,0,0,0,0,0,0,0,0,0,0,0,0,0,0,0.4486953,0,0,0.09266886,0,0,0,0,0,0,0,0,0,0,0,0,0,0,0,0,0,0.46772,0.23813,0,0,0,0,0,0,0,0.2305034,0,0,0.2111191,0,0,0.5972382,0.08253767,0.04313131,0,0,0,0,0,0.2689836,0,0,0,0.01303334,0.2915106,0,0,0.3108234,0,0.09908339,0.01980605,0,0,0.2312194,0.1048828,0,0,0,0,0,0,0,0,0,0.1262749,0,0,0,0,0,0.01755134,0,0,0.06652225,0,0,0.315096,0.1104919,0,0,0,0.1761479,0,0,0.03397388,0,0,0,0,0.1545468,0.1339909,0,0,0,0,0.2601548,0,0.243944,0.08087721,0,0,0,0,0.08540527,0,0,0,0,0,0,0,0,0.119176,0,0,0.249143,0,0,0.0764955,0,0,0,0.5450993,0,0,0,0,0,0,0,0.364678,0,0,0,0.204985,0,0.2014024,0,0.3317014,0,0.08761899,0,0,0,0,0,0,0,0,0,0,0,0,0,0,0,0,0,0,0.08485856,0,0.05477532,0.4767545,1.005457,0,0,0,0,0,0,0,0,0,0,0,0,0,0,0,0,0,0,0,0,0,0,0,0,0,0,0,0.03188708,0,0,0,0,0,0,0,0,0,0,0.1578794,0.08244638,0,0,0,0,0,0,0,0,0,0,0,0,0,0,0,0,0,0,0,0,0,0,0,0,0,0,0,0,0,0,0.09649026,0,0,1.937307,0,0.3480324,0,0.1370533,0,0.06316476,0,0,0,0.009020479,0,0,0,0,0.1235874,0,0,0,0.255646,0.4474426,0,0,0.3591541,0,0,0,0.4353723,0,0,0,0,0,0,0,0,0,0,0,0,0,0,0,0,0,0,0,0,0,0,0,0,0,0,0,0,0,0,0,0,0,0,0,0,0,0,0,0,1.034639,0,0,0.3238828,0.5540689,0,0,0,0,0,0.5778827,0.2520961,0.2736714,0,0,0.2681091,0.171446,0,0.003530211,0,0,0,0,0,0,0,0,0,0,0,0,0,0,0.8792429,0,3.103426,2.206966,2.060222,0.2271269,0,0,0,0.8030936,0,0.08361567,0.2662829,0,0,0,0,0.4114395,0.1764219,0.09502206,0,0,0,0.4242684,0,0,0.2020106,0.1988708,0.1405323,0.1439162,0.1181933,0.2718335,0,0,0,0,0,0,0,0,0,0,0,0,0,0,0,0,0,0,0,0,0,0,0,0.1421767,0,0,0,0,0,0,0,0,0.02952603,0,0,0,0,0,0,0.1205826,0,0,1.604705,0.1751119,0,0,0,0,0,0,0,0,0.1916791,0,0,0,0,0.3836464,0,0,0,0.06768556,0,0,0,0.07445231,0,0,0,0,0,0.4299986,0.2949305,0.05161053,0,0,
0,0,0,0,0,0,0,0,0,0,0,0,0,0,0,0,0,0.004408367,0,0,0,0,0,0,0,0.09732233,0.1075614,0.1772816,0.06543469,0.08667358,0,0.579291,0,0,0,0,0,0,0,0,0,0,0,0,0,0.1558171,0,0.07182547,0.3524567,0.1309846,0.3823104,0.4066942,1.007269,2.335036,0,0,0,0,0,0,0,0,0,0.1014981,0,0,0,0.1270906,0.07608378,0.1018692,0.4880893,0.008874787,0,0.06916612,0.1281406,0,0.04340796,0.3367812,0,0,0,0,0.2294004,0.04437151,0,0,0,0,0,0,0,0,0.1717855,0,0.04413061,0,0,0.1101373,0,0.2465931,0.1404074,0,0.3288135,0,0,0,0.07337527,0.05548524,0,0,0,0,0,0,0.3503617,0,0,0,0,0,0.03530796,0,0,0.2511449,0.3620026,0.04741368,0.4781431,0,0.1205727,0,0,0.008241999,0.3446798,0,0.04346072,0,0,0,0,0,0,0.1393779,0,0,0,0,0.1237841,0,0,0.2977845,0,0,0,0,0,0,0,0,0,0,0,0.09157594,0.2320677,0,0,0.04800107,0,0,0,0,0,0.3475288,0,0,0.09469993,0,0,0,0.1912484,0,0,0.2969333,0,0.05349066,0,0.3540553,0,0,0,0.002899325,0,0,0,0,0,0,0,0,0,0,0,0,0,0,0,0,0,0,0,0,0,0,0,0,0,0,0.9449998,0.9285864,0.1000431,0,0,0,0,0,0,0,0,0,0,0,0,0,0,0,0,0,0,0,0,0,0,0,0,0,0,0,0,0,0,0,0,0,0,0,0,0,0,0,0,0,0,0,0,0,0,0,0,0,0,0,0,0,0,0,0,0,0,0,0,0,0,0,0,0,0,0,0,0,0,0,0,0,0.1136217,0,0.129237,0.1160147,0,0,0,0,0,0,0,0,0,0,0,0.1598141,0.2375589,0,0,0,0,0.1113869,0.04267739,0,0,0,0,0,0,0,0,0,0,0,0,0,0,0,0,0,0,0,0,0,0,0,0,0,0,0,0,0,0,0,0,0,0,0,0,0,0,0,0,0,0,0,0.1442483,0,0,0,0,0.1214115,0,0,0.6882496,0,0,0,0,0,0.02058148,0,0.2853325,0,0,0.08050727,0.247939,0,0,0,0,0,0,0,0,0,0,0,0,0,0,0,0,0.3599715,1.916628,0,0,0,0,0.005929258,0,0,0,0,0,0.2794073,0.05173249,0,0,0,0,0,0,0,0.3389064,0,0,0.06652313,0,0,0,0,0,0,0,0,0,0,0,0,0,0,0,0,0,0,0,0,0,0,0,0,0,0,0,0.6580831,0,0,0,0.5250528,0,0,0,0,0.1935273,0,0.455827,0,0.1978585,0,0,1.477054,0,0.6568503,0,0.276493,0,0,0,0,0.1605757,0,0,0,0,0,0,0,0,0,0,0.2675198,0,0.1278501,0,0,0.01049357,0,0,0.01390471,0.240837,0,0,0,0,0,0.1264378,0,
0,0,0,0,0,0,0,0,0,0,0,0,0,0,0,0,0,0,0,0,0,0,0.6284849,0,0.02470735,0,0,0.1338671,0.02743061,0,0.1196161,0,0.7359995,0,0,0,0,0,0,0,0,0,0,0,0,0,0.1435132,0,0,0.209683,0,0,0,0.0425357,0,0,0,0,0,0,0,0,0,0,0,0,0,0.1900948,0,0,0.6011909,0,0,0.09125118,0,0,0,0,0,0,0,0,0,0,0.3321529,0,0,0,0.06079163,0,0,0.007427251,0,0,0.2324383,0,0,0.3236474,0,0,0,0.6423334,0.0528446,0.01173339,0,0,0,0,0,0.04318115,0,0,0,0.3692407,0.4159777,0,0.2456591,0,0.1955556,0,0,0,0,0,0,0,0.1296174,0,0,0,0,0,0.1213663,0,0,0,0,0,0,0.3288593,0,0.17514,0,0,0,0,0.5079381,0.009595956,0.2751473,0,0,0,0,0,0,0,0.2574444,0,0.1149677,0,0,0,0,0,0,0.1619839,0.2788635,0,0.1701902,0,0,0,0,0.05259725,0.1011606,0,0,0.2735306,0,0.02823729,0,0,0,0.2400424,0,0,0,0,0.302383,0,0.3173816,0,0,0,0.06573208,0,0.01612386,0,0,0,0,0,0,0,0,0,0,0,0,0,0,0,0.1698523,0,0.2182183,0.2566571,0.6391472,0.4743214,0.2011413,0,0,0,0.2104993,0,0,0,0,0,0,0,0,0,0,0,0,0.2786856,0,0,0,0,0,0,0,0,0,0,0,0,0,0,0,0,0,0,0,0,0,0,0,0,0,0,0,0,0,0,0,0,0,0,0,0,0,0,0,0,0,0,0.05731087,0.1209119,0,0,0,0,0,0,0,0,0,0,0,1.494616,0,0.5897837,0,0,0,0,0,0.2281854,0.2656008,0,0.3150326,0,0,0,0,0,0,0,0.1048152,0,0,0.1723057,0.180248,0,0,0,0,0.247411,0,0,0,0,0,0,0,0,0,0.009923288,0,0,0,0,0,0,0,0,0,0,0,0,0,0,0,0,0,0,0,0,0,0,0,0,0,0,0,0,0,0,0.6818699,0,3.522574,1.595554,0.861999,1.830617,0.8686019,0.7821822,1.819716,0,0.3795798,0,0,0,0.378397,0.1687099,0.9000152,0,0,0,0,0,0,0,0,0,0,0,0,0,0,0,0,0,0,3.20985,0,0,0,0,0,0,0.5106393,0,0.1610424,0.1434513,0,0,0.01373891,0,0,0,0.6427068,0,0.4403333,0.445836,0.6083729,0.3985277,0,0,0,0,0.1997213,0,0,0,0,0.04006049,0,0,0,0,0,0,0,0,0,0,0,0,0,0,0,0,0,0,0,0,0,0,0,0,0,0,0,0.1016879,0,0.1340345,0,0,0.259549,0,0,0,0.09265868,1.120204,0,0.7954409,0,0.04357354,0,0,0,0,0,0,0.4366936,0,0,0,0,0,0.01337866,0.03158291,0,0,0,0,0,0,0,0.02727689,0.1292973,0,0,0,0.0330815,0.08524485,0.007115281,0,
0,0,0,0,0,0,0,0,0,0,0,0,0,0,0,0,0,0,0,0,0,0,0,0,0,0,0.3143122,0,0.1544199,0.319533,0,0,0.3101622,0,0,0,0,0,0,0,0,0,0,0,0,0,0,0,0,0.2129603,0,0.5657928,1.188406,1.828834,0,0,0,0,0,0,0,0,0,0,0,0.1005053,0,0.2550322,0,0,0.2565155,0,0,0,0,0.1846787,0,0,0.2322062,0.2394608,0,0,0.08830194,0,0,0,0,0,0,0,0.1529988,0,0,0.1588735,0,0.4819238,0,0,0,0,0,0,0.1347578,0,0.01059743,0,0.226693,0,0.2260574,0.1607306,0.1307627,0,0.4537813,0,0,0,0,0,0,0,0,0,0,0,0,0,0,0,0.118222,0,0,0,0,0,0,0,0,0.2991908,0,0,0.07749575,0,0.0501886,0,0.3298115,0,0,0.2150945,0,0.06169958,0.6678817,0,0.007791986,0,0,0,0,0.1266884,0,0.1394664,0.3942185,0.3331522,0,0,0,0.2919748,0,0.2471069,0,0,0,0.08347791,0.2093259,0,0.1934128,0,0.1199505,0,0.1547488,0,0.2614767,0.130564,0,0.05955421,0.05624192,0.3634529,0,0.01448877,0.5146305,0.3841794,0.4075691,0,0.1123579,0.5202243,0.02874025,0.4298449,0,0,0,0,0,0,0,0,0,0,0,0,0,0,0,0,0.2763477,0,0.1319835,0,1.011851,1.221873,0,0,0,0.4606565,0,0,0,0,0,0,0,0,0,0,0,0,0,0,0,0,0,0,0,0,0,0,0,0,0,0,0,0,0,0.2043288,0,0,0,0,0,0,0,0,0.0397456,0,0,0,0,0,0,0,0,0,0,0,0,0,0,0,0,0,0,0,0,0,0,0,0,0,0,0,0,0.1412163,0,0.08667313,0.2074981,0,0,0,0,0.03292146,0,0.056257,0,0,0.207983,0.1090318,0.3100333,0.3435162,0,0.3568676,0,0.2792164,0,0,0,0,0.03435111,0,0,0,0,0,0,0,0,0,0,0,0,0,0,0,0,0,0,0,0,0,0,0,0,0,0,0,0,0,0,0,0.1924062,0,0,0,0,0,0,0,0,0,0,2.21535,0.3389342,0,0,4.307836,0,0.1681258,0,0,0,0,0,0,0,1.313036,0.3647736,0,0,0.2138204,0,0,0,0,0.1357278,0,0,0,0,0,0,0,0,0,0,0,0,0,0,0,0,0,0.07777522,0,0,0,0,0,0,0,0,0,0,0.2288079,0,0,0.2173481,0,0,0.3075917,0,0.02146671,0.2643582,0.3703151,0,0,0,0,0.5007472,0,0.4131862,0,0,0,0,0,0,0,0,0,0,0,0,0,0,0,0,0,0,0,0,0,0,0,0,0,0,0,0,0,0,0.5500213,0,0,0,0,0.4717315,1.021635,0,0.7261292,0.2821678,0,0.5793108,0.02428232,0,0,0,0,0,0,0,0,0,0,0,0,0,0,0,0,0.08355092,0,0,0,0,0,0.2089933,0,0,0,0.09073623,0.3788437,0.01225645,0.5081755,
0,0,0,0,0,0,0,0,0,0,0,0,0,0,0,0,0,0,0,0,0,0,0,0,0,0,0,0.0600673,0,0,0.2873321,0,0,0,0,0,0,0,0,0,0,0,0,0,0,0,0,0.257134,0.06265624,0,1.034393,0.7400552,0.2170605,0,0,0,0,0,0,0,0,0,0,0,0,0.3079969,0,0,0.3157764,0,0,0,0,0.3132071,0.2712322,0,0,0,0.05716393,0.01314096,0,0.01243359,0.1819943,0.3632156,0,0,0,0.002812128,0,0.1689413,0,0.3380367,0.01433057,0.215249,0.207408,0,0,0.0128115,0,0,0.04342154,0,0,0,0,0,0,0.1351425,0,0,0.2148574,0,0.5421098,0.1767653,0.6627059,0.2653881,0,0.003181947,0,0,0.2311491,0,0,0,0,0,0.1503774,0,0.4020937,0.1051738,0.154564,0.1921818,0.365675,0.2635943,0,0,0.215607,0,0,0,0,0.004811645,0,0,0.2830583,0.07006694,0.1847046,0,0.4852277,0,0,0.3440518,0,0,0,0,0,0,0,0,0,0.02426477,0,0.1031258,0,0,0.008889042,0.07091985,0.04326994,0,0,0.2578443,0.4255385,0,0.2593236,0.1696815,0.3177415,0,0,0.3430322,0,0,0,0,0.5446951,0,0,0,0.2256157,0,0,0,0.3055018,0.0832566,0,0,0,0,0,0,0,0,0,0,0,0.3506065,0,0,0,0.3549854,0.1688459,0,0.0466117,0,0,0,0.7087088,0.3777443,0.1273846,0,0.1281117,1.327513,0.08329565,0,0,0,0,0,0,0,0,0,0,0,0,0,0,0,0,0,0,0,0,0,0,0,0,0,0,0,0,0,0,0,0,0,0,0,0,0,0,0,0,1.654853,0,0,0,0,0,0,0,0,0,0,0,0,0,0,0,0,0,0,0,0,0,0,0,0,1.078859,0.2028776,0,0.2899247,0,0,0.4650777,0,0,0,0.149717,0.345025,0,0,0.7993725,0.785378,0,0.9115534,0,0,0,0,0.03508656,0.2158726,0.2055873,0,0,0,0,0,0,0,0,0,0,0,0,0.1922971,0,0,0,0,0,0,0,0,0,0,0,0,0,0,0,0,0,0,0,0,0,0,0,0,0,0,0,0,0,0,0,0,1.653219,0,0,0,6.626753,0,0,0,0,0,0,0,0,2.502858,0,0,0.1356765,0.5352724,0,0.2431867,0.8924963,2.312207,0,0,0.01839434,0,0,0,0,0,0,0,0,0,0.01050371,0,0,0,0,0,0,0,0,0,0,0,0,0,0.4888493,0,0,0.09730328,0.02489128,0.520224,0,0,0.166395,0,0,0,0,0,0,0,0.4067304,0,0,0,0.0102828,0,0,0,0,0,0,0,0,0,0,0,0,0,0,0,0,0,0,0,0,0,0,0,0,0,0,0,0.1028701,0.1918587,0,0,0,0.08228826,0,0,0,0.7060502,0.4022155,0,0,0.2162245,0.1298604,0,0.4654371,0,0,0,0,0,0,0,0,0,0,0,0,0,0.2117237,0.2550576,0.1126133,0,0,0.007390772,0,0.2200752,0.1051639,0.2369264,0.06112006,0.07819168,0,0,0,0.02279309,
0,0,0,0,0,0,0,0,0,0,0,0,0,0,0,0,0,0,0,0,0,0,0,0,0,0,0,0,0,0,0,0,0.4182241,0.2602341,0,0,0,0,0,0,0,0,0,0,0.2031653,0.4167913,0,0.3667248,0,0,0.3130906,0.4620832,0.1990319,0.01238081,0.1842763,0,0,0,0,0,0,0,0,0.3620411,0,0,0.03209127,0,0.0727348,0,0.09739709,0,0.194085,0.1391527,0,0.3881133,0,0,0.2417635,0,0,0,0,0,0,0,0,0,0,0,0.02933677,0,0,0.1539823,0.2079674,0.001855231,0.2508259,0.02549455,0,0.01085242,0.1582593,0.236344,0.07460188,0,0,0,0.06314281,0,0,0.1578639,0,0,0.1296357,0.4917525,0,0.00376604,0.1850267,0.1018723,0.431438,0,0,0,0,0,0,0.2880402,0,0.1952796,0,0.2663935,0,0,0,0.07547069,0.2020277,0,0,0.02065654,0.04325877,0.22966,0.06285555,0,0,0.4041278,0,0.1842656,0,0,0,0.00463539,0,0,0,0,0,0,0,0,0.01992081,0,0,0,0,0,0,0,0,0.2522494,0.0242024,0,0.2809032,0,0,0.09648275,0.08883906,0,0,0,0.05548734,0.2445054,0.3385123,0,0,0.2929902,0,0.1253254,0,0,0.01036861,0.09360701,0,0,0,0,0.1042518,0,0,0,0,0,0,0,0,0,0,0,0,0,0,0,0,0,0,0,0,0.1152177,0,0,0,0,0,0,0,0,0,0,0,0,0,0,0,0,0.07457582,0.3986719,0,0,0,0,0,0,0,0,0,0,0.01957983,0,0,0,0,0,0,0,0,0.1352513,0,0,0.6758972,0,0,0,0.1771393,0,0,0.7993312,0,0,0,0,0,0,0,0,0,0.3214042,0,0,0,0,0,0,0,0,0,0,0,0,0,0,0.3120591,0,0,0,0,0,0,0,0,0,0,0,0,1.049964,0,0.05453872,1.539892,0,0.7678304,0.1254363,0.8353197,0,0,0,0,0.5726444,0.6003075,0,0,0,0,0.07713044,0.06755096,0,0,0,0,0,0,0,0,0,0,0,0,0.3819285,0,0.1583833,0,0,0,0,0,0,0,0,0,0,0,0,0.05024472,0,0,0,0,0,0.2062635,0,0,2.136863,2.709415,2.914904,0,0,0,0,0,0,0,0,0,0,0,0,0,3.50706,1.271956,0,0,0,0,0,0.8663443,0,0,0,0,0,0,0,0,0,0,0,0,0,0,0,0,0,0,0,0,0,0,0,0,0,0.06805347,0,0,0.05109066,0.4863901,0.2071064,0,0,0.6242478,0,0.07061051,0,0,0.2989518,0,0,0,0.003995252,0,0.0915981,0,0,0,0,0,0,0,0,0,0,0,0,0,0,0,0,0,0,0,0,0,0,0,0.05778546,0.03209677,0,0,0,0,0,0,0.478081,0.2506266,0,0.4154879,0.05876896,0,0,0,0,0,0,0,0,0.05640931,0.07253546,0,0,0,0,0,0,0,0,0.07818437,0,0,0,0,0.1281302,0,0,0.057374,0.3918042,0.1764235,0,0,0,0,0,0.02714726,0,0.3690166,0,
0,0,0,0,0,0,0,0,0,0,0,0,0,0,0.556863,0,0,0,0,0,0.1333875,0,0,0,0,0,0,0.2793502,0.02656451,0.05567325,0,0,0,0,0,0,0,0,0,0,0,0,0,0.02316363,0,0,0.3210411,0,0.2001902,0,0,0,0,0.08738617,0,0,0.014936,0,0.08185697,0,0.5586697,0,0,0,0,0,0,0,0.3068391,0.61312,0.03676681,0,0,0,0,0,0.1064487,0,0.2514705,0.3314666,0.5916449,0,0,0,0,0,0,0,0,0,0,0,0,0.08685841,0,0.2615696,0,0.202273,0,0.1973945,0,0,0,0.2757816,0.00223493,0,0.4157996,0,0.005972378,0,0,0.01251907,0,0,0,0,0,0,0,0,0,0,0.2432372,0,0,0,0,0,0.1918826,0.004244923,0.04975647,0,0,0,0.01010036,0,0.5388725,0,0.4476948,0.02189402,0.0001334826,0,0.1735864,0,0.2089099,0,0.02528602,0,0.1437144,0.0378949,0.4105174,0.3247517,0,0.02219605,0,0.3912727,0,0.2030873,0,0.02439076,0,0.2931185,0.03097605,0,0,0,0.06977328,0.4489588,0,0,0,0,0,0,0.07721958,0.1603641,0,0.2753057,0.01885502,0,0,0,0,0.2723527,0.241276,0,0,0,0,0,0.04392612,0.1204544,0,0.2806906,0,0,0,0,0,0,0,0.08865406,0,0,0.02298155,0,0,0,0,0,0,0.09390746,0,0,0,0,0,0,0,0,0,0.3067536,0,0,0,0,0,0,0.2210281,0.08141483,0,0,0,0,0,0,0,0,0,0,0,0,0,0,0,0,0,0,0,0,0,0,0,0,0,0,0,0.008853557,0,0.3616222,0,1.009368,0.1072684,0,0,0,0,0,0,0,0,0,0,0,0,0,0,0,0,0,0,0,0,0,0,0,0,0,0,0,0,0,0.5544076,0.2613359,1.315471,0,0.1223399,0,0,2.167102,0,2.100067,0,2.758131,1.813289,0,0,0,0,1.027947,0,0,0,0.5387372,0.7312027,0.1407932,0.1381645,0,0,0,0,0,0,0,0,0,0,0,0,0,0.7397542,0,0,0.1247842,0,0,0.07817861,0,0,0,0,0,0,0,0,0,1.075746,0,0.02248522,0,0,0,0,0,0,0.5804037,0.4689041,0.367499,0,0,1.502687,0,0,0,0,0,0,0,0,0,0,0,0,0,1.903239,0,0,0,0,0,0.5922074,2.135346,0.06023613,0,0.03196355,0,0.4799281,0,0,0,0,0,0,0,0,0,0,0,0,0,0,0,0,0.1422476,0,0,0,0.3342828,0,0.02945546,0,0,0.139161,0.5379234,0,0.2197185,0.4933318,0.1197573,0,0,0,0,0,0.1650948,0,0,0,0,0,0,0,0,0,0,0,0,0,0,0,0,0,0,0,0,0,0,0,0,0,0,0,0,0,0,0,0.1222653,0,0,0,0,0,0.05963448,0.387047,0,0.3105149,0.1058676,0.0383861,0,0.4195231,0,0,0.4075071,0,0,0,0,0,0,0,0,0,0,0,0,0,0,0,0.1629461,0,0,0.1492819,0.1669969,0.2722812,0.04820819,0,0.06027112,0.2486604,0,0,0.1915013,
0,0,0,0.0609535,0,0,0,0.4824278,0,0,0,0,0,0,0,0,0,0,0,0,0,0,0,0,0,0,0.1215729,0.04906844,0.5240895,0,0,0,0,0,0,0,0,0,0,0,0,0,0,0,0,0,0,0,0,0.4641232,1.578459,0,0,0,0,0,0,0,0,0.07308843,0.04336276,0,0,0.09432847,0,0.2551394,0,0,0.03702012,0.2595658,0,0.0424471,0.2694811,0.08036371,0.2129578,0,0,0.1990295,0.07129031,0,0.3092113,0,0,0.04693371,0,0,0,0,0,0,0,0,0,0,0.2775156,0.04841588,0.1793441,0,0,0,0,0.07733695,0,0,0.1522074,0,0.2568123,0,0.2876807,0.08348967,0,0,0,0.1595602,0,0,0.5247761,0.2352431,0,0,0,0.4013225,0.1900611,0,0,0,0.2618704,0.1826818,0,0.1395646,0.181311,0,0,0,0,0.3012405,0,0,0,0,0,0,0,0,0.3463235,0,0.3771587,0,0,0,0.3500763,0.02803154,0.0385702,0.01789284,0,0,0,0.06691699,0,0.3381585,0,0,0,0,0.2360914,0.07671978,0.1050237,0.2190154,0,0,0.03175517,0,0.4139787,0,0,0.3782734,0.01430965,0,0.3515924,0,0.2065398,0,0,0,0,0.122784,0,0,0,0,0,0.09801243,0,0,0,0,0,0.2590426,0,0,0,0,0,0,0,0,0,0,0,0,0,0,0,0,0,0,0,0,0,0,0,0,0,0,0,0,0.06700082,0,0.2265224,0,0,0,0.1047752,0,0,0,0,0,0,0,0,0,0,0.2270316,0,0,0,0,0,0,0,0,0,0,0.04733715,0,0,0,0,0,0,0.6108016,0,0,0,0,0,0,0,0,0,0,0,0,0,0,0,0,0,0,0,0,0,0,0,0,0,0,0,0,0,0.3529887,0,0,0.4737725,0.9577008,0,0,0,1.264529,0,0,0,0,0,3.454089,0,0,0.8334544,0.4464425,0,0.9891999,0.4908306,0,0,0.4578364,0.1836438,0,0.4175384,0,0,0.04914653,0,0.0386659,0,0,0,0,0,0,0,0,0,0,0,0,0,0,0,0,0,0,0,0,0,1.048255,0,0.9313701,0,0.2439503,0,0,0,0,0,0,0,6.183642,4.543482,0.3718812,0,0,0,0,0,0,0,0,0,0,0,0,0,0,0.8485507,0,0,2.308918,4.735151,0,3.214217,0,0,0.1423494,0.2763835,0,0,0,0,0,0,0.1447081,0,0,0,0.1213748,0,0,0,0,0,0,0,0,0,0,0,0,0,0,0,0,0,0,0.06135547,0.5742455,0,0.09669189,0,0,0,0.1110699,0.1127153,0,0,0,0,0,0,0,0,0,0,0,0,0,0,0,0,0,0,0,0,0,0,0,0,0,0.5293482,0,0,0,0,0,0,0,0,0.5138156,0.07581846,0.6011789,0.3499942,0.6423304,0,0,0,0,0,0,0,0,0,0,0,0,0,0,0,0,0,0,0,0,0,0,0,0.02056008,0,0,0.1869499,0.1823768,0,0.1212288,0,0,0.1259203,0.0768494,0,0,0,0,
0,0,0,0,0,0,0,0,0,0,0,0,0,0,0,0,0,0,0,0.0004136691,0,0,0,0,0,0.1985114,0,0,0,0,0,0,0,0,0.1244368,0,0,0,0,0,0,0,0,0,0,0,0.2977447,0.5892921,0,0,2.531539,0.4230214,0.08180182,0,0,0,0,0,0.2760211,0,0,0,0,0.04278556,0.1637225,0.08337434,0,0.189872,2.965929E-05,0,0.2687451,0.2201564,0.6604877,0,0.6114382,0.2561404,0,0,0,0.1018375,0.06146811,0,0,0.2193539,0,0,0,0,0,0,0,0,0,0,0,0,0.003139765,0,0.1790695,0,0,0.6557366,0,0.1322606,0.2184179,0,0,0.04290517,0,0,0.5198418,0.007189783,0,0,0.2285886,0.008460521,0.02840656,0,0,0.1645675,0,0,0.232857,0.3570758,0,0.05217195,0,0.06311231,0.4334883,0,0.5163224,0,0.1849773,0,0.09546015,0,0,0.08840958,0.1999681,0.06732133,0,0,0.2625787,0.005031789,0,0,0,0,0,0.1692329,0.03857106,0,0,0.09186642,0,0,0,0.3647444,0,0,0.239186,0.2178851,0,0.1428487,0.06590932,0,0,0.2313692,0.08027551,0.570281,0,0,0.5753568,0,0,0.08686908,0,0,0,0,0,0.02039971,0.06523117,0,0.003111074,0,0.1210976,0.04578147,0,0,0.06001571,0,0,0,0.2010573,0,0,0,0,0,0,0.05150766,0,0,0,0,0,0,0.02783991,0,0,0,0,0,0.1155017,0,0,0,0,0,0,0.02980668,0,0,0,0,0.02949339,0,0.06745058,0,0,0,0.2867175,0,0,0,0,0,0,0,0,0,0,0,0,0,0,0,0,0,0,0,0,0,0,0,0,0,0,0.1648223,0,0,0,0,0,0,0,0,0,0,0,0,0,0,0,0,0,0,0,0,0,0.04657863,0.2850221,0,0,0,0,0,0,0,0,0.05034887,0,0.6640908,0.5004521,2.858368,0,5.795342,0.3949741,0.2930716,2.112139,0,0,0,0,0,0,0.8717884,3.303656,1.238566,0,0.047806,0,3.10295,1.331088,0,0,0,0,0,0.04070888,0,0,0,0,0,0,0,0,0,0,0,0,0,0,0,0,0,0,0,0,0,0,0,0,0,0,4.209215,0,0.3060798,1.065405,0,0,0,0,1.803844,0,6.958452,0,0,0.9762732,0,0,0,0,0,0,0,0,0,0,0,0,0,0,0,0,0,0.6262314,2.620058,0.3558143,0,0.1776872,0,0,0,0,0,0,0,0,0,0,0,0,0,0,0,0,0,0.32607,0,0,0,0,0,0,0,0,0,0,0,0,0,0,0,0,0,0,0,0.346161,0.09685926,0,0.02419564,0.3516801,0,0,0.0779345,0,0,0,0,0,0,0.1625095,0,0,0,0,0,0,0,0,0,0.2313106,0.0662939,0,0,0,0,0,0,0.02667562,0.1583364,0,0,0,0,0,0.374726,0,0,0,0.4723493,0,0.005056418,0.4991782,0,0.1501397,0.5302256,0.3859653,0.03008347,0,0,0,0,0,0,0,0,0,0,0,0,0,0,0,0.3277435,0,0.1040622,0,0.3570986,0.2286841,0,0.02523108,0,0,0.1953169,0.4630549,0,
0,0,0,0,0,0,0,0,0,0,0,0,0,0,0,0,0,0,0,0,0,0,0,0.1814904,0.21176,0,0.1916598,0.5382863,0.3806737,0,0.1505637,0,0,0,0,0,0,0,0,0,0,0,0,0,0,0,0,0,0,0.04720695,0.821598,0,0,0.289142,0.02833112,0,0.03903912,0.2550896,0,0,0,0.6522354,0.08504366,0.2499873,0,0,0.1258258,0,0,0,0,0,0.3801735,0.01160518,0,0.03677759,0,0,0,0,0.258191,0,0,0.4906968,0,0,0,0,0,0,0,0,0,0,0,0,0,0,0.4128695,0,0.0597216,0,0,0,0,0,0,0,0.7116311,0.1435775,0,0.3128757,0.5529864,0,0,0,0,0,0,0,0.2395276,0.5736541,0.3492044,0,0,0,0.2392565,0.3484964,0,0,0,0,0.1739994,0,0,0,0.1862022,0,0.06841937,0,0,0,0.6876561,0.03945324,0,0,0,0.05234754,0,0.2836618,0.3082525,0,0,0,0,0,0.2846944,0,0.1453674,0.329052,0,0,0,0,0.3434979,0,0.4152969,0.3708755,0.2285658,0.2224874,0,0.06854479,0.3159624,0,0,0.0851376,0,0,0,0,0,0.2114966,0.383689,0.01315632,0,0,0,0.0497638,0,0.2191292,0,0,0.1305831,0,0,0,0,0,0,0,0,0,0.1789817,0,0,0,0,0,0,0,0,0,0,0,0,0,0,0,0,0,0,0,0,0,0.02512324,0,0.2110502,0,0.1864491,0.0361705,0.284119,0.1052003,0,0,0.6435699,0,0,0,0,0.1384641,0,0,0,0,0,0,0,0,0,0,0,0,0,0,0,0,0,0.3273149,0,0,0,0,0,0,0,0,0,0,0,0,0,0,0,0,0,0,0,0,0,0,0,0,0.02237856,0,0,0,0.138264,0,0,0.7851599,0,0,0,0.1643748,1.759214,0,0,0.6634639,0,0,3.06214,0,3.213494,0,0,0,0.716171,0.3104809,1.155921,0,1.724123,2.26902,1.161555,0,0.2934247,0.5687197,0,0,0,0.1518387,0,0.04097612,0.1558505,0,0,0,0,0,0,0,0,0,0,0,0,0,0,0.0962783,0,0,0,0,0,0,0,0,5.233323,0.7560374,0,0,0,0,0,0.5667588,0.1448382,2.774553,4.166902,3.789889,0,0,0,0,0,0,0,0,0,0,0,0,0,0,0,0,0,3.596887,3.700532,5.171666,3.007319,0,4.704876,3.727767,0.3516788,0,0.7693434,0,0,0.2031978,0,0,0,0.1089086,0,0,0,0,0,0,0,0,0,0,0,0,0,0.2653445,0,0,0,0,0,0,0,0,0,0,0,0,0,0,0,0,0,0,0.08885706,0,0.3068827,0,0,0,0,0,0,0,0,0,0,0,0,0.2588787,0,0,0,0,0,0,0,0,0.07785081,0,0,0,0,0,0.1399326,0,0,0.0008863679,0,0,0,0,0,0,0,0,0,0,0,0.0800553,0,0,0.08231613,0,0,0,0,0,0,0,0,0,0,0,0.01180025,0,0.02897498,0,0,0,0,0,0.05152741,0.005428056,0,0,0.150427,0,0,0.430738,
0.04277709,0,0,0,0,0,0,0,0,0,0,0,0,0,0,0,0,0,0,0.1246464,0,0,0,0.1062349,0,0,0,0,0.07704238,0,0.02138605,0.1262396,0.07643697,0,0.1186969,0,0,0,0,0,0,0,0,0,0,0,0.5379945,0.003457291,0,0,0.02551561,0.1784583,0.2460038,0.9585114,0.3047034,0,0,0,0.4590624,0,0.02284313,0,0.0156437,0.1531358,0.06976683,0.1343722,0.06582046,0,0,0.2029535,0.2664677,0.1598459,0,0,0.2737586,0,0,0,0,0,0,0,0,0,0,0,0,0,0,0,0,0,0,0,0,0,0,0,0,0.2649508,0.02981224,0,0,0.3511738,0.06048788,0,0,0.05525121,0.3830839,0.2380208,0,0,0,0.1086339,0.2695383,0,0,0.06927638,0,0.2627955,0,0,0.07484002,0.39939,0,0,0.1113,0.680689,0.01699691,0,0,0.6010557,0,0,0,0,0,0.205992,0,0.2682616,0.4010247,0.03889555,0.4395289,0,0.3807743,0,0,0.03438279,0.147704,0,0,0.06066061,0.1127029,0.2736433,0,0.0580215,0.2004769,0,0.284485,0.2150962,0.635637,0.2481288,0.1802351,0,0.3127036,0,0.178654,0.2529862,0,0,0,0,0.2867041,0,0.1290085,0,0,0,0,0,0,0,0,0.02642338,0,0.2556645,0.2986134,0.1194113,0,0.1937218,0,0,0,0,0,0,0,0,0,0,0,0.03584331,0,0,0,0,0,0.2932576,0,0.319259,0,0.1699766,0,0,0,0,0,0,0,0,0,0,0,0,0,0,0.7389545,0.1627482,0,0.3279608,0.1470579,0,0,0,0,0,0,0,0,0,0,0,0,0,0,0,0,0,0,0,0,0,0,0,0,0,0,0,0,0,0,0,0,0,0,0,0,0,0,0,0,0,0,0,0,0,0,0,0,0,0,0,0,0,0,0,0.1744638,0,0,0.08330835,0,0,0.4261226,0,1.511695,0.01087582,0,0,0.1461147,4.553952,0.6990941,0.3575563,5.144247,0,5.303998,3.258271,0.6714597,0,0,0,1.671892,0.1192363,1.613229,5.454456,1.62546,0,0.2671051,0,0.08975971,0,0,0,0,0,0,0,0,0,0,0,0,0,0,0,0,0,0,0,0,0,0,0,0,0.1295349,0,0,1.798286,0,3.271571,0,0,1.659195,2.018693,1.43286,0.188141,0,3.325443,7.213557,0,0,0,0,0,0.01353494,0,0,0,0,0,0,0,0,0,0,0,0.4529043,1.241182,2.870392,4.445012,0,0,0,3.326396,0,0.6713499,0,0,0,0.2658028,0,0.4914974,0,0,0,0.7004554,0,0,0,0,0,0,0,0,0,0,0,0,0,0,0,0,0,0,0,0,0,0,0,0,0,0,0,0,0,0.208017,0,0,0,0,0,0,0,0,0,0,0,0,0,0,0,0,0,0,0,0,0,0,0,0,0,0,0,0,0,0,0,0,0.089509,0,0,0,0,0,0,0,0,0.2955825,0.3319578,0.242741,0.1614022,0.004051832,0,0.106,0,0,0,0,0,0,0,0,0,0,0,0.1339602,0.2751312,0.09901823,0.3742805,0,0,0.2379037,0,0,0,0.2267915,0,0.0002112527,0,0,0,
0.04191929,0,0.2552436,0,0,0,0,0,0,0,0,0,0,0,0,0,0,0,0,0,0,0,0,0,0.3353476,0,0.2959873,0,0.0468622,0,0.3491016,0,0,0.001322316,0,0.1104556,0.2584468,0,0,0,0,0,0,0,0,0,0,0.1149658,0.0958553,0.06091963,0,0,0.1341056,0,0.02612243,0,0,0,0,0,0,0.2156473,0.5051398,0,0,0.1373413,0.199603,0,0.06541028,0.09391937,0.08803268,0,0,0.1817892,0.246876,0.5347552,0,0.3950365,0.2766384,0.1857765,0.2349749,0.2392405,0,0.3314213,0.2346131,0,0,0,0,0,0,0,0,0,0,0,0,0,0,0.2315873,0,0,0,0.1500699,0.05369309,0.1352064,0,0,0,0.5969179,0.008901536,0,0.348871,0,0,0.1017751,0,0,0,0,0,0.2485064,0,0.1672141,0.1178527,0.2069578,0,0.02261721,0,0,0.04818789,0,0,0.5294185,0.4475971,0,0,0,0,0,0,0,0,0.09911791,0,0.08748599,0.2644449,0.123768,0,0,0.1497121,0,0,0,0.1763922,0.1935485,0.04747512,0,0,0,0,0.178587,0.1374722,0,0.03304791,0.5013233,0,0,0.2503698,0.2469493,0,0.7665536,0,0,0.2829034,0,0.04708563,0,0,0,0.2563608,0.1277506,0.006168351,0,0,0,0.1302301,0,0,0.2061683,0,0,0,0,0.01181914,0,0,0,0,0,0,0,0,0.2401643,0,0,0,0,0,0,0,0,0,0,0,0,0,0,0,0.03713771,0,0,0,0,0,0,0,0,0,0,0,0,0,0,0,0,0,0,0.6894243,0,0,0,0,0,0,0,0,0,0,0,0,0,0,0,0,0,0,0,0,0,0,0,0,0,0,0,0,0,0,0,0,0,0,0,0,0,0,0,0,0,0,0,0,0,0,0,0,0,0,0,0,0,0,1.544649,0,0,0,2.502287,0,0,0,1.265267,2.14639,0,4.633925,0,5.188225,6.820373,2.383883,1.481306,2.933542,2.86012,0,3.300924,0,0.9946151,0.1038732,0,0.6155988,0,1.651864,0.9562533,0.2303295,2.406661,2.233993,0,0,0,0,0,0,0,0,0.08304977,0,0,0,0,0,0,0,0,0,0,0.1139451,0,0.5811005,0,0,4.925408,0,0,4.223274,0,1.243332,1.285083,4.545731,6.062162,0,4.010739,0.2430524,0,0,0,0,0,0,0,0,0,0,0,0,0,0,0,0,6.616331,0.9625675,0,0,0,0,4.192666,0,0,0.4466062,0,0,0,0.6413522,0,0,0.766325,0.2087491,2.523029,0,0,0,0,0,0,0,0.7530437,0,0,0,0,0,0,0,0,0,0,0,0,0,0,0,0,0,0,0,0,0,0,0,0.2593773,0,0.2177742,0,0,0,0,0,0,0,0,0,0,0.01073856,0,0,0,0,0,0,0,0,0,0,0.1417072,0,0,0.07288165,0,0,0,0,0,0,0,0,0,0,0,0.4127246,0.3767693,0,0,0.05434187,0.2283057,0,0,0,0,0,0,0,0,0,0.230654,0,0,0,0,0,0,0.03647436,0,0.03005011,0.3213853,0.1198425,0.08425594,0.2492544,0.3077192,0,0.7988969,0,0,
0,0,0,0,0,0,0,0,0,0,0,0,0,0,0,0,0,0,0,0,0,0,0,0,0.003290014,0.393277,0,0,0.1191455,0,0,0.1977019,0.1592144,0,0.0349998,0,0.1253692,0.7882239,0,0,0,0,0,0,0,0.05536855,0,0,0,0.3005474,0,0,0.04837738,0.1378529,0,0,0.1534001,0,0,0,0,0,0,0.2515955,0,0,0.5163207,0.0587055,0,0,0.09284449,0.04900914,0,0,0,0,0,0.2322559,0.7378807,0,0.1279246,0,0,0,0,0,0,0,0,0,0,0,0.1371379,0,0,0,0,0,0,0.1459861,0,0,0.01329447,0.1092955,0.1176168,0.04284235,0,0.0228395,0,0,0.02411627,0,0,0.007537896,0,0.0284171,0.07902168,0.1697269,0,0,0.5139089,0,0,0.4052071,0,0,0,0,0.04326615,0,0.2975749,0.109831,0.2720416,0,0,0,0.04546192,0.06512455,0,0,0,0,0,0,0.5045673,0,0,0,0,0.006615312,0.5349528,0.1255256,0,0.5890107,0.01924912,0,0.4120694,0.08419743,0.3380345,0,0,0,0.5149031,0.1478642,0,0,0,0.05646466,0,0.120408,0.1016921,0,0,0,0,0,0,0.3669481,0,0,0.004078345,0.1531951,0,0,0.2991541,0.2751518,0,0.1924169,0.05890709,0,0,0,0,0,0,0,0,0,0,0,0,0,0,0,0,0,0,0,0,0,0,0,0,0.1099055,0,0,0,0,0,0,0,0,0,0,0,0,0,0.03538493,0.3504382,0,0,0.01443686,0.1481989,0,0,0,0,0,0,0,0,0,0,0,0,0,0,0,0,0,0,0,0,0,0,0,0,0,0,0,0.008943362,0,0,0,0,0,0,0,0,0,0,0,0,0,0,0,0,0,0,0,0,0,0,0,0,0,0,0,0,0,0,0,0,0,5.89624,0,0.1098508,0,0,0,4.122715,2.28044,0,0,1.021017,1.49685,0,0.6376792,0.4171601,0,0,11.57526,1.280315,1.643062,0,0,0,0.2456117,0.119156,3.194591,2.845052,0.5538208,5.866825,0,2.389279,0,0,0,0,0,0,0,0,0,0,0,0,0,0,0,0,0,0,0,0,1.568141,5.178682,0,6.497807,0.5021828,1.074275,0,0,2.270616,1.927945,0,0,0,0.3612974,2.45425,0,0,0,0,0,0,0,0,0,0,0,0,0,0,0,0,0,0,0.4535015,0,5.439075,0,0,2.686452,2.765335,0,0,0,0,0,0,0,0,0,0.4506513,0.1991355,0,0,1.224231,0,0,0,0,0,0.3135177,0,0,0,0,0,0,0,0,0,0,0,0,0,0,0,0,0,0,0,0,0,0,0,0,0,0,0,0,0,0,0,0,0,0.04570989,0,0.02010781,0,0.08403797,0,0,0,0,0,0,0.4327277,0.002871551,0,0,0,0,0,0,0,0,0,0,0,0,0,0,0.08334769,0,0,0.4263983,0,0,0,0,0,0,0,0,0,0,0,0,0,0,0,0,0,0.2320054,0.1836743,0,0,0,0.2230815,0,0,0,0.6536683,0,0,0,0.01382934,
0,0,0,0,0.1467148,0,0,0,0,0,0,0,0,0,0,0,0,0,0,0,0,0,0,0,0,0,0,0,0.2687872,0,0,0.05670025,0,0,0,0.2007931,0,0,0.4360672,0,0,0,0,0,0,0,0,0,0,0,0,0,0,0,0,0,0.3095816,0.06596038,0,0.06030902,0,0.1932283,0.24293,0.2115203,0,0,0,0.2714233,0,0,0,0,0,0,0.4532564,0.1684645,0.01339507,0.006454372,0.3549475,2.793696,0.005040972,0.5624495,0.1804046,0.2117799,0.1635783,0,0,0,0,0,0,0,0,0,0.1020589,0,0,0,0.2666558,0.0153627,0,0,0,0.2808355,0.198086,0,0,0,0.1826933,0,0.2363302,0,0.2093405,0,0.009801866,0.1328929,0,0.6289498,0,0.1987847,0,0,0,0,0,0.7156717,0,0,0,0.08390202,0,0,0,0,0,0,0.07226404,0,0,0,0,0.02973637,0.05729876,0,0,0,0.2248673,0.1984334,0.0578562,0,0,0,0.3158562,0,0,0,0.005201061,0.05854062,0,0.03709773,0,0.1469662,0.185956,0,0.1944361,0,0,0,0,0,0,0,0.7161304,0,0.1406437,0,0,0,0,0.1762205,0,0.05525403,0,0.03028286,0,0,0,0,0,0,0,0,0,0,0,0,0,0,0,0,0,0,0.276148,0.02677147,0,0,0,0.0747697,0,0,0,0,0,0,0,0,0,0,0,0,0,0,0.268115,0.06260701,0,0,0,0,0,0.236826,0.2521173,0,0,0,0,0,0,0,0.2372146,0,0,0,0,0,0,0,0,0,0,0,0,0,0,0,0,0,0,0,0,0.06068734,0,0,0,0,0,0,0,0,0,0,0,0,0,0,0,0,0,0,0.2227988,0,0,0,0,0,0,0,0,0,0,0,0,0,0.2012052,0,1.761438,0.5677351,0.4811858,2.072632,1.87315,2.535041,0,7.249912,0,0,5.765108,0,0.1541637,0.3149057,0,0,4.153615,3.056297,0.6241905,2.136217,1.57527,0,0,0.1529081,0.1424145,0.7876284,0,2.090857,0.8659081,0,0.5881712,2.626356,0,1.63567,0,0,0,0,0,0,0,0,0,0,0,0,0,0,0.1619601,0,0,0,0.4392809,0.4475743,4.662476,4.770305,1.907479,0,8.014749,1.606284,0,0,6.981497,0,0.5348148,2.419529,0,0,0,0,0,0,0,0,0,0,0,0,0,0,0,0,0,0,0,0,0,0,1.424858,3.72539,7.719584,0,0,0,0,1.747159,0.1420821,6.144626,1.237736,0,0.04509059,0,0.04836057,0.8319211,2.463796,0,0.1915201,0,0.1567185,0,0.3805584,0,0,0,0,0,0,0,0,0,0,0,0,0,0,0,0,0.04114399,0,0,0,0,0,0.3380476,0,0,0.1037142,0,0,0,0,0,0,0,0,0,0,0,0,0.456066,0,0,0,0,0,0,0,0,0,0,0,0,0,0,0,0.280848,0,0.1838263,0,0,0,0,0,0,0,0.444086,0,0.3277214,0,0,0,0,0,0,0,0,0,0,0,0,0.01905371,0,0,0,0,0,0,0,0,0,0,0.2141867,0,0.09506551,0,0,
0,0,0.223261,0.00267048,0,0,0,0,0,0,0.4699465,0,0,0,0,0,0,0,0,0,0,0,0,0,0,0,0,0.009135366,0.1977335,0,0.2541881,0,0,0,0,0,0,0,0,0.4057808,0,0,0,0,0,0,0,0.1175927,0,0,0.1888009,0,0,0,0,0,0,0.6085323,0,0,0,0.2786665,0,0,0,0,0,0,0,0,0,0,0,0.586948,0.1683698,1.49199,0.1501135,0,1.414798,4.146915,1.437665,0.7383503,0.9455757,0.009104521,0.04027085,0,0,0,0,0,0,0,0,0,0,0,0,0.1512779,0,0,0,0,0,0.3343986,0,0.3429372,0,0.1034674,0.1790055,0,0,0,0.0565037,0,0,0.4431602,0,0,0,0,0,0.04772589,0.502834,0.2217483,0.002024287,0,0.3316863,0,0,0,0,0.03184674,0.06759457,0.0201389,0,0,0,0.07887974,0,0,0.3719925,0,0.2153541,0.2712355,0,0,0,0,0.4690742,0.2957858,0.3295365,0,0.6927188,0,0,0,0,0,0.1842137,0,0.3613991,0,0,0,0.3576503,0,0,0,0,0,0,0.2282399,0.1691856,0,0,0,0,0.1951234,0,0,0.0526928,0,0,0.2244299,0,0.1959786,0.3252369,0,0,0,0.3515091,0.1924092,0,0.1628539,0,0,0,0,0,0,0,0,0,0.334374,0.7319838,0,0.1637057,0,0,0.1870266,0.4846002,0,0,0,0,0.01613673,0,0.2270392,0,0,0,0,0,0,0.03012664,0,0,0.07902914,0,0,0,0.2045613,0,0,0,0,0,0,0,0,0,0.5245293,0,0,0,0,0,0,0,0,0,0,0,0,0,0,0,0,0,0,0,0,0,0,0,0,0,0,0,0,0,0,0,0,0,0,0,0,0,0,0,0,0,0,0,0,0,0,0,0,0,0,0,0,0.06000457,0,0.1408024,0,0,0.2264204,0,1.847793,4.005859,0,0,0,2.005862,0,0,0,0,1.088726,6.187386,0,0,4.399228,0.03093085,1.362822,0.2681947,0,1.14446,2.077372,1.903803,2.505634,2.724256,0,0.9376787,4.364265,2.37194,0,0,0,0,0,0,0,0,0.06098081,0,0,0,0,0,0.4878066,0,0,3.497892,3.059985,0,0,0,1.689546,0.4927514,2.924341,6.181317,2.858394,0,0,0.09307255,0,0,0,0,0,0,0,0,0,0,0,0,0,0,0,0,0,0,0,0,0,0,0,0,0,0,0,0,0,4.394622,0,2.197109,0,0,0,0.4001522,0.4745139,0.2721176,0,1.033757,0,0,0,0,1.378241,0,0,0,0,0,0,0,0,0,0.1591742,0,0,0,0,0,0,0,0,0,0,0,0,0,0.2731022,0.01463816,0,0,0,0,0,0,0,0,0,0,0,0,0,0,0.0484725,0,0,0,0,0,0,0,0,0.05157008,0,0,0,0,0,0,0,0,0,0,0,0,0.3145237,0,0.136882,0.1683864,0,0,0.331606,0,0,0,0,0.06287683,0,0,0,0,0,0,0.1110568,0,0,0,0,0.06137589,0,0.2357665,0,0,0,0,0,0,0,0,0.2167943,
0,0,0,0,0,0,0,0,0,0,0,0,0,0,0,0,0,0,0,0,0,0,0.2077642,0,0.1284765,0,0,0,0,0,0.0815623,0,0.05572635,0.05585296,0,0,0,0,0,0,0.1822855,0,0,0,0,0,0,0,0.1308594,0,0,0.04454689,0,0.09772441,0,0.5357066,0,0,0,0.0719314,0,0.3321803,0,0.1883166,0.1234151,0,0,0,0.06484398,0.2003317,0,0,0,0,0.3931945,0.1362693,0.1600941,1.945928,3.093377,2.883729,3.889004,4.97223,2.35946,0.1035128,0,0,0.1124556,0,0,0.08445397,0,0,0,0.09720534,0,0,0,0,0,0.1698259,0,0,0.2272909,0.129953,0.4907475,0.04707562,0,0.2106365,0.4598826,0.1988438,0,0.02252379,0.5826809,0,0,0,0.5067292,0,0,0,0,0.3298691,0.2693094,0.1064787,0,0.3581792,0,0.3629979,0,0.008888172,0.06211307,0,0,0,0,0.2284276,0.2237106,0.1920483,0,0,0,0.5651052,0.3555592,0,0.4025758,0.3224284,0,0,0,0,0,0,0,0,0.02227698,0,0,0,0,0.1155117,0.28306,0,0.2327759,0.06826765,0,0,0.3655412,0,0.1140591,0,0,0.01479398,0,0,0,0,0,0,0,0,0.07565396,0,0,0,0,0,0,0,0.1876369,0,0.1272877,0,0,0,0,0,0,0,0,0,0,0,0,0.09141324,0.03145242,0,0.248227,0,0.1123897,0.1416202,0,0,0,0,0,0,0,0,0,0,0,0.0385849,0,0,0,0,0,0,0,0,0,0.2001001,0,0.2154521,0,0,0,0,0,0,0,0,0,0,0,0,0,0,0,0,0,0,0,0,0,0,0,0,0,0,0,0,0,0,0,0,0,0,0,0,0,0,0,0,0,0,0,0,3.540213,2.586502,0,0,0,0,0,0,0,0,0,0,0,0,0,0,0,0,0,0,0,0,0,1.691307,5.748971,0,5.489902,0,0,0,0,0,0,0.1162227,0,0,0,0,1.060188,0.3107544,0,0,0,0,1.780632,1.697929,2.39163,2.43092,3.907541,1.465433,1.555557,0.8370715,0,0,0,0,0,0,0,0,0,0,0,0,0,0,0,2.319649,0,4.81412,0,10.53562,0,0,0,1.906208,0,5.733445,0,0,0,0,0,0,0,0,0,0,0,0,0,0,0,0,0,0,0,0,0,6.823302,0.08971707,0,0,0,0,0.5234686,3.587844,0,0.2513176,3.516977,5.304481,0,2.938465,0,2.559796,0,0,0,0,1.368374,3.803626,0.1889982,1.10097,0,0,0,0,0.8541337,0,0,0,0,0,0,0,0,0,0,0,0,0,0,0,0,0,0,0,0,0.1086039,0,0.04759477,0.3757335,0,0,0,0,0,0,0,0,0,0,0,0,0,0,0,0,0,0,0,0,0,0,0,0,0,0,0,0,0,0,0.280653,0,0,0,0,0,0,0.1830008,0,0,0,0,0,0,0,0,0,0,0,0,0,0,0.2838666,0,0,0.07704575,0,0,0,0,0,0,0,0,0,0,0,0,0,0,
0,0,0,0,0,0,0,0,0,0,0,0,0,0,0,0,0,0,0,0,0,0,0,0,0.2583466,0.2095718,0,0,0,0,1.276047,0.1974188,0,0,0,0.2052487,0,0,0,0,0,0,0,0,0,0,0.06698442,0,0.5191464,0,0,0,0.1174793,0,0,0.2458985,0,0.02294696,0.29418,0,0,0,0,0,0.1607786,0.4090479,0.4870747,0,0.2251593,0.2488745,0,0,0.1783622,0,0.01183705,0,0,1.857299,3.428916,3.217675,5.073638,5.359269,0.7995877,0,0.3517295,0,0.2856211,0,0,0,0,0,0,0,0,0,0,0.09225051,0,0,0.5235423,0,0.2203891,0,0.1431131,0,0,0,0,0,0,0.4917475,0,0,0.1623084,0.156981,0.0600851,0.1444857,0.3247178,0.2467369,0.07788262,0.02698358,0.1040247,0,0.05949393,0,0.008437871,0.05111337,0.3275003,0,0,0,0,0.2288305,0.05016734,0,0,0,0.2234019,0.1234788,0.3708706,0.08192705,0,0,0.009060399,0,0,0,0,0.05613766,0,0,0.09552293,0,0.2392699,0.09524992,0.2968161,0.09372441,0,0,0,0.1109476,0,0,0,0,0,0,0,0,0,0,0,0,0,0,0.3964919,0,0,0,0,0,0,0,0.6029901,0,0.006442247,0.1257466,0.02368872,0,0.1744577,0,0,0,0,0,0,0,0,0,0,0,0,0.51902,0.006093159,0.4578629,0,0,0,0,0.03211292,0,0,0,0,0,0,0,0,0,0,0,0,0,0,0,0,0,0,0,0,0,0,0,0,0,0,0,0,0,0,0,0,0,0,0,0,0,0,0,0,0,0,0,0,0,0,0,0.0154101,0,0,0,0,0,0,0,0,0,0,0,0,0,0,0,0,0,0,0,0,0,0,0,0,0.01740522,0,0,0,0,0,0,0,0,0,0,0,0,0,0,0,0,0,0.2688716,0,0,0,3.920598,0.6340161,0,0,0,0,0,0,0.3531672,0,0.5484695,0,0,0,0.7926335,0.2200197,0,0,0.2015178,0.7028087,3.108416,1.232518,1.2278,4.465169,1.289965,0,0,0,0,0,0,0,0,0,0,0,0,0,0,2.131702,0,0,3.528286,0,9.244708,4.424052,0,0.2853595,1.13191,8.200755,1.2111,0,0.9512786,0,0,0,0,0,0,0,0,0.09553988,0,0,0,0,0,0,0,0,0,0,0,0,6.303039,11.77243,0,0,0.7707275,2.593354,5.284173,0.04833077,5.407565,0,0.4739586,3.290232,0,2.185132,0.6123159,0,2.550308,0,3.751618,0,0,0,0,0,0,0,0,0,0,0,0,0,0,0,0,0,0,0,0,0,0,0,0,0,0,0,0,0,0,0,0,0.1829876,0,0,0,0,0,0,0,0,0,0,0,0,0,0,0,0.702493,0,0,0,0,0,0,0,0.2154385,0,0,0,0,0.3518931,0,0,0.2905773,0,0,0,0.2369626,0,0,0,0,0,0.4449267,0,0,0,0,0,0,0,0,0,0.02838426,0.2468984,0.2427396,0.3477575,0.004256494,0.2425486,0,0,0,0,0,0,0,0,0,0,0,0,
0,0,0,0,0,0,0,0,0,0,0.3547319,0,0,0,0,0,0,0,0,0,0,0,0,0.5308222,0.007209583,0.02498616,0,0,0,0,0,0,0,0,0,0,0,0,0,0,0,0.1062624,0,0,0,0,0.1494961,0.7784576,0.2555337,0.1147002,0,0.03511298,0,0,0.2625317,0.01878236,0.0712461,0.1258643,0.0561108,0,0,0,0,0.1191712,0,0.08490703,0.3640361,0.3455094,0.1066805,0,0,0.5260416,0,0,0,0.5190322,0,0,0.6233449,3.024549,2.1232,0.740793,0.2088065,0.5663894,0,0,0.1410473,0,0,0,0,0,0,0,0,0,0,0,0,0,0,0,0,0.2507263,0.4055437,0.3235973,0,0.3599281,0.0661185,0,0.3026984,0.3575523,0.07567478,0,0.1752921,0.1062145,0.008753978,0,0,0.03854019,0,0,0,0,0.567643,0.1847748,0.1651481,0,0.2117241,0,0,0,0,0.1291249,0.302815,0.1503943,0,0,0,0.2232479,0.1702998,0.3263993,0,0,0,0.1350249,0.1368714,0,0,0.4662739,0,0,0,0,0,0,0,0.4465051,0.07788347,0,0,0.07001348,0,0,0,0.3631901,0.1220628,0,0,0.1248013,0,0.400721,0,0,0,0.29589,0,0,0,0,0,0,0,0.4813365,0.1829633,0,0,0,0.3815043,0.4070513,0,0,0.02908679,0,0,0,0,0,0,0,0,0,0,0.1810571,0,0,0,0,0,0,0,0.3054444,0,0,0,0,0,0.02299281,0,0,0,0,0.001281054,0,0,0,0,0,0,0.1895527,0,0.08475206,0.0992115,0.3223116,0,0,0,0,0,0,0,0,0,0,0,0,0,0,0,0,0,0,0,0,0.3264051,0,0,0,0,0,0,0,0,0,0,0,0,0,0,0,0,0,0,0,0,0,0,0,0,0,0,0,0,0,0,0,0,0,0,0,0,0,0,0,0,0,0,0,0,0,0,2.639723,0.2930262,0,0,1.121772,0,0.04397386,0,0.04007979,0.152801,0,0,0.6246476,0,1.121987,0,0,0,0,0.8948262,1.098535,0,1.339447,0.2183151,0,1.074887,0,1.506806,0,2.763089,0.3613403,0,0,0,0,0,0,0,0,0,0.2814426,0,0,3.59256,2.354881,5.034413,1.927744,0,0,0,0.8779084,3.429706,3.532939,6.025526,4.241203,0,3.829414,2.362067,0,0,0,0,0,0,0,0,0,0,0,0,0,0,0,0,0,0,0,0,0.8204208,2.152881,2.836699,0,0,1.287998,1.288199,5.616488,3.823428,0.4378895,0,0,0,0,0,3.487317,0,2.439184,4.893273,0,0,0,0.9171249,1.157056,0,0,0,0,0,0,0,0,0,0,0,0,0,0,0,0,0,0,0,0,0,0,0,0,0,0,0,0,0,0,0,0.3999984,0,0,0,0,0,0,0,0,0,0,0,0,0,0,0,0,0,0,0,0,0,0,0,0,0,0,0,0,0,0,0,0.5451549,0,0.03245484,0.2220998,0,0,0,0,0,0,0,0,0,0,0,0,0.0905859,0,0.05102361,0.05532953,0.01815891,0,0,0,0.4239672,0,0,0,0,0,0,0,0,0,
0,0,0,0,0,0,0,0,0,0,0,0,0,0,0,0,0,0,0,0,0,0,0.1907747,0.1444034,0,0,0,0.09526277,0.04414677,0.9743724,1.843733,0,0,0,0,0,0,0,0,0,0,0,0,0.3791503,0,0,0.6461033,2.554678,0,0,0.4864976,0.09461647,0.534555,0,0.3898892,0,0.01956368,0,0,0,0,0.1042777,0.2912941,0.1790636,0.05798875,0,0,0,0.2784073,0.3265467,0.3159688,0,0.6357595,0,0.01330326,0,0.1801111,0,0.5370475,0,0.335242,0,0.7548715,0.09672257,0,0.4296805,0.09172402,0,0,0,0,0,0,0,0,0.2407856,0,0,0,0,0,0.07053095,0,0.108619,0.1535677,0,0.1890961,0,0,0,0,0,0.3411608,0.4137717,0,0,0,0,0,0,0.1678647,0.07054167,0,0.06313283,0.4041311,0.1679929,0.1302234,0,0,0,0,0.04568595,0,0.001349949,0,0,0,0.2113588,0,0,0,0.1820734,0.07954348,0.03850771,0,0,0,0,0,0,0.105494,0.2986819,0,0,0,0,0,0,0,0,0.0320944,0.2326799,0.05301198,0,0,0,0.08953533,0,0.03288319,0,0.165274,0.1437735,0.1921957,0,0,0.3313753,0,0,0,0,0,0,0,0,0,0.1072289,0,0,0,0,0.1467521,0,0,0,0,0,0,0,0,0,0,0,0,0.5429929,0,0,0,0,0,0,0.1641253,0,0,0,0,0,0,0,0,0,0,0.1243275,0,0,0,0,0,0,0,0,0,0,0,0,0,0,0,0,0,0,0,0,0,0.1511628,0,0,0,0,0,0,0,0,0,0,0,0,0,0,0,0,0,0,0,0,0,0,0,0,0,0,0,0,0,0,0,0,0,0,0,0,0,0,0,0,0,0,0,0,0,0,0,0,0,0,0,0,0,0,0,0,0,0,0,2.243948,0.02567216,0,0.1593846,0,0.2996668,0,0,0,0,0,0,0.665021,0,0,1.146676,0,0,0.1141269,0,0,0,0,0,0,0,1.06534,0.9246889,0,0.9523293,0,0,0,0,0,0.1384186,0.4921845,0,0.1038028,0,0,3.338165,0.3989625,0,0.5559162,0,0,1.531593,0,5.314181,0,5.643191,3.66565,2.789497,0,0,4.133326,0,0.03367085,0,0,0,0,0,0,0,0,0,0,0,0,0,0.01971964,0,0,0,0,0,8.112871,0.5640843,0.9397416,0,0,0,0,5.844453,0.2861129,1.039145,0,0,0,2.970779,2.249029,0,6.642453,1.471647,1.596609,0,0,0,0.4069256,0,0,0,0,0,0,0,0,0,0,0,0,0,0,0,0,0,0,0,0,0,0,0,0,0.001224041,0,0,0,0,0,0.2971105,0,0,0,0,0,0,0,0,0,0,0,0.0242296,0,0,0,0,0,0,0,0,0,0,0,0,0,0,0,0,0,0,0,0,0,0.3151725,0.1553087,0,0.1054329,0,0.1754686,0.1832919,0,0,0,0,0,0,0,0,0,0,0,0,0.09205743,0,0,0,0,0,0,0,0,0,0,0,0,
0,0,0,0,0,0,0,0,0,0,0,0,0,0,0,0,0,0,0,0,0,0,0,0.01594856,0,0.5390079,0,0,0.0697497,0,0,0,0,0,0,0,0,0,0,0,0,0,0,0,0,0,0,0,0,0.008207605,0,0,0.06420641,0,0.03171564,0,0,0.2152839,0,0,0,0,0.1880058,0,0.03138901,0,0.05923419,0.1197835,0,0,0.2551532,0,0.02522571,0.07465541,3.525878,0.01193915,0.4599375,0,0,0,0,0.1590815,0.5558719,0,0.290651,0.2419482,0,0.1284715,0,0,0,0,0,0,0,0,0,0,0,0,0,0,0,0,0,0,0,0,0.1051608,0,0.09933794,0.33879,0,0,0,0.09100511,0,0,0.04588011,0.05861576,0.1151985,0,0,0,0,0,0,0.193308,0,0,0,0.1192264,0.1543805,0,0,0.02835982,0,0.1538735,0.04983626,0,0,0,0,0,0.1444973,0.5861064,0.2320415,0,0,0.2183122,0.6398755,0.2640834,0,0,0,0,0,0.2376612,0,0,0,0,0.4146063,0.1453786,0,0.4091107,0.1816734,0,0.1520549,0.3742639,0,0.2089919,0,0.004105889,0,0,0.1331719,0.3575198,0.02080726,0,0,0.07915041,0,0.3094801,0,0,0,0.2703352,0.2523273,0,0,0,0,0,0,0,0,0,0,0,0,0,0,0.4376695,0.400654,0.004222388,0.3847356,0,0,0,0,0,0.06369601,0,0.2301405,0,0,0,0,0,0.252322,0,0,0,0.3697571,0,0.5361184,0,0,0,0,0,0,0,0,0.117559,0,0,0,0,0,0,0,0,0,0,0,0,0,0,0,0,0,0,0,0,0,0.1752727,0,0,0,0,0,0,0,0,0,0,0,0,0,0,0,0,0,0,0,0,0,0,0,0,0,0,0,0,0,0,0,0,0,0,0,0.006255132,0,0,0,0,0.493946,0.01546205,0.01812142,0,1.068136,0,0,0.2421322,0,0,0,0,0,0,0.0719669,0.5808263,0,0,0,0,0,0,0,0,0,0,0,0,0,0,0.1189324,0.1617878,0,1.024499,0.8209639,0,0,0,0,0,0,0,0,0.3023917,0.3796671,2.69628,4.336816,0,0,6.645089,3.73112,11.06852,2.115057,2.329171,0,2.782268,0,12.46406,8.673129,0,7.748579,6.881241,0,0,0,0,0,0,0,0,0,0,0,0,0,0,0,0,0,2.27877,3.234118,0,0,0,0,0,0,0,0,0,0,3.982899,0,0,0.1532533,0,5.355353,1.723053,3.681957,4.268208,0,2.371488,3.100959,0,0,0,0,0,0,0.3466928,0.06227787,0,0,0,0,0,0,0,0,0,0,0,0,0,0,0,0,0,0,0,0,0,0,0,0,0,0,0,0,0,0,0,0,0,0,0,0,0,0,0.07983081,0.04499887,0.1329978,0,0,0,0,0,0,0,0,0.2844044,0,0,0,0,0.05851579,0,0,0.07093567,0.4704007,0,0.1348716,0,0,0,0,0.09428258,0.01597678,0,0,0,0,0,0,0,0,0,0,0,0,0,0,0,0.08255225,0,0,0,0,0,0,0,0,
0,0,0,0,0,0,0,0,0,0,0,0,0,0,0,0,0,0,0,0,0.1031552,0.5150813,0,0.06928296,0.6651203,0,0,0,0.2086684,0.3027226,0,0,0,0,0,0,0,0,0,0,0,0,0,0.166175,0,0.04460405,0.03840919,0,0,0.3979803,0.202604,0.2538649,0.09005341,0.008627906,0.1718254,0,0.2224035,0.07206596,0,0.03051263,0,0,0,0,0,0,0,0.00253369,0.3281946,0,0.406122,0,0,0.1686736,4.102558,0,0,0,0.2970192,0,0,0,1.264579E-05,0,0.871944,0,0,0.1931053,0,0,0,0.110517,0,0.01210571,0,0,0,0.1659695,0,0,0,0,0,0.29862,0.3283955,0,0.6771365,0,0,0,0,0,0.07039572,0,0,0.1019647,0.5851941,0,0.2096506,0.2854388,0,0,0.1786681,0.1409713,0,0,0,0,0,0,0,0,0,0,0.4478218,0,0,0,0,0.1317276,0,0,0,0.2664204,0,0,0,0.1942666,0,0,0,0,0,0,0,0.1016817,0.06277834,0.004691672,0.09493732,0,0.06889245,0.03892813,0,0.002752608,0.4075955,0.04774004,0.05218476,0,0,0,0,0.3724528,0.5162228,0,0,0,0,0.2424747,0,0,0.3051551,0,0.08458423,0,0.2202091,0,0,0.1913925,0.09544741,0,0,0.4205242,0,0,0,0,0,0,0,0,0,0,0,0,0.5698676,0.5039235,0,0,0,0,0,0,0,0,0,0,0,0,0,0,0,0,0,0,0,0,0,0,0.001704874,0.469119,0,0.04285222,0,0,0,0.06553905,0,0,0,0,0,0,0,0,0.07423044,0.08910518,0,0,0,0,0,0,0,0,0,0.3072633,0,0,0,0,0,0,0,0,0,0,0,0,0,0,0,0,0,0,0,0,0,0,0,0,0,0,0,0,0,0,0,0,0,0,0,0,0,0,0,0,0,0,0,0,0.1685253,0,0,0,0,0,0.1540713,0.0455125,0.0236778,0,0,0.2485675,0.123784,0,0.6160417,0,0,0.7021315,0,0,0,0,0.6829056,0,0,0,0,0,0.2547423,0,0.04233048,0,0,0,0,0,0,0,0,0,0,0,0,5.355731,0,3.38315,3.162816,6.089417,4.212874,7.380314,6.00522,7.927126,0,7.651984,1.651523,1.636421,2.927016,3.91727,0,0,0.4730625,0,0,0,0,0,0,0,0,0,0,0,0,0,0,0,1.88342,1.750071,0,0.1843859,0,0,0,6.624846,0,1.150359,8.559603,6.200733,0,1.956389,3.614354,3.313721,7.92977,0,4.619194,3.760439,0,0,1.445966,2.094392,0,0.3003595,0,0,0,0.1701341,0,0.4895173,0,0,0,0,0,0,0,0,0,0,0,0,0,0,0,0,0.06548994,0,0,0,0,0,0,0,0,0,0,0,0,0,0,0,0,0,0,0,0,0,0,0,0,0.1787519,0,0,0,0,0,0,0,0,0.5153947,0,0,0,0,0,0,0,0,0,0,0,0,0,0,0,0,0,0,0,0,0,0,0,0,0,0,0,0,0.343341,0.3696105,0,0,0,0,0.1053505,0,0,0,0,0,0,
0.08383065,0,0,0,0,0,0,0,0,0,0,0,0,0,0,0,0,0,0,0.889418,0,0,0.2690533,0.5257906,0.4002383,0,0.02531699,0,0,0,0,0,0,0,0,0,0,0,0,0,0,0,0,0.3389188,0,0,0,0.01662087,0.03683377,0,0.12476,0,0,0,0,0,0,0.4785723,0.1769105,0,0,0,0.07053576,0,0.1299083,0,0,0,0,0,0,0.1152202,0.04055812,0.01447365,0.2612298,0,0.6894512,0.05736762,1.100523,0,0,0,0,0,0.1243449,0.02512219,0,0,0,0,0,0,0,0,0,0,0,0,0,0,0,0,0,0,0.1494312,0,0,0.1903678,0,0.03978027,0,0.04316133,0.1314762,0,0.1530676,0,0.08814128,0,0,0.01607295,0,0,0.1549914,0,0,0.1198786,0,0,0.07643462,0,0,0.1532523,0,0,0.3251827,0,0,0.198846,0,0.1022245,0,0,0.1169769,0.2103454,0,0,0.1261747,0,0.1755064,0,0,0.1476846,0,0.1895224,0.4340105,0,0,0,0,0.3790871,0,0,0,0,0.4221442,0,0,0.1870213,0.2471132,0,0,0.2761581,0.293228,0,0.3753751,0,0.003793456,0.1729278,0.3457272,0,0.3459365,0.3889859,0.1804934,0,0.173281,0.2141937,0.4961415,0,0.008283284,0.3207911,0.1013563,0,0,0,0,0,0,0.1051218,0,0,0.000612545,0,0,0,0,0,0.07906602,0,0,0,0,0.06770457,0,0,0,0,0,0,0,0,0.04064602,0,0,0,0,0,0,0,0,0,0,0,0,0,0,0,0,0,0.0611867,0,0,0,0,0,0,0,0,0,0,0,0,0,0,0,0,0,0,0,0,0,0,0,0,0,0,0,0,0,0,0,0,0,0,0,0,0,0,0,0,0,0,0,0,0,0,0,0,0,0,0,0,0,0,0,0,0,0,0,0,0,0,0,0,0,0.0510937,0,0.3194195,0,0.2086711,0,0,0.1425361,0,0,0,0,0,0,0,0,0,0,0,0.5393578,1.156144,0.4904168,0,0.2545871,0,0,0,1.131561,1.303263,0,0,0,0,0.1060247,0,0,0,0,0,0.6908217,0,0,1.152069,4.29222,0,0,0,12.15636,2.792136,10.54313,0,0,3.848688,8.565626,1.054402,0.7404683,0,0,0,0,0,0,0,0,0,0,0,0,0,0,0,0,0,0,0,7.41462,0,0,1.247431,9.963823,1.202802,0,5.968451,1.529842,0,0,0,6.755499,0.9079127,0,0,0,2.293379,0.6090761,0,0,1.217508,0,0.5616023,0,0.1333785,0,0,0,0,0,0,0,0,0,0,0,0,0,0,0,0,0,0,0,0,0,0,0,0,0,0,0,0,0,0,0,0,0,0,0,0,0.1333085,0.219367,0,0,0,0.1351527,0,0,0,0,0,0,0,0,0,0,0,0,0,0,0,0,0,0,0,0.05426523,0,0,0,0,0.05507026,0,0.03294323,0,0,0,0,0,0,0,0,0.2501325,0,0,0,0,0,0,0,0,0,0,0,0,0,0,0,0,0,
0.2058697,0,0.0002819246,0,0,0,0,0,0,0,0,0,0,0,0,0,0,0,0,0,0,0,0,0,0,0,0,0,0,0,0,0,0,0,0,0,0,0,0,0,0,0,0,0,0,0,0,0,0.355108,0.3261629,0.3150087,0,0.2930484,0,0.07827056,0.1873946,0.1102737,0,0.1580571,0.4584544,0,0.3789638,0,0.1111958,0.01434793,0.2146495,0,0,0,0,0,0.2317089,0.1290722,0,0.2292053,0.204183,0,2.051243,0.2303544,0.6548229,0.3606959,0.01474856,0.372966,0,0.1869653,0,0,0.5112851,0.04987081,0.09878039,0,0,0,0,0,0,0,0,0,0,0,0,0,0,0,0,0,0.06861289,0.7542199,0,0,0,0,0,0.2459007,0,0.3307835,0.1852318,0,0,0,0.2816877,0,0.07750098,0,0,0,0.3637904,0,0,0,0,0.3347228,0,0,0.1260522,0.3915447,0,0,0,0,0,0.202187,0,0.0208857,0,0,0,0,0,0.2654671,0,0.2275417,0,0.3604804,0,0,0.2889309,0,0.2421851,0.3498962,0,0,0,0,0.3867542,0,0,0,0,0.381811,0.1965913,0,0,0.05816042,0.2678171,0.3172141,0.1776694,0.3761359,0,0,0,0,0,0,0,0,0,0,0.1240693,0,0,0,0,0,0,0,0,0,0,0,0,0,0,0.05171549,0,0,0,0,0.3983614,0.5331929,0,0,0,0,0,0,0,0,0,0,0,0.06766652,0.08498663,0,0.2506984,0.1874954,0,0,0,0,0,0,0,0,0,0,0,0,0,0,0,0,0,0,0,0,0,0,0,0,0,0,0,0,0,0,0,0,0,0,0,0,0,0,0,0,0,0,0,0,0,0,0,0,0,0,0,0,0,0,0,0.2427614,0,0,0,0,0,0,0,0,0,0,0,0,0,0,0,0,0,0.06403274,0,0,0.7893134,0,0,0.1340862,0.1830273,0,0.2389293,0.2554132,0,0.05887007,0,0.2641504,0,0.3059661,0,0,0,0.05821499,0,0,1.121998,0.3382051,0.8318678,0.3785462,0.1231226,0,0,0.2390646,0,0,0,0.3983755,0.05079812,0,0.2277514,0,0,0,0,0,0.1073207,0,2.911859,2.395947,0,0,12.14881,2.04884,0,11.38343,2.457798,9.989417,0,1.925279,3.188766,2.476592,1.217,1.770181,1.71175,2.479586,0.2069229,0,0,0,0,0,0,0,0,0,0,0,0,0,0,0,1.548662,0,0,0,0,0,0,2.965286,0,3.390801,1.450138,1.845502,4.6675,0,0,9.268596,0,6.589962,0,3.871688,4.417791,0.7116442,0,0.2664798,0,0,0.1899914,0,0.1885029,0,0,0,0,0,0,0,0,0,0,0,0.1934172,0,0.03221976,0,0,0,0,0,0,0.1069135,0,0,0,0,0,0,0,0,0,0,0,0,0,0.02170609,0,0.01610212,0,0,0,0,0,0,0,0,0.3475543,0,0,0,0,0,0,0.3438442,0,0,0,0.1826723,0.1999682,0.168646,0.03817714,0.233572,0.1483152,0,0,0,0,0,0,0,0,0,0,0,0,0.06644166,0,0,0,0,0.07178792,0.4851399,0,0,0,0,0,0,0,0,0,0,0,
0.04190724,0.08618791,0,0.106886,0,0,0,0,0,0,0,0,0,0,0,0,0,0,0,0,0,0,0.1608977,0.3388951,0,0,0,0,0,0,0,0,0,0,0,0,0,0,0,0,0,0,0,0,0,0,0,0,0,0.06454344,0,0,0.0329729,0.08703824,0,0.4866295,0,0.4485876,0.07536612,0,0,0.08789653,0.1647665,0.1742475,0,0,0.0686131,0,0.2030448,0.3238933,0,0,0,0,0,0.04916018,0,0,0.150691,0,0,0,0,0,0,0,0.3845693,0,0,0.156749,0.1394106,0.01512643,0,0,0.1600832,0,0,0,0,0,0,0,0,0,0,0,0,0,0,0.09749956,0.04603843,0.4562997,0,0.3841852,0,0,0.1639088,0.3414403,0.07306846,0,0.06595042,0.5183768,0.1467615,0.1250766,0,0.1912091,0.1275117,0,0.1026497,0.150573,0,0,0,0.1410174,0,0,0,0,0,0,0.01470355,0.007764713,0,0,0.2960113,0,0,0,0,0.0805147,0,0.07088596,0,0,0,0,0,0,0.08441903,0,0,0.449029,0,0,0,0,0,0.0206578,0.1043155,0,0,0,0,0.08295728,0.4234905,0.07194668,0,0.1003857,0.002721723,0,0,0,0,0,0,0.07993604,0.375326,0.03254558,0,0,0.3133357,0,0.1885422,0,0,0,0,0,0,0,0,0,0,0,0,0,0,0,0,0,0,0,0,0,0,0,0,0,0,0,0,0,0.1796739,3.847854,0.083356,0,0,0,0,0,0,0,0,0,0,0,0,0,0,0,0,0,0,0,0,0,0,0,0.09593771,0,0,0,0,0.5408032,0.1154337,0,0,0,0,0,0,0,0,0,0,0,0,0,0,0,0,0,0,0,0,0,0,0,0,0,0,0,0,0,0,0,0,0,0,0,0,0,0,0,0,0,0,0,0,0,0,0,0,0,0,0,0,0,0,0.07157853,0,0.09236315,0,0,0.3385988,0,0,0.1023201,0,0,0,0,0,0,0.04857621,0.08219617,0,0,0,0,0,0,0,0,0,0,0,0,0,0,0,0,0,0,0,0,3.090872,4.94387,0,0,0,9.242924,6.841083,6.606822,0,0.07500667,0,5.687593,5.676332,0.3401845,0.9961373,0.2197066,2.888085,0,0.06972373,0,0,0,0,0,0,0,0,0,0,0,0,0,0,0,1.784001,6.692233,0,5.095683,0,0,0,2.867997,0,0,2.182112,8.349102,2.377888,2.077495,13.95022,9.883869,0,2.605448,0,0.4711236,0,0,0,0,0.09772864,0,0,0,0,0,0,0.4725581,0,0,0,0,0,0,0.1190458,0,0,0,0,0,0,0,0,0,0,0,0,0,0,0,0,0,0,0,0,0,0,0,0,0,0,0,0,0,0,0,0.1052828,0,0,0,0,0,0,0,0,0,0,0,0,0,0.4548539,0,0,0,0,0,0,0,0,0,0,0,0,0,0,0,0,0,0,0,0,0,0,0,0,0,0,0,0,0,0,0,0,0,0,0,
0.4209014,0,0.1115143,0,0,0,0,0,0,0,0,0,0,0,0,0,0,0,0,0,0,0,0,0,0,0,0,0,0,0,0,0,0,0,0,0,0,0,0,0,0,0,0,0,0,0,0,0,0,0.0591817,0.07868807,0,0,0,0,0.2306186,0,0,0.06376179,0,0,0,0.2660939,0.1117472,0.0143981,0,0,0,0,0,0,0.6030999,0,0,0,0.08332335,0,0,0,0,0,0,0,0.1836174,0.05202519,0.2813366,0.001337757,0,0.1065815,0,0.2434528,0.007661174,0,1.108279,0,0,0,0,0,0,0,0,0,0,0,0,0.005716399,0.6033175,0.01588324,0,0,0.05141777,0,0.269819,0,0,0.07751689,0.4679318,0,0,0,0.2341168,0.4169344,0,0.4989158,0,0.6307302,0.0236444,0.1883535,0.4321364,0.4914038,0,0.04616037,0,0,0,0,0.1080225,0,0.2062855,0.1112918,0.1495637,0.3747965,0.2671842,0,0.3291659,0,0,0,0.1580805,0.220819,0.216625,0,0.09716273,0.06900635,0,0.2068802,0.1128959,0.0760428,0,0,0.03300462,0,0,0,0,0,0,0,0,0.4824261,0,0,0,0,0,0,0,0,0,0,0,0.4587701,0.05029298,0.03662558,0,0.03748975,0,0.04116409,0,0.02894293,0,0,0,0,0,0,0,0,0,0,0,0.3907324,0,0,0,0,0,0,0.1976463,0,0,0.176807,0,0.2104472,0,0.0282083,0,0,0.3075799,0,0,0,2.170069,4.104473,1.344299,0.04343168,0,0,0,0,0,0,0,0,0,0,0,0,0,0,0,0,0,0,0,0,0,0,0,0,0.1511596,0,0,0,0.01269667,0,0,0,0,0,0,0,0,0,0,0,0,0,0,0,0,0,0,0,0,0,0,0,0,0,0,0,0,0,0,0,0.1074889,0,0,0,0,0,0,0,0,0,0,0,0,0,0.22469,0,0.06840929,0.5036436,0.2736285,0.4179716,0,0,0.07926003,0,0.2851454,0,0,0,0,0.09237184,0,0.06412666,0,0,0,0,0,0,0,0,0,0,0,0.7949341,0.3260085,0,0,0,0,0,0,0,0,0,0,0,0,0,0.3376456,2.954086,0,0.5237648,5.917332,3.272745,5.621071,4.023177,4.631423,0,0,0,5.739634,1.601604,0,4.682983,0,0,0.4973658,0.4528047,0,0,0,0,0,0,0,0,0,0,0,0,0,0,0,0,0,0,0,6.706724,0,5.325371,0,0,2.296995,0,0.500893,4.098783,7.488686,0,6.219639,7.277878,0,0.7102123,0.4371523,1.302716,0,0.2832538,0,0,0,0,0,0,0,0.1649437,0,0,0,0,0,0,0,0,0,0,0,0,0,0,0,0,0,0,0,0,0,0,0.1520449,0,0,0,0,0,0,0,0,0,0,0,0,0,0,0,0,0,0,0,0,0,0,0,0,0,0,0,0,0,0.1325055,0,0,0,0,0,0,0,0,0,0,0,0,0,0,0.06590375,0,0,0,0,0,0,0,0,0,0,0,0,0,0,0,0,0,0,0,0,0,
0.2412061,0.1717783,0,0,0,0,0,0,0,0,0,0,0,0,0,0,0,0,0,0,0,0,0,0,0,0,0,0,0,0,0,0,0,0,0,0,0,0,0,0,0,0,0,0,0,0,0,0,0,0,0.04796604,0.6298605,0,0.2237899,0,0,0,0.1874384,0,0,0,0,0,0,0,0,0,0,0.2368787,0.1295611,0.1995543,0,0.1386861,0.1172952,0.05801188,0.4178681,0,0,0,0,0,0,0,0,0,0,0.2353604,0,0.1967866,0,0,0.2085095,0.09273572,0.1946785,0,0,0,0,0,0,0,0,0,0,0,0,0.2076087,0,0.07507306,0,0.05967685,0.1979459,0,0,0,0,0,0.2452995,0,0,0,0.2123838,0,0,0,0.03891458,0,0,0.2029911,0.1490378,0.1197796,0,0.3663026,0,0.0145631,0.09468234,0,0.1540318,0.2397979,0,0,0,0.2552626,0.00265026,0,0,0.1573691,0,0.09283274,0.2846397,0,0.1478947,0,0,0,0.1852534,0.3195242,0.1933985,0.3383874,0,0,0,0,0,0,0,0,0.1155737,0.3053939,0,0,0,0,0,0,0,0.09907255,0,0.4892224,0.1871132,0.008182082,0,0.4507063,0,0,0,0.2746516,0,0,0,0,0,0.02040369,0,0,0,0,0,0,0,0,0,0,0,0,0,0,0,0,0,0,0,0.5248963,0,0,0,0.1267855,0,0,0,0.4253128,0.6760897,0,2.966021,3.101167,5.895587,3.166698,0,0,0,0,0,0,0,0,0,0,0,0,0,0,0,0,0,0,0,0,0,0,0.1649098,0,0,0,0,0,0,0,0,0,0,0,0,0,0,0,0,0,0,0,0,0,0,0,0,0,0,0,0,0,0,0,0,0,0,0,0,0,0,0,0,0,0,0,0,0,0,0,0.1395148,0,0,0,0,0,0,0,0,0,0.2591339,0,0,0,0,0,0,0,0,0,0,0,0,0,0,0,0.2516595,1.048265,0,0.003902465,0,0,0,0,0,0,0.04566266,0,0,0,0,0,0,0,0,0,0,0,0.6023363,0,0,3.695999,0,3.34505,1.155486,0,5.295368,6.58639,0.6737036,0,5.883809,7.778329,4.843874,4.913059,0,1.201779,0,0,0.60908,0,0,0,0,0,0,0,0,0,0,0,0,0,0,0,1.071727,0,5.997374,0,0,0,3.032696,0,7.740965,1.668165,5.026446,0,0,0,0,0,0,0,0,0,1.891767,0,0,0,0,0,0,0,0,0.9668955,0,0,1.246521,0,0,0.03168475,0,0,0,0,0,0,0,0,0,0,0,0,0,0,0,0,0,0,0,0,0,0,0,0,0,0,0,0,0,0,0,0,0,0.7300719,0,0.04819517,0.01816629,0,0,0.5472555,0,0,0,0,0,0,0,0,0,0,0,0,0,0,0,0,0,0.1606874,0,0,0,0,0,0,0,0,0,0,0,0,0,0,0,0,0,0,0,0,0,0,0,0,0,
0.01992753,0.1608609,0.2078845,0.07691558,0,0.0386594,0,0.1007845,0,0,0,0,0,0,0,0,0,0,0,0,0,0,0,0.1700794,0,0,0,0,0,0,0,0,0,0,0,0,0,0,0,0,0,0,0,0,0,0,0,0,0,0,0,0.3388465,0,0,0.2046561,0,0,0.2137338,0,0,0,0,0,0,0,0,0,0,0,0,0,0.08790626,0.634225,0,0.09729917,1.237215,0,0,0,0,0,0,0,0.1417519,0,0,0,0.1585323,0,0.0361089,0,0.07561795,0,0,0,0,0,0,0,0,0,0,0,0,0,0,0,0.0204318,0,0,0,0,0.4530985,0.05197357,0,0.06226544,0.008987653,0,0,0.02324181,0.017538,0.07116588,0,0.02242788,0,0.06314164,0.3702171,0,0,0.1862375,0,0,0,0,0.05149572,0,0,0.135411,0,0,0,0.1636424,0,0,0,0,0,0.2581733,0,0.01477331,0.196835,0,0,0.1474306,0,0,0.0786284,0,0,0,0.01354973,0,0,0,0,0,0,0.5714321,0.1261291,0,0.03568291,0.003715183,0,0,0,0.07287889,0,0,0,0,0.01207653,0,0,0,0,0,0.1931265,0,0.1178645,0,0,0,0,0,0,0,0,0.1469794,0,0,0,0,0,0,0,0,0,0,0.07415477,0,0,0.1350929,0,0.163096,0.180786,0.06551883,0.2861288,0.141793,0,0,0.1522872,0.7250865,0,2.059451,3.080057,3.446786,0,0,0,0,0,0,0,0,0,0,0,0,0,0,0,0,0,0,0,0,0,0,0,0,0,0,0,0,0,0,0,0,0,0,0,0,0,0,0,0,0,0,0,0,0,0,0,0,0,0,0,0,0,0,0,0,0.09100201,0,0,0,0,0,0,0,0,0,0,0,0,0,0,0,0,0,0,0,0,0,0,0,0,0,0,0,0.01649415,0,0.2202783,0,0,0,0,0,0,0,0,0,0.2726948,0,0,0,1.014944,0.2318052,0,0,0,0,0,0,0,0,0,0,0,0,0,0,0,0,0,0,0,0.8771583,0,2.604408,5.433979,0,5.338579,0,0,0.1881606,0.9363168,3.345212,0,0,0,3.466942,3.849834,0.01394442,0,0.09424385,0,0,0,0,0.02168784,0,0,0,0,0,0,0,0,0,0,0,3.455004,0,10.20318,0,3.69626,0,4.114735,0,0,6.303132,0,0,14.06395,3.085259,0,0,3.194877,0,1.397962,0,0,0,0,0,0,0,0,0,0,2.020728,0,0,0,0,0,0.03749554,0,0,0,0,0,0,0,0,0,0,0,0,0,0,0,0,0,0.2104943,0,0,0,0,0,0,0,0,0,0,0,0.04624802,0,0,0,0.09234006,0,0.3626117,0,0,0,0,0,0,0,0,0,0,0,0,0,0,0,0,0,0,0,0,0,0,0,0,0,0,0,0,0,0,0,0,0,0,0,0,0,0.0588815,0,0,0,0,0,0,0,0,
0.02477801,0.08154026,0,0.1125536,0.1054674,0.04304116,0,0.1297648,0,0,0,0,0,0,0,0,0,0,0,0,0,0,0,0,0,0,0,0,0,0,0,0,0,0,0,0,0,0,0,0,0,0,0,0,0,0,0,0,0,0,0,0,0,0.137952,0,0,0,0,0,0,0,0,0,0,0,0,0,0,0,0,0,0.2527229,0.1031886,0.1828248,0.4513601,0,0,0,0,0,0,0,0,0,0,0,0,0,0.0845745,0,0,1.26,0,0.1418981,0,0,0,0,0,0,0.01934028,0,0,0,0,0,0,0.2276631,0,0,0,0,0,0,0.3939243,0.2001395,0,0.06352989,0,0.4085092,0,0,0,0,0.001627755,0,0,0,0,0,0.3673498,0.2532671,0.3950378,0,0,0.05684466,0,0,0,0.198329,0,0,0,0.03922602,0,0.2539457,0,0.2795413,0,0.4770797,0,0,0,0,0,0.2438733,0,0,0.1158705,0,0.2180607,0,0,0,0,0,0,0.2104739,0.3514807,0,0.5053192,0,0,0.2176137,0.37498,0,0,0.1508642,0,0,0,0,0,0,0,0,0.1930973,0,0,0.1068217,0,0,0,0.2206738,0,0,0,0,0,0,0,0,0,0,0,0,0,0,0,0,0,0.05908278,0.1133851,0.09481333,0,0,0,0,0,0,0,0.3025651,1.091129,0,2.645819,0,0,0,0,0,0,0,0,0,0,0,0,0,0,0,0,0,0,0,0,0,0,0,0,0,0,0,0,0,0,0.07175174,0,0,0,0,0,0,0,0,0,0,0,0,0,0,0,0,0,0,0,0,0,0,0,0,0,0,0,0,0,0,0,0,0,0,0,0,0,0,0,0,0,0,0,0,0,0,0,0,0,0,0,0.4227822,0,0.06363188,0,0,0.1306397,0.1893183,0,0.9360878,0,0,0,0,0,0,0,0,0,0,0,0.4603265,2.067578,0,0,0,0,0,0.09709453,0,0,0,0,0,0,0,0,0,0.04990903,0,0,2.152477,3.339446,1.279843,6.021041,7.073785,3.616617,0,1.690068,6.725273,4.330405,4.907778,0,0,0,0,0,3.255605,0.8825451,0,0,0,0,0,0,0,0,0,0,0,0,0,0,0,0,1.249724,0.3878827,0,0,0,1.707082,4.401933,0,0,2.238316,4.743342,1.230081,2.777874,2.500558,1.735713,0,7.141963,4.074654,1.208283,0,1.98657,0,0,0,0,0,0,0,0,0,0,0,1.697564,0.3242782,0,0,0,0,0,0,0,0,0,0,0,0,0,0.1470136,0,0,0,0,0,0,0,0,0,0,0,0,0,0,0,0,0.1396904,0,0,0,0.3323827,0.2246386,0,0,0,0,0,0,0,0,0,0,0,0,0,0,0.801346,0,0,0,0,0,0,0,0,0,0,0,0,0,0,0,0,0,0,0,0,0,0,0,0,0,0.05241884,0.1417345,0,0,0,0.0740253,0,0,0,
0.2049333,0,0,0.2119938,0,0.3307558,0,0.3337598,0,0.183944,0,0,0,0.0607456,0,0,0,0,0,0,0,0,0,0,0,0,0,0,0,0,0,0,0,0,0,0,0,0,0,0,0,0,0,0,0,0,0,0,0.004789122,0,0,0,0.04965578,0,0.05812822,0.2103013,0.2087894,0.3561922,0,0,0,0,0,0,0,0,0,0,0,0.3352882,0,0,0.1015196,0,0.1446071,0,0,0,0,0,0,0,0,0,0.3975456,0,0.2548189,0,0,0.02800003,0.1491023,1.019628,0,0,0,0,0,0,0,0,0,0,0,0,0,0,0,0.09924575,0,0,0,0,0,0,0,0,0,0,0,0,0,0.2166284,0,0.204947,0,0.0164212,0,0.111863,0,0.1894168,0,0,0,0,0,0,0,0,0,0.01925562,0,0.1770829,0.0542207,0.01531541,0,0.2510986,0,0,0,0,0,0,0.1272201,0.3604583,0.1941705,0.2795565,0,0,0.4332173,0,0,0,0.4008562,0,0,0,0.3826857,0,0,0,0,0,0.0875143,0,0,0,0,0.2564293,0.2883841,0,0,0,0.004910052,0,0,0.1191818,0,0,0.07438958,0,0,0,0.3648243,0.1848741,0.1476811,0.3590592,0,0.04306199,0,0,0,0,0,0,0,0,0,0,0,0,0,0,0,0,0,0,0,0,0,0.2927712,0.09777696,0,0.235612,0.1178217,0,0,0,0,0,0,0,0,0,0,0,0,0,0,0,0,0,0.05106132,0,0,0,0,0,0,0,0,0,0,0,0,0,0,0,0,0,0,0,0,0,0,0,0,0,0,0,0,0,0,0,0,0,0,0,0,0,0,0,0,0,0,0,0,0,0,0.07452777,0,0,0,0,0,0,0,0,0,0,0,0,0,0,0,0,0,0,0,0,1.173619,0,0,1.042572,0,1.514482,0.9858193,0.3919971,0,0,0,0,0.1775157,0,0,0,0,0,0,0.3136366,0,0,0,0,0,0,0.4583586,0,0,0.02085767,0,0,0,0.06369253,0,0.03503402,0,0,1.053931,2.661336,4.336793,0,0.7167141,6.95771,4.225788,0,3.145924,4.039654,0,5.372249,0,0,2.723446,0,0,0,0,0,0,0,0,0,0,0,0,0,0,0,0,0,0,0,0,3.151559,0,0,0.513012,0,3.052597,0,9.097503,3.938688,0,0,0,0,0,0.1458005,0,0.9644124,0.3242649,0,0,0,0,0,0,0,0,0,0,0,0,0,0,0.3734536,0,0.4149921,0.5266029,0,0.6675613,0,0,0,0,0,0,0,0,0,0,0,0,0,0,0.001919571,0,0,0,0,0,0,0,0,0,0,0,0,0,0,0,0,0,0,0,0,0,0,0,0,0,0,0,0,0,0,0,0,0,0,0,0,0,0,0,0,0,0,0,0,0,0,0,0,0,0,0,0,0,0,0,0,0,0,0,0,0,0,0.9332103,0,0,
0.1505843,0.3352701,0,0,0,0,0,0,0,0,0,0.2854216,0.07998864,0.1866341,0,0,0,0,0,0,0,0,0,0,0,0,0,0,0,0,0,0,0,0,0,0,0,0,0,0.2340165,0,0,0,0,0,0,0,0,0,0,0,0,0,0,0,0,0,0,0,0,0,0,0,0,0,0,0,0,0,0,0,0,0,0,0.2713045,0,0,0,0,0,0,0,0,0,0,0,0.2779125,0,0,0,0,0.3739221,0,0,0.06948889,0,0,0.1224083,0,0,0,0,0,0,0,0,0,0,0.3827967,0,0,0,0,0.1095984,0.4988756,0,0,0.208409,0,0,0,0,0,0,0.08769441,0,0,0,0,0,0,0,0,0,0,0.4479324,0,0.1963934,0.07261637,0,0,0.3384176,0,0,0,0,0,0.4617865,0,0,0,0,0,0,0,0,0.5086632,0,0.07574001,0,0,0,0.3833774,0,0.0313864,0.04566279,0,0,0,0.002220509,0.03602251,0.07714704,0,0,0,0,0.1524583,0,0,0,0,0,0,0,0,0,0.4523456,0,0,0,0,0,0,0,0,0,0,0,0.1761745,0,0,0.1053695,0,0,0,0,0,0,0,0.305491,0,0,0.05359445,0.1346992,0,0,0,0,0,0,0,0.1085853,0,0,0,0,0,0,0,0,0,0,0.1571364,0,0.6151577,0,0,0,0,0,0,0,0,0,0,0,0,0,0,0,0,0,0,0,0,0,0,0,0,0,0,0,0,0,0,0,0,0,0,0,0,0,0,0,0,0,0,0,0,0,0,0,0,0,0,0,0,0.1764588,0,0,0,0,0,0,0,0,0,0,0,0,0,0,0,0,0,0,0,0.1439708,0,0.0505782,1.128913,0.4883342,1.525605,1.311395,6.73665,0,0,0,0,0,0.3354805,0,0,0,0,0,0,0,0,0.03487913,0,0,0,0,0,0,0,0,0,0,0,0,0,0,0,0,0,0,2.889702,2.226024,0,0,0,3.788164,4.88812,5.839756,4.507791,3.448364,0.4471631,0,2.842466,2.806935,4.625203,5.385309,4.228637,0,0,0,0,0,0,0.04290019,0,0,0,0,0,0,0,0,0,0,0.1662053,0,0,8.874488,0,0,6.779704,0,7.468601,0,0.8036641,0,1.574911,1.838978,3.309408,0,0,3.303642,0,0,0,0,0,0,0.02739547,0,0,0,0,0,0,0,0.2356377,0,0.3788182,0.1262427,0,0.1317055,0,0.03186531,0,0,0,0,0,0,0,0,0,0,0,0,0,0,0,0,0,0,0,0,0,0,0,0,0,0,0,0,0,0,0,0,0,0,0,0,0,0,0,0,0,0,0,0,0,0,0,0,0,0,0,0,0.5905412,0,0,0,0,0,0,0,0,0,0,0,0,0,0,0,0,0,0,0,0,0,0,0,0.04932083,0.7070361,
0,0.2188628,0,0,0.2929557,0,0.02108165,0.06496958,0,0.2002517,0,0.4093049,0,0.3030186,0,0,0,0,0,0,0,0,0,0,0,0,0,0,0,0,0,0,0,0,0,0,0,0,0,0.01240131,0,0,0,0,0,0,0,0,0,0,0,0,0,0.1705377,0.08971535,0,0,0,0,0,0,0,0,0,0,0,0,0,0,0.06937826,0,0.0109772,0,0,0,0,0.03710972,0,0,0,0,0,0,0.3976503,0,0,0,0,0.003736201,0.01816285,0,0.2294529,1.852883,0,0,0,0.02339384,0,0,0,0,0,0,0,0,0,0,0,0,0,0.1413457,0,0,0.04203588,0,0,0,0,0,0,0,0,0,0,0,0,0.4048826,0.0002166374,0.2527531,0,0,0,0,0.272466,0.003357325,0.1877791,0,0.1194341,0.1102369,0,0,0.07759267,0.06743,0,0,0.1758063,0.1924059,0.3194659,0,0,0,0,0,0,0,0.1430446,0,0.006781649,0,0.2722899,0,0,0.002241855,0.04862539,0,0.253402,0.1166139,0,0.151827,0,0.04914157,0,0.1835209,0,0,0,0,0,0,0,0,0,0,0,0,0,0,0.1508056,0,0,0,0,0,0,0,0.07350156,0,0.6244406,0,0.191523,0,0.02776707,0.4725338,0,0,0,0,0,0.4916142,0,0,0,0.373262,0.06023698,0,0.2469231,0.001908816,0.0295935,0,0.0608278,0,0.2572584,0.1599065,0,0,0,0,0,0,0,0,1.196056,3.452679,0,0,0,0,0,0,0,0,0,0,0,0,0,0,0,0,0,0,0,0,0,0.05088608,0,0,0,0,0,0,0,0,0,0,0,0,0,0,0,0,0,0,0,0,0,0,0,0,0,0,0,0,0,0,0,0,0,0,0,0,0,0,0,0,0,0,0,0,0,0,0.04434232,0,0,0,0,0,0,2.660793,0,2.136831,0.7999436,1.965227,0.08174162,5.385654,0,0,0,0,0,0.8359247,0,0.006452759,0,0,0,0,0,0,0,0,0,0,0,0,0,0,0,0,0,0,0,0,0,0,0,0,3.819048,0,0,6.263498,0,2.188846,1.411321,3.751803,1.444398,2.065492,0,0,0,0,4.195613,0,0,0,0.03101581,0,0,0,0,0,0,0,0,0,0,0,0,0,0,0,0.0633327,0.3371947,10.71263,0,0.3321584,0,0,4.546929,0,0,1.379972,0,0,5.780399,5.326936,6.410281,0,3.068698,0.3674752,1.091521,0,0,0,0,0,0,0,0,0,0,0,0,0,0,0,0,0,0,0,0,0,0,0,0,0,0,0,0,0,0,0,0,0,0,0,0,0,0,0,0,0,0,0,0,0,0,0,0.5124199,0,0,0.4462235,0,0,0,0,0,0,0,0.1171657,0,0,0,0,0,0,0,0,0,0,0,0,0,0,0,0,0,0,0,0,0,0,0,0,0,0,0,0,0,0,0,0,0,0,0,0,0,0,0.5377458,0,
0,0,0.3414204,0,0,0.1029581,0,0,0,0,0.1718058,0.02934666,0,0,0.1411506,0,0.2534616,0.1983058,0,0,0,0,0,0,0,0,0,0,0,0,0,0,0,0,0,0,0,0,0,0,0,0,0,0,0,0,0,0,0,0,0,0,0,0,0,0.3386215,0,0,0,0,0,0,0,0,0,0,0,0,0,0,0,0,0,0,0,0,0,0,0,0,0,0,0,0,0,0.05771689,0.1830093,0.5639716,0,0.0923862,0.07426387,0.4675571,0,0,0,0.2593117,0.06820086,0,0,0,0,0,0,0.4124926,0,0,0,0,0,0,0.4498164,0,0,0,0,0,0,0,0,0.4058678,0,0.3549365,0.1454306,0,0,0,0.05252744,0,0.05761954,0.2355603,0,0.3212456,0,0.1408161,0,0,0,0,0.2857299,0,0.2536966,0.1536645,0,0.2816801,0,0,0,0,0.04131334,0.06831742,0.3201446,0.3068761,0,0,0.2909596,0.01310187,0,0.4000154,0,0.07350536,0.1549741,0,0,0,0,0,0.04310255,0,0.01200433,0.3455489,0,0,0.1131419,0.4464356,0.08984052,0,0,0,0,0.1558543,0,0,0.4053067,0,0,0,0,0.1712161,0,0,0,0,0,0,0,0,0,0.02288513,0,0.2000299,0,0.03512918,0,0.2576903,0.1673076,0.5013329,0,0,0,0,0.4695542,0.08822478,0,0.1171018,0.001070524,0.2686742,0,0,0,0.1923668,0,0.1177905,0.5789653,0,0,0,0,0,0,0,0,0,0.08726154,0,0,0,0,0,0,0,0,0,0,0,0,0,0,0,0.04573682,0,0,0,0,0,0,0,0,0,0,0,0,0,0,0,0,0,0.03061255,0,0,0,0,0,0,0,0,0,0,0,0,0,0,0,0,0,0,0,0,0,0,0,0,0,0,0,0,0,0,0,0,0,0,0,0,0,0,0,0,0,0,4.083141,0,0,0,1.119234,0,0,0.6512541,0,0,0,0.7114264,0,0,0,0,0,0.08889789,0,0,0,0.2250706,0,0,0,0,0.1935072,0,0,0,0,0,0,0,0,0,0,0,0,0,8.849833,1.061097,4.237073,5.108856,2.657945,0,1.615132,2.97242,2.639077,1.510906,1.550198,0.2994629,0,0,0.03383066,2.484052,0,0,0,0,0,0,0,0,0,0,0,0,0,0,0,0,0,0,0,0,0,0,0,2.062539,7.464618,7.279844,10.17241,0.3505422,7.60812,0,7.119839,8.356972,1.539603,0,0,0,0,0,0,0,0,0,0,0,0,0,0,0,0,0,0,0,0.3497451,0,0,0,0,0.9742693,0,0,0,0,0,0,0,0,0,0,0,0,0,0,0,0,0,0,0,0,0,0,0,0,0,0,0.3096489,0,0,0.1316237,0.4033546,0,0,0,0,0,0,0,0,0,0,0,0,0,0,0,0,0,0,0,0,0,0,0,0,0,0,0,0,0,0,0,0,0,0,0,0,0,0,0,0,0,0,0,0,0,0,
0.3609164,0,0,0,0.2765261,0,0.06582029,0,0,0,0,0.2605467,0,0.2866902,0,0.2833005,0,0.1798176,0.143933,0,0,0,0,0,0,0,0,0,0,0,0,0,0,0,0,0,0,0,0,0,0,0,0,0,0,0,0,0,0,0,0,0,0,0,0,0,0,0,0,0.2416468,0,0,0,0,0,0,0,0,0,0.05036069,0,0,0,0,0.1477849,0.8323875,0.7198251,0,0,0,0,0,0,0.05372527,0,0,0,0,0,0,0,0,0,0,0,0.6240333,0.007626106,0.1155971,0,0,0,0,0,0,0,0,0,0,0.1624497,0,0,0,0,0,0,0,0,0.3315226,0,0.3382519,0,0.0644943,0.8093973,0.116406,0,0.1169384,0,0,0.4834314,0,0,0,0,0.1633653,0.1866343,0.5556628,0,0,0,0.3029775,0,0,0,0,0,0,0.04277658,0.3319916,0.4616147,0.006196333,0.2654913,0.1102813,0.045597,0.01856337,0.1257716,0.1347206,0.1571382,0,0,0,0,0.004154396,0.03165116,0,0,0,0.1400205,0,0,0,0.09847747,0.01621177,0.003607451,0,0,0,0,0,0.2884495,0,0,0,0,0,0,0,0.9013821,0,0,0,0,0,0,0,0,0,0.3901173,0.220321,0.1168281,0.1973189,0.3365117,0,0,0,0,0,0,0.3161689,0,0,0,0.2942736,0.16782,0.3587297,0,0,0.08797947,0,0,0,0,0,0.2234743,0.1903335,0,0,0,0,0,0,0,0,0,0,0,0,0,0,0,0,0,0,0,0,0,0,0,0,0,0,0,0,0,0,0,0,0,0,0,0,0,0,0,0,0,0,0,0,0,0,0,0,0,0,0,0,0,0,0,0,0,0,0,0,0,0,0,0,0,0,0,0,0,0,0,0,0,0,0,0,0,0,0,0,0,0,0,0.08552589,0.5549649,0.1255028,1.021223,0.1292519,0,0,0.6165218,2.329465,0,0,0,1.064345,0,0,0.07945031,0.3374033,0,0.1701364,0,0.3335427,0,0,0,0,0,0.01720792,0,0,0,0,0.01679359,0,0,0,0,0.1348341,0.2051923,0.1856946,0.02251067,0,0,1.719617,0.5116103,5.919978,3.759029,4.515826,0.5427898,0,5.025393,1.918524,3.167935,0,0,0,3.615529,3.060003,0.5826651,0.5255979,1.047607,0,0,0,0,0,0,0,0,0,0,0,0,0,0,0,0,5.988955,0,2.634832,0,0,0,0,1.949278,3.245815,3.079431,7.796745,0,0,0,0,0,1.070577,0,0,0.02107194,0,0,0,0,0,0,0,0,0,0,0,0,0,0,0,0.1333372,0,0.4638179,0.005538261,0.03636315,0.1372692,0,0,0,0,0,0,0,0,0.3371347,0,0,0,0,0,0,0,0,0,0,0,0,0,0,0,0,0.03368301,0,0.0014577,0,0,0,0.3180649,0,0,0,0,0,0,0,0,0,0,0,0,0,0,0,0,0,0,0,0,0,0,0,0,0,0.092044,0,0.01241737,0,0.02022065,0,0,0,0,0,0,0,0,0,0,0,0,0,0.1610789,
0.2283516,0.01574111,0.03496274,0,0,0,0.2152805,0,0.09136007,0.05283765,0,0.07485949,0,0,0.001364866,0,0.4507791,0,0,0,0.06088557,0,0,0,0.1127886,0,0,0,0,0,0,0,0,0,0,0,0,0,0,0,0,0,0,0,0,0,0,0,0,0,0,0,0,0,0,0,0,0,0,0,0,0,0,0,0,0,0,0,0,0,0,0,0,0.169531,0.4254236,3.888216,0,0,0,0,0,0.03897528,0,0.1223595,3.144673,0,0,0,0,0,0,0,0.02720006,0,0,0,0,0,0.1099612,0,0,0,0,0,0,0,0,0,0,0,0,0,0,0,0,0,0.2020465,0.1526389,0,0,0,0.2229717,0.3302612,0,0.2619695,0,0,0,0,0,0,0,0.124954,0.3964017,0,0.3855546,0,0.3384782,0.1279711,0,0.6070318,0,0,0.6310881,0,0.06434029,0.06465211,0.3386909,0.1535136,0,0,0,0.1612672,0,0,0.1226197,0,0.3783072,0.04646796,0,0,0.2158458,0,0.3705086,0.1679444,0,0,0.05304793,0,0.3454564,0,0,0,0,0.1238796,0,0,0,0,0,0,0,0,0,0,0,0,0,0,0,0,0,0,0,0.1967038,0,0,0,0,0,0.2141288,0,0,0.2949745,0.2934603,0,0,0,0,0,0.02160662,0,0,0.1404963,0,0.02185273,0.06871974,0.3135407,0,0,0,0.001490892,0.2920461,0,0,0,0,0,0,0,0,0,0,0,0,0,0,0,0,0,0.473784,0,0,0,0,0,0,0,0,0,0,0,0,0,0,0,0,0,0,0,0,0,0,0,0,0,0,0.2712067,0,0,0,0,0,0,0,0,0,0,0,0,0,0,0,0,0,0,0,0,0,0,0.2208708,0,0,0,0,0,0,0,0,0,0,0,0,0,0,0,0,0.3105251,0,0,0,0.9203225,0,0,3.298742,9.641877,0,0,0,0,0.2604282,0,0,0,0.370253,0,0,0,0,0,0.04233121,0,0,0,0,0,0,0,0,0,0,0,0,0,0.2639691,0,0,1.819488,0.1566562,0.4394694,6.607314,0,0,2.198238,0,1.668362,1.749741,1.938625,6.576966,0.02940884,2.009133,0,0,10.23065,0,0,2.160832,0,0,0,0,0,0,0,0,0,0,0,0,0,0,0.4181252,3.714886,0,0.6976075,6.528565,1.501389,0,6.315483,6.054639,0,10.53285,0.01135365,0,5.462714,0,2.22706,0,2.291983,0,0,0,0,0,0,0,0,0,0,0,0,0,0,0,0,0,0,0,0,0,0,0.0755159,0,0,0.5600901,0,0,0,0,0,0,0,0,0,0,0,0.1713366,0,0,0,0,0,0,0,0,0,0,0,0,0,0,0,0,0,0.2147189,0,0,0,0,0,0,0,0,0,0,0,0,0,0,0,0,0,0,0.2499608,0,0,0,0,0,0,0,0,0,0,0,0,0,0,0,0,0,0,0,0,0,0,0,0.3880248,0.3052735,0,
0.002907804,0,0,0.06212489,0.01059013,0.001149405,0,0.01583215,0,0,0.04479202,0.08830082,0,0,0,0,0,0,0.4814747,0,0,0,0,0,0,0,0,0,0,0,0,0,0,0,0,0,0,0,0,0,0,0,0,0,0,0,0,0,0,0,0,0,0,0.2406257,0,0,0,0,0,0,0,0,0,0,0,0,0,0,0,0,0,0,0,0.0823279,0.08286684,0.0186588,0.3409953,0,0.4387675,0.2054233,0.113583,0,0,0,2.333748,0,0,0,0,0,0,0,0,0,0.6207001,0,0.2397281,0.1788407,0,0,0.1651032,0.1146629,0,0.1784231,0,0,0,0,0,0,0,0,0,0,0,0,0,0,0,0,0,0.1874139,0,0.1787894,0,0.1626546,0.01866015,0,0.2116016,0,0,0.2338484,0.02736818,0,0,0,0,0,0.02441658,0.2364672,0.201028,0,0,0.1113361,0.0206133,0,0,0.3440593,0.1491518,0,0.4097342,0,0.1041485,0,0.3080781,0,0.09654562,0.3359439,0.05740628,0,0,0,0,0,0,0,0.08376976,0,0,0,0,0.1330019,0,0.1075658,0.04954924,0,0,0,0,0,0,0,0.2949882,0,0.4400872,0,0,0,0,0,0,0.01264791,0,0,0,0,0,0.3881828,0,0.0312141,0.08739837,0,0.1043459,0.0305154,0.08119902,0.2537515,0,0,0.1182845,0.103479,0,0.09618416,0.0647173,0.2496624,0,0,0.006584972,0.1647131,0,0,0.1922586,0,0.7871535,0.05777528,0,0,0,0,0,0,0.03251811,0,0,0,0,0,0,0,0,0,0,0,0,0,0,0,0,0,0,0,0,0,0,0,0,0,0,0.1007237,0,0,0,0,0,0,0,0,0,0,0,0,0,0,0,0,0,0,0,0,0,0,0,0,0,0,0,0,0,0,0,0,0,0,0,0,0,0,0,0,0.09081498,0,0,0,0,0,0,0,0,0,0,0,0,0,0,0,0.2257055,3.656457,0,0,0,0,0.05834723,0.02245517,0,0.2561797,0.09201328,0,0,0,0.4221032,0,0,0.4916161,0,0,0,0.2078821,0,0.1252319,0,0.06949612,0.3658262,1.190451,0,0.9705477,0,1.765983,4.45218,0,0,0.09276608,0,1.800834,0,0,0,4.853054,0,0,0,4.38946,0,0,5.513281,5.264824,1.10166,0,0,0.355846,0,0,0,0,0,0,0,0,0,0,0,0,1.035081,0,1.631241,7.110186,1.048896,4.604841,0,0,0.5144672,6.718471,3.141558,0,2.182479,0,1.675204,0.9687769,10.42967,0,0,0.2416649,0,0.5431414,0,0,0,0,0,0,0,0,0,0,0,0.08151709,0,0,0,0,0,0,0.1627828,0,0,0,0,0,0.05264569,0,0,0,0,0,0,0.250087,0,0,0,0,0,0,0,0,0,0,0,0,0,0,0,0,0,0,0,0,0,0,0,0,0,0,0,0,0,0,0,0,0,0,0,0,0,0,0,0,0,0,0,0,0,0,0,0.03536599,0.159159,0.02404566,0,0,0,0,0,0,0,0,0,0,0,0,0,0,0,0.4401949,
0.1255233,0,0.3024038,0.2847674,0,0.01779918,0,0.0762881,0,0.03312986,0.1106741,0,0.1457218,0,0,0.4086299,0,0,0,0,0,0,0.2976273,0,0,0.2562068,0,0,0,0,0,0,0,0,0,0,0,0,0,0,0,0,0,0,0,0,0,0,0,0,0.09735616,0,0.1629133,0,0,0,0,0,0,0,0,0,0,0,0,0,0,0,0,0,0,0,0.5220358,0.1864833,0.3363987,0,1.239483,1.973638,0.2583761,0,0,0,0.1222756,0,0,0,0,0,0,0,0.1778839,0,0,0,0,0,0,0,0,0.2753263,0.6518514,0.2799096,0,0,0,0,0,0.1249446,0,0,0,0,0,0,0,0,0,0.4983436,0,0,0.0357728,0.01822876,0,0.1915043,0,0,0.1233277,0.1758735,0,0,0,0.08578771,0,0.6094219,0,0,0,0,0.2997718,0,0,0,0,0.03359112,0.3321717,0,0,0.2519395,0.005614594,0,0,0.01304669,0.1102206,0,0.2024858,0,0,0.2886237,0.08429628,0,0,0.1947542,0,0,0,0.1670689,0.1524839,0,0.02254931,0.100807,0,0.1838284,0,0,0,0,0.07721377,0,0,0.1340764,0,0,0,0,0,0,0,0,0,0,0,0,0,0,0,0,0,0.03722891,0,0,0.1066602,0,0.5198832,0,0,0,0,0,0.01484746,0,0,0.119572,0.02945263,0,0.2582155,0,0,0,0.3044964,0.3353206,0,0.08592384,0.2934816,0.3423338,0,0,0,0,0,0,0,0,0,0,0,0,0,0,0,0,0,0,0,0,0,0,0,0,0,0,0,0,0,0,0,0,0,0,0,0,0,0,0,0,0.2709282,0,0,0,0,0,0,0,0,0,0,0,0,0,0,0,0,0,0,0,0,0,0,0,0.2935164,0,0,0,0,0,0,0,0,0,0,0,0,0,0,0,0,0,0,0,0,0,0,0,0,0,0.362741,0,1.855321,0,0,0,0,0.04864131,0,0.4010032,0,0,0.1991585,0,0,0,0,0.06227963,0,0.2527236,0,0,0,0,0,0.0993266,0,0.9289338,0,1.124062,2.381463,3.896852,6.408783,0,5.067317,0,0.7960224,3.563633,7.628588,0,0,0,0,0,5.198331,0,0,0,2.871801,0,0,0,0,0,0,0,0,0,0,0,0,0,0,0,0.06490687,0,0.5835817,1.411237,1.98506,1.536943,5.173778,0,0,1.123266,0,0,0,0,4.78427,0.1776149,5.587311,1.727688,0,0,7.101412,0,0,0,0,0,0,0,0,0,0,0,0,0,0,0,0,0,0,0,0,0.1887731,0,0,0,0,0.5011231,0,0,0,0,0.01808248,0,0.08717949,0,0,0,0,0,0,0,0.01931717,0.4586429,0,0,0,0,0,0,0,0,0,0,0,0,0,0.1353118,0.6078083,0,0,0.1102147,0,0,0,0,0,0,0,0,0,0,0,0,0,0,0,0,0,0,0.5793864,0,0.4037297,0,0.5926745,0.1447758,0,0.3703219,0,0,0,0,0,0,0,0,0,0,0,0.3151523,0,0.05391837,0,
0.1546507,0,0,0,0,0.09824979,0,0.1664905,0,0.05874637,0,0.2426768,0,0.568009,0,0.4907659,0.2755962,0.2314962,0.1183694,0,0,0,0,0,0,0.03310368,0,0.231695,0.06142759,0,0,0,0,0,0,0,0,0,0,0,0,0,0,0,0,0,0,0,0,0,0,0,0,0,0,0,0,0,0,0,0,0,0,0,0,0,0,0,0,0,0,0,0,0,0,0,0.3528161,0.05237575,0,0,0,0,0,0,0.07716018,0,0,0,0,0,0,0,0,0,0,0,0,0,0,0.3856973,0.1566485,0.1254974,0.05797178,0,0,0,0,0,0,0,0,0,0,0,0,0,0,0.3115674,0,0.4194001,0.1653697,0,0,0.06081302,0.05694159,0.05436823,0,0,0,0,0.5555262,0,0,0,0.02869919,0.1786629,0.2645361,0.1052033,0.02681181,0,0.08709572,0,0,0,0,0,0,0,0,0.03790105,0,0,0,0,0,0,0.09065356,0,0.1307774,0.0326222,0,0,0.5234871,0.3011422,0.1451773,0.1493878,0,0.1023434,0,0,0.08211219,0.06282645,0,0,0.2680328,0,0,0,0,0,0,0,0,0,0,0,0,0,0,0,0,0,0,0,0,0,0,0.04808465,0,0,0,0,0,0,0,0,0,0,0,0.04212322,0,0,0,0,0.08157455,0,0.3283163,0.2139,0,0.02396537,0.0156098,0,0.1307936,0.2346795,0.1456658,0,0,0,0,0,0,0,0,0,0,0,0,0,0,0,0,0,0,0,0,0,0,0,0,0,0,0,0,0,0,0,0.01469427,0,0,0,0,0,0,0,0,0,0,0,0,0,0,0,0,0,0,0,0,0,0,0,0,0,0,0,0,0.3168697,0,0,0,0,0,0,0,0,0,0,0.144814,0,0,0,0,0,0,0,0,0,0,0,0,0,0,0,0,0,0,0.3441551,0.5184458,0.1291031,0,0,0,0.1197998,0.0317199,0,0,0,0.009974622,0,0,0,0,0,0,0,0,0.4600145,0,0.2195183,0,0,0,0.1797293,0,1.898067,0,0,0,0.08375245,3.181879,4.40817,0,0,0,0,0,0,4.466138,0,3.598828,2.050928,6.242321,8.393479,0,1.030283,2.017702,5.169334,0,0,0,0,0,0,0,0,0,0,0,0.2929695,1.222084,0.01370242,0.4539906,0,2.333317,9.077312,3.23307,0,2.401264,2.91502,4.194896,7.687827,0,8.179195,0,3.458436,1.797015,6.388598,0,3.095033,0,0.4270861,0,0,0,0,0,0,0.3704197,0,0.01742035,0,0,0,0,0,0,0,0.008840202,0.4698293,0,0.1780772,0.1502815,0,0,0.01986721,0,0,0.06026398,0.1412571,0.2760102,0,0,0.2408616,0,0,0,0,0,0,0,0,0,0,0,0,0,0,0,0,0,0,0,0,0,0.2241362,0.5344609,0,0,0,0,0,0,0,0,0,0,0,0,0,0,0,0,0,0,0,0,0,0,0,0,0,0.03111183,0,0.007980611,0,0,0,0,0,0,0,0,0,0,0,0,0.2389511,0,0.02092262,0,0.2606424,
0.1220076,0,0.3574011,0,0,0.1129767,0.1930226,0,0,0,0.05280952,0,0,0,0,0.06972678,0,0,0,0,0,0.1161055,0,0.1916598,0.3648283,0.1009693,0,0.4482812,0,0,0,0,0,0,0,0,0,0,0,0,0,0,0,0,0,0,0,0,0,0,0,0,0,0,0,0,0,0,0,0,0,0,0,0,0,0,0,0,0,0,0,0,0,0,0,0,0,0,0,0,0,0,0,0,0,0.03062967,0,0,0,0,0,0,0,0,0,0,0,0,0,0.05617299,0.04317171,0,0.05021598,0,0.09255981,0,0,0,0,0,0,0,0,0,0,0,0,0,0.09133673,0,0,0,0,0,0,0,0,0,0,0,0,0,0.1090714,0.1643067,0,0,0,0,0.1428972,0,0,0.1589253,0,0,0,0.2330979,0,0,0.07286002,0,0,0,0,0.159032,0.05634924,0,0,0.101443,0,0.2110796,0,0.1485156,0,0.3674262,0,0,0,0.1938128,0.2128883,0,0,0,0.009104669,0,0.2229587,0,0,0,0.4561123,0,0,0,0,0,0,0,0,0,0,0,0,0,0,0,0,0,0,0,0.05684704,0,0.7100388,0,0,0,0,0,0,0,0,0,0,0,0,0,0.1188376,0.2738844,0,0,0.08088738,0.09471504,0,0,0.1432618,0,0.242883,0,0,0,0,0,0,0,0,0,0,0,0,0,0,0,0,0,0,0,0,0,0,0,0,0.01074507,0,0,0,0,0,0,0.03132763,0,0.07241561,0,0,0,0,0,0,0,0,0,0,0,0,0,0,0,0,0,0,0,0,0,0,0,0,0,0,0,0,0,0,0,0,0,0,0,0.1603628,0,0,0,0,0,0,0,0,0,0,0,0,0,0,0,0,0,0,0,0,0,0,0,0,0.496102,0,0,0.006501668,0,0.129071,0,0.2952446,0.1539321,0,0.2680606,0,0.1658241,0,0,0,0,0,0,0,0,0,0,0,0,0,0,0,0,5.744401,0,0,0,0,0,0,0,0.2600106,0,0,0.2358916,0,8.740772,10.6302,0,0,0,0,1.58872,0,0,0,0,0,0,0,0,0,0,0.4282598,0,0,10.04611,0,0,0,5.935255,12.52122,0,0,0,0,6.969164,0,0,4.594632,8.479461,5.544006,1.990913,4.298921,9.537291,0,3.284921,0.7140599,0.2805322,0,0,0,0,0,0,0,0,0,0,0,0,0.07278463,0,0,0,0,0,0,0,0,0.02901455,0,0,0,0,0.1190773,0,0,0,0,0,0,0,0,0,0,0,0,0,0,0,0,0,0,0,0,0,0,0,0.1255939,0,0,0,0,0,0,0,0,0,0,0,0,0,0,0.02734104,0,0,0.006551487,0,0,0,0,0,0,0,0,0,0,0.04034457,0,0.08915725,0,0,0.004980478,0,0.2188731,0,0,0,0.2850447,0.07118366,0,0,0,0,
0,0,0,0.2254939,0,0,0.1259879,0,0.2401629,0.05528073,0.2580597,0,0,0.626494,0.3608324,0.01052652,0.3591141,0,0,0,0.1186351,0.06500934,0,0,0,0,0.07052829,0,0,0,0,0,0,0,0,0,0,0,0,0,0,0,0,0,0,0,0,0,0,0,0,0.01303383,0,0,0,0,0,0,0,0,0,0,0,0,0,0,0,0,0,0,0,0,0,0,0,0,0.3163491,0,0,0,0,0,0,0,0,0.3030422,0,0,0,0,0,0,0,0,0,0,0,0,0.2691513,0.4292033,0.03929159,0.1793563,0,0,0,0,0,0,0,0,0,0,0,0,0,0,0,0,0.09045889,0,0,0,0,0,0,0,0,0,0.1326871,0,0.0492194,0,0.2183943,0.1965889,0,0,0,0.04775807,0,0.3651256,0,0,0,0.1232579,0,0,0.2590345,0,0,0.1149942,0,0.3304367,0.01428167,0,0,0,0,0,0.5275755,0,0.2238998,0,0,0.03925129,0.1589738,0.1241828,0,0,0.4094013,0.1299706,0,0,0.4240221,0.141631,0,0,0,0,0,0,0,0,0,0,0,0.200438,0.1220939,0,0.5055289,0,0,0,0,0,0,0.08673855,0,0,0.4070527,0.2566838,0,0,0,0,0,0,0,0,0,0,0,0,0,0,0.1673924,0.2269934,0.07869197,0,0.5203918,0.0773391,0,0.1947308,0.06082819,0.1095147,0.03766289,0,0,0,0,0,0,0,0,0,0,0,0,0,0,0,0,0,0,0,0,0,0,0,0,0,0,0,0,0,0,0,0,0,0,0,0,0,0,0,0,0,0,0,0,0,0,0,0,0,0,0,0,0,0,0,0,0,0,0,0,0,0,0,0,0,0,0,0,0,0,0,0,0,0,0,0,0,0,0,0,0,0,0,0,0,0,0,0,0,0.1798718,0,0,0.4035612,0.1258866,0.1042794,0.3128726,0,0.1406222,0,0,0,0,0,0.01819923,0.2220018,0,0,0,0,0,0,0,0,0,0,1.767435,0,0,1.485362,2.890053,0.918537,0,3.153244,0,0,0,0,0,0,0,0,0,0,0,0,0.1161699,2.759048,3.289153,2.612557,1.358269,0,3.211829,1.506982,0.4490037,0,0,0,0,0,0,0.2202224,0,0,0,0,0,2.980384,2.915172,0,5.778782,1.300291,0,3.603859,0,1.93312,3.878528,6.335966,4.455765,0,0,0,1.931178,0,0,2.157636,0,2.715294,0,0,0,0,0,0,0,0,0,0,0,0,0,0,0.2806321,0.4818537,0,0,0,0,0,0,0.2121376,0,0,0,0,0.3481444,0,0,0,0,0.0337156,0,0,0,0,0.1081369,0.1346532,0,0.3983604,0,0,0,0,0,0,0,0,0,0,0,0,0,0,0,0,0,0,0,0,0,0,0,0,0,0,0,0,0,0,0,0,0,0,0,0,0,0,0,0,0,0,0,0.08735941,0,0,0,0,0,0.3082719,0.1818984,0,0.2973239,0,0,0.01490619,0,
0.01555726,0.1687011,0.4938184,0,0.4569454,0.1398563,0.1312432,0.6547122,0.08183306,0.07764025,0,0,0,0.07638286,0,0.1489577,0.2132493,0,0,0.1726469,0,0,0.1504976,0.1403582,0.1420103,0,0,0.123113,0.03690244,0.4243267,0,0,0,0,0,0,0,0,0,0,0,0,0,0,0,0,0,0,0,0,0.08938072,0.2691946,0,0,0,0,0,0,0,0,0,0,0,0,0,0,0,0,0,0,0,0,0,0,0,0,0.1924566,0,0,0,0,0,0.1562424,0,0,0,0,0,0,0,0,0,0,0,0,0,0,0,0,0.01748531,0,0,0,0,0,0.006632261,0,0,0,0,0,0,0,0,0,0,0,0,0,0,0,0,0.2453544,0,0,0,0,0,0,0,0,0.01931726,0,0,0,0,0,0,0,0,0.1022366,0,0.102387,0.1451729,0.2626426,0,0,0,0,0.2276796,0,0,0.1612892,0,0.2298746,0.263627,0,0,0,0,0,0,0.04234279,0.06321078,0,0,0.1760407,0.1843354,0.1160899,0,0,0,0.128006,0,0,0,0,0,0,0,0,0,0,0,0,0,0,0.256123,0.1180966,0,0,0,0,0,0,0,0.2212048,0,0.1208969,0,0,0,0,0,0,0,0,0,0,0,0,0,0,0,0,0,0,0.07121801,0,0.02695672,0,0,0,0.3276299,3.955476,0,0,0,0,0,0,0,0,0.001481979,0,0,0,0.05796811,0,0,0,0,0,0,0,0,0,0,0,0,0,0,0,0,0,0,0,0,0,0,0,0,0,0,0,0,0,0,0,0,0,0,0,0,0,0,0,0,0,0,0,0,0,0,0,0,0,0,0,0.1051989,0,0,0,0,0,0,0,0,0,0,0,0,0,0,0,0,0,0,0,0,0,0,0,0,0.2272802,0.4786541,0,0.005739782,0.1355647,0,0,0.1637313,0.1144197,0,0.04422936,0,0,0,0.2497113,0,0,0,0,0,0,0,0,0,0,0,0,0,0.02908809,3.77519,0.9216623,3.372636,0,0,0,0,0,0,0,0,0,0,0,0,0,0,0,0,2.354969,1.824659,9.211124,0.2435654,1.522246,0,0,0,0,0,0,0,0,0,0.3644856,0,0,0,0,0,0,1.25117,0,0,0,3.30186,0,11.61158,0,4.814925,0,5.398078,7.700438,0.8800212,0.3618752,4.127183,0,0,0.2101215,0,0,0,0,0,0,0,0,0.07209489,0,0,0.1431219,0.2882473,0,0,0.243149,0,0,0,0,0.3681223,0.2028329,0.1554172,0,0,0.1729874,0,0,0,0,0,0,0,0,0,0,0,0,0,0,0,0,0,0,0,0,0,0,0,0,0,0,0,0,0,0.2838863,0,0,0,0,0,0,0,0,0,0,0,0,0,0,0,0,0,0,0,0,0,0,0,0,0,0.1965431,0.07253258,0.1211414,0,0.1640831,0,0,0.1486077,0,0,0.180996,0.131962,0.7499332,0,0,0.006794864,0,0,
0.1948615,0.2154355,0,0,0.03184563,0.4922424,0,0,0,0,0.02856167,0,0.5740184,0,0,0,0.4311544,0.03626249,0.244281,0.1141191,0.2337084,0,0.04646733,0,0,0.1880723,0,0,0.08522827,0,0,0,0,0,0,0,0,0,0,0,0,0,0,0,0,0,0,0,0,0,0,0,0,0,0,0,0,0,0,0,0,0,0,0,0,0,0,0,0,0,0,0,0,0,0,0,0,0,0.06600199,0,0,0.02845766,0,0,0,0,0,0,0,0,0,0,0,0.3648233,0,0,0,0,0,0,0.2479143,0.1493647,0.3222947,0,0,0.08189796,0.07748171,0.434806,0.1930548,0,0,0,0,0,0,0,0,0,0.1675314,0,0,0,0,0,0,0,0,0,0,0,0,0.2909775,0.08136097,0,0,0.1021457,0.07243069,0,0,0.004763757,0,0.1558924,0,0,0,0,0,0,0.1437909,0,0,0,0.1818519,0,0.1514389,0.1562146,0.08475156,0,0,0,0.1429298,0,0,0.141875,0.4204985,0,0.2403309,0,0,0.1063459,0,0,0,0,0,0,0,0,0,0.2427121,0,0,0,0,0,0,0,0,0,0.1079333,0,0,0,0,0.06626537,0.07103094,0.1734915,0,0.08234866,0,0,0,0,0,0,0,0.2083445,0,0,0,0,0,0,0,0,0.01222732,0.2278614,0.1096374,0,0,0,0,0.1579783,0,2.62844,1.011637,0,0,0,0,0,0,0,0,0,0.1253059,0.2612951,0,0.2129764,0,0,0,0,0,0,0,0,0,0,0,0.06807131,0,0,0,0,0,0,0,0.1247676,0.1168461,0,0,0,0,0,0,0,0,0,0,0,0,0,0,0,0,0,0,0,0,0,0,0,0,0,0.02248007,0,0,0,0,0,0,0,0,0,0,0,0,0,0,0,0,0,0,0,0,0,0,0,0,0.04151797,0,0,0,0.5192072,0,0,0.0136356,0.2714479,0,0,0,0,0,0.02190228,0,0,0.05059633,0.1856914,0,0,0.02936763,0,0,0.3397335,0,0,0.1883312,0,0.784913,0,0,0.2363522,0.6828337,0,0,0,0.2031461,0,0,0,0,0,0,0,0,0,0,0,0,0,0,0,5.446144,1.751221,3.106511,5.126811,0.01830227,0.1913636,0,0.6766406,0,0,0,0,0,0,0,0,0,0,3.704911,4.094415,0,0,0,10.03388,0,0,0,0.0668735,0,0,0,0,10.41438,0,0,3.252925,2.570107,0,0,0,0,0,0,0,0,0,0,0,0,0,0,0,0.3547615,0,0.2456683,0,0,0,0.2125618,0,0.3668649,0,0.0849077,0,0.0477911,0,0,0,0,0,0,0,0,0,0,0,0,0.0230107,0,0,0,0,0,0,0,0.1279179,0,0,0,0,0,0,0,0,0,0,0,0,0,0,0,0,0,0,0,0,0,0,0,0,0,0,0,0,0,0,0,0,0.2265616,0,0,0,0,0,0,0,0.3954922,0.4022233,0.26045,0,0,0.1263509,0,0.1210823,0,0,0,
0,0.1204166,0,0,0,0.142855,0,0.058931,0.07964498,0,0,0.4400758,0,0,0.230325,0,0.0516823,0.3485227,0,0.3592817,0,0.6529964,0.04142802,0,0.2662342,0,0,0,0,0,0,0.08396063,0,0,0,0,0,0,0,0,0,0,0,0,0,0,0,0,0,0,0,0,0,0,0,0,0,0,0,0,0,0,0,0,0,0,0,0,0,0,0,0,0,0,0,0,0,0.3076721,0,0.006074575,0,0,0,0,0,0,0,0,0,0,0,0,0,0,0,0,0,0,0,0,0,0,0.3214781,0,0,0,0,0.2024354,0,0,0,0,0,0,0,0,0.1604894,0.2584985,0,0,0,0,0,0,0,0,0,0,0,0,0,0.07150382,0,0,0,0,0,0,0,0.2092018,0.008866326,0.06707251,0,0,0.1791455,0,0.2261591,0,0,0,0,0,0,0,0,0,0,0,0,0.2268251,0,0,0,0,0,0.1421479,0,0,0.2254848,0,0.03033513,0.4841716,0,0,0,0,0,0,0,0,0,0,0,0,0,0.03982473,0,0,0,0,0,0,0,0,0,0,0,0,0,0,0,0,0.6942393,0,0,0,0,0,0,0,0,0.004396032,0,0,0,0,0,0.02144692,0,0.08123934,0,0,0,0,2.035276,0.762486,0,0,0,0,0,0,0,0,0.9472464,2.025518,0.7256052,0,0,0,0,0,0,0,0,0,0,0,0,0,0,0,0,0,0,0.04693597,0.6071606,0,0,0,0,0,0,0.4052573,0,0,0,0,0,0,0,0,0,0,0,0,0,0,0,0,0,0,0,0,0,0,0,0,0,0,0,0,0,0,0,0,0,0,0,0,0,0,0,0.05748684,0,0,0,0,0.1067466,0,0,0.1991055,0,0,0,0.2113407,0.3056754,0,0,0,0.3892644,0.6778408,0,0.1965289,0.4048418,0,0,0,0,0.1906116,0,0,0,0,0,0,0,0,0.07123435,0.1949254,0,0,0,0,0,0,0,0,0,0,0,0.1315603,0,0,0,0,0,0,0,0,0,0,0,0,0.2114762,2.167729,0,0.48867,0,0,0,0,0,0,0,0,0,0,0,2.470018,0,0.6189511,0,0,0,0,0,1.004163,1.075353,0,4.810279,0,8.698933,1.549804,0,6.027086,0,1.778964,1.190055,0,0,0,0,0,0,0,0,0,0,0,0,0,0,0,0,0,0,0.2086642,0.1473385,0,0,0,0.05792797,0.1949328,0,0,0,0,0,0,0.2914959,0,0,0,0,0,0,0,0,0.009080882,0,0,0.05012852,0,0,0,0,0,0,0,0,0.2146643,0,0,0,0,0,0,0,0,0,0,0,0,0,0,0,0,0,0,0,0,0.256939,0,0,0,0,0,0,0,0,0,0,0,0,0.1558384,0,0.2829476,0.2543361,0,0,0.1503645,0,0,0,0,0,0.05805375,0,0,
0,0.05834996,0,0.02326446,0.6296678,0,0,0,0,0.1435863,0.3512502,0,0,0,0,0.05763272,0.5086316,0.05712349,0,0,0.2170703,0.1938614,0,0.01386677,0,0.03542025,0,0.0510883,0,0,0.1869647,0.1732849,0,0,0.003516503,0,0,0,0,0,0,0,0,0,0,0,0,0,0,0,0.5100081,0,0,0,0,0,0,0,0,0,0,0,0,0,0,0,0,0,0,0,0,0,0,0,0,0,0,0.1884914,0,0,0,0,0,0.7442663,0,0,0,0,0,0,0,0,0,0,0,0,0,0,0,0,0,0,0.5462641,0.008833032,0,0.311895,0,0.107256,0,0,0,0,0,0.02572486,0,0,0,0,0,0,0,0,0,0,0,0,0,0,0.1687138,0,0,0,0,0,0,0.0400796,0,0,0.2271747,0.3285532,0,0,0,0,0.0329214,0.01080535,0,0.07807573,0,0,0.2426185,0.2556415,0,0.2259558,0.101594,0,0,0.2343385,0.3414065,0,0.3697062,0,0,0,0.1152392,0,0.233788,0.3085278,0.5781134,0.6303056,0.3145597,0,0,0,0,0,0,0,0,0,0,0,0,0.4328471,0.1996533,0,0,0.024823,0,0,0,0,0.1172365,0.1335131,0.1892195,0.3635347,0.2566969,0,0,0.4048835,0.09138444,0,0,0,0,0,0,0,0,0,0,0,0,0,0,0,0,0,0,0,0.09722424,0,0.6016311,0,0,0,0,0,0,0.2961228,0.3883054,0,2.781727,0.1041355,0.4152545,0.343994,0,0.2228201,0.2013679,0,0,0,0,0,0,0,0,0,0,0,0,0,0,0,0,0,0,0,0,0,0,0,0,0,0,0,0,0,0,0,0,0.02950934,0,0,0,0,0,0,0,0,0,0,0,0,0,0,0,0,0.3807473,0,0,0,0,0,0,0,0,0,0,0,0,0,0,0,0,0,0,0,0,0,0.2379907,0.1057229,0.1162044,0.06222938,0,0,0.3969166,0,0,0.1277593,0,0,0.1624156,0.1690579,0.058282,0,0,0,0,0,0,0,0,0,0,0.2667028,0,0,0,0,0,0,0,0.2478776,0,0,0,0,0,0,0,0,0,0,0,0,0,0,0,0,0,0,1.438963,1.137291,0,0.7454624,1.021305,0,0,0,0,0,0,0,0,0,0,0,0,1.050037,0.7839066,0,0,0,0,0,0,0.2930987,0,3.596704,0,3.365649,7.793756,0,0,8.277685,0,0,0,0,0.01740232,0,0,0,0,0,0,0,0,0,0,0,0,0,0.06649259,0.1707195,0.2124953,0.3705029,0.493176,0.3209611,0.1114857,0.3246231,0.3962673,0,0,0,0.2857786,0,0,0,0,0,0,0,0,0,0,0,0,0,0.04447836,0.05759008,0,0,0,0,0,0,0,0,0,0,0,0,0,0,0,0,0,0,0,0,0,0,0,0,0,0,0,0,0,0,0,0,0,0,0,0,0,0,0,0.2324678,0,0,0.2103465,0,0.01648195,0,0,0.1448615,0.1970419,0.07463582,0.2243496,0.09266241,0.1358956,0.07512973,0.04912932,0,0,0,
0.3192521,0,0,0,0.1656795,0.008069542,0,0.04282255,0.2045954,0,0.001553554,0,0,0,0,0,0.2417866,0,0,0,0.02402562,0.2481758,0.09991982,0,0.4336698,0.0679337,0,0,0,0,0.1667892,0.1149279,0,0,0.3153864,0.2531804,0,0,0,0,0,0,0,0,0,0,0,0,0,0,0.1854774,0.09524059,0,0,0,0,0,0,0,0,0,0,0,0,0,0,0,0,0,0,0,0,0,0,0,0,0,0,0,0,0,0,0.009081181,0,0.1066487,0,0,0,0,0,0,0,0,0,0,0,0,0,0,0,0,0,0,0,0,0.2463613,0,0.2317846,0,0,0,0.2257672,0,0,0.2853756,0.2091442,0,0.07961705,0,0,0,0,0,0,0,0,0,0,0,0,0,0,0,0,0,0,0,0,0.2926014,0.1406801,0,0.05336494,0.1185381,0,0,0.05247128,0,0,0,0,0,0.05943712,0,0,0,0,0,0,0,0,0,0,0,0,0,0,0,0.0431188,0.1140097,0.06654074,1.246288,0,0,0,0,0,0,0,0,0,0,0,0,0,0,0,0,0,0,0,0,0,0.1931342,0.02509179,0.1659245,0.1763699,0,0.1098792,0,0.08152376,0,1.070676,0,0.4257725,0,0,0,0,0.1284206,0,0,0,0,0,0,0,0,0,0.03763323,0,0,0,0,0,0,0,0,0.1693664,0,0.03364015,0.2777794,2.969088,1.474724,0.7786357,0.2241538,0,0,0,0,0,0,0,0,0,0,0,0,0,0,0,0,0,0,0,0.6084918,0,0,0,0,0,0,0,0,0.4259197,0,0,0,0,0,0,0,0,0,0,0,0,0,0,0,0,0,0,0,0,0,0,0,0,0,0,0,0,0,0,0,0.08186518,0,0,0,0,0,0,0,0,0,0,0,0,0.4224973,0.3464969,0,0.0880296,0,0,0.4333758,0,0,0,0,0,0.01171,0.004790029,0,0.2278946,0.1871869,0,0.08823116,0,0.6336587,0,0,0,0,0,0,0.2327448,0.4034113,0.1504459,0,0,0,0,0,0,0,0,0,0,0,0,0,0,0,0,0,0,0,0,0,0,0,0.7598343,0.7999983,0,1.646199,2.504873,1.366007,0,0.06174575,0,0,0,0,0,0,0,0,0,0,0,0,0,0,0,0,0,0,0,0,0,1.545127,0,6.020289,0,3.994346,0,0.2750424,0,0,0,0,0,0,0,0,0,0,0,0,0,0,0,0,0,0,0,0.1190197,0,0.01285665,0,0,0.1058816,0.536989,0,0,0.6616855,0,0.7598663,0,0,0,0,0,0,0,0.05907547,0,0,0,0,0,0,0,0,0,0.1716048,0,0,0,0,0,0,0,0,0,0,0,0,0,0,0,0,0,0,0,0.05132423,0,0,0,0,0,0.03044685,0,0,0,0,0,0.04786994,0,0,0,0.2969528,0,0,0.3961892,0,0,0.1493358,0,0,0,0,0.1838026,0,0,0.08730795,0.08312608,0,0.2270161,0,
0,0.005359428,0.2353347,0,0.1037179,0,0,0.01500216,0,0.04254809,0.05516845,0,0.04501969,0,0,0.2322055,0.1078025,0.03690574,0,0,0.2224822,0,0,0,0.0748845,0,0,0,0,0,0,0.05049558,0.1819156,0,0,0,0.1166364,0,0,0,0,0,0,0,0,0,0,0,0,0,0,0,0,0,0,0,0,0,0,0,0,0,0,0,0,0,0,0,0,0,0,0,0,0,0,0,0.2218405,0,0,0,0,0,0,0,0,0,0,0,0,0,0,0,0,0,0,0,0,0.4130647,0,0.006624024,0,0,0.1801171,0,0,0,0,0,0,0.2807803,0,0,0,0,0.4381784,0,0.5587174,0.1160853,0,0,0,0,0,0,0,0,0,0,0,0,0,0,0,0.008405696,0.1978896,0,0.02659476,0,0,0,0,0.343004,0.21211,0.01513228,0.0124989,0,0.1672042,0,0.06131054,0.1637227,0,0,0,0.2678587,0,0,0,0,0,0,0,0.005622353,0,0.2053959,0,0,0.08158673,0.03766387,0,0,0,0,0,0,0.2191044,0,0,0,0,0,0,0,0,0,0,0,0,0,0,0,0,0.4925311,0,0,0,0,0.471608,0,0.3621528,0,0.3802308,0,0,0.3545276,0,0,0,0,0,0,0.2031548,0,0,0,0,0.2037943,0,0,0,0,0,0,0,0.1747966,0,0.1013002,0,0.2396697,0.08744154,0.08356854,0,0.2274771,0.4075243,0.1913778,0,0,0,0,0,0,0,0,1.335375,0,0,0,0,0,0,0,0,0,0,0,0,0,0,0,0,0,0,0,0,0,0,0,0,0,0,0,0,0,0,0,0,0,0,0,0,0,0,0,0,0,0,0,0,0,0,0,0,0,0,0,0,0,0,0,0,0.2396034,0,0,0,0,0,0,0,0,0,0,0.1129545,0,0.3391272,0.4714044,0.1730101,0,0,0.5982841,0.2326194,0.1650686,0,0,0.04771958,0,0,0.2532646,0.1973179,0.04212044,0.3324476,0,0,0.08590143,0,0,0,0,0.2173356,0,0,0.03744556,0,0.2445068,0,0,0,0,0,0,0,0,0,0,0,0,0,0,0,0,0,0,0.3536386,0,0,6.648344,0,0,2.795795,0,0,0,0,0,0,0,0,0,0,0,0,0,0,0,0,0,0,0,0,0,0,0,0,1.548445,0,0,0,0,0.195314,0,0,0,0,0.3420889,0,0,0,0,0,0,0,0,0,0,0,0,0,0.253323,0.411234,0,0.06312449,0,0,0.2346527,0.2235111,0,0,0.4353712,0,0,0,0,0,0,0,0,0,0,0,0.1126829,0,0,0,0.1721683,0,0,0,0,0.2593311,0,0,0,0,0,0,0,0,0,0,0,0,0,0,0,0,0,0,0,0,0,0,0,0.03888962,0,0,0.05404601,0,0,0,0,0,0.0433125,0,0,0,0.385633,0,0.2305619,0.01866274,0.4121794,0.1468577,0,0,0,0.008165617,0.010913,0,0.1324061,0,0.2833572,0,0,
0.2356969,0,0,0.2800759,0.2045117,0,0,0.195096,0.03862125,0.01112194,0.2994383,0.2393119,0,0,0,0,0.2595887,0.2422101,0,0,0.1177298,0,0.3853837,0.1905342,0.06297312,0.1372866,0,0,0,0,0,0.1518568,0.1324329,0,0,0.1288178,0.1076351,0.2059386,0,0.03979386,0,0,0,0,0,0,0,0,0,0,0,0,0.6134665,0,0,0,0,0,0,0,0,0,0,0,0,0,0,0,0,0,0,0,0,0,0,0,0,0,0,0,0,0,0,0,0,0.1116937,0,0,0.09415518,0,0,0,0,0,0,0,0,0,0,0,0,0,0.1004835,0.5710269,0.3123527,0,0,0,0,0,0.09836716,0.03233107,0.2313451,0.02322229,0,0.11618,0.4382148,0.640473,0,0,0,0,0,0,0,0,0,0,0,0,0,0.6068586,0,0,0,0,0.4016885,0.09691642,0,0,0,0.2549055,0,0.1284737,0.2698171,0.1906243,0.2038772,0,0,0.06598914,0,0,0.2447252,0,0,0,0,0,0,0.2269859,0.3206191,0,0,0,0.1033203,0,0.211972,0,0,0.380598,0,0,0,0,0,0,0,0,0,0,0,0.1212982,0,0,0,0,0,0,0,0,0.1418359,0.3189789,1.350124,0.749054,0,0,0,0.1925147,0,0.1973347,0,0.03899639,0,0.6023747,0.4627286,0,0,0,0,0,0,0.1109872,0,0,0,0,0,0,0,0,0.3176471,0.08061846,0.06940702,0,0,0,0,0,0,0,0.01359643,0,0.0361634,0,0,0,0,0,0,0,0,0,0,0,0,0.02190852,0,0,0,0,0,0,0,0,0,0.1554139,0,0,0,0.06664755,0,0,0,0,0,0,0,0,0.05701213,0,0,0,0,0,0,0,0,0,0,0,0,0,0,0,0,0,0,0,0,0,0,0,0,0,0,0,0,0,0,0,0,0,0,0,0,0,0,0,0,0.1494829,0,0.1855556,0,0,0,0,0.1529118,0.3667594,0.2702925,0,0,0,0,0.1837915,0,0.1224297,0,0,0,0,0.4803312,0.3221998,0,0.3106549,0,0,0,0,0,0,0,0.04227406,0.06888821,0,0,0.01078625,0,0,0,0,0,0,0,0.002036493,0,0,0,0,0,0,0,0,0,0,0.1121509,0.6865213,0.5383332,0,0,0,0,0,0,0,0,0,0,0,0,0,0,0,0,0,0,0,0,0,0,0,0,1.61386,0,0,0,0,0,0,0,0,0,0,0,0,0,0,0,0,0,0,0,0,0,0,0,0,0,0,0,0,0,0.2196797,0,0.1684909,0,0,0,0.0006661633,0,0.5203189,0,0,0,0,0.3073929,0,0,0,0,0,0.1061986,0,0,0,0,0,0,0,0,0.3229302,0,0,0,0,0,0,0,0,0,0,0,0,0,0,0,0,0,0,0,0,0,0,0,0,0,0,0,0,0,0,0,0,0,0,0,0.0926774,0,0,0,0,0.1197637,0,0.1226189,0,0.1061834,0,0,0.07323464,0,0.2840052,
0.3811247,0,0,0,0,0,0,0,0.04678871,0.234549,0.1961762,0,0,0,0,0,0.6401731,0,0,0,0,0.3243054,0.03488617,0,0.09906457,0,0,0,0.6534668,0.1789914,0,0.2761142,0,0,0,0.2631599,0.04434637,0,0,0.02115128,0,0,0.2350888,0,0,0,0,0,0,0,0,0,0,0,0,0,0,0,0,0,0,0,0,0,0,0,0,0,0,0,0,0,0,0,0,0,0,0,0,0,0,0,0,0.05219695,0,0,0,0,0,0,0,0,0,0,0,0,0,0,0,0,0.2794547,0,0,0,0,0.3632468,0,0.05714631,0,0.08598791,0.4312792,0.07528898,0,0.06829219,0,0,0.2120069,0,0,0,0,0,0,0,0,0,0,0,0,0,0,0,0,0,0,0.2208472,0,0,0,0,0.04661055,0.2422523,0,0,0.1703111,0,0,0.2266056,0,0,0,0.156497,0,0.2576908,0,0,0,0.08994162,0,0,0.01378013,0,0,0.02091796,0,0.0354074,0,0,0,0,0,0,0,0,0,0,0,0.1568187,0,0,0,0.1527194,0.1940708,0,0,0,0,0,0,0,0,0,0,0,0,0.08565809,0,0,0,0.1819722,0.1265677,0.1636727,0.1946082,0,0,0.2951491,0,0,0,0,0,0,0,0,0,0,0,0,0.008413487,0,0.8174252,1.171579,0.07921317,0.1261473,0,0,0,0.002506021,0.03034858,1.759427,1.503087,0.1118711,0,0,0,0,0,0,0,0,0,0,0,0,0,0,0,1.825415,0.1726276,0,0,0,0,0,0.05618474,0,0.4278933,0,0,0,0,0,0,0,0,0,0,0,0,0.1794808,0,0,0,0,0,0,0,0,0,0,0,0,0,0,0,0,0,0,0,0,0,0,0,0,0,0,0,0,0,0,0,0,0,0,0,0,0,0,0,0,0,0,0,0,0,0,0,0,0,0,0,0,0.01579791,0,0,0,0.1027048,0,0,0.369195,0.192695,0,0,0,0,0.1047197,0,0,0,0.1646646,0,0.1060574,0,0.1169573,0,0.01619054,0.1320726,0.4338038,0,0,0,0.02618904,0,0,0,0,0,0,0,0,0,0,0,0,0.3876374,2.365234,3.897876,1.735335,0,0,0,0.127773,0,0,0,0,0,0,0,0,0,0,0,0,0,0,0,0,0,0,0,0,0,0,0.02061817,0,0,0,0.09999056,0,0,0,0,0,0,0,0,0,0,0,0,0,0,0,0,0,0,0,0,0,0,0,0.2943818,0.2997568,0,0.2245164,0,0,0,0,0,0,0,0,0,0.08186654,0,0,0,0,0,0,0,0,0,0,0,0,0,0,0,0,0,0,0,0,0,0,0,0,0,0,0,0,0,0,0,0,0,0,0,0,0,0,0,0,0,0.1456194,0.1310641,0,0,0,0,0,0,0,0,0.1932532,0,0.09703591,0,0.3546586,0,0,0,0,0,0,0,0.1523873,
0.4008027,0,0,0,0,0,0,0,0,0.06149505,0,0.3609031,0.1758973,0.044627,0,0,0.1214352,0.08299216,0,0.02856915,0.1159934,0.2337042,0,0,0,0,0.4992144,0,0,0,0,0.1880706,0,0.2807511,0.2020043,0,0.1758641,0.00110418,0,0,0.2512979,0,0,0,0,0,0,0,0,0,0,0,0,0,0.08873086,0.2031808,0,0,0,0,0,0,0,0,0,0,0,0,0,0,0,0,0,0,0,0,0.1225328,0.01446063,0.1340153,0,0,0,0,0,0,0,0,0,0,0,0,0,0,0,0,0,0,0,0,0,0,0,0,0,0.1693319,0,0,0,0,0.06464002,0,0,0,0,0.1904988,0,0.2675717,0,0,0,0,0,0,0,0,0,0,0,0,0,0,0,0,0.1293417,0,0,0.1828441,0,0,0,0,0,0.4234517,0,0,0,0.3882393,0,0,0,0.7331363,0,0,0,0.2714614,0.2844941,0,0,0.1566439,0.1628903,0,0,0.3893358,0,0.004027131,0,0.1029742,0.2465529,0.2335099,0,0,0,0,0,0,0,0,0.1741612,0.09343947,0.00593362,0,0.6354012,0,0,0,0,0,0.02973048,0,0,0,0,0,0,0.2700139,0.1200942,0.2638614,0.03860474,0.07533036,0,0,0,0.2250534,0.2839116,0,0,0,0,0,0,0,0,0.04679142,0,0,0,0,0,0,0,1.225003,1.036809,0.08365551,0,0,0.416981,0,0,0,0.1876124,1.244123,1.645009,0,0,0,0,0,0,0.1385076,0,0,0,0,0,0,0,0.01022503,0,1.603119,3.092768,0,0,0.3529788,0,0,0,0,0.1454119,0,0,0,0,0,0,0,0,0,0,0,0,0,0,0.5008594,0,0,0,0,0,0,0,0.010383,0,0,0,0.07608227,0,0,0,0,0,0,0,0,0,0,0,0,0,0,0,0,0,0,0,0,0,0,0.09136015,0.2605856,0,0,0,0,0,0,0,0,0,0,0,0,0,0,0.006001639,0,0,0.268056,0.2001994,0.1329949,0,0.1462383,0,0,0.1771903,0.1234476,0.5961965,0,0.4441818,0,0,0,0.01424981,0,0.01131225,0.08490434,0,0,0.3536992,0,0,0,0,0,0,0,0,0,0,0,0,0,0,2.462453,0.2163717,2.044119,0,0,0,1.229175,0,0,0,0,0,0,0,0,0,0,0,0,0,0,0,0,0,0,0,0,0,0,0,0,0,0,0,0,0,0,0,0,0,0,0.1333693,0,0,0,0,0,0,0,0,0,0,0.06922776,0,0,0.8637228,0.06329564,0,0.2090878,0.2017294,0,0.2223869,0,0.5136936,0,0.1062132,0,0,0,0,0,0.07715856,0,0,0,0,0,0,0,0.00956729,0,0,0,0,0,0,0,0,0,0,0,0,0,0,0,0,0,0,0,0,0,0,0,0,0,0,0,0,0,0,0,0,0,0,0,0,0,0,0,0,0.1294124,0,0.4701675,0,0,0.4907039,0,0,0,0,0.4740063,0,0,0,0,0,0.5747234,0.2838589,
0,0,0,0.05152309,0,0,0,0.01685427,0,0,0,0,0,0,0,0.3374919,0,0,0,0.05556722,0.09803569,0,0,0,0,0,0,0,0,0.1376646,0.2728962,0,0,0,0,0,0.004340415,0,0.1824219,0,0,0,0,0,0,0,0,0.02621515,0,0.09372316,0,0,0,0,0,0,0.6809964,0.1045325,0,0,0,0,0,0,0,0,0,0,0,0,0,0,0,0,0.2310561,0.1268361,0,0.02089193,0,0,0.07677614,0.1294003,0,0,0,0,0,0,0,0,0,0,0,0,0,0,0,0,0,0,0,0,0.03503735,0.1044866,0,0.1674974,0,0,0.02373072,0,0,0.05291086,0.05491278,0,0,0,0.1085288,0,0,0,0,0,0,0,0,0,0,0,0,0,0,0,0.3093595,0,0,0.1224256,0,0.2654567,0,0.4646896,0.2296019,0.01877573,0.2073255,0.09404029,0,0,0,0,0,0,0,0,0,0,0,0,0,0.08235464,0,0.3546456,0,0,0,0,0,0,0.08803824,0,0.2241076,0.0941827,0,0,0,0,0,0,0,0,0.5069862,0,0,0,0.2868381,0,0,0,0,0,0,0,0,0,0,0,0.2706724,0,0.4180522,0,0,0,0.3560458,0,0,0.1184802,0.04172211,0.1884053,0.5141864,0.2273607,0,0.3071282,0,0.5684498,0,0.2105647,0,0,0,0,0,0,0.2728679,0.4498338,0,0,0.207474,0.1223841,0,0.1318785,0.1044974,0,0.3736182,0.5128521,0,0.1388417,0,0,0,0,0,0,0,0,0,0,0,0,0,0,0.2345405,0.9471181,0,0.3354925,0.2907603,0.2360339,0.2196336,0,0.07648147,0,0.4466379,0,0,0,0,0,0,0,0,0,0,0,0,0,0,0,0,0,0,0,0,0,0,0,0,0,0,0,0,0.6042203,0,0,0,0,0,0,0,0.3081875,0,0,0,0,0,0,0,0,0,0,0.2369854,0,0,0,0,0,0,0,0,0,0,0,0,0,0,0,0,0.08789639,0,0,0.07531269,0.1325138,0,0.1196579,0,0,0.3487485,0,0.04835251,0,0,0,0.06557332,0,0,0,0,0.1683139,0,0,0,0.176167,0,0,0,0,0,0,0,0,0,0,0,0,0,0,1.349482,3.821293,0,0.9502427,0,0,0,0.3470848,0.002619919,0.6408733,0,0,0.2225415,0,0,0,0,0,0,0,0,0,0,0,0,0,0,0,0,0.01649692,0,0,0,0.3429032,0,0,0,0.006267223,0,0,0,0,0,0,0,0,0,0,0,0,0.3049754,0.1216291,0.06467713,0.3244106,0,0,0,0.2835692,0,0.1422404,0.005733112,0.1152341,0,0,0.3781797,0.02212204,0,0,0.163184,0,0.3922433,0,0,0,0,0.00430789,0.4422193,0,0,0,0,0,0,0,0,0,0,0,0,0,0,0,0,0,0,0,0,0,0,0.2677667,0,0,0,0,0,0.02796906,0,0,0,0,0,0,0,0,0,0,0,0.03033825,0,0.2229371,0.006967572,0,0,0.3051308,0.09050748,0,0,0.03535954,0.04893898,0.1574782,0,0,0,0.2168434,0,0,0,0.2438779,
0.4397203,0.1445661,0.2458464,0.03988678,0,0,0.3237972,0,0,0,0,0.1589801,0,0.008003004,0.07472032,0,0,0.3428254,0,0.1084051,0.166626,0.2631214,0.03434645,0,0,0,0.09587826,0.03517156,0.2551778,0.1476915,0,0.2091588,0.002955425,0.8080744,0.05495421,0.01774536,0,0,0.392095,0.5834425,0.3870851,0,0,0.1984181,0.02535757,0.2574291,0,0,0.05896503,0,0,0,0,0,0,0,0,0,0,0.6664445,0,0,0,0,0,0,0,0,0.09051946,0,0,0,0,0.1442558,0,0,0,0,0,0.1985241,0,0,0,0,0,0,0,0,0,0,0,0,0.1451025,0,0,0,0,0,0,0,0,0,0,0,0.02321163,0.04802164,0,0,0,0,0.1825413,0.2788689,0,0,0,0,0,0.5220077,0,0.03218881,0,0,0,0,0,0,0,0,0,0,0,0,0.06345325,0,0,0.1367322,0,0,0,0,0,0.3881316,0,0.1986078,0,0,0.09341756,0,0.06443457,0,0,0,0.03948013,0,0.008678038,0.2057439,0,0,0,0,0,0,0,0.4062807,0,0,0,0,0,0.187839,0,0,0,0,0,0,0,0.01879829,0,0.0503447,0,0,0.2564345,0,0,0,0,0,0,0,0,0,0,0,0,0,0.07238063,0.4237094,0,0,0.1044426,0,0.1834327,0,0,0,0.2635903,0.07663534,0.1188185,0,0,0.2288875,0,0,0,0,0,0,0,0.2123601,0.2842596,0.2691902,0,0,0,0,0,0,0,0,0,0,0.4860072,0,0,0,0,0,0,0,0,0,0,0,0.02676445,0,0,0,0,0,0.3045119,0,0,0,0.7241541,0.4360644,0,0,0,0,0,0,0,0,0,0,0,0,0.04553633,0,0,0,0,0,0,0,0,0,0,0,0,0,0,0,0,0,0,0,0,0,0,0,0,0,0,0,0,0,0,0,0,0,0,0,0,0,0.004066992,0,0,0,0,0,0,0,0,0,0,0,0,0,0,0,0,0,0,0.1346784,0.13828,0.1802045,0,0,0,0,0,0.01739321,0.1483631,0,0.5691934,0,0.6400681,0.102375,0,0.7455593,0.06878085,0,0,0,0.06828014,0,0,0,0.1675996,0,0,0,0,0,0,0,0,0,0,0,0.8442314,0,0,1.384299,0,0,0,0,0,0,0,0,0,0.346288,0.3347251,0,0.06746162,0,0,0,0,0,0,0,0,0,0,0,0,0,0.1604594,0,0,0,0,0,0,0,0,0,0,0,0,0.2111613,0.06382013,0,0,0,0.4140795,0.4212242,0,0.1272847,0,0,0,0,0,0.570678,0.1208511,0,0.1302867,0.1981301,0.5679481,0,0.3993931,0,0,0.2358048,0,0.2495903,0.006462635,0.5129374,0,0,0.427168,0,0,0,0,0,0,0,0,0,0.049675,0.1361559,0,0.3122618,0,0,0,0,0,0,0.6950378,0,0,0,0,0,0,0,0,0,0,0,0,0,0,0,0,0,0,0,0,0,0,0,0,0,0,0,0,0.1287676,0,0,0,0,0,0,0,0,0,0,0,0.06282849,0,0,
0.4789329,0,0,0,0.0591899,0,0,0,0.1786604,0.1423945,0,0,0,0.09299806,0,0,0.2992342,0,0,0,0,0.2554285,0.0540656,0,0,0,0.1782881,0,0,0,0,0.4924963,0,0.253472,0.077987,0,0,0.380955,0.6617871,0,0.1871013,0,0,0,0,0,0,0.02341956,0,0,0,0,0,0,0,0,0,0.04138449,0,0,0,0,0,0,0,0.3446412,0,0,0,0,0,0,0,0,0.7709979,0,0,0.01225245,0,0.06282662,0,0,0,0,0,0,0,0.0155943,0,0,0,0,0,0,0.08896362,0,0.2465251,0,0,0.01452288,0,0,0,0.09391993,0.1742488,0,0.1333568,0,0.2048865,0,0,0,0,0,0.1935808,0,0,0.1733238,0,0.07527781,0,0,0,0,0,0,0,0,0,0,0,0,0,0,0,0.3249597,0.3467083,0,0.06041286,0,0,0,0,0,0,0,0.1685962,0,0.09063911,0,0.4308478,0.01585604,0,0,0,0,0.2432996,0,0,0,0.07035723,0,0.3683131,0,0,0,0,0,0,0,0,0,0,0,0,0,0,0.1508525,0,0,0,0.1273465,0,0,0.1117683,0.02601575,0,0,0,0,0,0,0,0,0,0.1529067,0,0.08580541,0.09082801,0.1653448,0,0.005960663,0.07786444,0,0,0.6747102,0.1203165,0.8162959,0,0.1480145,0,0.1589458,0,0,0,0,0,0,0,0.1361021,0,0,0,0,0,0,0,0.4337702,0,0,0,0.4330688,0,0,0,0,0,0,0,0,0,0,0,0,0.1293286,0,0,0,0,0,0,0,0,0.3357438,1.633606,0,0,0,0.01297648,0,0,0,0,0,0,0,0,0,0,0,0,0,0,0,0,0,0,0,0,0,0,0,0,0,0,0,0,0,0,0,0,0,0,0,0,0,0,0,0,0,0,0,0,0,0,0,0,0,0,0,0.2249694,0,0,0,0,0,0,0,0,0,0,0,0,0,0,0,0,0,0,0,0.03504083,0,0,0,0,0,0,0,0.3075602,0.1397683,0,0.03553965,0.06413042,0.09605509,0,0,0.04407348,0.03413643,0.625024,0,0,0,0,0,0,0,0,0,0,0,0,0,0,0,0,0,0,0,0,0,0,0,0,0,0.03482869,0.1452852,0,0,0,0,0,0,0,0.3401753,0,0,0.1370506,0,0.1158844,0.2563769,0,0.2599622,0.5140093,0,0.1303609,0,0,0,0,0,0,0,0,0,0,0,0,0,0,0,0.5466438,0.1644468,0.4997315,0,0,0.104022,0.1183854,0,0.1005136,0.2562935,0,0,0,0,0,0,0,0,0.4573224,0,0,0.1811323,0.2043112,0,0.04942463,0,0,0.03425199,0,0.2955061,0,0,0,0.01572183,0.4287476,0,0.4590068,0.3614959,0.4965174,0,0.1839398,0,0,0,0.01034009,0.1070772,0.1380183,0,0,0,0.4728756,0.3111484,0,0,0,0,0,0,0,0,0,0,0,0,0,0,0,0,0,0,0,0.4693807,0.2809917,0,0,0,0,0,0.3081706,0,0,0,0,0.2906567,0,0,0,0,0,0.330889,
0,0,0,0,0.05939839,0.1446793,0,0.04802431,0,0.3244976,0,0,0.03806647,0,0,0,0,0,0,0,0,0.1050109,0,0.04116229,0.1040695,0,0,0,0,0.07597889,0.1158818,0,0.1189823,0,0,0,0.00913025,0.2737279,0.03221244,0,0.02910565,0,0.06114099,0.175843,0,0,0,0,0.2162831,0,0,0,0,0,0,0,0.1228385,0.05379244,0,0,0.05407295,0.53252,0,0,0,0,0.1329327,0,0,0.1219418,0.1163166,0,0.2166455,0.1180979,0,0.4251435,0.1179322,0,0.2281682,0,0,0,0,0,0,0,0,0,0,0,0,0,0,0,0,0,0,0,0,0,0,0,0,0.01039745,0,0,0.2491172,0,0.4755841,0.3412558,0,0,0.1856706,0,0,0.001887062,0,0.1406334,0,0,0.05597281,0,0,0,0,0,0,0,0,0,0,0,0,0.2103091,0,0.1287483,0.1777144,0,0,0,0,0,0,0.01219401,0.07218539,0,0.3305914,0,0,0.1405014,0,0,0.1410304,0,0.08354338,0,0,0,0.1835116,0,0.1140257,0,0.1777521,0,0.3728182,0,0,0,0,0.05771911,0,0,0,0,0,0,0,0,0,0.1044166,0,0,0,0.1499625,0.04843151,0,0,0,0,0,0,0,0,0,0,0,0.007505908,0,0.2338441,0.07077583,0,0,0.1860748,0.1536616,0,0.8345026,0.7213051,0,0,0,0,0,0,0,0,0,0,0,0,0,0,0,0,0,0,0.06629768,0,0,0.1102237,0.1765768,0,0,0,0,0,0,0,0,0,0,0,0,0,0,0,0,0.0665644,0,0.09561204,0,0.5074447,0,0.2520881,0.04748974,0,0,0,0,0,0,0,0,0,0,0,0.08801462,0,0,0,0,0,0,0,0,0,0,0,0,0,0,0,0,0,0,0,0,0,0,0,0,0,0,0,0.04533402,0,0,0,0,0,0,0,0,0,0,0,0,0,0,0,0,0,0,0,0,0,0,0,0,0,0,0,0,0,0,0,0,0,0,0,0,0,0.05220991,0,0.1926394,0,0.1325607,0,0,0.438252,0.06619085,0,0,0,0.01944777,0,0,0.0815611,0.5166044,0,0.4780402,0.03574318,0,0.1354051,0,0,0,0,0,0,0,0,0,0,0,0.2010843,0,0,0,0,0,0,0.2108699,0.4619955,0,0,0,0,0,0.01878173,0,0.02008422,0,0,0,0,0,0,0,0,0,0.01645648,0,0,0.09866127,0,0.05586059,0.1586345,0,0,0,0,0,0,0,0,0,0.02212972,0.3490441,0,0,0.1876405,0,0,0,0,0,0,0.02494454,0.1793721,0,0,0.1926967,0,0.05542026,0,0,0,0,0,0.5866804,0,0,0,0,0.09325553,0,0,0,0,0,0,0.5801764,0,0,0,0,0,0.0648694,0,0,0.430648,0,0,0,0.0605621,0,0.1489292,0,0,0,0,0.3548906,0,1.263264,0.170504,0,0,0,0,0,0,0,0,0,0,0,0.4104619,0,0,0,0,0.1918419,0,0,0,0,0,0,0,0,0.12485,0,0,0,0.4077029,0,0,0,0,0,
0,0,0,0,0,0,0,0.2107647,0.02647468,0,0.208156,0,0,0.06207111,0,0,0,0,0,0,0.009475787,0.094798,0,0.05931732,0.02881939,0,0.5335531,0.1547177,0.3806873,0,0.2872425,0,0.0580842,0,0.1052686,0,0,0,0,0,0,0,0.1159626,0.3633434,0.4626944,0,0,0,0,0,0,0,0,0,0,0,0,0,0,0,0.03283349,0.002282386,0,0,0.02101376,0.09026968,0,0,0,0,0.4141102,0,0,0,0,0,0.3706917,0.001820893,0.4759533,0,0,0,0,0,0,0,0,0,0,0.001852161,0,0,0.2552677,0,0,0,0,0,0,0,0,0,0.02773321,0,0.02134902,0.2883747,0.06017539,0,0,0,0.08159827,0,0.2335283,0.4339932,0,0.3123156,0,0.2141398,0,0,0,0,0,0,0,0,0,0,0,0,0,0,0,1.116267,0,0,0,0,0,0,0,0,0,0,0,0.539717,0,0.1447025,0,0,0,0.1057991,0,0.2318092,0,0,0,0.2527204,0.08767626,0,0.235773,0,0,0.1187792,0,0,0,0,0,0,0,0,0,0,0,0,0,0,0.06352229,0,0.1957553,0.04731347,0,0,0.1770709,0,0,0,0,0,0,0,0,0,0,0.3677112,0,0.03143976,0.1551021,0.4333062,0,0,0.1007692,0,0,0.8398751,0.5521228,0,0,0.05375121,0,0.0005457065,0.10396,0,0.1501472,0.1341625,0,0,0,0,0.6867889,0,0,0.5757296,0,0,0,0,0,0,0,0,0,0.2669467,0,0,0,0,0,0,0,0,0,0,0,0,0,0,0,0,0,0,0,0,0,0,0.007364535,0.08430754,0,0,0,0,0,0,0.1404041,0,0.01084292,0,0,0,0,0,0,0,0,0,0,0,0,0,0,0,0,0,0,0,0.215687,0,0,0,0,0,0,0,0,0,0,0,0,0,0,0,0,0,0,0,0,0,0,0,0,0,0,0,0,0,0,0,0,0,0,0,0,0,0,0,0,0,0,0,0,0.7475271,0,0.3211513,0,0,0,0,0,0.3856726,0,0,0.5205351,0.2198397,0.06635753,0.2253657,0,0,0,0,0,0,0,0,0,0,0,0,0,0,0,0,0,0,0,0,0,0,0,0,0,0,0.1196271,0,0,0.249724,0.1097175,0,0.2458434,0,0,0,0,0,0,0,0.05312136,0,0,0.4619215,0,0.2787975,0,0,0,0.0641837,0.0887669,0.237244,0.4345294,0,0,0,0,0.3335613,0.4648709,0.06528424,0.4194127,0.4039107,0,0,0,0,0,0,0.1067618,0.09501468,0,0,0,0,0.0376683,0,0.111557,0.4993477,0,0,0.501677,0,0,0.2666402,0,0.179891,0,0,0.1445437,0,0,0,0,0,0,0,0,0,0,0.4525451,0,0.1029913,0.8258442,0.09803921,0,0.07742622,0.4551739,0,0,0,0.1490059,0,0.2833146,0.1868292,0.3501671,0,0.008984574,0,0,0,0,0.2103411,0.1052749,0.3150474,0,0,0,0,0,0,0,0,0,0.2978443,0,0,0.4133144,0,0,0.07696041,0,0,0,0.008469639,0,0,0,0,0,0,0,0,0,0,
0,0,0,0,0,0,0.1287709,0.0149822,0,0,0.04642827,0,0.2713682,0,0,0,0,0,0,0,0,0,0,0.08743565,0.2470035,0.2407585,0.5468332,0.07370868,0,0.1080527,0,0.4259153,0,0,0.5203907,0.209643,0.2609891,0,0.13389,0.129456,0.0371753,0,0.4076642,0,0,0,0,0,0,0,0,0,0,0,0,0,0,0,0,0.2579384,0.07122637,0.1796943,0,0,0,0.2952504,0.2218396,0,0.1529413,0.02459889,0.1137067,0,0,0,0,0.2265981,0.2146333,0,0,0,0,0,0,0,0,0,0,0,0,0,0,0,0,0,0,0,0,0,0,0,0,0,0,0,0,0.06743653,0,0.03320703,0.1334241,0.06057755,0.02612908,0.1323177,0,0,0,0.1453262,0,0,0,0,0,0,0,0,0,0,0,0,0,0,0,0,0.2354485,1.152181,0,0,0,0.3770372,0.03722616,0,0.4433151,0.2920632,0.2570651,0,0.2066165,0.3550271,0.34792,0,0.1216025,0.1326448,0,0.4549735,0,0,0,0,0,0.3815936,0,0,0,0,0.1831655,0.2064502,0,0,0,0,0,0,0,0,0,0,0,0,0,0,0,0,0,0,0.3099456,0,0,0,0,0.1110248,0,0.2585171,0,0,0,0.1353243,0.04447619,0.2960017,0,0,0,0,0.6643299,0,0,0,0.06622567,0.9647835,0.4449799,0.22897,0.1434709,0.1506399,0.4844974,0,0.03469686,0.110308,0,0.04382031,0.1706023,0,0,0,0.2234471,0,0.02806309,0,0,0,0,0,0,0,0.01834788,0,0.08917078,0,0,0,0,0,0,0.4628932,0,0,0,0,0,0,0,0,0,0,0,0,0.5954633,0,0,0.3780104,0,0,0,0.1807508,0,0,0,0,0,0,0.3282251,0,0,0,0,0,0,0,0,0,0,0,0,0,0,0,0,0,0,0,0,0,0,0,0,0,0,0,0,0,0,0,0,0,0,0,0,0,0,0,0,0,0,0,0,0,0,0,0,0,0,0,0,0,0,0,0,0,0,0,0,0,0,0,0,0.6644799,0,0,0,0.3025178,0.4754346,0.01234064,0.2098913,0,0.02711796,0,0,0.1773387,0,0,0,0,0,0.2532679,0,0,0,0,0,0,0,0,0,0,0,0,0,0,0,0,0,0,0,0,0,0.02020046,0.2165541,0.4579036,0,0.1899609,0,0,0,0,0,0,0,0,0,0,0,0.6687807,0.4522958,0,0,0,0,0,0,0,0.1157756,0,0.0444091,0.25064,0.131531,0,0,0,0.3435096,0,0,0.06887459,0.3251087,0,0.5239052,0,0,0.01537588,0,0.1228155,0.2213429,0,0,0,0,0,0,0,0.01105385,0,0,0,0,0,0,0,0.1871779,0,0,0.3218498,0,0,0,0,0,0,0,0,0,0,0.1723537,0.4733063,0.5114999,0,0,0.3750756,0,0.2882116,0,0.006837705,0,0,0.230839,0,0.1944977,0,0.03220519,0,0,0.7428809,0,0.1741676,0,0.2921738,0,0,0,0,0,0,0,0,0.0543788,0,0,0,0,0.1091636,0.2961759,0.05022502,0,0,0,0,0,0,0,0,0,0.1280014,0,0.269457,0.3399934,0,
0,0,0,0,0,0,0,0.08292481,0.04120626,0,0.144013,0.002095255,0.331691,0.3674017,0,0.100168,0,0,0.1061498,0,0,0,0,0.2041049,0.0821573,0.029505,0,0.05582662,0,0.01340676,0,0,0,0.112565,0,0,0,0.1108485,0,0.6791321,0,0,0,0.06651077,0,0,0,0.162596,0,0,0,0,0,0,0,0.272316,0,0,0,0.04139107,0,0,0,0,0,0,0,0.2159043,0,0.1258225,0,0.1030503,0,0.3291578,0.05230507,0,0,0,0,0,0,0,0,0,0,0,0,0,0,0,0,0,0.03205891,0,0,0,0,0,0,0,0,0,0,0,0,0.07720138,0,0.1907862,0.09352609,0,0.07843527,0.3834666,0,0.2259353,0,0.4431326,0,0.01514614,0,0.02434101,0,0,0,0,0,0,0,0,0,0,0,0,1.002241,0,0,0,0,0,0,0,0,0.1314988,0.01354268,0,0,0,0,0,0.1075147,0,0,0.1014031,0,0,0,0.2833785,0,0,0,0,0.1382819,0,0,0.03156971,0.4888617,0.4023831,0,0,0,0,0,0,0,0,0,0,0,0,0,0.01932988,0.4129619,0,0.007433048,0,0,0,0,0,0,0,0.5664399,0,0,0,0,0,0,0,0.5278888,0,0,0,0,0,0.2613613,0.7288201,0.4547985,0,0.06077289,0.03342143,0.2479559,0,0.04107496,0,0,0,0,0,0.04555983,0.1360798,0,0,0,0,0,0,0,0,0.02227674,0,0,0,0,0,0,0,0,0,0,0,0,0,0,0,0,0.1603317,0,0,0,0,0,0,0,0,0.007587652,0.2353862,0,0,0,0,0,0,0,0,0,0,0,0,0,0,0,0,0.1599897,0,0,0,0,0,0,0,0,0,0,0,0,0,0,0,0,0,0,0,0,0,0,0,0,0,0,0,0,0,0,0,0,0,0,0,0,0,0,0,0,0,0,0,0,0,0,0,0,0,0,0,0,0,0,0,0,0,0,0,0,0,0.3982008,0,0.2628971,0,0.2063466,0,0.3400269,0,0,0,0,0,0,0,0,0,0,0,0,0,0,0,0,0,0,0,0,0,0,0,0,0,0,0,0,0,0,0,0.1403905,0,0.3230748,0.1379447,0,0,0,0,0,0.03447968,0,0.06970233,0,0,0,0.166218,0.198275,0,0,0.5002459,0,0,0,0,0,0.1990347,0,0,0,0,0,0.06140766,0.09932618,0,0,0,0,0,0,0,0,0.06051193,0.06141899,0.04596227,0.3538494,0,0,0,0,0,0.2031886,0.006420225,0,0,0.310045,0.224756,0,0,0,0,0,0,0.1334907,0,0,0.2292018,0,0,0,0,0,0,0.1334298,0.07338019,0.130201,0,0,0.1810454,0.01908347,0,0.004410363,0,0.1516335,0,0.1301041,0.03513611,0.003016057,0,0.29975,0.1689427,0,0,0,0,0,0,0,1.86562,0,0,0.01847275,0,0,0,0,0,0,0,0.2261921,0,0,0.02431783,0,0,0,0,0.08186378,0,0,0,0,0,0.03461346,0,0,0,0,0,
0,0,0,0,0,0,0,0,0.3052135,0.02731467,0,0,0.0472181,0,0.07016204,0.0223933,0,0,0,0,0,0,0,0,0,0.06763443,0,0,0,0.04802554,0,0.4808886,0,0,0,0,0.03208789,0,0,0.2673657,0,0,0,0,0,0,0,0,0,0,0,0,0,0,0,0.1123782,0.1244582,0.1311316,0.1581821,0,0.3421877,0.1415363,0.1277941,0.378639,0.09886264,0.3787223,0,0,0,0,0.1811158,0,0,0.373011,0,0.1179725,0.6131639,0,0,0,0,0,0,0,0,0,0,0,0,0,0,0,0,0,0,0,0,0,0,0,0,0,0,0,0,0,0,0,0.1397138,0,0.4432034,0.04763496,0.4165073,0.4930226,0,0,0,0.2850206,0.3066211,0,0,0,0,0,0,0,0,0,0,0,0,0,0,0.02021158,0,0.03027906,0.0746122,0,0,0.1383803,0,0,0.1958207,0,0.2320125,0.2117183,0,0,0.1316453,0,0.04354687,0.2685967,0,0,0,0,0,0,0,0,0,0,0.1949869,0,0.5134912,0,0,0,0,0,0,0,0,0,0,0,0,0,0,0,0,0,0,0.4246677,0.08882084,0.1184862,0,0.2117964,0,0,0,0,0,0,0.4639782,0.1902608,0,0.06790578,0.2013294,0.06138737,0,0.3278724,0.1269854,0,0,0.2311282,0.03420277,0,0,0.05240387,0,0.5386749,0.1937744,0.001810701,0.03257279,0.1731623,0,0,0,0,0,0,0,0,0,0.164872,0,0,0,0,0,0,0.0656027,0,0,0,0,0,0,0,0,0,0,0,0,0,0,0,0.1983386,0,0.2301121,0,0.2296724,0,0,0,0,0,0.01002383,0,0,0,0,0,0.1934621,0,0,0.2294112,0,0,0,0,0.3034717,0.2400794,0,0,1.541729,0,0,0,0,0,0,0,0,0,0.06882801,0,0,0,0,0,0.4088958,0,0,0,0,0,0,0.0926438,0,0,0,0,0,0,0,0,0,0,0,0,0,0,0,0,0,0,0,0,0,0,0,0,0,0,0,0,0,0,0,0,0,0,0,0,0,0,0,0,0,0,1.008621,0.8445811,0,0,0,0,0,0,0,0,0,0,0,0,0,0,0,0,0,0,0,0,0,0,0,0,0,0,0.3831769,0.6939444,0,0.3062749,0.06785021,0.6149384,0,0.1140368,0,0,0,0,0,0,0,0,0,0.2034585,0,0.007017883,0.004611219,0,0.2446039,0,0.1024504,0.7427736,0.336634,0,0.5590143,0,0,0.1713601,0.1085368,0.07238025,0.1031757,0,0.09785392,0,0,0,0.06287605,0.07979979,0.1822377,0,0.3652631,0.2710008,0,0.05138866,0,0.6682017,0,0.3526708,0.1892983,0.01532002,0,0.5028869,0,0.22603,0,0,0.8800064,0,0,0,0,0,0.03377352,0.004871055,0.6440039,0,0.05456249,0,0,0,0,0,0.4530301,0,0.0813943,0,0.2095309,0,0.07679024,0.1019125,0.07416575,0.05105498,0.3360502,0.1534327,0,0.2007262,0.3658704,0,0,0.05372298,0,0.04891681,0.6341785,0,0.0814916,0,0,0,0.1174959,0,0,0,0,0.3816236,0,0.2033631,0.3134961,0.128213,0.3102719,0.2080916,0,0.02169601,0,0,0,0,0.13458,0,0,0,0,0,0,0,0,0.0283142,
0,0,0,0,0,0,0,0,0,0.2460236,0,0,0,0,0,0,0,0.3215097,0,0,0.1763235,0,0,0.1872893,0.2315605,0,0,0,0,0.3397257,0.302364,0.2836835,0.05473324,0,0,0.05650374,0.06205463,0,0,0,0,0,0,0,0,0,0,0,0,0,0,0,0,0,0,0,0.09304704,0,0,0,0.4844262,0.08830673,0,0,0.3176081,0,0.1581557,0,0,0.4064115,0.02416009,0.1375441,0,0,0.1334215,0,0,0.1942406,0,0.2259773,0,0,0,0,0,0,0,0,0,0,0,0,0.2862553,0,0.1026344,0,0,0,0,0,0.1431099,0,0,0,0,0,0,0,0,0.4812059,0.02203808,0.01573853,0,0,0,0,0,0.5082371,0.2389477,0.05855013,0,0,0,0,0,0,0,0,0,0,0,0,0,0,0,0,0,0,0,0,0,0,0.009412271,0.04771764,0.1869943,0.2065875,0.1924081,0,0.09636559,0,0.07233138,0,0.3370382,0,0.2890673,0,0,0.1426326,0,0,0,0.4579184,0.08801851,0.2115018,0.3811012,0.3240136,0,0,0,0,0,0,0,0,0,0,0,0,0.1803586,0.2657353,0.03228463,0,0.4412071,0,0,0.0003647247,0.0817401,0.07545438,0,0.3633583,0,0.01726175,0.3121965,0,0,0,0,0,0,0,0,0,0.3479635,0.3099148,0.05169154,0,0.2377595,0.3136444,0.262522,0.5999728,0,0.503832,0,0.1770419,0,0,0,0,0.03805519,0.03728265,0,0,0,0,0,0,0.009701855,0,0,0,0,0,0,0,0.1164439,0,0.4779213,0,0,0,0,0,0,0.03031369,0,0,0,0,0,0,0.08346949,0.277548,0,0,0,0.04412693,0,0,0.03128103,0.3144215,0,0,0,0,0,0,0,0,0.2783021,0,0,0,0.6694155,0,0,0,0,0,0,0,0.04034328,0,0,0,0,0,0.0907628,0,0,0,0,0,0.07477619,0,0.3889129,0,0,0,0,0,0,0,0,0,0,0,0,0,0,0,0,0,0,0,0,0,0,0,0,0,0.01018802,0,0,0,0,0,0,0,0,0,0,0,0,0,0,0.02791184,0,0,0.2472012,0,0,1.168661,0,0.09841033,0,0,0,0,0,0,0,0,0,0,0,0,0,0,0.08283039,0,0,0,0,0,0,0,0,0,0,0,0,0,0,0,0,0,0,0.04039378,0,0,0.09294815,0,0,0,0,0,0,0,0.09166393,0,0,0.1203111,0,0.185614,0.02188421,0.2637261,0.1486165,0.4223438,0.063247,0.1937018,0,0,0.2519747,0.1867885,0,0,0.07791232,0,0,0,0,0,0.0116529,0,0.170849,0,0.2244233,0,0,0,0,0,0,0,0,0.01634854,0,0.3263175,0,0,0,0,0,0.04463879,0,0,0,0,0.468199,0,0,0,0,0.2486231,0.2131311,0,0,0,0.1736244,0.1391816,0,0,0,0,0.2348942,0,0,0,0,0.3136509,0,0,0,0,0.1119956,0.2579643,0,0,0,0,0,0.1365795,0,0,0.2651492,0,0.004834293,0,0.3925447,0.3189816,0.1962962,0,0.4237682,0.2279339,0.008475816,0,0,0,0.3162113,0,0,0,0,0,0,0,0,0,0,0.0315277,
0,0,0,0,0,0,0,0,0.1891407,0,0,0,0.2576886,0.4532205,0,0,0,0,0,0.08952201,0,0,0.129801,0,0,0,0.2967515,0,0,0,0.1258849,0,0,0.01981255,0.1448362,0.6112002,0.5098839,0,0.04422001,0.3863608,0,0,0,0,0,0.1933215,0.1219511,0,0.1118846,0,0,0,0,0,0,0,0,0,0,0,0,0,0.2361732,0,0,0,0.02090482,0,0,0,0,0.3911766,0.1538707,0.1956079,0,0.1041975,0,0.03035351,0,0,0,0,0,0,0,0,0,0,0,0,0.3628501,0.2689599,0,0,0,0,0,0,0,0,0,0.01077041,0,0,0,0,0,0.2829905,0,0,0.07812545,0.09988667,0.1317895,0.08975948,0.05081485,0,0,0,0,0,0,0,0,0,0,0,0,0,0,0,0,0,0,0,0,0.0595338,0.03104888,0,0.08417749,0,0.234672,0.3090201,0.06066633,0.03370339,0,0.1202217,0.07013869,0.1842856,0.3461615,0,0.3413529,0,0.3113758,0,0,0.215548,0,0.2358518,0.1084221,0,0,0,0,0,0.208691,0,0.02283052,0.1343317,0,0,0,0,0,0,0,0,0,0.1714392,0,0.07022805,0.4085112,0.1331995,0,0,0,0,0,0,0.0648068,0,0,0,0.1412507,0.2737695,0.04513326,0,0,0,0,0.2394904,0.04924469,0,0.6006506,0,0,0.1887625,0,0,0,0.2706126,0.6204184,0.02447833,0,0.07466383,0,0,0,0.2434032,0,0.2483446,0.4593909,0.1263917,0,0.08037294,0,0,0,0,0,0,0,0,0,0,0,0,0,0,0,0,0,0,0.1947365,0,0,0,0,0.02611767,0,0,0,0.01440665,0,0,0,0.2722417,0,0,0,0,0,0,0,0,0.002373538,0,0,0,0,0,0,0,0,0,0,0,0,0,0,0,0,0.465046,0,0,0,0,0.3840184,0,0,0,0,0.01354823,0,0,0,2.279655,0.1106545,0,0,0,0,0,0,0,0,0,0,0,0,0,0,0,0,0,0,0,0,0,0,0,0,0,0,0,0,0.1117716,0,0,0,0,0,0.463919,0,0,0,0,0,0,0,0,0,0,0,0,0,0,0,0,0,0,0,0,0,0.06222734,0,0,0,0,0,0,0,0,0,0,0,0,0,0,0,0,0,0.3616538,0.1726066,0.2427785,0.3971349,0,0.01625436,0,0,0,0,0,0,0.007348848,0,0.06417844,0,0.01925403,0,0.1122828,0,0.03417354,0,0,0,0,0,0.164701,0.1704708,0,0,0.09279947,0.04375761,0.247972,0.1580673,0,0,0,0,0,0,0,0,0,0,0,0,0,0,0,0,0,0,0,0,0,0,0.2028439,0.05815713,0.4304217,0,0.5903658,0,0,0,0,0,0.1856192,0,0,0,0,0,0,0,0,0,0.1668621,0,0.220315,0,0.1401053,0.04706202,0,0.2520346,0,0,0.1681799,0.3918405,0.03806728,0,0.4748481,0.1963334,0.2912334,0,0.2595991,0.05981227,0.586624,2.812896,1.776617,0,0,0,0,0,0,0,0.1851663,0,0.1650061,0,0,0,0,0.311697,0.2399457,0,0.05542252,0.008692182,0,0,0,0,0,0,0,0,0,0,0,
0,0,0,0,0,0,0,0,0.05751938,0,0,0,0,0.009601051,0,0.1609258,0.0526941,0.3747559,0.04047344,0,0.1485029,0.101506,0,0.01318725,0.2263605,0,0,0,0,0,0,0,0,0.1560904,0,0.02931447,0.2626481,0.3602228,0,0,0,0,0,0,0,0.5611487,0,0.3706936,0,0,0,0,0,0,0,0,0,0,0,0,0,0,0,0.2522354,0.09443236,0,0.08869626,0,0,0,0,0.2591494,0,0,0.2368201,0,0.1096804,0.1260445,0,0.02668461,0.3281327,0.210864,0,0,0,0,0,0,0,0,0,0,0,0,0,0,0,0,0,0,0,0,0,0,0,0,0.001748967,0,0.2826739,0.1057804,0.2152793,0,0.2784638,0,0,0,0,0.1853448,0.1856184,0,0,0,0,0,0,0,0,0,0,0.155358,0,0,0,0,0,0,0.1508212,0,0,0.01422506,0,0,0,0,0,0,0,0,0.3172625,0,0,0,0.05529678,0.4683087,0,0,0,0,0,0,0,0,0.4908468,0.5947553,0.3582124,0.519152,0.2624372,0,0,0,0.6997294,0,0,0,0,0,0,0,0.3811614,0.2859683,0,0,0,0.3012762,0,0,0.2258395,0.6269884,0.02334853,0.2744581,0,0.1400261,0.01894152,0.1220658,0,0.09431764,0.06682426,0,0,0.4081254,0.1251532,0.154184,0,0,0,0.1104775,0.1124208,0,0,0,0.2065188,0,0,0,0.1770854,0,0.4634166,0,0,0.2985002,0.1000721,0,0,0,0,0.3029987,0,0,0,0,0,0,0,0,0.4976043,0,0,0,0,0,0,0,0,0,0,0,0,0.03807634,0,0.6510767,0,0,0,0.1987829,0,0,0,0.09471831,0,0,0.04171981,0,0,0.5917556,0,0.03273251,0,0,0,0,0,0,0,0,0,0,0,0,0,0.1614326,0,0.3490439,0.1583742,0.1324739,0,0.4030026,0.228902,0.1733693,0,0,0,0,0,0.2168262,0.1368856,0.4747074,0.005258648,0.3475732,0,0,0,0,0,0,0,0,0,0,0.04218353,0,0,0,0,0,0,0,0,0,0,0,0,0,0,0,0,0,0,0,0,0,0,0,0,0,0,0,0,0,0,0,0,0,0.01887628,0,0,0,0,0,0,0,0,0,0,0,0,0,0,0,0,0,0,0,0,0,0,0,0,0,0,0,0,0,0.3343896,0.2254282,0.9795502,0,0.5889087,0,0,0,0.236468,0.09705457,0,0.0121097,0,0.2193381,0,0,0,0.03109206,0,0,0,0,0.1108861,0,0.2036218,0.2765565,0,0,0,0.3719937,0,0,0,0.22128,0,0,0,0.02538157,0,0.7282078,0,0,0,0,0,0,0,0,0,0,0,0,0,0,0.2828832,0.07950921,0,0.08782965,0.413263,0,0,0,0,0,0,0,0.4164248,0.7220201,0,0,0.2450068,0,0,0,0.1919327,0,0,0,0,0,0,0.2962412,0,0,0,0.2898979,0.2835277,0,0,0.2746052,0,0.2673222,0,0,0.5532203,0,0,2.076312,1.16925,0.9630197,0,0.6301569,1.1271,0,0,0,0.04140162,0.4638743,0.1392733,0.400682,0,0,0,0.08518153,0,0.04997217,0,0,0,0.008151387,0.2247962,0.1915317,0,0,0,0,0,0,
0,0,0,0,0,0,0,0,0,0,0.06577384,0,0,0.1588849,0.2716573,0,0,0,0.06341406,0,0.2115818,0,0.09599803,0,0,0.1603685,0.1338339,0.4558975,0.1558207,0,0,0.07475442,0,0.6914141,0,0,0,0,0,0.01902698,0,0,0,0,0,0,0,0,0,0,0,0,0.3492187,0,0,0,0,0,0,0,0,0,0,0,0,0,0,0.3112924,0,0.1552598,0.2280479,0.09450862,0,0,0,0,0,0.03713224,0.0292018,0.149825,0.7591531,0,0,0,0,0,0,0,0,0,0,0,0.2482267,0,0.4910482,0,0,0.05758299,0,0,0,0,0,0,0.03709806,0,0,0,0,0,0,0,0,0,0,0,0,0,0.3417853,0.1918878,0,0.04869892,0,0,0,0,0,0.4126334,0,0,0,0.2388946,0.3412653,0,0.3486919,0,0,0.1878141,0,0.2112284,0.2102846,0,0,0,0.08607193,0,0,0.2005193,0.1343283,0.07953426,0.4299892,0,0,0,0.4987387,0.227513,0,0,0.2429851,0,0,0,0,0,0,0.5687834,0,0,0,0,0,0.02464407,0,0,0,0.1017084,0,0,0.05228554,0,0.2930146,0,0,0,0,0,0,0,0.1154786,0,0.2754027,0,0.1476815,0,0.02236707,0,0,0,0,0,0,0,0,0,0,0,0,0,0,0,0.206354,0.3080713,0.1682907,0,0,0.1125331,1.051877,0.1272354,0.2944826,0.06224876,0,0.2623693,0,0,0.3046454,0,0,0.09421916,0,0.1064117,0.2644713,0,0,0,0.2372372,0,0,0,0.1752073,0,0.2078706,0.8593202,0,0.09660221,0,0,0,0.3751908,0,0,0,0,0,0,0,0,0,0.07958803,0,0,0,0,0,0,0,0,0,0,0,0,0,0,0,0,0,0,0,0.1395151,0,0.1667029,0,0,0.2793756,0,0,0,0,0,0.09994524,0,0,0,0,0.08732722,0.08986027,0.1063782,0,0,0,0,0,0,0,0,0,0,0,0,0,0,0,0,0,0,0.0071261,0,0,0,0,0,0,0,0,0,0,0,0,0,0,0,0,0,0,0,0,0.04893808,0,0,0,0,0,0,0,0,0,0,0.1595289,0,0,0,0,0,0,0,0,0,0,0,0,0,1.811574,1.186623,0,0,0,0,0,0,0,0,0,0.4270094,0,0,1.060823,0,0.05392823,0,0.02680012,0.08637951,0,0.1830546,0,0,0.4314514,0,0,0,0,0,0,0,0,0,0.2254072,0.1912164,0,0.01688654,0,0.3112419,0,0.2031596,0.642495,0.1441803,0.1619095,0,0.4910206,0.8359591,0,0,0.2899154,0,0.3121023,0.02196752,0,0,0.08983894,0,0,0,0,0,0,0,0,0,0,0,0.4409445,0,0,0.009534839,0.2100271,0,0,0,0,0,0,0.8690822,0,0,0,0,0,0,0.1342683,0,0.01673897,0.1330643,0,0,0,0.2120623,0.02814124,0,0.2248074,0,0,0,0,0.1959638,0.2432663,0,0,0.1459856,0,0,3.270361,0,0,0.9725447,0.6281126,0,0,0,0.0120238,0.003714436,0,0.2899025,0.4702677,0.3657983,0,0,0,0,0,0.04148,0.2433074,0,0.4498713,0.2940579,0,0,0,0,0.3816481,0,0,0,
0,0,0,0,0,0,0,0,0,0,0,0,0,0.1300329,0.3876158,0,0,0,0,0,0,0,0,0,0,0,0,0,0,0,0.05906345,0,0,0.4667462,0,0,0,0,0,0,0,0.009858965,0,0,0,0,0,0,0,0,0,0,0,0.3443553,0,0.08263048,0,0,0,0,0,0,0,0,0,0,0.04301366,0,0.3726258,0,0,0.3927473,0,0.1941048,0,0.1023173,0.02334055,0.3366309,0.0001158869,0.1537527,0.1760164,0.0914236,0,0.1105694,0,0,0,0,0,0,0,0,0,0,0.5324397,0.2008671,0.2316055,0,0.1877077,0,0,0,0,0,0,0,0,0.2089274,0,0,0,0,0,0,0,0,0,0,0.084884,0.0654927,0,0,0.1833359,0,0.3507745,0,0,0.422841,1.502166,0,0,0,0,0.07187539,0,0,0,0.6923833,0,0,0,0,0,0,0,0,0,0.306296,0,0,0,0,0,0.2451811,0,0.08810488,0.0856526,0,0,0,0,0,0,0,0,0,0,0,0,0.5277119,0,0,0,0,0,0,0.1852746,0,0.08261906,0,0.002210431,0.01166944,0,0.1686418,0,0,0.09868201,0,0,0,0.09726564,0,0,0,0,0.1743783,0,0,0.1767959,0.3274173,0,0.1984033,0,0,0,0,0,0,0,0,1.152396,0.6993437,0.1253972,0,0,0,0.2567119,0,0.2536609,0.3123015,0.3499621,0,0.1508156,0,0.05307562,0,0,0,0,0,0,0,0,0.03321021,0,0.5913997,0.03763973,0,0.1040164,0,0,0,0,0,0.3357824,0,0,0,0,0,0.3548034,0,0,0,0,0,0.03263889,0.04875601,0,0,0,0,0,0,0,0,0,0,0,0,0,0.2000485,0,0,0,0,0.6505508,0,0,0,0,0.02760438,0.01187766,0.02130752,0,0,0,0,0,0.5492709,0.5184114,0,0,0.2500687,0.3910639,0.4014526,0.1139483,0,0.193291,0,0,0,0,0,0,0.3919582,0,0.1025797,0,0,0.05621405,0,0,0,0,0,0,0,0,0,0,0,0,0,0,0,0,0,0,0,0,0,0,0,0.06743275,0,0,0,0,0,0,0,0,0,0.01399648,0,0,0,0,0,0,0,0,0,0,0,0,0,0,0,0,0,0,0,0,0,0,0,0,0,0,0.4454541,0.1662961,0.2458586,0.9933959,0,0,0.2835003,0,0.0268425,0,0,0,0,0,0.2612732,0,0,0,0,0,0,0,0.08462773,0.2046315,0,0.1420404,0.08813285,0,0,0.2589388,0,0,0,0,0,0,0,0,0.4198866,0.3043831,0,0,0,0.4603742,0,0.08073656,0,0,0,0,0,0,0,0,0,0,0.05887502,0.08271286,0,0.2112375,0.01785305,0.2947954,0,0,0,0,0.6551484,1.00903,0,0.1130509,0.1333614,0.1463625,0,0,0,0,0,0,0.07929478,0,0,0,0.03070058,0.1770848,0.3989413,0,0.2552264,0.1836627,0,0,0.2593541,0,0,0,0.04557362,0.1209895,1.237362,0,0,0,0.9257762,0.1802306,0,0,0.08324842,0,0.1276766,0,0.04550964,0.335751,0,0,0,0,0.05057096,0.09515414,0.2546393,0,0,0,0,0.2007976,0,0.01375502,0,0,0,0,0.01966358,
0,0,0,0,0,0,0,0,0.4382917,0,0,0,0.3680441,0.2732333,0.1640918,0.2228807,0,0,0,0,0,0.1621583,0.04408499,0.1276132,0.02567922,0,0,0,0,0,0,0,0.08435293,0.237781,0,0,0,0,0,0,0,0,0,0,0,0,0,0,0,0,0.08209972,0,0,0,0,0.5969703,0,0,0,0,0,0,0,0,0,0,0,0,0,0,0.07602701,0.1069188,0,0.5087305,0.1231833,0,0,0,0,0.04817356,0.06648818,0,0,0.1065706,0,0,0,0,0,0,0,0.159282,0,0.2128281,0,0.3357956,0,0.05204976,0,0,0,0.1334792,0,0,0,0,0,0,0,0,0,0,0,0,0,0,0,0,0,0,0,0,0,0,0,0.436723,0.008418168,2.73717,0.3994706,1.666002,0.3650972,0.539222,0,0.1006819,0,0,0.06415154,0.4213578,0,0,0,0,0,0,0.0791284,0,0.1974271,0.3482625,0,0.2594767,0,0,0,0,0.4551898,0,0.2515794,0,0,0,0,0,0,0,0,0,0,0.03354516,0,0,0,0.2672864,0,0,0.4697649,0,0,0,0.4826722,0.1007376,0,0,0.05259631,0,0,0,0,0.06817596,0,0.5943251,0,0.1569476,0,0.2696069,0.1182911,0,0,0.1576158,0,0,0,0,0,0,0,0,0,0,0,0,0,0,0.3930552,0,0.7793912,0.5647617,0,0.2694565,0,0,0.3222926,0.1627857,0,0,0,0,0,0,0.3659703,0.4673582,0,0,0,0,0,0.03845493,0.1736128,0.3740454,0,0.08094242,0,0,0,0,0,0.1184633,0.2592816,0,0.02481266,0,0.3711565,0,0,0,0,0,0,0.2780428,0,0.4479539,0,0,0,0,0,0,0,0,0,0,0,0,0,0,0,0,0.1435509,0.2456702,0,0,0,0.0001578209,0.3274205,0.2373623,0,0,0,0,0,0,0,0,0,0.1909697,0.06529725,0.2824298,0,0,0.2078761,0,0,0,0.2581221,0,0.644024,0,0.3291456,0,0,0,0,0.07650906,0,0,0,0,0,0,0,0.06883606,0.05166276,0,0.1426757,0,0,0,0.03578369,0,0,0,0,0,0,0,0,0.01366137,0,0,0,0,0,0,0,0.03598171,0,0,0,0,0,0,0,0,0,0,0,0,0,0,0,0,0,0,0,0,0,0,0,0,0.04279304,0.4057179,0,0,0,0,1.403522,0,0,0,0,0,0,0,0,0,0,0,0,0.1441305,0,0,0,0,0,0,1.053572,0,0,0,0,0,0,0,0,0,0,0.4489899,0,0.4070314,0,0,0,0.1918154,0,0,0,0,0,0.01166983,0,0,0,0,0,0,0,0,0,0,0,0,0,0,0,0,0.05946208,0,0.5945736,0,0.08011806,0,0,0,0,0,0,0.3552664,0,0,0.145666,0,0,0.264478,0.394834,0,0.1967733,0,0.4142084,0,0,0.05839334,0,0.06605993,0,0.4301198,0,0,0,0,0,0,0.4344388,0.2387152,0,0,0,0.4213068,0,0,0,0.04790138,0,0,0,0,0.2098599,0.2960311,0,0.2732316,0,0,0,0,0,0,0.1737475,0,0,0,0,0.4760913,
0,0,0,0,0,0,0,0,0.07089106,0,0,0,0,0,0,0,0,0,0.07597472,0,0.1164077,0,0,0,0,0.101499,0,0.2778898,0.07874546,0,0.2955892,0,0,0,0.1112225,0.1009971,0,0,0.04401404,0,0,0,0,0,0,0,0,0,0,0,0,0,0,0,0,0,0,0,0,0,0,0,0,0,0,0,0,0,0,0.004131069,0,0,0.3901426,0,0,0,0,0,0,0,0,0,0,0,0,0,0,0,0.1448584,0,0,0,0,0,0.1073874,0,0.1642015,0.1552374,0,0,3.990586E-05,0,0,0,0,0.6597435,0.054281,0,0,0,0,0,0,0,0,0,0,0,0,0,0,0,0,0,0,0.04303164,1.523392,1.469166,0.399138,0.18023,1.733107,0.2986985,0,0,0,0.2909592,0,0.4091492,0,0.07917668,0,0,0,0,0,0,0,0,0,0,0,0,0,0,0,0.1247011,0,0,0,0,0,0,0,0,0,0,0,0,0,0,0,0,0.2802912,0,0.4045801,0.2078383,0.1036371,0,0,0.4057624,0.128742,0,0.2547581,0,0,0.3077631,0,0,0,0.3830311,0,0,0,0,0,0.200286,0.3410795,0,0.4144234,0,0,0,0,0,0,0,0,0,0,0,0,0,0,0,0.2111286,0,0,0,0,0,0,0.2305987,0,0.06090142,0,0,0.06712622,0,0,0,0.4225759,0,0.2209541,0,0,0,0,0,0.01727816,0,0.0640786,0,0.2071166,0.2330026,0,0,0,0,0.1051389,0,0,0,0,0,0,0,0,0.3452109,0,0,0,0,0,0,0,0,0,0,0,0,0,0,0,0,0,0.1172553,0.1067044,0,0,0.1869566,0,0,0.1272613,0,0,0,0,0,0,0,0,0,0,0,0,0.1752368,0.009358872,0.353272,0,0.2955259,0,0,0.2521914,0,0.1305296,0,0,0.1895019,0,0,0,0.3343004,0.03004871,0,0,0,0.2280814,0,0,0.3313184,0.234781,0.2228898,0,0,0,0,0,0,0.146359,0,0,0,0,0,0,0,0,0,0,0,0,0,0,0,0,0,0,0,0,0,0,0,0,0,0.1594301,0,0,0,0,0,0,0,0,0,0,0,0,0,0,0,0,0,0,0,0,0,0,0,0,0,0,0,0,0,0,0,0,0,0,0,0,0.04207913,0.1172348,0,0.2293571,0,0,0,0,0,0,0,0,0,0,0,0,0,0,0.1688384,0,0,0,0.04969954,0,0,0,0,0,0,0,0,0,0,0,0,0,0,0,0,0,0,0.1702743,0,0,0,0.1494422,0,0.08304665,0.5923283,0.1414348,0,0,0.2976314,0,0,0,0.1650171,0,0.3144822,0,0.1081206,0,0.1615098,0,0,0.2988052,0,0,0.01833868,0,0.3029168,0,0.1757378,0,0.1996065,0,0,0,0,0,0,0,0,0,0.2657048,0,0,0,0.08702681,0,0,0,0,0.3368258,0,0,0,0,0,0,0,0,0,0,0,0,0.005152619,0.08143483,0,
0,0,0,0,0,0,0,0,0.322085,0,0,0,0,0,0.2255807,0,0,0,0,0,0,0.1865003,0,0,0,0,0.1567182,0,0,0.4370974,0,0,0.1655094,0,0,0.2852809,0,0,0,0,0,0,0,0,0,0,0,0,0,0,0,0,0,0,0,0,0,0,0,0,0,0,0,0,0,0,0,0,0,0,0,0.2372329,0,0,0,0,0.2626992,0,0,0,0,0,0.2149327,0.3029368,0,0,0,0,0,0.3798399,0.3855407,0,0.03009287,0.01575394,0,0,3.505426,0.252013,0.4985689,0.06160915,0,0,0,0,0,0,0,0,0,0,0,0,0,0,0,0,0,0,0,0,0.3804931,0,0,0,0.01534205,0,0.9956204,0.4273099,0,0,0.3757957,0.09078971,0,0,0.3640306,0,0,0,0.1958377,0,0.3582734,0,0,0,0,0,0,0,0,0,0,0.03680427,0,0.3202824,0.09730022,0,0,0,0,0,0,0,0,0,0,0,0,0,0,0,0,0,0,0.175798,0,0,0,0,0.06215129,0,0.1533083,0.01694126,0.1505685,0.1541828,0,0,0,0,0,0,0.1506843,0.03389073,0,0,0,0,0,0.1373894,0,0,0,0,0,0,0,0,0,0,0,0,0,0,0,0,0,0,0.1354336,0.05089055,0,0,0.3594502,0,0.3089339,0.03025086,0,0,0,0,0,0.1011168,0.01071417,0,0,0,0,0,0,0,0,0.2252412,0,0.03086107,0.0007712524,0,0.4289706,0.6371831,0,0,0,0.2950067,0,0,0,0,0,0,0,0.179057,0.05204368,0,0,0.348416,0,0,0,0,0,0,0,0,0,0,0,0.0796295,0,0,0,0,0.5061485,0,0,0,0,0,0,0,0.03267261,0,0,0,0,0,0.2531111,0,0,0.4338778,0.7678578,0.7468801,0.3147072,0,0,0,0,0,0.1034404,0.2947821,0.02369067,0.02054952,0,0,0.08927977,0,0.1256678,0,0.3266388,0,0,0,0,0.02209972,0.404171,0.1151799,0.01303095,0,0,0,0,0,0.4054909,0.08997267,0,0,0,0,0,0,0,0,0,0,0,0,0,0.9084743,0,0,0,0,0,0.2520376,0,0,0,0,0,0,0,0,0,0,0,0,0,0,0,0,0,0,0,0,0,0,0.7848015,0,0,0,0,0,0,0,0,0,0,0,0,0,0,0,0,0,0.2608434,0.36791,0,0.05454619,0,0,0,0,0,0,0,0,0,0,0,0,0,0.03627861,0,0,0,0.4303838,0,0.2984758,0.06146158,0,0,0,0,0,0,0,0,0,0,0,0,0,0,0,0,0.06879852,0.01985619,0,0.1738876,0,0,0,0,0.0513916,0,0.05687487,0,0,0,0,0,0,0.06442454,0,0,0,0,0.1651457,0.1024231,0,0.3452341,0.4056639,0,0.03870509,0.136077,0.03079378,0.3288401,0.1321984,0,0,0.26093,0,0.09197621,0,0,0.4315708,0,0,0,0,0,0,0,0,0,0,0,0,0.3591432,0.07187845,0,0.0723413,0,0,0,0.4553145,0,0.1810536,0,0,0,0,0,0,
0,0,0,0,0,0,0,0.05903915,0.120522,0,0,0,0,0.07162566,0.09070653,0.1242003,0,0,0,0.2624913,0,0.3760791,0,0.1584819,0.4594994,0,0,0,0,0,0,0,0,0,0,0,0,0.01769884,0,0,0,0,0,0,0,0,0,0,0,0,0,0,0,0,0.1115298,0,0,0,0,0,0,0,0,0,0,0,0,0,0,0,0,0,0,0,0.07373992,0,0.09379519,0,0,0,0.2451835,0,0.1219258,0,0,0,0,0.3702797,0,0,0.1687516,0.02708712,0.06048822,0.1025877,0.5084066,0.9192647,3.539366,0,0,0.09083214,0,0,0.03594165,0.2315493,0.1085441,0.02907394,0,0,0,0,0,0,0,0,0.2863378,0,0,0,0,0,0,0,0.0860582,0,0.0006875284,0.7870406,0.5138245,0.3566654,0,0,0.09250157,0,0,0,0,0,0,0,0,0,0,0,0,0,0,0,0,0,0,0,0,0,0.08559161,0,0,0,0,0,0,0,0,0,0,0,0,0,0,0,0,0,0,0,0,0.01403018,0,0,0,0.05577376,0.05731081,0.0007937679,0.2678342,0,0.2479669,0,0.4322914,0,0.7508998,0,0,0,0,0.4070426,0.3108008,0,0.05150229,0,0,0,0.1877555,0,0.2454698,0,0,0,0,0,0,0,0,0,0,0,0,0,0,0,3.489981,0.6385354,0.7451426,0.2744342,0.1912264,0,0.2936786,0.2312305,0,0.469379,0.06379502,0.07681984,0,0,0,0,0,0,0,0,0,0,0,0.4015393,0.2998013,0.2534869,0,0.02856826,0.0782225,0.122755,0,0,0,0,0.1938762,0,0,0,0,0,0.6103846,0,0,0,0,0,0,0,0,0,0,0,0,0.1503276,0,0,0,0,0,0,0,0,0,0,0,0,0,0.07237802,0,0.2593597,0,0,0,0,0,0,0,0,0.1929562,0.4782853,0,0,0,0,0.08041385,0.4731628,0,0.3226777,0,0.001990358,0,0.2741092,0,0.2054838,0,0.6461494,0.0213455,0,0,0,0,0.1914821,0,0.0311638,0,0.4430715,0.2125287,0.005446516,0.3741961,0,0,0,0,0.4053369,0,0,0,0,0,0,0,0,0,0,0,0,0.4921034,0,0,0,0,0,0,0,0,0,0,0,0,0,0,0,0,0,0,0,0,0,0,0,0,0,0,0.153029,0,0,0,0,0,0,0,0,0,0,0,0,0,0,0,0,0,0,0.08702229,0,0,0,0,0,0,0,0,0,0,0,0,0,0,0,0,0,0,0,0,0,0,0,0,0.106076,0.344753,0.2134003,0,0.2277909,0,0,0,0,0,0,0,0,0,0,0,0,0,0,0,0,0,0,0.002277229,0,0.1470531,0,0.1328673,0.1424453,0,0,0,0.09426312,0.06219681,0,0,0.3531286,0,0.3403144,0,0.1975035,0,0,0,0.2783773,0,0.06821301,0.4963177,0.3060851,0,0,0,0,0,0,0,0,0,0.4099096,0,0,0,0,0,0,0,0.3052742,0,0.2566445,0.09613068,0,0,0,0,0.1597895,0.2416584,0.01509384,0.06036646,0,0.02522805,0.07069854,0,0,0,0,0.1938797,0,
0,0,0,0,0,0,0,0,0,0,0,0,0,0.0577427,0,0,0,0.1594858,0.1347224,0.2177438,0,0.01789948,0,0,0,0,0,0.1023921,0,0.3451248,0.3075631,0.02585915,0,0,0,0,0.04979623,0,0,0,0,0,0,0,0,0,0,0,0,0,0,0,0,0,0,0,0,0,0,0,0.05609365,0,0,0,0,0,0,0,0,0,0.1883252,0,0.2436092,0,0,0.06952904,0,0,0.2003671,0.6294246,0.3279513,0,0,0,0,0,0,0,0,0,0.3081805,0,0,0,0,0.8807727,1.262395,0,0.4859772,0,0,0,0.4101718,0.4945195,0,0,0,0,0,0,0,0,0,0,0,0,0,0,0,0,0,0.0292688,0,0,0,0.480346,0.5635735,0,0,0,0,0.5951009,0,0,0,0,0,0,0,0,0,0,0,0,0,0,0,0,0,0,0.0570676,0.01291073,0.1875544,0,0,0,0,0,0,0,0,0,0,0,0,0,0,0,0,0,0,0,0,0,0.5962594,0,0,0,0.6123568,0.1820047,0,0,0.1066405,0.2130704,0,0,0,0,0.1404142,0,0,0.4194296,0.3218879,0.004287852,0.1178335,0.07280023,0,0.1130952,0,0,0,0,0.04381929,0,0.2253459,0,0,0,0,0,0,0,0,0,0,0,2.974796,5.048104,3.127535,4.076058,0.04353847,0.2470771,0,0,0,0.07094719,0,0,0,0,0,0,0,0,0,0,0,0,0,0,0,0,0,0,0.1333291,0.06691089,0,0.02744705,0,0,0,0,0,0.06513888,0,0.1248875,0,0,0,0,0,0,0,0,0,0,0,0,0,0,0,0,0,0,0.1421114,0,0,0,0,0,0,0,0,0,0,0.05368132,0,0,0,0,0,0,0,0,0,0,0,0.2598521,0.0932177,0,0,0,0.04428164,0,0,0,0.0516717,0.05842176,0,0.05132157,0,0,0,0,0,0,0,0.0526682,0.05357347,0.008788394,0,0,0,0,0,0,0,0,0,0,0,0.2886727,0,0,0,0,0,0,0,0,0.145236,0,0,0,0,0,0,0,0,0,0,0,0,0,0,0,0,0,0,0,0,0,0.304581,0,0,0,0,0,0,0,0,0,0,0,0,0,0,0,0.324547,0,0,0,0,0,0,0.01125674,0,0,0.2043501,0,0,0,0.3025867,0,0,0,0,0,0,0,0,0,0,0,0,0,0,0,0,0,0,0.6469901,0.01517132,0,0,0,0.2534116,0,0.05160156,0.4165552,0,0.3841501,0,0,0,0,0,0,0,0,0,0,0,0,0,0,0,0,0.1625949,0.1919435,0,0.4109826,0.06217536,0,0.2788969,0,0,0,0.150232,0.1529806,0.09000111,0.6530772,0,0.01950647,0,0.02798979,0.2699299,0,0.6567701,0.03617105,0.1212132,0.04002395,0,0,0,0.9032584,0,0,0,0,0,0,0.420435,0,0,0,0,0,0,0.04145148,0,0,0,0.2264911,0.2006128,0.3714876,0.03666892,0.03479156,0.1295243,0.7015833,0,0,0,0,0.2096359,0,0,0.05919663,0,0,
0,0,0,0,0,0,0,0.2084382,0,0,0,0,0,0,0,0.3780975,0,0.4653636,0.04290772,0.1137386,0,0,0.06516122,0.3374956,0.1041022,0,0.124253,0.1494629,0.3362873,0,0,0.04005393,0.5098775,0,0.1666238,0,0,0,0,0,0,0,0,0,0,0,0,0,0,0,0,0,0,0,0,0.08401097,0,0,0,0.3216364,0,0,0,0,0,0,0,0,0,0,0,0,0,0,0,0.03267328,0,0.1138383,0,0,0.1675057,0,0.07271502,0.03340099,0,0,0,0,0,0,0.2931421,0,0,0,0,0,0,0,0,0.2289434,0.2963947,0.02007603,0,0,0,0,0,0,0.1851624,0,0,0,0,0,0,0,0,0,0,0,0,0,0,0,0.03498069,0,0,0,0,0,0,0,0.01610269,0,0,0,0,0,0,0,0,0,0,0,0,0,0,0,0,0,0.2498792,0,0,0.365269,0,0,0,0,0,0,0,0,0,0,0,0,0,0,0,0,0,0,0,0,0,0,0,0,0.1498111,0.1379597,0,0.1965373,0.09217383,0,0,0,0,0.005909747,0.1109546,0.3783261,0,0,0,0.4769967,0,0,0.06312019,0.1393732,0,0,0.394347,0.29084,0.1169175,0.1467596,0,0,0,0,0,0,0,0,0,0,0,0.6271967,1.479715,0,0.6603585,0.5219576,0,0,0,0,0.04516093,0.0771452,0.4298706,0.2136292,0,0,0.002761724,0,0,0,0,0,0,0,0,0,0.3979026,0,0.01429529,0.1969352,0,0.1243842,0,0,0.3827883,0,0,0,0.01527583,0.08700377,0.07210213,0,1.51816,0,0,0,0,0,0,0,0,0,0,0,0,0,0,0,0,0,0,0,0,0,0,0,0.3785797,0,0,0,0,0,0,0,0,0,0,0,0,0,0.149091,0,0,0,0.2745602,0.03671032,0,0.3281191,0,0,0.007397962,0.7242787,0,0,0.2746579,0,0.1087,0,0,0,0,0,0.4321983,0,0,0,0,0,0,0,0.2570066,0,0,0,0,0,0,0,0,0,0,0,0,0.1087825,0,0,0,0,0,0,0.07344829,0,0,0,0,0,0,0,0,0,0,0,0,0,0,0,0,0,0,0,0,0,0,0,0,0,0,0,0.6683771,0,0,0,0,0.3891667,0,0,0,0,0,0,0,0,0,0,0,0,0,0,0,0,0,0,0,0,0,0,0.1816115,0,0,0,0,0,0,0,0,0,0,0,0.2581585,0,0.26945,0,0.1898316,0,0,0.04757876,0.1120878,0,0,0,0,0,0,0,0,0,0,0,0,0,0,0,0.1882208,0,0.1380597,0,0,0,0.04359687,0,0,0,0,0,0.1460858,0.1428016,0,0,0.2154826,0.1582519,0,0,0.1834986,0.1640435,0.1088654,0.2741735,0,0.2024202,0,0.7887839,0,0,0,0,0,0,0,0,0,0,0,0,0,0,0.06099131,0,0,0.2199036,0,0,0,0.03250315,0.2549048,0,0,0,0,0,0.3474537,0.1821521,0.199949,0,0.125777,0.1305113,0,0,
0,0,0,0,0,0,0,0,0.2616452,0.02798674,0,0,0,0.3249223,0.08730568,0.4133875,0,0.09397147,0,0.03499114,0,0.3812177,0.05432661,0.09116586,0.2328742,0.241405,0.2420499,0,0,0,0.6214187,0.004523762,0,0,0.14489,0.03157841,0.3755139,0.1767313,0,0,0,0,0,0,0,0,0,0,0.08348896,0.0656856,0,0,0,0,0,0,0,0,0.2498635,0,0.5275003,0,0,0,0,0,0,0,0.2069834,0.0583157,0,0,0,0,0,0,0,0.5112457,0,0,0,0,0,0.03121915,0,0,0,0,0,0,0,0.296325,0,0,0,0,0,0.5676586,0,0,0,0.09670048,0,0,0,0,0,0,0,0,0,0,0,0,0,0,0,0,0,0,0,0.1948708,0.4087418,0.1469703,0.1144072,0,0,0,0,0,0,0,0,0,0,0,0,0,0,0,0,0,0,0,0,0,0,0,0,0,0,0,0,0,0,0.01249598,0,0,0,0,0,0,0,0,0,0,0,0,0,0,0,0,0,0,0,0,0.2540528,0,0,0,0.2799402,0,0.1305246,0,0,0.341727,0,0.3430106,0,0,0,0,0,0,0,0,0,0,0,0.06433668,0,0,0,0.2645639,0,0,0,0.1810382,0,0,0,0,0,0,0,0,0.09509981,0,0,0,0.2197118,0.5526651,0.1306608,0,0.006607412,0.0343614,0.2477669,0,0,0,0,0,0,0,0,0,0,0,0,0,0,0,0,0,0,0,0.1907453,0,0,0,0,0,0.170512,0,0,0.2723636,0,0,0,0,0,0,0,0,0,0.3801277,0,0,0,0,0.07443076,0,0,0,0,0,0,0.4883728,0.5063841,0,0,0,0,0,0,0,0,0,0,0,0,0,0,0,0,0,0,0,0,0.3280596,0.4280087,0.008603683,0.1475808,0,0,0,0,0,0,0.2644029,0,0,0.03283356,0,0,0.5604894,0.294871,0,0,0,0,0,0,0,0,0.1369767,0,0,0,0,0,0,0,0,0,0,0,0,0,0,0,0,0,0.06633168,0.01220006,0.1995001,0.7206113,0,0,0,0,0,0,0,0,0,0,0,0,0,0,0,0,0,0.249084,0,0.06813908,0,0,0,0,0,0,0,0,0,0,0,0,0,0,0,0,0,0,0,0,0,0,0,0,0,0,0,0,0,0,0,0,0.1684688,0,0,0,0,0,0,0,0,0.04018721,0,0,0,0.1724987,0,0,0.2936073,0,0.2094451,0.04375827,0.2223161,0,0,0,0,0.2048913,0,0,0,0,0,0,0,0,0,0,0,0,0,0,0,0,0,0.2619302,0,0.05563009,0,0,0,0,0,0.2120022,0.06182229,0.07972194,0,0,0,0,0.4052908,0,0,0,0.0509311,0,0,0.6865439,0,0,0,0.1278361,0,0,0,0.2165292,0,0,0,0,0,0,0,0.4746311,0.3539114,0,0.09153843,0.03996786,0.1944394,0,0.05080199,0,0.2267538,0,0.1954257,0.1079558,0,1.083463,0.5921443,0.4003814,0,0,0,
0,0,0,0,0,0,0,0,0.2209039,0.109868,0.1628633,0,0,0,0,0,0,0.5030425,0,0,0.09700561,0.1776823,0.1244502,0.0419536,0,0,0.5064729,0.007346672,0,0,0,0.1435342,0.1432397,0,0,0,0.4046417,0.09915085,0,0,0,0,0,0,0,0.09194316,0.02519077,0.3700824,0,0,0.02063024,0,0,0,0,0,0,0,0,0.09131901,0.003521684,0.03958609,0,0,0,0,0,0,0,0,0,0,0,0,0,0.2040073,0,0,0.09217828,0.3509113,0.4153339,0,0,0,0,0,0,0,0,0,0,0,0,0,0.1544659,0,0.1557742,0.02920491,0,0,0,0.2566756,0.3852015,0.2283968,0,0.1129013,0.04628106,0,0,0,0,0,0,0,0,0,0,0,0,0,0,0,0,0.1531633,0,0,0,0.2220813,0,0,0,0,0,0,0,0,0,0,0,0,0,0,0,0,0,0,0,0,0,0,0.2278504,0,0,0,0,0,0,0,0,0,0,0,0,0,0,0,0,0,0.2116057,0,0,0,0,0,0,0,0,0,0,0,0,0.02069488,0.04260517,0,0,0,0.6604286,0,0,0.2437084,0,0,0.4233287,0.1625955,0,0.2660128,0,0.01718498,0,0.1057117,0,0,0.06726507,0.2217044,0,0,0,0,0,0,0,0,0,0,0,0,0,0,0,0.1022418,0,0,0,0,0.7310231,0,0,0,0.248286,0,0,0,0,0,0,0,0,0,0,0,0,0.3382127,0,0.2345897,0,0.02119073,0,0.2305752,0.1314534,0,0,0,0,0,0,0.02746796,0,0,0,0,0,0,0,0,0,0,0,0,0,0,0,0,0.3190656,0,0,0,0,0,0.6541389,0,0.0819207,0,0,0,0,0,0,0,0,0,0.2936258,0,0,0,0,0,0,0,0,0,0,0,0,0,0,0,0.07764713,0,0.01055885,0,0,0,0,0.162403,0,0.08095715,0.17007,0,0,0.09502173,0,0,0,0,0,0,0.1939068,0,0.0105357,0,0,0,0,0,0,0,0.0002957244,0,0,0,0,0,0,0,0.3667673,0,0,0.4441264,0,0,0,0,0,0,0,0,0,0,0,0,0,0,0,0.01119019,0,0,0,0.3901131,0.2870013,0,0.1752296,0,0,0,0,0,0,0,0,0.1122066,0,0,0,0,0,0,0,0,0,0,0,0,0,0,0,0,0,0,0,0,0,0,0,0,0,0,0,0,0,0,0,0,0.02617942,0,0,0.01632209,0.1328881,0,0,0.08769928,0,0,0.5490332,0,0,0,0,0,0,0,0,0,0,0,0,0,0.2444583,0,0,0,0.01952132,0.09091442,0.3105565,0,0,0,0,0.2687819,0,0.02053753,0,0,0.1808304,0.3441484,0,0.2861405,0.4258921,0,0,0.0344183,0,0.432832,0.4162077,0,0,1.086637,0,0.3149123,0,0,0,0,0,0,0,0,0,0,0,0,0.32977,0,0,0,0,0.158264,0,0.2170069,0,0.08909405,0.2762882,0.03602568,0,0,0.08327267,0,0,0,0,0,
0,0,0,0,0,0,0,0.6251556,0.07188194,0,0.2119959,0.1228662,0.1712075,0,0.1051458,0,0,0.3202303,0.2639914,0,0.2613301,0,0,0,0,0.2179063,0,0,0,0,0,0.1975851,0.0727514,0.0898155,0,0,0.1876035,0.2023858,0.6372156,0,0,0.2670628,0,0,0.4761096,0.1483994,0,0.2616032,0.1235043,0.2918918,0,0,0,0,0,0,0,0.04098723,0,0,0,0,0,0,0.3286616,0,0,0,0,0,0.3248359,0,0,0,0,0,0,0,0.2138326,1.793881,0.07696518,0,0,0,0,0,0,0,0,0,0,0.230332,0.7260445,0.2658081,0.08947623,0,0.3355644,0.01205288,0.3721948,0.5018021,0.3226519,0,1.013324,0,0,0.5991323,0,0,0,0,0,0,0,0,0,0,0,0,0,0,0,0,0,0,0,0,0,0,0,0,0,0,0.08022203,0,0,0,0.07220328,0,0,0,0,0,0,0,0,0.1158296,0,0,0,0,0,0,0,0,0,0,0,0,0.1034779,0,0,0,0,0,0,0,0,0,0,0,0,0,0,0,0,0,0,0,0,0,0,0.05763935,0.1484619,0.254774,0,0,0,0,0.09768142,0.2418959,0.002327546,0,0.2029152,0.1429674,0,0.0007986401,0,0,0.0645535,0,0,0,0,0,0,0,0,0,0,0,0,0,0,0,0,0,0.1862519,0,0.08535869,0,0,0,0,0,0,0.2154355,0,0,0.1833856,0,0,0,0,0,0,0,0,0,0,0,0.09891532,0.1622341,0,0.1331009,0.0770206,0,0,0,0,0.7329378,0.0155598,0,0,0,0.01133247,0.06571616,0,0,0,0,0,0,0,0,0,0,0,0.4180492,0,0,0,0,0,0,0,0,0,0.1173719,0,0,0,0,0,0,0,0,0,0,0,0,0,0,0,0,0,0,0,0,0,0,0,0,0,0,0.01917488,0,0,9.03987E-05,0,0,0.1862427,0.3407136,0,0.4957672,0,0,0.2096026,0,0,0,0,0,0,0,0,0,0,0,0,0.1303567,0,0,0,0,0,0,0,0,0,0,0,0.05030768,0,0,0,0.1154991,0,0,0,0,0,0,0.002546512,0,0,0,0,0,0,0,0,0,0.2391599,0,0,0,0,0,0,0,0,0,0,0,0.2173303,0,0,0,0,0,0.001997384,0,0,0,0,0.1607369,0,0,0,0,0,0.05387634,0,0,0,0,0,0,0,0,0,0,0,0.2200618,0,0,0,0,0,0,0,0,0,0,0,0.04448626,0,0,0,0,0,0,0,0,0,0,0,0,0,0,0,0,0,0.1979028,0.1871161,0,0,0,0,0,0,0,0,0,0,0.104134,0.02658342,0,0,0,0.08539034,0.772147,0,0,0,0.3387673,0,0.08037677,0,0,0,0.1640592,1.110403,0,0,0,0.1789049,0.4670507,0,0,0.3278455,0,0,0,0,0,0,0,0,0,0,0,0.1636732,0,0.05136297,0.05626461,0,0.8881695,0.1668871,0,0,0,0,0,0,0.0004817258,0,0.2356211,0,0,
0,0,0,0,0,0.1744583,0.1821482,0.4472246,0,0.1077773,0,0,0,0,0.09392171,0,0,0.1965644,0.1976012,0,0,0.03105342,0,0,0.2610693,0,0.1912861,0,0.2706578,0.1464547,0.07003573,0,0.05408039,0,0,0,0.2417728,0.5531585,0.5041971,0,0,0,0,0,0,0,0,0,0,0,0.3780909,0,0.1757281,0.2080464,0,0,0,0.05988338,0,0,0.02676995,0,0,0,0,0,0,0,0,0.2356442,0,0,0,0,0,0,0,0,0,2.842726,0.6415656,0,0,0,0.161215,0,0,0,0,0,0,0,0,0,0,0,0,0,0,0,0.2969037,0.9464414,0.6243708,0.1346568,0.1036645,0.1223674,0,0,0,0,0,0,0,0,0,0.2115304,0,0,0,0,0,0,0.003633562,0,0,0,0,0.1031337,0.1023552,0.08306481,0,0,0,0,0,0,0,0,0,0,0,0,0,0,0,0,0,0,0,0,0,0,0,0,0,0.0362027,0,0,0,0,0,0,0,0,0,0,0,0,0.4733687,0,0,0,0,0.3223422,0,0.2459569,0,0,0,0,0,0,0,0.01719509,0,0,0,0,0,0.3625002,0,0,0.03260555,0,0,0,0.09075203,0,0,0,0,0,0,0,0,0,0,0,0,0,0,0,0,0,0,0,0,0,0,0,0,0,0,0.2792606,0,0,0,0,0,0,0,0,0,0,0,0,0,0,0,0,0,0,0,0,0,0,0,0,0.196237,0.1441356,0.1222127,0,0.1194498,0.198014,0,0.337128,0,0,0,0,0,0,0,0,0,0,0,0,0.01491653,0,0,0,0,0.04283088,0.2104219,0,0,0,0.1917175,0,0,0,0,0,0.02842421,0,0,0,0,0.1151385,0,0,0,0,0,0,0,0,0,0,0,0,0,0.5027343,0,0,0.1600409,0,0.1666798,0.02284065,0,0.09820104,0,0.251476,0,0.06849017,0,0,0,0,0,0,0,0,0,0,0,0,0,0,0,0,0,0,0,0,0.07142155,0,0,0,0,0,0,0,0,0.02141794,0.004680722,0,0.06145731,0,0,0,0,0,0,0,0,0,0,0,0,0,0.1987835,0.3185847,0,0,0,0.1077328,0,0,0,0,0,0,0,0,0,0.5889238,0,0,0,0,0.01159128,0,0,0,0,0,0,0,0.04461658,0.3261715,0,0,0,0,0,0,0,0,0,0,0,0,0,0,0,0,0,0,0,0.2086491,0,0.6881946,0.09101979,0,0,0.185861,0,0.6606098,0,0,0,0,0,0,0,0,0,0,0,0,0,0,0,0,0,0,0,0,0,0,0,0.4207837,0,0,0.08340032,0,0.2302487,0,0,0,0,0.05525866,0.2619715,0,0,0.2891232,0.1291504,0.08552173,0.2090566,0,0,0,2.047123,0.4796068,0,0,0.6806027,0,0,0,0,0,0,0,0,0,0,0,0,0.6752178,0.3383516,0,0,0.4002848,0.155518,0,0.00122346,0,0,0.2250852,0,0,0.06661784,0.1102586,0,0,0,0,
0,0.2052716,0,0,0,0.3320527,0.02223424,0.2010282,0.03759177,0.2911155,0.3261414,0.04157792,0,0.05505148,0,0.0920184,0.1409941,0,0,0,0.0202204,0,0,0,0,0,0.1975067,0,0.2626948,0,0.1130453,0.0721882,0.2102307,0,0.2175301,0,0,0,0,0.3596114,0,0,0.1904285,0.5818526,0,0,0.5784713,0.1000745,0,0,0,0,0,0.1124881,0,0,0,0,0.1571984,0.3162991,0,0,0,0,0,0,0,0,0,0,0.263519,0,0,0,0,0,0,0,0,1.18723,0,0,0,0,0,0,0,0,0,0,0,0,0,0,0,0.1300452,0.1020418,0,0.3316925,1.081173,2.804404,0,0.4431912,0,0,0,0.02929784,0,0,0,0,0,0,0,0,0,0,0,0,0,0,0,0,0,0,0,0,0,0,0,0,0,0,0,0,0.2355412,0,0,0.2667382,0,0.4507709,0,0,0,0,0,0,0,0,0,0,0,0.1500589,0.1640735,0,0,0,0,0,0,0,0,0,0,0,0,0,0,0,0,0,0,0,0,0,0.1047084,0,0,0,0,0,0,0.05247854,0,0,0.2425173,0,0.02572867,0.3157794,0,0.1862071,0,0,0.1058533,0,0,0,0.004430163,0,0,0,0,0,0,0,0,0,0,0,0,0,0,0,0,0,0,0.04070289,0.2430316,0,0,0,0,0,0,0,0,0,0,0,0,0,0,0,0,0,0,0,0,0,0,0.06881667,0.04505316,0.161016,0.3828315,0,0,0,0.07491066,0,0,0,0,0,0,0,0,0.3070962,0,0,0,0,0,0,0,0,0,0.0229962,0,0,0,0,0,0,0,0,0,0,0,0,0,0,0,0.07343982,0,0,0.8945721,0.03787445,0,0,0.02303902,0,0,0,0,0,0,0,0,0,0,0,0,0,0,0,0,0,0,0,0,0.6857473,0.2129481,0,0,0,0.06659278,0.1694448,0,0,0.261391,0,0,0,0,0,0,0.342254,0,0,0,0.009065387,0,0,0,0,0,0,0,0,0,0,0,0,0.4417027,0.2997483,0,0,0,0,0,0,0.4756209,0,0,0,0,0,0,0,0,0,0,0,0,0,0,0.1452868,0,0,0,0,0.4578165,0,0,0,0.2264009,0.4068924,0.3608612,0,0,0,0,0,0.213685,0,0,0,0,0,0,0.6035376,0,0.1900848,0,0,0,0,0,0,0,0,0,0,0,0,0,0,0,0,0,0,0,0,0,0.06155324,0,0,0,0.4527206,0,0,0.3699436,0,0,0,0,0,0,0,0,0,0,0,0,0,0,0,0,0,0,0,0,0,0.3402823,0.384555,0.2248056,0,0,0,0,0,0.2146908,0,0,0,0,0,0,0,0,0.6857104,0,0,0,2.926565,0,1.215235,0,0,0.01510223,0,0,0,0,0,0,0,0,0,0,0,0.3882795,0.1984872,0,0.04897254,0,0,0,0.08638609,0.1392978,0.1202241,0,0.1517301,0.04249415,0,0,0.05315241,0,0,0,
0.1888236,0.1906192,0.6418024,0,0,0,0.276251,0,0,0,0,0,0.02674164,0,0.4843751,0,0,0.2618433,0.0001040358,0,0,0,0.1680852,0,0.06846014,0,0.01884214,0.4665291,0.2488475,0.2452984,0,0,0,0,0,0,0,0,0.4186049,0,0,0,0,0,0.03498505,0,0,0,0,0,0.05436118,0,0,0,0,0.3118528,0.01201753,0.02213563,0.08338392,0.1057965,0.1974293,0,0,0,0,0,0,0,0,0,0.03605469,0,0.09991103,0.03720303,0,0,0,0,0,0,0,0,0,0,0,0,0,0,0,0,0,0,0,0.3633253,0,0,0,0,2.752551,2.598167,3.273676,0.5474586,0,0,0,0,0.4133424,0,0,0,0,0,0,0,0,0,0,0,0,0,0,0,0,0,0,0,0,0,0.03116825,0,0,0.2915213,0,0,0,0,0,0,0.04188174,0,0,0,0,0,0.4417095,0,0,0,0,0.1362882,0.2548338,0.3849213,0,0,0.2790112,0,0,0,0,0,0,0,0,0,0,0.01449906,0,0,0,0.2842502,0,0,0,0,0.3752137,0,0,0,0,0,0,0,0,0.316737,0,0.1895721,0.2050771,0.595574,0,0,0.4992994,0.01528527,0,0.3992293,0.07233653,0.6826372,0,0,0,0,0,0,0,0,0,0,0,0,0,0,0,0,0,0,0,0,0,0,0.2342363,0,0,0,0,0,0,0,0,0,0,0,0,0,0,0,0,0,0,0,0,0,0,0.234944,0.1970105,0,0,0,0.5226013,0,0,0,0,0,0,0.3503146,0,0.2162571,0,0.415736,0,0,0,0,0,0,0,0,0,0,0,0,0.3574924,0,0,0,0,0,0,0,0,0,0,0,0,0,0.1909047,0,0,0,0,0,0.9992384,0.9146749,0,0,0,0,0,0,0,0,0,0,0,0,0,0,0,0,0,0,0.1243372,0,0,0.2249106,0.192531,0,0.1109283,0,0,0,0,0.1262654,0,0,0.2605963,0,0.1307712,0,0,0,0,0,0,0.2144999,0,0,0,0,0,0,0,0.02718339,0,0.01887808,0,0.04665937,0.1720973,0,0,0,0.03923285,0,0,0,0.5885175,0,0,0,0,0,0,0.2382174,0.1029896,0,0,0,0,0.03003608,0,0,0,0.8736824,0.659458,0,0.9136803,0.1807781,0.04483128,0,0,0,0,0.1629204,0,0,0.4690453,0.02512981,0.09476935,0,0,0,0.04291414,0,0,0,0,0,0,0,0,0,0,0,0,0,0,0,0,0,0,0,0,0,0,0,0.3563909,0,0,0,0,0,0,0,0,0,0,0,0,0,0,0,0.1072883,0,0,0.05545427,0,0,0,0,0,0,0,0,0,0,0,0,0,0,0.4471787,0,0.08228303,0,0.06253584,0.07729855,0,0,0,0,0,0.7456967,1.485724,4.214076,2.378721,2.468052,3.333805,0,0.4837241,0,0,0,0,0,0.3611451,0,0,0,0,0,0,0,0,0,0.3491758,0,0.1223848,0,0,0,0,0,0,0,0,0,0.099438,0,0,0.1481566,0,0,
0,0,0,0,0,0,0,0.01612657,0.4309022,0,0.3296545,0,0,0,0,0,0,0,0,0.1294759,0,0,0.3459282,0.02794243,0.4216121,0,0,0,0.1207386,0,0,0,0.2100713,0,0,0,0,0.1832049,0.2311382,0,0,0,0,0.1302007,0.4044315,0.2998775,0,0,0,0,0.001278539,0.5023639,0,0.4754323,0.07186387,0,0.05833156,0,0,0,0,0.09427764,0,0.6910017,0,0,0,0,0,0,0,0,0,0,0,0,0,0,0,0,0,0,0,0,0,0,0,0,0,0,0,0,0,0,0.06535526,0,0.6753721,0.4054607,0.7466639,0.4138821,0,0.7405643,0.2476911,0.1006694,0.02813883,0.4059716,0,0,0,0,0,0,0.00894361,0,0,0,0,0,0,0,0,0,0,0,0,0,0,0,0,0,0,0,0.08376317,0,0,0.3750998,0,0.1821977,0,0,0,0,0.1659454,0,0,0.1216674,0,0,0,0,0,0,0,0,0,0,0,0,0,0,0,0,0.6335151,0,0,0,0.04932735,0,0,0,0,0,0,0,0,0,0,0,0,0,0,0,0,0.4760944,0.1013783,0,0.1224618,0,0,0.005206044,0,0,0,0,0,0,0.07077309,0,0,0,0,0,0,0,0,0,0,0,0,0,0,0,0,0,0.2493424,0,0,0,0,0,0,0,0.0195141,0,0,0,0,0,0,0,0,0,0,0,0,0,0,0,0.1267812,0.3006395,0,0.03716205,0.283313,0.1584875,0,0,0.09025186,0,0,0,0,0.2634919,0,0,0.4224168,0,0,0.1273886,0,0,0,0,0,0,0,0,0,0,0,0,0,0,0,0,0,0,0,0,0,0,0,0,0,0,0,0,0,0,0,0,0,0,0.2602393,0.2783873,0,0,0,0,0,0,0,0,0,0,0,0,0.1205603,0.1888634,0.07848172,0.7024221,0,0.02574834,0.01220906,0.2056151,0,0.2231606,0.02677683,0,0.09120606,0,0,0.1038999,0,0,0,0,0.1444945,0,0,0,0.084643,0,0,0,0,0,0,0,0,0.0387523,0,0,0,0,0,0,0.1249954,0.3183325,0,0,0,0,0,0,0.1027547,0,0,0,0,0,0,0,0.1236092,0,0,0,0.15307,0.2808788,0,0.2902301,0.1065746,0.02432563,0.4054126,0.5066019,0,0,0,0.1648681,0,0,0.1281255,0,0,0,0,0,0,0.2877066,0,0.3262877,0,0,0.2682163,0.03827607,0.1851121,0.2431955,0,0,0,0,0,0,0,0,0,0,0,0,0,0.1654826,0,0,0,0,0,0.04709707,0,0.2832565,0.379876,0,0,0.2164606,0,0,0,0,0,0,0,0,0,0,0,0,0,0,0,0,0,0,0,0,0,0,0,0.1054011,0,0,0.01053387,0,0.3634549,0,0.2527557,0,0.5089279,0.06547838,0,0,0.4098808,0,2.205259,3.83584,1.897439,0,4.446487,2.536607,0,0,0,0.8032522,0,0.6815193,0,0.3439879,0,0,0,0,0,0,0,0,0,0.3964134,0.2120702,0,0.0430113,0,0,0,0,0,0.1442242,0,0.7529113,0.07171177,0,0,0,0,
0,0,0.2003514,0,0,0,0,0,0,0.5404935,0.1853476,0.176978,0,0,0,0.1227148,0,0,0,0,0.2130319,0.0969025,0.03307866,0.08627739,0.1544106,0,0,0.3021313,0.1685381,0,0,0.1057988,0.08969951,0.2187488,0.2497408,0,0.1193738,0,0,0,0,0.1274227,0,0,0.2385376,0,0.1647124,0.09754438,0.1503967,0,0.1285084,0.04825595,0.02799305,0,0,0,0,0.05457117,0.03442472,0.2667956,0,0.1821754,0,0,0,0.7390749,0,0,0,0,0,0,0,0.3828406,0,0,0.1690069,0,0,0,0,0,0,0,0,0,0,0,0,0,0,0,0,0,0,0.1876556,2.302777,0.8762342,0,0,0.05149887,0,0.1377947,0,0,0.1924016,0,0,0,0.6409358,0,0,0,0,0,0,0,0,0,0,0,0.008218531,0,0.2408066,0.2566781,0,0,0,0,0,0,0,0,0,0,0,0,0,0,0,0,0,0,0,0,0,0,0,0,0,0,0,0.05139709,0,0,0,0,0.09238741,0,0,0,0,2.034437,2.482258,0.08175611,0,0,0,0,0,0,0.01806843,0,0.1957981,0,0,0,0,0,0,0,0,0.04269442,0.293595,0,0,0,0,0,0,0,0,0,0.1040878,0,0.1384775,0,0.4368553,0,0,0,0,0,0,0,0,0,0,0,0,0,0,0,0,0.03345781,0.1585316,0,0,0,0,0.03614707,0.1560696,0,0,0,0,0,0,0,0,0,0,0,0,0,0,0,0,0,0,0,0,0.01210134,0,0,0,0,0,0,0,0,0,0,0.1423664,0,0.002149806,0,0,0.0923663,0,0,0,0,0,0,0,0,0,0,0.01570356,0,0,0,0,0,0,0,0,0,0.3633109,0,0,0,0.2525617,0,0,0,0,0,0,0,0,0,0.3952061,0,0,0,0,0,0,0,0,0,0,0,0,0,0.4526976,0.01574408,0,0,0.5543989,0,0,0,0.577922,0,0.3522624,0.09999117,0.3673638,0.2823993,0.01835204,0.125792,0,0.1552646,0,0.4468694,0,0,0.2468348,0,0,0,0,0,0,0,0.119001,0,0,0,0.6771899,0,0,0,0,0.211924,0.2369276,0.1844771,0,0,0.2589478,0,0,0,0.1055214,0.07006846,0.03717765,0,0,0.1889579,0,0.1839115,0,0.04677283,0.09110484,0,0,0.3246364,0.1788856,0.2925067,0.1212161,0,0.143327,0.234779,0.08651984,0,0,0,0,0,0,0,0,0,0.01921012,0,0.4020317,0,0.2099968,0,0,0,0,0.1098185,0,0,0.4725128,0,0.1015341,0,0,0,0,0,0,0,0,0,0,0,0,0,0.4322238,0,0.1265936,0.4674163,0,0.8500677,0,0.2227762,0,0.3029994,0,0,0,0,0,0,0,0,0.1072977,0,0,0,0,0,0,0,0,0,0,0,0,0,0.0311503,0,0,0,0.4435807,0.05454148,0.2285247,0,0,0.2477345,0.2925034,0,0,1.187407,0,0,0,5.190552,0.6860565,0,0.06997519,6.070293,0.8199418,2.234928,2.61042,0,0,0,0,0,0,0,0,0,0,0,0,0,0,0.1670989,0,0,0,0,0,0,0,0,0,0,0.6829667,0,0,0,0,
0,0,0,0,0,0,0,0.2085184,0,0.3924666,0,0,0.2805325,0.03028188,0.1303453,0.340141,0.1321798,0,0.4017859,0.2734481,0,0,0,0.1172879,0.2877283,0,0.01483675,0,0.392489,0,0.2696506,0.3113946,0.1416136,0,0,0.0369747,0.0908953,0,0,0,0.008337057,0,0,0,0,0,0.1546153,0,0,0,0,0.1353525,0,0.2453427,0,0,0.08166672,0.1809787,0.2442563,0,0,0,0,0,0,0,0,0.6061136,0,0,0.1156094,0,0,0,0.24779,0,0,0.04413402,0,0,0,0,0,0,0.05861747,0,0,0,0,0,0,0,0,0,0,0,0.3059569,2.053205,0,0.265936,0,0.02138211,0,0,0,0,0.1877505,0.9182743,1.398589,3.045707,0.04505187,0,0,0.2833491,0,0,0,0,0.3838391,0.1095894,0,0,0,0,0,0,0.1624798,0.1315347,0,0,0,0,0,0,0,0,0,0.3005001,0,0.07825505,0,0,0,0.0802374,0,0.08252411,0,0,0,0,0,0,0,0,0,0,0,0,0.08505704,0,0.5580058,0.03245901,3.054437,2.466043,0,0,0,0.0921523,0,0.1301485,0,0,0,0.3002832,0,0,0.37856,0,0,0,0,0.02034886,0.2518255,0.3810388,0.5650462,0,0,0,0,0,0,0,0,0,0,0.2080675,0,0,0,0,0,0,0,0,0,0,0,0,0.069632,0,0,0.1086511,0.1093899,0,0,0.0002648105,0,0.2215458,0.2602554,0.2059722,0,0,0,0,0,0,0,0,0,0,0,0,0.1228696,0,0,0,0,0.1058431,0,0,0.08350898,0,0.4096495,0.3214489,0.08790959,0.2937437,0,0,0,0.2881625,0,0,0.07519963,0,0.6969789,0,0.1776917,0.2208267,0.5655649,0,0,0.1446448,0,0,0.0763144,0,0,0,0,0,0,0,0,0,0.1695507,0,0,0,0,0,0.198146,0.2111576,0,0,0,0.1637618,0,0,0.03151205,0,0,0,0,0,0,0,0,0,0,0,0,0,0,0,0,0,0,0,0.02041929,0,0,0,0,0,0,0,0,0,0,0,0,0,0.3442617,0,0,0,0.3915181,0.04486825,1.101997,0,0,0,0.1172568,0,0,0,0,0,0.1109831,0,0,0,0.4296965,0,0,0,0,0,0.4261834,0,0,0.05712654,0,0.00363947,0.5523968,0,0,0,0,0.3987325,0,0,0,0.05042294,0.2412392,0.2228631,0,0.07399359,0,0,0,0,0.1891638,0,0,0.1678672,0,0,0,0,0,0,0,0,0,0,0,0.220148,0,0,0,0,0,0.1499767,0.2243484,0.327519,0.2925215,0,0,0.4237382,0.3804724,0.139437,0,0,0,0,0,0.2089179,0.08940339,0.1390438,0,0.02410701,0.504063,0,0,0,0,0.1525387,0.2068822,0,0,0,0.2621273,0,0,0,0,0,0,0,0,0,0,0,0,0,0,0,0,0,0,0,0,0,0,0,0,0,0,0,0.1156221,0.7448812,0,0,0,0,0,2.249642,2.667365,0,0,0.8762909,0,2.409292,3.13238,0,0,0,0,0.1144929,2.780837,0,0,0,0,0,0,0,0,0,0,0,0,0,0,0.1799307,0,0,0.2993971,0,0,0,0,0.02520094,0,0.281048,0,0,0,0,
0.05522322,0,0,0.011802,0,0.0456249,0.1445677,0.17141,0,0,0.009235027,0,0,0.5064228,0,0.08832078,0,0.1572835,0,0,0.3407302,0,0,0,0,0.05797622,0.324124,0,0,0,0.118711,0,0,0.3245667,0,0,0,0.5467624,0,0,0.3471685,0,0.001523808,0,0,0.1373027,0,0,0,0.3780589,0,0.1574182,0,0,0.1458074,0.4014004,0.2803252,0,0,0.3268457,0,0.2135696,0,0,0,0,0,0,0,0,0,0,0,0.8269287,0,0,0.3621102,0,0,0.3530274,0,0,0,0,0,0,0,0,0,0,0,0,0,0,0,0,0,0,0,0,0,0,0,0.2194966,0,0,0.3288555,3.724278,5.214632,4.207779,1.703244,0,0,1.621131,0,0,0,0.1528206,0,0,0.2973594,0.1912415,0.170352,0,0.07197705,0,0,0.2711256,0,0,0,0,0,0,0,0,0,0,0,0,0,0,0,0,0,0,0.1398322,0,0,0,0,0,0,0,0,0,0,0,0,0,0,2.457091,2.338456,2.647909,2.656302,0,0.004824473,0,0,0.125858,0.4444125,0.3778489,0,0,0,0,0,0,0.0507019,0.08794807,0,0,0,0,0.4079924,0,0,0,0,0,0,0,0,0,0,0,0.1453522,0,0.2433367,0,0,0,0,0,0,0,0,0,0,0.2756676,0.3402088,0,0,0.003221555,0,0.2856544,0,0.4887694,0.3600591,0,0,0,0.2717304,0,0,0,0,0,0,0,0,0,0,0,0,0,0,0,0,0,0,0.1460967,0.08018464,0.4521047,0.3262593,0.135614,0.1077838,0.4417425,0.2382586,0,0.2416951,0.3695089,0,0,0.2878418,0,0,0,0,0,0.2810192,0,0,0,0,0.1244816,0,0,0,0,0,0.05937932,0.5020182,0.2096448,0,0,0,0,0,0.144912,0,0,0,0.643487,0,0,0,0,0,0,0,0,0,0,0,0,0,0,0,0,0,0,0,0,0,0,0,0,0,0.08255918,0,0,0,0,0,0.2684946,0.05065464,0.7096304,0.01694445,0,0,0,0,0,0,0,0,0,0,0,0.1660915,0.2819654,0,0,0.5859501,0,0,0,0,0,0.3223892,0,0.2137963,0.008452889,0,0,0.2698068,0,0.11248,0.08409921,0.2895052,0.05004235,0,0,0.1713212,0,0,0,0.1199108,0,0,0.09392469,0.1095954,0.1401796,0.4366141,0,0,0,0.1770769,0.3459946,0,0,0.09396127,0.167398,0,0,0,0,0,0,0,0,0,0,0,0,0,0,0,0.06613458,0,0,0,0,0,0.2677546,0,0,0,0,0,0,0,0,0,0.01206115,0,0,0,0,0.1883536,0,0.5552595,0,0,0.1542611,0.02415399,0.3728617,0,0,0,0.05540359,0,0,0,0,0,0,0,0,0,0,0,0,0.1093623,0,0,0,0,0,0,0,0,0,0,0,0,0,0,0,0,0,0,0,0.1819388,0,4.776521,0,3.450658,0,0.7550559,0.7400717,4.648475,0,0.9401863,0,2.380997,4.086256,5.948023,0,2.610003,3.072275,0,0,0,0,0,0,0,0,0,0,0,0,0,0,0.3276218,0,0.02832809,0.0924097,0,0,0.06237363,0,0.08822692,0.6449932,0,0.2776918,0,0,
0.06112455,0,0,0,0.01962351,0.2904089,0,0.1195996,0.2036368,0.1292104,0.5822413,0.06318328,0,0,0.2432913,0,0.1105625,0.3449951,0.2501228,0.04310695,0.005232798,0,0,0.01186928,0,0.09590027,0,0.002718822,0,0,0.04304354,0.2568857,0.3106059,0,0,0,0,0.08850843,0,0,0,0.2405002,0.4388913,0.04814057,0.3502156,0,0,0.2068129,0,0.02557448,0.1455501,0,0,0.1396773,0.332321,0,0.1146295,0,0,0.07394461,0,0,0.2697834,0,0,0,0,0,0,0,0.1403461,0,0,0,0,0,0,0,0,0,0,0,0,0,0,0,0,0,0,0,0,0,0,0,0,0,0,0,0.9804105,0.454974,0.434583,0,0,0,0.4760686,0.002651682,3.500513,4.718388,5.258656,5.598619,4.292767,4.42207,4.085833,0.4553868,0,0.1922596,0,0,0.3782686,0,0.2745169,0,0,0,0.123367,0.02375936,0,0,0,0,0,0,0.05802064,0,0,0,0,0.153754,0,0,0,0,0,0.1737135,0,0,0,0,0,0,0,0,0,0,0,0,0,0,0,0,0,1.408457,3.226127,2.647694,0,0,0,0,0,0,0,0,0,0,0,0,0,0,0,0,0,0.3709835,0,0,1.105421,0,0,0,0,0,0,0,0,0,0,0,0,0,0.02958116,0.09903746,0,0,0,0,0,0,0,0,0,0,0.2305908,0.04137508,0,0,0,0.1960694,0.1909926,0.4518684,0,0,0.1184454,0.06511471,0,0,0,0,0,0,0,0,0,0,0,0,0,0,0,0,0,0,0,0,0,0,0.03457958,0,0,0.1870538,0.113792,0,0,0.01642242,0,0,0.1054692,0,0,0,0,0.1878027,0.02488407,0,0.281157,0.3322625,0,0.153701,0,0,0,0,0,0,0,0,0,0,0,0.2521377,0.3050194,0,0.1081067,0,0.6885076,0,0,0,0,0,0.0820767,0.1051934,0.2324273,0,0,0,0,0,0,0,0,0,0,0,0,0,0,0,0,0,0,0,0,0,0,0,0,0.05544567,0,0,0,0,0,0,0,0.123664,0.1970181,0,0.09798086,0,0,0,0,0,0,0,0,0,0,0,0,0,0,0.3810058,0,0.03827666,0.1780041,0,0.1184298,0,0.01151377,0,0,0,0,0,0,0,0.6539536,0.5069646,0,0.006366691,0,0.2365356,0.4774648,0,0,0.4368607,0.246462,0,0.1138023,0,0,0,0.5310698,0,0.04925177,0.01280029,0,0,0,0,0,0,0,0,0,0,0,0,0,0,0,0,0,0,0,0,0,0,0,0,0,0,0,0,0,0,0,0,0,0,0,0,0,0,0,0,0,0,0,0.1990349,0,0.1229871,0.1065607,0,0.0198449,0,0,0,0,0,0,0,0,0.5221742,0.241567,0,0,0,0,0.3544367,0,0,0.03961217,0,0,0,0,0.5023898,0,0,0,0,0.3948735,0.49095,0,0,0,0,1.462869,2.862028,4.061359,5.097306,0,7.114077,0,2.905578,1.748306,2.047372,0,1.333628,0.07787074,0.6408637,0,0,0,0,0,0,0,0,0,0.1214947,0,0,0,0,0,0.3845164,0.5614308,0,0.1224271,0,0,0,0,0.191522,0,0,0,0,
0,0.007226759,0.1680153,0,0,0,0,0.02091202,0,0,0.1719912,0.04361415,0,0,0,0.1064301,0.190934,0.4786956,0.1372547,0.01234514,0,0.269994,0,0.3001148,0,0.2066755,0.2123008,0.07238732,0,0.3173202,0,0,0,0,0,0.3025331,0.0106617,0.2025931,0,0.03972928,0,0.00365751,0.2345624,0.3237499,0,0,0.2058777,0,0,0,0,0,0,0.1327654,0,0.08226474,0.1174132,0,0,0,0,0,0,0,0,0,0,0,0.3269709,0,0,0.044189,0,0,0,0,0,0,0,0,0.00368112,0,0,0.3554576,0,0,0,0,0,0,0,0,0,0,0,0,0,0,0,0.1338015,0,0.1351992,0.1065657,0,1.529445,2.879103,5.870275,6.685462,5.634448,5.668617,4.817837,4.820216,5.022769,0.1561519,0,0.192247,0.2826841,0,0,0,0.09899351,0.4106633,0,0.2380711,0,0,0,0,0,0,0,0,0,0,0,0,0,0,0,0,0,0,0,0,0.190331,0,0,0,0,0,0,0,0,0,0,0,0.04015527,0,0,0,0,1.799324,1.098323,0,0,0,0,0,0,0,0,0,0,0,0,0.2602623,0,0,0,0,0,0,0.3036867,0.2353878,0.1147551,0,0,0,0,0,0,0,0,0,0,0,0,0.6617253,0,0,0,0,0,0,0,0,0,0,0.02668693,0,0,0,0,0.5892431,0.01037056,0,0,0,0,0.2501839,0,0.1684076,0.3115116,0,0.04352895,0,0,0,0,0,0,0,0,0,0,0.009164372,0,0,0,0,0,0,0.02315285,0.1558871,0,0,0,0.08431341,0,0.1060838,0,0,0.05110785,0,0,0,0,0,0,0.4819016,0.195031,0.07274948,0.2925985,0,0,0,0,0,0,0,0,0,0,0,0,0,0.0297052,0,0,0,0,0,0.04733861,0,0,0,0,0,0,0,0,0,0,0,0.242553,0.02320621,0,0,0.1721673,0,0.4009295,0,0,0,0,0,0,0,0,0,0,0,0,0,0,0,0.04778629,0.1885428,0.6187761,0,0,0.5954803,0,0.145343,0.08507141,0,0.04723764,0,0,0,0,0,0,0,0,0,0,0,0,0,0,0.4958661,0.03517922,0,0,0,0.5047065,0.1490185,0,0,0,0,0,0,0,0,0,0.2416175,0,0.3660661,0.2324124,0,0,0,0.009435476,0,0,0.09747527,0.1629593,0.01783932,0,0,0,0,0,0,0,0,0,0,0,0,0,0,0,0,0.02139819,0,0,0,0,0,0,0,0,0,0,0,0,0,0,0,0,0,0,0,0,0,0,0.0606427,0.1174571,0.1913723,0.01727951,0,0,0.253777,0,0,0.02958445,0,0,0,0.0890483,0,0,0,0,0,0,0,0,0,0,0,0,0,0,0,0,0.2552723,0,0,0,0,0,0,0,0,0,0,0,0,0,0,0,0,0,7.734298,2.29415,1.541487,0,0,1.331789,0,0,5.585437,0,0,3.803137,6.43463,0,0,0,0,0,0,0,0,0,0.07397255,0,0,0,0,0,0,0,0,0,0,0,0,0,0.1464297,0,0,0,0,0.04541882,0,
0,0,0,0,0,0,0,0,0,0,0,0,0,0,0.1694497,0,0,0.1119364,0,0,0,0,0.0942974,0,0,0,0,0.2276205,0.2074633,0,0.6719212,0,0,0,0,0,0.2318789,0.1814923,0,0.09011516,0.04737701,0,0,0,0.9183021,0.05563893,0,0,0,0.2093165,0,0.1660548,0,0.589991,0,0,0,0,0,0,0,0,0,0,0,0,0,0,0,0,0,0,0.06741855,0,0,0,0,0,0,0,0,0,0,0,0,0,0,0,0,0,0,0,0,0,0,0,0,0,0,0,0,0.4283974,0.1094124,0.04831454,3.438567,4.289657,3.722267,5.008875,1.11748,1.009842,2.636701,4.749909,0.585965,0.3046244,0,0,0.1906468,0.1887792,0.2472994,0.2087075,0,0,0.1583626,0.1223608,0,0,0,0,0,0.4758752,0,0,0,0,0,0,0,0.3333479,0.008986892,0,0,0.1079706,0,0,0,0,0,0,0.1354515,0,0,0,0,0,0,0,0,0,0,0.04816718,0,0.7164641,0,0,0.2128455,0,0.3818212,0,0,0,0,0.1261373,0,0,0,0,0,0.07532565,0,0.2619213,0,0,0,0.1532143,0,0,0,0,0,0,0,0,0,0,0,0,0.3320347,0.6833316,0.02696127,0.5482383,0,0,0,0.0425458,0,0,0,0,0,0,0,0,0,0.2190746,0,0,0,0,0,0.06289084,0,0.3062905,0,0,0,0,0,0,0,0.268405,0,0,0,0,0,0,0,0,0,0,0,0,0,0,0,0.04146767,0.2905834,0,0.3631617,0,0,0,0,0,0,0,0,0,0,0,0.1206353,0.04854646,0.2260886,0.2513119,0,0,0,0.01194094,0,0,0,0,0,0,0.3957444,0.6984103,0,0,0,0,0,0,0,0,0,0.2266754,0,0,0,0.04725479,0,0,0,0,0,0.1097123,0,0,0,0,0,0,0,0,0,0.02253915,0,0,0,0,0,0,0,0,0,0,0,0,0.3703786,0,0.02103559,0.4620599,0,0.08427443,0,0.1155663,0.2299216,0,0,0,0,0.2177553,0,0.003909919,0,0,0,0.2937017,0,0,0,0.01240387,0,0,0,0,0,0,0,0,0,0,0,0,0,0,0,0,0,0,0,0.03687212,0,0,0.4064448,0,0.04404553,0.1344558,0,0,0.3922971,0.7936292,0,0,0,0,0,0,0,0,0,0,0,0,0.1399775,0,0,0,0,0,0,0,0,0,0,0,0,0,0,0,0,0,0,0,0,0,0,0.0008686286,0,0,0.3094402,0,0,0,0,0,0.1289216,0.1217205,0,0.06542317,0,0.1288125,0,0.5225965,0.3384121,0.04720296,0,0,0,0,0,0,0,0,0,0.5597397,0,0,0,0,0,0,0,0,0,0,0,0,0,0,0,0,0,3.01841,0,0,2.250154,1.726717,1.34408,0.08223218,0,0.7178208,0.6771739,0,3.113889,6.872388,5.198703,4.16054,6.364507,7.060227,3.982811,0,0,0,0,0,0,0,0,0,0,0,0,0,0,0,0,0,0,0,0,0,0,0,0.07791965,0,0,0,0,0,
0,0,0.1510174,0,0,0.1438614,0,0,0,0,0,0,0.4989549,0,0,0.4411797,0.215288,0.367885,0,0,0,0,0,0,0.4368185,0,0.1741144,0.1611688,0,0,0.1200964,0,0.09037886,0,0,0.515638,0,0,0.04626842,0,0.04718014,0.03737536,0,0.07711165,0.2904861,0,0,0,0,0.3026413,0,0,0,0,0.09555939,0,0,0,0,0,0,0,0,0.2950183,0,0,0,0,0,0,0,0,0,0,0,0,0,0,0,0,0,0,0,0,0,0,0,0,0,0,0,0,0,0,0,0,0,0,0,0,0.5507743,0,0.484367,4.703774,4.29362,1.34043,5.828178,1.449184,0,0.02291177,0.1803973,0,0.3076757,0.05296311,0,0.1050203,0.01512867,0,0.008262847,0,0,0.09571893,0,0,0,0.1587296,0,0,0,0,0,0,0,0,0,0.02945323,0,0,0.001819323,0,0,0,0,0,0,0,0,0,0,0,0,0,0,0,0,0,0,0,0,0,0.5597505,0.946875,0,0,0,0,0,0,0,0,0,0,0,0,0,0,0,0,0,0.04652626,0,0,0.1854192,0.547403,0.3569351,0,0.02593745,0,0,0,0,0,0,0,0,0,0.3430359,1.351204,0.5640672,0.1810261,0,0,0,0,0,0,0,0.1775716,0.2794642,0,0,0,0.01341384,0,0,0,0,0,0.02937802,0.1026047,0.2584241,0,0.2039764,0,0,0,0,0,0,0,0,0,0,0,0,0,0,0,0,0,0,0,0,0.2447464,0,0.03535379,0.03704689,0.006139247,0,0.09188993,0.1480408,0,0,0,0,0,0,0,0,0,0,0,0,0,0,0,0,0,0,0.4661352,0,0,0,0,0,0,0,0,0.07707411,0,0,0,0,0,0,0,0,0,0,0.1405431,0.1347423,0,0,0,0,0,0,0,0,0,0,0,0,0,0,0,0,0,0,0,0,0,0,0,0.04194583,1.480993,2.403888,1.357269,0,0.07677883,0.1925021,0,0,0,0,0.4468526,0,0.2093816,0.2053648,0,0.09913576,0,0.08816536,0,0,0,0,0,0,0.2693493,0,0.09056401,0,0,0,0,0,0,0,0,0,0,0,0,0,0,0,0,0,0,0,0,0,0,0,0.3337609,0,0,0,0,0,0,0.1858479,0,0,0,0,0,0,0,0,0.05554978,0,0,0,0,0.05529048,0,0,0,0,0,0,0,0,0,0,0,0,0,0,0,0,0,0,0,0,0,0,0.2107968,0.00380655,0,0,0,0.3431055,0,0,0.2197271,0.1688594,0,0,0.03177755,0,0.01674473,0.06411201,0,0.1281012,0,0,0,0,0.2441129,0.325718,0,0,0.1313517,0,0,0,0,0,0,0,0,0,0,0,0,0,0,0,0,0,0,2.415784,6.670591,0,5.360918,0,2.533729,0,4.193475,0,0.4161871,0,0,0.9571255,1.077054,7.132903,3.292015,1.076001,0,0,0,0,0.06263095,0,0,0,0,0,0,0,0,0,0,0,0,0,0,0,0,0,0,0,0,0,0,0,0,
0.0293046,0,0.406254,0,0.2778533,0.1292713,0,0,0,0,0.024838,0,0.419927,0.3964147,0,0,0.7241246,0.1939772,0,0.1218332,0,0,0.001114044,0.03423968,0,0,0.2988282,0,0,0,0.06129877,0.2026944,0.09166712,0.1064706,0.2568877,0.2848409,0,0.1439111,0,0,0,0.1595306,0,0,0,0,0,0,0,0.09082527,0,0,0,0.05124788,0,0,0,0.2739897,0,0,0,0,0,0,0.005671416,0,0,0,0,0,0,0,0,0,0,0,0,0,0,0,0,0,0,0,0,0,0,0,0,0,0,0,0,0,0,0,0,0,0,0,0,0,2.890545,5.260078,4.731067,0.748819,5.0804,0.2632562,0.3690627,0,0,0,0,0.01657319,0.02758304,0,0,0.523626,0.3559246,0.02685059,0.6209375,0,0.06069556,0,0,0,0,0,0,0,0.3058716,0,0,0,0,0,0,0,0,0,0,0.3047568,0,0,0,0,0,0,0,0,0,0,0,0,0,0,0,0,0,0,0,0,0.4570302,0,0,0,0,0,0,0,0,0,0,0.3389041,0,0,0,0,0.1965398,0,0,0.3021335,0.547821,0,0,0,0,0,0,0,0,0,0,0,0,0,0,0.01924421,0.3910986,0,0.1404576,0,0,0,0,0,0,0,0.3615562,0,0,0,0,0.01722403,0,0.0614278,0.2736359,0.08038237,0,0,0,0,0.1087183,0.2601172,0.2470438,0,0,0,0,0,0,0,0,0,0,0,0,0,0,0,0,0,0,0.02255161,0,0,0.1368266,0,0,0,0,0,0,0,0,0,0,0,0,0,0,0,0.01806378,0,0.1865542,0.006098058,0,0.0394519,0.1283228,0.1549771,0,0,0,0,0,0,0,0,0.07054514,0,0,0,0,0,0,0,0,0,0.4714694,0,0,0,0,0,0,0,0,0,0,0,0,0,0,0,0,0.3567663,0,0,0,0,0,0,0,0,0.1577046,0,0,0.1469189,0,0.336292,0,0.1066717,0,0,0,0.09746148,0,0,0,0.07030667,0.2339563,0,0.09210793,0,0,0,0,0.009341846,0.4584788,0,0.3003811,0,0.4470087,0,0,0,0,0,0,0,0,0,0,0,0,0,0,0,0,0,0,0.2490683,0,0.1702175,0,0,0,0.04525224,0,0.003527447,0.3776423,0,0.1640278,0.0733189,0,0.01071367,0,0,0,0.4400997,0,0,0,0,0,0,0,0,0,0,0,0,0,0,0,0,0,0,0,0,0.3799733,0,0,0,0,0,0,0,0,0.00705693,0,0,0.3007976,0.08746728,0,0,0.3011435,0,0.03382768,0.2667967,0,0,0.1276261,0,0.05688865,0.123465,0,0,0,0,0.362603,0,0.1189034,0,0.2191165,0,0,0,0,0,0,0,0,0,0,0,0,0,0,0,0,0,0,0,0.5681928,2.724812,3.19736,0,5.508203,4.805207,0,0,0.03452359,1.334947,1.556661,8.228216,1.403667,0.6988209,11.24296,0,0,0,0.3387726,0,0.4337072,0,0,0,0,0,0.08886563,0,0,0,0,0,0.07029954,0,0,0,0,0,0,0.1475829,0,0,0,0,0,0,
0.1599774,0,0,0,0,0,0,0.9232796,0.4530801,0.4650009,0,0.2895449,0,0.006809296,0.04036877,0,0.1421567,0,0,0,0,0.2931913,0.1189583,0.133429,0,0,0.004465028,0,0.3058449,0.2696171,0,0,0,0.1560808,0.1318536,0,0.1036009,0,0,0.2415733,0,0,0,0,0,0,0,0,0,0.1829294,0.1274253,0,0,0,0,0,0,0,0,0,0,0,0,0,0,0,0.2759187,0,0,0,0,0,0,0,0,0,0,0,0,0,0,0,0.02601025,0,0,0,0.3670739,0,0,0,0,0,0,0,0,0,0,0,0,0,0,0.3949011,5.399214,6.310523,3.60952,3.519025,5.6304,0.522275,0.1517205,0,0,0.1407839,0,0.3152092,0,0.5548698,0,0.08655803,0.02394435,0,0.03469376,0.1268636,0,0,0,0,0,0,0,0,0,0,0.1029556,0,0,0,0,0,0,0,0,0.04235623,0,0,0.1815776,0,0,0,0,0,0,0,0,0,0,0.1045452,0,0,0,0,0,0,0,0,0,0,0,0,0,0,0,0,0,0,0,0,0,0,0,0,0,0.07665926,0,0.1670952,1.523486,0.6632842,1.473425,0,0,0,0,0,0,0,0.03052033,0,0,0,0.005855483,0.1143072,0,0,0.6284663,0,0,0,0,0,0,0,0.4635462,0.09198309,0.09913187,0.1002839,0.1829828,0,0.2290455,0,0,0.01356774,0.1399719,0.2132389,0,0.2322572,0,0,0,0,0.07240111,0,0,0,0,0,0,0,0,0,0,0,0,0,0,0.08360568,0.01621952,0.1724529,0.3019471,0.02322363,0.2531227,0.1760637,0,0,0,0,0,0,0,0,0,0,0,0,0,0,0,0,0,0,0,0,0,0,0,0,0,0,0,0,0,0,0,0,0,0.007071101,0,0,0,0,0,0,0,0.06554317,0,0,0,0,0,0,0,0,0,0,0,0,0,0.2471382,0,0,0,0,0,0,0,0,0.03610582,0,0.4469427,0,0.6998726,0,0,0,0.009444507,0,0,0.1231345,0.1656393,0,0.04736684,0,0,0.2072156,0.08994041,0.1861193,0,0,0,0.3562595,0.417074,0.2223301,0,0,0,0,0,0,0,0,0,0,0,0,0,0,0,0,0,0,0,0,0,0,0,0,0.02031708,0.1459342,0,0,0,0,0,0.2881516,0.4841204,0,0,0,0,0,0,0,0,0,0,0,0,0,0.1025142,0,0,0,0,0,0,0,0,0,0,0,0,0,0.1914373,0,0,0,0,0,0,0,0.1754821,0,0,0,0,0.039063,0.1260963,0,0.04562939,0,0.1098887,0,0,0,0,0,0,0,0,0.5947257,0.2225014,0.06036911,0.2979369,0,0,0,0,0,0,0.01554962,0,0,0,0,0,0,0.2246412,0,0,0,0,0,0,0,0,0,0,0.4868766,2.870264,4.751596,0,0,0,0,0,7.310157,0.3722694,3.907706,0,5.712432,0,0,1.679767,0,0,0,0,0,0,0,0,0,0,0,0,0,0,0,0,0,0,0,0,0,0,0,0,0,0,0,0.129379,0,
0.1813232,0.06370668,0,0,0,0,0,0,0,0.1747756,0,0,0,0.2146012,0.2395738,0,0.04691992,0.4041109,0.3311638,0.1849962,0,0,0,0,0.07943331,0.7672701,0,0,0,0.1038403,0.1101795,0,0.2887191,0,0.2704295,0,0,0.01731707,0,0,0,0,0,0,0,0,0,0,0,0,0,0.2500083,0,0,0,0,0,0,0,0.03206294,0,0,0,0,0,0,0.0663657,0,0,0,0,0.09832161,0,0,0,0,0,0,0,0,0,0,0,0,0,0,0,0,0,0,0,0,0,0,0.06670728,0,0,0,0,0,0,0.7263833,4.672201,5.473788,1.91208,5.062014,5.124169,0.452607,0,0,0.415644,0,0,0,0,0,0,0.158131,0,0,0.1724748,0.05371287,0,0.4032036,0,0.3337485,0,0,0.2724454,0,0,0,0,0.201172,0,0,0.3868093,0,0,0,0.02080958,0,0.1275607,0,0.06846216,0,0,0,0.04391459,0,0,0,0,0,0,0,0,0,0,0,0,0,0,0,0,0,0,0,0,0,0,0,0,0,0,0,0,1.037882,0,0,0.8346465,0.9361656,1.590792,0,0,0.30364,0,0,0,0,0,0,0,0,0,0,0,0,0,0.2934469,0,0,0,0,0,0,0,0,0,0,0.2249336,0.1428353,0,0.3058613,0.2055598,0.08969293,0.3944651,0,0,0,0.2290723,0,0,0,0.01323758,0.1869982,0.2754192,0,0,0.120287,0,0,0,0,0,0,0,0,0,0,0,0,0,0,0,0,0,0.3609324,0,0.126143,0,0,0,0,0,0,0,0,0,0,0,0,0,0,0,0,0,0,0,0,0,0,0,0,0.09521595,0,0,0,0,0,0,0,0,0,0.3130533,0,0,0,0,0,0,0,0,0,0,0,0,0,0.05294543,0,0,0,0,0,0.1378603,0,0,0,0,0,0,0.1994848,0.1370945,0,0.41194,0,0,0.1009515,0,0.172758,0.0717579,0,0.1277831,0,0,0,0.3658279,0.3552898,0,0,0,0,0,0.2528702,0.07384961,0.4361342,0.457062,0,0,0,0,0,0,0,0,0,0,0,0,0.03325256,0,0,0,0,0,0,0,0,0,0,0,0,0,0,0,0,0.3963857,0.1721759,0.05580402,0,0,0,0.005886335,0.003932736,0.1308732,0,0,0,0.03907148,0,0,0,0,0,0,0,0,0,0,0,0,0,0,0,0,0,0,0,0,0,0,0,0,0,0,0,0,0,0,0,0,0,0,0,0.08223423,0,0,0,0,0.2750776,0,0,0.05504534,0,0,0.03320075,0,0.1663333,0.02215582,0.02063236,0,0.02792192,0,0,0.1263382,0.1118022,0,0,0,0,0,0,0,0,0,0,0,0,0,0,0,0,0,0,0,0,0,0,2.462438,5.583789,0,0,0,4.04505,6.939126,0,0,0,4.249071,3.079711,0,0,0.1543243,0,0.1473271,0,0,0,0,0,0,0,0,0,0,0,0,0,0,0,0.2396343,0,0.1145211,0,0,0,0,0,0,0,
0.3661057,0.004655226,0,0,0,0.09463383,0,0,0.09543003,0.2737007,0.2660669,1.078056,0,0,0,0,0,0.3407592,0.05034738,0,0.5186234,0,0,0.4537617,0.7060273,0,0,0.2512606,0,0.1610535,0,0.2461883,0,0,0,0.3605113,0,0,0,0,0,0.1090876,0,0,0,0,0,0,0,0,0,0,0,0,0,0,0,0,0,0,0,0,0,0,0,0,0,0,0,0,0.01783573,0,0,0,0,0,0,0,0,0,0.04026781,0,0,0,0,0,0,0,0,0,0,0,0,0,0,0,0,0,0,0,0.7631837,0,0.4251754,1.111107,1.798012,3.934433,1.185884,0,0.2679189,0,0,0.1401473,0,0,0,0.10959,0.1384992,0,0.2352313,0.3325615,0,0.07922953,0.6405753,0,0.1217562,0.2259772,0,0,0,0,0,0,0,0,0,0,0,0.1256398,0.1327236,0,0.09592163,0,0,0,0,0,0,0,0,0,0,0,0,0,0,0,0,0,0,0,0,0.7141436,0.02661316,0,0,0,0,0,0,0,0,0,0,0,0,0,0,0,1.220333,0,1.43311,2.950301,0,0,0,0.856557,0,0,0,0,0,0,0,0,0,0,0,0,0,0,0,0,0,0,0,0,0,0,0,0,0,0,0,0,0.1082952,0.3185571,0.1754607,0,0.04584486,0,0.03457658,0.09901385,0.5744194,0.1654603,0,0,0.1298975,0,0,0,0,0,0,0,0,0,0,0,0,0,0,0,0,0,0,0,0.4941929,0.06991056,0.1236224,0,0.1720208,0.2106157,0.4423738,0,0,0,0,0,0,0,0,0,0,0,0,0,0,0,0,0,0,0,0,0,0,0,0,0,0,0,0.1414376,0,0,0,0,0,0,0,0,0,0,0.4895434,0,0,0,0,0,0,0,0.09113386,0,0,0,0.04897576,0,0,0,0,0.5223562,0.0804207,0,0,0.04811605,0,0,0,0,0.2493736,0.4235714,0,0.07090396,0,0.1304618,0,0,0,0,0.1678684,0,0,0.05620713,0,0.537463,0,0.2684304,0,0,0,0,0.7073297,0,0,0,0,0,0,0,0,0,0,0,0,0,0,0,0.2141676,0,0,0,0,0,0,0,0,0,0,0,0,0.07483749,0.298375,0,0.001628524,0.1706089,0,0,0,0,0,0,0,0,0,0.09849086,0.3539783,0,0.07459876,0,0,0,0,0.530977,0,0,0,0,0,0,0,0,0,0,0,0,0,0,0,0,0.08072005,0.1816947,0.06867758,0,0.04443158,0.5371476,0.5117151,0,0,0.304442,0.1140764,0.3621244,0,0,0.05896201,0.359803,0.06962776,0,0,0.3866878,0.08123823,0.00465882,0.1883039,0.01581765,0.6088001,0,0.03490428,0.7425032,0,0,0,0,0,0.1852363,0,0,0,0,0,0,0,0,0,0,0,0,0,0,0,0,0.4922511,0,3.543966,0,0,6.371199,0,0.8015083,3.815514,2.313338,0,0,0.3953501,0,0,0.2397887,0,0,0,0,0,0,0,0,0,0,0,0,0,0,0,0,0,0,0.1993283,0,0,0,0,0.0809498,0,0,0,
0,0.09069985,0,0,0,0,0,0,0,0,0,0,0,0,0,0,0,0,0.4689581,0,0.3188813,0.098606,0.1876856,0,0,0,0.211882,0,0.06627242,0.009304332,0,0.2436779,0,0.2508886,0,0.1761331,0,0,0,0,0,0.3447185,0,0,0,0,0,0,0,0,0,0,0,0.3773754,0,0,0,0,0,0,0,0,0.04847638,0,0,0,0,0,0,0,0,0.2675891,0,0.1343349,0,0,0,0,0,0,0,0,0,0,0,0,0,0,0,0,0,0,0,0,0,0,0,0,0,0,0,0.05937494,0.03190508,0.005353564,0,0.8942289,0.2777152,0.2265859,0,0.02742784,0.2410829,0,0.1435139,0,0,0.2790034,0.1016542,0,0,0.08765347,0,0.6378871,0.3997861,0.1156677,0,0.04500547,0,0,0,0,0,0,0,0,0.4263243,0,0,0,0,0,0,0,0,0,0.02141458,0,0,0,0,0,0,0,0,0,0.183999,0,0,0,0,0,0,0,0,0,0,0,0,0,0.1458902,0,0,0,0.09722481,0,0,0,0,0,0.8790432,0,4.569632,1.77783,0.9417449,4.093037,0,1.367185,0,0,0,0,0,0,0,0.09976408,0.01421196,0,0,0,0,0,0,0,0,0,0,0,0,0,0,0,0,0,0,0.01154576,0.2626341,0.1550768,0.4695656,0,0.1975524,0,0,0,0,0,0.1068813,0.1071766,0.3009309,0,0,0,0,0,0,0,0,0,0,0,0,0,0,0,0,0,0.139292,0,0.3470655,0.2886771,0,0.4846768,0.2172607,0,0,0,0,0,0,0,0,0,0,0,0,0,0,0,0,0,0,0,0,0,0,0,0,0,0,0,0,0,0,0,0,0,0,0,0,0,0,0,0,0,0,0,0,0,0,0,0,0.1381596,0,0,0,0,0,0,0,0,0,0,0,0,0,0.2789897,0.1960398,0,0.1555386,0,0,0.1681523,0.0516027,0,0.00857101,0.2978759,0,0.2620624,0.3771521,0,0,0,0.132093,0,0,0.2510417,0,0.3315091,0,0,0,0,0,0,0,0,0,0,0,0,0,0,0,0,0,0,0,0.4123681,0,0,0,0,0,0,0,0,0,0,0,0,0.005319269,0.8171038,0,0,0,0,0,0.3280965,0,0,0,0,0,0,0.1185482,0,0,0,0,0,0.1151476,0,0,0,0,0,0,0,0,0,0,0,0,0,0,0,0,0,0,0,0,0,0,0,0,0,0,0.04704612,0,0.08111394,0,0,0,0,0,0.07550366,0,0,0,0,0,0.6443265,0.1197135,0.1277377,0,0,0.3595904,0,0,0,0,0,0,0,0,0,0,0,0,0,0.04858365,0,0,0,0,0,0,0,4.620522,0,0,0,0,0,0.1023299,4.49057,4.116874,3.450085,2.316485,5.682621,10.37211,2.557684,0.0005553708,0,0,0.5153341,0.5266833,0.8409092,0,0,0,0,0,0,0,0,0,0,0,0,0,0,0,0,0.3590997,0,0,0,0,0,0,0,
0.2625842,0,0,0.1814993,0.1655172,0,0,0,0.1775922,0.222123,0,0,0,0,0,0,0,0,0,0,0,0,0.007364512,0.105492,0.1960973,0,0,0.055372,0.06195972,0,0,0,0,0,0.03137128,0,0,0,0,0,0,0,0,0,0,0,0,0,0,0,0,0,0,0,0,0,0,0,0,0,0,0,0,0,0,0,0,0,0,0.2513451,0,0,0,0,0,0.1988435,0,0,0,0,0,0,0,0,0,0,0,0,0,0,0,0,0,0,0,0,0,0.06343403,0,0.4164799,0,0.3645012,0,0.04629561,0,0,0.05791487,0,0,0,0,0,0,0.220848,0,0,0.07822017,0.3047626,0.1986081,0,0.0378453,0,0,0,0,0,0,0,0.2490388,0,0,0,0.1985267,0,0,0,0,0.1738532,0,0,0,0,0,0,0,0.187009,0.2843689,0,0,0,0,0,0.08689513,0,0,0,0,0.1381949,0,0,0,0,0,0,0,0,0,0.2674255,0.01886219,0.004332673,0,0,0.1211317,0,0,0,0,0.06479537,1.744322,2.314128,0,0,2.258045,0.7266576,0,0,0,0,0,0,0,0,0,0,0,0,0,0.2470987,0.0002738633,0,0,0,0,0,0,0,0,0,0,0.1032192,0,0,0,0.2576702,0.4128338,0,0.2049026,0.1890961,0.09487844,0,0.3410653,0.1576709,0,0,0.1812687,0,0,0,0.2144063,0,0,0,0,0.2073181,0,0,0,0,0,0,0,0,0,0,0,0.7101626,0.05402452,0.290281,0,0.04889853,0,0,0.1597243,0.05528723,0,0,0,0,0,0,0,0,0,0,0,0,0,0,0,0,0,0,0,0,0,0,0,0,0,0,0,0,0,0.1310767,0,0,0,0,0,0,0,0,0,0,0.1840864,0.08393554,0.1107075,0,0.01317562,0,0,0.1102995,0,0,0,0,0,0,0,0.7934314,0,0,0,0,0,0,0,0,0,0,0,0.1939325,0,0.3161567,0.005199413,0,0,0,0,0,0,0,0,0.1865927,0.06545077,0,0,0.07074586,0,0,0,0,0,0,0.03954496,0,0,0,0,0,0,0,0,0,0,0,0,0,0,0.02930097,0,0,0,0,0,0,0,0,1.631132,0,0,0,0.2445861,0,0.1163951,0.3307966,0,0,0.09779236,0,0.0007000113,0,0,0,0.02786178,0,0,0,0,0,0.1676918,0,0,0,0,0,0,0,0,0,0,0,0,0,0,0,0.09681187,0,0,0,0,0,0.09017462,0,0,0,0.260784,0.04674759,0.9957975,0,0.1046125,0,0.03217502,0,0.1470212,0,0,0,0,0,0,0,0,0,0,0.1457908,0,0,0,0,0,0,0,0,0,0,0,0,0,0,0.5261813,0,0,0,0,0.07152342,0,7.267375,2.099861,0,6.281284,1.780964,3.675173,0,0,6.287984,0,0,0,0.9069092,0,0,0,2.095204,0,0.4333184,0.1977916,0,0,0,0,0,0,0,0,0,0,0,0,0,0,0.06078372,0,0,0,0,0,0,0.6096677,0,
0,0.4181801,0.1989972,0,0,0,0.06977662,0,0,0,0,0,0,0,0,0,0,0,0,0,0,0,0.1920798,0.1042608,0.2037617,0.1479801,0.3399148,0.1970354,0.162475,0,0.4045439,0,0,0,0.3016817,0,0,0,0,0,0,0,0,0,0,0,0,0,0,0,0,0,0,0,0,0,0,0.4661365,0.1107773,0,0.1182327,0,0,0,0,0,0,0,0,0,0.4136634,0,0,0.2821936,0,0.09360239,0.1141124,0,0,0,0,0,0,0,0,0,0,0,0,0,0,0,0,0,0,0,0,0,0,0,0,0,0.2606097,0,0,0,0,0,0,0.2235871,0,0,0.272745,0.0514566,0,0,0,0,0.05679531,0,0,0,0.1645306,0.5522829,0,0,0,0,0,0,0,0,0,0,0,0,0,0.04380279,0.5533496,0.6329347,0,0,0.3248537,0,0.02152506,0,0,0,0,0.2468358,0,0,0,0,0,0,0,0,0,0,0,0,0,0,0,0.6685218,0,0.271345,0.5102089,0.009504138,0.0008241776,0,0.1244837,0,0,0,0,0,1.262487,0,1.884455,0,2.904037,0.1053079,0.5570361,0.1688873,0,0,0,0,0,0,0,0,0,0,0.4397363,0,0,0,0,0,0,0,0,0,0.3202369,0,0,0,0,0,0,0,0.4700437,0.4740493,0,0.2270074,0.3074255,0,0.06042198,0,0,0.1554826,0,0.3360947,0,0.5510224,0,0.1487067,0,0,0.02816287,0,0,0,0,0,0,0,0,0,0,0,0.4969114,0.2912851,0.1714202,0.2281457,0.2123026,0,0,0.2050441,0.1223282,0.130619,0,0.3199467,0,0,0,0,0,0,0,0,0,0,0,0,0,0,0,0,0,0,0,0,0,0,0,0,0,0.1473315,0,0,0,0,0,0,0,0,0,0,0,0.04824452,0,0,0,0,0,0,0,0,0,0,0,0,0,0,0,0,0,0,0,0.050823,0,0,0,0,0,0,0.05576128,0,0.02900889,0,0,0,0,0.01449894,0.2862017,0.02078433,0,0.2186822,0.003171474,0,0.02421371,0,0,0,0.004468887,0,0.4596339,0,0,0,0.0579269,0,0,0,0,0,0,0,0,0,0,0,0,0,0,0,0,0,0,0,0,0,0,0,1.275413,0.04052313,0,0,0,0.01476092,0.07417754,0,0,0,0,0,0,0,0,0,0,0,0,0,0,0,0,0,0,0,0,0,0,0,0,0,0,0,0,0.2343355,0,0,0,0.09170186,0.08814756,0.3113326,0.003152727,0,0,0,0.05893213,0,0.06674974,0,0,0.1871445,0,0,0,0,0,0,0,0,0,0,0,0,0.09672302,0.01830849,0.01969328,0,0,0.1340349,0,0,0,0,0,0,0,0.2016677,0,0,0,0,0,0,0.3757567,0,0,0,0,0,10.72024,5.985329,9.703901,1.072447,0,0,0,0,3.462143,0,5.475752,5.787523,0,0,1.611622,0.8529614,0,2.403696,0,0,0,0,0,0,0,0,0,0,0,0,0,0,0,0,0,0,0,0,0,0,0,0,
0.4390222,0.3738004,0,0,0.04627524,0.1105476,0,0.0552219,0,0,0,0,0,0,0,0,0,0,0,0,0,0,0,0,0,0,0,0.1532672,0,0.05263459,0,0.2263598,0.2064088,0,0,0,0,0,0,0,0,0,0,0,0,0.1360569,0,0,0,0,0,0,0,0,0,0,0,0,0.1529782,0,0.1903128,0,0,0,0.06864753,0,0,0,0.0171537,0,0,0,0,0,0,0.2582369,0,0,0,0,0,0,0,0,0,0,0,0,0,0,0,0,0,0,0,0,0,0,0,0,0,0,0,0,0,0,0,0,0,0.2534866,0.02331935,0,0,0,0.2531161,0.4023921,0.1118895,0,0.3099426,0,0.2041006,0,0.06698912,0,0,0,0.1253118,0,0,0,0,0,0,0,0,0,0,0,0,0,0,0,0,0,0,0,0,0,0,0.221188,0,0,0,0,0,0,0,0,0,0,0,0,0,0,0,0,0,0.02488486,0,0.09979064,0,0,0,0,0.3213391,0.03916992,0,0,0,0,0,0.8188877,0,0,0.2054912,0,0.1848857,0.3343613,0,0,0,0,0,0,0,0,0,0.045488,0,0,0,0,0,0,0,0,0,0,0,0,0,0,0,0,0.1295107,0.1061718,0,0.04176754,0,0.2998713,0.04096656,0.01139209,0,0.06024607,0,0.008436845,0,0.1026732,0,0.0130713,0,0.1273447,0,0,0,0,0,0,0,0,0,0,0,0,0,0,0,0,0.1758107,0,0,0.5030926,0.2921478,0.1101034,0,0,0,0,0,0,0,0,0,0,0,0,0,0,0,0,0,0,0,0,0.0619866,0,0,0,0,0,0,0,0,0.3018834,0,0,0,0,0,0,0,0,0,0.1180351,0.1055769,0,0,0,0,0,0,0,0,0.002040389,0,0,0,0,0,0,0,0,0,0,0,0,0,0,0,0,0,0,0,0,0,0.2146204,0,0,0,0.4005715,0,0,0,0.5071259,0,0.366358,0,0.1088357,0.5856804,0,0,0,0,0.1124756,0,0,0,0,0,0,0,0,0,0,0,0,0,0,0,0,0,0,0,0,0,0,0,0,0.4689455,0.02992719,0,0.05925922,0.235643,0,0.2609733,0,0,0,0,0,0,0,0,0,0,0,0,0,0,0,0,0,0,0,0,0,0,0,0,0.01272149,0,0,0,0,0,0,0,0,0,0,0.4099392,0,0,0,0,0,0.5822207,0,0,0,0.1365685,0,0,0,0.6698855,0.3319599,0,0,0.02343337,0,0.1891696,0.3028465,0,0.1160313,0,0,0.3271418,0,0,0,0,0,0,0,0,0,0,0,0.08442944,0,0,0,0.3387828,0,0.07535306,0,0.2994604,4.723324,2.663796,3.845156,0,6.969564,0,0,0,0,0,12.38589,2.069539,10.96978,0,0,1.87101,4.546981,3.330641,0,0.03606647,0,0,0,0,0,0,0,0,0,0,0,0,0,0,0.1914981,0,0,0,0,0,0,0,0,
1.020217,0.5481774,0,0.03341785,0,0,0.09152029,0.1587284,0,0,0,0.2637879,0,0,0,0,0,0,0,0,0,0,0,0.06003374,0,0,0,0.1081766,0.5914516,0.05860256,0,0.47404,0,0,0,0,0,0,0,0,0,0,0,0,0,0,0,0,0,0,0,0,0,0,0.1401817,0,0,0,0,0,0,0,0,0,0,0,0,0.1727002,0,0,0,0,0.2172766,0,0,0.2170209,0,0,0,0,0,0,0,0,0,0,0,0,0,0,0,0,0,0,0,0,0,0,0,0,0,0,0,0,0,0,0,0,0,0,0,0.1468693,0.3565417,0,0,0.3888381,0,0,0,2.897614,2.983027,0.2965587,0.4126028,0,0.1848003,0,0.08975998,0.2868389,0,0,0,0,0,0,0,0,0,0,0,0,0,0,0,0,0.3240787,0,0,0,0,0,0,0.2968805,0,0,0,0,0,0,0,0.1843932,0,0,0,0,0,0,1.633406,0,0,0,0,0,0,0.02113189,0.1855035,0,0.6363466,0.6079471,0.4913343,0.5477576,0.09606868,0.343912,0,0,0.002719921,0.3465742,0,0,0,0,0,0,0,0,0.4694904,0,0,0.05757611,0,0,0,0,0,0,0,0,0,0,0,0,0,0,0,0,0,0.5603397,0.1971141,0,0,0.1164757,0.5723143,0.2753076,0,0.1534454,0.08136063,0,0,0.556261,0.1959573,0.02373677,0.3720233,0.07790288,0,0,0,0,0,0,0,0,0,0,0,0,0,0.06075138,0.2876897,0,0.4073581,0,0,0,0.09313586,0,0.06275668,0,0,0,0.4261557,0,0,0,0,0.429879,0,0,0,0,0,0.4063148,0,0,0,0,0,0,0,0,0.807739,0,0,0,0,0,0,0,0,0,0,0,0.04336675,0,0,0,0,0.2842094,0,0,0,0,0,0,0,0,0,0,0,0,0,0.04045788,0.1098182,0,0,0,0,0,0,0,0,0,0.1836073,0.002207071,0,0,0.4177394,0.001355822,0,0,0.05959436,0,0,0.2755628,0.03156177,0,0.1904388,0,0,0,0.3113734,0,0.6940651,0.2017254,0,0,1.960028,0.04251444,0,0,0,0,0,0,0,0,0,0,0,0,0,0,0,0,0,0,0,0,0,0,0,0,0,0,0,0,0,0.09764525,0,0.3355801,0.001202342,0,0.2677715,0.04361884,0,0.1292342,0,0,0.1617685,0.05550334,0,0,0,0,0,0,0,0,0,0,0,0,0,0,0,0,0,0.3827213,0,0.5399305,0.06354825,0,0,0.1355239,0.3237414,0,0,0,0,0.04839227,0,0,0.1532331,0.2974021,0,0.47491,0,0.143581,0.0852934,0,0.1750831,0.1466662,0,0.09261658,0,0,0,0,0,0.0269376,0.2353893,0,0,0,0,0,0,0,0,0,0,0,0,0,0,0,0.10093,0.1089483,0,0,2.891206,5.364118,1.144465,1.777646,2.337619,1.563428,7.353999,0,3.960864,0,0,2.460259,1.727932,13.51072,2.399942,0,0,0,0,0,0,0,0,0,0,0,0,0,0,0.3196524,0,0,0,0,0,0,0,0,0.02277655,0,0,0,
0.3908904,0.05647264,0,0.1887444,0,0.2060124,0.100338,0.02051689,0,0,0,0,0,0,0,0,0,0,0,0,0,0,0,0.09405963,0.07587937,0.3619292,0,0.5913494,0,0,0,0.4671664,0,0,0,0,0,0,0,0,0,0,0,0,0,0,0,0,0,0,0,0,0,0,0,0,0,0,0,0,0,0,0,0,0,0,0.04026379,0,0,0,0,0.04739375,0,0,0.227953,0,0,0.02550918,0.1838741,0,0,0,0,0,0,0,0,0,0,0,0,0,0.6182995,0,0,0,0,0,0,0,0,0,0,0,0,0.133259,0,0,0,0,0.4302132,0,0,0,0,0,0.4063251,2.132536,3.364777,1.783889,1.053442,0,0,0,0,1.236551,0,0.04675146,0,0,0,0,0,0,0.07759608,0,0,0,0,0,0,0,0,0,0,0,0,0,0,0.4948412,0.4556831,0,0,0,0,0,0.08923109,0,0,0,0,0,0,0,0,0,1.477615,0,0,0,0,0,0.1088522,0.1761038,0,0.1959237,0.6105988,0,6.476163,0,0,0.2025456,0,0,0,0,0.02745307,0,0,0,0,0,0,0,0,0.1922519,0.2648177,0.3891443,0.02820219,0.2385634,0.1260125,0,0,0,0,0,0,0,0,0,0,0,0,0,0,0,0.03857608,0.1288873,0.3928099,0.2781637,0,0.2648654,0,0,0,0.06228084,0,0.2661656,0.1325566,0,0,0,0,0,0,0,0,0,0,0,0,0,0,0,0,0,0.2028922,0,0,0,0,0,0,0,0,0.08631699,0,0.3437358,0,0,0,0,0,0,0,0,0,0,0,0,0,0,0,0,0,0,0.3807301,0,0,0,0,0,0,0,0,0,0,0,0,0,0,0,0,0,0,0,0,0,0,0,0.1606758,0,0,0,0,0,0,0,0,0,0,0,0.04686804,0,0,0,0.07237149,0,0,0,0,0,0,0,0,0,0,0.3785361,0,0.0467466,0.0932959,0,0.2121557,0,0,0,0.008660132,0.1105551,0.08535904,0.3192458,0.4917995,0,0.743627,0.5746666,0.2154945,0,0,0,0,0,0,0,0,0,0,0.08098897,0,0,0,0,0,0,0,0,0,0.1527063,0,0,0,0,0,0,0.03814255,0.234926,0,0,0,0,0.02818678,0,0.1637339,0,0,0,0,0.06110433,0,0,0,0,0,0,0,0.109782,0,0,0,0,0,0,0,0,0,0,0,0.324934,0,0,0.2817242,0.2073743,0,0,0,0,0,0,0,0,0,0.2524628,0,0,0,0,0.0612939,0,0.1315939,0.2504461,0.1628054,0.3310598,0.4043019,0,0.4464341,0.1269261,0,0,0.1997012,0.1725672,0,0,0,0,0,0,0,0,0,0,0,0,0.02324845,0,0,0,0,0,0,0,0,0,0.3236849,3.235601,4.66051,1.341068,2.611344,7.244448,5.015373,0,0,0.1006557,0,1.279348,1.033552,0,0.3608373,0,0,0,0,0,0,0,0,0,0,0,0,0,0,0,0,0,0,0,0,0,0,0,0.1946867,0,
0,0,0,0,0,0,0,0,0,0,0,0,0,0,0,0,0,0,0,0,0,0,0,0,0,0.01066883,0,0.801283,0,0,0.2994877,0.04781929,0,0,0,0,0,0,0,0,0,0,0,0,0,0,0,0.6981947,0,0,0,0,0,0,0,0,0,0,0,0,0,0,0,0,0,0,0.0209857,0.02410724,0.05548197,0,0,0,0,0,0.1553527,0,0,0,0,0,0,0,0,0,0,0.3113995,0,0,0,0,0.1824354,0,0,0,0,0,0,0,0,0,0,0,0,0,0,0,0,0,0,0,0,0,0,0,0.1220256,0,0.3962007,1.431025,1.906423,0.2645884,0.0314628,0,0.1143283,0.5031403,0,2.221234,0.5373334,0,0,0,0,0,0,0,0,0.1277439,0,0,3.269368,2.562641,0.02571914,0,0,0.02077592,0,0,0,0,0,0,0,0,0,0,0,0,0,0.08874718,0,0,0,0,0,0,0,0,0,0.3682579,0.1608409,0.06879904,0.268714,0,0.08536909,0,0,0,0,2.326879,0,0.05776541,0,0,0,0,0.08386392,0,0,0,0,0,0,0,0,0,0.1533315,0,0,0.006736799,0,0,0.04194627,0,0,0,0,0,0,0,0,0,0,0,0,0,0,0.3831344,0,0.2400826,0.07359228,0,0.1739708,0,0.397085,0.2588666,0,0,0,0.1145528,0,0,0.2180204,0.05416435,0,0,0.1360749,0,0,0,0,0,0,0,0,0,0.04928741,0,0.2803689,0,0.05648775,0,0.2240935,0,0.1997112,0.271142,0,0.7795039,0,0,0,0,0.03532775,0,0.0217771,0,0,0,0,0.361236,0,0,0.1366736,0,0,0.09589681,0,0,0,0,0,0,0,0,0,0,0,0.14776,0,0,0,0,0,0,0,0,0,0.04449581,0,0,0,0,0,0,0,0.2990521,0,0.321207,0,0.1321511,0.2304585,0,0.008626373,0,0,0,0,0,0.2339229,0,0,0,0.1161904,0,0,0,0,0.3916563,0.001424026,0,0,0,0,0.2117303,0,0,0.2715102,0,0,0,0,0,1.178583,0.2083724,0.4746013,0.2793991,0.181706,0,0,0,0,0,0,0,0,0,0,0,0,0,0,0,0,0,0,0,0,0,0,0,0.01458863,0,0.8059189,0,0.03471464,0.04928683,0,0,0.2699107,0,0.1806921,0.2753198,0,0,0,0,0,0,0,0.3990212,0,0,0,0,0,0.2096804,0,0,0,0.2090289,0,0,0,0,0,0,0.05710169,0.5528519,0,0.06894606,0.1113106,0,0,0.2196774,0.1392668,0,0,0,0,0,0.1773133,0.05138565,0.1138561,0.2300411,0,0.3054143,0.1600489,0,0.1332179,0.1238455,0,0,0.03641262,0,0.01981311,0,0,0.2242342,0.42083,0.4490776,0,0,0,0,0,0,0,0,0,0,0,0,0,0,0,0,0,0,0,2.072678,0,0,0,1.340156,2.691673,3.773152,0,0,0,6.477803,3.048792,0,3.194185,0,4.078584,2.577819,1.248759,0,0,0,0,0,0,0,0,0,0,0,0,0,0,0,0.001905946,0,0,0,0,0.17132,0,0.1194028,0.170891,0.3655882,
0.154211,0,0,0.08299363,0.3392728,0,0,0,0,0,0,0,0,0,0,0,0,0,0,0,0,0,0,0,0,0.1486204,0,0,0.161467,0,0.152328,0,0.04281119,0,0,0,0,0,0,0,0,0,0,0,0,0,0,0,0,0,0,0,0,0,0,0,0,0.07208382,0,0,0,0,0,0,0,0,0,0,0,0,0,0,0.2153171,0.3174544,0,0,0,0,0,0,0,0,0,0,0,0,0,0,0,0,0,0,0,0,0,0,0,0,0,0,0,0,0,0,0,0,0,0.3729878,0.421458,0.1451028,0,0,0,0,0,0.6250864,1.381196,2.690438,0,0.2294849,0,0.04989468,0,0.357701,0,0,0,0,0,0,0,0,0,0,0,0,0,0,0,0,0,0,0,0.05488556,0,0,0,0,0,0,0,0,0,0,0,0,0,0,0,0,0,0,0,0,0,0,0,0,0.164154,0,0.07751171,0,0.0526398,0,0,0.07030378,0,0.3796071,0,0,0,0,0,0,0,0,0,0,0,0,0,0,0,0,0,0.02718377,0.1255237,0.01087487,0,0,0,0.2766561,0,0,0,0,0,0,0,0,0,0.0926777,0.6244255,0,0.08805012,0.4963813,0.1389291,0,0.8154909,0,0,0,0.2582522,0,0,0.1262294,0,0,0,0.2901489,0.1523073,0,0,0,0,0,0,0,0,0,0,0,0,0,0.2486224,0,0.1224583,0.1814279,0.08041052,0,0.0609582,0,0,0,0,0,0,0,0,0,0.08934335,0,0,0.3393065,0,0,0,0,0,0.05767168,0,0,0,0,0,0,0,0,0,0,0,0,0,0,0.007797501,0,0,0,0,0,0,0,0,0,0,0.0139337,0,0,0,0,0,0,0,0.1306547,0,0,0,0,0,0,0,0,0,0,0,0,0,0,0,0,0,0,0,0,0,0,0,0,0,0,0,0,0.1018125,0,0,0,0,0.09848961,0,0,0.006508532,0,0,0,0,0,1.032729,0,0,0.00456479,0,0,0,0,0,0,0,0,0,0,0,0.05855326,0,0,0,0,0,0.04828056,0,0.304295,0.05207018,0,0,0,0.04445669,0,0,0,0.3199923,0,0,0,0,0,0,0.08938228,0,0,0,0.8177217,0,0,0,0,0,0,0,0,0,0,0.1053078,0,0.08122651,0.03330258,0,0.0490322,0.7527418,0,0.8703547,0,0.2329508,0.1239573,0.387131,0.00255307,0,0.3004154,0.2178436,0,0,0.1742928,0,0,0,0.3364826,0,0.2551375,0,0,0,0,0.07397433,0,0,0,0,0,0.06428215,0,0,0,0,0,0,0,0,0,0,0,0,0,0,0,0.4637397,0,0,0,0,0,0,0,0,0,1.337486,5.122575,0,6.372764,7.566074,1.430353,0.3573073,1.84027,0,3.404906,9.38656,0,0,0,0.09028541,0,0,0,0,0,0,0,0.002949905,0,0,0,0,0,0,0,0,0,0,0,0.2866588,0,0.5595553,0,
0,0.1085431,0.1408065,0.02846297,0.2503322,0.109197,0,0,0,0.2530106,0,0,0,0,0,0,0,0.04426803,0,0,0,0,0,0,0,0,0.003823212,0,0.1417555,0,0,0,0,0.02778156,0,0,0,0,0,0,0,0,0,0,0,0,0,0,0,0,0,0,0,0,0,0,0.08022454,0,0,0,0.09939573,0,0,0,0,0,0,0,0,0,0,0,0,0,0,0,0,0.2105063,0.5721313,0,0,0,0,0,0,0,0,0,0,0,0,0,0,0,0,0,0,0,0,0.2605164,0,0,0,0,0.2402642,0,0,0,0,0,0,0,0,0,0,0.1364201,2.61908,0.3261229,0,0,0,0,0,0,0,0,0,0,0,0,0,0,0,0,0,0.1581459,0,0,0,0,0,0,0,0,0,0,0,0,0,0,0,0,0,0,0,0.4128813,0,0,0,0,0,0.06127291,0,0,0,0,0,0,0,0,0,0,0.08803871,0,0,0.04482828,0.2746093,1.246398,0.2402311,0.1948041,0,0,0,0,0,0,0,0,0,0,0,0,0,0,0,0,0,0,0,0,0.2481435,0,0,0,0,0,0,0,0.1507477,0,0,0,0.1128355,0,0.04550888,0,0,0.1917382,0,0.01033536,0,0,0,0,0.1126309,0,0,0.1628868,0,0.0319996,0.4830073,0,0,0,0,0,0,0,0,0,0,0.1968537,0,0,0,0,0,0,0,0,0,0,0,0,0,0,0.4305169,0.2552433,0,0,0,0,0,0.1342426,0,0,0,0,0,0,0,0,0,0.06649001,0,0,0,0,0,0,0,0,0,0,0,0,0,0,0,0,0,0,0,0,0,0,0,0,0,0,0,0,0,0,0,0,0.2152092,0.003111591,0,0,0,0,0,0,0,0,0,0,0,0.0794855,0,0,0,0,0,0,0,0,0.2409462,0,0,0.4220281,0,0,0,0,0,0.6729656,0.1928844,0.3481893,0.01380175,0,0,0,0.2635566,1.784791,0.293908,0.1660744,0.09149636,0.257184,0,0,0.3993305,0,0.01645146,0.3755994,0,0,0,0,0,0,0.7291921,0,0,0.1380672,0,0,0.2080546,0,0,0,0.3283627,0.09292232,0,0,0.3058255,0.1776106,0,0,0.4551492,0.1010446,0.05102006,0,0,0,0,0,0,0,0.1063071,0,0.3603686,0,0,0,0,0,0,0,0,0,0,0,0,0,0,0.7225823,0.2790583,0,0,0.107423,0,0,0,0,0,0.02933146,0,0,0,0,0,0,0.06079499,0,0,0.1591649,0,0,0.1018153,0,0,0,0.1682914,0.1930621,0,0.4006741,0,0,0,0,0,0,0,0,0,0,0,0,0,0,0,0,0,0,0,0,0,0,0,0,0,0,2.110256,0,4.229321,10.57526,0.3044949,1.096222,0,8.544501,1.91359,0,0,3.199058,2.78375,0,0,0,0,0,0,0.01279215,0,0,0,0,0,0,0,0,0,0,0,0,0,0,0.2350943,0,
0,0.2357308,0.2192045,0,0,0.1890001,0,0.03542951,0,0,0,0,0,0,0,0,0,0,0,0,0,0,0,0,0,0.1962144,0.1694976,0.5304632,0,0.1774385,0,0.1439399,0,0,0,0,0,0,0,0,0,0,0,0,0,0,0,0,0,0,0,0,0,0,0,0.1129458,0,0,0,0,0,0,0,0,0,0,0,0,0,0,0,0,0,0,0,0.3246407,0,1.015282,0,0,0,0,0,0,0,0,0,0,0,0,0,0,0,0,0,0,0,0.05120547,0,0,0,0,0,0,0,0,0,0,0,0.8651869,0,0.3513157,0,0,0.1792905,0.05173508,0,0.3489502,0.3364796,0,0,0,0,0,0,0,0,0,0,0,0,0.2514826,0,0.2758475,0,0,0,0,0,0,0,0,0,0,0,0,0,0,0,0,0,0,0,0,0,0,0,0,0,0,0,0,0,0,0,0,0.3367956,0,0,0,0,0,0,0,0,0,0,4.038331,0,0,0,0.04044299,0,0,0,0,0,0,0,0,0,0,0,0,0,0,0,0,0,0.573962,0,0,0.1624511,0.1745203,0,0,0,0,0,0,0,0.2682053,0,0,0,0.1800629,0.03556997,0,0.6287984,0,0.333677,0,0.6288542,0,0,0,0,0.2563451,0.06896739,0.1610538,0,0,0,0,0,0,0,0,0,0,0,0,0,0,0,0,0,0.05774182,0,0.2809303,0.1542371,0.1108463,0,0,0,0.05019642,1.408934,0.1240639,0.05632522,0,0,0,0,0,0,0,0,0,0,0,0,0,0,0,0,0.2513072,0,0,0,0,0,0,0,0,0,0.1471848,0,0,0,0,0,0,0,0,0,0,0,0.05006897,0,0.2211562,0,0,0,0,0,0,0,0,0.09678558,0,0,0,0,0,0,0,0,0,0,0.1436466,0,0,0,0,0,0,0,0,0,0,0,0,0,0,0,0,0,0,0,0,0,0.4408674,0.003613734,0,0.3663445,0.454895,0.3419352,0,0.2542021,0,0.2104841,0,0,0.1777898,0.06804017,0,0,0,0,0,0,0,0,0,0,0.002751833,0,0,0,1.208859,1.067726,0.1689554,0,0,0,0,0,0,0,0,0.09489749,0,0.076041,0.3111742,0,0.1929939,0,0.1674757,0,0.02805064,0,0.07261755,0,0,0,0,0.05901149,0,0,0,0,0,0,0,0,0,0,0,0.1478498,0,0.1523589,0,0,0,0.8864043,0,0.3515524,0,0,0,0,0,0,0,0,0,0,0,0,0.3819753,0,0.07517316,0,0,0.3003956,0,0,0.1458738,0,0.1930313,0,0,0,0,0,0,0,0,0,0,0,0,0,0,0,0,0,0,0,0,0,0,0,0,0,4.793124,0,0,0,3.022164,0,0,3.072742,0,1.881217,0,0.9902849,0,0,0,0,0,0,0,0.1352315,0,0,0,0,0,0,0,0,0,0,0,0,0.2025699,0,0,
0.03145185,0.05665217,0,0,0,0,0,0.03155146,0,0,0,0,0,0,0,0,0,0,0,0,0,0,0,0,0,0,0,0.03013868,0,0.3193949,0,0.1702584,0.2754588,0,0,0,0.06732609,0.4840979,0,0,0,0,0,0,0,0,0,0,0,0,0,0,0,0,0.03170712,0.1820549,0,0,0,0,0,0,0,0,0,0,0,0,0,0,0,0,0,0,0,0.3919502,0.003929487,0.1039954,0.09766081,0,0,0,0,0,0,0,0,0,0,0,0,0,0,0,0,0,0,0,0,0,0,0.1639616,0,0,0,0,0,0.1591247,0,0,0,0,0,0,0,0,0,0.1346539,0,0,0,0,0,0,0,0,0,0,0,0,0,0,0,0,0.1211343,0,0,0,0,0,0,0,0,0,0,0,0,0,0,0,0,0,0,0,0,0,0,0,0,0,0,0,0,0,0,0,0,0,0,0,0,0,0,0,0,0,3.049578,2.508204,0,0.5847045,0,0,0,0,0,0,0,0,0,0,0,0,0,0,0,0,0,0,0.2542513,0,0.9153078,0.04219271,0,0,0.1135373,0.02873999,0.04428446,0,0,0,0,0,0,0.1657137,0.06294889,0,0,0,0.4646997,0.2846079,0,0.1388272,0.4388767,0.09943059,0,0,0.1458009,0,0,0.2101499,0,0,0.1091362,0,0.0684453,0,0,0,0,0,0.02415062,0,0,0,0,0,0,0,0,0,0.371346,0,0.1430619,0.03881536,0.2886172,0,0.09850813,0,0.4657572,0,0,0,0,0,0,0,0.1037483,0.07880338,0.08841923,0,0,0,0,0,0,0,0.06492038,0,0,0,0,0,0,0,0,0,0.06929596,0,0,0.01755322,0,0,0,0,0.06367709,0,0,0,0,0,0,0,0,0,0,0.1200004,0.7666425,0,0,0,0,0,0,0,0.4712119,0,0,0,0,0,0,0,0,0,0,0,0.004706291,0,0,0,0,0,0,0,0,0,0,0,0,0,0.05286039,0.3475994,0.156201,0.2657738,0,0,0,0.3246048,0.1165196,0,0,0,0.3305629,0.03236011,0,0.3283617,0,0,0,0,0,0,0,0,0,0.1260426,0,0,0,0.02567271,0.6130329,0,0,0.1440173,0,0,0,0,0.5812088,0,0,0,0.4556099,0.2097065,0,0,0,0,0,0.2430755,0,0,0,0.1710292,0,0,0,0,0,0,0,0,0,0.1406931,0,0,0,0,0,0,0,0,0,0,0,0,0,0,0,0,0,0,0,0,0.5445894,0.443738,0,0.1269727,0.3967252,0,0,0,0.5101848,0,0.1221446,0.4316713,0.2740525,0.0974866,0,0,0,0,0,0,0,0,0,0,0,0,0,0,0,0,0,0,0,0,0,0,0.2925828,0,0,0,0,0,0,3.273189,0.9598563,6.367883,0,0,1.478848,0,0,2.931712,0,2.633896,0,0.2423784,0,0,0,0,0,0,0,0,0,0,0,0,0.1707388,0,0,0,0,0,0,0,
0.1350058,0.4656931,0.08839137,0,0,0,0.06215486,0,0,0,0,0,0,0,0,0,0,0,0,0,0,0,0,0,0,0.09254123,0,0,0.07819043,0,0.01830706,0.2170024,0.2731779,0,0,0,0,0.02055671,0,0,0,0,0,0,0,0,0,0,0,0,0,0,0,0.3754026,0.1549839,0,0,0,0,0,0,0,0,0,0,0,0,0,0,0,0,0,0,0,0,0,0.08952779,0,0,0,0,0,0,0.07949092,0.02506638,0,0,0,0,0,0,0,0,0,0,0,0,0,0,0.06906147,0,0,0.2393077,0,0.2020725,0,0,0,0,0,0,0,0,0,0,0,0.2055664,0,0.1744124,0,0,0,0,0,0,0,0,0,0,0,0,0,0,0,0,0,0,0.1292964,0,0,0,0,0,0,0,0,0,0,0,0,0,0,0,0,0,0,0,0,0,0,0,0,0,0,0.01050105,0,0,0,0,0,0,0.05143477,0,0,0,0.2890866,1.129797,0.6462565,0,0,0,0,0,0,0,0,0.02993222,0,0,0,0,0,0,0,0,0,0,0,0.2435247,0.3440112,0,0,0.2462729,0.2901787,0,0,0,0.008504364,0,0,0.07237333,0,0,0,0,0.4755918,0,0.52617,0.169945,0,0.03140507,0.3782017,0.1424046,0,0,0,0,0,0,0,0.007514009,0,0,0,0,0,0,0.1549116,0,0,0,0,0,0,0,0,0,0,0,0,0.4976931,0,0,0,0,0,0,0,0,0,0,0.2811432,0,0,0,0,0.1398841,0,0,0,0,0,0,0,0,0,0,0,0,0,0,0,0,0,0,0,0.08133518,0,0,0.252881,0,0,0.4728468,0,0,0,0,0,0,0,0,0,0.2111037,0,0,0,0,0,0,0,0,0,0,0,0,0,0,0,0,0,0,0,0,0,0.1019075,0,0,0,0,0,0,0.08814023,0,0,0,0.2102585,0,0,0,0,0.1199649,0,0,0,0,0,0,0,0.08411553,0.2089132,0.1863509,0.04796369,0.3835056,0,0,0,0,0,0,0,0,0,0.00767579,0,0,0,0,0,0.1073835,0.3364493,0,0.2265582,0,0.1152379,0,0,0,0,0.3923648,0,0.1425752,0,0.03175465,0,0,0,0,0.09427681,0,0,0,0,0.005264448,0,0,0.1595334,0,0,0,0,0,0,0,0,0,0,0,0,0.1145532,0.4239393,0,0,0.1133427,0,1.280499,0,0,0,0,0,0,0,0,0,0,0.2174149,0,0,0.1967942,0,0.0846609,0,1.278358,0.08282131,0.6389723,0,0,0,0,0,0.08702361,0.7679826,0,0,0,0,0,0,0,0,0,0,0,0,0,0,0,0,0,0,0,0,0,0,0,0,0,0.3397129,1.374818,7.132572,4.525502,2.847495,0.441384,7.677742,0,0,0,0.3992446,1.059634,0,0.006343225,0,0,0,0,0,0,0.1571683,0.2073933,0,0,0,0,0,0,0,0.1402161,0,0,0,
0,0,0.3523053,0,0,0.2514752,0,0.3575345,0,0,0.4610427,0,0,0,0,0,0,0,0,0,0,0,0,0,0,0.3376258,0,0,0.1598815,0,0,0,0.5099419,0,0.1082607,0,0.3115413,0.07570806,0,0,0,0,0,0,0,0,0,0,0.2742842,0,0,0,0.04399458,0,0.7598665,0.01127262,0,0.2357144,0,0.258907,0.01463866,0,0,0,0,0,0,0,0,0,0,0,0,0,0,0,0,0.1224122,0,0,0,0,0,0,0,0,0,0,0,0,0,0,0,0.06962144,0,0,0,0,0,0,0,0,0,0,0,0,0,0,0,0,0,0,0.45291,0,0,0,0,0,0,0,0,0,0,0,0,0,0,0,0,0,0,0,0,0,0,0,0,0,0,0,0,0.1919392,0,0,0,0,0,0,0,0,0,0,0,0,0,0,0.2202992,0,0,0,0,0,0,0,0,0,0,1.102762,0,0.1333561,0,0,0,0,0,0.2194241,0.7957076,0,0.08272495,0.2229638,0,0,0,0,0,0,0,0,0,0,0,0,0,0,0,0,0,0.2395937,0,0,0,0,0,0,0,0,0,0.1080411,0,0,0,0,0,0,0.003279324,0,0,0.01096965,0,0,0,0,0,0,0,0,0,0,0,0.6420988,0,0,0.0802919,0,0,0,0,0.2016366,0,0,0,0,0,0,0,0,0.02271691,0,0,0,0.2898839,0,0,0,0,0,0.1955908,0.171493,0,0,0,0,0.0673445,0.1512296,0,0,0.1107917,0,0,0,0,0.1348063,0,0,0,0,0,0,0,0,0,0,0,0,0,0,0,0,0.07122043,0,0,0,0,0,0,0,0,0,0,0,0,0,0,0,0,0,0,0,0,0,0,0,0.04483234,0,0,0,0,0,0,0,0,0.1100734,0,0,0,0,0.6172022,0,0,0.2566539,0,0,0,0,0,0,0,0,0,0,0,0,0.006439871,0,0.2087891,0,0,0.03881166,1.154437,0.2337074,0.1785108,0.01873345,0,0,0,0,0.1367926,0,0,0,0,0,0,0.03776196,0,0,0,0.1154937,0,0,0,0.1027505,0,0,0.3309741,0,0,0,0,0.1892114,0.1650328,0,0.1428031,0.2406989,0,0.07625796,0.1218281,0,0,0,0.006149035,0.003956342,0,0,0,0,0.1968091,0,0,0,0,0,0,0,0,0,0,0,0,0,0,0,0,0,0,0,0.4346223,0,0,0,0,0,0,1.001526,0.6204151,0,1.439955,0,0.3874513,0.01286345,0,0.6976073,0,0,0,0,0,0,0,0,0,0,0,0,0,0,0,0,0,0.09898779,0,0,0.2470252,0,0,0,0,0,0,0,0,0,0,0,0,0,0,0.1124049,0.07862343,1.857232,0,0,2.812804,7.203581,0,0,0,0.3262394,0,0,0,0,0,0,0,0,0,0,0,0,0,0,0,0,0,0,0.2403632,0.3488835,0.4162756,0,
0.2805708,0,0,0,0.3264149,0.0456527,0,0,0.3471262,1.003122,0.04470817,0.7295948,0,0,0,0,0,0,0,0,0,0,0,0,0,0.02162303,0.0243522,0,0,0.1838085,0,0,0,0,0,0,0.2906533,0,0,0,0,0,0,0,0,0,0,0,0.09721127,0.1512426,0.1833436,0,0.1676001,0,0.1706291,0,0,0,0.9260556,0.1377345,0.2361065,0,0,0,0,0,0,0,0,0,0,0,0,0,0,0,0,0.2774245,0,0,0,0,0,0,0,0,0,0,0,0,0,0,0,0,0.1903037,0,0,0,0,0,0,0,0,0,0,0,0,0,0,0.3529846,0,0,0.3145524,0,0,0,0,0,0,0,0,0,0,0,0.3820487,0,0,0,0,0,0,0,0,0,0,0,0,0,0,0,0,0,0,0,0,0,0,0,0,0,0,0,0,0,0,0,0,0,0,0,0,0,0,0,0,0,0,0,0,0.5723233,0,0,0,0,0,0,0,0,0.8691768,0.03598785,0,0,0,0,0,0,0,0,0,0,0,0,0,0,0,0,0,0,0,0,0,0,0,0,0,0,0,0,0,0.04145537,0,0,0,0,0,0,0,0,0,0,0,0,0,0,0,0,0,0,0,0.06435605,0,0,0,0,0,0,0,0.0393225,0,0,0,0,0,0,0,0.069626,0,0,0,0,0,0,0.1450237,0,0,0,0,0.2943698,0,0,0,0,0,0,0,0,0.1320964,0,0,0,0,0,0,0,0,0.1894558,0.08855219,0,0,0,0,0,0,0,0,0,0,0,0,0,0,0.07408771,0,0,0,0,0.1822483,0,0,0,0,0,0,0,0,0,0,0,0,0,0.1533656,0,0,0,0,0,0,0,0,0,0,0,0,0,0,0,0,0,0,0,0,0,0,0,0.02726281,0,0,0,0.6834118,0,0,0,0.3624022,0.4268434,0.1894057,0,0.6269789,1.213302,0.2374633,0,0,0.03806363,0,0,0,0,0,0,0,0,0.09610125,0,0,0.1779885,0,0,0,0,0,0.3313318,0,0,0,0.1549177,0.582586,0.07809595,0.2473303,0.05103053,0,0,0.009963772,0,0.2360953,0.1932655,0.08603299,0,0,0.1635124,0,0,0,0.01884666,0.01899048,0,0,0,0,0,0,0,0,0,0,0,0,0,0,0,0,0,0.05806284,3.492135,0.5277971,0,0,0,0,0,0,0,0,0.2268484,0,0,1.603467,0,0.9569762,0,1.392702,0,1.644037,0.04099516,0,0,0,0,0,0,0,0,0,0,0,0.1999222,0,0.01041355,0,0,0,0,0,0,0,0,0,0,0,0.3121694,0,0,0,0,0,0,0,0,0,0,3.312892,1.689328,7.911557,0,0,0,0,0.02854905,0,0.08208392,0,0,0.3507755,0,0,0,0,0,0,0,0,0.7714218,0.05165167,0,0.120351,0.7275746,0.1513686,0.01723646,0,0.01534072,0,0,
0,0,0,0.08712152,0,0,0,0.4003999,1.773024,0,0,0,0.1599843,0,0,0,0,0,0.2116085,0,0,0,0.0146206,0.1009892,0.1437645,0,0.4017984,0,0,0,0,0.01085956,0.05486725,0,0,0.7490953,0,0,0,0.0284011,0.354734,0,0,0,0,0,0,0,0.03712482,0,0,0.1485713,0,0,0,0,0.1999693,0,0,0,0,0,0,0,0,0,0,0,0,0,0,0,0,0,0,0.1239101,0,0,0,0.1162818,0,0.5590864,0,0,0,0,0,0,0.1307549,0,0.2893306,0.007335019,0,0,0,0,0,0,0.1278645,0,0.1891866,0,0,0,0,0,0,0,0,0,0,0.04712103,0,0,0,0,0,0,0,0,0,0,0.07417578,0,0,0,0,0,0,0,0,0,0,0,0,0,0,0,0,0,0,0,0.1581254,0,0.03677879,0,0,0.07043251,0,0,0,0,0,0,0,0,0,0,0,0,0.01627013,0.2981132,0,0,0,0,0,0,0,0,0,0.3105214,0,1.104647,0,0,0,0,0,0,0,0.4530644,0,0,0,0,0,0,0,0,0,0,0,0,0,0,0,0.1472378,0,0,0,0,0,0,0.1457451,0,0,0,0,0,0.2975586,0.0334704,0,0,0,0,0,0,0,0,0,0,0,0,0,0.2406182,0,0,0,0,0,0,0,0,0,0,0,0,0,0,0,0,0,0,0,0,0,0,0,0,0,0,0.03913494,0,0,0,0,0.1274748,0.1408218,0.0291972,0.1448414,0,0,0.05993088,0,0,0,0.1333349,0,0,0,0,0,0,0,0,0,0,0,0,0,0,0.2522447,0,0,0,0,0,0.04791485,0.161646,0,0,0,0,0.03932253,0,0,0.09880807,0,0,0,0,0,0,0,0,0,0.3104533,0,0.2175764,0,0,0,0,0,0.1395662,0,0,0,0,0,0,0,0,0,0.1613163,0,0,0.05942046,0,0.1951918,0,0,0,0.1705757,0.1712154,0,0.1618803,0.1750116,0,0,0.03537923,0,0,0,0.2254609,0,0,0,0,0,0.2162949,0.01051691,0,0,0,0,0,0,0,0,0,0,0,0,0,0,0,0,0,0,0.3163592,0,0.1645382,0.1781478,0.07562322,0,0.3042744,0.04025719,0,0.1800858,0,0.1335471,0,0,0.145863,0.3330252,0.1602931,0,0.2179243,0,0.05514281,0,0,0.0232596,0,1.593116,0.3648519,0,0,0.3681006,0,0,0,0,0,0,0,0,0,0.7008179,6.55522,0,0,0,0,0,0,0,0,0,0,0,0.1071382,0,0,0,0.8442102,0,0,0,0,0,0,0,0,0,0.5072442,0,0,0.06831744,0,0.1601633,0,0,0,0,0,0,0,0,0,0,0,0,0,0,0,0,0,0,0,0,0,0,0,0,0,0.4336419,0.07906827,0.0248154,0,0.8761151,0,0,0.1998251,0,0.1406766,0,0.5905725,0.3461615,0,0,0,0,0.1996056,0,0,0,0,0.1725564,0,0,0,0.1681369,0,0,0,0,0.1604784,
0,0,0,0.195756,0,0.1493432,0,0,0,0.9520398,0,0,0.04182355,0,0.1649644,0,0.01000468,0.3722471,0,0,0,0,0,0.1312865,0,0,0.1537291,0,0.3771777,0,0,0,0,0,0,0,0,0,0.1183261,0,0.0006917666,0,0,0,0.04121617,0,0,0,0,0,0.09042612,0.08511445,0,0,0,0.1789121,0,0,0,0,0,0,0,0,0,0,0,0,0,0,0,0,0,0,0.001160649,0.0008769991,0,0,0.1956088,0,0.2740712,0,0,0,0,0,0,0.4190905,2.577714,2.963762,1.982153,0,0,0,0,0.1981298,0,0,0,0,0,0,0,0,0,0,0,0,0,0,0,0,0,0,0,0,0,0,0,0,0,0,0,0,0.1553311,0,0,0,0,0,0,0,0,0,0,0,0,0,0,0,0,0,0,0,0,0,0,0,0,0,0,0,0,0,0,0,0,0.009991441,0,0,0,0,0,0,0,0,0,0,0,0.653169,0.1436836,0.02851185,0,0.1123189,0,0,0,0,0,0.2094914,0,0.317054,0,0,0,0,0,0,0,0,0,0,0,0,0,0,0.01879031,0,0,0,0,0,0,0.07866912,0,0.0756093,0,0,0,0,0,0,0,0,0,0,0,0,0.283709,0,0.2235162,0,0,0,0,0.1683967,0,0,0,0,0,0,0,0,0.2711923,0,0,0.008748181,0,0,0,0,0,0,0,0,0,0,0,0.120867,0,0.05430143,0,0,0,0,0,0,0.4334553,0,0,0,0,0,0,0,0,0,0.2421886,0,0,0.5289093,0,0,0,0,0,0,0,0.2456407,0.4169913,0.0208195,0,0,0.3257885,0,0,0,0,0,0,0.1080688,0,0,0.05313527,0,0,0.3048183,0,0,0,0,0,0,0,0,0,0,0,0,0,0,0,0,0,0,0,0,0,0,0,0,0,0,0,0,0,0,0,0,0,0,0,0,0,0,0,0,0,0.01599278,0.00828712,0.04430424,0,0.1456089,0,0,0,0.6076955,0.2534195,0.02145639,0.1744645,0.2889979,0,0,0,0.1022833,0,0,0,0,0,0,0,0,0,0,0,0,0,0,0,0,0,0,0,0.3225599,0.1802135,0.06046696,0.1099583,0.1675954,0.1406866,0,0.1530859,0,0.3272693,0,0,0,0,0.2201091,0,0.03374998,0,0.02799181,0.5562771,0,0,0.2712584,0,0,0,0,0,0.370394,0,0,0.2169929,0,0,0,0,0,0,0,0,0.03446121,0,0,0,0,0,0,0,0,0,0,0,0.5987352,0,0,0,0,0,0,0,0,0,0,0,0,0,0,0,0,0,0,0,0,0,0,0,0,0,0,0,0,0,0,0,0,0,0,0,0,0,0,0,0,0,0.9221601,1.140002,0,0,0.280101,0,0,0,0,0.7312059,0.07366406,0,0,0,0,0.2942,0,0,0,0,0,0,0,0,0,0.3780001,0,0.6556469,0,0,0.1956605,
0.2502972,0,0,0.238642,0,0,0.4294841,0.04866187,0,0,0,0,0,0,0.01917848,0.2519569,0.1320046,0,0,0.7659897,0.1183333,0,0,0,0.1131387,0.3202684,0,0,0,0,0,0,0,0,0,0,0,0,0,0,0,0,0,0,0,0,0.1219684,0,0,0.4425165,0.07343099,0.4767909,0,0,0,0,0,0,0.4649189,0,0,0.9156848,0,0,0,0,0,0,0,0,0,0,0,0,0.02174163,0,0,0.1883471,0.2318963,0,0,0.3632225,0.2045364,0,0.1284792,0,0.0337025,0.3949729,1.777249,1.082767,0.249786,0,0,0,0,0,0.3048796,0,0,0,0,0,0,0,0,0,0,0,0,0,0.008923595,0,0,0,0,0,0,0,0,0,0,0,0,0,0,0,0,0,0,0,0,0,0,0,0,0,0.03407092,0,0,0,0,0,0,0,0,0,0,0,0,0,0,0,0,0,0,0,0,0,0,0,0,0,0.1243402,0.04225336,0,0,0,0,0,0.8848996,0,0.0787758,0.2810134,0.2200164,0,0,0,0,0.1693334,0.1850809,0.2789365,0,0,0,0.04039628,0,0,0,0,0,0,0,0,0,0,0,0,0,0.745361,0,0,0,0,0,0,0,0,0,0,0,0,0,0,0,0,0,0,0,0,0,0,0,0,0,0,0,0,0,0,0,0,0,0,0,0,0,0,0.6409931,0.1016629,0,0,0,0,0,0.3622186,0,0,0,0,0,0,0,0.1006587,0.446835,0,0.5832671,0,0,0,0.2340323,0,0,0,0,0,0,0,0,0,0,0,0,0,0,0,0,0,0,0,0.1393881,0,0,0.2228938,0.2482964,0,0.08780351,0,0,0,0,0,0.08010469,0,0.03961436,0.007760416,0,0,0.02614591,0.03153725,0,0,0,0,0,0,0,0,0,0,0,0,0,0,0,0,0,0,0,0,0,0,0.229567,0,0,0,0,0,0,0,0,0,0,0,0,0,0,0,0,0,0,0.043807,0,0,0.5319113,0,0,0,0.1307713,0.2260859,0,0,0,0,0,0,0,0,0.07939006,0,0,0,0,0,0,0,0,0,0,0,0.02590697,0,0.7463681,0,0.1515794,0,0.08462496,0.1909914,0,0,0,0,0,0,0.1805345,0,0.02849549,0,0,0,0,0,0,0,0,0.3483558,0.03823565,0.2447831,0,0.07075065,0,0,0.05544994,0,0,0.2887154,0,0.193181,0,0,0,0,0.1433035,0,0,0,0,0,0,0,0,0,0,0,0,0,0,0,0,0,0,0,0.2674872,0,0,0,0,0,0,0,0,0,0,0,0,0,0,0,0,0,0,0.1430103,0,0,0,0,0,0,0,0,0,0.03389806,0,0,0,0,0,0,0,0,0.6792096,0.3760912,0,0.1417845,0,0,0,0,1.20292,0.009169081,0.3016374,0,0,0,0.01062243,0,0,0,0,0,0,0,0,0,0,0,0,0,0,0,0,
0,0,0,0,0,0,0,0,0,0.6113073,0,0.1793849,0,0,0,0,0.07900777,0.1543771,0.1305205,0.07715762,0.5520196,0,0.005243831,0,0.1710807,0.01241213,0.3190981,0,0,0,0,0,0,0,0,0,0,0,0,0,0,0.4073178,0,0,0,0.06009047,0.3894991,0.4325595,0.1094383,0.4408863,0,0.2600287,0.2787378,0.292876,0.1933792,0,0,0,0,0.1239333,0,0.009294013,0,0,0.5525182,0,0,0,0,0,0,0,0.3973815,0,0.1793147,0.07221457,0,0,0,0.008071039,0.5225558,0,0,0.3417671,0.2875023,0,0,0.121874,0,0,0,0.1716151,0,0,0,0,0,0,0,0,0,0,0,0,0,0,0,0,0,0,0,0,0.56365,0,0,0,0,0,0,0,0,0,0,0,0,0,0,0,0,0,0,0,0,0,0,0.01230668,0,0,0,0,0,0.1029423,0,0,0,0.06704118,0,0,0,0,0,0,0,0,0,0,0.1099715,0,0,0,0,1.147928,0,0,0,0,0.2055408,0,0,0,0.02280025,0.1317829,1.300907,0,1.280579,0,0,0,0,0,0,0,0,0,0,0,0,0,0,0,0,0,0,0,0,0,0,0,0,0.3950035,0,0,0.5587996,0.05723068,0,0,0,0,0,0,0,0,0,0,0,0.1078461,0,0,0,0.02724877,0,0,0,0,0,0,0.3433744,0,0,0,0.002033763,0,0,0,0,0,0.3085139,0,0,0,0,0,0,0,0,0,0,0,0.1390241,0,0,0.2939396,0,0.4494698,0.1344689,0,0,0,0,0,0.4862699,0,0,0,0,0,0.02670404,0,0.366523,0,0,0,0,0,0,0,0,0.1661268,0,0,0,0,0,0,0,0,0,0,0,0.1364101,0,0,0,0,0,0,0,0,0.006408358,0,0,0,0.160813,0,0.1126392,0,0,0,0,0,0,0,0.1192851,0.08106308,0,0,0,0,0,0,0,0,0,0.07182613,0.4055513,0,0,0,0,0,0,0,0,0,0,0,0,0,0,0,0,0,0.4848814,0,0.2256908,0,0,0,0.2094688,0,0,0,0,0,0,0,0.104244,0.565967,0,0,0.09432674,0,0,0.06623273,0,0,0,0,0,0,0,0,0,0.2972983,0,0,0.7866539,0.09511992,0.2161515,0,0.08999588,0,0.01180114,0.109642,0,0,0,0,0.03583445,0.05915862,0,0,0.04029377,0,0.3338054,0,0.1469815,0,0.5195277,0,0.4490436,0,0,0.14042,0,0,0,0,0,0,0,0,0,0,0,0,0,0,0,0,0,0,0,0,0,0,0,0,0,0,0,0,0,0,0,0,0,0,0,0,0,0,0,0,0,0,0,0,0,0,0,0,0,0,0,0,0,0,0,0,0,0,0,0,0,0,0,0,0,0,0.4827145,0,0,0,0,0.9053451,0,0,0,0,0.2951207,0.1486241,0,0.03354474,0,0,0,0,0,0,0,0,0,0,0,0,0,0.2853427,0,0.4819685,
0,0,0,0,0,0,0,0,0,1.118667,0.1731736,0.4508064,0.103743,0,0,0,0,0.03418922,0,0,0.09771349,0,0,0.2591692,0.2827939,0,0,0.2166419,0,0,0,0,0,0,0,0,0,0,0,0,0,0,0,0,0.2504537,0,0,0,0.3478345,0.1529008,0,0,0.07815063,0,0,0,0,0.01957947,0,0,0,0,0,0.1812585,0,0,0,0,0,0.3371183,0,0,0.08617799,0.2823351,0.1306615,0,0.05081375,0.2730791,0,0,0.3742613,0.05784205,0.1205139,0,0,0.09380608,0.1822163,0.04732382,0,0.006084497,0,0,0,0,0,0,0.2924218,0,0,0.0292418,0,0,0,0.05833357,0,0.05282147,0,0.2866551,0,0,0,0.3300108,0.1847803,0,0,0.3151878,0,0,0,0.00831438,0,0,0,0,0,0,0,0,1.007178,0.2306783,0,0,0,0,0,0,0.03944528,0,0,0,0,0.02093249,0,0,0,0,0,0,0,0,0,0,0,0,0,0,0,0,0.281532,0.1124374,0.09652899,0,1.863314,0.132059,0.08414298,0.05488642,0,0,0,0.102104,0,0,0.248082,0.001257897,0.4715045,0.182073,0.1621611,0,0,0,0,0,0,0,0,0.1192536,0,0,0,0,0,0,0,0,0.505999,0,0,0,1.600525,0,0,0,0,0,0,0,0,0.005549008,0,0,0,0,0,0,0.3163593,0,0,0,0,0,0,0,0,0,0.4388132,0,0,0,0,0,0,0,0,0,0.1675176,0,0.4329961,0,0.4158293,0.1367756,0,0,0,0,0,0,0,0,0.2255889,0,0,0,0,0,0.3403797,0,0.1191378,0,0.0798746,0,0,0.1096305,0.00284197,0,0.7158419,0,0,0.1584668,0.09345362,0.1284889,0,0.1688258,0,0,0,0,0.1049001,0,0.151701,0,0,0,0.2144083,0,0,0,0,0,0,0.3945386,0,0,0,0.1205335,0.3059964,0,0,0,0,0,0.3945158,0,0.01027932,0,0,0,0,0,0,0,0,0,0,0,0,0,0,0,0,0,0,0,0,0,0,0,0,0,0,0,0,0,0,0,0,0,0,0,0,0,0,0,0,0,0,0.01591798,0.1025337,0.1160208,0,0,0.4246601,0,0,0,0,0,0,0,0,0.3137428,0,0,0,0,0,0,0,0,0,0,0.1016748,0,0.1897544,0.6412898,0,0,0.1880472,0,0.05683992,0,0,0,0.3732848,0,0.1436461,0.3818321,0,0,0,0.04392707,0.20148,0,0.3591879,0,0,0,0.1774149,0.01992996,0.003887944,0.3198626,0.3444273,0,0.3622003,0,0.4935923,0,0,0,0,0,0,0.2029677,0,0,0,0,0,0,0,0,0,0,0,0,0,0,0,0,0,0,0,0,0,0,0,0,0,0,0,0,0,0,0,0,0,0,0,0,0,0,0,0,0,0,0,0,0,0,0,0,0,0,0,0,0,0,0,0,0,0,0,0,0,0,0,0,0,0.06156223,0.2136385,0,0,0,0,0.2262262,0,0,0,0,0,0,0,0,0,0,0,0,0.05448445,0.05995477,0,0.2031624,
0,0,0,0,0,0,0,0,0,0.7119762,0,0.06390303,0.3411718,0.03641821,0,0,0,0,0.1877659,0,0,0,0.2359647,0,0,0,0,0,0.1614835,0,0,0,0,0,0,0,0,0,0,0,0,0,0,0,0,0,0,0,0,0.03970457,0,0,0.1411064,0.1641547,0,0.5352031,0.6849074,0.4949925,0.3364186,0,0,0,0,0.3763312,0,0,0,0,0,0.3097676,0,0.003601089,0,0,0.09416497,0.1050673,0,0.1007901,0,0,0,0,0,0.06734414,0.5930408,0,0.6220608,0.2626874,0.06967537,0,0,0,0,0,0,0,0,0,0,0,0.09233711,0,0,0,0,0,0,0,0.05271134,0,0.01104892,0,0,0,0,0,0,0,0,0,0,0,0,0,0,0,0,0,0,0.4572876,0,0,0,0,0,0,0,0,0,0.1548562,0,0,0,0.3351401,0.09586936,0,0,0,0,0,0,0,0,0,0,0,0,0,0,0.1833869,0,0,0,0.04604305,0,0,0.1083233,0.07772858,0.07345001,0.06415129,0,0.4494548,0.1559682,0.04215162,0.2393038,0,0,0.5242107,0,0,0,0,0,0,0,0,0,0,0,0,0.09212557,0,0,0,0,0,0,0.4311203,0,2.98159,0,0,0,0,0,0.114986,0,0,0,0,0,0,0,0,0,0,0,0,0,0.3809255,0.05596917,0,0,0,0,0,0,0,0,0,0,0,0,0,0,0,0.1126684,0,0.1841414,0,0,0.0593386,0,0,0,0,0,0,0.3300802,0,0.2514107,0.1149079,0,0,0,0,0,0.01551287,0.02921417,0.2010528,0,0,0,0,0,0,0,0,0,0,0,0,0,0.4935201,0,0,0,0,0,0,0.2528854,0,0,0,0,0.265227,0,0,0.3610432,0,0,0,0,0,0,0,0,0.2171589,0.1798709,0,0,0,0.3545958,0.152058,0,0,0,0,0,0,0,0,0,0,0,0.06604446,0,0.09817319,0,0,0,0,0.1239311,0,0.2081587,0.001362899,0.08368673,0,0,0.03033364,0,0.07703239,0,0,0,0,0,0,0,0,0,0,0,0,0.0914507,0,0,0,0,0,0,0,0.03396608,0,0,0,0,0,0,0.1871314,0,0,0,0,0,0,0,0,0,0,0.02243044,0,0.03214455,0.1730475,0,0,0.2558864,0.6023403,0,0,0.1295967,0,0,0,0,0,0,0.1658216,0,0,0.1471974,0.1841592,0.04263765,0.1674621,0.170129,0,0,0.1389142,0.1173425,0.09715191,0.4267164,1.138544,0.1335901,0.2836241,0.2394295,0.05586694,0,0,0,0,0,0.1551965,0,0,0,0,0,0,0,0,0,0,0,0,0,0,0,0,0,0,0,0,0,0,0,0,0,0,0,0,0,0,0,0,0,0,0,0,0,0,0.4886265,0,0,0,0,0,0,0,0,0,0,0,0,0,0,0,0,0,0,0,0.4870157,0,0,0,0,0,0,0,0,0,0,0,0,0,0,0,0,0.0677112,0,0,0,0,0,0,0,0,0.01548526,0,0,0.4438427,
0,0,0,0,0,0,0,0,0,0,0,0,0,0,0,0,0.07038277,0.3844511,0,0,0.2424584,0,0.004814949,0.02617015,0,0.1487919,0.03263824,0.1526914,0,0,0,0,0,0,0,0,0,0,0,0,0,0,0,0,0,0,0,0,0.1780792,0.1112036,0,0,0.3692553,0,0,0.3118846,0,0.3888389,0.1191261,0,0,0,0,0.4193637,0,0.1546523,0,0,0.3460608,0.1764286,0.1610662,0,0,0.1038369,0,0,0.2141194,0.1285508,0.06823765,0.4514976,0,0,0.1646633,0.04265182,0,0.02956533,0.2237158,0,0,0,0,0,0,0,0,0,0,0,0,0,0,0,0,0,0,0,0,0,0.2107134,0,0,0,0,0,0,0,0,0,0,0,0,0,0,0,0,0,0,0,0,0.4773127,0,0,0,0,0,0,0,0,0,0,0.06757654,0,0,0,0,0.007194261,0.08145471,0,0,0,0,0,0,0,0,0,0,0,0,0,0.1141873,0.0562696,0.1427591,0,0,0.2663085,0.04179948,0,0,0,0,0.4375348,0,0,0,0,0.08060617,0,0,0,0,0,0,0,0,0,0,0,0,0,0,0,0,0,0,0,0,0,2.224865,0,0,0.1835092,0,0,0,0,0,0,0,0,0,0,0,0,0.06823594,0,0,0,0,0.2116012,0,0,0,0,0.318109,0,0,0.1380619,0,0,0,0,0,0,0.03755373,0.633681,0,0.2095186,0,0,0,0.2480396,0,0,0,0.4157898,0,0,0,0,0,0.1254764,0,0,0,0,0,0,0.1097413,0,0,0,0,0,0,0,0,0,0,0,0,0.4886116,0,0,0,0,0.03448155,0,0,0,0,0,0,0.003185425,0,0,0,0.9616191,0,0,0,0,0,0.1844322,0,0,0.4104409,0.04056977,0.05515366,0,0,0,0,0,0,0,0,0,0.2326691,0,0.3630953,0.1870135,0.2097383,0,0,0,0,0,0,0,0,0,0,0,0,0,0,0,0,0,0,0,0,0,0,0,0,0,0,0.2808152,0,0,0,0,0,0,0,0,0.4043955,0.1240664,0,0.2731948,0,0,0,0,0,0,0,0,0.214503,0,0,0,0,0,0,0,0,0,0,0,0,0,0,0.1395457,0.03359511,0,0.01273625,0,0,0,0,0,0,0,0.1573688,0.1078635,0,0,0,0,0.3949683,0.4921031,0,0.3720634,0,0,0.08202018,0.1113333,0.678656,0,0.2060623,0,0.01915278,0.07270315,0,0,0,0,0,0,0,0,0,0,0,0,0,0,0,0,0,0,0,0,0,0,0,0,0,0,0,0,0,0,0,0,0,0,0,0,0,0,0,0,0,0,0,0,0,0,0,0,0,0,0,0,0,0,0,0,0,0,0,0,0,0,0,0,0,0,0.1262789,0,0,0,0,0.1334359,0,0,0,0,0,0,0,0,0,0,0,0,0,0,0,0,0,0,0,0.2055402,0,0.2654622,
0,0,0.253984,0,0.03072635,0,0.05040516,0,0,0.03127326,0,0,0,0,0,0,0,0.2043867,0.03088918,0,0.1645983,0,0,0.07162897,0,0,0,0,0,0,0,0,0,0,0,0,0,0,0,0,0,0.1345937,0,0,0,0,0,0,0,0,0.6744794,0,0,0,0,0.1202549,0,0.4321153,0,0.2254321,0.02369672,0.1299386,0.1285204,0,0,0,0.09935427,0,0.1828205,0.07581151,0.1342803,0.1499442,0,0,0,0.001040386,0,0,0,0.592039,0,0.3995942,0,0.5065361,0.2833621,0,0.01106825,0,0.01222641,0.4254193,0,0,0,0,0,0,0,0,0,0,0,0,0,0,0,0,0,0,0,0,0.1288473,0.5496627,0,0,0,0,0,0,0.01819896,0,0,0,0,0,0,0,0,0,0,0,0,0.1669238,0,0,0,0.1103802,0,0,0,0,0,0,0.1208326,0,0,0,0,0,0,0,0,0,0,0,0,0,0,0,0.4255725,0,0,0.09929518,0.07577316,0.2794786,0,0.3962833,0.3457462,0,0,0.1323949,0,0,0,0,0.4502745,0,0.4724204,0.1611548,0,0,0,0.149624,0,0,0,0,0,0.02785462,0,0,0,0,0,0.02761403,0,0,0,0,0,0.179561,0,0,0,0,0,0,0.1720404,0,0.2317971,0,0,0,0,0.07158067,0,0,0,0,0,0,0,0.08344308,0,0,0.03263643,0.2595533,0.2950682,0,0,0,0,0,0.2599727,0,0,0.1249857,0.4368867,0,0,0.3079613,0.1084078,0,0,0,0,0.2052753,0,0,0,0,0,0.57445,0,0,0,0,0,0,0,0,0,0,0,0.08748095,0.0607167,0,0,0,0,0,0.5374679,0,0,0,0,0,0,0,0,0,0.09190705,0,0,0,0,0,0,0,0,0,0,0,0,0,0,0.5117754,0,0,0,0,0,0,0,0,0,0,0,0,0,0,0,0,0,0.03480792,0,0,0,0,0.1809142,0,0,0,0,0,0,0,0,0,0,0,0,0,0,0,0,0,0.3180817,0,0.001529347,0.4905186,0,0,0,0,0.2732308,0.4385253,0,0.1764993,0.1719581,0,0,0,0,0,0,0,0,0,0,0.0616037,0,0,0.244309,0,0.01711817,0,0,0,0,0,0,0,0,0,0,0,0,0,0,0,0,0,0,0,0,0,0,0.3903152,0,0.01930717,0,0,0.4100646,0,0.2215153,0.001025893,0.2129041,0,0,0.02224521,0,0,0,0,0.05799014,0.2211633,0.1406972,0.1135742,0,0.3006904,0.5541996,0.256048,0,0,0,0,0,0,0,0,0,0,0,0,0,0,0,0,0,0,0,0,0,0,0,0,0,0,0,0,0,0,0,0,0,0,0,0,0,0,0,0,0,0,0,0,0,0,0,0,0,0,0,0,0,0,0,0,0,0,0,0,0,0.05799818,0,0,0,0,0,0,0,0,0,0,0,0,0,0.06911729,0.274118,0.3143882,0.106803,0,0,0,0,0.6491939,0,0.1464141,0,0.1667763,
0,0,0,0,0,0,0,0.1018274,0,0,0.1848844,0,0.09761272,0,0,0.05414842,0,0,0,0.004408014,0,0.09213299,0.06378081,0,0.02995023,0.1321691,0,0,0,0,0,0,0,0,0,0,0,0,0,0,0,0.6587551,0,0,0,0,0,0,0,0,0.02039667,0.1492389,0,0,0,0,0.02976629,0,0.2974574,0.5418778,0,0,0,0.1134781,0.4059498,0.1350818,0.4463371,0.2722001,0,0,0.1884708,0,0,0.3910108,0,0,0.1503681,0,0,0.3974707,0,0,0.2064456,0.2448123,0,0,0.2110758,0.0941513,0,0,0,0,0,0,0,0,0,0,0,0,0,0,0,0,0,0,0.116508,0,0,0,0,0,0,0,0,0,0,0,0,0,0.2643228,0,0,0.7950564,0,0,0,0,0,0,0,0,0,0,0,0,0,0,0,0,0,0,0,0,0,0,0,0,0,0,0,0,0,0,0,0,0,0.1032866,0,0,0,0,0.1603006,0.1371281,0,0,0,0.1351292,0,0,0.05779139,0,0,0.1852635,0.4920424,0.2058212,0,0,0,0,0,0,0,0.1395727,0,0,0,0.2504516,0,0,0,0,0,0,0,0,0,0,0.04412823,0.07195453,0.6693219,0,0.3001541,0,0,0,0,0,0,0,0,0,0,0,0,0,0.1062525,0,0,0,0,0,0.3664842,0,0,0,0,0,0,0,0.08150093,0,0,0,0.1757673,0,0,0.1305891,0,0.4190524,0,0,0,0,0,0,0,0,0,0,0,0,0,0,0,0,0,0,0,0.03995185,0,0,0,0,0,0.01063283,0.0370992,0.1231801,0,0,0,0,0,0,0,0,0,0,0,0,0,0,0,0,0,0.1111688,0.1519331,0,0,0,0.1631252,0.1261911,0.1093148,0,0.03497568,0,0,0,0.1346637,0,0,0.6430949,0,0,0,0.005546323,0,0,0,0,0.03239638,0.04157884,0,0,0,0,0,0,0,0,0.7998923,0,0,0,0,0,0,0,0,0,0.1168099,0,0,0,0,0,0,0,0.1517749,0,0,0,0,0,0,0,0.05116261,0,0,0.07513891,0.01858191,0,0.392641,0,0,0,0,0,0,0,0,0,0,0,0,1.197214,0,0,0,0.2505749,0,0,0,0.09722705,0,0.2433593,0.03531042,0,0,0,0.2690739,0,0.02171438,0.002335207,0,0,0,0,0.3523041,0.02162521,0.4589107,0.3120717,0,0,0,0.5003157,0,0.2045987,0,0.19742,0,0.5496066,0.1636777,0,0.1577861,0.0833871,0,0,0.1510827,0.08487006,0,0.2257109,0,0,0.2948017,0,0,0,0,0,0,0,0,0,0,0,0,0,0,0,0,0,0,0,0,0,0,0,0,0,0,0,0,0,0,0,0,0,0.008853232,0,0,0,0,0,0,0,0,0,0,0,0,0,0,0,0,0,0,0,0,0,0,0,0,0.01551516,0,0,0,0,0.3342339,0,0,0,0,0,0,0,0,0,0,0,0.07148145,0.1569468,0,0,0.845396,0,0.1160047,0,0,0,
0,0,0,0,0,0,0,0,0,0,0,0,0,0,0,0,0,0,0,0,0,0,0,0,0.1241314,0,0,0,0.6421728,0,0,0,0,0,0,0,0,0,0,0,0,0.08597696,0,0,0,0,0,0,0,0,0,0,0,0,0.2773522,0,0,0.1882752,0,0,0.1146464,0,0.0015455,0,0.2214379,0,0,0,0,0.2954428,0,0.1769424,0.1201153,0,0,0.02075542,0,0,0,0,0,0.3430187,0.189584,0.03726639,0.3725035,0,0,0.1347428,0,0,0,0,0,0,0,0,0,0,0,0,0,0,0,0,0,0,0,0,0.535777,0,0,0,0.2820001,0,0,0,0,0,0,0,0,0,0.102506,0,0,0,0,0,0,0,0,0,0,0,0,0,0,0,0,0,0,0,0.02252212,0,0,0,0,0,0,0,0,0,0,0,0,0,0,0,0,0,0.08410174,0,0,0,0.1016017,0,0,0.1991053,0,0,0,0,0,0.07867984,0.2569367,0,0.228246,0,0,0,0,0,0,0,0,0.04944914,0,0,0,0,0,0,0,0.2440912,0,0,0,0,0,0,0,0,0,0.02725205,0,0,0,0.1480242,0,0,0,0,0.3707182,0,0,0,0,0.386403,0,0,0,1.208858,0,0,0,0,0,0,0.02074405,0,0,0,0,0,0,0.01503,0.1911001,0,0.1297611,0.248605,0,0,0,0.1559345,0,0,0,0,0,0,0.003209478,0,0,0,0,0,0,0,0,0,0,0,0,0.1949521,0.9800301,2.009928,0.8012336,0,0.6546234,0.2424845,0,0,0,0.005528105,0.01005032,0,0,0,0,0,0,0,0,0,0,0,0,0,0,0.08773352,0,0,0,0,0,0,0,0,0,0,0,0,0.09759414,0,0,0,0,0,0,0.006731964,0.3691846,0.1905663,0,0,0.0313994,0.04912351,0,0.2235997,0.05858177,0,0,0,0,0,0,0,0,0,0,0,0,0,0,0,0,0,0,0,0,0,0,0,0.1044,0,0.2249312,0,0,0,0,0.2739604,0,0.2333517,0.01665439,0,0,0,0,0,0,0,0,0,0.60451,0,0,0,0,0,0.1697229,0,0,0,0,0,0,0,0,0,0.3374417,0,0,0,0,0,0,0,0.3690113,0.05124913,0.5080276,0,0,0.4236828,0,0.1003466,0.3825055,0.228643,0,0,0.152,0,0,0,0,0.1459653,0,0,0,0,0,0,0,0,0,0.3097315,0,0,0,0,0,0,0,0,0,0,0,0,0,0,0,0,0.387068,0,0,0,0,0,0,0.1654126,0,0,0,0,0,0,0,0,0,0,0,0,0,0,0,0,0,0,0,0,0,0,0,0,0,0,0.3355597,0,0,0,0,0,0,0,0,0,0,0,0.01921239,0,0.1076455,0,0,0,0,0.131318,0,0.01458782,0,0.5228631,0,0,0,0,0,0.2410943,0,0,0.3383271,0,0.2564783,0,
0,0,0,0,0,0,0,0.05166299,0.008571914,0,0,0,0,0,0,0,0,0.1805705,0,0,0,0,0.2258919,0,0,0.2645727,0,0,0.7997836,0.3501888,0.2618097,0,0,0,0,0,0,0,0,0,0,0.5640672,0,0,0,0,0,0,0,0,0,0,0.1125794,0,0.4494136,0.2920817,0,0,0,0,0,0,0.1238057,0,0,0,0,0,0.07738105,0.03739526,0,0,0,0.5516869,0.2302638,0,0,0.2108197,0,0.5512508,0,0,0,0.1571584,0.1088853,0.1490178,0.4165608,0,0,0,0,0,0,0,0,0,0,0,0,0,0,0,0,0,0,0,0.4708169,0,0,0,0,0,0,0,0,0,0,0,0,0,0,0,0,0,0,0,0,0,0.1808226,0,0,0,0,0,0,0,0,0,0.005882189,0,0,0,0,0,0,0,0,0,0,0,0,0,0,0,0,0,0,0,0,0,0,0,0,0,0,0,0,0,0,0,0,0,0,0,0,0,0,0.2420103,0,0.2621308,0,0.008121165,0,0,0,0,0,0,0,0.007142023,0,0.1214636,0,0,0,0,0.1711565,0,0,0,0,0.1118806,0.2939376,0,0,0,0,0.09647971,0,0,0.4302707,0,0,0,0,0,0,0,0,0,1.016926,3.381656,0,0,0.4354851,0.1233844,0.4752119,0.1618191,0,0.03387357,0,0,0,0.06281295,0.09635269,0.0780167,0,0,0,0,0,0,0,0,0.2520365,0,0,0,0,0,0,0,0,0,0.1994848,0,0.05716123,0,0,0,0.0256691,0.09785809,0.08395094,0.147385,0.4764167,0.2249562,0,0.1982219,0.3820561,0,0.3988763,0.04549925,0,0,0.232324,0,0,0,0,0,0,0,0,0,0,0,0,0,0,0,0,0,0,0,0,0,0.008024819,0,0,0.06297985,0,0,0.2311762,0.05840611,0.2552111,0.122459,0,0.3607827,0,0,0.1182168,0,0.3579843,0,0.004114684,0.1022454,0.3002804,0,0,0.1116059,0,0.3733014,0.3477301,0,0.01118028,0,0,0,0,0,0,0,0,0,0,0,0,0.2720512,0.02007865,0,0,0,0,0,0.04556821,0,0,0,0,0,0,0,0,0,0,0,0,0,0,0,0,0,0,0.1824371,0,0,0,0,0,0.02194739,0,0,0,0,0.06098276,0.06430022,0,0,0.118744,0,0.2603405,0,0.06013213,0,0,0,0,0.2112665,0,0.1203681,0,0,0.2503641,0,0,0,0,0,0.04546013,0.1664244,0,0,0,0,0,0,0,0.04286128,0.4015213,0,0.6092889,0.06226465,0,0.007060575,0.2976452,0.03120385,0,0,0,0,0,0,0,0,0,0,0,0,0,0,0,0,0,0,0,0,0,0,0,0,0,0,0,0,0,0,0,0,0,0,0,0,0,0,0,0,0,0,0,0,0,0.5769348,0,0,0,0,0.239909,0,0,0,0,0,0,0,0,0,0,0,0,0.07500105,0,0,0.1625613,0,0,0,0,0,0,0,0,0.2199168,0,0.1064684,0,0,0,0,0,0,
0,0,0,0,0,0.1543626,0.06088631,0,0,0.407441,0,0,0,0,0,0,0,0,0,0,0,0,0,0,0.1693991,0,0,0,0,0.6984525,0,0,0,0,0,0,0,0,0,0,0,0,0,0,0,0,0,0,0,0,0,0,0,0,0.0492782,0,0.4945177,0.2142951,0.2437953,0.3917829,0.2038805,0.1764331,0,0,0,0,0,0.3163848,0,0,0,0.0965358,0,0,0,0,0.1412792,0,0,0.05394919,0,0.2270231,0.2294098,0,0,0.399173,0,0,0,0,0,0,0,0,0,0,0,0,0,0,0,0,0,0,0,0,0,0,0,0,0,0,0,0,0,0,0,0,0,0,0,0.2968391,2.209757,0.1473409,0.5414851,0,0,0.1746378,0,0,0,0.4076038,0,0.02876134,0,0,0,0.3790782,0,0,0,0,0,0,0,0,0,0,0,0,0,0,0,0,0,0,0,0,0,0,0,0,0,0,0,0,0,0,0,0,0,0,0,0,0,0,0,0.3056674,0,0,0,0.07246927,0.01244752,0.4411725,0,0,0,0,0.03638233,0,0,0,0.1989788,0,0,0,0,0,0,0,0.09453811,0,0.1826567,0,0.07974403,0.08931744,0,0,0,0,0.03422584,0.1988559,0,0,0,0,0,0,0,0,0,0,0.5351323,0.2978637,0,0,0,0.1293362,0.4085448,0.1900581,0.2412572,0.2848701,0.2770309,0,0.6800384,0,0,0,0,0,0,0,0.4852301,0,0,0,0,0,0,0,0,0,0,0,0,0.2381233,0.0147534,0.5276017,0,0,0.5068414,0.1619841,0,0.3283037,0,0.4721692,0,0,0.08091149,0,0,0,0,0,0,0,0.1508306,0.003335464,0,0,0,0,0,0,0,0.1560598,0,0,0,0,0.02876261,0,0,0,0,0,0,0,0.4591019,0,0,0.1785105,0.4983038,0.04395963,0.5283781,0,0,0,0.4115157,0,0,0.02389684,0,0,0,0,0,0,0,0.6564518,0,0,0,0,0,0,0,0,0,0,0,0.1846787,0,0,0,0,0,0,0,0,0.2606857,0.08651203,0,0,0,0,0,0,0,0.07855372,0,0,0,0,0,0,0,0,0,0,0,0,0,0,0,0.1749125,0,0,0,0,0,0,0,0.07345023,0,0.03054311,0.143366,0.08352624,0,0.0526308,0.07875355,0.09839526,0,0,0,0,0,0,0,0,0.01182778,0,0,0,0.06467222,0,0.001845763,0,0,0,0,0,0,0,0,0,0.0832772,0.06276956,0.4229973,0,0,0,0.5273375,0,0.2040837,0,0,0.1951871,0.01944651,0,0.05235084,0,0,0,0,0,0,0,0,0,0,0,0.05675958,0,0,0,0,0,0,0,0,0,0,0.181781,0,0,0,0,0,0,0,0,0,0,0,0,0,0,0,0,0,0,0,0,0,0,0,0,0,0,0,0,0,0.02507863,0,0,0,0,0.4609449,0.3655412,0.2040342,0,0.3751225,0,0.3804945,0,0.4358729,0.3150212,0,0,0.1825051,0.2773807,0,0,0.9390561,0.332445,0,0,0,0,
0,0,0,0.09204306,0,0,0.02545707,0,0,0,0.01973371,0,0,0,0,0,0,0.1249136,0,0.07255758,0,0,0,0,0,0,0,0.2133804,0.131414,0.2244434,0,0,0,0,0.2497818,0.08988355,0,0,0,0,0.4318653,0,0,0,0.3883034,0,0,0,0,0,0,0,0,0,0,0,0.1845071,0,0,0.4397408,0.3216054,0,0,0,0.0009155894,0,0,0,0,0.1669191,0,0.1930778,0,0,0.1184434,0,0,0,0.1128186,0.2705964,0.08704174,0,0,0,0,0,0,0,0,0,0,0,0,0,0,0,0,0,0,0,0,0,0,0,0,0,0,0,0,0.06064095,0,0,0,0,0,0,0,0,0,0,0,0.3100766,0,3.061192,0,0,0,0.3378133,0,0,0.109143,0,0.3079982,0,0.2551045,0,0,0,0,0,0,0,0.08725012,0,0,0.09462819,0.180186,0,0,0,0,0,0,0,0,0,0,0,0,0,0,0,0,0,0,0,0,0,0,0,0,0,0,0,0,0,0,0.0914858,0,0,0.3276709,0,0,0,0,0,0,0,0,0,0.3906969,0,0,0,0,0,0,0.1656331,0,0,0.3113232,0.03097777,0.3128614,0,0.4241571,0,0.5083517,0,0,0,0,0,0,0,0,0,0,0,0,0,0,0,0,0,0,0,0,0,0,0,0,0.140502,0.3815815,0,0.1373365,0,0,0,0,0,0,0,0,0,0.08244808,0,0,0,0,0,0,0,0,0.06330993,0,0.1298632,0,0,0,0,0.1859844,0,0,0,0.1617039,0.4172317,0.002107358,0.1149656,0.09423871,0.235683,0.01765318,0,0.6124561,0,0,0,0.2337916,0.02030896,0.0783356,0.5987042,0.246314,0.2850691,0.2046607,0.09094805,0,0.2825345,0.1691225,0,0,0.2056519,0,0,0.3469662,0,0,0.1611279,0.08286366,0,0.03270307,0,0,0,0,0,0.2478135,0.2299548,0.09734585,0,0,0.2747423,0,0,0.2558503,0,0.1159334,0,0,0.1330087,0,0.4163978,0.01850784,0.1225318,0,0,0,0,0,0,0,0,0,0,0,0,0,0.5433661,0,0,0,0,0.4363734,0,0,0,0,0.2168752,0.5420464,0,0,0,0,0,0,0,0,0,0,0,0,0,0,0,0,0,0,0,0,0,0,0,0.1856426,0,0,0.03290495,0,0,0,0,0,0,0.2545757,0.2358197,0.2212811,0,0.4280171,0.191645,0,0,0.2253101,0,0.5091351,0.3103442,0,0.3587727,0.1481346,0,0.06217114,0,0.07703822,0,0,0,0,0,0,0,0,0,0,0,0.008734731,0.3669477,0,0.3035735,0.1308473,0.001935849,0.1340771,0,0,0,0,0,0.1279346,0,0,0,0,0,0,0,0,0,0,0,0,0,0,0,0,0,0,0,0,0,0,0,0,0,0,0,0,0,0,0,0,0,0,0,0,0,0,0,0,0,0,0,0,0,0,0,0.01748787,0,0,0,0,0,0,0.2620301,0.3102648,0.008341298,0,0,0,0.8982756,0.1648116,0,0.3674053,0.3925996,0,0.497259,0.1132439,0.2797361,0,0,0.09003259,0,0,0.1486984,0,0,
0.001421108,0,0.00971831,0.1379211,0,0,0.1249589,0.3652837,0,0,0,0,0.3955469,0,0,0,0,0,0.07866894,0,0.09712213,0,0,0,0,0,0,0,0,0.2680117,0.02862396,0,0.1794931,0,0.004149023,0,0,0.1730767,0,0.1340292,0,0,0,0,0,0,0,0.2462361,0,0,0.05258483,0,0,0,0,0,0.5799055,0,0.2331676,0.3648879,0.07594666,0.04850435,0.7468003,0.2076204,0.006655698,0,0.14271,0.1153067,0.01683968,0.02106257,0,0,0,0.05106446,0.07484333,0,0.4425272,0,0.09253456,0,0,0.2315683,0.1123362,0,0,0.04601534,0.04272272,0,0,0,0,0,0.3943457,0,0.06858034,0,0,0,0,0,0,0,0,0,0,0,0,0,0,0,0,0,0,0.1589173,0.03862698,0.03932641,0,0,0,0,0.7451483,0,2.163929,0,1.563145,0.6162974,0,0.7187453,0,0,0,0,0.09419087,0,0,0,0,0,0,0,0,0,0.1629223,0,0,0,0,0,0,0,0,0,0,0,0,0,0,0,0,0,0,0.04210541,0,0,0,0,0.1349684,0,0,0,0,0,0,0,0,0,0.2685923,0.3237129,0,0,0.01402556,0,0,0.2424708,0,0,0,0,0,0,0,0,0,0,0.1417382,0,0,0,0,0,0.2663233,0,0,0,0,0,0,0.6577497,0.4354899,0,0.06907152,0,0,0,0.1154747,0,0,0,0,0,0,0,0,0,0,1.449793,0,0,0,0,0,0.3668512,0.1504941,0,0.1800299,0,0,0.09151818,0,0,0.1112777,0,0,0,0,0,0,0,0,0,0,0,0.2433396,0,0.5771509,0,0,0,0.450056,0,0,0,0.3871132,0,0.2598976,0.09393964,0.06184314,0,0,0.1246907,0.2964808,0.06953572,0.01322451,0.08785073,0.07671334,0,0.1157775,0,0,0,0,0.292963,0.06902039,0,0,0.06795434,0,0,0.1267884,0.07375467,0.1967736,0,0,0,0,0.042032,0,0,0.08545501,0,0.05099982,0,0,0.2817354,0.1142125,0,0.2337565,0,0,0,0,0,0,0.3806957,0.2811429,0,0.1474498,0,0.1654673,0.2261027,0,0,0,0,0,0,0,0,0,0,0,0,0,0,0,0,0,0,0,0,0,0,0,0,0,0.2521889,0,0,0,0,0,0,0.1153493,0,0,0.5024745,0,0,0,0,0,0,0,0,0,0,0,0,0,0,0,0,0.344728,0,0,0,0,0.2564262,0,0,0,0.1831528,0.4374209,0.2933027,0.2738241,0,0.1508286,0.2478683,0,0,0,0.06683198,0.1835772,0,0,0,0,0,0.2344566,0,0,0,0,0,0,0,0,0,0,0,0,0.04986628,0.1244622,0.1945893,0.02412625,0,0,0,0.1210563,0.2387283,0.08289724,0.1433125,0,0,0,0,0,0,0,0.01389407,0,0,0,0,0,0,0,0,0,0,0,0,0,0,0.2111771,0,0,0,0,0,0,0,0,0,0,0.3037912,0,0,0,0,0,0,0.2962881,0,0,0,0,0,0,0,0.001490904,0,0,0,0.01652195,0,0,0,0.01203817,0,1.367063,0,0.546009,0.1744612,0,0,0.2947513,0,0,0,0.1512275,0,0,0.09766349,0,0,0,0,0,0,
0,0,0.3580147,0,0,0,0.2269509,0,0.109062,0,0,0,0.2373762,0,0,0,0,0,0,0,0,0.6268875,0,0,0,0,0.3424154,0.06020301,0.4082177,0.4367515,0,0.5306237,0,0,0.4867577,0.3509909,0.05006944,0,0,0.02204342,0,0,0,0,0,0,0,0,0,0,0,0,0,0,0,0,0,0,0.8553192,0.3944432,0.2572029,0.1117506,0.3127886,0.1954861,0,0,0.06520753,0.1374021,0,0.5398645,0.1365934,0,0.2941075,0,0,0,0,0.2722105,0,0,0.07412661,0.04901059,0,0.02993649,0.234746,0,0,0,0,0,0,0,0.07114941,0.02948327,0,0,0,0,0,0,0,0,0,0,0,0,0,0.3577509,0.8855467,0,0,0,0,0,0,0,0,0,0,0,0.157797,0.598167,0.2625999,0,1.76435,0.2755741,0.1076138,0,0.3638801,0,0.3953873,0.3787871,0,0,0,0.1689985,0,0,0,0,0,0,0,0,0,0,0,0,0,0,0,0,0,0,0,0,0,0,0,0,0,0.1873698,0,0,0,0,0,0,0.002157493,0,0,0,0,0,0,0,0.6061198,0.1811147,0,0,0,0,0,0,0,0,0,0.1771471,0.2350393,0,0.1906736,0,0,0,0,0,0,0.2488547,0,0.07512007,0.07803345,0,0.2410204,0,0,0,0,0,0.06961931,0,0,0.05822926,0,0,0,0,0.04478322,0,0,0,0,0,0,0,0.005874514,1.423635,0,0.390858,0,0.5421587,0,0,0,0,0,0,0,0,0,0,0,0.3034223,0,0,0,0,0,0,0,0,0.154537,0,0,0,0,0,0,0,0,0,0,0,0,0,0,0,0.2700717,0.2057261,0,0,0,0,0,0.2862638,0.1195406,0,0,0.3119962,0.03922585,0,0.2529674,0,0,0,0.5183504,0.2483471,0,0,0.287165,0,0.1626854,0.07995289,0,0.1730231,0,0.2558878,0,0,0,0,0,0.02525849,0.01491123,0,0.398481,0.06328447,0,0,0,0,0,0,0,0,0.01924752,0,0.132341,0,0.4676419,0,0,0,0,0,0,0,0,0,0,0,0,0,0,0,0,0,0,0,0,0,0,0,0.1181013,0.1349427,0,0,0,0,0,0,0,0,0,0,0,0,0,0.0991852,0,0,0,0,0,0,0.03381138,0.1987791,0,0,0,0,0,0,0,0,0,0,0.2329253,0.3880151,0,0,0.08652371,0,0.06219332,0,0,0.3401215,0,0.1739607,0,0,0,0,0,0.2080803,0,0,0,0,0.07416835,0,0,0,0,0,0,0,0,0,0,0,0,0,0,0,0.002698992,0,0.4471188,0,0,0.4656532,0,0,0.02667554,0.19445,0,0,0,0,0,0,0,0,0,0,0,0,0,0,0,0,0,0,0,0,0,0,0,0,0,0,0,0,0,0,0,0.03675301,0.2809296,0.2689361,0,0,0,0,0,0,0,0,0,0,0,0,0,0,0,0,0.1376602,0,0.09476037,0,0,1.256273,0,0.1664282,0.1332344,0,0.01657869,0,0,0.1345436,0,0,0.1857926,0,0.1094457,0,0,0,0,0,0,0,
0,0.2721296,0.06317624,0,0.06909905,0.1458511,0,0,0.01324733,0.2508061,0,0,0,0,0,0,0,0,0,0,0,0,0,0.07444188,0.03842846,0,0.3082905,0.456034,0,0,0.1586146,0,0.1928405,0.1485883,0,0,0,0,0.07007571,0.1415551,0,0,0,0,0,0,0,0,0,0,0,0,0,0,0,0,0,0,0,0,0,0.07152051,0.6626275,0,0.3307529,0.09212391,0.1379233,0.2952166,0.08683067,0.1402984,0.331833,0.3273649,0.04812952,0,0,0,0.06681024,0,0,0.08808231,0,0,0.144686,0,0.01706641,0,0,0,0.4477662,0,0,0,0,0,0,0,0,0,0,0,0,0,0,0,0,0,0,0,0,3.084268,0.9541587,0.1716497,0,0,0.2129282,0,0,0,0,0.254555,0.09425201,0,0,0.2069368,0,0,0,0.0493622,0,0,0,0,0,0,0.6187825,0,0,0,0,0,0,0,0,0,0,0,0.4356737,0.0507009,0,0,0,0,0,0,0,0,0,0,0.05421248,0,0,0,0,0,0,0,0,0,0,0,0,0,0,0,0,0,0,0,0,0,0,0,0,0,0,0,0.2113699,0,0,0,0,0.1742336,0,0,0,0,0,0,0.1726283,0.1467672,0,0,0,0,0,0,0,0,0,0.1614491,0,0,0,0,0,0,0,0,0,0,0,0.1950093,0,0,0,0,0,0,1.163981,0.6949645,0,0,0,0,0,0.1467817,0,0.757969,0,0,0,0,0,0,0,0,0,0,0,0,0,0,0.3450999,0,0,0,0,0,0,0,0,0.3819295,0,0,0,0,0,0,0.1626853,0,0,0.02152015,0,0,0.3623254,0.479281,0,0,0.03992038,0.3129598,0,0,0,0.2595024,0,0,0,0,0.1274564,0.09684822,0.2869871,0.02533151,0.2213474,0,0,0,0,0.0292538,0,0,0,0.02887218,0,0,0.05780413,0.001983995,0.319974,0.5882617,0,0,0,0.04344941,0.2081179,0,0,0,0,0.09634317,0,0,0,0,0,0.09394757,0,0,0,0,0,0,0,0,0,0,0,0,0,0.3362705,0,0,0.0989523,0,0,0,0,0.1106985,0,0,0,0,0,0,0,0,0,0,0,0.04584822,0.2922116,0,0,0,0,0,0,0,0,0,0,0,0.2575187,0,0,0.1927035,0,0,0.03206592,0,0,0,0,0,0.01441088,0.1316355,0,0,0.01851343,0.01075951,0.2745038,0,0,0,0.1793204,0,0.09514444,0,0,0.06086738,0.3767895,0,0,0,0,0,0,0,0,0.2528466,0.0666937,0.2196817,0,0,0,0.0442718,0,0,0,0.3763048,0,0.2627787,0,0,0,0,0.1533766,0,0,0,0.2304692,0,0,0,0,0,0,0,0,0,0,0,0,0,0,0,0,0,0,0,0,0,0,0,0,0,0.1477065,0,0,0,0,0,0,0,0,0,0,0,0,0,0,0,0,0,0,0.3160214,0,0,0,1.545696,0,0,0,0,0.2382995,0,0,0,0,0,0,0.2818485,0,0,0,0,0,0.3607697,0,0,0,0,
0.3191136,0,0.1823456,0,0,0.05972104,0.46434,0.2898519,0.008084006,0,0.4200255,0.1701976,0.1003892,0,0,0,0,0,0.1687684,0,0,0,0,0.2339995,0,0,0,0,0,0,0,0.1705183,0.1919549,0.2833622,0.8215066,0.09773744,0.2249722,0,0,0.2317473,0,0,0,0,0,0,0.1041396,0,0,0,0,0,0,0,0,0,0,0.02025014,0,0,0.1885153,0.5499257,0,0,0.008571368,0,0,0,0,0.137899,0,0.1859201,0,0,0.130088,0,0.1177446,0,0.104619,0,0,0,0,0,0,0,0,0,0,0,0,0,0,0.03430461,0.02745904,0,0,0,0,0,0,0,0,0,0,0,0,0,0,0,0.008531679,0,0.01240461,0.08169548,0.2707562,0,0,0,0,0.2034594,0,0,0,0.1132334,0,0.3766103,0.5289353,0,0,0.2890069,0,0,0,0,1.184381,0,0.06735411,0,0,0,0,0,0,0,0,0,0.4102564,0,0,0.4635997,0.07920873,0.07860205,0,0,0,0,0,0,0.05077153,0,0,0.004181186,0,0,0,0,0.00569476,0,0,0,0,0,0,0,0,0,0,0.771308,0,0,0,0,0,0,0,0,0,0,0,0,0,0,0,0,0,0,0,0,0,0.8099142,0,0,0,0,0,0,0,0,0,0,0,0,0,0,0,0,0,0,0.2118094,0,0,0,0,0,0,0,0,0,3.024031,1.747259,0,0.1280805,0,0,0,0,0.02331723,0,0,0.09112343,0,0,0,0,0,0,0,0,0,0,0,0,0,0.03748398,0,0,0,0,0,0.685339,0,0,0,0,0,0,0,0,0,0,0.09820766,0,0.1436885,0.2452108,0,0,0,0,0.0697471,0.1037749,0,0.1399112,0,0.02901893,0.1293174,0,0,0.01931593,0,0,0,0,0,0,0,0,0,0.04663338,0,0,0,0,0,0.2065485,0,0,0,0.218872,0.2092189,0.4929914,0.2733119,0,0,0.509749,0,0,0,0.01450974,0.2296829,0.5463424,0,0,0,0,0,0,0,0,0,0,0,0,0,0,0,0,0,0,0,0,0,0,0,0,0,0,0.257113,0,0,0,0,0,0,0,0,0,0,0,0.3670208,0.07541191,0,0,0,0,0,0,0,0,0,0,0,0,0,0.03847513,0,0,0,0,0,0.1315583,0,0.04657083,0.06142541,0,0.09150799,0.02002857,0.1870974,0.001150742,0.02404037,0.06451616,0.08408945,0,0,0,0,0.1314193,0,0,0,0,0,0,0,0,0,0,0.356889,0,0,0,0,0,0,0.06388447,0,0,0,0,0,0.4171077,0,0.001843046,0,0.5195723,0.1667793,0,0,0,0,0,0,0,0,0,0,0,0,0,0,0,0,0,0,0,0,0,0,0,0,0,0,0,0,0,0.2857167,0.1507162,0,0,0,0.5916749,0,0,0,0,0,0,0,0,0,0,0,0,0.4513676,0,0.07315047,0.07855867,0,0.3855323,0,0,0,0,0,0,0,0,0,0,0,0,0,0,0.09556869,0.01150961,0,0.05517393,0,0,0,0.04161491,
0.6584957,0,0,0.1281441,0.1884641,0.1098641,0.2770399,0.3629247,0.1421648,0,0,0.1487914,0,0,0,0.02329267,0,0,0,0,0,0,0,0.1472439,0,0,0,0,0,0.2101121,0.09505196,0,0.1976061,0,0,0,0.1309291,0,0,0.3589275,0.8168468,0,0,0,0,0,0,0,0,0,0,0,0,0,0,0,0,0.04821151,0,0,0,0,0,0,0.09794326,0,0.06661725,0.1267232,0.293152,0,0,0,0.1969904,0.4672381,0,0.1687009,0,0.1552756,0,0,0.111165,0.261687,0,0.1103235,0.2594478,0,0.3006488,0,0,0,0,0,0.2775485,0,0,0.4637985,0,0,0,0,0,0,0,0,0,0,0,0,0,0,0,0,0,0,0.1286322,0,0,0,0,0,0.1130832,0,0,0.06351119,0,0,0,0,0,0,0,0,0,0,0,0,0,0,0.008916338,0,0,0,0,0.3766525,0,0,0,0.1095305,0.5108355,0,0,0,0,0,0,0,0,0,0,0,0,0,0,0,0,0,0,0,0,0.1942307,0,0,0,0,0,0,0,0,0,0,0,0,0.04175853,0,0,0.1255236,0,0.3084029,0,0,0,0,0.2860834,0.0212514,0.3739464,0.5085914,0.2365508,0,0.07642926,0.3443947,0,0,0,0,0,0,0,0,0,0,0,0,0,0.1053689,0,0,0,0,0,0,0,0,0,0,0,0.7176794,0,7.041994,0,3.888498,0,0,0,0,0,0,0,0,0,0,0,0,0,0,0,0,0,0,0,0,0,0,0.07102156,0,0,0,0,0,0,0,0,0,0,0,0,0.1579819,0,0,0,0.0750367,0.05047112,0,0,0,0,0.1308284,0.3481283,0.06046225,0.03816855,0.142299,0,0.3637427,0,0.2887167,0.410629,0.02480023,0,0,0,0.005343275,0,0.1933548,0,0,0.02527074,0.09082876,0,0.4334186,0.2063567,0,0.08799227,0.458132,0,0,0,0.183046,0,0,0,0,0,0,0.05963233,0,0.277668,0.101464,0,0,0.02610901,0,0,0,0,0,0,0,0,0,0.1865331,0,0,0,0.4792511,0,0,0,0,0,0,0,0,0.1771981,0.06578624,0,0,0,0,0.304985,0,0,0,0,0,0,0,0,0,0,0,0.1938453,0,0,0,0,0,0,0,0,0,0,0,0,0,0,0,0,0.1658721,0,0.01802385,0,0.1653387,0.0008519297,0,0,0,0,0.3312686,0,0,0.1013798,0,0.1350205,0.06257293,0,0,0.3961543,0,0,0,0,0,0,0,0,0.1917045,0,0.06490453,0,0,0.2787847,0,0,0,0,0,0,0,0,0,0,0,0,0,0,0,0,0,0,0,0,0,0,0,0,0,0,0,0,0,0,0,0,0,0,0,0,0,0,0,0,0,0,0,0,0,0.1081491,0,0.2098431,0.06905805,0,0,0,0,0,0,0,0,0,0,0,0,0.6359974,0,0.1008262,0,0.6156995,0,0,0.3195013,0,0,0,0.2068228,0.5830604,0,0,0,0,0,0,0.01253842,0.718391,0.2199877,0,0,0,0,0,0,0,
0,0,0,0,0,0,0.3786694,0.1356782,0,0.2568292,0.1981678,0.06378933,0,0,0,0,0,0,0,0,0,0,0,0,0,0,0,0,0,0,0.04305317,0,0.2464208,0,0,0,0,0.08429664,0,0.3821411,0.09150822,0,0,0,0,0,0.1970172,0,0,0,0.280895,0,0,0,0,0,0,0,0,0,0,0,0,0,0.01361224,0,0,0,0.2672312,0.3033181,0,0,0,0.06478741,0.447843,0,0,0,0,0.3152116,0,0,0,0,0.4403196,0,0,0,0.05032015,0,0,0,0,0,0,0.09260828,0.0659645,0.1780152,0.149907,0,0,0,0,0,0,0,0,0,0,0,0.2265698,0.06305641,0.03845303,0,0,0,0,0,0,0,0,0.1188327,0,0.003019486,0,0.08200788,0.06991686,0,0,0,0,0,0,1.649259,0,0.8839039,0,0,0.02224051,0,0,0,0,0,0,0,0,0,0,0,0,0,0,0,0,0,0,0,0,0,0,0,0,0,0,0,0,0,0,0,0,0,0,0,0,0,0,0,0,0,0,0,0.1046601,0,0,0,0,0,0.1313896,0.6839427,0,0.01746436,0,0,0.1439299,0,0,0,0,0,0,0,0,0,0,0,0,0,0,0,0,0.297569,0,0,0,0,0,0,0,0,0,0,0,0,0,0,0,0,1.900518,0,0,0,0,0,0,0,0,0,0,0,0,0,0,0.4097596,0,0,0,0,0,0,0,0,0,0,0,0.03235677,0,0,0,0,0.167202,0,0,0,0,0.1793803,0,0.03802023,0,0,0,0,0.1724189,0.01606306,0,0.01770222,0.3883947,0,0,0.2656561,0.1538721,0,0.3514139,0,0,0,0,0.3608049,0.01478987,0,0,0,0,0.3418732,0.106702,0,0.08289687,0.0005491035,0.09956411,0,0.8260657,0.4771352,0.01712123,0,0,0,0.1074191,0.05459938,0.0196602,0,0,0,0.02121864,0.4036236,0,0.1337775,0.07406133,0,0,0,0,0,0,0,0,0,0,0,0,0,0,0,0,0,0,0,0,0,0,0,0,0.6266888,0,0,0,0,0,0,0,0,0,0,0,0,0,0,0,0,0,0,0,0,0.04304337,0.0411157,0,0,0,0,0,0,0,0,0.006239324,0,0.05435527,0,0,0,0,0,0,0.06473361,0.09569307,0,0,0.04845592,0,0,0,0,0,0,0,0,0,0,0,0.1542962,1.139038,0.8694505,0,0.6744465,0.4899982,0,0,0,0,0,0,0,0.08257951,0,0,0,0,0,0,0,0,0,0.3994168,0,0,0,0,0,0,0,0,0,0.1204015,0,0,0,0,0,0,0,0,0,0,0,0,0,0,0.01596593,0,0,0,0,0,0,0,0,0.05929033,0.4689518,0.1773812,0,0.1316768,0,0,0,0,0,0,0,0,0,0,0,0,0,0,0.1604968,0.09774036,0,0,0.3121027,0,0,0,0.2329431,0,0.6106165,0,0,0,0,0.3283151,0,0,0,0,0,0,0,0,0,0,0,
0,0,0,0,0,0,0.1272784,0.427037,0,0.2467525,0,0,0,0,0,0,0,0,0,0,0,0,0,0,0.4206011,0,0,0,0,0.1160347,0.3204823,0,0.1030861,0,0,0.643042,0,0,0,0.3030993,0.5185116,0.2110916,0,0,0,0,0,0,0,0,0,0,0,0,0,0,0,0,0,0,0,0,0,0.2053943,0,0.5693327,0,0,0,0,0,0,0,0,0,0,0,0,0.1474907,0,0.2023978,0,0,0.01519446,0.211504,0.2477482,0,0,0,0,0,0,0,0,0,0,0,0,0,0,0,0,0,0,0,0,0,0,0,0,0,0.2516366,0,0,0,0,0,0,0,0,0.3918334,0.2533703,0.1559746,0.4207433,0,0,0,0,0,0,0,0,0,0,1.67251,0.5209838,0,0,0,0,0,0,0,0,0,0,0,0.2019295,0,0,0,0,0,0,0,0,0,0,0,0,0,0,0,0,0,0,0,0,0,0,0,0,0,0,0,0,0,0,0,0,0,0,0,0,0,0,0.3025298,0.2878286,0,0.02802475,0,0,0,0.07561811,0,0,0.2377032,0.1379889,0,0,0,0,0,0,0,0,0,0,0,0,0,0,0,0,0.2760974,0,0,0,0.2960132,0,0,0,0,0,0,0,0,0,0,0,0,0,0,0,0,0,0,0,0,0,0,0,0,0,0,0,0,0,0,0,0,0,0,0,0,0,0,0,0.05295838,0,0,0,0,0,0,0,0,0,0,0.1388911,0.0105634,0,0.2536996,0.1827075,0,0.1525388,0,0,0,0.178409,0,0,0,0,0,0,0,0.09065682,0.3993412,0.1844847,0,0.006621179,0.2867551,0.1340516,0,0.2159259,0,0.09132846,0,0.2183954,0.1281245,0.114835,0,0,0.6656554,0.1955559,0,0.1512276,0.4123474,0,0.1018262,0,0.09794049,0.01358179,0.06529038,0,0.5578809,0.09871152,0,0,0.1162413,0,0,0,0,0,0,0,0,0,0.06740356,0,0,0,0,0,0.1900328,0.1495942,0.05240379,0,0,0.1872906,0,0,0.04502546,0,0,0,0,0.1706058,0,0,0,0,0,0,0,0.19822,0,0.2544809,0.001984993,0.04716948,0,0.1354017,0,0,0,0,0,0,0.08394559,0,0,0.1064458,0,0,0,0,0.03291846,0,0,0.06839225,0,0,0,0,0,0.03807054,0,0.1119873,0,0,0.4543445,0,0.2160709,0,0,0,0,0,0,0,0.8386703,0,0,0,0,0,0,0.1640594,0.1357656,0.1380526,0.05683184,0,0,0,0,0,0,0,0,0,0,0,0,0,0.113405,0,0,0,0,0,0.1544339,0,0,0,0,0,0,0,0,0,0,0,0,0,0,0,0.03291404,0.1942844,0,0,0,0,0,0,0,0,0,0,0,0,0,0,0,0,0,0,0,0.006520323,0,0.048327,0,0,0.2110072,0.1927841,0,0,0,0.005747074,0.2760886,0,0,0,0,0,0,0,0,0,0,0,0,0,0,0,0,0,0,0,
0,0,0,0.01291701,0,0,0,0.4156273,0.2360961,0,0,0.3485143,0,0,0,0,0,0,0,0.0981387,0,0,0,0,0,0,0.8192558,0,0,0,0,0,0.360916,0.006540005,0.1703795,0,0,0.09204321,0,0,0,0,0,0,0,0,0,0,0,0,0,0,0,0,0,0,0,0,0,0,0,0,0,0,0,0,0,0,0,0,0,0,0,0,0,0,0,0.1169719,0,0,0.07062346,0,0.2554782,0.1937351,0.2428061,0.7912014,0,0,0,0,0,0,0,0,0,0,0,0,0,0.2428333,0,0,0,0,0,0,0,0.09632345,0,0,0,0,0,0,0,0,0,0,0,0,0.1679924,0.1434624,0,0.2678976,0,0.6123117,0,0,0,0,0,0,0,0,1.65667,0,0,0,0.3739228,0.9371654,0,0,2.567717,0,0,0,0,0.4596326,0,0,0,0,0,0,0,0,0,0,0,0,0,0,0,0,0,0,0,0,0,0,0,0,0,0,0,0,0,0.1322573,0,0,0,0,0,0.07557395,0,0,0,0,0,0,0,0,0.1010038,0.2631205,0.3451753,0.2305798,0,0,0.07139617,0,0,0,0,0,0,0,0,0,0,0,0,0,0,0,0,0,0,0,0,0.07555328,0,0,0,0,0,0,0,0.1977137,0.5896345,0,0,0,0,0,0,0,0,0,0.5194439,0,0.1320635,0,0,0,0,0,0,0,0,0,0,0,0,0,0,0,0,0,0,0,0,0,0,0.08944435,0,0,0.1354118,0,0,0,0,0,0.001490022,0,0.1140191,0,0.06395894,0,0.356522,0,0,0,0.04066673,0.1020445,0,0.1589209,0,0,0,0.2619027,0,0,0,0.4005564,0.07191844,0.1523006,0,0.4725666,0,0,0.003485104,0,0,0,0,0,0.1408852,0,0,0,0,0.1368237,0.4050176,0,0,0,0,0,0,0,0,0,0,0,0,0,0,0,0,0,0,0,0,2.704689,0.1760983,0,0,0,0.02289861,0,0,0,0,0,0,0.1257095,0.2126515,0,0.1399866,0,0,0,0,0,0,0,0.06595691,0,0,0,0,0,0,0,0,0,0,0.4100762,0,0,0.08080472,0.3118965,0,0,0,0,0,0,0,0,0,0,0,0,0,0.3871012,0,0,0,0.01298839,0,0,0,0.2677474,0,0,0.3224418,0.4288997,0.02304942,0.07258612,0,0,0,0,0.09363382,0,0.1753908,0,0.3373207,0,0,0,0,0,0.1777317,0.07549579,0,0,0,0,0,0.6940119,0,0,0,0,0.6163597,0,0,0,0,0,0,0,0,0,0,0,0,0,0.2139366,0,0,0,0,0,0,0,0,0,0.3098491,0,0.0757787,0.1034757,0,0,0.05586548,0,0,0,0,0,0,0,0,0,0,0,0,0.2851636,0,0.4234102,0.0243291,0,0.01523991,0.1296212,0,0,0,0,0,0.6511365,1.450459,0.1379963,0.3043086,0,0,0,0,0,0,0,0,0,0.2416074,0,0.4265649,0,0,0,
0,0,0,0,0,0,0,0,0,0,0,0,0,0,0,0,0,0,0,0,0,0,0,0,0.005839666,0,0,0.1732653,0,0.01980296,0,0,0,0.03659461,0,0,0,0.2571514,0.09627666,0,0,0,0,0,0.2903796,0.4360457,0.4661999,0,0,0,0,0,0,0,0,0,0,0,0,0,0,0,0,0,0,0,0,0,0,0,0,0,0,0,0,0,0,0,0,0,0,0.3805088,0,0.6906583,2.189137,0,0.1331672,0.948208,0.7280443,0,0,0.08117019,0,0,0,0,0,0,0,0,0,0,0,0,0,0,0.5158272,0,0,0,0,0.09089282,0,0,0,0,0,0,0,0.2504008,0.1500479,0,0,0,0,0,0,0,0,0,0,0,0.05821623,0,0.06945185,0,4.580125,0,2.079367,0.365594,0,0,0,0,0,0,0,0.06173839,0,0,0,0,0,0,0,0,0,0,0,0,0,0,0,0,0,0,0.2397783,0,0,0,0,0,0,0,0,0,0,0,0.5500818,0,0,0,0.4072238,0,0.6042571,0.3488425,0,0,0,0,0,0.05843613,0,0.05722619,0.09459212,0,0.2070063,0,0.054651,0,0,0,0,0,0,0.02855212,0,0,0,0,0,0,0,0,0,0,0,0,0,0,0,0,0,0,0,0,0,0,0.1124665,0,0,0,0,0,0,0,0,0,0,0,0,0.02839299,0,0,0,0,0,0,0,0,0,0,0,0,0,0,0,0,0,0,0,0,0,0,0,0.3752904,0,0,0,0,0.3255829,0.1166151,0,0,0,0.3282224,0,0,0,0,0.1668034,0.02032986,0.1013597,0,0.1893045,0.2328134,0.05556871,0,0,0,0.02605862,0.2541767,0,0.1938757,0.06593318,0.145182,0,0.06185575,0.2405014,0,0,0,0,0,0,0.2217155,0,0,0,0,0,0.09851807,0,0,0,0,0,0,0,0,0,0,0,0,0,0,0,0,0,0,0,0,0,0,0,0.08082718,0,0,0,0,0,0,0,0,0,0,0,0,0,0,0,0,0,0,0,0,0.07051014,0,0,0,0,0,0,0,0,0.1052787,0,0,0,0,0,1.121101,0.1815712,1.880124,0.4522129,0,0,0.4087172,0,0,0,0,0,0.05087009,0,0,0,0,0.1289465,0,0,0,0.09311242,0,0.1608912,0,0,0,1.454546,0.79295,0,0,0,0,0,0,0,0.3894519,0,0,0,0.01177172,0,0,0,0,0,0.07025502,0.1364069,0,0,0,0,0,0,0,0,0,0,0,0,0.1683528,0,0,0,0,0,0,0,0,0,0,0.4563444,0.1410022,0,0.1244925,0.08072083,0,0.1311338,0,0.1930235,0.08823652,0,0,0,0.3773456,0,0,0,0,0,0,0,0,0,0,0,0.2628272,0.1999998,0,0,0.3410816,0,0,0,0,0.1073191,0.2583538,0,0,0,0,0,0,0,0,0,0,0,0,0,0,0,0,0,0.2199978,0.09330353,0.3052399,0.0982127,0,
0,0,0,0,0,0.2230129,0,0.1736243,0.5604185,0,0,0,0,0,0,0,0,0,0,0,0,0,0,0,0,0,0,0.1543493,0,0,0,0,0,0,0.1838635,0,0,0,0.0071953,0.01800222,0,0.3211866,0,0,0,0.05584682,0,0,0,0,0,0,0,0,0,0,0,0,0,0,0,0,0,0,0,0,0,0,0,0,0,0.3720579,0,0,0,0,0,0,0,0,0,0,0,0,0,0.04034427,1.034134,3.53181,0,0,0,0,0,0,0,0,0,0,0,0,0,0,0,0,0.4580508,0,0,0,0,0.1515864,0,0.4449717,0,0.01523744,0,0,0,0,0,0.3112105,0,0,0,0,0,0,0,0,0,0,0,0,0,0,0,0,0,0,0,4.782909,1.166912,5.550107,0,0,0.1019248,0.1933415,0,0.03563667,0,0.05119236,0,0,0,0,0,0,0,0,0,0,0,0,0,0,0,0,0,0,0,0,0,0,0,0,0,0,0,0,0,0,0,0,0,0,0,0,0.04213907,0,0,0,0.2771343,0,0,0.1941127,0,0.3216325,0.5985757,0,0.1431917,0,0,0,0,0,0,0,0,0,0,0,0,0,0,0,0,0,0,0,0,0,0,0,0,0,0,0,0,0,0,0,0,0,0,0,0,0,0,0,0,0.1874974,0,0,0,0.1007817,0,0,0,0,0,0,0,0,0,0,0,0,0,0,0,0,0.1387698,0,0,0,0,0,0,0,0.2338211,0.642617,0,0.1684501,0.3776433,0.04586611,0.04541511,0.08087524,0,0.06724449,0,0,0,0,0,0.2205277,0,0,0,0.2408459,0.0523022,0.07074799,0.3387938,0,0,0.1659304,0.3449162,0,0.2025634,0,0.05329718,0,0,0.01892786,0,0.03773298,0.3179684,0.09353109,0,0.04855249,0.1349936,0,0,0,0,0,0,0,0.2406241,0,0,0,0,0,0,0,0,0,0,0,0,0.1458837,0,0,0,0,0,0,0,0,0,0,0,0,0,0,0,0.03398263,0,0,0,0,0,0.08310307,0,0,0,0,0,0,0,0,0,0,0,0.04689812,0.2954616,0.4163263,0,0,0,0,0.1413487,1.699182,0,2.034959,0.6313068,0.1415368,0,0,0,0,0,0.3036753,0,0,0,0,0.1724099,0,0.02286343,0,0,0.02423581,0,0,0.1555519,0,0,0.3967938,0,0.6883691,0,0.05727151,0.5032033,0,0,0,0,0,0,0.09958806,0,0,0,0,0,0,0,0,0,0,0.0183993,0,0,0.4525786,0,0,0.3630816,0,0,0.1969141,0,0.8280653,0,0,0,0.6312488,0,0.1348145,0,0.02901455,0,0.08971806,0,0.009714642,0,0,0,0,0,0.04036278,0.3472965,0.2381271,0.02937178,0,0,0,0,0.04123042,0,0,0.003246704,0,0,0,0,0,0,0,0,0,0,0,0,0,0,0,0,0,0.2468768,0,0,0,0,0,0,0,0,0,0,0,0,0,0,0,0,0.2901345,0,0,0,0,
0,0,0,0,0,0,0,0,0,0,0,0,0,0,0,0,0,0,0,0,0,0,0,0,0.197913,0,0.265446,0,0,0.01512894,0.6780451,0.4089958,0,0.1304139,0.1317485,0,0,0,0,0.1680659,0,0,0,0.001021067,0.2717071,0,0,0,0,0,0,0,0,0,0,0,0,0,0,0,0,0,0,0,0,0,0,0,0,0.03964191,0.513817,0,0,0,0,0,0,0,0,0,0.1169704,0.1905828,0,0,0.4905852,0.3805737,1.009479,5.028237,0,0,0,0,0,0,0,0,0,0,0,0,0,0,0,0,0,0,0,0,0,0.4477366,0.3813619,0.006998403,0,0,0,0,0.09199885,0.01499524,0,0,0.1038283,0,0.3518258,0,0,0,0,0,0,0,0,0,0,0,0,0,0,0,2.156228,0,4.273802,10.72411,0,0,0.00721218,0.2029326,0,0,0,0.1591044,0,0,0,0.01141818,0,0,0,0,0,0,0,0,0,0,0,0,0,0,0,0,0,0,0.03242307,0,0,0,0,0,0,0,0,0,0,0,0,0,0.2368574,0,0,0,0,0,0.1935022,0,0,0.2422834,0.1361984,0,0,0,0,0,0.09331287,0,0,0,0,0,0,0,0,0,0,0,0,0,0,0,0,0,0,0,0,0,0,0,0,0,0,0,0,0,0,0,0,0.01442434,0,0,0,0,0,0,0,0.07987572,0,0,0,0,0,0,0,0,0.2028276,0,0,0,0,0,0,0.1784359,0,0,0,0,0,0,0,0,0,0.3188696,0,0,0,0,0.05668293,0,0.1004097,0.2558667,0.315397,0.773456,0,0.4274408,0,0.2777914,0,0.2856691,0,0,0,0,0.176282,0.01836277,0,0,0.02962673,0,0.2438971,0.1341235,0.3725942,0.3967709,0,0,0,0.1489004,0,0.3329815,0,0,0,0,0.2360909,0,0,0.06820856,0,0.07091067,0.05872206,0,0,0,0,0,0,0,0,0,0,0,0,0,0,0,0,0,0,0,0,0,0,0,0,0,0,0,0,0.1116294,0,0,0,0,0,0,0,0,0,0,0,0,0,0,0,0,0,0,0,0,0.08732114,0,0,0.1325376,0,0,0,0.1289954,0.494433,0,0,0,0,0,0,0,0,0,0,0,0,0,0,0.3501474,0.2503016,0.2517421,0.1126228,0,0,0.08824667,0.7001364,0.9013746,0.03760854,0,0.623062,0,0,0.05359294,0,0,0,0.274804,1.28146,0.7731683,0,0,0.1180733,0,0,0,0,0,0,0,0.003730315,0,0.01030211,0,0,0,0,0,0,0.1562718,0,0,0,0,0,0,0,0,0,0,0.1442928,0.2691795,0,0.06352922,0,0.02841067,0,0,0.3832814,0.1433748,0.2864358,0,0,0,0,0,0,0,0,0,0,0,0,0,0,0,0,0,0.5188456,0,0,0,0.1698905,0,0,0,0.4675545,0,0,0,0,0,0,0,0,0,0,0,0,0,0,0,0,0,0,0,0.05816188,0.0238388,0,0,
0,0,0,0,0,0,0.1208746,0.04210198,0,0,0,0,0,0,0.04364124,0,0,0,0,0,0,0,0,0,0,0,0,0,0,0,0.05542783,0,0.2558056,0.1540227,0.1905082,0,0,0,0.1734523,0,0.4280991,0.2219009,0.08627661,0,0,0.1383032,0,0,0,0,0,0,0,0,0,0,0,0,0,0,0,0,0,0,0,0,0,0,0,0,0.2416155,0,0,0,0,0,0,0,0,0,0,0,0,0,0,0.1205301,0,1.922316,0,0,0,0,0,0,0,0,0,0,0,0,0,0,0,0,0,0,0,0.7391685,0,0,0,0.1175606,0.02818546,0.154984,0,0,0,0,0,0.5333019,0,0,0,0,0,0,0,0,0,0,0,0,0,0,0,0.2172591,0,0,0,0,0,0,0,0,0,0,0.1394217,0,0,0,0,0,0,0,0,0,0,0,0,0,0,0,0,0,0,0,0,0,0,0,0,0,0,0,0.1315043,0,0,0,0,0,0.01584997,0,0,0,0,0,0,0,0,0,0,0,0.8170868,0,0.3680356,0,0,0,0,0,0.2033188,0,0,0,0,0,0,0,0,0,0,0,0,0,0,1.752502,0,0,0,0,0,0,0.3053541,0,0,0,0,0,0,0,0,0,0,0,0,0,0,0,0,0,0,0,0,0,0,0,0,0,0,0,0,0,0,0,0,0,0,0,0,0,0,0,0,0.3337144,0,0,0,0,0,0,0,0,0,0,0,0.120481,0,0,0.2549457,0.4447838,0,0,0,0,0,0.3291533,0.2336452,0.1989314,0.3348398,0,0,0.06844321,0,0,0,0.08374404,0.1971378,0.254795,0,0.2529576,0,0.2224791,0,0,0,0,0.200588,0,0.143418,0.1165766,0,0,0,0.1176569,0,0,0,0,0,0,0,0,0,0,0,0,0,0,0,0,0,0,0,0,0,0,0.04761674,0,0,0,0,0,0,0,0,0,0,0,0,0,0,0,0,0,0,0,0,0,0,0,0,0,0,0,0,0,0.3676324,0,0,0.1874554,0,1.015871,0.3807092,0,0,0,0,0,0,0,0,0,0,0,0,0,0.2063586,0.4327991,0,0,0.1776409,0,0,0.05848981,0,0,0.3508379,0.4268101,0.2652261,0.248395,0.4649791,0.08799139,0.1437892,0,0.1568507,0,0,0,0,1.92423,1.910484,0.3707391,0,0,0,0,0,0,0,0,0,0,0.1533424,0,0,0,0.01578345,0,0,0,0,0,0,0,0,0.1442989,0.2999762,0.3229322,0.1563431,0,0.39522,0.03872306,0,0,0,0,0,0.06442338,0.228836,0.04506962,0.5422642,0,0,0,0,0,0,0,0,0,0,0,0,0,0,0,0,0,0,0,0,0,0,0,0,0,0.09378935,0,0,0,0,0,0,0,0,0.7854485,0,0,0,0,0,0,0,0,0,0,0,0,0,0,
0.1661498,0,0,0,0,0,0,0.05659851,0,0,0,0,0,0,0,0,0,0,0,0,0,0,0,0,0.108168,0.09155907,0,0,0,0.4409048,0,0,0,0.0007390201,0.34602,0,0,0,0,0,0,0,0,0.3726041,0,0,0,0,0,0,0,0,0,0,0,0,0,0,0,0,0,0,0,0,0,0,0,0.08966891,0,0,0,0,0,0,0,0,0,0,0,0,0.006931758,0,0,0,0,0,0,0,0,0,0,0,0,0,0,0,0,0,0,0,0,0,0,0,0,0,0,0,0,1.549378,0.1124757,0,0.06531975,0,0.1907281,0,0.1067011,0.01421846,0.1223539,0,0,0.3596794,0,0,0,0,0,0,0,0,0,0.4599009,0,0,0,0,0,0,0,0,0.2236793,0,0,0.07818105,0,0,0,0.174125,0,0,0.3812622,0,0.2358873,0,0,0,0.1529998,0,0,0,0,0,0,0,0,0,0,0,0,0,0,0,0,0,0.2244343,0,0.01367389,0.1560647,0.05118505,0,0.37132,0,0,0.319896,0,0,0,0,0,0,0,0.0573286,0,0,0,0,0,0.02257815,0,0,0.10982,0,0.130231,0,0,0,0,0,0,0,0,0,0,0,0,0,0,0,0,0,0,0,0,0,0,0,0,0,0,0,0,0.01879801,0.20886,0,0,0.1012719,0,0,0.5696207,0.1705742,0,0,0,0,0,0,0,0,0,0,0,0,0,0,0,0,0,0,0.1695891,1.034732,0,0,0,0,0,0,0,0.1920253,0,0,0,0,0,0.1830479,0.2906237,0,0,0,0,0,0,0.1445778,0,0,0,0.2632932,0.1853053,0,0.1975816,0.0678015,0.2654442,0,0.04289378,0,0,0.1223403,0.1090832,0,0,0.06367466,0,0.08186275,0,0,0,0.1963328,0.04446834,0.1131078,0,0,0.01481484,0,0.2624346,0.3067999,0.06422383,0,0.4147017,0,0,0,0,0,0,0,0,0,0,0,0,0,0,0,0,0,0,0,0,0,0,0,0,0,0,0,0,0,0,0,0,0,0,0,0,0,0,0,0,0,0,0,0,0,0,0,0,0,0,0,0,0,0.1775683,0.613404,0,0,0,0,0,0,0,0,0,0.4020492,0,0,0.5175719,0,0,0,0,0.3620671,0,0,0.1542086,0.2504092,0,0.1218939,0.08769996,0,0.6026278,0.3795291,0,0,0,0,0.3787151,0,0.5345409,0,0.6269007,1.98961,1.915585,0.9038464,0,0,0.3908547,0,0,0,0,0,0,0,0,0,0.2185876,0,0,0,0,0,0,0,0,0.003482061,0.2627539,0,0,0,0,0,0,0.03170722,0,0,0,0.2418601,0,0,0.5117622,0,0,0,0,0,0,0,0,0,0,0.8092963,0.1700741,0,0,0,0,0,0,0,0,0,0,0,0,0,0,0,0,0.6823466,0.09497095,0.2447738,0,0,0,0,0,0,0,0,0,0,0,0,0,0,0,0,0,0,0,0,
0,0,0,0,0,0,0,0,0,0,0,0,0.1029691,0,0,0,0,0,0,0,0,0,0,0,0.931803,0.2628866,0,0.1885432,0,0,0.0479179,0.03094489,0,0.09722815,0.08561828,0,0.07856512,0,0.1295904,0,0.05202643,0,0,0,0.2671439,0,0,0.2641787,0.1289414,0,0,0,0,0,0,0,0,0,0,0,0,0.06504579,0,0,0,0.04721652,0.339645,0,0,0,0,0.6375256,0,0,0,0.2139808,0.2882493,0,0.4766068,0,0,0,0,0,0,0,0,0,0,0,0,0,0,0,0,0,0,0,0,0,0,0,0,0,0,0,0,0,0,0,0,0,0,0.09889478,0.08800104,0,0.1317268,0,0,0.1577473,0,0,0,0,0,0,0,0,0,0,0,0,0,0,0,0,0,0,0,0.105973,0,0.09940297,0.002650264,0,0,0.1447215,0,0,0,0,0,0,0,0.008956089,0,0,0.2073851,0,0,0,0,0,0,0,0,0,0,0,0,0,0,0,0,0.1317354,0.2434366,0.02528944,0.1303038,0,0,0,0.5059369,0,0,0,0,0.5225152,0,0.5969195,0.07317732,0,0,0,0,0,0,0.1615246,0,0,0,0.05059744,0.1031249,0,0.334731,0.285004,0.4707575,0.6820769,0,0.04161163,0,0,0,0.03803179,0,0,0,0.05333633,0,0,0,0,0,0,0.3687721,0,0,0,0,0,0.08562244,0,0,0,0,0,0.0947255,0,0,0,0,0,0,0,0,0,0,0,0,0,0.08037663,0.3075455,0,0,0,0,0,0,0,0,0,0,0.1844399,0,0.0807236,0,0,0,0,0,0,0,0,0,0.3685887,0,0,0,0.3090115,0.2329673,0,0.1068503,0,0,0.3048766,0,0,0,0.09355517,0,0.1377564,0.1704066,0,0.1456369,0,0.2308318,0,0,0,0.1981907,0.07096578,0,0.07836727,0,0.02630391,0.444318,0.1936625,0.1551242,0.1151707,0,0.02891056,0.148918,0.2537254,0,0,0,0,0.5439869,0.3041604,0,0,0,0,0,0,0,0,0,0,0,0,0,0,0,0,0,0,0,0,0,0,0,0,0,0,0,0,0,0,0,0,0.4734239,0,0,0,0,0,0,0,0,0,0,0,0,0,0,0,0,0,0.6720434,0,0,2.626124,1.930624,0.1298532,0,0,0,0,0,0,0,0,0,0.08786143,0.2562635,0,0,0,0,0,0,0.2241706,0.1618455,0,0.399498,0,0.08791055,0.2145358,0,0,0.0042057,0,0.2318171,0,0,0,0.02793707,0,0.1993654,0,0,0,0,0,0,0,0.03369179,0,0,0.001157198,0,0,0,0,0,0,0,0,0,0,0,0.03096364,0.09116378,0,0,0.3318241,0.2930298,0.1744221,0.1140359,0,0,0.1644939,0.2655301,0.2531056,0.1656365,0.06306779,0.2102481,0.3038199,0.1952075,0.3411084,0,0,0,0,0,0,0,0,0,0,0,0.1310828,0,0,0,0,0,0,0,0,0,0,0,0,0,0,0,0,0,0,0,0,0.04891669,0,0,0,0,0.2078654,0,0.06721824,0,0,0,0,0,0,0,0,0,0.2294672,0,
0,0,0,0,0,0,0,0,0,0,0,0,0,0,0,0,0,0,0,0,0,0,0,0,0.7413028,0,0.8250071,0,0,0,0,0.3148678,0.509369,0.2984407,0,0.1649266,0,0.1165723,0,0,0,0,0.4764966,0.1264554,0,0,0,0,0,0,0,0,0,0,0.00198614,0,0,0,0,0,0.1477509,0.245993,0,0,0,0,0,0,0,0,0.2206029,0,0,0,0,0,0.5462739,0,0,0,0,0,0,0,0,0,0,0,0,0,0,0,0,0,0.1540299,0,0,0,0,0,0,0,0,0,0,0,0,0,0,0.2055638,0.1336764,0,0.17588,0,0.7369002,0.4566146,0.2753615,0,0.1455084,0.2944553,0,0,0,0.3432713,0,0,0,0,0,0,0,0,0,0,0,0,0,0,0,0,0,0,0,0.2090537,0,0,0,0,0,0,0,0,0,0,0,0,0,0,0,0,0.07166199,0,0,0,0,0,0,0,0,0,0,0,0,0,0.1457947,0.07984138,0,0,0,0.05947499,0,0,0,0,0,0,0.2874594,0,0.5047437,0,0,0,0.4197924,0.05266153,0,0,0,0,0,0,0,0,0.04255199,0.2972925,0.008987835,0,0.2987249,0.07055632,0,0.4647445,0,0.0270592,0.1688097,0,0.02547788,0,0,0.316177,0.330411,0,0,0.7422098,0,0,0,0,0,0,0,0,0,0,0,0,0,0,0,0.3830104,0,0,0,0,0,0,0,0,0,0,0,0,0,0,0,0,0,0,0,0,0,0,0,0,0,0,0,0,0,0,0.3794048,0.01137533,0,0,0.04352263,0,0,0,0,0,0,0.03447758,0,0.1216376,0,0.4756335,0.009129359,0,0.3070972,0,0,0.09759864,0,0.5035298,0.2145711,0.1062041,0.3425923,0,0,0,0.6353487,0.1775272,0.2052247,0.205332,0,0,0.02457011,0,0,0.04723348,0.1897862,0,0,0,0.1842869,0.02896612,0.02920897,0.09632821,0,0.0732192,0,0.4488483,0.1231864,0,0,0,0,0,0,0,0,0,0,0.1533409,0,0,0,0,0,0,0,0,0,0,0,0,0,0,0,0,0,0,0,0.07678273,0.2867278,0,0,0.09696865,0,0,0,0,0,0,0,0,0,0,0,0.05523894,0,0.0779072,0,0.9579504,0.116396,0,0,0,0,0,0,0.2002887,0,0,0,0,0,0.2618394,0,0.1486101,0.6675034,0,0.08478754,0.58229,0,0,0,0.182824,0,0,0,0,0,0.1081244,0,0,0,0.1877033,0.04611378,0,0.09833576,0,0,0,0,0,0,0,0,0,0,0,0,0,0,0,0,0,0,0,0,0,0,0,0,0.2071895,0,0,0.5470419,0,0.1302077,0.2412076,0.07111152,0.09159543,0.01243532,0,0,0,0.01579722,0,0.4759903,0,0,0,0,0,0,0,0,0,0,0,0,0,0,0,0,0,0.6352785,0,0,0.3056661,0,0,0,0,0,0,0,0,0,0,0,0,0,0,0,0,1.288498,0,0,0,0,0,0,0,0,0,0,0,0,0,
0,0,0,0,0,0,0,0.4171942,0,0,0,0,0,0,0,0,0,0,0,0,0,0,0,0,0,0.004604723,0,0.1125871,0,0.7571319,1.897236,0,0.7774394,0,0.1739058,0,0.2075598,0.1810515,0,0,0,0,0.432535,0,0.3744424,0,0.03047028,0,0.4964932,0,0.05691309,0,0.1319312,0,0,0,0,0.06315149,0,0,0,0,0,0.05640404,0,0,0,0,0,0,0,0,0,0,0,0,0,0,0,0,0,0,0.1765955,0,0,0.2386505,0,0,0,0.01072577,0,0,0,0,0,0,0,0,0,0,0,0,0,0,0,0,0,0,0,0.09684657,0,0,0.01001885,0.06215505,0.09823245,0,0.05099272,0.1430014,0.3283273,0.001815,0.05257008,0.07385755,0.356536,0,0,0,0,0,0,0,0.06622171,0,0,0,0,0,0.02627861,0.1968003,0,0,0,0,0,0,0,0,0,0,0,0.03231792,0,0,0,0.6028537,0,0,0,0,0,0,0,0,0,0,0,0,0,0,0,0,0,0,0,0,0,0,0,0,0,0,0,0.4476796,0.4368811,0.6061407,0,0,0,0,0.3836445,0.08518014,0.2254109,0.051126,0,0,0.2597805,0.2557467,0,0,0,0,0.01960923,0,1.043082,1.48379,1.493325,0.3932171,0,0.2270459,0,0,0.4995399,0.6363327,0.4194666,0,0.4809426,1.651052,0.3419624,0,0,0,0,0,0,0,0.2883171,0,0.1005961,0,0,0,0,0,0,0,0,0,0,0,0,0,0,0,0,0,0,0,0,0,0,0,0,0,0,0,0,0,0,0,0,0.1597958,0.6273725,0,0,0,0,0,0,0,0.3459483,0,0,0.2969419,0.002677097,0,0,0,0,0,0.57408,0.3150604,0,0,0.08606067,0,0.001318322,0,0.1031691,0,0.0005347587,0,0,0.04967015,0,0,0,0,0.2519386,0,0.1824938,0,0.09994666,0.185921,0,0.1551977,0,0,0,0.3049784,0.3457614,0.2153707,0.3845493,0.08053073,0,0,0,0.197699,0.01151517,0,0,0,0,0,0,0,0,0,0,0,0,0,0,0,0,0,0,0,0,0,0,0,0,0,0,0,0,0,0,0,0,0,0,0,0.101139,0,0,0,0,0,0,0,0,0,0,0,0,0,0,0,0,0.411735,0,0,0,0.09638167,0,0,0,0,0,0,0,0,0,0,0,0,0.460324,0,0,0,0,0.2012738,0,0,0,0,0,0,0.04682462,0,0,0,0,0,0.2924369,0,0,0,0,0,0.1209187,0.3031747,0,0,0,0,0,0.2700111,0,0.04133249,0,0.3440721,0,0,0,0,0,0.004365457,0.117245,0.2926577,0.1935708,0.09722184,0.3580879,0,0,0,0.1827031,0.5343167,0,0.2890085,0.4782183,0,0.2850686,0,0,0.177804,0,0.04956669,0,0,0,0,0,0,0,0,0,0,0,0,0,0,0.2105067,0.3120189,0,0,0.1802126,0,0,0.04053262,0,0,0,0,0,0,0,0,0,0,0,0,0,0,0,0,0,0,0,0,0,0,0,0,0,0,0,0,0,0.145725,
0,0.3893251,0,0.2344099,0,0,0.3225361,0.4151393,0.07022927,0,0,0,0,0,0,0,0,0,0,0,0,0,0,0,0,0,0.4837558,0,1.298529,0,0,0,0.5444133,0.2376801,0.07630016,0.1623545,0,0.4413069,0,0.05300561,0.003002596,0,0,0,0.06648648,0.1126227,0,0,0,0.4316351,0,0.0010081,0.528011,0,0.03812193,0,0.0370549,0,0.2714652,0,0.1937526,0.1659259,0,0,0,0,0,0,0,0,0,0,0,0,0,0,0,0.09339287,0,0,0,0,0,0,0.02887618,0.111367,0,0,0,0,0,0,0,0,0,0,0,0,0,0,0,0,0,0,0,0,0,0,0.2276168,0.05986952,0,0.4025428,0,0,0.02953286,0,0.1222005,0.2572744,0.02681204,0,0,0,0,0,0,0,0,0,0,0,0,0,0,0,0.0436959,0,0,0,0,0,0.1717672,0.03114151,0,0,0,0,0,0,0,0,0,0,0,0,0,0,0,0,0,0,0,0,0,0,0,0,0,0,0,0,0,0,0,0,0,0,0.4134803,0,0,0,0.5623081,0,0.1437477,0,0.04111435,0.2274139,0,0.01293099,0.449202,0,0.7046777,0.02117783,0,0.4088435,0,0,0,0,0,0,0.2887214,0.9031247,2.121696,1.014788,0.9188505,0,0,0.2804919,0,0,0,0,0.3605892,0,0.7306564,0,3.885267,1.648489,1.546073,0,0,0,0.3056662,0,0.631207,0.8651099,0.1242678,0,0,0,0,0,0,0,0,0,0,0,0,0,0,0,0,0,0,0,0,0,0,0,0,0,0,0,0,0,0.2301892,0.3333359,0,0.05269409,0,0,0,0,0,0,0,0,0,0,0,0,0.2565075,0,0,0,0.3278416,0,0,0,0.3369285,0.06885375,0,0,0.3329987,0.3588224,0,0.1404181,0,0,0,0,0.1970377,0,0,0,0,0,0,0.596656,0.05970205,0.2235359,0,0.178511,0,0,0,0.2449004,0.093081,0,0,0,0,0,0,0,0.2453179,0,0,0,0.09295873,0,0,0,0,0,0,0,0,0,0,0,0,0,0,0,0,0,0,0,0,0,0,0,0,0,0,0.02483159,0,0,0,0,0,0,0,0,0,0.03303978,0,0,0,0,0,0,0,0,0,0,0.7264838,0,0,0.3471069,0.4559897,0,0,0,0,0,0,0,0,0.05808402,0,0.05605472,0,0,0.2928234,4.174809,0.2672282,0,0,0,0,0,0,0,0.2594447,0,0,0,0,0,0,0.4147402,0,0.2389156,0.0982839,0,0.07192411,0,0,0,0,0,0,0,0,0,0,0,0,0.1095086,0,0.1364606,0.1522104,0,0.3957415,0.1872448,0,0.2550453,0.003385514,0.0545954,0.07581382,0,0,0,0,0,0,0.309259,0.1522431,0,0.2584849,0,0.1908973,0,0.148801,0,0,0,0,0,0,0,0,0,0,0,0,0,0,0,0.1923296,0,0,0,0,0,0.08857903,0.3382939,0,0,0,0,0,0,0,0,0,0,0,0,0.2317564,0,0.1657572,0,0,0,0,0,0,0,0,0,0,0,0,0,0,0,
0.08087509,0,0.1120931,0.3073871,0,0.2917163,0,0.7695763,0,0,0,0.02683031,0,0,0,0,0,0,0,0,0,0,0,0,0,0,0,0,0,0,0,0,0.3208494,0.214315,0.1056129,0,0,0,0,0,0,0.02721463,0,0,0,0.0868413,0,0,0,0,0.1786547,0.1495992,0,0,0.05771772,0,0.0001850456,0,0.151172,0,0,0,0,0,0,0,0,0,0,0,0,0,0,0,0,0,0,0,0,0,0.4489736,0,0.2210832,0,0,0,0,0.06582677,0,0,0,0,0,0,0,0,0,0,0,0,0,0,0,0,0,0,0,0,0.2835791,0,0,0,0,0,0,0,0,0.2927163,0.08813909,0,0,0,0,0,0,0,0,0,0,0,0,0,0,0,0,0,0,0,0,0,0,0,0,0,0,0,0,0,0,0.5257182,0.4876412,0,0,0.1059733,0,0,0,0.07860014,0,0,0,0,0,0,0,0,0,0,0,0,0,0,0,0,0,0,0,0,0,0,0,0,0.11527,0.4376045,0.04657711,0,0,0,0,0,0.2716547,0.2270476,0,0,0,0,0.04743824,0,0.3597913,0,0,0.2629806,1.207323,0.04324375,0,0,0,0,0,0,0,0,1.198384,0.5412836,3.259832,0.1424658,0,2.774,0,0.923631,0.02600623,0,0,0,0.07549164,0,0.5287378,0,0.5206084,0,0,0,0,0,0,0,0,0,0,0,0.04894543,0,0,0,0,0,0,0,0,0,0,0,0,0,0,0,0,0,0,0,0,0,0,0,0,0,0.129098,0,0,0,0,0,0,0.02868143,0,0.2398029,0,0.1894315,0,0,0,0,0,0,0,0,0,0,0.1682951,0,0.09360666,0,0,0.1346376,0,0,0,0,0.186869,0.4116443,0.3168453,0,0,0,0,0,0.329959,0,0.04935938,0.08824804,0,0,0.05254174,0,0,0.01618252,0.1971581,0.5151052,0,0.31967,0.7942967,0,0.03469716,0,0,0,0,0,0,0,0,0,0,0,0,0,0,0,0,0,0,0,0,0,0,0,0,0.1775869,0,0,0,0,0,0.2838576,0,0,0,0,0,0,0,0,0,0,0,0,0,0,0,3.369286,0,0,0.5281737,0,0,0,0,0,0,0,0,0.3871236,0,0,0,0,0,3.646509,4.256114,0,0,0.2512847,0,0,0.7633552,0,0,0,0.05575512,0,0,0,0,0.002743608,0,0,0,0,0,0,0,0,0,0,0,0,0,0.03575782,0,0,0,0.218567,0,0,0,0.1848097,0.2636355,0,0,0,0,0,0,0.4180014,0,0,0,0,0.08375926,0,0.1072176,0,0.06652948,0,0.02905908,0.2778227,0,0,0,0.2593452,0,0,0,0,0,0,0,0,0,0,0,0,0,0,0.2453507,0,0,0.1369064,0.2666692,0.02708328,0.1747097,0,0,0,0,0,0,0,0,0,0,0,0,0,0,0,0,0.1281819,0,0,0,0,0,0,0,0,0,0,0,0,
0,0.06859388,0,0,0,0,0,0,0,0,0,0,0,0,0,0,0,0,0,0,0,0,0,0,0,0,0,0,0,0,0,0,0,0.294097,0,0,0.00847172,0,0.2569944,0,0,0.1424772,0.24902,0,0.8549777,0,0.01255644,0,0,0.2319583,0,0.0180906,0,0.1705391,0.02446195,0,0.3512488,0.4049421,0.4136294,0,0,0.0656979,0,0,0,0,0,0,0,0,0,0,0,0,0,0,0,0,0,0.3405819,0,0,0,0.2042926,0,0,0,0.1058422,0,0,0,0,0,0,0,0,0,0,0,0,0,0,0,0,0.2051713,0,0,0,0,0,0,0,0,0,0,0,0.01689012,0,0,0.08334152,0,0,0,0.31044,0,0,0,0,0,0,0,0,0,0,0,0,0.03607712,0,0,0,0,0,0,0,0,0,0,0,0,0,0,0,0,0.3333322,0,0,0,0,0,0,0,0,0,0,0,0,0,0,0,0,0,0,0,0,0,0,0,0,0,0.4208593,0,0,0.09409624,0.0508309,0,0.1922076,0.2076282,0.5928462,0,0.1726128,0,0.6239011,0.06159743,0.4888173,0,0,0,0,0,0,0,0.9327223,0.1478815,0.3477452,0,0,0,0,0,0,0,0,0.9292429,0.2839187,0.9108703,0,0,0,4.32865,0,0.2655102,0.1782033,0,0.4128786,0,0.1093809,0,0.05732074,0,0.02567781,0,0,0,0,0,0,0,0,0,0,0,0,0,0.4002362,0,0,0,0,0,0,0,0,0,0,0,0,0,0,0,0,0,0,0,0,0,0,0,0,0,0,0,0,0,0,0,0,0,0,0.2446881,0,0.5278955,0,0,0,0.3306485,0,0,0,0.6131265,0.1376278,0,0.005538897,0.1579172,0.2376279,0.04120592,0.1174501,0,0,0.4210549,0,0,0,0,0,0.1702914,0.1150421,0,0,0.169608,0,0.2261342,0.2708945,0,0.3141023,0,0.1563052,0,0.05164121,0,0,0,0,0.02503806,0.1267656,0,0.04244318,0,0.07825416,0,0,0,0,0,0,0,0,0,0,0,0,0,0,0,0,0,0,0.05023727,0,0.04381154,0,0,0,0,0,0,0,0,0,0,0.1039466,0,0,0,0,0,0,0,0,0,0,1.231367,0.2319893,0,0.5912763,0.04749844,0,0,0,0,0,0,0,0,0,0,0,0,0,2.618667,3.075525,2.724588,0.7762951,0,0,0,0,0,0,0.04356869,0,0,0,0,0,0,0,0,0,0,0,0,0,0,0,0.1247372,0,0,0,0,0,0,0,0.0742295,0.3724249,0,0,0,0,0,0,0,0,0.8388315,0.1784408,0.09276047,0.5008201,0.5016326,0,0.1337246,0.09644889,0,0,0,0,0,0.2265191,0.01196756,0.2753169,0,0.05294575,0.2410315,0,0,0,0,0,0,0,0,0,0,0,0.4806906,0.3854094,0,0.2270764,0,0,0,0.2279866,0.1811737,0,0,0,0,0,0,0.05621224,0,0,0,0,0,0,0,0,0,0,0,0,0,0,0,0,0,0.02693871,0.323064,0,0.4230829,0,
0,0.1434537,0.2543087,0.4984253,0,0,0,0,0.01654401,0,0,0,0,0,0,0,0,0,0,0,0,0,0,0,0,0,0,0,0,0,0,0,0,0,0,0.06094654,0,0,0.1073905,0,0.1563176,0.06517741,0.09568966,0,0,0,0,0.1244403,0,0,0.243086,0,0.3207983,0,0.2730168,0,0,0.05244824,0.1938672,0,0,0,0,0,0,0,0,0.1221646,0,0.1408134,0,0,0,0,0,0,0.002342566,0,0,0,0,0,0,0,0,0.1475346,0,0,0,0,0,0,0.04327178,0,0,0,0,0,0,0,0,0,0,0,0,0,0.05426663,0,0,0,0.2228441,0.4079952,0.311004,0,0,0,0,0,0,0,0,0,0,0,0,0,0,0,0,0,0,0,0,0.6109082,0.09950621,0,0,0.1057282,0,0,0,0,0.04996626,0,0,0,0,0,0,0,0,0,0,0,0,0,0,0,0,0,0,0,0,0,0,0,0,0,0,0,0,0,0,0,0,0,0,0,0,0,0,0,0.03058693,0.4032029,0.1160749,0,0,0,0,0,0,0,0,0.08660023,0,0,0.2152882,0,0,0,0,0,0,0,0,0,0,0,0,0,0,0,1.58668,1.483685,0,0,0,0,0,0.5957093,0,0,0,0,0.3779001,0,0,0,0,0,0,0.3329381,0,0.02900058,0,0,0,0,0,0,0,0,0,0,0,0,0,0,0,0,0,0,0,0,0,0.1602498,0,0,0,0,0,0,0,0,0,0,0,0,0,0,0,0,0,0,0,0,0,0,0,0,0.1628343,0,0.2234138,0,0.1028455,0,0.5743856,0,0,0.1745217,0,0.2762014,0.127012,0.2731934,0,0,0.06614596,0.1610107,0,0,0,0.4451034,0.1115025,0,0.1606934,0.514016,0,0,0.3007258,0.1528535,0,0.09608206,0.210182,0.1891903,0,0.1746962,0,0,0.4756427,0.004217773,0,0.09010697,0,0,0,0,0,0.1164441,0,0.09832273,0,0,0,0,0,0,0,0,0,0,0,0,0,0,0.4965117,0.05427806,0,0,0,0,0,0,0.03475658,0,0.1242768,0,0,0,0,0,0,0,0,0.01585227,0,0,0,0,0,0,0,0,0.1729756,0,0,0.1256879,0,0,0.1400587,0,0,0.03809189,0,0,0,0,0,0,0,0.8750393,2.718239,4.100638,4.467611,1.558632,0,0,0.002971705,0,0,0.1737657,0,0,0,0,0,0.2602814,0,0.1463408,0,0,0.2881051,0,0,0,0,0,0,0,0,0,0,0,0,0,0,0.09134714,0,0,0.04270642,0,0.06932754,0,0.1966915,0,0.2785974,0,0.08107722,0.265296,0,0,0.1841754,0,0,0.03313116,0,0,0,0,0,0,0,0,0,0,0,0,0,0,0,0,0.2378163,0,0,0.01166513,0,0.3273551,0,0,0.2334249,0,0,0.3498192,0,0,0,0,0,0,0,0,0,0,0,0,0,0,0,0,0,0,0.03055884,0,0.04338212,0.1184005,0,0,0,0,0,0,
0,0.3947257,0,0.1176496,0,0,0,0,0,0,0,0,0.0703178,0,0,0,0,0,0,0,0.05430512,0,0,0,0,0,0,0,0,0,0.2337081,0,0,0,0,0.1616662,0,0,0.3240532,0.2135283,0,0,0.2032858,0,0,0,0,0.2496753,0,0,0.2801424,0.2533109,0,0.01308679,0,0.139185,0,0,0.1275914,0.1217161,0,0,0,0.2173242,0.07406703,0,0,0,0,0,0,0,0,0,0,0.08037554,0,0,0,0,0,0.03681807,0,0,0,0,0,0,0,0,0,0,0.3413423,0,0,0,0,0,0,0,0,0,0,0,0,0.2887575,0,0,0,0,0,0,0,0,0,0,0,0,0,0,0,0,0,0,0,0,0,0,0,0,0,0,0,0,0,0,0,0.03943598,0,0,0.2118189,0,0.01720134,0,0,0,0,0,0,0.02192572,0.04446574,0,0,0,0,0.393775,0.04555583,0,0,0.1634859,0,0.2819799,0,0,0,0,0,0,0,0,0,0,0,0,0,0,0,0,0,0,0,0.01092472,0.3774462,0.4812825,0,0.3381732,0,0.6237932,0,0,0.0562049,0,0,0.2597179,0,0.1039562,0,0,0,0,0,0,0.02421785,0,0,0,0,0,0,0,0,0,0,0,0,0,0,0,0,0,0,0,0,0.05778999,0,0,0,0.3912901,0.2377859,0,0.2242974,0,0,0,0,0,0,0,0,0,0,0,0,0,0,0,0,0,0,0,0,0,0,0,0.01662391,0,0,0,0,0.005150815,0.3795256,0,0.2535972,0,0,0,0.2736129,0,0.2266947,0,0,0,0,0,0,0,0,0,0,0.1380083,0,0,0.06440575,0.1527925,0,0.09924931,0,0,0.4577577,0,0.4580231,0,0,0.4083407,0,0,0.09670413,0.3410932,0.07603662,0,0.3278434,0,0,0.0851656,0,0.20949,0,0,0,0,0,0,0,0.03243251,0.3077853,0.1284448,0,0,0,0,0,0,0,0.3623908,0,0,0,0,0,0,0,0,0,0,0,0,0,0,0,0,0,0,0,0,0,0,0,0,0,0,0,0,0,0,0,0,0,0,0,0,0,0,0,0,0,0,0,0,0,0,0,0,0,0.9080609,0.657706,0,0.1125232,0.2754166,0,0,0,0,0,0,0,0,0,0,0,0,0,0,0.1484021,0,0,0,0.1634922,0.3396741,0,0,0,0,0,0.3562379,0,0,0,0,0,0,0,0,0,0,0,0,0.06513534,0,0,0,0,0,0,0,0,0,0.2080206,0,0.1176927,0.005207949,0,0,0.2700245,0.1639401,0,0.3771245,3.770786,2.781432,0,0.1775991,0,0,0,0,0,0,0,0,0,0,0,0,0,0,0,0.4546065,0,0,0.4306736,0,0,0,0,0,0.2626001,0.2598388,0.1165199,0.2311218,0.3158371,0.3733768,0,0,0,0,0,0,0,0,0,0,0,0,0.1665516,0,0,0,0,0,0,0,0,0,0,0,0.0996998,0,0,0.3839561,0,0.3607951,
0,0.136733,0.04081498,0.0555461,0,0.01551241,0,0,0,0,0,0,0,0,0,0.01919523,0,0,0,0,0,0,0,0,0,0,0,0,0,0,0,0,0.5621979,0,0,0,0,0.0707093,0.1796474,0,0,0,0,0.6784744,0,0,0,0,0.4578586,0,0,0,0,0,0.2245217,0.2300809,0.0008350499,0,0.3218355,0.03838522,0,0.2285152,0,0.2686389,0,0,0,0,0,0,0,0.203791,0,0,0,0,0,0,0,0,0,0,0,0,0,0,0,0,0,0.1527175,0,0,0.1003563,0,0,0,0,0.08497655,0.519272,0,0,0,0,0,0,0,0,0,0,0,0.3070436,0,0,0,0,0,0,0,0,0,0,0,0,0,0,0,0,0,0,0,0,0,0,0,0,0.8725761,0,0,0,0,0,0.3298642,0,0.2496884,0,0,0,0,0,0,0,0.04681604,0,0,0,0,0,0,0,0,0,0,0,0,0,0,0,0,0,0,0,0,0,0,0,0,0,0,0,0,0.2331705,0.1816047,0,0,0.2556884,0.4012605,0,0,0.1996555,0.1289512,0,0,0,0,0,0,0,0,0.1422979,0,0,0,0.4430076,0,0,0,0,0,0,0,0,0,0,0,0,0,0,0,0,0,0,0,0,0,0.1689068,0.226947,0,0,0,0,0.09430875,0,0,0,0,0,0,0,0,0,0,0,0,0.5137649,0,0.3968025,0,0,0,0,0.01688749,0.219342,0,0,0,0,0,0,0.08233482,0,0,0,0,0,0,0,0,0,0,0,0,0,0,0,0,0,0,0,0,0.1058907,0.3886438,0,0,0,0.00820258,0,0.1343893,0,0.03821117,0.1466797,0,0.144243,0,0,0.183659,0,0,0,0,0.2307899,0.1362092,0,0,0,0.2562085,0,0.2828385,0,0.06282456,0,0,0,0.04577179,0,0,0,0.3832025,0.03020549,0.347813,0.03589521,0,0,0,0.4825183,0,0,0.3286445,0,0,0,0,0,0,0,0,0,0,0,0,0,0,0,0,0,0,0,0,0,0,0,0,0,0,0,0.5377799,0,0,0,0,0,0,0,0,0,0,0,0,0,0,0,0,1.308724,0.05120374,0,0,0,0.0282473,0,0,0.0629191,0.3373991,0,0.2170884,0,0,0,0,0,0,0,0,0,0,0,0,0,0.293139,0,0,0,0,0,0,0,0,0.00398747,0,0,0,0,0,0,0,0,0,0,0,0,0,0,0,0,0,0,0,0,0,0,0,0,0,0.03110367,0.6699196,0.9462913,0.2412256,0.575994,1.536281,0.6275921,0.07475071,0.956763,0,0,0,0,0,0,0,0,0,0,0,0,0.02024424,0,0,0,0,0,0,0,0,0.1667314,0,0.4867466,0,0,0.1292681,0.09581096,0,0,0,0,0,0,0,0,0,0,0,0,0,0,0,0,0,0,0,0,0,0,0,0,0,0,0,0,0,0,0,0,
0,0,0,0,0,0,0.4313774,0,0,0,0,0,0,0,0,0,0,0,0,0,0,0,0,0,0,0,0,0,0,0,0,0,0,0,0.08411498,0.3410279,0,0,0.1338332,0,0.2661265,0,0,0,0,0,0,0,0,0,0,0.1258156,0,0.3762748,0,0,0,0.2153483,0.0323896,0,0.1750739,0.4781792,0.1456651,0,0.2174131,0,0.3495416,0,0,0,0,0,0,0,0,0,0,0,0,0,0,0.05671217,0,0,0,0,0,0,0,0.1355882,0,0,0,0,0,0,0.5032354,0,0,0,0,0,0.1868902,0,0,0,0,0,0,0.2305168,0.05573177,0,0,0.3407602,0,0,0,0,0.145812,0,0,0,0,0,0,0.1016631,0,0,0,0,0,0,0,0,0,0.2637997,0,0,0,0,0,0,0,0,0,0,0,0,0,0,0,0,0.009322078,0,0,0,0,0,0.07175842,0,0,0.525411,0,0,0,0,0,0,0,0,0,0,0,0,0,0,0,0,0,0.1608068,0,0.5982761,0.3600732,0.08237234,0,0,0.1332732,0.3710779,0,0.4026952,0.2232439,0.01160903,0,0,0,0,0.1623727,0,0.2915453,0.1747993,0,0,0,0.07693734,0.4034034,0,0.1592492,0.1259889,0.6543184,0,0.04746931,0,0,0.171198,0.1511107,0,0,0,0,0,0,0,0,0,0,0,0,0.1830095,0,0.4681387,0,1.019389,0,0.06916758,0,0,0,0,0,0,0,0,0,0,0,0,0.04877697,0.2924793,0,0,0.1511393,0.7833804,0,0,0,0,0,0,0.1159124,0.5544479,0,0,0,0,0,0,0,0,0,0,0,0,0,0,0,0,0,0,0,0,0,0,0,0.3157198,0,0,0,0.07451764,0,0,0,0,0,0.2566883,0.1492678,0.02549097,0.02357757,0.008797995,0.1237534,0,0,0,0,0,0,0.2872638,0,0.2649408,0,0.2140251,0,0,0.1892541,0,0,0,0.0311483,0.1531054,0.1853192,0,0,0.00800115,0.1808593,0,0.2789999,0,0,0,0,0,0,0.2766463,0.5541896,0.2646264,0,0,0,0,0,0,0,0,0,0,0,0,0,0,0,0,0,0,0,0,0.04590831,0,0,0,0,0,0,0.4291927,0,0,0,0,0,0,0,0,0,3.118076,3.364275,0,0,0,0,0.3626299,0.1057545,0.2587473,0,0.1771742,0,0,0,0,0,0,0,0,0,0,0,0,0,0,0,0,0,0,0,0,0,0,0,0,0,0,0,0,0,0,0,0,0,0,0,0,0,0,0,0,0,0,0,0,0,0,0,0,0.006264747,0.103839,0,0.3657738,0,0,0.02719678,0,0.5123407,0,0,0,0,0,0,0,0,0,0,0,0,0,0,0,0,0,0,0.2724704,0,0,0,0,0.2457629,0.6587273,1.042942,0.3413865,0.1998508,0,0,0,0,0.3400803,0,0,0.001871976,0,0,0,0,0,0,0,0.3474583,0,0,0,0,0.02369756,0,0,0,0,0.3556537,0.01642182,0.04858954,0,0,0,0,0,
0,0,0,0,0.1340976,0.01298546,0,0,0,0,0,0,0,0,0.07135877,0,0,0,0,0,0,0,0,0,0,0,0,0,0,0,0,0,0,0.03243507,0,0.1749305,0,0.149736,0,0.05576101,0,0,0,0,0,0,0,0,0,0,0,0,0,0,0,0,0,0,0,0.1386979,0.01920187,0,0,0,0.1317913,0,0,0,0,0,0,0,0,0.6160828,0,0,0,0,0,0,0,0,0,0,0,0,0,0,0,0,0,0,0,0,0.4124666,0,0.1437145,0,0,0,0,0.3983768,0,0,0,0,0,0,0,0,0,0,0,0,0,0,0,0,0,0,0,0,0,0,0.5100321,0,0,0,0,0,0,0,0,0.08526143,0,1.12326,0.7296147,0,0,0,0,0.09735827,0,0,0,0,0,0,0,0,0,0,0,0,0,0,0.01148238,0,0,0,0,0,0,0,0.07896616,0.06617892,0.1611836,0,0,0,0,0,0,0,0,0,0,0,0,0,0,0.142186,0,0.3251594,0.007491071,0.1165607,0,0.5553515,0,0,0.2901352,0,0.4999219,0.06351008,0,0,0,0.6462784,0.320774,0.3794995,0,0,0.04267174,0,0.3867014,0,0.316498,0,0.1277272,0,0.1901665,0.253755,0.04182311,0,0,0,0.2275027,0,0,0,0.0656798,0,0,0,0.04177861,0,0,0,0,0,0.1988652,0,0,0,0,0,0,0,0,0,0,0,0,0,0,0,0.03591662,0,0,0,0,0,0,0,0,0,0.202171,0,0,0,0,0,0.07659634,0,0,0,0,0,0,0,0,0,0,0.4880361,0,0,0,0,0,0,0,0,0,0,0.1141057,0,0,0,0.1367571,0,0.5546448,0,0.01147406,0,0,0,0.6192815,0,0,0,0.4413481,0.1393835,0.1995558,0,0.2542953,0.02183713,0.1893887,0.04934458,0.2707414,0.09485953,0,0.2449357,0,0.1654415,0.3127218,0,0,0,0,0,0,0,0.05485818,0,0,0.344344,0.3484067,0,0,0.1382717,0.004258721,0.07634944,0,0,0,0,0,0.1633085,0,0,0,0,0,0.5416507,0,0,0,0,0,0,0,0,0,0,0,0,0,0,0,0,0,0,0,0,0,0,0,0,0,0,0,0,2.327586,1.062563,0.01899227,0,0.2062866,0,0,0,0.174331,0.3128687,0,0,0,0,0,0,0.08931324,0,0,0,0.3526092,0,0.1787064,0,0,0,0.4982693,0,0,0,0,0,0.3299956,0,0,0,0,0,0.2268941,0,0,0,0,0,0,0,0,0,0,0,0,0,0,0,0,0,0,0,0,0,0.1298626,0,0.08421917,0.1692083,0,0,0,0,0,0,0,0,0,0,0,0,0,0,0,0,0,0.02591347,0,0,0,0,0.3989453,0,0,0,0.3933375,2.630171,3.410229,0.3498165,0.08386802,0,0,0,0,0.1778266,0,0,0,0,0,0,0,0,0,0,0,0,0,0,0,0,0,0,0.8043605,0,0,0.1107377,0,0,0,0,0,0,
0,0,0,0,0,0,0,0,0,0,0,0,0,0,0,0,0,0,0,0,0,0,0,0,0,0,0,0,0,0,0,0,0,0.02096036,0,0.0201337,0,0,0,0,0,0,0,0,0,0,0,0,0,0.1885931,0,0,0,0.13471,0,0.3689262,0.03445586,0.1978094,0.1486546,0,0,0,0,0,0,0,0,0.06616751,0,0,0,0,0,0,0,0,0,0.03271821,0,0,0,0,0,0,0,0,0,0,0,0,0,0,0,0,0,0,0,0,0,0,0,0,0,0,0,0,0,0.0317728,0,0.104955,0,0,0,0,0,0,0,0,0,0.1233267,0,0.1623067,0,0.2165914,0.02637792,0,0,0,0,0.2318924,0,0,0.639438,0,0,0,0,0,0,0,0,0,0,0,0,0,0,0,0,0,0,0,0,0,0,0,0,0,0,0.01418038,0,0,0.03650162,0,0.06331567,0.3828239,0.09833784,0,0.4250771,0.2081268,0.1493278,0,0,0,0,0,0,0,0,0,0,0,0,0,0.007791315,0,0.4954698,0.1520786,0.2865947,0,0,0.1327557,0,0,0.261378,0.347611,0.3010002,0,0.09693097,0,0,0,0,0,0.3366439,0,0,0.1383247,0,0,0.1102757,0,0,0,0.5081365,0,0,0,0,0,0,0,0,0,0,0.1151191,0,0,0,0,0,0,0,0,0,0,0,0,0,0,0,0.005740936,0,0,0,0,0,0,1.44625,1.619721,0,0.592327,0,0.05570948,0.09932071,0,0,0,0,0,0,0,0,0,0,0,0,0,0,0.06472568,0.1758097,0,0,0,0,0,0,0,0,0,0,0,0,0,0,0,0,0.01950029,0,0,0.04826133,0.19063,0,0,0,0.2398882,0.1416394,0,0,0,0,0,0,0.4740717,0,0,0.02408849,0,0.1017627,0.1168138,0,0,0.1061584,0.03912652,0.06188025,0,0.1849882,0,0,0,0,0,0,0.1581407,0.09473897,0.3158987,0,0,0.2394528,0.08837922,0,0,0.06286647,0,0,0,0,0,0,0,0,0,0,0,0,0,0,0,0,0,0,0,0.6328341,0,0,0,0.03451734,0,0.05732429,0,0,0,0,0.1426433,0,0,0,0,0,0,0,0,1.405757,0.004345457,0.5479109,0.08154834,0,0,0,0,0,0,0.5856236,0,0.04329878,0,0,0,0,0,0,0.04091153,0.1789482,0.1423138,0,0.1177434,0.1846537,0,0,0.2584564,0,0,0,0,0,0,0.05205448,0,0,0,0,0,0,0.07001269,0,0,0.53216,0,0,0,0,0,0,0,0,0,0,0,0,0,0,0,0.4088707,0,0,0,0.01898999,0,0,0,0,0.2169776,0,0,0,0.01466756,0,0,0,0,0,0,0,0,0,0,0,0,0,0.2348082,0,0,0.06051354,2.155439,1.544083,0.2461446,0,0,0,0,0,0,0,0,0,0,0,0,0,0,0,0,0,0,0,0,0,0,0,0,0,0,0,1.026833,0,0,0,0,0,0,
0,0,0,0,0,0,0,0,0,0.1691026,0,0,0,0,0,0,0,0.3685658,0,0,0,0,0,0,0,0,0,0,0,0,0,0,0,0,0,0,0.1061058,0,0,0.1312606,0,0,0,0,0,0,0,0,0,0,0.2992087,0,0,0,0,0.3781287,0,0,0,0,0,0,0.1078636,0.2186449,0,0,0,0.110086,0.3348061,0,0,0.4169314,0,0,0,0,0,0,0,0,0,0.03086673,0,0,0,0,0,0,0,0,0,0,0,0,0,0,0,0,0,0,0,0,0,0,0,0,0,0,0,0,0,0,0,0,0,0,0,0.2832915,0,0,0,0,0,0.05870397,0,0,0,0,0,0.01499674,0,0,0,0,0,0.2249351,0,0,0,0,0,0.1445911,0,0,0,0,0.06780959,0,0,0,0,0,0,0.06322194,0,0,0,0,0,0,0,0,0.1520151,0,0,0.134819,0,0,0,0.05818893,0.1084777,0.3991498,0,0,0,0,0,0,0,0,0,0,0.1148484,0,0,0.4026141,0.9438024,0.5224549,0,0,0,0,0,0,0,0,0,0,0.2882794,0,0,0,0,0,0.4583871,0.3559566,0.2698444,0.05392439,0.03998311,0.3140139,0,0,0,0,0,0,0,0,0,0,0,0,0,0,0,0,0,0,0,0.3962275,0,0.08334083,0,0,0.07388761,0,0.03170389,0,0,0,0,0,0,0,0,0,0,2.002313,0,0.1111794,0,0,0,0,0,0,0,0,0,0,0,0.3519312,0.1261862,0,0,0,0,0.03311627,0,0,0,0,0,0,0,0,0,0,0,0,0,0,0,0,0,0.1253327,0,0.2683505,0,0,0.1374884,0.06697058,0,0.1080846,0,0.2505857,0,0,0.09838854,0,0.1806709,0,0,0.2459041,0.2636098,0.4072955,0,0,0,0.351567,0,0,0,0.111747,0,0.2634264,0.06393569,0,0,0.2532152,0,0.0174621,0,0.05296397,0.06483451,0,0,0.03536228,0,0,0.40893,0.03853607,0,0.1135421,0.3101542,0,0,0,0,0,0,0,0,0,0,0,0,0,0,0,0.2864713,0,0,0,0,0,0,0,0,0,0,0,0.177443,0,0,0.06679939,0,0,0,0,0.1072114,0.2186953,0.2443136,0.7606494,1.001237,0.1516506,0,0,0,0,0,0,0,0,0,0,0,0,0,0,0,0,0.02779043,0.1013061,0,0,0,0,0,0,0,0,0,0,0.7975752,0,0,0,0,0,0,0,0,0,0,0.08762737,0,0,0,0,0,0,0,0,0,0,0,0,0.1987524,0,0,0,0.2813572,0,0.1847074,0,0,0.3589683,0.02587589,0,0,0,0,0,0,0,0,0,0,0,0,0.05106681,0,0,0,0,0,0.1362721,0.1390503,0.1535477,0.1118398,0,0.4914446,0,0,0.07055305,0,0.179914,0,0,0,0,0,0,0,0,0,0,0,0,0,0,0,0,0,0,0,0,0,0,0,0,0,0.3871716,0.2779867,0.1100981,0,0,0,0,
0,0,0,0,0,0,0.1531359,0,0,0,0,0.396283,0,0,0,0,0.2612517,0,0.1427913,0,0,0,0,0,0,0,0,0,0,0,0,0,0,0.3988365,0,0,0,0.0928372,0,0.08600397,0,0,0,0,0,0,0,0,0,0.0160494,0.2045171,0,0.1546467,0.442728,0,0,0.02552435,0.3379226,0.1578332,0,0,0,0,0,0,0,0,0,0.06183713,0,0.2036959,0,0.1085213,0,0.02002326,0,0,0,0,0,0,0.01927315,0,0,0.3086266,0.3077354,0,0,0,0,0,0,0,0,0,0,0,0,0,0,0,0,0,0,0,0.3828005,0,0,0,0,0,0,0.02234123,0,0,0,0,0,0,0,0,0,0,0.392327,0,0.1804786,0,0,0.03033421,0,0,0,0.2378524,2.843898,0.9215741,0.8202562,0,0.4865654,0,0.4776604,0,0.2223669,0,0,0,0,0.166221,0.0518119,0,0,0,0,0.02288921,0,0,0,0,0,0,0,0,0.3475607,0,0,0,0,0.3171649,0.09819832,0,0.1597074,0,0,0,0,0,0.2296464,0,0,0,0,0,0,0,0,0,0,0,0.02982917,0,0,0,0,0,0,0,0.0709649,0,0,0,0.2434797,0,0,0,0.01290088,0.05712144,0,0.3209778,0,0,0,0,0,0,0,0,0,0,0,0,0,0,0,0,0,0,0,0,0,0,0,0,0.02397474,0.2219569,0,0.2767802,0.4279423,0.2712836,0,0,0.09228,0,0,0,0.3973017,0,0,0,0.9485773,3.523154,0,2.438021,0,0,0,0,0,0,0,0,0,0,0,0.2291652,0,0,0,0,0,0,0,0,0,0,0,0,0,0,0,0,0,0.0159316,0,0,0,0,0.02404535,0.2748314,0,0,0,0.3572236,0.237728,0,0.06718299,0,0.2123204,0.2568917,0.1195067,0,0,0,0,0,0,0,0.1850991,0.3667851,0.1850403,0.2748502,0,0.2168798,0.2320976,0.1797841,0,0,0,0.1542409,0,0,0.2601098,0,0,0,0,0,0.06363734,0.1028713,0,0,0,0.03125725,0.616586,0,0,0,0,0,0,0,0,0,0,0,0,0,0,0,0,0,0,0,0,0,0,0,0.6851436,0.3757076,0,0,0,0,0,0,0,0.4973036,0.1289183,0,0,0,0,0,0,0,0,0,0.03859872,0,0,0.3018202,0,0,0,0,0,0,0,0,0,0.1468065,0,0.2985457,0.2419142,0,0.2924054,0.4137862,0.3947473,0,0.001948125,0,0,0,0,0,0,0,0,0,0.0176484,0,0,0,0.5395584,0.3267746,0,0,0,0,0,0,0,0,0.3491687,0,0,0.06572905,0,0,0,0,0,0,0,0,0,0,0,0.06078332,0.09781083,0,0,0,0,0,0,0,0,0.4458601,0,0,0,0,0,0,0,0,0,0,0,0.1598661,0,0,0.6174845,0.2538043,0,0,0,0,0,0.09763753,0,0,0.03359207,0,0,0,0,0,0,0,0,0,0,0,0,0,0,0,0,0,0,0,0,0.05724013,0,0,0,0,0,0,0,
0,0,0,0,0,0,0,0.01781422,0,0,0,0,0,0,0,0,0,0,0,0,0,0,0,0,0,0,0,0,0.2126365,0,0,0,0.015594,0.2712868,0,0,0.03346302,0.06915402,0,0,0,0,0,0,0,0,0,0,0,0,0,0,0,0,0,0,0.1946314,0,0,0,0,0,0,0,0,0,0,0,0,0,0.01237115,0.04073874,0.2160572,0,0,0.128305,0.08587505,0.1216321,0,0.35067,0.04651574,0.2410625,0,0,0,0,0,0,0,0,0,0,0,0,0,0,0,0,0,0,0,0,0,0,0,0,0,0.05180624,0,0.2915535,0,0,0,0,0,0,0,0,0,0,0,0,0,0,0,0,0,0,0,0.05437719,0,0,0,1.18438,0,1.00659,0.246947,0,0.2483882,0,0,0,0,0,0,0.05809342,0,0,0,0,0.2585103,0,0.1958277,0.01813699,0.02894844,0.6545081,0.479121,0.08362164,0,0,0,0.1103986,0.1666551,0.001270424,0,0,0,0,0.1531287,0.01463594,0.3488685,0,0.09300221,0,0,0,0,0,0,0,0,0,0,0.02919777,0.3417493,0,0,0,0,0.3792048,0,0,0.1281471,0,0.2404338,0,0,0,0.02848785,0.1975636,0.2348897,0.05580458,0,0,0,0,0,0,0,0,0,0,0,0,0,0,0,0,0,0,0,0,0,0,0.2135962,0.03620313,0,0,0,0.07565643,0.233007,0,0.3900097,0.2862635,0.09244302,0,0,0,0,0,0,0,0,0,0,0.3267921,0,0.4512315,0,1.228556,0,0,0,0,0,0.1785637,0,0,0,0,0,0,0,0,0,0,0,0,0,0.1511729,0,0,0.06219319,0,0,0,0,0,0,0,0,0,0,0,0,0,0,0.1880274,0.03777871,0,0.3979248,0,0,0.2141767,0,0,0.4377282,0.2231094,0.3469795,0,0.4566739,0,0.1479058,0.1910859,0,0,0.2876591,0.175615,0,0.03163964,0,0,0,0.2145946,0,0.3534288,0,0.03134069,0,0,0.05350398,0,0.0008614488,0,0,0.118188,0.1094298,0,0.6317478,0,0.2067578,0,0.509944,0,0.3280076,0,0,0,0,0,0,0,0,0,0,0,0,0.09853889,0,0,0,0,0.1562105,0,0,0.07586472,0,0,0,0,0,0,0.05656669,0,0,0,0,0.1250395,0,0,0,0.1278776,0,0,0,0.1730322,0.06244915,0.1963691,0.1115956,0,0.3505429,0,0,0,0,0,0,0,0.4802743,0,0,0.1094054,0.08433971,0,0.4877293,0.1606384,0,0,0.05716008,0,0.3234035,0,0,0.129815,0,0.1956438,0,0,0,0,0,0,0,0,0,0,0,0,0,0,0,0,0,0,0,0,0,0,0,0.06410466,0,0,0.06834354,0,0.006318264,0,0,0.01525278,0,0,0,0,0,0,0,0,0,0,0,0,0,0,0,0,0,0,0,0,0.139736,0,0,0,0,0,0,0,0,0.2798263,0.3066491,0,0.1563123,0.2066277,0,0,0,0.2121332,0,0,0,0,0,0,0,0,0,0,0,0,0,0,0,0,0,0,0,0,0,0,0,0,
0,0,0,0,0,0,0,0,0,0,0,0,0,0,0,0,0,0.08748513,0,0,0,0,0,0,0,0.03633362,0,0.1742865,0,0,0,0,0,0,0.05334534,0,0,0,0,0,0,0,0,0,0,0.4318071,0,0,0,0,0.1387134,0.2189498,0.2239126,0,0,0.545124,0,0,0,0,0,0.08234258,0.1547257,0,0.09407136,0,0,0,0.2397821,0,0.1787654,0,0,0,0,0,0,1.876539,0.06552417,0,0.2076882,0,0,0,0,0,0,0,0,0,0,0,0,0.2698534,0,0,0,0,0,0,0,0,0,0,0,0,0.4726683,0.006857799,0,0,0,0.08862932,0,0,0.2655245,0,0,0,0,0,0,0,0,0,0,0,0,0,0,0,0,0,0,0,0.7051391,0,0,0.7036991,0,0,0,0,0,0,0,0,0,0,0,0,0,0,0,0,0.4297936,0.339554,0.5686897,0,0,0.5872411,0,0.1493363,0,0.07578105,0,0.2247121,0.05804517,0,0,0,0,0,0.2649693,0,0.735061,0,0,0,0,0,0,0,0,0,0,0.08582851,0,0,0,0,0,0,0.5884505,0.1704129,0.1393164,0,0,0,0,0,0,0,0.1493428,0.1799099,0,0,0,0,0,0,0,0,0,0,0,0,0,0,0,0,0,0,0,0,0,0,0,0,0,0,0,0,0.3895314,0,0.02872163,0,0,0,0,0,0,0,0,0,0,0,0,0,0.7447709,0.1345793,0,0,0,0,0,0,0,0,0,0.3262609,0,0,0,0,0,0,0,0,0,0,0.1323298,0,0.02795442,0,0.3104737,0,0,0,0,0,0,0,0,0,0,0.1263844,0,0.1688491,0.02238598,0.2560951,0.003217685,0,0,0,0,0,0,0.41382,0,0.602916,0.1283273,0.09998159,0.3539558,0.1749259,0,0.1357444,0.05601491,0,0,0.3801572,0,0,0.02865803,0.1906224,0,0.1981633,0,0,0,0,0,0,0,0.09438964,0,0.1398336,0.1183166,0,0,0,0,0.2306088,0.3157728,0,0.257737,0,0,0,0,0,0,0,0,0,0,0,0,0,0,0,0,0,0,0,0,0,0,0,0,0.3919441,0,0.1206583,0.1166555,0,0,0.02233223,0,0.3334721,0.2541003,0,0.1354058,0,0,0,0,0,0.2104879,0,0.4965644,0,0,0,0,0,0,0,0,0,0.1400768,0,0.3615448,0,0,0.02176446,0,0,0,0,0.1239287,0,0,0.2098567,0,0,0,0.548798,0,0,0,0,0,0,0,0,0,0.05498985,0,0,0,0,0.4253639,0,0,0,0,0,0,0,0,0,0.0292445,0,0.3645549,0.2100438,0.08330623,0.01662795,0.06362739,0.1351053,0,0,0,0,0,0,0,0,0,0.2607869,0,0,0,0,0,0,0,0,0,0,0,0,0,0,0,0,0.2000341,0,0,0,0.0805844,0,0,0,0,0,0,0,0,0,0,0,0,0,0,0,0,0,0,0,0,0,0,0,0,0.3742341,0,0,0,0,0,0,
0,0,0,0,0,0,0,0,0,0,0,0.08566876,0.147323,0,0,0.0658672,0,0.03433465,0,0,0,0.4750696,0,0,0,0,0,0.899622,1.46978,0.0825767,0.0008137615,0.163415,0.5594648,0,0,0,0,0,0,0,0,0,0,0,0,0,0,0,0,0.02326234,0,0,0,0,0,0,0,0,0,0.08292329,0,0,0,0,0,0,0,0,0,0,0,0,0.06853716,0,0,0,0,0.5284838,1.481028,2.764681,0.003828984,0,0,0,0,0,0,0,0,0,0,0,0,0.06104611,0,0,0,0,0,0,0,0,0,0,0,0,0,0.05484466,0,0,0,0,0,0.1891784,0,0,0,0,0,0,0,0,0,0,0,0,0,0,0,0,0,0,0.06942163,0,0,0,0.4163669,0,0.4092584,0.441943,0,0.0909619,0,0.1586427,0,0,0,0,0,0,0,0,0,0,0.1402505,0,0.5524519,0,0,0,0.4135439,0,0.8358245,0.08696447,0,0.07162854,0.2135919,0,0.20251,0,0.03197282,0,0,0.1610813,0.1412186,0.1908399,0,0.5977902,0,0,0,0,0,0,0,0,0,0,0,0,0,0.001892963,0,0.4638028,0,0.2386585,0.3878928,0.1756449,0.44825,0.002835335,0,0.04763871,0,0,0,0,0,0,0,0,0,0,0,0,0,0,0,0,0,0,0,0,0,0,0.1823864,0,0,0,0,0,0,0,0,0,0,0,0.01209535,0,0,0.5452774,0,0,0,0.08598202,0,0,0,0,0,0.3236418,0,0,0,0,0,0,0,0,0,0.6947912,0,0,0,0,0,0,0,0,0,0,0.2175416,0,0,0,0,0,0,0,0,0,0,0,0,0,0,0,0,0,0,0.08856969,0.1745478,0,0,0.243427,0.1578982,0,0.109209,0.105432,0,0.2456782,0.02716515,0.5869074,0,0,0,0.1578166,0,0,0,0,0,0,0,0,0.1352886,0.1371722,0,0,0,0.1473212,0.1163438,0,0,0.1894727,0,0.08910489,0,0,0,0.417197,0,0,0,0,0,0,0,0,0,0,0,0,0,0,0,0,0,0,0,0,0,0.2674965,0.01368152,0,0,0,0,0,0.1186128,0,0.4251025,0.4667712,0,0,0.1263165,0,0,0.4363275,0,0,0,0,0.3598512,0,0.7532774,0.3293614,0,0,0.1784915,0,0,0,0,0,0,0,0,0,0,0.04393331,0.5356395,0,0,0,0,0.3213783,0.007983904,0,0,0,0,0,0,0.09529398,0,0.284234,0,0,0,0,0,0,0,0,0,0.3129395,0.1453544,0,0,0,0,0,0,0,0.1486094,0,0.1490523,0,0.4170887,0.1037322,0.1691927,0,0.009113336,0.3960204,0.03320834,0,0.1257048,0.01046678,0,0.04445504,0,0.05341954,0,0,0,0,0,0,0,0,0,0,0,0,0,0,0,0,0.01280853,0,0.181145,0,0,0,0,0,0,0,0,0,0,0.1620519,0,0,0,0,0,0,0,0,0,0,0,0,0,0,0,0,0,0,0,0,0,0,0,0,0.2988435,0,0,0,
0,0,0.4426826,0,0,0,0,0,0,0,0,0.07622336,0,0,0,0,0,0,0,0,0,0,0,0,0,0,0,0,2.685552,0,0,0,0.0701665,0,0.06649268,0.01589193,0,0,0,0,0.05847767,0,0,0,0,0,0,0,0,0,0,0,0.1681967,0.1206682,0,0.2634407,0.2779655,0,0,0,0.08078919,0,0.01731141,0,0,0,0,0,0,0,0,0,0.1211558,0,0,0,0.02197602,0.3376003,0,0,0.6740012,0,0,0,0,0,0,0,0,0,0,0,0,0,0,0,0,0,0,0.02368319,0,0,0,0,0,0,0.1092756,0,0,0.03241502,0,1.016343,0.6071414,0,0.650638,0,0,0,0,0,0,0,0,0,0,0,0,0,0,0,0,0.06532922,0,0.05110513,0,0,0.3863486,0.4777199,0.07880538,0,0.3631422,0,0.007651938,0,0,0,0,0,0,0,0,0,0.002757512,0.4404069,0,0.4545339,0.05436728,0,0,0.2227742,0,0,0.2997426,0,0.2312103,0.1376414,0,0,0.3175513,0.2659584,0,0.3412165,0,0,0,0,0,0,0,0,0,0,0,0.5610799,0,0,0,0,0,0.1709899,0,0,0,0,0.09130135,0.2834242,0.1296712,0,0,0.07249793,0.4613161,0,0,0.449796,0,0,0,0.6967616,0,0,0,0,0,0,0,0,0,0,0.4558111,0,0,0,0,0,0,0,0,0,0,0,0,0,1.990351,0.8379394,0.3907297,0,0,0,0,0,0,0.1022654,0,0,0,0,0.2544288,0,0,0.2879817,0.02779522,0,0,0,0,0.165174,0,0,0,0,0,0,0,0,0,0,0,0,0,0,0.4603064,0,0,0,0,0,0,0,0,0,0,0,0,0,0.275299,0,0,0,0,0.02528651,0,0.3765512,0,0.2358589,0.1216555,0,0.1643661,0.1584188,0.1375333,0.008539348,0.4091946,0.06176371,0,0.4397141,0,0,0,0.2488053,0,0,0.1516089,0,0.02670094,0,0,0.1280931,0,0.2500791,0.2484173,0.2736914,0,0,0,0.09094417,0,0,0,0.3557302,0,0,0,0,0,0.3444176,0,0,0,0,0,0,0,0,0,0,0,0,0,0,0,0,0,0,0,0.05355014,0,0,0,0,0,0,0.7194325,0.1048164,0.2965462,0,0,0,0,0.03742457,0.0579915,0.2491811,0.1759688,0.3027587,0.04712814,0.04812973,0,0.05061549,0.05645858,0,0,0.1669554,0.1190559,0,0,0,0,0,0,0,0,0.0630336,0,0,0,0.04549646,0.03486715,0,0.1062003,0,0,0.08423004,0,0,0,0,0.1739886,0,0.09017792,0.3049898,0,0,0,0,0,0,0,0,0.3621589,0,0.08397769,0,0,0,0,0,0,0.8310929,0,0,0.02513472,0.1508504,0.1652977,0,0,0.2304638,0,0.3474641,0,0,0,0.02071936,0,0,0,0.2603244,0,0,0,0,0,0,0,0,0,0,0,0.1105772,0,0.0150412,0.1142902,0,0,0.0542061,0,0.3427023,0,0,0,0,0,0,0.09502901,0,0,0,0,0,0,0,0,0,0,0,0,0,0,0,0,0,0,0,0,0,0,1.413274,0.04958341,0,0,0,0,0,
0,0,0,0.003126541,0,0,0,0,0,0,0,0,0,0,0,0,0,0,0,0.2752075,0,0,0,0,0,0,0,0,2.287187,0.2749049,0.2551657,0.3167194,0,0.3299857,0,0,0,0,0,0,0,0,0,0,0,0,0,0,0,0.1015271,0.3433731,0.004046007,0,0,0,0.02356666,0.5155305,0.1104763,0,0,0,0,0,0,0,0,0,0,0,0.1986538,0,0,0,0,0.2057197,0,0,0,0,0.2066923,0,0,0,0,0,0,0,0.06933345,0,0,0,0,0,0,0,0,0,0,0,0,0,0,0,0,0,0,0,0.1956823,0,0,0,0.7068092,0.4863216,0.2433169,0.1561282,0,0,0,0.3435513,0,0,0,0,0,0,0,0,0,0,0,0,0,0,0,0.5589553,0.09701896,0.5412412,0.009194008,0,0,0,0,0,0,0,0.3703125,0,0,0.3943796,0,0,0,0,0.01043139,0.1246537,0.2020926,0.1886239,0.4726562,0,0.2521207,0.4008918,0.3079458,0,0,0.0847472,0,0.1922799,0,0,0.08490284,0,0,0,0,0,0,0.1373434,0,0,0,0,0,0,0,0,0,0,0,0,0,0,0.5294611,0,0,0,0.1303655,0,0,0,0,0.2038842,0.5759588,0,0,0,0,0,0,0,0,0,0,0,0,0,0,0,0,0,0,0,0,0,0,0.02272317,0.02966079,0,0,0,0,0,0,0,0,0.01366416,0,0,0,0,0.1137853,0.3278027,0,0,0.3808969,0,0,0,0,0.1779806,0,0,0,0,1.461929E-05,0,0,0,0,0,0,0,0,0,0,0,0,0,0,0,0,0,0,0,0.2491556,0,0,0,0,0,0,0,0,0.06889018,0,0.533594,0,0,0,0,0,0.3421346,0,0,0,0.2149345,0,0,0.07056484,0,0.1533296,0,0,0,0,0,0,0,0.0280081,0,0,0.2127533,0,0,0,0,0.1678092,0,0,0,0.2276758,0,0,0.1887589,0,0,0,0.3937411,0,0,0,0,0,0,0,0,0,0,0,0,0,0,0,0,0,0,0,0,0,0.1802838,0,0,0,0,0,0,0,0,0,0.2053419,0,0,0.06364015,0.0824394,0,0.07014111,0,0.5919001,0,0,0,0,0,0.02777416,0,0.4015927,0,0,0.04970365,0,0.1548773,0,0,0,0,0,0,0,0,0,0,0.1712763,0.07489008,0,0,0,0,0,0,0,0.09188963,0,0,0,0,0.9919463,0.315712,0,0,0,0,0,0,0,0,0,0.01829747,0,0,0.1202728,0,0,0.09396607,0.1599226,0.08115956,0,0,0.6408243,0,0,0.1286426,0.0161129,0.02718942,0,0.9111492,0,0,0.378165,0.8207805,0.2108102,0.2328569,0.0446588,0.0201912,0,0.514744,0.07878383,0,0,0,0,0,0,0,0,0,0,0,0,0.4770774,0,0.1112406,0,0,0,0,0,0.2178684,0,0,0,0,0,0,0,0,0,0,0.2396515,0,0,0,0,0,0,0.1346504,0,0,0.05278367,0,0,0,0.3249347,0,0,0,0,0,0,0,0,0,
0,0,0,0,0,0,0,0,0,0,0,0,0,0,0.1900877,0,0,0,0.1946459,0,0,0,0,0,0,0,0.462391,0,0.1910179,0.2472447,0,0.1305234,0,0.2307951,0.009929857,0,0.1787884,0,0,0,0.1631781,0,0,0,0.3410528,0,0,0,0.09448834,0.4273544,0.08218174,0,0,0.200014,0.01404942,0,0,0,0,0,0,0,0,0,0,0,0.129877,0,0.2678164,0,0,0.2418775,0,0,0,0,0,0,0.1971384,0,0,0,0,0,0,0,0,0,0,0,0,0,0,0,0,0,0,0,0,0,0,0,0,0,0,0,0.1055423,0,0,0,0,0,0,0.2306849,0,0,0,0,0,0,0,0,0,0,0,0,0,0,0,0,0,0,0.1468374,0.1519033,0,0,0.3679644,0,0,0,0,0,0.6287863,0,0,0,0,0,0,0,0.2316625,0,0.1299834,0,0,0.3557118,0,0,0,0,0.15268,0,0.215792,0.1447605,0.06565563,0,0,0.8819172,0,0,0.1197032,0,0,0,0,0,0,0,0,0,0,0,0,0,0,0,0,0,0,0,0.6641877,0,0,0,0,0,0,0,0.4352317,0,0.2983767,0.6234554,0.2490982,0,0,0,0,0,0,0,0.2734295,0,0,0,0,0,0,0,0,1.026078,0,0,0,0,0.02575621,0.02447668,0,0.09234157,0.2228005,0.4803135,0,0,0.0212346,0,0.1145281,0,0,0,0.3981285,0.3354785,0.1207747,0,0,0,0.05017935,0,0,0.1251649,0,0,0.05262044,0.2367729,0,0.4654572,0,0,0,0,0,0,0,0,0.1614346,0,0,0,0,0,0,0,0.009614761,0.06716152,0.04032458,0,0.1548354,0,0,0.04710463,0.2760864,0,0,0,0,0.09415212,0.01481786,0.02345965,0.2249044,0,0.05943486,0.3449858,0.1577732,0,0,0,0,0,0,0,0.2041812,0,0,0.2103402,0,0,0,0,0.2186915,0.2806811,0,0.4245595,0.1400307,0,0.2034239,0.3900112,0,0.4851678,0,0,0,0.182097,0,0.3208862,0,0,0.008197297,0,0,0,0,0,0,0,0,0,0.2679235,0,0,0,0,0,0,0,0,0,0,0,0,0,0.2627867,0.06690937,0.2016713,0,0,0,0,0,0,0,0,0.1298095,0.09179305,0,0,0.464988,0,0,0,0,0,0.06780838,0,0.135379,0,0,0.318358,0.1816906,0,0,0.03873282,0,0,0,0.169229,0,0.00236407,0,0,0,0,0,0,0,0,0,0,0,0,0.1311908,0.2095065,0.1003261,0,0.261679,0,0,0,0.9342139,0.1569863,0.7048123,0,0.2237373,0,0,0,0,0.2443072,0,0,0,0,0,0.221639,0,0,0.5962839,1.101506,0,0,0,0.1700875,0.2699622,0.3006409,0,0.3108274,0.09792948,0,0.1503578,0.01371642,0.003268361,0.02099504,0.2565699,0,0,0,0,0,0.06812627,0,0,0,0,0,0,0,0,0,0,0,0,0,0,0.416593,0,0,0,0,0.2149092,0,0,0.3215215,0,0,0,0,0,0,0,0,0,0,0,0,0,0,0,0,0,0,0,0,0,0,0,0,0,0,0,0,0,0,0,
0,0,0,0,0,0,0,0,0,0,0,0,0,0,0,0,0,0.007769881,0,0,0,0,0,0,0.5099478,0,0,0,0.09092321,0,0,0.4029995,0,0.5842376,0,0,0,0,0,0.0306491,0,0,0,0,0,0,0,0,0,0,0.2889565,0,0,0,0,0,0.01676652,0,0,0,0,0,0,0,0,0,0,0,0,0,0,0,0,0,0,0,0,0,0,0.2615038,0,0,0,0,0,0,0,0,0,0,0,0,0,0,0,0,0,0,0,0,0,0,0,0,0,0,0,0,0,0.2127566,0,0.7951616,0,0,0,0,1.566269,0,0,0,0,0,0,0,0,0,0.1553649,0,0,0,0,0.5645218,0.02610383,0,0,0,0,0.3845104,1.223807,0.5750939,0.4737465,0,0,0.2347048,0,0,0,0,0,0.3605818,0,0,0.08017822,0,0,0.2179673,0,0.4406187,0,0,0,0,0,0,0.2938052,0,0,0,0,0.04711878,0,0,0,0,0,0,0,0,0,0,0,0,0.143731,0.1933416,0,0,0,0,0,0,0.07613797,0,0.5428287,0,0.1348969,0,0,0,0,0.05322383,0,0.2873103,0.05942973,0,0,0,0,0,0,0,0,0,0.006839948,0,0,0,0,0,0,0,0,0,0.619806,0,0,0,0.4405416,0,0.8667135,1.133667,2.799596,0,0.3132196,0,0.2775248,0,0.2459585,0,0,0,0.2213716,0,0.1039933,0,0,0,0,0,0,0,0,0.06982823,0.08723323,0,0,0,0.4287311,0,0,0,0,0,0,0,0,0,0.2051584,0,0,0,0,0,0,0,0,0,0.6367869,0,0.1502802,0.2048411,0,0.233977,0,0,0.06622764,0,0,0.02763273,0.32086,0.1004914,0,0,0,0.1481755,0.4035678,0,0,0,0,0,0,0,0.02933489,0,0,0,0,0.184976,0.1254545,0,0.03726681,0,0.1991651,0.3347658,0,0,0.05894531,0.3415044,0,0,0,0,0,0,0,0,0,0,0,0,0,0,0,0.1562082,0,0,0,0,0,0,0,0,0,0,0,0,0,0,0,0.08082552,0.3595304,0,0,0,0,0,0,1.761081,1.529806,0.24585,0,0.03236718,0.09105001,0,0.03898263,0,0,0.2960562,0,0,0,0.117438,0.02148823,0,0,0.1873959,0.01354148,0,0.0759453,0,0,0,0,0,0.2120348,0.1908812,0,0,0.107783,0,0,0.5204242,0,0,0.02620658,0,0,0,0,0,0.07297318,0.5573156,0.5113164,1.792471,0,0,0,0,0,0,0.05985345,0,0,0.1873156,0,0.1111549,0,0,0,0,0,0,0.0712667,0.4160056,0,0.03167909,0,0.05635392,0,0.4249285,0.03228148,0.09306889,0.3777108,0,0,0,0.4178604,0,0.1383109,0,0,0,0,0,0.001051186,0.1874713,0,0,0,0,0,0,0,0,0,0,0.4108812,0,0,0,0,0,0,0,0.00207113,0,0,0,0.4642543,0,0,0,0,0,0,0,0,0.5272553,0,0,0,0,0,0,0,0,0,0,0,0,0,0,0,0,0,0,0,0,0,0,
0,0,0,0,0,0,0,0,0,0,0,0,0,0,0,0,0.09225888,0,0,0.03105844,0,0,0,0,0,0,0.450538,0,0,0,0.3727628,0.04791931,0,0.4958269,0,0,0,0,0,0,0,0,0,0,0,0,0,0.3810326,0,0,0.07925064,0,0.255953,0.003294084,0.08808287,0,0,0,0,0,0,0,0,0,0,0,0,0,0,0,0,0,0,0,0,0,0,0,0.04961267,0,0,0.09303036,0,0,0,0,0,0,0,0.04415073,0,0,0,0,0,0,0,0,0.7548246,0,0,0,0,0,0,0,0,0,0,0,0,0,0.07847287,0.562852,0,0.8497594,0,0.2870584,0,0,0,0,0,0,0,0,0.003208402,0,0,0.03393016,0,0,0.6749948,0.3496329,0,0,1.053932,0,1.655419,0,0,0,0.6721122,0,0,0,0.6400987,0,0.2328512,0,0,0,0.2117476,0,0,0.1452861,0.1514574,0.1151404,0.2484654,0.2811573,0.1579605,0.07308967,0,0.0713417,0,0.2432384,0,0,0,0,0,0,0,0,0,0,0,0,0,0,0,0.2657345,0,0,0,0,0,0,0,0,0,0,0,0,0,0,0,0,0,0,0,0,0,0,0,0,0,0,0,0.1957083,0,0,0,0,0,0,0,0,0,0,0,0,0,0,0,0.6341476,0,0,0,1.091935,4.353214,0,0,0.6413315,0.3229002,0.1536175,0,0,0.1940028,0,0,0,0.603612,0,0.3030443,0,0,0.2732181,0,0,0,0.02149395,0.02796009,0.4956458,0.2136374,0.2185962,0,0,0,0,0,0,0,0.5380686,0,0,0,0.3775806,0.2927845,0.2011948,0.1029507,0.05053088,0,0.5358871,0,0,0.03419461,0.03876216,0,0,0,0,0,0.1304558,0,0.08866401,0,0,0,0,0.07654656,0,0.4042216,0,0.2342478,0,0,0,0,0.3682385,0,0,0,0,0.04136366,0,0.1671081,0.06182542,0,0,0.01713159,0,0.1549476,0.04677019,0,0,0,0.3134055,0.200525,0.02755396,0,0,0.04796834,0,0,0,0,0,0,0,0,0,0,0,0,0.1071671,0,0,0,0,0,0,0,0,0,0,0,0,0.5379768,0,0,0.1740216,0,0.2306712,0,0,0.2470233,0,0.5629129,1.297759,0.08369689,0.1928113,0,0.02926809,0,0.09112937,0,0,0,0,0,0,0.09403877,0.04287045,0,0,0.5055506,0.1260416,0,0,0,0,0.003892333,0.2863387,0,0,0.2789227,0,0,0,0,0,0.0879997,0,0,0,0.05817363,0,0.1876194,0,0.9703028,0.176013,1.173486,0,0,0.2041296,0.8519615,0.02917738,0.2876562,0.1868498,0,0,0.2216823,0,0.1764578,0.3589081,0,1.123364,0,0.2291182,0.1304359,0,0,0,0.2055864,0.0004631731,0,0,0.09780847,0,0,0,0.1163951,0.1699514,0.04812162,0.2856009,0.072938,0,0,0,0,0,0.05454265,0,0.1191068,0,0,0,0,0,0,0,0,0,0,0,0.05628845,0,0,0,0,0,0,0,0,0,0.02058833,0,0,0,0,0,0,0.06085477,0.05847121,0,0,0,0,0,0.1087801,0,0.3948257,0,0,0,0,0,0,0.007939388,0,0,0,0,0.7771991,0,0,0,0,0,
0,0,0,0,0,0,0,0.2673722,0.466579,0,0,0,0,0,0,0,0,0,0,0,0.2576295,0,0,0.1728473,0,0.4230203,0.2813805,0,0.124522,0,0,0,0,0,0,0.1694727,0,0,0,0,0,0,0,0,0,0,0,0,0,0,0,0,0,0,0,0,0,0,0,0,0,0,0,0,0,0,0,0,0,0,0,0,0,0,0,0,0,0,0,0,0.1353513,0,0,0,0,0,0,0,0,0,0,0,0,0,0,0,0,0,0,0,0,0,0,0,0,0,0,0,0,0,0,0,0,0,0,0.3891835,0.7121055,0,0,0,0,0,0,0,0,0,0,0,0,0.01550447,0,0,0.4350992,0,0,1.714264,0,0,0,2.498672,0,0.4815903,0,0.1785395,0.1699051,0.7761698,0.2536234,0.03081457,0.0622379,0.5845666,0.3772896,0.1180881,0,0.2314705,0,0.3171327,0,0.08716372,0.5050207,0,0,0,0,0,0,0.11105,0,0,0,0,0,0,0,0,0,0,0,0,0,0.2880723,0.1324837,0,0,0,0,0,0,0,0,0,0.03779383,0,0.2519059,0.3562906,0,0,0,0,0,0,0.008385951,0,0,0,0,0,0,0,0,0,0,0,0,0,0,0,0,0,0,0,0,0,0,0,0,0.05182777,0.3012317,1.564893,0,0,1.300251,0,0,0.318814,0.2559004,0,0,0,0.626132,0.01451531,0,0.1461655,0.1825608,0,0,0,0.7598384,0.001297436,0,0,0.1985726,0,0,0.07359552,0.1410066,0.008982991,0.08588416,0,0.1536365,0,0,0,0,0.5603361,0.3315817,0.3118846,0,0,0.01256593,0.6876588,0,0.1811176,0.08311506,0,0.2897995,0.359251,0,0.0797236,0.09273081,0.09814198,0,0.2649748,0.3655864,0.1747807,0,0.1439102,0.08082566,0,0,0,0,0,0,0,0,0,0,0,0,0,0,0,0,0,0.3774262,0.1019383,0,0,0,0,0.04703065,0.1577274,0,0.1646326,0,0,0,0.06065834,0.159027,0.05039503,0.09902573,0,0,0,0,0,0,0,0,0,0,0,0,0,0,0.1331189,0,0,0,0,0,0,0,0,0,0,0,0,0,0,0.2067597,0,0,0,0,0,0,0,0,0,0.5148394,1.538629,0.2232513,0.2497661,0,0,0.259377,0,0,0,0.01557961,0,0.4504066,0,0,0,0.4785677,0,0,0,0,0.1735823,0.3099713,0,0.215402,0,0.5531917,0.005749356,0.1408357,0,0.377106,0,0.3598131,0,0.1384105,0,0.2937501,0.1156945,0,0,0,0.2214939,0.1851218,0.01917734,0.02690273,0,0.01720376,0.173506,0.1068598,0,0,0,0,0.02261659,0.2693439,0,0,0.2915891,0,0.110503,0,0.1587075,0,0.4054602,0.1555426,0.2297757,0,0,0.05364577,0,0,0.02394974,0.02078114,0.07649159,0.04966102,0,0.07832762,0.06699105,0,0.1341817,0,0,0.1739937,0.2829404,0,0,0,0,0,0,0,0,0,0,0.08307052,0,0,0,0,0,0,0,0,0,0,0,0,0,0,0,0,0,0,0,0,0,0.1618866,0,0.3282627,0,0,0,0.1118437,0,0,0,0,0,0,0,0,0,0,0,0.03651268,0,0,0,0,0,
0,0,0,0,0,0,0.261371,0,0.3410447,0,0.2891234,0,0,0,0,0,0,0,0,0,0.08654886,0,0,0,0,0,0,0,0,0.1396184,0.1939827,0,0,0,0,0.04841746,0,0,0.03231217,0,0.514642,0,0,0,0.08883042,0,0,0,0,0.001943224,0,0,0,0,0,0.2100391,0,0,0,0,0,0,0,0,0,0,0,0,0,0,0,0,0,0,0,0,0,0,0.1763011,0,0,0,0,0,0,0,0,0,0,0,0,0,0,0,0,0,0,0,0,0,0,0,0,0,0,0,0,0,0,0,0,0,0,0,0,0.7295457,0,0.6002987,0,0,0,0,0,0.0776049,0,0,0,0.01376917,0,0,0,0.2292116,1.173158,0,0.2279344,0,0,0.2995742,1.993334,1.649462,0,0,0,0,0.05580366,0,0.5680951,0.007442646,0,0,0,0.0729812,0.07515196,0.03129639,0.3580756,0,0.2688285,0,0.5726929,0,0.1546545,0,0,0,0,0,0,0,0,0,0.03705577,0,0,0,0,0,0,0,0,0,0,0,0,0,0,0,0,0,0,0,0.2350065,0,0.04469012,0,0,0,0,0,0,0,0,0,0,0,0,0,0,0,0,0,0,0,0,0,0,0,0,0,0,0,0,0,0,0,0,0.1718918,0,0,4.223376,0,2.907674,0.3673911,0.3940556,0,0,0.2677572,0,0,0,0,0,0.02684155,0,0.03508483,0.5432236,0,0,0,0,0.3243383,0.1726973,0,0,0,0,0,0.1523432,0,0.2544297,0.325043,0.1329384,0.01347655,0.05356963,0.0170211,0.06135907,0,0.01300053,0,0.08855253,0,0.5927968,0.1319199,0,0,0,0,0,0,0,0,0.7371448,0,0,0,0,0.2765721,0,0,0.1291357,0.4847876,0,0.006921668,0.03622583,0,0.308817,0,0,0,0,0,0,0,0,0,0,0.07619534,0,0.07663313,0.2088098,0,0,0.09188767,0.4613081,0,0,0.2279813,0.4114908,0.03049458,0,0,0,0,0,0,0,0,0,0,0,0.3381268,0,0,0,0,0,0.1886037,0,0.3297675,0,0,0,0,0,0,0,0,0,0.04591733,0,0.3951997,0,0,0.2494657,0,0,0.1363113,0,0,0,0,0.3846675,0.2438383,0,0,0,0,0,0,0.2927025,0.07572144,0,0,0,0.08105925,0,0,0.005184171,0,0,0,0,0.2360841,0,0.3618037,0.01985919,0.2888247,0.0765133,0.04305403,0.07770558,0,0,0.1385511,0,0,0,0.02969831,0,0,0,0,0.2342066,0.05241401,0.01854588,0,0,0.01524228,0,0,0.3788864,0,0.3289231,0.1765181,0.1682107,0,0,0.388694,0.2108443,0.03969927,0,0,0,0,0,0,0.1732259,0,0,0.3302574,0,0.09021603,0.0238822,0,0,0,0.3532117,0.2127361,0,0,0,0.3612818,0,0,0,0,0,0,0,0,0,0,0,0,0,0,0,0,0,0,0,0,0,0,0,0,0,0.1353848,0,0,0,0,0,0,0,0,0,0,0,0,0,0,0,0,0,0.527405,0,0,0,0,0,0,0,0,0,0,0,0,0,0,0,0.1374317,
0,0,0,0,0.6615816,0,0,0,0.008672882,0.3599232,0,0,0.1708696,0,0,0,0,0.3192088,0,0,0,0,0,0,0,0.001312962,0.2489836,0,0.4095514,0.1045668,0.09245515,0.1528465,0.3090575,0,0,0,0,0,0.3389524,0,0,0,0,0,0,0.3916892,0,0,0,0.07264741,0,0,0,0,0,0,0,0,0,0,0,0,0,0,0,0,0,0.09853633,0,0,0,0,0,0,0,0,0,0,0,0,0,0,0,0,0,0,0,0,0,0,0,0,0,0,0,0,0,0,0,0,0,0,0,0,0,0,0,0,0,0,0,0,0,0,0,0,0,0,0.3782988,0,0,0,0,0,0,0,0,0,0.2210727,0,1.364834,0.0438805,0.9901666,0.1060485,0,3.045063,0,0,9.562483,6.315474,2.250064,0,0.01295757,2.932005,0,0,1.156342,0,0.5468256,0,0,0.163707,0,0,0,0,0.2384149,0,0,0,0,0,0,0.3363136,0,0,0,0,0,0,0,0.2769416,0,0,0,0,0,0,0,0,0.04635276,0,0,0,0,0,0,0,0,0,0.266432,0,0,0.2743572,0.2153382,0,0,0,0,0,0,0,0.04867571,0,0,0,0,0,0,0,0,0.1219987,0,0,0,0,0,0,0,0,0,0,0,0,0,0,0,0,0,0.3512904,1.533939,0,0,0.0156847,0,0,0,0,0,0,0,0.2331119,0,0.1581392,0,0,0,0,0,0,0.05536107,0,0.1845907,0,0.02137832,0,0,0.01064435,0,0,0.0647301,0,0,0.1516907,0,0.3307382,0.06647417,0,0,0.03463377,0,0.3123944,0.006917903,0.3001748,0,0.06204944,0,0.1282404,0.2198982,0,0,0.05542046,0.1745666,0.1142179,0,0.1758506,0.2028463,0.09929611,0.317329,0.1394863,0,0.7269783,0,0,0,0,0,0,0,0,0,0,0,0,0,0,0,0,0.1821748,0,0,0.3422528,0,0.3407997,0.1591312,0,0,0.2312874,0,0,0,0,0,0,0,0,0,0,0,0,0,0,0,0,0,0,0.2111613,0,0,0,0,0,0,0,0,0,0.06021711,0,0,0.08389024,0.1540486,0.009651374,0,0.187644,0.1714523,0.2432964,0,0.1317562,0,0.1565942,0.5776286,0,0.09740513,0.1460632,0.3632074,0,0.1238977,0,0,0,0,0.4664488,0.284495,0.04909743,0,0.5178208,0.361988,0.2811854,0,0.2250568,0,0,0.1773088,0,0.08138585,0,0.1187015,0,0.2016909,0,0.07474153,0.3073015,0.009437756,0.03119291,0,0,0,0,0,0,0,0,0.05918491,0,0.255508,0,0,0.1302467,0.3224872,0.05564634,0.08855081,0.3314153,0,0,0,0.1807157,0.1121143,0.2768668,0,0,0,0,0.08703402,0.5633851,0.1773914,0.3939744,0.5579383,0.1010988,0.5081542,0.08093765,0,0.09107929,0.6122244,0,0.2001632,0.1907612,0,0.4862403,0.5511554,0,0.2764694,0,0,0,0,0,0,0,0,0,0,0,0,0,0,0,0,0,0,0,0,0,0,0,0,0,0,0,0,0,0,0,0,0.008446247,0,0,0,0,0,0,0,0,0.6325258,0,0,0,0,0.3671932,0,0,0,0,0,0,0.3339037,0,0,1.627188,0.9438879,0,
0,0,0.1476367,0,0,0,0,0.2001788,0,0,0.2685107,0,0.3822063,0.6432698,0,0,0,0,0,0,0,0,0,0,0,0.04632492,0,0,0,0.3812816,0.09976472,0,0.5187209,0,0,0,0,0,0.2948337,0,0,0,0,0,0.06372094,0,0,0,0,0,0,0,0,0,0,0,0.09783804,0,0,0,0,0,0,0.02774745,0,0,0,0,0,0,0,0,0,0,0,0.06216905,0,0.05773961,0,0,0,0,0,0,0,2.151078,0,0,0,0,0,0,0,0,0,0,0,0,0,0,0,0,0,0,0,0,0,0,0,0,0,0,0,0,0,0,0,0,0,2.971994,2.074926,2.236619,0,0.2838901,0,0.7290987,0.02674682,1.440265,0,0,0.3377343,1.767464,0,2.033811,1.39996,2.337937,2.290931,0.6509091,0,0.4551885,7.366944,0,3.210816,3.498442,0,0,0,0,0.4063126,0,0.03741832,0.3069265,0,0,0,0,0,0,0,0,0,0,0,0,0,0,0,0,0,0,0,0,0,0,0,0,0,0,0,0,0,0,0,0,0,0,0,0,0,0,0,0,0.5005763,0,0,0,0,0,0,0,0,0,0,0,0,0,0,0,0,0,0.263819,0,0,0,0,0,0,0,0,0,0,0,0,0,0,0,0,0,0,0,0,0,0,0.09063324,0.09986977,0,0.03502574,0,0,0,0,0.3548685,0,0.3626039,0.1615818,0.005019133,0.0614162,0,0,0,0.09644972,0,0.08858981,0.08096555,0.4158006,0,0.2760707,0.2961275,0.5074173,0.09539992,0,0.1164703,0.7484894,0.1261235,0,0.196045,0,0,0,0,0,0,0.2295531,0,0,0.07047255,0.2404158,0,0.01008973,0,0.07898124,0,0,0.4046097,0,0,0.04810651,0,0.00527718,0,0,0,0,0,0,0.04182652,0,0,0,0,0,0,0,0,0,0,0,0,0,0,0,0.4169225,0,0,0,0,0.5776073,0,0,0,0,0,0.007598932,0,0,0,0,0,0,0,0,0,0,0,0,0,0,0,0,0.1367788,0.08013324,0.08572945,0,0,0.03848093,0,0.04569576,0,0,0,0.1341085,0,0,0,0.1039043,0,0,0.07694092,0,0,0,0.4592531,0,0.1468256,0.2661852,0,0,0,0,0.131463,0.3254139,0,0,0.1075569,0.01440976,0,0,0,0,0.4795957,0,0.06997472,0.26739,0.3103018,0.527224,0,0.1821538,0,0,0,0,0.1168291,0.04796634,0,0.1013478,0,0.5733368,0,0.3193226,0.08985313,0,0,0.2287176,0,0.1146043,0.09408399,0,0,0,0,0,0,0.0472203,0.2517326,0.3356374,0.3222901,0.525695,0,0.2849529,0,0.25476,0,0,0,0.305341,0.2226003,0.4421572,0,0.04851225,0,0.1161628,0,0.2590832,0.1159806,0,0.04122209,0.7441391,0.2316005,0,0.07284174,0,0,0,0,0,0,0,0,0,0,0,0,0,0,0,0,0,0,0.4834691,0,0,0,0,0,0.141663,0,0.02198921,0,0,0,0,0,0,0,0,0,0,0.07552088,0.3821812,0,0,0,0,0,0,0,0,0,0,0.1911245,0,0,0,0,0,0,0.009659191,0,0.9364057,2.395161,
0,0,0,0,0,0,0.06822424,0,0,0,0,0.1387292,0.2296441,0.3298756,0,0.06764267,0,0,0,0.1284986,0,0.2536782,0,0.3087134,0.4270716,0.06834762,0,0,0,0.180728,0.2929819,0,0.1574022,0.4885556,0,0.2080441,0.007922644,0,0.1228782,0,0.3990564,0,0.3240174,0,0,0,0,0,0,0,0,0,0,0.02085492,0,0,0,0,0,0,0,0,0,0,0,0.1841589,0,0,0,0,0,0,0,0,0,0,0,0,0,0,0,0,0,0,0,0.2856283,0.8802705,0,0,0,0,0,0,0,0,0,0,0,0,0,0,0,0,0,0,0,0,0,0,0,0,0,0,0,0,0,0,0,0,0,1.065951,0,0.9974826,0,0,0.3414906,0,0,0,0.6118311,0,0,0,0,0,2.810744,2.120125,0,0.411591,1.420167,11.01256,0,0,1.782955,0,0,1.735469,0,0,0,0,0,0,0,0,0,0,0,0,0,0,0.02090367,0,0,0.01033535,0,0,0,0,0,0,0.1485079,0,0,0,0,0,0,0,0,0,0,0,0,0,0,0,0,0,0,0,0,0,0.1045982,0.353348,0.2004401,0,0,0,0,0,0,0,0,0,0,0,0,0,0,0,0,0,0,0,0,0,0,0,0,0,0,0,0,0,0,0,0,0,0,0.05040769,0.09096356,0,0.08604158,0.4670442,0,0.6142372,0,0.2273752,0.2225463,0,0,0,0.2240343,0,0,0,0,0,0,0.03329951,0.09885645,0,0,0,0.1243682,0,0.3326102,0,0.1906821,0,0.05750981,1.121432,0,0,0,0,0,0,0,0,0.0463232,0,0,0,0,0,0.4737165,0,0.2577378,0.1716331,0.4585193,0,0,0,0.2750559,0,0.00788387,0,0.1359612,0,0,0.408687,0.05969201,0,0,0,0,0,0,0,0,0,0,0,0,0,0,0,0,0,0,0,0,0,0.500938,0.04155437,0.1359817,0,0.08073787,0.02503552,0.1887083,0.1643952,0.109552,0,0,0,0,0,0,0,0,0,0,0,0,0,0,0,0,0,0,0.1969989,0.2225498,0,0,0,0,0,0.4006443,0.03787189,0.1000389,0,0.1140055,0,0,0.08405948,0,0,0,0,0.1315588,0.1474688,0,0.09591307,0.04998256,0,0,0.04721722,0,0,0.2033188,0,0.1760164,0,0,0.0975451,0,0.1234434,0,0.113933,0.1668364,0,0,0,0,0.1117779,0,0,0.2765858,0.1738624,0.2631609,0,0,0,0,0.6320471,0,0,0,0,0.3607862,0,0,0,0,0,0,0,0.1422378,0.2477706,0.2040887,0.1946193,0,0.08514211,0.2185736,0,0.1026843,0.4620446,0,0.3605757,0.1487041,0,0,0,0.06649506,0.3979117,0.2856511,0.2138945,0,0,0.05409624,0,0.04608127,0,0,0,0,0.3481685,0,0,0,0,0,0,0,0,0,0,0,0,0,0,0,0,0,0,0,0,0,0,0,0,0,0,0,0,0,0,0,0,0,0.05815794,0.1553194,0,0,0,0,0,0,0,0,0,0,0,0,0,0,0,0,0,0,0,0,0,0,0.04219004,0,0.3666509,0,
0,0,0,0.2543719,0,0,0,0,0,0.1090504,0.4031712,0,0,0.1793154,0.1487579,0,0,0,0,0,0,0.1832917,0.02381617,0,0,0,0,0,0,0,0.02022736,0,0.1748172,0.1543348,0,0.1825838,0,0,0.4212941,0,0,0.1837492,0,0.1611662,0.1414513,0,0,0,0,0,0,0,0,0,0,0,0,0,0,0,0,0.08594682,0,0,0,0,0,0,0,0,0.1277799,0.01357397,0,0,0,0,0,0,0,0,0,0,0,0,0,0,0,0,0,0.1176965,0,0,0,0,0,0,0,0,0,0.1599918,0,0,0,0,0,0.05430054,0,0,0,0,0,0,0,0,0,0,0,0,0,0,3.336459,0.4857389,0.3358756,0,2.213559,2.789258,0,0.6606548,1.318956,0,0,0,5.33024,0,0,3.507551,3.708892,0,0,0,0,3.668842,0,0,12.28379,0,0.1122746,0.001926795,0.06061509,0,0,0.05112256,0,0,0,0,0,0,0,0,0,0,0,0,0,0,0,0,0,0.2478636,0,0,0,0,0.1116786,0,0.3390164,0.05577656,0,0,0,0,0,0,0,0,0,0.04380025,0,0,0,0,0,0,0.4344272,0,0.02407833,0,0,0,0,0,0.5873334,0,0.2225544,0,0,0,0,0,0,0,0,0,0,0,0,0,0,0,0,0,0,0,0,0,0,0,0,0,0,0,0,0.1154586,0,0.1675971,1.582345,0.04015675,0.0477185,0.09096052,0.3799143,0,0.1902419,0,0,0,0,0.3656174,0,0.4825413,0.2610786,0,0,0.3439567,0,0.2399704,0,0.3715758,0,0,0,0,0,0,0,0,0,0,0,0,0,0,0.1158496,0.2825966,0,0.1123733,0.1837986,0,0,0.09968879,0.2786808,0,0,0,0,0,0,0.02178951,0,0.05395533,0,0.1164398,0,0.3109454,0,0,0,0.2488192,0,0,0,0,0,0,0,0,0,0,0,0,0,0,0,0,0,0,0,0,0,0,0,0.3121715,0.2441252,0,0.03431628,0,0,0,0,0,0,0,0,0,0,0,0,0.2853145,0,0,0,0.05601481,0,0,0,0,0,0,0,0,0,0,0,0.1964049,0,0,0.4649743,0.2313547,0.01826215,0,0.1226256,0,0,0,0,0.005124054,0,0,0,0.2700091,0.06111287,0,0,0,0,0.4753747,0.0703878,0,0.6313726,0.2310079,0,0,0,0,0,0,0,0.1388099,0.04633565,0,0.03881587,0,0,0,0.09722256,0,0,0,0.4498829,0,0,1.105612,0,0,0,0,0,0,0.314227,0,0.104271,0,0,0.1551275,0.1335124,0.1784864,0,0.1675081,0,0.3969029,0.2416676,0,0,0.082056,0,0.04767378,0.03467728,0,0,0,0,0,0.1491835,0.1937641,0.3216991,0,0,0,0,0,0,0,0,0,0,0,0,0,0,0,0,0,0,0,0,0,0,0,0,0,0,0,0,0,0,0,0,0,0,0,0,0,0,0,0,0,0,0,0,0,0.01155915,0,0,0,0.008486918,0,0,0,0,0,0,0,0,0,0,0,0,0.3615421,0,0,
0,0,0.1088706,0,0,0.2819684,0,0,0.01297081,0,0.4781033,0.289746,0,0,0.03146775,0,0.2322955,0,0,0,0,0,0,0,0.3386895,0,0,0.5559263,0,0.8187473,0,0.1040888,0.3897395,0,0,0.08841717,0,0.0867394,0.07106525,0.5995274,0,0,0,0,0,0,0.01982211,0,0.2039162,0,0,0,0,0,0,0.01264055,0.2582503,0,0,0,0,0,0.06887247,0,0,0.1369642,0,0,0,0,0,0,0,0,0,0,0,0,0,0,0,0,0,0,0.1059245,0,0.3675556,0,0,0,0,0,0,0,0,0,0,0,0,0,0,0,0,0,0,0,0,0,0,0,0,0,0,0,0,0,0,0,0,0,0.7028525,0,2.091933,0,0,0,5.077919,3.581407,0,1.913362,6.773672,5.444554,5.190763,0,5.826374,0,1.988443,2.673885,0,1.537555,4.398499,1.451296,4.568292,10.77077,1.779112,7.243478,0,0.2722287,0.8673487,0.6911246,0.1721833,0,0,0,0,0,0,0,0,0,0,0,0,0,0,0,0,0,0,0,0,0,0,0,0,0,0.04445553,0,0,0.5220845,0,0,0,0,0,0,0,0,0,0,0,0,0,0.4256612,0,0,0.5010555,0,0,0.2746368,0,0,0,0,0.2093886,0,0,0.4677528,0,0,0,0,0,0,0,0,0,0,0,0,0,0,0,0,0,0,0,0,0,0,0,0,0.03692358,0,0.07429341,0,0.01273621,0,0.1072745,0,0.8961129,0,0.1542861,0,0,0,0,0,0.3195189,0.1736973,0,0,0.2047412,0,0.07387234,0,0.01125911,0,0,0.1834942,0,0,0.04056164,0,0.119656,0.27165,0.07581704,0,0.118101,0,0,0.07110769,0,0,0.1421354,0,0,0.07396362,0,0,0,0,0,0.2006358,0.6052054,0,0,0,0,0.1118321,0,0,0.09878896,0,0.01296245,0,0.4863209,0,0,0,0,0,0,0,0,0,0,0,0,0,0,0,0,0,0,0,0,0,0.111044,0.05426227,0,0,0,0,0,0,0,0,0,0,0,0,0,0,0,0,0,0,0,0,0,0,0.2633989,0,0,0,0,0,0,0,0,0.4099294,0,0,0.5122183,0.4254279,0.0418105,0.1980273,0,0,0.01567457,0.1978066,0.2757249,0,0,0,0,0,0,0.1871621,0.006915893,0,0.1643306,0,0.6976937,0,0,0.2393439,0.3497987,0,0.1439109,0,0,0,0.1058369,0.09850422,0.2351946,0,0,0,0.3371841,0.041175,0.07663564,0.09242186,0.3684975,0,0,0.09182809,0,0,0.07101373,0.4410048,0,0.2905509,0.1334177,0.09669588,0,0.4864374,0,0.4356633,0,0,0.5080525,0.1630239,0.3046684,0,0,0,0,0,0,0.08691192,0,0,0,0.2411895,0,0,0,0,0,0.1050922,0.6042545,0.2301061,0,0,0,0.09520375,0,0,0,0,0,0,0,0,0,0,0,0,0,0,0,0,0,0,0,0,0,0,0,0,0,0,0,0,0,0,0,0,0,0,0,0,0,0,0.3021265,0,0.01229429,0,0.3722613,0,0,0.05675674,0,0.1969068,0,0,0,0,0,0,0,0,0,0,0,0,0,0,
0.5532697,0.1084773,0,0,0,0,0,0,0,0.2131269,0,0.5109569,0,0,0,0.0445213,0,0.2003315,0,0,0,0.09670787,0.2904512,0,0.308628,0.228385,0,0.1269461,0,0,0,0,0,0.06284478,0.4269228,0,0,0,0.2927261,0,0,0,0.2264973,0,0,0,0,0,0,0,0,0,0.1990796,0,0.1527948,0,0,0,0,0,0,0,0,0,0,0,0,0,0,0,0,0,0,0,0,0,0,0,0,0,0,0,0,0.05919517,0,0,0,0,0,0,0,0,0,0.2736497,0,0,0,0,0,0,0,0,0,0,0,0,0,0,0,0,0,0,0,0,0,0,0,0,0,0,0.2972753,0,1.03149,3.580446,2.044389,1.478944,3.800243,3.716661,4.994344,0,0,5.725273,1.74854,0,0,2.487657,1.558958,1.831972,0,0,0,0,4.280329,3.36331,7.82105,0,0,0,0,0,0,0,0.127519,0,0,0,0,0,0,0,0,0,0,0,0,0,0,0,0,0,0,0,0,0,0,0,0.5042235,0,0,0,0,0,0,0,0,0,0,0,0,0,0,0,0,0.2905081,0,0,0,0,0,0,0,0,0,0,0,0,0,0,0,0,0,0.5112912,0,0.08732892,0.1713206,0,0,0,0,0,0,0,0,0.1958503,0,0,0,0,0,0,0,0,0,0,0,0,0,0,0,0,0,0.05102499,0.3914588,0.06136302,0,0.2745665,0.09787688,0.08952533,0.2403178,0.08843211,0,0,0.2946016,0,0,0,0,0.4632198,0.2335909,0,0.3942006,0,0,0,0,0,0.2139062,0.08884729,0.1831469,0.1585183,0,0.2852748,0,0.2999856,0,0,0,0.3335985,0,0.3173183,0.0295019,0.05787712,0.08983538,0,0,0,0,0,0,0.1267436,0,0,0,0,0.008488129,0,0,0.3634372,0,0,0,0,0.1664137,0,0,0.2421685,0,0,0,0,0,0,0,0,0.01021464,0,0,0,0.0111635,0.1637799,0.274193,0.3651187,0,0,0,0,0.1619854,0,0.3952815,0,0,0,0,0,0,0,0,0,0,0,0,0,0,0,0,0,0,0,0,0,0,0,0,0,0,0,0.7180998,0,0.1292596,0.1872603,0,0,0,0.002101396,0,0.01355177,0,0,0,0,0.1002865,0,0,0,0.1722761,0,0.001214356,0,0,0,0,0.4764231,0.02603957,0.006433175,0,0.1572999,0,0.3084543,0,0.09647214,0.2419859,0.05608986,0,0,0,0.2959743,0,0,0,0.200368,0,0,0,0,1.04595,0,0,0,0,0,0,0,0,0.1441916,0.2310824,0,0,0,0.1977454,0,0,0,0,0,0,0,0,0,0,0,0,0,0,0,0.1335973,0.7486916,0,0,0,0,0,0,0,0,0,0,0,0,0,0,0,0,0,0,0,0,0,0,0,0,0,0,0,0,0,0,0,0,0,0,0,0,0,0.009188008,0,0,0,0,0,0,0.2376387,0,0,0.1170289,0,0,0,0.3119108,0,0,0,0,0,0,0,0,0,0,0,0,
0,0,0,0,0.3545001,0,0,0.2112538,0,0.1179532,0,0,0,0.3088855,0.1986161,0,0,0.1864266,0,0,0,0,0,0.2749925,0.4739209,0,0.05476933,0.08551218,0.4162059,0,0,0.545249,0.2114562,0.0679267,0.0349598,0,0,0,0,0,0,0,0,0.1855059,0.2482721,0,0.01132087,0,0,0,0,0,0,0.08025806,0,0.1718723,0,0.429352,0.1704656,0,0,0.6063051,0,0,0,0,0,0,0,0,0,0,0,0,0,0,0,0,0,0,0,0,0.1723735,0,0,0,0,0,0,0,0,0,0.1923087,0,0,0,0,0,0,0,0,0,0,0,0,0,0,0,0,0,0,0,0,0,0,0,0,0,0,0,0,0,0,0,0.5326357,3.019193,0.3746608,0.8957921,0,0,0,0,0,3.973989,0,0,2.492752,12.01033,1.168116,0,0,0.3429322,3.022247,5.518184,0.3699379,1.427894,2.244255,2.589161,0.6814184,1.542762,0.4278971,0,0,0,0,0,0,0,0,0,0,0,0,0,0,0,0,0,0,0,0.1199094,0,0,0,0,0,0.1475593,0,0.4824814,0,0.4004799,0.07363966,0.01047845,0,0,0,0,0,0,0,0,0.5198117,0,0.1348668,0,0,0,0,0,0,0,0,0,0,0,0,0,0.1215791,0,0,0.2581065,0,0,0,0,0,0,0,0.5500202,0,0,0,0,0,0,0,0,0,0,0.09127383,0,0,0,0,0,0,0,0,0,0,0.1289844,0.1378856,0,0,0,0,0,0,0,0.09466892,0,0.09229778,0,0.3753361,0,0,0,0,0.106367,0,0,0,0,0.1854708,0,0,0,0.08429844,0,0.4871141,0.1057151,0.2542028,0.2935219,0.2496691,0,0,0,0.1604155,0.298596,0,0.01644785,0.01619323,0.01653872,0.2775858,0.180738,0,0,0,0,0,0.1497953,0,0,0.5673288,0.05239996,0,0.2420121,0.06108099,0,0.2245075,0,0,0,0,0.2059171,0,0.1439109,0,0,0,0,0,0,0,0,0,0,0,0,0,0,0,0,0.2037701,0.04769535,0,0,0.4051269,0.08820932,0,0,0,0,0,0,0,0,0,0,0,0,0,0,0,0,0,0,0,0,0,0,0,0,0.01131066,0.5729466,0,0,0.1779864,0,0,0,0.8212132,0,0,0,0,0,0,0,0,0.01433735,0,0,0,0.0787217,0,0,0,0.1843078,0.08750395,0,0,0,0,0,0,0,0.1199089,0,0,0,0,0,0,0.2265723,0,0,0,0,0,0,0.2052556,0,0.4039897,0,0,0.02282458,0,0.2671988,0.05827275,0,0,0,0.003433899,0.2189901,0.09798834,0,0,0,0,0,0,0,0,0,0,0,0,0,0,0,0,0,0,0.3604947,0.5153487,0,0.370464,0,0,0,0,0,0,0,0,0,0,0,0,0,0,0,0,0,0,0,0,0,0,0,0,0,0,0,0,0,0.03151124,0,0,0.04624094,0,0.6617459,0,0,0,0,0,0,0,0,0,0,0,0,0,0.3898023,0,0,0,0,0,0.1433263,0,0,0,0,0.2599174,0.1495302,0,
0,0,0,0,0,0,0,0,0,0,0,0,0.07303127,0.1141341,0,0,0,0,0.389231,0,0.405484,0.3079717,0,0.2935506,0.1762543,0.233615,0.2297044,1.43559,0.4793541,0.2579908,0,0,0,0,0,0,0,0,0,0,0,0,0,0,0,0,0,0,0,0,0,0.1350736,0,0,0,0,0,0.05666554,0,0,0,0,0.4213646,0,0,0,0,0,0,0,0.1985845,0,0,0,0,0,0.1828412,0,0,0,0,0,0.0842518,0,0,0,0,0,0,0.4653039,0,0,0,0,0,0.2881156,0,0,0.3983446,0,0,0,0,0,0,0,0,0,0,0,0,0,0,0,0,0,0,0,0,0,0,0.2824539,0,0,0,3.726603,0,0,0,0,0,1.336362,0.6871971,4.156324,0,3.342576,0,4.94172,0.9037529,2.764442,6.300521,0.2108967,0,0,0,0,7.23547,0,0,0.6597427,0,0,0,0,0,0,0,0,0,0,0,0,0,0,0,0,0,0,0,0,0,0,0,0,0,0,0,0,0.2255286,0,0,0.04914808,0,0,0,0,0,0,0,0,0,0,0,0.1379188,0,0.3478125,0,0,0,0,0,0,0.1148296,0,0,0,0,0,0,0,0,0,0,0,0,0.1165451,0,0,0,0,0,0,0,0,0,0,0,0,0,0,0,0,0,0,0,0,0,0,0,0.2526971,0,0.2865288,0,0,0,0.4482577,0.2106454,0.326015,0.5130471,0.2706419,0.2583872,0,0.06007027,0,0,0,0,0.3034314,0,0,0,0.1820825,0.2640799,0,0.03438143,0,0.1911918,0,0,0,0,0.1009877,0.2287428,0,0,0.0316169,0.5660173,0,0,0,0,0,0,0.2139994,0,0,0,0.05307891,0,0,0,0,0.4424802,0,0.02377376,0.09830886,0.1938796,0.01558809,0,0,0,0,0,0.2789056,0.3286805,0,0,0,0.04304968,0.02204596,0,0,0,0,0,0,0,0,0.4952537,0.02404513,0,0,0,0,0,0,0,0,0,0,0,0,0.2328553,0,0,0.009987183,0,0,0,0,0,0,0,0,0,0,0,0,0,0,0,0,0,0,0,0,0,0,0.1310542,0,0,0,0,0,0.01415688,0,0,0.09955841,0.1936929,0.375948,0.08401936,0.3987617,0,0,0,0,0.3776444,0.6310563,0.2705059,0,0,0.154812,0.000957956,0.6889071,0,0,0.5153384,0.1781137,0,0.2617872,0,0,0.1793084,0,0,0,0,0,0.7238998,0.04229734,0,0.0637238,0,0,0,0.001965951,0.4923989,0.04672131,0,0,0,0,0,0,0,0,0,0,0,0,0.2375611,0,0,0,0,0.1680024,0,0,0,0,0,0,0,0,0,0,0,0,0,0,0,0,0,0,0,0,0,0,0,0,0,0,0,0,0,0,0,0,0,0,0,0,0,0,0,0,0,0,0,0,0,0,0,0,0,0,0,0,0,0.1389969,0,0,0.1053496,0,0,0,0.04500199,0,0,0,0,0,0,0,0,0,0,0,0,0,
0,0,0,0,0,0,0,0,0,0,0,0,0,0.001718911,0,0,0.1847337,0,0,0.1146193,0.1401221,0.03092182,0.2604873,0.0562766,0.125672,0,0.1862136,0.09916209,0.5150081,0.06616835,0.2266327,0.05706342,0.5884095,0,0,0.133021,0,0,0,0.08107952,0,0,0,0,0.08376895,0,0,0,0,0,0,0,0,0,0,0,0,0,0,0.1109556,0,0,0.5038643,0,0,0,0,0,0,0,0,0,0,0,0,0,0,0,0,0,0,0,0,0,0,0,0.1986416,0,0,0,0,0,0.09519032,0,0,0,0,0,0,0,0,0,0,0,0,0,0,0,0,0,0,0,0,0,0,0,0,0,0,0,0.04416288,0,0,0,0,0,0,0.8134727,0,0,1.375251,0,0,4.614237,1.941689,0,0,10.04332,0,3.352182,0,1.800791,0.1487906,0,2.070872,0,3.757387,0,0,1.294118,0,0.1187911,0,0,0,0,0,0,0,0,0,0,0,0,0,0,0,0,0,0,0,0,0,0,0,0,0,0,0,0.4395975,0.1600598,0.7422289,0,0.06508072,0,0,0,0,0,0,0,0,0.0898796,0,0,0.06678984,0,0,0,0,0,0,0,0,0,0,0,0,0,0,0,0,0,0,0.2500616,0,0,0,0,0,0,0,0,0,0,0,0,0,0,0,0,0,0,0,0.5653763,0,0,0,0,0.1243437,0.008069955,0,0.304028,0,0,0,0,0.3210256,0,0.09259995,0,0,0,0,0.1528862,0,0,0,0,0,0.02188554,0.02691665,0.04202246,0,0,0.2191302,0,0.01109759,0.2824218,0.1213031,0,0,0,0.001076712,0,0,0,0,0.3721513,0.5220135,0.3066468,0,0,0.1907477,0,0,0,0,0,0,0,0,0,0,0,0,0.5457233,0,0,0,0,0,0,0,0,0,0,0,0,0,0,0,0,0,0,0.1436884,0,0,0,0,0,0,0,0,0,0.2854409,0,0.3327232,0,0,0.05100443,0,0,0,0,0,0,0,0,0,0.6770748,0,0,0,0,0,0,0,0,0,0,0,0,0,0,0,0,0,0,0,0,0,0,0,0,0,0.225331,0,0.02980886,0,0.1140414,0.1116974,0,0.1000899,0.3327762,0,0,0,0,0,0.6814419,0,0.2607471,0,0,0.8083977,0,0,0.07953901,0.06764165,0,0,0.06285167,0.7975311,0.1918017,0,0,0,0,0,0,0.06314531,0,0,0.7948318,0.5304444,0.1270576,0.3763594,0,0.07037397,0.373358,0.01086435,0.1559316,0,0,0.4607168,0,0,0,0,0,0,0,0,0,0,0,0,0,0,0,0,0,0,0,0,0,0.02598296,0,0,0,0,0,0,0,0,0,0,0,0,0,0,0,0,0,0,0,0,0,0,0,0,0,0,0,0,0.04907786,0,0,0,0,0,0,0,0,0.2592635,0,0,0,0,0,0.2895305,0.1633875,0,0,0,0,0,0,0,0,0,0,0,0,0,0,0,0,0,
0,0.009442584,0,0,0,0,0,0,0,0.1991974,0,0,0,0,0,0.4925144,0,0,0.09217647,0,0.4175563,0,0,0,0,0.1384146,0,0,0.09626768,0,0.5215477,0.1078519,0.1289149,0,0.1233816,0.0679997,0.1223238,0.1151579,0,0,0,0,0,0,0,0,0,0,0,0.2920057,0,0,0,0,0.004603826,0,0,0,0,0,0,0,0,0,0,0,0,0,0,0,0,0,0,0,0,0,0,0,0,0,0,0,0,0,0.3230771,0,0,0,0,0.1613155,0,0,0,0,0,0,0,0,0,0,0,0,0,0,0,0,0.5084316,0,0,0,0,0,0.224771,0,0.2072894,0,0,0,0,0,0,0,0,0,0,0,2.821627,0,4.21301,5.141403,4.808702,3.84809,6.187825,0,8.582268,0,1.601279,0,13.26018,2.450868,0,1.695735,11.08412,6.142828,0,2.74267,0,0.7819523,0,0.01146149,0,0.09970541,0,0,0,0,0,0,0,0,0,0,0,0,0,0,0,0,0,0,0,0,0,0,0,0,0,0,0,0.5027428,0.1728747,0.2456312,0,0.04311378,0,0,0,0,0,0,0,0.05983902,0,0,0,0.1478572,0,0,0,0,0,0,0,0,0,4.604018E-05,0,0,0,0,0,0,0,0,0,0,0,0,0,0,0,0,0,0,0,0,0,0,0,0,0,0,0,0,0,0.06117893,0,0.01804197,0.06413232,0.1977073,0.2792042,0,0,0,0,0,0,0,0.4643838,0,0.1730037,0.08790522,0,0,0,0.009000868,0,0,0,0,0,0,0,0,0.3501226,0,0.2297942,0,0.3713738,0.1363498,0.06010466,0,0,0.1357645,0,0,0,0,0.446924,0,0,0,0,0,0,0,0,0,0,0,0,0,0,0,0,0,0,0.3917939,0,0.1341164,0,0,0,0,0.08683732,0,0,0,0,0,0,0,0,0,0,0,0,0,0,0,0,0,0,0,0,0,0,0,0,0,0,0,0,0,0.1396698,0,0,0,0,0,0,0,0,0,0,0,0,0,0,0.1146428,0,0,0,0,0,0,0,0,0,0,0,0,0,0,0.008267048,0,0,0,0,0,0,0,0,0,0.05547168,0.09055231,0.01122974,0.1157383,0,0.2152826,0.9824327,0.1698566,0,0,0,0,0,0.6722334,0,0.3730827,0,0,0.2421339,0,0.06171047,0,0,0,0,0,0,0,0,0,0.08332974,0.2353879,0,0,0,0,0,0.01136841,0.3354316,0,0.5186072,0,0.2895854,0,0,0,0,0,0,0,0,0,0,0,0,0,0,0,0,0,0,0,0,0,0,0,0,0,0,0,0,0,0,0,0,0,0,0,0,0,0,0,0,0,0,0,0,0,0,0,0,0,0,0,0,0,0,0,0,0,0,0,0,0,0,0,0,0,0.1690591,0,0,0,0,0.07466442,0,0,0,0,0,0.4268381,0,0.4818492,0,0,0.2110397,0.2550765,
0,0,0,0,0,0,0,0,0,0,0,0,0,0,0,0.01388031,0,0,0,0.1104882,0.03042574,0,0.2330792,0.04492697,0,0.1606287,0,0,0,0,0.1293274,0,0,0,0,0.138299,0,0,0.343508,0.2339565,0,0,0.2482465,0,0,0,0,0.7407309,0,0,0,0.5238976,0,0,0,0,0,0,0,0,0.2110364,0,0,0,0,0,0,0,0,0,0,0,0,0,0,0,0,0,0,0,0,0,0,0,0,0,0,0.2240906,0,0,0,0,0,0,0,0,0,0.74431,0,0,0,0,0,0,0,0,0,0,0,0,0,0,0,0,0,0,0,0,0,0,0,0,0,0,0,0,0,2.239382,3.611404,3.870103,0,0,2.415937,0,1.187541,0,2.591322,0,0.310733,0,9.330606,6.397758,0.9294818,3.420851,7.518785,5.913476,0.2925015,0,0,0,0,0.01568254,0,0,0,0,0,0,0,0,0,0,0,0,0,0,0,0,0,0,0,0,0,0,0,0,0,0,0,0,0,0,0.02253596,0,0,0,0,0,0,0,0,0,0,0,0,0,0,0,0,0,0.1915789,0,0,0,0,0,0,0,0,0,0,0,0,0,0,0,0,0,0.108232,0,0,0.1907217,0,0,0,0,0,0,0,0,0,0,0,0,0,0.3485519,0,0.02105095,0,0,0,0,0.09885462,0,0,0.07735569,0.2355768,0,0,0.05439621,0,0,0.1365041,0,0,0,0,0,0,0,0,0,0,0,0,0,0,0,0.3282112,0.1160834,0,0,0.1167465,0,0,0,0,0,0,0.9039867,0.1829488,0.3947666,0,0,0,0,0,0,0.001492752,0,0,0,0,0,0,0.08265989,0,0,0.06317072,0.5419087,0,0,0,0,0,0,0,0,0,0,0,0,0.06273794,0,0,0,0,0,0,0,0,0,0,0,0,0,0,0,0,0,0,0,0,0,0,0,0,0,0,0.1153291,0,0,0,0,0,0,0,0,0,0,0,0,0,0,0,0,0,0,0,0,0,0,0,0,0,0,0,0,0,0,0.336129,0,0,0,0,0.1972144,0.2855814,0,0,0.01961774,0,0,0,0,0,0.1490609,0.1002569,0.08640102,0,0,0.005077926,0.2502382,0.1215716,0,0.3017814,0,0,0,0,0,0,0,0,0,0,0,0,0,0,0,0,0,0,0.2958211,0,0,0,0,0,0,0,0,0,0,0,0,0,0,0,0,0,0,0,0,0,0,0,0,0,0,0,0,0,0,0,0,0,0,0,0,0,0.009372807,0,0,0,0,0,0,0,0,0,0,0,0,0,0,0,0.0159342,0,0,0,0.07860274,0,0,0,0,0,0,0.2865317,0,0.1853943,0,0,0,0,0,0,0,0,0,0,0,0.08924004,0,0,0,0,0,0,0,
0,0,0.1564376,0,0,0,0,0,0,0,0,0,0,0,0,0,0,0,0,0,0,0,0.1817878,0,0.4571785,0,0.435169,0.06378485,0.2514836,0.3691907,0,0,0,0.2867154,0,0.02966877,0,0,0,0,0,0.093849,0,0,0,0,0,0,0,0,0,0,0,0,0,0,0,0,0,0,0,0,0.2605405,0,0,0,0,0,0,0,0,0,0,0,0,0,0,0,0,0,0,0.09914173,0,0,0,0,0,0.06667413,0,0,0,0,0.1211847,0,0.1408121,0,0,0.1491933,0,0.3186252,0,0,0,0,0.01730887,0,0,0,0,0,0,0,0.08547877,0,0,0,0,0,0,0,0,0,0,0,0,0,0,3.076316,5.049545,4.259643,2.635396,2.659238,8.185429,0,0.257853,2.206213,1.326544,8.973504,2.571036,5.080695,0.2193301,4.664402,1.422758,2.217153,0,1.622213,0.6843699,0.3529309,2.214262,0,0,0,0,0,0,0,0,0,0,0,0,0,0,0,0,0,0,0,0,0,0,0,0,0,0,0,0,0,0,0,0,0,0,0,0.2952403,0,0,0,0,0,0,0,0,0,0,0.4420699,0,0,0,0,0,0,0,0,0,0,0,0,0,0,0,0,0,0,0,0,0,0,0,0,0,0,0,0,0,0,0,0,0,0,0,0,0,0,0.09389173,0,0,0,0,0.0267403,0,0.1299472,0,0,0,0,0,0,0,0.3170181,0,0,0,0,0,0,0,0,0,0,0,0,0.1277732,0,0,0,0,0,0,0,0,0.02514789,0.3487519,0.03411457,0.03700091,0.1763885,0,0,0,0,0,0.3610239,0,0,0,0,0,0,0,0,0,0,0,0,0,0,0,0,0.1165094,0,0,0,0.02924478,0,0,0,0,0,0,0,0,0,0,0,0,0,0,0,0.1258557,0,0,0,0.1614738,0,0,0,0,0,0,0,0,0,0,0,0.1426964,0,0,0.4870831,0,0.3245684,0.03448104,0,0,0,0,0,0,0,0,0,0,0,0,0,0,0,0,0,0,0,0,0,0,0,0,0,0,0,0,0.1808393,0.0001843686,0.3887781,0,0,0,0,0.1692412,0.2679851,0,0.1711771,0,0,0.1999777,0.1825191,0,0.1385048,0,0.2959484,0,0,0.3494219,0,0,0,0,0,0,0,0,0,0,0,0,0,0,0,0,0,0,0.3086821,0,0,0,0,0,0.2974841,0,0,0,0,0,0,0.2814737,0,0,0,0,0,0,0,0,0,0.04455296,0,0,0,0,0,0,0,0,0,0,0,0,0,0,0,0,0,0,0,0,0,0,0,0.1051205,0.03011169,0,0,0,0,0,0,0.1668227,0.1068845,0,0,0,0,0,0,0,0,0,0,0,0.06583622,0,0,0,0,0,0.04464998,0,0,0,0.2447421,0,0.3013393,0,0,0.09059393,0,0,0,0.1191227,0,0,0,
0,0,0,0,0,0,0,0,0,0,0,0,0,0,0.2363909,0,0.2601311,0,0.6172645,1.21072,0.08590258,0.2001012,0,0,0.1718154,0.1305596,0.09144489,0.5631956,0,0,0,0,0,0,0.04356684,0,0,0.1827282,0,0,0,0,0.1730418,0,0,0,0,0,0.04924123,0,0,0,0,0.1061978,0,0,0,0.2556596,0,0,0,0.0630015,0,0,0,0.3603426,0.486313,0,0,0,0,0,0,0,0,0,0,0,0,0,0,0,0,0,0,0,0.08237198,0,0,0,0,0,0,0,0,0,0,0,0,0,0,0.2273209,0,0.2273487,0,0,0,0,0,0,0,0,0,0,0,0,0,0,0,0,0,0,0,0,0,0,0,0,1.7047,2.189341,6.11222,1.181647,0,0.1463666,0,1.149629,0,1.233057,0,3.827867,0.9076716,13.25204,0.8495615,0,0,2.461695,0,0,0,0,0,0,0.08786811,0,0,0,0,0,0,0,0,0,0,0,0,0,0,0,0,0,0.02584177,0,0,0,0,0,0,0,0,0,0,0,0,0.1304434,0,0,0,0,0,0,0,0,0,0,0,0,0.03186623,0,0.01480768,0,0,0,0.1724877,0,0,0,0,0,0.222129,0,0,0,0,0,0,0,0,0,0,0,0,0,0,0,0,0,0,0,0.06913543,0,0,0,0,0,0,0,0,0,0,0.2820055,0,0.101149,0.04983441,0,0.0604388,0.02425522,0.134763,0,0.06766186,0,0,0.2659391,0,0,0,0,0,0,0,0,0,0,0,0,0,0,0,0,0,0,0,0,0,0.01634954,0.06507308,0.1665734,0.3199119,0,0,0.2594896,0,0.06570522,0,0,0,0,0,0,0,0,0,0,0,0,0.03684808,0.1413256,0,0.06922486,0.2130812,0,0,0,0,0,0,0,0,0,0,0,0,0,0,0,0,0,0,0,0,0,0,0,0,0,0,0,0,0,0,0,0,0,0,0,0,0,0,0,0,0,0,0.2694389,0.02547099,0,0,0,0,0,0,0,0,0,0,0,0,0,0,0,0,0,0,0,0,0,0,0,0,0,0,0,0.1574544,0,0,0,0,0,0,0,0,0.354232,0.43073,0,0,0.7969451,0,0.5779759,0.07840499,0,0,0.2875862,0,0,0,0,0,0,0,0,0,0,0,0,0,0,0,0,0,0,0,0,0.06752983,0,0,0,0,0,0,0,0,0,0,0,0,0,0,0,0,0,0,0,0,0,0,0.1212756,0,0,0,0,0,0,0,0,0,0,0,0,0,0,0,0,0,0,0,0,0,0,0.1052903,0,0,0,0,0,0,0,0,0,0,0,0,0,0,0.1362055,0.3239759,0,0,0,0,0,0,0,0,0,0,0,0,0,0,0,0,0,0,0,0.1364546,0,0,0,0,0,0,0,
0,0,0,0,0,0,0,0,0,0,0,0,0.2208926,0,0,0,0,0.3669158,0,2.125746,0.6646796,0.2718151,0,0.5391303,0.2050325,0,0.3319484,0,0.1480644,0,0,0,0.04888872,0,0,0.05666482,0.1040624,0,0.1458738,0.5745396,0.1634197,0,0,0,0.4430327,0.03868221,0,0.1990944,0,0,0,0,0.09302828,0,0,0,0,0,0,0,0,0.02593486,0,0,0,0.0708716,0,0,0,0,0,0,0.09111411,0,0,0,0,0,0,0,0.520843,0,0.1963488,0,0,0,0.01359851,0,0,0,0.1690344,0,0,0,0,0,0,0,0,0,0,0,0,0,0,0.3365061,0,0,0,0,0.06679459,0,0,0,0,0,0,0,0,0,0,0,0,0,0,0,0.04194824,0,0,0,1.361348,0,0,3.055951,0.4134811,1.225886,0,4.05239,1.480471,6.104619,3.929263,12.47134,16.20381,2.320991,5.986074,0.7421116,0,0,0,0,0,0,0,0,0,0.441579,0,0.07834403,0,0,0.07051844,0,0,0,0,0,0,0,0,0,0,0,0,0,0,0,0,0,0,0,0,0,0.1329082,0,0,0,0,0,0,0,0,0,0,0,0,0,0,0,0,0,0,0,0,0,0,0,0,0,0,0,0,0,0,0,0,0,0,0,0,0,0,0,0,0,0,0,0,0,0.02975138,0,0,0,0,0,0,0,0,0,0.05197579,0,0,0.1045864,0,0,0,0,0,0,0,0.1693542,0.1545267,0.001764032,0,0,0,0,0,0,0,0,0,0,0,0,0,0,0,0,0.03286061,0,0,0,0,0,0,0,0.07630759,0,0,0.4905423,0,0,0,0.1501091,0,0,0,0,0,0,0,0,0,0,0.07766398,0.1425899,0,0,0,0,0,0,0,0,0,0,0,0,0,0,0,0.249893,0,0,0,0,0,0,0,0,0,0,0,0,0,0,0,0,0,0,0,0,0,0,0,0.1775573,0,0.0635495,0,0,0,0,0.01914316,0,0,0,0,0,0,0,0,0,0,0,0.4366989,0,0,0,0,0,0,0,0,0,0,0,0,0.05581428,0.2749103,0,0,0.06542098,0.05428137,0,0,0.0990112,0,0,0,0,0,0.1166186,0,0,0,0.03535534,0,0,0,0.4656157,0,0,0,0,0,0,0,0,0,0,0,0,0.3589243,0,0,0,0.0214454,0.4107997,0,0,0,0.06541868,0,0,0,0,0,0,0,0,0,0,0,0,0,0,0,0,0,0,0.4866217,0,0,0,0,0,0,0,0.04819071,0,0,0,0,0,0,0,0,0,0,0,0,0,0,0,0,0,0,0,0,0,0,0,0,0,0,0,0,0,0,0.1790238,0.03276285,0,0,0,0,0,0,0,0,0,0,0,0,0,0,0,0,0,0,0,0,0,0,0,0,0,0,0.1068792,0,0.8443232,
0.02863362,0,0,0,0,0,0,0,0,0.089688,0,0,0,0,0,0.2592441,0,0,0,0.4082299,0,0,0,0.3572283,0,0.1346567,0.003834851,0.1070445,0.09379893,0,0,0.09134315,0.7277986,0,0.05010772,0.2328295,0.3978269,0.0808385,0.08294379,0.06504204,0.1662513,0,0,0.1580733,0,0,0,0,0.02074974,0,0,0,0,0,0,0,0,0,0,0.1048332,0,0,0,0,0,0,0,0,0,0,0.06588338,0.07812619,0,0,0,0,0,0,0,0.157104,0,0,0,0,0,0,0,0,0,0,0,0.1266489,0,0,0,0,0,0,0,0,0.1245758,0,0,0,0,0,0,0,0,0,0,0,0,0,0,0,0,0,0,0,0,0,0,0,0,0,0,2.531075,2.265749,6.191244,0.6647205,0,0,2.232764,0.367386,0,4.000638,0,4.810943,7.565309,0,11.38044,0,0,2.527923,10.92679,15.09251,0,0.1610951,0,0,0,0,0,0,0,0,0,0.1436499,0,0,0,0,0,0,0,0,0,0,0,0,0,0,0,0,0,0,0,0,0,0,0,0,0,0.007753596,0.2577739,0.01202301,0,0,0,0,0,0,0,0,0,0,0,0,0.0933436,0,0,0,0,0,0,0,0,0,0.2104717,0,0,0,0,0,0,0,0,0.7322375,0,0,0,0.119668,0,0,0,0.07778591,0.1700051,0,0,0,0,0,0,0,0,0,0,0.1372363,0.2202974,0.3199603,0,0.05596656,0,0.4595388,0,0.3519787,0,0,0,0,0.0192984,0,0.2546349,0.2160345,0,0,0,0,0,0,0,0,0,0,0,0,0,0,0,0,0,0.2027019,0,0.002090285,0,0,0,0,0,0.1563529,0,0,0,0,0.1375813,0,0.235949,0.1669517,0,0.1001767,0,0.2727658,0.004434919,0.1324979,0.3705443,0.2654509,0.3815258,0,0,0,0.0001553234,0,0,0,0.2567866,0,0,0,0,0,0,0,0,0,0,0,0,0,0,0,0,0,0,0,0,0,0,0,0,0,0,0,0,0,0,0,0,0,0,0,0,0,0,0,0,0,0,0,0,0,0,0,0,0,0,0,0,0,0,0,0,0,0,0,0.1945772,0.007305476,0.2441813,0,0,0,0,0,0,0,0,0,0.0897813,0,0,0.1645143,0.08998799,0,0.13971,0,0,0,0.1796832,0,0.01587977,0,0,0,0,0,0,0,0,0,0,0,0,0,0,0,0,0.1083395,0,0,0,0.03141052,0,0,0,0.4058441,0,0,0,0,0,0,0,0,0,0,0,0,0,0,0,0,0,0,0,0,0,0,0,0,0,0,0,0,0,0,0,0,0,0,0,0,0,0,0,0,0,0,0,0,0,0,0,0,0,0,0,0,0,0,0.03460391,0,0,0,0,0.07825547,0,0,0,0,0,0,0,0,0,0,0,0,0,0,0,0,0,0,0,0,0,0,0,0,0,
0,0,0,0,0,0,0,0,0,0.1000128,0.3065858,0,0,0.1759851,0,0,0,0,0.07196205,0,1.073624,0,0,0.2777097,0,0.2861914,0,0,0,0.108545,0.04708803,0.08016093,0.1396322,0.1840759,0.432785,0,0.9162836,0,0.02237098,0,0,0,0.02383704,0,0,0,0,0,0,0,0,0,0,0,0,0.2593501,0,0,0,0,0,0,0,0,0,0.2148008,0.1297864,0.1007207,0.02095941,0,0,0,0,0,0,0,0,1.34864,0,0,0,0,0,0,0,0,0,0,0,0,0,0.4495161,0,0,0,0,0,0,0,0,0,0,0,0,0,0,0,0,0,0,0,0,0,0,0,0,0,0,0,0,0,0,0,0,0.9584022,0,0.5499575,0,0,0,3.687343,2.474817,0,0,0.2159387,0,4.353354,7.389721,2.57184,3.697316,0,5.44979,0,9.526489,0,0,2.173192,0,0,0,0,0.7284082,0,0,0,0,0,0.2852308,0,0,0.4824253,0,0.09686791,0,0.2679828,0,0,0,0,0.04862747,0,0,0,0,0,0,0,0,0,0,0,0,0,0.05726977,0,0,0,0,0,0,0,0,0,0,0,0,0,0,0,0.01044501,0,0,0,0,0,0,0,0,0,0,0,0.0951613,0,0,0,0,0.1109343,0.1315897,0.6524528,0,0.1578559,0.4414214,0,0.1550735,0.5576035,0,0,0,0,0,0.1026312,0,0,0,0,0,0,0,0.1421359,0.07999995,0,0,0,0.2691519,0.05650027,0.1485922,0,0.2092088,0,0,0.09783284,0,0.07446918,0.4942925,0,0,0,0,0,0,0,0,0,0,0,0,0,0,0,0,0,0.4109479,0.1877979,0.06441664,0,0,0.1936202,0.5498738,0.2484144,0,0.3733549,0,0,0.4030642,0.0138089,0,0.1931735,0,0,0,0,0,0.4622834,0,0.03584554,0,0.286733,0,0,0,0,0,0,0,0,0,0,0,0,0,0,0,0,0,0,0,0,0.02284069,0,0,0,0,0,0,0,0.1928368,0,0,0,0,0,0,0,0,0,0,0,0,0,0,0,0,0,0,0,0,0,0,0,0.1162243,0,0,0.1306005,0.088168,0,0,0,0,0,0,0,0,0,0,0,0.04319145,0,0.2370523,0,0,0,0,0,0,0,0,0,0,0,0,0,0,0,0,0,0.09988283,0,0.2182902,0.6121365,0,0,0,0,0,0,0,0,0,0,0,0,0,0,0,0,0,0,0,0.06975864,0.01775398,0,0,0,0.345668,0,0,0.3249777,0,0,0,0,0,0,0,0,0,0,0,0,0,0,0,0,0,0,0,0,0,0.02162202,0,0,0,0,0,0,0.4264492,0,0,0,0,0,0,0,0,0,0,0,0,0,0,0,0,0,0,0,0,0,0,0,0,0,0,0,0,0.5032231,0,0,0,0,0,0,0,0,0,0,0,0,0,0,0,0,0,0,0.226396,0,0,0,0,0,0.2500682,
0,0,0,0,0,0,0,0,0,0,0,0,0.1360109,0,0,0,0,0.1601141,0.463185,0.05980873,0.6620753,0,0,0.007881728,0,0,0.5828381,0,0,0.204258,0.2529236,0.1779667,0,0,0,0,0,0,0,0.3463148,0.2823238,0.04580936,0,0.04383545,0,0,0,0,0,0,0,0.2939406,0,0,0,0,0,0,0.1505235,0.1825189,0,0.4870378,0,0,0,0,0.2774398,0,0,0,0,0,0,0,0,0,0,0,0,0,0.1687447,0,0,0,0,0,0,0,0.3398241,0,0.1781449,0,0,0,0,0,0,0.1122121,0,0,0,0.1640591,0,0,0,0,0,0,0,0,0,0,0,0,0,0,0,0,0,0,0,0,0,0.6423875,0,0,0.01680436,3.693673,0,0.1941728,0,0,5.515809,7.659932,0.3861204,1.146002,0,1.530321,1.446384,0,3.172051,3.263767,4.25547,0,6.826643,17.7946,0,1.041366,0,0,0,0,0,0,0,0,0,0,0,0,0,0,0,0.3424236,0,0,0,0,0,0,0,0,0,0.1355135,0,0,0,0,0,0,0,0,0,0,0,0.1748755,0,0.4572719,0,0,0,0,0,0,0,0,0,0,0,0,0,0,0,0,0,0,0,0.04157115,0,0.283389,0,0,0,0,0.07747485,0.1623228,0,0,0,0.2212239,0,0.4551888,0,0,0,0,0,0,0,0,0,0,0,0,0,0,0,0,0,0,0,0.07465582,0,0,0.06840738,0,0.2383758,0.4197499,0,0.3237325,0.6822428,0,0,0,0,0,0,0,0,0,0,0,0,0,0,0,0,0,0,0,0,0.1617908,0,0,0,0,0,0,0,0,0,0.0004307922,0,0,0.1194439,0.01914641,0,0,0,0,0,0,0,0,0,0,0.0899023,0,0,0,0,0,0,0.01078089,0.02263562,0,0,0,0,0,0,0,0.3377183,0,0,0,0,0,0,0,0,0,0,0,0.1253362,0.5049909,0,0,0.04286768,0,0,0,0,0,0,0,0,0,0,0,0,0,0.3416966,0,0,0,0,0,0,0,0,0,0.2990144,0,0,0,0,0,0,0,0,0,0,0,0,0,0,0,0,0,0,0,0,0,0,0,0,0,0,0,0,0,0,0,0,0,0,0,0.4267257,0,0,0,0,0.411075,0,0,0,0,0,0,0,0,0,0,0,0,0,0,0.2018461,0,0,0,0,0,0,0,0,0,0.2082664,0,0,0,0,0,0,0,0,0.01714759,0,0,0,0,0,0,0,0,0,0,0,0,0,0,0,0,0,0,0,0,0,0,0,0,0,0,0,0,0,0,0,0,0,0,0,0,0,0,0,0,0,0,0,0,0,0,0,0,0,0,0,0,0,0,0,0,0,0,0,0,0,0,0,0,0,0,0,0,0,0,0,0,
0,0,0,0,0,0,0,0,0,0,0.03095786,0.3136139,0,0,0,0.493429,1.69123,4.465368,3.987021,0.5627699,0.0227083,0,0,0.11467,0.1662666,0,0.341681,0,0.3171856,0.3440437,0,0,0,0,0,0,0,0,0,0,0,0.1713805,0.0608307,0.1674333,0.2819121,0,0,0,0,0.08872592,0,0,0,0,0,0,0,0,0,0,0.06605268,0,0,0,0,0.03159948,0.1324032,0,0,0.03643695,0,0,0,0,0,0.2320601,0,0,0,0,0,0,0,0,0,0,0,0,0,0,0,0,0,0,0,0,0,0,0,0,0,0,0,0,0,0,0,0,0,0,0,0,0,0,0,0,0,0,0,0,0,0,2.035997,1.726558,0.2581831,0,0,0,1.802665,0,2.11248,0,4.58814,0,4.528443,0,0,0,0,0,1.918318,0,0,6.789973,11.8064,0,7.885483,0,0,0,0,0.2090293,0.2869618,0,0,0.04896469,0,0.2422749,0,0,0,0.4136257,0,0,0,0,0,0,0,0,0,0,0,0,0,0,0,0,0,0,0,0,0,0,0,0,0,0,0,0,0,0,0,0,0,0,0.2927518,0,0,0,0.05075898,0,0,0.1159519,0,0,0,0,0,0,0,0,0,0.1548104,0.0537402,0,0,0,0,0,0,0,0,0,0,0,0,0,0,0,0,0,0,0,0,0,0,0,0,0,0,0,0,0.1027965,0,0,0.07538323,0.09418844,0.04320197,0,0,0,0,0.3317417,0,0,0,0,0,0,0,0,0,0,0,0,0,0,0,0,0,0,0.08806253,0.02266685,0.3663092,0,0,0.2098028,0.1062588,0,0.1126115,0.3852526,0,0,0,0,0,0,0,0,0,0,0,0,0,0,0,0.3192836,0,0.5510137,0,0,0,0,0,0,0,0,0,0,0,0,0,0,0,0,0,0.05591281,0,0,0,0,0,0,0.138872,0,0,0,0,0,0,0,0,0.1571898,0,0,0.1672363,0,0,0.0193873,0,0,0,0,0,0,0,0,1.51013,0,0,0.6460593,0,0,0,0,0,0,0,0,0,0,0,0,0,0,0,0,0,0,0,0,0,0,0,0,0,0,0.2148681,0,0,0,0.0730293,0,0,0,0.5139544,0.7606456,0,0.1952817,0,0.7437021,0,0,0,0,0,0,0,0,0,0,0,0,0,0,0,0,0,0.2330366,0,0,0.08836152,0,0,0,0,0.4177278,1.179949,0,0,0,0,0,0,0,0,0,0,0,0,0,0,0,0,0,0,0,0,0,0,0,0,0,0,0,0,0,0,0,0,0,0,0,0,0,0,0.2003686,0,0,0,0,0,0,0,0,0,0,0,0,0,0,0.2932492,0,0,0,0,0,0,0,0,0,0,0,0,0,0,0,0,0,0,0,0,0,0,0,0,0,0,0,
0,0,0,0,0.06158803,0,0,0.4375453,0.4518668,0,0,0,0,0,0,0.6021898,2.681721,0.9925976,1.065025,0.7673955,0.9248815,0,0,0.09241845,0,0,0.3293713,0.1631472,0.4011196,0.4935549,0.1008182,0.07210528,0.04516671,0,0,0,0,0,0,0,0,0,0.3332019,0.4812355,0.01354686,0,0,0,0,0,0,0,0,0,0,0,0,0,0.08518858,0,0,0,0,0,0,0,0.03431918,0.3392721,0,0,0,0,0,0,0,0,0,0,0,0,0,0,0,0,0,0,0,0,0,0,0,0,0,0,0.6097633,0,0,0,0,0,0.2951944,0,0,0.2229761,0,0.04418607,0,0,0,0,0,0,0,0,0,0,0,0,0,0,0,0,1.041975,0.6151931,0,0,0,0,0,0,1.527047,0,0,7.089926,7.997247,5.878776,5.125688,0.531781,0.4756129,0.04791327,0.4374782,0,0.7590618,5.457383,7.608885,1.095802,0.5488746,0,0.2960766,0,0,0.06108592,0,0.08150952,0.0483641,0,0,0.02102368,0,0,0,0,0,0,0,0,0,0,0,0,0,0,0,0.09307478,0,0,0,0,0,0,0,0,0,0.1185229,0,0,0.05540709,0.1853622,0.02449531,0,0.1950142,0.4589856,0,0,0,0,0,0.1255386,0,0.1756006,0,0,0,0,0,0,0,0,0,0.07587252,0.0885831,0,0,0,0,0,0.295792,0,0,0,0.09351789,0,0,0,0.09746825,0,0,0,0,0,0,0,0,0,0,0,0,0,0,0,0,0,0,0,0.2374458,0,0.4311858,0,0,0,0,0,0.585944,0,0,0,0.1892419,0,0,0.1707563,0,0,0,0,0,0,0.09471328,0,0,0,0,0,0,0,0.01678598,0,0,0.09696504,0,0,0,0.1687965,0,0.436096,0,0,0,0,0,0,0,0,0,0,0,0,0,0,0,0,0,0.1849827,0,0,0,0,0,0,0,0,0,0,0,0,0,0,0.28835,0,0,0,0,0,0,0,0,0,0,0.05530593,0,0,0,0.2027464,0,0,0,0,0,0,0.76052,0.4030261,0,0,0,0.0491266,0,0,0.02832277,0.626731,1.349203,0.4385415,0,0,0.07374486,0,0,0,0,0,0,0,0,0,0,0,0,0,0,0,0,0.06174178,0,0,0,0,0,0,0,0,0,0.2244785,0,0,0,0,0.2636735,0.1443601,0,0.1413193,0,0.474867,0,0.3012536,0,0,0.006690473,0,0,0,0,0,0,0.03938343,0.002704034,0,0,0,0,0,0,0,0,0,0,0,0,0,0,0,0.02521325,0,0,0,0,0,0,0,0,0,0,0,0,0,0,0,0,0,0,0,0,0.02648617,0,0,0,0,0,0,0,0,0,0,0,0,0,0,0,0,0,0,0,0,0,0,0,0,0,0,0,0,0,0,0,0,0,0,0,0,0,0,0,0,0,0,0,0,0,0,0,0,0.7533557,0,0,0,0,0,0,0,0,0,0,0.5292304,
0,0.09505162,0,0,0,0,0.1715637,0.2969036,0,0,0,0,0.1603264,0,0,0,0.7096336,0,0.8113573,0.21267,1.408322,0.3523711,0.2952383,0.2629252,0.5466704,0.4754596,0,0.320949,1.321557,0.1042907,0,0.3755354,0,0,0,0,0,0,0,0,0,0.01681719,0,0,0,0,0.5756243,0,0,0,0.1892692,0,0,0,0,0,0,0,0,0,0.03063886,0,0,0.03138214,0.1537436,0,0.1023487,0,0.1631139,0,0,0,0,0,0.3064162,0,0,0,0,0,0,0,0,0,0,0.151455,0,0,0,0,0,0,0,0,0,0,0,0,0,0,0,0,0.1381733,0.1286037,0,0,0,0,0,0,0.3667015,0,0,0,0,0,0,0,0,0,0,0,0,0.1586222,0.182367,0,0,0,0,0,0.3486233,0,0.356947,0,3.484899,5.100349,9.183938,0,0,6.48957,0,0,0.4824826,0,0,0,0,1.134376,0,0.268296,0,0,0.09585954,0,0,0.4073644,0,0,0.3813288,0,0,0,0,0,0,0,0,0,0,0,0,0,0,0,0,0,0,0,0,0,0,0,0.06107349,0,0,0,0.003893452,0,0.257448,0.01631941,0,0,0,0,0,0,0,0,0,0.02289033,0,0,0,0,0,0,0,0,0.8118232,2.305818,0,0,0,0,0,0,0,0,0,0.2276562,0,0,0.04545296,0,0,0,0,0,0,0,0.1066419,0,0,0,0,0,0,0,0,0,0,0,0.1429831,0.119093,0.01200008,0,0.3096607,0,0.1532995,0,0.3217227,0.1969232,0.2754623,0.2784607,0,0,0.1424988,0.3516955,0,0,0,0,0,0,0,0,0,0,0,0,0.7738794,0.2173411,0,0,0.261983,0,0,0,0.01013283,0.2137156,0,0,0,0,0,0,0,0.09742729,0,0,0,0,0,0,0,0,0,0,0,0.0384983,0.2516188,0.2227052,0,0,0,0,0.1721354,0,0,0,0,0,0,0,0,0,0.4594899,0,0,0,0,0,0,0,0,0,0,0,0,0,0,0,0,0,0,0,0,0,0,0,0,0,0,0,0,0,0,0,0,0,0,0,0.2739916,0.006266949,0.1446585,0,0,0,0,0,0,0,0.1088867,0,0,0,0,0,0,0,0,0,0,0,0,0,0.09581211,0,0,0.04474394,0,0,0.1864457,0,0,0,0,0.9698167,1.190682,0,0,0.6730726,0,0.4469155,0,0,0,0,0,0,0,0,0,0,0,0,0,0.4706058,0.007283825,0,0.4763684,0,0,0,0,0.1346517,0,0.4450816,0,0,0,0,0,0,0,0,0,0,0,0,0,0,0,0,0,0,0,0,0,0,0,0,0,0,0,0,0,0,0,0,0,0,0,0,0,0,0,0,0,0,0,0,0,0,0,0,0,0,0,0,0,0,0,0,0,0,0,0,0,0,0,0,0,0,0,0,0,0,0,0,0,0,0,0,0,0,0,0,0,0,
0,0.310398,0,0,0.388999,0,0,0.2021365,0.1558325,0.1759246,0.3392353,0,0,0.08885519,0,0,0,1.168873,1.201043,0.7248411,1.443452,0.2732274,0,0,0,0,0.4211877,0,1.808426,0.6644664,0,0,0,0,0,0,0,0,0,0,0,0,0.03337329,0,0.08876675,0.3872857,0,0.1003001,0,0,0,0,0,0,0,0,0,0,0,0,0,0,0,0.01086012,0,0,0.2821278,0.1630012,0,0.424934,0,0,0,0,0,0,0,0,0,0,0,0,0,0,0,0.303589,0,0,0,0,0.2365002,0,0,0,0,0,0,0,0,0,0,0,0,0,0,0,0,0,0,0,0,0,0.2188492,0,0.1031437,0,0,0,0,0,0,0,0,0.4608953,0,0.05203025,0,0,0.1479581,0,0,0,0,0,0.3121069,0,0,12.82558,0,9.848533,4.62307,0,1.23474,6.139435,6.881825,4.467271,8.841773,0,0.02713851,0,0,0.1635291,0,0,0,0.03079065,0,0.1386179,0,0,0,0,0,0,0,0.02987046,0.00885197,0,0,0,0,0,0,0,0,0,0,0,0,0,0,0,0,0,0.1580421,0,0,0.2171882,0.1178534,0.1472505,0.1543471,0.34713,0,0,0,0.008112463,0.0421905,0,0,0,0,0,0,0,0,0,0,0,0,0.5666071,0,0,0,0,0.4716645,0.1294565,0,0,0,0,0,0,0,0,0,0,0.04421623,0.1541396,0,0,0,0,0,0.05773969,0,0.04348752,0,0,0,0,0,0,0.01120515,0.384867,0,0.162443,0.4342842,0.1056719,0,0.01245727,0,0,0,0.007866764,0.1764719,0,0,0.03961658,0,0,0,0,0,0,0,0,0,0,0,0,0.02588581,0,0,0.09367729,0,0.1235416,0.3804303,0.257248,0.1021065,0,0.1203399,0,0,0,0,0,0,0,0,0,0,0,0,0,0,0,0,0,0,0.09676495,0,0.04238507,0.07463412,0,0.1241559,0.2944516,0,0,0,0,0,0,0,0,0,0.002522771,0.1881626,0,0.193894,0,0,0,0,0,0,0,0,0,0,0,0,0,0.2797666,0,0,0,0,0,0.6484693,0,0,0,0,0,0,0,0,0.4920521,0,0.6856104,0,0.1294999,0,0,0,0,0,0,0,0,0,0,0.1047091,0.3090423,0,0,0,0.06128616,0,0,0,0,0,0,0,0,0,0,0,0,0,0,0,0,0,0,0,0,0.6249979,0.05349345,0.5143306,0.3117993,0,0.1083822,0.2737087,0,0.5952113,0,0,0,0.1716976,0,0,0,0,0,0,0.1444599,0,0,0,0,0,0.3056813,0,0,1.801251,0.1285482,0,0,0.3023197,0,0,0,0,0,0,0.1797988,0,0,0,0,0,0,0,0,0,0,0,0,0,0,0,0,0,0.632116,0,0,2.292719,0,0,0,0,0,0,0,0,0.1833431,0,0,0,0,0,0,0,0,0,0,0,0,0,0,0,0,0,0,0,0,0,0,0.03567011,0,0,0,0,0,0,0,0.125127,0,0,0,0,0,0,0,0,0,0,0.07379264,
0,0,0.0406925,0,0.3004328,0,1.045616,0.3995183,0.2329797,0.4681738,0,0,0,0,0,0.3910196,0,0.6915917,0.2926376,0.1460249,0,0,0,0,0,0,0,0.3570631,0.5369849,0.1678617,0,0,0,0,0,0,0.1413621,0,0,0,0,0,0.805371,0.08884379,0,0,0,0.07754531,0,0,0,0,0,0,0,0,0,0,0,0,0.03679765,0,0,0.2248752,0,0,0,0.06067441,0,0.1825551,0.089856,0,0.1619943,0,0,0,0,0,0.2712411,0,0,0,0,0,0.1565064,0,0,0,0,0.09425887,0,0,0.0865733,0,0,0,0,0,0,0,0,0.03348115,0,0,0,0,0,0,0,0,0,0.08452713,0.2305664,0,0,0,0,0,0,0,0,0,0,0,0,0,0,0,0,0,0,0.5721023,0,0,0,0,0.5783964,0,8.00827,7.753944,4.984522,1.058221,4.576044,1.700125,3.188101,0,6.797209,3.600201,0,0.02701568,0,0,0.8152136,0,0,0,0,0.4646887,0,0.3425807,0,0,0,0,0,0,0,0,0,0,0,0,0,0.1251427,0.05231977,0,0,0,0,0,0,0,0,0,0,0,0,0,0,0,0,0,0,0,0.1668515,0.4881395,0,0,0,0,0,0,0.2206654,0,0,0,0,0,0,0,0,0.1530997,0,0,0.1349303,0,0,0,0.3376431,0,0,0,0,0,0,0.05830648,0,0,0,0,0,0,0,0,0,0,0,0,0,0,0,0,0.00335739,0,0,0,0.2122763,0.2133573,0.3621935,0,0,0,0.1757268,0,0,0,0.05749834,0.1695696,0.008534141,0.04203395,0,0,0,0,0,0,0,0,0,0,0.06331465,0,0,0.3077663,0.06159315,0,0.1296849,0.4232102,0.03031871,0,0,0,0,0,0,0,0,0,0,0,0,0,0,0,0,0,0,0,0,0.009622916,0.1269898,0,0,0,0,0,0,0,0,0,0,0.6495731,0,0,0.2476407,0,0,0,0,0,0,0,0,0,0,0,0,0,0,0,0,0,0,0,0.02779528,0,0.02834883,0,0,0,0,0,0.2924677,0,0,0,0,0,0.2353777,2.376465,0,0,0,0.239436,0,0.3673442,0,0,0,0.1339169,0,0.1323177,0.2527419,0.2729456,0,0,0,0,0,0,0,0,0,0,0,0,0,0,0,0,0,0,0,0,0,0,0,0.04854439,0,0.473401,0.1217794,0.1696979,0,0.07027628,0,0,0.3814026,0.05099467,0,0,0.06406737,0,0,0,0,0,0.2795089,0,0,0,0.6180487,0,0,0,0,0,0,0.1078785,0,0,0,0.2839529,0,0,0,0,0,0,0,0,0,0,0,0,0,0,0,0,0,0,0,0,0,0,0,0,0,0,0.2599723,0,0,0,0,0,0,0,0,0,0,0,0,0,0,0,0,0,0,0,0,0,0,0,0,0,0,0,0,0.1760862,0,0,0,0,0,0,0,0,0,0,0,0,0,0,0,0,0,0.0619225,0,0,0,0,
0,0,0.3617398,0,0,0.08197603,0,0.1462136,0.06398779,0.01547617,0,0.1318921,0.0315707,0.1329557,0,0.1398156,0,0,0.03226744,0,0.4740323,0.001939191,0,0.1674163,0.1787012,0,0,0,0.03858429,0.239115,0.3596241,0,0.4258566,0,0,0,0,0,0,0,0,0,1.192513,0,0,0,0,0.3257958,0.4783834,0,0.20926,0.07309311,0,0,0,0,0,0,0,0,0,0.5327606,0,0,0,0.3806263,0,0.3897192,0.1180776,0,0.1347314,0,0,0,0,0,0,0,0,0,0,0,0,0,0,0,0,0,0,0,0,0,0,0,0,0,0,0,0,0,0,0.133678,0,0,0,0,0,0,0,0,0.1872502,0,0,0,0,0,0,0,0,0,0,0,0,0,0,0,0,0,0,0,0,0,0,0,0,1.235414,0,5.805262,4.012339,3.533471,0.1142293,3.152325,0,0,2.123636,0,5.778154,3.848962,0.4413382,0.1180391,0.3874966,0,2.210836,0.5047452,0,0.1861706,0,0,0,0,0.06560903,0,0,0,0,0,0,0,0.4445714,0,0.07258317,0,0.4339515,0,0,0,0,0,0,0,0,0,0,0.1179042,0,0.3192698,0,0,0.5560738,0,0,0,0,0,0,0,0,0,0,0,0,0,0,0,0,0,0,0,0,0,0,0,0,0,0.01865578,0,0,0,0,0.3474071,0,0,0,0.2286707,0,0.0437909,0,0,0,0,0,0,0,0,0,0,0,0,0,0,0,0,0,0.1564028,0,0,0,0.03786558,0,0,0.160495,0.1055574,0.02509458,0,0.1311247,0,0,0.1534991,0,0,0,0,0,0,0,0,0,0.7788508,0,0,0,0,0.2591298,0.2645938,0.01249544,0,0,0.006326407,0,0,0,0,0,0,0,0,0,0,0,0,0,0,0,0,0,0,0,0,0,0,0,0,0,0.1201034,0,0,0.04635605,0.1680581,0,0,0,0.4967532,0,0.2141853,0,0,0,0,0.05066573,0.2671326,0,0,0,0,0,0,0,0,0,0,0,0,0,0,0,0,0.001418084,0,0.1887905,0,0,0,0,0,0,0,0,0,0,1.075787,0.09343556,0,0,0,0,0.3806764,0.5127088,0.3830229,0,0,0,0,0,0.4464554,0,0,0,0,0,0,0.1117204,0,0,0,0,0,0.2340479,0,0.05155425,0,0,0,0,0.03975586,0.5453662,0.4459288,0,0.02914839,0,0,0,0.0686684,0,0,0,0.30629,0,0,0,0,0,0,0,0,0,0,0,0,0,0,0,0,0,0.02442605,0,0,0,0,0,0,0,0,0,0.3721694,0,0,0,0,0,0,0,0,0,0,0,0.06307192,0,0,0,0,0,0,0,0,0,0,0,0,0,0,0,0,0,0,0,0,0,0,0,0,0,0,0,0,0,0,0,0,0,0,0,0,0,0,0,0,0,0,0,0,0,0,0,0,0,0,0,0,0.2850183,0,0,0,0,0,0,0,0,0,0,0,
0.2451169,0,0,0,0,0,0,0.236513,0,0,0,0.09613302,0,0.08796161,0.5993524,0.2533416,0.421191,0,0.5215383,0.4020793,0,0,0,0,0.03518789,0,0.2881145,0,0,0,0,0.408262,0.1632569,0,0,0,0,0,0,0,0,0,0.6270014,0.5062281,0.4241911,0,0.1292918,0,0,0,0,0,0.1354631,0,0,0.123915,0,0.1880252,0.002691998,0.1077947,0.162983,0,0.4632605,0,0.2236177,0,0,0,0.1449198,0,0.1452747,0.110036,0,0.4633832,0,0.3419543,0,0,0,0,0,0,0,0.03748627,0,0,0,0,0,0.1303753,0,0,0,0.02973588,0,0,0,0,0,0,0,0.1909485,0,0,0,0.09716076,0,0,0.0611982,0,0,0,0,0,0,0,0,0,0,0,0,0,0,0,0,0,0,0,0,0,0,0,0,0,0,1.293015,0.748002,4.872022,0,3.564808,0,0,3.89921,5.270025,0,1.05733,0,3.481296,0.9563862,1.284614,0,0,1.511788,0,0,0,0,0.8992507,0,0.5063074,0,0,0.08149143,0,0,0.3609092,0,0,0,0,0.1367737,0,0,0,0,0,0,0,0.03893049,0,0,0,0,0,0,0,0,0.2923328,0,0,0,0,0.06760307,0,0,0,0,0.003218034,0,0,0,0,0,0,0,0,0,0,0,0,0,0,0.03341091,0,0.02730065,0.1064212,0,0,0,0,0,0.1962835,0,0.1758733,0,0,0,0,0,0,0,0,0,0,0,0.121201,0,0,0,0.09901201,0.4553744,0.2647191,0.1605756,0.1091835,0,0.318797,0.1138325,0,0,0.2338347,0.7417403,0.09503594,0,0,0.009056962,0.009903683,0,0,0.03360672,0.2147615,0,0.2500811,0,0,0,0,0.2432376,0.2460419,0.1588683,0,0.2126732,0,0.1070729,0.06231792,0,0.127651,0,0,0.2253641,0,0,0,0,0,0,0,0,0,0,0,0,0,0,0,0,0,0,0,0,0,0.04209416,0,0,0,0,0.3120081,0,0.1983422,0.04485058,0,0.07848586,0.2344985,0.0183271,0,0,0,0,0,0,0,0.0230114,0,0.1429433,0,0,0,0,0,0,0,0,0,0,0,0,0.02522573,0.1010829,0,0,0,0,0,0,0,0,0,0,0,0,0,0,0,0,0,0.09269866,0.01314615,0,0.1078424,0.3890294,0,0.008892793,0,0,0,0,0,0,0,0.2165647,0,0,0,0,0,0,0,0,0,0,0,0,0,0.4234756,0.2562818,0,0,0.2807533,0.4877504,0.1206543,0.6511492,1.430205,0.3525206,0.1977318,0.01145509,0,0,0,0.6450115,0,0,0,0,0,0,0,0,0,0.05125334,0,0,0,0,0,0,0,0,0,0,0,0,0,0,0,0,0,0,0,0,0,0,0,0,0,0,0,0,0,0,0,0,0,0,0,0,0,0,0,0,0,0,0,0,0,0,0,0,0,0,0,0,0,0,0,0,0,0,0,0,0,0.006589865,0,0,0,0,0,0,0,0,0,0,0,0,0,0,0,0,0,0,0,0,0,0,0,0,0,0,0,0,0.4267734,0,
0,0.04813526,0.2100877,0,0.04836786,0,0.1405639,0.05474328,0.4716365,0,0.3308251,0,0,0,0,0,0,0,0,0.8385171,2.376491,0,0.3811375,0,0.1398905,0,0.2350071,0,0,0,0,0.1153432,0,0,0,0,0,0,0,0,0,0.7937334,0,0.6298588,0.4538443,0,0.1609493,0.1821751,0.5582823,0.1557242,0.3531817,0,0,0,0.1201703,0,0,0.2136767,0.1610808,0.4598531,0.1392852,0,0.2536328,0,0,0.2622364,0,0,0.06671919,0,0,0.2257265,0.05801819,0,0.06679319,0,0,0,0,0,0,0,0,0,0,0.1059675,0,0,0,0,0,0,0,0,0,0,0,0,0,0,0,0,0,0,0,0,0,0,0,0,0,0.2418869,0,0,0,0,0,0,0.2915682,0,0,0,0,0,0,0,0,0,0,0,0,0,0.312051,0.09365786,0,0,2.641832,9.598808,1.89671,4.661327,6.799694,10.31385,0,3.011138,1.644048,0,0,3.033483,4.195645,0,3.632158,6.874958,0,2.244455,3.786597,4.100273,1.681033,1.179754,3.091838,0,0,0,0,0.2793745,0,0,0,0,0,0,0,0,0.08071529,0,0,0,0,0,0,0,0,0,0,0,0,0,0,0,0.2645611,0,0,0,0,0,0,0,0,0.378606,0,0.3814292,0,0,0,0,0,0,0,0,0,0,0,0,0,0.274073,0,0,0,0,0,0,0,0,0,0,0,0.3206068,0.3284955,0.004226067,0,0,0,0,0,0,0,0,0,0.006354028,0.04251705,0,0,0.2970779,0,0.2347586,0.02984566,0.1037723,0,0,0,0.08367649,0.501065,0.3749738,0,0,0,0,0,0,0.1727717,0,0,0.2062325,0.08256104,0.003861839,0,0,0,0,0.2340004,0.5406237,0,0.285762,0,0.06884164,0,0.1074137,0,0,0.1949594,0,0,0,0,0,0,0,0,0,0,0,0,0,0,0,0,0,0,0,0,0,0,0,0,0,0,0,0,0.02565407,0,0,0,0,0.4261309,0.08434795,0,0,0,0,0,0,0,0,0,0,0,0,0,0,0,0,0,0,0,0,0,0,0,0,0,0,0,0,0.1235788,0,0,0,0,0,0,0,0,0,0,0.5198756,0.4769194,0,0,0,0.1140761,0.02340953,0,0,0.08453231,0.1803754,0,0,0,0,0,0,0,0,0,0,0,0,0,0,0,0,0,0,0,0,0,0.5876811,0.2818763,0,0.2175077,0.2238113,0.1338285,0.5187704,0,0.2256071,0,0,0.418969,0.06236563,0,0,0,0,0,0,0,0,0,0.1583377,0,0.06160602,0,0,0,0,0,0,0,0,0,0,0,0,0.2734906,0.2398415,0,0,0,0,0,0,0,0,0,0,0,0,0,0,0,0,0,0,0,0,0,0,0,0,0,0,0,0,0,0,0,0,0,0,0.1537159,0,0,0,0,0,0,0,0,0,0,0,0,0,0.2713157,0,0,0,0,0,0,0,0,0,0,0.08451197,0,0,0,0,0,0,0,0,0,0,0,0,0,0.697769,0,0,
0,0,0.2139217,0.3880405,0,0,0.4173209,0,0.4194845,0,0,0,0.02007301,0.4034626,0,0.2953341,0.1709504,0,0,0.8845497,2.22393,0.05178032,0.04366826,0,0,0.238242,0,0,0.2415009,0.1661026,0,0.02276666,0.1067969,0.5687057,0.2358329,0,0,0,0,0,0,0.0806508,0.03853168,0,0.4144547,0.07500751,0,0.8793709,0.7580245,0.06016826,0,0,0,0.1865962,0,0.33182,0.2270761,0.1603596,0,0,0,0.273172,0.306493,0.03853873,0.08143781,0.06915355,0,0.299053,0,0.5089867,0,0.1592744,0,0.1546947,0.1730809,0.05271883,0.2813964,0,0,0,0,0,0,0,0,0,0,0,0,0,0,0.2120679,0,0,0,0,0,0,0,0,0,0,0,0,0,0,0.1752066,0,0.2224583,0,0,0,0,0,0,0,0,0,0,0,0,0.2844694,0,0,0,0,0,0,0,0.3078735,0,0.1856862,0,0,0,0,4.993734,5.228137,0,0,5.148353,0,1.280162,7.415418,0,0,4.977317,0,4.424369,0,0,0.08717659,3.782553,0,4.93077,0,0,0,0,0.09062007,0,0,0.002669654,0,0,0,0,0,0,0.2701542,0,0,0,0,0.08694216,0,0,0,0,0,0,0,0,0,0,0.1043829,0,0.7318557,0,0,0,0,0,0,0,0,0,0,0,0,0,0,0,0,0,0,0,0,0,0,0,0,0,0,0,0,1.184027,0,0,0,0,0,0,0,0,0,0.2729808,0,0,0,0,0,0,0,0,0.2989835,0,0,0.4174474,0,0.1186559,0.02031124,0.2525558,0,0.3758919,0,0.1360622,0,0,0,0,1.460502,0,0,0,0,0,0,0,0.1154994,0.05390155,0,0,0,0.3991059,0,0,0.395924,0,0.2381585,0,0.2631267,0.1331152,0.2980529,0.2818097,0,0,0,0.15896,0,0,0,0,0,0,0,0.4726095,0,0,0,0,0,0,0,0,0,0,0,0,0,0,0,0.0330774,0,0,0,0,0,0,0.156921,0.2742856,0,0.0289338,0,0,0,0,0.0100531,0.2698168,0,0.01502111,0,0.04264302,0,0,0,0,0,0,0,0,0,0,0,0,0,0,0,0,0,0,0,0,0,0,0,0,0,0,0,0.04122268,0,0,0,0,0,0,0,0.04722425,0,0.2632842,0,0,0,0,0,0,0,0,0,0,0,0,0,0.538173,0,0,0,0,0,0,0,0,0,0,0,0,0,0.2384695,0.2895992,0,0,0,0,0,0,0,0,0,0.005318809,0,0,0,0,0,0,0,0,0,0,0.1328217,0,0,0,0.2683117,0,0,0,0,0,0,0,0,0,0,0,0.008586453,0.09646573,0.04738719,0.563153,0,0,0,0,0,0,0,0,0,0,0,0,0,0,0,0,0,0,0,0,0,0.4037491,0,0,0,0,0,0,0,0,0,0,0.3019461,0,0,0,0,0,0,0,0,0,0.02037455,0,0,0,0,0,0,0,0,0,0,0,0,0,0,0,0,0,0,0,0,0,0,0,0.7177869,0.1957672,0,0,
0,0.3046101,0,0,0.2113861,0,0,0.2516215,0,0,0.1507293,0.1481015,0.02162922,0.1848976,0.1925695,0.1688415,0,0,0,0,0.05735256,0.204854,0.06901493,0.02839004,0.1374158,0,0.3098751,0.2928183,0.161161,0,0.6047848,0.1706495,0.227329,0.1581786,0.01133803,0,0,0,0,0,0.2119176,0.3768222,0,0.06390774,0,0.2857214,0.6158656,0.3030981,0,0,0.4290573,0.6512334,0.2163437,0,0,0.480466,0.5462933,0.07102367,0.3609946,0,0.03904003,0,0.3687378,0,0.2198109,0,0.2991555,0.01039625,0.2443328,0,0,0.2096243,0,0,0,0.06961277,0,0,0.08336554,0,0,0.2860927,0,0,0,0,0,0.2484463,0,0,0,0,0,0,0.2758248,0,0,0,0,0,0.1271281,0,0,0,0,0,0,0,0,0,0,0,0,0,0,0,0,0,0,0,0,0,0,0,0,0,0,0.4427928,0.2120331,0.2770038,0,0,0,0,0.6281207,0,0,7.390253,0,0,1.605996,0.2597314,7.122089,6.616823,3.192959,7.084183,9.29728,0,2.374742,0,1.271874,7.497004,3.05811,3.59029,0,3.278984,0,2.224683,1.187844,1.332963,0,0.293927,0.7428281,0.5313796,0.2664433,0,0,0,0,0,0,0,0,0,0,0,0,0,0,0.4802043,0,0,0,0,0,0,0,0.002271782,0.1737045,0,0,0,0,0,0,0,0,0,0.03961798,0,0,0,0,0,0.3545765,0,0,0,0,0,0,0,0.06083459,0.2172782,0,0,0,0,0,0,0,0,0,0,0,0,0,0,0,0,0,0,0,0,0,0,0.112961,0.09719022,0,0.550284,0,0,0.1694618,0,0,0,0.07465153,0,0,0.7297111,0.6353696,0.3374078,0,0,0,0,0.09745166,0,0,0,0,0,0.07312642,0,0,0,0.1080471,0.2401195,2.065479,0,0,0,0.3067759,0,0,0,0,0.0899295,0,0,0.4932505,0,0,0,0,0,0,0,0,0,0,0,0,0,0,0,0,0,0,0,0,0,0,0,0,0,0,0,0,0,0.1448816,0,0.3295289,0,0.1400529,0,0,0,0,0.2339618,0.1560623,0,0.1846769,0.8188518,0,0,0,0,0,0,0,0,0,0,0,0,0,0,0,0,0,0.2410269,0,0,0,0,0,0,0,0,0,0,0,0,0,0,0,0,0,0,0,0,0.1548646,0,0,0.1685034,0,0,0,0,0,0,0,0,0,0,0,0,0,0,0,0,0,0,0,0.04251736,0,0.1327699,0,0,0,0,0.1857285,0,0,0.1445895,0,0,0,0,0,0,0,0,0,0,0,0,0,0,0,0.06564777,0,0.03136448,0,0,0,0,0,0,0,0,0,0,0,0,0,0,0.2758221,0.3895295,0,0,0,0,0,0,0,0,0,0,0,0,0,0,0,0,0,0,0,0,0,0,0,0.24195,0.07797644,0,0.144113,0.5875031,0,0,0,0,0,0,0.2156028,0,0,0,0,0,0,0,0,0,0,0,0,0,0,0,0,0,0,0,0,0,0,0,0,0,0,0,0,0,0,0.1892115,0.9370789,0,0,0,
0,0,0,0,0.02264738,0,0,0,0,0,0,0.05778507,0.02316575,0.1759095,0,0.05236764,0.3109106,0,0,0,0,0.01791531,0,0,0.5272433,0,0.04362998,0,0,0,0.01824476,0,0,0,0,0,0,0,0,0,0.3855571,0,0,0,0,0,0.4264872,0.04095896,0.1643374,0.3079155,0.2404958,0.5228233,0.3079261,0.07068418,0,0,0,0,0.08281404,0,0.06706092,0.4008884,0.2242125,0,0,0,0,0.1515645,0.1740988,0.2540336,0,0.1265592,0,0,0,0,0,0,0.06205444,0.1962459,0,1.998655,2.772169,0,0.3365395,0.09747006,0,0,0,0,0,0.1532193,0,0,0,0,0,0,0.6297262,0,0,0,0,0,0,0,0,0,0,0.3282961,0,0.05870777,0,0,0,0,0,0,0,0,0,0,0,0,0,0,0.7098278,0,0,0,0,0,0,0,0.5123633,0,0,0,0.3219895,2.967583,0,0.4740008,0,5.90589,2.719013,0,5.392286,0.5061662,0,3.938432,3.829476,4.283257,0.04862899,0,0,1.743763,2.567976,0,1.55034,0,0,0.6175008,0,0,0,0,0.002468833,0.1358514,0,0.1926304,0,0,0,0.2918535,0,0,0.001848006,0,0,0,0,0,0,0.04843093,0,0,0,0.01225711,0,0,0,0,0,0,0,0.06080677,0,0,0,0,0,0,0,0,0,0,0,0,0,0,0,0,0,0,0,0.1974206,0,0,0,0,0,0,0,0,0,0,0,0,0,0.310485,0,0,0,0.03357968,0,0,1.129436,0.3767722,0,0,0.4506726,0,0,0,0,0,0,0.4665216,0,1.641397,0,0.462202,0.1815922,0,0,0,0,0,0,0,0,0,0,0.5945648,0,0,0.2929417,0,4.281146,5.272676,3.100882,0.2597825,0.5018327,0.4597591,0,0,0,0,0,0.02179595,0.1878728,0,0,0,0,0,0,0,0,0,0,0,0,0,0,0,0,0,0,0,0,0,0,0,0,0,0,0,0,0,0,0.2350947,0,0.2206685,0.1375194,0,0,0.0130616,0,0,0.2591112,0.02412032,0.4225621,0.3609947,0.2861704,0.2576692,0,0,0,0,0,0,0,0,0,0,0,0,0,0,0,0.1576881,0,0,0,0,0,0,0.3256236,0,0,0,0,0,0,0,0,0,0.433003,0.3065549,0,0,0,0.1903587,0.09838453,0,0,0,0,0,0,0,0,0,0,0,0,0,0,0,0,0,0,0,0,0.007122105,0.2937804,0,0.1975157,0,0,0.2535153,0.3753393,0,0,0,0,0,0,0.01528602,0,0,0,0,0.127481,0,0,0,0,0.0008997114,0,0,0,0,0,0,0.03449785,0,0,0,0,0,0,0.1328683,0,0,0.2410608,0,0,0,0,0,0,0,0,0,0,0,0,0,0,0,0,0,0,0,0,0,0,0,0.2056549,0,0,0,0.03913793,0,0,0,0,0,0,0,0,0,0,0,0,0,0,0,0,0,0,0,0,0,0,0,0,0,0,0,0,0,0,0,0,0,0,0,0,0,0,0,0,0,1.227919,0,0.4612438,0,
0,0.04486529,0.08986724,0,0,0,0,0,0,0,0,0,0,0,0,0,0.09336543,0,0,0,0,0,0,0.006137473,0.1306684,0.1326526,0,0.2341375,0.02543673,0,0,0,0,0,0.02042653,0,0.005180581,0,0.4806571,0.006297481,0.1378395,0.5424666,0,0,0,0,0.2849408,0,0.2140835,0.1558147,0.04807408,0.2086647,0,0.3656183,0,0.1769474,0,0.04390968,0.3473693,0,0.08953458,0.09285357,0,0.2263189,0.07366025,0.4340903,0.0428207,0,0,0,0,0.06444126,0.08460307,0.6478732,0.03553691,0,0,0.6663722,0.2513046,0,0,0.1827058,0.451881,0.07695638,0,0,0,0,0,0,0,0,0,0.1317225,0.2421696,0,0,0,0,0,0,0,0,0,0.3439985,0,0,0,0.05521053,0.134827,0,0,0,0,0,0,0,0,0,0,0,0,0,0,0,0,0,0,0,0,0,0,0.1421339,0,0,0.09916846,0,0,0.1062519,5.019172,2.094513,4.122998,0,3.167255,0,3.540756,3.65007,4.841209,0,0.05375153,0,8.86659,0,2.15029,0,4.230478,5.514554,2.171463,0.6776718,0,1.946884,0,0,0,0,0.209429,0,0,0,0,0,0,0,0,0,0,0,0,0,0,0,0,0.3657089,0,0,0,0,0,0,0,0,0,0,0,0,0,0,0,0,0,0,0,0,0,0,0,0,0,0,0,0,0.06793864,0,0.0842704,0,0,0,0,0,0,0,0,0,0,0,0,0,0,0,0.155299,0,0,0,0,0,0.6758847,0.1001324,0,0,0,0,0,0,0,0,0,0.346009,0,0.8343571,3.811815,0,0,0,0,0,0.1705272,0,0,0,0,0,0,0,0,0,0.2298127,0,0.1555987,0.08986206,0.6205508,1.889364,1.179084,0.05686174,2.329902,0.4182233,3.220199,0.007853078,0.3228487,0.5153,0,0.1823688,0,0,0,0,0,0,0,0,0,0,0,0,0,0,0,0,0,0,0,0,0,0,0,0,0,0,0,0,0.3296125,0,0,0.6630282,0,0.2763375,0,0.447361,0.1356716,0.1063636,0.00505228,0,0,0,0,0,0.5805752,0,0,0,0,0,0,0,0,0,0,0,0,0.1470027,0,0,0,0,0,0,0,0.229554,0,0,0,0,0,0,0,0,0,0,0,0,0,0.05136217,0,0.05450804,0,0.02438517,0,0,0.3854428,0,0,0,0,0,0,0,0,0,0,0,0,0,0,0,0.1429514,0,0.02855061,0,0,0.5418991,0,0,0.3481264,0,0,0.197126,0,0,0,0,0,0,0,0,0,0,0,0,0,0,0,0,0,0,0,0,0,0,0,0,0,0,0,0,0,0,0,0.3542677,0,0,0,0,0,0,0,0,0,0,0,0,0,0,0,0,0,0.2364769,0,0,0,0,0,0,0,0.4044582,0.2302308,0.04742473,0,0,0,0,0,0,0,0,0,0.1118751,0,0,0,0,0,0,0.2763611,0,0,0,0,0,0,0,0,0,0,0,0,0,0,0,0,0,0,0,0,0,0,0,0.5525782,0,0,0,0,
0,0.23221,0.0287109,0,0,0,0,0,0,0,0,0,0,0,0,0,0,0.03148425,0.6461633,0,0,0,0,0,0,0,0,0,0.2129187,0.04795997,0.3456969,0.2512488,0.005026523,0.1179999,0,0,0.220879,0.006322658,0,0,0.3328195,0.02807632,0,0.2504017,0,0.1178077,0.4303508,0.593043,0,0.1309949,0,0.8782204,0,0,0,0.01804525,0,0,0,0,0.2933381,0,0.1883705,0,0,0,0.1264869,0.1359497,0,0.1544903,0.3748192,0,0,0.2906201,0.1408789,0,0,0,0.1790376,0.2502476,0.03458046,0.3385189,0,0.1793526,0,0,0,0,0.03055581,0,0,0,0,0,0,0,0,0,0,0,0,0,0.1499929,0,0,0,0,0,0.4186791,0,0,0,0.3100995,0,0,0.09672522,0,0,0,0,0.01767767,0,0,0,0,0,0,0,0,0,0,0,0,0.4660911,0,0,0,0,0.07066153,0.03652823,0,6.168177,0,3.277385,0,0,5.081267,1.399793,2.357312,0,3.408678,1.871922,0,3.382736,2.576611,8.828483,2.641597,3.366702,0,0,0.4118125,3.681478,1.446005,0.1579022,0,0.2799781,0,0,0,0,0.3493013,0,0,0.3221605,0.1061048,0,0,0,0,0.02412185,0.7672865,0,0,0,0,0,0,0,0,0,0,0,0,0,0,0,0,0,0,0,0,0,0,0,0,0,0.07930943,0,0,0.06674493,0,0.1800401,0.6161072,0.4058283,0.3059714,0,0,0,0,0.2815776,0,0,0,0,0,0,0,0,0,0,0,0,0,0,0.4810172,0.7419568,0,0,0,0,0,0,0,0,0,0,0,1.625781,4.022816,0.1337885,0,0,0,0.4180729,0,0,0,0,0,0,0,0,0,0,0,0,0.2350728,0,0,0.09416553,0.08506501,2.484839,0.7956488,1.726607,4.455936,0.8235367,0.1568574,0,0.3993014,0.2874374,0.2406902,0,0,0,0,0,0.23587,0,0,0,0,0,0,0,0,0,0,0,0,0,0,0,0,0,0,0,0,0,0,0,0,0,0.007614522,0,0.09833252,0.1890043,0,0.2383039,0,0,0,0,0.5170038,0.009933647,0.1164557,0.1983143,0,0,0,0,0,0,0,0,0,0,0,0,0.008722427,0,0,0,0,0,0,0,0,0,0.1370197,0,0,0,0,0,0.172916,0.4189863,0,0,0.05712393,0,0,0,0,0,0,0,0,0,0.02388055,0,0,0,0,0.3901776,0,0,0,0,0,0,0,0,0,0,0,0.04995475,0,0,0.1345955,0.3801808,0,0.1079231,0.1761278,0,0.3549384,0.2341104,0.1784378,0,0,0,0,0,0,0,0,0,0,0,0,0,0,0,0,0,0,0.0480341,0,0,0,0,0,0,0,0.2288627,0,0.01429769,0.4091294,0,0,0,0,0,0,0,0,0,0,0,0,0,0,0,0,0,0,0,0,0,0,0,0,0,0,0,0,0.130588,0,0.03998269,0.8433393,0.1262482,0.08363485,0,0,0,0,0,0,0,0,0,0,0,0,0,0,0,0,0,0,0,0,0,0.06263945,0,0,0,0,0,0,0,0,0,0,0,0,0,0,0,0,0,
0,0.02010762,0.399616,0.497617,0,0,0,0,0,0,0,0,0,0,0,0,0,0,0.2737893,0,0,0,0,0,0,0,0,0.249682,0,0,0,0.09631754,0,0,0,0,0.2016261,0,0.3783907,0,0,0,0.1950859,0.1187485,0.1536088,0,0.3490819,0,0.1239891,0,0.06825101,0.1974173,0,0,0.1594875,0,0.3539812,0,0,0,0.1716783,0,0,0,0,0,0,0.08912826,0,0.1735425,0,0,0.04361595,0.01681623,0,0,0,0.1416239,0,0.0939721,0.05641678,0,0,0.2472251,0.08582643,0,0,0,0,0,0,0,0,0,0,0,0,0.2437537,0,0,0,0,0,0,0,0,0,0,0,0,0.1678807,0,0,0,0,0.1721597,0.08269678,0.2723114,0,0,0,0,0,0,0,0,0,0,0,0,0,0,0,0,0,0,0.8814372,0.2456392,0,0.3297764,0.0350138,0,0,0,4.799432,3.253444,8.054704,5.030134,0,2.169173,0,3.90954,2.909992,4.462696,0.2463493,0.8456028,0.2775552,1.031211,2.125881,1.250409,0,3.226041,0,0.3791751,0,0.1476815,0,0,0.05328906,0,0.2488128,0.1219996,0.2637743,0.3492486,0.102575,0,0.003163784,0,0.001437581,0,0,0,0,0,0.09068733,0,0,0,0,0,0,0.01935547,0,0.0009775937,0,0,0,0,0,0,0,0,0,0,0,0,0,0,0,0,0.2356387,0.3665345,0,0,0.0797089,0,0,0,0,0,0,0,0,0,0,0,1.683524,0,0,0,0,0,0,0,0,0.4642205,0,0,0,0,0,0,0,0,0,0,0,0,0,0,0,0,0.5985851,0.3003645,0,0,0.06980333,0,0,0,0,0,0,0.1097251,0.2124268,0,0,0,0.4061845,0,0,0,0.3023785,5.445816,3.430451,0,0,0.03099909,0.2219817,0.1136444,0,0,0,0,0,0.2433465,0,0,0,0,0,0,0,0,0,0,0,0,0,0,0,0.03070575,0,0,0,0,0,0,0,0,0,0,0,0,0.1846076,0,0.6313899,0,0,0,0.09154709,0.2036533,0,0,0.356247,0.013186,0,0.2540765,0,0,0,0,0,0,0,0,0,0,0,0,0,0,0,0,0,0.07638422,0,0.1301741,0.1600303,0.110614,0,0.4865317,0,0,0,0,0,0.1871678,0.1398853,0.382868,0.0979022,0.1452849,0,0,0,0,0.1693708,0,0.2166215,0.2108521,0,0,0,0,0,0,0,0,0,0,0,0,0.5869027,0.326778,0.2957603,0,0,0,0.00187966,0.02634899,0,0,0,0,0,0,0,0.2687277,0,0,0,0,0,0,0,0,0,0,0,0,0,0,0,0,0,0,0,0,0.5355742,0,0,0,0,0.1615074,0.1593881,0.1455471,0,0,0,0,0,0,0,0,0,0,0,0,0,0,0,0,0,0,0,0,0,0,0,0,0,0.0005766122,0.1363187,0,0.01738894,0.1284331,0,0,0.1605323,0,0,0,0,0,0,0,0,0,0,0,0,0,0,0,0,0,0,0,0,0,0.06507101,0,0,0,0,0,0,0,0,0,0,0,0,0,0,0,0,0,0,0,
0.3549643,0.4943219,0,0.07020657,0,0,0,0,0,0,0,0,0,0,0,0,0,0,0.2725076,0,0,0,0,0,0,0,0.2180522,0,0.5258359,0.1959542,0,0,0,0.1153006,0,0,0.003160545,0,0,0.04676766,0.6734535,0,0,0.4521008,0.08285878,0,0,0,0.2948168,0,0,0,0.4832446,0,0.3976729,0,0,0.1333762,0.273678,0,0.07997213,0,0,0,0.2797305,0,0.2761621,0.2799067,0,0.9801697,0,0.6669682,0.4135566,0,0.5557854,0,0.06732866,0,0.1605611,0,0.5039175,0.05142234,0,0,0,0,0,0.001970362,0,0,0,0,0,0.3020028,0,0,0,0,0,0,0,0.03609835,0.1126421,0,0.04818183,0,0,0,0.2880614,0,0.7771609,0.03060859,0.3176306,0.06106633,0.03644317,0,0,0.1142176,0,0,0,0,0,0,0.06101624,0,0,0,0,0,0,0,0,0,0,0,0,0.2845111,0.5052663,0,0.05707324,0.06426848,0,0,3.008899,6.678063,4.423719,0,1.530856,7.665975,1.360722,3.226648,0,1.9269,2.392565,6.355883,0,2.981415,0,3.263822,3.749317,0,0,0.1060472,0,0,0.177726,0,0,0.06165328,0.06839235,0.05465908,0.2920466,0,0,0.05148356,0.621267,0.5937045,0,0,0,0,0,0,0,0,0,0,0,0,0,0,0,0,0,0,0,0,0,0,0,0,0,0,0,0,0,0,0,0.02397159,0,0.3013315,0.02343005,0.2745632,0,0,0,0,0,0,0,0,0,0,0,0,0.5860268,0.4878189,0,0,0,0,0.1183863,0.4556635,0.07187769,0.3282148,0,0,0,0,0,0,0,0,0,0,0,0,0,0,0,0,0,0,0,0,0,0,0,0,0,0,0.009749889,0,0,0,0,0,0.05029623,0,0,0,0,0,0,0.4080546,0.1658685,0.2337915,0.1971373,0,0,0.2761156,2.102059,0,0,0,0,0,0.4041996,0,0,0,0,0,0,0,0,0,0,0,0,0,0,0,0,0,0,0,0.003784476,0,0,0,0,0.0007194845,0.1463237,0.5629546,0,0,0.08851597,0.0331001,0,0,0,0.1029056,0,0,0.04160074,0,0,0.1430303,0,0,0.01269893,0,0,0,0,0,0,0,0,0,0,0.1513568,0,0,0,0,0,0,0,0,0,0.1956426,0,0,0,0,0,0,0.03972073,0,0,0.03863101,0.4384486,0,0,0.22611,0.1121704,0.4554197,0.169473,0.1235689,0,0.1062174,0.06710722,0,0,0,0,0,0,0,0.2901013,0,0.1032406,0.09611318,0.144089,0,0.5756794,0,0,0.06638473,0.2599666,0,0,0,0,0,0,0.1398391,0,0.3756567,0,0,0,0,0,0,0,0,0,0,0,0,0,0,0.4346967,0,0.01084286,0,0,0,0.4119622,0.558848,0,0.1903718,0,0,0,0,0,0,0,0,0,0,0,0,0,0,0.2041818,0,0,0,0,0.05292924,0,0,0,0,0,0,0.03415551,0,0,0.4060978,0,0.09737794,0.02329472,0.1482373,0,0,0,0,0,0,0,0,0,0,0,0,0,0,0,0,0,0,0,0.4031976,0,0,0,0,0,0,0,0,0,0,0,0,0,0,0,0,0,0,0,0,
0,0,0,0,0,0,0,0,0,0,0,0,0,0,0,0,0,0,0,0,0.1407943,0,0,0,0,0.248653,0,0,0,0.1410277,0,0.191849,0.4107434,0,0.07934257,0.5563248,0.006074374,0.626603,0.1137431,0,0,0,0.3185908,0.3297859,0.2458169,0.4246794,0,0.5227135,0,0,0,0,0,0,0.3687505,0,0,0,0,0.4273348,0.6588573,0,0.4118778,0.3157707,0,0.1854602,0,0,0,0,0,0,0,0,0,0,0,0,0,0,0,0,0.2875912,0,0,0,0,0,0,0,0,0,0,0,0.3276131,0,0,0,0,0,0,0,0,0,0.0679806,0,0,0,0.1190978,0.2339837,0.457198,0,0.1641327,0,0,0,0,0,0,0,0,0,0,0.4901499,0,0,0,0,0,0,0,0,0,0,0,0,0.07810804,0,0.03157982,0,0,0,0,0.3052654,0.3226763,2.12661,3.142447,3.66671,4.270378,3.164762,0,5.245153,3.017187,3.786969,0.1050269,6.014892,0,1.030035,3.283168,3.598345,1.443719,0.09277558,0.008783894,0,0,0.3988656,0.3333131,0.1150042,0,0.3049103,0,0,0.3808393,0.1022152,0.3384734,0.28291,0,0,0.240917,0.1234184,0.1062547,0,0,0,0,0.6317998,0,0,0,0,0,0.08355331,0,0,0.3584667,0,0,0.04848831,0,0,0,0,0,0,0,0,0.01204374,0,0,0.1048639,0.09263612,0.3490279,0.4824963,0.05006593,0.6052823,0,0,0,0,0,0,0,0,0,0,0,0,0,0,0,0,0,0,0,0.2081905,0.2690928,0,0,0,0,0,0,0,0,0,0,0,0,0,0.1057858,0,0,0,0,0,0.2333107,0,0,0,0,0,0,0,0.02439222,0,0,0,0,0,0,0,0,0,0,0,0,0,0,0,0.1291415,0,0,0.0885112,0,0,0.3416615,0,0,0.6134804,0,0,0.01518793,0,0,0,0.2796517,0,0,0,0.3280445,0,0,0,0,0,0,0,0,0,0,0,0,0,0.6076453,0,0,0.3885979,0.3076265,0.262371,0.07886498,0,0.3348082,0.001740299,0,0,0.02746877,0.2050802,0.1017025,0,0,0,0.3936986,0,0,0,0,0,0,0,0,0,0,0,0,0,0,0,0,0,0,0,0,0,0,0,0,0,0.009545453,0,0,0,0.1546386,0,0,0.0906997,0,0.0351151,0,0.06111369,0.1377176,0,0.06062907,0,0,0.100701,0,0.2117488,0.4665474,0,0,0,0,0,0,0.1580989,0,0.08446588,0,0.4274731,0.179074,0,0,0,0.2001434,0.05595525,0,0.2865767,0.5994454,0,0,0,0,0,0,0,0,0,0,0,0,0,0,0,0.2772595,0,0,0.2733605,0,0.2143245,0.4002891,0.1255218,0,0.2470225,0.1301531,0,0.02462918,0,0,0,0,0,0,0,0,0,0,0.03658344,0,0,0,0,0,0,0,0,0,0,0,0,0,0,0,0.1261106,0,0,0,0,0,0,0,0,0.4845994,0,0,0,0,0,0,0,0,0,0.1149167,0,0,0,0,0,0,0,0,0,0,0,0,0,0,0,0,0,0,0,0,0,0,0,0.0899521,0,0,0,0,
0.17417,0.3115285,0,0.1729006,0,0,0,0,0,0,0,0,0,0,0,0,0,0,0,0,0,0,0,0,0,0,0,0,0.3661527,0,0.2463796,0,0.04897408,0,0,0,0.1166629,0,0,0,0,0.05764478,0,0.08595645,0.09485027,0.1054853,0,0,0,0.2149735,0,0,0,0,0,0.01445829,0,0.5956343,0,0,0,0,0.5610496,0.1020636,0.2816902,0,0,0,0,0.06812225,0,0,0,0,0,0.2595293,0,0.09298501,0,0.4075374,0,0.1434053,0,0.1534771,0.200149,0,0,0,0,0,0,0,0,0.04109829,0,0,0,0,0,0,0,0,0,0.1010912,0,0,0,0,0,0.6946076,0.04955029,0.4317401,0.2286648,0.9659988,0,0,0,0,0,0,0,0,0,0,0.0968767,0,0,0,0,0,0,0,0,0,0,0,0,0.1834458,0.004749882,0.1724051,0.5035792,0.00668997,0.3562959,0,0,0,0.149068,0,4.111456,4.490422,0.361313,6.160526,5.598919,5.291807,5.232115,0,0.8096561,0,0,4.139126,0,0,0,0.1428337,0,0.0666598,0,0.6401874,0,0,0,1.265814,0.5220242,0.2607817,0,0,0,0,0,0,0,0,0,0,0,0,0,0,0,0,0,0,0,0,0,0.2192714,0,0,0,0,0,0,0,0,0,0,0,0.02225216,0.2988015,0,0.003239353,0,0,0.3678372,0,0,0,0,0,0,0,0,0,0,0,0,0,0,0,0,0,0.4498212,0,0,0.06690851,0.09983651,0.0642174,0,0,0,0,0,0,0,0,0,0,0,0,0,0,0,0,0,0,0,0,0,0.3111157,0,0,0,0,0,0,0,0,0,0,0,0,0,0,0,0,0,0,0,0,0,0,0,0.1354186,0,0,0,0,0,0.1818308,0,0,0.07276526,0,0,0,0,0,0.3101619,0,0,0,0,0,0,0,0,0,0,0,0,0,0,0,0,0,0.3983999,0,0,0,0,0,0,0,0,0,0,0.4863338,0,0,0,0,0,0,0,0,0.04477209,0,0,0,0,0,0,0,0,0,0,0,0,0,0,0,0,0,0,0,0.01356098,0,0,0,0.1724755,0,0,0,0,0,0,0.0558808,0.01290263,0.03354832,0,0,0,0,0,0,0.3317926,0,0,0,0.1009767,0,0.05641941,0.2993683,0,0,0,0,0,0,0,0.2243949,0,0,0,2.130536,0,0,0,0.6842105,0,0,0,0,0,0,0,0,0,0,0,0.3126541,0,0,0.008861683,0.3201329,0,0.0301004,0.02534804,0.106017,0.1789368,0.04902479,0,0.2451634,0.1955694,0.1566932,0,0.1323016,0,0,0,0,0,0,0,0,0,0,0,0,0,0,0,0,0,0,0,0,0,0,0,0.004566082,0.125008,0.03266566,0,0,0,0,0,0,0,0,0.1258913,0,0,0.04916476,0,0,0,0,0,0,0,0,0,0,0,0,0,0,0,0,0,0,0,0,0,0,0,0,0,0,0,0,0,0.4351272,0,0,0,0,0,
0.1168813,0.7243956,0,0,0,0,0,0,0,0,0,0,0,0,0,0,0,0,0,0,0,0,0,0,0,0.1964424,0,0.06274994,0.004210806,0,0.07821509,0,0.5178269,0,0.2418642,0,0,0,0.4226055,0,0,0.0225728,0.153781,0,0.216756,0.1691052,0.2121706,0.3300589,0.1826006,0,0.1787129,0,0,0,0,0.02255978,0,0,0.3622009,0.2441914,0.2188608,0.2125348,0.1403248,0.167191,0,0,0.1407931,0.1510964,0.09268698,0.03986531,0,0.239203,0,0,0,0.2240024,0,0.04521065,0.7029829,0,0,0,0.3809376,0.5304202,0.5802161,0.4502933,0,0,0,0,0,0.03837996,0,0,0.09466695,0,0,0,0.1512964,0.03460828,0,0,0,0,0.006517879,0,0,0,0.09037489,0.5497407,0.07903343,0.6403234,0.2297622,0.1236617,0,0,0,0.4388486,0,0,0,0,0,0,0,0,0.544454,0,0,0,0,0,0,0.4395431,0,0,0.02533362,0.2064568,0.02614068,0,0.3544167,0.07898343,0,0.09816132,0,0.2565085,0.187152,5.486476,3.279313,1.548852,0,0,0,9.281698,0,5.123529,0.4673272,2.353137,1.712347,0,0.3333204,0,0.2048315,0.1271221,0,0,0,0,0,0,0,0.4352872,0,0,0,0,0,0,0,0,0,0,0,0.2882955,0,0,0,0,0.4355619,0,0,0,0,0,0.6924903,0,0,0,0,0,0,0,0,0,0,0,0,0.02216147,0,0,0,0,0,0,0,0,0,0,0,0,0,0,0,0,0,0,0,0,0,0,0.09223516,0,0,0.04966257,0.1531719,0,0,0,0,0,0,0,0,0,0,0,0,0,0.0112274,0,0.02789494,0,0,0,0,0,0,0,0,0,0,0,0,0,0,0,0,0,0,0,0,0,0,0,0,0,0,0,0,0.1228378,0,0,0,0,0.3023376,0,0,0,0,0,0,0,0,0.04829615,0,0,0,0.1939281,0,0,0,0,0,0,0,0,0,0,0,0,0,0,0.340853,0.1196983,0.1485412,0,0,0,0,0.188131,0.4569689,0,0.0192126,0.1393356,0,0,0.1585688,0,0,0,0.1658522,0,0,0.02284507,0,0,0,0.1673393,0,0,0,0,0,0,0,0,0,0,0,0,0,0,0,0,0.2896294,0.005997674,0,0,0,0,0,0,0,0.01046891,0,0,0,0,0,0,0.5712274,0,0.2019234,0,0.04896785,0,0,0.1003094,0,0.02400535,0,0.1431509,0,0.3055924,0.1571673,0,0,0,0.1287253,0.166807,0,0.3924386,0,0,0,0,2.132074,0.8213868,0,0,0,0.317641,0,0,0,0,0,0,0,0,0,0,0,0,0,0,0.3604677,0.3578591,0.2644464,0,0,0.206354,0,0,0.1914041,0,0.06755724,0,0,0,0,0,0,0,0,0,0,0,0,0,0,0.1394795,0,0,0,0,0,0,0.07740586,0,0.2413532,0,0.4164717,0,0,0.03267998,0,0,0,0,0,0,0.5606421,0,0,0.05310396,0,0,0,0,0,0,0,0,0,0,0,0,0,0,0,0,0,0,0,0,0,0,0,0,0,0,0,0,0.05626879,0,0,0,0,0,
0,0,0.07473804,0,0,0,0,0,0,0,0,0,0,0,0,0,0.4139467,0,0,0,0,0.07280985,0,0,0,0,0,0,0,0,0,0,0,0,0.1558821,0.0434266,0,0.003162426,0.3395553,0.1461643,0.00148044,0,0.1184822,0,0.2234082,0.159439,0,0,0.08163989,0,0.07760627,0.1291873,0,0,0,0,0.06827427,0,0,0,0.07229102,0,0,0,0,0.04051763,0.08316257,0.4008892,0,0,0,0.2422281,0.1015166,0.2430069,0.225773,0,0.2378384,0,0.07205668,0.5571165,0.3334088,0.05367886,0.4638015,0.3413919,0,0,0,0,0.4616829,0,0,0,0,0,0,0,0,0,0,0,0,0,0,0,0,0,0,0.4995515,0,0,0.1803266,0.3234763,0.2733813,0,0,0,0.1744511,0,0.3292688,0,0,0,0,0,0.2413195,0,0,0,0.0387696,0,0,0,0,0,0,0,0,0.1214361,0.2735333,0.1211475,0,0,0.06747995,0,0,0.4561562,0,3.734353,6.244074,0,0,0,0,0,4.616428,10.51186,2.280879,0,1.890449,0,0.2537302,0.3180723,0,0,0,0,0,0,0,0,0,0,0,0,0,0,0,0,0,0,0,0,0,0,0,0,0,0.6080198,0,0,0,0,0,0,0.1209624,0,0,0,0,0.04973863,0,0,0.288607,0.09677386,0.136384,0,0,0,0,0,0,0.09653841,0,0,0,0,0,0,0,0,0,0,0,0,0,0,0,0,0,0,0,0,0.2008854,0,0,0,0,0,0,0,0,0,0,0,0,0,0.1131847,0,0,0,0,0,0,0,0,0,0,0,0,0,0,0,0,0,0,0,0,0,0,0,0,0,0,0,0,0,0,0,0,0,0.07371783,0,0,0.03765959,0,0,0.1704787,0,0,0,0.5012012,0,0,0,0,0,0,0,0,0,0,0,0,0.04009334,0,0,0,0,0,0,0.08202908,0.3066171,0.3276679,0,0.5218279,0,0,0,0,0,0,0,0,0,0.108668,0,0.2258076,0.3510383,0.04379024,0,0.2366704,0,0.1575576,0,0.142722,0,0,0,0,0,0,0,0,0,0,0,0,0,0,0,0,0,0,0,0.1765427,0,0,0,0.2043303,0.03249028,0,0.070467,0,0,0.2556221,0,0.03929988,0.1279289,0,0,0,0,0,0,0.1537929,0,0,0,0,0,0.1696115,0,0,0,0,0,0.01118365,0,0.2034586,0.1573627,0.1389377,0.04704221,0.1020204,0.4516977,0.3104403,0,0.04247199,0,0.2058437,0.285386,0,0,0.01646833,0,0,0.04871266,0,0.0354154,0,0,0.8166714,0,0,0.1266744,0,0,0.394654,0,0,0.1418829,0,0.0321302,0,0,0,0,0,0,0.1383947,0,0,0,0,0,0,0,0,0.6771849,0,0,0,0,0,0,0,0,0,0,0,0.4230294,0,0.2524287,0,0.07775982,0,0,0,0.01092638,0,0,0,0.1097494,0.2615122,0,0,0,0,0,0,0.2283156,0,0,0,0,0,0,0,0,0,0,0,0,0,0,0,0,0,0,0.1125114,0,0,0,0.151925,0.4140034,1.994853,0.6743589,0,0,0,0,
0,0.02027321,0,0.05933363,0,0,0,0,0,0,0,0,0,0,0,0,0,0,0,0,0,0,0,0,0,0,0,0,0,0.05173435,0,0,0,0.1468198,0,0.09731263,0,0.3638486,0.316957,0.01286257,0,0,0.067881,0,0,0,0,0,0,0,0,0,0,0,0.530996,0.1002899,0.3519455,0,0,0.1065035,0.0009881118,0.5249063,0,0.1957529,0,0.407289,0.4415251,0,0,0.2136928,0,0.3775586,0.05042801,0.1726247,0,0.4480649,0,0.00207268,0,0.04723949,0,0,0.251711,0,0,0.2241896,0,0,0.004499689,0,0.09798579,0,0,0,0.1309005,0,0,0,0,0,0,0,0,0,0,0,0.193988,0,0,0.2206419,0.2070424,0.2316226,0,0.1187282,0,0,0,0.08915178,0,0,0.05406765,0.1144757,0,0,0,0,0,0,0,0,0,0,0,0,0,0,0,0,0.3088703,0.04638997,0,0,0,0,0,0.1139885,0,0,0,2.267452,1.569725,0,3.434688,0.04517925,6.46735,0,0,1.292897,0,0,0,0.4115739,0,0,0,0,0,0,0,0,0,0,0,0,0,0,0,0,0,0,0.2198766,0,0,0.1015337,0,0,0.3980671,0,0,0.1258387,0,0,0,0,0,0.04534641,0,0,0,0,0,0,0.05485404,0,0.3836862,0,0,0.07911151,0.05852439,0,0,0.3615662,0,0,0,0,0,0.1268877,0,0,0,0,0,0,0,0.2757276,0,0,0,0.06132523,0,0,0,0,0,0,0.3118972,0.1716901,0,0,0,0,0.1390512,0,0,0,0,0,0,0,0,0,0,0.03942,0.09222074,0,0,0,0,0,0,0,0,0,0,0,0,0,0,0.21127,0,0,0,0,0,0,0,0,0,0.571183,0,0,0,0.4142928,0,0,0,0,0,0,0,0,0.3616392,0,0,0,0,0,0,0,0.004947298,0.4018615,0,0,0,0,0,0,0,0,0.1711206,0,0,0,0.04300384,0.4596286,0,0.2561686,0.3936658,0.02133119,0,0.1003603,0,0,0,0.2700462,0,0,0,0,0.3967836,0,0,0,0,0.1767188,0,0,0,0,0,0.3013863,0,0,0,0,0,0,0,0,0,0,0,0,0,0,0,0,0,0.2169925,0.04632773,0,0,0.04988656,0,0,0,0,0,0.01941273,0,0,0,0,0,0,0,0,0,0,0,0,0,0,0,0,0.1160401,0.1252326,0.3526293,0.1686494,0.6923494,0,0,0.2512771,0.5487249,0.1136319,0,0.7054515,0,0.3114125,0.5181215,0,0.2493923,0,0.9362168,0,0.4289466,0,0.8312639,0.1415849,0,0.4774957,0.09217086,0,0.01954757,0,3.0603,2.711391,0,0.06945584,0,0,0,0,0,0,0,0,0,0,0,0,0,0,0,0,0,0,0,0,0,0,0,0,0.1099732,0,0,0.01314776,0,0.02189624,0,0,0.1402236,0.05238897,0,0.3926317,0,0,0,0,0,0,0.06779585,0.09709237,0,0,0.3075415,0,0,0,0,0,0,0,0,0,0,0,0,0,0,0,0,0,0,0,0,0,0,0,0,0,0,0.307658,0.7581816,0,0,0,0,0,
0,0.0811035,0.04670324,0,0,0,0,0,0,0,0,0,0,0,0,0,0,0,0,0,0,0,0,0,0,0.1157998,0,0,0.06904769,0.1757194,0.06294131,0,0.3137343,0,0,0.03674123,0,0,0,0.1921769,0,0,0.2580542,0.4128943,0,0,0,0,0,0,0,0,0,0,0,0,0,0,0.199919,0,0.2077239,0,0.346671,0,0,0,0,0,0.1375584,0,0,0,0,0.2226053,0,0,0.2040043,0,0,0.02395763,0,0,0,0.3056258,0,0,0,0,0.448012,0,0.05719743,0,0,0.0419716,0,0,0,0,0,0,0,0,0,0,0,0,0,0,0,0,0,0,0.1667913,0.1981147,0.09838735,0,0,0.1414767,0,0,0,0,0,0,0,0,0,0,0,0,0,0,0,0,0,0,0,0,0,0,0,0,0,0,0,0,0,2.639839,6.809628,0,1.176581,2.172153,0,1.082674,10.23989,0,0,1.443491,0,0,0,0,0,0,0,0.1695776,0,0,0,0,0,0.007862865,0,0,0.3544895,0,0,0,0,0,0,0,0,0,0,0,0,0,0,0,0,0,0,0,0,0,0,0,0,0,0,0,0,0,0.076091,0.09608904,0,0,0,0.6787138,0.05439421,0,0,0,0,0,0,0,0.2125105,0,0,0,0,0,0,0,0,0,0,0.1128106,0,0,0,0,0,0,0.5582443,2.090716,0,0.2192889,0,0,0,0,0.3288961,0,0,0,0,0,0,0,0,0,0,0,0,0,0,0,0,0,0,0.0887751,0,0,0,0,0,0,0.1193194,0,0,0,0,0,0,0,0,0,0,0.06035079,0,0,0,0,0,0,0,0,0,0,0,0,0,0,0,0,0,0.0613314,0,0,0.4491351,0,0.5168969,0.114923,0,0.4312701,0,0,0,0,0,0,0.165622,0,0.2293839,0.1904781,0.3257448,0,0,0.2014077,0,0.1570634,0.1853785,0,0.07001988,0.04963462,0.1380496,0.2505867,0,0,0,0,0,0,0,0,0,0,0,0,0,0,0,0,0,0,0,0,0,0,0,0,0,0,0.08390822,0.2970521,0,0,0.112457,0,0.4024058,0.188679,0.22682,0,0,0,0,0,0,0,0,0,0,0.1953353,0.1074404,0,0,0.2705999,0.126056,0,0,0,0.09274279,0,0.2024991,0.7137251,0.1708949,0.04818225,0.4964229,0,0,0.04865722,0,0.4834879,0,1.014255,0,0,0.4220013,0.08409998,0.1050154,0,0.5567471,0,0,0.08124134,0,0.0289838,0,0,0.5858493,0.4041433,0,0.5184768,0.2563825,0,0.2138962,0.3179055,0.08135682,0.05571927,0,0,0,0,0,0,0,0,0,0,0.0704319,0,0,0,0,0,0,0,0,0.2336963,0,0.04161716,0.102714,0,0,0,0.4993094,0,0,0,0,0,0,0,0,0,0.05488045,0.09136523,0,0,0.3892311,0,0,0,0,0,0,0,0,0,0,0,0,0,0,0,0,0,0.5392069,0,0,0,0,0,0,0,0,0,0.07288678,0,0.5334038,1.126529,0,0,0,0,0,0,
0,0.01200011,0.2998563,0,0,0,0,0,0,0,0,0,0,0,0,0,0,0,0,0,0,0,0,0,0,0,0.05625723,0.2117279,0.2903104,0.133821,0.5725136,0.07727426,0,0.1870939,0.4336271,0,0.1088796,0.1580449,0,0.2538964,0.2693857,0,0.00262625,0.2644262,0.1331418,0,0,0.1219753,0,0,0,0,0,0,0,0,0,0,0,0,0,0,0,0,0,0,0,0,0,0.2937776,0.01172189,0,0,0.1288221,0.262938,0.1915647,0.05086492,0,0.02944868,0.09790866,0.3364937,0.1219896,0,0,0,0,0,0,0,0.1390829,0.2391868,0,0,0.2733416,0.5659761,0,0,0,0,0,0,0.1890772,0,0.0330901,0,0,0.2135531,0,0,0,0,0,0,0.03606119,0.06699491,0,0,0,0,0,0,0,0,0,0,0,0.2932552,0,0,0,0,0,0,0,0,0,0,0,0,0,0,0,0,0.3559064,0,0,0,0,0.6335321,0,0,0,5.442769,0,3.70339,0,6.865492,2.77075,0,0,0.430772,0.2445946,0,0,0,0,0,0,0,0,0,0,0,0,0,0,0,0,0,0,0,0,0,0,0,0,0,0,0.2093439,0.05696937,0.2338236,0,0,0,0,0,0,0,0,0,0,0,0,0,0,0,0.02796314,0.07164326,0,0,0.211697,0.03799175,0,0,0,0,0,0,0,0,0,0,0,0,0,0,0,0.1739562,0,0,0,0.07629022,0,0,0,0,0,0.2966812,0.7756345,0,0.7900202,0.1397449,0,0.01731549,0,0.9738012,0,0,0,0,0,0,0,0,0,0,0,0,0,0,0,0,0,0,0,0,0.3049012,0,0,0,0.1327507,0,0,0,0,0,0,0,0,0,0,0,0,0,0,0,0,0,0,0,0,0,0,0,0,0,0,0,0,0,0,0,0.6695461,0,0,0.5074315,0,0.2578486,0,0,0.05823546,0.07516398,0,0.09093607,0.05088876,0,0,0.09097274,0,0,0.1610473,0,0.1042365,0.2968549,0,0,0,0,0,0,0,0.7064895,0,0,0,0,0,0,0,0.3823574,0.4469058,0.1062443,0,0,0,0,0,0,0,0,0,0,0.1093437,0,0,0,0,0,0,0.1110175,0.1351254,0.2256679,0.06756156,0,0,0.3002745,0.2253674,0,0,0,0,0,0,0,0,0,0,0,0,0,0.5128366,0,0,0,0.03263567,0,0,0,0,0,0.718806,0.1018837,0,0,0.1724992,0,0.001040949,0.3507712,1.220976,0.5221258,0.2292325,0.6654755,0.5061653,0,0,0,0,0,0,0,0.1494288,0.2610852,0.1279334,0.1544499,0.9089185,0.642831,0.3434647,0,0.2479069,0.05918427,0,0,0.096981,0,0,0.1252916,0,0,0,0,0,0,0,0,0,0,0,0,0,0,0,0,0,0,1.038011,0,0,0.01195328,0,0,0,0.3161431,0,0.1070448,0,0.1419794,0,0.2950214,0,0,0.3221127,0.02153388,0,0.03683051,0,0,0,0,0.1004306,0,0,0,0.2760766,0,0,0,0,0,0,0,0.02242829,0,0,0,0,0,0.2036086,0,0,0.1441418,0,0.1034502,0.7950155,0.6389748,0.3053127,0,0,0,0,0,
0.4437951,0.1284099,0,0,0,0,0,0,0,0,0,0,0,0,0,0,0,0.2143535,0,0,0,0,0,0,0,0,0,0,0,0,0.008451383,0,0.01525627,0,0,0,0,0,0,0,0,0.02692507,0,0,0,0,0,0,0,0,0,0,0,0,0,0,0,0,0,0,0,0,0,0,0.356741,0,0,0,0,0,0.3267939,0,0,0,0,0,0,0,0,0,0,0,0,0.2126033,0,0.2394597,0.3123427,0.3402715,0,0,0,0,0.5249351,0,0.2892359,0,0.2595584,0,0,0,0,0.6516179,0,0,0,0,0,0,0,0,0,0,0,0,0,0.2741629,0,0,0.2811063,0.3579499,0,0,0,0,0,0,0,0,0,0,0,0,0,0,0,0,0,0,0,0,0,0,0,0,0,0,0,0,0,6.549726,6.021558,5.169336,6.686975,1.155384,5.547952,5.403846,0,0,0,0,0,0,0,0,0,0,0,0,0,0,0,0,0,0,0,0,0.1077735,0,0,0,0,0,0,0,0.3655559,0,0,0,0.2263078,0.3186581,0.04789648,0,0,0,0,0,0,0,0,0,0,0.1308466,0,0,0,0.09967425,0,0.004723744,0.03034931,0,0,0,0.03459477,0,0,0,0.3884629,0,0,0,0,0,0,0,0,0,0,0.01928494,0,0.1659113,0,0,0,0.2612169,0,0.0265706,0.3003714,0,3.831195,0,0,0,0,0,0,0.9688262,0,0,0,0,0,0,0,0,0,0,0,0,0,0,0,0,0,0,0,0,0,0,0,0,0,2.436263,0,0,0,0,0,0,0,0,0,0,0,0,0,0,0,0.01022232,0,0.2280431,0,0,0,0,0,0,0,0,0,0,0,0,0,0,0.0374572,0.407612,0,0.549857,0.2520985,0,0.3428191,0.3318241,0,0.2605757,0,0,0.8772066,0.05370754,0,0.3840025,0.1315379,0,0,0,0,0,0,0,0,0,0,0,0,0,0,0,0,0,0,0.2031621,0,0,0,0,0,0,0,0,0,0.4552979,0,0,0.003063344,0.4607111,0,0,0.04765857,0.1733482,0.04735551,0,0,0,0.8981655,0,0,0,0,0,0,0,0,0,0,0,0,0,0,0,0,0,0,0,0,0,0.1088181,0,0.2477647,0.2149465,0,0,0.05717396,0.2695749,0,0,0.2068868,0.3926566,0,1.440796,0,1.580506,0,0,0,0.1148949,0,0,0,0,0,0,0,0,0,0,0,0,0,0,0.004419469,0,0,0.02897569,0.129212,0,0,0,0,0,0,0,0,0,0,0,0,0,0,0,0,0,0.2950223,0.1931269,0,0.2299742,0,0,0,0,0.3741382,0.2358331,0.08807564,0,0,0.6954378,0.02124877,0,0.03585752,0,0,0.1028778,0.3694881,0.3437511,0.09314117,0,0,0,0,0.3933451,0.1952918,0.1045503,0,0.09216077,0,0,0.154629,0,0,0,0.5052032,0,0,0,0,0,0,0,0,0,0,0,0,0.3910141,0.8113351,0,0.1973959,0,0,0,0,0,
0,0,0.4080038,0,0,0,0,0,0,0,0,0,0,0,0,0,0,0,0,0,0,0,0,0,0.3583681,0,0,0,0,0,0.1276938,0,0.1265024,0,0,0,0,0,0,0,0.04794024,0,0.07293085,0,0,0,0,0,0,0,0,0,0,0,0,0,0,0,0,0,0,0.1170911,0,0,0,0.04900347,0,0.08880928,0.2645743,0,0,0,0,0,0.3382671,0.04830848,0,0.3584918,0,0,0.2309379,0,0.2214599,0,0,0.2196939,0,0.2441175,0,0,0,0,0,0,0.08243334,0,0.5409798,0.1386429,0,0,0,0,0,0,0,0,0,0.08640435,0,0,0,0,0,0,0,0,0.03873578,0,0,0,0,0,0.1029036,0,0,0,0,0,0,0,0,0,0,0,0,0,0,0,0,0,0,0.337337,0,0,0,0,0,0,0,0,0,1.164479,1.072127,4.668656,0,8.133854,5.328918,0.7313395,0.5141827,0,0,0,0,0,0,0,0,0,0,0,0,0,0,0,0,0,0,0,0,0,0,0,0,0,0,0,0,0,0,0,0,0,0.03410743,0.04257426,0,0.3635239,0,0,0,0,0,0,0,0,0,0,0,0,0.2465251,0,0.3267225,0,0.07304031,0,0,0,0,0.340586,0.1361169,0.01072434,0.1127945,0,0,0,0,0,0,0,0,0,0,0,0,0,0,0,0,0,1.678676,0,1.54161,1.740433,0,0.2065656,0,0,0,0,0,0,0,0,0,0,0,0,0,0,0,0,0,0,0,0,0,0.240801,0.0003404749,0,0,0,0,0.3951983,1.782787,0.03984252,0,0,0,0,0,0,0,0,0,0,0,0,0,0,0.08534162,0.2672478,0.006183588,0,0,0,0,0,0,0,0,0,0,0,0,0.1092231,0,0,0,0,0,0.2025963,0.5120938,0,0,0,0.0186672,0.3013501,0,0,0,0.1493843,0.1230922,0.2285907,0,0,0,0,0,0,0.1580224,0,0,0,0.3613704,0,0,0,0,0,0,0,0,0.124162,0.01832159,0,0,1.319758,0.5086101,0,0,0,0,0,0.2548391,0.05228223,0,0.1824185,0.2338828,0,0.3916353,0,0,0,0,0.08942616,0,0,0,0,0,0,0.2633417,0,0,0,0,0,0.3530173,0,0.140166,0,0,0,0,0,0.1678095,0.3843882,0,0,0.06068178,0,0,0,0,0,0,0,0,0,0,0,0,0,0,0.3203906,0,0.4653601,0.01729009,0,0,0,0,0.3514963,0.1386918,0.3365768,0,0.2294758,0.4175726,0,0,0,0,0,0,0,0.009614519,0,0,0,0,0,0,0,0,0,0,0.1132148,0,0,0.2780309,0,0.1723925,0.09791999,0,0,0.1636459,0.04361187,0,0,0,0,0.144273,0,0.03181862,0.1829272,0,0.01999379,0.3031625,0.0266613,0.1272056,0,0.3076856,0,0.3782327,0,0,0,0.02183085,0,0,0,0,0,0,0,0.0587459,0,0,0,0,0,0,0,0,0.4465923,0,0,0,0,0,0,0,0.3538427,0,0,0,0,0,0,0,0,
0.4551808,0.2486764,0.3323634,0.09244245,0.1168476,0,0,0,0,0,0,0,0,0,0,0,0,0,0,0,0,0,0,0,0,0,0,0,0,0,0.4067907,0.02466595,0,0,0,0.007461403,0,0.1281209,0,0,0.0197449,0,0,0,0.07205482,0,0,0,0,0,0,0,0,0,0,0,0,0,0,0,0,0,0,0.1189535,0.3705559,0.2196932,0,0,0,0,0,0.09909042,0.09207775,0,0.0301917,0,0.2296803,0.04756496,0,0.2116429,0,0,0,0,0,0.3259124,0,0,0.2241378,0,0.3341947,0,0.1379756,0,0.2473525,0,0,0,0,0,0,0.2436863,0,0,0.4124113,0,0,0,0.4982087,0,0,0,0,0,0,0,0,0,0,0,0.2219067,0,0.1529618,0,0,0,0,0,0,0,0,0.09541385,0,0,0,0,0,0,0,0,0,0,0,0,0,0,0.2452734,0,0,0,1.83519,0,0,0,0,3.412496,0,2.547273,0,0.50364,0.7907217,0.1773857,0,0,0,0,0,0,0,0,0,0,0,0,0,0,0,0,0,0,0,0,0,0,0,0,0,0.3858734,0,0,0,0,0,0,0,0,0,0,0.1491637,0,0,0,0.03456898,0,0.307837,0,0.1933004,0,0,0.07596087,0.007867563,0.2388587,0,0,0,0,0,0,0.1270934,0,0,0.1274276,0,0,0,0,0.04655931,0,0,0,0,0.112988,0,0,0,0,0,0,0,0.1115505,0,0,0,0,0,0,0,0,0,0,0,0,0,0,0,0,0,0,0,0,0,0,0,0.1653303,0,0.2132766,0,0,0,0,0,0,0.8807009,0.7499352,0,0,0,0,0,0,0,0,0,0,0.1793973,0,0,0,0,0.6387887,0.2627435,0,0.4385964,0.0373017,0,0,0,0,0,0,0,0,0,0,0,0.1811612,0,0,0,0,0,0.4528147,0,0,0,0,0.07204936,0,0.001734879,0.02351954,0,0.01388482,0,0,0,0,0,0,0,0,0,0,0,0,0.01507319,0,0,0,0,0,0,0,0.4741817,0.1477837,0.4063094,0.3143843,0.02431426,0,0,0,0,0.1643893,0.0628856,0.2109582,0,0.3728995,0,0.4340557,0.9676306,0,0,0,0,0,0,0,0.2288956,0,0,0,0,0,0,0,0,0,0,0.1285513,0,0,0,0,0,0,0.06943232,0,0,0.4576613,0.03149823,0.1663723,0,0.3268954,0,0,0,0,0,0,0,0,0,0,0,0,0,0,0,0,0,0,0,0,0,0,0,0,0,0,0.1030037,0,0,0,0.1289661,0.2851571,0,0,0,0,0,0,0,0,0,0,0.1228631,0,0,0,0,0,0.3156313,0,0.04430196,0.3384113,0.2158466,0,0.08220133,0.5820366,0.2366898,0,0.3810526,0,0,0,0.1110651,0.03064737,0,0,0,0,0,0.1676427,0,0,0,0,0,0.5268084,0,0,0,0,0,0,0,0,0,0,0,0,0,0.2801983,0,0,0,0,0,0,0.2222323,0,0,0,0,0,0,0.1100791,0,0,0.1002208,0,
0.1506404,0,0,0.2293381,0,0,0.3463755,0,0,0,0,0,0,0,0,0,0,0,0,0.3061921,0,0,0,0,0,0,0,0,0.2375722,0,0.1732723,0,0,0,0.2560676,0.1411041,0,0,0,0,0.4630879,0,0.09893066,0,0,0.0991186,0,0,0,0,0,0,0,0,0,0,0,0,0,0,0,0,0,0,0,0.01424935,0,0.1346845,0.02303397,0.156492,0,0,0,0,0.3809757,0,0,0.2446067,0,0,0,0,0.05044978,0,0.01400055,0.2203355,0,0,0,0,0,0,0.5838931,0,0.04390037,0.08679558,0.101606,0,0,0,0,0.1917056,0,0,0.4576565,0,0,0,0,0,0,0,0,0,0,0.7743232,0,0,0,0,0,0,0.1590898,0,0,0,0,0,0,0,0,0,0,0,0,0,0,0.1371391,0,0,0,0.07442588,0,0,0,0,0,0,0,0,0,0,4.20041,0,0,0,0,3.392751,0,0,1.502543,0.106148,0,0.136061,0,0,0,0,0,0,0,0,0,0,0,0,0,0,0,0,0,0,0,0,0,0.04651088,0,0,0,0,0,0,0.06241224,0.8768825,0,0,0,0,0.3333962,0,0,0,0,0,0.02557641,0.1646681,0.1769604,0,0,0.0969422,0.004583189,0,0,0.4384885,0,0,0,0,0,0.1793736,0,0,0,0.4435745,0,0,0.326339,0,0,0,0,0,0,0,0,0,0,0,0,0.5592186,0,0,0,0,0.2238698,0,0.03080793,0,0,0,0,0,0,0,0,0,0,0,0,0,0,0,0,0,0,0,0,0,0,0,0,0,0,0,0,0,0,0,0,0,0,0,0,0,0,0,0,0,0,0,0,0,0,0,0,0,0,0,0,0,0,0,0,0,0,0,0,0.1848731,0,0.3203661,0,0.107124,0,0.4620875,0,0,0.275211,0,0.45539,0,0,0,0,0,0,0,0,0,0,0,0.04687015,0,0,4.058049E-05,0,0,0,0,0,0,0,0,0.1008297,0,0.1429631,0.5358667,0.08884558,0,0,0.09814707,0.1756363,0.06169365,0,0.2438108,0.8813255,0.2529612,0.02940984,0,0,0.1670935,0.4866221,0,0,0,0,0,0,0,0,0,0,0,0,0,0,0,0,0,0,0,0,0,0,0,0.5193825,0.3714396,0.3047965,0,0.05948766,0.06430768,0.1319841,0,0,0,0,0,0.01047571,0,0.3060105,0,0,0,0,0,0.4716703,0,0,0,0,0,0,0,0,0,0,0.3100857,0.04556992,0,0.1898792,2.343021,0,0,0,0,0,0,0,0,0,0,0.02729767,0.5785962,0.1767258,0,0,0,0,0,0,0.2217174,0.01146743,0,0.6573571,0.1231818,0.2078124,0.03404985,0,0.1678161,0,0,0.04061095,0.1395388,0.2521537,0.0509924,0,0,0.07785621,0.4426834,0,0,0,0,0,0,0,0,0,0,0.05135665,0,0,0,0,0,0,0,0,0,0,0,0.6224782,0.6603258,0,0,0,0,0,0,0,0,0,0,0,1.496434,0,0,0,0,0,0,
0,0,0.02968807,0.2813006,0.08427856,0,0,0.18574,0,0,0,0,0,0,0,0,0,0,0.07434965,0,0,0,0,0,0,0,0,0.01926782,0,0,0.006752709,0.3959409,0.1553633,0.2371895,0,0.02332159,0,0,0.1563624,0,0.2941616,0,0.1101162,0.8022179,0,0,0.08266866,0.1053555,0,0,0,0,0,0,0,0,0,0,0,0,0,0,0,0,0.2827195,0.1168599,0,0.04300219,0,0,0,0,0.2593769,0,0,0.05184854,0.2384257,0,0,0,0,0,0,0,0,0.02618502,0.3001789,0,0,0,0.1249651,0,0,0.002072843,0,0,0,0,0,0,0.06372496,0,0,0,0,0,0.2787983,0,0,0,0,0,0,0,0,0,0,0,0,0,0,0,0.2355808,0,0,0,0,0,0,0,0,0,0,0,0,0,0,0,0,0,0,0,0,0,0,0,0,0,0,0,0,0,0,0,6.023135,9.462972,5.953207,13.48311,3.915369,3.058063,0,0.728921,0.01957932,0,0,0,0,0,0,0,0,0,0,0,0,0,0,0,0,0,0,0,0,0,0,0,0,0,0,0,0,0,0,0,0,0,0.0441109,0,0,0,0,0,0,0,0,0.169425,0,0,0,0.4041004,0.03917131,0,0,0.3126518,0,0,0,0,0.04531532,0,0,0.3388223,0.380395,0.4942114,0.1253755,0,0,0,0,0.1526675,0,0,0,0,0,0,0,0,0,0,0,0,0,0,0,0,0.1673986,0,0,0,0,0.01684147,0,0,0.07347143,0,0,0,0,0,0,0,0,0,0,0,0,0,0,0,0,0,0.1003562,0.2347465,0,0,0,0.6293375,0,0,0,0,0,0,0,0,0,0,0,0,0,0.08761492,0,0,0,0.2199446,0,0,0,0,0,0,0,0,0,0,0,0,0,0.225704,0.2409264,0,0.2483451,0,0.3113703,0,0.1268124,0.2486105,0,0,0,0,0,0,0,0,0,0,0,0,0,0,0,0,0,0,0,0,0,0,0,0,0.07628147,0,0,0,0,0.06358895,0,0,0,0.2435566,0,0,0.2291668,0,0,0,0,1.166545,0,0,0,0,0,0,0,0,0,0,0.2519884,0,0,0,0.2048265,0,0,0,0,0,0,0,0,0,0,0,0,0.1170593,0,0.3030163,0.1459385,0.5309058,0.184099,0,0.04005501,0.08117823,0,0,0,0,0,0,0,0,0,0.04084139,0,0.03627496,0,0,0,0,0,0,0.009120317,0,0,0,0.5555237,4.824645,0.3231495,1.76053,0.8402904,0,0,0,0,0,0,0,0.4598359,0.3689846,0,0,0.2047253,0,0.4840618,0.005740905,0,0,0,0,0,0,0.2604783,0,0.01654352,0,0.1668304,0,0.2409839,0,0.03828068,0,0.2330597,0,0.02162102,0.2151048,0,0,0,0,0,0,0.09466469,0,0,0.1043561,0,0,0,0,0,0,0,0,0,0,0,0,0,0,0,0,0,0,0.1700673,0,0,0,0,0,0,0,0,0,0,0,0,0,
0,0,0,0.1512446,0,0,0.492107,0.1221444,0,0.04141886,0.06485702,0,0,0,0,0,0,0,0,0,0,0,0,0,0,0.1705319,0.2524641,0.05147236,0.294151,0,0,0,0.3550645,0,0.2397433,0,0.7244399,0,0,0,0,0,0,0,0,0,0.05115411,0,0,0,0,0,0.135526,0,0,0,0,0,0,0,0,0,0,0,0,0,0,0.1206643,0.1757934,0,0,0,0,0.2026498,0,0,0.1418033,0.1901236,0,0,0,0,0,0,0.3605038,0.07714958,0,0,0.07020501,0,0,0,0,0,0,0,0,0,0,0,0,0,0.4384412,0.3675661,0,0,0,0,0,0,0,0,0.2442897,0,0,0,0,0,0,0.1338051,0,0,0.322648,0,0,0,0.5497761,0,0,0,0,0,0,0,0.1304465,0.04209122,0.2243901,0,0,0,0,0,0,0,0,0,0,0,0,0,0,0,0.575911,0,0,0.02175625,2.232603,0,0,5.067183,0,0.7000512,1.283479,0,0,0,0,0,0,0,0,0,0.1588986,0,0,0,0,0,0,0,0,0,0,0,0,0,0,0,0,0,0,0,0,0,0.09084927,0,0,0,0,0,0,0,0,0,0.03577087,0.1449952,0,0.2115185,0,0,0,0,0,0,0,0,0,0.1209867,0,0.04780784,0.2687242,0,0.08416191,0,0,0,0,0,0,0,0,0,0,0,0,0,0,0,0,0,0,0.003559864,0,0,0,0,1.402354,0,0,0,0,0,0,0,0,0,0,0,0,0,0,0,0,0,0,0,0,0,0,0,0,0,0,0,0.3253076,0.1291565,0.3447746,0,0,0,0,0,0,0,0,0,0,0,0,0,0,0,0,0,0.1313313,0,0.3820896,0,0,0,0,0,0,0,0,0,0,0,0,0.3858981,0,0.00366036,0,0.01296611,0.3684558,0,0.04311383,0,0.1053638,0,0,0,0,0,0,0,0,0,0,0,0,0,0,0,0,0,0,0,0,0,0,0,0,0,0,0,0,0.1783473,0,0.07013781,0.2831773,0.3946461,0,0.02475288,0,0,0,0.01622823,0,0.09077672,0,0,0,0,0,0,0,0,0,0,0,0,0,0,0,0,0,0,0,0,0,0.07869096,0,0,0,0,0,0,0,0.1351027,0.04505854,0,0,0,0,0,0,0,0,0,0,0.4875277,0.8723366,0,0,0,0,0,0,0.1975359,0,0,0,0,0,0,0.08775655,0,0.06685509,0.344402,0.9138949,2.222939,0,0.06076372,0,0,0,0,0,0,0.08669601,0,0,0.02534436,0.4052471,0,0.04756457,0.09888889,0.2339346,0,0,0.1230439,0,0.1921339,0,0.09104928,0.3162768,0.1353852,0,0,0.201476,0.1645279,0,0.3881263,0.04250737,0,0,0.01455726,0.2773446,0.2530115,0.001731066,0.2163572,0,0,0,0,0,0,0,0,0,0,0,0,0,0,0,0,0,0,0,0.09528131,0,0,0,0,0,0.4205911,0,0,0,0,0,0.1844345,0,0,0,0,0,0,
0.06021007,0,0.416706,0,0,0,0.1830937,0.3792219,0.2019016,0,0,0,0,0,0,0,0,0,0,0,0,0,0,0,0,0.03923636,0.1874876,0,0,0.0337924,0,0.03573707,0,0.4183226,0,0.1137105,0,0.3532279,0,0,0,0.1792256,0,0.3778437,0,0,0.3561962,0,0,0.03280888,0,0,0,0,0,0,0,0,0,0,0,0,0,0,0,0,0,0,0,0,0,0,0,0,0,0,0,0,0,0,0,0,0,0,0,0,0.3274932,0,0,0,0,0,0,0,0,0,0,0,0,0,0,0.01439069,0.5558066,0,0,0,0.1543418,0,0,0,0,0,0,0,0,0,0,0,0.3029721,0,0.0657243,0,0,0,0,0,0,0,0,0,0,0,0,0.4417187,0,0,0,0,0,0.008828972,0,0,0,0,0,0,0,0,0,0,0,0,0.6762917,0,0,4.037501,0,0,4.02188,0,0,3.786347,2.193276,0,0.2398311,0.3446779,0,0,0,0,0,0.1921825,0,0,0,0,0,0,0,0,0,0,0,0,0,0,0,0,0,0,0,0,0,0,0,0,0,0.1044629,0,0,0,0,0,0,0,0,0,0.3399902,0.5151209,0.1481797,0,0,0,0,0.05011697,0.319903,0,0,0.124161,0,0,0,0,0.471197,0,0.4044659,0,0,0,0,0,0,0,0.07218239,0.07349651,0,0,0,0,0,0,0,0,0,0,1.823882,0.4532481,0,0,0,0,0,0,0,0,0,0,0,0,0,0,0,0,0,0,0,0,0,0,0,0,0,0,0,0,0,0,0,0,0,0,0,0,0,0,0,0,0,0,0,0,0.005965844,0,0,0,0.47289,0.2794676,0,0,0,0,0,0,0,0,0,0,0,0.2517351,0.3326296,0.203621,0,0,0.2901625,0.494514,0.4903114,0.0533407,0,0,0,0,0,0,0,0,0,0,0,0,0,0.151282,0,0,0,0,0,0,0,0,0,0,0.1190906,0,0,0.01227674,0,0,0.2031688,0,0,0,0,0,0.4115711,0.260875,0.2699546,0,0.08007796,0,0,0,0,0,0,0,0,0,0.3288986,0,0,0,0,0,0,0,0,0,0,0,0,0,0,0,0,0,0,0,0,0,0,0,0,0,0,0,0,0,0,0,0,0,0,2.561693,0,0,0,0.4432957,0,0,0,0,0.03269686,0.07468263,0,0,0,0,0,0,0,0.009197448,0.2321997,0,0,0,0,0,0.2209366,0,0,0,0,0.3249072,0.6098955,0.01457415,0,0,0.1257751,0.003667566,0,0.2439856,0,0.1682774,0.4539696,0,0.02904802,0,0,0,0,0,0,0.2876527,0.1674498,0,0,0,0,0.02956282,0,0.1009725,0,0,0.1133922,0,0.8275355,0.6021004,0.2078425,0,0,0,0,0,0,0,0,0.1324041,0,0,0,0,0,0,0,0,0,0,0,0,0,0,0,0,0.1201811,0.5129973,0,0,0,0,0.4115767,
0.1422656,0,0.03366019,0.1300586,0,0.5039293,0,0,0,0.1130123,0,0,0.1501102,0,0,0,0,0,0,0,0,0,0,0.4156998,0,0.1420038,0.7258753,0.4365683,0.07761126,0.1268684,0.3183929,0.2812132,0.0556918,0.01857274,0.327349,0,0,0,0.1369302,0.5253776,0,0,0.1390551,0,0,0.014168,0.1617576,0,0.2175993,0,0,0.1454698,0,1.875716,0.6814216,0,0,0,0,0,0,0,0,0,0,0,0,0,0,0,0,0,0,0,0,0,0,0,0,0,0,0,0,0,0,0,0,0,0,0,0,0,0,0,0,0,0,0,0,0,0,0,0,0.07276127,0,0,0,0,0,0,0,0,0,0,0,0,0,0,0,0,0.005390574,0.04101313,0,0,0,0.117809,0,0.8418097,0,0.6367981,0,0,0,0,0,0,0,0,0,0,0.008315605,0,0,0,0.296907,0,0,0,0,0,0,0,0,0,0,0,0,3.781476,3.621153,0,6.114853,7.732174,0.9887606,0,0,0,0,0,0,0,0,0,0,0,0,0,0,0,0.01427953,0,0,0,0,0,0,0,0,0,0,0,0,0,0,0,0,0,0,0,0,0,0,0,0.05443744,0.2487758,0,0.07310007,0,0,0.5180651,0,0.172083,0,0.3245485,0.3689624,0.02950754,0.009175911,0,0.2544913,0,0,0,0,0,0,0,0.1275157,0.08030222,0,0,0,0,0,0,0,0,0.3467652,0,0,0,0,0,0,0,0.4657575,0,0.726474,0.4145645,0.02187395,0,0,0,0,0,0,0,0,0,0,0,0,0,0,0,0,0,0,0,0,0,0,0,0,0,0,0,0,0,0,0.2262038,0,0,0,0,0,0,0,0,0,0,0,0,0,0,0,0.1973632,0,0.2310118,0,0.3265509,0,0,0,0,0,0,0,0,0,0,0,0.01351053,0,0,0.07472765,0.1655841,0,0.06513017,0,0,0,0,0,0,0,0,0,0,0,0,0,0,0,0,0,0,0,0,0,0,0,0,0,0,0,0,0,0.03509118,0.4681877,0.1171351,0,0.02835981,0.1249578,0,0,0,0,0.1236163,0,0,0,0,0,0,0,0,0,0,0,0,0,0,0,0,0,0,0,0,0,0,0,0,0,0,0,0,0,0,0,0,0,0,0,0,0,0,0.03535342,0.3138002,0,0,0.05539878,0,0,0.2643411,0,0,0.3102564,0,0,0,0,0,0,0,0,0,0,0.2330851,0,0,0,0,0,0.07857171,0.04627089,0.1363366,0,0.1551172,0.02796679,0.1454272,0.3643627,0.05554846,0,0,0,0,0.1571464,0.1227759,0,0.02970355,0,0.2590337,0.2348098,0.04269665,0.01201628,0,0,0,0.5185251,0.3720638,0,0.07013707,0,0,0.4988907,0.2223886,0,0,0,0,0,0.523364,0.2229905,0,0,0.04711411,0,0,0,0,0,0.1564552,0,0,0,0,0,0,0,0,0,0,0,0,0,0,0,0,0.0303841,0,0,0,0.06163863,0,0,0,0,0,0.1064902,0,0.4373032,
0,0.1590692,0,0.5019666,0,0,0,0,0.08133692,0.06803095,0,0.1201146,0.05467898,0.2398287,0,0,0,0,0,0.08515807,0,0,0,0,0,0.4017023,0,0.06527241,0,0,0,0,0,0.009011684,0,0.341415,0,0,0.1598643,0.2472035,0.2110458,0,0,0.02904647,0,0,0.1779769,0.1732797,0.2899017,0,0,0.12071,0,0.5110195,0.6617066,0.7669485,0.06448755,2.070148,0,0,0,0,0,0,0,0,0,0,0,0,0,0,0,0,0,0,0,0,0,0,0,0,0,0,0,0,0,0,0,0,0,0,0,0,0,0,0,0,0,0.1390535,0,0,0.08258194,0,0,0.05933601,0,0,0,0,0,0,0,0,0,0,0,0,0,0,0,0.2916381,0.1736927,0.4488864,0.2054972,0,0,0.05381114,0.2946603,0,0,0,0,0,0,0,0,0,0,0,0,0,0,0,0,0,0,0,0,0,0,0,0,1.048831,4.893697,2.627947,7.311985,0,0.1846666,5.267285,4.404834,0,1.992196,0,0,0,0,0,0,0,0,0,0,0,0,0,0,0,0,0,0,0.4506451,0,0,0,0,0,0,0,0,0,0.1182686,0,0,0,0,0,0,0,0,0.3729955,0,0,0,0,0,0.1876514,0,0.1582759,0.1219978,0,0,0,0,0,0,0,0.4783376,0.2878815,0,0,0,0,0,0,0.1365189,0,0,0.1275767,0,0.2490105,0,0,0.4111156,0.4785837,0.07731053,0,0.2160153,0,0.04583059,0,0,0,0.1422282,0,0.7452245,0.6173627,0.01890209,0,0.05313977,0,0,0,0.09564525,0,0,0,0,0,0,0,0,0,0,0,0,0,0,0,0,0,0,0,0,0,0,0,0,0.5092038,0,0,0,0,0,0,0,0,0,0,0,0,0,0,0,0,0.2196952,0.1165446,0,0.05549217,0,0,0,0,0,0,0,0,0,0,0.5224251,0.2461414,0.07017885,0,0,0,0,0.02943379,0,0,0,0,0,0,0,0,0,0,0,0,0,0,0,0,0,0,0,0,0,0,0,0,0,0,0,0,0,0,0,0.9395853,0.5394351,0,0,0,0,0,0,0.008490883,0,0,0,0,0,0,0,0,0,0,0,0,0,0,0,0,0,0,0,0,0,0,0,0,0,0,0,0,0,0,0,0,0,0,0,0,0,0,0,0,0,0,0,0,0,0,0,0,0,0,0,0,0,0,0,0,0,0,0.4183788,0,0.1646698,0,0,0,0,0,0,0.1529684,0,0.2330795,0.07076918,0,0,0.559908,0.1004649,0,0.1424697,0.1951396,0.5818784,0,0,0,0.1060304,0,0.1424613,0,0.09950542,0.03807367,0,0,0,0,0,0,0,0,0,0.06998852,0,0.1177735,0.3768621,0.3697034,0.2879876,0,0,0,0,0,0,0,0,0,0,0.00246375,0,0,0,0,0,0.1091546,0,0,0.1929392,0,0,0,0,0,0,0,0,0,0,0,0,0,0,0,0.548798,0.365627,0,0.2694115,0,
0.0298232,0,0,0,0.1209174,0,0.009211325,0.04272917,0,0.06640853,0,0,0,0,0,0,0,0,0,0.1024467,0,0,0,0,0,0,0,0,0.1078151,0.2858186,0.1991904,0,0,0,0.1353639,0.2487455,0,0.5020685,0,0,0,0,0,0,0,0,0.1800256,0.01052083,0,0,0.3196675,0.4946479,0,0,0,0,0.1443503,2.711906,0,0,0,0,0,0.1784643,0,0,0,0,0,0,0,0,0,0,0,0,0,0,0,0,0,0,0,0,0,0,0,0,0,0,0,0,0,0,0,0,0,0.6939521,0,0,0,0.4221618,0,0,0.147036,0,0,0.08012965,0,0,0,0,0,0,0,0.2693131,0,0,0,0,0,0,0,0,0,0,0,0,0,0,0.1422972,0.1464404,0,0,0,0,0.0149053,0,0,0,0,0,0,0,0,0.06928986,0,0,0,0,0,0.06284496,0,0,0,0.07731747,2.362712,0,0,0,0,6.274128,0,0,0,0,0.06094142,0,0,0,0,0.0932857,0,0,0,0,0,0,0,0,0,0,0,0,0,0,0,0,0,0,0,0,0,0,0,0,0,0,0,0,0,0,0,0.4525522,0.2722949,0,0.2448854,0,0,0.4090986,0,0,0.3237848,0.1969434,0.04881473,0,0,0.3030232,0,0.1616312,0.08555412,0.2313062,0,0,0.002705033,0,0,0,0,0,0,0.7525765,0.5526249,0.1123433,0,0,0,0,0.2031944,0,0,0,0,0,0.4369423,0.1589373,0.7780844,0.690442,0.3926605,0.1443285,0,0,0,0,0,0,0,0.1335977,0,0,0,0,0,0.006518203,0,0,0,0,0,0,0,0,0,0,0,0,0,0,0,0,0,0,0,0,0,0,0,0,0,0,0,0,0,0,0,0.4438213,0,0,0,0.2632988,0,0,0,0,0,0,0,0,0,0,0.4055918,0.5998726,0.1294862,0,0.240798,0,0,0,0,0,0.1726348,0.02719308,0,0,0,0,0,0.2874791,0,0,0,0,0,0,0,0,0,0.5860045,0,0,0,0,0,0,0,0,0,0,0,0,0.1692429,0,0.2732163,0.08872155,0,0.0520764,0.4040006,0,0,0,0.2178981,0,0,0,0,0,0,0,0,0,0,0,0,0,0,0,0,0,0,0,0,0,0.5268098,0,0,0,0,0,0,0,0,0,0,0,0,0,0,0,0,0.4035014,0,0,0,0,0,0,0,0,0,0,0,0,0,0,0,0,0,0.109992,0,0,0,0.1731137,0,0,0,0,0,0.4124905,0,0,0,0.355829,0.2643422,0,0.06680629,0,0.002920452,0.1792109,0.2982059,0,0,0.1328567,0.03184888,0,0.01447317,0,0,0,0,0,0,0,0.03139067,0.203183,0,0,0,0.459316,0,0,0.01944674,0.2613586,0.04803358,0.2090369,0.01207078,0,0,0,0,0.0987296,0,0,0,0.7473556,0.1028723,0,0.04289889,0,0,0.005320532,0,0.06423377,0.1027864,0,0.003828278,0.3127389,0,0.4831986,0.2121334,0,0,0,0.2376432,0,0,0,0.03158117,0,0,0,
0,0,0.2424409,0.4306454,0,0,0,0.01332419,0.02962886,0.06259613,0,0,0,0.2951301,0,0,0,0.4134081,0.03033135,0,0,0,0.07770808,0,0,0.1162485,0.03878902,0.9145604,0.0634978,0,0.2150417,0,0.21836,0,0,0.3435345,0.2647705,0,0.1870856,0,0.1437465,0.3154815,0,0,0,0,0,0,0.09917116,0,0.5322992,0,0.02751891,0,0.1275834,0,0.1099622,0,0,0,0,0,0,0,0,0,0,0,0,0,0,0,0,0,0,0,0,0,0,0,0,0,0,0,0,0,0,0,0,0,0,0,0,0,0,0,0,0,0,0,0,0,0,0,0,0.02759306,0.7380664,0,0,0.2955762,0,0.142725,0.2916779,0.0448325,0,0,0,0,0,0.002991319,0,0,0,0.02047542,0.2594858,0.1108891,0,0,0,0.1146278,0,0,0,0,0,0,0,0,0.2943837,0,0,0,0,0,0,0.04498238,0,0,0,0,0,0.4316825,0,0,0,0,0,0,0,6.943555,2.817891,0,0,0,0,0,0,0,0,0,0,0,0,0,0,0,0.401487,0,0,0,0,0,0,0,0,0,0,0,0,0,0,0,0,0,0,0,0,0,0,0,0.3954403,0,0.338932,0,0.151678,0,0.2477783,0.05560249,0,0,0.006693591,0.1973014,0,0.1810677,0,0,0,0.1851227,0,0.3229953,0,0,0,0,0,0.176063,0,0,0,0,0,0.1993993,0,0,0.1544607,0,0,0.3792717,0.2316496,0,0,0,0,0,0,0,1.276403,0,0,0.141834,0,0,0,0,0,0,0,0,0,0,0,0,0,0,0,0,0,0,0.6211711,0,0,0,0,0,0,0,0,0,0.3850071,0.09097007,0,0,0,0,0,0,0,0,0,0,0,0,0,0,0.0426738,0,0,0,0,0,0,0,0,0,0.1342703,0,0,0,0,0,0,0.1447551,0,0,0.1601097,0,0,0,0,0,0,0,0,0,0,0,0,0,0,0,0,0,0,0,0,0,0,0,0,0.2920808,0,0,0,0,0,0,0,0,0,0,0,0.4364246,0,0,0,0,0,0.3284644,0,0,0,0,0,0,0,0,0,0,0,0,0,0,0,0,0,0,0.1965661,0,0,0,0,0,0,0,0,0,0,0,0,0,0,0,0,0,0,0,0,0.04641323,0,0,0,0,0,0,0,0,0.1636104,0,0,0,0.02035902,0,0,0,0,0,0.2378763,0,0.2691447,0,0,0,0,0,0.008558603,0.1826482,0.1726081,0,0.5603493,0.1482103,0.2530896,0,0.08436079,0.008851716,0.02965248,0.05171876,0,0.2039253,0,0.08278809,0,0,0.3651941,0.6958334,0.1864633,0,0,0.3212914,0,0,0,0,0.1859898,0,0,0,0,0,0,0,0,0,0.1825139,0,0,0,0,0,0,0.2610421,0,0,0.1869475,0,0,0,0.4708044,0,0,0,0,0,0,0,0.1068397,0.1258787,0.1244066,0,0,0,0.03260554,0,0,0,0,0,0,0,0.3572952,0.1717865,
0.08142067,0,0,0.04623483,0.3192895,0,0,0,0.1249757,0,0,0,0.1524378,0,0.2350117,0.635437,0,0.3680081,0.2263179,0.02808627,0,0,0.2246,0.1197205,0.04009971,0,0.2656649,0,0,0,0,0,0,0,0,0,0,0,0.05229742,0,0.1614803,0,0,0.2317446,0.2965528,0.1397134,0.1147245,0,0,0,0,0,0.08701567,0.0363186,0,0,0.008397281,0,0,0,0,0,0,0,0,0,0,0,0,0,0,0,0,0,0,0,0,0,0,0,0,0,0,0,0,0,0,0,0,0,0,0,0,0,0,0,0,0,0,0,0,0,0,0,0,0,0,0.4145505,0,0,0,0,0,0,0.09164785,0.2673302,0.2138392,0,0,0.7091303,0.1173017,0,0,0,0.2749646,0.3640982,0,0.09656889,0,0,0,0.2958722,0,0,0,0,0,0,0,0,0,0,0,0,0.1221002,0,0,0,0,0,0,0,0,0,0,0,0,0.09517184,2.12795,1.199478,0,0,0,0,0,0,0,0,0,0,0,0,0,0,0,0,0.259573,0.07264014,0.117586,0,0,0,0,0,0,0,0,0,0,0,0,0,0,0,0,0,0,0,0,0,0,0,0.04888276,0.2761097,0,0,0,0,0,0.5349236,0.1276501,0,0,0,0,0,0.03718768,0.054116,0,0,0.4814012,0.03419757,0.2225781,0,0,0,0.1204341,0.1517784,0,0.2278777,0.6913317,0.7275121,0.2137547,0,0,0,0,0,0,0,0,0,0,0.01097478,0,0,0.8823645,0,0.0568742,0.1317941,0.1180953,0.05400741,0.0985164,0,0,0,0,0,0.8996155,0,0,0,0,0,0,0,0,0,0,0,0,0,0,0,0.2548529,0,0,0,0,0,0,0,0,0,0,0,0,0,0,0,0,0,0,0,0,0,0,0,0,0,0.1076821,0,0,0,0,0,0,0,0.1722569,0,0.1585068,0.1310538,0.1690026,0,0,0,0,0,0,0,0,0,0,0,0,0,0,0,0,0,0,0,0,0,0,0,0,0,0,0,0,0,0,0,0,0,0,0,0,0,0,0,0,0,0,0,0,0,0,0,0,0,0,0,0,0,0,0,0.1512538,0,0,0,0,0,0,0,0,0,0,0.001246723,0,0,0,0,0,0,0,0,0,0,0,0,0,0,0,0,0,0,0.2620721,0,0,0,0,0.3340369,0.1407349,0.128188,0,0,0,0,0,0,0,0,0,0,0,0,0,0,0,0,0,0.005964677,0,0.05822745,0,0,0,0,0,0,0.001830172,0,0,0,0.2540231,0,0,0,0,0,0,0.1776626,0.07402606,0.02500512,0,0,0,0,0,0,0.2307794,0,0,0,0,0,0.6438326,0,0,0.0156012,0.5195159,0.2231779,0.2673511,0,0.00150738,0.07391217,0.2386109,0.9018881,0.859019,0,0,0.01162391,0,0,0,0,0,0,0,0,0,0,0,0.09721157,0,0,0,0,0,0,0,0,0,0,0,0,0,0,
0,0,0,0.02789607,0,0.05557587,0,0,0.1923155,0.2950089,0.3323874,0,0,0,0.5724447,0.2012797,0.2106691,0,0.2587555,0.04532853,0,0,0.09021942,0.217877,0.01075069,0.2542005,0.219111,0,0.3738887,0,0,0,0,0,0,0.378071,0,0.04104568,0,0,0,0,0,0,0,0,0.125296,0.07402354,0,0.4582161,0,0.009050896,0,0,0,0,0,0.02310515,0,0,0,0,0,0,0,0,0,0,0,0,0,0,0,0.2707064,0,0,0,0,0,0,0,0,0,0,0,0,0,0,0,0,0,0,0,0,0,0,0,0,0,0,0,0,0,0,0,0,0,0,0.3780263,0,0.4715767,0,0,0.6648305,0.07932243,0,0,0,0,0,0,0,0,0.7472055,0,0.3992608,0,0.03316641,0,0,0,0,0,0,0,0,0,0,0,0.2586435,0,0,0,0,0,0,0,0,0.06269434,0,0.1322288,0,0,0,0.01456884,0,0,2.506519,0,0,0,0,0,0,0,0,0,0,0,0,0,0,0.8081071,0,0.2230348,0.4713389,0.004821052,0,0,0.1999287,0,0,0,0,0,0,0,0,0,0,0,0,0,0,0,0,0,0,0,0,0.0881949,0,0.49038,0,0.145297,0,0.4145502,0.3979507,0.005525267,0,0,0.3302961,0,0,0.2468761,0.05949943,0.2905947,0,0.2598956,0,0.2809962,0.5762156,0,0.1277464,0,0.160011,0.1646764,0,0.3703099,0.03364971,0,0.4507386,0,0.1263837,0,0,0,0.06960274,0,0,0,0,0,0,0,0,0,0,0,0,0.2901919,0.0773218,0.3563603,0,0,0,0.0360334,0,0,0,0,0.06072234,0,0,0,0,0,0,0,0,0,0,0,0,0,0,0,0,0,0,0.1386321,0,0,0,0,0,0.2543976,0,0,0,0,0,0,0,0,0,0,0.2629706,0,0,0,0,0,0,0,0.06468154,0,0.3944668,0,0,0.006589877,0,0,0.005806284,0,0,0,0,0,0,0,0,0,0,0,0,0,0,0,0,0,0,0,0,0,0,0,0,0,0,0,0,0,0,0,0,0,0,0,0,0,0,0,0,0,0,0,0,0,0,0,0,0,0,0,0,0.3911843,0.3822792,0,0,0,0,0,0,0.02713876,0,0,0,0,0,0,0,0,0,0,0,0,0,0,0,0,0,0,0,0,0,0,0,0,0,0,0,0,0,0.1955021,0,0,0,0,0,0.36544,0,0,0,0,0,0,0,0,0,0,0,0,0,0.212057,0.183025,0,0,0,0.08588405,0,0,0,0,0.3801046,0,0,0,0,0,0.04137068,0,0,0,0.005092694,0,0,0,0.7630132,0,0,0.4815977,0.6770058,0,0,0,0,0,0,0,0,0,0,0.424697,0,0.3764437,0.03691947,0.3363965,0.000544349,0.9696791,1.677896,0,0,0,0.1760141,0,0,0,0,0,0,0,0,0,0,0,0,0.1183847,0,0,0.03236853,0,0,0.2285671,0,0,0,0,0,0,
0.3958626,0,0,0.2242682,0.4809359,0.324966,0,0,0,0,0,0.2569781,0,0,0,0,0.4491911,0,0,0,0.1685663,0,0,0,0.1006247,0.09056321,0,0.00938169,0.2910742,0,0.02190621,0.05224792,0.2766583,0,0.1868753,0.1556718,0,0.02504213,0,0.1261503,0.1846921,0.05753957,0,0,0.09674631,0.1985798,0.07518128,0.1283439,0,0,0,0,0,0.2228064,0,0,0.1941526,0,0,0,0,0,0,0,0,0,0,0,0,0,0,0,0,0,0,0,0,0,0,0,0,0,0,0,0,0,0,0,0,0,0,0,0,0,0,0.02132468,0,0,0.07249786,0,0,0,0,0,0.08812205,0,0.08794056,0,0,0.1536353,0.3559125,0,0.199583,0,0,0,0.2830608,0.08356883,0,0,0.08830851,0,0.008584406,0,0,0,0.3257741,0.03606985,0.05501984,0.03648231,0,0,0.04647649,0,0,1.005958,0,0,0,0,0,0,0,0,0,0,0,0,0,0,0,0,0,0.2525803,0,0,0,0,0.6324444,0,0,0,0,0,0,0,0,0,0,0,0,0,0.2126321,0.1822923,0,0,0.4503057,0,0,0,0,0,0,0,0,0,0,0,0,0,0,0,0,0,0,0,0,0,0,0,0,0.149315,0.09799916,0,0,0,0.0347436,0,0,0,0.1933966,0.3318778,0.5309937,0.002272612,0,0.3778808,0,0,0,0.1358018,0.1333566,0,0,0,0.03591107,0.2185691,0.1978926,0,0.2952538,0,0,0,0,0,0,0,0,0.3069472,0,0,0,0,0,0,0,0,0,0,0,0,0,0.3859027,0,0,0,0,0,0,0,0,0,0,0,0,0,0,0,0,0,0,0.190449,0,0,0,0,0,0,0,0,0,0,0,0,0,0,0,0,0.1159395,0,0,0,0,0,0,0,0,0,0,0,0,0,0,0,0,0,0.1089948,0.03857032,0.03555893,0.2148644,0,0,0.1846326,0,0,0,0,0,0,0,0,0,0,0,0,0,0,0,0,0,0,0,0,0,0,0,0,0,0,0,0,0.07787925,0,0,0,0,0,0,0,0,0,0,0,0.003721217,0,0,0,0,0,0,0,0,0,0,0,0,0,0,0,0,0,0,0,0,0,0,0,0,0,0,0,0,0,0,0,0,0,0,0,0,0,0,0,0,0,0.04645279,0,0,0,0,0,0,0,0,0,0,0.006971811,0,0,0,0,0,0,0,0,0,0,0,0,0,0,0,0,0.1417695,0.1895349,0,0.2805718,0.3362844,0.03332373,0,0.2355848,0.2034428,0.368458,0,0,0,0,0,0.1810745,0,0.1000431,0,0.2224018,0.4204227,0,0.2107337,0.4073471,0,0,0,0,0.232655,0,0.1534175,0,0,0,0.3659222,0,0,0,0,0,0.2452689,0,0,0.2130987,0.3786028,0.434066,0.7289458,0.8202555,1.212087,0,0.5398122,0,0,0,0,0,0,0,0,0.03839783,0,0.419031,0,0,0,0,0.1534034,0,0,0,0,0,0,0,0,0,0,0,
0,0,0,0,0.2896406,0,0.3055792,0.01619805,0,0.3460096,0,0.3534179,0,0,0.1420035,0,0,0,0,0.5443848,0.05678937,0,0.2567866,0,0.1973891,0,0,0.2439284,0.1659912,0,0,0,0.07778993,0,0,0.220892,0.01739812,0.1356542,0.3000063,0.1661855,0.2717605,0,0.3139651,0.07539511,0,0,0.118587,0.1415518,0,0,0,0,0.08790915,0,0,0,0,0.1534345,0,0,0,0,0,0,0,0,0,0,0,0,0,0,0,0,0,0,0,0,0,0,0,0.1120191,0,0,0,0,0,0,0,0,0,0,0,0,0,0.1499522,0.2383359,0,0,0,0,0,0,0,0,0,0,0,0,0,0,0.17998,0,0,0,0.03751271,0.1154297,0.4415866,0,0,0,0.009838701,0,0,0.3767461,0.2255048,0,0.3353509,0,0,0,0.265636,0.1663948,0,0,0,0,0,0,0.3479185,0.2101878,0,0.0690255,0,0,0,0,0,0,0,0,0.06878398,0,0.1469767,0,0,0.4829586,0.2580554,2.723824,0,0,0,0,0,0,0,0,0,0,0,0,0,0,0,0,0.02604776,0,0,0,0.002992647,0.1294187,0,0.2109628,0,0,0,0,0,0,0,0,0.06676076,0,0,0,0,0,0,0,0,0,0.06768293,0.1322623,0,0,0,0,0,0.02327982,0,0,0,0,0.3113481,0,0.04492999,0.187112,0,0.3392163,0,0,0.1429513,0.08401582,0,0,0.2469474,0,0.3266088,0,0,0,0,0,0,0,0,0,0,0.0160384,0,0,0,0,0,0,0,0.04495312,0,0,0,0,0,0.119525,0.3722073,0,0,0,0,0,0,0,0,0,0,0,0,0,0,0,0,0,0,0,0,0,0,0,0,0,0.1195885,0.0427126,0.3431529,0,0,0,0,0,0,0,0,0,0,0,0,0,0,0,0,0,0,0,0,0,0,0,0.07656,0.1089714,0,0,0.2266204,0,0,0,0,0,0,0,0,0,0,0,0,0,0,0.3613896,0,0,0,0,0,0,0,0.2010663,0,0,0,0,0,0,0,0,0,0,0,0,0,0.0698707,0,0,0,0,0,0,0,0,0,0,0,0,0,0,0,0,0,0,0,0,0,0,0,0,0,0,0,0,0,0,0,0,0,0,0,0,0,0,0,0,0,0,0,0,0,0,0.07060339,0,0,0.2357767,0,0,0,0,0,0,0,0,0,0,0,0,0,0,0,0,0,0,0.1650759,0,0,0,0,0,0,0,0,0,0,0,0.4497371,0,0,0,0.2864239,0.1327219,0.03528059,0.3300802,0,0,0,0.164885,0.2486609,0,0.089076,0.2428418,0,0.04161689,0,0,0.4208773,0,0.1519614,0,0,0.4744015,0.2020225,0,0,0.2176457,0,0,0,0,0,0.336548,0,0.7198702,0,0,0.1115456,0.06414264,0.4667734,0.5983686,0.2976961,0,0.2813495,0,0,0,0,0,0,0,0,0,0,0,0,0,0,0,0,0,0,0,0,0.4795259,0,0,0.549702,0.1512589,0,
0,0.2972954,0,0.1007502,0,0,0,0,0.1442467,0,0.3308074,0,0.01162618,0,0,0.3943346,0,0,0,0,0.4882415,0,0,0.2986092,0.01104074,0.2985027,0,0,0,0,0.1178436,0.05059799,0.5001985,0,0,0.2049644,0,0.07614135,0.4652572,0,0,0,0.2564971,0,0.2862957,0.06048376,0,0.4224584,0,0,0,0.1289123,0.0571497,0.1434015,0.4848425,0.2019968,0,0.2161505,0,0,0,0,0,0,0,0,0,0,0,0,0,0,0,0,0,0,0,0,0,0.02917478,0,0,0,0,0,0,0,0,0,0,0,0,0,0.1613881,0,0,0.644282,0.226119,0,0,0,0,0,0,0,0.08025382,0,0,0,0.01831053,0,0,0,0,0.2324692,0,0,0.09508415,0.246705,0.2697994,0,0,0,0,0,0,0.4482173,0,0.3204227,0,0.3346733,0,0.004145424,0.04023651,0,0.5753722,0,0,0,0.1811269,0,0,0,0.01308188,0,0,0.3873697,0,0,0,0,0,0,0,0,0,0,0.9766711,3.357534,0.3224514,0,0,0,0,0,0,0,0,0,0,0.02339814,0,0,0.4526646,0.2049572,0.3248081,0.009274697,0.147528,0,0,0.2952195,0,0,0.1500372,0,0,0,0,0,0,0,0,0,0,0,0,0,0,0.1303149,0.02552801,0.349079,0.09039654,0.1095368,0,0,0.1067604,0.6301144,0,0,0.4751126,0,0.3902403,0.005009691,0.04890385,0.02844472,0.5877725,0.1377703,0.30282,0.2377977,0,0,0.2493138,0.0177375,0.2236164,0,0,0.06993053,0,0.09018181,0.1786601,0.1077933,0,0.05642636,0,0,0,0,0,0,0,0,0,0,0,0,0,0,0,0,0,0.5864683,0,0,0,0,0,0,0,0.06637223,0,0,0,0,0,0,0,0,0,0,0,0,0,0,0,0,0,0,0,0,0,0,0.3423737,0,0.1108548,0,0,0,0,0,0,0,0,0,0,0,0,0,0,0,0,0,0,0,0,0,0,0.163435,0.06794055,0,0,0,0.09618777,0,0,0,0,0,0,0,0,0,0,0.06982911,0,0,0,0,0,0,0,0,0,0,0,0,0,0,0,0,0,0,0,0,0,0,0,0,0.01852752,0,0,0,0,0.09813462,0,0,0,0,0,0,0.1802699,0,0,0,0,0,0,0,0,0,0,0,0,0,0,0,0,0,0,0,0,0,0,0,0,0.148881,0,0,0,0,0,0,0,0,0,0,0,0,0,0,0,0,0,0,0,0.3735248,0.3823578,0,0,0,0,0,0,0,0,0,0,0.1094221,0,0,0,0,0,0,0.04020276,0.1284387,0,0,0,0,0.0769623,0.04478991,0,0.1319252,0.05514283,0,0.1406322,0,0.5308095,0.04477398,0.4401113,0.1859995,0,0.06986722,0.2204007,0.2504166,0,0,0,0.09906988,0.2472595,0.1185713,0,0,0.0906091,0,0,0.09123144,0,0,0.2352313,0,0,0,0.1090418,0.2412769,0.05867277,0,0.03189801,0,0,0,0,0.05519877,0,0.2411284,0.2227558,0,0,0,0,0,0,0,0,0,0,0,0,0,0,0,0,0,0,0,0,0,0.2249167,0,0.1210239,
0,0,0,0,0.3353946,0.2503276,0.2866194,0.3946117,0,0,0,0.1983418,0.3801889,0.1289155,0,0,0,0,0,0,0,0,0.5910441,0,0,0.2836145,0.2607403,0,0,0,0,0.1953386,0.4632733,0.1376063,0.04903289,0.3857025,0.4519832,0,0.0002286401,0.08294301,0.6169178,0.08686955,0.09564746,0.4775569,0,0,0.06211134,0,0,0,0,0.04076722,0.4236451,0,0.2005282,0.3430164,0,0.1511352,0,0,0,0.1508064,0,0,0,0.2261001,0,0,0,0.2730281,0,0,0,0,0,0,0,0,0,0,0,0,0,0,0,0,0,0,0,0,0,0,0.4068992,0.1761172,0,0,0.09855403,0.1743051,0,0,0,0,0,0,0,0,0,0,0.07869621,0,0.09334818,0,0,0.4216882,0,0,0,0,0,0.384126,0.1293955,0.09752595,0.1406563,0,0.09361828,0,0.2016665,0.3087332,0,0,0.3207983,0,0.02562657,0,0,0,0.05084266,0,0.5661083,0,0.113048,0,0,0,0,0,0,0,0,0,0,0,0,0.06151415,0.1189712,0,0,0,1.169609,0,0,0,0.6697274,0,0,0,0,0,0,0,0,0,0,0,0.02648319,0,0.1312873,0,0.4310852,0,0,0,0,0.05187927,0.452398,0,0,0,0,0,0,0,0,0,0.05857872,0,0.3867939,0.089585,0,0,0.02611016,0.3923872,0,0.2833283,0,0.2548428,0.03271187,0,0,0,0,0,0,0,0.0539969,0,0.0006160116,0.2322484,0,0.3807986,0,0.1797137,0,0,0.153881,0,0,0,0.5593635,0,0,0.5188824,0,0.3094218,0,0,0,0,0,0,0,0.0693226,0,0,0.4888367,0.3041066,0,0,0,0,0,0,0,0,0,0,0,0,0,0,0,0.1069327,0,0,0,0,0,0,0,0,0,0,0,0,0,0,0,0,0,0.0636996,0.1217553,0,0,0.1711487,0,0,0,0,0,0,0,0,0,0,0,0,0,0,0,0,0,0,0,0,0,0,0,0,0.01397203,0,0,0.4486204,0,0,0,0,0,0,0,0,0,0,0,0,0,0,0,0,0,0,0,0,0,0,0,0,0,0,0,0,0,0,0,0,0,0,0,0,0,0,0,0,0,0,0,0,0,0,0,0,0,0,0,0,0,0,0,0,0,0,0,0,0,0,0,0,0,0,0,0,0,0,0,0,0,0,0,0,0,0,0,0,0,0,0,0,0,0,0,0,0,0,0,0,0.07440668,0.4093431,0,0,0,0,0,0,0,0,0,0,0,0,0.07352248,0.1899319,0,0.3350943,0,0,0,0,0,0,0,0.4743603,0.4642327,0,0,0.32057,0.1382365,0.1209808,0.1304376,0,0,0.5060901,0.4048286,0.04783933,0.3339434,0.2356129,0.264931,0,0,0.2346349,0,0,0,0.1383328,0,0.3000253,0,0.1357305,0.2795148,0,0,0,0,0,0,0,0,0.2173038,0.7584038,0.4912029,0.3145297,0,0,0.3753734,0,0,0,0,0,0,0.01004484,0,0,0,0,0,0,0,0,0,0,0,0,0,0,0,0,0.2732525,0.1647896,0,0,0.2273812,
0,0,0.3019691,0.3340081,0,0,0,0,0.01549825,0.1176638,0,0,0,0,0,0,0,0,0.5425798,0,0.4089172,0,0,0.07775436,0,0,0.2782661,0,0,0,0,0,0.4509116,0.6786249,0.245196,0.08617924,0.08435356,0.09574445,0.06255922,0,0.002451414,0,0.02144442,0,0.1114989,0.5980853,0,0.03182789,0,0,0.1492871,0.2364556,0.2861595,0,0,0,0,0,0,0.07224679,0.1643313,0,0,0,0,0,0,0,0,0,0,0,0,0,0,0,0,0,0,0,0,0,0.2761928,0,0,0,0,0,0,0,0,0.1424684,0,0,0,0,0.3934222,0.1811386,0,0,0,0,0,0,0,0,0,0.1835596,0,0.2177365,0.2708201,0.05045619,0.02293773,0,0.06269878,0,0,0,0,0,0.4120414,0,0.02319147,0.1535657,0,0,0,0,0,0.5515459,0.4253815,0.09779856,0.1196767,0,0.01324918,0,0.1210161,0.5425715,0,0,0.003130555,0,0,0,0,0,0,0,0,0,0.0912872,0,0.1417061,0,0,0,0,0.2368397,0,0,0,0,0,0,0,0,0,0,0,0,0,0,0,0.2141205,0,0.0142257,0.2952377,0,0,0.2944778,0.08065068,0,0,0,0,0,0.2952228,0,0,0,0,0,0,0,0,0.03594048,0.04064406,0.01378293,0.05186083,0.2823102,0,0,0,0.1551472,0,0.08421366,0.4567249,0,0.08965805,0,0,0.02810366,0,0,0.04842696,0,0.2219782,0,0,0.4818857,0,0,0,0,0,0.405569,0.18256,0.2839531,0.1816915,0,0,0,0,0.017954,0,0,0,0,0,0,0,0,0,0,0,0.01590892,0,0.8724294,0,0,0,0,0,0,0,0,0,0,0,0,0,0,0,0,0,0,0,0,0,0,0,0,0,0,0,0,0,0.2916589,0,0,0.001405808,0,0,0.02746238,0,0,0,0,0,0,0,0,0,0,0,0,0,0,0,0,0,0,0,0,0,0,0,0,0,0,0,0.3240829,0,0,0,0,0,0,0,0,0,0,0,0,0,0,0,0,0,0,0,0,0,0,0,0,0,0,0,0,0,0,0,0,0,0,0,0,0,0.04785301,0,0,0,0,0,0,0,0,0,0,0,0,0,0,0,0,0,0,0,0,0,0,0,0,0,0,0,0.06182722,0,0,0,0,0,0,0,0,0,0,0,0,0,0,0,0,0,0,0,0,0,0,0,0,0,0.9502741,0.008440507,0.9660994,0,0,0,0,0,0,0,0,0,0.06742776,0,0,0.351176,0,0,0.01814353,0,0,0,0.09882731,0,0,0.2252822,0.1386644,0.2049828,0,0,0.1960525,0.2454806,0,0,0.178695,0,0,0,0.09102894,0.1232028,0,0,0,0.4937064,0.7273977,0,0,0,0,0.1485445,0,0,0.03167913,0,0.0654793,0,0,0.4743965,0,0.1769593,0,0,0,0,1.311302,0.1525371,0.03571083,0.1760608,0.02219837,0,0,0,0,0,0.5124361,0,0,0,0,0,0,0,0,0,0,0,0,0.3081667,0,0.7169055,0,0,0,0,0.2001073,0,0,
0.01833137,0.1784447,0,0,0.5737453,0.02580099,0,0.2720216,0.1936364,0.2414345,0.3696899,0.1476447,0.174272,0,0.1992616,0,0.2033641,0,0.4619036,0.01148955,0.1789421,0.1002662,0.1878337,0.09367079,0,0.2099983,0,0,0.06802632,0.03629075,0.08339657,0.1374104,0.4535589,0.04339202,0.2647799,0.2024764,0,0.4107238,0,0.06169885,0,0,0.225457,0,0,0.08672073,0,0.003742733,0.1480855,0,0.3317225,0,0,0,0,0,0,0,0.246849,0.05151733,0,0,0,0,0,0,0,0,0,0,0,0,0,0,0,0,0,0,0,0,0,0,0,0,0,0,0,0,0,0,0,0,0,0,0,0,0,0,0,0,0,0,0,0,0,0.05199292,0,0,0,0,0,0,0,0.1153702,0,0,0,0,0.04719386,0,0.5075468,0.3085443,0.06429999,0.03834784,0,0,0,0,0,0,0.1606042,0.3225377,0.3645937,0.189563,0.1642175,0.1159911,0,0,0.2027877,0.2068803,0,0.1536893,0,0,0,0,0,0,0,0.5286914,0,0,0,0,0,0,0,0.1263447,0,0,0,0,0,0,0,0,0,0,0,0.2672918,0,0,0,0.103115,0,0.1328872,0.07354452,0.107969,0.007238613,0.1092496,0.2347207,0,0,0,0.2772064,0.1793851,0,0.08255182,0.1690818,0,0,0,0,0,0,0,0,0.02063887,0,0,0.5568116,0,0,0.2781837,0.1927687,0.06030018,0.150612,0,0,0,0,0,0.1911598,0.3882017,0,0,0,0,0,0,0,0,0.007670965,0,0.3808412,0.01423446,0.09786265,0.2092153,0,0.2564735,0.005807084,0.1085758,0,0,0,0,0,0,0,0,0,0.4244151,0,0,0,0,0,0.6552746,0,0,0,0,0,0,0,0,0,0,0,0,0,0,0,0,0,0,0,0,0,0,0,0.5440506,0,0,0,0,0,0,0,0,0.1708619,0.1985545,0.2124815,0,0,0.01764218,0,0,0,0,0,0.3155286,0,0,0,0,0,0,0,0,0,0.008940336,0.5741952,0,0,0,0,0,0,0.188095,0,0.2822429,0,0,0,0,0,0,0,0,0,0,0,0,0,0,0,0,0,0,0,0,0,0,0,0,0,0,0,0,0,0,0,0,0,0,0,0,0,0,0.1424515,0,0,0,0,0,0,0,0,0,0,0,0,0,0,0,0,0,0,0,0,0,0,0,0,0,0,0,0,0,0,0,0,0,0,0,0,0,0,0,0,0,0,0,0,0,0,0,0,0,0,0,0,0.4256272,0,0,0,0,0,0,0,0,0,0,0,0,0,0,0,0,0,0,0,0,0.1589319,0.06669345,0,0.04605131,0.2351956,0,0.02478296,0,0,0.2265989,0,0.3524387,0.3618483,0,0,0,0,0,0,0,0,0.2066375,0,0.2968255,0,0,0,0,0,0.4463446,0,0.2165624,0,0.1591239,0.2080221,0.05903282,0,0.4500908,0.2767479,0.3689594,0.06825976,0,0,0,1.155352,0,0.1976465,0,0,0,0.1738354,0,0,0,0,0,0,0,0,0,0,0,0,0,0,0,0,0,0,0,0,0,0,0.2068761,0.526329,0.2469833,
0.02456133,0,0.1734542,0,0.2239848,0.2064143,0.1422369,0,0,0,0,0,0,0,0.1674778,0,0,0,0,0.1241908,0.2011267,0.1134205,0,0.06134944,0,0.02397002,0.2176234,0.3646948,0.03527133,0,0,0,0.6477375,0,0.1247348,0,0.2420021,0,0.003386026,0.02181236,0.2015094,0.06803526,0,0.5519338,0.2924549,0,0,0,0.3292589,0.07601921,0.1725835,0,0.1488905,0.4452373,0,0,0,0.06189688,0,0.01773947,0,0,0,0,0,0,0,0.3718509,0,0,0.1162458,0,0,0,0,0,0,0,0,0,0,0,0,0,0,0,0,0,0,0,0,0,0,0,0,0,0,0,0,0,0,0,0,0,0,0,0,0,0,0,0,0,0,0.3393971,0,0,0,0,0,0,0,0,0,0.1790775,0,0.04028707,0,0,0,0.5101054,0.1440244,0,0,0,0,0.1139137,0.07628919,0.4257874,0.03337812,0,0,0,0,0,0,0.2701372,0.1114874,0,0,0,0,0,0,0,0.07034016,0.5669959,0,0.2660563,0.2130952,0,0.06975501,0,0,0,0,0,0,0,0,0,0.3027297,0,0,0,0,0,0.09266762,0.3411556,0,0.2059232,0,0,0.4219065,0.1030665,0,0.1271131,0,0.1154524,0,0,0.08335052,0.07138013,0,0,0,0.2789895,0.2441807,0.1614148,0.5229728,0,0.08006123,0,0.1144586,0,0,0,0,0.2752083,0.05606205,0,0.04300453,0,0,0.487158,0,0,0,0,0.2851989,0.2133091,0,0,0,0,0,0,0,0,0,0.3040413,0.1229295,0.1260026,0,0,0,0,0,0,0,0,0,0,0,0,0,0,0.006706728,0,0,0,0,0,0,0,0,0,0,0,0,0,0,0,0,0,0,0,0,0,0,0,0,0,0,0,0,0,0,0.1265874,0,0.2578672,0.4121645,0,0,0.03958766,0,0.1509028,0.1874606,0.1957749,0,0,0,0,0,0,0,0,0,0,0,0,0,0,0,0,0,0,0,0,0,0,0,0,0,0,0,0,0,0,0,0,0,0,0,0,0,0,0,0,0.1328458,0,0,0,0,0,0,0,0,0,0,0,0,0,0,0,0,0,0,0,0,0,0,0.3045004,0,0,0,0,0,0,0,0,0,0,0,0,0,0,0,0,0,0,0,0,0,0,0,0,0,0,0,0,0,0,0,0,0,0,0,0,0,0,0,0,0,0,0,0,0,0,0,0,0,0,0,0,0,0,0,0,0,0,0,0,0,0,0,0.3719808,0,0,0,0,0,0,0,0,0,0,0.03540283,0.2167807,0.2247451,0.006473706,0,0,0,0.09931723,0,0,0.2914889,0.1287841,0,0.1066132,0,0.05274621,0,0,0,0.2156828,0.3731027,0,0,0,0.2677987,0.05388816,0.2054083,0,0,0.3232046,0.2121807,0.2006462,0,0.1282121,0,0,0.1102876,0.56795,0.385111,0,0,0.4841948,0,0.01900809,0,0.06703601,0,0,0.1297274,0,0,0.1514169,0.5714611,0,0,0,0,0.3813591,0.07852802,0,0,0.1592321,0,0.3627538,0,0,0.2178428,0.3812146,0,0.06222905,0,0,0,0,
0,0,0.3356174,0,0.0537631,0,0,0,0,0.4417136,0.6402202,0.1258481,0,0,0.01626111,0,0,0,0,0,0.7183093,0.04125664,0,0.4558258,0.3325489,0,0.2398525,0.4584554,0.2643536,0.3126985,0.2900438,0,0,0.5121996,0,0,0,0,0.152111,0,0,0.1804015,0.3876813,0,0.05598873,0.700227,0.2370161,0.3232044,0,0,0.1035519,0,0,0.0868027,0,0.08695801,0.03223689,0,0,0,0,0,0,0,0,0,0,0,0,0,0,0,0,0,0,0,0,0,0,0,0,0,0,0,0,0,0,0,0,0,0,0,0,0,0,0,0,0,0,0,0,0,0,0,0,0,0,0,0,0,0,0.1653908,0,0,0,0,0,0,0,0,0,0,0,0,0,0,0,0,0,0.2654901,0.1257219,0,0,0.3313768,0,0,0,0.2376194,0,0,0.3414682,0,0,0,0,0,0.002043799,0,0,0.2004459,0,0,0.1728621,0.4935878,0.2353496,0,0,0,0,0,0,0.4118324,0,0,0.04818181,0,0.1198488,0,0,0,0,0,0.02496745,0,0.1433182,0.2760518,0,0,0.1596647,0,0.06798457,0,0.2019238,0.2459064,0.08490535,0.138446,0,0,0.04580626,0.004168524,0,0,0,0,0,0.2416279,0.3642831,0.0391067,0.1929633,0,0.04790603,0.3991197,0,0,0.1001699,0,0,0.05098381,0,0.2368123,0,0,0.01734924,0,0,0.1040909,0.04759978,0.1494857,0.2032882,0,0,0.2078407,0,0,0.2363687,0,0.2820282,0.2213261,0.2366836,0,0,0,0,0,0,0,0,0,0.02995492,0,0,0,0,0,0,0,0,0,0,0,0,0,0,0.4028578,0,0,0,0,0,0,0,0,0,0,0,0,0,0,0,0,0,0,0.01726375,0,0,0,0.006376134,0,0,0.03793368,0.1690618,0.02677649,0,0,0,0,0.08751313,0,0,0,0,0,0,0,0,0,0,0,0,0.09712753,0,0,0,0,0,0,0,0,0,0,0,0.2521768,0,0,0,0,0,0,0,0,0,0,0,0,0,0,0,0,0,0,0,0,0,0,0,0,0,0,0,0,0,0,0,0,0.4736895,0,0,0.02019578,0,0,0,0,0,0,0,0,0,0,0,0,0,0,0,0,0,0,0,0,0,0,0,0,0,0,0,0,0,0,0,0,0,0.1003925,0,0,0,0,0,0,0,0,0,0,0,0,0,0,0,0,0,0,0,0,0,0.4211294,0.4386435,0,0,0,0,0,0,0,0,0,0.09294491,0,0,0,0,0,0,0.3154036,0,0,0,0,0.5443106,0.1457269,0,0.2125689,0,0,0.03180948,0.1362548,0,0,0,0,0.1258286,0,0.02716472,0,0.1095417,0,0,0,0.04157656,0,0,0,0,0,0.4125601,0,0.07519302,0.1905474,0.1799677,0.02051217,0,0,0.2564802,0,0.2237931,0,0.06331559,0.2866817,0,0,0.1657345,0.2906408,0.2349359,0.1385046,0,0,0,0.434442,0,0,0.1073615,0,0,0.1233039,0,0,0.6823111,0,0,0.3503799,0,0.1446695,0,0,0,0,0,0,0.3150341,0.6762248,0,0,
0,0,0,0.02590471,0.3204713,0.04898566,0,0,0,0,0,0,0.1164607,0,0,0.08024209,0.4564156,0,0,0,0.03357889,0,0,0.3253888,0,0,0.5281184,0.3429948,0.380193,0.07720137,1.325922,0,0.154879,0,0,0,0.2217227,0,0,0,0.3021111,0,0,0,0,0.1663864,0,0,0.1865828,0.0909553,0,0,0.4502432,0,0,0.4400677,0,0,0,0.2244042,0,0,0,0.1232984,0,0,0,0,0,0,0.01967423,0,0,0,0,0,0,0,0,0,0,0,0,0,0,0,0,0,0,0,0,0,0,0.0137678,0,0,0,0,0,0,0,0,0,0,0,0,0,0,0,0,0,0.1917547,0,0,0,0,0,0,0,0,0,0,0,0,0,0.2434628,0,0,0,0.256216,0,0.1235386,0,0.3360167,0,0,0.5107759,0,0.2269879,0,0,0,0.05354896,0.2046884,0,0.03212044,0,0.2042553,0,0.3994304,0.4311693,0.5163375,0.4797444,0,0,0.1514133,0,0,0.0159721,0,0,0.06085144,0,0.1017758,0,0,0,0,0,0.5506812,0,0,0.022455,0.1396235,0,0.0229969,0.135018,0.054064,0.1023514,0,0.2544689,0.02155012,0,0.08434574,0.1013429,0,0,0,0,0,0,0.4238071,0.09022357,0,0,0.01315961,0,0,0,0,0,0,0.1150464,0,0.2003355,0.3409504,0.261646,0,0,0.09478774,0.02042227,0.1684795,0.1216118,0.002761107,0,0,0,0.2015109,0,0,0,0,0,0.2009405,0,0,0,0.2863033,0,0,0.1798387,0,0.1001961,0.08579422,0,0,0,0,0,0,0,0,0,0,0.3839394,0,0.01767068,0.01052159,0,0,0,0,0,0,0,0,0,0,0,0,0,0,0,0,0,0,0,0,0,0,0,0,0.09075327,0,0.08293571,0.0129824,0,0,0,0.1774641,0.025599,0,0,0.1894414,0,0.2093697,0.03578932,0.008958535,0,0,0,0,0,0.2295893,0,0,0,0,0,0,0,0,0,0,0,0,0,0,0,0,0,0,0,0,0,0,0,0,0,0,0,0,0,0,0.1135698,0,0,0,0,0,0,0.04838163,0,0,0,0,0,0,0,0,0,0,0,0,0.2288076,0,0,0.1331829,0,0.07402031,0,0,0,0,0,0,0,0,0,0,0,0,0,0.1202456,0,0,0,0,0,0,0,0,0,0,0,0,0,0,0,0,0,0,0,0,0,0,0,0,0,0,0,0,0,0,0,0,0,0,0,0.2006383,0.5521175,0,0,0,0,0,0,0,0,0,0,0,0,0,0,0,0,0,0,0,0,0,0,0,0,0,0,0,0,0.2172528,0.06090663,0.05733542,0,0,0,0.3739302,0.1115506,0,0,0.09663431,0.144735,0,0.2715966,0.05580169,0,0,0.2682146,0.233977,0,0,0,0,0,0,0.405394,0,0,0,0.05262066,0,0.1735704,0,0.1804997,0,0.06437954,0,0,0.4718882,0.08620015,0.1423535,0,0,0,0.3910573,0.03710778,0,0.2879713,0.2362197,0,0.002420061,0.07744667,0.1986623,0,0.1702106,0,0.2327702,0,0,0.1046573,0,0,0.6561177,0.2318721,0,0,0,0,0.1271583,0.2516519,0,
0,0,0.05743843,0,0.0793055,0.2063044,0,0,0,0.4036733,0,0,0,0.4720932,0,0.4103193,0.1147521,0.04944235,0.1135151,0,0,0,0.3236394,0,0,0.2604128,0.07800145,0.5335801,0,0.1156774,0.3254637,0,0,0,0.06577789,0.1567155,0.07307545,0.1089331,0.01206379,0.3856755,0,0.1142894,0.0117752,0,0.2600205,0,0,0,0.1931471,0.1233943,0.2453717,0.3595276,0,0,0,0.07231008,0,0.04062688,0.5029896,0,0.9279976,0.09279205,0.0278629,0.09334707,0.3365252,0.2942216,0,0,0,0,0,0,0,0,0,0,0,0,0,0,0,0,0,0,0,0,0,0,0,0,0,0,0,0,0,0,0,0,0,0,0,0,0,0,0,0,0,0,0,0,0,0,0.03312096,0,0,0,0,0,0,0,0,0,0,0,0,0,0,0,0.03039939,0.07996858,0.06437837,0.07081173,0.2851666,0,0.2537313,0,0.1984805,0,0,0.1718572,0.2957897,0.09198682,0,0.03856527,0.1097722,0,0,0,0,0.006935544,0,0.5039216,0,0.3042212,0,0,0.1646819,0,0.05700932,0.06921547,0,0.1483561,0.2154236,0.3006662,0,0.1856422,0,0,0.2676396,0,0,0,0.1887568,0.1218543,0.5607316,0.3063057,0.04345996,0,0,0,0,0,0,0,0.08563413,0.4632196,0,0,0.4373339,0,0,0.02144559,0.1359685,0,0,0,0.504175,0,0.2710259,0.1218886,0,0,0.1057749,0,0,0.1872509,0,0.5748223,0,0.08921406,0,0,0.1813288,0,0,0,0.5922976,0,0.5223954,0.4465013,0,0,0.3853934,0,0,0,0.4600165,0,0,0,0,0,0,0.05402074,0,0,0.40029,0,0,0,0,0.08511563,0,0,0,0.2331143,0,0.3764395,0,0.01618209,0,0,0,0,0,0,0,0,0,0,0,0,0.8569894,0,0,0,0,0,0,0,0,0,0,0.1109282,0.3391738,0.1802202,0,0.4817568,0.2741048,0.007926361,0.2410853,0,0,0,0,0.179488,0,0.1335137,0,0,0.2719472,0,0,0,0,0,0,0,0,0,0,0,0,0,0,0,0,0,0,0,0,0,0,0,0,0,0.5087194,0,0,0,0,0,0,0,0,0,0,0,0,0,0,0,0,0,0,0,0,0,0,0,0,0,0,0,0,0,0,0,0.01237909,0,0,0,0.08978162,0,0,0,0,0,0,0,0,0,0,0,0,0,0,0,0,0,0,0,0,0,0,0,0,0,0,0,0,0,0,0,0.3913665,0,0,0,0,0,0,0,0,0,0,0,0,0,0,0,0,0,0,0.8736746,0.6689624,0,0,0,0,0,0,0,0,0,0,0,0,0,0,0,0,0,0,0,0,0,0,0,0,0,0,0,0.1099524,0.3737196,0,0,0,0,0.03838335,0,0,0,0,0.3391088,0,0.227193,0.02996135,0,0.02315476,0,0.2256107,0.1243954,0.3356515,0,0.1004947,0,0,0.4831208,0.1647403,0,0,0,0.2034238,0.3061553,0,0.09880975,0.0078776,0,0.3385883,0,0.2118169,0,0,0.4629023,0.2087893,0,0.4325512,0,0,0,0.1715127,0.2818342,0.1977125,0,0.221715,0,0,0,0,0,0.1422307,0.09625805,0,0.04307242,0,0,0.3421932,0.2344297,0,0,
0.2457661,0,0,0,0,0.1284745,0,0.1484724,0,0.3084151,0,0.04353203,0.4939458,0,0,0,0,0,0,0.2428753,0.2232757,0,0,0,0.2366357,0.3204328,0.372686,0.0499603,0.08880217,0.01281943,0,0,0.06286088,0,0.2728748,0.05782138,0,0.1680856,0.07473563,0,0,0,0,0,0.261071,0,0,0,0.0839881,0.4204088,0.1212962,0,0.2094222,0,0,0,0.2295587,0,0.1742283,0.3391292,0.17898,0.2846561,0.2066267,0.850354,0.09340559,0,0,0,0,0,0,0,0,0,0,0,0,0.3310588,0,0,0,0,0,0,0,0,0,0.06813464,0,0,0.01919628,0,0,0,0,0,0,0,0,0,0,0,0,0,0,0,0,0,0,0,0,0,0.09697063,0,0,0,0,0,0.358766,0,0,0,0,0,0,0,0,0,0,0,0.05763155,0.005094957,0.2064055,0,0.5894722,0,0.09930579,0,0,0,0.1459774,0,0,0,0.2172977,0.2993381,0,0,0,0,0,0.31881,0.1345646,0,0.4927272,0.09194085,0,0.1709452,0,0,0,0,0,0,0,0,0.2512623,0.0205329,0.003223479,0,1.138331,0,0.2558274,0,0,0,0.4099299,0,1.199251,0.5338953,0,0.03826541,0,0.05312401,0,0.01411167,0.05557158,0.01162684,0.2297783,0,0,0,0,0,0,0,0.01223207,0.1372927,0,0,0,0.130565,0.03208037,0.03131703,0.0158706,0,0.1251563,0,0,0,0.1251234,0.7619365,0,0.3764895,0,0,0,0,0.09722969,0.2321667,0,0.1155156,0.4074967,0,0.01526744,0,0.04821493,0,0,0.2127807,0,0,0.04000889,0,0,0,0.4114653,0,0,0,0,0,0,0,0.1934358,0,0.234833,0.2849956,0,0,0,0,0,0,0,0,0,0,0,0,0,0.1225252,0,0,0,0.08134334,0,0.0477386,0,0.1528256,0.05371777,0.0253025,0.07836962,0,0.06312434,0,0,0,0,0,0.1189446,0,0.07285186,0.02292016,0.2165752,0.2928114,0.02946151,0,0,0,0,0,0,0,0,0,0,0,0,0,0,0,0,0,0,0,0,0,0,0,0,0,0,0,0.2526309,0,0,0,0,0,0,0,0,0.03900589,0.2337694,0.1217132,0,0,0,0,0,0,0,0,0,0.106077,0.1080258,0,0,0,0,0,0,0,0,0,0,0,0,0.07975232,0,0,0,0,0,0,0,0,0,0,0,0,0,0,0,0,0,0,0,0,0,0,0,0,0,0,0,0,0,0,0,0,0,0.03960393,0,0,0,0,0,0,0,0,0,0,0,0,0,0,0,0,0,0,0,0,0.8677663,0,0,0,0,0,0,0,0,0,0,0,0,0,0,0,0,0,0,0,0,0,0,0,0,0,0,0.08663367,0,0,0.1379467,0,0,0,0.1132419,0,0,0,0.06021566,0.427215,0,0,0.1394896,0.1849275,0,0.1817594,0,0.3947306,0,0,0.3855745,0.06372757,0,0,0,0,0,0.003038904,0.03436541,0.1974743,0,0,0.1014106,0,0.4905939,0.1102782,0,0,0,0.2122019,0.1015485,0.5067366,0,0,0,0.3138319,0.3243346,0.4501265,0,0.260018,0.05870226,0.2487504,0.5618771,0,0.4077213,0,0,0,0,0,0.1326784,0.4549455,0.1964681,0.1194836,0.2536904,0,
0,0,0,0,0.2531396,0,0.03248392,0,0,0,0,0,0.3597361,0.3529527,0.2864962,0,0.01074237,0,0.1492789,0.8394871,0,0,0.2232493,0.05562866,0.654633,0.4125036,0.1671426,1.611743,0,0,0.3326253,0,0.1789665,0.2357127,0,0.2486185,0.2894217,0.5499779,0.01347155,0.09273224,0.3217419,0.2676637,0,0.1496034,0.387872,0,0,0.1389318,8.478171E-05,0.2198883,0,0,0,0.07363631,0,0.2867195,0,0.3957932,0,0,0.3692322,0.4877002,0.1405044,0,0.2243691,0,0,0,0,0,0,0,0,0,0,0,0,0,0,0,0,0,0,0,0,0,0,0,0,0,0,0,0,0,0,0,0,0,0,0,0,0,0,0,0,0,0,0,0,0,0,0,0,0,0,0,0,0,0,0,0,0,0,0,0,0,0,0,0,0,0,0,0,0,0,0,0,0,0,0,0,0,0,0.03468542,0,0,0,0,0,0,0,0.03297127,0,0,0,0,0.2645634,0,0.08598523,0.1384024,0.5282733,0.2682184,0,0.09430479,0,0.02523915,0,0,0.1924353,0.6593871,0,0.3913207,0.1877714,0,0,0.2217663,0.1104929,0.1952555,0.4139009,0,0,0,0.5105672,0,0.08634937,0,0.174668,0.4462737,0.3274333,0,0.2182799,0.1865433,0.123741,0,0.5563965,0.2150205,0.1030893,0,0,0.2494945,0.2429284,0,0,0.2482941,0,0,0.01565849,0,0,0.1714431,0,0.3126022,0,0,0.136171,0,0.5079865,0.4115038,0.04030919,0.06270666,0,0.03455504,0,0.1619218,0,0.2668691,0.2148945,0,0,0,0,0.1632655,0,0,0.2119527,0,0.1771493,0.05249886,0.3285035,0.2090593,0.1958701,0,0,0,0.05137205,0,0,0,0,0,0.01747707,0,0,0,0,0,0,0,0,0,0,0,0,0,0.1410211,0,0.175288,0,0,0.2857956,0.2337332,0,0,0.1143063,0.2839823,0,0.1575795,0,0.0152212,0.3203106,0.2146321,0.2820127,0,0.2399175,0,0,0.06664139,0.14143,0,0.1710338,0,0,0.11814,0,0.3701109,0.2519788,0,0,0,0,0,0,0,0,0,0,0,0,0,0,0,0,0,0,0,0,0,0,0,0,0,0,0,0,0,0.1186102,0,0,0,0,0,0,0.2507058,0,0,0.3003137,0,0,0,0,0,0,0,0,0,0,0,0,0,0,0,0,0.02437634,0,0,0,0,0,0,0,0,0,0.03663472,0,0,0,0,0,0,0,0,0,0,0,0,0,0,0,0,0,0,0,0,0,0,0,0,0,0,0,0,0,0,0,0,0,0,0,0,0,0,0,0,0,0,0,0,0,0,0,0,0,0,0,0,0,0,0,0,0,0,0,0,0,0,0,0,0,0,0,0,0,0,0.1936293,0.01735472,0.1194833,0,0,0.1984679,0,0,0.308172,0,0.1841176,0.1175856,0,0.4496908,0.1669307,0.06954086,0.1288628,0.4521188,0.5382324,0,0,0,0.1137794,0,0,0.3703583,0,0,0,0,0.2797105,0.1398915,0,0,0,0,0.4652748,0.0917979,0,0,0,0.09626957,0.1162588,0.1904228,0,0.3627995,0,0.09187296,0,0,0,0,0,0,0,0,0.06402242,0,0.137238,0,0,0,0.06790359,0,0,0,0.3110321,
0,0.1476633,0,0.3234809,0,0,0.000195155,0,0.1131547,0,0,0.169309,0.1691423,0,0.09609561,0,0,0,0,0.06248361,0.2099365,0,0,0.1137917,0,0.2347425,0.2339286,0.1864448,0.6476114,0,0,0,0.2965797,0.4443125,0,0,0.1120115,0,0,0,0.2037875,0.1222773,0,0.09122545,0.2593605,0,0,0,0,0,0,0.08493906,0.2378541,0.01910959,0,0,0.369887,0.7022889,0.1042234,0,0.4704989,0.1537652,0.1407944,0,0,0,0,0,0,0,0,0,0,0,0,0,0,0,0,0,0.2711365,0,0,0,0,0,0,0,0,0,0,0,0,0,0,0,0,0,0,0,0,0,0,0,0,0,0,0,0.1842415,0,0,0,0.05671785,0,0,0,0,0,0,0,0,0.3069703,0,0,0,0,0,0,0,0,0,0,0,0,0,0.3062923,0,0,0,0,0,0,0.2103113,0.4044034,0,0,0.1485435,0,0.1018108,0.06779346,0,0,0,0.01923594,0.6500794,0,0,0.3922202,0,0.2969772,0.1718035,0.3242013,0.3790681,0,0,0.23026,0,0,0,0.1963569,0,0.6344209,0,0,0,0,0,0,0.221601,0.1244875,0.6383743,0,0,0.5034934,0.09103911,0,0,0.4051345,0.4049908,0.342805,0,0.06928453,0.4019332,0,0.0771577,0,0,0.049398,0.1492187,0.5350119,0,0.06904553,0,0.2987728,0,0.2103559,0,0,0.5527967,0,0,0.02190828,0,0,0.1471793,0.106564,0.1085052,0,0,0,0.08527455,0.3452816,0,0,0,0.2740987,0.2176148,0.3128722,0,0.129398,0.08298413,0,0.03196022,0.06396647,0,0,0,0.3183602,0,0,0,0.2533499,0,0.02934731,0,0.09624694,0.2502471,0.1943494,0.03236555,0.1985353,0,0.1435097,0,0.1747102,0,0,0,0.2701989,0.3628654,0,0,0,0.1355664,0,0,0,0.1570465,0,0,0,0.3995671,0,0,0.1173363,0,0,0,0.2159173,0.06876223,0,0.05472777,0,0,0,0,0,0,0,0.1716269,0,0,0,0.03872187,0.3919016,1.027119,1.488343,0,0.1878326,0,0,0,0,0,0,0,0,0,0,0,0,0,0,0,0,0,0,0,0,0,0,0,0,0,0,0,0,0,0,0,0,0,0,0.002739303,0.1781798,0,0.5923499,0,0,0,0,0,0,0,0,0,0,0,0,0,0,0,0,0,0,0,0,0,0.1254802,0,0,0,0,0,0,0,0,0,0,0,0,0,0,0,0,0,0,0,0,0,0,0,0,0,0,0,0,0,0,0,0,0,0,0,0,0,0,0,0,0,0,0,0,0,0.1467275,0,0,0,0,0,0,0,0,0,0,0,0,0,0,0,0,0,0,0,0,0,0,0,0,0,0,0,0,0,0,0,0,0,0.2524798,0.154502,0,0,0,0,0.07074077,0,0,0,0,0.2388241,0.5380383,0,0,0,0.2176323,0,0,0.3480133,0.00603286,0,0,0,0,0,0,0.1079544,0.3004525,0,0,0,0.00359864,0.1610987,0.2314567,0,0,0,0.016787,0,0,0,0,0,0,0.04622495,0.01659888,0.4171359,0,0.1234233,0.4482067,0,0,0,0.4125882,0,0.1561058,0,0,0,0.1892809,0,0,
0,0,0.02702118,0.04027294,0.03681507,0,0.37337,0.1726875,0.008048971,0,0,0,0.06335478,0.07488734,0.1456821,0.2905336,0.4340359,0.3353234,0.1773241,0,0.2277002,0.1181508,0,0.02681986,0,0,0,0,0.2146834,0,0,0,0.1457543,0,0,0.1104681,0,0,0,0,0,0.1774152,0,0,0,0,0.2035698,0,0.19157,0.07530895,0.1395422,0.0546807,0,0.3409418,0,0.7062974,0.3468262,0.2546549,0.0001071026,0,0,0,0,0,0.1606766,0,0,0,0,0,0,0,0,0.07298226,0,0,0,0,0,0,0,0,0,0.203142,0,0,0.1659057,0,0,0,0,0,0,0,0,0,0,0,0,0,0,0,0,0,0,0,0,0.132577,0.5991481,0,0.1666982,0,0,0,0,0,0,0,0,0,0,0,0,0,0,0,0,0,0,0,0,0,0,0,0,0,0,0,0,0,0,0,0,0.08177389,0.1705524,0.07985543,0.3662197,0.3205438,0,0,0.1467691,0,0.2676223,0,0,0.3085366,0.5587218,0.1211358,0,0.1798482,0,0,0,0.1364225,0,0,0,0.07677753,0.03145504,0.1218438,0,0,0.1002964,0,0.3197386,0,0.3311703,0,0.4216129,0.5178654,0,0.2180867,0.008135284,0,0,0,0,0,0,0,0,0.1088933,0,0,0.2012154,0,0,0,0,0.3102892,0,0,0,0,0,0.01692611,0.3829682,0,0,0.3301546,0,0,0,0.1124761,0,0,0.02614885,0,0,0.02218304,0.01634615,0.03158576,0,0,0,0,0,0.1964325,0,0.04201724,0.01839336,0.01338681,0.4058515,0.1647214,0,0,0.07394152,0,0.192908,0,0.2339513,0,0,0,0,0,0,0.08427884,0,0,0.1257969,0,0,0,0,0.5830549,0,0,0,0.2376623,0,0,0,0.1556793,0.1953844,0.02252966,0.1866164,0,0.03746479,0.5669342,0,0,0,0,0.4306547,0.0890757,0,0.06188643,0,0,0,0.1033163,0.2368982,0,0.01786005,0,0,0.1845247,0.01720843,0.1723664,0,0.1056865,0.04084756,0,0.7538589,0,0,0,0,0,0.02593614,0,0,0,0,0,0,0,0,0,0,0,0,0,0,0,0,0,0,0,0,0,0,0,0,0,0,0,0,0,0.2925273,0,0,0.1000838,0.0193477,0,0,0,0,0,0,0,0.1648568,0,0,0,0.1073334,0,0,0,0,0,0,0,0,0.341437,0,0.505596,0,0,0,0,0,0,0,0,0,0,0,0,0,0,0,0,0,0,0,0,0,0,0,0,0,0,0,0,0,0,0,0,0,0,0,0,0,0,0,0,0,0,0,0,0,0,0,0,0,0,0,0,0,0,0,0,0,0,0,0,0,0,0,0,0,0,0,0,0,0,0,0,0,0,0,0,0,0,0,0.2715467,0.2564406,0.0515272,0,0,0,0,0,0.001119813,0,0,0.01719088,0,0,0,0,0,0.0692066,0,0,0,0,0,0,0,0,0.1500163,0,0.02136896,0,0,0,0,0.02076137,0,0.06140483,0.1025954,0,0.2134119,0,0,0,0.2721519,0,0.6263939,0.3586438,0,0.06994591,0,0.2539233,0.1079129,0,0,0.1574818,0.4698238,0,0.1304198,0,0.7382586,0.2349366,0,0.07365287,0.2423647,
0,0,0,0.3881044,0,0.06505366,0.4446445,0.1326845,0,0.3529104,0.07302406,0.1746282,0,0.4756953,0.09880892,0.1147334,0.402479,0,0.1156371,0,0,0,0,0,0.564898,0.3882277,0.2117707,0,0.09962979,0,0,0.2490398,0.2582592,0,0.1849947,0.3032633,0.1933755,0,0,0,0,0.2864254,0,0,0.03651791,0.1446168,0.07763203,0.1689596,0.1908658,0,0,0,0,0.09136382,0.07404799,0,0,0,0.03963459,0.01452053,0,0.2883004,0,0.1307098,0,0,0,0,0,0,0,0,0,0,0,0,0,0,0,0,0,0,0,0,0,0,0,0.2410076,0,0,0,0,0,0,0,0,0,0,0,0,0,0,0,0,0,0,0,0,0,0,0,0,0.1347864,0,0,0,0,0,0,0,0,0,0,0.2077138,0,0,0,0,0,0,0,0,0,0,0,0,0,0,0,0,0,0,0,0,0.1267998,0.2837905,0,0,0,0,0,0.06920917,0,0.007661005,0,0.4943714,0.06782555,0.009408046,0,0,0,0,0.3135658,0,0,0,0,0,0,0.2236766,0,0,0,0.2032447,0.1612538,0.3955978,0.1422171,0,0.6242022,0.3545156,0.4874544,0.07955816,0,0.1844312,0,0.0510859,0,0,0.03113307,0.2373888,0.0803717,0.1257936,0.01402478,0,0,0.2752496,0,0.3008906,0,0.3548052,0.2435842,0.09027531,0.09949004,0,0.004000943,0,0,0,0,0,0,0.01070401,0.1062377,0,0,0,0,0,0.0835771,0,0.1158969,0.1261388,0.03017158,0,0,0,0.5973198,0,0,0.08148956,0.1225596,0,0.6224052,0,0,0,0,0,0.0263182,0,0.373427,0,0,0.03839,0,0,0.4466434,0.2933289,0.2743375,0.1648339,0.04005858,0,0.1305261,0,0,0,0,0,0,0,0,0,0,0,0,0,0,0,0.4098708,0,0,0,0.0468729,0.1715304,0.1983568,0,0.3616239,0.1330688,0,0.1269112,0,0.1988531,0,0.03281961,0,0.05518416,0,0,0,0.2205962,0.4776747,0,0,0.4298897,0.1230981,0,0,0,0,0.1499834,0.1364508,0,0,0,0,0,0,0,0,0,0,0,0,0,0,0,0,0,0,0,0,0,0,0,0,0,0,0,0.05301744,0.05530512,0,0.005815078,0,0,0.2471888,0,0,0,0,0,0,0,0,0,0,0,0,0,0,0,0,0,0.09661228,0,0,0,0.2727425,0,0,0,0,0,0,0,0,0,0,0,0,0,0,0,0,0,0,0.1147847,0,0,0,0,0,0,0,0,0,0,0,0,0,0,0,0,0,0,0,0,0,0,0,0,0,0,0,0,0,0,0,0,0,0,0,0,0,0.0590162,0,0,0,0,0,0,0,0,0,0,0,0,0,0,0,0,0,0,0,0.07016513,0,0,0,0,0,0,0.1771395,0.4680231,0,0.05974423,0,0,0.09661674,0.09738301,0.3834575,0,0.3672724,0.08625451,0,0.3027797,0,0,0,0,0,0,0,0,0.1635145,0.3315618,0.6342118,0,0,0,0.2492723,0,0,0.0971645,0,0,0.1188299,0.4274152,0.2886432,0,0,0,0,0.6513871,0,0.4144105,0,0,0,0,0,0,0.2085025,0,0,0,0,0,0,0.08254495,0.3943034,0,
0,0.124345,0.3056983,0,0,0,0,0.1711618,0.06914131,0.4429201,0,0.3927992,0,0.2014026,0,0.1588241,0,0,0,0,0.244375,0,0,0,0,0,0.450927,0.5786958,0,0.7969502,0.2732421,0.2056997,0.003048999,0.04305257,0,0,0.1430934,0,0.2954055,0.02955311,0,0.1801993,0,0.03027254,0,0.02845412,0.3513148,0,0,0.3526401,0,0,0,0.2533619,0,0.01932471,0,0,0.1241882,0,0.3099881,0,0,0,0,0,0.03616451,0,0,0,0.2428343,0,0,0,0,0,0,0,0,0,0,0,0,0,0,0,0,0,0,0,0,0,0,0,0,0,0,0,0.1000315,0,0,0,0,0,0.114104,0.02700277,0,0,0,0.1012402,0,0,0,0,0,0,0,0,0,0,0,0,0,0.1464178,0,0,0,0,0,0,0,0,0,0,0,0,0,0,0,0,0,0,0.3719106,0,0,0,0,0,0.1389146,0,0,0.06753784,0.502062,0.1946578,0,0.1963807,0.04217676,0.1572438,0,0,0,0.1729748,0.5440999,0,0,0,0,0,0,0.03830777,0.1946398,0.07357635,0,0.1458313,0.1171291,0.168982,0,0,0.1893409,0.02018691,0,0,0.07123542,0,0,0,0,0,0,0.2116623,0.08029398,0,0,0,0,0,0.2203984,0.04715613,0.4210864,0,0,0,0,0.03435263,0.3274347,0.2291727,0,0.1194411,0,0.3800438,0.1976348,0,0,0,0,0,0.08008298,0.03409623,0.06072605,0.02696424,0.0151798,0.2729256,0.1104735,0,0.01188148,0,0,0.03965357,0,0,0,0,0,0.4948896,0,0,0,0,0.1332013,0,0,0,0.4811814,0.02152067,0,0.3014179,0,0,0.06408881,0.1766423,0.06790337,0.3450099,0.0001333673,0.06183619,0,0,0,0,0,0,0.3473759,0,0,0,0,0,0,0.3602572,0,0,0.4957003,0,0,0.1355169,0,0,0,0,0.360025,0.1202056,0,0,0.1757478,0,0,0,0,0.009393892,0,0,0,0,0.3645227,0.2986271,1.187458,0.7366759,0.1081475,0,0,0,0,0,0,0,0,0,0,0,0,0,0,0,0,0,0,0,0,0,0,0,0,0,0,0,0,0,0,0,6.330213E-05,0,0.06851763,0,0.2243465,0.406681,0,0,0,0,0,0,0,0,0,0,0,0,0,0,0,0,0,0,0,0,0,0,0.6495963,0,0,0,0,0,0,0,0,0,0,0,0,0,0,0,0,0,0,0,0,0.2327564,0.0798577,0,0,0,0,0,0,0,0,0,0,0,0,0,0,0,0,0,0,0,0,0,0,0,0,0,0,0.1743475,0,0,0,0,0,0,0,0,0,0,0,0,0,0,0,0,0,0,0,0,0,0,0,0,0,0,0,0,0,0,0,0,0,0,0,0,0,0,0.004953047,0,0,0.2002574,0.09075181,0,0,0,0,0,0.09452129,0,0,0,0,0,0.0143574,0,0.3453605,0,0.1450748,0,0,0.1462202,0,0.123984,0.05293612,0.7456445,0.286067,0.1942727,0,0,0,0,0.1574703,0,0.4737653,0,0,0.1777199,0,0,0.2831747,0,0,0,0.2075821,0,0,0,0,0,0,0.1835569,0,0,
0.02813002,0,0.4334158,0.4668536,0,0.04748624,0,0,0,0.1494518,0,0.2493805,0,0,0.3453597,0.04147559,0,0.02169795,0.1661935,0.2006779,0,0.04859776,0.1231998,0.288673,0.1768003,0,0,0,0,0.1775509,2.31442,0,0,0.05062373,0.01431806,0,0,0.1985814,0.3986881,0.2588966,0.2651187,0,0,0.0768123,0,0.9290061,0.4477059,0,0,0,0.07485173,0.3942664,0.01334198,0.1421787,0,0,0,0.02709164,0.1081542,0,0,0,0,0,0.06008572,0,0.2377368,0,0,0,0,0,0,0,0,0.2175853,0,0,0,0,0,0,0,0,0,0,0.09718847,0,0,0,0,0,0,0,0,0,0,0,0,0,0,0,0,0,0,0,0,0,0,0,0.4526441,0,0,0,0,0,0,0,0,0,0,0,0,0,0.03181837,0,0,0,0,0,0,0,0,0,0,0,0,0,0,0,0,0,0,0,0,0,0.0005645156,0,0.0372733,0,0.1851541,0,0.1187852,0.1736371,0.6875345,0.01271057,0,0,0,0,0,0,0,0.153029,0,0,0.2648208,0.1424297,0,0,0,0,0.1652199,0,0,0,0,0.6407906,0,0.1583465,0.04050018,0.04989653,0,0,0,0,0,0,0.002555727,0,0.1188329,0,0.1029253,0,0,0.1419766,0,0,0.144314,0,0,0,0,0,0,0.09371604,0.3383597,0,0.1110509,0.02659144,0.06280456,0.151262,0.4541417,0,0,0.2353231,0.1267017,0,0.130646,0,0,0,0,0.03081588,0,0,0,0.2827365,0,0,0,0,0.2306878,0.1878047,0,0,0,0,0,0,0,0,0,0.2467384,0.151424,0.1382924,0,0.00876274,0,0,0,0,0,0.1067477,0,0,0,0,0,0,0,0.3971423,0.03835407,0.2568363,0,0.4424367,0.2144211,0,0,0,0,0,0,0.06227485,0,0,0.01960347,0,0,0,0.2509709,0,0,0.3696382,0.0956588,0.239568,0,3.637096E-05,0.1920419,0.3807723,0.5234253,0.2261847,0,0.1331243,0,0,0,0.1300957,0,0,0,0,0,0,0,0,0,0,0,0,0,0,0,0,0,0,0,0,0,0,0,0,0,0,0,0,0,0,0.2216187,0,0,0.1175007,0.002631322,0,0,0,0,0,0,0,0,0,0,0,0,0,0.4632398,0,0,0,0,0,0,0,0,0,0,0.6479645,0.07209151,0,0,0,0,0,0,0,0,0,0,0,0,0,0,0,0,0,0,0,0,0,0,0,0,0,0,0,0,0,0,0,0,0,0,0,0,0,0,0,0,0,0,0,0,0,0.01451184,1.369173,0,0,0,0,0,0,0,0,0,0,0,0,0,0,0.04855699,0,0,0,0,0,0,0,0,0,0,0,0,0,0,0,0,0,0,0,0,0,0,0,0,0,0,0,0,0,0.03148497,0.08300389,0,0,0,0,0,0,0,0,0,0,0.18162,0.1618646,0,0,0,0.4145948,0,0,0,0,0,0,0,0.3068554,0,0.05240998,0,0,0,0.01643571,0,0,0.0911394,0,0,0.04585204,0,0.1935489,0,0.08691888,0,0,0.1112445,0,0.2521529,0.03844351,0.3723643,0,
0,0.05806091,0,0,0,0,0,0,0.5555301,0.02540765,0,0,0,0.02174717,0,0.2794074,0.3105853,0,0.2341077,0,0.2858959,0,0.2548254,0,0.2432458,0.1011886,0.5772854,0.5502474,0.1302051,0.05021517,0.203568,1.15856,0,0,0,0,0,0,0,0.1166137,0,0,0,0,0.321687,0,0,0.1627322,0.2770557,0,0.06821501,0,0.1988603,0,0,0,0.2414218,0,0,0,0,0,0,0,0,0,0.007607978,0,0,0,0,0,0.09385742,0.0350652,0,0.004555598,0,0,0,0,0,0,0,0,0,0,0,0,0,0,0,0,0,0,0.01343467,0.03793059,0,0,0,0,0.1365597,0,0,0,0.1764688,0,0,0,0.5491719,0.2650422,0,0,0.289183,0.3501244,0.1298347,0,0,3.464232,0,0,0,0,0,0,0.004292272,0.3554665,0.2850306,0,0.2204788,0,0,0,0,0,0,0,0,0,0,0,0,0,0,0,0,0,0,0,0.05683355,0,0.3153891,0,0.02151805,0,0,0.300786,0.3044033,0.3632181,0.06117831,0,0.05183848,0.02190011,0.3881156,0,0,0,0,0.3624999,0.006642731,0.08193672,0.1883816,0.1620483,0.2578799,0.1877461,0.01404884,0.2032237,0.5741378,0,0,0.3436575,0,0,0,0,0,0,0.07297065,0,0.1440466,0,0,0.1847135,0,0.05661136,0,0,0,0,0.2058532,0,0,0.3606849,0.2420029,0.22126,0.06644586,0,0.4304357,0,0.5918549,0,0.1400633,0.1544569,0,0.1046091,0.002356431,0.0074752,0,0,0,0,0.06091136,0.2174553,0,0,0.2664577,0,0,0,0.132851,0,0,0,0.2341821,0.05307954,0.226573,0,0.2724411,0,0,0,0.08533076,0.1570458,0,0.1491129,0,0,0.05118643,0.2929213,0,0,0,0.3383238,0,0,0,0.1016315,0.2691464,0,0.1642483,0,0.04636445,0.2882134,0,0,0.06414398,0.09750457,0,0.3813075,0.2494538,0,0,0,0,0.1452591,0,0,0.0152045,0,0,0,0,0.09409916,0,0,0.04409134,0.4068592,0.1788659,0,0.2769053,0,0.3339239,0,0,0.2977467,1.026006,0,0,0,0,0,0.08004458,0,0,0,0,0,0,0,0,0,0,0.03558476,0,0,0,0,0,0,0,0,0,0,0,0,0,0,0,0,0,0,0,0,0.4242342,0,0,0,0,0,0,0,0,0,0,0,0,0,0,0,0,0,0,0,0,0,0,0,0,0,0,0.8224027,0.4730266,0,0,0,0,0,0,0,0,0,0,0,0,0,0,0,0,0,0,0,0,0,0,0,0,0,0,0,0,0,0,0,0,0,0,0,0,0,0,0,0,0,0,0,0.2671842,0,1.063353,0,0,0,0,0,0,0,0,0,0,0,0,0,0,0,0,0,0,0,0,0,0,0,0,0,0,0,0,0,0,0,0,0,0,0,0,0,0,0,0,0,0,0,0,0.08549258,0,0.4557993,0,0,0,0,0,0,0,0,0,0,0,0.1647575,0,0.2489623,0,0.2536741,0,0,0,0.07618967,0,0,0,0.01596325,0.2105454,0.1888979,0,0,0.04058491,0,0.2222086,0.06260975,0,0,0,0,0,0.1329171,0,0,0,0,0,0.3445918,0.03727497,0,
0.2716945,0,0.1082566,0,0.3700377,0,0.6842476,0.0409114,0.3513879,0.3776169,0,0,0,0,0,0,0,0.1596324,0,0,0.2917162,0.06741966,0.2103197,0,0.3332532,0.1047031,0,0.1942955,0.4929007,0.07588246,0.0335857,0.08356165,0.5356802,0.2865127,0.5993489,0,0,0.04780703,0,0,0.2389936,0.1178543,0,0,0.05270093,0.06141246,0,0.1475977,0,0.08899283,0,0,0.2281585,0.04511513,0.3489569,0,0.2954287,0,0,0.2319654,0,0,0,0,0,0.001412819,0.03813699,0.1369583,0,0,0,0,0,0.08356229,0,0.4343079,0.2049151,0.2172463,0,0,0.7483796,0,0,0,0,0,0,0,0,0,0,0,0,0,0,0,0,0,0,0,0,0,0,0,0,0,0,0,0,0,0.2052322,0,0,0,0.09278596,0,0,1.647243,4.093048,0,0,0,0.302274,0,0.1407465,0.005836199,0,0,0.2304602,0,0,0,0,0,0,0,0,0.04194513,0.3303773,0,0,0,0,0,0,0,0,0.3063147,0,0.003193372,0.05313119,0.1002526,0.1651324,0.09680748,0.1774381,0,0.04028635,0,0,0,0,0,0,0.1871369,0,0,0,0,0.1112088,0,0,0.01184349,0,0,0,0,0.8667369,0.6713026,0,0,0,0,0.3203693,0.3249851,0,0.2528172,0,0.05117839,0,0.3424156,0,0,0.1352856,0.152537,0,0.119768,0.09989727,0,0.04343284,0.2045683,0,0.0781574,0.2803048,0,0.1262339,0.3491258,0,0,0.07297872,0.3630523,0.3512768,0.2075167,0,0,0,0.2392913,0,0,0,0,0,0,0.599393,0,0,0,0.02991021,0,0,0,0.0525097,0,0.1206387,0.4125574,0,0,0,0,0,0,0,0.01088583,0,0,0,0.09257784,0.05378137,0.3100916,0,0,0,0.08291893,0.2732449,0.14011,0,0,0,0,0,0.03665137,0.1945583,0,0,0.1649902,0,0,0.01170667,0,0,0.1748504,0.3340812,0.104879,0,0,0.1475904,0,0.2413162,0,0,0.4526391,0.2139864,0,0,0.09286965,0,0,0.003932075,0.1060814,0.3551698,0,0,0,0.290877,0,0,0,0,0.4896886,0,0,0,0,0,0,0,0,0,0,0,0,0,0,0,0,0,0,0,0,0,0,0,0,0,0,0,0,0,0,0,0,0,0,0,0,0,0,0,0,0,0,0,0,0,0,0,0,0,0,0.009245024,0,0,0,0,0,0,0,0,0,0,0,0,0,0,0,0,0,0.3914374,0,0,0,0,0,0,0,0,0,0,0,0,0,0,0,0,0,0,0,0,0,0,0,0,0,0,0,0,0,0,0,0,0,0,0,0,0,0.5221468,0,0,0,0,0,0,0,0.0190265,0,0,0,0,0,0,0,0,0,0,0.2696303,0,0,0,0,0,0,0,0,0,0,0,0,0,0,0,0,0,0,0,0,0,0,0,0,0,0,0,0,0,0.1972189,0,0,0,0,0,0,0.3313712,0,0.5399852,0.02142559,0,0.152994,0,0,0,0,0,0.1200446,0,0,0.0451669,0,0.2183804,0,0.06906694,0,0.3383847,0,0.1486601,0,0,0,0,0.006483391,0,0,0,0.3302074,0,0,0.01075854,0,0.02794513,0,0,0.6064141,
0.1210872,0,0.1248826,0.2483966,0,0,0.202726,0,0,0,0.0929471,0.02679849,0,0,0.05507344,0,0,0,0.1946578,0.1179889,0,0,0,0,0.05206116,0.5327211,0.1191646,0,0.5771545,0,0.813859,0.6746367,0.2385733,0.9894049,0,0,0,0,0.2692181,0,0.150161,0.2181357,0.1509524,0,0,0.2312685,0,0,0.3809969,0,0,0.7816705,0.3171852,0.2554965,0.3371773,0,0,0.07001096,0.4065153,0.3804812,0,0,0,0,0,0,0,0.1299303,0,0,0,0.2843547,0.2598924,0.1469295,0,0,0,0,0.2140888,0,0,0,0,0.3452021,0,0.07151381,0,0,0,0,0,0,0,0,0,0,0,0,0,0,0,0,0,0,0,0,0,0,0.07119973,0.112684,0.1776128,0.3803995,0,0,0,0,0.1025031,0.4074162,2.955021,4.670976,1.036341,0.7406647,0,0.05225299,0.05803967,0,0,0,0,0,0,0.1597883,0,0,0,0,0,0,0,0,0,0,0,0,0,0,0,0.3397481,0,0.03809652,0.2408714,0.02989912,0,0.01571489,0,0,0,0.02226845,0,0,0.2153073,0,0.2813016,0,0,0.09121209,0,0.1686167,0.08515589,0,0.000673305,0,0.0935046,0,0,0,0.4262367,0,0,0,0,0,0.1069881,0,0.1952231,0.06888504,0.2711746,0,0,0,0.2357019,0,0,0.02198615,0.2749069,0.1936296,0.02408435,0,0,0.2241666,0.01243359,0,0,0,0.4307061,0,0.1583356,0,0.2881216,0.1653057,0.03638364,0,0.3454259,0.009972102,0,0.1964845,0,0,0.01175115,0,0.5301833,0,0,0.1629291,0,0,0.1484753,0.2492188,0,0,0,0,0,0,0,0.3237987,0,0.2507825,0.02361682,0,0,0,0,0.113445,0,0.1577352,0.1730087,0.2600333,0,0,0,0,0,0.311598,0.3365768,0,0.209031,0,0.01743079,0.3424496,0,0,0,0,0,0,0.4130527,0.02888952,0.02351176,0,0,0,0,0.1081057,0.03199039,0,0,0.221186,0,0.3417619,0,0,0.2635389,0,0,0,0,0.1596746,0,0.09576234,0,0,0.757427,0,0,0,0,0,0,0,0,0,0,0,0,0,0,0,0,0,0,0,0,0,0,0,0,0,0.0648753,0,0,0,0,0,0,0,0,0,0,0,0.2352691,0,0,0,0,0,0,0,0,0,0,0,0,0,0,0,0,0,0,0,0,0,0,0,0,0,0,0,0,0,0,0,0,0,0,0,0,0,0,0,0,0,0.0001771168,0,0,0,0,0,0,0,0,0,0,0,0,0,0,0,0,0,0,0,0,0,0,0,0,0,0,0,0,0,0,0,0,0,0,0,0,0,0,0,0,0,0,0,0,0,0,0,0,0,0,0,0,0,0,0,0,0,0,0,0,0,0,0,0,0,0,0,0,0,0,0,0,0,0,0,0,0,0,0.4243861,0,0,0,0,0,0,0,0,0,0,0,0.1934356,0.1670342,0,0,0,0,0,0,0,0,0,0,0,0,0,0,0,0,0,0.6253023,0.1799976,0,0,0,0,0,0,0.04642239,0,0,0.5425163,0.6300439,0,0,0.6398147,0,0.4187321,
0.08263963,0.06151093,0,0.05736347,0.2982888,1.043467,0,0,0,0,0,0.140032,0,0.1038833,0,0.4266972,0.3263825,0.1635161,0,0,0.08429329,0.3224173,0,0,0,0.1659477,0,0.06102163,0,0.359145,1.255874,0.5423747,0.9492947,2.487931,0.4157275,0.08685739,0,0.05976238,0.1023907,0.2312005,0.07962474,0,0,0.1336889,0,0,0.4273977,0,0,0.1638035,0,1.011928,0.07844555,0.03831159,0.2181692,0,0,0,0.1555806,0,0,0.02679854,0,0,0,0,0.005167066,0.1258647,0,0.1262611,0,0,0.001138679,0.1180718,0.4251105,0.02099631,0.1920183,0.1926715,0,0.3517888,0.574675,0.2063089,0,0,0,0,0,0,0,0,0,0.1086767,0,0,0,0.17561,0,0,0,0,0,0,0,0,0,0,0,0,0.1184621,0,0.262438,0,0,0,0,0.3527038,0.03579824,0.2811443,0.6410478,1.779221,1.718902,0.6435418,0,0,0,0.1561712,0.2691039,0.1076143,0,0,0,0,0,0,0,0,0,0,0,0,0,0,0,0,0,0.4382991,0,0,0.0387049,0,0,0,0,0,2.132852E-05,0.207054,0,0.2527815,0,0,0,0,0.06835992,0,0.1032562,0.2986996,0,0,0,0.1333966,0,0,0,0.2387949,0.2949266,0.04927617,0,0,0,0,0,0,0,0,0,0,0.1981622,0.05838567,0.2528856,0,0,0,0.1955506,0,0,0,0,0,0,0,0.02199387,0.2757578,0.1605441,0,0.18918,0,0,0.4209688,0.03000035,0.1470229,0,0,0,0,0.1311156,0,0,0.3952436,0,0.0294081,0.4815262,0,0,0,0.03053654,0,0,0.2784843,0.2947868,0.1555078,0.1915915,0.6153765,0,0,0.1063073,0,0.3580403,0.09825744,0.07775165,0,0,0.2117558,0,0,0,0.05135216,0,0,0,0,0,0,0,0.2257778,0.1994614,0,0,0,0,0.1689278,0,0,0,0,0,0,0,0.05182622,0.2574128,0.1503513,0,0,0.03245568,0.09455382,0.09328903,0.1138886,0,0,0,0,0.004213537,0,0,0.3043208,0,0.03450379,0.4817038,0.1807614,0.7788293,0,0,0,0,0,0,0.09294888,0,0,0,0,0,0,0.01668463,0,0,0,0,0,0,0,0,0,0,0,0,0,0,0,0,0,0,0,0,0,0.2612365,0,0,0,0,0,0,0,0,0,0,0,0,0,0,0,0,0,0,0,0,0,0,0,0,0,0,0,0,0,0,0,0.09156703,0,0,0,0,0,0,0,0,0,0,0,0,0,0,0,0,0,0,0.1285634,0,0,0,0,0,0,0,0,0,0,0,0,0,0,0,0,0,0,0,0,0,0,0,0,0,0,0,0,1.202975,0,0.4025329,0,0,0,0,0,0,0,0,0,0,0,0,0,0,0,0,0,0,0,0,0,0,0,0,0,0,0,0,0,0,0,0,0,0,0,0,0,0,0,0,0,0,0,0,0,0,0,0,0,0,0,0,0,0.1409747,0,0.0360091,0,0.3289313,0,0.04107734,0,0,0,0,0.3719608,0,0,0.1113423,0,0,0,0.1837832,0,0,0,0,0.3068759,0.0194541,0.3565673,0.1960124,0.4033576,0,0.1637231,0.5738178,0,0.01983249,0,0.3424341,0.4379181,0.427931,0.3261522,0,0,
0.06472385,0,0.05147519,0.3234142,0,0.1118765,0.04338869,0.660518,0.2108871,0.6080539,0,0,0,0,0,0.1478378,0,0,0,0,0.1690511,0,0,0.3593656,0.2603517,0,0,0,0,0.6577708,2.353056,1.438925,1.103161,1.343265,0,0,0,0.1197867,0,0,0,0.0628811,0.5562812,0.1203737,0,0,0,0,0,0.2574201,0,0,0,0,0,0,0.02050208,0.3290004,0.3634933,0,0,0,0,0.1245995,0.2973662,0.1222896,0.2359935,0.199164,0,0,0.1851521,0,0.2521833,0.001342252,0.2287365,0.3010811,0,0,0,0.33431,0.2291809,0,0.1946467,0,0,0,0,0,0,0,0,0,0,0,0,0,0,0,0,0,0,0,0,0,0,0.2284067,0.2848858,0.2104633,0,0.01994829,0.2207544,0,0,0.07812694,0.4143237,0,0,0.3541433,0,0.295458,0,0.2861244,0,0,0,0,0,0.1797287,0,0,0,0,0,0,0,0.4707884,0,0,0,0,0,0,0,0,0,0,0,0,0.1990253,0,0.1572129,0.06079205,0.4217062,0,0,0,0,0,0.04174469,0.3214558,0.2698776,0.2396364,0,0.2532766,0,0,0,0,0.2497842,0.07645731,0.162707,0,0,0.2244638,0,0,0,0,0,0,0,0,0,0,0,0,0.01222126,0,0.273016,0.02606773,0,0,0.001584281,0.2178145,0,0.07757019,0,0.05709958,0,0,0.06459282,0,0.1543034,0.0613189,0,0.04877626,0.4604293,0,0.2815581,0,0.004947448,0.2371629,0,0,0,0.6162857,0,0.210531,0.2716718,0.2978224,0,0.2126325,0.06470038,0.2145148,0,0,0,0.1204109,0,0,0.1056041,0,0,0,0,0,0.04032638,0.6096223,0,0.02439141,0,0,0.1003945,0.2772537,0.1256749,0,0.01713737,0,0,0,0,0,0,0,0,0,0,0.4702158,0,0,0.09202003,0.007787267,0.4188072,0,0.1704715,0,0,0,0.6639075,0,0.1376164,0.1330044,0.06492853,0,0,0.2117585,0,0,0,0,0,0,0,0,0.2155518,0,0.07117352,0,0,0,0,0,0,0,0,0,0,0,0,0,0,0,0,0,0,0,0.08341711,0.4312956,0,0,0,0,0,0.384892,0,0,0.1906261,0,0,0,0,0,0,0,0,0,0,0,0,0,0,0,0,0,0,0,0.4646298,0,0,0,0,0,0,0,0,0,0,0,0,0,0,0,0,0,0,0,0,0,0,0,0,0.02343434,0,0,0,0,0,0,0,0,0,0,0,0,0,0,0,0,0,0,0,0,0,0,0,0,0,0,0,0,0,0,0.02160401,0,0,0,0,0,0,0,0,0,0.8007521,0,0,0,0,0,0,0,0,0,0,0,0,0,0,0,0,0,0,0,0,0,0,0,0,0,0,0,0,0,0,0,0,0,0,0,0,0,0,0,0,0,0.008326988,0,0,0,0,0,0,0,0,0,0,0,0,0,0,0,0,0.2500842,0,0,0,0.4136408,0,0.04972407,0,0,0,0,0,0,0,0,0,0.1468748,0.2462051,0,0,0,0.1376311,0,0,0.1831306,0,0,0,0,0,0,0,0,0.0427357,0.04390517,0.641825,0,0.05351343,0,
0,0.0144007,0.1538398,0.4072983,0,0.06094176,0.2692818,0.1704579,0,0.6279773,0,0,0,0,0.2001815,0.1102666,0.2946456,0.1077044,0.2514004,0,0,0,0.2395971,0,0,0,0,0.6297156,1.779708,0,0.5459248,0,0.3526717,0.3063486,0,0.12445,0,0,0.2072811,0,0,0,0.02228453,0.166466,0.4005257,0.09645794,0,0,0,0,0,0,0,0,0,0.2650711,0.04393536,0,0,0,0,0,0,0,0.5636019,0.3712591,0,0.148393,0,0,0,0,0,0.8237451,0,0,0.1021445,0.4198461,0,0,0,0.2768289,0,0,0,0,0.09193614,0,0,0,0,0,0,0,0,0,0,0,0,0,0,0,0.5795144,0,0.2459203,0,0,0,0,0,0.3355717,0,0,0,0,0,0,0,0.1360187,0.3085195,0,0.2788839,0,0,0.02783112,0,0,0,0.07371266,0,0,0,0,0,0,0,0,0,0,0,0,0.1646947,0,0,0,0,0,0,0.2141251,0,0,0,0.08173631,0,0.1150946,0.120652,0.3348683,0.2771537,0,0,0,0,0,0.2680783,0,0,0.1167624,0,0.3393582,0,0,0.3043267,0,0.009925799,0,0,0,0,0,0,0.3015989,0,0,0,0,0,0,0.3271748,0,0.09969657,0.2161112,0,0.1423609,0,0,0,0,0,0.465609,0,0.3962542,0,0,0,0,0.3081734,0.4515251,0.3565202,0,0,0,0.2967482,0,0.4350872,0.4361758,0,0,0.04196296,0,0,0,0,0.1439127,0,0,0,0,0,0.1723408,0,0,0.2780244,0,0,0.1082336,0,0,0,0,0.04620419,0.3121064,0.07434703,0.006713536,0,0,0.06178444,0,0,0,0.1910206,0,0.05536305,0.3529356,0,0,0,0,0,0.005954531,0.02642585,0,0.2702918,0.564773,0,0,0.6344466,0.04390241,0,0,0.454315,0,0.1431485,0,0,0.3417347,0,0,0,0,0,0.5062352,0,0,0,0.00345005,0,0,0.0237108,0,0,0,0,0,0,0,0,0,0.2287818,0,0,0,0.1710885,0,0,0,0,0,0,0.1387367,0,0,0,0.2432026,0,0,0,0,0,0,0,0,0,0,0,0,0,0,0,0,0,0,0,0,0,0,0,0,0,0,0,0,0,0,0,0,0,0,0,0,0,0,0,0,0,0,0,0.09377983,0,0,0,0,0,0,0,0.1541401,0,0,0,0,0,0,0,0,0,0,0,0,0,0,0,0,0,0.2363546,0,0,0,0,0,0,0.1187115,0,0,0,0,0,0,0,0,0,0.2605988,0,0,0,0,0.1826186,0,0.7916574,0,0,0,0,0,0,0,0,0,0,0,0,0,0,0,0,0,0,0,0,0,0,0,0,0,0,0,0,0,0,0,0,0,0,0,0,0,0,0,0,0,0,0,0,0,0,0,0,0,0,0,0.2039256,0.2049745,0,0,0,0.3231913,0,0,0.2024909,0,0,0,0,0,0.1032852,0,0,0,0,0,0,0,0,0.2633964,0,0,0.5446191,0,0.1556085,0,0.336759,0,0,0,0,0,0.0716162,0.03534261,0,0.2124288,0,0.4878137,
0,0,0,0.7449818,0,0.2021693,0.2716976,0,0.2687278,0.1000625,0,0.1446669,0,0,0.3042451,0.1742979,0.2098412,0.3682196,0.03526594,0.02766108,0.4096348,0,0.1054589,0,0,0,0.01281414,0.8837673,0.5099916,0.2014627,0,0.266923,0.03156659,0.01337505,0,0.02457369,0.004267059,0,0.1850532,0,0.2387654,0,0,0,0,0,0,0,0,0,0,0,0,0,0,0,0,0,0,0,0.4081261,0,0.4644183,0.2451377,0,0,0.3411046,0.2071558,0,0.355697,0,0,0,0,0.0935182,0,0.4145266,0,0.4170143,0,0.3135567,0.08067806,0.1462752,0.3115623,0,0,0,0,0,0,0,0,0,0,0,0,0,0,0.1329815,0,0,0,0,0,0,0,0,0,0,0.3194351,0.6915302,0,0,0,0,0,0.2517959,0,0.3188031,0.3546615,0,0.2180889,0.1436471,0,0.4236375,0,0.2067846,0,0,0.006089919,0,0.05965733,0.5360596,0,0.2885346,0,0,0,0.1590147,0.2182093,0,0,0.08962979,0.4343536,0.1928639,0.05886559,0,0,0,0,0,0.1448042,0.2939546,0.0610004,0,0,0,0,0.3387733,0,0,0.256157,0,0,0.1776064,0.4772826,0.4361616,0,0.09847002,0.01344805,0,0,0.1156613,0.0056116,0.554732,0,0,0,0,0,0,0,0,0,0,0,0,0,0.06860185,0.03724106,0.2569727,0,0,0.1354341,0,0.3174465,0,0.1151202,0,0.2495013,0,0.09333857,0.003583021,0,0,0.2386148,0,0.02465391,0.177795,0.03027981,0,0,0.0002543916,0,0.1214544,0.5878461,0,0,0,0,0,0.5320174,0,0,0,0.3155915,0.07260035,0.06777862,0.0966471,0.09992634,0.2398257,0.09974643,0,0,0,0,0,0,0.03741044,0,0,0,0,0,0.4511112,0,0.08632498,0,0,0,0.1673388,0,0,0.01897462,0,0,0,0.2583454,0,0.07822295,0.07367742,0.04160401,0.3008336,0,0,0,0,0.01529352,0.1913706,0.4592961,0,0.02465662,0,0.07473977,0,0,0,0,0,0,0,0,0,0,0,0,0,0,0,0,0,0,0,0,0,0,0,0,0,0,0,0,0.009565612,0,0,0.297098,0,0,0,0,0,0,0,0.07658787,0,0,0,0,0,0,0,0,0,0,0,0.2423564,0,0,0,0,0,0,0,0,0,0,0,0,0,0,0,0,0,0,0,0,0,0,0,0,0,0,0.1339797,0,0,0,0,0,0,0,0,0,0,0,0,0,0,0,0.02477793,0,0,0,0,0,0,0,0,0,0,0,0,0,0,0,0,0,0,0,0,0,0,0,0,0,0,0,0,0,0,0,0,0,0,0,0,0,0.3583499,0,0,0,0,0,0,0,0,0,0,0,0,0,0,0,0,0,0,0,0,0,0,0,0,0,0,0,0,0,0,0,0.07313126,0.1088372,0,0,0,0,0,0,0,0,0,0,0,0,0,0,0,0,0,0,0,0,0,0,0,0.112332,0,0.4909076,0,0,0,0,0,0,0,0,0,0.1709932,0,0,0,0,0,0,0,0,0.01510986,0,0.1125771,0.2307158,0.06136698,0,0,0.2666872,0,0,0.2142523,0.1085039,0.2975059,0,0,0,
0,0.1732115,0,0,0.1619681,0,0.08516838,0.09208769,0,0.1155421,0.1720565,0.05829909,0,0,0,0.4201383,0,0,0,0,0.3726284,0,0,0,0.09573105,0,0,0.8721693,0,0.3238169,0,0.0945768,0,0,0,0.0107598,0.3263102,0.06791604,0,0,0,0.04825878,0,0,0,0.5733595,0,0,0,0,0,0,0,0,0,0,0,0,0,0,0,0,0,0,0.2576145,0,0,0,0.01938586,0.0005676381,0.03946243,0,0,0.1458456,0,0.1695343,0.0869076,0.05171404,0.3299635,0.09031968,0.1941207,0.08012541,0,0,0.1169064,0,0.0501096,0,0.906909,0,0,0,0,0,0,0,0,0,0,0,0,0,0,0,0,0,0,0,0.1572966,0.3332946,0.1930477,0,0,0,0,0.1737551,0,0.1815707,0,0.09157072,0,0.5652421,0,0,0.3241099,0,0,0,0.6888797,0.12837,0.122812,0.1367642,0.271928,0,0.2290043,0,0.1903386,0,0,0.3074997,0,0,0,0,0.01312311,0,0,0,0.4232294,0.0187096,0,0.2565735,0.09184337,0.04268206,0,0,0,0.3329965,0.427355,0,0.4395669,0.04676626,0.09259813,0,0,0,0,0.1922793,0.04574376,0,0,0,0.5671608,0.2911986,0,0.1700237,0,0,0,0,0,0,0,0,0,0,0,0,0,0,0.06342276,0,0.1629257,0,0,0.3276624,0.1795217,0,0.1265007,0.3964591,0,0.1920429,0,0.1463652,0,0,0.2660433,0.2162883,0,0.03812687,0.1449514,0,0.4051095,0,0,0,0,0,0.540547,0.01805205,0,0,0.4194454,0,0,0.05402609,0,0.2946506,0,0,0.1433974,0,0,0,0,0,0.3839698,0,0,0,0,0,0,0,0.5508776,0.1741218,0,0,0,0.6066357,0.06227816,0.168963,0.08715613,0.2778454,0,0,0,0,0,0,0.07821799,0,0.2043117,0,0,0.09841915,0.1292167,0.01768155,0,0,0,0,0,0,0,0,0,0,0,0,0,0,0,0,0,0,0,0,0,0,0.1191642,0.02169644,0,0,0,0,0,0,0,0,0,0,0,0,0,0,0,0,0,0,0,0,0,0,0,0,0,0,0,0,0,0,0,0,0,0,0,0,0,0,0,0,0,0,0,0,0,0,0,0,0,0,0,0,0,0,0,0,0,0,0,0,0.08097351,0,0,0,0,0,0,0,0,0,0,0,0,0,0,0,0.07669172,0,0,0,0,0,0,0,0,0,0,0,0,0,0,0,0,0,0,0,0,0,0,0,0,0,0,0,0,0,0,0,0,0,0,0,0.0005145331,0.03590263,0,0,0,0,0,0,0,0,0,0,0,0,0,0,0,0,0,0,0,0,0,0,0,0,0,0,0,0,0,0,0,0,0,0,0,0,0,0,0,0,0,0,0,0,0,0,0,0,0,0,0,0,0,0.1914793,0,0.4557967,0,0,0,0,0.002427569,0,0,0,0,0,0,0,0,0.1205258,0,0,0,0,0,0,0,0,0,0,0,0,0,0,0,0,0.5320101,0,0,0.1527748,0.1009457,0.170512,0.2251423,0.03973367,
0,0,0,0.02446198,0,0.08940689,0,0,0.2400589,0,0,0.8613154,0,0.3176781,0,0,0.1396599,0,0,0,0.1779673,0,0,0,0.05774475,0,0,0,0,0,0,0.2623672,0.241413,0.1078544,0,0.04858367,0,0,0,0,0,0,0,0,0,0,0,0,0,0,0,0,0,0,0,0,0,0,0,0,0,0,0,0,0,0,0,0,0,0,0,0,0,0,0.06864122,0,0.06188188,0.1878046,0,0,0,0,0.02428239,0,0,0,0,0,0,0,0,0,0,0,0,0,0,0,0,0,0,0,0,0,0,0,0,0,0,0.1894708,0,0.08706085,0,0.06051316,0,0.02199763,0,0,0,0,0.3131528,0.4472142,0,0.1982461,0.06932352,0.02657132,0,0,0.354051,0.07939693,0.0122185,0,0.2989711,0,0.05152177,0.0965545,0,0.2623232,0.2788929,0.30931,0.04429629,0,0,0,0,0,0.1844605,0.2424051,0,0.07183085,0,0,0,0,0,0,0,0.4091308,0.2484115,0,0.06191673,0,0,0.01851819,0,0.1283374,0.0318169,0,0,0,0.1020185,0.4062418,0,0,0.2012447,0.436156,0,0,0,0,0,0,0,0,0,0,0,0,0.1700451,0,0.1585534,0,0,0,0.234608,0,0,0.2990164,0,0.2032384,0,0,0.5377845,0,0.3099346,0,0,0.0556392,0,0.2067013,0.0805936,0.2465244,0.06665488,0.0005592086,0,0,0,0.3831797,0,0,0.2896463,0.4974244,0,0.1146669,0.558392,0.3266862,0,0,0.2545623,0.1083455,0,0,0,0,0.3504161,0.01962757,0,0,0,0.1994911,0.05539219,0,0.2715743,0.06541539,0.4824318,0.437997,0,0.4438569,0.05986278,0,0,0,0,0.05089467,0,0,0,0,0,0.1494001,0.05380021,0.06792153,0.2890407,0.06305791,0,0.03043024,0,0,0.04824879,0,0,0,0,0,0,0,0,0,0,0,0,0,0,0,0,0,0,0,0,0,0,0,0,0,0,0,0,0.2028127,0,0,0,0.1205305,0,0,0,0,0,0,0,0.08910228,0,0,0,0,0,0,0,0,0,0,0,0,0,0,0.2136209,0,0,0,0,0,0,0,0.3809588,0,0,0,0,0.02977837,0,0,0,0,0,0,0,0,0,0,0,0,0,0,0,0,0,0,0,0,0,0,0,0,0,0,0,0,0,0.179854,0,0,0,0,0,0,0,0,0,0,0,0,0,0,0,0,0,0,0,0,0,0,0,0,0,0,0,0,0,0,0,0,0,0,0,0,0.3718541,0.07576492,0,0,0,0,0,0,0,0,0,0,0,0,0,0,0,0,0,0,0,0,0,0,0,0,0,0,0,0,0,0,0,0,0,0,0,0,0,0,0,0,0,0,0,0,0,0,0,0,0,0,0.3042184,0.02381174,0,0,0,0.07783938,0,0,0.204616,0,0,0,0,0,0,0,0,0,0.1772634,0,0,0,0.007912982,0,0,0.3331766,0,0,0,0,0,0.198348,0,0,0,0,0.4047389,0,0,0,0.01850017,0,0,0,
0,0,0.03160685,0.1489814,0.08540616,0,0.06278703,0,0,0,0.4115089,0,0.1425882,0.1324139,0.06715461,0,0,0.06071423,0.1740583,0.3153444,0,0.125111,0,0,0,0.1880124,0,0.2889553,0.2845843,0,0.2347728,0,0,0,0,0,0,0,0,0,0,0,0,0,0,0,0,0,0,0,0,0,0,0,0,0,0,0,0,0.4882356,0.4231749,0.03784966,0,0,0,0.1688729,0.02725742,0,0.3066531,0.2477958,0,0,0,0.08793781,0,0,0.07415846,0,0,0,0.6822704,0.1700403,0,0.2254402,0.1257627,0,0,0,0,0,0,0,0,0,0.6410359,0,0,0,0,0,0,0,0,0,0,0,0,0,0.2515296,0.1499994,0.3750745,0,0,0,0,0,0.2935777,0,0,0,0,0,0.09337573,0.1203388,0,0,0,0,0,0.4040407,0.1709772,0.02688655,0.307382,0.7057087,0,0.3138726,0,0.2897748,0,0.2951343,0,0.03102378,0,0,0.277211,0.3456829,0.1694707,0,0,0,0,0.04150745,0,0,0,0.2857723,0,0,0.4081654,0,0,0,0.2904278,0.1232211,0,0.3072442,0.07932051,0,0,0,0.05293582,0.3198121,0,0,0,0.03171556,0,0,0,0,0,0.003926722,0,0,0,0,0,0,0,0.2633955,0.7247379,0.2732528,0,0,0.1172325,0.04040196,0,0.01222155,0,0.2456758,0,0,0.1572389,0,0,0,0.08801567,0,0.1957323,0,0.2079538,0,0,0,0.2696996,0,0,0,0,0.05090959,0,0,0.03346515,0,0.3506813,0,0,0.32596,0.1405027,0.5043359,0,0,0.3198991,0.007297179,0,0.07786451,0,0,0,0,0.4838722,0,0.01819013,0.1654251,0,0.1384643,0.3300673,0.2463301,0,0.3601248,0.1311587,0.1596203,0.377593,0,0,0.1645907,0.4052472,0.1556424,0,0,0,0,0,0.2384157,0.2363176,0,0,0,0.3225391,0,0,0,0,0,0,0,0,0,0,0,0,0,0,0,0,0,0,0,0,0,0.152855,0,0.3139525,0,0,0,0,0,0,0,0.01589531,0.4340073,0,0.2270382,0.227843,0,0,0,0,0,0,0,0,0,0,0,0,0,0,0,0.2218065,0,0,0,0,0,0,0,0,0,0,0,0,0,0,0,0,0,0,0,0,0,0,0,0,0,0,0,0,0,0,0,0,0,0,0,0,0,0,0,0,0,0,0,0,0,0,0,0,0,0,0,0,0,0,0,0.1968439,0,0,0,0,0.268935,0,0,0.1578432,0,0,0.05777357,0,0,0,0,0,0,0,0,0,0,0,0,0,0,0,0,0,1.229367,0,0,0,0,0,0,0,0,0,0,0,0,0,0,0,0,0,0,0,0,0,0,0,0,0,0.4499343,0.4611563,0,0,0,0,0,0,0,0,0,0,0,0,0,0,0,0,0,0,0,0,0,0,0,0,0,0,0,0,0,0,0,0.08089513,0,0,0.01410604,0,0,0,0,0,0,0,0,0.02885336,0,0,0,0,0,0.1376405,0,0.135933,0,0,0.2967395,0,0,0.03991082,0.3931922,0.156524,0,0.3323098,0.1430423,0.2058588,0.186585,0,0,
0,0,0,0,0,0,0,0,0,0.1239814,0,0,0,0,0,0.3822517,0,0.2214926,0.2164229,0.103186,0.06340747,0,0.211973,0,0.2145143,0,0.4578589,0,0.1983215,0,0.1395922,0,0,0,0,0.1832787,0,0,0,0,0,0,0,0,0,0,0.02191743,0,0,0,0,0,0,0,0,0,0,0,0,0,0,0,0,0,0.4109832,0,0.08678253,0,0.4762771,0.1546967,0,0.03596071,0,0,0,0.1603855,0,0,0.03381804,0,0.02163057,0.1676054,0.1844081,0,0,0,0.005285026,0,0,0,0,0,0,0,0,0,0,0,0,0,0,0,0,0,0,0,0,0,0.5316516,0,0,0,0,0,0,0.2149777,0,0.1421453,0,0,0,0.4021048,0,0,0,0,0,0.1239708,0.2011468,0,0,0,0.06655972,0.391596,0.07606934,0,0.01903377,0,0,0,0.1942094,0.01619383,0.02475031,0.1280384,0,0.01750799,0.4167648,0,0,0,0,0,0.004596682,0,0,0,0,0.1900532,0,0,0,0,0.07585655,0.05806483,0,0,0,0.1379153,0,0,0,0,0,0,0,0,0,0,0,0,0,0,0,0,0,0.2195279,0,0,0,0,0.1541402,0,0,0.1244618,0,0.3348964,0.7372566,0.008764795,0,0.2135141,0,0,0,0,0.02976945,0,0.1310141,0,0,0.03113865,0,0,0.1594158,0.08941915,0.1856431,0.1176991,0,0,0,0,0,0.3407552,0.3752253,0,0.01160203,0,0,0,0.1334252,0.1107982,0,0,0,0.4045099,0.309278,0,0,0,0,0,0,0.3562953,0.1493459,0,0.03548526,0,0.02320568,0.09475458,0,0,0,0.3352506,0,0,0.2150728,0.2715364,0,0,0,0,0,0.07110265,0,0.1154153,0,0,0,0,0,0,0,0,0,0,0,0,0,0,0,0,0,0,0,0,0,0,0,0,0,0,0.1739713,0,0.07749432,0.2987199,0,0,0,0,0,0,0,0,0,0,0,0,0,0,0,0,0,0,0,0,0,0,0,0,0.005267387,0,0.1086968,0,0,0,0,0,0.1252487,0,0,0,0,0,0,0,0,0,0,0,0,0,0,0,0,0,0,0,0,0,0,0,0,0,0,0,0,0,0,0,0,0,0,0,0,0,0,0,0,0,0,0,0,0,0,0,0,0,0,0,0,0,0,0,0,0.3459419,0,1.464718,0,0,0,0,0,0,0,0,0,0,0,0,0,0,0,0,0,0,0.05119831,0.5158214,2.67619,0,0,0,0,0,0,0,0,0,0,0,0,0.001943132,0,0,0,0,0,0,0,0,0,0,0,0,0,0,0,0,0,0,0,0,0,0,0,0,0,0,0,0,0,0,0,0,0,0,0,0,0,0,0.04962475,0,0,0,0,0,0,0,0,0,0,0,0,0,0.07608783,0.2464576,0.05492228,0,0,0,0,0,0,0,0,0,0,0,0,0,0,0,0.5237858,0.182878,0.1598646,0.2082547,0.1349546,0.03515358,0,0,0,0,
0,0,0.1597887,0,0.09522785,0,0,0,0,0,0,0,0.1814867,0,0.09808497,0,0.02862233,0,0,0,0.8474413,0,0.03103502,0.03375258,0,0.322932,0,0,0.73759,0,0,1.388611,2.658034,0.292841,0.4011521,0,0.2350449,0,0,0,0,0,0,0,0,0,0.2335556,0,0,0,0.06843638,0,0,0,0,0,0,0,0,0,0,0.3777928,0,0,0,0,0,0,0.1090472,0.1158582,0.004486572,0,0,0,0.6030175,0.001376955,0,0.1846443,0,0,0,0.3873047,0.1543714,0.2830418,0.1425078,0,0,0,0.2070584,0,0.3114991,0,0,0,0,0,0.314156,0,0,0,0,0,0,0,0,0,0,0,0,0,0.04351046,0,0.3712152,0.3036771,0.2817256,0.1717935,0,0,0,0.3011889,0.07953946,0,0,0,0.08703581,0.2306226,0,0.2881191,0,0.07830901,0.06658715,0,0.08583972,0,0,0,0.02233204,0.5416523,0,0,0,0.06138713,0,0,0.06987611,0,0,0,0.1456445,0.2194503,0,0.6127998,0,0.5224105,0.5123659,0,0,0,0,0.1977455,0.1911667,0.01649389,0.05840101,0,0,0,0.05502811,0.3557256,0.09361021,0,0.0814255,0,0,0.1269989,0.3775996,0,0.5545004,0,0,0,0,0,0,0,0,0,0,0,0.1103075,0,0,0,0,0,0,0.215356,0.3859751,0,0,0.1835425,0,0,0,0.2081556,0.2878141,0,0.1083224,0,0,0.4253162,0,0,0,0,0,0,0,0.3824482,0.0230269,0.03935786,0,0.1537071,0,0,0.08784526,0.2444004,0,0,0.1474987,0,0,0,0,0,0.2604831,0,0.01152339,0,0,0,0,0.1911737,0.02808998,0,0,0.3245714,0.2076631,0,0.01712484,0,0.5143076,0,0,0.1777544,0,0,0,0,0,0.3809319,0,0.08474828,0,0.09258132,0,0.338452,0,0,0,0,0,0,0,0,0,0,0,0,0,0,0,0,0,0,0,0,0,0,0,0,0,0,0.576648,0,0.02411832,0,0.63117,0,0,0,0.3203155,0,0,0.4697889,0.5507712,0,0,0,0,0,0,0,0.2429355,0,0,0,0,0,0,0,0,0,0,0,0,0,0,0,0,0,0,0,0,0,0,0,0,0,0,0,0,0,0,0,0,0,0,0,0,0,0,0,0,0,0,0,0,0,0,0,0,0,0,0,0,0,0,0,0,0.6614314,0,0,0,0,0,0.2561274,0,0,0,0,0,0,0,0.1667106,0,0,0,0,0,0,0,0,0,0,0,0.1043612,0,0,0,0,0,0,0,0,0,0,0,0,0,0,0,0,0,0,0,0,0,0,0,0,0,0,0,0,0,0,0,0,0,0,0,0,0,0,0,0,0,0,0,0,0,0,0,0,0,0,0,0,0,0,0,0,0,0,0,0,0,0,0,0,0.01362228,0,0,0,0,0.5737475,0,0,0,0,0,0,0,0,0,0,0,0,0,0,0,0,0,0,0,0,0,0.01535392,0,0,0.1723931,0.4175295,0,0,0,0.2105923,0,0,0.3058552,0,
0,0.2642313,0,0,0.1367547,0.2713106,0,0.06299555,0.09497239,0.3141294,0.07304459,0.4639716,0,0,0.1348784,0,0.1791414,0.3988659,0.1932101,0.1627716,0,0,0,0.3634082,0.2203085,0,0,0.2864288,0,0,0.405068,1.767141,5.528349,4.441972,2.917041,0,0,0,0,0,0,0,0,0,0,0,0,0,0,0,0,0,0,0,0.3530374,0.1238151,0,0.3326782,0,0.03939562,0.1354376,0,0,0,0,0.2674302,0,0,0,0,0,0.24338,0.06695978,0.1299308,0.0008379192,0,0,0,0,0,0,0,0,0.2820771,0,0.1211716,0.1185991,0,0,0,0.195524,0,0,0,0,0,0,0,0,0,0,0,0,0,0,0,0.3558951,0,0,0.2184971,0,0,0,0,0.3545527,0.1104285,0,0,0,0.4623738,0.4378839,0,0,0,0,0,0,0,0,0,0,0.193778,0.2032459,0.6590761,0.05475327,0.06368569,0.1847005,0,0,0.2291636,0,0,0,0,0.02909786,0,0.4984294,0.3620914,0,0,0,0.08587647,0,0,0.07961962,0.1616332,0,0.05311557,0.1323808,0.1277302,0.04886427,0,0,0,0.2237427,0.2325437,0,0,0,0.1133287,0.4259242,0.1710076,0.07905472,0,0,0,0.271871,0,0,0,0,0,0,0,0,0,0,0,0,0.02589592,0.2890506,0.3837696,0,0,0.1122014,0,0.0598092,0.2509967,0,0.3901981,0,0,0,0.4681734,0.3194869,0,0.2368577,0,0.05222681,0.54327,0,0,0,0,0,0,0.1531171,0.2346006,0.2677906,0,0.3527904,0,0,0,0.6416206,0.3155973,0.3049747,0,0,0.04179501,0,0,0.1715947,0.2864497,0,0.2514549,0,0.0209106,0,0,0,0.07603259,0,0,0,0,0,0.09427725,0.01803466,0,0,0.002708077,0,0.1335436,0,0,0,0,0,0.07223672,0,0.007253422,0,0.5253865,0,0,0.2026101,0,0,0,0,0,0,0,0,0,0,0,0,0,0,0,0,0,0.6144822,0,0,0,0,0,0,0,0,0,0,0,0,0,0,0,0,0,0,0,0,0,0,0,0,0.06234276,0,0,0,0,0,0,0,0,0,0,0,0,0,0,0,0,0,0,0,0.07882822,0,0,0,0,0,0,0,0,0,0.02416388,0,0,0,0,0.03565558,0,0,0,0,0,0,0,0,0,0,0,0,0,0,0,0,0,0,0,0,0,0,0,0,0,0,0,0,0.07412343,0,0,0,0,0.2687133,0,0,0,0,0,0,0,0,0,0.398457,0,0,0,0,0,0.06948946,0,0,0,0,0,0,0,0,0,0,0,0.7097843,0,0,0,0,0,0,0,0,0,0,0,0,0,0,0,0,0,0,0.09272156,0,0,0,0,0,0,0,0,0.00922238,0,0,0,0,0,0,0,0,0,0,0,0,0,0,0,0,0,0,0,0,0,0,0,0,0,0,0,0,0,0,0,0,0,0,0,0,0,0,0.192652,0,0,0,0,0,0,0,0,0.2075533,0,0.2867686,0,0.1966989,0,0,0,0,0.07949592,0.1081291,0.2629237,0.1825588,0,0.4336123,0,0,0,
0,0,0,0,0,0.1773942,0,0.01848287,0,0.1228955,0.327998,0,0.3175721,0,0.05235145,0.2323761,0.108491,0,0,0.5176784,0,0.03859059,0,0,0.1863119,0.1140085,0.05397836,0,0,0.2091877,0.24541,0.560306,4.09979,0,0,0,0,0,0,0.11579,0,0,0,0,0,0,0,0,0,0,0,0,0,0,0.9134976,0.06524385,0.3923677,0,0.0185047,0.3811805,0,0,0,0.1264454,0,0.3187563,0,0,0.2716926,0.2414109,0,0.1905848,0,0.06924143,0.642956,0,0,0,0.05583068,0.1278416,0.2245658,0,0.08230307,0,0,0.3349097,0.04436943,0,0.2835476,0.2438866,0.04434993,0.1225566,0,0,0,0,0,0,0,0,0,0,0,0,0,0,0,0,0.01673717,0.2972584,0,0,0.0139424,0,0.5116093,0.1442856,0,0,0.2348386,0.2589724,0,0.03164321,0,0.1296471,0.02806718,0,0,0,0.01673335,0.1165577,0,0.2122801,0,0,0.3863551,0.3416351,0,0,0,0,0,0,0,0.1060642,0.4077055,0.1629032,0,0,0.3421608,0,0,0,0,0,0.03651965,0,0.3623648,0,0,0.05687806,0.02461019,0.4364644,0.0958147,0.03288871,0.1485231,0,0,0.01141278,0,0,0.01150858,0.09643617,0.3471135,0,0,0.1259947,0,0.5695512,0,0,0,0,0,0,0,0,0,0,0,0,0,0,0,0,0,0.1696812,0,0.1465341,0,0,0,0,0,0,0,0,0,0.306886,0,0.09002442,0,0,0,0,0.09152642,0.08083537,0,0,0,0,0,0,0,0,0,0.007947172,0.3922321,0,0.2934183,0.3788459,0.05760206,0.2004507,0,0.2482663,0,0,0,0,0.172725,0,0.1985787,0,0,0,0,0,0,0.5211781,0,0,0,0.1011672,0,0.2073236,0,0,0.01911108,0,0,0.2023163,0.04851202,0.01300254,0.608923,0,0,0,0,0,0,0,0,0,0,0,0,0.2916788,0,0.04847987,0,0,0,0.0134089,0,0,0,0,0,0,0,0,0,0,0,0,0,0,0,0,0,0,0,0,0,0,0,0,0,0,0.02280751,0.1008438,0,0,0,0,0,0,0,0,0,0.02525757,0,0,0,0,0,0,0,0,0,0,0,0,0,0,0,0,0,0,0,0,0,0,0,0,0,0,0,0,0,0,0,0,0,0,0,0,0,0,0,0,0,0,0,0,0,0,0,0,0,0,0,0,0,0,0,0,0,0,0,0,0,0,0,0.1211633,0,0,0,0.339388,0,0,0,0,0,0,0,0,0,0,0,0,0,0,0,0,0,1.616334,1.280589,0,0,0,0,0,0.0494394,0,0,0,0,0,0,0,0,0,0,0,0,0,0,0,0,0,0,0,0,0,0,0,0,0,0,0,0,0,0,0,0,0,0,0,0,0,0,0,0,0,0,0,0,0,0,0,0,0,0,0,0,0.3158579,0,0,0.262877,0,0,0,0,0,0,0.1562619,0,0,0,0,0.2026766,0,0,0,0,0,0,0,0,0.3120641,0,0.0920812,0,0.2726979,0.0702356,0.1629859,0,0,0.1484609,0,
0,0.09191581,0.08947396,0.1547877,0,0.06390239,0.006874872,0,0,0,0.4323177,0.1926868,0.2400604,0.1122002,0.263587,0.203449,0,0,0.04278744,0.3124894,0,0,0,0,0.2634902,0.2408042,0.2048012,0,0,0,0,0,0.03359482,0,0,0,0,0,0,0,0,0,0,0,0,0,0,0,0,0,0,0,0,0,0,0,0.2011183,0.1417204,0.1662541,0.2188213,0,0,0,0.1210883,0,0,0,0.2222864,0,0,0,0.1891823,0.72883,0.2210318,0,0,0,0.1115466,0,0.2913185,0.2379561,0,0,0,0.3701477,0,0.2983305,0,0,0,0,0,0,0.04406747,0,0,0,0,0,0,0,0,0,0,0,0,0,0,0,0.04399877,0.05203298,0,0,0.3097714,0,0,0,0,2.541969E-05,0.3652062,0,0.2222555,0.2628213,0,0,0,0,0,0.1462147,0,0,0,0.3340808,0.2935589,0,0,0,0,0.005685908,0.3708308,0,0,0,0.3446136,0,0.190182,0.007440908,0,0.1136797,0.1935338,0.03980516,0.5748609,0,0,0.1685915,0.1758109,0.2567464,0.21614,0.003161921,0,0,0,0,0,0,0,0.3447092,0.1611602,0.250876,0.1780918,0.8389099,0,0,0,0,0,0.05650156,0,0,0,0,0,0,0.2736326,0,0,0,0,0,0,0,0.05560122,0.2400851,0,0,0.04502178,0,0.146749,0,0,0.2222108,0,0,0,0,0.07115886,0.5472734,0,0,0,0.1132185,0.4436395,0,0.2226175,0,0,0.4788716,0,0.08453744,0.0329043,0.1094702,0,0,0,0.2045489,0,0,0.07486688,0,0,0,0.349867,0,0.1627827,0,0.1755453,0,0,0,0.08075707,0.2192334,0.289887,0,0,0.1989617,0.1388923,0,0,0.2627792,0,0.2846387,0.4781548,0.1467148,0,0.1725628,0.4457941,0.1310202,0.306004,0.07503879,0.1701442,0.05330852,0.05329856,0,0.2772124,0,0,0,0,0,0,0,0,0,0,0,0,0,0,0,0,0,0,0,0,0,0,0,0,0,0,0,0,0,0,0,0,0,0,0,0,0,0,0,0,0,0,0,0,0,0,0,0,0,0,0,0,0,0,0,0.1734205,0,0,0,0,0,0,0,0,0,0,0,0,0,0,0,0,0,0,0,0,0,0,0,0,0,0,0,0,0,0,0,0,0,0,0,0,0,0,0,0,0,0,0,0.04679631,0,0,0,0,0,0.4098978,0.07364801,0,0.01225446,0,0,0,0,0,0,0,0.07202183,0,0,0,0.2232811,0,0,0,0,0.225951,0,0,0,0,0,0,0,0,0,0,0,0,0,0,0,0,0,0,0,0,0,0,0,0,0,0,0,0,0,0,0,0,0,0,0,0,0,0,0,0,0,0,0,0,0,0,0,0,0,0,0,0,0,0,0,0,0,0,0,0,0,0,0,0,0,0,0,0.3005194,0,0,0,0,0,0,0,0,0.1984925,0,0,0,0,0.3018574,0,0,0.1990489,0,0.1170715,0,0,0,0,0,0,0.2199224,0,0,0,0.2795596,0,0,0,0,0,0.09721741,0,0,0,0,0,0.04828539,
0,0.2439032,0,0,0.2907834,0,0,0,0,0.01865811,0,0.02164332,0.3476702,0,0.285265,0.01045656,0.03140219,0,0,0,0,0,0,0,0.6075932,0,0,0,0,0,0,0,0,0,0,0,0,0,0,0,0,0,0,0,0,0,0.08674653,0,0,0,0,0,0,0,0,0.127803,0.1504296,0,0,0.8945059,0,0,0.3108898,0.08967208,0,0,0.02698438,0.06483716,0,0.08088946,0.3448591,0,0.02628248,0,0,0.3972067,0,0.0924048,0,0,0.002389238,0,0.3569505,0.2204549,0,0.06700021,0,0.3431065,0,0,0,0.1404898,0,0.01050193,0,0,0,0,0,0,0,0,0,0,0,0,0,0,0.1793511,0.1260852,0.2514616,0.08084983,0.2511944,0.2158048,0.1803529,0,0.01722785,0,0.2047616,0,0,0,0.2207456,0,0,0,0.4450756,0,0.09105699,0,0,0.0775305,0,0,0,0.3890869,0.1613275,0,0,0,0,0.3671468,0,0,0,0,0,0,0.1314086,0.1707137,0.2119818,0,0.1398041,0.2430275,0,0.1185192,0,0.009564916,0,0,0.2312062,0,0,0,0,0.1985944,0,0,0.1289721,0,0,0,0.09568533,0,0.02596316,0,0.07866744,0,0,0,0,0,0,0,0,0,0,0,0,0.1627398,0,0.09056675,0,0,0.06255978,0.05187941,0.1383827,0.4166352,0.2910131,0.7188937,0,0,0,0,0,0,0,0,0,0,0.4999851,0,0.1267183,0.4754474,0.1965237,0,0,0,0,0,0.1967016,0.2673784,0.189067,0,0,0.3929747,0,0,0,0,0,0,0,0.03660715,0,0,0,0,0.01521454,0.1958377,0,0,0.03718999,0.3319345,0.1764191,0,0.02987813,0.3837093,0.1141514,0.1101406,0,0.04154795,0,0.03503846,0,0,0,0,0,0,0.05217203,0,0,0,0,0,0,0,0,0,0,0,0,0,0,0,0,0,0,0,0,0,0,0,0,0,0,0,0,0,0,0,0,0,0,0,0,0,0,0,0,0,0,0.2431103,0,0,0,0,0,0,0,0,0,0,0,0.07016863,0,0,0,0,0,0,0,0,0,0,0,0,0,0,0,0,0,0,0,0,0,0,0,0,0,0,0,0,0,0,0,0,0,0,0,0,0,0,0,0,0,0,0,0,0,0,0,0.05134435,0,0,0,0.04359828,0,0,0,0.004868333,0,0,0,0,0,0,0,0,0,0,0,0,0,0,0,0,0,0,0,0,0,0,0,0,0,0,0,0,0,0,0,0,0,1.21357,0,0,0,0,0,0,0,0,0,0,0,0,0.09011032,0,0,0,0,0,0,0,0,0,0,0.7258337,0,0,0,0,0.155358,0,0,0,0,0,0,0,0,0,0,0,0,0,0,0,0,0,0,0,0,0,0,0,0,0,0,0,0,0,0,0,0.5148391,0,0,0,0,0,0,0.07323937,0,0,0,0,0,0,0,0,0,0,0,0,0,0,0,0,0,0,0.06490535,0.1820185,0.1439791,0.5092678,0.03189251,0.2750588,0,0,
0.1284134,0,0,0,0.1721126,0,0.1980967,0,0,0.1408121,0.3220614,0,0.132089,0,0.09278082,0.1075109,0.05987449,0,0,0,0,0,0,0,0,0,0,0,0.3801766,0.3028938,0,0,0,0.1129859,0,0,0,0,0,0,0,0,0,0,0,0,0,0,0,0,0,0,0,0,0,0,0.001407767,0,0,0,0,0,0,0.6735165,0,0,0.1190016,0.1278073,0.1243457,0.1943519,0,0,0,0.009827687,0.1012174,0,0,0,0,0.2810838,0,0.1199738,0,0,0,0,0.2661757,0,0,0.1287689,0,0,0,0,0,0,0.05232145,0,0,0,0,0,0,0,0,0,0,0,0,0,0,0,0.168567,0.0436548,0,0.1315748,0,0,0.09404831,0.2000233,0.3242057,0.3195726,0.1097201,0.01759221,0,0,0,0.4794796,0.2433366,0.3013625,0.3187897,0.169544,0.1370724,0,0.05220245,0.07751993,0.4152719,0,0,0.007692812,0,0.03326758,0,0.1852182,0.06522426,0.01583448,0,0.1439397,0,0.23879,0,0.1436563,0,0,0,0.08063881,0.108822,0,0,0.029878,0.08635388,0.05103205,0.1149653,0.3304783,0,0,0.2026283,0,0,0,0,0,0,0,0,0.2331674,0,0.06321698,0,0,0,0,0,0,0,0,0,0,0,0.08182777,0.5111388,0,0.7780942,0.2391213,0.001972365,0.5201954,0,0.231655,0,0,0,0,0.3755673,0,0.1916647,0,0,0.02589602,0,0,0,0,0,0,0,0,0,0,0,0.009888821,0,0.06789019,0,0.1097614,0.09455176,0,0.4973323,0,0.2272842,0,0,0,0,0.6321142,0,0.0003702421,0.003220395,0,0,0.2125659,0.01859228,0,0.3544924,0,0.1805409,0,0,0,0,0,0.1612533,0.2121011,0,0,0.1488683,0,0,0,0,0.2092534,0,0,0,0,0,0,0,0,0,0,0,0,0,0,0,0,0,0,0,0,0.00830027,0,0,0,0,0,0,0,0,0,0,0,0,0,0,0,0,0,0,0.2929244,0.2005495,0,0,0,0.02006859,0,0,0,0.08372118,0,0,0,0,0,0.1933387,0.06049392,0,0,0,0,0,0,0,0,0,0,0,0,0,0,0,0,0,0,0.1426626,0,0,0.246805,0,0,0,0,0,0,0,0,0,0,0,0,0,0,0,0,0,0,0,0,0,0,0,0,0,0,0,0,0,0,0,0,0,0,0,0,0,0,0,0,0,0,0,0,0,0.02878323,0,0,0,0,0,0,0.3948307,0,0,0,0.4617825,0,0,0.2530963,0,0,0,0,0,0,0,0,2.521156,0,0,0,0,0,0,0,0,0,0,0,0,0,0,0,0,0,0,0,0,0,0,0,0,0,0,0,0,0,0,0,0,0,0,0,0,0,0,0,0,0,0,0,0,0,0,0,0.1993552,0,0,0,0,0,0,0,0,0,0,0,0,0,0,0,0,0,0,0,0,0,0,0,0,0,0.4613751,0,0.0729629,0,0,0,0,0,0,0,0,0,0.07854105,0.1938552,0.3625789,0,0.2528177,0.1497429,0,0,
0,0,0,0.4786206,0,0.01453453,0.05470691,0.3298832,0.3041143,0,0,0,0,0,0.1555893,0,0,0,0,0,0,0,0,0,0,0,0,0.6709085,0,0.08211762,0,0,0,0,0,0,0,0,0.3540513,0,0,0,0,0,0,0,0,0,0,0,0,0,0,0.008558514,0,0,0,0.09428373,0,0,0,0,0,0.1777599,0.006301729,0,0.08509801,0,0.0918413,0,0,0,0.1799278,0,0,0.1306403,0.01203217,0.2355145,0,0,0.1447806,0,0.4189706,0,0,0,0,0,0,0.5337708,0.05036261,0.1128739,0,0.08447608,0.05478508,0,0,0,0,0,0,0,0,0,0,0,0,0,0,0.3329811,0,0,0,0,0,0,0.2544867,0.1052209,0,0.05651141,0,0,0,0,0,0,0.1457731,0.002561294,0,0,0.1642954,0,0.3146663,0,0.1381255,0,0,0,0,0.440048,0.236373,0.2267001,0.5325789,0,0,0,0,0.03765841,0.5379278,0.3588172,0,0.2794703,0.5780987,0,0.06835194,0,0.1079015,0.01201148,0.2911015,0.0909751,0.02892646,0.154764,0,0.5013296,0,0.4134176,0,0.2014716,0.3241415,0,0.3037739,0,0,0,0.2803989,0.3922501,0,0,0.1642675,0,0,0,0,0,0,0,0,0,0,0.01650692,0.1859148,0.1932902,0,0.3998291,0,0,0,0.06248581,0,0,0,0,0.2994791,0,0,0,0,0,0,0,0,0,0.4846715,0,0,0,0,0.1614513,0,0,0.0684569,0,0,0,0,0,0,0,0.02984926,0,0,0,0.03194321,0,0.2764887,0.2922966,0.2583409,0.09548817,0,0,0.5207251,0.2581686,0.2702256,0.04802023,0.2987623,0,0.2969184,0,0,0,0.3234253,0.1103742,0,0,0.3890632,0.09305781,0,0.1603657,0,0.001577799,0,0,0,0,0,0,0,0,0,0,0,0,0,0,0,0,0,0,0,0,0,0,0,0,0,0,0,0,0,0,0,0,0,0,0,0,0,0,0,0,0,0,0,0,0,0,0.1493374,0,0,0,0,0.503317,0.4309907,0,0,0,0.1530394,0,0,0,0,0,0,0,0,0.3044695,0,0,0,0,0,0,0,0,0,0,0,0,0,0,0,0,0,0,0,0,0,0,0,0,0,0,0,0,0,0,0,0,0,0,0,0.1907871,0,0,0,0,0,0,0,0.24356,0,0,0,0,0.4061606,0,0,0,0,0,0,0,0,0,0,0,0,0,0,0,0,0,0.5689403,0,0,0,0,0,0,0,0,0,0,0,0,0,0,0.4557407,0.02182947,0,0,0,0,0,0,0,0,0,0,0.01850471,0,0,0,0,0,0,0,0,0,0,0,0.08419798,0,0,0,0,0,0,0,0,0,0,0,0,0,0,0,0,0,0,0,0,0,0,0,0,0,0,0,0,0,0,0,0,0,0,0,0,0,0.3803618,0,0,0,0,0,0.1816513,0.3474892,0,0,0,0,0.05697403,0,0,0,0,0,0,0,0,0,0.5959753,0.371791,0,0.2734241,0.06858846,0,0.09474505,0,0.06755747,
0,0.06455786,0,0,0.1954032,0.1299438,0,0.04242628,0,0,0.1351383,0,0,0,0,0,0,0,0,0,0,0,0,0,0,0,0,0,0,0,0,0,0,0,0,0,0,0,0,0,0.4431677,0,0.1813391,0.2590012,0,0,0.5371139,0,0,0,0,0,0,0.457174,0,0,0.009185271,0,0.2441701,0.5149384,0.2832612,0,0,0,0,0,0.1911723,0,0.07849912,0,0,0,0.3714098,0.1364923,0,0,0,0.406689,0.1195682,0,0,0.5935193,0,0.5079635,0.2046904,0,0.0872867,0.05271202,0,0,0.02040172,0,0.06936488,0,0,0,0,0,0,0,0,0,0,0,0,0,0,0,0,0,0.196119,0.1727081,0,0,0.4240628,0.2214922,0,0,0,0.4096912,0.3184957,0,0,0.06748387,0.06999926,0.1120745,0,0.1185316,0.003171373,0.1727445,0.1259366,0.2846273,0,0,0.1660304,0.4085103,0.01333229,0,0,0,0,0.2756763,0,0.0976519,0.2164562,0,0,0,0,0.06578066,0,0.2723554,0,0,0,0,0,0.295873,0.435612,0.1505308,0,0.1396973,0,0.2456616,0,0.2443112,0,0,0,0,0,0,0,0.7874331,0,0,0.0103058,0.04554597,0,0.3602974,0,0,0,0,0,0,0,0,0,0,0,0.1191292,0,0,0,0,0,0,0,0,0,0,0,0,0,0,0,0,0,0,0,0.06113207,0.4663836,0.5673881,0.165313,0.03342923,0,0.032288,0,0.001196393,0.03095149,0.004819326,0.204706,0.370862,0,0,0,0,0,0,0,0.1561805,0,0.4332078,0.4163989,0.2915087,0,0,0,0,0,0,0.08071325,0,0,0,0.2745664,0,0,0,0,0,0.1339632,0,0.08939975,0,0.1354731,0,0.2176769,0,0,0,0,0,0,0,0,0,0,0,0,0,0,0,0,0,0,0,0,0,0,0,0.1296083,0,0,0,0,0,0,0,0,0.006093408,0,0,0,0,0,0,0,0,0,0,0,0,0,0,0,0,0,0,0,0.08012638,0,0,0,0,0,0,0,0.1936514,0,0,0,0,0,0,0,0,0,0,0,0,0,0,0,0,0,0,0,0.4424085,0,0,0,0.1086173,0,0,0,0,0,0,0,0,0,0,0,0,0,0,0,0,0,0,0,0.02306262,0.07834819,0,0.05773835,0.7182951,0,0.3997096,0,0,0,0,0,0,0,0,0,0,0,0,0,0,0,0,0,0,0,0,0,0,1.303925,0,0,0,0,0.02357608,0,0.2241473,0,0,0,0,0,0,0.1978967,0.3407271,0,0,0,0,0,0,0,0,0,0.001694598,0,0,0,0,0,0,0,0,0,0,0,0,0,0,0,0,0,0,0,0,0,0,0.09898771,0,0,0,0,0,0,0,0,0,0,0,0,0,0,0,0,0,0,0,0,0,0,0,0,0,0,0,0,0,0.09743571,0,0,0,0,0,0,0.2322512,0,0,0,0,0,0,0,0,0,0,0,0,0,0,0,0.2069403,0.08027293,0,0,0.2938646,0.2388284,0,
0,0.1341825,0.2177397,0,0,0,0,0.1586574,0,0,0.3353764,0.0545814,0,0,0,0,0,0,0,0,0,0,0,0,0,0,0.04558631,0,0,0,0,0,0,0,0,0,0,0,0,0,0,0.08957203,0,0.08234649,0,0,0,0.0149037,0,0,0,0,0,0,0.4035119,0.2063766,0,0.014818,0.238724,0.01793726,0.2111817,0.1815653,0,0,0,0,0.1904334,0,0.03727719,0,0,0,0.2783478,0,0,0,0,0,0,0.05007039,0,0,0.1972233,0.1939013,0.3484318,0,0,0,0.04277169,0,0,0,0,0,0,0,0.5783291,0.2385249,0,0,0,0,0,0,0,0,0,0,0,0,0.4054808,0,0,0,0,0.4540909,0.1354314,0,0.1233248,0,0,0,0.2694908,0,0,0.2152089,0.09849293,0,0,0,0,0,0,0,0,0,0,0,0,0.3041032,0,0.5135943,0,0.05182346,0,0,0,0,0.1126164,0,0,0,0.1548947,0,0,0.02045454,0.08645474,0,0,0,0,0,0,0,0,0.05399793,0,0.07001723,0.2345466,0,0.2334801,0.07050863,0,0.03856204,0,0.07084346,0.2247531,0,0.08661866,0,0.1682144,0,0,0,0,0,0,0,0,0,0.6187069,0,0,0,0,0,0,0,0,0,0,0.01958079,0,0,0,0,0,0,0,0,0,0,0,0.370917,0,0,0,0,0.5951382,0.05059605,0,0.253994,0,0.192579,0,0,0.5537532,0.02877354,0.06848387,0,0,0,0,0,0,0,0,0,0,0,0,0.2631418,0,0,0,0.06981182,0.3609756,0,0,0,0,0.1490565,0,0.1228433,0,0,0.2701031,0,0,0,0,0,0,0,0,0,0,0,0,0,0,0,0,0,0,0,0,0,0,0,0,0,0,0,0,0,0,0,0,0,0,0.1831167,0,0,0,0,0,0,0,0,0,0,0,0,0,0,0,0,0,0,0,0,0,0,0,0,0,0,0,0,0,0,0,0,0,0,0,0,0,0,0,0,0,0,0,0,0,0,0,0,0,0,0,0,0,0,0,0,0,0,0,0,0,0,0,0,0,0,0.09228246,0,0,0,0,0,0,0,0,0,0,0.4424754,0,0,0,0,0,0,0,0,0,0,0,0,0.1075387,0,0,0,0,0.1607281,0,0,0,0,0,1.214706,0,0,0,0,0,0,0,0,0,0,0,0.1403785,0,0.5972949,0,0,0,0,0,0,0,0,0,0,0,0,0,0,0,0,0,0,0,0,0,0,0,0,0,0,0,0,0,0,0.01773504,0,0,0,0,0,0,0.2013045,0,0,0,0,0,0,0.01736477,0,0,0,0,0,0,0,0,0,0,0,0,0,0,0,0,0,0,0,0,0,0,0,0,0,0,0,0,0,0,0,0,0,0,0,0,0.06335516,0,0,0,0.09128282,0.2672688,0.1166144,0.3967345,0,0.04999106,0.1311561,
0,0,0,0,0,0,0,0,0,0,0,0,0,0,0,0,0,0,0,0,0,0,0,0,0,0,0,0,0,0,0,0,0.1015023,0,0,0,0,0,0.03942541,0.09664168,0,0,0,0,0,0,0,0,0,0,0,0,0,0,0.0114992,0,0,0.4070476,0,0.04681762,0.04870867,0.3345262,0,0.1195353,0.1639409,0,0,0,0,0,0,0.06218019,0,0,0,0.5813146,0,0.09281264,0.0721572,0,0.4024028,0,0,0.2732857,0,0,0,0,0.07744758,0.1528017,0.1515289,0,0.5121526,0,0,0,0,0,0.349408,0.5049165,0,0,0,0,0,0,0,0,0,0.2758867,0.2165207,0.09197519,0,0,0,0.04933693,0.1194049,0,0,0,0,0.1073065,0,0.1820738,0,0,0,0.1383613,0,0.6843773,0,0,0,0,0,0.2094836,0,0,0,0.2065051,0.0110556,0,0.05169667,0.1567834,0,0,0,0,0,0.2392251,0,0,0,0.3431285,0,0.1607784,0,0,0.1454564,0,0,0,0,0.08001632,0.5690737,0.1680112,0,0.06425272,0.1171628,0.6933858,0,0,0,0.2015933,0,0,0,0,0,0,0.1058991,0,0,0,0,0,0,0,0,0,0,0,0,0,0,0,0,0,0,0,0,0.1563071,0,0,0,0,0,0,0,0,0,0,0,0,0.3784288,0,0,0,0.255513,0.1299751,0,0,0.1149424,0.1507688,0,0,0,0,0.08067925,0.2331538,0.1880018,0,0,0,0.3872606,0.2025261,0,0.327106,0.2279997,0,0.5296104,0.3466904,0,0.05063576,0.06913467,0.1155926,0,0,0.01378981,0,0,0,0.1313079,0.06697237,0,0.05480893,0,0,0,0,0,0,0,0,0,0,0,0,0,0,0,0,0,0,0,0,0,0,0,0.3296943,0.1334467,0,0,0,0,0,0,0,0,0.002041094,0.0348462,0,0.05168207,0.04018771,0,0,0.2038455,0,0.07408838,0,0,0,0,0,0,0,0,0,0,0,0,0,0.0212961,0,0,0,0,0,0,0,0,0,0,0,0,0,0,0.03105762,0,0,0,0,0,0,0,0,0,0,0,0,0,0,0,0,0,0,0,0,0,0.3107565,0,0,0,0,0,0,0,0,0,0,0,0,0,0,0,0,0,0.05981636,0.08971431,0,0,0,0.2191884,0,0,0,0,0.06646401,0,0,0,0,0,0,0,0,0,0,0,0,0,0,0,0,0,0,0,0,0,0,0,0,0,0,0,0,0,0,0,0,0,0,0,0,0,0,0,0,0,0,0,0,0,0,0,0,0.005728056,0.009991158,0,0,0.1546849,0,0,0,0,0,0,0,0,0,0,0,0,0,0,0,0.3589137,0,0,0,0,0,0,0,0,0,0,0,0,0,0,0.1639519,0,0,0,0,0,0,0,0,0,0,0,0,0.1517103,0,0.128746,0,0,0,0,0,0,0,0,0,0,0,0,0.4759276,0,0.2522218,0.280385,0.03529143,0,0.2184373,0.1948441,0.04085222,0,2.638016,
0,0,0,0.196041,0,0,0,0,0,0,0,0,0,0,0,0,0,0,0,0,0,0,0,0,0,0,0,0,0,0.184617,0,0,0,0,0.07263163,0.1940988,0,0.6950364,0,0,0,0,0,0,0.1261093,0,0,0,0,0,0.02036463,0,0,0,0,0.04113033,0.06746707,0,0,0,0,0,0.09680144,0.166353,0,0.432512,0,0.143343,0,0.005302579,0.4277891,0,0,0,0,0,0,0.1874133,0.02708329,0.3346353,0.04434934,0,0.0760956,0.058253,0.04747338,0.05703612,0.1762671,0.1233869,0,0,0.4695653,0.2289284,0.1185122,0,0,0,0,0,0,0.2421129,0.05951255,0,0.3607548,0.1076058,0,0,0.0368171,0,0.9658842,0.006924471,0,0,0,0,0.3167949,0,0.1214449,0.009631933,0.1124267,0.06422189,0.3621344,0.2768946,0,0,0,0,0.07677723,0,0,0.00971783,0.06445211,0.0865835,0,0,0,0.2552623,0.2550721,0,0,0,0,0.1487161,0.08058256,0,0.2400552,0.1735141,0.2769478,0.5702679,0,0,0,0.261275,0.1612213,0.2182928,0,0.02223289,0,0.1482539,0.2825902,0,0,0.06003474,0,0.1685667,0,0,0,0.4430943,0,0,0,0.1221508,0.4805102,0.4864073,0,0.07021372,0,0.2131101,0,0,0.5240856,0.1752512,0,0,0,0.07321922,0,0,0,0.07648714,0,0,0,0,0.05351965,0,0,0,0,0,0,0,0,0,0,0,0.01767538,0,0,0,0,0,0,0,0,0,0,0,0.0321491,0,0,0,0.1349243,0,0.01731749,0,0,0.04575377,0.2055628,0.5124574,0.002422011,0,0,0,0,0.1529888,0,0.268741,0.3276178,0.137888,0,0.119124,0.3158045,0.3557687,0,0.2274317,0.175444,0.1271153,0,0,0,0.1971085,0.2975211,0,0,0.4097082,0,0,0,0,0,0,0,0,0,0,0,0,0,0,0,0,0,0,0,0,0,0,0,0,0,0,0,0,0,0,0,0,0,0,0,0.1219929,0,0.4424304,0,0,0,0,0,0,0,0,0,0,0,0,0,0,0,0,0,0,0.4468774,0.1121192,0,0,0.09133784,0,0,0,0,0,0,0,0,0,0,0,0,0.09074596,0,0,0,0,0,0,0,0,0,0.04670122,0,0,0,0,0,0,0,0,0,0,0,0,0,0,0,0,0,0,0,0,0,0,0,0,0,0,0,0,0,0,0,0.4602287,0,0,0.2627583,0,0.07427039,0,0,0,0,0,0,0.007326701,0,0,0,0,0,0.1459194,0,0,0,0,0,0,0,0,0,0,0,1.648077,2.221489,1.345363,0.4761327,0,0,0,0,0,0,0,0,0,0,0,0,0,0,0,0,0,0,0,0,0.1426445,0,0,0,0,0,0,0,0.4216271,0.335995,0,0,0,0,0,0,0,0,0,0,0,0,0,0,0,0,0,0,0,0,0,0,0,0,0,0,0,0,0,0,0,0,0,0,0,0,0,0,0,0,0,0,0,0,0,0.01428051,0,0,0,0,0,0,0,0.5463356,0,0,0,0.211375,0,0,0.1380535,0.1916947,0,1.552694,0.8502409,
0,0,0,0,0,0,0.004902335,0.1844184,0,0,0,0,0,0,0,0,0,0,0.03835925,0,0,0,0,0,0,0,0,0,0,0.6129844,0,0,0,0,0,0.03999036,0,0,0,0,0,0,0,0,0,0,0,0,0,0,0,0,0.2656212,0,0,0.2079806,0,0.1637075,0.07198901,0.07559704,0,0,0.003407179,0,0.1335181,0,0,0,0.5879107,0,0,0,0,0.3667233,0,0,0,0,0,0,0.1719249,0.05408941,0,0.1434407,0.105233,0,0.107828,0,0,0,0.5611532,0,0,0,0,0.09912469,0,0,0.2567774,0.04510178,0,0.02207541,0.2336771,0.07305668,0,0.3970216,0.4580721,0.07030202,0.4161947,0,0,0.1245214,0.1259498,0,0.2385948,0.1566207,0,0,0,0.1300087,0,0,0.3364407,0,0,0,0,0.03175352,0.2836348,0,0.03793854,0,0,0,0,0.1739242,0.1042981,0,0,0.1053842,0,0.05324786,0.1826862,0,0,0,0,0.3391516,0.2406289,0.07957384,0,0,0,0,0,0,0.3200087,0,0,0,0.07841226,0,0.3455891,0.2889373,0,0,0,0.2100418,0,0.2238679,0.1447041,0.2660044,0.4243646,0,0.07648361,0,0,0,0.02447209,0,0,0,0,0,0,0,0.1416614,0.04354857,0.0329881,0.04588646,0,0,0,0,0,0,0,0,0,0,0,0.2163412,0,0,0.04201103,0,0,0,0,0,0,0,0,0,0,0,0,0,0,0,0,0,0.1657235,0.4824758,0.5158561,0,0,0.1318449,0,0.1738765,0,0.04828086,0.4420773,0.165834,0.04012769,0.04910488,0,0,0.1358171,0.0591096,0.04590184,0,0.06351467,0,0,0.1130337,0,0,0,0.05503815,0,0.1227317,0.1968008,0,0,0.2119184,0,0,0.2754789,0,0,0,0,0,0,0,0,0,0,0,0,0,0,0,0,0,0,0,0,0,0,0,0,0,0,0,0,0,0,0,0,0,0,0,0,0,0,0,0,0,0,0,0,0,0,0,0,0,0,0,0,0,0,0,0,0,0,0,0,0,0,0,0,0,0.05678877,0,0,0,0,0.3200487,0,0,0.005571196,0,0,0.115424,0,0,0,0,0,0,0,0,0,0.2863001,0.07611021,0,0,0,0,0,0,0,0,0.03985341,0,0,0,0,0,0,0.393822,0,0,0,0,0,0,0,0,0,0,0,0,0,0,0,0,0,0,0,0,0,0,0,0,0,0,0,0.08713733,0.1659103,0,0,0,0,0,0,0,0,0,3.231354,3.743557,4.559789,4.637964,0.7028111,0.8540366,0,0,0,0,0,0,0,0,0,0,0,0,0,0,0,0,0,0,0,0,0,0,0,0,0,0,0,0,0,0,0,0,0,0.01188248,0,0,0,0,0,0,0,0,0,0,0,0,0,0,0,0,0,0,0,0,0,0,0,0,0,0,0,0,0,0,0,0,0,0,0,0,0,0,0,0,0,0,0,0,0,0,0,0,0.9539059,0.2835826,0,0,0,0,0.3265271,0,0.2647017,0.6609445,0,
0,0,0,0.1861939,0,0,0,0,0,0,0,0,0,0.1501713,0,0,0.0451567,0.1370902,0,0,0,0,0,0,0,0,0,0,0,0,0,0,0,0,0,0,0,0,0,0,0,0,0,0,0,0,0,0,0,0,0.01348545,0.2420946,0,0,0,0,0.1762728,0,0,0,0,0,0,0,0.2841872,0,0,0.06551521,0.3599598,0,0.1004155,0.1078356,0,0,0,0,0,0.06048965,0.1810351,0,0,0,0,0,0,0.1663624,0.3030854,0.1057557,0.02410121,0,0,0,0.244693,0.04410125,0.3118207,0,0,0,0,0,0.1352897,0,0.1130957,0.3632956,0.06570274,0,0,0.06963636,0.2287533,0,0.01257144,0.1260556,0.394095,0.1381964,0.1649901,0,0,0.1137054,0,0,0,0,0,0,0.3816404,0.0200972,0,0.3563031,0.123838,0.2790676,0.2491178,0.1182697,0,0,0,0,0,0,0.06353517,0.406865,0,0,0.01051647,0.3166906,0.002578475,0.1864922,0,0,0.1281557,0.04054052,0,0,0.2915124,0.1094807,0,0.5954291,0,0,0,0.6165033,0,0,0,0.4623215,0.07646,0,0.1496214,0.01850382,0,0.2194422,0.003641135,0.4740134,0.2363277,0,0,0,0,0,0.3121962,0,0,0,0,0.6870597,0.5105587,0.2047709,0,0,0,0,0.09813611,0.1912026,1.226057,0,0,0,0,0,0,0,0,0,0,0,0,0,0,0,0,0,0.1573134,0,0,0,0,0,0,0,0.06384082,0.1352815,0,0.3734604,0,0,0,0,0,0,0,0,0,0,0,0.1084629,0,0.665414,0.04197855,0,0.3391241,0.1495233,0,0,0,0.2831557,0.143785,0.09782554,0,0,0,0,0.01294379,0.4013115,0.4327026,0.03121304,0,0.1748628,0,0,0,0,0,0,0,0,0,0,0,0,0,0,0,0,0,0,0,0,0,0,0,0,0,0,0,0,0,0,0,0,0,0,0,0,0,0,0,0,0,0,0,0,0,0,0,0,0,0,0,0,0,0,0,0,0,0,0,0,0,0,0,0,0,0.3449908,0,0,0,0.4118382,0,0,0,0,0,0,0,0,0,0,0,0,0,0,0,0,0,0,0,0,0,0,0.131591,0,0,0,0,0,0,0,0,0,0,0.304844,0,0,0.2523526,0.09911563,0,0.2914231,0,0,0,0,0,0,0.979221,0,0,0,0,0,0,0,0,0,0,0,0,0,0,0,0,0,0,0,0,0,0,0,0,0,0,0,0,3.400576,5.887549,7.108787,5.101303,5.114031,1.798434,0,0,0,0,0,0,0,0,0,0,0.03355604,0,0,0,0,0,0,0,0,0,0,0,0.2466974,0,0,0,0,0.5794082,0,0,0,0,0,0,0,0,0,0,0,0,0,0,0,0,0,0,0,0,0.1096016,0,0,0,0,0,0,0,0,0,0,0,0,0,0,0,0,0,0,0,0,0,0,0,0,0,0,0,0,0,0,0.1137127,0,0,0,0,0,0,0,0,0,0,0,0,0,
0,0,0,0,0,0.284903,0,0.1353745,0,0.1826381,0,0,0,0,0,0.036139,0.2795847,0,0,0,0,0,0,0,0,0.2683423,0,0,0,0,0,0,0,0,0.2396629,0,0,0,0,0,0,0,0.5226085,0,0.04184614,0,0,0,0,0,0.06601474,0,0,0.1061428,0,0,0.6375389,0.5007369,0.2061959,0,0,0,0,0,0,0,0.04055646,0.4418169,0,0,0,0,0.1185631,0.054988,0.7796179,0,0,0.4401346,0.2667746,0,0,0,0,0.4646234,0.06989542,0.1438726,0.04954988,0,0,0,0.1036445,0,0,0,0,0.7217695,0.08807724,0.06868525,0.002901293,0.04523759,0.06848516,0,0.08943317,0.2916076,0.4566739,0.1798949,0.02384215,0,0.08290101,0.2310666,0,0,0.4531931,0.3498629,0,0,0.2249854,0,0.3390134,0,0.1180302,0,0,0.04160114,0,0.06285805,0,0.0098007,0,0,0,0,0.1142235,0.13468,0.3433855,0,0.01638468,0.09681154,0.05527947,0.1877244,0.1365787,0.5183108,0,0.1268293,0,0,0,0,0,0,0,0,0,0,0,0.4566172,0.04910993,0.1236033,0.226897,0.2389178,0.0877981,0.2338583,0.1478243,0,0,0.04293182,0.6880195,0,0.1101705,0,0.04123794,0,0,0,0,0,0,0,0.5032748,0.0944645,0,0,0,0,0.02990548,0.1749153,0.1283105,0,0.01935025,0,0,0.1012981,0,0,0,0,0.1545099,0,0,0,0,0,0,0,0,0,0,0,0,0,0,0,0,0,0,0,0,0,0,0,0,0,0,0,0,0.07610147,0,0,0,0,0,0.2687166,0,0.2312286,0.1856857,0.1261935,0.2025892,0,0,0.3139826,0.2909569,0.1696734,0.1334074,0,0,0,0.0160498,0,0.3054746,0.0928024,0.1234796,0.002810314,0,0.02019698,0.8456398,0,0,0,0,0,0,0.4146388,0.1750155,0,0,0,0,0,0,0,0,0,0,0,0,0,0,0.1065465,0,0,0,0,0,0,0,0,0,0,0,0,0,0,0,0,0,0,0,0,0,0,0,0,0,0,0,0,0,0,0,0.02640331,0,0,0,0,0,0,0,0,0,0,0,0,0,0.1005867,0,0,0,0,0,0,0,0.2915676,0,0,0,0,0,0,0,0,0,0,0,0,0,0.04476133,0,0,0,0,0,0,0,0.01776671,0,0,0,0,0,0,0,0,0,0,0,0,0,0,0,0,0,0,0,0,0.5863141,0,0,0,0,0,0,0,0,0,0,0.005018204,0,0,0,0,0,0,0,0,0.02808037,0,0,0,0,0,0,0.9086349,3.173282,5.219038,4.58154,5.412169,3.571958,0,0,0,0,0,0,0.03379575,0,0,0,0,0,0,0,0,0,0,0,0,0,0,0,0,0,0,0,0,0,0,0,0,0,0,0,0,0,0,0,0,0,0,0,0,0,0,0,0,0,0,0,0,0,0,0,0,0,0,0,0,0,0,0,0,0,0,0,0,0,0,0,0,0,0,0,0,0,0,0,0,0,0,0,0,0,0,0.1771381,0,0,0,0,0,0,0,
0,0,0,0,0,0,0,0,0,0,0.2739563,0,0,0,0,0.1400399,0,0,0.1623084,0,0,0,0,0,0,0,0,0,0,0.1036195,0,0,0,0,0,0,0,0,0,0.1651894,0,0.1036816,0,0,0,0,0.07985057,0.2437455,0,0,0,0,0,0,0,0,0,0,0.3262479,0,0.2932287,0,0,0.1325592,0,0,0,0,0,0,0.1704862,0.212515,0.1091694,0.2960527,0.01364993,0,0.187425,0.2229671,0,0,0,0.04402428,0,0,0.1483668,0.150421,0.2673957,0.07011258,0,0,0.1125822,0.4189313,0.5361078,0.04897743,0,0,0,0.1451138,0,0,0.3762456,0,0,0,0,0,0,0,0,0,0,0,0.3179182,0,0.2379088,0,0.09219325,0.003949941,0.02118767,0,0.1486145,0,0,0.01165118,0.09420569,0,0,0,0,0.1210443,0,0,0,0.2067226,0.3440349,0.02583138,0,0.2478382,0,0,0,0,0,0.1957613,0,0,0,0,0.3857147,0.2863134,0,0,0.3796137,0.03575529,0,0,0,0,0,0,0,0,0,0.1586159,0.2931069,0,0,0.06119094,0,0.1885829,0,0,0.02304765,0,0,0,0,0,0.2781862,0.6542085,0,0,0,0,0.1660732,0.05629196,0,0.06116523,0,0,0.9723534,0,0,0,0.5222538,0,0,0,0,0,0,0,0,0,0,0,0,0,0,0,0,0,0,0.09780025,0,0.1281693,0,0,0,0,0,0,0,0,0.3086269,0,0,0,0,0.1697271,0,0,0.0701882,0.2122542,0.2931687,0,0.3476856,0.2035971,0,0.02426525,0.2088785,0,0,0,0,0,0.3159621,0,0,0,0.0008588721,0,0,0.1638287,0.08484535,0,0,0,0,0,0,0,0,0,0.03048576,0,0,0,0,0,0.008278758,0,0.3895774,0,0,0,0,0,0,0,0,0,0,0,0,0,0,0,0,0,0,0,0,0,0,0,0,0,0,0,0,0,0,0,0,0,0,0,0,0,0,0,0,0,0.07699037,0,0,0,0,0,0,0,0,0.01994047,0,0,0.01678694,0,0,0,0,0,0.1893033,0,0.1051762,0,0,0,0,0.09276006,0,0,0,0,0,0,0,0,0,0,0,0,0,0,0,0,0,0,0.004462671,0,0,0,0,0,0,0,0,0,0,0,0.4049939,0,0.01039104,0,0,0,0,0,0.153276,0,0,0,0,0,0.04630819,0,0,0,0,0,0,0,0,0,0,0,0,0,0,0.1820497,0,1.356538,1.984706,4.006521,5.527322,5.382849,4.527654,3.769581,0,0,0,0,0,0,0,0,0,0,0,0,0,0,0,0,0,0,0,0,0,0.1665563,0,0,0,0,0,0,0,0,0,0,0,0,0,0,0,0,0,0,0,0,0,0,0,0,0,0,0,0.3800523,0,0,0,0,0,0.532539,0,0,0,0,0,0,0,0,0,0,0,0,0,0,0,0,0,0,0,0.165528,0,0,0,0,0,0,0,0,0,0,0,0.2106336,0.3126954,0,0.2778055,0,
0,0,0,0.140239,0,0,0,0,0,0,0,0.3517037,0,0,0.8590736,1.519089,0,0,0,0,0,0,0.3300464,0,0.06153107,0,0.2217496,0,0,0,0,0,0,0,0,0,0.2423576,0,0,0.07445543,0.04865006,0,0,0,0,0,0,0,0,0,0,0,0,0,0,0,0.09648149,0.01703282,0.1696284,0.2410257,0.2085644,0.3283154,0.292535,0,0.05658377,0,0,0,0,0.1160725,0.9241084,0.04034575,0.1567364,0,0.2914225,0,0,0,0.03633451,0,0.3390197,0.6254866,0.1374515,0.192745,0.9452359,0.350451,0,0.2124788,0,0,0,0.03099043,0,0,0,0.1965,0,0,0.03408366,0,0,0.1115079,0,0.3404272,0,0.3223161,0.1911008,0,0.03149952,0,0,0,0,0.1948745,0.2419102,0,0,0,0,0.692814,0.442228,0,0,0,0.0114031,0.4405878,0.1988558,0.0198746,0,0,0.1164297,0,0.2709353,0.3502136,0,0,0,0,0.161346,0.179526,0.007040721,0,0,0,0.1217428,0,0.06820603,0.1991643,0.0665494,0.1307766,0.357136,0.2644246,0,0,0.0964865,0,0,0,0.364995,0,0,0,0,0.08380558,0,0,0.5001491,0.09908804,0.04087184,0.1555945,0.2737899,0,0.4382967,0,0,0.008982002,0,0.2307677,0,0,0,0.5885879,0.00613443,0.08677186,0,0.3413491,0,0.6395667,0.4266064,0,1.198686,3.057904,0,0,0,0,0,0,0,0,0,0,0,0,0,0,0,0,0,0,0,0,0,0,0,0,0,0.1487046,0,0,0,0,0,0,0,0,0,0.0756028,0.2583242,0.1395776,0.1537186,0,0.1364395,0.1506481,0,0,0.05263239,0,0,0,0,0,0.2957633,0,0.1774705,0,0.09320209,0,0.3765452,0,0.04613423,0,0.05863188,0,0,0,0,0,0,0,0,0,0,0,0,0,0,0,0,0,0,0,0,0,0,0,0,0,0,0,0,0,0,0,0,0,0,0,0,0,0,0,0,0,0,0,0,0,0,0,0,0,0,0,0,0,0,0.179429,0,0,0,0.2070689,0,0,0,0.09532859,0,0,0.4627289,0,0,0.109098,0,0,0.04134198,0,0,0,0.1250796,0,0,0,0,0,0,0,0,0,0,0,0,0,0,0,0,0.2891076,0,0,0,0,0,0,0,0,0.4032125,0,0,0,0,0,0.2160993,0.2854578,0,0,0,0,0,0,0,0,0.3317676,0,0,0,0,0,0,0,0,0,0,0,0,0,0,0,0.1676972,0,0,0,0,0,0,0,0,0,0,0,0.01043924,0,0,0.2379076,1.214447,2.920382,3.330192,3.130255,1.742682,3.410964,1.895565,0,0,0,0,0,0,0,0,0,0,0,0.006404041,0,0,0,0,0,0,0,0,0,0,0,0,0,0,0,0,0,0,0,0,0,0,0,0,0,0,0,0,0,0,0,0.4057931,0,0,0,0,0,0,0,0,0,0,0,0,0,0,0,0,0,0,0,0,0,0,0,0,0,0,0,0,0,0,0,0,0,0,0,0.01314809,0,0,0,0,0,0,0,0,0,0,0.3930046,
0,0,0,0,0,0.07659309,0,0,0.3437542,0.2510464,0,0,0,0,0,0.4602771,0.1603467,0,0,0,0,0,0,0.1460833,0,0,0,0,0,0,0,0,0.1634477,0,0,0,0,0,0,0.1027047,0,0.06222149,0.2024509,0,0,0,0,0,0.3856362,0,0,0.003687602,0,0,0,0.455304,0,0.1539467,0.1139513,0,0,0.007892567,0,0.3938339,0,0,0,0,0,0,0,0,0.212552,0,0,0,0,0,0,0,0.2149637,0.1741755,0,0.1589801,0,0,0,0,0,0,0.2475823,0,0.04490875,0,0,0,0.2205659,0.1974746,0.1303984,0.3922652,0.4959907,0,0,0,0,0,0.09876297,0,0.0495141,0.1037266,0,0,0,0,0.2232304,0,0,0,0,0,0,0,0,0,0,0,0,0.1335341,0,0,0,0,0.03719901,0.2434785,0,0,0.08846255,0,0,0,0.3675682,0.2916022,0.2347963,0.3510016,0.03063121,0.2812623,0,0.2272381,0,0,0,0,0,0.08090018,0,0,0,0.1806856,0.2386148,0,0.06410861,0.2694652,0,0.1656648,0.1082767,0,0,0,0.2350374,0.3719109,0,0.2802896,0.2695387,0,0.03638096,0.6098631,0.07129268,0,0.1494487,0,0.1680005,0,0.2540558,0.1399705,0,0,0.02354515,0,0,0.1730926,0.1702709,0,0,0,0,0,0,0,0,0,0,0,0,0,0,0,0.403535,0.005494094,0.09935831,0,0,0,0,0,0,0,0,0,0,0,0.2936944,0,0.5483367,0,0,0.196052,0,0.08343207,0,0.1979238,0,0.1778834,0,0.2477185,0,0,0.4310579,0,0,0,0,0.127175,0,0.5097035,0.110435,0,0.4966834,0.1505381,0,0.06129001,0.4459085,0.3284381,0,0,0,0,0,0,0,0,0,0,0,0,0,0,0,0,0,0,0,0,0,0,0,0,0,0,0,0.3623897,0,0,0,0,0,0,0,0,0,0,0,0,0,0,0,0,0,0,0,0,0,0,0,0,0,0,0,0,0.3779764,0,0.1228962,0,0,0,0,0,0,0,0,0,0,0,0,0,0,0,0,0,0.3117636,0,0,0,0.1857041,0,0.1660747,0,0,0,0,0,0,0,0,0,0,0,0,0,0,0,0,0.286332,0,0,0,0,0.3283836,0,0,0,0,0,0,0,0,0,0,0,0,0,0,0,0,0,0,0,0,0,0,0,0,0,0,0,0,0,0,0,0,0,0,0,0,0,0,0,0,0,0,0,0,0,0,0,4.504454,5.363732,4.875409,3.657233,3.055383,0.7800245,0,0,0,0,0,0,0,0,0,0,0,0,0,0,0,0,0,0,0,0,0,0,0,0,0,0,0,0,0,0,0,0,0,0,0,0,0,0,0,0,0,0,0,0,0,0,0,0,0,0,0,0,0,0,0,0,0,0,0,0,0,0,0,0,0,0,0,0,0.0477461,0,0,0,0,0,0,0,0,0,0,0,0,0,0,0,0.01113577,0,0,0,0,0,
0,0,0,0,0,0,0,0,0,0,0,0,0,0,0,0,0,0,0,0,0,0,0,0,0,0.0458101,0,0,0,0,0,0,0,0,0,0,0,0,0,0,0,0,0,0,0,0,0,0,0,0.3022936,0,0,0,0,0.09444003,0.05242709,0.3127837,0,0.1741935,0,0.1405567,0,0.2177826,0.1388466,0,0.4507261,0.1752688,0,0,0.9016001,0,0,0,0.2586823,0.07450655,0,0,0,0.06502084,0,0,0,0.5879323,0,0,0.3334365,0.1382008,0.01280752,0,0,0,0,0,0,0,0.07478242,0.1466947,0,0.4028082,0.1528302,0.3377134,0,0,0.01128622,0,0,0.1508171,0,0.1117953,0.04621742,0.0235443,0.04762832,0.3080726,0,0,0.1373595,0,0.1159653,0.2672669,0,0,0,0.2669012,0.0127344,0,0,0,0.3687331,0,0.06887861,0,0,0,0,0,0,0.04410367,0,0.288522,0,0.1653222,0.306645,0,0.1278978,0.2682957,0.290485,0,0,0,0,0,0,0.05820981,0,0,0.2410552,0,0,0,0.6022122,0,0,0,0,0.05401518,0,0.007867198,0,0.2561602,0.03745832,0,0,0,0,0,0.2350582,0.1856734,0,0.3056015,0,0,0,0,0.1327259,0,0,0,0.1296683,0.2579677,0.1284299,0,0,0,0,0,0,0,0,0,0,0,0,0,0,0,0,0,0,0,0,0,0,0.03956752,0,0,0,0,0,0,0,0,0,0,0.5432994,0,0,0.09816886,0,0,0,0.1661996,0.05868348,0,0.2413883,0,0,0.3549273,0.4295324,0.03793025,0,0,0.04785867,0,0.6716293,0.2389299,0,0,0,0.01688331,0.1628725,0,0,0,0,0,0,0,0,0,0,0,0,0,0,0,0,0,0,0,0,0,0,0,0,0,0,0,0,0,0,0,0,0,0,0,0,0,0,0,0,0,0,0,0,0,0,0,0,0,0,0,0,0,0,0,0,0.0863405,0.328637,0.2597596,0.01329696,0.3769323,0,0.002120263,0,0,0,0,0,0,0,0,0,0,0,0,0,0,0,0,0.261123,0,0,0,0,0,0.1018938,0,0,0,0,0.02215278,0,0,0,0,0,0,0.5353757,0,0,0,0,0,0,0,0.04738354,0,0,0.3872499,0,0,0,0.07512286,0,0,0.03313463,0,0,0,0,0,0,0,0,0,0,0,0,0.08893898,0,0,0.1186976,0,0.0909372,0,0,0,0,0,0,0,0,0,0,0.1795042,0,0,0,0,0,0,0,0,0,1.365524,4.415313,4.920203,4.316063,4.096418,2.733758,0.7652332,0.5818542,0,0,0,0,0,0,0,0,0,0,0,0,0,0,0,0,0,0,0,0,0,0,0,0,0,0,0,0,0,0,0,0,0,0,0,0,0,0,0,0,0,0,0,0,0,0,0,0,0.1280542,0,0,0,0,0,0,0,0,0,0,0,0,0,0,0,0,0,0,0.5477048,0,0,0,0,0,0,0.7218562,0,0,0,0,0,0,0,0.2708696,0,0,0,0,0,
0,0,0,0,0,0,0,0,0,0,0,0,0,0,0,0,0,0,0,0,0,0.2160749,0,0,0,0,0,0,0,0,0,0,0,0,0.4362243,0,0,0.0283671,0,0,0,0.3465271,0,0,0,0,0,0,0,0,0.1058173,0,0.4078832,0,0,0,0,0,0,0,0.08975165,0,0,0,0,0,0,0.1306495,0,0.01212055,0,0.03631473,0,0,0.3794026,0.2304786,0.1277359,0.02275592,0,0.4699661,0.2802211,0.2238329,0.2811082,0,0,0,0,0,0.2480421,0.05166818,0.003128336,0,0.049607,0.09418198,0.3803613,0.0236769,0,0.3036226,0,0.05417076,0,0,0,0.3484381,0,0,0.2257431,0,0,0.6293502,0,0,0.2721193,0,0,0,0,0.2022374,0.02788286,0.3022968,0,0.06026337,0,0,0.02638279,0,0.05093557,0,0,0.1432492,0,0.4050713,0,0.1882996,0.2078957,0.2976804,0,0,0,0.1904346,0,0,0.05067587,0.0925827,0.04984,0.006493887,0,0,0,0,0,0,0.04231235,0.4843595,0,0.3504101,0,0,0,0,0,0,0.2870598,0.2871971,0,0.3435453,0.109011,0,0,0,0.4672462,0,0.02346723,0.02977592,0,0,0,0,0.06835506,0.004084829,0.06480234,0.009562398,0.2388155,0,0,0,0.6465878,0,0,0,0,0.1793654,0,0,0,0,0,0,0,0,0.03003388,0,0,0,0,0,0,0,0,0,0,0,0,0,0,0,0,0.08523211,0,0.04071116,0,0,0,0,0,0.1817785,0,0,0,0,0.04668284,0.157754,0,0.1708243,0,0.1857811,0,0.03856834,0.0483382,0,0.1662124,0.2013776,0,0.04437316,0,0.01219855,0,0,0,0,0,0,0,0,0,0,0,0,0,0,0,0,0,0,0,0,0,0,0,0,0,0,0,0.2233532,0,0,0,0,0,0,0,0,0,0,0,0,0.03056549,0,0,0,0,0,0,0,0,0,0,0,0,0,0,0,0,0,0,0,0,0,0.04521788,0,0,0,0.03440728,0,0.09302831,0.133481,0,0,0,0,0,0,0,0,0,0,0,0,0,0,0,0,0,0,0.1075149,0,0,0,0,0,0,0,0,0,0,0,0,0,0,0,0,0,0,0,0.05550699,0.0623467,0,0.1447584,0.1206329,0,0,0,0,0,0,0,0,0,0,0,0,0.5992405,0,0,0,0,0,0,0,0,0,0,0,0,0,0,0,0,0,0,0,0,0,0,0,0,0,0,0.3052463,0,0,0,0,0,0,1.095945,3.723158,3.260122,4.290089,2.965968,1.341008,0,0.2940689,0,0,0,0,0,0,0,0,0,0,0,0,0,0,0,0,0,0,0,0,0,0,0,0,0,0,0,0,0,0,0,0,0,0,0,0,0,0,0,0,0,0,0.1093382,0,0,0,0,0,0,0,0,0,0,0,0,0,0,0,0,0,0,0,0,0,0,0,0,0,0,0,0,0,0,0,0,0,0,0,0.4772961,0,0.9749877,0,0,0,0,0,0.01846366,
0,0,0.2053062,0.01330216,0,0,0,0,0,0,0,0,0,0,0,0,0,0,0,0,0,0,0,0,0,0,0,0.00136984,0.0977643,0,0,0,0,0.3494256,0,0,0,0,0,0.3965899,0,0,0,0,0,0.09916785,0,0,0,0,0,0.5476327,0,0,0,0,0,0.3968149,0,0.0008227358,0.09892207,0.3348963,0,0.003004986,0,0,0,0,0.07301942,0,0,0.08412389,0.09488536,0.1521344,0.3726454,0.2035636,0.6211371,0.08082891,0,0.06003577,0,0.3619812,0,0,0.07949933,0.1036783,0,0.198157,0.1380754,0,0,0.1742319,0,0.208511,0,0.0148804,0,0.5953111,0,0,0.02741206,0,0,0.2935264,0,0.02010588,0,0.1731196,0.3993357,0.1413071,0.1007847,0,0,0,0.04002097,0.1837079,0.1322027,0.1360711,0.1034285,0.2424779,0.3216202,0,0.2874061,0,0,0,0.1890716,0,0.2462234,0,0.1961335,0.1754147,0,0.03521484,0.5057371,0,0,0,0,0,0,0,0.3422568,0,0,0,0.01132494,0.4813754,0,0.5403965,0,0.2811869,0.121343,0.04883676,0,0,0,0,0,0,0.3987854,0,0.2219439,0.02008002,0,0,0,0.120463,0.05422479,0,0,0,0,0.3772458,0,0,0.5675228,0.005648051,0.400342,0,0,0.01378462,0,0.3483125,0.07553227,0,0,0,0,0.2790085,0.1493381,0.2278638,0,0,0,0,0,0,0.1213322,0,0,0,0,0,0,0,0,0,0,0.09334516,0,0,0,0,0,0,0,0,0,0,0,0,0,0,0,0,0,0,0,0,0.1794828,0,0.2299654,0,0.2540843,0,0,0,0,0.09250311,0.100248,0.1884473,0.4548652,0.3279751,0,0,0.3159569,0.09506726,0,0,0,0,0,0,0,0,0,0,0.3549549,0,0,0,0,0,0,0,0,0,0,0,0,0,0,0,0,0,0,0,0,0,0,0,0,0,0,0,0,0,0,0,0,0.08500014,0,0.05375865,0,0,0,0,0.1652443,0,0,0,0,0,0.2539663,0,0,0,0,0.5533649,0,0,0.3591173,0,0,0,0,0,0,0,0,0,0,0,0,0,0,0,0,0,0,0,0,0,0,0,0,0,0,0.4144174,0,0,0,0,0,0,0,0,0,0.3335389,0,1.008077,0.1758679,0,0,0,0.02119687,0,0,0,0,0,0,0,0,0,0,0,0,0.1437488,0,0,0,0,0,0,0,0,0.05953407,0,0.08462588,0,0,0,0,0,0.2316414,0,0,0,0,0,0,0,0,0,0,0,0,0,0,0,0,0,0,0,2.448204,0.5517982,2.657145,2.678924,3.940122,0.9280357,3.141546,0.06569532,0,0,0,0,0,0,0,0,0,0,0.216822,0,0,0,0,0,0,0,0,0,0,0,0,0,0,0,0,0,0,0,0,0,0,0.08132081,0.03016661,0,0,0,0,0,0,0,0,0,0,0,0,0,0,0,0,0,0,0,0,0,0,0,0,0,0,0,0,0,0,0,0,0,0,0,0,0,0,0,0,0,0,0,0,0.2290047,0.6160264,0,0.06749204,0,0,0,
0.07203252,0,0,0,0.2002168,0,0,0,0,0,0,0,0,0,0,0,0,0,0,0,0,0,0,0,0,0,0.2319384,0,0,0,0,0,0,0,0,0,0,0.1513479,0,0,0,0,0,0,0,0,0,0,0.2495799,0,0,0,0,0,0.002402558,0,0,0,0,0,0.2789508,0,0,0.540722,0,0.2770681,0.6160311,0,0,0,0.136887,0.5616333,0.004593976,0.4305446,0,0,0,0,0,0,0.00800154,0,0.1251583,0.4147296,0.004280804,0,0.008289577,0.01374894,0.1538559,0,0,0,0,0,0,0,0.6809897,0,0.1255512,0,0,0.07691,0,0.09124189,0,0,0,0,0,0,0,0,0,0.02240492,0,0,0,0,0,0.269126,0.2606704,0,0.3678597,0,0.08248005,0,0.09635186,0.1447444,0.134056,0,0,0,0.1787046,0,0,0.2641635,0,0.02262695,0,0,0,0.07188921,0,0,0,0.2168904,0.2090219,0.1076965,0,0.3044736,0,0.1226405,0.09610411,0,0,0.4590821,0.05609734,0.5415727,0.1078312,0,0,0,0.4846089,0,0,0,0,0,0,0,0.2983286,0,0,0.08073056,0.2554542,0.3551271,0,0,0,0,0,0.1533723,0.2649351,0,0.4381432,0,0,0,0,0,0,0,0,0,0,0,0,0,0,0,0,0,0,0,0,0,0.03744457,0,0,0,0.04920914,0,0,0,0,0,0,0,0,0,0,0,0,0,0.140407,0,0.4523795,0.1291657,0,0,0.218359,0,0,0,0,0,0,0,0,0,0,0,0.5182457,0,0,0.5240805,0,0,0,0,0,0,0,0,0,0,0,0,0,0,0,0,0,0,0,0,0,0,0,0,0,0,0,0,0,0,0,0,0,0,0,0,0,0,0,0,0,0,0,0,0,0,0,0,0,0,0,0,0,0,0,0,0,0,0,0.4655241,0,0,0,0,0.09382621,0.06794447,0,0,0.01961063,0.08027678,0,0,0,0,0,0,0,0,0,0,0,0,0,0,0,0,0,0,0,0,0,0.01322809,0,0.0802375,0,0,0,0,0,0,0,0,0.2887414,0,0,0,0.3289388,0,0,0,0,0,0.1314892,0,0,0,0,0,0,0,0,0,0.1043867,0,0,0,0,0,0,0,0,0,0,0,0.05638043,0,0,0,0,0,0,0,0.2079374,0.02302884,0,0,0,0,0,0,0,0,0,0,0,0,0,0,0,0,0,0.4133872,0.6771525,2.24504,2.102506,1.706336,0,0,0,0,0,0,0,0,0,0,0.1007825,0,0,0,0,0.1923605,0,0,0,0.05441689,0,0,0,0,0,0,0,0,0,0,0.1642918,0,0,0,0,0,0,0,0,0,0,0,0,0,0,0,0,0,0,0,0,0,0.1178214,0,0,0,0,0,0,0,0,0,0,0,0,0,0,0,0,0,0,0,0,0,0,0,0,0,0,0,0,0,0,0,0.2602708,0,0,0,
0.002731377,0,0,0,0,0,0,0,0,0,0,0,0,0.02488656,0,0,0,0,0,0,0,0,0,0,0,0,0,0,0,0.4518262,0,0,0,0,0,0,0,0,0,0,0,0,0,0,0,0.1934831,0,0.6199417,0,0,0,0,0,0,0,0.2335252,0,0.06838608,0,0,0,0,0,0,0,1.008756,0,0.09611353,0,0,0,0,0,0,0,0.2096899,0,0,0.2235542,0,0,0,0,0.25809,0,0,0,0.2324868,0.0130659,0.5615404,0,0,0.01614168,0,0,0,0.09876379,0.08902472,0,0,0.1161932,0,0.2944954,0.05384621,0.1114003,0,0,0,0.08679025,0,0.1706893,0.2328907,0,0,0,0.06568722,0,0,0.5053449,0,0.08582741,0,0,0,0,0.1226022,0,0.002969358,0.1053221,0,0,0,0,0,0.2681181,0,0,0,0,0.2474841,0.4373054,0.05604585,0,0.478374,0,0.2292425,0.308324,0,0,0.2081979,0.07825591,0.07985361,0.1646513,0.1313005,0,0,0,0,0.05535222,0,0,0,0.2783317,0,0,0,0,0.169746,0,0.09161226,0.3284193,0.1361569,0,0,0,0,0,0.1113907,0,0,0,0,0,0.08824299,0,0,0.02149712,0,0,0,0,0,0,0,0,0,0.2220587,0,0,0,0,0,0.1735293,0,0,0,0,0,0,0,0,0,0,0.329474,0.469879,0,0,0.1353676,0.1946502,0,0.08677053,0,0,0,0,0.1277571,0,0,0,0,0,0,0,0,0,0,0.0979194,0.1876262,0,0,0,0,0.03394291,0,0,0.1685956,0.2299954,0,0,0,0,0,0,0.05407573,0,0,0,0,0,0,0,0,0,0,0,0,0.1600951,0,0,0,0,0,0,0,0,0,0,0,0,0,0,0,0,0,0,0,0,0,0,0,0,0,0,0,0,0,0,0,0,0,0,0,0,0,0,0,0,0.0690048,0.2938146,0.3113775,0,0.1773911,0,0.357322,0,0.1756532,0.2597538,0,0.1539365,0,0,0,0.1752171,0,0.1914968,0,0.276138,0,0,0,0,0,0,0,0,0,0,0,0,0,0,0,0,0,0,0,0,0,0,0,0,0,0,0,0,0,0,0,0,0,0,0,0,0,0,0,0.4004903,0,0,0,0,0.250877,0,0,0,0,0.01868942,0,0.0200358,0,0,0,0,0,0,0,0,0,0,0.0558967,0.1709698,0,0,0,0,0,0,0,0,0,0,0,0,0,0,0,0,0,1.118973,0.4018494,0.5636752,0.1564331,0,0,0,0,0,0,0,0,0,0,0,0.4071608,0.3943228,0,0,0,0,0.03266492,0,0,0,0,0,0,0,0.0005596565,0,0.001712235,0,0,0,0,0,0,0,0,0,0,0,0,0,0,0,0,0,0,0,0,0,0.07360039,0,0,0,0,0,0,0,0,0,0,0,0,0,0,0,0,0,0,0,0,0,0,0,0,0,0,0,0,0,0,0,0,0.06198046,0,0,0,0,0,
0,0,0,0,0,0,0,0,0,0,0,0,0,0.12363,0,0,0,0,0,0,0,0,0,0.00225548,0,0,0.3034929,0,0,0,0,0,0,0,0,0,0,0,0,0,0.03375815,0,0,0,0,0.1605386,0,0,0,0,0,0,0,0.1419545,0.716354,0.5093897,0,0,0,0,0,0.003598869,0,0,0,2.92292,1.695605,0,0,0,0,0,0,0,0,0,0.1449131,0.09441239,0.2508762,0.2177589,0.08570646,0,0.05810878,0,0,0,0.111398,0.112119,0,0,0,0.2386536,0.3040856,0.09606816,0.1682505,0,0,0,0,0.2940979,0.001340803,0.2317095,0.2010482,0,0,0.03913667,0.2230563,0,0.04747439,0,0.286628,0.4065911,0.09989466,0,0.1427983,0.2690049,0.2479367,0,0,0,0,0,0.1303984,0.04862349,0.160405,0.2780257,0.03027315,0.2070815,0,0.1536452,0.1115618,0.1844936,0.1048727,0.219014,0,0,0,0.09743205,0.1672161,0.3189186,0,0,0.01620945,0,0,0,0,0.2038422,0,0.3671795,0,0.3410827,0,0,0,0,0,0,0.0448428,0.2401729,0,0.325337,0,0,0,0,0.1141742,0.2882141,0,0,0,0,0,0.00680633,0.2358686,0.4229439,0,0.2726884,0,0,0,0,0,0,0,0,0,0,0,0,0,0,0,0,0,0,0,0,0,0,0,0,0,0,0,0,0,0,0,0,0,0,0,0,0,0.127653,0,0,0,0,0,0.1681428,0,0,0,0,0.328526,0,0,0,0,0.4910414,0,0.02270926,0.5879751,0,0,0.1157005,0.5620735,0,0,0,0,0,0.3445059,0,0.09858011,0.2391682,0,0,0,0,0,0,0,0,0,0,0,0,0,0,0,0,0,0,0,0,0,0,0,0,0,0,0,0,0,0,0,0,0,0,0,0,0,0,0,0,0,0,0,0,0,0,0,0,0,0,0,0,0,0,0,0,0,0,0.2436738,0.2066221,0,0,0,0,0,0,0,0,0,0,0,0,0.3068436,0,0,0,0,0,0,0.1504245,0.05404588,0,0,0,0,0,0,0,0,0.7671517,0,0,0.08868887,0,0,0,0,0,0,0,0,0,0.01357464,0.1249622,0.1339927,0,0,0,0,0,0,0,0,0,0,0,0,0,0,0.354991,0,0,0,0,0,0,0,0,0,0,0,0,0,0,0,0.2052796,0,0,0,0,0,0,0,0,0,0,0,0.1188222,0,0,0,0,0,0,0,0,0,0,0,0,0,0,0.1250967,0,0,0,0.04903025,0,0.1511749,0,0,0,0.01661928,0,0,0,0,0.0238841,0,0,0,0.04975064,0,0,0,0,0,0,0,0,0,0.08767762,0,0,0,0,0,0,0,0,0,0,0,0,0,0,0.009593996,0,0,0,0,0,0,0,0,0,0,0,0,0,0,0,0,0,0,0,0,0,0,0,0,0,0,0,0,0,0,0,0,0,0,0.1209107,0,0,0,0,0,0,0,0.1243292,0,0,
0.163466,0,0,0,0,0,0,0,0,0,0.06594747,0,0,0.1301253,0,0,0,0,0,0.327886,0,0,0,0,0,0,0,0,0,0,0,0,0.04419795,0,0,0,0,0,0,0,0,0.3737607,0,0,0.08201655,0,0,0,0,0.3841608,0,0,0,1.085428,0,0,0,0,0,0,0,0,0,0,0,0,0.5442866,0.3226182,0,0,0,0,0,0,0,0,0,0,0,0,0.001009852,0,0,0.3959538,0.05081791,0,0,0,0.0435354,0,0,0,0,0,0,0,0.6458644,0,0,0,0,0.04866783,0,0.04901689,0,0.107698,0.2077946,0.2655005,0.1247409,0,0,0,0,0.1618963,0,0.6827581,0.2306524,0.1925558,0.08403058,0,0,0.03151504,0.4427659,0,0,0,0.3158057,0.1665986,0,0,0.1567524,0,0.3180909,0,0.3158689,0,0,0,0,0,0,0.3440462,0,0,0,0,0,0,0.2780198,0,0.3107092,0.06877427,0.0383095,0.06677362,0.1693186,0.265049,0,0,0,0.2655817,0,0,0,0,0,0.08065878,0.1599521,0.2027442,0,0,0,0,0,0,0,0,0,0,0.02490593,0,0,0,0,0,0,0,0,0,0.007772218,0,0,0,0,0,0,0,0,0,0,0,0,0,0,0,0,0,0,0,0,0,0,0,0,0,0,0,0,0,0,0.02847438,0,0,0,0,0,0,0,0,0,0,0,0,0,0.1140674,0,0,0,0.2567705,0,0.09352212,0.2594709,0,0.643877,0.04072408,0,0.008098589,0.255631,0.06534339,0,0,0,0,0,0,0,0.1708641,0,0,0,0,0,0,0,0,0,0,0,0,0,0,0,0,0,0,0,0,0,0,0,0,0,0,0,0,0,0,0,0,0,0,0,0,0,0,0,0,0,0,0,0,0,0,0,0,0,0.297468,0,0.2241756,0,0,0.01425327,0,0,0,0,0.1779473,0,0,0,0,0,0,0,0,0,0,0,0,0,0,0,0,0,0,0,0,0,0,0,0,0,0,0,0,0,0,0,0,0.1386666,0,0,0,0,0,0.07664199,0,0,0,0,0,0,0,0,0,0,0,0,0,0,0,0,0,0,0,0,0,0,0,0,0,0,0,0,0,0,0,0,0,0,0,0,0,0,0,0,0,0.1691371,0,0,0.5822426,0.02748795,0,0,0,0,0,0,0,0,0.2558606,0,0,0,0,0,0,0,0,0,0,0,0,0.08240205,0,0,0,0,0,0,0.7602466,0.2633018,0.3344705,0,0,0,0,0,0,0,0.07402462,0,0,0,0,0,0,0.001459249,0,0,0,0,0,0,0,0,0,0,0,0,0,0,0,0,0,0,0,0,0,0,0,0,0,0,0,0,0,0,0,0,0,0,0,0,0,0,0,0,0,0,0,0,0,0,0,0,0,0,0,0,0,
0,0,0,0,0,0,0,0,0.2434123,0,0.02020567,0,0,0,0.05736034,0,0,0,0,0,0,0,0,0,0,0,0,0,0,0,0,0,0,0,0,0,0,0,0,0,0,0,0,0,0,0,0,0,0,0.3509095,0.1304417,0.5579661,0.4152439,0.3036162,0.0537935,0,0,0,0,0,0,0,0,0,0,0,0,0,0,0,0,0,0,0,0,0,0,0,0,0,0,0,0,0.5906953,0,0.01927096,0,0,0,0.4487309,0,0,0,0,0,0.08500896,0.3229133,0.3681898,0.4651542,0,0.01722999,0.1850476,0,0.1964512,0.05168463,0,0.1051535,0,0.3833275,0,0,0,0,0.1735154,0,0.05841228,0,0.05017351,0,0,0.2792129,0,0,0.1752125,0,0.03921249,0.009308828,0,0,0.08916616,0,0,0,0,0,0,0,0,0,0,0,0.4186817,0,0,0,0.01861035,0.2619068,0.2407449,0.3640737,0.09855895,0.03590473,0.5024208,0.08495154,0,0,0.08651789,0.05296532,0,0.1671336,0.1405597,0.0007860849,0.0555585,0.3424436,0.3401431,0.01271726,0,0.109512,0,0.08383016,0,0.1389137,0,0.2750142,0.03788754,0,0,0,0,0,0,0,0,0,0,0,0,0,0,0.3331634,0,0,0,0,0,0,0,0,0,0,0,0,0,0,0,0,0,0,0,0,0,0,0,0,0,0,0,0,0,0,0,0,0,0,0,0,0.06427781,0,0,0,0,0,0,0,0,0,0,0,0,0.1889477,0,0.1571905,0,0.007239734,0.1547007,0.2850874,0,0,0,0,0,0,0,0,0,0,0,0,0,0,0,0,0,0,0.07625242,0,0,0,0,0,0,0,0,0,0,0,0,0,0,0,0,0,0,0,0,0,0,0,0,0,0,0,0,0,0,0,0,0,0,0,0,0,0,0,0,0.3825455,0.1651829,0,0.3671591,0,0.4159724,0,0.2237286,0,0.129892,0.1700138,0,0,0,0,0,0,0,0.6014087,0,0.1761168,0.2176591,0,0,0,0,0,0,0,0,0,0,0,0,0,0,0,0.1753778,0,0.1591851,0,0,0,0.001713581,0,0,0,0.2606432,0,0,0.02999525,0.2206959,0,0,0,0,0,0,0,0,0.06218838,0,0,0,0,0,0,0,0,0.1578801,0,0,0,0,0,0,0,0,0,0.7405359,0,0,0,0,0,0,0,0.1258927,0,0,0,0,0,0,0,0,0,0,0.002737087,0,0,0,0,0,0,0,0,0.07652029,0,0,0,0,0.05131812,0.01254423,0,0,0.05450642,0,0,0,0,0.1664736,0,0,0,0,0,0,0,0,0,0,0,0,0,0,0,0,0,0,0,0,0,0,0,0,0,0,0,0,0,0,0,0,0,0,0,0,0,0,0,0,0,0,0,0,0,0,0,0,0,0,0,0,0,0,0,0,0,0,0,0,0,0,0,0,0,0,0,0,0,0,0,0,0,0.3603644,
0,0,0,0,0,0,0.006183489,0,0,0,0,0,0,0,0,0,0.2387548,0,0,0,0,0.01916497,0,0.12019,0,0,0.4172654,0,0.2461831,0,0.1763421,0.2092198,0,0,0,0.1534241,0,0,0,0,0.02656384,0,0,0.06709675,0,0,0.05899452,0,0,0,0,0.1566354,0,0,0,0,0,0,0,0,0,0,0,0,0,0,0,0,0,0,0,0,0,0,0,0,0,0,0,0,0,0,0,0,0,0.0759934,0.2149579,0.3322355,0,0,0.155105,0,0.07384194,0,0,0,0,0.3075318,0.121262,0,0.0462193,0.2207042,0.1575653,0,0.1663377,0,0.2846589,0.7251466,0.2501124,0,0,0.439086,0,0,0.1888675,0,0.4999699,0.3687322,0.01107027,0,0.2519909,0,0,0,0.3045856,0,0,0.2238772,0.287335,0,0.02255845,0,0,0,0,0,0.3381122,0,0,0,0,0.06591199,0,0,0,0,0,0.3305998,0,0.05685295,0,0.1392592,0.0872609,0,0,0,0,0.1795118,0,0,0,0,0.0311483,0,0,0,0,0,0.1108869,0,0,0,0,0,0,0,0,0,0,0,0,0,1.090608,0,0,0,0,0,0,0.2464919,0,0,0.08513746,0,0,0,0,0,0,0,0,0,0,0,0,0,0,0,0,0,0,0,0,0,0,0,0,0,0,0,0,0.02640978,0,0,0,0,0,0,0,0,0,0,0,0,0,0,0,0.09587561,0,0,0,0.102564,0,0,0,0.5529924,0.3760446,0,0,0,0,0,0,0,0,0,0,0,0.2977574,0,0,0,0,0,0,0,0,0,0.03564419,0,0,0,0,0,0,0,0,0,0,0,0,0,0,0,0,0,0,0,0,0,0,0,0,0,0,0,0,0,0,0,0,0,0.4345015,0.2073332,0.6525337,0.06488284,0.01684368,0,0.2364705,0,0.2011689,0,0,0.474106,0.4645327,0.09394718,0,0,0,0,0,0,0,0.02452521,0.01685105,0,0,0,0,0,0,0,0,0.1464312,0.03668016,0.004167617,0,0,0,0.09170253,0,0,0,0,0,0,0,0,0,0,0,0,0,0,0,0,0,0,0,0,0,0.1336668,0,0,0.377377,0.02134859,0,0.0775006,0.009376797,0,0,0,0,0,0,0,0,0,0,0.3119507,0,0,0,0,0,0.172658,0,0,0,0.03626603,0.17289,0,0,0,0,0,0,0.0496527,0,0,0,0.3766359,0,0.1156196,0,0,0,0.2568305,0,0,0.5751435,0,0,0,0,0,0,0,0,0,0,0,0,0,0,0,0,0,0,0,0,0.2092695,0,0,0.06015649,0,0,0,0,0.4245719,0,0,0,0,0,0,0,0,0,0,0,0,0,0,0,0,0,0,0,0.3065972,0,0,0,0,0,0,0,0,0,0,0,0,0,0,0,0,0,0,0,0,0,0,0,0,0,0,0,0,0,0,0,0,0,0,0,0,0,0,0,0,
0,0,0,0,0.3924692,0,0,0,0,0,0,0,0.1774921,0,0,0,0,0.1497234,0,0,0,0,0,0,0.6302512,0,0,0,0,0,0,0,0,0,0,0,0.08577253,0,0,0,0,0,0.1441694,0.02932008,0,0,0.4094683,0,0,0,0,0,0,0,0,0,0,0,0,0,0,0,0,0,0,0,0,0,0,0,0,0,0,0,0,0,0,0,0,0,0,0,0,0,0,0,0,0,0,0,0.3209456,0,0,0,0,0,0,0,0.2774898,0,0,0.08878829,0.3615444,0,0,0.01229446,0,0.09756048,0.04480765,0.257733,0,0,0.1498207,0.03551113,0,0,0,0,0,0,0.07327625,0.0493747,0,0,0,0.07202531,0,0,0,0,0,0,0,0,0.1663302,0,0,0,0.2725777,0,0.09313613,0,0,0.3565451,0,0,0,0,0,0.4720605,0.1910485,0,0,0,0.1720699,0,0,0.4000892,0,0.156345,0,0,0.06628751,0,0.1513928,0,0.04641507,1.311198E-05,0,0.4069879,0,0,0,0,0,0,0,0,0,0,0,0,0,0,0,0,0,0,0,0,0,0,0,0,0,0,0,0,0,0.1001429,0,0,0,0,0,0,0,0,0,0,0,0,0,0,0.09493684,0,0,0,0.01884479,0.3249593,0,0,0,0,0,0,0.08463264,0,0,0,0,0,0,0,0,0,0,0,0,0,0.1178315,0,0,0.3293794,0.09575394,0.03660684,0.733236,0,0,0,0,0,0,0,0,0.04838131,0,0,0,0,0,0,0,0,0,0,0,0,0,0,0,0,0,0,0,0,0,0,0,0,0.2055155,0,0,0,0,0,0,0,0,0,0,0,0,0,0,0,0,0.07293752,0,0,0,0,0,0,0,0,0.04671133,0,0,0,0,0.3037673,0.1353969,0.1577283,0,0,0,0.03236481,0,0,0,0,0,0,0,0,0,0,0.1441536,0,0,0,0,0,0,0,0,0,0,0,0,0,0,0,0,0.2029672,0,0,0,0,0.01234738,0,0,0,0,0,0.2029015,0.2759039,0,0,0,0,0,0.001123973,0,0,0,0,0,0,0,0,0,0.003428532,0,0,0,0,0,0.05686862,0,0,0,0,0,0,0,0,0,0,0,0,0,0,0,0,0,0,0,0,0,0,0,0,0,0,0,0,0.08647259,0,0,0,0,0,0,0,0,0.01180007,0,0,0,0,0,0,0,0,0,0,0,0,0,0,0.1293048,0,0.2263224,0.1146377,0,0,0,0,0,0,0,0,0,0,0,0,0,0,0,0,0,0,0,0,0,0,0,0,0,0,0,0,0,0,0,0,0,0,0,0.171418,0,0,0,0,0,0,0,0,0,0,0,0,0,0,0,0,0,0,0,0,0,0,0,0,0,0,0,0,
0,0,0,0,0.1995703,0,0.2406167,0,0,0,0,0,0,0,0,0,0,0,0.01437045,0,0,0,0.02755437,0,0,0,0.1639656,0,0,0,0,0,0,0,0,0.145531,0.6726196,0,0,0.270899,0,0,0,0,0,0,0,0,0,0.06426568,0,0,0,0.06515593,0,0,0,0,0,0,0,0,0,0,0,0,0,0,0,0,0,0,0,0,0,0,0,0,0,0,0,0,0,0,0,0,0,0,0,0,0,0,0,0,0.7013656,0,0,0,0,0.1625334,0,0,0,0,0.1866216,0.3464165,0.04036087,0,0,0,0,0,0.1238265,0,0,0.07251678,0.2262318,0.2092652,0,0,0,0,0.1518007,0.1954485,0,0,0,0,0,0,0,0,0,0,0,0,0,0,0.06898372,0,0,0.04947427,0.2576519,0.6911214,0.3607365,0.3293566,0,0,0,0,0.2131888,0,0,0.03363464,0.01856837,0.1429061,0.06607145,0,0.2206452,0.2195626,0,0.1799495,0.295266,0.1419694,0,0,0,0.6466664,0.2536362,0,0,0,0,0,0,0,0,0,0,0,0,0,0,0,0,0,0,0,0,0,0,0,0,0,0,0,0,0,0,0,0,0,0,0,0,0,0,0,0,0,0,0,0,0,0,0,0,0.5283129,0,0.0574858,0,0,0,0,0,0.0946454,0.433008,0,0,0,0.1440627,0,0,0,0,0,0,0,0,0,0,0,0,0,0,0.2765353,0,0,0,0,0,0,0,0,0,0,0,0,0,0,0,0,0,0,0,0,0,0,0,0,0,0,0,0,0,0,0,0,0,0,0,0,0,0,0,0.09397475,0,0,0,0,0,0,0,0,0,0,0,0,0,0,0,0,0.2697964,0,0,0,0,0,0.3223376,0.175569,0,0,0.08602937,0,0,0.0983489,0.1789667,0.001778026,0.1550561,0,0,0,0,0,0,0,0,0,0,0,0.4051262,0,0,0,0,0,0,0,0,0,0,0,0,0,0,0,0.02181636,0,0,0.05339741,0,0,0,0,0,0,0,0,0,0,0,0,0.04464815,0,0.01006133,0,0,0.4786291,0,0,0,0.2388174,0,0,0,0,0,0.1559862,0,0,0,0,0,0,0,0,0,0,0,0,0,0.2145409,0,0,0,0,0.04208519,0.0246473,0,0,0,0,0.2447743,0,0.266545,0,0,0,0,0,0,0.1077089,0,1.001267,0,0,0,0,0,0,0,0,0,0.01810107,0,0,0,0,0,0,0.2160355,0,0,0,0,0,0,0,0,0.2707626,0,0.4089159,0.1839639,0,0,0,0,0,0,0,0,0,0,0,0,0,0,0,0,0,0,0,0,0,0,0,0,0,0,0,0,0,0,0,0,0,0,0,0,0,0,0,0.01788329,0,0,0,0,0,0,0,0.1279545,0,0,0,0,0,0,0,0,0,
0,0.1101222,0,0.029198,0,0,0,0,0,0,0,0,0,0,0,0,0,0,0,0,0,0,0,0,0,0.05525587,0,0.3987058,0,0,0,0,0.4523372,0,0.2468596,0,0.01544444,0,0,0,0,0,0,0,0.0009488277,0,0,0,0,0,0,0,0,0,0,0,0,0,0,0,0,0,0,0,0,0,0,0,0,0,0,0,0,0,0,0,0,0,0,0,0,0,0,0,0,0,0,0,0.3522519,0,0,0,0,0,0,0,0,0,0,0.1289421,0,0.1838866,0,0.1845578,0,0.1759126,0,0.1462936,0,0.3885254,0.263751,0,0,0.2837166,0.2750888,0.004286614,0.2618116,0.2980778,0,0.1530199,0,0.105891,0,0.3411156,0.4542754,0,0,0,0,0,0,0,0,0,0,0,0,0,0,0,0.07543634,0,0,0,0,0,0.02646822,0,0,0.007696121,0,0,0,0,0,0,0,0,0.1273666,0.2277851,0,0.3815937,0,0,0.05448636,0,0.2451739,0,0,0,0,0,0,0,0,0,0,0,0,0,0,0,0,0,0,0,0,0.05659198,0,0,0,0,0,0,0,0,0,0,0,0,0,0,0,0,0,0,0,0,0,0,0,0,0,0,0,0,0,0,0,0,0,0.1096272,0,0,0,0,0,0,0,0,0.01917845,0,0,0,0,0,0,0,0.2130346,0.03677403,0,0,0,0,0,0,0.2806033,1.185774,0,0,0,0,0,0,0,0,0,0,0,0,0,0,0,0,0,0,0,0,0,0,0,0,0,0,0,0,0,0,0,0,0,0,0,0,0,0,0,0,0,0,0,0,0.3305748,0,0,0,0,0,0,0,0,0.1615592,0,0.1401978,0.1430115,0,0.2060259,0.1972673,0,0,0.01781549,0.07572123,0.05452579,0,0,0.1948887,0,0,0,0,0.0258103,0,0,0,0,0,0,0.01015556,0,0,0,0,0,0,0.2533739,0,0.003497685,0.3200132,0.313652,0.1127805,0,0,0,0.06805079,0,0,0,0,0,0,0,0.006094835,0.12927,0,0,0.1093808,0,0,0,0,0,0,0,0,0,0,0,0,0,0,0,0,0,0.1280519,0,0,0,0,0,0,0,0,0,0,0,0.1338837,0.2827761,0,0,0,0,0,0,0.3239848,0,0,0,0,0,0.2031007,0,0,0,0,0,0,0,0,0,0,0.1389668,0,0,0,0,0.2279432,0,0.0776034,0.05115472,0,0,0,0,0,0,0,0,0,0,0,0,0,0.133864,0,0,0,0,0,0,0,0,0.07568453,0.328891,0,0,0,0,0,0,0,0,0,0,0,0,0,0,0,0,0,0,0,0,0,0,0,0,0,0,0,0,0,0,0,0,0,0,0,0,0,0,0,0,0,0,0,0,0,0,0,0,0,0,0,0,0,0,0,0,0,
0.3597675,0,0,0,0,0,0,0,0,0,0,0,0,0,0,0,0,0,0,0,0,0,0,0,0,0,0,0,0,0,0,0,0.3468421,0.07999678,0,0,0,0,0,0.3091167,0,0,0,0,0,0,0,0,0,0,0,0.1448616,0,0,0,0,0,0,0,0,0,0,0,0,0,0,0,0,0,0,0,0,0,0,0,0,0,0,0,0,0,0,0,0,0,0,0,0,0,0,0,0,0,0,0,0,0,0,0,0,0,0.0396712,0,0,0.2166189,0.1069244,0,0,0,0,0,0,0.162126,0,0,0,0,0.7729971,0,0,0,0,0,0,0,0,0,0,0,0,0,0,0,0,0,0,0,0,0,0,0,0,0,0,0,0,0.01536534,0.500901,0,0,0,0,0,0,0.6716285,0,0,0.05972812,0,0,0.3685338,0,0,0,0.2671293,0,0,0.6368977,0,0,0,0,0.178788,0,0.08173699,0,0,0,0,0.05889313,0,0,0,0,0,0,0,0,0.1410325,0,0,0,0,0,0,0,0,0,0,0,0,0,0,0,0,0,0.2312707,0,0,0,0,0,0,0,0,0,0,0,0,0,0,0,0,0,0,0,0,0,0.3859228,0,0,0,0,0,0,0,0,0,0,0,0,0,0.06380306,0,0.4586548,1.140466,0.799768,0.7450047,1.248362,1.201173,0,0,0,0,0.1920427,0,0,0,0,0,0,0,0,0,0,0,0,0,0,0,0,0,0,0,0,0,0,0,0,0,0,0,0,0,0.08226909,0,0,0,0,0,0,0,0,0,0,0,0,0,0,0,0,0.3602905,0.3754247,0.03352753,0,0,0,0,0.3752542,0,0.1831906,0,0,0,0.1136101,0,0,0,0.06157853,0.1099692,0,0,0,0,0.3555057,0,0.2350253,0,0,0,0.1893919,0,0,0,0,0,0.0283397,0,0,0,0,0,0,0,0,0,0,0,0,0,0,0,0,0,0,0,0.2285162,0,0,0,0,0,0,0,0,0,0,0,0,0,0,0,0.451548,0,0,0,0,0,0,0,0,0,0,0,0,0,0,0,0,0,0,0,0,0,0,0,0,0,0,0,0,0,0,0,0,0,0,0,0,0,0,0.2064528,0.3609947,0,0,0.3910505,0,0,0,0,0,0,0,0,0,0,0,0,0,0,0,0,0,0,0.003554929,0,0,0,0,0,0.7061965,0,0.02766436,0.1462309,0,0,0,0.2529296,0,0,0,0,0.356753,0,0,0,0,0,0,0,0,0,0,0,0,0,0,0,0,0,0,0,0,0,0,0,0,0,0,0,0,0,0,0,0,0,0,0,0,0,0,0,0,0.02307633,0,0,0,0,0,0,
0,0,0.3001026,0,0,0,0.2080414,0.1917932,0,0,0,0,0,0,0,0,0,0,0,0,0,0,0,0,0,0,0,0,0,0,0,0.03878109,0,0,0,0,0,0.05137265,0,0,0,0,0,0,0,0,0,0.08204629,0,0,0.08684951,0,0,0,0,0,0,0,0,0,0,0,0,0,0,0,0,0,0,0,0,0,0,0,0,0,0,0,0,0,0,0,0,0,0,0,0,0,0,0,0,0,0,0,0,0,0,0,0,0,0,0,0,0.1998631,0.06018353,0.03674569,0.20996,0,0,0.2457601,0,0,0,0,0,0,0,0,0,0,0,0,0,0,0,0,0,0,0,0,0,0.1229088,0,0,0,0,0,0,0,0,0,0,0,0,0,0,0,0.2767273,0.147168,0.135634,0.1752534,0.01399622,0,0,0.3978123,0.08949552,0,0.2555512,0.1217001,0,0,0.1479306,0,0,0,0.0202191,0,0,0,0,0,0,0,0,0,0,0,0,0.1857889,0,0,0,0,0,0,0,0,0,0,0,0.3366955,0,0,0.301419,0,0,0.0961012,0,0,0.2269396,0,0,0,0,0,0,0,0,0,0,0,0,0,0,0,0,0.1437157,0,0,0,0,0,0,0,0,0,0,0,0,0,0,0,0,0,0,0,0,0,0.01730309,0.4153235,0,0,0,1.283368,0.02668563,0.5457549,0,0.3398773,0.07702614,0,1.235312,0.1648072,0,0,0,0,0,0,0,0,0,0,0,0,0,0,0,0,0,0,0,0,0,0,0,0,0,0,0,0,0,0,0,0,0,0,0,0,0,0,0,0,0,0,0,0,0,0,0,0,0.1020234,0,0,0,0.004001691,0.1389069,0,0.04635137,0,0,0.2976846,0.37305,0,0,0.1146338,0.2144082,0.02815754,0.1968515,0,0,0.1193871,0,0,0,0,0,0,0,0.4225207,0,0,0,0,0,0,0,0,0.3624754,0,0,0,0.5696158,0,0.2797368,0,0,0.3927308,0,0,0,0,0,0,0,0,0,0,0,0,0,0,0,0,0,0,0,0,0,0,0,0,0,0,0,0,0,0.2260473,0,0,0,0.0830087,0,0,0,0,0,0,0,0,0,0,0,0,0,0,0,0,0,0,0,0,0,0,0,0,0.1568328,0,0,0,0,0,0.4818622,0.3288626,0,0,0,0,0.2222824,0,0.3189592,0,0,0,0,0,0,0,0,0,0,0.06000451,0,0,0,0,0,0,0,0,0,0,0,0,0,0,0,0,0,0,0,0,0,0,0,0,0,0,0,0,0,0.03088198,0,0,0,0,0,0,0,0,0,0,0,0,0,0,0.1380056,0,0,0,0,0,0,0,0,0,0,0,0,0,0,0,0,0,0,0,0,0,0,0,0,
0,0,0,0.07950598,0,0,0,0,0,0,0,0,0,0,0,0,0,0,0,0,0,0,0,0,0,0,0,0.6685194,0.1567193,0,0,0,0.2121309,0,0,0,0,0,0,0,0.3052398,0,0,0,0,0,0,0,0,0,0,0,0,0,0,0,0,0,0,0,0,0,0,0,0,0,0,0,0,0,0,0,0,0,0,0,0,0,0,0,0,0,0,0,0,0,0,0,0,0,0,0,0,0,0,0,0,0,0,0,0,0,0,0,0,0,0,0,0,0,0.1221591,0,0,0,0,0,0,0,0,0,0,0,0,0,0,0,0,0,0,0,0,0,0,0,0,0,0,0.08838075,0.4627863,0,0,0,0,0,0,0,0,0,0,0,0,0,0,0,0,0,0,0,0,0.08121728,0,0.145613,0,0.1448146,0,0,0,0,0,0,0.1811699,0,0,0.02297135,0,0,0,0,0.1531317,0,0,0,0,0,0,0,0,0,0,0,0,0,0,0,0,0.1747163,0,0,0,0.1500844,0,0,0,0,0.2395386,0,0,0,0,0,0.1554878,0,0,0,0,0,0,0.3887501,0.1030501,0,0,0,0,0,0,0,0,0,0,0,0,0,0,0.2627622,0,0,0,0,0.03493228,0,0.01055819,0,0,0,1.342946,0,0,0,0,0.2779823,0.5337602,0,0.969001,0,0,0,0,0,0,0,0,0,0,0,0,0,0,0,0,0,0,0,0,0,0,0,0,0,0,0,0,0,0,0,0,0,0,0,0,0,0,0,0,0,0,0,0,0,0,0,0,0,0.185023,0,0,0,0.06159039,0,0.1790747,0,0,0.08356836,0.4257738,0.1666216,0.69202,0.261607,0,0,0.1647407,0,0,0.4506103,0.2428773,0,0,0,0,0,0,0,0,0,0,0,0,0,0,0.05031632,0,0,0,0,0,0,0,0,0,0,0,0,0.1595157,0,0,0,0,0,0,0,0,0,0,0,0.108767,0,0,0,0.227909,0,0.03681623,0,0,0,0,0,0,0,0,0,0,0,0,0,0.1327927,0.2623464,0,0,0.1364961,0,0,0,0,0,0,0,0,0,0,0.2460815,0,0,0,0,0,0.09157711,0,0,0,0,0,0,0,0,0,0,0,0,0.09719343,0,0,0.1011909,0,0.4989833,0,0,0,0,0,0,0,0,0,0.2736989,0,0,0,0,0,0,0,0,0,0,0,0,0,0,0,0,0,0,0,0,0,0,0,0,0,0,0,0,0,0,0,0,0,0,0,0,0,0,0,0,0,0,0,0,0,0,0,0,0,0,0,0,0,0,0,0,0,0,0,0,0,0,0,0,0,0,0,0.518522,
0,0,0,0,0,0.03894869,0,0,0,0,0,0,0,0,0,0,0,0,0,0,0,0,0,0,0,0,0,0,0.1609469,0,0,0,0,0,0,0,0,0,0,0,0,0,0,0,0,0,0,0,0,0,0,0,0,0,0,0,0.1350288,0,0,0,0,0,0,0,0,0,0,0,0,0,0,0,0,0,0,0,0,0,0,0,0,0,0,0,0,0,0,0,0,0,0,0,0,0,0,0,0,0,0,0,0,0,0,0,0,0,0,0,0,0,0,0,0,0,0,0,0,0,0,0,0,0,0,0,0,0.09215371,0,0,0,0,0,0,0,0,0,0,0,0,0,0,0,0,0,0,0,0,0,0,0,0,0,0,0,0,0,0,0.1393612,0,0,0.07292555,0,0.5480343,0.3643834,0,0.2398388,0,0,0,0.07701677,0,0,0,0,0.03918501,0,0,0,0,0,0.1882748,0,0,0,0,0,0,0,0.1940178,0.02081187,0,0,0,0,0,0,0,0,0,0,0,0.6609565,0,0,0,0.1172989,0,0.1654698,0.09116085,0,0.2473375,0,0,0,0,0,0,0,0,0,0,0,0.1439048,0,0,0,0,0,0,0,0.1982287,0,0,0,0,0,0,0,0,0,0.1596256,0,0,0,0.02174721,0,0,0,0.301845,0,0.02055864,0,0,0,0,0.1844262,0,0,0,0,0.1361013,0,0,0,0,0,0,0,0,0,0,0,0,0,0,0,0,0,0,0,0,0,0,0,0,0,0,0,0,0,0,0,0,0,0,0,0,0,0,0,0,0.2168056,0.04963892,0.2148545,0,0,0,0,0,0.03704133,0,0.1287572,0,0,0.02752506,0,0,0.2189551,0.2698123,0.1798165,0,0.4104674,0,0.4619154,0,0.005378145,0,0,0.2649706,0,0.1801584,0,0,0.03318714,0,0.1040021,0,0.3783786,0,0,0,0,0,0,0,0,0,0,0,0,0,0,0,0,0,0,0,0,0,0,0,0,0,0,0,0,0,0,0,0,0,0,0,0,0,0,0,0,0,0,0,0,0,0,0,0,0,0,0,0,0.5726128,0,0,0,0,0,0,0.2140181,0,0,0,0,0,0,0.3756523,0,0,0,0,0,0,0,0,0,0.06116189,0,0.4847142,0.2530959,0,0,0,0,0,0,0,0,0,0,0,0,0,0,0.07726342,0,0,0,0,0,0,0,0,0,0,0,0,0,0,0,0,0,0,0,0,0,0,0,0,0,0.1294485,0,0,0,0,0,0,0,0,0,0,0,0,0,0,0.0410159,0,0,0,0,0,0,0,0,0,0,0,0,0,0,0,0,0,0,0,0,0.005334326,0,0.1151172,0,0,0,0,
0,0,0,0,0,0,0,0,0,0,0,0,0,0,0,0,0,0,0,0,0,0,0,0,0,0.08855529,0,0,0,0.01372929,0,0,0,0,0,0,0,0,0,0.04402974,0,0,0,0,0,0,0,0,0,0,0,0,0,0,0,0,0,0.2014066,0,0,0,0,0,0,0,0,0,0,0,0,0,0,0,0,0,0,0,0,0,0,0,0,0,0,0,0,0,0,0,0,0,0,0,0,0,0,0.01064719,0,0,0,0,0,0,0,0.353118,0,0,0,0,0,0,0,0,0,0,0,0,0,0,0,0,0,0,0,0,0,0,0,0,0,0,0,0,0,0,0,0,0,0,0,0,0,0,0,0,0,0,0,0,0,0,0,0.09569812,0,0,0,0,0.1851922,0,0,0,0,0,0.1514627,0,0,0,0,0,0,0.4023572,0,0,0,0,0,0,0,0,0.2803364,0.01349923,0.2619829,0,0.4366012,0,0,0,0,0,0.1716297,0,0,0,0,0,0,0,0.0690512,0,0,0,0,0,0,0,0,0.1979314,0,0,0,0.1673647,0,0,0,0,0,0,0,0,0,0,0,0,0,0,0,0,0,0,0,0,0,0.0699511,0,0,0,0,0,0,0,0,0.2940118,0.2983186,0,0,0,0,0,0,0,0,0,0,0,0,0,0,0,0.1587931,0.02905322,0,0,0,0,0,0,0,0,0,0,0,0,0,0,0,0,0,0,0,0,0,0,0,0,0,0,0,0,0,0,0,0,0,0,0,0,0,0,0,0.4856668,0,0,0,0,0.09423929,0.05855215,0.1902398,0.2727432,0.1152605,0.05297149,0.4694713,0,0,0.4325355,0,0.005657466,0.1524276,0,0,0.02246073,0,0,0.006302418,0.1982168,0,0.1522148,0,0,0.3687052,0,0,0.04632239,0.1802732,0,0,0,0,0,0,0,0,0,0,0,0,0.1017389,0,0,0,0,0,0,0,0,0,0,0,0,0,0,0,0,0.1126604,0,0,0,0,0,0,0,0,0,0,0,0,0,0,0,0,0,0,0,0,0,0,0,0,0,0,0,0,0.09701254,0,0.1046689,0,0,0,0,0,0,0.1757453,0,0.3206542,0,0,0,0,0,0,0,0,0,0,0,0,0,0.5933494,0,0,0,0,0.01232576,0,0,0,0,0,0,0,0,0,0,0,0,0,0,0,0,0,0,0,0,0,0,0.01140172,0,0,0,0,0,0,0,0,0,0,0,0,0,0,0,0,0,0,0,0,0,0,0.3075765,0,0,0,0.005464423,0.09375708,0.2754574,0,0,0,0,0,0,0,0,0,0,0.3064335,0,0,0,0,0,0,0,0,0,0,0,0,0,0,0,
0,0,0,0,0,0,0.6685438,0,0,0,0,0,0,0,0,0,0,0,0,0,0,0,0,0,0,0,0,0,0,0,0,0.1156895,0,0,0,0,0,0,0.03298299,0.2368843,0,0,0.1219041,0,0,0,0,0,0,0,0,0,0,0,0.1789085,0,0,0,0,0,0,0,0,0,0,0,0,0,0,0,0,0,0,0,0,0,0,0,0,0,0,0,0,0,0,0,0,0,0,0,0,0,0,0,0,0,0,0,0,0,0,0,0,0,0,0,0,0.0126923,0,0.2620795,0,0,0,0,0,0,0,0,0,0,0,0,0,0,0,0,0,0,0.1623926,0,0,0,0,0,0,0,0,0,0,0,0,0,0,0,0,0,0,0,0.3580526,0,0,0,0.03802399,0,0,0,0,0,0,0,0,0,0,0,0,0,0,0,0,0,0,0,0,0,0,0,0,0.4139115,0,0,0,0,0,0,0,0,0,0,0,0,0,0,0,0,0,0,0,0,0,0,0,0,0,0,0.2535237,0.5607655,0.1169232,0,0,0,0,0,0.4307448,0,0,0,0,0,0,0,0,0,0,0.09382318,0,0,0,0,0,0.02459488,0,0,0,0,0,0,0.795397,0,0,0,0,0,0,0,0,0.01606062,0,0,0,0,0,0,0,0,0,0,0.2517253,0,0,0,0,0,0,0,0,0,0,0,0,0,0,0,0,0.3205885,0.01301399,0,0,0,0,0.01178422,0,0,0,0,0,0,0,0,0,0,0,0,0,0.02133969,0,0,0.04782014,0.05658915,0.2566933,0,0.2466487,0,0,0,0,0,0.1667415,0.4026657,0.2942009,0,0,0,0.2757587,0.07409496,0,0.1233011,0.04675888,0,0,0,0.004673409,0,0,0.6788219,0.3773233,0.05340567,0,0.02498229,0.3018131,0.1397141,0,0,0,0,0,0.1278158,0.4088399,0,0,0,0,0,0,0,0,0,0,0,0.00996616,0,0,0,0,0,0,0,0,0,0,0,0,0,0,0,0,0,0,0,0,0,0,0,0.2489545,0,0,0,0,0,0,0,0,0,0.519956,0,0,0,0.1969407,0,0,0,0,0,0,0,0,0,0,0,0,0,0,0,0,0,0,0,0,0,0,0.2294065,0,0,0,0,0.4588541,0,0,0.5967003,0,0,0,0,0,0,0,0.1724831,0,0,0,0,0,0,0,0,0,0,0,0,0,0,0,0,0,0,0,0,0,0,0,0.08153251,0,0.1292222,0.5854418,1.703398,0.3336143,0.2205046,0,0,0,0,0,0,0,0,0,0,0,0,0,0,0,0,0,0.3693377,0,0,0,0,0,0,0,0,0,0,0,0,0,0,0.7328027,0,0,0,0,0,0,0,0,0,0,0,
0,0,0,0,0,0,0,0,0,0,0,0,0,0,0,0,0,0,0,0,0,0,0,0,0,0,0,0,0,0,0,0.3517812,0,0,0,0,0,0,0.2359751,0,0,0,0,0,0.3658105,0.4217827,0,0,0,0,0,0,0,0,0,0,0,0,0,0,0,0,0.09986337,0,0,0.3707699,0,0,0,0,0,0,0,0,0,0,0,0,0,0,0,0,0,0,0,0,0,0,0,0,0,0,0,0,0,0,0,0,0,0,0,0,0,0,0,0,0,0,0,0,0,0,0,0,0,0,0,0,0,0,0,0,0,0,0,0,0,0,0,0,0,0,0,0,0,0,0,0,0,0,0,0,0,0,0,0,0,0,0,0,0.478676,0,0,0,0,0,0,0,0,0,0,0,0,0,0,0.01976686,0,0,0,0,0,0.182211,0,0,0,0,0,0,0,0,0.03889048,0,0.03776948,0,0,0,0,0,0,0,0,0,0,0,0,0,0.2298928,0,0.1105997,0,0.1267458,0,0,0,0.3711501,0,0.2193934,0,0.3411849,0,0,0.06610958,0.05435337,0,0,0,0,0,0,0,0.2529901,0,0,0,0,0,0,0,0,0,0,0,0,0,0,0,0,0,0,0,0,0,0,0,0,0,0,0.0684697,0,0,0,0,0,0,0,0,0,0,0,0,0,0,0,0,0,0,0,0,0,0,0,0,0,0,0,0,0,0.04030165,0,0,0,0.1477165,0,0,0,0,0,0,0,0,0,0,0,0,0,0,0.1171381,0,0.01887725,0,0.05072455,0.16418,0,0.1267697,0.2556255,0,0,0,0.3392377,0,0.2430668,0.5906378,0.4086156,0.3972795,0.2163516,0.1225909,0.214753,0,0,0,0,0,0,0,0,0,0,0,0,0,0.2741325,0,0,0,0,0,0,0.2905778,0,0,0,0,0,0,0,0,0,0,0,0.008916945,0,0,0,0,0,0.5006475,0,0,0,0,0,0,0,0,0,0,0,0,0,0,0,0,0,0.03088191,0,0,0,0,0,0,0,0,0,0,0,0.072522,0,0,0,0,0,0,0,0,0,0,0,0,0,0.3449456,0,0,0,0,0.1318116,0,0,0.3236871,0,0,0,0,0.1592781,0,0.3211277,0,0,0,0,0,0.3446183,0,0,0,0.01605668,0.4301735,0,0.06175669,0,0,0,0,0,0,0,0,0,0,0,0,0,0,0,0,0,0,0.2269932,0,0,0.06337023,1.633948,1.661514,2.883174,3.098407,2.363383,2.414369,2.375873,4.078192,3.223143,0.2556933,0,0,0,0,0,0,0,0,0,0,0,0,0,0,0,0,0,0,0,0,0,0,0,0,0,0,0,0,0,0,0,0,0,0,0,0,0,0,0,0,
0,0,0,0,0,0,0,0,0,0,0,0,0,0,0,0,0,0,0,0,0,0,0,0,0,0,0,0,0,0,0,0,0,0,0,0,0.0178865,0,0,0.1185534,0,0,0,0,0.06197383,0.0583749,0.1254174,0,0,0.04480932,0,0,0,0,0,0,0,0,0,0,0,0,0.2968215,0,0,0,0,0,0,0,0,0,0,0,0,0,0,0,0,0,0,0,0,0,0,0,0,0,0,0,0,0,0,0,0,0,0,0,0,0,0,0,0,0,0,0,0,0,0,0,0,0,0,0,0,0,0,0,0,0,0,0,0,0.4322744,0,0,0,0,0,0,0,0,0,0,0,0,0,0,0,0,0,0,0,0,0,0,0,0,0,0,0,0,0.2701941,0.181363,0,0.1674246,0,0,0,0,0,0,0,0.05683583,0,0,0,0.005244627,0,0,0,0,0,0,0,0,0.04330292,0,0,0,0,0,0.04269092,0,0,0,0,0,0,0,0,0,0,0,0.4318372,0,0,0,0,0.1620317,0,0,0,0,0,0,0,0,0,0.3622271,0,0,0,0,0,0,0,0,0,0,0,0,0,0,0,0,0,0,0,0,0,0,0,0,0,0.1110106,0,0,0,0.01800987,0,0,0,0,0,0.03440184,0.2329925,0,0,0,0,0,0,0,0,0.08656096,0,0,0,0.01853981,0,0,0,0,0,0,0,0,0,0,0,0,0,0,0,0,0,0,0,0,0,0,0,0,0,0,0,0,0,0,0,0,0,0,0,0,0.2814449,0.1000796,0.4761548,0.04010526,0,0,0.1747946,0.1129716,0,0,0,0.05547132,0.006578011,0.1856007,0.06596605,0.1948076,0,0.01517114,0.01764102,0,0,0,0,0,0.04774122,0.4407939,0.06632065,0.001618664,0.2405714,0,0.189253,0.341802,0,0,0,0,0,0,0,0,0,0,0,0,0,0,0,0,0,0,0,0,0,0,0,0,0,0,0,0,0.07514534,0,0,0,0,0,0,0,0.03114682,0,0,0,0,0.2565691,0,0,0,0,0,0,0,0,0,0,0,0,0,0,0,0,0,0,0,0,0,0,0,0,0,0.07156952,0,0,0,0,0,0,0,0,0,0,0.03956223,0,0,0,0,0,0,0,0,0,0,0,0,0,0,0,0,0,0,0,0,0,0,0,0,0,0,0,0,0,0.02555101,0,0.1111337,0,0,0,0,0,0,0,0,0,0,2.419225,3.041928,1.926231,2.402152,2.985714,2.633449,1.897192,2.65985,2.695037,2.830351,2.019307,1.042257,0,0,0,0,0,0,0,0,0,0,0,0,0,0,0,0,0,0,0,0,0,0,0,0,0,0,0,0,0,0,0,0,0,0,0,0,0,0,0.2461373,
0,0,0,0.03018821,0,0.2220929,0,0,0,0,0,0,0,0,0,0,0,0,0,0,0,0,0,0,0,0,0,0,0,0,0,0,0,0,0,0,0,0,0,0,0,0,0,0,0,0.1918352,0,0,0,0,0,0,0.3549154,0,0,0,0,0.2048315,0,0,0,0.4881236,0,0,0,0,0,0,0,0,0,0,0,0,0,0,0,0,0,0,0,0,0,0,0,0,0,0,0,0,0,0,0,0,0,0,0,0,0,0,0,0,0,0,0,0,0,0,0,0,0,0,0,0,0,0,0,0,0.3135652,0,0,0,0,0,0,0,0,0,0,0,0,0,0,0,0,0,0,0,0,0,0,0,0,0,0,0,0,0,0,0,0,0,0,0,0,0,0.2973945,0,0,0,0,0,0,0,0.01958515,0.6798161,0.8316376,0,0,0,0,0,0,0,0,0,0,0,0,0,0,0,0,0,0,0,0,0,0,0,0,0,0.009886206,0,0,0,0,0,0,0,0,0,0,0,0,0.2357839,0,0,0.08519423,0,0.5308905,0.01712866,0.08983735,0,0,0,0,0,0,0,0,0,0,0,0,0,0,0,0,0,0,0,0,0,0,0,0.000900767,0,0,0,0,0.1798041,0,0,0,0.05208397,0.1557242,0,0,0.3362674,0,0.1000276,0,0,0,0,0,0,0,0.2388733,0.08871378,0,0,0,0,0,0.2998263,0,0,0,0,0,0,0,0,0,0,0,0,0,0,0,0,0,0,0,0,0,0,0,0,0,0,0,0,0,0.06623851,0,0,0,0,0.1571352,0.4387193,0.1704188,0,0,0.2472303,0,0,0,0,0.2560773,0.01320244,0,0,0.04869507,0.2711886,0,0,0.5529956,0.5304902,0,0.1824887,0,0.613281,0.416214,0,0.02618512,0.07593647,0.06261075,0.3261912,0,0,0,0,0,0,0,0.3201451,0,0,0,0,0,0,0,0,0,0,0,0,0,0,0,0,0,0,0,0,0,0.1206827,0,0,0.197163,0,0.02769424,0,0,0,0,0,0,0,0,0.09664768,0,0,0,0,0,0.3218565,0,0,0,0,0,0,0,0,0,0,0,0,0,0,0,0,0.07293053,0,0,0.2225244,0,0.1751098,0,0,0,0,0,0,0,0,0,0,0,0,0,0,0,0,0,0,0,0,0,0,0,0,0,0,0,0.1093615,0,0,0,0,0,0,0,0,0,0,0,0,0,0,0,0,0,2.681986,2.861097,3.158359,2.467399,2.723928,2.519192,2.579856,1.847941,3.155409,2.735556,2.478999,3.036669,3.140261,1.713252,0,0,0,0,0,0,0,0,0,0,0,0,0,0.1691594,0,0,0,0.1861618,0,0,0,0,0,0,0,0,0,0.2455444,0.02989872,0,0.1001824,0.3811818,0,0,0,0,0,0,
0,0,0.1337038,0,0,0,0,0,0,0,0,0,0,0,0,0,0,0,0,0,0,0,0,0.3973055,0,0,0,0,0,0,0,0,0,0,0,0,0,0,0,0,0,0,0,0,0,0,0,0,0.4154492,0,0,0,0,0,0,0,0,0,0,0,0,0,0,0,0,0,0,0,0,0,0,0,0,0,0,0,0,0,0,0.2078851,0,0,0,0,0,0,0,0,0.02272352,0,0,0,0,0,0,0,0,0,0,0,0,0,0,0,0,0,0,0,0,0,0,0,0,0,0.1274553,0,0,0,0,0,0,0,0,0,0,0,0,0,0,0,0,0,0,0,0,0,0,0,0.04155337,0.1836489,0,0,0,0,0,0,0,0,0,0,0,0,0,0,0,0,0,0,0,0,0,0,0,0,0,0.3022241,0.1020421,0,0,0.02271967,0.3330545,0,0,0,0,0,0,0,0,0,0,0,0,0,0,0,0,0,0,0,0,0.321818,0,0,0,0,0,0,0,0,0,0,0,0,0,0.4002355,0,0,0.1977721,0,0,0,0,0,0,0,0,0,0,0,0,0,0,0,0,0,0,0.4202252,0,0,0.0692564,0,0,0,0,0,0,0.5528328,0,0,0,0,0,0.04037245,0,0,0,0,0,0,0,0,0,0,0.005149804,0,0,0,0,0,0,0,0,0,0,0,0,0,0,0,0,0,0,0,0,0,0,0,0,0,0,0.02371944,0,0,0,0.007303552,0,0,0,0,0,0,0,0,0,0,0,0,0.1818366,0.2409644,0.2061463,0.1850261,0.001102355,0,0,0,0,0,0,0,0,0.158723,0,0.1356117,0,0,0.1912015,0,0,0,0.4441574,0.3825016,0.05185481,0,0.2122302,0,0,0,0,0,0.04923004,0.1344177,0.2054814,0,0,0,0,0,0,0,0,0.1690923,0,0,0,0,0,0,0,0,0,0,0,0,0,0,0,0,0,0,0,0.2715386,0,0,0.2151635,0,0,0,0,0,0,0,0,0,0,0,0.3678721,0,0,0,0,0.1722095,0,0,0.1799572,0.06035563,0,0.09155737,0,0,0,0,0,0,0,0,0,0,0,0,0,0,0,0,0,0,0,0,0,0,0,0,0.09695252,0,0,0,0.2902417,0,0,1.532709,0.6406102,0,0,0,0,0,0,0,0,0,0.4583677,0,0,0,0,0,0,0,0.08461075,0,0,0,0,0,0,0,0.0382168,2.070639,2.706477,1.762435,2.168747,2.816296,2.649491,2.246286,3.184739,1.993834,2.643924,3.584791,2.646877,2.135958,3.051407,2.697543,0.4228387,0,0,0,0,0,0,0,0,0,0,0,0,0.2697044,0,0,0,0,0,0,0,0,0.3602719,0.1480379,0,0,0,0,0,0,0,0.1481822,0,0,0,0,0,0,
0,0,0,0,0,0,0,0,0,0,0,0,0,0,0,0,0,0,0.3770162,0.07768251,0.0640694,0,0,0,0,0,0,0,0,0,0,0,0,0,0,0.2254673,0,0,0,0,0,0,0,0,0,0,0,0.4473761,0,0,0,0,0,0,0,0,0,0,0,0,0,0.5079082,0,0,0.1092622,0,0,0,0,0,0,0,0,0,0,0,0,0,0,0,0,0,0,0,0,0,0,0,0,0,0,0,0,0.06784328,0,0,0,0,0,0,0,0,0,0,0,0,0,0,0,0,0,0,0,0,0,0,0.4055053,0,0,0,0,0,0.2590643,0,0,0,0,0,0,0,0,0,0,0,0,0,0,0,0,0,0,0,0,0,0,0,0.06380389,0,0,0,0,0,0,0,0,0,0,0,0,0.2204518,0,0,0,0,0,0,0,0,0,0,0.5203031,0,0,0,0,0,0.1546348,0,0,0,0,0,0,0,0,0,0.2256051,0,0,0,0,0,0,0,0,0,0,0,0,0,0,0,0,0,0,0,0,0,0.3344971,0,0,0.09999521,0,0,0,0,0,0,0,0.005021302,0,0,0,0,0,0,0,0,0,0.4013945,0,0,0,0,0,0,0,0,0,0,0,0.197207,0,0.3820022,0.05298546,0,0,0.3879972,0,0,0,0,0.3860674,0,0,0.1560718,0,0,0,0,0,0,0,0,0,0,0,0,0,0,0,0,0,0,0,0,0,0,0,0,0,0,0,0,0,0,0,0,0,0,0,0,0,0,0,0.04794782,0.2112269,0.1965986,0,0,0.04251616,0,0.07665257,0,0.4590827,0.07190974,0,0,0,0,0.4473738,0,0.4331084,0,0,0.08062804,0,0,0.1160377,0,0.121197,0,0,0,0.9861112,0,0,0,0,0.2512456,0,0.07878006,0.1856936,0,0,0,0,0,0,0,0,0,0,0,0,0,0,0,0,0.1323816,0.1054708,0,0,0,0.2151656,0,0.1199901,0.01139223,0,0,0,0.02043782,0,0,0,0,0,0,0.1461541,0,0,0,0,0,0,0.006430339,0.2878968,0,0,0,0,0.1637715,0,0,0,0,0,0,0,0,0,0,0,0,0,0,0.2390097,0,0,0,0,0,0,0.2006277,0.1136754,0,0,0,0,0,0,0.008242596,0,0,0,0.1829847,0,0,0,0,0.05576017,0,0,0,0,0,0,0.1411037,0,0,0,0,0.1615692,0,0,0,0,0,0,0.007425879,0,0,0,0,0,0,2.161748,2.38706,1.973943,2.117572,2.888763,2.646475,3.324129,2.525881,2.887393,2.58504,2.184302,2.877954,2.29318,1.771297,2.910091,2.756675,1.741818,0,0,0.2171119,0,0,0,0,0,0,0,0,0,0,0,0,0,0,0,0,0,0,0.2081581,0,0.008149592,0,0.1985878,0,0,0,0,0,0,0,0.1218691,0,0,0,
0,0,0,0,0,0,0,0,0,0,0,0,0,0,0,0,0,0,0.1633276,0,0,0,0,0,0,0,0,0,0,0.226555,0,0,0.1865992,0,0,0,0,0,0,0,0,0,0,0,0,0,0,0,0,0,0,0,0,0,0.5369021,0.09145459,0,0.06615508,0.05134499,0,0,0,0,0,0,0,0,0,0,0,0.2888875,0,0,0,0,0,0,0,0,0,0,0,0,0,0,0,0,0,0,0,0,0,0,0,0,0,0,0,0,0,0,0,0,0,0,0.1812273,0,0,0,0,0,0,0,0,0,0,0,0,0.2323098,0,0,0,0,0,0,0,0,0,0,0,0.5029923,0,0.02962867,0,0,0,0,0,0,0,0,0,0.4499881,0,0,0,0,0,0,0,0,0,0,0,0,0,0,0,0,0,0,0,0,0,0,0,0,0,0,0,0,0,0,0.1334324,0,0,0,0,0,0,0,0,0,0.05571182,0,0,0,0,0,0,0.03482008,0,0,0.1585284,0,0,0,0,0,0,0,0,0,0,0,0,0,0,0,0,0,0,0.1078919,0,0,0,0,0,0,0,0,0,0,0.2572017,0,0,0,0,0,0.1195498,0,0,0,0,0,0,0,0,0,0,0.3569275,0,0,0,0,0,0.515532,0,0,0,0.07906507,0,0,0,0,0,0,0,0,0,0,0,0,0,0,0,0,0,0,0,0,0,0,0,0,0,0,0,0,0,0,0,0,0,0,0,0,0,0,0.1959227,0,0,0,0.1203269,0,0.004859821,0,0,0,0.1205704,0.2218498,0,0,0,0,0,0,0.06284709,0.1409889,0,0,0,0.2888309,0,0.08731821,0.2163552,0,0.123241,0,0,0.5704927,0,0.1706766,0.05234916,0,0.1532131,0.299612,0,0,0,0,0.3159421,0.5052631,0,0,0,0,0,0,0,0,0.3864117,0,0,0.538216,0,0,0,0,0,0,0,0,0,0,0,0,0,0,0.4258043,0,0,0,0,0,0,0,0,0,0,0,0,0,0,0,0,0,0,0,0,0,0,0,0,0,0.08906422,0,0,0,0.1986269,0.1991491,0,0,0,0.3198057,0,0,0,0,0,0,0,0,0,0,0,0,0,0,0,0,0,0,0,0,0,0,0.1798242,0,0,0.8719803,0.07917634,0,0,0,0,0,0,0,0,0,0,0,0,0,0,0.07320331,0,0,0,0,0.2059611,0,0,0,1.821019,2.527498,2.811196,2.941773,2.608944,2.767496,2.529606,2.348281,3.052786,2.558721,2.346834,3.086032,2.928476,3.436408,2.310168,2.70075,3.105139,2.325944,0,0.02170963,0,0,0,0,0,0,0,0,0.1343041,0,0,0.2571521,0,0,0,0,0,0,0,0.298931,0.08020712,0,0,0,0.004847193,0.1905539,0,0.04182767,0,0,0.001859467,0,0.1982258,0,0,
0,0,0,0,0,0.0526502,0,0,0,0,0,0,0,0,0,0,0,0,0,0,0,0.08428688,0,0,0,0,0,0,0,0,0,0,0,0,0,0,0,0,0,0,0,0,0,0,0,0,0,0,0,0.1305339,0,0,0.005167332,0,0,0,0,0,0,0,0.3264222,0.2365674,0.2817834,0,0,0,0,0,0,0,0,0,0,0,0,0,0,0,0,0,0,0,0,0,0,0,0,0,0,0,0,0,0,0,0,0,0,0,0,0,0,0,0,0,0,0,0,0,0,0,0,0,0,0,0,0,0,0.6936745,0,1.522681,0,0,0,0,0.1623212,0,0,0,0,0,0,0,0,0,0,0,0,0,0,0,0,0,0,0,0,0,0,0,0,0,0,0,0,0,0,0,0,0,0,0,0,0,0,0,0,0.6130115,0.03388356,0.06693697,0,0,0,0,0,0,0,0,0,0,0,0,0,0,0,0,0.2590835,0,0,0,0.007163118,0,0,0.2519258,0,0,0,0,0,0,0,0,0,0,0,0,0,0,0,0,0,0,0,0,0,0,0,0,0,0,0,0,0,0,0,0,0,0,0,0,0,0,0,0,0,0,0,0,0,0,0,0,0,0.004811632,0.05954505,0,0,0,0,0,0.3614948,0,0,0.2176364,0,0,0,0,0,0,0,0,0,0,0,0,0,0,0,0,0,0,0,0,0,0,0,0,0,0,0,0,0.2800723,0,0,0,0,0,0,0,0,0,0,0,0,0,0,0.09489518,0.1642831,0.03370713,0,0,0,0,0.04127267,0,0.1868362,0.1420439,0,0,0,0.2946373,0.03251262,0,0,0,0.1801208,0,0.01882767,0.08529101,0,0.219192,0.135686,0,0,0.03566076,0,0.2694672,0,0.1813318,0,0.2340703,0,0.537056,0,0.1012022,0,0,0,0,0,0,0.09156732,0,0,0,0,0,0,0,0,0.07759894,0,0,0,0.01579559,0,0,0,0,0.04035175,0,0,0.1616035,0,0,0,0,0.3094372,0.06701465,0,0,0,0,0,0,0.08077198,0.07299285,0.2643288,0,0,0,0,0,0,0.08975409,0,0.07978378,0,0,0,0,0.08648314,0,0,0,0.00833499,0,0,0,0,0,0,0,0,0,0,0,0,0,0,0,0,0,0,0,0,0,0,0.05726849,0,0,0,0,0.2822808,0,0,0,0,0.5774232,0,0,0,0,0,0,0,0,0,0,0,0,0,0,0,0,0,1.918753,2.970577,3.040635,2.774324,2.864845,3.077805,2.911812,2.88676,2.077744,2.355514,2.826007,3.375856,3.032712,2.727843,3.08282,2.231669,2.706694,3.351268,0,0,0.2405067,0,0,0.01098517,0,0,0,0,0,0,0,0,0,0,0,0,0,0.03958739,0,0,0,0.3065138,0,0,0.04626479,0,0.1051211,0,0.3103536,0,0.02067787,0,0,0.03215744,0.3209357,
0,0,0,0,0,0,0,0,0,0,0,0,0,0,0,0,0,0,0,0,0,0,0,0,0,0,0,0,0.352341,0,0,0,0,0,0,0,0.186118,0,0,0,0,0,0,0,0,0,0,0,0,0,0,0,0,0.01664949,0,0,0.04407324,0.04329718,0,0,0,0,0,0.07477003,0,0,0,0,0,0,0,0,0,0,0.1150628,0,0,0,0,0,0,0,0,0,0,0,0,0,0,0,0,0,0,0,0,0,0,0,0,0,0,0,0,0,0,0,0,0,0,0,0,0,0,0,0,0.2289239,0.07570167,0,0,0,0,0.09293,0,0,0,0,0,0,0.07031555,0,0,0,0,0,0,0,0,0,0,0,0,0,0,0,0,0,0,0,0,0,0,0,0,0,0,0,0,0,0,0,0,0,0,0,0,0,0,0,0,0,0,0.2051865,0,0,0,0,0,0,0,0,0.2716017,0,0.3372558,0,0,0.2808555,0,0.02450401,0,0,0,0.06029899,0,0,0.239637,0,0,0,0,0,0,0,0,0,0,0,0,0,0,0,0,0,0,0,0,0,0,0,0,0,0,0,0,0,0,0,0,0,0,0,0,0,0,0,0,0,0,0,0,0,0,0,0,0,0,0,0,0,0,0,0,0,0,0,0.002817621,0,0,0,0,0,0,0,0,0,0,0,0,0,0,0,0,0,0,0,0,0,0,0,0,0,0,0,0,0,0,0,0,0,0,0,0,0.237862,0,0,0,0.0242422,0.1685841,0,0,0.2556995,0,0.6756154,0,0.3626136,0,0,0.3178228,0.3195175,0.1603966,0,0.2310672,0.2625144,0,0,0,0,0,0.150302,0,0.02716535,0,0,0.2481831,0,0.1707363,0.09358107,0,0,0.2670406,0,0,0,0.4426364,0,0.4849585,0,0,0,0.05799958,0,0,0,0.07318214,0,0,0,0,0,0,0,0,0,0,0,0,0,0.4712497,0,0,0,0,0,0,0,0,0,0.1477542,0,0,0.2226414,0,0,0,0,0,0,0,0,0,0,0.0446611,0,0,0,0.7415618,0,0,0,0,0,0,0,0,0,0,0,0.1034207,0,0,0,0,0,0.1328769,0,0,0,0,0,0,0,0,0,0,0,0,0,0,0,0,0,0,0,0,0,0,0,0,0,0.5580711,0,0,0.6142003,0.07338201,0,0,0,0,0,0,0.477573,0,0,0,0,0,2.293117,2.522039,2.168612,2.50132,3.471498,1.870773,2.486179,2.537514,2.70146,3.126226,2.519725,3.275829,2.352178,2.131068,2.74625,2.613682,2.395632,2.373887,0.427551,0,0,0,0,0,0,0,0,0,0,0,0,0,0,0,0,0,0,0,0,0,0.2556123,0,0.5435784,0.2406263,0,0.3160188,0.002220306,0.07237572,0.2512392,0.3390289,0.2778716,0.1741377,0,0,0,
0,0,0,0,0,0,0,0,0,0,0,0,0,0,0,0,0,0,0,0,0,0,0,0,0.4159223,0,0,0,0,0,0,0,0,0,0,0,0,0,0,0,0.02194384,0,0,0,0,0,0,0.1097115,0,0.34354,0.06943502,0,0,0,0,0.2532239,0,0,0,0,0,0,0.1617932,0,0,0,0,0,0,0,0,0,0,0,0,0,0,0,0,0,0,0,0,0,0,0,0,0,0,0,0,0.4142226,0,0,0,0.4710366,0,0,0,0,0,0,0,0,0,0,0.2913271,0,0,0,0,0,0,0,0,2.0953,0,0,1.508142,0,0.4839661,0,0.4220044,0,0,0,0,0,0,0,0.04280251,0,0,0,0,0,0,0,0,0,0,0,0,0,0,0.1701685,0,0,0,0,0,0,0,0,0,0,0,0,0,0,0.1515727,0,0,0,0,0,0,0,0.4859927,0.07637814,0,0.1595346,0,0.2348809,0.04509706,0,0,0,0,0.03940348,0,0.2768745,0,0,0.201391,0,0,0,0,0,0,0,0,0,0,0,0,0,0,0,0,0,0,0,0.001279057,0,0,0,0,0,0,0,0,0,0,0,0,0,0,0,0.3437833,0,0,0,0,0,0,0,0,0,0,0,0,0,0.2189083,0,0.06595691,0,0,0,0,0,0,0,0,0.1711815,0.1222805,0,0,0,0.1395821,0.0117401,0,0,0.2640416,0.1324446,0,0,0,0,0,0,0,0,0,0.1703212,0,0,0,0,0,0,0,0,0,0,0,0,0,0,0,0.05048301,0,0,0,0,0,0,0,0,0,0.02824642,0,0,0,0,4.290235E-05,0.4010922,0,0,0,0.03887229,0,0.05627916,0.2835995,0.2846545,0,0.05833743,0,0,0.1623011,0,0,0.5229877,0,0.228095,0,0.02601558,0.2562891,0.3457608,0.8400465,0,0,0.2319749,0.1900814,0,0,0,0.08904321,0,0.3565493,0,0.09961554,0,0,0.4433725,0,0.04326342,0.05248212,0,0,0,0,0,0,0,0,0.2223083,0,0,0.2448722,0,0,0,0,0.1920363,0,0,0,0,0,0,0,0,0.07219221,0.1083627,0,0,0,0,0,0,0,0.2329158,0,0,0,0.3802988,0,0,0.1980126,0,0,0,0,0,0,0,0,0,0,0,0,0.4757077,0,0.007346934,0.2737194,0,0,0,0,0,0,0,0,0,0,0,0,0,0,0,0,0.0644208,0,0,0,0,0,0,0,0,0.7712904,0.5023729,0,0,0,0,0,0,0,0,0,0,0.09492183,0,0.2394986,0,0,0,0.05220603,0,0,0,0,2.042323,2.25665,2.182096,2.310832,2.542031,2.759222,2.345597,2.164182,2.105245,2.186485,3.046371,3.025495,3.313324,3.249711,2.671483,2.785636,2.512833,2.843521,2.974992,0.3804044,0,0,0,0,0,0,0,0,0,0,0,0,0,0,0,0,0,0,0.4433202,0.2519077,0,0.1866676,0.3245502,0.03601252,0.2404312,0,0,0,0,0,0,0.1037218,0,0.2130604,0.2098854,
0,0,0,0,0,0,0,0,0,0,0,0,0,0,0,0,0,0,0,0,0,0,0,0,0,0,0,0,0,0,0,0,0,0,0,0,0,0,0,0,0,0,0.1706193,0,0,0,0,0,0,0,0,0,0,0,0,0,0,0,0,0,0,0,0,0,0,0,0,0,0.04123663,0,0,0,0,0,0,0,0,0,0,0.02091111,0,0,0,0,0,0,0,0,0,0,0,0,0.1945636,0.05382875,0,0,0,0,0,0,0,0,0,0,0,0,0,0,0,0,0,0,0,0,0,1.165565,0,0.8440488,3.444484,2.402835,1.070411,0.7460923,0,0.2679621,0,0,0,0,0,0,0,0,0,0,0,0,0,0,0,0,0,0,0,0,0,0,0,0,0,0,0,0,0,0,0,0,0,0,0,0,0,0,0,0,0,0,0,0,0,0,0,0,0,0,0,0,0,0,0,0,0,0,0,0,0,0,0,0,0.01118927,0,0.05569359,0,0,0,0,0,0,0,0,0,0,0,0,0,0.2830795,0,0,0,0,0,0,0,0,0,0,0,0.02217251,0,0,0,0,0,0,0,0,0,0,0,0,0,0,0,0,0,0,0,0,0,0,0,0,0,0,0.02068736,0,0,0.1530934,0,0,0,0,0.0999679,1.848292,0,0,0,0.1154122,0.1810151,0.543179,0,0,0,0,0,0,0,0.5307354,0.2706458,0,0,0,0,0.02398675,0,0,0,0,0,0,0,0,0,0,0,0,0,0,0,0,0,0,0,0,0,0,0.5445255,0,0.03340431,0.3842922,0,0.1212667,0,0.2296579,0.2691217,0,0.1061031,0,0.06581584,0,0,0.07866788,0.1843778,0,0.0848773,0.07965319,0.0765401,0,0,0,0,0,0,0.1844533,0.1505272,0,0,0,0.1902061,0,0,0,0,0,0.2807407,0,0,0,0,0,0.3107493,0,0.0739686,0,0,0,0,0,0,0,0,0.0942353,0,0,0,0,0,0.08772871,0.01167407,0,0.4696355,0,0,0,0,0.08773876,0,0,0,0,0,0,0,0,0,0,0,0,0,0,0,0,0.2392463,0,0,0.4488294,0,0,0,0,0,0,0,0,0,0,0,0,0.0001874391,0.2054838,0,0,0,0,0,0,0,0,0,0,0,0,0,0,0,0,0,0,0,0.2146289,0,0,0,0,0,0,0,0,0.1525065,0,0,0,0,0,0,0,0,0,0,0,0,0,0,0,0,0,1.251811,3.314868,2.451617,2.628616,2.512509,2.479099,2.772439,2.853153,3.227889,2.659264,3.035641,2.763167,2.865149,2.314991,2.466455,3.037857,2.438906,2.282031,2.293706,0,0,0,0.1503823,0,0,0,0,0.4708399,0,0,0,0,0,0.2244775,0.3691219,0,0.3640046,0.03301634,0,0.1302097,0,0.0103355,0,0.08616018,0,0.286341,0.1031451,0.252092,0,0.2160005,0,0,0.2736939,0,0,
0,0,0,0,0,0,0,0,0,0,0,0,0,0,0,0,0.3543811,0,0,0,0,0,0,0,0,0,0,0,0,0,0.2358147,0,0,0,0,0.6740903,0,0,0,0,0,0,0,0,0,0,0,0,0,0,0,0,0,0,0,0,0,0,0,0,0,0,0.1253776,0,0,0,0,0,0,0,0,0,0,0,0,0,0,0,0,0,0,0,0,0,0,0,0,0,0,0.4544978,0,0,0,0,0,0,0,0,0,0,0,0,0,0,0,0,0,0,0,0,0,0,0,0,0,0,0,0,0.8175774,2.365126,0,0,0,0,0,0,0,0,0,0,0,0,0,0,0,0,0,0,0,0,0,0,0,0,0,0,0,0,0,0,0,0,0,0,0,0,0,0,0,0,0,0,0,0,0,0.006283484,0,0,0,0,0,0.032848,0,0,0,0,0,0,0,0.1956074,0,0,0,0,0,0,0,0,0,0.1097559,0,0,0,0,0,0,0,0,0,0,0,0,0,0,0,0,0,0,0,0,0,0,0,0,0,0,0,0,0,0,0,0,0,0,0,0,0,0,0,0,0,0,0,0,0,0,0,0,0.08558073,0,0,0.1630945,0,0.06957445,0,0,0.7153774,0,0,0,0.2347681,0,0.09876478,0,0.2587098,0,0,0,0,0.4002044,0.2852237,0,0,0,0,0.1209361,0,0,0,0,0,0,0,0,0,0,0,0,0,0,0,0,0,0,0,0,0,0,0,0,0.0623393,0.2715924,0,0,0.2630763,0.1393199,0,0,0.04306986,0,0,0,0,0.4830717,0.2118823,0,0.3160051,0,0,0.3121097,0,0,0,0,0,0,0,0.3781248,0.5255051,0,0.3664224,0,0,0,0.1892937,0,0,0,0.1807391,0.4320204,0.004987782,0.2338339,0,0.1337065,0.1295567,0,0,0,0,0,0,0,0,0.3895628,0,0,0,0,0.2487359,0,0,0,0,0,0.04197855,0,0,0,0,0.217562,0,0,0,0,0,0,0,0,0.02348214,0.4282041,0,0,0,0,0,0,0,0,0,0,0,0,0,0,0,0,0,0.4336613,0.09749429,0,0,0,0,0,0.3366876,0,0.07925469,0.055434,0,0.5533634,0,0.0001398148,0,0,0,0,0,0,0,0,0,0.02567568,0,0,0,0,0,0.05105842,0,0,0.08279005,0,0,1.530308,0,0.418436,0.009949467,0,0,0,0,0,0.05499893,0,0,0,0,0.02081317,0,0,0.1799913,0,0,0.2476026,0,0,2.57088,2.919648,2.618407,2.14355,2.817116,2.760659,2.516103,2.774717,3.107681,3.650342,3.460726,2.582852,1.817996,2.384084,2.896966,2.443145,2.56497,2.464331,0.1021729,0,0,0,0,0,0.1272414,0.2646091,0,0.3231674,0,0.2720357,0,0.04403308,0.2927935,0,0,0,0,0.3926305,0,0.0483036,0.1898274,0.1232073,0.06140596,0.634238,0,0.194239,0.1135838,0.04515208,0,0,0.1418736,0,0,0.2899983,
0,0,0,0,0,0,0,0,0,0,0,0,0,0,0,0,0,0,0,0,0,0,0,0,0,0,0,0,0,0,0,0,0,0,0,0,0,0,0.2091256,0,0,0,0,0,0,0,0.4357583,0,0,0,0,0,0,0,0,0,0,0,0,0,0,0,0,0,0,0,0,0,0,0,0,0,0,0,0,0,0,0,0,0,0,0,0,0,0,0,0,0.3466481,0,0,0,0,0,0,0,0.114463,0,0,0,0,0,0,0,0,0,0,0,0,0,0,0,0,0,0,0,0,0,0,0,0,0,0,0,0,0,0,0,0,0,0,0,0,0.0687016,0,0,0,0,0,0,0,0,0,0,0,0,0,0,0,0,0,0,0,0,0,0,0,0,0,0,0.3507153,0.1144647,0,0,0,0,0,0,0,0,0,0,0,0,0,0,0,0,0,0,0,0,0,0.2304525,0,0,0,0,0,0,0,0,0,0,0,0,0,0,0,0,0,0,0,0,0,0,0,0,0,0,0,0,0,0,0,0,0,0,0,0,0,0,0,0,0,0,0,0,0,0,0,0,0,0,0,0,0,0,0,0,0.1442661,0,0,0,0,0,0,0,0,0,0,0,0,0,0,0,0,0,0.2247058,0,0,0,0,0.3550249,0,0,0,0.3517479,0,0,0,0,0,0,0,0,0,0,0,0,0,0,0,0,0,0,0,0,0,0,0,0,0.2143231,0,0.3813393,0,0.19661,0.05957498,0.1524862,0,0,0,0.06309702,0,0,0,0.2026319,0,0,0,0,0,0.538259,0.3705329,0.05461148,0.04655806,0.3181542,0,0,0,0.1266114,0,0,0,0.206203,0.199446,0.1561369,0,0,0,0,0.01669603,0,0,0.03224871,0.1316311,0.1126334,0,0.2717111,0,0.2497892,0,0,0,0,0,0,0,0,0,0,0,0,0,0,0,0,0,0,0,0,0,0.1365349,0,0.1408268,0,0,0,0,0,0,0,0,0,0,0,0,0,0,0,0,0,0,0,0.1594593,0,0.5129251,0,0,0,0,0.3273913,0,0,0,0,0,0,0,0,0,0,0,0,0,0,0,0,0,0,0,0.03686841,0,0.1304783,0,0,0,0,0.1312317,0,0,0,0,0,0,0,0,0,0,0,0,0,0,0,0,0,0,0,0,0,0,0.08866219,0.006265513,0,0,0,0,2.12472,1.866697,3.004057,2.22156,2.752461,2.601538,2.786415,3.202061,2.805222,2.87971,3.183045,2.657299,3.156631,2.180956,2.704758,1.982195,3.232976,2.505376,0.3439377,0.02310194,0,0,0,0,0.438583,0,0,0,0,0.3223523,0,0.2186985,0,0.2562654,0,0,0.2498685,0.3724761,0.09185006,0,0,0.04500687,0.1048381,0,0,0,0.1626345,0.09482959,0,0.254441,0.2900929,0,0.3603297,0.0508721,
0,0,0,0,0,0.3102507,0,0,0,0,0.06706786,0,0,0,0,0,0,0,0,0,0,0,0,0,0,0,0,0,0,0,0,0,0,0,0,0,0,0,0.1536421,0,0,0,0,0,0.09131561,0,0,0,0,0,0,0,0,0,0,0,0,0,0,0,0,0.2284693,0,0,0,0,0,0.101029,0,0,0,0,0,0,0,0,0,0,0,0,0,0,0,0,0,0,0,0,0.03860977,0.05813223,0,0,0,0.04599326,0,0,0,0,0,0,0,0,0,0,0,0,0,0,0,0,0,0,0,0,0,0,0,0.1075935,0,0.09742154,0,0,0,0,0,0,0,0,0,0,0,0,0,0,0,0,0.02296549,0,0,0,0,0,0,0,0,0,0,0,0,0,0,0,0,0,0.1486243,0,0,0,0.002383867,0,0,0,0,0,0,0,0,0,0,0,0,0,0,0,0,0,0,0.09613219,0,0,0,0,0,0,0,0,0,0,0.0214957,0,0,0,0,0,0,0,0.2105369,0,0,0,0,0,0,0,0,0.1125874,0,0,0,0,0,0,0,0,0.1885198,0,0,0,0,0,0,0,0,0,0.1301187,0,0,0,0,0,0,0,0,0,0,0,0,0,0,0,0,0,0.322809,0,0,0,0,0,0,0,0,0,0,0.3231572,0,0,0,0,0,0,0,0,0,0,0,0.02025055,0,0,0,0,0,0,0,0,0,0,0,0,0,0,0,0,0,0,0,0,0,0,0,0,0.06510194,0,0,0,0.1635718,0.1980628,0.4248575,0,0,0,0.01999713,0,0,0.1607604,0.214834,0.2756498,0,0.1894682,0,0,0,0,0,0,0,0,0.09325451,0,0,0,0,0,0.3551854,0.1457549,0,0,0.1643864,0,8.795067E-05,0,0,0.1141453,0,0.04381005,0.0996304,0.1984794,0,0,0.338194,0,0,0,0,0,0,0,0,0,0,0,0,0,0,0,0,0,0.6988403,0,0,0,0,0,0,0,0,0,0,0,0,0.125674,0,0,0,0,0,0,0,0,0,0,0,0,0,0,0,0,0,0,0,0.343179,0,0,0,0,0,0,0,0,0,0,0,0,0,0,0,0,0,0.4223261,0,0,0,0.5154021,0,0,0,0,0.2924852,0,0,0,0,0,0.4355316,0.165021,0.1130921,0.4533457,0,0,0,0.03667219,0,0,0,0,0,0,0.05865771,0,0,0,0,0.1983537,0,0,0,0,1.209611,1.966893,2.319289,2.318018,2.487295,2.543241,3.228896,2.739921,3.213862,2.756691,2.558921,2.692685,2.218442,2.134284,2.269516,2.505997,2.258148,3.085489,1.434154,0,0.2362791,0,0.1960874,0.1603196,0.2067681,0.1972627,0.3104747,0.1916396,0,0.2947867,0,0,0.1096262,0.2444748,0.3301597,0,0,0.218298,0.2364769,0,0,0,0,0,0.298904,0,0.02987245,0,0.6847968,0,0.04894158,0.1787684,0,0,
0,0,0,0,0,0,0,0,0,0,0,0,0.1141381,0,0,0,0,0,0,0,0,0,0,0,0,0,0,0,0,0,0,0,0,0,0,0,0.1819442,0,0,0.4954977,0,0,0,0,0,0,0,0,0.5234321,0,0,0,0,0,0,0,0,0,0,0,0,0,0,0,0,0,0,0,0,0,0,0,0,0,0,0,0,0,0,0,0.1349363,0,0,0,0,0,0,0,0,0,0,0.1075852,0,0,0,0.09118797,0,0,0,0,0,0,0,0,0,0,0,0,0,0,0.236891,0,0.1848063,0,0,0,0,0,0,0,0,0,0,0,0,0,0,0,0,0,0,0,0,0,0,0,0,0,0,0,0,0,0,0,0,0,0,0,0,0,0,0,0,0,0,0,0,0,0,0,0,0,0,0,0,0,0,0,0,0.0007768308,0,0.1872036,0,0,0,0,0,0,0,0,0,0,0,0,0,0.3608266,0,0,0,0,0,0,0,0,0,0,0,0,0,0,0,0,0,0,0,0,0,0,0,0,0.07762168,0,0,0,0,0,0,0,0,0,0,0,0,0,0,0,0,0,0,0,0,0,0,0,0,0.1571143,0,0,0.1598092,0,0,0,0,0,0,0.03478415,0,0,0,0,0,0,0,0,0.05591806,0,0,0,0,0,0,0,0,0,0.09639966,0,0,0,0,0,0,0.1035732,0,0,0,0,0,0,0,0,0,0,0,0,0,0.06057315,0,0,0.05128994,0.4264406,0.3633181,0,0,0.03911171,0,0,0,0,0,0,0,0.124947,0,0,0,0.2568791,0,0,0,0,0.3831181,0.3908662,0,0,0,0,0.02967821,0.182854,0.05881925,0.3253204,0,0,0.3970124,0.04300174,0,0,0,0,0,0,0,0,0.1461561,0,0.3964404,0,0,0,0,0,0,0.1192412,0,0,0,0,0,0,0,0,0,0,0,0,0,0,0,0,0,0,0,0,0,0,0,0,0.5552627,0,0,0,0,0,0,0,0,0,0,0,0,0,0,0,0,0,0,0,0,0,0,0,0,0,0,0,0.1133373,0,0.366644,0,0,0,0,0.4508623,0,0,0,0,0,0,0.1541181,0,0,0,0.003955052,0,0.09013093,0,0,0,0,0,0,0,0,0,0,0,0,0,0,0,0,0,0,0,0,0,0,0,0,0,0,0,0,0,0.665838,0.2571168,0.3075745,2.84167,2.346581,2.706735,2.315069,2.971873,2.691242,2.057374,2.764354,2.032463,2.850364,2.953716,2.010576,2.969817,2.885847,2.86934,2.700708,3.240434,0.6547903,0,0.1988581,0,0,0.1853947,0.03889772,0.5010229,0,0,0.06162044,0.09660291,0.05007648,0.2413849,0,0.166345,0.2769888,0.116612,0,0.1480696,0.2198542,0,0,0.3115983,0,0,0,0.08975987,0,0.1018712,0.1020981,0,0,0,0.01217293,0.1842469,
0,0,0,0,0,0,0,0,0,0,0,0,0,0,0,0,0.1089686,0,0,0,0,0,0,0,0,0,0.09990057,0,0,0,0,0,0,0,0,0,0,0,0,0,0,0.4677948,0,0,0,0,0,0,0,0,0,0,0.01686945,0,0,0,0,0,0.183488,0,0,0,0,0,0,0,0,0,0,0,0,0,0,0,0,0,0,0,0,0,0,0,0,0,0,0,0,0,0.004205754,0,0,0,0,0,0,0,0,0,0,0,0,0,0,0,0,0,0,0,0,0,0,0,0,0,0,0.04008437,0,0,0,0,0,0,0,0,0,0,0,0,0,0,0,0,0,0,0,0,0,0,0,0,0,0,0,0,0,0,0,0,0,0,0,0,0,0.04389864,0,0,0,0,0,0,0,0,0,0,0,0,0,0,0.001045053,0,0.3022281,0,0,0,0,0,0,0,0,0,0,0,0,0,0,0,0,0,0,0,0,0,0,0,0,0,0,0,0,0,0,0,0,0,0,0,0,0,0,0,0,0,0,0,0,0,0,0,0,0,0,0,0,0,0,0,0,0,0,0,0,0,0,0,0,0.4661699,0,0,0,0,0,0,0,0,0,0,0,0,0,0,0,0,0,0,0,0,0,0,0.2776044,0,0,0,0,0.2233377,0.2510804,0,0,0,0,0,0,0,0,0,0,0,0,0,0,0,0,0,0,0,0,0,0,0,0,0,0,0.08640786,0.5772057,0,0.1114764,0,0.02086288,0,0.1181776,0.02698762,0.2376817,0,0.2467342,0.2309849,0,0.09765773,0.05136568,0,0,0.1441773,0.1943254,0,0,0.1327076,0,0,0,0,0.09000502,0.005199624,0,0,0.1873073,0,0.1137703,0,0.02154109,0,0.05790132,0.207767,0,0,0.09348437,0.01908196,0,0,0.440769,0,0,0.2854505,0,0,0,0,0,0,0,0,0,0,0,0,0,0,0,0,0,0,0,0,0,0,0,0,0.09177487,0,0,0,0,0,0,0,0,0,0,0,0,0,0,0,0,0,0,0,0,0,0,0,0,0,0,0.01786229,0,0,0,0,0,0,0,0,0,0,0,0,0,0,0,0,0,0,0,0,0,0.2897541,0,0,0,0,0,0,0,0,0,0,0,0,0,0,0.1322515,0,0,0,0,0.09486058,0,0,0,0.1072964,0,0,0,0,0,0,0,0,0,0.6156849,2.234539,2.852644,2.834092,1.783156,2.477027,2.323423,2.511675,1.82402,2.136554,2.591536,2.190065,2.292098,2.861174,2.441621,2.904253,0.9951648,0.1084855,0.03360247,0,0,0,0,0.02406043,0,0,0.3383617,0,0.3944603,0,0,0.5126261,0,0.2935643,0.0006148549,0,0.06492285,0.1108878,0.004441668,0.2496897,0.06164154,0,0,0,0.3414934,0.4756045,0.007858464,0,0,0,0,0.04775724,0,
0,0,0,0,0,0,0,0,0,0,0,0,0,0,0,0,0,0,0,0,0,0,0,0,0,0,0,0,0,0,0,0,0,0,0,0,0,0,0,0,0,0,0,0,0,0,0,0,0,0,0,0,0,0,0,0,0,0,0,0,0,0,0,0,0,0,0,0,0,0,0,0,0,0,0,0,0,0,0,0,0,0,0,0,0,0.1429719,0,0,0,0,0.1204917,0,0,0,0,0,0,0,0,0,0,0,0,0,0,0,0,0,0,0,0,0,0,0,0,0,0,0,0,0,0.05263413,0,0,0,0,0,0,0,0,0,0,0,0,0,0,0,0,0,0,0,0,0,0,0,0,0,0,0,0,0,0,0,0,0,0,0,0,0,0,0,0,0,0,0,0,0,0,0,0.8427514,0,0.1420765,0,0,0,0,0,0,0,0,0.1034648,0,0,0,0,0,0,0,0,0,0,0,0.02861737,0,0.09052545,0,0.2757606,0,0,0,0,0,0,0,0,0,0,0,0,0,0,0,0,0,0,0,0,0,0,0.06641957,0,0,0,0,0,0,0,0,0,0,0,0,0,0,0,0,0,0,0,0,0,0,0,0,0,0,0,0,0,0,0,0,0,0,0,0,0,0,0,0,0,0,0,0,0,0.07455893,0,0,0.0837804,0,0,0,0,0,0,0,0,0,0,0,0,0,0,0,0,0,0,0,0,0,0,0,0,0.5151433,0,0,0,0.1832317,0,0.1968379,0.05559537,0.1345589,0,0,0,0,0,0,0.2325352,0,0.03933316,0,0,0.07558237,0,0.295215,0.2442324,0.3021758,0,0.1782153,0,0.211584,0,0,0,0,0.2495161,0,0.01037633,0.1680309,0,0,0,0.05101886,0,0,0.1187415,0.1170704,0,0.2133877,0,0,0,0,0,0,0,0.2122234,0,0,0,0,0.2106891,0,0,0,0,0,0,0,0,0,0,0,0,0,0,0,0.1481478,0,0.1082566,0.2487695,0,0,0,0,0,0,0,0,0,0.2230213,0,0.1410273,0,0,0,0,0,0,0,0,0,0,0,0,0.1220076,0,0,0,0,0,0,0,0,0,0,0,0,0,0,0,0,0,0,0,0,0,0,0,0,0,0,0,0,0,0,0,0,0,0,0,0,0,0,0,0,0,0,0,0,0,0,0,0.06329813,0.1523234,0,0,0,0,1.596968,1.692728,2.891693,2.941214,2.727393,2.268276,3.440683,2.218633,2.980759,2.432874,2.84657,2.43066,2.93819,0.6178592,0.01366253,0,0.3543463,0.009630934,0,0,0.1194494,0.2879179,0,0,0,0,0.3191293,0.275347,0.3072285,0,0,0,0.6258747,0,0,0,0,0,0.08712127,0,0.07113185,0.1146143,0.2279125,0.7103324,0,0.1918161,0,0.03342348,0,0,0,
0,0.4468826,0,0,0,0,0,0,0,0,0,0,0,0,0,0,0,0,0,0,0,0,0,0,0,0,0,0,0,0,0,0,0,0,0.0001189254,0,0,0,0,0,0,0.4447919,0,0,0,0,0,0,0,0,0,0.1207767,0,0.03052594,0,0,0,0,0,0,0,0,0.2105847,0.04555174,0,0,0,0,0,0,0,0,0,0,0,0,0,0,0,0,0,0,0,0,0.1581294,0,0,0.158854,0,0,0,0,0,0,0.3319885,0,0,0,0,0,0,0,0,0,0,0,0,0,0,0,0,0,0,0,0,0,0,0,0,0,0,0,0,0,0,0,0,0,0,0,0,0,0,0,0,0,0,0,0,0,0,0,0,0,0,0,0,0,0,0,0,0,0,0,0,0,0,0,0,0,0,0,0,0,0,0,0,0,2.72018,0,0,0,0,0,0.1574139,0,0,0,0,0,0,0,0,0,0,0,0,0,0,0,0,0.1272773,0,0,0,0,0,0,0,0,0,0,0,0,0,0,0,0,0,0,0,0,0,0,0,0,0,0,0,0,0,0,0,0,0,0,0,0,0,0,0,0,0,0,0,0,0,0,0,0,0,0,0,0,0,0,0,0,0,0,0,0,0,0,0,0,0.04479373,0,0,0,0,0,0,0,0,0,0,0,0,0,0,0,0,0,0,0,0,0,0,0,0,0,0,0,0,0,0,0,0,0,0,0,0,0.2150338,0,0,0.3961645,0.3378171,0,0.3284169,0.04460474,0,0.05636683,0,0,0,0,0,0,0,0.200544,0.08817367,0,0,0,0.4811874,0,0,0,0.2387771,0,0.2257642,0,0,0,0.09404549,0,0,0.3595684,0,0,0,0,0,0.04217301,0,0.3364698,0,0,0,0,0,0,0,0,0,0,0,0,0,0,0,0,0,0,0,0,0,0,0,0,0,0,0,0,0,0,0,0,0,0,0,0,0,0,0.1347708,0,0,0,0,0,0,0,0,0,0,0,0,0,0,0.1306433,0,0,0,0.04454573,0,0,0,0,0,0,0,0,0,0,0,0.007290556,0,0,0,0,0.02242598,0,0,0,0,0,0,0,0,0,0,0,0,0,0,0,0,0,0.1852741,0,0,0,0,0,0,0,0,0,0,0,0,0,0,0,0,0,0,0,0.4543656,0.4211076,0.2081122,1.122649,1.881058,2.87205,2.48072,2.891228,2.46755,3.116922,3.269647,2.955374,1.916254,0.02526658,0.1889046,0,0,0,0.03808735,0.1845245,0.2121592,0.1414389,0.1406517,0.1828674,0,0,0.01098736,0.04235179,0.399132,0,0,0.05039432,0.2804093,0,0,0.02575499,0,0.5224394,0,0.1156937,0,0,0,0,0,0.1522681,0.01589657,0,0,0.4321948,0.5452971,
0,0,0,0,0,0,0,0,0,0,0,0,0,0.4967318,0,0,0,0,0,0,0,0,0,0,0,0,0,0,0,0,0,0,0,0,0,0,0,0,0,0,0.2906591,0,0,0,0,0.004690925,0.4040914,0,0,0.3685114,0,0.3226743,0,0,0,0,0.1427601,0,0,0,0.1088393,0.1659808,0,0,0,0,0,0,0.05741401,0,0,0,0,0,0.007741791,0,0,0,0,0,0,0,0,0,0,0,0,0,0,0,0,0,0,0,0,0.2406173,0,0,0,0,0,0,0,0,0,0,0,0,0,0,0,0,0,0,0,0,0,0,0,0,0,0,0,0,0,0,0,0,0,0,0,0,0,0,0,0,0,0,0,0,0,0,0,0,0,0,0,0,0,0,0,0,0,0,0,0,0,0,0,0,0,0,0,0,0,0,0,0,0,0,0,0,0,0,0,0,0,0,0,0,0,0.3577897,0,0,0,0,0.02016284,0,0,0,0,0,0,0,0,0,0,0,0,0,0,0,0,0,0,0,0,0,0,0,0,0,0,0,0,0,0,0.06278155,0,0,0,0,0,0,0,0,0,0,0,0.3586081,0,0,0,0,0,0,0.08094448,0,0,0,0,0,0,0,0,0,0,0,0,0,0,0,0,0,0,0,0.1876371,0,0,0,0.3176962,0,0,0,0,0,0,0,0,0,0,0,0,0,0,0,0,0,0,0,0,0,0,0,0,0,0,0,0,0.2501184,0.03936609,0.05009428,0.1434169,0,0,0.02844174,0,0,0,0.5996069,0,0.2000554,0,0,0,0,0,0.185242,0,0,0,0,0,0,0,0,0,0.06306491,0,0,0,0,0.09826757,0.2326363,0,0.2778503,0.4977196,0,0.0697416,0,0,0,0,0,0,0.4184787,0,0,0,0,0,0,0,0,0,0,0,0,0,0,0,0,0,0,0,0,0,0,0,0,0,0,0,0,0,0,0,0,0,0,0,0,0,0,0,0,0,0,0,0,0,0,0,0,0,0,0,0,0,0.04178213,0,0.355789,0,0.1241133,0,0,0,0,0,0,0,0,0,0,0,0,0.2315854,0,0,0,0,0.02717419,0.06223654,0.2305922,0,0,0,0,0.4029379,0,0,0,0.1709775,0,0,0,0.3680235,0,0.2961318,0,0,0,0,0,0,0,0,0,0,0,0.0658163,0,0,0,0,0,0,0,0,0,0,0.862087,0.2040558,0.1067997,0.8084428,0.9236394,2.312765,2.054526,2.616129,2.099915,0.5894113,0.105258,0,0,0.2026435,0,0.0318173,0,0.2967942,0.3885943,0.489138,0,0.1569734,0,0,0,0.3068923,0.1801845,0.01086703,0,0.1542019,0,0.1063916,0.2027565,0,0.1934264,0,0,0,0.5845035,0.03054532,0,0.2966004,0,0,0,0,0,0,0,
0,0,0,0,0,0,0,0,0,0,0,0,0,0,0,0,0,0,0,0,0,0,0,0,0,0,0,0,0,0,0,0,0,0,0,0,0,0,0,0,0,0,0,0.2013069,0,0,0,0.08505522,0,0,0,0,0,0,0,0,0,0,0.009509568,0,0,0,0.5689796,0,0,0,0,0,0.2684304,0,0,0,0,0,0,0,0,0,0,0,0,0,0,0,0,0.04009008,0.1661267,0,0,0,0,0.0503301,0,0,0,0.4600233,0,0,0.3344723,0,0,0,0,0,0,0,0,0,0,0,0,0,0,0,0,0,0,0,0,0,0,0,0,0,0,0,0,0,0,0,0,0,0,0,0,0,0,0,0,0,0,0,0,0,0,0,0,0,0,0,0,0,0,0,0,0,0,0,0,0,0,0,0,0,0,0,0,0,0,0,0,0,0,0,0,0,0,0,0,0,0,0,0,0,0,0,0,0.1382332,0,0,0,0,0.04320383,0,0,0,0,0,0,0,0,0,0,0,0,0,0,0,0,0,0,0,0,0,0,0,0,0,0,0,0,0.1087233,0,0,0,0,0,0,0,0.2429507,0,0,0,0,0,0,0,0,0,0,0,0,0,0,0,0,0,0,0,0,0,0,0,0,0,0.1647329,0,0,0,0,0,0,0,0,0,0,0,0,0,0,0,0,0,0,0,0,0,0,0,0,0,0,0,0,0,0,0,0,0,0,0.2194367,0,0,0,0,0,0.106463,0.4981586,0,0,0,0,0,0.3100758,0,0,0,0,0.0765475,0,0,0,0,0.4568219,0.04902446,0,0.2042271,0.303312,0.0555502,0.3708373,0,0,0.02817843,0.158766,0.1921307,0.01831183,0.1381484,0,0.05634799,0,0,0.0005559283,0,0,0.1153957,0,0.232357,0,0,0,0,0,0,0,0,0,0,0,0,0,0,0,0,0,0,0,0,0,0,0,0,0,0,0,0.1172119,0,0,0,0,0,0,0,0,0,0,0,0,0,0,0,0,0,0,0,0,0,0,0,0,0,0,0,0,0,0,0,0,0,0,0.05692339,0.5659349,0,0,0.1013392,0,0.1417092,0,0,0.1543081,0,0,0.1044089,0,0.8997912,0,0,0,0,0,0,0,0,0,0.3058047,0.0465368,0.06013669,0,0.6816925,0,0,0,0.03740577,0,0,0.3044171,0,0,0,0,0.1227913,0,0,0,0,0,0,0,0.1413799,0,0,0,0,0,0.1360737,0.8569302,0,0.03556797,0.4569317,0.4298304,0.4777958,0.3029609,0.5687576,0.05942837,0.1903479,0.5580568,0,0.2516142,0,0,0.3735649,0,0,0,0,0,0,0,0,0.04987444,0.1207231,0,0,0.1583768,0,0,0,0,0,0,0.3803368,0,0.250153,0,0.222617,0,0,0.2263228,0,0.3051533,0.08189993,
0,0,0,0,0,0,0,0,0,0,0,0,0,0,0,0.2978323,0,0,0,0,0,0,0,0,0,0,0.06738519,0,0,0,0,0,0,0,0,0,0,0,0,0,0,0,0,0,0,0,0,0,0.103602,0,0,0,0,0,0,0,0,0,0,0.1764606,0,0.4108604,0.06144867,0,0,0,0,0,0,0,0,0,0,0,0,0,0,0,0,0,0,0,0,0.2344466,0,0,0,0,0,0.2285432,0,0.1714611,0,0,0,0,0,0,0,0,0,0,0,0,0,0,0,0,0,0,0,0,0,0,0,0,0,0,0,0,0,0,0,0,0.3167292,0,0,0,0,0,0,0,0,0,0,0,0,0,0,0,0,0,0,0,0,0,0,0,0,0,0,0,0,0,0,0,0,0,0,0,0,0,0,0,0,0,0,0,0,0.333314,0,0,0,0,0,0,0.03928377,0,0,0,0,0,0,0,0,0,0,0,0,0,0,0,0,0,0,0,0,0,0,0,0,0,0,0,0,0,0,0,0,0,0,0,0,0,0,0,0,0,0,0,0.3654761,0,0,0,0,0,0,0,0,0.2140044,0,0,0,0,0,0,0,0,0,0,0,0,0,0,0.2691756,0,0,0,0,0,0,0,0,0,0,0,0.03326709,0.6931378,0,0,0,0,0,0,0,0,0,0,0,0,0,0,0,0,0,0,0,0,0,0,0,0,0.2292581,0,0,0,0,0,0,0,0,0.0160087,0.01109413,0.06423786,0,0.5231946,0,0,0,0,0.7682416,0,0.1033681,0.2315541,0,0,0,0.04737396,0.1200894,0.006407213,0.3476216,0,0,0.1221417,0.3062344,0,0,0.1327299,0,0,0,0.1547561,0,0,0.285017,0.4488474,0,0,0,0,0,0,0,0,0,0,0,0,0,0,0,0,0,0,0,0,0,0,0,0,0,0,0,0,0,0,0,0,0,0,0,0,0,0,0,0,0,0,0,0,0.1671725,0.01817377,0,0,0,0,0.08392654,0,0,0,0,0.1396636,0,0.1982391,0,0,0,0.1564966,0.01340091,0,0.41662,0.0521726,0,0,0.2020113,0.08535384,0,0.09793539,0.2538482,0,0.2369153,0.4243079,0.2796348,0,0,0.004462908,0,0.07614012,0,0,0.1748223,0.3716871,0,0,0,0,0,0,0,0,0,0.1632565,0.03864633,0,0.1265137,0,0.08127256,0,0,0,0,0,0,0,0.2678561,0,0,0,0,0,0,0,0,0,0,0,0,0,0,0.1005448,0,0.09067459,0,0,0,0.21863,0,0,0,0,0.1073642,0.1269837,0.2322079,0.2590588,0,0,0,0,0.364627,0,0.08547785,0,0,0.3949468,0.2818191,0.2287159,0.1451636,0,0,0.2139413,0,0,0.0941439,0,0,0.3237253,0,0,0,0,0.1768283,0,0.1606077,0,0.3222553,0,0.2139431,0,0.3799927,0.1260266,
0,0,0,0,0,0,0,0,0,0,0,0,0,0.1152373,0,0,0,0,0,0,0,0,0,0,0,0,0,0,0,0,0,0,0.183252,0,0,0,0,0,0,0,0,0,0,0.0777166,0,0,0,0.137349,0,0,0,0,0,0,0,0,0,0.1020009,0,0.3294135,0,0.05857373,0.2518415,0.1264696,0,0.1297386,0.05561415,0,0,0,0.08959399,0,0,0,0.1130138,0,0,0,0,0,0,0,0.2407291,0,0.02833211,0,0.1984204,0,0.6200932,0,0,0,0,0,0,0,0,0,0,0.4251,0,0,0,0,0,0.002227727,0,0,0,0,0,0,0,0,0,0,0,0,0,0,0,0,0,0,0,0,0,0,0,0,0,0,0,0,0,0,0,0,0,0,0,0,0,0,0,0,0,0,0,0,0,0,0,0,0,0,0,0,0,0,0,0,0,0,0,0,0,0,0,0,0,0,0,0,0,0,0,0,0,0,0,0.1828933,0.04047842,0,0,0,0,0,0,0,0,0,0,0,0,0,0.0683957,0,0,0,0,0,0,0,0,0,0,0,0,0,0,0,0,0,0,0,0,0,0,0,0,0,0,0,0,0,0,0,0,0,0,0,0,0,0,0,0,0,0,0,0,0,0,0,0,0,0,0,0,0,0,0,0,0,0,0,0.1276758,0,0,0,0.07959284,0.198441,0,0,0,0,0,0,0,0.124117,0,0,0.2104127,0,0,0,0,0,0,0,0,0,0,0,0,0,0,0,0,0,0,0,0.5719704,0.1882079,0.07194289,0.3160335,0,0,0.1149025,0,0,0,0.1369971,0,0,0.2309677,0,0,0,0.03182224,0,0,0.09013365,0.0974283,0,0.4177071,0.06202355,0.05423087,0.1402599,0,0,0.04084054,0.2164435,0.1396383,0,0,0.1236652,0,0,0,0,0,0,0.08072825,0,0,0,0,0,0,0,0,0,0,0,0,0,0,0,0,0,0,0,0,0,0,0,0,0,0,0.06378581,0,0,0,0,0,0,0,0,0.1502912,0,0,0,0,0,0,0.007786979,0,0,0,0,0,0,0,0,0,0,0,0,0,0,0,0,0,0,0,0.3060106,0.08847327,0.2096743,0.2436193,0,0.5209138,0.01808858,0,0,0,0,0,0,0,0,0,0,0.2565407,0.5496197,0,0,0,0,0,0,0,0,0,0,0,0,0,0,0,0,0,0,0,0,0,0.1269739,0,0,0,0.4746066,0.1002006,0,0,0,0,0,0.09535402,0,0,0,0,0,0,0,0,0.2562706,0,0,0.3735486,0.05488734,0,0.1794163,0,0.3246461,0,0.183593,0.3372364,0,0,0,0.05047309,0,0,0,0,0,0.04327282,0,0,0.3277423,0.6466528,0.4137727,0.1108135,0,0,0,0,0.03552619,0,0,0,0,0,0,0,0,0,0,0.001488064,
0,0,0,0,0,0,0,0,0,0.0527973,0,0,0,0,0.1469542,0.1042182,0,0,0,0,0,0,0,0,0,0,0,0,0,0,0,0,0,0,0,0,0,0.168821,0,0,2.568266,0,0,0,0,0,0.05999199,0,0,0.006554428,0,0,0,0,0.3501079,0,0,0,0,0.3489321,0,0.5040494,0,0,0.02203902,0,0.05540296,0.1282737,0,0,0,0,0,0.1640502,0,0,0,0.0320821,0,0.002522331,0,0,0,0.4755163,0,0,0,0,0,0,0,0,0,0,0,0,0,0,0,0,0,0,0.1253813,0,0,0,0,0,0,0,0,0.204026,0,0,0,0.2629924,0,0,0,0,0.186379,0,0,0,0,0,0,0,0,0,0,0,0.1277609,0,0,0.4899674,0,0,0,0,0,0,0,0,0,0,0,0,0,0.05958438,0,0,0,0,0,0,0,0,0,0,0,0,0,0,0,0,0,0,0,0,0.3735445,0,0,0,0,0,0,0,0,0,0,0,0,0,0,0,0,0,0,0,0,0,0,0,0,0,0,0,0,0,0,0,0,0,0,0,0,0,0,0,0,0,0,0,0,0,0,0,0,0,0,0,0,0,0,0,0,0,0,0,0,0.07944807,0,0,0,0,0,0,0,0,0,0,0,0,0,0,0,0,0,0,0,0,0,0,0,0,0,0,0,0,0,0,0,0,0,0,0,0,0,0,0.2012582,0,0,0,0,0,0,0,0,0,0,0,0,0,0,0,0,0,0,0,0,0,0,0.155352,0,0,0,0,0,0.3004829,0.05126017,0,0.4596126,0.05950831,0.1089606,0,0.03654889,0.451656,0.3288017,0,0,0,0.02351284,0,0.1156452,0,0.2402191,0,0.284827,0.7851186,0.215294,0.1634138,0,0.06628174,0,0.2189819,0.1127829,0.04782594,0.3099737,0,0,0.2169572,0.1828961,0.6154615,0,0.2693329,0.03279519,0,0,0,0,0,0,0,0,0,0,0,0,0,0,0,0,0,0,0,0,0,0,0,0,0.04899467,0,0,0,0,0,0,0,0,0,0,0,0,0,0,0,0.1992978,0,0,0,0,0,0,0.02742386,0,0.04868751,0.09290989,0,0,0,0,0,0,0.004158795,0,0,0.05864891,0,0,0,0,0,0,0,0.4181845,0,0,0,0.05148252,0,0,0.3694864,0.02262985,0.08735144,0,0,0.3761888,0,0.1353393,0,0.2260291,0,0,0,0.436038,0,0.5026307,0,0.1231416,0,0.3852202,0,0,0,0,0,0,0,0,0,0,0.1845335,0,0,0.2209737,0,0,0,0,0.2890526,0,0,0.03855726,0,0,0,0,0.3046493,0.0179292,0,0,0.1193242,0.1351267,0.2975585,0.2609388,0,0,0,0.2442729,0.00158179,0.3056073,0.0590788,0.1543498,0.05586984,0,0.1977712,0,0.5399128,0.2935494,0.02413561,0,0,0,0,0,0.3669598,0,0.07025667,0,0,0.3378486,0,0.05677155,0,0,0.1915784,0,0,0.1499429,
0,0,0,0,0,0.189406,0,0,0,0,0,0,0,0.3161902,0,0,0,0,0,0,0,0,0,0,0,0,0,0,0,0,0,0,0,0,0,0,0,0,0,0,1.36655,0.1455147,0,0,0,0,0,0,0,0,0,0.5979345,0,0,0.1123396,0.1185217,0,0,0.276331,0.6021369,0.08780423,0.4143797,0,0,0,0,0,0,0,0,0,0,0,0,0,0.3991859,0,0,0,0.07707444,0,0,0,0,0,0.1806373,0.03447766,0,0,0,0,0,0,0,0,0,0,0,0,0,0,0,0,0,0,0,0,0,0,0,0,0,0,0,0,0,0,0,0,0,0,0,0,0,0,0,0,0,0,0,0,0,0,0,0,0,0,0,0,0,0,0,0,0,0,0.1454221,0,0,0,0,0,0,0,0,0,0,0,0,0,0,0,0,0,0,0,0,0,0,0.5842109,0,0.06178445,0,0.2808448,0,0,0,0,0,0,0,0,0,0,0,0,0,0,0,0,0,0,0,0,0,0.1536017,0,0,0,0,0,0,0,0,0,0,0.07965524,0,0,0,0,0,0,0,0,0,0,0,0,0,0,0,0,0,0,0,0,0,0,0,0,0,0,0,0,0,0,0,0,0,0,0,0,0,0,0,0,0,0,0,0,0,0,0,0,0,0,0,0,0,0,0.05039318,0,0,0,0,0,0,0,0,0,0,0,0,0,0,0,0,0,0,0,0,0,0,0,0,0,0,0,0,0,0,0,0,0,0.2497546,0,0.2470607,0,0,0.2049214,0,0,0,0,0,0.02737056,0.1359445,0,0,0.4164523,0,0,0.1114267,0,0.1108416,0,0,0,0.08318886,0.4453638,0.03622448,0,0,0,0.01400238,0,0.1524253,0.09909964,0,0.1886803,0.04188096,0.04778255,0,0.06805649,0,0,0,0.09493466,0,0,0,0,0,0,0,0,0,0,0,0,0,0,0,0,0,0,0,0,0,0,0,0.1916773,0,0,0,0,0,0,0,0,0,0,0,0,0,0,0,0,0.2324504,0,0,0,0,0,0,0,0,0,0,0.2171553,0,0.04144019,0.02628964,0,0,0.2481026,0,0,0.3900984,0,0.1189836,0,0.2557463,0,0,0,0,0.08810218,0.08476167,0,0,0.3767579,0,0,0,0,0,0,0.01119686,0,0.09553232,0,0,0.4543214,0,0,0,0,0,0,0.4341087,0,0,0,0.2145524,0,0,0,0,0,0,0,0,0,0,0,0,0,0,0.009041398,0.4282082,0.301131,0,0,0,0.1259922,0,0,0,0,0,0,0.4276194,0.2942184,0,0.06569814,0.1306873,0,0.05309833,0,0.0698814,0,0.06720088,0.2869091,0,0,0.1939699,0,0,0.2208009,0.3305786,0.2140957,0.09932026,0.05087771,0.4878282,0,0,0.261539,0.1759058,0,0.2926597,0,0.1277993,0,0,0,0,0.0584331,0.4606904,0,
0,0,0,0,0,0,0,0,0,0,0,0,0,0,0,0,0,0,0,0,0,0,0,0,0,0,0,0,0,0,0,0,0,0,0,0.2781772,0,0,0,0,0.6445347,0.3142755,0.04274621,0,0,0,0.5136058,0,0,0,0.2828801,0.3087777,0,0.2267668,0,0.2178951,0.02541588,0.4728445,0,0,0.4811012,0,0,0,0.1678188,0.1590957,0.2992106,0,0,0,0,0,0,0,0,0.3434406,0.006385292,0,0,0,0,0,0,0,0.02398748,0,0,0,0,0,0,0.1110543,0,0,0.07674453,0,0,0,0,0,0,0,0,0,0,0,0,0,0,0,0,0,0,0,0,0,0.3524985,0.1670684,0,0,0,0,0,0,0,0,0,0,0,0,0,0,0,0,0,0,0,0,0,0,0,0,0,0,0,0,0,0,0,0,0,0,0,0,0,0,0,0,0,0,0,0,0.04487308,0,0,0,0,0,0.03181243,0,0,0,0,0,0.1070292,0,0,0,0,0,0,0,0,0,0,0,0,0,0,0,0,0,0,0,0,0,0,0,0,0,0,0,0.1731629,0,0.715434,0,0,0.406154,0.1403278,0.03357918,0,0,0,0,0,0,0,0,0,0,0,0,0,0,0,0,0,0,0,0,0,0,0,0,0,0.1242387,0,0,0,0,0,0,0,0,0,0,0,0,0,0,0,0,0,0,0,0,0,0.2483719,0,0,0,0,0,0,0,0,0,0,0,0,0,0,0,0,0,0,0,0,0.06295864,0,0,0,0,0,0,0,0.1243425,0,0,0,0,0,0,0.3403443,0.3017666,0.1641859,0.04873016,0,0,0,0,0,0.6313564,0,0.01679367,0.03016965,0,0,0,0,0,0,0,0.001599269,0,0.004583115,0.01162273,0.05758203,0,0,0,0.1377458,0,0,0.3773526,0.1368667,0.2140475,0,0.1900273,0,0.3408985,0.01762099,0.2229912,0,0,0.07449974,0,0.0869222,0,0,0,0,0,0,0,0,0,0,0,0,0,0,0,0,0,0,0,0,0,0,0,0,0,0,0,0,0,0,0,0,0,0.05483604,0,0,0,0,0,0,0,0,0,0.0513371,0,0,0,0,0,0,0.4594439,0,0,0.3694159,0,0,0,0,0.03947032,0,0,0,0,0,0.03354133,0,0,0,0,0,0,0,0,0.04315601,0,0,0,0,0,0,0,0,0,0,0.1386095,0.2028732,0,0.04131322,0,0.0989174,0,0,0,0.3626638,0,0,0,0.1925781,0,0,0,0,0,0.1539477,0,0,0.002458694,0,0.4778406,0.5081178,0.2604388,0.04855224,0,0,0.1771869,0,0.1406558,0.2258603,0,0,0,0,0,0.2631144,0,0.1785652,0.4606873,0.3084746,0.5945932,0,0,0,0.06045377,0.09745368,0.2252822,0,0.1832953,0,0.1418459,0,0,0.04356952,0,0.4767917,0.3664407,0,0.1832813,0.4690832,0,0,0,0.4074876,1.887039,2.533978,0,0,0,0,0,0.2793092,0,0,
0,0,0,0,0,0,0,0,0,0,0,0,0,0,0,0,0,0,0,0,0,0,0,0,0,0,0,0,0,0,0,0,0,0,0,0,0,0,0,0,0,0.2090021,0.1516095,0,0,0,0,0,0,0,0,0,0,0,0,0,0.1041666,0.2525451,0.2488086,0.2461835,0.3511686,0,0.01343125,0,0,0,0.3587781,0,0,0,0.02217405,0,0,0,0.1537375,0,0,0,0,0,0,0,0,0,0.4562109,0,0,0,0,0,0,0,0.1024554,0,0,0,0,0,0,0,0,0,0,0,0,0,0,0,0,0,0,0,0,0.09404743,0,0,0,0,0,0,0,0,0,0,0,0,0,0,0,0.06857616,0,0,0,0,0,0,0,0,0,0,0,0,0,0.2426605,0,0,0,0,0,0,0,0,0,0,0,0,0,0,0,0,0,0,0,0,0,0,0,0,0,0,0,0,0,0,0,0,0,0.1707798,0,0,0,0,0,0,0,0,0,0,0,0,0,0,0,0,0,0,0,0,0,0,0,0,0,0,0,0,0,0,0,0.05734558,0,0,0.1700934,0,0,0,0,0,0,0,0,0,0,0,0,0,0,0,0,0,0.03481323,0,0,0,0,0,0,0,0,0,0,0,0,0,0,0,0,0,0,0,0,0,0,0,0,0,0,0.2409337,0,0,0.1638692,0,0,0.135784,0,0,0,0,0.1364726,0.4176342,0,0.1095893,0,0,0,0,0,0.007844881,0,0,0,0,0.4657301,0,0,0,0,0.02050531,0.1699473,0,0,0,0,0,0,0.2385458,0.3316225,0.3040984,0,0.2348502,0,0.04879306,0.08463629,0,0.120892,0.08747962,0,0,0,0,0,0,0.2069823,0.06376752,0,0,0.05845214,0.08134244,0.2104086,0.01118685,0.3334343,0.2232326,0,0.4426268,0,0,0,0.2146174,0,0,0.3653203,0,0.06575682,0,0.1668761,0,0,0,0.06133613,0,0,0,0,0,0,0,0,0,0,0,0,0,0,0,0,0,0.1855447,0,0,0,0,0,0,0,0,0,0,0,0,0,0,0,0,0,0.06957757,0.08018357,0,0.1270061,0,0,0,0,0,0,0,0.008896394,0,0,0.1492106,0,0,0.01606055,0,0,0.479068,0,0.3911662,0.04069343,0,0,0.00173711,0,0,0,0.0777339,0.402057,0,0,0,0,0.2455252,0.02566575,0,0,0.01245763,0,0,0.1345971,0,0,0,0.311859,0.02791923,0,0,0.03970865,0,0.02990983,0.07009175,0,0.02641391,0,0,0,0,0,0,0,0,0.2747121,0,0.4127125,0,0.1495933,0,0.9893855,0.03801018,0,0,0,0.01628882,0.4367981,0,0.06695264,0.176726,0,0,0.3230286,0,0,0.4375141,0,0.06032398,0,0.01308926,0,0.3873906,0,0,0,0,0.556568,0.1994943,0,0.08253739,0.1695893,0.104958,0,0.03111556,0.1486268,0.1093675,0,0,0.1367035,0.1533245,0,0,0.7885009,0.03503988,0.1620623,0.9502853,0.02312717,0.8340458,0.4871817,0.02029474,0,0,0.3604423,0,0,
0,0,0,0.002743151,0,0,0,0,0,0,0,0,0,0,0,0,0,0,0,0,0,0,0,0,0,0,0,0,0,0,0,0,0,0,0,0,0,0,0,0,0,0.8051845,0.6930855,0.3408839,0,0,0,0,0,0,0,0,0,0,0,0,0,0.2396879,0,0,0,0.8429788,0.2288295,0.1983514,0,0,0,0,0,0,0,0,0.05843342,0,0,0.2558697,0,0,0,0,0,0,0,0,0,0,0,0,0,0,0,0,0,0,0,0,0,0,0,0,0,0,0,0,0,0,0,0,0,0,0,0,0,0,0,0,0,0,0,0,0,0,0,0,0,0,0,0,0,0,0,0,0,0,0,0,0,0,0,0,0,0,0,0,0,0,0,0,0,0,0,0,0,0,0,0,0,0,0,0,0,0,0,0,0,0,0,0,0,0,0,0,0,0,0,0,0,0,0,0,0,0,0,0,0.385521,0,0,0,0,0,0,0,0,0,0,0,0,0,0,0,0,0,0,0,0,0,0,0,0,0,0,0,0,0,0,0,0,0,0,0,0,0,0,0,0,0,0,0,0,0,0,0,0,0,0,0,0,0,0,0.05158787,0,0,0,0,0,0,0,0,0,0,0,0,0,0,0,0,0,0,0,0,0,0,0,0,0,0,0.0140398,0,0,0,0,0,0,0,0,0,0,0.1212437,0,0,0,0,0,0,0,0,0,0.2295956,0.4525791,0,0.3054605,0.08327477,0,0,0.2452961,0.1329883,0,0,0,0.0271868,0.1443083,0.1066286,0.07973453,0,0,0,0,0,0.009740601,0.460415,0,0,0,0,0.2149999,0.3249438,0.003866699,0,0,0,0,0,0,0,0,0.06235514,0,0,0,0,0,0,0,0.2607524,0,0,0,0,0,0,0,0,0,0,0,0,0,0,0,0,0,0,0,0,0,0,0,0,0,0,0,0,0,0,0,0,0,0,0.3964614,0,0,0,0,0,0,0,0,0,0,0,0,0,0,0,0,0,0,0,0,0,0,0.399061,0,0.1637786,0,0.4635324,0,0,0,0,0.389889,0.1205226,0,0,0,0,0,0.2156226,0.7626243,0.1489268,0.01322264,0,0,0,0,0.001071687,0,0,0,0,0,0.5006819,0,0.06673734,0.05241849,0.5151814,0.1282605,0,0,0,0,0.1572253,0.163981,0.3918133,0,0,0,0.03271323,0.3002557,0.1412632,0,0,0.2255852,0.03044788,0,0,0,0,0.06134368,0,0,0,0.6330593,0.1545423,0,0,0,0,0,0.4692095,0,0,0.749441,0.02315532,0,0,0,0,0.3919221,0.276815,0.1007474,0,0,0.0278439,0.3055949,0,0,0,0.06044828,0.5166745,0,0.0989724,0.07424694,0,0,0.3539194,0.1298718,0.1176602,0,0,1.244404,0.6389593,0.4209384,0.7278814,0,0,0,0,0,0.09965198,
0,0,0,0,0,0,0,0,0,0,0,0,0,0,0,0,0,0,0,0,0,0,0,0,0,0,0,0,0,0,0,0,0,0,0.008466344,0,0,0,0,0,0,0,1.251646,0,0,0,0,0,0,0,0,0,0,0,0.14379,0,0,0,0,0,0,0,0,0,0,0,0,0,0,0,0,0,0,0.1901493,0,0,0,0,0.0783489,0,0,0,0,0,0,0.1320729,0,0.2137405,0,0,0,0,0,0,0,0.03683444,0,0,0,0,0,0,0,0,0,0,0,0,0,0,0,0,0,0,0,0,0,0,0,0,0,0,0.0709748,0,0,0,0,0,0,0,0,0,0,0,0,0,0,0,0,0,0,0,0,0.08044583,0,0,0,0,0,0,0,0,0,0,0,0,0,0,0,0,0,0,0,0,0,0,0,0,0.5043941,0,0,0,0,0,0,0.01458964,0,0,0,0,0,0,0,0,0,0,0,0,0,0,0,0,0.2377035,0,0,0,0,0.5318574,0,0,0.2164913,0,0,0,0,0.1734078,0,0,0,0.1312883,0,0,0.1658933,0.4054871,0,0,0,0,0,0,0,0,0,0,0,0,0,0,0,0,0,0,0,0,0,0,0,0,0,0,0,0,0,0,0,0,0,0,0,0,0,0,0,0,0.2293558,0,0.05144701,0,0.02796396,0,0,0,0,0,0.005341742,0.0254981,0,0.4485851,0,0,0,0,0,0,0,0,0,0,0,0,0,0,0,0,0.5993385,0,0,0,0.1883718,0.2451714,0,0,0,0,0.0852178,0.1878473,0,0,0.4472943,0,0,0,0,0.01432927,0,0,0,0,0.1669133,0.04935297,0,0,0,0,0,0.5692228,0,0.07262748,0,0.07967317,0,0,0.3293996,0,0,0,0.1777862,0,0.110993,0,0,0,0,0,0,0,0,0,0,0,0,0,0,0,0,0,0,0,0,0,0,0,0,0,0,0,0,0,0,0,0,0,0,0,0,0,0,0,0,0,0,0,0,0,0,0,0,0.09222144,0,0,0,0,0,0,0,0.0108236,0,0,0,0,0,0,0,0.07190949,0.4782342,0.3427183,0,0,0,0,0,0.2114674,0,0,0,0.2182508,0.02354319,0,0.5033552,0.2433153,0.2960994,0,0,0,0.09000321,0,0,0.2780148,0.01002882,0.2983429,0,0,0.3151794,0.4060592,0.07076111,0,0.3089654,0.1700771,0,0.2829446,0,0.1580416,0.02989567,0.3720694,0.07104754,0,0,0.1980928,0.01150437,0,0.1364019,0.06758889,0.06472619,0,0,0,0.1559836,0,0.1456472,0,0.05409099,0,0,0,0.2667562,0,0,0,0,0.1022692,0,0.3290322,0,0,0,0,0,0,0,0,0.2254581,0,0.03705246,0.08177599,0,0.04262597,0,0,0.23125,0,0,0,0.3837005,0.01894523,0,0.2224432,0,0.03348144,0,0.2150714,0,0.2731453,0.2037234,0,0.1385783,0.04290061,0,0.303818,0,0.04674979,
0.115451,0,0,0,0,0,0,0,0,0,0,0,0,0,0,0,0,0,0,0,0,0,0,0,0,0,0,0,0,0,0,0,0,0,0.3805129,0,0,0,0,0,0,0.06772067,0,0,0,0,0,0,0,0.156175,0,0.4416467,0,0.574481,0,0,0,0,0,0,0,0,0,0,0,0,0,0.1291455,0,0,0,0.08434868,0,0,0,0,0,0.3432086,0,0.1282753,0,0,0.1838481,0,0,0,0,0,0,0.2415669,0,0,0,0,0,0,0,0,0,0,0.08886543,0.009758962,0,0,0,0,0,0,0,0,0,0,0,0,0,0,0,0,0,0,0.3305808,0.03451303,0,0,0,0,0.35976,0,0,0,0,0,0,0,0,0,0,0,0,0,0.1027572,0,0,0,0,0,0,0,0,0,0,0,0,0,0,0,0,0,0,0,0,0,0,0,0,0,0,0,0,0,0,0,0.02335864,0.3075709,0.3620515,0.09291817,0,0,0,0.07936943,0,0,0,0,0,0.3860922,0,0,0,0,0,0,0,0,0,0.1410437,0.07350894,0,0,0,0,0,0,0,0,0,0,0,0.01772625,0,0,0.2415189,0,0,0,0,0,0,0,0,0,0,0,0,0,0,0,0,0,0,0,0,0,0,0,0,0,0,0,0,0,0,0,0,0,0,0,0,0,0,0,0,0,0,0,0,0,0,0,0,0,0,0,0,0,0,0,0,0,0,0,0,0,0,0,0,0,0,0,0.3237812,0,0,0,0,0,0,0,0.5692092,0.3752538,0.0207098,0.1386339,0.06852377,0.5162838,0,0.3941792,0,0.0613024,0.2922401,0.1563806,0.1718089,0,0,0.198683,0,0.02183277,0,0.3580739,0.1375657,0.2914789,0,0,0,0.1416633,0.3545584,0.6257104,0,0,0,0,0.09667251,0,0.2814162,0.09961039,0.1735851,0,0,0.6281749,0,0.4845043,0,0,0.1947978,0.3131703,0.3935258,0,0,0,0.1095404,0,0,0,0,0,0,0,0,0,0,0,0,0,0,0,0,0,0,0.1385281,0,0,0,0,0,0,0,0,0,0,0,0,0,0,0,0,0.1844276,0,0,0.2383081,0.1738312,0,0.3098183,0,0,0.02423764,0,0,0,0,0,0.4040865,0,0.07703118,0,0,0.02805398,0.01473263,0,0,0,0.1475827,0,0,0.07716865,0,0.6605251,0,0.06831194,0.1271252,0,0.08425377,0.3029314,0.3398151,0.1058889,0,0,0.06917302,0,0,0,0,0.03761763,0.3571368,0.1062474,0,0,0,0,0.292897,0,0.1249786,0.04336663,0.09953824,0.3370021,0,0,0,0,0,0.02840214,0.09648133,0.08094764,0,0,0.181284,0.3872302,0,0.1443975,0,0,0.2334665,0.3760192,0,0,0.2133768,0.05920202,0.1340671,0.248492,0,0,0,0,0.2907813,0.2360149,0.1234093,0,0.02867096,0,0,0.008175299,0,0.6015444,0.312687,0,0,0,0,0,0,0.3415856,0.06310625,0.09978444,0,0,0,0.03856311,0,0.1248946,0.1308786,0,0.365962,0,0,0,0,0,0,0.1946458,0.4255184,0,0.345522,0,
0,0,0,0,0,0,0.09195521,0,0,0.6701369,0,0,0,0,0,0,0,0,0,0,0,0,0,0,0,0,0,0,0,0,0,0,0,0,0,0,0,0,0,0,0,0,0,0,0.3592246,0.002264238,0,0,0,0,0,0,0,0,0,0,0,0,0,0,0,0,0,0,0,0,0,0,0,0,0,0,0,0,0,0,0,0,0,0,0,0,0,0,0.1316966,0.1709848,0,0,0.03511075,0,0,0,0,0,0.3817644,0,0,0,0,0,0,0,0,0,0,0,0,0,0.4485432,0,0,0,0,0.2035357,0,0,0,0,0,0,0,0.2873181,1.373545,0.12885,0,0,0,0,0,0,0.1500703,0,0,0,0,0,0,0,0,0.446725,0,0,0,0,0,0,0,0,0,0,0,0,0,0,0,0,0,0,0,0,0,0,0,0,0,0,0,0,0,0,0,0,0,0,0,0,0,0.01277067,0,0,0,0,0,0,0,0,0,0,0.08919112,0,0,0.3770767,0,0,0,0,0,0,0,0,0,0,0,0,0.05518266,0,0,0,0,0,0.105926,0,0,0,0,0,0,0,0,0,0,0,0,0,0,0,0,0,0,0.012026,0,0,0,0,0,0,0,0,0,0,0,0,0,0.3213353,0,0,0,0,0,0,0,0,0,0,0,0,0.06187287,0,0,0,0.139799,0,0,0,0,0,0,0,0,0,0,0,0,0,0,0,0,0.04440109,0,0,0,0,0,0,0,0.1273031,0.5335272,0.103449,0.05005405,0,0.1151017,0,0,0.02984994,0.03656485,0,0.0784298,0,0,0,0.2945597,0.1590954,0.2877139,0.09715503,0,0,0,0.1479054,0,0,0,0,0.2404345,0.03362658,0.2736672,0,0.06803358,0.1478086,0.1679551,0.3707235,0,0,0.03943114,0,0.1194738,0,0,0,0,0.3350345,0,0,0,0,0,0,0,0,0,0.4157445,0,0,0.15114,0,0,0,0,0,0,0,0,0,0,0,0,0,0,0,0,0,0,0.05272231,0,0,0,0,0,0,0,0,0,0,0,0,0.02145237,0,0,0,0,0,0,0.8281511,0,0,0,0,0.3541971,0,0.2023511,0.1524373,0,0.05432211,0.1509914,0.0005905392,0.2016246,0,0,0.3738748,0,0,0,0,0.05994026,0,0.08594597,0,0.1943835,0,0,0.08387216,0,0,0.2248264,0,0,0.08894129,0,0,0.09660876,0,0,0.1671146,0,0,0.3557087,0,0.3651961,0,0.2717086,0,0.03023328,0.1125533,0.3293472,0.2367304,0,0.07892599,0.1172496,0,0.4734022,0,0.2375616,0,0.3603522,0.09437764,0.3563565,0,0,0,0,0.2520669,0.141834,0,0,0,0,0,0.3069458,0,0,0.2767139,0,0,0,0,0.6644788,0,0.2683704,0,0.05833694,0.6177276,0,0.2314924,0.4676718,0.01871275,0,0.04835981,0,0,0.07465242,0,0,0,0,0.07487071,0,0,0,0,0,0,0,0,0,0,0,0,0,0,0,0.4445207,
0,0,0,0,0,0,0.9208239,0,0,0,0,0,0,0,0,0,0,0,0,0,0,0,0,0,0,0,0,0,0,0,0,0,0.6808544,0,0,0,0,0,0,0,0,0,0,0,0,0,0,0,0,0,0,0,0.04255104,0,0,0.01072012,0,0,0,0,0,0,0,0.1223396,0.6648416,0,0,0,0,0,0,0,0,0,0,0,0,0.4948586,0,0,0.0238629,0,0,0.09676462,0.571013,0,0.1412768,0,0,0,0,0.8122014,0,0,0,0,0,0,0,0,0,0,0,0,0,0,0,0,0,0,0.004736132,0,0,0,0,0,0,0,0,0.1408753,0,0.602847,0,0,0,0,0,0,0,0,0,0,0,0,0,0,0,0,0,0,0,0.07522951,0,0,0,0,0,0,0,0,0,0,0,0,0,0,0,0,0,0,0,0,0,0,0,0,0,0,0,0,0,0,0,0,0,0,0,0,0,0,0,0,0,0,0,0,0,0,0,0,0,0,0,0,0,0,0.05295226,0,0,0,0,0.3692222,0.2951969,0.1735965,0,0.3360569,0,0.2685245,0,0,0,0,0,0,0,0,0,0,0,0,0,0,0,0,0,0,0,0,0,0,0,0,0,0,0,0,0,0,0,0,0,0,0,0,0,0,0,0,0,0,0,0,0,0,0,0,0,0,0,0.07862217,0,0,0,0.1136168,0.08127166,0,0,0.1830786,0,0,0,0,0,0,0,0,0,0,0,0,0.3910586,0.3812074,0,0,0,0.1335933,0,0,0,0.02238876,0,0.04003101,0,0,0.09591056,0.1863072,0.2565187,0,0.009947554,0.3373095,0,0.2904498,0.05386704,0,0.3101417,0,0.09340069,0.05958009,0,0,0,0.2810594,0,0.1779719,0.06131728,0,0,0.03939595,0,0,0.1974469,0,0,0,0,0.2456189,0,0,0,0,0,0,0,0,0,0,0,0,0,0,0,0,0,0,0,0,0,0,0,0,0,0,0,0,0,2.838776E-05,0,0,0,0,0,0,0,0,0,0,0,0,0,0,0,0,0.01672389,0.01397937,0,0,0,0,0,0,0.3366675,0.1319375,0.08806713,0,0,0,0,0,0,0.1324321,0.2217495,0.1618777,0,0.04137113,0,0.5585539,0,0.047003,0.09979627,0,0,0,0,0.3782754,0,0.2542338,0,0,0,0,0,0.2077201,0,0,0,0.1770415,0.0288785,0,0,0.07427819,0,0,0,0.01417372,0,0.248984,0.3080952,0,0,0,0.1038925,0.1597573,0.1325647,0,0,0,0,0,0.09423894,0,0,0,0,0,0.06524337,0,0,0,0,0.6225903,0,0,0.1271784,0,0,0.2475528,0,0.111212,0.219004,0.2123416,0,0,0,0.1810588,0,0,0.3013747,0.0702397,0,0,0,0,0.3324971,0.06274329,0,0.2167194,0,0,0,0,0,0,0,0,0,0,0.18967,0,0,0.2547546,0,0,0,0.07535979,0,0,0,0.3182618,0,0.003475332,
0,0,0,0,0,0,0,0,0,0,0,0,0,0,0,0,0,0,0,0,0,0,0,0,0,0,0.07676394,0,0,0,0.6886541,0,0,0,0,0,0,0,0,0,0.1195884,0,0,0,0,0,0,0,0,0,0.09436946,0.2510623,0,0,0,0,0.05266903,0,0,0,0,0,0,0,0,0,0,0,0,0,0,0,0,0,0,0,0,0,0,0,0,0.3915096,0.1489976,0,0,0.03829044,0,0,0.1353721,0,0.2261562,0.2103182,0,0.06729719,0,0,0,0,0,0,0,0,0,0,0,0,0,0,0,0,0,0,0,0,0,0,0,0,0,0,0,0,0,0,0,0,0,0,0,0.1145618,0,0,0,0,0,0,0,0,0,0,0,0,0,0,0,0,0,0,0,0,0,0,0,0,0,0,0,0,0,0,0,0,0,0,0,0,0,0,0,0,0,0,0,0,0,0,0,0,0,0,0,0,0,0,0,0,0,0,0,0,0,0,0.03046316,0,0,0,0,0,0,0,0,0,0.03239303,0,0,0,0,0,0,0,0,0,0.499666,0,0,0,0.2734181,0,0,0,0,0,0,0,0,0,0,0,0,0,0,0,0,0,0,0,0,0,0,0,0,0,0,0,0,0,0,0,0,0,0.2786185,0,0,0,0,0,0,0,0,0,0,0,0,0,0.2395987,0,0,0,0,0,0.1034911,0,0,0,0,0,0,0.1519697,0,0,0.04976897,0,0,0,0.1914788,0,0.0861548,0,0.1527773,0,0,0.2902729,0,0.1560391,0.01104341,0.04741676,0,0,0.2743825,0.104108,0.1157586,0.4857937,0.09766424,0,0,0,0.5057298,0.2237872,0,0.0007116611,0.122216,0.2272879,0.2314567,0.1432809,0.0832279,0.5654995,0,0,0.4607267,0,0,0.07673049,0,0.06243339,0,0.09576861,0.4210758,0,0,0,0,0,0,0,0,0.147137,0,0,0,0,0,0,0,0,0,0,0,0,0,0,0,0,0,0,0,0,0,0,0,0,0,0,0,0,0,0,0.06148375,0,0,0,0,0,0.07757389,0,0,0,0,0,0,0,0,0,0,0,0,0,0,0,0,0,0,0,0.2923483,0,0,0,0.08408331,0.1940199,0.2830014,0,0.3992341,0.2919126,0,0.09496751,0,0.01474317,0.09971458,0.08496828,0,0.4402598,0.01086585,0,0.2253392,0,0,0.1997574,0.09226716,0.1006643,0,0.3112212,0.3884665,0,0,0,0,0.1912897,0,0.3564097,0.1443197,0,0.7534135,0,0.2880842,0.1394239,0.06593128,0.1113581,0,0,0,0.1007691,0,0.4444261,0,0.1285576,0.04027443,0,0,0.103593,0,0,0,0.5828006,0,0,0,0,0.2118592,0,0.09006039,0.3291511,0.02609538,0,0,0.2926748,0,0.823891,0,0.4198594,0,0,0.1062352,0,0,0.3581629,0,0,0.2055889,0,0,0.07592678,0.2125346,0,0.3180332,0,0,0,0,0,0,0,0,0,0,0.2484281,0,0.2965949,0,0,0,0,
0,0.03848226,0,0,0,0,0,0,0,0,0,0,0,0,0,0,0,0,0,0,0,0,0,0,0,0,0,0,0,0,0,0,0,0,0,0,0,0,0,0,0,0,0,0,0,0,0,0.2575035,0,0,0,0.3171341,0,0,0,0,0,0,0,0,0,0,0,0,0,0,0.4572337,0,0,0,0,0,0,0,0,0,0,0,0,0,0.04672492,0,0.2118021,0,0.6188108,0.2306792,0,0.05725767,0.04110248,0.09837167,0.09895107,0,0,0,0.6913108,0,0,0,0,0,0.2917894,0,0,0,0,0,0,0,0,0,0,0,0,0,0,0,0,0,0.1861822,0,0,0,0,0,0,0,0,0,0,0,0,0,0,0,0,0,0,0,0,0,0,0,0,0,0,0,0,0,0,0,0,0,0,0,0,0,0,0,0,0,0,0,0,0,0,0,0,0,0,0.6735788,0,0,0,0,0.06908028,0,0,0,0,0,0,0,0,0,0,0,0,0,0,0,0,0.3220675,0,0,0.1402396,0,0,0,0,0,0,0,0,0,0,0,0,0,0,0.04472413,0,0,0,0,0,0,0,0,0,0,0,0,0,0,0,0,0,0,0,0,0,0,0,0,0.05514464,0,0,0,0,0,0,0,0,0,0,0,0,0,0,0,0,0.3978858,0,0,0,0,0,0,0,0,0,0,0,0.5472323,0,0,0,0,0,0,0,0,0,0,0,0,0,0,0,0,0,0,0,0,0,0,0,0,0,0.06151656,0.02244569,0.3555457,0,0.02158238,0,0,0,0,0,0.003672919,0.2257187,0,0,0.3336671,0,0.6181843,0,0.05253743,0,0.1404304,0.229977,0,0.2155081,0,0.09307341,0,0.1302257,0.1826297,0,0.06161071,0.3182503,0.2371717,0,0,0,0,0,0,0,0,0,0,0,0,0,0,0,0.2185476,0,0,0,0.3859914,0,0,0,0,0,0,0,0,0,0,0,0,0,0,0,0,0,0,0,0,0,0,0,0,0,0,0,0,0,0,0,0.06359921,0.1923847,0,0,0,0.081031,0,0,0,0,0,0,0,0,0.2607858,0,0,0,0,0,0.323624,0,0,0.2979069,0,0,0,0,0,0,0,0,0,0.4082058,0.4021504,0,0.307832,0,0.301716,0,0,0,0,0,0.2615435,0,0.2925647,0.2206966,0.06404052,0,0,0.2484461,0,0,0,0.3288143,0,0,0.0371572,0,0,0,0.1922465,0,0,0.08189352,0,0,0,0,0,0,0,0,0.4385448,0.1392829,0,0.2803626,0,0,0.1648252,0.1248611,0,0,0.3275289,0.02154405,0,0,0,0,0,0,0,0,0.1294048,0,0.06341584,0,0,0,0,0,0,0.5614594,0.2860266,0,0,0,0.5811669,0.1593484,0.05195094,0,0.2894876,0.1180792,0,0,0.06536441,0.4756441,0,0,0.09351542,0,0,0.3027679,0.05724895,0,0,
0,0,0,0,0,0,0,0,0,0,0,0,0,0,0.276405,0,0,0,0,0,0,0,0,0,0,0,0.1066369,0,0,0,0,0.04327398,0,0,0,0,0,0,0,0,0,0,0.1498103,0,0,0,0,0,0,0,0.605786,0,0,0,0,0,0,0.08470465,0,0,0,0,0,0,0,0,0,0,0,0,0,0.7543752,0,0.2640776,0,0,0,0,0.4657147,0,0.09387801,0.4320595,0,0.02397842,0.03847407,0,0,0,0,0.04706035,0,0,0.1630117,0,0,0.2677537,0,0,0,0,0,0,0,0,0,0,0,0,0,0,0.02832085,0,0,0,0,0,0,0,0,0,0,0,0,0,0,0,0,0,0,0,0,0,0,0,0,0,0,0,0,0,0,0,0,0,0,0,0,0,0,0,0,0.02651841,0,0,0,0,0,0,0.06817004,0,0,0,0.2324456,0.04607605,0,0,0,0,0,0,0,0,0,0,0.3967246,0,0,0,0,0,0,0,0,0,0,0,0,0,0,0,0,0,0,0,0,0,0.2609728,0.1961495,0,0,0,0,0,0,0,0,0,0,0,0,0,0,0,0,0,0,0,0,0,0,0,0,0,0,0,0,0.3768808,0,0,0,0,0,0,0,0,0,0,0,0,0,0.3283823,0,0,0,0,0,0,0,0,0,0,0,0,0,0,0,0,0,0,0,0,0,0,0,0,0.2384662,0,0,0,0,0,0,0,0,0,0,0,0,0,0,0.2735391,0,0,0,0.4143011,0,0,0,0,0,0,0,0.3999224,0.09834646,0.1680699,0.002281495,0,0,0,0,0,0.07176341,0,0,0,0,0,0.01217241,0.1676863,0,0.02273253,0.1639598,0.0880922,0,0.4619919,0.08828309,0,0,0.1695862,0,0.3169457,0.4005635,0.5184918,0,0,0,0.09263864,0,0,0,0,0,0.3645036,0,0,0,0,0,0,0,0,0,0,0,0,0,0,0,0,0,0,0,0,0,0,0,0,0,0,0,0,0,0,0,0,0,0,0,0.3817871,0,0,0,0.4258999,0,0,0.1844342,0.4183522,0,0,0.3601458,0,0.04334716,0,0,0,0,0,0,0.298672,0,0.1229708,0,0,0.6195553,0,0,0,0,0,0,0.5000929,0,0,0,0,0.5912712,0.2591643,0.04026514,0,0.05454503,0,0.5845416,0,0.08536586,0,0,0.3080181,0,0,0.206951,0,0,0,0.3148094,0,0,0.08357599,0.2715269,0.4926889,0,0.09374149,0.02505875,0.1955048,0,0,0,0.1367635,0.07968988,0.03615625,0,0.3364128,0.1417119,0,0.3571386,0,0.1035206,0,0,0,0,0.1936194,0.09005994,0.4614005,0.2806228,0,0.07159419,0,0,0.2158365,0,0.1232523,0.3055471,0.2210584,0,0.02656101,0.008241206,0.2217532,0.07606287,0.02224901,0.05848247,0,0,0.08881743,0,0.2263055,0.02682259,0,0.02621679,0.1257396,0.7085443,0.002916926,0,0,0,0,0,0.234198,0.2968016,0.04805644,0,0.3195207,0.1845862,0,0.09128588,0,0,0.03531744,0.7005098,0,0.3629605,
0,0,0,0,0.7213005,0.385134,0,0.3490118,1.828292,2.400527,0.9645563,0,0,0,0,0,0,0,0,0,0,0,0,0.01521844,0,0,0,0.08808064,0,0,0,0,0,0,0,0,0,0,0,0,0,0,0,0,0,0.1879366,0,0,0,0,0,0,0,0,0,0,0,0,0,0,0,0,0,0,0,0.07445382,0.2525877,0,0,0,0,0,0.3929465,0,0.1362026,0,0,0,0,0.2035677,0,0.315304,0.1814005,0.3103186,0,0,0.04897305,0.01499719,0,0.4809314,0.07415546,0.6939359,0,0,0.0136294,0,0,0,0,0,0,0,0,0,0,0,0,0,0,0,0,0,0,0,0,0,0,0,0,0,0,0,0,0,0,0,0,0,0,0,0,0,0,0,0,0,0,0,0,0,0,0,0,0.0212123,0,0,0,0,0,0,0,0,0,0,0,0,0,0,0,0,0,0,0,0,0.08852548,0,0,0.003214737,0,0,0.1625012,0,0,0,0,0,0.2146037,0,0,0,0,0,0,0,0,0,0,0,0,0,0.02064951,0,0,0,0,0.006678159,0.2544857,0,0.1990544,0.3095367,0,0,0,0,0,0,0,0,0,0,0.3238161,0.6582321,0,0,0,0,0,0.0844475,0,0,0,0,0,0,0,0,0,0,0,0,0,0.2245694,0,0,0,0,0,0,0,0,0,0,0,0,0,0,0,0,0,0,0,0,0,0,0,0,0,0,0,0,0.01985308,0,0,0,0.01132419,0,0.1686715,0,0,0,0,0,0,0,0,0,0,0,0,0,0,0,0,0,0.2363416,0,0,0,0.2258549,0.03094638,0,0.1564043,0,0.2203644,0,0,0.2179548,0,0,0,0,0.06487778,0.02325287,0,0,0,0.07719798,0.3554845,0,0,0.2556115,0.2119441,0,0,0.005227078,0.2288467,0.1479682,0.2453127,0,0,0.3306095,0,0.007900831,0,0,0,0,0,0,0,0,0.1156372,0.3130122,0.05687384,0,0,0,0,0,0,0,0,0,0,0,0,0,0,0,0,0,0,0,0,0,0,0,0,0,0,0,0,0,0,0,0,0,0,0,0,0,0,0,0,0,0.231411,0,0,0,0.1036454,0,0,0.01639543,0,0,0,0.01841405,0.26136,0.02155842,0,0,0,0,0,0.06373223,0,0,0,0.07974111,0.1836186,0,0.06115424,0,0,0.03712138,0,0,0,0.3495466,0.182661,0.820105,0.06256567,0,0.07506299,0.09679066,0.4413582,0.2527413,0,0.08549381,0.4613091,0,0.01834284,0,0.08330714,0.4831461,0.3620711,0.1294295,0,0,0,0,0.009168194,0.08561182,0.146638,0.03018964,0,0,0.1177929,0.08903133,0.1945137,0,0,0.438561,0.566266,0,0,0.2527084,0,0,0.527278,0,0.1712038,0,0,0.007570881,0,0,0,0,0,0,0,0.1264343,0.3774417,0,0,0,0,0,0,0,0.2245374,0,0.1620109,0,0,0.5241574,0,0.01991635,0,0.1441002,0,0,0,0,0,0,0.3857489,0,0,0,0,0,0.02439492,0,0.969568,0.3352022,1.72663,0.1594034,0.4690962,
0,0,0,0,0.2089496,1.741433,3.148057,3.597193,2.836934,0.4347555,0,0,0,0,0,0,0,0,0.1412039,0,0,0,0,0,0,0,0,0,0,0,0,0,0,0,0,0,0,0,0,0,0,0.4614566,0,0,0,0,0,0,0,0,0,0.3450504,0,0,0,0,0,0,0,0.209508,0,0,0,0,0,0,0,0,0,0,0,0,0,0,0,0,0.1852161,0,0.2900609,0,0,0,0,0.06035994,0,0.2634756,0,0,0,0,0.2802893,0.2025128,0,0,0,0.4610684,0,0,0,0,0,0,0,0,0,0,0,0.1383282,0.3772034,0,0,0,0.3135947,0,0,0,0,0,0.3659712,0,0,0,0,0,0,0,0,0,0.1099619,0,0,0,0,0,0,0,0,0,0,0,0,0,0,0,0,0,0,0,0,0,0,0,0,0,0,0,0,0,0,0,0,0,0,0.04272528,0,0.109568,0,0,0,0,0,0,0,0,0,0,0,0.3926741,0.01779374,0,0,0,0,0,0,0,0,0,0,0.0637731,0,0,0,0,0,0,0,0,0.07638662,0,0,0,0,0,0,0,0,0,0,0,0,0,0,0,0,0,0,0,0,0,0.1777467,0,0,0,0,0,0,0,0,0,0,0,0,0,0,0,0,0,0,0,0,0,0,0,0,0,0,0,0,0,0,0,0,0,0,0,0,0,0,0.03708736,0.2549736,0,0,0,0.1239181,0,0,0,0.3249579,0.004367298,0,0.3290725,0,0,0,0,0,0,0,0,0,0,0,0,0,0,0,0.1002636,0,0.214579,0.03121182,0,0,0,0,0.04911928,0,0,0,0.0806857,0,0,0.2768941,0,0.01719909,0,0,0.01700221,0,0,0.03029323,0.225511,0,0.0674728,0,0.03093235,0.3250516,0.6713552,0.134955,0,0,0,0,0.1125703,0,0,0,0,0,0,0,0,0,0,0,0,0,0,0,0,0.8043376,0.1156378,0,0.01527648,0,0,0,0,0,0,0,0,0,0,0,0,0,0,0,0,0,0,0,0,0,0,0,0,0,0,0,0,0,0.4447331,0,0,0,0,0,0,0.001618725,0,0,0.1886282,0.03329102,0,0,0,0,0,0,0.1285438,0,0,0,0.05173757,0,0,0.2075161,0,0,0,0,0,0,0,0,0,0,0,0.09041283,0.2041604,0.1465937,0.1365276,0.4126113,0.06675038,0,0.1702649,0,0,0,0.07940027,0.1469592,0,0.001962464,0.2023228,0,0.2787985,0.1635187,0.02277475,0,0,0.06422553,0,0,0,0,0,0.1243561,0.4390181,0,0.3090725,0.15842,0,0,0.08499023,0,0,0,0,0.1372385,0.360771,0,0,0,0,0,0,0,0,0,0,0,0,0,0.3856844,0,0.1409037,0.1179353,0,0,0,0,0.2010537,0,0,0,0.183618,0,0,0,0,0,0,0.1965997,0.133598,0.2594871,0.2119143,0,0,0.4786546,0.06118112,0,0,0,0.2207134,2.546467,0.4519792,0,0,
0.3827906,0,0,0.01832002,0,0,0.1686638,0.3585926,0,0,0,0,0,0,0,0,0,0,0,0,0,0,0,0,0,0,0,0,0,0,0,0,0,0,0,0,0,0,0,0,0,0,0,0,0,0,0.02795041,0,0.3234473,0,0,0,0,0,0,0.2010757,0,0,0,0,0,0,0,0.2801571,0,0,0,0,0,0.06044842,0,0,0,0,0,0,0,0,0,0,0,0,0.03658071,0.03833696,0,0.2259662,0,0,0,0,0.1584741,0.1995527,0.3498977,0,0.03863867,0.2912139,0,0,0.1630245,0,0,0,0,0,0,0,0,0,0.2866487,0,0,0,0,0,0.1055827,0,0,0,0,0,0,0,0,0,0,0,0,0,0,0,0,0,0,0,0,0,0,0,0,0,0.1703437,0,0,0,0,0.550099,0,0,0,0,0,0,0,0,0,0,0,0,0,0,0,0,0,0,0,0,0,0,0,0.3124619,0,0,0,0.3495924,0.1294654,0,0,0,0,0,0,0,0,0,0,0,0,0.3675926,0,0,0,0,0,0,0,0,0,0,0,0,0,0,0,0,0,0,0,0,0,0,0,0,0.4035404,0,0,0,0,0,0,0,0,0,0,0,0.1661905,0,0,0,0,0,0,0,0,0,0,0,0,0,0,0,0,0,0,0,0,0,0,0,0,0,0,0,0,0,0,0,0,0,0,0,0,0,0,0,0,0,0,0,0.1254508,0,0,0,0,0,0,0,0,0,0,0,0.07019385,0,0,0.06932221,0,0.438083,0,0,0.1951555,0.3971303,0.2032179,0,0,0.1194722,0.1714899,0.3177966,0,0,0,0.008295614,0.02546291,0,0.04175507,0,0.0007619422,0.0783072,0,0,0,0,0.1019085,0.02433576,0,0,0,0.428375,0.2540207,0.161098,0.4059236,0.04818324,0,0,0,0,0,0,0,0,0,0,0,0.31692,0.108953,0.053434,0,0,0,0,0,0,0,0,0,0,0,0,0,0,0,0,0,0,0,0,0,0,0,0,0,0,0,0,0,0,0,0,0,0,0,0,0.6218247,0,0,0.1619042,0,0,0,0.07847578,0.4522597,0,0.2913331,0,0,0,0,0,0,0.3856739,0,0.2586549,0,0,0.2681394,0,0,0.09082582,0.1389851,0,0,0,0,0,0.08216236,0,0,0,0.1351076,0,0,0,0,0.5528947,0.271769,0,0,0,0.1448813,0.2044023,0,0.1161602,0,0,0.06821074,0,0,0.315722,0.05135017,0.2886111,0.05804078,0.09208266,0,0,0.02883498,0,0.1606757,0,0,0.2526515,0,0,0,0.5928152,0,0,0.1357057,0,0,0,0,0,0,0.09858532,0,0.5805078,0,0,0,0.07765132,0,0.01524712,0.02177965,0,0,0,0,0,0,0,0.06798065,0.2322763,0.2155862,0,0.2421204,0,0,0,0,0,0,0,0,0,0.3149856,0,0,0,0.003079399,0,0.2470053,0.2775367,0.2224519,0,0.0407287,0.04867907,0.05014609,0,0,0,0.4968522,0.9876089,
0,0.1237798,0,0,0,0,0,0,0,0,0,0,0,0,0,0.0194798,0,0,0,0.1577877,0,0,0,0,0,0,0,0,0,0,0,0,0,0,0,0,0,0,0,0,0,0,0,0.0595046,0,0,0,0,0,0,0,0,0,0,0,0,0,0,0,0,0,0.002861077,0,0,0,0.6099384,0,0.09403216,0,0,0,0,0,0,0,0,0,0,0.2896244,0,0,0.04585709,0,0,0.03259172,0,0.05912383,0,0.2148107,0.06901406,0,0,0.06261125,0.4989467,0,0,0,0,0,0,0,0,0,0,0,0,0,0,0,0,0,0,0,0,0,0,0,0,0,0,0,0,0.1139896,0,0,0,0,0,0,0,0,0,0,0,0,0,0,0,0,0,0,0,0,0,0,0,0,0.1742657,0,0,0,0.4387715,0.04400637,0,0,0,0,0,0,0.1544242,0,0,0,0,0,0,0.6635137,0,0,0,0,0,0,0.1103027,0,0,0,0,0,0,0,0,0,0,0,0,0,0,0.1562824,0,0,0,0,0,0.2525824,0,0,0,0,0,0,0,0,0,0,0,0,0,0,0,0,0,0,0,0,0,0,0,0,0,0.05307955,0,0,0,0,0,0,0,0.3466108,0,0,0,0,0,0,0,0.008677238,0,0,0,0.2451208,0,0,0,0,0,0,0,0,0,0,0.06817075,0,0,0.1105448,0,0,0,0.1779364,0,0,0,0,0,0.1460665,0,0.03237646,0,0,0,0,0,0,0,0.2649655,0,0,0,0.05275254,0.1556757,0,0.1612106,0,0,0.02748668,0,0,0,0,0.01685887,0,0,0,0.09999827,0,0,0,0,0.3962241,0.06174376,0,0.1046945,0,0,0.5276307,0.109082,0.01875053,0,0,0,0,0,0,0.004833668,0.02030631,0,0,0,0,0.6942436,0,0.03540516,0,0,0,0,0,0,0,0,0.1863477,0,0,0,0,0,0,0,0,0,0,0,0,0.07723563,0,0.5302925,0,0,0,0,0,0,0,0,0,0,0,0,0,0,0,0,0,0,0,0,0,0,0,0,0.4256965,0.6371479,0,0,0,0,0.1048998,0,0.1496657,0.006365309,0,0.0002599374,0,0,0,0,0,0.1130973,0.1830907,0.2405811,0,0.230486,0.04647857,0,0.002831384,0,0,0,0.003758786,0.05588572,0.1546913,0,0.08256558,0,0,0.3777056,0,0,0,0,0.02997161,0,0,0.6678728,0,0,0,0,0.3935073,0.1805671,0,0.1178666,0,0,0.03802761,0,0,0,0,0,0.122835,0.01473936,0,0.2299092,0.06780535,0,0,0.2966582,0,0,0.07514083,0.5624995,0.8780072,0.02731374,0.2419171,0.05797337,0,0.4872164,0.04150117,0.5305468,0,0,0,0.2848944,0,0.2259258,0,0.1621188,0,0,0.0107418,0.2676208,0,0,0,0,0,0,0,0,0.03711828,0,0.1787563,0,0,0,0,0,0,0,0,0.252833,0.005925803,0,0,0,0,0,0,0,0.3670641,0,0.04992455,0,0,0.5509776,0,0,0.1760514,2.651196,
0,0,0,0,0,0,0,0,0.009474702,0,0,0,0,0,0,0,0.2583214,0.3248922,0,0,0,0,0,0,0,0,0,0,0,0,0,0,0,0,0,0,0,0,0,0,0,0,0,0,0,0,0,0,0,0,0,0,0,0,0,0,0,0.01321949,0,0,0,0,0,0,0,0,0.0006334048,0,0.3510798,0.1402288,0,0,0,0,0,0.04096517,0.03152879,0,0,0.2073253,0,0.5235537,0,0.2350479,0.02445409,0.3209654,0.2161686,0.06310564,0,0,0.1131129,0,0.5873201,0,0,0,0.06164898,0,0,0,0,0,0.3987218,0,0.4338443,0,0,0,0,0,0.05727776,0.1486565,0.2159614,0.2910876,0,0,0,0,0,0,0,0.173371,0.09906456,0,0,0,0,0,0,0,0,0,0,0,0,0,0,0,0,0.0609326,0,0,0,0,0,0,0,0,0,0,0,0,0,0,0,0,0,0,0,0,0.1045125,0,0,0,0,0.2059526,0.03023756,0,0,0,0,0,0,0,0,0,0,0,0,0,0,0,0,0,0,0,0,0.04788149,0,0,0,0,0.0248382,0,0,0,0.246881,0,0,0.07635011,0,0,0,0,0,0,0,0.07501116,0,0,0,0,0,0,0,0,0,0,0,0,0,0,0,0,0,0.0334395,0.03328328,0,0,0,0,0,0,0,0,0,0,0,0,0.1424847,0,0,0,0,0,0,0,0,0,0,0,0,0.4130314,0.08198308,0,0.1557602,0,0,0,0,0,0,0,0.05680754,0,0,0,0,0,0,0,0,0,0,0,0,0,0,0.02515273,0.2442248,0,0,0.2744578,0,0.422525,0,0,0,0,0,0.4903981,0,0.3164283,0,0,0.5859197,0,0,0,0,0.1725838,0,0,0,0.004638036,0,0,0.3890755,0,0,0.5506594,0.3521881,0,0,0,0,0,0,0,0,0,0,0,0.06935215,0,0,0,0,0,0,0,0,0,0,0,0,0,0,0,0,0,0,0,0,0,0.0546933,0.4019692,0,0,0,0,0,0,0,0,0,0,0,0,0,0,0,0,0,0,0,0,0.1912309,0,0,0.07570278,0,0.1001471,0.3643293,0,0,0,0.3034519,0,0,0.232664,0,0,0,0,0,0.1620666,0.4200335,0,0.2560208,0,0.4339766,0,0,0.1148954,0,0,0.1026423,0,0.4190563,0,0.2850921,0,0,0,0,0.491493,0.2006241,0.181208,0.1054596,0.2968537,0,0.1150364,0,0.2993541,0,0.09592278,0,0,0.1521572,0.2523136,0.1600745,0,0.1426316,0.4558686,0,0.1403252,0,0.03971457,0.02832031,0.2842311,0,0,0,0.4184096,0,0,0.0809405,0.1036773,0,0,0.09125954,0.2083539,0.2858115,0.1591447,0.04971927,0.03524253,0,0,0.0683217,0.2931108,0,0.4123156,0.1877144,0,0.4018446,0,0.2935311,0,0,0.2386322,0.4227345,0,0,0,0.6117268,0.2059468,0,0.1333367,0,0.1009252,0,0.1411417,0,0,0,0.1286687,0,0,0,0.2261374,0.06495854,0,0.3336943,0,0.5290545,0,0,0.4236386,0,0.1607001,0,0,0,0,0,0,0.2478423,0,0.8371714,
0,0.009876639,0,0,0,0,0,0,0.124869,0.003320407,0,0,0,0,0,0,0.3140226,0,0,0,0,0.36692,0,0,0,0,0,0,0,0,0,0,0,0,0,0,0,0,0,0,0,0,0,0,0,0,0,0,0,0,0,0,0,0,0.5129576,0,0.2960299,0,0,0,0,0,0.2102714,0,0,0,0,0,0,0,0,0,0,0,0,0.5063978,0,0,0,0.2470267,0.4363477,0,0.09674715,0,0,0,0,0.1576751,0,0,0,0.478561,0,0.07490794,0,0,0.06338631,0.2177075,0,0,0,0,0,0,0,0,0,0,0,0,0,0,0,0,0,0,0,0.2023757,0.09396612,0,0,0,0,0,0,0,0,0,0,0,0,0,0,0,0,0,0,0,0,0,0,0,0,0,0,0,0,0.06118956,0,0,0,0,0,0,0,0,0,0,0,0,0,0,0,0,0,0,0,0,0,0.4295612,0,0,0.1280994,0,0,0,0,0,0,0,0,0,0.02936124,0,0,0,0.1031333,0,0,0,0,0,0,0.007316243,0,0,0,0,0,0,0,0,0,0,0,0,0,0,0,0,0,0,0,0,0,0,0,0,0,0.06312985,0.4332479,0,0,0.1215587,0,0.1980138,0,0,0,0.1213551,0.3899061,0,0,0,0,0,0,0.349247,0,0,0,0,0,0,0,0,0,0,0,0,0,0,0,0,0,0.06378768,0,0.05574942,0,0,0,0,0,0,0,0,0,0,0,0,0,0,0,0,0,0,0,0,0,0,0,0.5332145,0.2154931,0.3313857,0,0,0.2198436,0,0.1676694,0,0,0.1123419,0.2713914,0,0.2850452,0.1153802,0,0.1045333,0.1645304,0.09006456,0.3496611,0.1721784,0,0.1016098,0,0.1170757,0,0.1799388,0.01236815,0,0.2212743,0.005687125,0.595965,0,0,0.6001321,0.6465437,0,0,0.1691086,0,0,0,0,0,0.1675794,0,0,0,0,0,0,0.09421703,0,0,0,0,0.5231623,0,0,0,0.392289,0.6367896,0,0,0,0,0,0,0,0,0,0,0,0,0,0,0,0,0,0,0,0,0,0,0,0,0,0,0.02720264,0,0.009973235,0.2660964,0.1080066,0.01983624,0.3747413,0,0,0,0,0.07175018,0,0,0.005687377,0,0,0.1960502,0.0639834,0.1660894,0.07216422,0.2660171,0,0.02966293,0.01405811,0.3126255,0,0,0,0,0.0266529,0,0,0.3381287,0,0,0.5978032,0.1895724,0.3266456,0.1564621,0.08967477,0.2945945,0,0,0.2782176,0,0,0.009406942,0,0,0,0,0.1239816,0,0,0,0,0.2037307,0.4280874,0.4530188,0,0,0,0,0.04070014,0.7350324,0,0,0,0.03981511,0,0.2139404,0.01957691,0.4909249,0,0.07236802,0,0,0.08644579,0,0.4584189,0,0,0.6412456,0,0,0.2261522,0.01200677,0,0,0.08207585,0,0.20783,0.1209823,0.1122915,0.3415621,0,0.2048586,0,0,0.0145594,0.2983623,0,0,0,0,0.7088929,0.03019092,0.1457913,0.09132947,0.07150132,0,0.0669224,0,0.03351644,0.2238471,0,0,0,0.683377,0.09609987,0.2991546,0.07301092,0.2844196,0.3285621,0.0147554,0.5217805,0.1301285,0.4726509,0.6349222,0,
0,0,0,0,0,0,0.07958829,0,0,0,0,0,0,0,0.1725615,0,0.2055799,0,0,0,0,0,0,0,0,0,0,0,0,0,0,0,0,0,0,0,0,0,0,0,0,0,0,0,0,0,0,0,0,0,0,0,0,0,0,0,0,0,0.157572,0,0,0,0,0.07168565,0.09411836,0,0,0,0,0,0,0,0.1909915,0,0,0.5016596,0,0.6187072,0,0.03693706,0,0,0,0,0,0,0.03844626,0,0,0.3720112,0.03410737,0,0.1288695,0.1215209,0.1220417,0.1232889,0,0,0,0,0,0,0,0.2272074,0,0,0,0,0,0,0.2272152,0,0,0,0,0,0,0,0,0,0,0,0,0,0,0,0,0,0,0,0,0,0,0,0,0,0,0,0,0.2134721,0,0,0,0,0,0,0,0,0,0,0,0,0,0,0,0,0,0.3146195,0,0,0,0,0,0,0,0,0,0,0.06049592,0,0,0,0,0,0,0,0,0,0,0,0,0,0,0.0948943,0,0,0,0,0,0,0,0,0,0,0,0.2020778,0,0,0,0,0,0,0,0,0,0,0,0,0,0,0,0,0,0,0,0.2600971,0,0,0,0,0,0,0,0,0,0,0,0,0,0,0,0,0,0,0,0,0,0,0.07649163,0,0,0,0,0.4525228,0,0,0,0,0,0,0.02921053,0.2699395,0,0.04271402,0,0.04722473,0.1296502,0,0,0,0,0.02296235,0,0,0,0,0,0,0.06080444,0,0,0,0,0,0,0,0,0,0,0,0,0,0,0.06572076,0.07661681,0.06122436,0,0.2347642,0,0.120968,0.387233,0,0.3382224,0.1426013,0.08095776,0,0,0,0,0,0.05079651,0,0,0.194432,0.3037262,0,0,0,0.2817433,0.1529737,0,0,0,0,0,0,0.02595171,0.6673034,0,0,0.06104955,0,0,0.03007214,0.296343,0,0.222776,0.1566291,0,0,0,0,0,0,0,0,0.3416528,0,0,0,0,0,0,0,0,0,0,0,0.1146916,0,0,0,0,0,0,0,0,0,0,0,0,0,0.1311326,0,0,0,0,0,0.1350637,0,0.08842947,0,0,0,0,0,0,0.04023336,0.01477658,0,0,0,0,0,0.07182095,0,0,0,0,0,0,0,0,0,0.03904004,0.4497135,0.1797612,0,0,0,0,0.1861123,0.06531326,0,0,0,0.3557083,0,0,0,0,0,0,0,0.3172135,0,0.1123241,0.2752788,0.05654681,0.1532976,0,0.474009,0,0,0,0,0,0.2017408,0.1909609,0,0.03940055,0,0,0,0,0.1524117,0,0,0,0.03232285,0,0,0,0.1820935,0,0,0,0,0,0.115331,0,0.4183539,0,0,0,0,0,0.2127365,0,0,0.4240912,0.1171085,0,0,0,0.005403573,0,0,0,0,0,0,0.05442876,0.2863236,0.2751752,0.2927839,0.1805521,0.2378083,0,0.05936616,0,0.564302,0,0,0.1525777,0.2936521,0.4747726,0.1068301,0.211347,0,0,0.2517759,0.008177689,0,0.9126837,0.5329646,0.1777161,0.005254437,0.2421741,0,
0,0,0,0.0268754,0,0,0,0,0,0,0,0.3210096,0,0,0,0,0,0,0,0,0,0,0,0,0,0,0.03706562,0,0,0,0,0,0,0,0,0,0,0,0,0,0,0,0,0,0,0,0,0,0.2718912,0,0,0,0,0,0,0,0,0,0,0,0,0,0,0,0,0,0,0,0,0,0,0,0,0.2791301,0,0.5241985,0,0,0.01753571,0,0,0,0.3642496,0,0,0,0.05638514,0,0.0490017,0.1768256,0,0.008779262,0.6815028,0.2118474,0,0,0,0.07622606,0,0,0,0.2788291,0,0,0,0,0,0,0,0,0,0.09849502,0,0.5040666,0,0.3412155,0,0,0,0,0,0,0,0,0,0,0,0,0,0,0,0,0,0,0,0,0,0,0,0,0,0,0,0,0,0,0.256134,0,0,0,0.06388733,0,0,0,0,0,0,0,0,0,0,0,0,0,0.03659684,0,0,0,0,0,0,0.02331895,0,0,0,0,0,0,0,0,0,0,0,0,0,0,0,0,0,0.3086847,0,0,0,0.02528298,0,0,0,0.4470839,0,0,0,0,0,0,0,0,0,0.3238375,0,0,0,0,0,0,0,0,0,0,0,0,0,0,0,0,0,0,0,0,0.2024492,0,0,0,0,0,0.3367585,0,0.5617799,0.01675318,0,0,0,0,0,0,0,0,0.1898547,0,0,0.3097759,0.2617294,0,0,0,0,0,0,0.098931,0.1574419,0,0,0.4720227,0,0,0,0,0,0.2380651,0,0,0,0,0,0,0,0,0,0,0,0,0,0.03986682,0,0.266853,0,0.07460661,0,0,0,0.1999246,0,0,0,0,0,0.05348522,0,0.05526763,0,0,0.1147683,0,0,0,0.1693789,0.1234845,0,0.2569606,0,0,0.2520536,0.1738429,0,0,0.02205357,0,0,0,0,0,0.005054602,0,0,0,0,0,0,0,0,0.3033285,0,0,0,0,0,0.07294481,0,0,0.05641657,0,0,0,0,0,0,0,0.4405544,0,0,0,0,0,0.3039588,0,0,0,0,0,0,0.2512809,0,0.4391327,0,0,0,0,0,0,0.08592499,0.06769802,0.05768006,0.2920267,0.2495079,0.3642992,0,0.2536758,0.1321054,0.4925936,0,0,0,0.2285317,0.2822505,0.04048062,0.05193296,0.005891743,0.003076693,0,0,0,0,0,0.1745264,0.1284371,0,0.2613789,0.1800327,0,0.297454,0,0,0,0,0,0,0.7017714,0,0,0,0,0,0.3823456,0,0.1000508,0,0.4776668,0.1796068,0,0,0.02335479,0.01295008,0,0.02373987,0.2861397,0,0.02678107,0.1214234,0,0,0,0.353387,0.08284347,0.3230923,0.08815126,0,0.3340465,0,0.03519308,0.217233,0.07028709,0.4599953,0.4030211,0.1251671,0,0.04063889,0,0.2579104,0.1039598,0.005394348,0,0,0.1623905,0.2106639,0,0,0,0.1225988,0,0,0,0,0,0,0,0,0,0,0.06765493,0,0,0,0,0.1368865,0.5015849,0,0,0,0,0,0.4481697,0,0.3119877,0.1515486,0.08508628,0.002255287,0,0.04363939,0.4180546,0.1556328,0.06906035,0,0.3920244,0,0,0.1911937,0,0.3506826,0,0.06718291,0.01230916,
0,0,0,0,0,0.06219561,0.2048338,0,0,0,0,0,0,0,0,0,0,0,0,0,0,0,0,0,0.1056914,0.3055148,0,0,0,0,0,0,0,0,0,0,0,0,0,0,0,0,0,0.1233016,0,0,0.3769792,0,0,0,0,0,0,0,0.6195491,0,0,0,0,0,0,0,0,0,0,0,0,0,0,0,0,0,0,0,0.2264474,0,0,0,0,0,0,0.1110316,0,0,0.02139545,0.08586354,0,0,0,0,0,0,0,0.4909443,0.14866,0.2990659,0,0,0,0,0,0,0,0,0,0,0,0,0,0,0,0,0,0,0,0,0,0,0,0,0,0,0,0,0,0,0,0.09568095,0,0,0,0,0,0,0,0,0,0,0,0,0.539441,0,0,0,0,0,0,0,0,0,0,0,0,0,0,0,0,0.3426445,0,0.07730053,0,0,0,0,0,0,0,0.1959626,0,0,0,0,0,0,0,0,0,0.3563034,0,0.0381946,0,0,0,0,0,0,0,0,0,0,0,0.02639504,0,0,0,0,0.1225793,0,0,0,0,0,0,0,0.2693694,0,0,0,0,0,0,0,0.4307825,0,0,0,0,0,0.2656571,0,0,0,0,0,0.659141,0,0,0,0,0,0,0.007719581,0,0,0,0.1200418,0.1987066,0.1137165,0,0,0.3351693,0,0,0,0,0,0,0,0,0.1039198,0.03750482,0.005833699,0,0.3718548,0.0122875,0,0,0,0,0,0,0,0,0,0,0.1694289,0,0,0,0,0,0,0,0,0,0,0,0.2071706,0,0,0,0.1323335,0,0,0,0.02755614,0,0.5985764,0.4091808,0,0,0.0338831,0,0,0.4454671,0,0,0,0,0,0.4363022,0.142552,0,0,0,0.1200873,0.1139312,0.3837695,0.008137108,0,0,0,0.00561907,0.01391782,0,0,0,0.07039379,0.2048791,0,0,0,0,0,0,0,0,0,0.04534484,0,0,0,0,0,0,0,0,0,0,0.2178249,0,0,0,0,0,0,0,0,0,0,0,0,0,0,0.2256145,0,0,0.1046734,0,0.08482764,0.4077055,0.06934197,0.2414272,0,0,0.02982119,0.1022276,0.1489585,0.2642203,0,0,0.05517224,0.175391,0,0,0,0.6542938,0.1880095,0.07330565,0,0,0,0.2005737,0,0.1283938,0,0.3870595,0.3590215,0,0.3501919,0,0,0.06406385,0,0,0,0,0,0,0.05881899,0.07632456,0,0,0.1563604,0,0.1860778,0,0,0.08472738,0.2044648,0,0.2917311,0,0,0.2336058,0.05413586,0,0.7285154,0.44534,0.06060166,0,0.2294071,0.02680473,0,0.1626335,0,0,0,0,0.03266418,0.1060829,0,0,0,0.07159823,0,0,0.03514908,0.4459299,0.2958779,0.1522369,0,0,0.1256844,0,0,0.3157418,0,0,0.1960994,0,0,0.3839669,0.2238037,0.2522233,0.2765777,0,0,0,0,0,0.200579,0,0,0,0,0.5470334,0,0.03589427,0,0,0,0.3635431,0.06259455,0.1719759,0,0,0.7012425,0.1178153,0,0,0,0,0,0.1441189,0.2816079,0.008091096,0.2779647,0,0.3168978,0.336273,0.2309686,0,0,0,0.01762302,0,0,0.1714764,0,
0.003801701,0.3726388,0,0,0,0,0,0,0,0,0,0,0,0,0,0,0.1172403,0,0,0,0,0,0,0.1070982,0,0,0,0,0,0,0,0,0,0,0,0,0,0,0,0,0,0,0,0,0.413716,0.1876632,0,0,0,0,0,0,0,0,0,0.1122232,0,0,0,0.04191479,0,0,0,0,0,0,0,0,0,0.1576439,0.2217473,0,0,0,0,0,0,0,0,0,0,0,0.1182469,0.1110177,0,0.2262283,0,0,0.01197789,0,0.3792828,0,0,0,0,0,0.2361392,0,0,0,0,0,0.110321,0,0,0,0,0,0,0,0,0,0,0,0.07054929,0,0.05437962,0,0,0,0,0,0,0,0,0,0.1747945,0,0.3383618,0.08957975,0,0,0,0,0,0,0,0,0,0,0,0,0,0,0,0,0,0,0,0,0,0,0,0,0,0,0,0,0.4219165,0,0,0.03115911,0,0,0,0,0,0,0,0,0,0,0,0,0,0,0,0,0,0,0,0.1904525,0,0,0,0,0,0,0,0,0,0,0,0,0.2448043,0,0,0,0,0,0,0,0,0,0,0,0,0,0,0,0,0.04422233,0,0,0,0,0,0.3485216,0,0,0,0,0,0,0.05225543,0,0,0,0,0.3970139,0.06357519,0,0,0.3543152,0.1089113,0.2119254,0,0.07304878,0,0,0,0.1744028,0,0.03155375,0.02799701,0,0,0.2427759,0,0,0.2342251,0,0,0.02490772,0,0.09003211,0,0.6815774,0,0,0.4299048,0,0.4827329,0,0,0,0,0,0,0,0,0,0.1815341,0,0,0,0,0.358378,0,0,0,0.1591189,0,0.1052211,0.5270325,0.08092014,0,0.2712949,0.08297735,0,0,0.07870807,0.2923954,0.09088403,0,0,0.09005892,0,0.3277642,0.07645278,0,0.2624297,0,0,0,0.4538448,0.0394709,0.05678573,0,0.1675096,0,0,0.1037759,0,0.2127587,0,0,0.9326283,0.1887095,0,0,0.01747723,0,0,0.06396601,0,0,0,0,0,0,0,0.5599063,0,0.009329562,0,0,0,0.0424352,0,0,0,0,0,0.4501461,0,0,0,0,0,0,0,0,0,0.6296108,0,0,0,0,0,0,0,0,0,0.1145891,0,0,0.1888759,0,0,0.1500918,0.06041986,0,0.35707,0,0,0,0,0.2362682,0.3148715,0,0,0.0450348,0,0.1973029,0.1234927,0,0.07933863,0.1176904,0,0.2148488,0,0.1781453,0,0.04153451,0.1045136,0.06554147,0,0,0,0,0,0,0.1173025,0.1290632,0.4891475,0.01820497,0,0,0,0.2528403,0.5042471,0.04408596,0,0,0.04127139,0,0.192958,0,0,0,0,0.1757679,0.07118935,0.145418,0,0,0.01453845,0,0,0,0,0,0,0,0.8664903,0,0.1894875,0,0.1171184,0,0.08882318,0.2456986,0.3767124,0,0.08912861,0.06522516,0.2125255,0,0,0,0.00678361,0.006875514,0.01353445,0.07724758,0,0,0,0.1376711,0.1866806,0.1173537,0,0,0,0,0.08390744,0,0.4077111,0,0,0,0.02346939,0,0.4308638,0,0.2271663,0,0,0,0,0.2797993,0,0,0,0,0.01032533,0.2624632,0.4016706,0.8896384,2.559979,0.03228884,0.07128338,0,0,0,0,0.0752415,0,0.1280656,0,
0,0,0,0,0,0,0.08572169,0,0,0,0,0,0,0,0,0.5417138,0,0.03566038,0,0,0,0,0,0,0,0,0,0,0,0,0,0,0,0,0,0,0,0,0,0,0,0,0,0,0,0,0,0,0,0,0.129531,0,0,0,0,0.002587473,0,0,0,0,0,0,0,0,0.3089651,0,0,0,0,0,0,0,0,0.2608072,0,0,0,0,0,0,0,0,0,0,0.4090061,0,0,0.05786747,0,0,0,0,0,0,0,0,0,0,0,0,0,0,0,0,0,0,0,0,0,0.3428305,0.4739595,0,0,0,0,0,0.1046002,0,0,0,0,0,0,0.02533258,0,0,0,0,0.4373689,0.3518119,0,0,0,0,0,0,0,0,0,0,0,0,0,0,0,0,0,0,0,0,0,0,0,0.001020945,0,0,0,0,0.6254909,0,0.0698581,0,0.1018818,0,0,0,0,0,0,0,0,0.07971797,0,0,0,0.04433513,0,0,0,0,0,0,0,0,0,0,0,0,0,0,0,0,0,0,0.1221507,0,0,0,0,0,0,0,0,0,0,0,0,0,0,0,0,0,0,0,0.3645179,0,0,0,0,0,0,0,0,0.2079117,0,0,0.05147476,0,0.02168298,0,0,0,0.08023994,0.1238798,0,0,0,0,0,0,0.4912532,2.906577,0.2188247,0,0.09004818,0.04474676,0,0,0,0.4889274,0,0.3074475,0,0.08824912,0,0,0.177777,0,0,0.15247,0,0,0.07359897,0,0,0,0,0,0.7180098,0,0,0,0,0,0,0,0.566213,0,0,0,0,0.03483766,0.03519515,0,0,0.1649406,0,0.007068852,0.08763015,0,0,0,0.3341128,0,0.1439087,0.3284343,0,0,0.02890895,0.08416372,0,0.1744146,0,0,0,0,0.1114288,0,0,0,0,0,0,0,0,0,0.008423615,0,0.123917,0,0.4695823,0,0,0,0,0,0.3776003,0,0,0.1514825,0,0,0,0,0,0,0,0.01403863,0.2161874,0,0,0.2432555,0,0,0,0,0,0,0.3915887,0,0,0,0,0,0.05349936,0.375873,0,0,0,0,0,0.1185597,0,0,0,0.2966101,0,0.01731479,0,0.07295983,0,0.2839712,0.1456501,0.0244872,0,0,0.225228,0.02954667,0,0.1942805,0.03697303,0.03246656,0.04439329,0.6203797,0,0.2878533,0,0,0,0.4518879,0,0,0,0,0,0,0,0,0.1468362,0.0787435,0,0.1516573,0.3054682,0.1102666,0,0,0.1200657,0,0,0.005656671,0.2149939,0,0,0.3898433,0,0,0.2953824,0,0.1696049,0.2348815,0.5537324,0.02335672,0.09002186,0,0,0.03935362,0.380788,0.1037086,0.209703,0.1833236,0,0,0,0,0.00964984,0.3183928,0,0,0,0,0.2953148,0.5863435,0,0.2475064,0,0.326699,0.004707713,0,0.3372857,0,0.3598064,0,0,0.05675837,0.02981318,0,0,0,0,0,0.2095104,0,0.4122432,0,0.01917601,0.323328,0.0939211,0.03902625,0,0,0.06453263,0,0.3685372,0.277972,0,0,0.1089936,0,0.3001768,0.03740111,0.06689902,0,0.2384795,0,0.3619605,0.3773035,0,0,0,0.7394114,0.02784311,0,0,0,0,0,0.1243204,0.08257252,0.2008262,0,
0,0.2402009,0,0.2142756,0,0,0,0,0,0.3423414,0,0,0,0,0,0,0,0,0,0,0,0,0.1328227,0.1314687,0,0.01428443,0,0,0.1831885,0,0,0,0,0,0,0,0,0,0,0,0,0,0,0,0,0.4082412,0,0,0,0,0,0,0,0,0,0,0,0,0,0,0.06604303,0,0,0,0.01841818,0,0.3617149,0,0.09030347,0.2558059,0.1174936,0,0,0,0,0,0,0,0.1297946,0,0.08756264,0,0,0,0.5247828,0.01525562,0,0.1459866,0.005068874,0.2984964,0,0,0,0,0,0,0,0,0,0,0.2844534,0,0,0,0.04357529,0,0,0.0009719279,0.3255199,0,0,0,0,0,0,0.3138856,0.4096546,0,0,0.05095509,0,0,0,0,0,0.1414041,0.03068881,0,0,0,0,0.0315886,0,0,0,0,0,0,0.0965635,0.08781539,0,0,0,0,0,0,0,0,0,0,0,0,0,0,0,0,0.09675762,0,0,0,0.02150551,0,0,0,0,0,0.001964311,0,0,0,0,0,0,0.4303817,0.3480112,0,0,0,0,0,0,0,0,0,0,0,0,0,0,0.2365376,0,0,0,0,0,0,0,0,0,0.1300776,0.05249883,0.002352002,0,0,0,0,0,0,0,0,0,0,0,0,0,0,0,0,0,0,0.2216734,0,0.2206499,0,0,0,0,0,0,0.5561768,0,0,0.379166,0,0.1727609,0,0,0,0.2719521,0.3573355,0.447569,0.836262,0.0002220724,0,0,0,0,0.3349433,0,0,0,0,0.3230299,0.2393187,0,0,0.4092397,0,0,0,0,0,0,0.3496906,0,0,0.04839216,0,0,0,0,0,0,0.2458724,0,0,0,0,0.1262158,0,0,0,0.1375678,0.02004135,0.05119481,0,0,0,0.08779962,0,0,0,0,0,0,0,0.07714944,0.4752171,0,0,0,0,0.4655108,0.1040867,0,0.3688594,0,0.02678717,0,0.1112238,0.1110912,0,0.03078449,0.3127272,0,0,0,0.2265693,0.05199004,0.2499266,0,0,0,0,0.3013967,0,0,0,0,0,0,0,0.1951476,0,0,0,0.09732976,0,0.2406158,0,0,0,0,0,0,0,0,0,0,0.1446807,0,0,0,0.3270996,0.4278184,0.01971483,0.1688865,0,0.1680515,0,0,0,0.09014734,0.4666022,0,0,0.06255919,0,0,0.005101137,0,0,0,0,0,0,0,0,0.1363914,0.3700452,0,0.08398093,0,0.6021155,0.03456235,0,0,0,0.1223748,0.02687076,0,0.19467,0.1855449,0.3329986,0.4657304,0.1023987,0,0.2206621,0,0,0,0.2779971,0.4528063,0.01753992,0.2475928,0,0.2027715,0,0,0,0,0,0.06059078,0,0,0,0,0,0,0,0.1509404,0,0.0536932,0,0,0,0,0,0,0,0.630219,0,0.3066905,0,0,0.0001166339,0.1088318,0.05682836,0,0,0.2681304,0,0.1066384,0,0.002407935,0,0.0649773,0.04325398,0,0.203496,0,0,0.2978966,0,0.3309023,0.1211685,0,0.0947132,0.1324161,0,0.563978,0,0,0,0,0,0.4445333,0,0.173002,0,0,0.01315654,0,0,0,0,0.07404234,0,0,0,0.1852171,0,0,0.07988241,0.6481783,0,0.06715413,0.0473018,0.548491,0,0.2900851,0.1125919,0,0,0.3979734,0.00502034,0,0,0,0.3535252,
0,0.0623006,0.0295872,0.1146932,0,0,0,0,0.2079176,0,0,0,0,0,0,0,0,0,0,0,0.003694253,0,0,0,0.2036708,0,0,0,0.2774537,0,0.5122941,0,0.111892,0,0,0,0,0,0,0,0,0,0,0,0,0,0,0,0,0,0,0,0,0,0,0,0,0,0.2659066,0,0,0,0,0,0,0,0,0,0,0,0,0,0,0.2041118,0,0,0,0,0,0,0,0,0,0,0,0.01425064,0,0,0,0,0.1226745,0,0,0,0,0,0,0.1590459,0,0,0,0,0,0,0.04731589,0,0,0,0,0,0,0,0,0.2946697,0,0,0.2913697,0,0,0,0,0,0,0.1838936,0,0,0.3322834,0.2832477,0,0.7111672,0.7787292,0,0,0,0,0.7613655,0,0,0,0,0,0,0,0,0,0,0.3746385,0,0,0,0,0,0,0,0,0.3346009,2.951267,1.07417,1.1291,0.2690158,0.7691142,0,0,0,0.2308653,0,0,0,0,0,0,0,0,0,0,0,0.05977857,0.5997774,0,0,0,0,0,0,0,0,0,0,0,0,0,0,0,0.2225357,0,0,0,0,0,0,0,0,0,0,0,0,0,0,0,0.5422353,0,0,0.0495224,0,0,0,0,0,0,0,0,0,0.268822,0,0,0.2307069,0,0,0,0,0,0.2030463,0.04250391,0.001660372,0,0,0,0,0,0,0,0.4284211,0,0,0,0,0,0,0,0,0,0,0,0,0,0.3397672,0,0.138032,0,0,0.1668852,0,0,0,0,0,0.2884471,0.1173443,0,0,0,0,0,0,0,0,0,0.1012688,0,0,0.1901702,0.04058463,0.07752694,0,0.02089111,0.2488635,0.05450689,0,0.1379675,0,0.2243008,0,0.1944061,0.1217594,0.05560547,0.6444176,0,0.1981643,0.1614684,0,0.05403395,0,0.1113511,0.2359876,0.079367,0,0,0,0,0.02527049,0,0,0,0,0,0,0,0,0,0,0,0.1286767,0,0,0,0,0,0,0,0,0,0,0,0,0,0,0,0,0,0,0,0,0,0,0,0,0,0,0,0,0,0,0,0,0,0,0,0.09541944,0.008982582,0,0.7116945,0.3110874,0.2497414,0,0.4500608,0.02575744,0,0.3566265,0,0.07648674,0,0,0,0.216012,0,0.1822448,0,0.07911786,0,0,0,0.1601952,0,0,0,0.3110332,0,0,0.03123469,0.0268715,0.2159606,0,0.4915454,0.0482885,0,0,0.1872002,0.05700003,0,0.128921,0,0.1102309,0.2862686,0.04353861,0.3026845,0,0,0.02033471,0.06587382,0,0.09536162,0.3915996,0.11121,0,0,0,0.4424801,0.0007656086,0,0.109785,0,0,0,0,0,0,0,0.276075,0,0,0.2486481,0.1670971,0.3073792,0.1390435,0,0,0.2235012,0,0,0,0,0,0,0.01184081,0.1988546,0,0,0,0.1448635,0,0,0,0,0.4335025,0,0,0,0,0.002733675,0,0.3035565,0,0.1032323,0,0.217578,0,0,0,0.0442051,0,0,0,0,0.4971902,0,0,0,0,0,0,0,0,0,0.4023298,0.1064213,0,0,0.06024252,0,0,0,0.1191154,0.4828272,0.05255048,0.1339819,0,0,0,0.08721066,0,
0,0,0,0,0,0,0.1004322,0,0,0,0,0,0,0,0,0,0,0,0,0,0,0,0,0,0,0,0,0,0,0,0.1078981,0,0,0,0,0,0,0,0,0,0,0,0,0,0,0,0,0.5194691,0,0,0,0,0,0,0,0.03623132,0,0,0.02382786,0.4988803,0,0,0,0,0,0,0,0,0,0,0,0,0,0.001423075,0,0,0,0,0.04941095,0,0,0,0.4796369,0,0,0,0,0,0,0,0,0,0,0,0,0,0,0,0,0,0,0,0,0,0,0,0,0,0,0,0.3950616,0,0,0,0,0.8510358,0.02811526,0,0,0,0,0,0.1134338,0,0,0,0,0,1.042085,0,0,0,0,0,0,0,0,0,0,0,0,0,0,0,0,0,0,0,0,0,0,0,0,0,0,0,0,0,0,0.2270661,0,0,0,0,0,0,0,0,0,0,0,0,0,0,0,0,0,0,0.7311278,0,0,0,0.06303982,0,0,0.04245174,0,0,0.05549035,0,0,0,0,0,0,0,0.4395891,0,0,0,0,0,0,0,0,0,0,0,0,0,0,0.2931435,0.3599581,0,0,0,0,0,0,0,0.09856255,0,0,0,0.1326442,0,0,0.2173018,0.2287478,0.1169884,0,0,0,0,0.4645855,0.1863137,0,0,0,0,0,0,0.1952478,0,0,0,0,0,0,0,0,0,0,0,0,0,0,0,0,0,0.1322981,0.1913987,0.318092,0,0.2270913,0.4482836,0,0,0,0,0.1500352,0,0,0,0,0.01321857,0,0,0.1823395,0.4487835,0.003903446,0.03179825,0.05067394,0.1502979,0,0.3812117,0.2884453,0,0.3947259,0.2412694,0,0.01749496,0,0,0,0,0.6568682,0.06226154,0,0,0,0,0,0.09005193,0.330369,0.2820463,0,0,0.1595639,0.117626,0.07048123,0,0,0.08120715,0.3036153,0,0.3176533,0.1269108,0.08130605,0.430977,0.09061524,0,0,0,0.2031372,0.3264627,0,0,0,0.3439493,0,0,0,0,0,0,0,0,0,0,0,0,0,0,0,0,0,0,0,0,0,0,0,0,0,0,0,0,0,0,0.2666774,0,0,0,0.03694148,0,0.5628982,0.0253206,0,0.08352475,0,0.07337243,0.1660933,0.3841343,0.3122981,0.1095322,0,0,0.1418335,0.01528955,0,0,0,0.08774505,0.1740908,0,0.07402971,0,0,0,0,0,0.07411255,0.05286942,0,0,0.2351984,0.1872728,0.1653304,0,0,0,0,0,0.2304512,0.3178592,0.04378402,0.4265182,0,0,0,0,0,0.239524,0,0,0,0.09718978,0,0,0,0.3866358,0,0.2774799,0,0,0,0,0,0.1252315,0,0,0.114511,0.1906604,0.5006439,0,1.425072,0,0,0,0,0,0,0.2942468,0,0.121431,0.1108752,0,0,0,0.1333202,0,0.4385306,0,0,0,0.05479276,0,0.4570374,0.1665626,0,0.4076031,0,0,0,0.06635123,0.2842021,0,0.3420166,0,0,0,0,0,0,0.5451798,0,0,0,0,0,0,0.3344248,0,0.100501,0.4356599,0.4328637,0.242103,0,0.1665566,0.1267879,0,0.2565113,0,0,0,0.05616681,0,0,0,
0,0,0,0,0,0,0,0,0,0,0,0,0.242508,0,0,0,0,0,0,0,0,0,0,0,0.1563694,0.07488606,0,0,0,0,0,0,0,0,0,0,0,0,0,0,0,0,0,0,0,0,0,0.2496448,0,0,0,0,0,0,0,0,0,0,0,0,0,0,0,0,0,0,0.3443522,0.07702984,0,0,0,0,0,0,0,0,0,0,0,0,0,0,0.0274665,0,0.07446197,0,0,0,0,0,0,0,0,0,0,0.3155515,0,0,0,0,0,0,0,0,0.2395445,0,0,0,0,0,0,0,0,0,0,0,0,0,0,0,0,0,0.04357224,0,0,0,0,0,0,0,0,0.02535387,0,0,0,0,0,0,0,0,0,0,0,0,0,0,0,0,0.1574186,0,0,0,0,0.09804668,0,0,0,0,0,0,0,0.3203966,0.1408813,0,0,0,0,0,0,0,0,0,0,0,0.1149623,0,0,0,0,0,0,0,0,0,0,0,0,0,0,0,0,0,0,0,0,0,0,0,0,0.4729315,0.7168365,0,0.147201,0,0,0,0,0,0,0,0,0,0.5021247,0,0,0.02897606,0,0,0.04875808,0,0,0,0,0,0,0,0,0,0,0.2240653,0.1782556,0,0.1661635,0.3113959,0,0,0,0.1576046,0,0,0,0,0,0,0,0,0,0,0,0,0,0,0,0,0,0,0,0.1521351,0,0,0.2442707,0,0,0,0,0,0,0.09721737,0.3163054,0.1266219,0.07923827,0.1312971,0.1382152,0,0,0.1659179,0.1282379,0,0,0,0.2312585,0,0,0,0,0.5566055,0,0.1703005,0,0,0,0,0,0.1732076,0,0.4492069,0,0,0,0,0,0.05793741,0,0.2103228,0,0,0,0.2406419,0,0,0,0,0.2499043,0,0.05290142,0,0,0,0.29474,0,0,0.002531153,0,0,0,0,0,0,0,0,0.1225746,0,0.09608108,0,0,0,0,0,0,0,0,0,0,0,0,0,0,0,0,0,0,0,0,0,0,0.1489203,0.01192669,0.2532987,0,0,0,0.1935977,0.2719316,0.5587974,0,0.06020379,0,0,0,0,0.0316194,0,0,0,0.6393605,0.4524032,0,0,0,0.167277,0.3458498,0,0,0.1320275,0,0,0.06471552,0,0,0,0.2650526,0,0,0,0.1776353,0.04675085,0,0,0.2745948,0.2049607,0.1611476,0.03236275,0,0,0,0.07940409,0.1068648,0.08697913,0,0.3295023,0,0.1448335,0.08343352,0,0.1486248,0,0,0,0.2445876,0,0.3400288,0,0,0.1761645,0.4932998,0,0,0.1659957,0,0,0,0,0.06271122,0.4867046,0.2617875,0,0.3892171,0.6789637,0.212431,0,0,0,0,0,0,0,0,0,0,0,0.2570972,0.1508323,0,0.2495045,0.1656308,0,0,0,0,0,0.08307665,0.04284525,0,0,0.2149311,0.3461382,0,0,0,0.05124125,0,0,0,0.007094738,0,0,0,0,0,0,0,0.1143985,0,0.3250071,0,0,0.2010319,0.0119135,0.4025669,0,0.1201865,0,0,0,0,0,0.00422398,0,0,0.1812399,
0,0,0,0,0,0.05329277,0,0,0,0,0,0,0.03169055,0,0,0,0.06827462,0.2483782,0,0.03119647,0,0,0,0,0,0,0,0,0,0,0,0,0,0,0,0,0,0,0,0,0,0,0,0,0,0,0,0,0,0,0,0,0.4610849,0.1546262,0,0.2896505,0,0,0,0.2096485,0,0,0,0,0,0,0.1110561,0,0,0,0,0,0.1222853,0,0,0,0,0,0,0,0,0,0,0,0,0,0,0,0,0,0,0,0,0,0,0.1449735,0,0,0,0.1142053,0,0,0,0,0,0,0,0,0,0,0,0,0,0,0.165529,0,0,0,0.2083462,0,0.5873097,0,0,0,0.1089539,0,0,0,0,0.2277782,0,0,0,0,0.3022776,0,0,0,0,0,0,0.007585756,0,0,0,0,0,0,0,0.5582587,0.2617097,0,0,1.005202,0,0.1038208,0,0,0,0,0,0.561159,0,0,0,0,0,0,0,0,0,0,0.217809,0,0.02736045,0,0,0,0,0,0,0,0,0,0,0,0,0,0,0,0,0,0,0,0,0,0,0,0,0,0,0,0,0,0,0,0,0,0,0,0,0,0,0,0,0,0,0,0,0.08161254,0,0,0,0,0.1355496,0,0,0,0.2855923,0,0,0,0.2961265,0,0.1366701,0.514847,0,0,0,0,0,0,0,0,0,0,0,0,0,0,0,0,0,0,0,0,0,0,0,0.02545376,0.5831564,0,0,0,0.1457094,0,0,0,0,0,0.6154169,0,0,0,0.3136433,0.1785565,0,0.3249625,0.02583717,0,0.1494625,0,0,0.06824514,0.1017547,0,0,0.2624839,0.1751731,0,0,0,0,0,0,0,0.08874985,0.07963961,0,0,0.3057256,0.1309196,0,0,0,0.2802427,0.5167597,0,0.02108074,0.1251254,0.1499596,0.1440372,0.1237219,0,0,0,0,0,0,0,0,0,0,0,0.1530316,0,0,0,0,0,0,0,0,0,0,0,0.06157134,0,0,0.00170654,0,0,0,0,0,0,0,0,0,0,0,0,0,0,0,0,0,0,0,0,0.1124304,0,0.1161363,0.6494012,0,0.02050696,0,0.3457651,0,0.07792732,0,0,0.1227522,0.006235932,0,0.2130131,0,0.2408447,0,0.009619487,0,0,0.0322571,0,0,0.3329633,0.127975,0,0,0.2900936,0.3605478,0,0,0.3364809,0.08460811,0,0,0,0,0,0.1906971,0.05161012,0.1869597,0,0,0.1129385,0.4347535,0.381936,0.4558965,0.04686369,0,0,0,0,0.3382778,0.2046275,0,0.1453324,0,0.2332417,0.1201654,0.03103329,0,0,0.05284117,0.07555823,0,0,0,0,0,0.1315044,0.2825648,0,0.3844439,0,0,0.001426718,0,0.2525533,0.01545614,0,0,0.2628132,0.5815393,0.1964276,0,0.4540505,0,0,0,0,0,0,0,0,0.2649558,0,0.3151114,0.2781357,0,0,0.1804362,0.2573588,0,0.2982072,0.1971786,0,0,0,0,0,0,0,0.03388848,0.01323584,0,0.1402023,0,0.09223979,0.3592979,0.3810357,0,0.3727272,0.03116205,0.2049423,0.1388759,0,0,0,0,0.2657762,0.3010525,0,0,0,0,0,0.2563552,0.4432042,
0,0,0,0,0,0,0,0,0,0,0,0,0,0,0,0.03559776,0,0,0,0,0,0,0.1344457,0,0,0,0,0,0,0,0,0,0,0,0,0,0,0,0,0,0,0,0,0,0,0,0,0,0,0,0,0,0,0,0,0,0.2335299,0.283212,0,0,0,0,0,0,0,0,0,0,0,0,0,0,0,0,0,0,0,0,0,0.01188232,0,0,0,0,0,0,0,0,0,0,0,0,0,0,0,0,0,0,0,0,0,0,0,0,0,0,0,0,0,0,0,0,0,0,0,0,0,0.08669985,0,0,0,0,0,0,0,0,0,0,0,0,0.005916169,0,0,0,0,0.06265833,0,0.1275995,0,0.058054,0,0.1333998,0.1125845,0,0.05766391,0,0.2878114,0.1973128,0.1740438,0,0,0,0.2467915,0,0,0,0,0.2878068,0,0,0,0.5239962,0,0,0,0,0,0,0,0,0,0,0.2248137,0,0,0,0,0,0,0,0.2039881,0,0,0,0,0,0,0,0,0,0,0.06197226,0,0,0,0,0,0,0,0,0,0,0,0,0.7271907,0,0,0,0,0,0,0,0,0,0,0.04348368,0,0,0.153337,0,0,0,0,0,0,0.1242998,0,0,0,0,0,0.3999829,0,0,0,0,0.03787247,0,0,0,0,0,0,0,0,0,0,0,0,0,0,0,0,0,0,0.4371172,0,0,0,0,0,0.2315258,0,0.3158193,0.3225371,0,0,0.04195838,0,0,0,0,0,0,0.3748306,0,0,0,0.320549,0.1388592,0.4619254,0.1869463,0.2103517,0,0.464103,0.2546481,0.09902656,0.1049388,0,0.215258,0.2165492,0.2536775,0,0,0,0.06079,0.1271779,0,0,0,0.1620521,0.001338921,0.1673129,0,0,0,0.1996561,0.2554341,0.6892594,0,0.0959752,0,0,0,0,0.2472686,0.04253911,0,0,0.2476416,0,0,0,0,0.03677205,0,0,0,0,0,0.01086626,0,0,0,0,0,0,0,0,0,0,0,0,0,0,0,0,0,0,0,0,0,0,0,0,0,0.1125284,0.01603014,0,0.06258183,0,0,0.1442769,0.2240809,0.4707556,0,0,0.5936095,0,0,0.07605968,0,0.2483853,0.3313212,0,0.05625147,0,0,0.1874794,0,0,0,0.1102945,0.05657258,0.02629759,0.161726,0,0,0,0,0.1662923,0,0.2872579,0,0,0.003593684,0.1781273,0,0.05746173,0,0,0,0,0.4144698,0.2060307,0,0.2058412,0,0,0.832992,0,0.05524949,0,0.3126715,0.203596,0,0,0,0,0,0,0,0.3205521,0,0.09801301,0,0,0.3524587,0.2650741,0,0,0,0,0,0.1426667,0,0,0.006182449,0.6247577,0.2582333,0,0,0,0.2629781,0,0,0,0,0.06877998,0,0,0,0,0.1566499,0,0.08443308,0,0.09491794,0.1619676,0,0.1428351,0.01825683,0.02752112,0.1401325,0,0,0,0,0,0.1369472,0.1953266,0,0,0,0,0.3228848,0,0.506777,0,0.2713551,0,0,0,0.008460818,0.1622514,0,0.5996768,0,0.2098515,0,0.1661062,0.01524561,0.03343379,0.2484767,0,0,0.1915464,0,0.2278775,0,
0,0,0,0,0,0,0,0,0,0,0,0.0910715,0,0,0,0,0,0,0,0.1176325,0,0,0,0,0,0,0,0,0,0,0,0,0,0.08781042,0.08744785,0,0,0,0.3181857,0,0,0,0,0.259707,0,0,0,0,0,0,0,0,0.2190993,0,0,0,0,0,0,0,0,0,0,0,0,0,0,0.057868,0,0,0,0,0,0,0,0,0,0,0,0.1832241,0,0,0,0.06918267,0,0,0,0,0,0,0,0,0,0,0,0,0,0,0,0,0,0,0,0,0,0.3815956,0,0,0,0.41322,0,0,0.007036696,0,0,0,0,0,0,0,0,0,0.06872162,0,0,0.2092106,0,0,0.3237016,0,0,0.1393649,0,0,0,0.2308092,0,0.3961456,0.2916132,0.1284943,0.1432054,0,0.10594,0.0003377153,0,0,0,0.2072673,0.449564,0,0,0.7138374,1.321765,0.2014906,0,0.3825932,0,0,0,0,0,0,0,0.2583998,0.153475,0,0,0,0,0,0,0,0,0,0.3900994,0,0,0,0.05707693,0,0,0,0,0.02160124,0.2057133,0,0,0,0,0,0,0,0,0,0,0,0,0,0.1575914,0,0,0,0,0,0,0,0,0,0,0,0,0,0,0,0,0,0,0,0,0,0,0,0,0,0,0,0,0,0,0.1026061,0,0,0.3026865,0,0,0,0,0,0,0,0,0,0,0,0,0,0,0,0,0,0,0,0,0,0,0,0.4595232,0,0,0,0.2322327,0.4879894,0,0,0.004618673,0,0,0,0.09421127,0.006442155,0,0,0.3420021,0.1448307,0.1893961,0.002621863,0.3316968,0.4502254,0,0.07838137,0,0.3138781,0,0,0,0.2375614,0.08596604,0.8328065,0,0,0.01066226,0.1448361,0.08346328,0,0.2237782,0,0,0.06767081,0,0,0,0.4609013,0,0,0,0.06948645,0,0.6133272,0,0.09873363,0.003621902,0,0,0,0.03050425,0,0,0,0,0,0,0,0,0.09774967,0,0,0,0,0,0,0,0,0.2550397,0,0,0.1341405,0,0,0,0,0,0,0,0,0,0,0,0,0,0,0,0,0,0,0,0,0,0.1882708,0.5522274,0,0,0,0,0,0.2922452,0.01638922,0.3389276,0,0,0,0,0,0,0,0.1199782,0,0.001931173,0.06146051,0,0,0.2324465,0.2431701,0,0,0.3011376,0,0.0007095573,0,0,0,0,0,0.07015809,0.2107406,0,0,0,0,0,0,0,0,0,0,0.02433192,0,0.4715421,0.06301953,0,0.1192229,0,0,0,0,0,0.3800437,0,0,0.0451724,0,0,0,0.4116871,0,0.3095225,0,0.2367933,0,0,0,0,0.225449,0,0.7878952,0.2319061,0.2172319,0.06278712,0,0.2690901,0,0,0.2299174,0,0,0.2842237,0,0,0,0,0.299865,0.371231,0,0,0,0.04750531,0.3383602,0.3925909,0,0.1122404,0,0.3333567,0.3223182,0,0,0,0.3241257,0,0.02957906,0,0.2507257,0,0,0,0,0,0,0,0.08226874,0,0.3320549,0.0892483,0.2738304,0,0,0,0,0,0.1279502,0.02965829,0.3977396,0,0,0,0.1288373,0.3171863,0,0.4974543,0,0,0.0357724,
0,0,0,0,0,0,0,0,0,0,0,0.1651479,0,0,0.04554678,0,0,0,0.09789163,0,0,0,0,0,0,0,0,0,0,0,0,0,0,0.06157046,0,0,0,0,0,0,0,0,0,0,0,0.1470104,0,0,0,0,0,0,0,0,0,0,0,0.04849993,0,0,0,0,0,0,0,0,0,0,0,0,0,0,0,0,0,0,0,0,0,0,0,0,0.1336497,0,0.1533352,0,0,0,0,0,0,0,0,0,0,0,0,0.2799123,0,0,0,0,0,0,0,0,0,0.1089549,0,0,0,0,0,0,0,0,0,0,0,0,0,0,0,0,0,0,0.1152916,0,0,0,0,0,0,0.09698846,0,0.001543834,0,0.170624,0,0,0,0,0.3034209,0.5533825,0.4626574,0,0,0.05652814,0.0338821,0.07325094,0,0,1.529346,1.381572,0,0,0,0,0,0,0,0,0,0.6871165,0,0.1895202,0,0,0,0,0,0,0,0,0,0,0,0,0,0,0,0,0,0,0,0.4372838,0,0,0,0,0,0,0.2216163,0,0,0,0,0.042983,0,0,0,0,0,0,0,0,0,0,0.003958382,0,0,0,0,0,0,0.3109156,0,0.3351228,0,0,0.097685,0,0,0.01376182,0,0,0,0,0.754222,0,0,0,0,0,0,0,0,0,0,0,0,0,0,0,0,0,0,0,0,0,0,0.7355692,0,0,0,0,0,0,0,0,0,0,0,0,0.2704064,0,0.4834832,0,0.4543709,0,0.5199003,0,0.03352217,0.153985,0.1886836,0.04773643,0,0.05623983,0.2455559,0,0.2275978,0,0.2147601,0,0,0,0,0,0.2690145,0.1284147,0,0,0,0.05198638,0,0.6621915,0.1155264,0,0,0,0.4953765,0,0,0,0,0,0,0,0.231245,0.1223706,0,0,0.04926291,0,0,0,0,0,0,0,0,0,0,0,0,0,0.1385263,0,0,0,0,0,0,0,0.09906773,0,0,0,0,0,0,0,0,0,0,0,0,0,0,0,0,0,0,0,0,0,0.3570838,0.2126718,0,0,0,0.3261674,0.04053566,0,0,0,0,0,0,0.01167806,0.1883131,0,0,0.3280236,0.08215133,0,0,0,0,0,0,0.2874443,0.3666954,0.03848759,0,0.190759,0,0,0.6979197,0.2167376,0,0.189852,0.001166672,0,0,0,0.1262814,0,0.1235266,0.120278,0.0828659,0,0.03622835,0.2762915,0,0.03072313,0.002260836,0.17654,0.01889154,0,0,0,0.1093092,0.4706709,0,0,0,0,0.1991336,0.04701713,0.07403385,0,0,0,0,0,0,0.145239,0,0,0.1780809,0,0,0.2257286,0,0.03971457,0,0.7731404,0,0,0.4114762,0.1443239,0,0.2010882,0.04689375,0,0,0,0.3316406,0.1573912,0,0,0,0,0,0,0.3718908,0,0,0,0,0.04973602,0,0.262719,0.04955605,0.3250721,0.2216112,0.1640436,0.0805611,0.1957676,0,0.2213156,0,0,0.1225859,0,0,0.08767243,0.09478953,0.2842046,0,0,0,0.1101585,0,0.139567,0,0.0121738,0,0,0.02844709,0.03157228,0.01712999,0,0.2104631,0.1169167,0,0.462014,0.3595125,0,
0,0.2072391,0,0,0,0,0,0,0.03784588,0,0,0,0,0,0.02281873,0,0.1652111,0,0,0,0,0,0,0,0,0,0.08247544,0,0,0,0,0,0,0,0,0.01139546,0,0.1426085,0,0,0,0,0,0,0,0,0,0,0.05346434,0,0,0,0,0.07022448,0,0,0.2497363,0,0,0,0,0,0,0,0,0,0,0,0,0,0,0,0,0.1088652,0.05501951,0,0,0.1127218,0,0,0,0,0,0,0,0,0,0,0,0,0,0,0,0,0,0,0,0,0,0.008070331,0,0,0,0,0,0,0,0,0,0,0,0,0.3585894,0,0,0,0,0,0,0,0,0,0.3095952,0,0,0.3666206,0.02782871,0.1088733,0,0,0,0,0.1204583,0,0.2120021,0.5446878,0,0.2705461,0,0.1813408,0.1663184,0,0.1202042,0,0.7165256,0,0,0.2341098,0.1404746,0,0,0,0,0,0,0,0,0,0,0,0,0,0.3210669,0,0.6656899,0,0,0,0.1115692,0,0,0,0,0,0,0.1243174,0.09294973,0,0,0,0,0,0.2786032,0,0,0,0,0.07018068,0,0,0,0,0,0,0,0.1443671,0,0,0,0,0,0,0,0,0,0.2279706,0.1203355,0,0,0,0,0,0,0,0,0,0,0,0,0,0,0,0,0,0,0,0,0,0,0,0,0,0,0,0,0,0,0,0,0,0,0,0,0,0,0,0,0,0,0,0,0,0,0,0,0,0,0,0,0,0,0,0.358409,0.1548441,0,0,0,0,0,0,0.2675466,0.1571522,0.02643085,0,0.1676574,0,0.1753955,0,0,0.3725774,0,0,0,0,0,0.3948475,0.01981748,0,0.3360946,0.2090334,0,0.070651,0,0,0.1475741,0,0,0.2971571,0.05428866,0.5717964,0.2382101,0,0,0,0.08929376,0.09960959,0,0,0.5542508,0,0,0.2127163,0.1542816,0,0,0.1637883,0,0,0,0,0,0,0,0,0,0.1250664,0,0,0.2669178,0,0,0,0.07872164,0.1329734,0.2794143,0,0.03421887,0,0,0,0,0,0,0,0,0,0,0,0,0,0,0,0,0,0,0,0,0,0,0.1269752,0,0,0,0.1076254,0,0,0,0,0.3325694,0,0,0,0,0,0.1213759,0,0,0,0,0,0.0009939449,0.07091147,0.0524644,0.1518957,0.0003325164,0.004034029,0.2440391,0,0,0,0,0.1176621,0,0.04391941,0,0,0,0,0,0,0,0.1298927,0,0.008082681,0,0,0.1819692,0,0,0.1735786,0,0.3317951,0,0.2667592,0,0,0,0,0,0,0,0,0.06381218,0,0,0,0.005307946,0,0,0,0.1377105,0,0,0,0,0,0,0.5827367,0,0,0,0,0.06511271,0.05182831,0,0,0,0,0.1260146,0,0.3930475,0.3514802,0,0,0,0.1612653,0,0,0,0.4098321,0.2369871,0.07238519,0.006623309,0,0,0.3413917,0,0.2436723,0,0.2467241,0.002616017,0,0,0.08898837,0,0,0,0.3079825,0,0.1943979,0,0,0.3490253,0.169279,0.03953062,0.3475855,0,0,0,0,0,0.07147798,0,0,0,0,0,0,0,0.4296176,
0,0,0,0,0,0,0,0,0,0,0,0,0,0,0,0,0,0,0,0,0,0,0,0,0.01016542,0.1290271,0.09745681,0.04076179,0,0,0,0,0,0,0,0,0.4580932,0,0,0,0,0,0,0.4293078,0,0,0,0,0,0,0,0,0,0,0,0,0,0,0,0,0,0,0,0,0,0,0,0,0,0,0,0,0,0.1064303,0,0,0,0,0,0,0,0,0,0,0.3980152,0,0,0,0,0,0,0,0,0,0.006017666,0,0,0,0,0,0,0.1611665,0,0,0,0,0,0,0,0,0,0,0,0,0.3484968,0,0,0,0,0.3504877,0,0,0,0.1116933,0,0,0.1239968,0,0.2108586,0,0,0,0,0,0,0,0,0.07960997,0,0,0,0,0,0.3457036,0,0,0,0,0.1267075,0.3920582,0.3393976,0,0.2970131,0,0,0,0,0,0.2554056,0,0,0,0.4349212,0,0,0,0,0,0,0,0,0,0,0,0,0.004076093,0,0,0,0.2497024,0,0,0.3827308,0,0,0,0,0,0,0,0,0,0,0,0,0,0,0,0,0.1865956,0,0,0,0,0.1225279,0,0,0,0,0,0,0,0,0.05837753,0,0,0,0,0,0,0,0,0.2511229,0,0,0,0,0,0,0,0,0,0,0,0,0,0,0,0,0,0,0,0,0,0,0,0,0,0,0,0,0,0,0,0,0,0,0,0,0,0,0,0.1210377,0,0,0,0,0,0,0,0.02355903,0,0,0,0,0.04237074,0,0,0.1758181,0,0.3453996,0,0.1253534,0,0.1181632,0.2135563,0,0.09712127,0.2700028,0,0.006371518,0,0,0,0,0,0.1933653,0,0.373285,0.4032774,0.2520876,0.1312443,0.398406,0.007835374,0,0.1952354,0,0,0,0.2393636,0,0,0,0.4708841,0.1987476,0,0,0.2014968,0.1382574,0.08605718,0.1503976,0,0,0,0.0503891,0,0.4803726,0.04362103,0,0.174006,0,0,0,0,0,0,0,0,0,0,0,0,0,0,0,0,0,0,0,0.1946205,0,0,0,0,0,0,0,0.2460174,0,0.1428507,0.02106085,0,0,0,0.1715889,0,0.06888224,0.2730725,0,0.1547052,0,0,0.124763,0.2343212,0,0,0,0.2060133,0.1872218,0,0,0,0,0.1961407,0.1850443,0.3390453,0.1593572,0.134756,0.02014839,0,0.1713454,0,0.3107966,0,0.3484864,0,0.1034558,0.6056546,0,0.1334492,0,0.3573187,0,0.1435028,0,0,0,0,0.03013062,0.2900347,0.2819015,0.7906091,0,0,0.3589225,0.03773845,0,0,0.1849609,0,0,0,0.11418,0.3319219,0.2843915,0.02422333,0.2063893,0.1092946,0,0,0.02592396,0,0,0.01618001,0,0.1117934,0.1254401,0,0.03066442,0.1619045,0,0.006756723,0.6234177,0,0,0,0,0.1225147,0,0.1995402,0,0.08325674,0,0.0349901,0.1623918,0,0,0.01423757,0,0.3809127,0,0,0,0.3478225,0,0.2521986,0.2318027,0,0,0.2631452,0,0,0.02117512,0,0.05483063,0,0.3443727,0.03622411,0,0.01504562,0,0,0.1107146,0,0,0.4125861,0,0,0.4554253,0,0.1019274,0,0,0.04065531,0,0.1644535,0,0.03973221,0,0.141207,
0,0,0,0,0,0,0.07437532,0,0,0,0,0,0.06104679,0,0,0,0,0,0,0,0,0,0,0,0,0,0,0,0,0,0,0,0,0,0,0,0,0,0,0,0,0,0,0,0,0,0,0,0,0,0,0,0,0,0,0,0,0,0,0,0,0,0,0.1745894,0,0,0,0,0,0,0,0.2052214,0,0,0,0,0,0,0,0,0,0.0896959,0,0,0,0,0,0,0,0,0,0,0,0,0,0,0,0.0439522,0,0.1830715,0,0,0,0,0,0,0.2172249,0,0,0,0,0,0,0,0,0,0,0,0.2679444,0,0,0,0,0,0,0,0,0.3227312,0.06390861,0,0,0,0,0.1740712,0,0.1063183,0,0,0.19695,0,0.076547,0,0.000609058,0.1238854,0,0,0,0.08101894,0,0,0.5963463,0,0,0,0,0.476588,0,0,0,0,0,0,0,2.452793,0,0,0,0,0,0,0,0,0,0,0.0896087,0,0.2545874,0.103829,0,0,0,0.19511,0,0,0,0,0,0,0.03711969,0,0,0,0,0,0,0.1414916,0,0,0,0,0,0,0,0,0.4004727,0,0,0.05477057,0,0,0,0,0,0,0.1306522,0,0.114967,0,0,0,0,0,0,0,0,0,0,0,0,0,0,0.4701802,0,0,0,0,0,0,0,0,0,0,0.1757314,0,0,0,0,0,0,0,0,0,0,0,0,0,0,0,0,0,0,0,0,0,0,0,0,0,0,0,0,0,0,0,0,0.09400512,0,0,0.1019662,0,0.17347,0,0.2009536,0,0,0,0,0.5228875,0,0.2241693,0,0.3221911,0.08666705,0,0,0.2639609,0,0,0.3452788,0,0,0,0,0,0,0.3330753,0.10298,0.1994455,0,0.05476414,0,0,0,0,0.1196974,0,0,0,0.339558,0,0,0,0,0,0,0.007284561,0,0.0377189,0,0,0,0,0,0,0,0,0,0.2293024,0.1737213,0,0,0,0,0,0,0,0,0,0,0,0,0,0,0,0,0,0,0,0.1027753,0,0,0.02497269,0.001227374,0,0.161856,0,0.1415242,0.6879978,0,0.06246828,0,0,0,0,0,0,0,0,0.3110375,0,0,0.2225976,0.1092838,0,0.4264027,0.1131648,0,0.08610334,0,0.05078835,0,0,0.07931289,0,0,0.3157955,0.08657727,0,0,0.2751313,0.004798604,0,0.3755222,0,0,0.2503673,0,0,0.3657913,0.05804921,0,0,0.2650951,0,0,0.1716202,0,0.06664291,0.02099939,0,0,0.5952139,0,0.436929,0,0,0.09253921,0.1067895,0,0,0,0,0,0.08868667,0,0,0,0,0,0.2934045,0.06890506,0,0,0,0,0,0,0,0.0607682,0.5469871,0.01293835,0,0.3734742,0.2767221,0.04741012,0.1463915,0,0,0,0.03812942,0,0.1805466,0,0,0.2103773,0.01437033,0.03631988,0,0,0,0.1023906,0,0,0.07835166,0.3244492,0.00418351,0,0.1069331,0.01870172,0.0234089,0,0,0.4742267,0,0.2509371,0,0.1590178,0,0,0,0.1754562,0,0.4906905,0,0,0.2150815,0.4968493,0,0.009462903,0,
0,0,0,0,0,0,0,0,0,0,0.03315099,0,0,0,0,0,0,0,0,0,0,0,0,0,0,0.0369532,0.01785648,0,0,0,0,0,0,0,0.1903866,0,0,0,0.09885544,0,0,0,0.05309481,0,0,0,0,0,0,0,0.2023658,0,0,0,0,0,0,0,0.1158813,0,0,0,0,0,0,0,0,0,0,0,0,0,0,0,0.2152198,0,0,0,0,0,0,0,0,0,0,0,0,0,0,0,0,0,0,0,0,0,0,0,0,0,0,0,0,0,0,0,0,0,0,0,0,0,0,0.2987606,0.09299365,0,0,0,0,0,0,0,0.2376931,0.2835985,0,0,0,0,0.166891,0,0,0,0.2085122,0,0,0,0,0,0,0.2934278,0.08784827,0,0,0,0,0,0,0,0,0,0,0,0.3343841,0,0,0.00951754,0,0,0.6909685,0.501928,0,0,0,0,0,0,0,0,0,0,0,0,0,0,0,0,0,0,0,0,0,0.01413373,0,0,0,0,0,0,0,0,0,0.231272,0,0,0,0,0,0.513467,0,0,0.4087416,0,0,0,0.1616042,0,0,0,0,0,0,0,0,0,0,0,0,0,0.2065796,0,0,0,0,0,0,0,0,0,0,0,0,0,0,0.02858111,0,0,0.06303524,0,0,0,0,0.3981382,0,0,0,0,0,0,0,0,0,0,0,0,0,0,0,0,0,0.1674069,0,0,0,0,0,0,0,0,0,0,0,0,0,0,0,0.1791182,0,0,0,0.07862642,0.1940518,0,0,0.01737527,0.1787919,0,0.06828805,0.09188603,0,0,0,0,0,0,0,0.152105,0.3563199,0,0,0.1464781,0.575991,0.1161338,0.1449947,0.07441471,0.3905233,0.1177755,0.05431441,0.569077,0.01735989,0,0,0,0,0.1551809,0,0,0.3089311,0.2517289,0.1376475,0.4988092,0,0.5198985,0.3615947,0,0.4755871,0.06160747,0,0,0,0,0,0,0.2743208,0.1469723,0,0,0,0.141645,0,0,0.03820356,0.4728227,0,0,0,0,0.2070446,0,0,0,0.4998562,0,0,0,0,0,0.2864006,0,0.4039007,0,0,0,0.1039949,0,0,0,0,0.2850711,0.07130848,0,0.1820539,0,0,0,0,0,0,0,0.3839603,0,0,0,0,0.2810652,0,0,0,0.06150928,0.04887972,0,0.2657861,0,0,0.2578216,0,0.00576621,0,0,0,0,0,0.0970526,0,0.1354889,0.5554867,0,0.2529181,0,0.03890014,0,0.2128164,0.146141,0,0.1729078,0,0,0,0,0,0,0,0,0.2252118,0.1080278,0,0,0.6254125,0.1868459,0,0,0,0,0,0,0,0.2114366,0.1150805,0,0.4017779,0,0,0.009563541,0,0,0,0,0.1942383,0,0.03417271,0,0,0,0.2754693,0.010606,0,0.09038285,0,0,0.2339724,0,0,0,0.2554542,0.113294,0,0,0.01928509,0.1980294,0,0,0,0.1331072,0,0,0.1885817,0.1140053,0,0.002181017,0,0,0,0,0,0,0.062655,0,0.2183018,0,0.3789333,0,0,0,0.2661629,0.04008826,0,0,0.2395069,0,0,0,
0,0.1274743,0,0,0,0,0,0,0.203161,0,0,0,0,0,0,0,0,0.1158642,0,0,0,0,0,0,0.4036373,0,0,0.1289806,0,0,0,0.114005,0,0,0,0,0,0.2220818,0,0,0,0,0,0,0,0,0,0,0,0.1635133,0,0,0,0,0,0,0,0,0,0,0,0,0,0,0,0.3983321,0,0.2012852,0,0,0,0.02174108,0,0,0,0,0,0,0,0,0,0,0,0,0,0,0,0,0,0.3171383,0,0,0,0,0,0.03977006,0,0,0,0,0.2487201,0,0,0,0,0,0,0,0,0,0,0,0,0,0,0,0,0,0,0.05981173,0,0,0.1742027,0,0,0.4178852,0,0.1224228,0.08971792,0,0,0.1632637,0,0,0,0,0,0,0,0,0.2518481,0.04072811,0,0,0,0,0,0,0,0.3249532,0,0,0,0.02244832,0,0.2900549,0,0,0,0,0,0,0.2928352,0,0.2451717,0,0.007171406,0,0.004594893,0,0,0,0,0,0.16723,0,0,0,0,0,0,0,0.07408664,0,0,0,0,0.04124133,0,0,0,0,0,0.1225431,0.8732285,0,0,0,0,0.1068143,0,0,0,0,0.1219989,0,0,0,0,0,0,0,0,0,0,0,0,0,0,0,0,0,0,0,0,0,0.01581285,0,0,0,0,0,0,0,0,0,0,0,0,0,0,0,0,0,0,0,0,0.07826927,0,0,0,0,0,0,0,0,0,0,0,0,0,0,0,0,0,0,0,0,0,0,0,0,0,0,0,0,0,0.03301783,0.06056004,0.3621149,0,0.1095518,0,0,0,0,0.02926225,0,0.242809,0,0,0.1170119,0.06963805,0.3184611,0,0.3372628,0,0.2163303,0,0.1935956,0,0,0,0,0,0.3402838,0,0,0.171445,0,0.1691649,0.1987977,0.3304312,0.1562269,0,0,0.2682132,0,0.1524263,0,0.001955486,0,0,0,0,0.1866976,0,0.1175928,0,0,0,0,0,0,0,0,0,0.4597775,0,0,0.5365549,0,0.1523538,0.1635201,0,0,0,0,0,0,0,0,0,0,0,0,0,0.1785254,0,0,0.03647858,0.2753139,0,0.1952859,0,0,0.1084782,0,0,0,0.1242074,0.1208437,0,0.0817276,0.01454708,0.111806,0,0,0,0.04327574,0,0.2504137,0.4744037,0,0,0,0,0.08455112,0.1122045,0.07832817,0.07946112,0.7449882,0.1535149,0,0,0.2283369,0,0.7662855,0.04839071,0,0.05102723,0.2180089,0,0,0.2722114,0,0.1782906,0.1081559,0.1084543,0.07644577,0,0,0,0.008338832,0,0,0,0,0.2060017,0,0,0.09374539,0.1967773,0,0,0.1754156,0.5484626,0,0.01815077,0,0,0.2899094,0,0,0.04783678,0,0,0,0,0,0.09440833,0,0,0.521083,0,0.2007751,0.02934865,0,0,0,0,0.01639847,0.2804462,0.1391378,0,0,0.04114921,0.1685734,0,0,0.3695897,0,0,0,0,0,0,0,0,0,0,0.08954367,0.08989126,0,0,0,0,0,0.1814701,0,0,0,0,0,0,0,0.113835,0.1642168,0.2733163,0.3509013,0,0.02571309,0,0,0,0.2689808,0,0,0.1485403,0.327711,
0,0,0,0,0,0,0,0,0,0,0,0,0,0,0,0,0,0,0,0,0,0,0,0,0,0,0,0,0,0,0,0,0,0,0,0,0,0,0,0,0,0,0,0,0,0,0,0,0,0,0,0,0.1774476,0.006866013,0.1493043,0,0,0.1008111,0.05343918,0.4174156,0.1023705,0.1814453,0,0,0,0,0,0,0,0,0,0,0,0,0,0.08691396,0,0,0,0.1200167,0,0,0,0,0,0,0,0,0,0,0,0,0,0,0,0,0,0,0.2072604,0,0,0,0,0,0,0,0,0,0,0,0,0,0,0,0,0,0.02642746,0.2187436,0,0,0.02912721,0,0,0,0,0.3298413,0,0,0,0,0,0,0,0,0,0,0,0,0,0,0,0,0,0,0,0,0,0,0,0,0,0,0,0,0,0,0,0,0,0,0,0,0,0,0,0,0,0,0,0,0,0,0,0.02264911,0,0,0,0.04567236,0,0.02434188,0,0.09470963,0,0,0,0,0,0.093034,0.3549797,0,0,0,0,0,0,0,0,0,0,0,0.1992614,0.4197078,0.07237069,0.06254809,0,0.03528776,0,0,0.01340722,0.4235056,0,0,0,0,0,0,0,0,0,0,0,0,0,0,0,0,0,0,0,0,0,0,0,0,0,0,0,0,0,0,0,0,0,0,0,0,0,0,0,0,0,0,0,0,0,0,0,0,0,0,0,0,0,0,0,0,0,0,0,0,0,0,0,0,0,0,0.2695113,0.007423197,0,0.05602934,0,0,0,0,0,0,0.1824577,0.1084727,0.04861129,0.2153191,0.5817408,0,0,0,0.002444109,0,0.01592464,0,0,0.0684444,0,0,0.025144,0,0.04089753,0,0.07436475,0.1056912,0,0,0,0,0.3397445,0.2149885,0.3712844,0,0,0,0,0.1559865,0.1970558,0.06525168,0.2848069,0,0,0,0.1284717,0,0,0,0,0.01791715,0,0.05341211,0,0,0,0,0.2008277,0,0,0.1408753,0,0.2406115,0.1447507,0,0.1206772,0.08764246,0,0,0,0,0,0,0.002674538,0,0.06437895,0,0,0,0,0.4352912,0.6432797,0.2603496,0.05875053,0,0.1493848,0,0.04814477,0.2972959,0.1125873,0,0.4602089,0.05936388,0.2377035,0.01872795,0,0.257344,0,0,0,0,0.1039943,0.2230966,0,0.1186513,0.415756,0,0.0197857,0,0,0.2498866,0.1123503,0.1153254,0,0.016436,0,0,0,0.4576156,0,0,0,0.3235026,0.2414833,0,0,0,0,0,0.1978421,0.262356,0,0,0,0,0,0,0.07021524,0,0.01798082,0.0128672,0,0.005499823,0,0,0,0.4452842,0.02031637,0.1184161,0,0.2744748,0,0,0,0,0.08626169,0.4507335,0.0541149,0.1640363,0,0,0.1545925,0,0,0.3557671,0,0.1593546,0,0,0,0.2376815,0.006076188,0.3880328,0.03744192,0,0,0,0,0,0.2065469,0.5695282,0.2552307,0,0.01003265,0,0,0,0.5911294,0.0618706,0.049173,0,0,0,0,0,0.382547,0.1106348,0,0,0.1226426,0.1004416,0.4260873,0,0,0.04129567,0,0.0862577,0.09468888,0,0.217027,0,0,0,0.0146922,0.3230951,0,0,0,0.09300228,
0,0.4761104,0,0,0.07498165,0.3085537,0,0,0,0,0,0.07778174,0,0.001154358,0,0,0,0,0,0,0,0,0,0,0,0,0,0,0,0,0,0,0,0,0.2542762,0,0,0,0,0,0.1228572,0,0,0,0.03755645,0,0,0,0,0,0,0,0.1941125,0,0,0,0,0,0,0,0,0,0,0,0,0,0,0,0,0,0,0,0,0,0,0,0,0,0,0,0,0,0,0,0,0,0,0,0,0,0.03063591,0,0,0,0,0,0,0,0,0,0,0,0,0,0,0,0,0,0,0,0,0,0,0,0,0,0,0.3705183,0.07020138,0,0,0.3397335,0.1084333,0,0,0,0,0,0.251307,0,0,0,0,0,0,0,0,0,0,0,0,0.3230005,0,0,0,0,0,0,0,0,0,0,0,0,0,0.0118645,0,0,0,0,0,0,0,0,0,0,0,0,0,0,0,0,0.01022278,0,0.3131176,0.1451117,0.1021046,0,0,0,0,0,0,0,0,0,0,0,0,0,0,0,0,0,0,0,0,0,0,1.106352,0.3184995,0.01934572,0,0,0,0,0,0,0,0,0,0,0,0,0,0.3263158,0,0,0,0,0,0,0,0,0,0,0,0,0,0.03610906,0,0,0,0,0,0,0,0,0,0,0,0,0,0,0,0,0,0,0,0,0,0,0,0,0,0,0,0,0,0,0,0,0,0,0,0,0,0,0,0,0,0,0,0,0,0,0,0,0.02761173,0,0,0.4462947,0.6763811,0,0,0,0,0,0.2571831,0.06974161,0,0,0.04938134,0.07710481,0,0.04282206,0,0.02391901,0.410752,0,0,0,0,0,0,0,0,0.08584621,0,0,0.03563765,0,0,0,0.2862549,0.1948092,0,0,0.1957686,0.07888934,0,0,0,0,0.2519343,0,0.1188434,0,0,0,0.1767193,0.33709,0,0,0,0,0,0,0.008868949,0,0,0,0.002619544,0,0.5203301,0,0.04468561,0,0,0.1405121,0,0,0,0,0.1876297,0,0.4263923,0,0,0,0,0,0,0.2813441,0,0,0,0.1673622,0,0,0,0.3112583,0.2368819,0,0,0.002239209,0.01090509,0,0,0,0.01421095,0.02937333,0.08702063,0.1065448,0.2611347,0.3328914,0.003624979,0,0.5893538,0.1262904,0,0,0.2111743,0,0,0,0,0,0,0,0.4739276,0.09125283,0,0,0.06392927,0.2057716,0,0.1800501,0.06571835,0.09745765,0,0.09409661,0,0.2233876,0.4996123,0,0.09565705,0,0.3436023,0.1842482,0,0.2612259,0.1443073,0.2300149,0.2045732,0.4220555,0.2908506,0.2606582,0,0,0.3643016,0,0.3204385,0.02737049,0,0,0.0134514,0,0,0,0,0.4970873,0.04836239,0.04546514,0,0.3649205,0,0.1188423,0.003403463,0.1904969,0,0.2216071,0,0.01656495,0.2125387,0.4572594,0,0.07712532,0,0,0,0.4877872,0,0.1724248,0.02675928,0,0.04962221,0.1096858,0,0,0.2735352,0,0,0.3754132,0.5917438,0.0625795,0,0.1670634,0,0.2252482,0,0.07113945,0,0.05523604,0,0,0.05324201,0.2479033,0,0,0.3445307,0,0.03654587,0,0,0,0.3028753,0.5378587,0.2499864,0.06434612,
0,0,0,0,0,0,0,0,0,0,0,0,0,0,0,0,0,0,0,0,0,0,0,0,0,0.02733278,0,0,0,0,0,0,0,0,0.09965578,0,0,0,0,0,0,0.3266014,0.5831877,0,0,0,0,0,0,0,0,0.03805347,0,0,0,0,0,0,0,0,0,0,0,0,0,0,0,0,0,0,0.03377563,0,0,0,0.25608,0.1440641,0,0.06168146,0,0,0,0,0,0.07137212,0,0,0.508911,0,0,0,0,0,0,0,0,0,0,0.1293154,0,0.07573929,0,0,0.3173333,0,0,0,0.1153933,0,0,0,0,0.01173706,0,0.01871536,0,0,0.1444367,0.3929155,0,1.05564,0.1383231,0,0,0.4252039,0.12901,0,0,0,0,0,0,0,0,0,0,0,0.2815372,0,0,0,0,0,0.1553465,0,0,0,0,0,0,0,0.1309644,0.07112249,0,0,0,0.1428291,0,0.1979839,0,0,0.09990682,0,0,0,0,0,0,0,0,0,0,0,0,0.08411805,0,0,0.1077734,1.093299,0,0,0,0.4808951,0,0,0.196171,0.08018555,0,0,0.100036,0,0,0,0,0,0,0,0.01836491,0.2280092,0.7924499,4.037215,5.073842,0.5757557,0.5009447,0.6635286,0,0,0,0,0,0,0,0,0,0,0,0,0,0,0,0,0,0,0,0,0,0,0,0,0.5246229,0,0,0,0,0,0,0,0,0,0,0,0,0.5289882,0,0,0,0,0,0,0,0,0,0,0,0,0,0,0,0,0,0,0,0,0,0,0,0,0,0,0,0,0,0,0,0,0,0,0,0,0,0,0,0,0,0,0,0,0,0,0,0.2433759,0,0.2323207,0,0,0,0,0,0.3784427,0.2205105,0.06799226,0.2040324,0.1347753,0.07548855,0,0,0.1126015,0,0,0.03221092,0.5017678,0,0,0,0,0.1087101,0,0,0,0,0,0,0.0465656,0,0,0,0.1059251,0,0.2567476,0,0,0.103671,0.05095185,0,0,0,0,0,0,0.7081601,0,0,0,0,0,0.4650011,0,0,0,0,0.06913782,0,0,0,0,0.1384605,0,0,0,0.4501977,0.3168931,0.1778792,0.07150809,0.561053,0,0.1817133,0,0,0.2266481,0.263052,0.0993449,0,0,0,0.254669,0.3268251,0.2993345,0.4618025,0.251185,0,0,0,0,0,0.4656473,0,0.2178797,0,0,0.08613115,0,0.05210742,0.5015565,0.297031,0,0,0.09657133,0.2258047,0.02684293,0.6059454,0.2882127,0.1673117,0.1873811,0.1446509,0,0.322117,0.002257844,0,0,0,0.2533123,0.0275127,0,0,0.1131848,0,0,0,0.09528267,0,0.01709187,0,0.5649459,0,0,0.01850463,0.4701246,0.05649731,0,0,0,0,0.0867437,0.142994,0,0,0.2616462,0,0.4175862,0.06579681,0,0,0,0.09854268,0,0,0.02504446,0,0.02378316,0,0,0.04063867,0.05475353,0.09749524,0,0,0.03539262,0,0,0,0.196045,0,0,0.6585603,0,0.1052177,0.276458,0,0,0,0.1154263,0,0,0.2810053,0,0,0,0,0,0,0,0.2722016,0.03420093,0,0.1553437,0,0.3282855,0.2785324,0,0,0.2542341,0,0,0.281802,0,0,0,0.06310136,0,0,0,
0,0,0,0,0,0,0,0,0,0,0,0,0,0,0,0,0,0,0,0,0,0,0.07050554,0,0,0,0,0,0,0,0.1618097,0,0,0,0,0.05486664,0,0,0,0,0.2570264,0.3058221,0,0,0,0,0,0.002505155,0,0,0,0,0,0,0,0,0,0,0,0,0,0,0,0,0,0.5248835,0.07324182,0,0.8433458,0,0,0,0,0,0,0.7741035,0,0,0,0,0,0,0,0,0,0,0,0,0,0,0,0,0.6882713,0,0,0,0,0,0,0,0,0,0,0,0,0,0,0,0,0.277663,0,0,0,0,0,0,0,0.1528339,0,0,0.1534711,0,0,0.122526,0.2739689,0.08022363,0,0,0,0,0.1290309,0,0,0,0,0,0,0,0,0,0,0,0,0,0,0,0,0,0,0,0,0,0,0,0,0,0,0,0,0,0.1878227,0,0.1327792,0,0,0,0,0.4775771,0.1412536,0,0,0,0,0.1412697,0,0.5488288,0,0.4184332,0.1422972,0,0,0,0,0,0,0,0,0,0.03606949,0.167177,0,0,0,0,0.05899859,0,0,0,1.264986,5.466578,4.887835,5.111534,3.480508,0,0,0,0,0,0,0,0,0,0,0,0,0,0,0.03288957,0,0,0,0,0,0,0,0,0,0.2743226,0,0,0,0,0,0,0,0,0,0,0,0,0,0,0,0,0,0,0,0.01848392,0,0,0.0491987,0,0,0,0,0,0,0,0,0,0,0,0.03037525,0,0,0,0,0,0.5054401,0,0,0,0,0,0,0,0,0,0,0,0,0,0,0,0,0.3508936,0,0.5268691,0,0.1125119,0,0,0,0,0.1664223,0,0.3328893,0,0,0,0,0,0.3874565,0,0.1014564,0,0,0,0,0,0.2059336,0.4055088,0.4857859,0.1805799,0.002239451,0.1915872,0,0,0.1507455,0,0.0257186,0.009747984,0.4654464,0,0,0,0,0.08463965,0,0,0,0,0,0,0,0,0,0,0,0,0,0,0,0,0.2411268,0,0,0,0,0,0.02707128,0,0.6484437,0,0,0.2331643,0,0.01898271,0,0,0,0,0.4963029,0,0,0,0,0,0,0.1861388,0.3428962,0.2012661,0.365837,0.03945078,0,0,0,0.3760835,0,0.2046063,0.2928929,0,0.02714813,0,0,0,0.06205117,0,0.08946691,0.102634,0.1024918,0,0,0,0,0.4011642,0.09634688,0.2242763,0,0.4709919,0.09199188,0.1961471,0,0,0,0.2382272,0.4345706,0.2709553,0.1686512,0,0,0,0.2648499,0,0,0.4634583,0.03742161,0,0,0.495693,0.2995246,0.1388531,0.2773669,0.4099328,0,0,0,0,0.2399873,0.08241533,0.0556891,0,0.04499872,0,0.2624742,0,0,0,0.7881269,0.02233527,0.3235929,0,0.2406208,0,0.03047888,0.1803624,0.007250081,0,0.2927797,0.4678591,0.02302918,0,0.1761826,0.06240663,0,0,0.2519425,0,0.06049903,0.1021686,0,0,0,0,0,0,0,0,0.01302261,0.3303743,0.171068,0.03312309,0,0.05997641,0,0.1082004,0.04624918,0,0,0.1427238,0,0,0,0.1998678,0,0.1543556,0.1894811,0,0,0.1366837,0.234592,0,0,0,0,0.5985978,0.2769552,0,0.4950166,0.04769544,
0,0.3125028,0,0,0,0.3401943,0,0,0,0,0,0,0,0,0,0,0,0,0,0,0,0,0,0,0.3201073,0,0,0,0,0,0,0,0.03527558,0,0,0,0,0,0,0,0,0,0.2852315,0.1586506,0.3426742,0,0,0.0302857,0,0,0.2279346,0,0,0,0,0,0,0,0,0,0,0,0,0,0.2547273,0,0,0.201232,0,0,0,0,0,0,0,0,0,0.03452904,0.05418499,0,0,0.3850775,0,0,0,0,0,0,0,0,0,0,0,0,0,0,0,0,0,0,0,0,0,0.1633032,0,0,0,0,0,0,0,0.4233781,0,0,0,0,0,0,1.491604,0.4195653,0,0,0.1345937,0,0.03956815,0.2507213,0,0,0,0,0,0,0,0,0,0,0,0,0,0,0,0,0,0,0,0,0,0,0,0,0.186983,0,0,0,0,0,0,0.3531075,0,0.4284528,0.4153781,0,0,0,0,0,0,0,0,0,0,0,0,0.09084088,0.6688524,0,0.74773,0.3733992,0,0,0,0,0,0.3482119,0,0.4783037,0,0,0.6761767,0,0,0,0.006119819,0,0,0,0.06033255,1.468783,5.038833,4.779998,5.509696,5.029994,4.522746,5.239435,0.01902955,0,0,0,0.2268578,0,0,0,0.6025202,0,0,0,0,0,0,0,0,0,0,0,0,0,0,0,0,0,0,0,0,0.02745719,0,0,0,0,0,0,0,0,0,0,0,0,0,0,0,0,0,0,0,0,0,0,0,0,0,0,0,0,0.05141347,0,0,0,0,0.373172,0,0,0,0,0,0,0,0,0,0,0,0,0,0,0,0,0,0.2269892,0,0.2331382,0.009530133,0.1359912,0.2213159,0.3249728,0,0,0.266745,0.4718253,0,0.09141075,0,0,0.08327977,0.09422956,0.2864478,0.01219863,0,0,0,0,0,0.1144851,0,0,0,0.01545291,0.1758731,0,0,0,0,0.382689,0,0.149899,0,0.6195831,0.1601992,0,0.1785738,0.09278782,0,0,0,0,0,0,0,0,0.1828007,0,0,0.4070137,0,0,0,0,0,0,0,0.1700177,0,0,0,0,0.106556,0.02084482,0.08173644,0,0.09482992,0,0,0,0,0.1361086,0,0.1156753,0.06339627,0,0.1429601,0,0,0.4435173,0,0.4160647,0,0.3126316,0,0,0.05786142,0,0,0.2117361,0.1811789,0,0,0,0,0.1134028,0.1569638,0,0,0.04151547,0.01890491,0,0,0,0.05991827,0.2355128,0,0.06144069,0.1758509,0,0,0.1995332,0,0,0.1913498,0,0,0,0.1906152,0,0,0.488778,0.2045294,0,0.1111055,0,0,0,0.4266764,0,0,0.05761718,0.5655062,0.03890906,0,0.1884807,0.07508458,0,0,0,0,0,0.239082,0.2477665,0.1060934,0.1754604,0,0.001995544,0,0,0,0,0,0.004706889,0.05569341,0.04406026,0.1022913,0,0,0,0,0.1185382,0.09158333,0.2588085,0,0,0.04949596,0,0.2496509,0,0,0.02013273,0.05354102,0,0,0,0.2891326,0,0,0,0,0,0.2682372,0,0.3342452,0.385078,0,0,0.1147172,0,0,0,0,0,0.2652542,0,0,0.1925202,0,0.5162182,0,0,0.06099674,0,0,0.3556709,0,0.4118668,0,0,
0,0,0,0,0,0,0.165565,0,0,0,0,0,0,0,0,0,0,0.01520317,0,0,0,0,0,0,0.1182251,0,0,0,0,0,0,0,0,0,0,0.2697039,0,0,0,0,0,0,0,0.4796349,0,0,0,0.1701316,0,0,0,0,0,0,0,0,0,0,0.3489139,0.179069,0,0,0,0.1124942,0,0,0,0,0,0,0.1099563,0,0.1846174,0.195059,0.1812165,0,0,0,0,0,0,0,0,0,0,0,0,0,0,0.2723004,0,0,0,0,0,0,0,0,0,0,0,0.2293513,0,0,0,0,0,0,0,0,0,0,0,0,0,0,0.7638843,0.3694287,0,0,0,0,0,0.2708285,0,0,0,0,0,0,0,0,0,0,0,0,0,0,0,0,0,0,0,0,0,0,0,0.07551759,0,0,0,0,0,0.04138025,0,0,0,0,0,0,0,0.3502476,0,0,0,0,0,0,0,0,0,0,0,0,0,0,0,0,0,0,0,0,0.2347632,0,0,0,1.696756,0,0,0,0,0.02694568,0,0,0.02856177,0,1.018492,1.560766,2.863328,5.545142,3.468655,5.462296,5.943933,5.680969,1.730413,0,0,0,0,0,0,0,0,0,0,0,0,0,0,0,0,0,0,0,0,0,0,0,0,0,0,0,0,0,0,0,0,0,0,0,0,0,0,0,0,0,0,0,0,0,0,0,0,0,0,0,0,0,0,0,0,0,0,0,0,0,0,0,0,0,0,0,0,0,0,0,0,0,0,0,0,0,0,0,0,0,0,0.0166388,0,0.04680929,0.05741536,0.1601319,0.2673363,0.3520285,0,0,0,0,0,0,0.1982169,0,0,0,0,0,0,0,0,0,0.1295438,0,0.1800333,0,0,0.09580813,0.001252029,0,0,0,0,0,0.6762459,0,0.2859871,0,0,0,0,0.2096284,0,0,0,0,0,0.2517392,0,0.1290391,0.4129294,0.0491593,0,0,0,0.1260084,0,0,0,0.1077068,0.4124641,0,0.05354623,0.3295115,0.02475192,0,0.06950826,0,0,0,0,0,0,0,0.1190184,0,0,0.28923,0.02912687,0,0,0.01135337,0,0,0,0,0,0.2308315,0.2458761,0.2242684,0.2397418,0,0.1920206,0,0.2939335,0,0.1913205,0,0.2148738,0,0,0,0.5674469,0.005790121,0.0848965,0.2613271,0.08405296,0,0,0.04508518,0,0,0.4218103,0,0.4099106,0.03103754,0,0.30893,0.4071952,0.08655304,0,0.07862999,0,0.2212962,0,0,0,0,0,0,0,0,0,0,0.07721645,0.1378274,0,0,0.3660269,0,0,0,0.3543174,0,0,0,0,0.07831857,0,0.4100603,0.1203073,0,0.4398325,0,0.2168119,0,0,0.1370958,0.2905636,0,0.166947,0.3579197,0.3754316,0,0,0.4797781,0.1548306,0.3098266,0.1193931,0.06220044,0,0,0.06823897,0,0,0,0,0.3516535,0,0,0,0,0.2434603,0.2188562,0.08622493,0,0,0.1835378,0.019264,0,0,0.2051953,0.09338419,0.06770043,0,0,0.09751084,0,0,0,0,0.08041599,0,0,0.1075409,0,0,0,0.2672184,0,0,0,
0,0,0,0,0.0364611,0,0,0.07260968,0.3175995,0.1764578,0,0,0,0.3139794,0.2608932,0,0,0,0,0,0,0,0,0,0,0,0.07669857,0,0,0,0,0.2912464,0,0,0,0.06617341,0,0,0,0.1128611,0.01398704,0.006950556,0,0,0,0,0,0,0,0,0.2053735,0,0,0,0,0,0,0,0,0,0,0,0,0,0,0,0,0,0,0,0,0,0.2933871,0,0,0,0,0,0,0,0,0,0,0,0,0,0,0,0,0,0,0,0,0,0,0,0,0,0,0,0,0,0,0,0,0,0,0,0,0,0,0,0,0,0,0,0,0,0,0,0,0,0,0,0.04740278,0,0,0,0.1394381,0,0,0,0,0,0,0,0,0,0,0,0,0,0,0,0,0.06670736,0,0,0,0.1758461,0,0.1239099,0,0,0,0,0,0,0,0,0,0.09697939,0,0,0,0,0,0,0,0,0,0,0,0,0,0,0,0,2.0463,0,0,0,1.184379,2.304218,2.507565,2.931743,0,0,0.5480583,0,0,0,0,0,1.164552,6.712837,3.936659,1.947859,2.421118,6.20531,4.433258,2.811552,3.602355,5.26372,4.484764,0.6760631,0,0,0,0,0,0.3405556,0,0,0,0,0,0,0,0,0,0,0,0,0,0,0,0,0,0,0,0.09278186,0,0,0,0,0,0,0,0,0,0,0,0,0,0,0,0,0,0,0,0,0,0,0,0,0,0,0.01650079,0,0,0,0,0,0,0,0,0,0,0,0,0,0.5790885,0,0,0,0,0,0.04868113,0,0,0,0,0,0,0,0.4564808,0.2013396,0,0,0,0,0.009588815,0.1860216,0,0.07920626,0,0,0,0,0.2051731,0,0.1060062,0,0,0,0,0,0.04024711,0,0,0.3839652,0.3410215,0,0.04779474,0,0,0,0,0,0,0,0,0,0,0,0.1334887,0.7320397,0,0.05006739,0,0,0,0,0.6475601,0.2234766,0,0.1048939,0.196318,0.0006617742,0.3131996,0,0,0,0,0.2673058,0,0,0,0,0,0,0.08526888,0,0,0,0,0,0,0.04195886,0.02735082,0,0,0,0.6004786,0,0,0,0.5175935,0.3451829,0.08437407,0,0.007341522,0,0,0,0,0,0.1255596,0,0,0,0.1077493,0,0,0,0.08969841,0,0,0.3930404,0,0.1719397,0.2360007,0,0,0.1975383,0.1733577,0.08199493,0,0,0.3701409,0.05422263,0,0.4071296,0,0.02041738,0.0489799,0,0,0,0,0,0.08305882,0.1303385,0.2753218,0,0,0,0,0,0,0.02549571,0,0,0.1172728,0,0,0,0,0,0,0.2295916,0,0,0.4244988,0,0,0,0,0,0.04747839,0,0.01744748,0,0,0,0.2932139,0.06473237,0.2801442,0,0,0.1413729,0.2324654,0.4848453,0,0.1755735,0.03726597,0,0.3150418,0.1267641,0.007568577,0.2359101,0.5415094,0,0,0.0167757,0.06195817,0,0.1971746,0,0,0.08933704,0.05401821,0.03777269,0,0.1304617,0,0.04120411,0,0.1486706,0,0,0,0.005473527,0,0,0,0.2543085,0,0,0.1305331,0,0.2051264,0,0,0,0,0.3413251,0.67298,0,
0,0,0,0,0,0,0.6260552,0.002898957,0,0,0,0,0.3924159,0,0,0,0.009718399,0,0,0,0,0,0,0.08769916,0,0,0.1523551,0,0,0.09720333,0,0,0,0,0,0,0.1511766,0.1196021,0,0.1452272,0,0,0,0,0,0,0,0,0,0,0,0,0,0.1398947,0,0.2077189,0.4133739,0,0,0,0.1633255,0,0,0,0,0,0,0,0,0,0,0,0,0,0,0,0,0,0,0.04722917,0.07865909,0,0,0,0,0,0,0,0,0,0,0,0,0.3703094,0,0,0,0,0,0.1887454,0,0,0,0,0,0,0,0,0,0,0,0,0,0,0,0,0,0,0,0,0,0,0,0,0.3415237,0.005524719,0,0,0,0,0,0.1199333,0,0,0,0,0,0,0,0,0,0,0,0,0,0,0,0,0,0,0,0,0,0,0.2085238,0,0,0.2277792,0,0,0,0,0,0,0,0,0,0,0,0,0,0,0.05525742,0.1932686,0,0.6253048,0.9658417,0.6964048,1.650671,0,1.665334,0,1.342341,0,0,0.4070466,0,1.55754,0,0,0,0,0,0,0.08573622,0.04861552,5.242525,5.953582,0.3839311,2.838871,5.849301,6.877413,1.488209,3.720205,5.681999,2.33388,1.357872,0.2964782,0,0,0.1625461,0,0,0,0.02132483,0,0,0,0,0,0,0,0,0,0,0,0,0,0,0,0,0,0,0,0,0,0,0,0,0,0,0,0,0,0.1571992,0,0,0,0,0,0,0,0,0,0,0,0,0,0,0,0,0,0,0,0,0,0,0,0,0,0,0,0,0,0,0,0,0,0,0,0,0,0,0,0,0,0,0,0.1957467,0.0252239,0.6588052,0.07648536,0,0,0,0.04476228,0,0.08723318,0,0,0,0,0.2140863,0,0,0.3234823,0.1169898,0,0,0,0,0,0,0,0.1892671,0,0,0,0,0,0,0,0,0,0,0,0,0.2463274,0,0.2104579,0,0.2644021,0,0,0,0.1390876,0.7274265,0.125787,0.1597828,0.3652267,0,0,0.3697903,0.02347071,0.1297047,0.4713813,0.2317375,0.01209689,0,0,0,0,0.105691,0.2350484,0,0,0,0.2981453,0.01378267,0,0.06002285,0.05020512,0,0,0,0,0.1432367,0,0.2332508,0,0,0.06308027,0,0,0,0,0,0.1413791,0,0,0,0.09241465,0,0,0,0.01207428,0.1423007,0.2537465,0,0,0,0,0.1220101,0,0,0,0,0,0.2451697,0,0,0.318946,0,0.09117259,0.1721135,0.2458901,0.1881558,0.02952027,0,0,0,0,0,0.2234696,0,0,0,0.06255976,0.5285658,0.1013967,0.4063933,0,0.1557713,0.4725424,0.03146926,0,0.4868863,0,0,0,0.05938587,0.6046093,0.100264,0.08518808,0,0.3579417,0,0,0,0.0789616,0.3095739,0.3305305,0,0,0.05222413,0.2304733,0,0,0,0,0,0,0,0.6234559,0.3153278,0,0.3492551,0,0,0,0,0.5685694,0.02657034,0.1964514,0,0,0.3670038,0.1391915,0,0.2085024,0,0.4661877,0,0,0.1520234,0,0,0,0.447441,0,0,0,0.116116,0,0.4352814,0.142956,0,0,0,0.03028919,0,0.2355907,0,0.002622953,0,0,0,0,0,0.2423494,
0,0,0,0.1171628,0,0,0,0.04631941,0.2592954,0.2404208,0,0,0,0,0,0,0,0,0,0,0,0,0,0,0,0,0,0,0.153818,0,0,0,0,0,0.1383112,0,0,0,0,0,0,0,0,0,0,0.0002464051,0,0,0,0,0,0,0,0.3620474,0,0,0,0,0,0,0,0,0,0,0,0,0,0,0,0,0,0,0,0,0,0,0,0,0,0,0,0,0,0,0,0,0.2999612,0,0,0.1110572,0,0,0,0.224066,0.4852072,0,0,0,0,0,0,0,0,0,0,0,0,0,0,0,0,0,0,0,0,0,0,0,0,0,0.1123071,0,0,0,0,0,0,0,0,0.1817371,0,0,0,0.2538932,0,0,0,0,0,0,0.4568396,0,0,0.5484143,0,0,0,0,0,0.08704959,0,0,0,0,0,0,0.3327723,0,0.3150638,0,0,0,0.4352828,0,0,0,0,0,0,0,0,0,0,0,0.4572551,0.07668227,0,0.2159531,0.6685865,0,1.726918,3.917044,0,2.214812,0.8058657,3.486152,0.4971023,0,0,0,0,0,0,0,0,0,0.5955245,0.16835,3.14997,4.831967,4.962534,5.518024,6.457539,1.777714,3.452466,5.04028,5.765803,4.214219,1.494749,0,0,0,0,0,0,0,0,0,0,0,0,0,0,0,0,0,0,0,0,0,0,0,0,0,0.5430093,0,0,0,0,0,0,0,0,0,0,0.1037703,0,0,0,0,0,0,0,0,0,0,0,0,0,0,0,0,0,0,0,0,0,0,0,0,0,0,0,0,0,0,0,0,0,0,0,0,0,0,0,0,0,0.0999081,0,0.04000621,0,0.1773592,0,0.1033928,0,0,0,0.07474878,0,0.1742849,0.1107554,0.0824044,0.05797044,0.3411657,0,0,0.3589135,0.05458033,0,0.3642151,0.1328141,0,0.1134286,0,0,0,0,0,0,0,0,0,0,0,0,0,0,0.7507988,0.06722248,0.00656848,0,0.1550825,0.120217,0.4269896,0.04828875,0.7866493,0.195844,0.4469895,0.04841128,0.1779233,0,0.04220126,0,0,0,0,0.308559,0.2126595,0.07412376,0,0,0,0,0,0,0,0,0.05633276,0.2493047,0,0.1978175,0,0,0.003040835,0,0,0.2115992,0,0,0.2314999,0,0.3512861,0.05319532,0,0.1253944,0,0.2182843,0,0,0,0,0.2528895,0.09502602,0,0,0.1460668,0,0,0.09400187,0.1656972,0.3953951,0,0,0,0,0,0.8908014,0,0.4535806,0,0,0,0,0,0,0.2528182,0.1094925,0,0,0.0508883,0,0.08004268,0,0,0.02601266,0,0,0,0,0,0.1014772,0,0,0,0,0,0.2261742,0,0.1997785,0,0,0,0,0.4556062,0,0.04534271,0.05660118,0,0.6754256,0.4102411,0,0.1711781,0,0,0.04318038,0.516619,0,0,0,0.02784491,0.3006679,0.3246648,0,0.1525012,0.05197333,0.2307288,0,0.3207567,0.240655,0.1910874,0.1582011,0,0.08609673,0.8899871,0,0.02219387,0,0,0,0,0.07455904,0,0.07884239,0.4224998,0,0.1615578,0.01727042,0,0,0,0.04623049,0,0.07222344,0,0.1479501,0,0,0.1240425,0.07579586,0.2856608,0,0.157492,0.06284881,0.2300119,0,0,0,0.3920055,0,0,
0,0,0,0,0.02092224,0,0,0,0,0,0.2037195,0,0,0,0,0,0,0,0,0.04416092,0,0,0,0,0,0,0.2432925,0,0,0,0,0,0.09790043,0.1345926,0,0,0,0,0,0.2242849,0,0.2012004,0,0,0.07881577,0,0,0,0,0.07550574,0,0,0,0,0.03881817,0,0,0,0,0,0,0,0,0.03940394,0,0.1779114,0,0,0,0,0,0,0.2722247,0.1735335,0.3713453,0,0.07114337,0,0,0,0,0,0,0,0.08274372,0,0,0,0.375125,0,0,0,0,0,0,0,0,0.06827898,0,0.4359793,0,0,0,0.3647844,0,0,0,0,0,0,0,0,0,0,0,0,0,0,0,0,0,0,0,0,0,0,0,0,0,0,0.04347241,0,0,0,0.07782991,0,0,0,0,0,0,0,0,0.6832734,0,0,0,0,0,0,0,0,0,0,0,0,0,0,0,0,0.3971774,0,0,0,0,0,0,0,0,0,0.08146288,0,0,0,0,0,0,0,1.358591,0.2745976,2.268231,0,0,0,0,0,3.204661,0,0,0,0,0,0,0,0,0,0,0,0,0,5.43356,5.94907,5.615368,5.680358,2.003031,2.89456,5.057338,5.286717,4.804194,1.454819,0,0,0,0,0,0,0,0,0,0,0,0,0,0,0,0,0,0,0,0,0,0,0,0,0,0,0,0,0,0,0,0,0,0,0,0,0,0,0,0,0.1174728,0,0,0,0,0,0,0,0,0,0,0,0,0,0,0,0,0,0,0,0,0,0,0,0,0,0,0,0,0,0,0.4267873,0,0,0,0,0,0,0,0,0.1058681,0.2465419,0.147254,0,0,0,0,0,0.3751275,0.1047445,0,0,0,0.04366787,0,0.07718471,0.05397635,0,0,0,0.363079,0.5993974,0,0,0,0,0,0,0.3197758,0,0,0,0,0,0.02331285,0,0,0.1387762,0,0,0,0.006820646,0,0,0,0.8043031,0,0,0,0.1225892,0,0,0,0.1516122,0,0.1337075,0,0.3836045,0,0,0,0,0.02291644,0,0.3221973,0,0.08682051,0,0,0,0,0.1850243,0,0,0.209731,0.3333892,0.02830791,0,0,0,0,0.03896226,0.1682088,0,0,0.2414678,0.2386764,0.1563479,0,0.03427235,0.2848534,0.2808622,0,0.289534,0.1578629,0,0,0.3041248,0,0,0.1065817,0,0,0,0,0,0.1471598,0.277302,0,0,0.2943563,0.0725562,0,0,0,0.1099662,0.03988185,0.3201956,0.1415877,0,0.6113671,0,0,0.2842223,0.2130094,0,0,0.5442114,0.007308781,0,0,0.08979326,0,0.01436998,0,0,0,0,0,0.1157857,0.03173555,0,0,0,0,0,0.5920293,0,0.07521907,0,0,0,0.3336125,0.001774124,0,0.1100607,0,0.08512391,0,0.2349714,0.2526982,0.05254836,0,0.4659551,0,0,0,0.2824364,0.2138813,0.4384117,0.1205387,0,0.2188418,0.1726955,0,0.06327617,0.2747016,0,0.1808075,0,0.06654734,0,0.4743712,0,0,0,0,0,0,0,0.4303042,0,0,0,0,0,0,0.09670102,0.1052813,0.2804613,0.1168428,0.2800814,0.2243418,0,0,0.002193766,0.3436883,0.1251987,0,0.3193707,
0,0,0,0,0,0,0,0,0,0,0,0,0.04106923,0,0,0,0,0,0,0,0,0.3215843,0.595475,0.00485253,0.1903966,0,0,0,0,0.7235013,0,0.24272,0,0,0,0,0,0,0,0.2478671,0.01531825,0,0,0,0,0,0,0,0,0.04149267,0,0,0,0,0,0,0,0,0,0,0,0,0,0,0,0,0,0,0,0,0,0,0,0,0,0,0,0,0,0,0,0,0,0,0,0.7049005,0,0,0,0,0,0,0,0,0,0,0,0,0,0,0,0,0,0.1160358,0,0,0,0,0,0,0,0,0,0,0,0,0,0,0,0,0,0,0,0,0,0,0,0,0,0,0,0,0,0,0.3373981,0,0,0,0,0,0,0,0,0,0,0,0,0.1050577,0,0,0,0,0,0,0,0.3432611,0,0,0,0,0,0,0,0,0,0,0,0,0,0.2278472,0,0,0,0,0,0,0,0,0,0,0,3.779387,0,0,0,0,0,0,0,0,0,0,0,0,0,0,0,0,0,0,1.823295,5.621693,5.49025,4.806848,5.820722,3.821182,2.559826,3.620691,3.985957,5.05388,2.735297,0.2701681,0,0,0,0,0,0,0,0,0,0,0,0,0,0,0,0,0,0,0,0,0,0.07819694,0,0,0,0,0,0,0,0,0,0,0,0,0,0,0,0,0,0,0.0817043,0,0,0,0,0,0,0,0,0,0,0,0,0.01509181,0,0,0.02375295,0,0,0,0,0,0.3957232,0,0.4518637,0,0,0,0,0,0,0.09264806,0,0.3929198,0.3863451,0,0,0,0,0,0,0,0,0.1426663,0,0,0,0,0,0,0.3979107,0.03767549,0,0,0,0,0,0,0.1719291,0.2276176,0.1730699,0,0.451278,0,0,0,0,0,0,0,0,0,0,0,0,0,0.6212291,0.09033301,0.4447565,0.3106108,0.2627956,0.1262711,0.04918699,0.6668664,0.2372028,0,0,0,0,0,0,0,0,0,0,0.9393541,0.2201218,0.01730971,0,0,0,0.04496867,0,0,0,0.04591213,0.4011894,0,0.1397457,0,0.3355615,0,0.01782874,0,0.2811513,0,0,0,0,0.3464752,0,0.2474124,0,0,0,0.05958042,0,0.2342009,0.6214725,0.1916992,0,0,0,0,0,0,0.3517319,0,0.109703,0.05845785,0.2039719,0,0,0.0003187858,0.221547,0.3157128,0,0,0,0,0.01678743,0,0,0.05414792,0.3082152,0,0,0,0,0,0,0,0.2862378,0,0.2624341,0,0,0,0.2946497,0,0,0,0,0,0.2166577,0.2794146,0,0.3427367,0,0,0,0,0.4059969,0,0,0.05832074,0.1459931,0,0.1395798,0.1795476,0,0,0.07367271,0,0,0.06323078,0,0.02217131,0.7571886,0.1414095,0,0,0.2300018,0,0,0,0,0.1117477,0,0,0,0,0.06484518,0.03919318,0,0,0,0.1087387,0,0,0.2311604,0.2171566,0,0,0,0,0,0,0,0,0.1072694,0,0.2004324,0.1728442,0.1003718,0,0.08185795,0,0,0.3040664,0.1530165,0.23581,0,0.4000681,0.1334989,0,0,0,
0,0,0,0,0,0,0,0,0,0,0,0,0,0,0,0.3886342,0,0,0,0,0,0.1360155,0,0,0.3387886,0,0,0,0,0.2372463,0.08073416,0,0,0,0,0,0,0,0,0,0,0,0,0,0,0,0.34218,0.07506005,0,0,0,0,0,0,0,0,0,0,0,0,0,0,0,0,0,0,0.1864803,0,0,0,0,0,0,0,0,0.005681599,0,0,0,0,0,0,0,0,0,0,0,0,0,0,0,0,0,0,0,0,0,0,0,0,0,0,0,0.03051632,0,0,0.2122297,0,0.1113786,0,0,0,0,0,0,0,0,0,0,0,0,0,0,0,0,0,0,0,0,0,0,0,0,0,0,0,0,0.05625797,0,0,0,0,0,0.6397721,0,0,0,0,0,0,0,0,0,0.008573668,0.5921725,0,0,0,0,0,0,0,0,0,0,0,0,0,0,0,0,0,0,0.2196141,0,0,0,0,0,0,0,0,0,0,0,0,0,0,0,0,0,0,0,0,0,0,0,0,0,0,0.7527464,1.876827,4.902481,5.577761,6.367226,7.167008,2.015934,2.312731,1.276556,1.265305,1.52,0,0,0,0,0,0,0,0,0,0,0,0,0,0,0,0,0,0,0,0,0,0,0,0,0,0,0,0,0,0,0,0,0,0,0,0,0,0,0,0,0,0,0,0,0,0,0,0,0,0,0,0.06820224,0,0,0.3756833,0,0,0,0,0.5681126,0,0,0,0,0,0,0,0.3955498,0,0,0,0.01471344,0,0,0.4299763,0,0.03471298,0.2007451,0,0,0.2765735,0,0,0,0.03848068,0,0,0,0,0,0.6735483,0.0600181,0.1755839,0.02542975,0,0,0.08185362,0,0.5818404,0,0.001551412,0.01276247,0,0,0,0,0,0,0,0,0,0,0,0,0,0,0,0,0,0.4653535,0.3285909,0.3081308,0,0.4319464,0,0,0.6138769,0,0,0,0,0,0,0,0,0,0.488171,0,0,0.2504493,0,0,0,0,0.0105634,0,0.3440174,0,0,0,0.3200873,0.5500087,0.172778,0,0.3003827,0,0.3692073,0.02073442,0,0.1982279,0,0,0,0,0,0,0,0,0,0,0,0.09337576,0.08360782,0.09449957,0.1606525,0,0.2436873,0,0,0,0,0.009945789,0,0,0,0.1268007,0,0,0.1358923,0.6625197,0,0.1169984,0,0,0,0.4911213,0,0.06145661,0.03119876,0,0.1760136,0,0,0.2578084,0.5892208,0.4427711,0,0,0,0,0.2649087,0,0,0.5338563,0,0,0.1861834,0,0,0,0,0,0,0,0,0.06868489,0,0,0,0,0.2634371,0,0,0,0.4469612,0,0.1636189,0.1504894,0,0.177074,0,0,0,0.1810597,0.5549119,0,0,0.3944978,0.06918062,0.1850206,0,0,0,0.2059252,0.122297,0,0,0,0,0.1825105,0,0,0.05312154,0,0,0.05820088,0,0,0,0,0,0.20972,0,0,0.02502012,0.2156666,0,0.6118916,0,0,0.09669626,0.4195792,0.1095218,0.4558051,0.3744516,0,0.4939833,0.1046072,0,
0,0,0,0.09203836,0,0,0,0,0.085968,0,0.09173476,0,0,0,0,0,0,0,0,0.06165087,0,0,0,0,0,0,0,0,0,0.1062632,0,0,0,0,0,0,0,0,0,0,0,0.2471766,0,0,0,0,0,0,0,0,0,0,0,0,0,0,0,0,0,0,0,0,0,0,0.02594614,0,0.316092,0.05968703,0,0,0,0,0,0.02696675,0,0,0,0,0,0,0,0,0,0,0,0.06818318,0,0,0,0,0,0,0,0,0,0,0,0,0,0.05157996,0,0,1.713949,0.179473,0,0,0,0,0,0,0,0,0,0,0,0,0,0,0,0,0,0,0,0.5577468,0.05669839,0,0,0,0,0.03499153,0.1413362,0,0,0,0,0,0.1404992,0.2592205,0,0,0.1768889,0,0,0,0,0,0,0,0,0,0,0,0,0,0,0.04867345,0,0,0,0,0.1937934,0,0,0,0,0.1316432,0,0,0,0,0,0,0,0.001385933,0,0,0,0,0,0.2416082,0,0,0,0,0,0,0,0,0,0,0,0,0,0,0,0,0,0,0,0,0,1.739786,1.949589,5.589252,4.016005,5.28655,5.75933,5.18505,0,0,0,0,0,0,0,0,0,0,0,0,0,0,0,0,0,0,0,0,0,0,0,0,0,0,0,0,0,0,0,0,0,0,0.05096038,0,0,0,0,0.03504919,0,0.02348407,0,0,0,0,0,0,0,0,0,0,0,0,0,0,0,0.7146021,0,0,0,0,0,0,0,0,0,0.6297611,0,0,0,0,0,0,0,0,0,0.03941343,0,0,0.08825821,0.05018793,0.2680764,0,0,0,0.001665108,0,0,0,0,0,0,0,0,0.1952527,0,0,0.1613763,0.02311323,0.0455558,0,0,0,0,0.2091922,0,0,0,0,0,0,0,0,0,0,0,0,0,0,0,0,0,0,0.320913,0,0,0.5283377,0.7076035,0.2331275,0,0,0,0,0,0,0,0,0,0,0,0,0.01855638,0.5275964,0,0.04265919,0.4170916,0,0.1857387,0,0.229925,0,0,0.4028051,0.02985619,0,0,0,0,0,0,0,0,0.1715336,0,0.3123716,0.01111989,0.006749565,0,0,0.2118551,0,0.2019962,0,0,0.2160283,0,0,0.1128577,0.2024909,0,0,0,0,0.2459765,0,0,0,0,0,0,0,0,0,0,0,0.0661293,0,0,0,0.04593913,0,0.1593444,0.385622,0,0,0.1457718,0,0,0,0.03724053,0.1588402,0,0,0.241994,0,0.2082775,0,0,0,0.0007747519,0.1108365,0,0,0,0,0,0,0.2999182,0.0957375,0,0,0.3562058,0,0,0.06828775,0,0.1343912,0.006375515,0.001157619,0,0.338477,0.3774988,0,0.3915568,0.1121783,0,0,0,0,0.1289183,0.1342928,0,0,0,0,0.1519238,0.230665,0,0,0.130281,0,0,0.2455723,0,0.1907896,0,0,0.07638883,0.1800975,0,0.1069294,0,0,0.2489925,0,0.005174503,0.2891251,0,0.3714349,0.1499231,0,0.4870883,0.4667149,0,0,0,0,0,0.2237967,0,0,
0.7119982,0,0.1943892,0,0,0,0.1328714,0,0,0,0.1901062,0.0742574,0,0,0,0,0,0,0,0,0,0,0,0,0,0,0,0.07558288,0,0.04896937,0,0,0,0,0,0,0,0,0,0,0,0,0,0,0,0,0,0,0,0,0,0,0,0,0,0,0,0,0,0,0.1780044,0,0,0,0,0,0,0,0,0,0,0,0,0,0,0,0.08377559,0.3736844,0,0,0,0,0,0,0,0.6759508,0,0,0,0,0,0,0,0,0,0,0,0,0,0,0,0,0,0,0,0,0,0,0,0,0,0,0,0,0,0,0,0,0,0,0,0,0.2191955,0,0,0,0,0,0,0.01190212,0,0,0,0,0,0,0,0,0,0,0,0.1366542,0,0,0,0,0,0,0.1986527,0,0,0,0,0,0,0,0,0,0.03311828,0,0,0.116292,0,0,0,0.03277533,0,0,0,0,0,0,0,0.2938264,0,0,0,0,0,0,0.1203357,0,0,0,0.4775625,0.2207451,0,0.07065395,0,0,0,0,0,0,0,0,0,0,0,0,0,0,0,0,0.359809,4.633005,0.09295359,0.5384294,0,0,0,0,0,0,0,0,0,0.07347441,0,0,0,0,0,0,0,0,0,0,0,0,0,0,0,0,0,0,0,0,0,0,0,0,0,0,0,0,0,0,0,0,0,0,0,0,0,0,0,0,0,0,0,0,0,0,0,0,0,0.05393655,0.2509271,0,0,0,0,0,0,0,0,0.02677083,0.01367802,0,0,0,0,0,0.2612819,0.1601046,0,0.7211126,0,0.260689,0.2032107,0,0,0,0.4452405,0,0,0,0.04337834,0.2359906,0,0.06510694,0,0,0.1478696,0,0.380534,0,0.1965475,0,0,0,0.3754426,0,1.082819,0,0,0,0,0,0,0,0,0,0,0,0,0,0,0,0,0,0,0,0.9190019,0.7898657,0.3778285,0,0,0,0,0,0,0,0,0,0,0,0,0.2242679,0.1938307,0,0,0.26351,0.364361,0.1579828,0,0.02566318,0.2145295,0,0.3878172,0,0.05930209,0.02366766,0.3530598,0.122596,0,0,0.2898903,0.0364324,0,0,0.284448,0,0,0.2547517,0,0,0,0.03082902,0.05768292,0,0,0.04208646,0.4216171,0,0,0,0,0.3886001,0,0.3899433,0.371079,0,0.4594864,0,0,0.08476261,0.03379072,0,0.2833486,0.2784828,0.1498245,0,0,0,0,0,0,0,0.2756201,0,0.0280719,0,0.2829363,0,0,0,0.1861421,0.1225014,0,0,0,0.08622643,0.1689906,0,0,0.2231949,0.0722641,0.221521,0.05171148,0,0.3157439,0.4637328,0.3378115,0,0,0,0,0.06273698,0,0.06480556,0.01644713,0.1392972,0,0.3486065,0,0,0,0.5347408,0.00991577,0.2259571,0.2134429,0,0.4951342,0,0.06362527,0,0.5095958,0,0.124986,0,0,0,0,0.07247903,0,0,0.04944265,0,0,0,0.261628,0,0,0.1875138,0,0.04141361,0.0257389,0,0.09389285,0,0,0.2083189,0,0.007038709,0,0.2237593,0,0,0.694269,0.2123063,0.1379166,0,0.1313451,0,0.2340084,0,0,0,
0,0,0,0,0,0,0.07962074,0,0,0,0,0,0,0.1712291,0,0,0,0,0,0,0,0,0,0,0,0,0,0,0.09837281,0,0,0.02728532,0,0,0,0,0,0,0,0,0,0.1652658,0,0,0,0,0,0,0,0,0,0.1828303,0,0,0,0,0,0,0,0,0,0,0,0,0,0,0,0,0,0,0,0,0,0,0,0,0.09351207,0,0,0,0,0,0,0,0,0,0,0,0,0.2620676,0.07067137,0,0,0,0,0,0,0,0,0.3694153,0,0,0,0,0,0,0,0,0,0,0,0,0,0,0,0,0,0,0,0,0.02346227,0,0,0,0,0,0,0,0,0,0,0.1434102,0,0,0,0,0,0,0,0,0,0,0,0,0,0,0,0,0,0,0,0,0,0,0,0,0,0,0,0.09746558,0,0,0,0,0,0,0,0,0,0.0001638215,0,0,0,0,0,0.143929,0,0,0,0,0,0,0,0,0,0.4562852,0,0,0,0,0,0,0,0,0,0,0,0,0,0,0,0,0,0,0,1.384722,0.09817964,0,0,0,0,0,0,0,0,0,0,0,0,0,0.1723129,0,0,0,0,0,0,0,0,0,0,0,0,0,0,0,0,0,0,0,0,0,0,0,0,0,0.1971439,0,0,0,0,0,0.3108891,0,0,0,0,0.2222303,0,0,0,0,0,0,0,0,0,0,0,0,0,0,0,0,0,0,0,0,0,0,0,0,0,0,0,0.1513541,0,0.3620055,0.09435076,0.3818873,0.02245824,0.09316633,0,0.2776495,0.4116916,0.2390748,0,0,0,0,0.1303121,0.09098507,0.02218631,0,0.1306607,0,0.1158068,0,0,0,0.1355729,0,0.376766,0,0,0,0,0,0,0,0.08391009,0,0.01222477,0,0,0,0,0,0,0,0,0,0,0,0.2367847,0.1574144,0,0,0,0,0,0,0,0,0,0,0,0,0,0,0,0.2382797,0,0,0,0.4544037,0,0,0.1596074,0,0,0,0.2337294,0,0,0.1947042,0,0.07264432,0.02101343,0.04934749,0,0.2569571,0.4345594,0,0.384098,0.0430243,0,0.2621611,0.4069814,0,0,0.1687422,0,0,0,0,0.3723396,0,0,0.2599009,0,0.007248569,0.454576,0,0,0.1445733,0,0,0.1116215,0.009040164,0.05354023,0,0,0.2881686,0.00619838,0.2569928,0,0,0.1870102,0.494018,0.4248295,0,0,0,0,0.3053824,0.07984642,0.5133433,0,0.3198842,0,0,0.1604994,0.02220758,0.01373753,0,0.1026405,0,0.1048977,0.1082849,0,0,0,0.188258,0.001812938,0,0,0,0,0,0,0.01302237,0,0.2415238,0,0.1482211,0,0.2948373,0,0,0,0,0.02663439,0.267624,0.1710543,0,0,0,0,0.2428739,0,0.3911075,0,0,0,0,0.3185478,0,0,0,0.1275862,0,0,0.2337613,0.1928928,0,0,0.1582445,0,0,0.02608629,0.2925757,0,0.2557687,0,0.3087148,0,0,0,0.01709632,0.1524903,0.1162385,0,0.1242614,0,0.02108579,0,0.07102142,0.0582765,0.04191864,
0,0,0.07704443,0,0,0,0,0,0,0,0,0.07654545,0.02925725,0,0,0,0,0,0,0,0,0,0,0,0.04989265,0,0,0,0.08595866,0,0,0.2371136,0,0,0,0.02379583,0,0,0,0,0,0,0,0,0,0,0,0,0,0,0,0.1201177,0,0,0,0,0,0,0,0,0,0,0,0,0,0,0,0,0.1375511,0.007749345,0,0,0,0,0.2809948,0,0,0,0,0,0,0,0,0,0,0,0,0,0,0,0,0,0.003968398,0,0,0,0.4058326,0,0,0.3866036,0.2180819,0,0,0.1362263,0,0.1957983,0.6651582,0.08195615,0.7320128,0,0,0,0,0,0,0,0,0,0,0,0,0.2613751,0,0,0.1947981,0,0,0,0,0,0,0,0,0,0.4867031,0,0,0,0,0,0,0.05088086,0,0,0,0,0,0,0,0,0.3110265,0,0,0,0,0,0,0,0,0,0,0,0,0,0,0,0.009791679,0,0,0,0,0,1.805377,0,0,0,0,0,0,0,0,0,0,0,0,0,0,0,0,0,0,0,0,0,0,0,0,0,0.05872675,0,0,0,0,0,0,1.367523,3.124715,2.833815,0.4465493,0,0,0,0,0,0,0,0,0,0,0,0,0,0,0,0,0,0,0,0,0,0,0,0,0,0,0,0,0,0,0,0,0,0,0,0,0,0,0,0,0,0,0,0,0,0,0,0,0,0,0,0,0,0,0,0,0.411338,0,0,0,0,0.09635216,0,0,0,0,0,0,0,0,0,0,0,0,0.1615817,0,0.1848616,0,0,0.3185627,0,0,0,0.3898371,0,0,0,0,0,0,0.2028572,0,0,0,0.6635589,0,0.3764654,0.03065802,0.4212285,0,0,0,0,0.03122815,0,0,0,0.09008238,0,0,0,0,0,0,0,0,0,0,0,0,0,0,0,0,0,1.120516,0.2849573,0,0,0,0,0.1136769,0,0,0,0,0,0,0,0,0.2269085,0,0,0,0,0.2257006,0.2529072,0,0,0,0,0,0.06754437,0,0,0.03205334,0,0,0,0.02939921,0.1068531,0,0.2534275,0,0.4686856,0,0,0,0.1878103,0,0.1177118,0.4091856,0.4167194,0.08388075,0,0,0.4604806,0,0,0.2046068,0.03634188,0.2473805,0.1841045,0,0,0,0,0,0,0,0.0007765022,0.1475336,0,0.2649618,0.1650748,0.05115046,0.04857804,0.07010938,0.667032,0,0,0,0,0,0.2456322,0.2037091,0,0,0,0,0.1391283,0.5688672,0,0.1498291,0,0,0,0.05683305,0,0,0.1076136,0.3596408,0.2012002,0.07027042,0,0.2972535,0,0,0.3338901,0,0.223783,0.1919786,0,0.2808247,0.0959347,0,0,0.04431943,0,0,0,0.02124177,0,0,0.2392072,0,0,0,0.1878574,0,0,0,0,0.8070382,0.0300117,0.1501138,0,0.05122859,0.1723403,0,0,0,0.1224492,0.02167988,0.1991052,0,0,0,0.09458844,0,0,0.2128986,0.1956457,0,0.2146805,0.1130718,0.25944,0,0,0.1721422,0,0,0.2693451,0,0.3273708,0,0,0.3462614,0.1992608,0,0,
0,0,0,0,0,0,0,0.0350194,0,0,0,0,0,0.4418206,0,0,0,0.4769707,0,0,0,0,0,0,0,0,0,0,0.05559376,0,0,0,0,0,0,0,0,0,0,0,0,0,0,0,0,0,0,0,0,0.3333825,0,0,0,0,0,0,0.267629,0,0,0,0,0,0,0.4248609,0,0,0,0,0,0,0,0,0,0,0,0,0,0,0,0,0,0,0,0,0,0,0.2386022,0.3297733,0,0,0,0.3268248,0.01295701,0,0,0.05673115,0,0,0,0,0,0,0,0,0,0,0.3407951,0.3129253,0,0,0,0,0,0,0,0,0.8361307,0.06618786,0,0,0,0.3903414,0,0,0.284013,0,0,0,0,0,0,0,0,0,0,0.002511424,0,0,0,0,0,0,0,0,0,0.1647085,0.05367536,0,0,0,0,0,0,0,0,0,0,0,0,0,0,0,0,0,0,0,0,0,0,0,0,0,0,0,0,0,0,0,0,0,0,0,0,0,0,0,0,0,0,0,0,0.05297784,0,0,0,0,0,0,0,0,0,0,0,0,0,0.04213498,3.964884,5.674923,0.8921394,0,0,0,0,0,0,0,0,0,0,0,0,0,0,0,0,0,0,0,0,0,0,0,0,0,0,0,0,0,0,0,0,0,0,0,0,0,0,0,0,0,0,0,0,0,0,0,0,0,0,0,0,0,0,0,0,0,0,0,0,0.2368519,0,0.156647,0,0.05709599,0.13924,0,0.3311269,0,0,0.07950694,0,0,0.0868298,0,0.03096403,0.5759658,0.07565973,0,0,0.2342872,0,0,0.4889229,0.07203747,0,0,0,0.7272157,0.3605121,0.01053703,0.07222331,0,0,0,0,0,0,0.09638456,0.05384116,0,0.1526756,0.3101123,0,0.01730772,0,0,0,0,0,0,0,0,0,0,0,0,0,0,0.1034131,0,0,0,0,0,0,0,0,0,0,0,0,0,0,0,0,0,0.195607,0,0,0,0.04070749,0.656556,0.07100093,0.408987,0.2106781,0.4316947,0.4380928,0.2248831,0,0.1546174,0,0,0,0.7276959,0,0,0.281334,0,0,0,0.2402232,0.08954463,0,0.3715194,0.1431929,0.405434,0,0,0.3160663,0.1200721,0,0.4058343,0,0,0,0,0,0.1565745,0,0,0.3953098,0.0974012,0,0,0,0,0,0,0.5195109,0,0.01566027,0,0.2432032,0,0.6714597,0.02901641,0,0,0.06748,0,0.2223622,0.2566624,0.5126146,0.02716982,0,0,0.1905115,0.1743696,0,0,0.3964498,0,0,0,0,0,0.09292767,0,0.303935,0,0,0,0,0,0.08517742,0.07383148,0.2079598,0.3963789,0,0,0,0.06254081,0,0.1115919,0.1479459,0,0.404109,0,0,0,0,0,0.02720278,0,0.3028524,0,0,0,0,0.5642529,0.3301068,0,0.0858343,0,0,0,0,0.2669467,0,0.2599624,0,0,0,0.1264589,0,0,0.1155185,0,0,0,0.08428822,0.07913101,0,0,0,0,0,0.2087665,0.1823512,0.1477302,0.2238994,0,0,0,0,0.06450349,0.03249706,0,0.05658184,0.0953895,
0,0,0,0.1327226,0,0,0.5117428,0,0,0,0,0,0,0,0,0,0.1864992,0,0.7009003,0,0,0,0,0.7151039,0.09249701,0,0,0,0,0,0,0,0,0,0,0,0,0,0,0,0,0,0,0,0,0,0,0,0,0,0,0,0,0,0,0,0,0,0,0,0,0,0,0,0,0,0,0,0,0,0,0,0,0,0,0,0,0,0.0648759,0.002681514,0,0,0,0,0,0.006406369,0,0,0,0,0,0,0,0,0,0,0,0,0,0,0.1719538,0,0.005046997,0.1372704,0,0,0.3501277,0,0,0,0,0,0.05148107,0,0,0,0,0,0,0.01497538,0,0,0,0,0,0,0,0,0,0,0,0,0,0,0,0,0,0,0,0,0,0,0.272012,0,0,0,0,0,0,0,0.2980342,0,0,0,0,0.2772089,0,0,0,0,0,0,0,0,0,0,0,0,0,0,0,0,0,0.232985,0,0,0,0,0,0,0,0,0,0,0,0,0,0,0,0,0,0,0.5880159,0,0,0,0,0.3661965,0,0,0,0,0,0,0,0,0,0,0,0,0,0,0,0,0,0,0,0,0,0,0,0,0,0,0,0,0,0,0,0,0,0,0,0,0,0,0,0,0,0,0,0,0,0,0,0,0,0,0,0,0,0,0,0,0,0,0,0,0,0,0,0,0,0,0,0,0,0,0,0,0,0,0,0,0,0,0,0,0,0,0,0.04242247,0,0,0,0,0.4550428,0.09644198,0,0,0,0,0.1509239,0,0,0.16606,0,0,0,0.08435599,0,0,0,0.2276718,0,0.2229723,0,0,0,0,0,0,0,0,0.1397918,0,0,0.3559212,0,0.4269918,0,0,0,0,0,0,0,0,0,0,0,0,0,0,0,0,0,0,0,0,0,0,0,0,0,0,0.004619787,0,0,0,0.1841457,0.3048913,0.03847712,0,0,0.04998406,0.1293728,0.1473271,0,0.1040496,0.0280661,0.4865536,0,0.007576575,0,0.2722934,0,0,0.3052415,0.01910036,0,0,0,0,0,0.2517322,0,0.2143169,0.2776456,0,0,0,0.07789831,0,0,0,0.09635857,0,0.2415403,0.0849672,0,0,0.187216,0,0,0,0,0,0,0,0.2345139,0,0,0,0,0,0,0,0.05810313,0,0,0.5674815,0.2320244,0,0.1261771,0,0,0.1933858,0.1843538,0,0,0,0,0,0,0.2050199,0.1371349,0.0952528,0.05298204,0,0.1350076,0.04425485,0,0,0.04302206,0,0.002869665,0,0,0.1569314,0.1125962,0,0.08691069,0.1850922,0,0,0.356093,0,0.00530811,0.5088347,0.1508256,0,0,0,0,0,0,0,0.01696,0.4048472,0,0.04288771,0,0,0,0.1335945,0,0.1864652,0.3196981,0,0.1049678,0,0,0.05481704,0.3874965,0.2092079,0.01130543,0.3764566,0,0.3642955,0,0,0,0.2351698,0,0.6145008,0,0,0.3337119,0,0.2893302,0.2532624,0.09616479,0,0,0.6089092,0,0.4754331,0,0.3365597,
0,0,0,0.07734443,0,0,0,0,0.2970579,0,0,0,0,0,0.2552439,0.02357369,0.08883291,0,0,0,0,0,0.6923209,0,0,0,0,0,0,0,0,0,0.07025571,0,0,0,0,0,0,0,0,0,0,0,0,0,0,0,0,0,0,0,0,0,0,0,0,0.1469984,0,0,0,0,0,0,0,0,0.02290727,0,0,0,0,0,0,0,0,0.09674306,0,0,0,0,0,0,0,0,0,0,0.04861375,0,0.1048025,0,0,0,0,0.2455222,0,0,0,0,0,0,0.00900417,0,0,0.05446288,0.2704168,0.2258102,0.04632208,0.2202723,0,0,0,0.09254114,0,0,0,0.078247,0,0,0,0,0,0,0,0,0,0,0,0,0,0,0,0,0.3964574,0,0,0,0,0,0,0,0,0,0.3592976,0,0,0,0,0.5502744,0,0,0,0,0,0,0,0,0,0,0,0,0,0,0,0,0,0,0,0,0,0,0,0,0,0,0,0,0.2687984,0,0,0,0,0,0,0,0,0.03826056,0,0,0,0,0,0,0,0.8096108,0,0.4111615,0,0,0,0,0,0,0,0,0,0,0,0,0.07207623,0,0,0,0,0,0,0,0,0,0,0,0,0,0,0,0,0,0,0,0,0,0,0,0,0,0,0,0,0,0,0,0,0,0,0,0,0,0,0,0,0,0,0,0,0,0,0,0,0,0,0,0,0.03367712,0,0,0,0,0.1517042,0,0,0,0,0,0,0,0,0,0,0,0,0,0,0,0,0,0,0.6684757,0.1903795,0.1169143,0,0,0,0.3878006,0,0,0,0,0.335853,0,0,0.03590918,0,0,0,0,0,0,0,0,0.04781606,0.4437195,0,0.2463041,0,0,0,0,0,0,0,0,0,0,0,0,0,0,0,0,0,0,0,0,0,0,0,0,0,0,0.2604567,0,0,0,0,0,0,0,0,0,0,0.5484482,0,0.3088239,0.4176891,0.1225163,0.01511914,0,0,0.36715,0,0,0,0.2818838,0.3264513,0.1985099,0,0,0.4061517,0.1266969,0,0,0,0.3324329,0,0,0,0,0.3816603,0,0,0.4294398,0,0,0,0,0,0.6694499,0.1775971,0.147148,0,0.07474984,0,0,0,0.5639392,0,0,0.1820677,0,0,0,0,0.07624169,0,0,0.1431989,0.2143801,0,0,0,0.2846443,0,0,0.2598526,0.06473848,0,0.06195276,0,0,0,0,0,0.129913,0.07229779,0,0,0,0.02497425,0.1692997,0.07084407,0.08951928,0,0.3673612,0.5961374,0,0.172955,0.3343139,0,0.4286977,0.2811649,0,0.1820892,0,0.1984006,0.1549052,0.2514334,0.2962177,0,0.7186871,0.001050755,0,0.2944123,0,0,0,0.1475116,0,0,0.3259891,0.1974782,0,0,0,0.2273985,0,0.1107573,0.2470553,0,0.1368451,0.1046579,0,0,0,0.113137,0.006310186,0.3062951,0.1286279,0.2277001,0,0,0.2897927,0,0.1113616,0,0.2661699,0.008572835,0,0,0.03227255,0.04384987,0.1036421,0.00284678,0,0,0.1891197,0.3638387,0.1687845,0.106384,0,0.1568399,0,
0,0,0,0,0,0,0,0,0.09259766,0,0,0,0,0,0,0,0,0,0,0,0,0,0.05980027,0,0,0,0,0,0,0,0,0.1918845,0,0,0,0,0,0,0,0,0.03839247,0,0,0,0,0,0,0,0,0,0,0,0,0,0,0,0,0,0,0,0,0,0,0,0,0,0.0925255,0.07062801,0,0,0,0,0,0,0,0,0,0,0,0,0,0,0,0,0.216612,0.2259184,0,0,0.1520715,0,0,0,0.04480555,0,0,0,0,0,0,0,0,0,0,0,0,0,0.08497971,0,0.4734121,0,0,0,0,0,0,0,0,0,0,0,0,0,0.2689618,0,0,0,0.2727222,0.3451789,0.4228741,0,0,0,0,0,0,0,0,0,0,0,0,0,0,0,0,0,0.02505825,0,0,0,0,0,0,0,0,0,0,0,0,0,0,0,0,0.05215613,0,0,0,0,0.2825128,0,0,0,0.06558306,0,0,0,0,0,0.299513,0,0,0,0,0,0,0,0,0,0,0,0,0.517782,0,0,0,0,0,0,0.03737065,0,0,0,0,0,0,0.003598629,0,0,0,0,0,0,0,0,0,0,0,0,0,0,0,0,0,0,0,0,0,0,0,0,0,0,0,0,0,0,0,0,0,0,0,0,0,0,0,0,0,0,0,0,0,0,0,0,0,0,0,0,0,0,0,0,0,0,0,0,0,0.3060166,0,0,0,0,0,0,0,0,0.07039606,0,0,0,0,0,0,0,0,0,0,0,0,0,0,0,0,0,0,0.3905107,0,0,0,0,0,0,0.08373677,0,0,0,0,0,0,0.1172449,0,0.09623642,0,0,0.1621827,0,0,0,0.02877915,0,0,0,0,0,0,0,0,0,0,0,0,0.2705308,0,0,0,0.2164758,0,0,0,0,0,0,0,0,0.2048455,0,0,0,0,0,0,0,0.0825534,0,0.01398844,0,0,0,0,0,0.08551571,0,0,0,0,0,0,0.3271757,0,0,0,0,0,0,0,0,0,0,0.3747325,0.08082449,0.163167,0,0,0,0,0,0.02645577,0.08263894,0,0.2185403,0,0.1648543,0.1904138,0,0.07296877,0,0.03671172,0,0,0,0.2878017,0.3168718,0,0.3582993,0,0.1825131,0,0,0,0,0,0,0.004377165,0,0,0.0517526,0,0.2369263,0,0.3539582,0.1959465,0,0.1596424,0,0.08862531,0.1813444,0,0.5944832,0.2541285,0,0.2842941,0,0,0.09999985,0.05755894,0.1647919,0.167466,0,0.2186078,0,0,0,0.295585,0,0.1843701,0,0.07956509,0.001146776,0,0.5249737,0.190686,0.2007688,0,0.001292561,0,0,0,0,0.02050276,0,0.007131349,0,0.2769359,0,0.2616786,0.07275596,0,0.06030475,0,0.3192172,0,0.407807,0,0,0,0,0.2308328,0,0.3290403,0.1861243,0.06538809,0.4014709,0,0,0,0,0,0.2031554,0,0,0.7862295,0,0,0.05683498,0,0,0,0.1947605,0,0,
0,0,0,0,0,0,0,0,0,0,0,0,0,0,0,0,0,0,0,0,0,0,0,0,0.2005213,0,0,0,0,0,0,0,0,0,0,0,0,0,0,0,0,0,0,0,0,0,0,0,0,0,0,0,0,0,0,0,0,0,0,0,0,0,0,0,0,0,0,0,0,0,0,0.07232073,0,0,0,0,0.1876718,0,0,0,0,0,0,0,0,0,0,0,0,0,0,0,0,0.01550384,0,0,0,0,0,0,0,0,0,0,0,0,0,0,0,0.1353761,0,0.07145679,0,0,0,0,0,0,0,0,0,0.4700675,0,0,0,0,0,0,0,0,0,0,0,0,0,0,0.221723,0,0,0,0,0,0.142922,0,0.005449567,0,0.04804358,0,0,0.1488637,0,0,0.3744424,0,0,0,0,0,0,0.2730607,0,0,0,0,0.2106344,0,0,0,0,0.002637444,0,0,0,0,0,0.4253848,0,0,0,0,0.140645,0.05815104,0,0,0,0,0,0,0,0,0,0,0,0,0,0,0,0,0,0,0,0,0,0,0,0,0,0,0,0,0.4249828,0,0,0,0,0,0,0,0,0,0,0,0,0,0,0,0,0.2485813,0,0,0,0,0,0,0,0,0,0,0,0,0,0,0,0,0,0,0.6681906,0,0,0,0,0,0,0,0,0,0,0,0,0,0,0,0,0,0,0,0,0,0,0,0,0,0,0.2593549,0,0,0.005479507,0.06544663,0,0,0,0.6194145,0,0,0,0,0,0,0,0,0,0,0,0,0,0,0,0,0,0,0,0,0,0,0,0,0,0,0,0,0,0.2047933,0,0.07095168,0,0,0,0,0,0.3633816,0,0.4999528,0.06031849,0,0,0,0,0,0.07924468,0,0,0,0,0.3200094,0,0,0,0,0,0,0,0,0,0,0,0,0,0,0,0,0,0.3042302,0,0.07896467,0,0,0,0,0,0,0.2259752,0,0.319985,0,0,0,0,0,0.2729407,0,0,0,0,0,0,0,0.2330081,0.2391131,0,0,0.3800108,0,0,0.01516985,0.1342649,0.01912089,0.3661602,0.004207254,0,0,0,0,0,0,0.08995675,0,0,0.2904359,0,0,0,0,0,0.08341368,0.2709882,0.2735401,0,0,0,0.1678822,0.5377365,0,0.1230233,0.05999823,0.01582,0,0.3050487,0,0.5545409,0,0.02770472,0.3294139,0,0.07816918,0.14628,0.3538025,0,0,0,0,0,0,0.1704654,0,0.5076227,0,0.1871019,0.2192477,0,0,0.09215235,0.2932146,0,0,0.2810938,0,0.1951178,0,0,0.3873349,0,0,0,0.2358267,0,0,0.5858312,0.2602831,0.01141448,0.02190813,0.2553295,0.08034383,0.4339195,0,0.265186,0,0,0,0.4337696,0,0,0.06216117,0,0,0.3532606,0.09194945,0.1571363,0,0.002886168,0.2111948,0,0.1292474,0,0.3625123,0.6073344,0,0,0,0.005897159,0.02217609,0,0.02015791,0,0,0,0.1473415,0,0,0.08335155,0.6172092,
0,0,0,0,0.1197494,0,0,0,0,0.1038298,0,0.02522081,0.1838651,0,0,0,0,0,0,0,0,0,0,0,0,0,0,0,0,0,0,0,0,0,0,0,0,0,0,0,0,0,0,0,0,0.532405,0,0,0,0,0,0,0,0,0,0,0,0,0,0,0,0,0,0,0,0,0,0,0,0,0,0,0,0,0.07491642,0,0,0.3604412,0,0,0.4147252,0,0,0,0,0.04802703,0,0,0,0,0,0.00558382,0,0,0.01531888,0,0,0,0,0.007317182,0,0,0,0,0.5100187,0.08546766,0,0,0,0,0,0,0.02755697,0,0,0,0,0,0,0,0.04658452,0,0,0,0,0,0,0,0,0.2979107,0,0,0,0,0,0,0,0,0,0,0,0,0,0,0,0,0,0,0,0,0,0,0,0,0,0,0,0,0,0,0,0,0,0,0,0,0.007612046,0,0,0,0,0,0,0.1226256,0,0,0,0,0,0.3076201,0,0,0,0,0,0,0,0,0,0,0,0,0,0,0,0,0,0,0,0,0,0,0,0,0,0,0,0,0,0,0,0,0,0,0,0,0,0,0,0,0,0,0,0,0,0,0,0.5481864,0,0,0,0,0,0,0,0,0,0,0,0,0,0,0,0,0,0,0.1293635,0,0,0,0,0,0,0,0,0,0,0,0.000834525,0,0,0,0,0,0,0,0,0,0,0,0,0,0.07654717,0,0,0,0,0,0,0,0,0,0,0,0,0,0,0,0,0,0,0,0,0,0,0,0,0,0,0,0,0,0,0,0,0,0,0,0,0,0.06459972,0,0,0.3712928,0,0.1228009,0,0,0,0,0,0,0.9524156,0,0,0.6440423,0,0,0,0.3155089,0,0,0.1728914,0,0,0,0,0.03077868,0,0,0,0,0,0,0,0,0,0,0,0,0.9853004,0.7893783,0.5854102,0.9295098,0,0.5718158,0,0,0,0,0,0,0,0,0,0,0,0.001482077,0,0,0,0,0,0,0,0,0,0,0,0.2063131,0,0,0.2215553,0.4661295,0,0.111492,0.07838538,0,0,0,0,0.001751837,0.3780891,0.02276018,0.6840541,0.1723334,0,0.2990302,0.4103774,0,0.1401047,0,0.1524864,0,0.2598789,0,0,0.1337718,0,0,0.1791957,0,0.1718084,0.389217,0,0,0,0,0.2728201,0,0.1305696,0,0,0.306895,0,0.05882759,0,0,0,0.009674165,0.07508499,0,0,0.159935,0,0.2790672,0.2187463,0,0.565642,0.2645023,0.1631167,0,0,0,0.04933675,0.5821149,0.2206642,0.3120686,0,0,0.3294339,0,0,0.1508922,0.05968206,0,0,0.1177294,0.1731983,0.4483733,0,0.2715422,0.4011485,0,0.2866337,0.02758874,0.2523136,0,0,0,0,0,0.4421054,0,0,0,0,0.08535648,0.2696919,0,0,0.1291548,0,0.365636,0.1466627,0.4316827,0.2053092,0.2424671,0,0,0.1362911,0,0,0,0.2809051,0,0.1823418,0.05298299,0.1437581,0,
0,0,0,0.02369232,0,0,0,0.3376729,0,0,0.1967073,0,0,0,0,0,0,0,0,0.3409757,0,0,0,0,0,0,0,0,0,0,0,0,0,0,0,0,0,0,0,0,0,0,0,0,0,0,0,0,0,0,0,0,0,0.2815375,0,0,0,0,0.00866213,0,0,0,0,0,0,0,0,0,0,0,0,0,0,0,0,0.6443037,0,0,0,0.1640198,0,0,0,0.07399261,0,0,0,0,0,0,0,0,0,0,0,0,0,0,0,0,0,0,0,0,0,0,0.3496543,0,0,0,0,0,0,0.2511791,0.2500608,0,0,0,0,0,0,0,0,0,0,0,0.3552643,0,0,0,0,0,0,0,0,0,0,0,0,0,0,0,0,0,0,0,0,0,0,0,0,0,0,0,0,0.1111763,0,0,0,0,0,0,0,0.3867727,0.04256944,0,0,0.1502775,0,0,0,0,0,0,0,0,0.3070934,0,0,0,0,0,0,0,0,0,0,0,0,0,0,0,0,0,0,0,0,0,0,0,0,0,0,0,0,0,0,0,0,0,0,0,0.7741793,0,0,0,0,0,0,0,0,0,0,0,0,0,0,0,0.1031207,0,0,0,0,0,0,0,0,0,0,0,0,0,0,0,0,0,0.3465578,0,0,0,0,0,0,0,0,0,0,0,0,0,0,0,0,0,0,0,0,0,0,0,0,0.1266548,0,0.4085893,0,0,0,0,0,0,0.03515732,0,0,0,0,0,0,0,0,0,0,0,0,0,0,0,0,0,0,0,0,0,0,0,0,0,0,0,0,0,0,0,0,0.1008688,0,0,0.3048776,0.07761323,0,0.2459467,0.2537012,0,0.791034,0,1.330217,0,0,0.1071428,0,0,0,0,0.1313353,0,0,0,0,0.09360388,0,0,0,0.06870756,0,0,0,0,0,0,0,0,0.150632,1.240357,0,0,0,0,0,0,0,0,0,0,0,0,0.1801293,0,0,0.2718308,0,0,0,0,0,0,0,0,0,0,0.1599343,0,0,0.03128576,0,0,0,0.1730691,0.3715205,0,0.1582791,0.126006,0.01523844,0,0,0.3347946,0,0.1129126,0.2012048,0,0,0.6998248,0,0,0,0,0.09718262,0,0,0,0,0,0,0,0.1036275,0.04300668,0.00990898,0,0,0.136784,0,0.06769276,0.3768782,0,0,0.1144776,0,0,0.3585735,0.08184612,0,0.08017945,0.03949418,0.4683541,0,0,0.1482155,0.05067587,0,0.1906508,0.2216169,0,0,0,0,0.1646955,0,0.2463443,0,0,0,0,0.3500425,0.181327,0,0.01338717,0,0,0,0,0.2119413,0,0,0,0,0,0,0.04027254,0,0.2707896,0.2460336,0.4275671,0,0.09390701,0.1371853,0,0,0,0.1140929,0,0.2775316,0,0,0.143001,0,0.3440043,0,0.3028434,0.08846726,0,0.004143695,0.5949215,0.3215199,0,0.103549,0,0,0.3991697,0.1013411,0,0,0.4095218,
0,0,0.0545522,0,0.2527919,0,0,0,0.2838874,0,0,0,0.01524535,0,0.003940539,0,0,0,0,0,0,0,0,0,0,0,0,0,0,0.1234712,0,0,0,0,0,0,0.07242767,0,0,0,0,0,0,0,0,0,0,0,0.1805563,0,0,0,0,0,0,0,0,0,0,0,0,0,0,0,0,0,0,0,0,0,0,0,0,0,0,0,0,0,0,0,0,0,0,0,0.2247359,0,0,0,0.2058872,0,0.3818781,0,0,0,0,0,0,0,0,0,0,0,0.2650091,0.1217403,0,0.1842176,0,0,0,0.444838,0.004133601,0,0,0,0,0,0,0,0.2410709,0,0,0,0,0,0,0,0.08116962,0,0,0,0.308738,0,0,0,0,0,0,0,0,0,0,0,0,0,0,0,0,0,0.1532348,0,0,0.02558751,0.2195459,0,0,0.2775482,0.05207308,0,0,0,0.3345081,0,0,0,0,0,0,0,0,0.2613225,0,0,0,0,0,0,0,0,0,0,0.1548714,0,0,0,0.0359938,0,0,0,0,0,0,0,0,0,0,0,0,0,0,0,0,0,0,0.0707766,0,0,0,0,0,0,0,0,0,0,0,0,0,0,0,0,0,0,0,0,0,0,0,0,0,0,0,0,0,0,0,0,0,0,0,0,0,0,0,0,0,0,0,0,0,0,0,0,0,0,0,0,0,0,0,0,0,0,0,0,0,0,0,0,0,0,0,0,0,0,0,0,0,0,0,0,0,0,0,0,0,0,0,0,0,0,0,0,0.2084622,0,0,0.004499863,0,0,0,0,0,0,0,0,0,0,0,0,0,0,0,0.1030787,0,0.2331273,0.061271,0.3821336,0,0,0,0,0,0,0,1.003845,0,0,0,0.1426421,0,0,0,0,0,0,0,0,0,0,0,0.07253809,0,0,0,0,0,0,0,0,0,0,0.567692,0,0,0.06928793,0.5145461,0,0,0,0,0,0,0,0,0,0,0.1161376,0,0,0,0,0,0,0,0,0,0.1472318,0,0,0,0,0,0,0,0,0,0,0,0,0,0.08677389,0.1273985,0.1097061,0.03030904,0,0.1220336,0,0,0.1515325,0.01643154,0.2391816,0.1957771,0.002670627,0,0.1436259,0.06286572,0.1228097,0,0,0.1202639,0.6023034,0.1285258,0,0,0,0.09896161,0,0,0,0,0,0,0.2153046,0,0.1027724,0,0.3788848,0.1345137,0,0,0,0,0.1232994,0,0,0.2816679,0.3111893,0,0,0.288393,0.5214613,0,0,0.3697983,0,0,0,0,0,0,0,0.2200888,0,0.218163,0,0.3289736,0.07361876,0,0,0.3856505,0,0,0,0.03019801,0,0.02429941,0,0,0.1662094,0,0.06285219,0,0,0,0,0,0,0.04921438,0,0,0,0.1463844,0,0.2334439,0,0,0.1519593,0,0,0,0,0.09955683,0,0,0.1723753,0.006352012,0.009032846,0.1920056,0,0.3908682,0.1265448,
0,0,0,0,0.8665313,0.09035216,0,0,0,0.04635979,0,0,0,0,0,0,0,0,0,0,0,0,0,0,0,0.3961046,0,0,0,0,0,0,0,0,0,0.08729223,0,0,0,0,0,0,0,0,0,0,0,0,0,0,0,0,0,0,0,0,0,0,0,0,0,0,0,0,0,0,0,0,0,0,0,0,0,0,0,0,0,0,0,0,0,0,0,0,0,0,0,0.01023892,0,0,0,0,0,0,0,0.1946575,0,0,0,0,0,0,0.2262729,0,0,0,0,0.01054879,0,0,0,0,0.254243,0,0,0,0,0,0.2116751,0,0,0,0,0,0,0,0,0,0,0,0,0.3182347,0,0,0,0,0,0,0,0,0,0,0,0.009373941,0,0,0,0,0,0,0,0,0,0,0,0,0,0,0,0,0,0,0,0,0,0,0,0,0,0,0.008925679,0,0,0,0,0,0,0,0,0,0,0,0,0,0.02073932,0,0,0,0,0,0,0,0,0,0,0,0,0,0,0,0,0,0,0.01750199,0,0,0,0,0,0,0,0,0,0,0,0,0,0,0,0,0,0,0,0,0,0,0,0,0,0,0,0,0,0,0,0,0,0,0,0,0,0,0,0,0,0,0,0,0,0,0,0,0,0,0,0,0,0,0,0,0,0,0,0,0.007668118,0,0,0,0,0,0,0,0,0,0,0,0,0,0,0,0.05015427,0,0,0,1.336978,0,0.300183,0,0,0,0,0,0,0,0,0,0,0,0,0,0,0,0,0,0,0,0,0,0,0,0,0.315478,0.00699785,0,0,0.2828871,0.1652612,0,0.08027129,0,0.6364831,0.1207263,0,3.567255,1.444779,0.04676691,0,0,0,0,0,0,0,0,0,0,0,0,0.02667071,0,0,0.02047621,0,0,0,0,0,0,0,0,1.105296,2.646469,3.146847,1.499127,0,0,0,0,0,0,0,0,0,0,0,0,0,0,0,0,0,0,0,0,0,0,0,0,0.1183733,0,0,0,0,0,0,0.1692957,0,0,0,0,0,0,0.1834931,0.507425,0,0,0,0,0.4120924,0,0.3510355,0.0008683706,0,0,0,0.1678286,0,0.273002,0,0,0,0.297781,0.05930406,0.7698114,0,0.1208886,0.1681624,0.4476411,0,0,0.2323308,0.3633676,0,0,0.3906641,0,0,0.1347831,0,0,0,0,0.1959767,0.01698995,0,0,0.3313905,0,0,0.2574636,0.2163769,0,0,0,0.2608673,0,0.08575495,0,0.09324417,0,0.002967387,0.1167127,0.1857059,0.1541013,0.0274257,0,0.2806326,0,0,0,0,0.1577587,0,0.3692544,0.09956881,0.2799052,0.1505051,0.121471,0.107979,0.3282956,0,0.09954514,0,0,0,0.1466578,0.02931704,0.03349564,0,0.1526158,0.1471878,0,0.1846287,0,0,0,0,0,0,0,0.2217615,0.04747297,0.08780896,0,0,0,0.05964654,0,0.1433316,0,
0,0,0,0,0,0,0,0,0,0.3871191,0,0,0,0,0.3030839,0,0,0,0,0,0,0,0,0,0,0,0,0,0,0.09637453,0,0,0,0,0,0,0,0,0,0,0,0,0,0,0,0,0.2200314,0,0,0,0,0,0,0,0,0,0,0,0,0,0,0,0.03194208,0,0,0,0,0,0,0,0,0,0,0,0,0,0,0,0,0,0,0,0,0.08488872,0,0,0,0,0,0,0,0.1930599,0,0,0,0,0,0,0,0,0,0,0,0.2379781,0.4689361,0,0,0.3224704,0,0,0,0,0,0,0,0,0,0.07946777,0,0.153733,0,0,0.4914084,0,0,0,0.0004625784,0,0,0,0,0.1353723,0,0,0,0,0,0,0,0.1398987,0,0,0,0,0,0,0,0,0,0,0,0,0,0,0,0,0,0,0.02003516,0.09519549,0,0.1455819,0,0,0,0,0,0,0,0,0,0,0,0.05893272,0,0,0,0,0.6143314,0,0,0,0,0,0,0,0,0,0,0,0,0,0,0,0,0,0.0302949,0,0,0,0,0,0,0,0,0,0,0,0,0.07253912,0,0,0,0,0,0,0,0,0,0,0,0,0,0,0,0,0,0,0,0,0,0,0,0,0.06190576,0,0,0,0,0,0,0,0,0,0,0,0,0,0,0,0.1473386,0,0,0,0,0,0,0,0,0,0,0,0,0,0.009340063,0,0,0,0,0,0,0,0,0,0,0,0,0,0,0,0,0,0,0,0,0.004673055,0,0,0,0,0,0,0,0,0,0,0,0,0,0,0,0,0,0,0,0,0,0,0.6732789,0,0,0,0,0.005253781,0,0,0,0.1370265,0.04218186,0,0.06501483,0,0.01028627,1.507268,0,0.7017161,0,0,0,0,0,0,0,0,0,0.1298253,0,0,0,0.08962075,0,0,0,0,0.04672623,0,0,0,0,1.102503,0,0,0.7285485,0,0,0,0,0,0,0,0.09610686,0,0,0,0,0,0,0,0,0,0,0,0,0,0,0,0,0,0.1467681,0,0,0,0,0,0,0,0,0,0,0,0,0,0.2317016,0.1543062,0,0.06885555,0,0.1250156,0.1482017,0,0,0.04654343,0.03597939,0,0,0,0.2517268,0,0.2831376,0.396162,0,0,0,0,0,0,0.1140483,0.04496623,0,0,0,0.1941326,0.131438,0.1110456,0.1174941,0,0.2986189,0.4697228,0,0,0,0.1950573,0,0,0.1076655,0.3122441,0.2612326,0,0.1020918,0,0,0.4184368,0,0,0.2422319,0.02618152,0.4067355,0,0.1084721,0.1276739,0,0,0.09094857,0,0,0.3978757,0.1152152,0,0,0,0,0.1024889,0,0,0.05105834,0.09686605,0.05559654,0.004603073,0.3710713,0,0,0.122049,0,0.2032593,0.2674513,0,0.2261101,0.1721928,0.3056716,0,0.2059122,0,0.3474674,0,0,0,0.1220702,0.2199424,0.004462432,0,0,0,0,0,0,0,0,0.2332625,0,0.2834582,
0,0,0,0,0.4541421,0.1166912,0,0,0,0,0,0,0,0,0,0,0,0,0.03606621,0.03255926,0,0,0,0,0,0,0,0,0,0,0,0,0,0,0,0,0,0,0,0,0,0,0,0,0,0,0,0,0,0,0,0,0,0,0,0,0,0,0,0,0,0,0,0,0,0,0,0,0,0,0,0,0,0,0,0,0,0,0,0,0,0,0.01382793,0.1281274,0,0,0,0,0,0,0,0,0,0,0,0,0,0,0,0.2282771,0,0,0.6161909,0,0.3313988,0,0,0.1512774,0,0.4092294,0,0,0,0,0,0,0,0,0,0,0,0.2673863,0,0,0,0,0,0,0,0,0,0,0,0,0,0.02993083,0,0,0,0.2325848,0,0,0,0,0,0,0,0,0,0,0,0,0.06349263,0,0,0,0,0,0,0,0,0,0,0,0,0,0,0,0.3763456,0,0,0.4342999,0,0,0,0,0,0.5174904,0,0,0,0.2119334,0,0,0.3480873,0.3437539,0.1991152,0.416325,0,0,0,0.1049848,0,0.06495146,0.02416514,0,0,0,0,0,0,0,0,0,0,0,0,0,0,0,0,0,0,0,0,0,0,0,0,0.516096,0,0,0,0.1574848,0,0,0,0,0,0,0,0,0,0,0,0,0,0,0,0,0,0,0,0,0,0,0,0,0,0,0,0,0,0,0,0,0.134443,0,0,0,0,0,0,0,0,0,0,0,0,0,0,0,0,0,0,0,0,0,0,0,0,0.6870551,0,0,0.3072138,0.05116316,0,0,0,0,0,0,0,0,0,0,0,0,0,0,0,0,0,0,0,0,0,0,0,0.2288705,0,0.433283,0,0.1957942,0,0.3144739,0,0.4809646,0.09362981,0.6509682,0,0,0.5330589,1.216219,0,0,0.238245,0,0,0,0,0,0.06684656,0,0,0,0.263418,0,0.07342714,0,0,0,0.1963393,0,0,0,0,0.19116,0,0,0,0,0.4441316,0,0,0,0,0,0,0,0,0,0,0,0,0,0,0,0,0,0,0,0,0,0,0,0,0,0,0,0,0,0,0,0,0,0,0,0.1095655,0,0,0,0,0,0,0,0,0.167584,0,0,0,0.2070381,0,0,0,0,0,0,0,0.2478043,0,0,0.1534653,0.1349375,0,0,0,0,0.3340488,0.08646142,0,0.1162798,0,0,0,0,0.01001779,0,0.1372348,0.2926974,0,0,0,0,0,0.3610397,0,0.5137815,0.3737276,0,0,0.1454638,0,0,0.02310975,0,0.05076574,0,0.2431652,0,0.1343575,0,0.08888463,0,0.03842223,0,0.1056044,0,0,0.1808181,0,0.1577302,0,0.2879167,0,0,0,0.01750562,0,0.1237603,0.4990377,0,0,0.2619462,0.2446049,0,0,0.4030548,0,0.06186789,0,0.1426835,0.5190365,0,0.2345943,0,0.4534221,0.27695,0.07793125,0.1033992,0,0,0,0,0,0.2442294,0,0,0,0,
0,0,0,0.03097957,0,0,0,0,0,0,0,0,0,0,0,0,0,0,0,0,0,0,0,0,0,0,0.07600539,0.3068457,0,0,0,0,0,0.03547494,0,0,0,0,0,0,0,0,0,0,0,0,0.5317512,0,0,0,0,0,0,0,0,0,0,0,0,0,0,0,0,0,0,0,0,0,0,0,0,0,0,0,0,0,0,0,0,0,0,0,0,0,0,0,0,0,0,0,0,0,0,0,0,0,0,0,0,0,0,0.08114593,0.577769,0,0,0.7092619,0.2959208,0.01990596,0,0.1208321,0,0.4337109,0,0.07048913,0.3918067,0.643944,0,0,0,0,0,0,0,0,0,0,0,0,0,0,0,0,0,0,0,0,0,0,0,0,0,0,0,0,0,0.0866117,0,0,0,0.2238683,0,0.08514575,0,0,0,0,0,0,0,0,0,0,0,0,0.3941273,0.005983427,0,0,0,0,0,0,0,0,0,0,0,0,0,0,0,0,0,0.08922192,0,0.364713,0,0,0,0,0,0,0.08547443,0,0,0,0,0,0,0,0,0,0,0.223311,0,0,0,0,0,0,0,0,0,0,0,0,0,0,0,0,0,0,0,0,0,0,0,0,0,0,0,0,0,0,0,0,0,0,0,0,0,0.1166323,0,0,0,0,0,0,0,0,0,0,0,0,0,0,0,0,0,0,0,0,0,0,0,0,0,0,0,0,0,0,0,0,0,0,0,0,0,0,0,0,0,0,0,0,0,0,0,0,0,0,0,0,0,0,0,0,0,0,0,0,0,0,0,0,0,0,0,0.7339817,0.1283624,0,0.219713,0,0,0,0,0,0,0,0.2048313,0,0,3.416464,1.715335,0,0,0,0,0,0,0.1649188,0,0,0,0,0,0,0,0,0,0.1500759,0.2492307,0,0,0,0.0495978,0,0,0,0,0,0,0,0,0,0,0,0,0,0,0,0,0,0,0,0,0,0,0,0,0,0,0,0.03940163,0,0,0,0,0.02501148,0,0,0,0,0,0.03902576,0.9246063,0,0,0,0,0,0.1017457,0,0,0,0.01616778,0,0.001532164,0.2124728,0,0,0,0,0,0,0,0,0.03681935,0.05178487,0,0,0,0,0,0,0,0,0,0,0,0,0.02214637,0,0.05873513,0,0,0.4242261,0,0.1937827,0,0.4164535,0,0.09169248,0.1626075,0.3712579,0.008734397,0,0.3279425,0.1572094,0,0,0.09695027,0.1152898,0,0,0,0.378886,0.1673912,0,0.01462179,0.6554437,0,0.4905072,0,0.08439652,0.1340047,0,0,0.03874079,0.006083452,0,0,0,0.0315726,0.1264725,0.1108413,0.4635476,0.05168018,0,0,0,0,0,0,0,0.3528433,0.3443404,0,0,0,0,0.2250677,0,0,0.5668179,0.1807205,0.02636615,0,0,0.4631088,0.3749927,0.2354598,0.04616008,0,0,0.3892257,0,0,0.3515818,
0,0.097332,0,0,0.2101281,0.2520311,0.3440038,0,0.1896261,0,0,0,0,0,0,0,0,0.07313272,0,0.4214996,0,0,0,0,0,0.07894979,0,0,0.02550048,0,0,0,0,0,0,0,0,0,0,0,0,0,0,0,0,0,0,0,0,0,0,0,0,0,0,0,0,0,0,0,0.1733424,0,0,0,0,0,0,0,0,0,0,0,0,0,0,0,0,0,0,0,0,0,0,0,0,0,0,0,0,0.1929199,0.3165157,0.1134621,0,0,0,0,0,0.2079334,0,0.05853128,0.2955343,0.1192617,0,0.223257,0.3607109,0,0,0,0.3217651,0,0.3156163,0.4153712,0,0,0,0,0,0,0,0,0.1703734,0,0,0,0,0,0,0.06821532,0,0,0.1432601,0,0,0.2807554,0.4054739,0,0.1969829,0,0,0,0,0.2654184,0,0,0,0,0,0,0,0,0,0,0,0,0.1531779,0,0,0,0,0,0.01046617,0,0,0,0,0.182685,0,0.09230779,0,0,0,0,0,0,0.01670418,0,0.06637699,0,0.2719218,0,0,0.2321797,0,0,0,0.01529806,0.1974801,0.1289794,0.02742781,0.07170127,0,0.3102126,0,0,0,0,0,0,0,0.01430203,0,0,0,0,0.4146948,0,0,0,0,0,0,0,0,0,0,0,0,0,0,0,0.1101591,0,0.08809377,0.4553849,0,0,0,0,0.121189,0,0,0,0,0,0,0,0,0,0,0,0,0,0,0,0,0,0,0,0,0,0.3766111,0,0,0,0,0,0,0,0.2132786,0,0,0,0,0,0,0,0.1706627,0,0,0,0,0,0,0,0,0.0339542,0,0,0,0,0,0,0,0,0,0,0,0,0,0,0,0,0,0,0,0,0,0,0,0,0,0,0,0,0,0,0,0,0,0.1702696,0,0,0,0.06404947,0.2224919,0.07700904,0.2667168,0.1099821,0.4554335,0,0,0.004001174,0,0,0.4366424,0,0,0,0,0,0,0,0,0,0,0,0,0,0,0,0,0,0,0,0,0,0,0,0,0,0,0.02912913,0,0,0,0,0,0,0,0,0,0,0,0,0,0,0,0,0,0,0,0.1024297,0,0,0,0,0,0,0,0,0,0,0.03561906,0,0,0,0,0.5234272,0,0,0,0,0,0,0,0,0.1988683,0.06476991,0,0,0,0,0,0,0,0,0.2864345,0,0,0.4385647,0,0,0,0,0,0,0,0.2637468,0,0,0,0,0,0,0,0,0.03779679,2.020731,0,0,0,0,0.4850299,0,0.8241982,0.06445695,0.2831245,0,0.1661824,0.03598202,0,0.3937069,0,0,0,0,0,0.3845189,0,0,0.2040761,0,0.1662372,0,0,0,0,0,0.6135615,0.08014043,0.07935989,0,0,0,0.225604,0,0,0.267536,0,0,0,0,0,0,0.6155933,0.3335643,0,0,0.3935038,0.179083,0,0,0.2928975,0.08057775,0,0.2268894,0.23138,0,0,0.3059813,0.4963979,0,0,0.01385703,0,0,0.2456594,0,0,0,
0,0,0.4588103,0.1700008,0,0.2254153,0.5223817,0,0,0,0.2777801,0,0,0.2448903,0,0,0,1.242455,0,0,0,0,0,0,0,0,0,0,0,0,0,0,0.4314952,0,0.02383327,0,0,0,0,0,0,0,0,0,0,0,0,0,0,0,0,0,0,0,0,0,0,0,0,0,0,0,0.07294456,0,0,0,0,0,0,0,0,0,0,0,0,0,0,0,0,0,0,0,0,0,0,0,0,0.2264446,0,0,0,0,0.4298815,0,0.3404624,0,0,0,0,0.1088049,0,0,0,0,0,0.01086039,0,0.125474,0,0,0,0.5317674,0,0,0,0.1461813,0,0,0,0,0,0,0,0,0,0,0,0,0,0,0.2475717,0,0,0,0,0,0,0,0.2930955,0,0,0,0,0,0,0,0,0,0,0,0,0,0,0.192694,0,0,0,0,0,0,0,0,0,0,0,0,0,0,0,0,0,0,0,0,0,0,0,0,0,0.02900579,0,0,0,0,0,0.4143218,0.1672999,0,0,0,0,0,0,0,0.4225881,0,0,0,0,0,0,0,0,0,0.1493945,0,0.09346206,0,0,0,0,0,0,0,0,0,0,0,0,0,0,0,0,0.08339521,0,0,0.004597156,0,0,0,0,0,0,0,0,0,0,0,0,0,0,0,0,0,0,0,0,0,0,0,0.2141462,0,0,0,0,0,0,0,0,0,0,0,0,0,0,0,0,0,0,0,0,0,0,0,0,0,0,0,0,0,0,0,0,0,0,0,0,0,0,0,0,0,0,0.01811797,0,0,0,0,0,0,0,0,0,0,0.2439469,0.1669737,0,0,0,0,0.4558105,0,0,0,0,0,0,0,0.1630931,0,0,0.05793127,0,0.6202328,0,0,0.2900504,0.0201364,0,0,0,0,0,0,0,0,0,0,0,0,0.1522616,0,0,0,0,0,0,0,0,0.3711789,0,0,0,0,0,0,0,0,0,0,0,0,0,0,0,0,0,0,0,0,0,0,0,0,0.2774224,0,0,0,0,0,0,0,0,0.1336777,0,0,0,0,0,0,0,0,0,0,0,0,0,0,0,0,0,0,0,0,0,0,0,0,0,0,0,0,0,0,0,0,0,0,0,0,0,0,0,0,0.3343578,0,0.124568,1.735596,0.2495896,0,0,0,0.2480856,0.1355667,0,0,0.1087433,0.1910986,0.1098272,0.1990336,0.1966786,0.1146228,0,0.4374104,0.1183153,0.01910337,0.1721886,0,0,0,0,0,0,0,0.1104895,0.1276315,0.221161,0,0.476872,0,0,0.2880685,0,0.4480295,0,0.07485475,0,0.02531083,0.3585849,0,0,0.09483211,0,0,0.1288059,0,0,0,0.2094478,0,0,0,0,0,0.005952556,0.1956491,0,0.06526345,0,0,0,0.001671709,0,0.7123984,0.1052854,0.2822443,0.3226391,0.05765828,0.04088924,0,
0,0.003464432,0,0.07650649,0,0.2008571,0.4712115,0.04724875,0,0.2465245,0.02771142,0.1229433,0,0.2130498,0.1931542,0.1259681,0.4720717,0.30762,0.6017649,0,0,0,0.2506987,0,0,0.02577806,0,0.07088006,0,0,0,0,0,0,0,0,0,0,0,0,0,0,0,0,0,0,0,0,0,0,0,0,0,0,0,0,0,0,0.02498952,0,0,0,0,0,0,0,0.3770722,0,0,0,0,0,0,0,0,0,0,0,0,0,0,0,0,0.0746178,0,0,0.566051,0,0.0890173,0.05574845,0,0,0,0,0.3282793,0,0.3021435,0,0,0,0.3422002,0,0,0,0.04036793,0.1219894,0,0.07363673,0.3129539,0.1457805,0,0,0,0,0,0.3439543,0.1641021,0.09826772,0,0,0,0,0,0,0.03101334,0,0,0,0,0,0,0.0458615,0,0,0,0,0,0,0,0,0,0,0,0.2239791,0,0,0,0,0,0,0,0,0,0,0,0,0,0.03609774,0,0,0,0,0,0,0,0,0,0,0,0,0.5798849,0,0,0,0,0,0,0,0,0,0,0,0,0.2607993,0,0,0.06248817,0.04771278,0,0.1775133,0.1508119,0.2342283,0,0.02734486,0,0,0,0,0,0.03318608,0,0,0,0,0.05979479,0,0,0,0,0,0.03551024,0,0,0,0,0,0,0,0,0,0,0,0.3234147,0.6600284,0.783753,1.903073,0.9310072,0,0,0,0,0,0,0,0,0,0,0,0,0,0,0,0,0,0,0,0,0,0,0.402659,0,0.1299351,0,0,0,0,0,0,0,0,0,0,0,0,0,0,0,0,0,0,0,0,0,0,0,0,0,0,0,0,0,0.08470208,0,0,0,0,0,0,0,0,0,0,0,0,0,0,0,0,0,0,0,0,0,0,0,0,0,0,0,0,0,0.0231442,0,0,0.1374578,0.008273096,0.1500869,0.2329316,0.0853492,0,0,0.811931,0,0,2.516223,0,1.042433,0,0.004811139,0,0,0.05164536,0,0,0,0,0,0,0,0,0,0,0,0,0,0,0,0,0,0,0,0,0.3769663,0,0,0,0,0,0,0,0,0,0,0,0,0,0,0.01970509,0,0,0,0,0,0,0,0,0,0,0,0,0,0,0,0,0,0,0,0,0,0,0,0,0,0,0,0,0,0,0,0,0,0,0,0,0,1.311525,0,0,0,0,0,0.2165663,0.1634362,0,0,0,0,0,0,0,0,0,0,0,0,0.06842385,0.2039967,0.3987528,0,0.1477151,0,0,0,0,0,0.1495301,0,0,0.2841353,0.1713545,0.1694509,0,0.1588334,0.135977,0.03328431,0,0,0,0,0.06711426,0.3429454,0,0,0.1586435,0.6532217,0.06077485,0,0,0,0.05198911,0,0,0.1645217,0,0,0,0,0,0.02326679,0.2059111,0.2741239,0.2276455,0.2956502,0.3055812,0,0,0,0,0,0,0.0714035,0,0,0.2291255,0.3598053,0.004767866,0.3596755,0.00251601,0,0.08096065,0.1900782,0.1210092,0.0566463,0,0.02144114,0,0.07723957,0.3991096,0.1546403,0,
0,0,0,0,0,0,0,0,0,0,0.007616708,0.1278447,0,0.2638292,0,0,0,0.3395603,0.6433947,0,0.1365828,0,0.1772526,0,0,0.07429665,0.1271624,0,0,0,0.08479563,0,0,0,0,0,0,0,0,0,0,0,0,0,0,0,0,0.08886449,0,0,0,0,0,0,0,0,0,0,0,0,0,0,0,0,0,0,0,0,0,0.1821453,0,0,0,0,0,0,0,0,0,0,0.1875963,0,0,0,0,0,0,0.3226456,0,0.1107464,0.0173691,0,0,0,0.03908146,0,0.2001008,0.004283858,0,0,0.2529114,0,0.01770169,0,0,0.3415858,0,0,0,0,0.0199296,0,0.2843243,0.006251994,0,0,0,0.07637536,0.009268408,0,0.1296379,0,0.06815505,0,0,0.02353662,0,0,0,0,0,0,0,0,0.1450729,0,0,0.2295872,0,0,0.1737584,0,0,0,0.3749245,0,0,0,0,0,0,0,0,0,0,0,0,0,0.03931771,0,0.08935884,0,0,0,0.1699682,0,0,0,0,0,0,0,0,0,0,0,0,0,0.003647505,0,0,1.375551,0,0,0,0.07672139,0,0,0.5163974,0,0,0,0.157491,0,0,0,0,0,0.3757626,0,0,0.5187836,0,0,0,0,0,0,0,0,0,0,0,0,0,0,0,0,0,0,0,0.1739956,1.007254,4.351269,5.693462,4.00627,5.582027,2.220974,0,0,0,0,0,0,0,0,0,0,0,0,0,0.2739793,0,0,0,0,0,0,0,0,0,0,0,0,0,0,0,0,0,0,0,0,0,0.1605181,0,0,0,0,0,0,0,0,0,0,0,0,0,0,0,0,0,0,0,0,0.1525172,0,0,0,0,0,0,0,0,0,0,0,0,0,0,0,0,0,0,0,0,0,0,0,0.2216982,0,0,0,0,0,0.004512092,0.03229672,0,0,0.08117554,0.02757829,0.6848232,0,0,1.913408,3.05966,0,0,0,0.102357,0,0,0,0,0,0,0,0,0,0,0,0,0,0,0,0,0.3494508,0,0.09331398,0,0,0,0,0,0,0,0,0,0,0,0,0,0,0.0678147,0,0.06205399,0.3209129,0,0,0,0,0,0,0,0,0,0,0,0,0,0,0,0,0,0,0,0.0383267,0,0,0,0,0,0,0,0,0,0,0,0,0,0,0,0,0,0,0,0,0,0,0,0,0,0,0,0,0,0,0,0,0,0.4300543,0,0,0,0,0,0,0,0,0,0.0824903,0.310817,0.2347783,0.04284502,0.1462707,0,0.1963748,0.003355199,0.3399177,0.2615182,0.178045,0.04134595,0,0.07462753,0.0272687,0.2625698,0,0.4332651,0.07338476,0.3150844,0,0.06534427,0.3810438,0.01820439,0.1010934,0,0,0,0,0,0,0,0,0,0,0.1127862,0,0,0,0,0,0.3130924,0,0,0.3869761,0,0,0.01455207,0.2743933,0.3459661,0.1027282,0.2333221,0.1007432,0.3869103,0.2134873,0,0.1600265,0,0.6797476,0,0.05888386,0,0,0,0,0.0974769,0.2028552,0.2007554,0,0.4772103,0.2079947,
0,0.08386467,0,0.1635357,0.05589937,0,0.2098849,0.2001897,0,0.1972317,0.3771822,0.2923169,0.007460555,0,0.5356635,0.1844795,0,0,0,0,0.2823164,0,0.06234919,0.07032163,0,0,0,0,0.4486581,0.004404124,0.05560011,0,0,0,0,0,0,0,0,0,0,0,0,0,0,0,0,0.2171929,0,0.3621606,0,0,0,0,0,0,0,0,0,0,0,0,0,0,0,0.2685918,0.02885437,0,0,0,0,0,0,0,0,0,0,0,0,0,0,0,0,0,0,0,0,0,0,0,0.01005346,0,0.04242626,0,0,0.1782802,0,0.005005604,0,0.02063475,0,0.24664,0.004689268,0,0,0.1385572,0,0,0,0.2354629,0.1130321,0.3529667,0.4611081,0,0,0,0.3385929,0,0,0.05793942,0.2250401,0,0,0,0,0,0,0,0,0,0.05781382,0,0,0,0,0,0,0,0,0,0,0,0,0,0,0,0,0.2276956,0,0,0.1250289,0,0,0,0,0,0,0,0,0.1828091,0,0,0,0,0.1155559,0,0,0,0,0,0,0,0,0,0,0,0,0,0,0,0.4098824,0,0,0.3790961,0.2789724,0,0,0,0.2469955,0,0.1345833,0,0,0.1163299,0,0.1299286,0,0,0.3967272,0,0,0.2345309,0,0,0.3050707,0,0,0,0,0,0,0,0,0,0,0,0,0,0,0,0,0.3527603,0,0.3361851,1.189354,4.827279,5.195104,5.252385,4.50036,1.317406,0,0.3619833,0,0,0,0,0,0,0,0,0,0,0,0,0,0,0,0.2083483,0,0,0,0,0,0,0,0,0,0,0,0,0,0,0,0,0,0,0,0,0,0,0,0.2031621,0,0,0,0,0,0,0,0,0,0,0,0,0,0,0,0,0.07504959,0,0,0,0,0,0,0,0,0,0,0,0,0,0,0,0,0,0,0,0,0,0,0,0,0,0,0.4070817,0,0,0.3196267,0.005315589,0,0,0,5.14284,0,4.210991,2.736941,0.06112144,0,0,0,0,0,0,0,0,0,0,0,0,0.2726849,0,0,0,0,0,0,0.1538989,0,0,0,0,0,0,0,0,0,0,0,0,0,0,0,0,0,0,0,0,0,0,0,0,0,0,0,0,0,0,0,0,0,0,0,0,0,0,0,0,0,0,0,0,0,0,0,0,0,0,0,0,0,0,0,0,0,0,0,0,0,0,0,0,0,0,0,0,0,0.03981905,0,0,0,0,0,0,0,0,0,0,0,0.5938737,0.07740679,0,0,0,0.08031002,0,0.08944266,0.6483074,0,0,0.04374827,0,0,0,0.2340763,0.1934884,0.02933501,0.2751117,0.2454031,0.04901123,0,0,0,0,0.2850499,0,0.4403934,0,0.07432079,0.1442213,0.2831967,0.2750999,0.1781873,0,0.3989267,0,0.1588519,0.0106253,0,0,0,0,0.0172492,0,0,0.02791124,0.1273086,0,0,0,0,0.005734582,0,0,0,0.189008,0,0.2627122,0.006620104,0,0,0,0.3274525,0.09824418,0,0,0,0,0,0,
0.1160083,0.2667694,0,0,0.2623064,0,0,0,0,0.02602928,0.1508406,0,0.06137941,0.05375239,2.093844,0,0,0,0,0,0.2728328,0,0,0,0.03168589,0,0,0.6406085,0.1602016,0,0.08616809,0.4247695,0,0.5872667,0.2561914,0,0,0,0,0,0,0,0,0,0,0,0,0,0.2084364,0,0,0,0,0,0,0,0,0,0,0,0,0,0,0,0,0,0,0,0,0,0,0,0,0,0,0,0,0,0,0.1620533,0,0,0,0.2943236,0,0,0,0.3366498,0,0,0,0.4033955,0,0.2678308,0,0,0,0,0.1583404,0,0,0,0,0,0,0,0,0,0,0.2056326,0,0,0,0.02911788,0,0,1.03485,1.053975,0,0,0.1834266,0,0.0386966,0.05154706,0,0,0,0,0,0,0,0,0,0,0,0,0,0,0,0,0,0.2389101,0,0,0,0,0,0,0,0,0,0,0,0,0,0,0,0,0,0,0,0,0,0,0.1608278,0,0.2671003,0,0,0,0,0.2374438,0.4247184,0.2065874,0,0,0,0,0,0,0,0.0537666,0.003565179,0.09014047,0.05821923,0.238346,0.1901927,0.1660866,0,0,0,0.3516714,0,0,0,0,0,0,0,0,0,0,0,0,0,0,0,0,0,0,0,0.3024624,0,0,0,0,0.4756484,0,0,0,0,0.08307085,0.07370512,0,0.4439186,0.139757,2.95023,3.97994,4.02891,0.3207525,0.5784118,0.1172699,0,0,0.03008187,0,0,0,0,0,0,0,0,0,0,0,0,0,0,0,0.1032557,0,0,0,0,0,0,0,0,0,0,0,0,0,0,0,0,0,0,0,0,0,0,0,0,0,0,0,0,0,0,0,0.503166,0,0,0,0,0,0,0,0,0.03292831,0,0,0,0,0.0357403,0,0,0,0,0,0,0,0,0,0,0,0,0,0,0,0,0,0,0,0,0,0,0,0.2912706,2.947723,0,0,0,3.791843,1.090136,0.1029007,0.01233921,0.3143661,0,0,0,0,0,0,0.164747,0,0,0,0,0,0,0.1228624,0,0,0,0.1768021,0,0,0,0,0,0,0,0,0,0,0,0,0,0,0,0,0,0.3281958,0,0,0.004169152,0,0,0,0,0,0,0,0,0,0,0,0,0,0,0,0,0,0,0,0,0,0,0,0,0,0,0,0,0,0,0,0,0,0,0,0,0,0,0,0.06007345,0,0,0,0,0,0,0,0,0,0.01925649,0,0,0,0,0,0,0,0,0,0.08903649,0.2992421,0.1226779,0,0,0,0,0,0,0,0.2186947,0,0,0.3129869,0,0,0,0.2196512,0,0.2143729,0,0.3902962,0,0,0.4047955,0,0.2690782,0.04597028,0.2942727,0.1667266,0,0,0,0,0,0,0,0.1655995,0.07654224,0,0.4408116,0,0,0,0,0.1457991,0,0,0,0,0.09684075,0.3798499,0.455381,0.3062638,0,0,0,0,0,0.5303645,0,0,0.2484368,0,0.2336375,0.1326835,0,0.1300332,0,0.02070919,0.2147567,0.2277181,
0,0.05532479,0.5465934,0.3524674,0,0.1116127,0,0.05037229,0,0,0,0.08423843,0,0,0.3779457,0,0,0,0,0.1216996,0.2680987,0,0,0,0,0,0,0.1033986,0,0.1127986,0,0.517296,0,0,0.1125806,0,0,0,0,0,0,0,0,0,0,0,0,0,0,0,0,0,0,0,0,0,0,0,0.07206892,0,0,0,0,0,0,0,0,0,0.229674,0,0,0,0,0,0,0,0,0,0,0,0,0,0,0,0,0,0.1162349,0,0,0,0,0,0.3712905,0.1954745,0.05746423,0,0,0,0.04830893,0,0,0.2926307,0,0,0,0,0,0.1011656,0,0,0.08849383,0.1871527,0,0.08255074,0.04378588,0,0,1.710287,1.750322,0.4604315,0,0,0.03417432,0,0.1811342,0,0,0,0,0,0,0,0.127315,0,0,0,0,0,0,0,0,0,0,0,0,0,0,0,0,0,0,0,0,0,0,0,0,0,0,0,0,0,0,0,0,0,0,0,0,0,0,0,0.06199152,0,0.3880657,0,0,0,0,0,0,0.05937095,0,0,0.0198228,0.07110895,0,0,0.6364939,0.09539085,0,0.05130212,0.02492626,0,0,0,0,0,0,0,0,0,0,0,0,0,0,0,0,0,0.4618539,0,0,0,0,0,0,0.8652886,0,0,0.347985,0.06363678,0,0.1740562,0.1183572,0,0.1733246,0.3319898,0.6752993,0.3789935,0,0,0,0,0,0,0,0,0,0,0,0,0,0,0,0,0,0,0,0,0,0,0,0,0,0,0,0,0,0,0,0,0,0,0,0,0,0,0,0,0,0,0,0,0,0,0,0,0,0.05443576,0,0,0,0,0,0,0,0,0,0,0,0.1135953,0,0,0,0,0,0,0,0,0,0,0,0,0,0,0,0,0,0,0,0,0,0,0,0,0,0,0,0,0,1.084283,5.785316,1.962381,0,0.9412232,0.4904612,0,0,0,0.02420456,0,0.1026506,0,0,0,0.3128147,0,0.3477165,0,0,0,0,0,0.1130695,0,0,0,0,0,0,0,0,0,0,0,0,0,0,0,0,0,0,0,0,0,0,0,0.4755329,0,0,0,0,0,0,0,0,0,0,0,0.0290942,0,0.157497,0,0,0,0,0,0,0,0,0,0,0,0,0,0,0,0,0,0.09362779,0,0,0,0,0.3576335,0,0,0,0,0,0,0.1630292,0,0,0,0.2142736,0,0.2311116,0,0.1545974,0,0,0,0,0,0,0,0,0,0,0,0,0,0,0,0,0,0,0,0.1507004,0,0,0,0,0,0,0.09404607,0,0,0,0.1861906,0.093909,0.09165318,0,0.05298886,0,0.2814741,0.1267458,0.1221988,0,0.1861691,0,0,0,0,0.1598884,0.2140243,0.1187181,0,0.4080486,0.1621405,0.4218278,0,0.1712129,0.1984814,0.08058038,0,0,0,0,0,0,0.3811896,0.1779754,0,0,0.1196866,0,0,0.1922897,0,0,0.2885301,0.2630533,0.2064949,0,0,0.07167344,0,
0.05759283,0,0.002814867,0.1377172,0.6871851,0.001894581,0,0.3124493,0,0,0,0,0.5142567,0.135124,0.327857,0.1118536,0,0,0,0,0,0,0,0,0,0.7289246,0,0,0.4476365,0,0.02295991,0,0,0,0,0,0,0,0.02417229,0,0,0,0,0,0,0,0,0,0,0,0,0,0,0,0,0,0,0,0,0,0,0,0,0,0,0,0,0,0,0,0,0,0,0,0,0,0,0,0,0.1108356,0,0,0,0,0,0,0.3416498,0.2533083,0.1642698,0.1090144,0,0.4550233,0.2708379,0,0.1769667,0.09674656,0,0.2711768,0,0,0,0,0,0,0,0,0.1192741,0,0.1435509,0,0.05800112,0.2472416,0.2959994,0,0,0,0.2880364,2.164986,1.452788,0,0,0,0,0,0,0,0,0,0,0,0,0,0,0,0,0.1693442,0,0,0.188575,0,0,0,0,0,0,0,0,0,0,0,0,0,0,0,0,0,0,0,0,0,0,0,0,0,0,0,0,0,0,0,0,0,0,0.04427677,0,0,0.124715,0,0.09347655,0,0,0,0,0.1176554,0.08884642,0.1887261,0,0,0.01329227,0.2359723,0,0.3106174,0,0,0,0.1119927,0,0,0,0,0,0,0,0,0,0,0,0,0,0.06113472,0,0,0,0.4433112,0,0,0.6270865,0.2856257,0.1478029,0.2060818,0,0,0,0.002450993,0.3654532,0,0,0,0.5156711,0.01323084,0,0,0,0,0,0,0,0,0,0,0,0,0,0,0,0,0,0,0,0,0,0,0,0,0,0,0,0,0,0,0.099704,0,0,0,0,0,0,0,0,0,0,0,0,0,0,0,0,0,0,0,0,0,0,0,0,0,0,0.1173096,0.2707557,0,0,0,0,0,0,0,0,0,0,0,0,0,0,0,0,0,0,0,0,0,0,0,0,0,0,0,0,0,0,0,0,0.7074283,0,0,2.511101,7.129555,2.285558,0,0,0,0,0.1000992,0,0.1139601,0,0,0,0,0,0,0,0,0.008702368,0,0,0,0,0,0,0,0,0,0,0,0,0,0,0,0,0,0,0,0,0,0.1196835,0,0,0,0,0,0,0,0,0,0,0,0,0,0,0,0,0,0,0,0,0,0,0,0,0,0,0,0,0,0,0,0,0,0,0,0,0,0,0,0,0,0,0,0,0.1685441,0,0,0,0,0,0,0,0.2801665,0,0,0,0,0.07346049,0,0,0,0,0.08026274,0,0,0,0,0,0,0,0,0,0,0,0,0.1037763,0,0,0,0,0,0,0,0,0.1346533,0,0.2072714,0,0,0,0.04971879,0.07706611,0,0,0.03220088,0,0.06667616,0.2695278,0,0.2320335,0.4078931,0.3094333,0,0.1300944,0.07165243,0,0,0.3956528,0.0707197,0,0.2108663,0.1388478,0,0.5918964,0,0,0,0,0.07956908,0.04696268,0,0.1980551,0.07952467,0,0,0,0,0,0,0.1766821,0,0,0,0,0,
0.09675813,0,0,0.3976373,0,0,0,0,0.2763589,0,0.2836316,0.3448211,0,0,0.0852353,0.01054889,0.1818492,0,0.06554954,0,0,0,0,0,0,0.5695838,0,0,0.4518402,0.3320055,0,0.6525525,0,0.08446617,0,0,0,0,0,0,0,0,0,0,0,0,0,0,0,0,0,0,0,0,0,0.06167058,0,0,0,0,0,0,0,0,0,0,0,0,0,0,0.09712551,0,0,0,0,0,0,0,0,0,0,0,0,0,0,0,0,0,0,0.2257774,0,0,0.2755086,0.5482373,0,0.0696412,0.0348643,0,0.3481558,0,0.1330198,0,0,0,0.07299595,0.08107056,0.2558105,0,0,0.3088551,0.08565201,0,0.006177383,0,0.080286,0,0,0,0,1.339388,0,0.3183143,0.3365939,0,0.1371464,0,0,0.4777494,0,0,0,0,0,0,0,0,0,0,0,0,0,0,0.3102041,0,0,0,0,0,0,0,0,0,0,0,0,0,0,0,0,0,0,0,0,0,0,0,0,0,0,0,0,0,0.1048457,0.04171349,0,0.5968471,0,0,0,0,0,0,0,0,0,0,0,0.1066764,0,0.2795881,0,0,0,0.3031702,0,0,0,0,0,0,0,0,0,0,0.1471519,0,0,0,0,0,0,0,0,0,0,0.08726456,0,0,0.124144,0,0.3828511,0.411224,0.2369782,0,0.169939,0.8479699,0,0.2566882,0.06122298,0,0,0,0,0,0.04848482,0,0,0,0,0,0,0,0.007280461,0,0,0,0,0,0,0,0,0,0,0,0,0,0,0,0,0,0,0,0,0,0,0,0,0,0,0,0,0,0,0,0,0,0,0,0,0,0,0,0,0,0,0,0,0,0,0,0,0,0,0,0,0,0,0,0,0,0,0,0,0,0,0,0,0,0,0,0,0,0,0,0,0,0,0,0,0,0,0,0.195694,1.176457,0,0,0.599431,0.4311903,0,0,0,0,0,0,0,0,0,0,0,0,0,0,0,0,0,0,0,0,0,0,0,0,0,0,0,0,0.248879,0,0,0,0,0,0,0.09310615,0,0,0,0,0,0,0,0,0,0,0.3289533,0,0,0,0,0,0,0,0,0,0,0,0,0,0,0,0,0,0,0,0,0,0,0,0,0,0,0,0,0,0,0,0,0,0,0,0,0,0,0,0,0,0,0,0,0,0,0.08985947,0,0,0,0,0,0,0,0,0,0,0,0,0,0,0,0.140561,0,0,0.3570873,0.0443132,0.1384254,0.05962453,0,0,0.06960782,0,0,0,0,0,0,0,0,0,0,0,0,0.03436825,0.02054461,0.05266963,0,0.3103678,0,0,0.01599889,0.02697976,0,0.7529251,0,0,0,0,0.3785218,0.289984,0,0.4792229,0,0,0,0,0,0.01907896,0.08218051,0.06862087,0,0,0,0,0,0,0,0.5628705,0,0,0,0.1250462,0.1703756,0,
0,0,0,0.456861,0.1320568,0.2895529,0,0.3945941,0.1399863,0,0,0.02342869,0,0,0,0,0,0,0.1612076,0,0.1150063,0,0,0,0.1064956,0,0,0.5145189,0,0,0,0.09470411,0,0.03915051,0.04221949,0,0.0378102,0,0.1165597,0,0.04008742,0,0,0,0,0,0,0,0,0,0,0,0,0,0,0,0,0,0,0,0,0,0,0,0,0,0,0,0,0,0,0,0,0,0,0,0,0,0,0,0,0.03643388,0,0,0,0.1004451,0,0,0,0,0,0,0.09879126,0.1507342,0.1355658,0,0,0,0,0,0.02451972,0.01882291,0,0,0,0.06489635,0.2626854,0,0,0.03511502,0,0.3851159,0.2071787,0.1014605,0,0,0.1585673,0,0.520242,0.1833162,0,0.3241782,0.2096935,0,0,0.4731001,0,0.3844441,0,0,0.05860526,0,0,0,0,0,0.08744778,0,0,0,0,0,0,0,0,0,0,0,0,0,0,0,0,0,0,0,0,0,0,0,0,0,0,0,0,0,0,0,0.4218302,0,0.1344508,0,0,0,0,0,0,0,0,0.352385,0.04105959,0,0.1816001,0.08570772,0,0,0,0,0.2743857,0,0,0,0.4932549,0,0,0,0,0.06841797,0,0,0,0,0.741909,0,0,0,0,0,0,0,0,0,0,0,0,0.6566285,0,0,0.09749198,0,0.2175266,0,0,0,0.8517765,0.5936701,0.1000979,0,0.1214146,0,0,0,0,0,0,0,0,0,0,0,0,0,0,0,0,0,0,0,0,0,0,0,0,0,0,0,0,0,0,0,0,0,0,0,0.4480094,0,0,0.1222793,0,0,0,0,0,0,0,0,0,0,0,0,0,0,0,0,0,0,0,0,0,0,0,0,0,0,0,0,0,0,0,0,0,0,0,0,0,0,0,0,0,0.1056741,0,0,0,0,0.07430919,0.03774182,0,0,0,0,0,0,0.0974393,2.054878,0.5225188,3.972052,0.3239394,0,0,0,0,0,0,0,0,0,0,0,0,0,0,0,0,0,0,0,0,0,0,0,0,0,0,0,0,0,0,0,0,0,0,0,0,0,0,0,0,0,0,0,0,0,0.02215568,0,0,0,0,0,0,0,0,0,0,0,0,0,0,0,0,0,0,0,0,0,0,0,0,0,0,0,0,0,0,0,0,0,0.4912111,0,0.04679814,0.1002396,0.2969084,0,0,0,0,0,0,0,0,0,0,0,0,0,0,0,0,0,0,0,0,0,0,0,0,0,0.1729058,0,0,0,0,0,0.6256886,0,0.08311626,0,0.1504808,0.1788276,0.2605105,0,0,0.02592335,0.1428361,0,0,0.1063447,0.5017103,0.1604503,0,0,0,0,0,0.540971,0,0.1397961,0,0,0,0.226308,0.1997614,0,0,0,0.282539,0,0,0,0.2299894,0.002285517,0.06599163,0.2072731,0.1767676,0.04877836,0.3506457,0.006341133,0,0.7135022,0.0653023,0.07640857,0,0,0.3186918,0,0.09831919,0,0,0.1489816,0,0.1341577,
0.5559114,0.4480743,0.1663743,0.007192231,0.152628,0,0,0.1091447,0.03053124,0.002540819,0,0.2775364,0,0,0.08777928,0,0.1364032,0.1487339,0.1359154,0.03761653,0,0,0,0.6355817,0.09953269,0,0,0.2074199,0.3005762,0,0.274831,0.08878282,0,0,0.2633525,0.1567358,0.4015128,0.2548793,0,0,0,0,0,0,0,0,0,0,0,0,0,0,0,0,0,0,0,0.143182,0,0,0,0,0,0,0.0007513984,0,0,0,0,0,0,0,0,0,0,0,0,0,0,0,0,0,0,0,0.1702745,0,0.1720715,0,0.1228123,0.03602368,0.03237138,0,0,0.2971733,0.1384296,0,0.2646618,0.1533927,0.3755902,0.6682633,0,0.2214552,0,0,0.1286901,0.03554416,0,0,0,0,0,0.2104939,0.1661268,0,0.3728688,0.05345502,0,0.1536273,0.314966,0,0,0.02357474,0,0.05644137,0,0,0.05631217,0.4032894,0,0,0,0,0,0.06308466,0.5731744,0.06993063,0.602278,0,0,0,0,0,0,0.2012646,0,0,0,0,0,0,0,0,0,0,0,0,0,0,0,0,0,0,0,0,0,0,0,0,0,0.3431174,0.1878074,0,0.5017939,0,0.3427173,0.1088828,0,0,0,0,0.08024438,0,0,0.19902,0.3727456,0.05458943,0,0,0,0.09443054,0.1982442,0,0,0,0,0.3111642,0,0,0,0,0,0,0,0.4063935,0,0,0,0,0,0,0,0,0,0,0,0,0,0,0,0.3070389,0.2928439,0.1176988,0.02305685,1.837766,0.4928215,0.2029301,0,0,0,0,0,0,0,0,0,0,0,0,0,0,0,0,0,0,0,0,0,0,0,0,0,0,0,0,0.2338703,0,0,0,0,0,0,0.06067431,0,0,0,0,0,0,0.1064037,0,0,0,0,0,0,0,0,0,0,0,0,0,0,0,0,0,0,0,0,0,0,0,0,0,0,0,0,0,0,0,0,0,0,0,0,0,0.1658039,0,0,0,0,0,0,0,0,0,0,0,0,0,0,0,0,0,0,0,0,0,0,0,0,0,0,0,0,0,0,0,0,0,0,0,0.2958482,0,0,0,0,0,0,0,0,0,0,0,0,0,0,0,0,0,0,0,0.2529719,0,0,0,0,0,0,0,0,0,0,0,0,0,0,0,0,0,0,0,0,0,0,0,0,0,0,0,0,0,0,0,0,0,0,0,0,0,0,0,0.05642187,0,0.2294989,0,0,0,0,0,0,0,0,0,0,0,0.2732566,0,0,0,0,0,0,0,0,0,0,0,0,0,0,0,0,0,0,0,0,0,0,0,0,0,0,0,0.1238549,0,0,0,0.03303036,0,0.2305915,0.106741,0.1928737,0,0.1684177,0,0,0,0,0,0.1235043,0.2833053,0,0,0,0,0,0.1473347,0.02241532,0,0.1303346,0.06695001,0,0,0,0.235688,0.345264,0,0,0,0,0,0,0.475279,0,0.2043394,0.09018269,0,0.2871085,0,0,0,0.0756407,0,0.3007568,0.1641543,0.3209988,0,0.0300606,0,
0,0.008592592,0,0.03931887,0.2692226,0,0,0,0.06399766,0.1773497,0,0.1300199,0,0.03116938,0,0,0.3323261,0,0.6145406,0.08572306,0.512571,0,0,0.4024806,0.2420928,0,0,0,0.1368592,0,0,0.2526161,0.08149286,0,0.2471132,0.2345461,0,0,0.2677114,0.05944578,0,0,0,0,0,0.1955594,0,0,0,0,0,0,0,0,0,0,0,0,0,0,0.1979397,0,0,0,0,0,0,0,0,0,0,0,0,0,0,0,0,0,0,0,0,0,0,0.08173627,0,0,0,0,0.02177098,0.5017986,0,0,0,0,0.002949498,0,0,0,0,0,0.327161,0.2337169,0.1189101,0,0,0.4952033,0.01636712,0,0,0.3373131,0,0,0,0,0.1603831,0.4653057,0,0.03120346,0,0,0.6797916,0,0,0.0833309,0,0,0.9042262,0.130661,0,0,0,0,0,0.2660418,0,0.02124092,0,0,0,0,0,0,0.1147095,0,0,0,0,0,0,0,0,0,0,0,0,0,0,0,0,0,0,0,0,0,0,0,0,0,0,0,0,0,0.1519123,0,0.8965933,0,0,0.6354708,0,0.05397343,0.2004919,0,0.06215598,0,0,0,0,0,0,0.4037856,0.3881623,0,0,0,0,0,0,0,0.03009428,0,0,0,0,0,0,0,0,0,0.1218865,0,0,0,0,0,0,0.05856721,0,0.1766965,0,0,0.05979902,0,0,1.264096,1.749083,0,0.135898,0.1329157,0,0.04477631,0,0,0,0,0,0,0,0,0,0,0,0,0,0,0,0,0,0,0,0,0,0,0,0,0,0,0,0,0,0,0,0,0,0,0,0,0.5598793,0,0,0,0,0,0,0,0,0,0,0,0,0,0,0,0,0,0,0,0,0,0,0.08183647,0,0,0,0,0,0,0.02093838,0,0,0,0,0,0,0,0,0,0,0,0,0,0,0,0,0,0,0,0,0,0,0,0,0,0,0.4183699,0.880078,0.09660879,0,0,0.4656712,0,0,0,0,0,0,0,0,0,0,0,0,0,0.01779149,0,0,0,0,0,0,0.03976448,0,0,0,0,0,0,0.2863219,0,0,0.07601818,0,0,0,0,0,0,0,0,0,0,0,0,0,0,0,0,0,0,0,0,0,0,0,0,0,0,0,0,0,0,0,0,0,0,0,0.02981228,0,0,0,0,0,0,0,0,0,0,0,0,0,0,0,0,0,0,0.1967593,0,0,0.1203492,0,0,0,0,0,0,0,0,0,0.2494071,0,0,0,0,0,0,0,0,0,0,0,0,0,0,0,0.4600002,0,0.2354196,0.2411491,0.2501926,0,0,0.05166503,0.003532023,0,0,0.6751333,0,0,0,0,0.1212349,0.02845558,0,0.1370503,0,0,0.4371782,0.0642944,0,0,0.125105,0,0.2872643,0.02837854,0,0,0,0,0,0.3107779,0,0.2005345,0,0,0,0.4167813,0,0,0,0.3331786,0,0.03772678,0,0,0.3644485,0,0,0.203661,0,0,0.1018272,
0,0.0006614314,0.09816848,0,0,0.1479508,0,0,0,0,0,0.01819369,0,0,0,0.2810828,0,0,0,0.2774527,0,0.3858472,0.3597935,0,0.2560376,0,0.3914541,0,0,0.5597211,0,0.3682086,0.02541217,0,0,0,0.7387394,0.7101796,0.3929133,0,0.434328,0,0,0,0,0,0,0,0,0,0,0,0,0,0,0,0,0,0,0,0,0,0,0,0,0,0.1280506,0,0,0,0,0,0,0,0,0,0,0,0,0,0,0,0,0.1261578,0.3642757,0.1640438,0,0.1215145,0,0.4786695,0,0.6089911,0.08601581,0,0.1482041,0,0.3899649,0,0,0.08586426,0.4274592,0,0.5278962,0,0.103099,0,0,0,0,0,0.2207168,0,0,0,0,0.008967667,0.3927975,0,0.4980509,0.6490338,0,0,0,0,0,0,0,0,0,0,0,0,0.4517782,0,0.1527274,0.5292332,1.303825,0.1111042,0.6313311,0,0,0.2032045,0,0,0,0,0,0,0,0,0,0,0,0,0,0,0,0,0,0,0,0,0,0,0.01192212,0,0,0.2563564,0,0,0,0,0.4285692,0,0.2550699,0.4494463,0.8949482,0.3156524,0.2873735,0,0,0.3318355,0,0.2154084,0.2664917,0.2297924,0.05953841,0.1011125,0,0.1945269,0.08530812,0,0,0,0,0,0,0,0,0,0,0,0,0.1420333,0,0,0,0,0,0,0,0.08232829,1.611068,0.02570803,0,0,0.09603788,0,0,0,0,0,0,0.2378023,0.2279192,0.1598034,0.114167,0,0.2369994,0,0,0,0,0,0.61674,0,0,0,0,0,0,0,0,0,0,0,0,0,0,0,0,0,0,0,0,0,0,0,0,0,0,0,0,0,0,0,0,0,0,0,0,0,0,0,0,0,0,0.01587576,0,0,0,0,0,0,0,0,0,0,0,0,0,0,0,0,0,0,0,0,0,0,0.5850815,0,0,0,0,0,0.01469952,0,0,0,0,0,0,0,0,0,0,0,0,0,0,0,0,0,0.2007625,1.942825,0,0,0,0.05228959,0,0,0,0,0,0,0,0,0,0,0,0,0,0,0,0,0,0,0,0,0,0,0,0,0,0,0,0,0,0,0,0,0,0,0,0,0,0,0,0,0,0,0,0,0,0,0,0,0,0,0,0,0,0,0,0,0,0,0,0,0,0,0,0,0,0,0,0,0,0,0,0,0,0,0,0,0,0.2729083,0,0,0,0,0,0,0,0,0,0.4317778,0,0,0,0,0,0,0,0,0,0,0,0,0,0,0,0,0,0,0,0,0,0,0,0,0,0,0,0,0.124027,0,0.09093042,0,0,0,0.0409509,0,0,0,0,0,0.2849561,0,0,0,0,0,0.1156367,0.6985903,0,0.0634957,0,0.2107599,0,0,0,0.0417781,0.1796007,0,0.0942551,0,0,0.02517888,0,0,0.06815705,0,0.4124223,0.1601089,0,0.2344534,0.5548595,0,0,0,0,0.08477035,0,0,0,0,0,0,
0.2181488,0.2793609,0,0,0.1957913,0,0.0921323,0,0,0.1404851,0.01757718,0,0.3041923,0.06934617,0.3882435,0,0.0959314,0.2784173,0,0.4099329,0,0.1379253,0.2728145,0,0,0,0,0,0,0,0.2081369,0,0.0522776,0.02551859,0.4797691,0,0,0,0.4004571,0.0318946,0.1467858,0,0.07463312,0,0,0,0,0,0,0,0,0,0,0,0,0,0,0,0,0,0,0,0,0,0,0,0,0,0,0,0,0,0,0,0,0,0,0,0,0,0,0,0,0,0.1329325,0,0.1132473,0,0,0,0,0,0,0,0,0.1267276,0,0.06814978,0.2534713,0.3356549,0,0.2898409,0.1236917,0.2460052,0,0,0,0,0,0.3057865,0.1255499,0.2081783,0,0,0.2680077,0.1346823,0,0,0.1569152,0,0,0,0,0,0.3212177,0,0.009057679,0,0,0.2786509,0,0.03442935,0,0,0,0.2022705,0,0.02364617,0,0.3641772,0,0,0.3415812,0,0,0.0943545,0,0,0,0,0,0,0,0,0,0.08505768,0,0,0,0,0,0,0,0,0,0,0,0,0,0,0,0,0,0,0.4112039,0.05359686,0,0,0,0,0,0.0763616,0,0,0.02178913,0,0,0,0,0,0,0,0,0,0,0,0,0,0,0,0,0,0,0,0,0,0,0,0,0.01519493,0.04549968,2.174471,0,0.2578754,0,0,0,0.2285014,0,0.01595582,0,0,0,0,0,0,0,0.2318778,0.1193488,0,0,0,0,0,0,0,0,0,0,0,0,0,0,0,0,0,0,0,0,0,0,0,0,0,0,0,0,0,0,0,0,0,0,0,0,0,0,0,0,0,0.1047344,0,0,0,0,0,0,0,0,0,0,0,0,0,0,0,0,0.1344899,0,0,0,0,0,0,0,0,0,0,0,0,0,0,0,0,0,0,0,0,0,0,0,0,0,0,0,0,0,0,0,0,0,0,0,0,0.1407459,0,0,0,0,0,0,0,0,0,0,0,0,0,0.06671228,0.3493647,0,0,0,0,0,0,0,0,0,0,0,0,0,0.1239656,0,0,0,0,0,0,0.4179346,0,0,0,0,0,0,0,0,0,0,0,0,0,0,0,0,0,0,0,0,0,0,0,0,0,0,0,0,0,0,0,0,0,0,0,0,0,0,0.140791,0,0,0,0,0,0,0,0,0,0,0,0,0,0,0,0,0,0,0,0,0,0,0,0,0,0,0,0,0,0,0,0,0,0,0,0,0,0,0,0,0,0,0,0,0,0.2669756,0.21476,0,0,0,0.01584519,0,0.01912865,0.1449544,0.354457,0.01185307,0,0.06270743,0,0,0,0.2016999,0,0.04005268,0.001014876,0.2199325,0.06791796,0.4098218,0.05538029,0.08972129,0,0,0,0,0,0.3910435,0,0.0136759,0,0,0.3266895,0.04183313,0.1390922,0.2530148,0,0.2926202,0,0,0,0,0,0,0.2051281,0,0,0,0.2379064,0.06035402,0,0,
0.2162174,0.009310153,0.0741979,0.1961149,0,0,0.1654042,0,0,0,0,0,0,0.04495887,0,0.1612073,0.2820387,0.1995123,0.08314358,0,0,0.3538467,0.1090894,0,0,0,0,0.3954973,0,0,0.02739053,0,0,0,0,0,1.894848,0,0.2818261,0,0,0.1117953,0,0,0,0,0,0,0,0,0,0,0,0,0,0,0,0,0,0,0,0,0,0,0.08017107,0,0,0,0,0,0,0,0,0,0,0,0,0,0,0,0.08949791,0,0.1117385,0.1153677,0.1030761,0.152381,0.5187382,0,0,0.3024134,0.03102805,0,0,0.2668998,0,0,0,0.09183625,0,0.1622502,0,0,0.02851569,0.09225731,0,0,0,0,0,0.07315452,0,0,0,0.1343114,0,0.3918428,0,0,0,0,0.1013795,0,0,0,0.01161103,0,0.1453054,0.01380519,0,0,0.02654045,0,0.3667932,0,0,0,0.1996433,0,0,1.188749,0,0.3308136,0,0,0,0.02787138,0.06838295,0,0,0.01608332,0,1.03632,0,0,0.8283861,0,0.4677496,0,0,0,0,0,0,0,0,0,0,0,0,0,0,0,0,0,0,0,0,0,0.1753672,0,0,0.509173,0,0,0,0,0,0.002864863,0,0,0,0,0,0,0,0,0,0,0,0,0,0,0,0,0,0,0,0,0,0,0,0.2086957,0.3019053,0,0.3525872,0,0,0,0.1996313,0,0,0,0,0,0,0,0,0,0,0.04088829,0,0,0,0,0,0,0,0,0,0,0,0,0,0,0,0,0,0,0,0,0,0,0,0,0,0,0,0,0,0,0,0,0,0,0,0,0,0,0,0,0,0,0,0,0,0,0,0,0,0,0,0,0,0,0,0,0,0,0,0,0,0,0,0,0,0,0,0,0,0,0,0,0,0,0,0,0,0,0,0,0,0,0,0,0,0,0,0,0,0.03242564,0,0,0,0,0,0,0,0,0,0,0,0,0,0,0,0,0,0,0,0,0,0,0,0,0,0,0,0,0,0,0,0,0,0,0,0,0,0,0,0,0,0,0,0,0,0,0,0,0,0,0,0,0,0,0,0,0,0,0,0,0,0,0,0,0,0,0,0,0,0.1271066,0,0,0,0,0,0,0,0,0,0,0,0,0,0,0,0,0,0.1561121,0,0,0,0,0,0,0,0,0,0,0,0,0,0,0,0,0,0,0.4989966,0,0,0,0,0,0,0,0,0,0,0,0,0,0,0,0,0,0,0,0.317866,0.01952502,0,0,0,0,0,0.008270663,0,0.3643776,0.6043582,0.07694165,0,0,0.1820319,0.04250332,0,0,0,0,0,0,0,0,0,0,0,0,0,0.122716,0,0.186787,0.123397,0,0,0,0,0,0.03261334,0,0,0.09038096,0,0.0697794,0.06100289,0,0,0.2288305,0,0.1133331,0.1487099,0,0,0,
0,0.3024913,0,0,0,0,0,0.09788005,0,0,0,0,0.03833252,0,0,0,0,0,0.1447265,0.1206802,0.01464553,0.5737749,0,0,0.3274944,0.3477505,0,0,0,0,0.09401783,0,0.1085495,0.294264,0.05951692,0,0,0.2839294,0,0.1132666,0.2847332,0.06383988,0.1310076,0,0,0.1254065,0,0,0,0,0,0,0.05695129,0,0,0,0,0,0,0,0,0,0,0,0,0,0,0,0,0,0,0,0,0,0,0,0,0,0,0,0,0,0.3604911,0.1145499,0,0,0.1031922,0,0.2034594,0,0,0,0.1548141,0,0,0.1927106,0,0,0,0,0,0,0.3294579,0,0,0,0.3518171,0,0.002443263,0,0.1585008,0,0,0,0.03967834,0,0,0,0.2307718,0,0.2846229,0,0.02589237,0,0.4323164,0,0.07498499,0,0.06560511,0.00139314,0.09800933,0,0.221459,0,0.09541877,0.1049886,0,0.2441533,0,0.06177861,0.01982672,0,0,0,0,0.1095336,0,0,0,0.1477474,0.2292593,0.1375044,0,0,0.2818844,0,0,0,0,0.2819894,0,0,0,0,0,0,0,0,0,0,0,0,0,0,0,0,0,0,0,0,0,0.1262591,0,0,0,0,0,0,0,0,0,0,0,0,0,0,0,0,0,0,0.02987366,0,0,0.2495176,0.1171676,0,0,0,0,0,0,0.04949552,0,0,0,0,0,0,0.09847084,0,0.246997,0,0,0,0,0.2322253,0,0,0,0.03291615,0.1605806,0,0,0,0,0,0,0,0,0,0,0,0,0,0,0,0,0,0,0,0,0,0,0,0,0,0,0,0,0.0883138,0,0,0,0,0,0,0,0,0,0,0,0,0,0,0,0,0,0,0,0,0,0,0,0,0.09794606,0,0,0,0,0,0,0,0,0,0,0,0,0,0,0,0,0,0,0,0,0,0,0,0,0,0,0,0,0,0,0,0,0,0,0,0,0,0.1126707,0,0.01402212,0.01526237,0,0,0.5612214,0,0,0,0,0,0,0,0,0,0,0,0,0,0.04279689,0,0,0,0,0,0,0,0,0,0,0.07856859,0,0,0,0,0,0,0,0,0.5281233,0,0,0,0,0,0,0,0,0,0,0,0,0,0,0,0,0,0,0,0.5480876,0,0,0,0,0,0.3570717,0,0,0,0,0.1226456,0.09399497,0,0,0,0,0,0,0,0,0,0,0.003206647,0.03284169,0,0,0,0,0,0,0,0,0,0,0,0,0,0,0,0,0,0,0.3872094,0,0,0,0,0,0,0,0,0,0,0,0,0,0,0,0,0,0,0,0,0,0.06191492,0,0,0,0,0,0,0,0,0,0,0,0,0,0,0,0.167339,0.2673595,0,0,0,0.4508363,0.08959579,0.3109394,0.07682827,0,0,0.3704433,0.2715653,0,0,0,0.009132807,0.325649,0,0,0,0,0,0,0,0.3500351,0,0,0,0.4077352,0,0.1470484,0,0,0,0.04159056,0.1310993,
0,0,0,0,0.5447319,0,0.08227204,0.1723564,0,0,0,0,0.452025,0.08083475,0,0.1828968,0.1048176,0,0,0,0.122399,0.5483994,0,0.3750233,0,0,0.03771973,0,0.07394993,0,0,0,0.04242665,0,0,0.3476318,0,0,0,0.02030708,0.1337352,0,0,0.1285139,0.4409776,0,0,0,0,0,0,0,0,0,0,0,0,0,0,0,0.1046094,0,0,0,0,0,0,0,0,0,0,0,0,0,0,0,0,0,0,0,0,0,0,0.3713378,0.3503754,0.04342913,0,0,0,0,0.1089982,0.2410367,0.4172226,0,0,0,0,0,0,0,0.07701553,0.2372252,0.2070058,0,0.1735814,0,0.2511836,0,0,0,0,0,0.3205407,0,0,0,0,0,0.3088074,0,0,0.04064337,0.1320044,0.1849425,0,0,0.1162512,0.3199421,0,0,0.03636982,0,0,0,0,0.06468031,0,0,0.3047838,0.03399948,0,1.463829,0.1703185,0.02502339,0.2220371,0.4150414,0.2858971,0.01142022,0.4205178,0,0,0,0.5381732,0,0,0.2130173,0,0,0,0.2420176,0,0,0.1538363,0,0,0,0,0,0,0,0,0,0,0,0,0.5139139,0.3656754,0,0,0.04079693,0.1260857,0.1106945,0,0,0,0,0,0,0.08430267,0.1847754,0,0,0,0,0,0,0,0,0,0,0,0.35188,0,0.09243114,0.02913014,0,0,0,0,0.3693415,0,0,0.5355797,0.0909695,0,0.09051267,0,0.2427112,0,0,0,0.1652347,0.09085404,0,0,0,0,0,0,0.1677082,0,0.01112239,0.1833383,0,0.0134285,0,0,0,0,0,0,0,0,0,0,0,0,0,0,0,0,0,0,0,0,0,0,0,0,0,0,0,0,0,0,0,0,0,0,0,0,0,0,0,0,0,0,0,0,0,0,0,0.3324089,0,0,0,0,0,0,0,0,0,0,0,0,0,0,0,0,0,0,0,0,0,0,0,0,0,0,0,0,0,0,0,0,0,0,0,0,0.3576383,0,0.289128,0.03499636,0,0,0,0.3065485,1.567245,0.7070584,0,0,0,0,0,0,0,0,0,0,0,0,0,0,0,0,0,0,0,0,0,0,0,0,0,0,0,0,0,0,0,0,0,0,0,0,0,0,0,0,0,0,0,0,0,0.04543811,0,0,0.07666534,0,0,0,0,0,0,0,0,0,0.3691958,0,0,0,0,0,0,0,0,0,0,0,0,0.006048144,0,0,0,0,0,0,0,0,0.4008529,0,0,0,0,0,0,0,0,0,0.3131292,0,0,0,0,0,0,0,0,0,0,0,0.01776252,0,0,0,0,0,0,0,0,0,0,0,0,0,0.1257642,0.2326234,0.3174134,0,0,0.344301,0,0.2849245,0.05436208,0.2537717,0,0,0,0,0.4539984,0.5889077,0,0.01583019,0.1399643,0.1312672,0,0.1543268,0,0,0,0,0.02238284,0,0.2654572,0.2055321,0,0,0,0.08625949,0,0.2476291,0,0,0,0,0,0,0.0239718,0,0,0,0.8107399,0,0.02172468,0,0.07654166,0,0,0,0.2863461,
0.08622406,0,0,0.08912468,0,0,0,0,0.08559249,0,0,0.00890292,0,0,0,0,0,0,0,0,0.2826787,0.04512117,0.07983071,0,0,0.4052934,0,0.2164054,0.06138961,0.2636419,0,0,0.007180973,0,0.03288919,0,0.1152971,0,0,0.2474659,0,0.02899071,0.3101273,0.1465949,0,0,0.06651791,0.05990614,0,0,0,0,0,0,0,0,0,0,0,0,0,0,0,0,0,0,0,0,0,0,0,0,0.06903213,0,0,0,0,0,0.08238972,0.1496488,0.04677235,0,0.1000024,0,0,0,0.1849651,0,0,0,0.04164557,0,0.2209705,0.3265005,0,0.1098402,0.1740434,0.05650564,0,0,0,0,0,0.3529145,0.09555633,0,0.313445,0,0,0.03550042,0.005984902,0.03946117,0,0.02111098,0.05603885,0.07197837,0,0,0,0.1348262,0,0.3249787,0.02550224,0,0,0,0,0.3399666,0.02861048,0.1998325,0,0,0,0,0,0,0.3464458,0,0,0.02024848,0,1.640335,0,0,0.1781997,0.2516013,0.4594128,0,0.05190554,0.06678846,0,0,0.4327951,0,0,0,0,0,0,0,0,0,0,0,0,0,0,0,0,0,0,0,0,0,0,0,0,0,0.06634927,0,0.1902705,0,0,0,0,0,0,0,0.3188525,0,0.04150329,0,0,0,0,0,0,0,0,0,0,0,0.429863,0,0,0,0,0,0,0,0,0,0,0.3275791,0.1757942,0,0.008009654,0.04737808,0,0.02196231,0.3123526,0,0.1855784,0,0,0.1227225,0,0,0.08583279,0,0,0,0,0,0.1548202,0,0.08293844,0,0,0,0,0,0,0,0,0,0,0,0,0,0,0,0,0,0,0,0,0,0,0,0,0,0,0,0,0,0,0,0,0,0,0,0,0,0,0,0,0,0,0,0,0,0,0,0,0,0,0,0,0,0,0,0,0,0,0,0,0,0,0,0,0,0,0,0,0,0,0,0,0,0,0,0,0,0,0,0,0,0,0,0,0,0,0,0,0,0,0.3716313,3.735822,1.296885,0,0,0,0,0,0,0,0,0,0,0,0,0,0,0,0,0,0,0.0496106,0,0,0.4681368,0,0.3575924,0,0,0,0,0,0,0,0,0.03255548,0,0,0,0,0,0,0,0,0.4519661,0,0,0,0,0,0,0,0,0,0,0,0,0,0,0,0,0,0.02523936,0.03745057,0,0,0,0,0,0,0,0,0,0,0,0,0,0,0,0,0,0,0,0.0516538,0,0,0,0,0,0,0,0,0,0,0,0,0,0,0,0,0,0,0,0,0,0,0,0,0,0.04671902,0,0,0,0,0,0,0,0.4549768,0,0,0.124874,0.1907695,0,0,0,0,0,0.02734912,0,0,0.2178923,0,0.1862685,0.08186448,0.1798174,0.07950271,0,0,0.1889142,0.2317735,0.2721976,0,0,0,0.2504895,0.3165992,0.072196,0.09478246,0,0.1059878,0,0,0.222309,0.1855927,0.03734535,0.1911924,0.07963445,0.2447946,0,0.4338204,0,0.02467195,0,0,0,0.04715296,0.1301689,0,0.2566854,0,0,0.1041837,0.1247656,
0,0,0,0,0.02027223,0,0,0.4394872,0.3627794,0,0,0,0.2584422,0,0,0,0.05493811,0,0,0.06801284,0,0,0.01664832,0,0.280873,0,0,0,0.3037311,0,0.07082084,0.1153975,0.01459656,0.2526337,0,0.3860472,0.05702485,0,0,0.143266,0.2351662,0.2295655,0.2379736,0,0.1188053,0,0,0.009883347,0.2045586,0,0,0,0,0,0,0,0,0,0,0,0,0,0,0,0,0,0,0,0,0,0,0,0,0.1916551,0,0,0,0,0,0,0,0.1950243,0.2024507,0,0.1510837,0.1453959,0.4657145,0.2186522,0,0.4628514,0,0.1779214,0.3127573,0.1087236,0.05125728,0.5341726,0,0,0,0,0.01474145,0,0,0,0,0.2658917,0.3464099,0.5735106,0,0.09694345,0.1183913,0,0,0,0,0,0,0,0.02869739,0.04358849,0.1123588,0.1490382,0,0,0.2973297,0,0,0,0,0,0,0.3076313,0.03073013,0.1315773,0.08104838,0,0,0.01821323,0,0.1306766,0.7438045,0,0.1858457,0.093207,0.3636779,0.2400022,0,0,0,0.4807466,0.124505,0,0,0.1404627,0.1705576,0.06230758,0,0,0,0,0.1967168,0,0,0,0,0,0,0,0,0,0,0,0,0,0,0.6253842,0,0,0,0,0,0.01501759,0,0,0,0,0.1635231,0.05757973,0.1409134,0,0,0,0,0,0,0,0,0,0,0,0,0,0,0,0,0,0,0,0,0,0,0,0,0,0,0,0,0.2929098,0,0.1008147,0.04330125,0.5117121,0,0,0,0,0,0,0,0,0,0,0,0,0,0,0,0,0.07897914,0,0,0,0.3601236,0,0,0,0,0,0,0,0,0,0,0,0,0,0,0,0,0,0,0,0,0,0,0,0,0,0,0,0,0,0.2435439,0,0,0,0,0,0,0,0,0,0,0,0,0,0,0,0,0,0,0,0,0,0,0,0,0,0,0,0,0,0,0,0,0,0,0,0,0,0,0,0.2694535,0,0,0,0,0,0,0.1563126,0,0.2544611,0.2440244,0.2088158,0,0,0,0,0,3.018594,2.971535,3.990864,0.3791849,0,0,0,0,0,0.5361665,0,0,0,0,0,0,0,0,0,0,0.2000601,0,0,0,0,0.06272669,0,0,0.02446696,0,0,0,0,0,0,0,0,0,0,0,0,0,0,0,0,0,0,0,0,0,0,0,0,0,0,0,0,0,0,0,0.1404391,0,0,0,0,0,0,0,0,0,0,0,0.1387713,0.3307148,0,0,0,0,0,0,0,0,0,0,0,0,0,0,0,0,0,0.0251217,0,0,0,0,0,0,0,0,0,0,0,0,0,0,0,0,0,0,0,0,0,0,0,0,0,0,0,0.116401,0,0.04466143,0.05187441,0.4391882,0.2065911,0,0,0,0,0,0,0.1332352,0,0.008663202,0,0,0.2284824,0,0,0.2171661,0.2369623,0.1796649,0,0.3691605,0.2668627,0,0.161455,0.4005947,0.221523,0,0.06689753,0.09513448,0,0,0,0.06217175,0.1778493,0.06366555,0,0,0.7761919,0.4224807,0,0.1312235,0,0.07048435,0,0.7518935,0,0,0,
0,0.1074408,0.4043966,0.07275876,0,0,0.3111261,0,0.1365186,0.02883113,0.2446721,0,0,0,0.147256,0,0.1304387,0.01165425,0.1475589,0,0.302793,0,0.2386096,0,0.3345331,0,0.07215271,0,0.3631769,0.1250649,0,0.1647467,0,0,0.4148248,0.05873374,0.04305425,0,0,0,0.1521023,0,0,0,0.2369869,0,0.2344085,0.08090173,0,0,0,0,0,0,0,0,0.0431929,0,0,0,0,0,0,0,0,0,0.08374779,0,0,0,0,0,0,0,0.1246897,0,0.06660245,0,0,0,0.1944106,0,0.1661321,0.008286423,0,0,0.2525693,0.2022376,0,0,0,0,0,0.3366175,0,0.4219067,0.3139992,0.2974586,0.07178831,0,0,0.1359546,0.2848538,0,0,0,0,0,0,0,0.4844601,0.2001939,0,0.1985179,0.3431699,0.1297353,0,0,0.01970528,0,0,0,0,0.4864365,0.298294,0,0,0,0,0.2107131,0.234639,0,0,0,0.3963747,0,0.004016922,0,0,0.1284287,0,2.556924,0,0,0,0.3248741,0,0.08517995,0.156777,0.1665089,0.2335828,0,0.06452929,0.03137725,0,0.0116943,0,0,0,0,0,0,0,0,0,0,0,0,0,0,0,0.1249193,0,0,0,0,0.1038779,0,0,0.1830057,0,0,0,0,0,0,0,0,0,0,0,0,0,0,0,0,0,0,0,0,0,0,0,0,0,0,0,0,0,0,0,0,0,0,0,0,0,0.07277367,0.1375435,0.6990549,0.02047449,0,0,0,0,0,0.009032205,0.2639183,0.1672724,0,0,0,0.4845142,0.1393973,0,0,0,0.1999908,0,0,0,0,0.2436161,0,0,0,0,0,0,0,0,0,0,0,0,0,0,0,0,0,0,0,0,0,0,0,0,0,0,0,0,0,0,0,0,0,0,0,0,0,0,0.1071284,0,0,0,0,0,0.06445121,0,0,0,0,0,0,0,0,0,0,0,0,0,0,0,0,0,0.1667544,0,0,0,0.3537554,0,0,0,0,0,0,0,0,0,0,0.004447578,0.3623864,0,0.1907103,0.3764644,0,0.3205242,0.08942465,0,0.5155445,0.4276895,0,0,0.6459807,0,0,0.3402554,0,0,0,0.1479265,0,0,0,0,0,0,0,0.1778885,0,0,0,0,0.1807913,0,0,0,0.2489345,0,0,0,0,0,0,0,0,0,0,0,0,0,0,0,0,0,0,0,0,0,0,0,0,0,0,0,0,0,0,0,0,0,0,0,0,0.1865923,0,0,0,0,0,0,0,0,0,0.3216977,0,0.01969273,0,0.09419116,0,0,0,0,0.2323521,0,0,0,0,0,0,0,0,0,0,0.4167374,0,0.2094828,0,0,0,0,0,0,0,0,0,0,0,0,0,0,0,0,0,0,0,0,0.5171496,0.1928838,0,0.1089872,0,0.1641454,0,0,0,0.007287713,0,0.05068981,0.133708,0.0737249,0,0,0,0.1041154,0.1250783,0.1686532,0,0.4499606,0,0,0,0,0.19394,0.1690892,0,0,0.0113438,0.2351698,0,0,0,0,0,0.2231102,0,0,0.293542,0,0,0.1239163,0.1269374,0.07396243,0,0,0,0.5697507,0,0,0.620837,
0,0.2820613,0.07329676,0,0.008732161,0.2315275,0,0,0,0.1809554,0,0,0,0.04241518,0.3534681,0,0,0.04338839,0,0.1573588,0,0,0,0,0,0.2995669,0.08429573,0.02532974,0.1635144,0,0.1025795,0,0.2418378,0.241779,0,0,0.1572675,0,0,0,0.0875864,0,0.2684152,0,0.2136275,0.09919813,0,0,0,0.07026617,0.1866494,0,0,0,0,0,0,0,0,0,0,0,0,0,0,0,0,0,0.1018152,0.002173712,0,0,0.02237689,0.2461561,0.2157688,0.2402522,0,0,0.06482094,0,0,0.1344464,0.04775524,0.242606,0,0.3309751,0,0.3059454,0.03141613,0.2981727,0.06443983,0,0.1650974,0.2345725,0,0,0,0.1248605,0.007953016,0,0,0,0,0,0,0.00145213,0,0.04358524,0,0.03522415,0.0009065404,0,0.491458,0,0,0,0.1268985,0,0,0,0,0,0,0,0,0.2231819,0,0,0,0.1915986,0.09360863,0,0.1801175,0.07191987,0.00948858,0.694023,0,0.03110465,0,0,0,0,1.556328,0.004439493,0,0,0,0,0,0.1573503,0.1711452,0.247333,0.03877578,0,0,0.1062286,0,0.2330051,0.1385988,0,0,0.04562835,0.264159,0.2820545,0,0,0,0,0,0,0.06462938,0,0,0,0,0.294239,0,0,0,0,0.05910701,0,0,0,0,0.1898765,0,0.3859232,0,0,0,0,0,0,0,0,0,0,0,0,0,0.6679898,0,0,0,0,0,0,0,0.09824263,0.3736268,0.1517636,0,0,0.06118634,0,0,0.07581731,0.3749321,0.1318347,0,0.3090461,0,0.3882502,0.3141921,0,0,0,0,0.5438319,0,0,0,0.2277632,0,0,0.3298225,0,0.0726625,0,0,0,0,0,0,1.026197,0,0,0,0,0,0,0,0,0,0,0,0,0,0,0,0,0,0,0,0,0,0,0,0,0,0,0,0,0,0,0,0,0,0,0,0.0578495,0,0.2253018,0,0,0,0,0,0,0,0,0,0,0,0,0,0,0,0,0,0,0,0,0,0,0,0,0,0,0,0,0,0,0,0,0,0.04450076,0,0,0.1497496,0,0,0.08053959,0.4192154,0,0,0.04060492,0,0,0.09304105,0,0,0,0,0,0.5098079,0,0,0,0,0,0,0,0,0,0,0,0,0,0.2929472,0,0,0,0,0,0,0,0,0,0,0,0,0,0,0,0,0,0,0,0.2856922,0,0.08809061,0,0.004364819,0,0,0,0,0,0,0,0,0,0,0,0,0,0,0,0,0,0,0,0,0,0,0,0,0,0,0,0,0,0,0,0,0,0,0,0,0,0.1890013,0,0,0,0,0.02076943,0,0,0,0,0,0,0,0,0,0.1862295,0,0,0,0,0.07663953,0,0,0,0,0,0.03754061,0,0.08016998,0,0,0,0,0,0.1400277,0,0.1886007,0.6083757,0,0.577619,0.6234539,0,0,0,0.08161627,0.06800444,0.3511474,0,0.005919271,0.1129599,0,0,0.0082746,0.08547217,0,0.1714131,0,0,0,0.121528,0,0.2280325,0,0,0.06827082,0,0.1946561,0.04575164,0.4611428,0.2003053,0,0.2286269,0.08332469,0,0,0,0.3708943,0.3948415,0,0.2125421,0.04654474,0.02351334,0.4919774,0.2064033,0,0.09336549,0,0,
0.2931653,0,0.002525287,0.4893568,0,0,0.3629609,0,0,0,0.07827362,0,0.1427803,0,0,0,0,0,0.1744823,0,0.3851777,0,0,0,0.001115996,0,0.435937,0,0.1296831,0.2881812,0,0,0.4160446,0,0,0,0,0.2080989,0.2149127,0.05239462,0,0,0,0.2648186,0.3571287,0,0,0,0.4334027,0.2036856,0,0,0,0.2627258,0,0,0,0,0,0,0,0,0.05277899,0,0.03232933,0,0,0,0,0.05935182,0,0,0,0.03034847,0.06065984,0.4164819,0,0.2091458,0,0.03823116,0,0.1589155,0,0,0.1153186,0,0.2929065,0.1932513,0.09227429,0.4122317,0,0,0.3286339,0.01755765,0.08908722,0,0,0,0.1913866,0.2456911,0.3624171,0.2248067,0,0.3892812,0.07925653,0,0.06814516,0.3014155,0,0,0.3002663,0.02639248,0.1274999,0,0,0,0,0.350948,0.002575554,0.38284,0.3555291,0,0.4311264,0,0,0.07948131,0,0,0,0,0.1026573,0,0.3553831,0.4299266,0.188457,0.251727,0,0,0,0,0,0.373864,0,0.6905136,0,0,0.1559132,0,0,0,0,0.01773611,0,0,0,0,0,0,0,0.1437133,0,0,0,1.231656,1.908103,0.2656004,0,0,0,0,0,0,0,0,0,0,0,0,0,0,0,0,0,0,0.3853523,0,0,0,0,0,0,0,0,0,0,0,0,0,0,0,0,0.110699,0,0,0,0,0,0,0,0,0,0,0,0.3589691,0.1556319,0,0.06549358,0,0,0,0.1625369,0,0,0.1273449,0.1961426,0,0.041615,0.1437658,0,0,0.5830725,0.08140767,0,0.124103,0,0,0.1285204,0,0,0,0,0,0,0,0,0.3446006,0,0,0,0,0,0,0.2334365,0.3735853,0,0,0,0,0,0,0,0,0,0,0,0,0.2648677,0,0,0,0,0.1227019,0,0,0,0,0,0,0,0,0,0,0,0,0,0,0,0,0,0,0,0,0,0,0,0,0,0,0,0,0,0,0,0,0,0,0,0,0,0,0,0,0,0,0,0.06180307,0,0,0,0.1940741,0.07866574,0,0,0.1556825,0,0.1313346,0,0.4211987,0,0,0,0,0,0,0,0,0,0,0,0,0,0,0,0,0,0,0,0,0,0,0.02409356,0,0,0,0,0,0,0,0,0,0.1003716,0,0,0,0,0,0,0,0,0,0,0,0,0,0,0.05022885,0,0.05750953,0,0,0,0,0,0.04147562,0,0,0,0,0.07456715,0,0,0,0,0,0,0,0,0,0,0,0,0,0,0,0.05381544,0,0,0,0,0,0,0,0,0,0.40828,0,0,0,0.1171443,0,0,0,0,0,0,0,0,0,0,0,0,0,0,0,0,0,0,0,0,0,0,0,0,0,0,0,0,0.02623639,0,0,0,0.339287,0,0,0.1604352,0,0.05769058,0,0.3410566,0,0,0,0,0,0,0.1892654,0.4172022,0.4520786,0,0.4534565,0.01938754,0.02979541,0,0.4400096,0.8526529,0,0,0,0.3390263,0,0.02300069,0,0.05580669,0,0,0.1225348,0.02221861,0,0,0,0,0.08917992,0,0,0.1134399,0,0,0,0,0,
0,0,0.3538164,0,0,0.1617468,0,0.2028681,0.2356912,0,0,0,0.04389757,0,0,0,0.5005696,0,0,0,0.0364249,0,0,0,0.5071,0,0.03106538,0,0.3448539,0.04012068,0,0.01935158,0,0,0,0.1183014,0.2269104,0.162648,0.1539374,0.2388068,0,0.01693073,0,0,0.4636614,0,0.001194912,0.04270719,0.0849849,0.1176151,0,0,0,0,0,0,0,0,0,0,0,0,0,0,0.3950726,0,0.4179874,0,0.08253382,0.01156454,0.2676994,0,0,0,0.4097864,0,0.1409842,0,0,0,0,0,0.1240603,0,0.1841221,0,0,0,0,0.5588371,0.8817923,0,0.2649704,0,0.07788089,0.08690803,0,0,0.02910727,0.0669561,0.2687802,0.2600303,0,0,0.1554088,0,0.4182981,0,0.1866911,0,0,0.226294,0,0.5309861,0,0,0,0,0.0590265,0.2055483,0.2825257,0,0,0,0.3453846,0.05748406,0,0.06867287,0,0.1093785,0.1595257,0,0.07521795,0,0,0,0.7062065,0.01355696,0,0,0.5320163,0,0.1790191,0,0.3331711,0.02135233,0,0,0.1118673,0.1564717,0.346102,0,0,0,0.5069615,0,0,0,0.216803,0,0.1042692,0.2051063,0,3.457818,2.404213,0,0,0,0,0,0,0,0,0,0,0.6734545,0,0,0,0,0,0,0,0,0,0.009456695,0,0,0.1063548,0,0,0,0,0,0,0,0,0,0,0,0,0,0.2994601,0,0,0,0.004929267,0,0.3086371,0,0,0,0,0.3539568,0,0.03059768,0,0,0.04245796,0,0.1016426,0.6243294,0.03441981,0.3094167,0.2836071,0,0,0.03668881,0,0,0,0,0.08111282,0.1398005,0.1895997,0,0.3397918,0,0,0,0,0,0,0,0,0,0,0,0,0,0,0,0,0,0,0,0,0,0,0,0,0,0,0,0.1349147,0,0,0,0,0,0,0,0,0,0,0,0,0,0,0,0,0,0,0,0,0,0,0,0,0,0,0,0,0,0,0,0,0,0,0,0,0,0,0,0,0,0,0,0,0.1378964,0,0,0,0,0,0.0733256,0,0,0,0,0.4172615,0,0,0,0,0.154168,0.0540429,0.1235859,0,0,0,0,0,0,0,0,0,0,0,0,0,0,0.09148533,0,0,0,0,0,0,0,0,0,0,0,0,0,0,0,0,0,0,0,0,0,0,0,0,0,0,0,0,0,0,0,0,0,0,0,0,0.1334674,0,0,0,0,0,0,0,0,0,0,0,0,0,0,0,0,0,0,0,0,0,0,0,0,0,0,0,0,0,0,0,0,0,0,0,0,0,0,0,0,0,0,0,0,0,0,0,0,0,0.03115045,0,0,0,0.07824066,0,0,0,0,0,0,0,0,0,0,0,0,0,0,0,0,0,0,0,0.8047102,0,0.5559081,0,0,0.1526014,0.514326,0.05835991,0.3859829,0,0.04646979,0,0.07382414,0,0,0,0,0,0,0,0.1826006,0,0,0,0,0,0,0,0,0.3448377,0.3097897,0.4261534,0,0.1080816,0,0,0,0.1092725,0,0.1166282,0,0,0,0,0.04331097,0.1319525,0,
0.2026628,0,0.3951355,0,0,0,0,0,0,0,0,0.1040037,0.4109859,0,0,0,0.0489855,0.2910381,0,0.3729779,0,0,0,0,0.2290776,0.2179702,0,0.3270317,0,0,0,0,0,1.160079,0,0,0.04207449,0,0,0,0.3504365,0.07377599,0,0.02985531,0.1933459,0,0,0.02280583,0,0.3495113,0,0,0,0,0,0,0,0,0,0,0,0,0,0.3808172,0.1523448,0.2850068,0,0.2162525,0.3196678,0.07555522,0.2115308,0.4146132,0.1751251,0.5351217,0.3553393,0,0,0,0,0,0,0,0,0,0,0,0,0.149025,0,0,0.5626671,0.03404437,0.03655022,0.2918782,0.06650336,0.4930376,0,0.4010401,0.2410412,0.1414495,0,0.06110448,0,0.3361766,0,0,0,0.1734813,0,0,0,0.0325627,0.01934148,0,0,0,0,0,0,0.0624416,0.1688563,0,0,0.009098611,0.2475425,0,0,0.3437125,0,0,0.5585241,0,0.08995837,0.2289005,0.1607768,0.2399786,0.1057021,0,0,0.2565475,0,0,0.3559909,0,0.5396464,0,0,0.01988614,0.3032487,0,0,0.392698,0,0,0.090441,0,0,0,0,0.05117704,0.06146039,0,0.2829303,2.556512,2.210108,0,0,0,0,0.3322101,0,0,0,0,0,0,0,0.5054553,0,0,0,0,0,0,0,0,0,0,0,0,0,0,0,0,0,0,0,0,0,0,0,0,0,0,0,0,0,0,0,0,0,0,0,0,0,0,0.08280388,0,0.145587,0,0.1166764,0.2409212,0.5007082,0.127971,0,0.06095876,0,0,0,0.3843719,0.07128363,0,0,0,0,0.3599288,0,0.6804191,0,0,0,0,0,0,0,0,0,0,0.0128407,0,0,0,0,0,0,0,0,0,0,0,0,0,0,0,0,0,0,0,0,0,0,0,0,0,0,0,0,0,0,0,0,0,0,0,0,0,0,0,0,0,0,0,0,0,0,0,0,0,0,0,0,0,0,0,0,0,0,0.1958832,0,0.3957682,0.1645093,0,0,0.795135,0,0,0,0,0,0,0,0.03053704,0,0.293806,0,0,0,0,0.9528018,0,0,0,0,0,0,0,0,0,0,0,0,0,0,0,0,0,0,0,0,0,0,0,0,0,0,0,0,0,0,0,0,0,0,0,0,0,0,0,0,0,0,0,0,0,0,0,0,0,0,0,0,0,0,0,0,0.3699305,0,0,0,0,0,0,0,0,0,0,0,0,0,0,0.3128726,0,0,0,0,0,0.6041872,0,0,0,0,0,0,0,0,0,0,0,0,0,0,0,0,0.2446284,0,0,0,0,0,0,0,0.005119324,0,0,0,0.5748777,0,0,0,0,0,0,0,0,0,0,0.2805142,0,0.2570812,0,0,0,0,1.757676,1.312368,0.000386945,0,0,0.2349859,0,0,0.01755556,0.241061,0.2905693,0,0.3257057,0,0,0.1746409,0,0,0.4945709,0,0,0.05952351,0,0.263842,0,0,0,0.1206715,0,0,0.07937475,0.1673991,0,0.005183164,0,0.02614333,0,0,0.3579815,0.04834913,0.077131,0,0,0,0.09284442,0.06373779,0,
0,0.253311,0.1316707,0.4819987,0,0.6094198,0,0,0,0.01899742,0,0,0,0.1639975,0,0,0.2494021,0,0.1528903,0.2944337,0,0.218171,0,0.01916594,0.006544578,0.2943203,0,0.4400879,0,0.04760457,0,0,0,0.1669721,0.3133289,0.5354378,0,0,0,0,0,0.753715,0.1402054,0.003131633,0.09353898,0,0.2898884,0.2389956,0,0.4391472,0,0,0,0,0.2510293,0.01286866,0,0,0,0,0.2000988,0.08980818,0,0.02194006,0,0,0,0,0.3341652,0,0,0.0977838,0,0,0,0.489756,0.01173941,0,0,0.08067009,0,0.1628466,0,0,0.001840415,0,0.2777677,0.3840743,0.04153561,0,0,0,0,0,0,0.3531904,0,0,0.03920109,0,0.1784393,0,0,0,0,0.1498549,0,0,0,0.4162535,0,0,0,0,0,0.4654118,0.1902971,0,0,0.2516301,0,0,0,0.129799,0,0,0.09108982,0,0,0,0.465501,0,0.2571006,0,0,0.1980257,0.05003783,0.6464256,0.2567935,0.07841828,0,0,0.02162362,0,0.01544316,0.3662615,0,0.2072815,0,0,0,0,0,0,0.0814469,0.1475118,0,0.1076541,0,0,0,0.1949997,0.2276405,3.259372,1.64451,0,0,0,0,0,0,0,0,0,0,0,0,0,0,0,0,0,0,0,0,0,0,0,0,0,0,0,0,0,0,0,0,0,0,0,0,0,0,0,0,0,0,0,0,0,0,0,0,0,0,0,0.1122411,0,0.1443662,0.2836039,0,0,0.07873219,0,0,0.03081112,0.2149881,0,0,0.2288931,0,0,0,0,0.2635699,0,0,0,0,0,0,0,0,0.1505974,0,0,0,0,0,0,0,0,0,0,0,0,0,0,0,0,0,0,0,0.1484951,0,0,0,0,0,0,0,0,0,0,0,0,0,0,0,0,0,0,0,0,0,0,0,0,0,0,0,0,0,0,0,0,0,0,0,0,0,0,0,0,0,0,0.09338073,0.06816609,0.5318937,0,0,0,0.2323003,0.3077105,0,0.337043,0,0,0.0572465,0,0.3125609,0.002281017,0,0.347356,0,0.1157224,0,0,0,0,0.04557856,0,0,0,0,0.245902,0,0,0,0,0,0,0,0,0,0,0,0,0,0,0,0,0,0,0,0,0,0,0,0,0,0,0.08025828,0,0,0,0,0,0,0,0,0,0,0,0,0,0,0,0,0,0,0,0,0,0,0,0,0,0,1.507108,0.08003846,0,0,0,0,0,0,0,0,0,0,0,0,0,0,0,0,0,0,0,0,0,0,0.07461283,0.1863475,0,0,0,0,0,0,0,0,0.2165121,0,0.347689,0,0,0,0,0,0,0.08090661,0,0,0.3908816,0,0.6055668,0,0.2617255,0,0,0,0.1995502,0,0,0.3742276,0,0.3124667,0,0.0527802,0,0.2651453,0.6207094,0,0,0,0,0,0,0,0,0.1483855,0,0,0.6580713,0,0,0,0.04383005,0,0.04149667,0,0.2826081,0,0,0,0.01521324,0.4237374,0,0,0,0,0,0,0,0,0,0.2481902,0,0,0.1655578,0,0,0.2354657,0,0,0.3128318,0,0.1464009,
0,0.03420486,0.4452752,0,0.09385276,0,0,0.08943745,0,0.1324659,0,0.324544,0,0,0,0.2210526,0,0,0,0,0.3512243,0,0.09765445,0.287751,0.6222418,0,0,0,0,0.1717211,0.06419703,0,0,0.06558827,0.1050058,0,0.4015954,0.2442672,0.06672741,0.235046,0,0,0,0.286733,0,0,0,0.207693,0,0,0,0,0,0.08795599,0,0,0,0,0,0.00730801,0.1467105,0.1855413,0,0.2578953,0,0.1073396,0.06330777,0.2690938,0,0.1102759,0.1717254,0.5265963,0.3933822,0,0,0,0,0.2668702,0.1306674,0.2746895,0,0.07522171,0.2294037,0,0,0,0.2320279,0,0,0,0,0.211377,0.1545927,0.387592,0,0,0.3814466,0,0.1751115,0.02503392,0,0,0,0,0,0,0,0.3252339,0,0.05388588,0.2249176,0,0,0,0,0,0.09147664,0,0,0,0.3471551,0.5421112,0,0,0,0.188764,0,0,0.04179215,0.1178231,0,0,0,0.1680783,0,0,0.2815522,0.1567792,0,0,0,0.120074,0,0.09947999,0,0.1076781,0,0,0,0,0,0.1873236,0,0,0,0,0,0,0,0.001081397,0.1569298,0.1654312,0.6797522,2.809681,1.481416,0,0,0,0,0,0,0.6293621,0,0,0,0,0,0,0,0,0,0.2725339,0.3974741,0.404919,0,0,0,0,0,0.06187514,0,0.1360131,0,0,0,0,0,0,0,0,0,0,0,0,0,0,0,0.3950582,0,0,0,0.01742229,0,0,0,0,0,0,0,0.2625975,0.4269861,0,0,0,0.1004957,0.1598934,0,0,0.07810744,0.2192765,0.5091947,0.1528822,0,0,0.1918791,0,0,0,0,0,0,0,0,0,0,0,0,0,0,0,0,0,0,0,0.1577803,0,0,0,0,0,0,0,0,0,0,0,0,0,0,0,0,0,0,0,0,0,0,0,0,0,0,0,0,0,0,0,0,0,0,0,0,0,0,0,0,0,0,0,0,0,0,0,0.1942251,0,0,0.3793145,0.08155166,0,0.412987,0,0.7745944,0,0.6306479,0,0,0,0,0,0,0.02545006,0,0.04834447,0.1224395,0.09938985,0,0,0,0,0,0,0.02773785,0,0.04744038,0,0,0,0,0,0,0,0,0,0,0,0,0,0,0.111704,0,0,0,0,0,0,1.899999,0,0.4517774,0,0,0,0,0,0,0,0,0,0,0,0,0,0,0,0,0,0,0,0,0,0,0,0,0,0,0,0,0.09758252,0,0,1.46378,0.2274371,0,0,0,0,0,0,0,0.07800458,0,0,0.5995522,0.1633863,0,0,0,0,0,0,0,0,0,0,0,0,0,0,0,0.6030667,0,0,0,0,0,0,0,0,0,0,0.1981955,0,0,0,0,0.2902772,0,0,0,0.3353733,0.3121085,0,0,0,0,0,0,0,0.2694634,0.2953911,0,0.5294794,0,0,0.1970201,0,2.553282,0,0,0,0,0.2174959,0.3021007,0.1827779,0,0,0.08401088,0,0,0,0,0.01870442,0,0,0.2155698,0,0,0.4455696,0.1030404,0.0240152,0,0,0.2259933,0,0,0.04736273,0.2212345,0.008017606,0.4610065,0.05837481,0,0,0.2842498,0,0.09589617,0,0,0.3246485,0.114462,0.5203648,0,0,
0.0916109,0,0,0.253922,0,0,0,0,0.2421591,0,0.1683096,0,0,0.4173258,0.1439929,0.06499706,0.4042307,0,0,0,0.3296203,0,0,0,0,0.2747468,0.1761515,0,0,0,0,0,0,0,0,0,0,0.3641763,0,0,0.2466164,0,0,0.3160229,0,0,0.2360149,0,0,0,0,0,0.04053271,0,0,0,0.07852439,0.1859765,0,0,0.3436469,0.05151277,0.1495092,0,0.1355389,0,0,0.5615209,0.1616298,0.07963573,0.2562801,0.1166822,0,0.408733,0,0,0.2814168,0.03601665,0,0,0,0.1091636,0.3967234,0.0771243,0,0,0,0,0,0,0,0.07106832,0,0.6910174,0,0,0.5759014,0.09696761,0,0,0.1848718,0,0,0,0.3985079,0.3515659,0.1964187,0,0.2507328,0,0,0,0.1325396,0,0.1693941,0,0,0,0,0,0.1427223,0.04189157,0,0,0,0,0,0,0.4559861,0,0.09405473,0,0.1473875,0,0,0.1523722,0.1662523,0.3685703,0,0,0,0,0.1560681,0.6558818,0,0.3442676,0.04886974,0.1780327,0,0,0,0.1421107,0.3305029,0,0,0,0,0,0,0.1165216,0.1699518,0,0.2951392,2.238777,0.5245788,0,0,0,0,0,0,0,0,0,0,0,0,0,0,0,0,0,0,0,0,0,0,0,0,0,0,0,0,0,0,0,0,0,0,0,0,0,0,0,0,0,0,0,0,0,0,0.09512575,0,0,0,0,0,0,0.08023167,0,0.4836524,0.2313428,2.14354,0,0,0.04895236,0,0,0,0.5381941,0,0.5924087,0,0.3112099,0,0,0,0.02592728,0.07702296,0,0,0,0,0,0,0,0,0,0,0,0,0,0,0,0,0,0,0,0,0,0,0,0,0,0,0,0,0,0,0,0,0,0,0,0,0,0,0,0,0,0,0,0,0,0,0,0,0,0,0,0,0,0.03803956,0,0,0,0,0,0,0,0,0,0.009421788,0,0,0,0,0,0,0.2775874,0,0,0,0,0.3686342,0.03908254,0.2973624,0.03523944,0.2338725,0,0,0,0,0,0,0,0,0,0,0.04031301,0,0,0,0,0,0,0,0,0,0,0,0,0,0,0,0,0,0,0,0,0,0,0,0,0.8267015,0,0,0,0,0,0,0,0,0,0,0,0,0,0,0,0,0,0,0,0,0,0,0,0,0,0,0,0,0,0,0.001380617,0,0,0,0,0,0,0,0,0,0,0,0,0,0,0,0,0,0,0,0,0,0,0,0,0,0,0,0,0,0,0.2636858,0,0,0,0,0,0,0,0,0,0,0,0,0,0,0.05970398,0,0,0.2406714,0,0,0.07520064,0,0,0.02264868,0,0,0,0.7761156,0.3685365,0,0.4421363,0,0,0,0,0,0,1.370454,0.02563751,0,0,0,0,0.1994643,0.2459646,0.07110107,0.03855255,0,0.324885,0.2175617,0.02547655,0,0.1329574,0,0,0,0,0.1041265,0.2254018,0.07554602,0.313307,0,0,0.01972767,0,0,0,0.2795968,0,0,0,0,0.01262173,0,0,0,0,0,0,0.4405781,0,0,0,
0.1430498,0,0.04464656,0.299582,0,0,0,0.155566,0,0,0.09420352,0,0,0.3118398,0.2838679,0,0.09824033,0.2133673,0.02454365,0.2582292,0,0,0,0.3948404,0,0,0.04780804,0.1751928,0.2072112,0,0,0.1769482,0,0,0,0.07277688,0,0,0,0,0,0,0.008433416,0,0.02704918,0.01020174,0,0.3238384,0,0,0,0,0,0,0,0,0,0,0,0.1029209,0,0,0.3547012,0.4096187,0,0.1617074,0.1013308,0,0,0,0,0,0,0,0,0,0,0.0199947,0,0.431707,0.2263935,0,0.5135175,0,0.07475099,0,0,0.01218348,0.9771658,0.09818382,0,0,0.5260985,0,0.4777783,0,0.1576095,0.05468198,0.2591988,0,0.4904033,0.3621217,0,0,0,0.02737936,0.1463235,0.2840422,0,0.07660511,0.3883961,0,0,0,0,0,0,0.02860071,0,0.09847312,0,0.0748767,0.1232104,0.09668466,0,0.03815713,0.1348294,0,0.08308164,0.2159903,0,0.07880408,0.3491547,0,0.01028483,0,0,0,0,0,0,0,0,0.5042707,0,0,0,0.3744672,0,0,0,0,0,0,0,0,0,0,0,0,0,0,0,0.09802097,0.4778049,0,0,0,0,0,0,0,0,0,0,0,0,0,0,0,0,0,0,0,0,0,0,0,0,0,0,0,0,0,0,0,0,0,0,0,0,0,0,0,0,0,0,0,0,0,0,0,0,0,0,0,0,0,0.1350514,0.03081925,0.07365951,0,0,0,0.06033319,0,0.04087107,0,0.05338609,0.1222173,0,0.9374079,0,0,0,0,0.03582555,0,0,0,0,0,0,0,0,0,0,0,0,0,0,0,0,0,0,0,0,0,0,0,0,0,0,0,0,0,0,0,0,0,0,0,0,0,0,0,0,0,0,0,0,0,0,0,0,0,0.04016349,0,0,0,0,0,0,0,0,0,0,0,0,0,0,0,0,0,0,0.09705794,0,0,0,0.09542141,0,0,0.6574173,0.5595577,0.4992925,0.4986412,0,0,0,0.07681677,0.08060975,0,0.1092862,0,0,0,0,0.1292692,0.1710302,0,0,0,0,0,0,0,0.05460949,0,0,0,0,0,0,0,0,0,0,0,0,0,0,0,0,0,0,0,0,0,0,0,0,0,0,0,0,0,0,0,0,0,0,0,0,0,0,0,0.1239062,0,0,0,0,0,0.1322213,0,0,0,0,0,0,0,0,0,0,0,0,0,0,0,0,0,0,0,0,0,0,0,0,0,0.1902064,0,0,0,0,0,0,0,0,0,0,0,0,0,0,0,0,0,0,0,0,0,0.3129189,0,0,0.24335,0,0.148045,0,0,0,0,0,2.594684,4.015935,0,0.1435151,0.2367681,0,0,0,0,0,0,0.1703454,0,2.314199,0.9311749,0,0.9122424,0,0.2319331,0.2793469,0.1942988,0,0,0.4100918,0.05317127,0,0,0,0.1998492,0,0,0.1688553,0,0,0,0.03382634,0,0,0.003583768,0.0379956,0.03515789,0,0,0,0,0.1443811,0,0.01932315,0,0,0,0,0.08114234,0,0,0.1295423,0.3367369,0,0.4586312,
0,0.3161098,0.02098511,0,0,0.1710911,0.2189839,0,0,0,0,0,0,0.2887443,0,0,0,0,0,0,0.2273428,0.04032713,0,0.04614276,0,0,0,0,0,0,0,0,0,0.2997508,0,0.1735019,0.176375,0,0.04135485,0,0,0.4176818,0.4203638,0.02788814,0,0.2157636,0.0810247,0.10138,0,0,0,0.1177059,0.5245356,0,0.3221231,0,0,0.1833333,0,0.2179501,0,0,0,0,0,0,0.00332557,0,0.3377958,0,0.02209344,0.1120459,0,0,0.06730497,0,0,0,0.0787432,0,0.1305063,0.4008932,0,0,0.09470728,0,0,0,0.4262615,0,0.197149,0.02387769,0.292859,0,0,0,0,0,0,0,0,0.1627522,0,0,0,0.08063295,0.3081044,0,0,0,0,0,0.005160227,0.4030426,0,0,0,0,0,0.1794046,0,0,0,0,0.1618087,0.6259855,0.2073293,0,0.3921956,0.3164573,0.0160632,0.07453988,0.1225565,0,0.209245,0,0,0.289089,0,0,0,0.2351855,0,0,0,0.3255647,0,0,0,0,0,0,0,0,0,0.01131607,0,0,0,0,0,0,0,0,0,0,0,0,0,0,0,0,0,0,0,0,0,0,0,0,0,0,0,0.04918544,0,0,0,0.06086563,0,0,0,0,0,0,0,0,0,0,0,0,0,0.1443402,0,0,0,0,0,0,0,0,0,0,0,0,0,0,0,0,0.09686459,0.04668205,0,0,0.3922211,0.2764091,0,0,0,0.1378353,0,0,0,0,0,0.3310339,0.03776275,0,0.6045747,0,0.5628001,0,0,0.4235872,0.2026178,0,0,0,0,0,0,0,0,0,0,0,0,0,0,0,0,0,0,0,0.1264503,0,0,0,0,0,0,0,0,0,0,0,0,0,0,0.2510989,0,0,0,0,0,0.2636656,0,0,0,0,0,0,0,0,0,0,0,0,0,0,0,0,0,0,0,0,0,0.02569244,0,0,0,0,0.2032329,0,0.5776082,0,0,0,0,0.2261793,0.08803282,0,0,0,0,0,0,0,0,0,0,0,0,0,0,0,0.2926953,0,0,0.2764433,0,0,0,0,0,0,0,0,0,0,0,0,0.0339358,0,0,0,0.268827,0,0,0,0,0,0,0,0,0,0,0,0,0,0,0,0,0,0,0,0,0,0.1023983,0,0,0.2318302,0,0,0,0,0,0,0,0,0,0,0,0,0,0,0,0,0,0,0,0.0002209365,0,0.2503434,0.05417502,0,0,0.2135847,0,0,0,0,0,0,0,0,0,0,0,0,0,0,0,0,0,0,0,0,0,0,0,0,0,0,0,0,0,0,0,0.01348865,0,0,0.078425,0,0,1.186289,0,0,0,0,0,0.06233208,1.019252,0.9243588,1.066991,2.684867,5.345038,0,1.837508,0.5258104,0,0,0,0.1558387,0,0.02433273,0.1990195,0.4381402,0.05494346,0,0,0,0,0,0,0.1096074,0,0.02949761,0,0,0.259297,0,0,0,0,0.151976,0.04465693,0.115653,0,0,0,0,0,0.01520577,0,0,0.6950871,0,0,0.03252044,0,0,
0,0.03078454,0,0.01594566,6.184063E-05,0,0.06507372,0.09098993,0,0,0,0.1553887,0.1953321,0.2457182,0,0,0,0.1200892,0.005465953,0.1860568,0,0.04179977,0,0.08044577,0,0,0,0.1492927,0,0.1021762,0,0,0,0.3813734,0,0,0.007411517,0,0.07256746,0,0,0,0,0.1043245,0,0,0.0131939,0,0,0,0,0,0,0,0,0,0,0,0,0,0.125645,0.3561116,0,0.3787324,0,0,0,0.1210911,0,0,0,0.06455042,0.3578831,0.04309783,0,0,0,0.01872101,0.1863212,0,0,0.2067939,0,0.3274185,0.08535551,0,0.01219635,0,0.1250447,0.5345104,0,0.1907856,0,0,0.04575726,0,0.2864621,0.1336147,0,0.009621028,0,0,0,0,0,0.002131005,0,0,0.1516643,0,0,0,0.583442,0,0,0,0,0.05655715,0.4137606,0,0.004986838,0.3317286,0,0.04780305,0,0.1438088,0,0,0,0,0.251075,0.08843585,0,0.1573052,0,0,0,0,0,0,0,0.1612883,0.005583335,0.1478772,0.09609264,0.02956346,0.34255,0.2634363,0,0,0.04912926,0,0,0,0,0,0,0,0,0,0.351227,0.2138173,0,0,0,0,0,0,0.002532635,0,0,0,0,0,0,0,0,0,0,0,0,0,0,0.2425688,0,0,0,0,0,0,0,0,0,0,0,0,0,0,0,0,0,0,0,0,0,0,0,0,0,0,0,0,0,0,0.04787845,0,0,0,0.6387521,0.03023017,0.2185985,0.6063461,0,0,0,0,0.2030242,0,0,0,0.2823158,0,0,0,0,0,0,0,0.5321293,0,0.1207304,0,0,0.1158535,0,0,0,0,0,0,0,0,0,0,0,0,0.1532324,0,0,0,0,0.02193876,0,0,0,0,0,0,0,0,0,0,0,0,0,0,0,0,0,0,0,0,0,0,0,0,0,0,0,0,0,0,0,0,0,0,0,0,0,0,0,0.06533785,0,0,0,0,0,0,0,0,0,0,0,0,0,0,0,0.2886381,0,0,0,0,0,0,0,0,0,0.2560967,0.02251387,0,0,0,0.2086923,0,0,0,0,0.3031247,0,0,0,0,0,0,0,0,0,0,0,0,0,0,0.009546108,0,0,0,0,0,0,0,0,0,0,0,0,0,0,0,0,0,0,0,0,0,0,0,0,0,0,0,0,0,0,0,0.1506818,0,0,0,0,0,0,0,0,0,0,0,0,0,0,0,0.05023047,0.0290224,0,0,0,0.4706883,0.3284787,0.1676012,0,0,0,0,0.5653282,0,0.1472017,0,0,0,0,0,0,0,0,0,0,0,0,0,0,0,0,0,0,0.7249069,0,0,0,0,0.08390244,0.1284471,0.1015438,0.4759991,0,4.203892,2.106286,1.628028,7.976865,0,0.9954787,0,1.537609,0.7710161,0.849826,0,2.431293,0,0,0,0,0,0,0.07927634,0.1027582,0,0.2903056,0.05163281,0,0.01570072,0.4390265,0,0.3931544,0.1512686,0,0.1478748,0,0,0,0,0,0.277802,0,0,0.08685207,0,0,0,0,0,0.3583345,0,0,0.2646748,0.4378335,0.1498862,0,0.3615123,0.1796226,0.08901571,0,0.178038,
0.1505931,0,0,0,0,0.07295241,0.1906839,0.01292086,0.1260987,0,0.04624761,0,0,0.1566574,0,0,0,0.4731288,0,0.268879,0,0.1355414,0,0,0.06836215,0,0.1105301,0,0,0,0,0.6051916,0,0,0.04764738,0,0,0,0,0,0.3549469,0.2464254,0.3700165,0,0.2596504,0.2765273,0,0,0.0987986,0,0,0.02791192,0.2241854,0.1732163,0,0,0.2626496,0.07036195,0.151778,0,0,0.02586691,0,0,0,0,0,0,0.04517066,0,0,0,0.03233409,0,0,0,0.09785085,0,0,0,0,0.07922364,0,0.08705071,0,0,0,0.1597634,0.1188109,0,0,0,0,0.1091763,0,0.2761534,0,0,0.1751491,0,0,0,0.1505511,0,0,0,0,0.4841361,0,0.3089127,0.4919903,0,0,0,0,0.1339109,0,0.2167683,0,0,0,0,0.312501,0.03282653,0,0,0,0,0.09478076,0,0,0,0,0,0,0,0.4713806,0.04921186,0.5253097,0,0,0,0.01078938,0,0.03562627,0.05428585,0.06778681,0.0136853,0,0,0,0,0,0,0,0,0,0,0,0,0,0,0.3000009,0,0,0,0,0,0,0,0,0,0,0,0,0,0,0,0,0.1939436,0,0,0,0,0.09978468,0,0,0,0,0,0,0,0,0,0,0,0,0,0,0,0,0,0,0,0,0,0,0,0,0,0,0,0,0,0,0,0,0,0,0,0.1659123,0.2396374,0,0,0.1010317,0,0.5419021,0.2084078,0.1720967,0.01720618,0,0,0,0,0.2982596,0.2555421,0,0.3927592,0,0.1980093,0.5026706,0.1132811,0,0,0.6083498,0,0,0,0,0,0,0,0,0,0,0,0,0,0,0,0,0,0,0,0,0,0,0,0,0,0,0,0,0,0,0,0,0,0,0,0,0,0,0,0,0,0,0,0,0,0,0,0,0,0,0,0,0.1341169,0,0,0,0,0,0,0.464391,0,0,0,0,0,0,0,0,0,0,0,0,0,0,0.006822151,0,0,0.2623527,0,0,0,0,0.05570918,0,0,0,0,0,0,0,0,0.2085638,0.1374476,0,0.02644533,0.08432914,0.1138505,0.1396333,0,0,0,0,0,0,0,0,0,0,0,0,0,0,0,0,0,0,0,0,0,0,0,0,0,0,0,0,0,0,0,0,0,0,0,0,0,0,0,0.08890901,0,0,0,0,0,0,0,0,0,0,0,0,0,0,0,0,0,0,0.2271172,0.3215247,0,0,0.2102053,0,0.1275174,0,0,0.01574368,0,0,0,0,0.03707478,0,0,0,0,0,0,0,0,0,0,0,0,0,0,0,0,0,0,0,0,0,0.190924,0,0,0.3048449,0,0,0,0,2.970719,0.3215289,0,0,0.9684061,0.3405649,0,3.853967,3.865067,0,4.472453,0,0,0.5305024,0,0,0,0,0,0,0.03312498,0,0.3732123,0.5073923,0,0.358703,0.2302645,0.2024236,0.0672139,0,0,0,0,0,0,0.2949108,0,0.3820944,0.02383685,0,0,0,0.3579943,0,0.05160179,0,0,0,0.3293677,0.4963696,0,0,0.2273046,0,0,
0,0.2816791,0,0,0,0.1685641,0,0,0,0,0,0,0,0,0,0,0,0,0.1020623,0.2505012,0,0,0,0.3165536,0.080653,0.05694368,0.3449165,0,0.2940341,0,0,0,0,0,0,0,0,0.1086056,0,0,0,0,0,0.2513356,0.2522341,0,0,0.1515308,0,0.04515493,0.1294849,0,0.07406762,0,0.02866093,0,0.217249,0.06687389,0,0,0.4687236,0,0,0,0.2247394,0,0,0,0,0.004275838,0.1151419,0,0.2949462,0,0,0,0,0.03192694,0.2397122,0.279582,0,0,0.1939214,0.06605782,0.113104,0.2564625,0,0,0.1628406,0.2904845,0,0.2242179,0,0,0,0.0940198,0,0,0,0,0,0.139966,0,0,0.01138427,0,0,0.02118242,0.2001473,0,0,0,0,0.1909491,0.1737564,0,0,0.1785327,0,0,0.2322179,0.2332385,0.003936669,0.02962615,0.234241,0.3625346,0.1381407,0,0.01684869,0,0,0,0,0.06764486,0,0,0.3449121,0.06167746,0.3058563,0,0.2425003,0.1904348,0.3897054,0.1271653,0,0.1273191,0.08439407,0.2801163,0,0.2136099,0,0,0,0,0,0,0,0,0,0,0,0,0,0.08308122,0.1222181,0,0,0,0,0,0,0,0,0,0,0,0,0,0,0,0.1462485,0,0,0,0,0,0,0,0,0,0,0,0,0,0,0,0,0,0,0,0,0,0,0.06087133,0,0,0,0,0,0,0,0,0,0,0,0,0,0,0.1076478,0.2462893,0,0.1349572,0,0,0.07404748,0,0,0,0,0.2300146,0,0.02432991,0,0,0.002761602,0.1597827,0,0,0,0,0,0.1140207,0.01172999,0.5078557,0.3764144,0,0,0,0.01732798,0,0,0,0,0,0,0,0,0,0,0,0,0,0,0,0,0,0,0,0.01243537,0,0,0,0,0,0,0,0,0,0,0,0,0,0,0,0,0,0,0,0,0,0,0,0,0,0,0,0,0,0.3155494,0,0,0,0.06617448,0,0.3523263,0,0,0,0,0,0,0,0,0,0,0,0,0,0.02944048,0,0,0.1523407,0.07406394,0,0,0,0,0.2149793,0,0,0,0.02675394,0.4114601,0,1.13847,0,0,0,0,0,0.02625744,0,0,0.02848163,0,0,0,0,0,0,0,0,0,0,0,0,0,0,0,0,0,0,0,0,0,0,0,0,0,0,0,0,0,0,0,0,0,0,0,0,0,0,0,0,0,0,0,0,0,0,0,0,0,0,0,0,0,0,0,0,0.04750011,0.1563647,0,0.129785,0,0.7020355,0,0,1.361621,0,0,0.6866879,0.5743256,0,0,0.8166345,0,0,0,0,0,0,0,0,0,0,0,0,0,0,0,0,0,0,0.1736855,0.006330319,0,0,0.1390664,0.2336955,0.2139051,0.2074072,0,0.7087926,0,0,0,0,0,0,0,0,2.661403,0,0,3.054727,8.607407,4.443921,0.009944322,0.6094472,0.2532578,0.4863909,0,0,0,0,0,0.001058474,0,0.08983967,0.1664898,0,0,0,0,0.2052624,0.2314823,0.4180673,0,0.2073591,0,0,0,0.1771879,0,0,0,0.08146881,0.3222041,0,0,0.1005099,0,0,0.1125044,0,0,0.03726163,0.1216498,0,
0,0,0.1504501,0,0.04712491,0,0.3879717,0,0,0,0.0394705,0,0.6269732,0.181183,0,0,0,0.3332132,0.1888659,0,0.298436,0,0,0.3821444,0.4968489,0.03157319,0,0,0,0,0,0.03864226,0,0,0.01597192,0,0,0,0,0,0,0.2566419,0.1339448,0,0,0,0,0,0.06623741,0,0.0414686,0.2993208,0.1064157,0,0,0,0.2292986,0,0.3534966,0,0,0,0,0.164901,0,0.3793531,0,0,0,0,0.3205961,0.3758821,0,0.1196962,0.0332543,0,0.1415718,0,0.1555432,0.3238409,0,0,0,0.4496489,0,0.06682611,0,0,0,0,0,0,0,0,0,0.2978914,0.2559088,0,0,0,0,0,0,0.5280781,0.1716279,0,0,0,0,0,0,0,0,0,0.0579305,0,0,0,0,0,0.1615853,0,0.01717825,0.1002337,0,0,0.1242666,0,0.03482064,0,0.0360546,0.006417622,0.198476,0,0,0.2875964,0.03488462,0,0,0.06633887,0.4367297,0,0.1248103,0.3859584,0,0,0,0,0.4652134,0.2052223,0.8688067,0.510042,0,0,0,0,0,0,0,0,0,0.03130341,0,0,0,0,0.2120671,0.2735251,0,0,0,0,0,0,0,0,0,0,0.01701778,0,0,0,0,0,0,0,0,0,0,0,0.2227583,0,0,0,0,0,0,0,0,0,0,0,0,0,0,0,0,0,0,0,0,0,0,0,0,0,0,0,0,0,0.09156179,0.137098,0,0,0.1134535,0.2226661,0.07822608,0,0,0,0,0,0.07644203,0.3287701,0.02895483,0.07833264,0,0,0,0,0.5275927,0,0,0.1001065,0.1577158,0,0,0.08405942,0,0,0,0.1288943,0,0,0,0,0,0,0,0,0,0,0,0,0,0,0,0,0,0,0,0,0,0,0,0,0,0,0,0,0,0,0,0,0,0,0,0,0,0,0,0,0,0.0591364,0,0,0,0,0,0,0.7875177,0,0.3154463,0,0,0,0,0,0,0,0,0,0,0,0,0,0,0,0,0,0,0,0,0,0,0,0.01491371,0.2001992,0,0,0,0,0,0.2502991,0,0,0.06033728,0,0.1633161,0.2101104,0,0,0,0,0,0,0,0,0,0,0,0.5506393,0,0,0,0,0,0,0,0,0,0,0,0,0,0,0,0,0,0.2205729,0,0,0,0,0,0,0.07317816,0,0,0,0.1436127,0,0,0,0,0,0,0,0,0,0,0,0,0,0,0,0,0,0,0,0,0,0.5254602,0,0,0,0,0,0,2.346279,0,0,2.440565,2.837631,0,0,0,0,0,0,0,0,0,0,0,0,0,0,0,0,0,0,0,0,0.134208,0.1144652,0,0,0.1994386,0.2097548,0,0,0.05871442,0.5046908,0,0,0,0,0,0,0,0,3.847011,0,0.1280996,0,0.7728652,0,3.863803,1.86969,0,0,0,0,0,0.05797294,0,0.3320867,0,0.2489087,0,0,0.1053485,0,0,0,0,0,0,0,0.07601765,0.01555141,0.4145523,0,0.2966631,0,0,0.0396023,0.1374727,0,0.5119404,0.06130113,0,0,0.1761733,0,0,0,0,0,
0.3239843,0,0,0,0.7915132,0,0,0,0.296768,0,0,0,0.09024045,0.294297,0.08058329,0,0.3683105,0.1920242,0.467671,0,0.1624377,0.1529495,0.09338669,0,0.08796486,0,0.2695061,0,0,0,0,0.7566119,0,0,0,0,0,0,0,0,0,0.1025248,0.560427,0.08750528,0,0,0,0.3117959,0,0,0,0.2751475,0.2533503,0.05464677,0.1690012,0,0.1080714,0.3000977,0,0,0,0.04729862,0,0,0.07670673,0.09510814,0,0,0,0,0,0.2321977,0,0,0.1730161,0,0.06674136,0,0.03694657,0.07155485,0,0,0.3979293,0,0,0.05804179,0.1207705,0,0,0,0.01476754,0,0.3204538,0,0.1137424,0,0.1445074,0.1430997,0,0,0,0,0,0,0,0.03629927,0,0,0.3479002,0,0,0.0269104,0,0.2682856,0,0,0,0,0.0261352,0,0,0,0,0,0.2909932,0,0,0,0,0.386621,0.001895784,0,0,0.5178048,0,0.04563795,0,0.3771579,0,0,0,0,0,0.1537525,0.3296485,0,0,0.1468992,0,0.09385052,0,0,0,0,0,0,0,0,0,0,0,0,0,0.1179282,0,0,0.1549455,0,0,0,0.06433813,0,0,0,0,0,0,0,0,0,0,0.08798213,0,0,0,0,0,0,0,0.209967,0.1011109,0,0,0.04651454,0,0,0,0,0,0,0,0,0,0,0,0,0,0,0,0,0,0,0,0,0,0,0.3513902,0.2427994,0,0.01775705,0.2159344,0,0.001442192,0,0,0.3021535,0.04219935,0,0.5448689,0,0.3179766,0.182737,0,0,0.07163036,0,0.4709021,0,0,0,0,0,0.2104246,0,0,0,0,0,0,0,0.2672293,0.09887645,0.2279969,0,0,0,0,0,0,0,0,0,0,0,0,0,0.02817051,0,0,0,0,0,0,0,0,0,0,0,0,0,0,0,0,0,0,0,0,0,0,0,0,0,0,0,0,0,0,0,0,0.4115233,0.03933768,0,0,0,0,0,0,0,0,0,0,0,0,0,0,0,0,0,0,0,0,0,0,0.1096787,0.1591916,0.1062456,0.04948672,0,0,0.5261173,0.2755903,0,0.3168264,0,0,0,0,0.05401155,0.04917185,0,0.4615706,0.07355511,0,0,0,0,0,0.304296,0,0,0,0.3117265,0,0,0.07808641,0,0.01598697,0,0,0.2502374,0,0,0,0,0,0,0,0,0,0,0,0,0,0,0,0,0,0,0,0,0,0,0,0,0,0,0,0,0,0,0,0,0,0,0,0,0,0,0,0.4880447,0,0,0.07811788,0.1057258,0,0,0,1.127405,0,0,4.453294,4.912386,3.156835,0.2187127,0.006275048,2.961135,0,0,0,0,0,0,0,0,0,0,0,0,0,0,0,0,0,0,0,0,0.116742,0,0,0,0,0.02599724,0,0.1991667,0.09258506,0,0,0.6262689,6.429441,0,0,0,0,0,0,0.1234504,0,0,0.1776545,0,0.2705575,0,0,0,0,0,0.003415816,0.1048748,0,0.1395424,0,0,0,0.2064314,0.01577775,0,0,0,0.0105864,0,0.4130146,0,0.1510473,0,0,0.06924252,0.1149447,0,0,0.0330157,0,0,0,0,0.1512625,0.1421535,0,0,0,0.1995298,
0.1481265,0,0,0,0.1212885,0,0,0.2503287,0,0,0,0,0,0,0.138688,0,0,0.445998,0.08457198,0,0.2837411,0,0,0.03623076,0,0.604323,0,0,0.3846298,0,0.1723759,0,0,0,0,0.05149132,0,0,0.019906,0,0,0,0.2831082,0,0.1178642,0,0.3516825,0,0,0,0.6653878,0.03280765,0,0.2805642,0,0.1496165,0.261253,0.07480161,0.05179236,0,0,0,0,0.1347979,0.1517987,0.2302341,0.1613984,0.5333206,0,0.03739361,0.2843435,0,0,0,0.2033488,0,0,0,0,0,0,0.1596117,0.1358123,0.3815411,0,0,0,0,0,0,0,0,0.0760901,0.1621242,0.338227,0.1854889,0.0235419,0,0,0,0.4234512,0.4429367,0,0,0,0.294646,0.2395701,0,0,0,0.005868934,0,0,0.2846894,0.06792754,0,0.03055624,0.01940236,0,0,0.5064474,0.3403357,0.009784392,0,0.2199159,0,0,0,0.2009958,0.1912338,0,0,0,0,0,0.5827672,0.7146274,0.2570715,0.09408094,0,0,0.01912358,0.2616449,0.2401701,0.3223531,0,0.6792156,0,0.07797895,0.3214232,0.02114607,0,0,0,0,0,0,0,0,0,0,0,0,0,0,0,0,0.1895363,0,0,0.04830316,0,0,0,0,0,0,0,0,0,0,0,0,0.1237338,0,0,0,0,0,0,0,0,0,0,0.2262407,0,0,0,0,0,0,0,0,0,0,0.009164545,0,0,0,0,0,0,0,0,0,0,0,0,0,0,0,0.3387468,0.1277319,0.3769544,0,0,0.07779338,0.4409207,0,0.2765414,0,0,0.09660809,0,0,0.2859285,0.01320818,0,0.3364342,0.1276438,0,0.3718254,0.08816359,0,0,0.7014756,0.1761551,0,0,0,0.4034275,0.1749649,0.2404624,0,0,0,0.06287236,0,0,0,0,0,0.4457465,0,0,0,0,0,0,0,0,0,0,0,0,0,0,0,0,0,0,0,0,0,0,0,0,0,0,0,0,0,0,0,0,0.006287034,0.02268693,0,0,0,0,0,1.763113,0,0,0,0,0,0,0,0,0,0,0,0,0,0,0,0,0,0,0,0,0,0.1037338,0,0,0,0,0.07951318,0,0,0,0,0,0.3434128,0.1525431,0,0.02867619,0,0.9130011,0.1767005,0.4654592,0.1027394,0,0,0,0,0,0.1464819,0.1586106,0.446882,0,0.300081,0.1219055,0.3012501,0,0.1987139,0,0,0,0.1415101,0,0,0,0,0,0,0,0,0,0,0,0,0,0,0,0,0,0,0,0,0,0,0,0,0,0,0,0,0,0,0,0,0,0,0,0,0,0,0,0.2845983,0,0.1062087,0,0,0,0.9684271,6.021506,0,0,0,1.942218,0,3.243579,0,0.4469615,0,0,0,0,0,0,0,0,0,0,0,0,0,0,0,0,0,0,0.1508094,0.3312517,0,0,0.07069562,0.2590745,0,0,0.2938938,0.2827868,0,0.6171974,4.120551,0,0.6705598,0,5.114525,0,0.2472664,0,0.008923127,0,0,0,0,0,1.548213,0.512882,0.2710761,0,0,0,0.02910763,0.3819357,0,0,0,0,0.02537441,0,0,0,0.07700199,0,0,0,0.03279941,0.01879382,0,0,0,0.02912773,0,0,0.0226457,0,0,0,0,0,0,0.221625,0.2450431,0,0.08136913,
0,0.3252721,0,0.5118216,0.2770213,0,0.05621266,0.1155935,0,0,0,0.1290532,0,0,0,0,0,0,0,0.17891,0,0.2055363,0,0,0.04317079,0,0,0,0,0,0,0,0.05590198,0.1077609,0,0,0,0,0.1606919,0,0,0,0,0.1140731,0.210029,0,0.2758538,0,0.1310414,0,0.1361946,0.3181063,0,0,0.1671974,0.0008018802,0.1425823,0,0,0.05269058,0.1713512,0,0.06094763,0,0.08301909,0.1074813,0,0,0,0,0,0,0.1216464,0,0,0,0,0.6327934,0.3111064,0.1696789,0,0.2505074,0,0.08124875,0,0,0,0,0.07521101,0,0,0,0,0.2220155,0,0,0.09340455,0,0.02534503,0,0,0,0,0,0.07690731,0.06627855,0.06819183,0,0,0,0,0,0,0.0655944,0,0,0,0.184518,0,0,4.862476E-05,0.1942921,0,0,0,0,0,0,0,0.05593868,0,0.0945585,0,0.09199098,0.1489948,0,0.3169538,0.1094205,0,0,0,0,0,0,0,0,0.1131756,0.4361267,0,0,0.3856522,0.2042805,0,0,0,0,0.240375,0,0,0,0.106888,0,0,0,0.1470364,0,0.1652179,0,0,0.3339577,0.3045418,0.2293327,0.4484057,0,0,0,0,0,0,0,0,0,0,0,0,0,0,0,0,0,0,0,0,0,0,0,0,0,0,0,0,0,0,0,0,0,0,0,0,0,0,0.301878,0,0,0,0,0,0,0.01751093,0.05779064,0,0.1364954,0.2663704,0,0.3595412,0,0,0.4373282,0,0.3903327,0,0.1174179,0.394763,0,0,0.3220757,0,0,0,0,0,0,0.05933044,0,0.3011776,0,0.2008279,0,0.07347956,0.1139241,0,0,0,0.1107655,0,0,0,0,0,0,0,0,0,0,0,0,0,0,0,0,0,0,0,0,0,0,0,0,0,0,0,0,0,0,0,0,0,0,0,0,0,0,0,4.84444E-05,0.2007373,0,0.1459471,0.6176195,0,0,1.810613,0,1.083968,0,0,0,0,0,0,0,0,0.0757978,0,0,0,0,0.01383876,0,0,0,0,0,0.1355691,0.2098696,0,0,0.04553576,0,0.2683747,0,0,0,0,0,0,0,0,0.181792,0.1669287,0.2902006,0,0,0,0,0,0,0,0.1826445,0,0.4975437,0,0.1585706,0.01783212,0,0,0,0,0.2960956,0,0,0.02548386,0,0,0,0,0,0,0,0,0,0,0,0,0,0,0,0,0,0,0,0,0,0,0,0.1014591,0,0,0,0,0,0,0,0,0,0,0,0,0,0.1732222,0.05012983,0,0,0,0,0,0,0,0,2.512162,0,1.481481,0,3.120184,2.961039,3.605223,5.265151,0,0,0,0,0,0.04253535,0,0,0,0,0,0,0,0,0,0,0,0,0,0.5386361,0,0,0,0,0,0.08162878,0.2313111,0.0114472,0,0,0,8.524424,0.5410222,8.939095,0,0,1.79464,0.05196836,0,0,0,0.142056,0.274602,0.1369652,0.3379083,0.3625736,0,0.8022521,0,0.1069868,0,0,0.005876364,0.2339976,0.2991183,0.4714077,0,0.09103662,0.402214,0.1662566,0.3941324,0.3556858,0,0.1971182,0.2623692,0.6853637,0,0.2128769,0,0.2243844,0.1447072,0.2577322,0,0.114968,0.1665845,0.3430845,0,0,0.7028645,0,0,0,0.3130008,0.02833471,
0,0.24955,0,0,0.4257835,0,0.5381492,0.1443875,0,0,0,0.1387883,0,0,0,0,0,0,0,0,0,0.5078911,0.2497845,0.5294833,0.1774017,0,0.07162867,0.4166563,0,0,0,0,0.3408885,0.5109427,0,0.2883964,0,0,0.111014,0,0,0.2062523,0.1158635,0,0.3019426,0.1176569,0,0.1046428,0,0.6138781,0.01973254,0.2271322,0.1396845,0,0.4478085,0.167153,0,0,0.06574482,0.04336163,0,0,0.2733665,0.01809729,0,0.2340262,0,0.02556096,0.1520244,0.02012865,0,0,0,0,0,0,0,0,0,0.1265083,0.00857902,0,0,0.2218863,0.4701388,0,0,0,0.1437431,0,0,0.02108976,0,0,0.05181434,0,0.1457717,0.07259797,0,0,0.1927686,0.05837448,0,0,0,0,0.235383,0.4401222,0,0,0.4985521,0,0.3544212,0.3639027,0,0.4560263,0,0,0,0,0.1730012,0,0.1508854,0,0,0,0,0,0,0.1052122,0.1254111,0,0,0,0,0,0,0.07503397,0.1953291,0,0,0,0.2385006,0.2432978,0.02393331,0.4150207,0.3724879,0,0,0,0,0.2880999,0.2739487,0.4454417,0,0,0,0,0,0,0,0,0,0,0.1694467,0.2775379,0.06821008,0.2673423,0.06427375,0.2495749,0,0.002013035,0.04595067,0,0,0,0,0.06988572,0,0,0,0,0,0,0,0,0,0.01794656,0.09380849,0,0,0,0,0,0,0.138275,0,0,0,0,0,0,0,0,0,0,0,0,0,0.4218922,0,0,0,0.005297301,0,0,0,0,0,0.1611246,0,0,0,0,0,0,0,0.1474967,0.07815503,0.2517844,0.2692643,0,0,0,0,0,0.2203725,0,0,0,0,0.3976088,0.4773544,0,0,0,0.211218,0,0,0.215127,0,0.08490722,0.3678373,0,0,0.2280627,0.02021169,0.3368544,0,0,0.3408132,0,0,0,0,0,0,0,0,0,0,0,0,0,0,0,0,0,0,0,0,0,0.04723568,0,0,0,0,0.4432545,0,0.0553669,0,0.5259566,0.08822832,0.2774329,0,0,0.1236151,0,0,0,0,0.01780513,0,0.2163116,0,0,0,0,0,0,0,0,0.07180399,0,0,0,0,0,0,0,0,0,0,0,0,0.02880726,0.03214712,0.3004622,0,0.1421255,0,0,0,0,0,0,0.262472,0.3939954,0.2592502,0,0.1375717,0,0.1694147,0,0,0,0,0.4038198,0,0.2597961,0,0,0,0.1503569,0,0,0.1316482,0.3355128,0,0,2.686629,1.63841,0,0.3092348,0,0,0,0,0,0,0,0,0,0,0,0,0,0,0,0,0,0,0,0,0,0.2474331,0,0,0,0,0,0,0,0,0,0,0,0,0,0.3345391,0,0,0,0,0,0,0,0,0,0,3.125779,5.518552,0,0,2.350487,1.338793,0,0,0,0,0,0,0,0,0,0,0,0,0,0.2904092,0,0.1339023,0.04111421,0,0.3413845,0,0,0,0,0,0,0,0.2918465,0.02826647,0.1401158,0.7910094,0.2161859,1.931307,2.40621,0,1.161288,0,0,0,0,0,0.331406,0,0,0,0,0.6237029,0,0.1069252,0,0.3353372,0,0,0,0.006705114,0,0.1726098,0,0,0,0,0,0.1451378,0.141541,0,0,0.004899116,0,0,0,0.2740501,0,0.5433899,0.1477693,0,0,0,0,0.4048663,0,0,0,0,0,0.1087115,
0.1709635,0.1329846,0,0,0,0.7852997,0.09996463,0.4715769,0,0,0.4444264,0,0,0,0.3696858,0.07816134,0,0.2793657,0,0,0.1800996,0,0.1636149,0.5028958,0.5301568,0,0.3715707,0,0.2130533,0,0,0.2913749,0,0,0.4386521,0,0.04204239,0,0.1750168,0,0,0,0,0.1794773,0.2851404,0.02271229,0,0.03378026,0.1858866,0.4669381,0,0.5393273,0.01445523,0,0.05167545,0.1929414,0,0,0,0,0,0,0.4810815,0,0.1819238,0,0,0,0,0,0,0.5943331,0,0,0.2251517,0.07439161,0,0,0,0,0.1424343,0.03213778,0,0.1364588,0.4318208,0,0,0.02866996,0.2307605,0,0,0,0,0.3652566,0.229338,0,0,0,0,0,0,0,0,0,0,0,0.450195,0.01148903,0.2051768,0,0,0,0,0.02833641,0.3223363,0,0,0.03342696,0.1084537,0,0.1241746,0,0,0,0,0.3008121,0,0,0,0.1477226,0,0,0.008025372,0,0,0,0,0,0.2473733,0.5714196,0.09357323,0.1354096,0,0,0.390905,0,0,0,0,0,0,0.4454611,0.1969801,0.1556661,0,0,0,0,0,0.2739648,0,0.1886086,0.2190084,0.5178847,0,0,0.3736812,0.5439249,0.0392831,0.01188129,0.3442159,0.1825708,0,0.1514967,0,0,0,0,0,0.2028842,0,0.3657099,0.1643462,0,0,0,0,0,0,0,0,0,0,0.05054099,0,0,0,0,0,0,0,0,0,0.6324239,0,0,0,0,0,0,0.04272977,0,0,0,0,0,0,0,0,0.4399977,0,0,0,0.06575613,0.2887228,0,0.1771066,0,0.2305276,0.1257661,0.5911688,0,0.6404594,0,0,0.4919501,0.188615,0,0.006873695,0,0.2587785,0,0,0,0,0,0,0,0.3925932,0,0,0.1539101,0.2528025,0,0,0,0,0,0,0,0,0,0,0,0,0,0,0,0,0,0,0,0,0,0,0,0,0,0,0.04136495,0,0,0,0,0,0,0,0,0.1212993,0.08711052,0.03662911,0,0,0,0,0,0,0.1203228,0.3365165,0,0,0,0,0,0.3313322,0,0,0,0,0,0,0,0.1585981,0,0,0,0,0,0,0,0,0,0,0,0,0.09280667,0.2009685,0,0,0.459292,0,0.1040678,0.06514322,0,0,0,0,0,0.2433408,0.245963,0,0.3439578,0,0,0.09437986,0,0,0,0,0,0.3131242,0,0,0,0.001150859,0,0.5722605,0.355623,0.002582483,0,0.6844464,0,0,0,0,0.02463477,0.876122,0,0,0.05095626,0,0,0,0,0,0,0,0,0,0,0,0,0,0,0,0,0,0,0,0,0,0,0.1761502,0,0,0,0,0,0,0,0,0,0,0,0,0,0,0.1670399,6.342281,0,0.2362035,0.3152798,0,0,0,9.274432,0,1.135512,0,0,0,0,0,0,0,0,0,0,0,0,0,0,0,0,0,0,0,0,0.008454434,0.1146741,0,0,0,0.0645007,0,0.3360249,0,4.359079,2.025444,1.300349,0,0,1.407388,0,0.1583184,0.6357471,0,0,0,0.3329902,0.2198569,0.3750704,0,0,0,0.583478,0.3632133,0,0.1604521,0,0,0,0,0.1215013,0,0,0,0,0.3051158,0.1697064,0.371363,0,0,0,0.1829588,0.06687186,0.5476023,0,0,0,0,0.07295996,0,0,0.1380324,0.057082,0,0,0,0,
0,0,0.04718138,0.2963253,0.1001318,0.1339806,0,0.005822289,0.1551659,0.2929618,0,0,0.0926123,0.196209,0,0.0589551,0,0,0.1863016,0,0,0,0,0,0.3168375,0,0.07493708,0.2020128,0,0.05221689,0,0,0,0.03952098,0.3096967,0.08714622,0,0,0.02571781,0,0.3807801,0,0,0.1376768,0,0.1354862,0,0.341745,0.1029048,0,0.3419713,0,0.03309144,0,0,0.06940627,0,0.08491093,0.3843177,0,0,0,0.08913615,0,0,0,0.1586703,0.2792718,0.4249783,0,0,0.3517641,0,0,0.1108106,0.2778535,0,0,0,0,0.2412807,0,0.1197574,0.3462742,0,0.08689336,0,0,0.01189284,0.2589731,0,0,0.1110256,0,0,0.3111384,0.7926841,0.3381734,0.1775278,0,0,0,0.3543356,0.1339357,0,0,0,0,0.2123389,0.2524585,0,0,0.04017061,0,0,0.01398501,0,0,0.5839264,0.0967624,0,0.1299196,0,0.1818259,0.373009,0.3141019,0.2086421,0.1098488,0.01757693,0,0.226075,0.2880187,0.08279198,0,0,0,0,0,0,0,0,0.1549495,0.06866471,0,0.1860091,0,0,0,0.04658603,0.1992596,0.1562888,0,0,0,0,0.5716645,0,0.2274085,0.4368293,0,0.2043275,0,0,0.3195052,0.3166094,0.1993375,0,0.168693,0.424294,0.2685088,0.07783362,0.007703045,0,0,0,0.3069194,0,0.246547,0.3453212,0.1715225,0,0,0,0,0.1126625,0,0,0,0,0,0.4687814,0.05151244,0,0,0,0,0,0,0.08994529,0,0,0,0,0,0,0,0,0,0,0,0,0,0,0,0,0,0,0,0,0,0,0,0,0.167986,0,0.05312769,0,0,0.1425916,0.09868494,0.1861756,0.3722892,0,0.7548427,0.1658579,0.2687863,1.618292,1.226911,0,0,0.7173004,0,0,0,0,0.2084003,0.1351404,0,0,0.08768195,0,0.08607169,0.04057567,0,0.03541436,0,0,0.1907427,0,0,0,0.5206096,0,0,0,0,0,0,0,0,0.2645495,0,0,0,0,0,0,0,0,0,0,0,0,0.256639,0,0,0,0,0,0,0,0.0234298,0.009765888,0.03213924,0.1472929,0,0.2854982,0,0,0.5252051,0,0,0,0,0,0,0,0,0,0,0,0,0,0,0,0,0,0,0,0,0,0,0.005715644,0,0,0,0,0.226527,0,0,0,0.08301713,0,0,0,0.4428671,0,0,0.06458558,0,0,0,0.05621166,0.004736895,0,0,0.1135164,0.2578521,0.4282576,0,0.2568276,0,0,0,0.1311402,0.360857,0.03586581,0.5399504,0,0.1080766,0,0,0,0.6414435,0,0,0,0.1148238,0.1094281,0,0.1707163,0,0,0,0,0,0,0,0,0,0,0,0.002270586,0,0,0,0,0,0,0,0,0,0,0,0,0,0,0,0,0,0,0,0,0,0,0,0,0,0.1023446,0,1.243207,4.439857,4.030945,0,2.074882,3.56242,0,0,0,0,0,0,0,0,0,0,0,0.3409256,0,0,0.007583837,0,0,0,0.094796,0,0.02596755,0,0,0,0,0.3122544,0,0,0.3916343,0,0,0,4.951486,0,0,0,0,2.410934,0,0,0,0.1999367,0.02039878,0.1560602,0.1009483,0.01704236,0.2221057,2.037543,0,0,0,1.108275,0.1453194,0,0,0.07298226,0,0.0993764,0,0,0,0,0,0,0,0,0,0,0,0,0.2416377,0,0,0.3700953,0,0.3482815,0.242932,0,0,0,0,0.7109687,0,0,
0,0.08396593,0.1051792,0.2271317,0,0.1504667,0,0,0.1744157,0.3068819,0,0.1844459,0.2119315,0.07032197,0,0.07461019,0,0,0.05741845,0,0,0.1414839,0,0.2144276,0,0,0,0.01142416,0.2679293,0,0,0,0,0.08465908,0,0.1638972,0.06225311,0,0.04138973,0,0.3307979,0,0.1121691,0.4115821,0.3035616,0.1269212,0,0,0.1284987,0.0176065,0,0.1836771,0,0.1348515,0.07847929,0.07654122,0.02075161,0,0.04954814,0.4363755,0,0.08200566,0,0,0,0.05637162,0.253763,0,0,0.1530783,0,0.2885469,0.6295069,0,0.2647533,0.1654609,0,0.08100192,0.5939575,0,0,0,0.08955662,0,0.1060514,0.1848257,0.4149242,0.1071189,0,0,0.2427752,0,0,0.5112607,0.2323599,0.210152,0,0.1117193,0,0,0.1723092,0.1551994,0,0.131054,0,0.1480494,0,0,0,0.2750319,0.04482796,0.1597436,0.1759764,0.2573481,0.03767493,0,0,0.2453192,0.00922834,0,0,0,0.1672436,0,0,0.4073921,0,0,0,0.1943841,0.1543185,0,0,0.05500799,0.02743418,0,0.07217322,0,0,0.2096827,0,0.02857078,0,0.08303396,0,0.007042025,0,0,0,0,0,0,0,0.2182814,0.2883231,0.5173565,0,0,0,0,0,0.154049,0,0.08516382,0.3139946,0.2479145,0.2663522,0,0,0.472517,0,0,0,0.1495519,0,0,0.3873713,0.0630156,0.08446971,0.08709993,0,0.4464951,0,0.009684975,0,0,0,0,0.04460994,0,0,0,0.1204749,0,0,0,0,0,0.1967529,0,0,0,0,0,0,0,0,0,0,0,0,0,0,0.05044565,0,0,0,0,0,0.05663463,0,0,0,0,0,0,0,0.07598704,0,0.07998691,0,0,0,0,0,0.3975186,2.24661,0,1.339595,0.5746031,0,0.4711523,0,0.2473461,0.2761734,0,0.1235668,0.2114611,0,0,0,0,0,0,0.07897418,0.05029928,0,0,0.02729493,0.02910871,0,0,0,0,0,0,0,0,0,0,0,0,0,0,0,0,0,0,0,0,0,0,0,0,0.2069624,0.1050665,0,0,0,0.2164543,0.3432096,0,0.2727064,0,0.4512254,0,0.05475686,0.3450459,0,0.0286368,0.4452066,0.01547931,0,0,0.06425797,0,0,0,0,0,0,0,0,0,0,0,0,0,0,0,0,0,0.08112772,0,0,0.1133583,0.3333287,0,0,0,0,0,0.09953991,0.3100943,0.2131855,0.07927115,0,0.2522247,0,0,0.2148121,0,0.3777468,0,0,0,0.1694214,0,0,0.5333931,0,0,0.2208287,0.1814511,0,0,0,0.2985614,0,0,0.02321619,0,0.4961487,1.744823,0.2479614,0,0,0,0.2210337,0,0,0,0,0,0,0,0,0,0,0,0,0,0,0,0,0,0,0,0,0,0,0,0,0,0,0,0,0,0,0,0,0,0,0,0,0,0,0,0.4547923,0.9851795,0.3604164,0,0,0,0,0,0,0,0.4466986,0.05451531,0,0,0,0,0,0,0,0,0,0,0,0.0666215,0.1696952,0.2737272,0,0.3584725,0.03146101,0.4977611,0,0,0.1455619,0,0.1766537,0.2487357,0.3648449,0.05361107,0.3567419,0,0,6.459081,4.450022,0,1.920456,0,0,0.2090563,0,0,0.01478279,0,0,0.06440523,0,1.615053,0.07329776,0.9514819,0,0.257773,0.4501547,0,0,0,0.4904256,0,0,0,0,0.1228489,0,0.1326333,0,0.3914045,0.1020621,0.3365711,0.1006703,0,0.09880406,0,0.1147077,0.4765923,0.2499763,0,0,0,0,0,0,0.1449217,0.05468123,0,
0.01317581,0,0.01356689,0.1859614,0,0,0,0.1221895,0.04285227,0.09602603,0,0.09769067,0,0.02719869,0.2688717,0,0.3038013,0.3095315,0.02319503,0,0.4097863,0.413848,0,0.09001468,0,0.1936608,0,0.1150841,0,0,0,0.1608833,0,0,0,0,0,0.01031157,0,0.09991431,0,0.07325851,0,0,0.06872067,0,0,0.1405428,0,0,0,0.2093647,0.114109,0.1598052,0,0.1959119,0,0.2205021,0.1723907,0.08315691,0.0791221,0,0.1342971,0,0.01881524,0,0.1484509,0,0,0.06678843,0.7133659,0,0.3687884,0.2665961,0,0.392531,0,0,0.2599857,0,0,0,0.5259091,0,0.1811911,0.06198337,0,0.03426788,0,0.1671949,0.1206147,0,0.06582078,0.2979251,0.3490359,0,0.2037262,0,0,0,0.6041034,0,0.235863,0.4893545,0,0,0.1060923,0,0,0.0129133,0,0.08887053,0,0,0.01361437,0.08323039,0,0.2078126,0,0.1996491,0.163466,0,0,0,0,0.4168413,0.1809535,0,0.07074099,0.1229649,0,0.4192988,0,0,0,0,0,0,0.1230867,0.187897,0,0,0,0,0.1985932,0.04466229,0.07452394,0,0,0.03088204,0.1400682,0.19581,0,0.3055584,0.3001764,0,0,0.1479336,0.2745175,0.5655071,0.1817224,0.2432661,0.520546,0.1519991,0.306047,0.1159063,0,0.2199918,0,0,0.1947939,0.1997924,0,0.02658759,0.01619704,0,0,0.5481251,0,0.06541135,0,0.2140689,0.150985,0,0.05689804,0,0,0,0.02057915,0,0,0,0,0,0,0,0,0,0,0,0.02407832,0,0,0,0,0,0,0,0,0,0,0,0,0,0,0,0.07683435,0,0,0,0,0,0,0,0,0,0,0,0.05740136,0.4381931,0,0,0,0,0.2149566,0.2080174,0.2387461,0,0.4779062,0.1056764,0,0,0,0.01863896,0,0,0,0,0.3423748,0.1126106,0,0,0.2106721,0,0.03559574,0.4417974,0,0,0,0,0,0,0,0,0.003050879,0,0,0,0.6201983,0,0,0,0,0,0,0,0,0,0,0,0,0.219474,0,0,0,0,0,0,0.1319604,0,0,0.002782841,0,0.52439,0,0,0,0,0,0,0,0.128266,0.01664258,0.210838,0,0,0,0,0,0,0,0,0,0,0,0,0,0,0,0,0.2602955,0,0,0,0,0.06054828,0,0,0,0.4427575,0.6582128,0.3067432,0,0.1704184,0,0,0,0.2421277,0.2319687,0,0,0,0,0,0,0,0,0.04382095,0,0,0.624115,0,0.6427313,0.07406514,0,0,0,0,0,0,0,0,0.1433052,0.7731127,0,0,0,0.2781299,0.161788,0,0.2026263,0,0,0,0,0,0,0,0,0,0,0,0,0,0,0,0,0,0,0,0,0,0,0,0,0,0,0,0,0,0,0,0,0,0,0,0,0,0,0,0.02809071,0,0,10.2532,4.969305,7.345974,0,0.2389912,3.583938,0,0.3150355,0,0,0,0,0,0,0,0,0,0,0,0.7203167,0,0,0,0,0,0,0,0.1821188,0,0,0,0,0,0.09553263,0.5353963,0.2354542,0,0,2.971222,4.202074,0,0,2.302364,0,0,0,0,0,0,0,0,0.9052492,0.6878809,0.7278103,0,0.5132076,0.1964989,0,0.4670588,0,0,0,0,0,0,0.008807824,0.1204194,0,0,0.2439973,0.01230643,0,0,0,0,0,0,0.2212491,0,0.1624634,0.224289,0,0.2316109,0,0.02882815,0,0,
0.1154611,0,0.2379023,0,0.2683191,0.1732782,0,0,0,0.2165389,0.236054,0,0.1333201,0.3460737,0,0,0.1105349,0,0.1960306,0.1163701,0,0,0,0,0,0.04917011,0,0,0,0,0,0.06111386,0.2980366,0.1746652,0,0.129108,0,0,0.2541326,0,0,0,0,0,0,0.1518282,0.2301131,0.1853575,0,0,0,0,0.05212183,0.360086,0,0,0,0.4186734,0.06846317,0.03076422,0.01332917,0,0,0,0,0,0.07140575,0,0.007563348,0,0.06359837,0,0.1347004,0,0,0.03568138,0,0,0.3119394,0,0.1841092,0.3698769,0.265449,0,0,0,0,0.1288989,0,0,0,0,0.0835626,0.3184142,0,0.4622656,0,0,0.4245908,0,0.1919341,0,0,0,0,0.1486093,0.05809082,0.05089877,0.03138973,0.1771383,0.5366458,0,0.1458799,0,0.1028324,0,0.2532312,0,0,0,0.2297942,0,0,0.05269335,0,0,0,0,0,0,0.01991137,0.2411008,0,0,0.2953779,0.1674377,0,0,0,0,0,0,0,0.1530411,0.57425,0,0.09432082,0.6103696,0,0,0.0570989,0,0.1444611,0,0,0.1196473,0,0,0,0,0.02760461,0.1080122,0,0.1988711,0.1395122,0.210654,0,0.4116934,0,0.6788859,0,0,0.1294295,0.3509261,0.2798507,0.01452053,0.01877254,0.2959951,0,0,0,0,0.1451176,0,0.1086093,0,0,0.04173297,0,0,0,0,0,0,0.05720451,0,0,0,0,0,0,0,0,0,0,0,0.1752528,0,0,0,0,0,0,0,0,0,0,0,0,0,0,0,0,0,0,0.3233956,0,0,0,0,0,0,0,0,0,0.326378,0,0.05908612,0,0,0,0.1942306,0,0.1803748,0.1966619,0.4015389,0.2228318,0.3119249,0.06318623,0.08762209,0,0,0.09577786,0.2585346,0.1720352,0,0,0.2843925,0.06832603,0,0,0,0,0,0,0,0.2564986,0.137124,0,0,0.09294979,0,0,0,0,0,0,0,0.2560972,0.4706682,0,0,0.3723052,0,0,0,0,0,0,0,0,0.7026013,0.2411584,0,0.2640543,0,0.2897677,0.01523601,0.02332528,0,0.3086137,0,0,0.2514527,0.2936668,0,0,0.417398,0.5376041,0,0,0,0,0,0,0,0,0,0,0,0,0,0.3738316,0,0,0,0,0,0.05736636,0,0.2596837,0,0.0119995,0,0.2894251,0,0.5890747,0.1103088,0.0982331,0.1903565,0,0,0,0,0.3455162,0,0,0.1300658,0.186806,0.08117696,0.02456253,0.1847457,0.3387584,0.3587586,0,0,0.2709021,0.2254169,0,0,0,0.08424645,0,0.1630971,0,0.3848995,0,0,0,0,0,0,0.4599397,0,0.7386865,0,0,0,0,0,0,0,0,0,0,0,0,0,0,0,0,0.2430227,0,0,0,0,0.2464118,0,0,0,0,0.3091155,0,0,0,0,0,0,0,0,1.517714,5.736447,1.842011,0,0.699067,0,0,0,0,0,0,0,0,0,0,0,0,0,0,0.1773267,0,0,0,0,0,0,0,0,0.07057346,0.913495,0,0.04646355,0,0,0,0.1397365,0.08775468,0,0,0,4.213809,7.751416,0,0.8654336,1.444298,0.2803884,0.6442865,0,0,0.269609,0,0,0,0,0,0,0.7561177,0.1484479,0,0,0,0,0,0,0,0,0.2651606,0.002110898,0,0,0.3466051,0,0,0.1484528,0.2179651,0.2500784,0,0.3163515,0,0,0.1384923,0.1536499,0.1322806,0.2422929,0,0,0.04428875,0,0,0,
0,0.1031219,0,0,0,0.1472719,0.2194601,0,0.04122006,0,0,0.4867092,0.3808112,0.2663641,0,0.4495667,0,0.04173338,0.1474592,0,0,0,0,0.01667585,0,0.03441496,0.01240031,0.1416055,0,0,0,0.03202664,0,0.4191872,0,0,0,0.1343076,0.3096632,0,0.3571221,0.3696124,0.05254506,0,0,0.5099463,0,0,0,0.1892102,0,0,0,0,0,0,0,0,0,0,0.2532799,0,0.2013619,0,0,0,0,0,0.3802325,0,0.1001097,0.2767923,0,0,0.05834251,0.2540138,0.06754892,0,0.003235748,0.174861,0.2173911,0.124979,0.3057303,0.01455899,0.0108501,0,0,0,0.3890196,0,0.3430634,0,0.2158982,0,0.01980499,0.2430297,0,0.0974448,0,0,0,0,0,0,0.4356028,0.1077132,0,0,0.07055259,0.1199292,0,0,0,0.3355999,0,0,0,0,0,0,0,0,0,0.01397718,0,0,0,0,0,0,0,0,0.547102,0,0.05865049,0.2886899,0.2118888,0,0,0.009764394,0,0,0.04084215,0.1960208,0.3642852,0.1865867,0,0,0,0,0.3820173,0.0245648,0.373098,0,0,0.1954013,0,0,0,0.3361145,0.1146922,0.1294329,0.09690177,0.1354307,0,0.4654847,0.567421,0.162832,0,0.1157465,0.05861011,0.1289005,0.4126165,0,0,0,0,0,0,0,0,0,0.2656361,0,0.01936428,0,0.01011952,0.2480293,0,0.2155679,0,0.1253498,0,0,0,0,0,0,0,0,0,0,0,0,0,0,0,0,0,0,0,0,0,0,0,0,0,0,0,0,0,0,0,0.1948199,0,0,0.1104546,0.4740092,0,0.2547708,0.3615772,0,0,0.5271943,0.02044699,0.03736104,0.2492108,0.350874,0.05865916,0,0,0,0,0.07527865,0,0,0.3836415,0,0,0.3488718,0,0.08996069,0,0,0.03784781,0.07112341,0,0,0,0,0,0,0,0,0,0,0,0,0,0,0,0,0,0,0,0,0,0,0,0,0.02171675,0,0,0,0,0,0.3231386,0,0,0,0.08627564,0,0.1456423,0.1104555,0.06832864,0,0,0,0,0,0,0,0.205926,0,0.2443116,0.1146447,0,0,0.04824612,0,0,0,0,0,0,0,0,0,0,0,0.04787508,0.1221938,0,0.2830374,0,0,0.4159442,0.1929046,0.08469456,0.2096554,0.06996027,0.5820534,0.1974141,0.0411681,0,0,0.01657983,0.2603216,0.01344631,0,0.1374974,0,0,0,0,0.1925502,0,0.05724424,0.5427,0,0,0.07340994,0.133099,0,0.4013001,0,0,0,0,0.3110668,0,0,0.3139213,0,0,0.3269706,0,0.3116324,0,0,0.2147954,0,0,0.06453905,0,0,0,0,0,0,0,0,0,0,0.1359761,0,0,0,0.4147513,0,0,0,0,0,0.1388072,0,0,0,0,0,0,0,0,0,0,0,0,0,0,3.154204,1.357525,5.191564,1.644946,3.214563,0,4.770932,2.170819,2.33582,0,0,2.953437,1.85113,0,0,0,0,0,0,0,0,0,0,0.3301453,0.1716906,0,0,0,0,0.1198725,0,0,0,0,0.7014316,0,0,0.3296016,0.4140022,0,5.504919,0,0,0,0,0,0,0,0.6856206,0,0,0,0,0,0,0,0,0,0,0,0,0.2063903,0,0.091497,0.1554193,0.009094144,0.03812929,0,0,0,0,0,0,0.1125168,0.05011234,0.2828397,0,0,0,0,0.006785981,0.3770668,0.1177878,0.2086479,0,0.1466963,0,0,0,0.1460712,0,
0,0.4413247,0,0,0,0,0,0,0.6610397,0.3764212,0,0,0.07100817,0.1440396,0.396026,0.1187914,0.4493406,0,0,0.3077365,0,0.05342041,0,0,0,0,0,0,0.01537729,0,0.2613765,0.1896598,0.1112791,0.2796734,0.08861307,0,0,0,0,0,0,0,0,0,0,0,0,0,0,0.0598718,0.04614373,0,0,0.04272073,0,0.03656063,0.1348841,0,0,0,0.2517492,0.4810528,0.445944,0,0,0,0.03654338,0,0.2180145,0,0,0,0.5797251,0,0,0.09053101,0,0,0,0,0,0.4725534,0,0,0,0.3676386,0,0,0.2189976,0.4968655,0,0.1614748,0.3117085,0.2917964,0.05799209,0,0.3151987,0.1902132,0,0.1081257,0,0.002162987,0,0,0,0.1076392,0.2345205,0.1066911,0.02836275,0,0,0.2206328,0,0,0,0,0,0,0.04196324,0,0.1696965,0.2053654,0.4624323,0.06662042,0,0.2475112,0,0.04945864,0,0,0.2992387,0,0,0.2327517,0.2470637,0.133658,0,0,0.02641454,0.179181,0,0.03084587,0,0,0,0,0.4819961,0.648288,0.4912425,0,0,0.3202455,0,0.03824429,0.04933847,0,0,0.09585466,0.3053809,0,0.0751447,0.2027078,0.3702831,0.0133821,0,0,0,0,0,0,0.3674451,0,0,0.3016783,0.3573521,0,0.164117,0.1106809,0,0,0,0,0.3725144,0,0,0.1295884,0,0,0,0,0,0,0.006759955,0.07561447,0,0,0,0,0.1633534,0,0,0,0,0,0,0,0,0,0,0,0,0,0,0,0,0,0,0,0,0,0,0,0,0,0,0,0,0,0,0.09707253,0,0.2597143,0.05476118,0.03311785,0.1753749,0.4410681,0.3105714,0.02443889,0.07910867,0,0,0.206939,0,0.1551508,0,0.2863077,0,0,0.04450442,0,0.04581838,0.3173534,0.3318703,0,0,0.1608138,0.1989669,0,0,0,0,0,0.09243615,0,0.3940305,0,0.07507084,0,0,0,0,0,0,0,0.1788704,0,0,0,0,0,0,0,0,0,0.2029346,0.07621711,0,0.3778553,0,0,0,0,0.2458454,0,0,0,0,0.1455179,0,0,0,0,0,0,0,0,0,0,0,0,0,0,0.3992917,0,0.09324691,0,0,0,0,0,0,0,0,0.2720702,0,0.08438088,0,0.366458,0,0,0,0,0,0,0,0,0.146549,0,0,0,0,0.273347,0.2930023,0,0.2008372,0.5588862,0,0.4789438,0.04136872,0,0,0.03611942,0,0,0.1074478,0,0.2421682,0.0685268,0,0.5981139,0,0.3483638,0,0.07068042,0,0,0,0,0,0,0,1.184226,0.4837719,0.6367097,0,0,0,0,0,0,0,0,0,0,0,0,0,0,0,0,0,0,0,0,0,0.1600082,0,0,0.02658798,0,0,0,0,0,0,0,0,0,0,0,0,0,0,0.8444762,0,0,0,1.418353,2.22336,1.488657,0,0,0.4408383,0.5561855,0.3233372,0,0,0.03299794,0,0,0,0.308643,0,0,0,0,0.1386269,0.2627667,0.1258834,0.03831574,0,0,0,0,0,0,0,0,0,0,0,0,0,0,0,0.2384922,0,0,0,0,0,0,0,0,0,0,0,0,0,0,0,0,0.06920302,0,0,0.01947127,0,0,0,0,0,0,0.3608875,0,0,0.1445068,0,0,0.01407875,0.1692056,0,0.4721725,0,0,0,0.3063629,0.05800851,0.33178,0,0,
0.433716,0.2298082,0.3066807,0,0,0,0,0.5696034,0,0.1205982,0,0,0,0,0.05992422,0,0,0.1368211,0,0,0.1052937,0,0,0,0.4316766,0,0,0,0,0,0,0.1382527,0,0.2002987,0.5440573,0,0,0,0.1576519,0.2669925,0,0,0,0.07759957,0,0.1414402,0,0.1453241,0,0,0,0,0,0.007522267,0,0,0.1473012,0,0,0,0,0,0,0,0.1237885,0,0.1571559,0,0,0.07234292,0,0.2967816,0,0,0.2713984,0.2455965,0,0,0,0,0,0,0.1426008,0,0.1716148,0.2922761,0,0,0,0,0,0.3790562,0,0,0,0,0,0,0.07699928,0.04257558,0.1903018,0,0.3468525,0,0.000291501,0,0,0,0.02886404,0,0,0,0,0,0.4489348,0.227876,0.08388583,0,0.07019114,0.1139153,0,0,0.223512,0,0,0.05347286,0.1676526,0,0,0,0,0.3006145,0.6293753,0.1508197,0,0.0604289,0,0.178867,0.1334995,0,0,0.1109922,0.245169,0.06433576,0.0938893,0.1203415,0,0,0,0,0,0,0,0,0,0,0.2241528,0,0.3304479,0.262201,0.1888043,0.258499,0.220702,0.3141208,0,0,0.6128088,0.1757565,0.1875965,0.03211299,0,0.3237022,0.4230776,0.02027643,0,0,0,0,0,0,0.3460777,0,0,0.2675636,0,0.06662609,0.04414777,0,0.1832078,0.03949992,0,0,0.5359446,0.03197634,0.07521958,0,0,0.2111579,0,0,0,0,0,0,0,0,0,0,0,0,0,0,0,0,0,0,0,0,0,0,0,0,0,0,0,0.1139609,0,0,0.2062519,0,0.1480523,0.5368523,0,0,0,0.3218885,0,0,0.01213148,0,0,0,0,0.2107612,0,0,0,0.2183874,0,0,0,0.3457141,0,0,0.03389687,0,0,0.2180361,0,0,0,0,0,0.3153764,0,0,0,0.1955719,0,0.5073835,0,0.3179899,0,0,0,0,0,0,0,0,0,0,0,0,0,0,0,0,0,0,0,0,0,0,0,0.1087598,0,0,0,0,0,0,0.7262793,0,0.1717813,0,0,0,0,0,0,0.1243427,0.3467186,0,0,0.1010508,0.1046024,0,0.2813885,0,0,0,0,0,0,0,0.06171145,0,0,0.1697104,0,0,0.1331543,0.1957954,0,0,0,0,0,0.2650024,0,0,0.05324316,0,0,0,0.1021502,0.4929141,0,0,0,0.1379639,0,0,0,0.3873721,0.4319081,0,0,0,0,0,0.1459387,0,0.4052676,0.1164983,0,0,0.3794559,0,0,0,0,1.464229,0,0,0,0,0,0,0,0,0,0,0,0,0,0,0,0,0,0,0,0,0,0,0,0,0,0,0,0,0,0,0,0,0,1.096897,0,4.661411,4.688363,0,0,0.9662484,2.364662,5.169631,5.655817,0,0,0.8427776,0,0.3994489,0,0,0.06788138,0.4365915,0,0.5405558,0,0,0.02554847,0,0.3849625,0.2605081,0,0,0,0.1714592,0,0.004109018,0,0,0,0.1454476,0,0,0,0,0,0,0,0,0,0,0,0,0,0,0,0,0,0,0,0,0,0,0,0,0,0,0,0,0,0,0,0,0,0,0,0.1984643,0,0,0,0,0,0,0,0,0,0.2034976,0.3385813,0.2145316,0,0,0,0,0.230225,0.04018484,0.2731788,0,
0,0,0.02173567,0,0,0,0,0.338755,0.02009953,0,0.05507065,0,0.3919835,0,0.3695906,0,0.1877713,0,0.1957768,0,0,0.2764963,0.2653227,0.1024689,0.4979285,0,0,0,0,0,0,0,0,0.2525253,0,0,0.1597604,0,0,0,0.7880129,0,0.01335382,0.01464711,0,0,0,0.06360033,0,0.176296,0,0.07292622,0,0.1720456,0,0,0.241461,0,0.1663818,0,0,0.3731141,0,0.09036461,0,0,0,0,0,0.6611882,0.1541041,0.2809322,0.137957,0.1435623,0,0,0,0,0,0,0,0,0,0,0.01150497,0,0,0.2557639,0.4611396,0,0.2590449,0,0,0,0.01004795,0,0.003007611,0.09953185,0.1421907,0.07778039,0,0.05056382,0,0,0,0,0.5158284,0,0.03931144,0,0,0,0.07760462,0,0.3540654,0,0,0.1240553,0,0,0.09043542,0,0,0,0,0,0,0.332848,0,0.2001592,0,0.1034989,0,0.06622222,0,0.1685103,0.345334,0,0,0.06127934,0.01972498,0,0,0.1742743,0.1802379,0.4116226,0.03438206,0.5181112,0,0,0.001353233,0,0.1440029,0,0,0,0.4265605,0.6182294,0,0.09925126,0.1780959,0,0.1457303,0,0,0.1023318,0,0.3953435,0,0,0,0,0.1755492,0.3565903,0.1296957,0,0,0,0,0.0550379,0.05777895,0.2143981,0.3486936,0.08330053,0,0,0,0,0.2954059,0.5925483,0.02011751,0,0,0,0,0,0,0.06344584,0.1538163,0,0,0.09579243,0,0,0,0,0,0,0,0,0,0,0,0,0.007177241,0,0,0.3636592,0,0,0,0,0,0,0,0,0,0,0.3340892,0.3186346,0.2341886,0,0.4743455,0.2098489,0.06379641,0,0.2937614,0.1538751,0.0403535,0,0.06737341,0.3804632,0,0,0.2883013,0,0.005621433,0,0.08520528,0,0,0,0,0,0,0.4060545,0,0,0,0,0,0,0,0,0,0,0,0,0.01450215,0.01696586,0,0,0,0,0.07150052,0,0,0,0,0,0,0,0,0,0.0005136091,0,0,0,0,0,0,0,0,0,0,0,0.3574226,0,0,0.01044688,0.02834758,0.3687059,0,0,0.2758231,0,0,0,0,0,0,0,0,0.3581634,0,0,0.1619055,0,0.3423542,0,0,0,0.07071025,0.3528292,0.2579857,0,0,0.1196224,0,0,0.1513163,0,0,0,0.5146886,0,0,0.08454606,0.09312166,0,0,0,0.08241678,0.3244009,0.1708963,0,0,0,0.07799988,0,0.03226948,0.1113492,0,0.3644905,0.1734156,0.5360697,0,0,0,0.06795619,0.3433277,0,0,0,0,0.2623343,0.1787212,0.3078323,0.1267796,0,0,1.482368,0,0.6721142,2.947689,0.30301,1.130251,0,0,0,0.2923904,0,0,0,0,0,0.1847955,0,0,0,0,0,0,0,0,0.1893341,0,0,0,0,0,0,0,0,0,0,0,0,0,0,0,0,0.7627904,0,0,0,0,0.8622405,0,0,7.900187,0,5.438381,1.710702,0.1967146,0,0,0,0,0.02010458,0,0.05259888,0.187621,0,0.009292995,0,0,0,0.110179,0.3211666,0,0.2496319,0.1102612,0,0,0,0,0,0,0,0,0,0,0,0,0,0,0,0,0.4519081,0,0,0,0,0,0,0,0,0,0,0,0,0,0,0,0,0,0.3110889,0.1473541,0,0,0.3576008,0,0,0.1509814,0,0,0,0.1541184,0,0.3096889,0.4181076,0.6796314,0.05490749,0,0,0,0,0.2096911,0.1201358,
0.0008860258,0.1619975,0,0,0.3517027,0,0,0.02665852,0,0.2484446,0.2314306,0.2477313,0,0.1663191,0.0007315241,0.5176158,0,0.0590032,0,0,0.05486628,0,0,0,0.04955677,0.191767,0.3921216,0.07969898,0,0,0.3967068,0,0.300727,0,0,0,0,0,0,0,0,0.1803502,0,0.07680321,0,0,0.1343297,0,0,0,0,0.2584418,0,0.2332095,0,0.2643444,0,0,0,0,0.3461702,0,0.05283463,0.2049565,0,0,0,0.3500741,0.1255924,0,0.06715257,0.3434893,0,0,0,0,0.0373319,0,0.1604242,0.1224721,0,0,0.1198572,0,0.4305153,0,0,0.3389285,0,0,0,0,0,0,0,0.07489973,0,0,0,0.1264382,0.438372,0,0,0,0.2492454,0,0,0,0,0,0,0.2419757,0.1101995,0,0.09005231,0,0.1533786,0.2648689,0,0,0,0.3459483,0,0,0.1475039,0,0,0,0,0.1174928,0,0.507881,0,0,0,0,0,0.2298608,0,0,0,0,0,0,0.2717059,0,0,0,0,0.3147249,0.1451107,0.06864904,0,0,0,0,0,0.3153663,0,0,0,0,0.2798416,0,0,0,0.04571802,0.09687728,0.052733,0.02523224,0,0,0,0,0,0.1945671,0,0.08572682,0.2738692,0.06109961,0.1942352,0,0,0,0,0,0,0,0,0.02147228,0,0,0.09171531,0.009933928,0,0,0,0,0,0,0,0.08042142,0.06001104,0.3959562,0.1011882,0.225629,0,0,0.3013289,0,0,0,0,0,0,0,0,0,0,0,0,0,0,0,0,0,0,0,0,0.02288805,0.3146661,0.3355071,0,0,0,0.01109664,0.4511331,0,0,0,0,0,0,0,0,0,0,0.2635034,0,0,0,0,0.2419176,0.1759475,0,0.586921,0.04355098,0,0,0,0,0,0,0,0,0,0,0,0,0.175761,0.002609264,0,0,0.1349317,0,0,0,0,0,0,0,0,0,0,0,0,0,0,0.1171038,0,0,0,0,0,0.2366977,0,0,0,0,0,0.3216408,0.07784218,0,0,0,0,0,0,0,0,0,0,0,0,0.05426404,0,0,0,0,0.3285116,0.2581407,0,0,0,0,0,0,0,0,0,0,0,0,0.19721,0.2915686,0,0.3444205,0.06581087,0,0,0.06117146,0,0,0.1264749,0,0.1944005,0.3813674,0.2035029,0,0,0,0.3792086,0.1701852,0,0,0.04762584,0,0,0,0,0,0,0,0,0,0.04587341,0.2416936,0.0881085,0.0496948,0.05951459,0,0.02320074,0,2.51635,0,0,0,0,0,0,0.1324929,0.01718614,0,0.1160073,0,0,0,0,0,0,0,0,0.4965259,0,0,0,0,0,0,0,0,0,0,0,0,0,0,0,0,2.671411,0,2.705507,0,3.857177,0,5.549031,2.804615,0,7.07278,0,1.533671,0,0,0,1.158302,0,1.641359,0.02958622,0,0.100622,0,0.6042809,0,0,0,0.00936247,0,0,0,0.2868923,0,0,0.08863506,0,0,0,0,0,0,0,0,0,0.1379031,0,0,0,0,0,0,0.07530989,0,0,0,0.2419167,0,0,0,0,0,0,0,0,0,0,0,0,0.02626428,0,0,0,0.1563222,0,0.100097,0.05903035,0.1902964,0,0,0,0,0,0.3204171,0,0,0,0.09463025,0,0,0,0.2444688,0.01434435,
0.03965996,0.1820206,0.7034424,0,0,0.3216743,0.06780954,0.2082525,0,0.4229943,0.3089017,0.3191918,0,0.02187368,0,0,0.112313,0,0,0,0,0,0,0.225859,0.1759017,0.07117931,0,0.4578928,0.2578222,0,0.05888214,0,0.043636,0,0,0.1874703,0,0.02382042,0,0,0,0,0,0,0.006347957,0,0.3222564,0,0.3670464,0.3918432,0.1370377,0,0.07433504,0.2240251,0,0,0.4924634,0,0,0,0,0,0,0,0,0,0,0.4512667,0.3364596,0.066939,0,0,0.09629193,0.1073288,0.2411654,0.1003979,0.09632818,0,0.0006687386,0,0,0.1980799,0,0.4514271,0.2737495,0.0329641,0,0,0,0,0,0,0.2660367,0,0,0.5940352,0.4796546,0,0.04608002,0,0,0.1871423,0.1902638,0,0.4019395,0,0.3067126,0.1145533,0,0.1933943,0,0,0.3371337,0,0.1514563,0.04586853,0,0,0.2042809,0,0,0.03401388,0,0.1072805,0,0.1722948,0,0,0.1786771,0.2510869,0,0.2855912,0.09142175,0.5659038,0.271391,0,0,0,0.3011052,0.003427376,0,0.1597426,0,0,0.2613098,0,0,0,0,0,0.02181011,0.07896972,0.1741273,0.2416403,0,0.1543046,0.09678598,0,0.1412296,0,0,0.4738079,0,0,0,0,0,0.03190944,0,0,0,0.1688254,0,0,0.4850922,0,0.1085411,0,0.4541652,0,0,0.5647146,0.3618501,0.2605568,0,0.08805495,0,0,0,0.1706106,0,0,0.0984187,0,0.3318771,0,0,0,0,0,0.6803904,0,0,0.4084366,0,0,0,0,0.1871993,0,0,0,0,0,0,0,0,0,0,0,0,0,0,0,0,0,0,0,0,0,0,0,0.2396475,0,0.240619,0,0.3162258,0,0.4175938,0,0,0.2643774,0,0,0,0,0,0,0.0007010154,0.009664885,0,0,0.1186386,0,0,0.5774199,0,0.1582956,0,0,0.09591189,0,0,0,0.002553995,0,0,0,0,0,0,0,0,0,0.06457227,0,0,0,0,0,0,0,0,0,0,0,0,0,0,0,0,0,0,0,0.7250494,0,0,0,0.3920643,0,0,0,0,0,0,0,0,0,0,0,0,0,0,0.03402957,0,0.0333354,0,0,0,0,0,0,0.1600203,0,0,0.1073533,0,0,0,0.1329004,0,0,0,0,0,0,0,0.03751394,0,0,0,0,0.05365193,0,0,0.1790263,0,0.1234775,0,0,0,0,0,0,0,0,0.1405081,0.4392295,0.2738828,0,0.2780071,0,0,0,0,0.1319516,0,0,0,0,0,2.404399,0.4852621,0.9373152,0.9353567,0,0,0,0.595432,0.09244008,0.0640962,0,0,0.1531188,0.4908249,0,0.01936571,0,0,0.006478293,0,0.4651492,0,0.400418,0.1619177,0,0,0,0,0,0,0,0.1759797,0,0,0,0.4372334,0.7884262,0,6.439837,0,1.933717,2.955592,0,6.303991,1.690374,0,8.542923,1.26228,4.349165,0,0.4652693,3.155069,10.89341,3.500101,1.718711,0,0.2885516,0,0.05370383,0,0,0.3461016,0.3516757,0,0,0,0,0.1959967,0,0,0,0,0,0,0,0,0,0,0,0,0,0,0,0,0,0,0,0,0,0,0,0,0,0,0,0,0,0,0,0,0,0,0,0,0,0,0,0,0,0,0,0,0,0,0,0.2070662,0.1738289,0,0,0.2369121,0,0,0,0,0,0,0,0.2258845,0,
0.2102317,0,0,0,0,0,0,0,0.03668795,0.09513795,0,0.3244596,0,0.2767405,0,0.229656,0,0,0,0.135948,0,0,0,0,0.09795823,0,0,0.2166921,0.0464999,0.2135997,0,0,0.148694,0.1096173,0,0.3006878,0.009398195,0,0.1068935,0.0963493,0.1565269,0.08889218,0,0.1635693,0,0.2814039,0.3802895,0,0,0,0,0,0.2308042,0.3382911,0.1489821,0,0.2895698,0,0,0,0,0,0,0.4017009,0,0.1310267,0,0.177836,0,0,0,0,0.282259,0,0.005262032,0.1068699,0,0.02510649,0.3008691,0,0,0,0,0.04740897,0,0,0,0.1687819,0,0.2219002,0,0.2343148,0.1585593,0,0,0.1008953,0,0,0,0.1046339,0,0,0.5805033,0.2024621,0.350978,0,0,0,0.4040159,0.2714226,0,0.3691989,0.1627922,0.02539031,0.4874678,0,0,0,0,0,0,0,0.4164063,0,0,0.1734101,0.19433,0,0,0,0.06030152,0,0.2474489,0.05717951,0,0,0,0.1168757,0,0,0,0,0,0.2927335,0,0.1142086,0.07015483,0,0.167141,0,0.182951,0,0,0,0,0,0,0.4009062,0,0,0.4441694,0,0,0,0,0.08030583,0.5362126,0.1212977,0,0,0,0.2885912,0.1824015,0.2506893,0,0.05871707,0.3569128,0.2615549,0,0,0,0.0493756,0.06921579,0,0.08566425,0.1327967,0,0,0,0,0,0,0.516224,0.2792157,0.1079936,0,0.04495646,0,0.651422,0,0.5413113,0,0,0.3825581,0.1867433,0,0,0.2209154,0.2820824,0,0.03020021,0,0,0,0,0,0.01588985,0,0,0.1379384,0,0,0,0.2574546,0,0,0,0,0,0,0,0,0.2364984,0.01238705,0.2098247,0.09068757,0,0,0.4758308,0,0,0,0.1287981,0,0,0.2549596,0.2332253,0,0.1900571,0.3794731,0,0.2319944,0,0.4075731,0.4746176,0,0,0,0,0,0,0,0,0,0,0,0,0,0,0,0,0,0.3293448,0,0,0,0,0,0,0,0,0,0,0,0,0.02483501,0,0,0,0.4621314,0,0,0,0.07867818,0,0,0,0,0,0,0,0,0.002696893,0,0.004829342,0,0.4931635,0.1121766,0.09727082,0,0,0,0,0.03816622,0,0.01879165,0.3613605,0.1520635,0,0,0,0,0.07624625,0,0.04705264,0,0.09497572,0,0.08764043,0,0,0,0,0.003794714,0.3010045,0.1301779,0.1770634,0,0,0.2274488,0.1844696,0,0,0,0.2035585,0,0,0,0.07097854,0,0,0,0,0.06818371,0,0,0.09707174,0.1170282,0.5174104,0.398169,0,0,0.02791491,0.02706522,0.2400636,0,0,0,0,0,1.174166,0.1767541,0,0.5896394,0,0,0.3155345,0,0.2522304,0.1949121,0.3369705,0.4160067,0.5256283,0,0,0,0,0.6246551,0,0,0.1121952,0,0,0.2120659,0,0.2444772,0,0,0,0,0,0,0,0,0,0,0,1.82933,0,0,4.02445,0,4.029572,0,0,0,4.627612,0,3.794627,0,0,9.562042,0,0,0.9409989,0,2.04826,0,0.241734,0,0,0,0.1074241,0.3434763,0.00586551,0,0,0,0.02274185,0,0,0,0,0,0,0,0,0,0,0,0,0,0,0,0,0,0,0,0,0,0,0,0,0,0,0,0,0,0,0,0,0,0,0,0,0,0,0.0731357,0,0,0,0.3886684,0.2460216,0.05392815,0,0,0.1136152,0.0948415,0,0.08264843,0.3859382,0.1139531,0.07540128,0,0,0.01189653,0,0.2287391,0.02603859,0,
0,0,0,0,0,0,0,0,0.1961206,0.01201271,0,0.05531323,0,0.2896503,0.2574522,0,0,0.2684185,0,0,0,0,0.07936352,0.004200031,0,0,0,0,0,0.07080156,0.1929759,0,0,0,0.1021447,0,0,0,0,0,0,0.2385798,0,0,0.1132942,0,0,0.1870159,0,0.2208608,0,0,0.0704427,0.1103664,0.3265451,0,0,0.2466648,0,0.2125232,0,0.1047456,0.05522877,0.2255571,0.07054532,0.2424161,0,0,0,0.7228041,0,0.1430646,0,0.02581588,0,0,0,0.7239371,0,0,0,0,0.3606569,0,0.0415483,0.2929059,0,0.1569799,0.01039449,0,0,0,0.1939968,0.1424374,0,0.07560745,0.1234535,0,0,0.2344374,0.08088525,0,0.335123,0,0.02361308,0.07106742,0,0.02477306,0.09851329,0,0,0,0,0,0,0,0,0,0,0.08086149,0,0,0,0,0.151534,0,0,0,0.001438978,0,0,0,0,0,0.2246482,0.1093384,0.07494152,0.1564136,0.4216638,0.452142,0.1602584,0.06512472,0.4715828,0,0,0,0.1088389,0.1407206,0,0.04361508,0,0,0,0,0,0,0,0.03921025,0,0,0,0,0,0,0.1091006,0.1497963,0,0,0,0,0.1941159,0,0.01834892,0,0,0,0.2934357,0,0.2774712,0.492567,0.2262088,0,0,0.11841,0.0188739,0,0,0,0,0,0.2427594,0,0,0.2626328,0.1636445,0,0.09536358,0,0.2468562,0.2518106,0.1030699,0.3947168,0,0.2655994,0,0,0,0,0,0,0,0,0,0,0,0,0,0,0,0,0,0,0.1555331,0,0,0,0,0,0.3391295,0,0.3539725,0,0.4102769,0,0,0.4772416,0.127257,0,0,0.2085668,0.107841,0,0,0.2569455,0.1403992,0.2725492,0,0.1764109,0.004960634,0.04242186,0,0.0849456,0,0.5592141,0,0,0,0,0,0,0,0,0,0.06823328,0,0,0,0,0,0,0,0,0,0,0,0,0,0,0,0,0,0,0,0,0,0,0,0,0,0.02372361,0.04650302,0,0,0.1560155,0,0,0.2506317,0.01978342,0,0.2250793,0,0.1380408,0.03629855,0.05513565,0,0,0,0,0,0,0.2677904,0,0.1205404,0.2371889,0.117873,0,0,0.2079406,0,0,0,0,0,0,0,0,0,0,0.08544576,0.2100341,0,0,0,0,0,0.03296428,0.2983204,0,0.124797,0.1597321,0.4501943,0,0.06629828,0.421828,0,0,0,0,0.03918656,0,0.4995452,0,0.09121467,0,0,0.2492062,0,0.03404234,0,0.07008573,0,0,0,0.03079817,0,0.1137723,0.1246097,0,0.1790968,0,0,0,0.007676161,0.112883,0.3122233,0,0,0,0.1532826,0.1948169,0,0.008809183,0.1693165,0.2477676,0,0,0,0,0,0.06101914,0.02180047,0.1994386,0.1233538,0,0,0.156345,0,0,0,0.4824113,0.1332075,0,0,0.09940177,0.7759468,0,0.2980699,0,5.667132,0,0,6.54419,0,0,2.588669,6.293326,2.257375,0,1.615004,3.68102,1.55228,6.59292,0,1.452619,1.024321,5.081516,0.3119406,0.6778755,0.3730987,0,0.2144282,0,0,0,0.2129668,0,0.1387762,0,0,0,0,0,0,0,0,0.1762594,0,0,0,0,0,0,0,0,0,0,0,0,0,0,0,0,0,0,0,0,0,0,0,0,0,0,0,0,0,0,0,0,0.4438645,0.08079359,0.152635,0,0.01569888,0.2677426,0,0.398309,0.1619264,0,0,0,0,0.2521823,0.02718997,0.1034553,0,0.115071,0.5073597,0.01926752,0.05552166,0,
0,0,0.3840467,0.0549009,0,0,0,0,0,0,0.04737818,0,0,0,0,0.1631517,0.231701,0,0,0.2148743,0,0,0.1940548,0.4675095,0.3563828,0.2941198,0.3073139,0.0571513,0,0,0.2256509,0,0,0,0,0.2099877,0.3424504,0.08183499,0,0,0,0.3912783,0.1119162,0,0.07338556,0,0.1059023,0.03954177,0.1178096,0,0.1117436,0.04533295,0.4014452,0,0,0,0.2610911,0.09196997,0.1038021,0.01773101,0,0.3130004,0,0,0.109051,0.4482602,0.1054268,0.5380366,0,0.2972495,0,0.09411731,0.3647056,0,0,0,0,0,0,0,0,0.2370298,0.01079326,0,0.08628565,0,0.1544364,0.005668135,0.2859328,0.2741001,0,0.2663222,0,0,0,0,0,0,0,0.001874079,0.3069472,0,0,0,0,0.112858,0,0,0,0,0,0,0.511283,0.1953295,0,0.07104696,0,0,0,0,0,0,0.1748463,0,0,0,0,0.2796416,0,0.4700058,0.2049045,0.2256462,0.4159421,0.1506474,0,0.2937389,0.0007047067,0.3233405,0,0,0.0795718,0.001238782,0,0,0.22482,0.1771286,0,0.2104763,0.01626428,0,0.08335024,0,0.03113493,0,0.4472447,0,0,0,0.4584408,0.356553,0.2304377,0.2081001,0,0.3355097,0,0,0,0,0,0.1458502,0,0.1564115,0,0,0,0.2507994,0,0,0,0,0.08425976,0.2903201,0.2095097,0.5793002,0,0.3326693,0,0,0,0.1521386,0.2855197,0.5760915,0,0,0.04909283,0.2067798,0,0.7464555,0,0,0.1221396,0.1632471,0.2017223,0,0,0,0,0,0,0.02831764,0.4515764,0.01158327,0,0,0,0,0.007461952,0,0.003573464,0,0.1158949,0,0,0,0,0,0,0,0,0,0.2839743,0,0.001156927,0.08482001,0,0,0,0.158531,0.1906542,0,0.6087959,0,0,0.3091588,0,0.2846659,0,0,0.1888563,0.7204475,0,0.2830819,0,0,0,0,0,0,0,0,0,0,0,0,0,0,0,0,0,0.2492451,0,0,0,0,0,0,0,0,0,0,0,0,0,0.06245452,0,0,0.2904696,0,0,0,0,0.00370784,0,0,0,0,0.4715092,0,0.008622035,0,0.5416455,0,0.2096358,0,0,0,0,0,0,0,0,0.372722,0.105702,0,0.2864767,0,0,0,0.4590762,0,0,0,0,0,0,0,0,0,0,0,0,0.1540227,0.1923832,0.511434,0,0,0,0,0,0.1210779,0,0,0,0.006677618,0.1124923,0.07177542,0,0.1132389,0.2162466,0.04561482,0,0.4328193,0,0,0.09228024,0.139547,0,0,0,0.5123341,0.1470057,0.09751497,0,0,0,0.07336646,0.4849155,0,0.07448735,0,0,0,0.1309393,0.0357269,0.00713253,0,0.1913607,0.2513236,0.2009019,0.00932782,0,0.6146019,0,0.1776547,0,0,0,0,0.09360542,0,0,0.1316973,0,0.56959,0,0,0,0,0,0,0,0.2453915,0,0,0,0,2.424602,0,0,0,0,0.09111848,1.731853,4.049373,3.211135,0,0,5.785721,3.040195,0,5.034602,0,3.012048,0,8.437293,0,0.4260169,2.020955,0.7722057,0,0,0,0,0,0,0.08506101,0,0,0,0,0,0,0,0,0,0,0,0,0,0,0,0,0,0,0,0,0,0,0,0,0.3374347,0,0,0,0,0,0,0,0,0,0,0,0,0,0,0,0,0,0,0.07679136,0,0.113675,0,0.2170326,0,0.1465527,0,0,0,0,0.1211426,0,0.06105806,0,0,0,0.2009286,0,0,0,
0,0,0.174194,0.09037087,0,0.3812957,0,0.07319875,0,0.3658213,0,0,0.1832331,0,0,0.1645248,0,0.1103814,0.06586964,0.4347229,0.1849266,0,0,0.4217696,0.08067153,0.03517885,0,0,0,0,0,0.4581805,0.2943431,0.1457239,0.04586865,0.1147287,0.024018,0,0,0.2577853,0.0514624,0,0.09306461,0,0,0,0.1558978,0.335262,0.05251795,0,0,0.07883745,0,0,0.1073548,0,0,0,0.2988937,0.3187335,0.02647477,0.004534249,0,0.1512423,0,0,0.006789569,0,0.3764456,0.1282098,0,0,0.03416517,0.5292639,0,0.3693578,0,0.1989384,0.03738273,0,0.1947632,0.08614942,0.1210557,0.08425904,0.09945577,0,0,0,0,0.125279,0,0,0,0,0.116555,0.1774431,0.2340797,0.1217251,0,0,0,0.2746547,0,0.004464963,0,0.1062388,0,0,0.2360469,0.4196959,0.2782775,0,0,0.125356,0,0,0,0,0.2124155,0,0,0.1156813,0.3394747,0.083263,0,0,0,0.1952318,0,0,0.1787474,0.2164205,0,0,0,0,0,0.3823805,0.07031522,0,0,0.5924692,0.5805629,0.2257101,0.0312118,0.1337832,0,0.1445231,0,0,0,0,0,0,0.3257837,0,0.4409716,0.1117617,0.3573748,0.6497372,0,0.1845065,0,0.329347,0,0,0,0.2545064,0,0,0,0.5991029,0,0,0.2603144,0,0,0.09914243,0,0.5054134,0.09054219,0,0.2167202,0,0,0,0,0,0,0,0,0,0.05803159,0,0.09020846,0,0,0.2068733,0,0,0.5610615,0,0,0,0,0,0,0,0.1424026,0,0,0,0,0,0,0,0,0,0,0,0,0,0,0,0,0,0,0,0,0,0.210446,0,0,0.3180335,0.1623781,0,0,1.057531,0.9475434,0,0.1679936,0,0,0,0,0,0.3542526,0,0.105395,0,0,0,0,0,0.0997532,0,0,0,0.3254291,0,0,0,0,0,0.203581,0.1093544,0,0,0,0,0,0,0,0,0,0,0,0,0,0,0,0,0,0,0,0,0,0,0,0,0,0,0,0,0,0,0,0,0,0,0,0,0.477616,0,0,0,0.01009264,0,0,0,0,0.3544279,0.1083914,0,0,0,0.4233858,0,0,0,0.08506641,0,0,0,0,0.006483524,0.3103417,0,0,0,0,0.1223124,0.01456203,0.5591334,0,0,0.1725076,0,0.2784154,0,0.229801,0,0.4627638,0,0,0.1794399,0,0,0,0,0.2108091,0,0.5588935,0.01839078,0,0.2721225,0,0,0,0,0.4707827,0.5386066,0,0,0,0,0,0,0,0,0,0.03154618,0,0.3590352,0.05872123,0,0,0,0,0,0,0,0,0,1.303427,0,0,0,0,0,0,0,0,0,0,0,0,0,0,0,0,0,0,0.2173347,0,0,7.060395,10.66429,8.485389,0,0.6032029,0,0,0,0,3.06452,0,0,4.069293,0,3.72022,0,0,1.508947,4.945158,3.005859,0,0.0159556,0,0.1209255,0,0,0.01616031,0,0,0,0,0,0,0,0,0,0,0,0,0,0,0,0,0,0,0,0,0,0,0,0,0,0,0,0,0,0,0,0,0,0,0,0,0,0,0,0,0,0,0,0.5745565,0.05785274,0,0,0.05096537,0.2000148,0.1119846,0,0,0.06150073,0,0,0,0,0.2385206,0,0,0.3007642,0.06904878,0,0,0.2630712,0.1557033,0,
0.4016249,0.4725566,0.1885844,0,0,0.002928519,0.4080049,0.1497295,0.02245072,0.3582212,0.2697632,0,0,0,0.04249965,0.07864373,0.004667595,0,0.01788802,0,0.4619579,0,0,0,0,0,0,0,0.2774949,0.3054688,0,0.2420823,0,0,0,0.0695179,0,0,0,0,0.0229441,0.2059703,0,0,0,0.009013739,0,0,0,0.4921191,0,0.1280332,0,0,0.3779784,0,0,0.3169249,0,0,0,0,0.09600519,0,0.01988584,0.02676,0,0.36238,0,0.3301809,0,0.01263194,0,0,0,0.2368726,0,0,0.03948086,0.3030419,0.07892082,0.05814655,0,0.1404972,0.06462153,0,0.2784632,0,0,0.3658793,0.05342418,0,0,0.5303929,0,0,0,0,0.3872772,0.04938558,0,0,0.1047789,0.4925964,0,0,0.004167995,0,0,0,0.1417231,0,0,0,0,0,0,0,0.3707045,0.01899514,0,0,0,0,0,0,0,0.2693607,0,0,0,0.5243251,0,0,0.2736589,0,0.1310481,0,0.3339425,0,0.03419365,0.1648266,0,0.2507059,0,0.09207748,0,0,0,0,0,0,0.2595501,0.05024475,0.01607418,0,0,0.2543072,0.3874779,0,0,0.2860962,0,0,0.1443621,0,0.06334,0,0,0,0,0,0.1037216,0,0,0.07405908,0,0,0,0.01318095,0,0,0.171359,0,0,0,0,0,0.0237174,0.1645556,0.01145452,0,0,0,0,0,0.1311236,0,0,0,0.1833138,0,0,0,0,0.115085,0,0.02709316,0,0,0,0,0,0,0,0,0,0,0,0,0,0,0,0,0,0,0.3846791,0,0,0,0,0,0,0.06284567,0,0,0,0,0.1989227,0.1236191,0.08789262,0,0,0,0,0,0.1594615,0,0,0,0,0,0,0,0,0,0,0,0.0717472,0.1159868,0,0,0,0,0,0,0,0,0,0,0,0,0,0,0,0,0,0.2639188,0,0,0,0.03919312,0,0,0,0,0,0,0.2453222,0.1312463,0.4609634,0,0.2011747,0,0,0,0,0.03119795,0,0.1033833,0.5695856,0,0.1207629,0,0,1.006784,0.5289224,0.6196814,0.1555583,0,0,0,0,0,0,0.4137863,0,0.08331447,0,0,0,0,0.1345828,0,0,0,0.0356365,0,0,0,0.5087771,0.2317436,0,0,0,0,0.2215947,0.1172626,0,0,0,0.2509716,0.2662566,0,0,0.2530764,0.1346298,0.241412,0,0,0,0,0,0.08612546,0.01661736,0.00157244,0,0,0,0,0,0,0,0,0,0,0,0.04777167,0,0,0,0,0,0.1117398,0,0,0,0,0,0.0004045182,0,0,0,0,0,0,0.003529981,0,0,0,0,0.1328983,0,0.2240272,0,0,0,0,0,0,0,0,0,0.3178271,0.1797936,2.250165,0,0,3.81687,0.5095137,0,0,0,0.1212995,0,0,0,0,0.2197325,1.511182,0,2.964924,0,0,0,0,6.613897,0,0.1791621,0.0585234,0,0,0.2345897,0.05065457,0.05163646,0,0,0.4858028,0,0,0,0,0,0,0,0,0,0,0.186514,0,0,0,0,0,0,0,0,0,0,0.2385444,0,0,0,0,0,0,0,0,0,0,0,0,0,0,0,0,0.1358053,0,0,0,0.1130152,0.1215271,0,0.09907824,0.1186199,0,0.08855743,0.04207668,0.01028623,0.180336,0,0,0,0.4294987,0.1923346,0.2155448,0,0,0.3475615,0.01434517,
0.2503569,0.4448134,0,0,0,0,0.313894,0.4477367,0.1595501,0,0,0.4778807,0,0,0.2051969,0,0.6347775,0,0,0,0.5575466,0,0,0.137693,0.1307602,0.2724168,0,0.1807362,0.04040868,0.05964045,0,0,0,0.03252215,0,0,0,0,0,0.1549325,0,0.126179,0,0.3515153,0,0,0.4036099,0.09849343,0,0.02425035,0,0,0,0,0.1163289,0,0,0,0.06331341,0,0.03102784,0.04895161,0.08087634,0.01228311,0,0,0.2325351,0,0,0,0.04445585,0,0,0.308673,0.2545816,0,0.1831368,0,0,0,0,0.211309,0,0,0,0,0,0,0,0.05039057,0,0.01114904,0.1551327,0.1285513,0.1114971,0,0,0,0,0,0,0,0.2116178,0.07136561,0.3987222,0,0.2598428,0,0,0,0.03663016,0.5281715,0.218312,0.09870546,0.4472853,0,0.9802309,0,0,0,0,0.2145669,0,0,0,0.6075426,0,0.08792302,0,0.0004404726,0,0.1891891,0,0.08272102,0.2001332,0.1098272,0,0,0.2116112,0.3484499,0,0.08659668,0,0.05089675,0.05868435,0,0,0,0,0,0.1317578,0,0,0.08172879,0,0.3370966,0.03206171,0.04132773,0,0.2441179,0,0.1303448,0,0.2193466,0,0,0,0,0.04671495,0,0,0,0,0.1439238,0,0,0,0.1627853,0.09388269,0,0.2779863,0.07710168,0.41581,0.1182073,0,0,0,0,0,0.04709315,0,0,0,0,0,0,0,0.5248667,0,0,0,0,0,0,0.7647603,0,0,0,0,0.1315827,0.3264776,0,0,0,0,0,0,0,0,0,0,0,0,0,0,0.1789463,0,0,0,0,0.02341342,0,0.3278698,0.1305596,0,0,0,0,0,0.8479445,0.1928715,0,0,0,0,0,0.1134804,0.09645831,0,0,0,0.04031285,0,0,0.490501,0,0.2607101,0,0.00262011,0,0.3534867,0,0,0,0,0,0,0,0,0,0,0,0,0,0,0,0,0,0,0,0,0,0,0,0,0,0,0,0.02205227,0.2397647,0.1152359,0,0,0,0,0,0,0,0,0,0,0.004755156,0,1.214484,0,0,0.3312217,0.3987843,0.19195,0.07394402,0,0.02260185,0.1804853,0.02591527,0,0.1156148,0,0,0.03214804,0,0.5342623,0,0,0,0,0,0.4380218,0,0.247342,0,0.1302001,0,0,0,0.1175152,0.1456139,0.01939755,0,0.06585354,0,0,0,0,0,0,0,0,0.2126789,0.02133893,0,0.05033453,0,0,0,0,0,0,0.2099712,0.2881112,0.01186155,0.2313081,0,0,0,0.01216588,0,0,0.03191986,0,0.3003961,0,0,0,0.2723864,0.5242499,0,0,0.3076705,0,0.1141031,0.4592557,0,0,0.4841079,1.045968,0.0008768193,0.007020683,0,0,0,0,0,0.7578355,0,0,0,0.03040097,0,0,0,0,0,0,0,0,0,1.535295,0,2.343823,3.099924,0,0,4.86764,0,0,0,2.558107,0,0,0.3010233,6.548276,0,2.690584,0,1.582942,0,2.742246,1.753422,0.6685963,0,0,0,0,0,0,0,0.08312134,0,0,0,0,0,0,0,0,0,0,0,0,0,0,0,0,0,0,0,0,0,0,0,0,0,0,0,0,0,0,0,0,0,0,0,0,0,0,0,0,0.3369255,0.1176223,0,0,0,0.3214905,0,0,0.3715127,0.01080643,0,0.07909646,0,0.1552831,0.02752476,0.003902863,0.5358299,0.06106836,0.1143783,0,0.01072131,0.09256915,0,
0,0,0,0.2070068,0,0,0,0,0,0.04101347,0.05609359,0.05954993,0,0,0.491878,0,0.3312755,0,0.07319762,0.3647832,0,0.09599607,0,0.01247223,0.1044856,0.377552,0,0.1704341,0,0,0,0,0,0.4649734,0,0.2180737,0,0,0,0,0,0,0.1033133,0.2147577,0,0.04987344,0.2491962,0,0.4748536,0,0,0,0.1281676,0,0,0.1267149,0,0.002425123,0,0.1984804,0,0.2845322,0,0,0.05794805,0.1805578,0.3009217,0.4262407,0.1114037,0,0,0.3477138,0.03922036,0.2424103,0.1705717,0,0.04219048,0,0,0,0.002704091,0.1084752,0,0,0.2709141,0,0.3660244,0,0,0,0.1904951,0.1299681,0.00636823,0.2362213,0,0,0.3233076,0,0.3587078,0.05123524,0,0.1990249,0,0,0,0.1902076,0,0.3481398,0.112483,0,0.155169,1.047809,0,0.4471724,0.4712671,0,0,0.06456797,0.3428629,0.002265979,0,0,0,0,0.120668,0.1445307,0.05559323,0.2806257,0,0.05381817,0.1401982,0.2567709,0.2603008,0.00599998,0,0.1775385,0,0.187914,0,0,0,0.4240391,0,0,0.2010106,0,0.05721038,0,0.07868682,0,0,0.08942125,0.3733456,0.08769098,0.04169804,0,0,0.04952117,0,0,0.5629217,0.07079737,0.1265637,0,0,0.07895021,0.06904905,0.1011166,0,0.1042288,0,0.04703651,0.4594592,0,0.323817,0,0.2216861,0,0,0,0.1441337,0,0,0,0,0,0,0,0,0.06147555,0,0.04546083,0.1340482,0.2224601,0,0,0.1249106,0.2267292,0,0,0.4194957,0.2935829,0,0,0,0,0,0,0,0,0.1408937,0,0,0,0,0,0,0,0,0.05309864,0,0,0,0.05530199,0.1018116,0,0.4107203,0,0,0.4500521,0,0,0,0,0,0.0458479,0,0,0,0.2167719,0,0.05747395,0.1261409,0,0,0,0.3220388,0,0,0,0,0,0,0,0,0,0,0,0,0,0,0,0.1182375,0,0,0,0,0,0,0,0,0.08378674,0.1771073,0.008695683,0,0,0,0,0,0,0,0,0,0,0,0,0,0,0.1336459,0,1.339155,0,0,0.01756383,0.003479931,0,0.3250168,0.1791275,0.2298389,0.1765123,0,0.3203614,1.810257,2.74406,2.074915,0,0,0,0,0.1742118,0,0,0.01064837,0.3079959,0,0.01406924,0.1417413,0.133177,0.137447,0.05234726,0,0,0.1615455,0,0.5860874,0,0.1319457,0,0,0.2388168,0,0.1407059,0,0,0.138979,0,0.2141028,0.1333675,0.01341239,0.120505,0.03022046,0.1216364,0,0.1603259,0.2458574,0.07480749,0,0,0.01034099,0,0,0.1825913,0,0,0.2172137,0,0.2440653,0.3828486,0.1508691,0,0,0.09672816,0,0,0,0.03459135,0,0,0,0,0,0,0.4322555,0.1280639,0,0,0,0,0,0.108711,0,0.3197473,0,0.2979048,0,0,0.2003845,0,0,0,0,0.1935899,0.02347882,0,0,0,0,0,0,0,0,0,0,0.03418959,0,0,0,0,0,2.386493,0,0,0,0,0,0,0,1.640125,0,0,1.588511,8.610489,0,1.959395,7.507853,0,0,3.418823,1.129144,0,0,0,0,0,0,0.04049802,0,0.3645761,0,0,0,0,0,0,0,0,0,0,0,0,0,0,0,0,0,0,0,0,0,0,0,0,0,0,0,0,0,0,0,0,0,0,0,0.01510708,0,0,0,0.3330747,0,0.1049456,0,0.05453653,0,0.0240221,0,0,0.4037259,0,0,0.1592354,0,0.08290371,0,0,0,0,0,0,0.1582369,0,
0.01167887,0,0.4606157,0.1073264,0.2574783,0,0,0.1814978,0,0,0,0,0,0,0.1739413,0.005711704,0,0,0.06765519,0.5769162,0.08333962,0.03165147,0,0,0.02232426,0.3025045,0.1333453,0.2510138,0,0.01463802,0.007523494,0.04964326,0,0.2393305,0,0,0,0,0,0,0,0,0.2721221,0.1125556,0,0,0.2534059,0.1970383,0,0,0.03433699,0,0.12685,0,0,0,0,0.3187656,0,0,0.0949217,0,0,0,0.4405062,0,0,0,0.02676361,0,0,0.2123228,0.1217768,0,0,0.3153074,0.0407924,0,0,0,0,0,0.1999579,0.3529023,0,0,0,0.4222197,0.02256717,0.03201144,0,0,0.2574857,0,0,0.4122265,0.6139212,0.06985199,0.3891836,0,0.09197,0.04503654,0,0,0,0,0,0.1600561,0,0.1706018,0.0634147,0,0,0.2853819,0,0.2154772,0,0.03665241,0.1712779,0,0.08173931,0.1466279,0.6227352,0.1515667,0.271664,0,0,0.2788647,0,0.5092024,0.0001232877,0.3029142,0.2194305,0,0.04982353,0.3027232,0,0.2067989,0.04078779,0,0.353564,0,0,0,0,0,0,0,0.1250238,0.4950587,0.4358277,0.1463515,0,0.4883509,0,0.4265427,0,0,0,0,0,0.01456414,0,0,0,0.2926599,0.3143986,0.07429198,0,0.144845,0.08005496,0,0,0.09055848,0,0,0.01453126,0.3770629,0,0,0.05108256,0,0,0,0,0,0,0,0,0.1089602,0,0.01749715,0.05035287,0,0.180274,0.1141728,0.1238219,0.136096,0,0,0,0.05399507,0.247789,0.6078033,0.05358816,0.02870017,0,0,0.3952578,0.09438256,0,0,0,0,0,0,0,0,0,0.2612407,0.07602139,0.02954457,0,0,0,0,0.1713648,0,0,0,0,0,0.3020419,0,0,0.4589924,0,0,0.1394439,0.2623538,0.003308797,0,0.1551673,0,0,1.028865,0,0.2171735,0,0.3113775,0.4394715,0,0,0,0,0,0,0,0,0,0,0,0,0,0,0,0,0,0,0,0,0,0.1441688,0,0,0,0,0,0,0,0.3542563,0,0,0,0,0.1289929,0,0.03123268,0.1640753,0,0.9101592,0.06944712,0,0,0.07292771,0,0,0.1585754,0,0.1414224,0,0.6442928,2.448628,2.565048,2.347591,0,0,0,0.1501008,0.02484541,0,0,0.1250319,0,0,0.08117943,0,0,0.09796178,0.01826724,0,0,0,0,0,0.129344,0,0,0,0.09301886,0.215393,0.3441572,0,0.1989553,0,0,0,0.0295882,0.1596825,0.1871937,0.3170332,0.3683205,0.007753106,0,0.0077951,0,0,0,0,0,0.066631,0,0.2907296,0,0.1295131,0,0.3240058,0,0,0,0,0.07884466,0,0,0,0.2436077,0,0,0,0,0,0,0.4240957,0.291694,0,0.05196673,0,0.2384568,0.2639194,0.6588728,0,0.0007924247,0,0,0.6476431,0,0,0,0,0.03384945,0,0,0.2837223,0,0,0,0.12954,0,0,0,0,0,0,0,0,0.0006014071,0,0,0.7080953,0,0,2.817213,0.7199894,6.174692,1.174227,1.409257,2.170947,0,0,8.950781,6.264798,4.437049,0,0,4.999138,0,0,4.416497,3.833506,1.358487,0.1300835,3.881189,0,0.0002674391,0.3798661,0,0,0,0,0,0,0,0,0,0,0,0.5878267,0,0,0,0,0,0,0,0,0,0,0,0,0,0,0,0,0,0,0,0,0,0.007399843,0,0.1261209,0,0,0,0,0,0,0.1727814,0,0,0,0,0.2775629,0.6237527,0,0,0.1914724,0.08198357,0,0.1109325,0.02074553,0.05926341,0,0,0.4565987,0.2904111,0,0,0.4420265,0,
0,0.07374085,0,0.5347632,0,0,0.07031181,0,0,0,0.1627376,0.0880084,0.1697646,0.02340959,0,0.06646968,0,0,0.166447,0.1535711,0.1358913,0,0,0,0,0,0.01106362,0,0.08715672,0,0,0.1808128,0.1540046,0.03455248,0.1733477,0.06684977,0,0.3482384,0,0.126121,0.4318383,0.3420705,0.1723274,0,0.1531934,0,0.1576714,0,0,0.01295031,0.5404616,0,0.4389569,0,0,0.4986065,0,0.1290801,0.0267293,0.4015475,0,0.4174116,0.6088033,0.3333521,0.07471737,0,0,0,0,0,0,0.4213982,0,0,0.1076136,0.04662526,0,0,0,0,0.3375096,0,0,0,0.08103756,0.1154418,0.01608891,0,0,0.2598543,0,0,0,0,0.3678969,0,0,0,0.2819035,0,0,0,0,0,0.2111987,0.051209,0,0,0.2990311,0.3108734,0,0,0.1939581,0,0.02258629,0,0.07054126,0.3497114,0,0.1002117,0.1524563,0.03415449,0.4422317,0.3843395,0.4595672,0.8519537,0.04174918,0,0.303953,0,0,0.5533404,0,0.02337027,0,0,0,0.2980199,0,0,0,0,0,0,0,0,0,0,0.5620109,0,0,0,0.3257419,0.1214736,0,0.3420454,0,0.09487764,0.140247,0.09705928,0,0.3277894,0.07658141,0,0,0.1680024,0,0,0,0,0,0,0,0.03600548,0,0,0,0.149234,0,0,0,0.1151079,0,0,0,0,0,0,0.1522012,0.1826121,0,0,0.09565927,0.2283125,0.4923657,0.1594118,0,0,0,0,0,0.1334856,0.1413435,0,0,0.3106061,0,0,0,0,0.0445029,0.3496877,0.2814668,0.08507022,0,0,0,0,0,0,0,0,0,0,0,0,0.2775945,0.1479023,0,0.02406315,0.9628465,1.616897,0.3328101,0.4136668,0,0.1544378,0,0,0,0.2665092,0.1410893,0,0,0,0,1.547899,0,0,0,0,0,0.3997418,0,0,0,0,0,0,0,0,0,0,0,0,0,0,0,0,0,0,0,0,0,0,0.4555798,0,0,0.07965986,0,0,0,0,0,0.02954197,0.3207154,0,0,0,0,0,0.3476131,0,0,0,0,0.004406707,0,0,0,0,0,0.2578753,0.4451467,1.483772,0.6285502,0.2913268,0,0,0,0,0,0,0,0,0,0,0.0008662923,0,0,0,0,0.3187036,0,0.5485083,0.1187335,0,0,0.2167877,0,0.06015694,0,0.1163714,0,0.1353425,0.1277532,0,0.3317847,0.1443872,0.3868468,0.05889225,0.3572841,0,0.05941919,0,0,0,0.1924419,0,0.04755211,0,0,0.2211326,0.08595461,0,0.05119122,0.04775321,0.2013553,0.2933902,0,0,0,0,0.1519409,0,0.2896863,0,0,0.01791182,0.124782,0.1194181,0,0,0,0.04615391,0,0.04257374,0.1149203,0.1456103,0,0.0762371,0.4123109,0.3626743,0.3550268,0,0,0,0,0,0,0,0,0,0,0,0,0,0.0298236,0,0,0,0,0,0,0,0,0,0,0,0.03323035,6.577282,0,4.318894,0,2.798841,12.42886,0,0,6.503562,3.965796,0,0,4.519886,10.11674,1.566308,6.553165,13.49698,5.847878,0,0,1.685332,4.651009,0,0,0,0.06906004,0.03632245,0.1739991,0,0.4663508,0.5847273,0,0,0,0,0,0,0,0,0,0,0,0,0,0,0,0,0,0,0,0,0,0,0.03087664,0,0,0,0,0,0,0,0,0,0,0,0,0,0,0.3342706,0.4986081,0,0,0,0,0.1544315,0.2878433,0,0,0,0.09203067,0,0,0,0,0,0.1158957,0.2423323,0,0,0,0.11295,
0.3883057,0.1759453,0,0.1477577,0,0.2776196,0.1683772,0.1901168,0,0.1162306,0.07571683,0,0.179458,0.4299892,0,0,0,0.1387995,0,0,0,0,0,0,0.3466707,0,0.3877574,0.3117219,0.1007456,0,0,0,0,0.03946532,0.1529988,0.2242953,0.4877478,0.06879333,0,0,0.05602912,0.2532558,0,0.07476137,0,0.1064146,0.4556554,0,0,0.3714801,0.1027462,0,0,0,0,0.2979007,0,0.172268,0,0.1887806,0,0.06198419,0.257287,0,0.05015068,0,0.06332378,0,0,0,0.02038212,0.2864141,0,0.1648289,0,0.211058,0,0,0.03045163,0,0,0.1687068,0.3506512,0.3322071,0.1247325,0.3644321,0,0,0.2556809,0,0,0.1473239,0,0.1451321,0.311427,0,0,0.008857692,0,0,0.3611507,0.1767315,0,0,0,0,0,0,0.4056083,0.03772472,0,0.4449807,0,0,0.1580952,0,0,0,0.300416,0,0,0,0.3677952,0.0875533,0,0.2945109,0,0.4838874,0,0,0.164193,0,0,0,0.04374491,0,0.0444182,0,0.3966425,0.09893438,0,0.5650452,0,0.1339543,0,0.1367441,0,0.08152368,0.1585884,0,0.01996957,0,0,0,0.1529252,0,0,0,0.1802782,0,0.4006619,0.04981951,0,0.2453849,0.3820171,0,0.2413623,0,0.03657917,0,0,0,0,0,0.1058741,0,0,0,0.0633284,0,0.1706178,0,0,0,0,0,0,0,0,0,0.3355412,0,0.3039278,0.158034,0.04581591,0,0,0,0,0.3866148,0,0.1014646,0,0.1589361,0,0,0,0,0.01930339,0,0.1615937,0.09073228,0.04237162,0.1765274,0,0.02120191,0,0.8668709,2.482056,0.5415661,0,0,0,0,0,0.002831944,0,0.2042276,2.132655,5.535445,5.852399,4.338335,0.8945113,0,0,0.0004016553,0,0.2083074,0,0.02037819,0.002318111,0,0.1882811,0,0,0.4156921,0.8216746,0,0.001869541,0,0,0,0,0,0.1267755,0,0,0,0,0,0,0,0,0,0,0.312327,0,0.07644827,0,0.117621,0.3889749,0.1384156,0,0,0,0,0,0,0,0,0,0,0,0,0,0,0,0,0,0,0.161249,0,0,0,0,0.04749487,0,0.2273676,0.4046806,0.2762784,0,0,0,0,0.2494194,0.04173515,0,0.423398,0.03083903,0,0,0,0.2863547,0,0,0,0,0.1062076,0,0.07321599,0,0,0,0,0.2608467,0,0.1978691,0,0.1499916,0,0.1049263,0,0,0,0.182245,0.2245321,0.03947006,0.187078,0.1726086,0,0.002070488,0,0.1962862,0,0.06575904,0.2646702,0.246522,0.3659245,0,0.03735744,0.2214164,0.7009838,0,0.1139464,0.01023596,0,0.01328921,0,0,0,0.04963649,0,0,0.08759586,0.1538432,0,0,0,0.03524916,0,0,0.04470656,0,0.1708515,0,0,0.05543922,0.09569258,0,0,0,0,0,0.230079,0,0,0.1717017,0,0.02491937,0,0,0,0,0,0,0,0,0,0.09991672,0,0,0,0,0.3521031,0,0,0,0,0,0,4.115202,7.409241,3.110004,7.500157,2.971169,0,12.76245,0,1.29175,0,0,0,0.4775228,3.291128,1.75579,1.159984,0,6.532864,3.30964,0.8694665,0,2.16724,0,0,0.1028936,0,0,1.111502,0,0,0,0,0,0,0,0.1178512,0,0,0,0,0,0,0,0,0,0,0,0.1200204,0,0,0,0,0,0,0,0,0,0,0.0531303,0,0,0,0,0,0,0,0,0.5256492,0,0.1943131,0,0,0,0,0,0,0.0924369,0,0.2674889,0,0,0,0.3711575,0,0,0.3927481,0,0.0936261,0,0,
0.05014386,0.268709,0.008466037,0,0,0,0,0,0.4587547,0.2692824,0,0,0,0.5638667,0.6029122,0.6033249,0.3645068,0,0,0,0.2550152,0,0.1183051,0.1606736,0.06566636,0,0,0.4760759,0.2380208,0.037248,0,0.638177,0.1530122,0.01140594,0,0.1479029,0.6189002,0.3729406,0,0,0,0,0,0.09163476,0,0.4790047,0.0448458,0.3358509,0,0.1344134,0,0.1132023,0.04807098,0.04934004,0,0.2181291,0.307822,0,0.3710966,0,0.1151482,0.2131599,0,0,0,0.3391351,0,0.02961455,0.2265723,0.1792401,0,0,0,0,0,0,0,0,0.2113606,0,0.1218071,0.5434405,0,0,0.03386354,0,0.1580595,0.1805379,0,0.1829506,0.003358418,0.1311889,0,0,0.2300532,0,0.1723903,0.3593147,0.1642714,0.07351901,0.3905019,0,0.2307554,0,0.01956772,0,0,0,0.003196183,0,0,0,0.334996,0,0.2425885,0.6054872,0,0,0,0.07291539,0.4627683,0.1016246,0,0,0,0.3106068,0,0.5543029,0,0,0,0,0.1221973,0,0,0,0,0.3574141,0,0,0.3676101,0.3570584,0.2851054,0.1149076,0,0,0,0,0.1416343,0,0,0.01948166,0,0,0.2381781,0.05266972,0,0.4288098,0,0,0,0.01822565,0,0,0.04705386,0.2832884,0,0,0.2748596,0,0,0,0.356238,0,0.219938,0.9076261,0,0,0,0.01858759,0,0,0,0,0,0,0,0,0,0.09016035,0.05943204,0.12115,0.008389582,0.1858103,0,0,0,0,0,0.2863919,0,0.01364084,0.3990929,0.1166499,0.3131522,0,0.418063,0,0,0,0.03647267,0.7221546,0,0.0005927347,0,0,0,0.685057,1.432242,0.5041642,0,0,0.1499052,0,0.09349865,0,0.4140964,0.4821792,2.373524,3.821059,5.337626,1.583504,1.009497,0,0.1020935,0.0809482,0.2716095,0,0.3705495,0.08261238,0,0,0,0,0.2334888,0,0,0.5118504,0,0,0,0,0,0,0,0,0,0,0,0,0,0,0,0,0,0,0,0,1.018309,0,0.114661,0,0,0,0,0,0.1741537,0,0,0,0,0,0,0,0,0,0,0,0.1586815,0,0.002598659,0,0,0.117808,0,0.0005348078,0,0,0,0,0,0,0,0,0,0,0,0,0,0,0,0,0,0.1369434,0,0.06463951,0,0.5140625,0,0,0,0,0,0,0,0,0.1478846,0.194477,0.3170912,0,0,0.1772429,0,0.1303988,0,0.03191801,0.1784503,0,0.03150122,0,0.1519528,0,0,0.06659288,0,0.1496209,0,0,0.2287655,0,0,0,0,0,0,0,0.8022982,0.02567446,0,0.3774193,0.06389912,0,0.04816315,0.2634052,0.5177557,0,0.2310904,0,0,0,0,0,0,0.4947037,0.05351215,0,0,0,0,1.11596,1.22088,0,0.4054335,0,0.02343197,0,0.2116416,0.4445166,0.000447516,0,0,0,0,0,0,0,0,0,0,0,0,0,0,0,0,0,0,0,0.07434838,0,0,0,0,0,0,8.822709,0,7.808003,0,5.828306,3.359316,3.580624,7.556865,4.132511,2.986807,0.8882123,0,1.030434,1.187212,8.323041,0,0,0,0.1370791,0,0.02459629,0.06576184,0,0.02932798,0,0,0,0,0,0,0,0,0,0,0,0,0,0,0,0,0,0,0,0,0,0,0,0,0,0,0,0,0,0,0,0,0,0,0,0,0,0.9102882,2.901391,2.302074,0,0,0,0,0.01557727,0.2368541,0.1462508,0.1790358,0,0,0.342634,0,0.00340669,0.06786727,0.2277605,0,0.08177439,0.200307,0,0,0,
0.03118769,0,0.06152192,0.2453151,0.5461329,0,0,0,0.1393982,0.7455156,0.2646147,0.2975195,0,0,0,0,0,0,0,0,0,0.08098011,0,0.05022605,0,0,0,0.3997936,0,0,0,0,0.02472011,0.2515628,0,0,0,0,0,0.07037327,0.2564787,0,0,0.02432512,0,0.09148128,0.4142638,0.03228698,0.2211584,0,0,0,0,0,0,0.1415871,0,0.1116159,0,0,0.1550736,0.278457,0,0.03773175,0,0,0,0.4740007,0,0,0.3212787,0,0,0,0,0.282071,0,0.3413405,0.2915913,0.1070189,0.2275442,0.3167193,0.1228838,0.2117392,0,0.164132,0,0,0,0,0,0.3449801,0.1249109,0,0,0.1620521,0.03632788,0.4117712,0.04770315,0.2307252,0,0.2883927,0,0.2333605,0,0.2918093,0.1555753,0.2528986,0.1783253,0.2689022,0,0.5470451,0,0.07108866,0.001118728,0,0,0.4750866,0,0,0.264061,0.7946558,0,0,0,0,0.2147834,0,0,0,0,0.3381211,0.09059653,0.07452606,0,0.6092703,0.09469549,0.4050659,0.1567277,0,0.004290854,0.2142503,0,0.1141779,0,0,0.08088125,0,0.07900809,0,0.0130435,0,0,0,0,0.6392109,0.1391723,0.2883575,0.262208,0,0.04556482,0,0,0,0.04244497,0,0.3824151,0,0.01706177,0,0,0.5437982,0,0,0,0.4009561,0.3417784,0.02448819,0.05080225,0,0,0.110195,0,0,0,0,0,0,0,0.01027993,0,0,0,0.1554352,0.2771104,0,0.1687986,0,0.4931754,0,0.2529596,0,0,0,0,0,0.04433945,0,0,0,0,0,0,0,0,0.03409393,0,0.276353,0.09640379,0.06159273,0,0,0.2359363,0,0,0.2419674,0,0.02811963,1.098493,4.742151,3.671815,1.269123,0,0,0.4066696,0.1014145,0,0,0.3694259,0.3770761,0.4635669,0,0.3545851,0.09932562,0,0,0.4119684,0,0,0.1923437,0,0.3242762,0,0,0,0,0,0.5548527,0,0,0,0,0,0,0,0,0,0,0,0,0,0,0,0,0,0,0,0,0,0,0.119444,0,0,0,0,0,0,0,0,0,0,0,0,0,0,0,0.05421675,0,0,0.2777578,0,0,0,0,0,0.1820918,0,0,0.09837381,0,0.4064773,0,0.3488196,0,0,0.1335458,0,0.09290223,0.2583414,0.1673727,0,0,0,0.2340791,0,0.1093566,0.02296152,0,0.07871596,0,0,0,0.1582712,0.3010237,0,0,0,0,0,0,0.2067394,0.3616566,0.05270448,0.3544544,0,0.3441497,0,0,0,0.0853082,0,0,0,0,0.1576165,0,0,0.2345413,0,0,0,0.2693325,0,0,0,0.1617963,0,0,0,0,0.02123476,0,0.1207289,0,0,0,0,0,0,1.151783,2.548258,1.960714,0,0,0,0,0,0.2485584,0,0,0,0,0,0,0.2098111,0,0,0.0777529,0,0,0,0,0,0,0,0,0,0,0,0,0.406828,2.846879,0,0,0,0,8.108485,0,0,1.585151,0,4.838912,0,0,0.7565625,0,5.183568,4.627982,3.755684,0,2.305269,2.90423,0.1953949,0,0,0,0.7337782,0,0.5157839,0.2083686,0,0,0,0,0,0,0,0,0,0,0,0,0,0,0,0,0,0,0,0,0,0,0,0,0,0,0,0,0,0.06269149,0,0,0,0,0,0,0,1.599666,2.319994,0.2718309,0,0.2321964,0.1553886,0.3394385,0.4472826,0.01580667,0.2040899,0,0,0.2777789,0.1653054,0.6248001,0,0.1987063,0.188277,0,0.1843734,0,0.3005396,0.1119552,
0.31613,0,0.7185745,0.2724416,0.2996507,0,0.3373029,0.06938754,0.08231027,0,0,0,0.08838913,0,0.1323893,0,0.5275385,0,0,0,0.1367027,0,0,0,0,0,0.01438121,0.4221713,0.2758741,0.2805899,0,0.09899624,0,0,0.2839342,0,0.4416248,0.001527432,0.4319163,0,0.309358,0,0,0.4428796,0,0.5056213,0,0.04082981,0.2867615,0,0,0.0271017,0,0,0.1852827,0,0,0.03597109,0,0,0,0,0.1194356,0,0,0.06778096,0.153715,0,0,0.1897747,0.2526546,0,0.05966946,0,0,0,0.4975247,0.01591788,0.3435403,0,0.3869818,0,0.08693548,0,0,0.01688241,0,0,0,0,0,0,0.03695648,0.1684974,0.1821838,0,0,0.2217825,0,0.2108566,0,0,0,0.2287272,0,0.5142847,0,0.05673147,0,0.5419945,0,0.06777262,0.3495117,0.139117,0.110865,0,0,0,0.1683759,0,0.4460014,0,0.1693569,0,0.01439954,0.547076,0.03241166,0,0.2278326,0,0,0,0,0,0,0,0.02284189,0,0,0,0,0.1410229,0.06076283,0,0.279595,0,0.3215837,0,0,0,0.6455109,0.05208216,0.2237913,0.1486288,0,0,0,0.02577118,0,0,0,0,0,0,0.03420771,0.08450128,0,0.05064454,0,0,0,0,0,0,0,0,0.1004452,0,0.254133,0,0,0,0.006829385,0,0,0,0,0,0,0.1515966,0,0.05093865,0.7248698,0,0,0,0,0.4731832,0,0.2424307,0.2949179,0,0,0,0.2383177,0,0,0,0,0,0,0,0,0,0,0.06274848,0.2112075,0,0.002597267,0.1207817,0.2213617,0.3591682,0.2439799,0.3550788,0,0.1009728,0,0.309693,2.551369,5.890631,0.690763,0.4015837,0,0,0,0.3668943,0.1737516,0.1339154,0.3610047,0.2496648,0.1215139,0,0,0.06662671,0,0.1932085,0.1570317,0,0,0.06160044,0,0,0,0,0,0,0,0,0,0,0,0,0,0,0,0,0,0,0,0,0,0,0.02806517,0,0,0.3997174,0,0,0.1184439,0,0,0,0,0,0,0.4077869,0,0,0,0,0,0,0,0,0,0,0,0,0,0,0,0,0,0,0.03004674,0.003015168,0.1925646,0,0.4320887,0.2467216,0,0.2156451,0,0.07290056,0.01516823,0.1052933,0,0,0.09515484,0.3528296,0,0,0,0,0,0.1342727,0.5867141,0,0,0,0,0.2278554,0,0.5549035,0,0,0,0.02874118,0.09732809,0,0.03398226,0,0,0,0,0,0.040589,0.4698439,0.03645876,0.08021627,0.3745859,0,0,0.2359816,0,0,0,0.7184665,0,0,0.1448954,0,0,0,0.1460654,0,0,0,0,0,0,0.04546304,0,0,0,0.4589159,0.1699361,0,0.9830279,0,0,1.821684,0,0,0.7885527,0.01947131,0,0,0,0,0.1522215,0.1435578,0,0,0,0.07081582,0,0,0,0,0,0,0,0,0,0,0,0.3917807,0,0,0,0,0,0,0,0,0,4.407653,12.54513,0,2.831515,0.9034751,0,0,4.688839,9.872166,0,0,4.86644,0,0,5.768763,0,0,0,0.6478117,0,0,0.2698409,0,0,0.5371368,0,0,0.2564491,0,0,0.3099836,0,0,0,0,0,0,0,0,0,0,0,0,0,0,0,0,0,0,0,0,0,0,0,0,0,0,0,0,0,0,0,0,0.1750342,0,0,0,0,0,0,0.4045533,0,0.3793291,0,0.04750898,0.2663161,0,0,0,0,0,0,0,
0.007413947,0.002570776,0.002784046,0,0.05981742,0,0,0.4364512,0,0,0.01958904,0,0,0.1072045,0.04078581,0.006577664,0.3041604,0,0,0,0.3896285,0.334389,0.02603926,0,0.07907793,0.4177289,0,0.02138893,0,0.1636824,0.395698,0,0,0.06862559,0,0,0,0.3188946,0.107361,0,0.3649726,0.2885864,0.3563418,0,0.176479,0,0,0.07595856,0,0,0,0,0,0,0.5906708,0,0.3060788,0.2623049,0,0,0,0,0,0.06381868,0.2959897,0,0,0,0,0,0.400007,0.1216579,0.09344696,0.3462218,0.1928289,0.02797353,0,0.1389276,0.009139244,0,0.07215051,0,0,0.09930377,0,0.1376248,0,0,0.05918302,0.1127604,0.05966426,0.1134998,0.0938311,0,0.4774314,0,0.3875859,0,0,0,0.3554742,0.2102897,0,0,0.1560152,0,0,0.3521022,0,0,0,0.3459334,0.1689104,0,0.0600286,0.37018,0.02361394,0.03596772,0,0,0,0.5822183,0,0,0,0,0.02234874,0.2713428,0,0,0,0.2373137,0.3206869,0,0,0,0.1623099,0,0.1285031,0.2125348,0.1555039,0,0,0,0.09190971,0,0,0,0.06766659,0,0,0,0,0.3375848,0,0,0.1926649,0,0,0.148978,0.0190965,0.7951161,0,0.2579226,0,0.2133835,0.09428576,0.3056041,0.08129916,0,0,0.07767399,0,0,0.1429426,0,0,0,0.3809151,0,0,0,0.489246,0,0,0,0,0,0.08610435,0,0.8863391,0,0.3757887,0,0,0,0,0,0,0.327121,0,0.1060657,0,0.1702458,0.4051016,0,0.3829173,0,0,0.124457,0.06945779,0.1847741,0,0,0.02144835,0,0,0,0,0.1273749,0,0.2485025,0.04348971,0.0547556,0,0,0,0.0774624,1.237519,2.677546,0,0,0,0.1613612,0,0.4317013,0,0.091347,0,0.8294029,0.02043675,0.03211307,0.03338809,0.1417625,0,0,0,0.04244885,0,0,0,0,0,0,0,0,0,0,0,0,0,0,0,0,0,0,0,0,0,0,0,0,0,0.1730171,0,0,0,0,0,0,0.1644447,0,3.258795E-05,0,0.3756904,0,0,0,0.176915,0,0.1755633,0,0,0.2715358,0.02582864,0.1824116,0,0,0,0.4848036,0,0.1909396,0,0,0,0,0.2682018,0.105122,0.1637566,0.3764738,0,0.1140003,0.1981472,0,0,0,0,0,0.2653411,0,0,0,0.1213434,0.03938909,0.2838041,0.0951694,0.3596151,0,0,0,0,0,0,0,0,0.5380536,0.467449,0,0.06218587,0.03309184,0,0,0,0,0,0.1926289,0,0,0,0.3462751,0,0,0,0,0,0.01404623,0,0.08063086,0,0,0,0,0.1668944,0,0,0.05499242,0.1363496,0,0,0,0,0,0,0,0,0,0,0.1825391,1.080079,0,1.808445,0.2477864,0.8305417,0,0,0,0,0,0,0,0,0,0,0,0.211538,0.02989137,0,0,0,0,0,0,0,0,0,0.2919785,0,0,0,0,0,0,0,0,0,13.30884,0.4981505,0,0,0,0,0,5.53654,4.523123,0,0,2.002591,2.027514,0.2058253,3.821014,0,0,0.2689329,0,5.755914,0,0,0,0,0.7688894,0.2884863,0.2177098,0,0,0,0.2106533,0,0.6639786,0,0,0,0,0,0,0,0,0,0,0,0,0,0,0,0,0,0,0,0,0,0,0,0,0,0,0,0,0.2906153,3.587808,1.309328,1.406656,0,0,0,0,0,0.04680543,0,0,0,0,0,0,0,0.1355763,0,0,0,0,0.03835495,0.1052961,
0,0,0,0.004683668,0.08845275,0,0,0,0,0,0,0.1182939,0.1504054,0,0.1913777,0,0,0,0,0.1843106,0,0.2925385,0.5498044,0,0.05154769,0.08495364,0,0,0,0,0,0,0.4565043,0.04717402,0,0,0,0.03876028,0.05714406,0.1581822,0,0,0,0,0.4628153,0.2384583,0.2054598,0,0,0.2420564,0.1904835,0.2774067,0,0,0,0.09131782,0,0,0,0.08116505,0,0,0,0,0.006380783,0,0,0.2275228,0,0.5579767,0,0.2748678,0,0,0.09792718,0,0,0.1018779,0.1136938,0,0,0.1659528,0,0,0.3702538,0,0,0.1530607,0,0,0.1500517,0,0.05010939,0,0,0,0,0.1975306,0.3292691,0,0.08494034,0.1919992,0,0,0.5671302,0.3023276,0,0.3842965,0,0.1394536,0,0.4339236,0.05404601,0.06500197,0.4830253,0,0,0,0.3565724,0,0,0,0,0.6157714,0,0.03402635,0.3429037,0,0.2410415,0,0.2585895,0.2226372,0.1993135,0.1984462,0,0.4302582,0,0,0,0,0,0.1529324,0.07414819,0,0,0,0,0.2588876,0.1331974,0.3951987,0,0,0,0.02005345,0.3749774,0.3347654,0,0,0.05629694,0.5279145,0.09613429,0.02647336,0.6675911,0,0,0,0.1569082,0.1041712,0.1855972,0.03654036,0.3223559,0,0,0,0,0.8618861,0.1400089,0,0,0.01478402,0,3.272271,2.709249,0,0,0,0,0,0.2955142,0,1.23855,4.722172,0.9072962,0.5163546,0.08196044,0.09870573,0.3734097,0.1589858,0,0.3957368,0.1738618,0,0,0,0,0,0,0,0,0.07603396,0,0.0741237,0.2726021,0,0,0,0,0.09462092,0,0.3794015,0,0,0,0,0.02328891,0.1136464,0.03103581,0,0.105564,0.2695407,0,0,0,0.03028281,0,0,0,0,0.2622608,0,0.1687571,0,0,0,0,0,0,0,0,0,0,0,0,0,0,0,0,0,0,0.1433153,0,0,0.2806312,0,0,0,0,0,0,0,0,0,0,0,0,0,0,0,0,0,0,0.1473951,0,0,0.03493756,0,0,0,0,0,0,0.2500324,0,0,0.4235751,0.02059038,0,0,0,0,0,0,0,0,0,0,0.2487622,0.005960507,0.2442381,0,0,0.2891914,0,0,0,0.0154267,0,0,0,0,0.355314,0,0,0,0,0,0,0.2137688,0,0,0,0.08920524,0.0682582,0.2210238,0,0,0,0.4562337,0,0.3529017,0,0,0,0.04556156,0,0,0.308263,0,0,0.05637826,0.178947,0,0,0,0,0.5939181,0,0,1.03583,0.001318895,0,0,0,0,0,0,0.06293248,0.4231963,0,0.1038241,0.3601523,0,0,0,0,0,0.146753,0,5.973421,0,2.430186,0,0,0,0.04081361,0,0,0.04732388,0.04362289,0,0,0,0,0,0,0,0,0,0,0,0,0.03671089,0,0.04482185,0,0,0,0,0,0,0.09702357,0,0,0,0,0,4.137191,0,0,5.080558,0,1.317893,6.097941,2.233442,5.261976,4.026549,0,0,0,0,0,2.124753,1.23594,0,0,0,0,1.598986,0,0,0.1403151,0,0,0,0,0,0,0,0.3598659,0,0.1528916,0,0,0,0,0,0,0,0,0,0,0,0,0,0,0,0,0.154466,0,0,0,0,0,0.03794258,0,0,0,0,0,0,0.04342999,0,0,0,0,0.5281456,0,0,0,0.009067458,0,0,0,0.904745,0,0.0986561,0.02953728,0,0,0,
0.06552826,0.06294432,0,0,0.2963791,0.5186757,0.1373228,0,0.1694068,0,0,0.08735807,0.0370451,0,0,0.1366236,0,0,0,0.2293223,0.08806638,0,0,0,0,0.2145277,0.308407,0.2967699,0,0,0,0,0,0.3864164,0.02271484,0.004633274,0,0.4724442,0.3398154,0,0,0,0.3076321,0,0.09133235,0,0,0.07769633,0,0.2034187,0.1528196,0.06465928,0,0,0,0,0.05542682,0,0,0,0.2265244,0.230872,0,0,0.0653215,0,0,0,0,0,0,0.4195694,0,0,0,0,0,0.1323923,0,0.07121132,0.2700284,0.09341055,0,0,0,0,0.2563992,0.1354563,0,0.1155043,0,0.1247964,0.2639055,0,0,0,0,0.3853272,0,0.05044315,0.0814766,0,0.4471292,0,0.280415,0.3531974,0,0.0767894,0,0.4970684,0,0,0.3502083,0,0.2104594,0,0,0.2749435,0.1405638,0,0.01155413,0,0.4056321,0,0,0.3870551,0,0.02614094,0,0,0,0,0,0,0,0.1499966,0,0.3233019,0,0,0.4574687,0.2512154,0,0,0.121709,0,0,0.1729553,0.03116851,0.1763342,0,0,0,0.006752955,0,0,0,0,0,0,0,0,0,0,0,0.05085668,0.4127072,0.0292032,0.3459643,0,0.02291078,0,0,0,0,0.2877589,0,0,0,0,0,3.229012,3.112649,0.1281431,0,0,0,0,0,0,0,1.450306,0,0.03733753,0,0,0,0.1991906,0,0,0,0,0,0.08006459,0,0,0,0,0.2829862,0,0,0,0.3346178,0.03761414,0.2519383,0.6854438,0,0,0.06576588,0,0,0.06742045,0,0,0,0.1278642,0.06323072,0,0.5375879,0,0.1692337,0,0.1431789,0.3612248,0.1916579,0.0344998,0.28039,0.4146905,0,0,0,0.01602494,0.2650125,0.3394746,0.4499509,0,0,0.2139291,0,0,0.05443636,0,0,0,0,0,0.0661223,0,0,0,0,0,0,0,0,0.0503296,0,0,0,0,0,0,0,0,0,0,0,0,0,0,0,0,0,0,0,0,0,0,0,0,0,0,0,0.3723467,0.0838671,0.5829596,0.03978288,0,0.2394273,0,0,0,0,0,0.05142357,0,0,0.1833048,0.6127813,0,0.106369,0,0,0,0,0,0,0.04275885,0,0,0,0,0.3839957,0,0,0.2018511,0.1426798,0,0.1055059,0.3754247,0,0,0.3298799,0,0.2278361,0.08670165,0,0.162588,0,0,0,0.3784478,0,0,0,0.2276865,0,0.2580875,0.1577563,0,0.2576233,0,0.03342548,0,0,0.2264279,0,0,1.430762,0,0.03486288,0,0.5071369,0,0,0,0.2441429,0,0.03191493,0,0,0,0,0,0.7792059,0.9061533,0,1.414678,0,6.160554,0,0,0,0,0,0,0,0,0,0,0,0,0.4009329,0,0.4596015,0,0,0,0,0,0,0.05131427,0,0,0,0,0,0,0,0,0,0,0,0,0,0,0,0,0,0,0,1.244665,0.05046386,1.029353,0,0,4.284876,0,0,1.788247,0,0,0,0,3.315024,0.820489,5.9005,1.307291,0.2277796,1.013992,0.7994952,0,0.5068904,0,0.6147831,2.503821,0,0.573084,0,0,0.113607,0,0,0,0,0,0,0,0,0,0,0,0,0,0,0,0.2595821,0,0,0,0,0,0,0,0,0,0,3.512569,0,0,0,0,0,0,0,0,0,0,0,0,0,0,0,0,0,0,0,0,0.1807228,0,
0.3965182,0,0.004139944,0,0,0,0.4177736,0,0,0,0,0,0.2221254,0,0.6502795,0,0,0,0,0,0,0,0.05903422,0,0,0.04511216,0.02059544,0,0,0.7182153,0,0.01876945,0.3248631,0.2037721,0.1208933,0,0,0,0,0.06786303,0.2644855,0,0.01840307,0.06094968,0.2721671,0.01670665,0,0,0.0219072,0.1042181,0,0,0.008091738,0,0,0,0.1566142,0,0,0.6322728,0.03921518,0,0,0,0,0,0,0,0,0,0,0,0.08524212,0,0,0.2702698,0,0.2375844,0,0,0.3137422,0,0.1260347,0.002792951,0.1114762,0,0.3356569,0.2338021,0,0.04543827,0.3442447,0.03233567,0,0,0.06461848,0.3595815,0,0,0,0.1724305,0.3227931,0,0.4618944,0.02755786,0,0,0,0,0,0.2729643,0.2648421,0.1690689,0,0,0.3671978,0,0.2165606,0.07633112,0.1249196,0,0.116414,0,0.04883558,0.2262159,0.4082354,0,0.01869574,0,0,0.1344647,0,0,0,0.1030157,0,0,0,0,0.2474074,0,0,0,0.0113938,0.1879208,0.001263796,0,0,0.009958031,0,0,0,0.1413661,0.08485924,0,0.2576388,0.1992498,0.1786035,0.5620362,0,0.2453179,0,0.1443287,0.08402164,0,0.2219313,0,0,0,0.07599343,0,0,0.02829449,0,0.06235475,0,0.3427565,0.3496718,0,0.2440655,0.2924602,0.1127597,0.1109493,1.910634,0.02200339,0.331542,0.1310771,0,0,0,0,0,0,0,0,0,0,0,0.2457272,0.293943,0,0,0,0,0.2721104,0,0.08461267,0,0.2248757,0,0,0.01924368,0,0,0.1650387,0,0.1171478,0,0.3594387,0,0.2035305,0.1313976,0.01270148,0.02975258,0.3839099,0,0,0,0,0,0.05840102,0.3350792,0.07669406,0.001121053,0.7338903,0,0,0,0,0.2309001,0.1017182,0.269961,0.4931674,0,0,0,0,0,0,0,0,0,0,0,0,0,0,0,0,0,0,0,0,0,0,0.5434337,0,0,0,0,0,0,0,0,0,0,0,0.1964577,0,0.3576355,0,0.1844284,0,0,0,0,0,0,0.03436596,0,0,0,0,0,0.04521967,0.07697254,0.2604025,0,0.2510204,0,0.6428441,0,0,0,0,0.3568392,0,0,0,0.1643629,0,0,0,0,0,0,0,0.1028241,0.07977752,0,0,0.1160028,0,0,0,0.1903306,0,0.32936,0.01752281,0,0,0.0763731,0.3743652,0.08266982,0.1528048,0,0,0,0.3640351,0,0,0.1645108,0.1147238,0.02687152,0,0,0,0,0,0,0.1537671,0.005182536,0,0,0,0,0.1724131,0,0,0.5085588,0,0.03561458,0.05827103,0.02653789,0,0,0,0,0,0.1430958,0,0.2725453,0.3959745,0,0,0,0.5677391,0.3408777,0,2.871697,1.842664,0,0,0,0,0,0,0.1575102,0,0,0,0,0,0,0,0,0,0,0.4361567,0,0,0,0,0,0,0,0,0,0,0,0,0,0,0,0,0,0,0,0.1874529,0,1.693924,0,0,0,0,0,0,2.427744,0,0,0,0,0,0,3.60383,0,3.71565,0,0,0,0,0,0,2.53408,0,0,3.459002,0,0,1.460509,0,0,0.501214,0.1772094,0.3158189,0,0,0,0,0,0.138095,0,0,0,0,0,0,0,0,0,0,0,0,0,0,0,0,0,0,0,1.574789,0.4558346,0.157558,0,0,0,0.1738757,0,0,0,0,0,0,0,0,0,0,0,0.1112145,0,0,
0.06847651,0,0.2329569,0.05797037,0,0,0.7369904,0,0.3300825,0.238705,0.05839192,0,0.02624097,0,0.1303984,0.2792051,0.07697926,0.1332304,0.2204354,0.232739,0,0.1037178,0,0.01599675,0,0.6296785,0.1779997,0,0,0,0,0.1610036,0.2972421,0.459609,0,0,0,0,0,0.006650538,0.09242457,0.02202346,0.3247306,0.1394546,0,0,0,0.2069997,0,0.003712145,0,0.05670499,0.3007604,0.004202692,0,0,0,0.1034757,0.3813872,0,0,0.04595343,0,0,0.5087157,0.005678805,0.01777588,0,0.3015646,0.02267815,0.1486433,0,0.1727267,0,0,0,0.3804234,0.09799346,0,0,0,0.4732229,0.04669194,0,0,0.1245586,0,0.4057658,0.1254072,0,0,0,0,0.4130561,0.4996072,0,0.1024,0.0748921,0,0.01343203,0,0,0,0,0.09313063,0,0,0,0.01326017,0.1714139,0,0,0,0.2431025,0.2288528,0,0,0,0,0,0.5435215,0,0.1320689,0,0.3574281,0,0,0,0.2562892,0.2120968,0,0,0.1722233,0.0373412,0,0,0,0.3705716,0.05363115,0,0.1509244,0,0,0,0,0,0.426419,0.1269849,0.07455143,0,0.3191191,0.3184231,0.375773,0.1286438,0.03173923,0.1901806,0,0,0,0,0.04693558,0.182532,0,0,0.01020915,0,0.1543772,0,0,0.06072723,0,0,0,0,0.2826275,0.08669583,0.09763844,0,0,0,0.4611059,0.6091011,0,0.5302348,0.2135567,0,0,0,0,0,0,0,0,0,0,0.3864002,0,0,0.3149645,0,0,0,0.1456736,0,0,0.005039186,0.3730705,0.6484057,0,0,0.35009,0,0,0,0.4183109,0.1371541,0,0,0,0,0,0,0.1783432,0,0.04681187,0.1478902,0,0.02772302,0.2628835,0,0.1997045,0.09165017,0,0,0,0.09256869,0,0.1181975,0,0.2592635,0.3338475,0,0,0,0,0.1987873,0.2195417,0,0,0,0,0,0,0,0,0,0,0,0,0.1313387,0,0,0,0,0,0,0,0,0,0,0,0,0,0,0,0,0,0,0,0.06827689,0,0,0,0,0,0.03946346,0,0.01747591,0,0,0,0,0,0.1966416,0.05087575,0.04900595,0,0.3842049,0,0,0,0,0,0,0,0,0.09766904,0.1453483,0,0,0,0,0.0504207,0.2814906,0.02905315,0,0,0.3772658,0,0.05823746,0.06316407,0.2823445,0.1197566,0,0,0,0,0,0,0.07928401,0,0,0,0.1918489,0.2351685,0,0.1361837,0.401569,0.563153,0.4319568,0.02251664,0,0,0,0.1787491,0,0.4008899,0.5497459,0,0,0,0,0.295825,2.027458,0,0.6276292,0,0.05951262,0,0.1174108,0,0.6347864,0,0,0,0.1113592,0.06128864,0.2100944,0,0,0,0,0.6181833,0,0.03433546,0,0,0,0,1.835248,0,0,0.02045571,0,0,0,0.1609742,0,0,0,0,0,0,0.04062599,0,0.03453011,0,0,0,0,0,0,0,0,0,0,0,0,0,0,0,0,0,0,0,0,0,0,0,0,2.56991,0,0.4471452,0,0,0.09088422,1.75685,1.066831,8.668046,3.072252,9.349916,1.462361,0,5.671804,0.03111239,3.295602,0,0,3.432818,0,0,0,0,0,0,0,0.6316352,0,3.518583,0,0,0,0,0,0,0,0,0,0.152622,0.03250773,0,0,0,0,0,0,0,0,0,0,0,0,0,0.05078077,0,0.4245439,0,0.3481697,0,0,0.229236,0.1332003,0,0,0,0,0,0,0,0,0,0,0,0,0,0,0,0,0,0,
0,0,0,0,0,0.3260461,0.03357326,0.1688687,0.2131881,0,0.2823928,0.1614127,0,0.7604877,0,0.2266097,0.209994,0.1277299,0.215809,0,0,0.3198617,0.01634322,0,0.2636355,0.1202608,0.2385032,0.1079686,0,0.3742423,0,0.04686232,0,0,0.5494167,0,0,0.01760471,0,0.21302,0,0.1063497,0.3046865,0,0,0,0.04035579,0,0,0,0,0.5202979,0,0,0,0,0.2460596,0,0.3108079,0,0,0,0,0,0,0,0.3537177,0.3928465,0.1599177,0.2027449,0,0,0.03462887,0.08945293,0,0,0,0,0,0.0309866,0,0,0,0,0.3508961,0,0.1515279,0.5660914,0,0,0,0,0,0.565341,0,0.09549177,0,0.1367746,0.3016856,0,0.5688593,0,0,0,0,0,0.06631196,0.2729132,0.3331786,0,0.106564,0,0.03269169,0,0.1454204,0.1900845,0,0.05908858,0.05805205,0,0,0,0.01188227,0.1877802,0.4364009,0,0.1648901,0,0.2948441,0.09200723,0.2124805,0.1168946,0,0,0,0,0,0.01729265,0.2005985,0.3268961,0,0,0,0.02588185,0,0.3129784,0.2864731,0.0867929,0,0,0,0.3221107,0.08653856,0,0,0.124736,0.06763776,0,0,0.01218963,0,0,0.02962734,0.06076781,0.1121418,0,0.2113559,0,0,0,0.1738918,0.2294828,0.009660179,0.01205039,0,0,0,0,0.3380924,0,0.1660378,0,0,0,0.01084765,0,0.1499177,0,0,0.02749744,0.7673112,0,0,0,0.2145987,0.6578521,0.133475,0,0,0.1311815,0,0,0.2126501,0,0,0,0,0.1532899,0,0,0,0,0.1511935,0,0,0,0,0.2115042,0,3.067474,0.6303239,0,0,0.4354131,0,0,0,0,0,0.5323455,0,0.293826,0.2668953,0,0,0.1541721,0,0,0,0,0,0.01629885,0,0,0.1197015,0,0,0,0,0,0,0,0.02811797,0,0,0,0,0,0,0,0,0,0,0,0,0,0,0,0,0,0,0,0,0,0,0,0,0,0,0,0,0,0,0.3510935,0,0,0,0,0,0,0,0.592676,0,0,0,0,0,0,0,0,0,0,0.2456556,0,0,0,0.04001483,0,0,0,0.2778763,0.3584493,0,0.1751085,0.3061627,0.3258272,0,0,0,0,0.671442,0,0,0,0.2141486,0,0,0,0,0.04440402,0,0,0.1511331,0,0,0,0,0.1655454,0.04453058,0.0642573,0,0.1060594,0,0,0,0,0,0,0.1687102,0,0,0,0.365256,0,0,0,0.08729258,0,0.109671,0.432208,0,0,0,0,0.3778049,0.1528681,0.5233849,0.2621036,0,0.3914093,0,0.2488066,0,0.1359281,0,0,0,0.09266001,2.003058,0,0.123085,0,0.1891525,0,0,0,0,0,0,0.2846955,0,0.4610072,0,0,0,0,0,0,0,0,0,0,0.02702181,0,0,0,0,0,0,0,0,0,0,0,0,0,0,0,0,0,0.636403,0,0.6746471,0,0,0,0,6.449744,2.030725,6.992111,0.09028125,9.286011,0,0,6.428634,1.668726,2.77018,0,3.541966,0,2.829931,5.09404,0,0.1280931,2.920437,0,1.748191,0,0,0,0,0,0,3.571368,0,0,0,0,0,0,0,0,0,0,0,0,0,0,0,0,0,0,0,0,0,0,0,6.12532,0,3.342058,0,0,0,0,0,0,0,0,0,0,0,0,0,0,0,0,0,0,0,0,
0,0,0.1599567,0.150718,0,0.08388224,0,0,0.2142701,0.2878951,0.1407744,0,0.2840712,0,0.1218361,0.361906,0.2445518,0,0,0.1132475,0.1490247,0.04689074,0,0,0,0.2089774,0,0,0,0.05173258,0,0.08553039,0,0.4819086,0.04258586,0.1877002,0,0,0,0.03776958,0,0,0,0.1826104,0.2193575,0,0,0.3185238,0.1412263,0.0004868721,0,0.5892529,0.5107001,0,0.05143686,0.0799087,0.2395528,0.1402811,0,0.07191513,0.4055231,0.2799291,0,0,0,0.3165318,0,0.05887735,0,0,0,0.1768257,0.06531928,0,0.1938093,0.01194745,0,0,0,0.04973327,0,0,0.0716413,0.1432719,0.6057444,0,0,0,0,0.0606817,0.0792619,0,0.3094927,0,0,0.1501091,0,0,0.05362371,0.2630332,0,0.1119432,0,0.1155476,0.1656878,0,0,0.1845245,0.2092144,0.3573408,0,0,0.4775789,0.4685044,0.0545335,0,0.1047748,0,0,0.3491597,0.3457671,0.05416847,0.4920476,0.05251485,0,0,0,0,0.02646556,0,0,0,0.4659635,0,0,0,0.03328572,0,0.1498492,0.0245269,0,0,0,0.1007469,0.4448654,0,0.06859394,0,0.2136228,0.3344084,0,0,0,0.06532942,0,0,0.3175881,0,0,0.02908474,0,0,0.04521249,0.19124,0.2301909,0,0,0,0.1410244,0,0,0,0,0.1101281,0.1319249,0.1268238,0.06352627,0,0,0,0.03477751,0,0,0,0.2781984,0,0,0,0,0.5388821,0.4484907,0.1874574,0,0,0.1887584,0.7750572,0.007047826,0.04403643,0,0.1349164,0.001480761,0,0.1850012,0.3915315,0,0,0,0,0,0,0,0,0.1702668,0,0,0.1019889,0,0,0.5130734,4.349744,0.1964535,0,0.1847543,0,0,0.2600702,0.4468839,0,0,0,0.5433434,0,0.02732885,0,0.2846504,0.3425364,0.2159473,0,0.1683775,0.02659743,0,0.1268398,0,0.09229921,0,0,0.07877166,0,0,0,0,0,0,0.008608479,0,0,0,0,0,0,0,0,0,0,0,0,0.551305,0,0,0,0,0,0,0,0,0,0,0,0,0,0,0,0,0.05145685,0,0.6810315,0,0,0,0,0,0,0.3603558,0.289927,0,0,0,0.7458372,0,0,0.06479977,0,0.07579459,0.0832103,0,0,0,0,0,0,0.2065661,0.06676378,0.08522043,0,0,0,0,0.5247336,0,0,0,0.3518016,0,0,0,0,0,0,0,0,0,0.1620075,0,0.03343949,0.1830837,0,0,0,0,0.02443706,0.2522762,0,0.006572549,0.1206301,0.2776529,0.05079425,0,0,0.4947269,0.06577129,0,0.813958,0,0,0,0,0.3100699,0,0.2834194,0.5387655,0,0,0,0,0,0.08195192,0,0.1189311,0,0.1429989,0,0.222743,0.1793275,0,0,0,0.08252056,0.2712668,0.3088967,0.2960969,0,0.5578752,0,0,0.3337387,0,0,0,0,0.135989,0,0,0,0,0,0,0,0,0,0,0,0,0,0,0,0,0,0,0,0,0,0,0,0,0,0.06021477,0,0,0,0,0,0,0.05112897,0,0,0.4344372,0.09157964,4.867484,3.587691,5.027404,5.472225,0,4.411535,0,2.480408,1.204111,0,1.459067,0,0.3331617,1.424972,8.309004,0,0,0.7987499,3.922402,0,0,0,0,3.220207,0,0.8691059,0,0.3681526,0,0,0,0.5790195,0,0,0,0,0,0,0,0,0,0,0,0,0.05069533,0,0,0,0,4.971495,2.020727,0,0,0,0.2582048,0.02218268,0,0,0,0,0,0,0,0,0,0,0,0,0,0,0,0,0,
0.2375446,0,0,0.3942119,0,0.1029642,0.3903871,0.02887347,0.3785048,0,0.3498437,0,0.1042623,0.1501261,0.1791879,0,0,0.1589199,0,0.2215009,0,0.03839899,0,0.3231884,0,0.1884468,0.2981169,0.2127377,0,0,0.1086859,0,0.2619652,0,0.409338,0.034921,0,0,0,0.05241458,0,0,0,0,0,0,0,0,0,0,0,0,0,0.1952332,0,0.6040573,0,0,0.01031762,0.4443315,0,0,0,0.1162414,0.1422071,0.03333275,0.1492811,0,0.4799785,0.1814809,0.3006758,0.1441015,0,0,0,0,0,0,0,0.04722031,0.03245669,0,0,0.312877,0.08539455,0,0.08644874,0,0,0,0,0.4596574,0.1396802,0.05641502,0.05949227,0.2458626,0,0,0,0.04813787,0,0,0.06958792,0.2413435,0.2843022,0,0,0,0,0.1424925,0.2985568,0,0,0,0,0.1565911,0.2144691,0,0,0,0,0.3304554,0,0.09940153,0.1110469,0.3138273,0,0,0.07370047,0,0,0,0,0,0,0,0,0.4324167,0.332227,0,0,0.1344803,0.1784413,0.1774711,0.1057775,0.07137618,0.1632927,0.1721186,0,0,0,0.05637682,0,0,0,0,0,0,0,0,0,0,0,0,0,0.5841731,0,0,0,0,0,0,0.4051937,0,0,0.5647798,0.1302711,0,0,0,0.1356969,0,0,0.2753893,0,0,0.4554291,0,0,0,0,0,0,0,0.05202566,0,0,0,0.1149213,0.2881334,0.008973495,0,0.09952295,0.1199463,0,0,0,0,0,0,0,0,0.09768071,0,0.006746469,0,0,0,3.600416,0.6706126,0,0,0.0302796,0,0.0827859,0.1957356,0,0.6091975,0.3767089,0.1542582,0.1126434,0,0.05737729,0.2398405,0,0.5910079,0.320219,0.075001,0,0.2339154,0.1157361,0.4671664,0.02280977,0.1689919,0.02913151,0,0,0,0,0,0,0,0.391428,0,0,0.04449507,0,0,0,0,0,0,0,0,0,0,0,0,0,0,0,0,0,0,0,0,0,0,0,0,0,0,0,0.5722509,0,0,0.1057482,0,0,0,0,0,0,0,0,0,0,0,0.003068509,0,0,0.4816521,0.5269424,0.00799966,0.08664542,0,0.1518242,0,0,0.2303354,0,0.2982326,0,0.2235992,0.09784723,0,0.01595822,0.1585851,0,0.4312627,0,0,0,0,0,0.5827875,0,0,0,0,0,0,0,0,0,0.04353413,0.04573841,0,0.04364718,0.3622083,0,0,0.2218338,0,0.01382479,0.08950107,0.3296089,0,0.3278411,0,0.3391171,0.06052287,0,0,0,0.08526757,0.04714975,0,0,0.1063279,0.1640732,0.07350283,0,0,0,0.3589351,0,0,0.08476809,0,0.1141956,0,0,0.4232865,0,0,0,1.634882,0,0,0,0,0,0.01660055,0.1718332,0.1058571,0,0.00598436,0.05771591,0,0,0,0,0,0,0,0,0.2260329,0,0,0,0,0,0,0,0,0,0,0,0.2459272,0,0,0,0,0,0,0,0,0,0,0,0,0,0,0.1668771,0,2.392927,10.34971,9.19046,0,4.641452,0,3.544731,0,0,7.732268,2.019168,0,0,5.540062,0,14.59732,3.611708,0,4.019605,0.5921065,0,0,0,0,0,2.260708,0,0,4.688066,2.971355,2.530234,0,0,0.3255713,0,0,0,0,0,0,0,0,0,0,0,0.1061547,0,0,0,1.080239,0,0,5.011573,0,0,0.4487546,0,0,0,0,0,0,0,0,0,0,0,0,0,0,0,0,0,0,
0,0.1168062,0,0.2114474,0,0.08881082,0,0,0.1698001,0.2013713,0,0,0,0,0.1393162,0,0.4795847,0,0.2663712,0.09667957,0,0,0.2175626,0,0,0.4209163,0,0,0,0.06853211,0.156738,0,0,0,0.4701028,0,0,0.4337316,0,0,0,0.3059215,0,0.1374988,0,0,0,0,0.204341,0,0,0,0.5127201,0.01952122,0,0.3003578,0.1614453,0,0.06081414,0,0,0,0,0,0,0.06840899,0.2264999,0,0.05579707,0.1968919,0.004563231,0,0,0,0,0,0.01061353,0,0.4569988,0.02246112,0,0.3055869,0.1522915,0.4274142,0.2033638,0,0,0,0,0.1224104,0.03472192,0.1709501,0,0,0.3931619,0,0,0,0.192386,0,0,0,0,0.0397879,0.2478336,0,0.008489526,0.1179362,0,0,0.5871698,0.3543939,0,0,0,0.2191442,0,0,0.3086083,0.07976925,0.1114093,0,0.2959567,0.08398128,0.3176763,0.1979607,0.01816744,0.03116317,0,0,0,0.1139943,0,0,0,0,0,0.0047936,0.3814638,0.01332739,0,0,0,0,0,0,0.2781599,0.01541536,0,0,0.1571342,0,0.2156644,0,0.1163107,0,0.06148477,0,0,0,0,0,0,0.4360373,0,0.2436962,0,0,0.3243381,0,0.09319354,0,0,0.1475902,0,0.1858014,0.2273074,0.2057,0.4568159,0.08758268,0,0.0597175,0,0,0,0,0,0.3379552,0.0697751,0,0,0.4262692,0.4673751,0.2629916,0,0,0,0,0.04767313,0.1444158,0.4315836,0.1137946,0,0.5565791,0.4978077,0.2277923,0,0,0,0.1475309,0,0.4253369,0.2214067,0,0,0,0,0.7876734,1.334569,0.5083537,0.2763223,0,0,0,0.1006728,0.0149629,0.07868203,0.4276263,0.2415643,0,0,0,0.2085795,0,0,0,0,0,0.002800817,0.06250378,0,0.4060331,0,0.09662668,0,0.6099142,0,0,0,0.07223418,0,0,0,0.2845553,0,0,0,0,0,0.4297973,0,0,0,0,0,0,0,0,0,0,0,0,0,0,0,0,0,0,0,0.09025446,0,0,0.03953354,0,0,0,0,0,0,0.1063351,0,0,0,0,0,0,0,0,0,0.6054491,0.09055816,0,0,0,0.08598225,0,0,0,0,0,0.355501,0,0,0,0,0,0,0.3166407,0.4613191,0.09559628,0,0,0.09334634,0,0,0,0,0,0,0,0,0,0,0,0,0,0,0,0.09380732,0,0.3978859,0,0.01184889,0,0,0.001497909,0.2996339,0,0,0,0,0.2365732,0,0.2828962,0,0,0.2157217,0.2452833,0.08093415,0.08293483,0.126471,0.241383,0,0,0,0.01330263,0,0.04079012,0.004759859,0,0,0.09875357,0,0,0,0,0,0.08983458,0,0,0.0421161,0,0,0,0,0,0,0,0,0,0,0,0,0,0,0,0,0,0,0,0,0,0,0,0,0,0,0,0,0,0,0,0,0,0,0,0,0,0,0,0,0,0,0,0,0,0.06065421,0,0,0,0,0,0,0,5.518931,0.1752013,3.057444,1.830796,1.595194,0,0,0,0,3.979117,0.5838571,0,0,0,1.552727,0,0,0,0,1.953568,4.27342,4.102582,0,0,0,0.9914535,0,0,0,0,0,0,0,0,0.4970882,0,0,0,0.4356369,3.212111,0.2905613,2.550307,0,7.556218,0,2.001964,0,0,0,0,0,0,0,0,0,0,0,0,0,0,0,0,0,0,0,0,
0.05176985,0,0.2824763,0.09263142,0,0,0,0.1667748,0.2476253,0,0,0,0.07736285,0.05578957,0,0.2552716,0,0.107603,0,0,0,0.02255687,0.2377119,0.1651919,0,0,0.2367602,0,0,0.288396,0,0,0.08033167,0,0,0,0.2037328,0.08312106,0,0,0,0,0,0,0.009614042,0,0.1378516,0,0,0,0.3726616,0.5345465,0,0,0.003898778,0,0.1980518,0.4398354,0.2661878,0.3276174,0,0,0.2274861,0.09544528,0,0.09270065,0.25818,0.1689844,0.2220001,0.2282432,0,0.1616708,0.2102915,0.1908774,0.2588981,0.05315862,0,0,0.4354935,0,0,0,0,0,0,0.5033113,0,0,0,0,0.4508453,0,0,0.06454129,0,0.06352989,0,0,0.2461087,0,0,0,0,0,0.1519276,0.2288779,0.2313313,0.004169218,0,0.3884862,0,0.2501658,0,0,0,0.08225448,0,0,0,0,0,0,0,0,0,0.05283831,0.3136299,0.2692748,0.1261562,0.0573561,0.2441909,0,0,0,0.1925154,0,0.03256047,0.1220676,0,0.0767361,0,0,0.1842232,0.08108744,0.3511834,0,0,0.5434257,0,0,0,0.3783682,0,0,0,0,0.2475129,0.256736,0.05112958,0.09354286,0,0,0.5977464,0,0.008790741,0.00862321,0,0,0,0.6372991,0,0,0.6987444,0.1265024,0,0.09462207,0,0.0631271,0,0,0.348536,0,0.1642087,0.4992137,0,0.2113172,0,0,0,0,0.2245892,0.07246716,0,0,0,0,0,0.09533062,0.05775849,0,0.322136,0.1552233,0.243905,0,0,0,0,0,0,0,0,0,0,0.4616427,0,0.03740538,0,1.667562,0.4183286,0.05297498,0.3067054,0,0,0,0.3432668,0.003010285,0.4232162,0.5286134,0,0,0.001729058,0.1157564,0.2362336,0,0.05606055,0.3359,0.03455002,0.07563591,0,0.690146,0.1030388,0,0.02455759,0,0,0.06527492,0,0,0,0,0,0,0,0,0,0,0,0,0,0,0,0.3438561,0,0,0,0,0,0,0,0,0,0,0,0,0,0,0,0.03254349,0.02505204,0,0,0,0,0,0,0,0,0.03221463,0,0,0.201114,0,0,0,0.09367856,0,0.04047056,0,0.4984759,0,0,0.2930239,0,0,0.06807216,0.6114671,0.09009944,0,0.1865999,0,0.3553889,0,0,0,0,0.2213147,0,0.05965788,0.5581461,0.3871068,0,0.07334495,0,0,0,0,0,0,0,0,0,0,0,0,0,0,0.1565415,0,0.4021586,0,0,0.1770381,0,0,0,0.07862988,0.266267,0,0.004383511,0.05896636,0,0.1038955,0,0.0626295,0.1135696,0,0.1253476,0.3511619,0.167512,0,0,0,0,0,0,0.2335914,0,0.149817,0,0.1723619,0.2672498,0,0,0,0,0.06835134,0,0,0,0.2393567,0,0,0,0,0,0,0,0,0,0,0,0,0,0,0.1966993,0.2127195,0,0,0,0,0,0,0,0,0,0,0,0,0,0,0,0,0,0,0,0,0,0,0,0,0,0,0,0,0.2093314,0.5476212,0,3.139655,0,4.061634,4.139147,3.077815,0,0,0,4.880564,1.845129,0,0,0,7.589925,7.738201,0,3.087319,0,5.629113,1.908374,0,0,0,0,0.2768823,0,0,2.850887,0,5.541274,0,0.6186995,0.2338897,0.4772349,0,0,0,0,0,0,0,0,0.3481674,0,0,0.2379947,0,1.420264,0,0,0,6.40642,0,0,0,0,0,0,0,0,0,0,0,0,0,0,0,0,0,0,0,0,0,
0.01230435,0.204172,0,0.2584702,0,0.03080981,0,0,0.05493435,0.3322757,0,0.1989692,0.2548279,0,0.0001430198,0,0,0.5563703,0.07703424,0,0,0.5767293,0.2617394,0.5985174,0.006957202,0,0,0.472396,0.03903363,0,0,0,0.08574688,0,0.002794816,0.1840309,0,0,0.009723837,0.01338814,0,0,0,0,0.299569,0.1769582,0,0,0.05889164,0.07692824,0.05719738,0.0001886472,0,0.165308,0,0.4194056,0,0.06132013,0.7364554,1.127499,0.4888975,0,0.5406803,0.0376868,0.3884807,0.3425438,0.02892236,0,0.1644641,0.2693859,0,0,0,0,0.009980622,0,0,0.003799024,0,0,0,0,0,0.1008155,0,0,0.1071498,0,0.1204546,0.2939593,0,0.07934213,0,0.08990723,0.2002413,0.1531062,0,0.08400642,0,0,0,0,0,0.0530097,0,0,0.1092675,0.06484661,0.3357215,0,0,0.5393316,0.2193285,0,0.1792925,0,0.3232232,0,0,0.04071765,0.2484174,0,0.7643638,0,0.1218578,0,0,0,0.1222016,0.1627586,0,0.1298087,0,0,0,0.1999193,0.2889825,0.3345343,0,0,0,0,0.6967219,0,0.01047557,0,0.08439338,0,0.2496408,0,0,0.2304855,0,0.2975148,0,0,0.1462941,0,0,0,0.05676857,0.09008081,0,0,0,0,0,0,0.05497414,0,0.1083614,0,0.6180457,0,0,0,0,0.1834787,0.1544568,0,0.03946133,0.2891213,0.2229234,0,0.1115827,0,0,0,0,0,0.002713461,0,0,0,0.3698146,0.08543727,0,0,0,0,0,0.09629335,0.4593206,0,0,0,0.07265233,0,0.7291371,0,0,0,0.1689715,0.4053099,0.2340383,0.1155776,0.01718423,0,0.3070536,0.4896262,0.1951225,0,0.02396561,0.003876543,0.177802,0,0,0,0.2243786,0,0.345305,0,0,0.02350546,0,0.1758481,0.09123216,0,0,0,0.2160727,0,0.06567533,0.5444415,0,0.08637494,0.07626271,0,0,0,0,0.4251172,0,0,0,0,0,0,0.1236344,0,0,0,0,0,0,0,0,0,0,0,0,0,0,0,0,0,0,0,0,0,0,0,0,0,0,0,0,0,0,0,0,0,0.3036311,0,0.04611693,0,0.03328478,0,0,0,0.2626382,0,0.3158739,0.3843915,0.09972563,0,0.5316684,0,0,0.5384197,0.1689622,0,0.06162606,0,0.1028279,0,0,0,0,0.06306098,0.09206087,0,0.09618656,0,0,0,0,0,0,0,0,0,0,0,0,0,0,0,0,0.1103888,0,0,0,0,0,0,0,0.3751963,0.1956807,0.07829614,0.2088799,0,0.2142145,0,0,0,0,0,0.2908988,0.0007115762,0,0,0,0,0,0,0.05582404,0.2016402,0.04058971,0,0,0.1898653,0,0,0,0.3433352,0,0,0,0,0,0.04563608,0,0,0,0,0.6857858,0,0,0,0,0,0.1058787,0,0,0,0,0,0,0,0,0,0,0,0,0,0,0,0,0,0,0,0.4982319,0,0,0,0,0,0,0,0,0,0,0,0,0,0.3766112,1.327958,0,0.632915,5.834829,0,0,0,1.672974,7.054333,2.407315,5.448093,1.587838,0.6034274,0,0,5.458151,0,5.760492,0,0.9410256,5.508284,3.392688,0.08280513,0,0,5.974937,0.8398819,1.39853,0,5.661728,0,1.332608,0,0,0,0,0,0,0,0,0,0,0,0.1009334,0.3874767,0,0,0,0,4.064757,0,0.7732458,0.413642,0.7016275,0,0,0,0,0.1696159,0,0,0,0,0,0,0,0,0.1492139,0,0,0,0,0,
0.08523418,0.04842574,0,0,0.2501875,0.1561604,0.2882369,0.06601474,0,0.566456,0,0.2064572,0.182063,0.02338696,0.1707144,0,0,0,0,0.0897941,0,0.3440505,0,0.5650951,0,0,0,0,0.2206682,0,0.2577578,0,0.1730715,0.1823234,0,0.1570179,0,0.4007102,0,0.2482955,0,0,0.1198527,0,0,0.03932738,0,0.4230451,0.3720261,0,0.01666584,0.7622209,0.6387897,0,0.08985654,0.09337423,0.1451752,0.09247848,0.1093689,0,0.3262903,0,0,0.07694812,0,0.1900699,0,0,0,0.04182052,0.281271,0.1234213,0.05297262,0,0,0,0.2960862,0,0,0,0,0,0.1438811,0,0,0,0,0,0.09799496,0.2196894,0,0.06881429,0,0.2297506,0.1721495,0,0,0.1421149,0.5138444,0.1496783,0.03959785,0,0.1522435,0,0.3773519,0,0.009770748,0,0.00745418,0,0,0.364538,0,0,0.09368649,0,0,0.1776843,0,0.005096102,0,0,0.05654181,0,0,0.3669161,0.03836051,0,0,0.7476293,0,0.2690397,0,0.07066363,0.08897529,0,0,0,0.1407263,0.2665647,0.1974509,0.05063115,0.2149043,0.5508679,0,0.1051892,0.4197518,0,0.04288246,0.3708149,0.04109977,0,0,0,0.04338022,0,0.02908922,0,0.1196886,0.2924832,0.002441983,0,0,0.1891108,0,0,0,0,0,0,0,0,0.2373171,0,0,0,0.005913991,0.4177456,0.4304399,0,0.3138129,0,0.009398461,0,0,0,0,0,0,0,0,0,0,0.007048846,0,0,0,0.3143523,0.2825762,0.3120615,0.5963869,0,0,0.3083225,0,0,0,0.1766104,0,0.02575772,0,0,0,0.01296184,0.2294961,0,0,0.4007062,0.03630444,0,0,0.2443351,0.1029889,0.1920511,0,0,0.3199133,0.1788908,0,0,0.3152248,0,0,0,0,0,0,0.3881562,0.05324408,0.04776308,0.06263264,0,0,0.4074784,0,0.03750997,0,0,0,0,0.08949992,0,0,0,0,0,0,0,0.1032162,0,0,0.01347184,0,0.1323103,0,0,0,0,0,0,0.280468,0,0,0,0,0,0,0.04255378,0,0,0,0,0,0,0,0,0,0,0,0,0,0.1286454,0,0,0,0,0.3209541,0.02186501,0,0,0,0.4059762,0,0.2923031,0,0,0,0.1146708,0,0.6126162,0.07141608,0,0,0,0,0.05613703,0.3333282,0,0,0,0.1033659,0,0,0,0,0,0,0,0,0,0,0,0,0,0,0,0.1389882,0.2030781,0.1855045,0,0,0,0.03043132,0,0.02198189,0.3689877,0,0.05179749,0.08780846,0.1067812,0,0,0,0.08062357,0,0.01651421,0,0,0,0,0,0,0.3144622,0.04026956,0,0,0.2436186,0.1698555,0,0,0,0,0,1.294632,0.4515002,0,1.796554,0.2665013,0,0,0,0,0,0.2867045,0,0,0,0,0,0,0,0,0,0,0.03860515,0,0,0.1599654,0,0,0,0,0.3979667,0,0,0,0,0,0,0,0,0,0,0,0,0,0,0,0,0,0,0,0,0,0,0,0,0,0.5570364,9.333144,0,4.559635,0,0,2.002307,8.135303,1.267949,3.282019,0,0,9.783538,4.329473,7.692887,0.2850746,5.001922,8.961487,7.685571,3.077898,7.378022,0,0,4.756432,0,2.539357,8.950254,0.5904934,3.501409,1.511224,0,3.289747,0,0,1.98304,0,0,0,0.5487975,0,0,0.3620334,0,0,2.195756,0,1.839604,1.436305,0,0,1.204489,0.2382431,0,0,0,0,0,0,0,0,0,0,0,0,0,0,0,0,0,0,0,0,
0.03266838,0,0.1241828,0,0,0,0.3722138,0,0.1569592,0.1983092,0,0.04876388,0,0.1251892,0,0.2257923,0,0,0.4584516,0.5793999,0,0.1615036,0,0,0,0,0,0,0.1300825,0.2371092,0,0,0,0.03942289,0.1687465,0.3352836,0.1512172,0,0,0.3691277,0,0.08998676,0.04458882,0,0,0.1137526,0.03112021,0,0,0,0.1619716,0,0.4463824,0,0.02425219,0.2937453,0.001212696,0.07883561,0.1700874,0,0.3367405,0.3416252,0.2782081,0,0,0.01722837,0,0,0.5681532,0,0,0.3960596,0.1085762,0.1426165,0,0.07329867,0,0.1838329,0.352688,0.4584202,0,0,0,0,0,0.2307242,0.01500656,0,0.1299988,0.1449972,0.1262547,0,0,0,0.2155789,0,0,0,0,0,0.2515316,0,0,0.4491698,0.3924196,0.0002725758,0.1807468,0,0,0,0.3805504,0,0,0,0.1835101,0,0,0,0,0,0,0,0.003647889,0.01814939,0,0.2871276,0,0,0.4915825,0,0,0,0,0,0.06287722,0.3489757,0.2778182,0,0.1322757,0,0.1247511,0,0,0,0,0.02902292,0.3491308,0.216147,0.05239576,0.2179763,0,0.3166305,0,0,0.2927579,0,0.3856629,0,0,0.07465547,0.170639,0.09995578,0,0,0.3950459,0,0,0.03840826,0,0.1316151,0,0,0.2652294,0.009717431,0.04525337,0,0,0.00360747,0,0.4263841,0.2995312,0,0,0,0,0.1782393,0,0,0.0241618,0,0,0.2329877,0.03909783,0,0.07692727,0.03227806,0,0,0,0,0,0,0.2199917,0.006266442,0.08425325,0,0,0,0,0.04720475,0,0,0,0,0,0.02203811,0,0.09262982,0,0.4997084,0,0.2993222,0,0.3395597,0.1879071,0.05179475,0.02676102,0,0.2460975,0,0,0,0,0,0,0,0.01093689,0.2716395,0.03468644,0,0,0,0,0,0,0,0,0,0.3802539,0,0.1654309,0.06152805,0,0.2747611,0,0,0,0,0,0.2964285,0,0,0,0,0,0.3630563,0,0,0,0,0,0,0,0,0.1105671,0,0.2762817,0,0,0,0,0,0,0,0,0,0,0,0,0,0,0.2217217,0,0.2574024,0.1826084,0,0,0,0.06679489,0,0.1116617,0,0,0.4300955,0.3547212,0.06576778,0.09936227,0.07094043,0.2565706,0,0.1434326,0,0,0,0.06085108,0,0,0.04847147,0.0625668,0,0.1632927,0,0,0,0,0,0,0,0,0,0,0,0,0,0,0,0,0,0,0,0,0.1503516,0.1224259,0,0,0.2495696,0.1773494,0,0,0,0,0.2270732,0.09309745,0,0,0,0.03850725,0.1414312,0,0,0,0,0.2346135,0,0,0,0.06265603,0.05382285,0.2654901,0,0,0.4894737,0,0.2577289,0,0.1564635,0.1565258,0,0,0,0,0.2352608,0,0,0,0.3423955,0,0,0.153294,0,0,0,0,0,0.372905,0,0,0,0,0,0,0,0,0,0.2214485,0,0,0,0,0,0,0,0,0,0.09021119,0,0,0,0,0,0,0,0,0,0,0,0.1140147,0,7.468853,0,0,2.072163,0,0,7.019731,5.13772,3.073395,0,0,7.897065,4.789079,1.645713,0,0,4.222342,0,2.759384,1.00718,3.887713,6.889224,0,0,3.842705,0,3.220495,0,0,0,0,0.7563668,12.08634,3.842645,0,0.5844832,1.945398,0,0,1.586699,0.4625436,0,0,1.335118,1.561223,0,0,0,3.066593,0.3242686,5.837247,1.697238,0,0,0,0,0.5004036,0,0,0,0,0,0,0,0,0,0,0,0,0,0,0,
0.2693844,0.02420725,0,0,0.07974,0.2780331,0,0.2138955,0.2798384,0,0,0.05923431,0.0825062,0.0160212,0.01537318,0.1879193,0,0.2524074,0,0,0.1707405,0,0,0.02734867,0.0838532,0.1314361,0.2137414,0.6013627,0,0,0.1573203,0.5723631,0.2340346,0,0.3210095,0.1306131,0.2510651,0,0,0,0.116172,0.1502914,0,0,0.006171955,0,0.1308199,0.3647082,0,0,0,0,0,0,0,0.1017297,0,0,0.06615654,0.349796,0,0,0.0717551,0,0.3276877,0,0.084691,0,0,0,0,0,0.0915902,0,0.09099912,0,0.1605247,0,0,0.04223591,0.03909205,0.1828923,0.07323518,0,0,0,0,0,0.5748384,0,0,0.6432722,0.02667464,0.1348107,0,0,0,0,0.08035109,0,0.1751475,0,0,0,0,0,0.2371174,0.1456015,0,0,0.09521984,0,0,0,0.01944587,0.03583543,0,0,0,0,0,0,0.08483309,0.05299655,0.5075237,0,0,0,0.4478038,0.1000635,0.1764911,0,0.01403979,0.276199,0.2559275,0,0,0.1178981,0,0.05261477,0,0.3047976,0,0,0,0.02532987,0,0,0,0,0,0,0.3396101,0,0,0.3466526,0,0,0.1563969,0,0,0,0,0,0,0.4461783,0.1410828,0.1309167,0.5650778,0,0,0.1406378,0,0,0.074862,0.1576991,0.3926825,0.4972903,0.4261043,0,0.2942366,0.01113686,0,0.2938133,0.1856176,0,0,0.2060109,0,0,0,0.03872762,0,0,0.3020534,0,0.6364642,0.3111101,0.03737639,0.3665067,0.1409816,0,0,0.01045537,0,0,0,0,0,0,0,0,0.04206568,0.07543936,0.1363668,0.09328865,0,0,0,0,0.03335302,0.2132181,0,0,0.3231685,0,0,0.03287458,0.2649788,0.4059215,0,0,0.00305706,0.5427522,0.2597668,0,0,0.01483642,0,0.4601556,0,0.1105198,0,0,0,0,0,0.02153073,0,0.01868601,0,0,0,0,0,0,0,0,0,0,0.2448472,0,0,0.3171394,0,0,0,0,0,0,0,0,0,0,0,0,0,0,0.1972122,0,0,0,0,0,0,0,0,0,0,0,0,0,0,0.1328109,0.08320468,0,0,0.1730226,0.3586788,0.1475472,0,0,0,0.00086303,0,0,0.32064,0,0,0,0.2333459,0,0,0,0,0.02882154,0,0.1973262,0,0.4047754,0,0,0,0,0,0,0,0,0,0,0,0,0,0,0,0,0,0,0,0.1958545,0,0,0,0.1116523,0.3109677,0,0,0.0959807,0.2375827,0,0.09335565,0.04670826,0,0,0.09878886,0.153027,0,0,0,0.1521487,0,0,0.1646349,0.01629334,0,0,0,0.1079448,0,0,0.07286678,1.643025,2.333727,0,0.4915899,0,0.1984437,0,0,0,0,0,0,0.1495765,0,0,0,0,0,0,0,0,0,0,0,0,0,0,0,0,0,0,0,0,0,0,0,0,0,0,0,0,0,0,0,0,0,0,0,0,0,0,0,0,0,0,0,0,0,6.988757,0.2557228,12.67891,5.800514,0,1.889734,0.1989311,1.934126,4.736917,0,0,0,0,6.80237,0,0,0,0,2.904633,5.82098,0,0.140598,2.358965,0,0.5603815,2.464545,1.272509,2.842874,0,0,7.751699,0,1.810252,0.4935907,0.9887983,5.684165,0,0,0,5.541844,0,1.233731,0,0,0,1.806005,0.6425223,0,3.089321,5.851721,0,0.3408899,0,0,0,0,0,0,0,0,0,0,0,0,0,0,0,0,0,0,0,
0.2778006,0.1858373,0,0,0,0,0,0.6554095,0,0.4864713,0,0,0,0.01991813,0.2914959,0,0,0.0920347,0,0,0,0,0,0.3576653,0,0.1234527,0,0,0.5253117,0,0.2289475,0.01029409,0.3109215,0.03187798,0,0,0,0.07969838,0.1864565,0.3006838,0,0,0,0,0.2577026,0.0924851,0,0,0,0,0,0.1658657,0.06640649,0.3795664,0,0,0,0,0,0.6054282,0.1000111,0,0,0,0,0,0,0,0,0,0,0,0.07149312,0.005126236,0,0,0,0,0,0,0.2538891,0,0.07670952,0,0,0,0.1997871,0.03497301,0,0,0.02104794,0,0.5931133,0.4831124,0.3432441,0,0.07322373,0,0.04829097,0,0.1596998,0,0.2572123,0,0.1176453,0,0,0.006131641,0.5953159,0,0,0,0,0,0.2367678,0.1295998,0,0.3353798,0.208839,0.219902,0,0,0,0.03383563,0,0,0.1396656,0.03114241,0,0.2549682,0.1007429,0,0.1319774,0.4430857,0.4601005,0,0.3915896,0.1917115,0.1439954,0,0.3222772,0.194262,0,0,0,0.4586489,0,0,0.2430704,0,0.6802561,0.01656833,0.2281736,0.2782156,0.176065,0,0.279505,0,0,0,0,0.2086223,0,0.3573552,0.05842983,0.07294757,0,0,0.09383649,0,0,0,0.416979,0.1741552,0.2219004,0,0.2624902,0,0,0,0.01894946,0.4357476,0,0.1790774,0,0,0,0,0,0,0.05551861,0.07598963,0,0.1696647,0,0,0.08417565,0.06953046,0.0303748,0,0.1670115,0,0.1942691,0,0,0,0.1972454,0.335021,0.04451453,0,0.5790316,0,0,0,0.1957181,0.5379922,0.2337471,0,0.3072904,0.1686081,0.1379382,0.1460366,0,0.1639232,0,0.4511117,0,0.05043107,0.1089436,0,0,0,0.07522005,0,0,0,0,0,0.05583315,0.01796376,0,0,0,0,0,0,0,0.09454776,0,0,0,0.2309268,0,0,0,0,0,0,0,0,0,0,0,0.0458595,0,0,0.0006358615,0,0,0,0,0,0,0,0,0,0,0,0.1765908,0,0,0,0,0,0.106312,0,0,0,0,0,0,0,0,0,0,0,0,0,0,0,0.2792497,0.06904061,0.133617,0.07612912,0,0.3714957,0,0,0.1518745,0,0,0,0.2772177,0,0,0,0.04142613,0.1467397,0.1041837,0,0,0,0,0,0,0,0,0,0,0,0,0,0,0,0,0,0.1692654,0,0.09402768,0.2372022,0,0,0.1908918,0,0.3628429,0.411684,0.2987337,0.2932405,0.2053854,0,0,0,0,0,0.209372,0,0,0.2982513,0,0,0,0,0,0,0,0,0.0755445,0,0.1739191,0,0.5710489,1.254326,1.222632,0,2.04377,0,0,0,0.07121873,0.3562359,0,0,0,0,0,0,0,0.3214918,0,0,0,0,0,0,0,0,0,0,0,0,0,0,0,0,0,0,0,0,0,0,0,0,0,0,0,0,0,0,0,0,0,0,0,0,0,0,0,0,0,0,0,3.639135,2.569386,0.8641374,2.829831,0.6990501,0,0,0,0,5.591795,0,1.882169,4.238061,0.352158,0,0,0,2.028259,5.731679,7.199656,1.291066,3.340789,0,0,0,7.45622,0,0,0,0,0,0.5187342,0,1.039172,0,2.470574,2.960887,0.2700462,0,1.942486,0,0,0,0,4.647379,2.653186,0,4.622188,0.1375621,0,0,0,0,0,0,0,0,0,0,0,0,0,0,0,0,0,0,0,0,
0.1791503,0,0.2905134,0.2719066,0,0,0,0,0,0,0.05834692,0.09332559,0,0,0.5328846,0.2800617,0,0.1305903,0.2004239,0,0,0,0,0,0.06670096,0.3242035,0.7325652,0,0.2947878,0.2677602,0,0.07638744,0.1259516,0.08075863,0,0.020371,0.2026387,0,0,0,0,0.7393471,0,0,0,0,0.216298,0,0,0,0,0,0,0,0.06869189,0,0,0.06402212,0.04916816,1.104501,0.3563218,0.6266016,0.1214906,0,0.4207676,0,0,0.2219177,0.4690069,0.1543106,0.1663074,0,0,0,0.06879099,0,0,0.1655033,0,0,0,0,0,0,0.1032656,0.5229679,0,0,0,0.1965818,0,0.2872001,0,0.1462132,0.092903,0.1876615,0,0,0.3626471,0,0.4719385,0.1546226,0,0,0,0.02335404,0.5327736,0,0,0.5542032,0.02817732,0.02549888,0.06841099,0.5327233,0,0,0,0,0,0,0,0.5413216,0.03172212,0.1699221,0.1228444,0.2063446,0,0,0,0.4070584,0,0,0,0,0.06806955,0,0,0.02712511,0,0,0.0696226,0,0.1187154,0.002290742,0.2866734,0,0.54193,0.2837611,0.4314667,0.1980063,0.09144895,0.4641179,0.2612396,0,0.05953132,0.3125177,0.1590728,0,0.01609045,0,0.3651302,0.2302492,0.1700802,5.738277E-05,0,0,0,0.02863182,0,0.1674028,0,0,0,0,0,0.3205375,0,0.2279948,0,0.1680088,0.5039546,0.3658326,0,0,0.4742058,0,0,0.5079632,0.2773134,0,0.08363062,0,0,0,0.3080067,0,0,0,0,0,0.4933127,0.06827496,0,0,0,0.3191968,0,0,0,0,0,0,0,0,0.2435443,0.2219069,0,0,0.2581789,0,0,0,0,0,0.3296042,0,0.01333944,0,0,0.3262684,0,0.1911096,0,0,0.1081935,0,0,0.006551876,0,0.09111407,0.2425195,0.2875344,0.008588487,0.3598751,0.9142667,0,0.02471354,0.3566882,0.197646,0.2745841,0,0,0,0.07053268,0,0,0,0.03387319,0,0,0,0.3222044,0,0,0,0,0.3334939,0,0,0,0,0,0,0,0,0.2312533,0,0,0,0,0.003862496,0,0,0,0,0,0,0,0,0,0,0,0,0,0,0,0,0,0.2281749,0,0,0,0.07671721,0.09425984,0.09092843,0,0.07585555,0,0,0.104395,0,0,0,0,0,0,0.1351819,0,0,0,0,0,0,0,0,0,0.165668,0,0,0,0,0,0,0,0,0,0.009134072,0.5171279,0.117809,0,0,0,0.207294,0.2731942,0.07069266,0,0,0,0,0.09848265,0.1883629,0,0.07724097,0.2515935,0.1588517,0,0.08129068,0,0,0,0,0.1019542,0.03768869,0,0,0.1811407,0,0,0.04982058,1.210351,0.4859132,0.09513092,1.700004,0.8213464,0.2383104,0,0.6296113,0.1877521,0,0,0,0,0,0,0,0,0,0.1313985,0,0,0,0,0,0,0,0,0.2196432,0,0,0,0,0,0,0,0.1094413,0.146072,0.1179591,0,0,0,0,0,0,0,0,0,0,0,0,0,0.02551277,0,0,0,0,0,0,0,0,0,0,8.832034,0,1.383513,0,0,0,2.970092,0,6.122329,4.065365,0.6843221,0,0,0,0,0,0,1.417516,0,0,0,0,0,7.291815,0,8.134683,0.1407158,1.801989,0,5.300827,0,0,0.3436919,6.852208,0,0,0,0,0,0,0,10.46597,1.34072,0.9376297,0,0,1.684725,5.927012,0,0,0,0,0,0,0,0,0,0,0,0,0,0,0,0,0.04661318,0,0,0.118219,0,
0.2079697,0,0.4725594,0,0,0.8109868,0,0.269211,0,0,0.08921894,0.2695748,0,0.04642219,0,0.00916886,0,0.3738379,0,0,0.02270927,0,0,0.2665428,0,0,0,0,0,0,0,0.0777076,0,0.293441,0,0,0,0.462631,0.1441416,0.1187935,0,0.1630296,0,0,0.2810642,0,0.366758,0,0.0400439,0,0,0,0,0,0,0,0,0.03667146,0,0.5293078,0.1784099,0.7342424,0.001371869,0,0.01265137,0.1519069,0.07985109,0,0.2795187,0.1076243,0.1533958,0,0,0.2522659,0.2654376,0,0.2607675,0,0.1996991,0,0,0,0,0,0,0,0.1022798,0,0,0.7795635,0,0,0,0.1316421,0,0.1131485,0.1255468,0.1229805,0.09595261,0,0,0,0.2115294,0.01549438,0,0,0.07432794,0.3151595,0,0,0.1034602,0,0,0.1776971,0,8.116751E-05,0,0,0,0,0,0,0,0.0500089,0.1830792,0,0,0,0.2126542,0.1850633,0,0,0.09300386,0,0,0,0.0615006,0,0,0,0.1673468,0,0.1870567,0.2261153,0.2594942,0.2970854,0,0,0,0,0.2755739,0,0.1266199,0,0,0.0760071,0,0,0,0,0.3709882,0,0,0.2167917,0,0,0,0,0.2290107,0.1226918,0.1995287,0.178845,0.05560734,0.5839567,0,0,0.01801016,0.0263636,0.1256301,0.09747183,0.1902691,0,0,0,0,0.08402847,0.1692433,0.3288595,0.01727766,0,0,0.1500845,0,0,0.06748579,0,0.2743011,0,0.07194896,0.2118559,0,0,0,0.06115199,0,0,0,0,0.07147803,0.1299094,0.2033372,0.3583196,0,0.2548636,0.1306742,0,0,0,0.1727313,0.2479628,0,0.2762253,0,0.3143732,0,0,0.7468885,0.1712711,0,0.05993791,0.105666,0,0.03347843,0.2245658,0.4161133,0.1943268,0,0.1841477,0.02858428,0,0.2901833,0,0,0,0.2880338,0,0,0,0,0,0.5965944,0,0,0,0,0,0.7109746,0,0,0,0,0,0,0,0,0,0,0,0,0,0,0,0,0,0,0,0,0,0,0,0,0,0,0,0.5046266,0,0,0,0,0,0,0,0,0,0.1553012,0,0,0.021109,0,0.1986832,0,0.2169638,0.08213229,0.04878691,0,0.1416849,0.1289768,0.0002276853,0.238012,0,0.04252608,0.03547181,0,0,0.2668036,0.08237701,0,0,0,0,0,0,0,0,0,0,0,0,0,0,0,0.05019575,0,0,0,0,0,0.03987013,0,0,0.2004065,0,0,0,0,0.4904763,0.2438121,0,0,0.1121509,0.1665004,0,0,0.2390457,0,0,0,0,0,0,0,0,0,0.142652,0,0,0.8268951,0.007087716,0,0,0,0.1391572,1.139793,0.09350801,0,0,0.1152259,0,0,0,0,0,0,0,0,0,0,0.1396786,0,0.3259323,0,0.1027167,0,0,0,0,0,0,0,0,0,0,0,0,0,0,0,0,0,0,0,0,0,0,0,0,0,0,0,0,0,0,0,0,0,0,0,0,0,0,0,0,0,0,0,2.920238,5.433366,0,0,0,0,0,0,0,0,0.4610591,1.001239,0.9139239,1.379477,18.06709,0,2.4248,0,0.9677528,0,0.668341,7.61772,0,0,0,1.896621,0,0,4.066954,4.050961,0.1216806,3.823296,0,0,3.292026,0,3.854822,0,7.369574,0,0,6.276967,0.1465898,0,0,0,0,0,0,0,0,0,0,0,0,0,0,0,0,0,0,0,0,0,0,
0.2934099,0,0.2034889,0.08696252,0,0.3119207,0.2568117,0.03083017,0,0.5974857,0,0.07697047,0,0.2459722,0.1428383,0,0,0,0,0.07446315,0.1172558,0.08751292,0,0.3661002,0.01405193,0.2004816,0,0,0.1740114,0.1374008,0,0,0,0,0,0,0.1268762,0.183542,0.2153559,0,0,0,0.01168534,0.1140914,0.5232752,0,0.2609072,0.1216787,0,0.5473897,0,0,0,0,0.1166978,0,0.2819335,0.03485671,0.2523545,0,0.1160627,0,0.0295495,0,0.2954907,0,0.0607809,0,0.05235198,0.3681586,0,0,0.193064,0,0,0.1882762,0.2286934,0,0,0,0.06989474,0,0.02635546,0.245192,0,0,0.1930496,0,0.2063023,0.05477566,0.148478,0,0.05003581,0.257155,0,0,0.1445535,0,0.01317762,0,0,0,0.388478,0.03199679,0,0,0,0,0,0,0,0,0.005085645,0.317354,0,0,0,0,0.05364911,0,0,0,0.1431939,0,0,0,0,0,0.1583009,0.2398587,0,0.1803143,0.007469732,0.3247846,0,0,0,0,0.3335691,0,0.1831294,0,0.3672274,0,0.01450432,0,0.2294091,0,0,0,0,0,0.4995294,0.1773653,0,0.01101571,0,0.5080839,0.2446585,0.08848308,0.2668435,0,0.02878759,0,0.05242588,0,0.08265836,0.1202696,0,0,0.2005191,0,0,0.04839319,0.1156244,0.2908591,0.1069852,0.08764625,0,0,0,0.00874851,0,0.07423101,0.08450371,0.6744792,0,0.224015,0.2950104,0,0.3107285,0.06577834,0.1074903,0.03610956,0.5463966,0,0.5635153,0.1995232,0.2615391,0,0,0.1939145,0,0,0.0820486,0,0,0.1184481,0.5151556,0.5826793,0,0,0,0,0.0777608,0.3332751,0,0,0,0.006666443,0,0.08864988,0,0.250713,0.01609172,0.7866082,0,0,0.3151731,0,0,0,0,0,0,0,0.2542906,0,0,0,0,0,0.1241732,0.2729713,0,0,0,0,0,0.08623256,0,0,0,0,0,0,0,0,0,0.2256126,0,0,0,0,0,0,0,0,0.524093,0,0,0,0,0,0,0,0,0,0,0,0,0,0,0,0,0.535594,0,0,0,0,0,0,0,0,0,0,0,0,0,0,0,0,0.4380313,0,0,0.01196957,0.3917231,0.3249067,0.138243,0.07885676,0,0,0.2493371,0,0.6973259,0,0.1538467,0,0,0,0,0,0,0,0,0,0,0,0,0,0,0,0,0,0,0,0,0,0.1046057,0,0.01575703,0.2462311,0.04633791,0.3962641,0,0.1096429,0,0.3658416,0.110149,0,0.03342462,0.376912,0,0,0.0731561,0,0,0,0,0.7467162,0,0,0,0.5795475,0,0,0,0,0,0,0.3166629,0,0,0,0,0,0,0,0,0,0,0,0,0,0,0,0,0.5110453,0,0,0,0,0.2039429,0,0,0,0,0,0,0,0,0,0,0,0,0,0,0,0,0,0,0,0.2723497,0.5152026,0,0,0,0,0,0,0,0,0,0,0,0,0,0,0.9349838,0,3.306837,12.50831,0,0,0,0,0,2.75108,0,0,0,0,0,0,0,3.371213,0,0,0,4.114744,0,0,0.8353551,0.7293844,6.700974,0,0.5912598,2.613858,0.6142218,0,0.2867047,4.370939,0,3.628203,0,2.689085,0,7.372905,6.864318,0,0,0.4402752,2.040969,0,0,0,0,0,0.5357769,0,0,0,0,0,0,0,0,0,0,0,0,0,0,0,0,0,0,0,0,0,
0.1146231,0,0.6555299,0.1763429,0.2724361,0.1319892,0,0,0,0,0.4023221,0,0,0,0.2974651,0,0,0,0.05862288,0.2001175,0,0.3224779,0.02303282,0.2387544,0,0.1975944,0.1285653,0,0,0.6227062,0,0,0,0.05388661,0.02439611,0.3081757,0,0,0.110079,0,0,0.3476521,0.6701155,0,0.2891946,0,0,0,0.4573446,0,0,0,0,0.172537,0.1611886,0.1673516,0.2025352,0.1597503,0,0,0.04705602,0.06196434,0,0,0.1163437,0.06801721,0.2312288,0.04942978,0.05094693,0,0.1597428,0.3279759,0.5128331,0.002884575,0,0.2019493,0,0.3424114,0.1726477,0.1358263,0,0,0,0,0,0.3514571,0.2159559,0,0.1897231,0.0001236811,0.05461493,0.01345601,0.0905401,0,0.3366911,0.04628407,0.06157592,0,0,0.2324652,0.3713447,0,0.1762453,0.0003262676,0,0,0,0,0,0.2969775,0.3814005,0,0,0,0,0.05437269,0,0,0.1384826,0.264319,0,0,0.288928,0.002991803,0,0.1324115,0,0.3195978,0.4593614,0,0,0.04938226,0,0.1288085,0,0,0.254981,0,0.01001203,0.2321956,0,0,0.5812262,0,0,0.265446,0,0,0,0.02798792,0.4671166,0,0,0.2412978,0,0,0,0.2529381,0,0,0,0,0.4336319,0,0.003342017,0.3134837,0,0.3651335,0,0,0,0.06300901,0,0.3211334,0,0,0.2121485,0.1600756,0,0.2085169,0,0.4885953,0,0,0.3882371,0,0.00111514,0,0.06732392,0,0.001274402,0,0,0,0.2438805,0,0,0,0.01295535,0,0.4532561,0,0.3142807,0,0,0.0757394,0,0,0.06041136,0,0.7322567,0.2156061,0,0,0,0.2087523,0,0,0,0,0.255167,0,0.3748935,0,0,0.1408037,0.04357928,0.2396276,0,0,0,0,0,0,0,0,0.1104531,0.2609901,0,0,0,0.5273005,0,0.3799331,0,0.2210425,0.2813153,0,0,0,0.05805416,0,0.1079729,0,0,0.01922064,0,0,0,0,0,0,0,0,0,0,0,0,0,0.2286971,0,0,0,0,0,0,0,0,0,0,0.0692199,0,0,0,0,0,0,0,0,0,0,0,0,0.07986284,0,0,0.1620228,0.7976047,0.08708689,0,0.2368353,0,0.620463,0.1513932,0,0.03217472,0.04891447,0.1350724,0,0.4378365,0,0.2230649,0,0.6834493,0,0.1717361,0,0,0,0,0,0,0,0,0,0,0,0,0,0,0,0,0,0,0,0,0,0,0,0,0,0,0.1318593,0,0.4997151,0.2354222,0,0,0,0,0,0,0,0.02565657,0,0.1504163,0,0,0,0,0.3868315,0.6472266,0,1.403839,0,0,0.2908095,0,0,2.581352,0,0,0,0,0,0,0,0.1142112,0.298095,0,0,0,0,0,0,0,0,0,0,0,0,0,0,0.07702255,0,0,0,0.2119875,0,0,0,0,0.03715016,0.4171512,0,0,0,0,0,0,0,0,0,0.1607012,0.06773526,0,0,0,0,0,0,0,0,0,0,0,0,0,0,0,0,0,0.07116908,0,5.156301,0,0,0,0,5.990767,0,0,0,0,0,0,0,0,0,0,8.027804,0,3.321603,0,0,7.139198,6.144594,9.707273,1.608186,5.096816,0.5446158,6.023319,0,0,5.819692,0,2.449527,1.937524,0,0.3930474,0,0,3.769803,0.6999001,3.20207,1.044243,5.88945,0,0,0,0.2858039,0,0,0,0,0,0,0,0,0,0,0,0,0,0,0,0,0,0,0,
0,0,0.1159202,0,0.05811926,0,0.02490587,0,0,0,0,0.335867,0,0.2330663,0.8463509,0.05127132,0,0,0,0,0,0.3106378,0,0,0,0,0.08286165,0.3654172,0.2210974,0.3992746,0,0.1302728,0,0,0.03390947,0.1792206,0.4486076,0,0.2081347,0,0.1303917,0.505093,0.06139948,0,0,0,0,0,0,0.06034499,0,0.4110802,0,0,0.005548553,0,0.2650667,0.2087299,0.119151,0,0,0.2526967,0.1967688,0,0.2296771,0,0,0,0.0642157,0,0.1685482,0.1001117,0,0,0.1465462,0,0.02462441,0,0.009887216,0,0.01379912,0.1193699,0.3630341,0,0,0.1308057,0,0,0,0,0.02349975,0,0.07813983,0,0,0.2403597,0,0,0.0319442,0.1207674,0,0,0.28119,0.1157743,0,0.6234185,0,0,0.4236123,0,0.0355405,0,0.3462166,0,0,0,0,0,0,0.417152,0.08504996,0.106927,0.03204178,0,0,0,0.07230382,0.1946284,0.003915471,0.1392168,0,0.03615742,0.05870838,0.03277986,0,0.2696582,0,0.4997753,0,0.1530969,0,0,0,0,0,0.008026308,0.2216113,0.2237652,0,0,0.4151566,0.3955838,0,0,0,0.3440555,0.4071907,0.005713499,0.1005031,0.1453128,0,0,0,0.1142944,0,0,0,0,0,0.1065102,0,0,0.1001703,0,0.02960913,0,0,0,0,0,0,0,0,0,0,0,0,0,0.3918691,0.3316442,0.4888693,0,0,0.1139635,0.1740045,0,0,0.3900467,0,0,0,0,0.1409929,0.1047479,0,0.07231025,0.3245327,0,0.3720125,0,0,0,0.5534651,0,0,0,0,0.0222091,0,0.2357114,0.2429663,0,0.2183406,0,0.801525,0.1434365,0.2876862,0,0.1422399,0,0,0,0,0,0.07921581,0,0,0,0,0,0.4075498,0.3521713,0.03385385,0.3898447,0.3093093,0,0,0,0,0,0,0.186195,0,0,0,0,0,0,0,0,0,0,0,0,0,0,0.5809197,0,0,0.3116906,0,0,0,0,0,0,0,0,0.000603826,0.2515064,0,0,0,0,0,0,0,0,0,0,0,0,0.004750915,0,0.1583641,0,0.03411612,0.05702689,0,0.1726959,0,0,0.5390592,0.06515675,0.1491886,0,0.06587131,0,0.4470921,0,0,0,0.1298007,0.3551373,0,0.2471505,0,0,0,0,0,0,0,0,0,0,0,0,0,0,0,0,0,0,0,0,0,0.1689177,0,0,0.3954642,0.1735468,0,0.1910787,0,0.1851059,0,0.3422769,0,0,0,0,0.1586018,0,0,0,0.06089044,0,0,0.2365044,0.5777518,0,0,0,0.1517546,0.2076733,0,0.2520974,0,0,0,0.2259073,0,0,0,0,0,0,0.02614482,0,0,0,0,0,0.06261764,0,0,0,0,0,0,0,0,0,0,0,0.09690914,0,0,0,0.6435135,0,0,0,0,0,0,0.05451093,0,0,0,0,0,0,0.4816399,0.06808098,0,0,0,0,0,0,0,0,0,0,0.03352708,0,1.716362,0,5.209798,0,1.202748,3.369858,0,0,0,4.540303,5.248825,4.785388,0,0,0,0,0,4.718829,0,0,0,0,3.108804,0,0,0,0,0,0,0,0,3.28508,8.555601,0,0,0,0,0,3.228846,0,9.524594,11.18573,0.4805692,0,2.181238,0,0,0,0,2.972479,0,0,0,0,0,0,0,0,0,0,0,0,0,0,0,0,0,0,0,0,0,0,
0,0,0,0,0.0376799,0,0,0,0,0.1667461,0,0,0,0,0,0.06883676,0.08881188,0,0.1555285,0,0.2714096,0.2493368,0.0463765,0.01705782,0,0.06197636,0.3102974,0.3969937,0.1175115,0,0,0.005736121,0,0.4950191,0,0.08913789,0,0,0,0.09968759,0,0.01229846,0,0,0,0,0,0,0.2414726,0,0,0,0,0.08188745,0,0,0.1395654,0.1452084,0.2926639,0.05489151,0.100605,0,0,0.05469815,0.5185116,0.3992871,0,0.06443971,0.06644729,0,0,0.06104704,0,0,0.1195179,0.1396727,0,0.4779529,0.2009955,0.5054337,0,0.1105391,0,0,0,0,0.08156911,0.4619494,0,0.1690693,0,0.08213961,0,0,0,0,0,0,0,0.1648939,0,0.1204556,0,0.001817556,0,0.3579216,0,0.1383056,0.271567,0,0,0,0.1562764,0.3022408,0.3472476,0.1606985,0,0.1710604,0,0.1401356,0.0938448,0,0,0,0,0.09105209,0,0.260202,0.01004564,0,0,0,0.1267031,0.3587768,0,0.03342252,0,0.1856652,0,0.6205329,0,0,0.1597815,0,0.3425641,0.1719562,0.01864243,0.273982,0,0.2995884,0.1188873,0.2098922,0,0,0.00729016,0,0.2603356,0,0,0,0.3350683,0,0.2797809,0,0.01789553,0.1124383,0,0,0.2465318,0,0.2261038,0,0.003543774,0.4791369,0.344357,0.2818262,0.05484257,0,0.1818935,0,0,0.3844583,0,0,0,0,0,0,0,0.3259781,0,0.03101584,0.09273306,0,0.3112217,0.235595,0,0,0,0,0,0.1963964,0,0.07647025,0.4329395,0.07361598,0,0,0.3367642,0.1413271,0,0,0,0,0.7459256,0,0.1412859,0.002989175,0.2054125,0.192614,0.01463821,0,0,0.3423976,0,0.1560573,0,0,0,0,0.1972504,0,0,0,0.167121,0.0428803,0.6126857,0.001694296,0.4336302,0,0.1103234,0,0.5271606,0,0,0,0,0.1136922,0.1383377,0.008211686,0.02564607,0,0,0,0,0,0,0,0,0,0,0,0,0,0,0,0,0,0,0,0,0,0,0,0,0,0,0,0.01173891,0,0,0,0,0,0,0,0,0,0,0,0.1188278,0,0,0,0.07096312,0,0.3312845,0,0,0.1643505,0.06271602,0,0,0.05183607,0.4020868,0,0,0.2599971,0,0,0.09499169,0.1566054,0,0.1904195,0.1319786,0,0,0,0,0,0,0,0,0,0,0,0,0,0,0,0,0,0,0,0,0,0,0.1739071,0,0,0,0.5408452,0.1686958,0.2060367,0,0,0,0.3223846,0,0,0,0.4422932,0.005398885,0,0,0.21931,0,0.04880459,0.7594664,0,0,0,0,0,0.08199812,0.2021374,0.02577195,0.330536,0,0,0,0.3778736,0,0,0,0,0,0,0.06643044,0,0,0,0,0.1381156,0,0,0,0,0,0,0,0,0,0,0,0,0,0,0,0,0,0,0.196518,0,0,0,0,0,0,0,0,0,0,0,0,0,0,0,0,0,0,0,0,0,0,0.2582864,0,0,0,2.138466,6.180472,5.03634,0,4.370261,2.832114,7.511,0,5.200824,6.313659,3.076859,0,0.07287064,0,0,0,0,4.071283,0,0,0,0,0,2.189783,5.199919,0,9.332254,0,4.324568,6.697257,0,1.167464,0,1.514867,0.7445524,0,0,0,0,0,0,0,6.269845,0,0,3.604487,0,1.913565,0,3.436914,0,0,0,0,0,0,0,0,0,0,0,0,0,0,0,0,0,0,0,0,0,
0,0.1463083,0,0.1175913,0.07652704,0,0.1232903,0,0,0,0,0,0,0.3885967,0.3043446,0.2309048,0.0650814,0.3528199,0,0,0,0,0.04241946,0,0.1113159,0,0.04132991,0,0,0,0.3285049,0.1211312,0.1640184,0,0.2736627,0,0.08527711,0,0,0.1307581,0,0,0,0,0,0,0,0,0,0,0,0.04583637,1.166953,0.7002239,0,0.2816856,0,0,0.1015305,0,0,0.2550505,0,0,0,0,0.2192517,0.07254978,0,0,0,0.4959286,0,0,0.3415698,0.2792449,0,0.1191456,0.00896827,0,0,0,0,0,0.1418522,0,0,0,0,0.04643024,0.2581033,0,0,0.2165349,0,0.5188228,0.6383607,0,0.1996944,0,0.3071519,0,0,0,0.107254,0,0,0.2382342,0.3068386,0.4623752,0,0,0.3952628,0,0,0.2590855,0,0,0.195738,0.14798,0,0,0,0,0,0,0,0,0,0.08299675,0,0,0,0.163387,0,0,0,0,0.3074235,0,0.1326103,0,0,0,0.3893694,0,0,0.01748018,0,0,0.578066,0,0,0,0.1459695,0.439901,0.6570825,0.2798021,0.4213176,0,0.04853739,0,0,0,0.1935132,0,0,0,0.1251376,0,0,0.2859381,0.07124132,0,0,0,0,0,0,0,0,0,0,0,0,0,0,0,0,0,0,0.4616483,0,0,0.04164415,0,0.09641474,0,0,0,0.2672646,0,0.2164556,0,0,0.5972081,0,0,0,0.1314031,0,0,0,0.2814477,0,0,0,0,0,0,0.1550775,0,0,0.04396347,0,0,0.4219205,0,0.7668592,0,0.1794079,0,0.03810887,0.1545855,0,0,0.1047822,0.423852,0,0,0,0,0.03992179,0.3602208,0,0.2878194,0,0,0,0,0,0.4191135,0,0,0,0,0,0,0,0,0,0,0,0,0,0.1462718,0,0,0.5978891,0,0,0,0,0,0,0.1148197,0,0,0,0,0,0,0,0,0,0,0,0,0,0,0,0,0,0.112339,0.03989556,0.4412883,0,0.4511607,0,0,0,0,0,0,0.156821,0,0.1610606,0,0,0.3753262,0.186746,0,0.1254507,0.1124739,0,0.1206742,0,0.1561183,0,0,0,0,0,0,0,0,0,0,0,0,0,0,0,0,0,0,0.004286042,0,0,0,0,0.08912982,0,0,0,0.06182516,0,0,0,0.1616288,0,0.08476157,0,0.8475434,0,1.157768,0.2909968,0,0,0,0,0,0.02359092,0.8141904,0.1071517,0.48482,0.1715883,0.1344473,0,0,0.08695308,0,0.151433,0.6012636,0,0,0,0,0,0.03914856,0,0,0,0,0,0,0,0,0,0,0,0,0.02489979,0,0,0,0,0.07251517,0,0,0,0,0.1485164,0,0,0.1078054,0,0,0,0,0,0,0,0,0.3321174,0,0,0,0.09752905,0,0,0,0,0,0,0.0924234,0,0.0253155,0,0,4.539959,0,5.710052,0,2.739614,4.517241,0,0,0,0,0,3.783667,0,4.856724,7.983114,5.740366,0,0,6.045906,0.3652942,0.7878987,3.625714,0,0,2.979108,0,0,0,0,0,3.045553,0,2.829472,11.18865,2.812877,0,0,1.651157,1.114396,0,2.915562,0,0,0,4.844785,2.439659,0,0,0.8749382,0,0.2834274,0,0,0,0,0,0,0,0,0,0.04759588,0,0,0,0.3252213,0,0,0,0,0,
0,0,0,0.0260904,0,0.1835239,0.01995007,0.0007623223,0.2788478,0,0.08019514,0,0.425662,0,0.3409878,0.3274282,0,0.07108212,0.06017529,0,0.1470707,0,0,0,0,0.4654191,0.2188819,0,0.0004900882,0,0,0.002876761,0.113833,0,0,0,0.02537108,0,0,0.1345212,0.3094809,0.4385456,0.4000711,0,0,0,0,0,0.2006571,0,0,0.1341407,1.553124,0.7597049,0.3680973,0,0,0,0.2871424,0.05653005,0.05454398,0,0.1189468,0,0,0,0.1110328,0.518041,0,0,0,0.02277998,0.01379392,0,0,0.261307,0.06869831,0,0,0,0.1709394,0.5733442,0,0,0.01398049,0.2739027,0.1760972,0,0,0.5835854,0,0.2513787,0,0.006521139,0,0.005395956,0,0,0,0,0,0.1339655,0,0,0.05896723,0,0.09777217,0.04427267,0,0.2051327,0.1005917,0,0,0.4600261,0,0.2244533,0,0.1046093,0,0,0.373629,0.06630486,0,0,0,0.1291699,0.05579729,0.2022474,0,0,0.207097,0.59692,0.08148131,0.001804418,0.138664,0,0,0.3187745,0,0.1030172,0.2236382,0.1939858,0,0.1476279,0.005713364,0.2817401,0,0.07217323,0.02515529,0.0300721,0,0,0,0,0.04564844,0,0.472202,0,0.30941,0.5550913,0,0,0,0,0,0,0.2203737,0.1109638,0.07151408,0.5010127,0,0.3558777,0,0.2379135,0,0,0,0,0,0,0,0,0,0,0,0,0,0,0,0,0,0,0,0,0.4507736,0.01236625,0.2618479,0.1453003,0.1399889,0,0,0.03884893,0,0.1247723,0,0,0,0.08185159,0.2232171,0.1926659,0.08432551,0.7032919,0,0.2063991,0.2959687,0,0,0.1472612,0,0.3696108,0,0,0,0,0,0,0,0.2342421,0,0,0.02835326,0.4126439,0.06736239,0,0,0,0.02543863,0.2152947,0.383449,0.2476014,0.02715631,0,0.01995351,0,0.292323,0.1392183,0,0,0,0.1839929,0,0.01863923,0,0.06259961,0,0,0,0,0,0,0,0,0,0,0,0,0,0,0,0,0,0,0,0,0.07129244,0,0.2454658,0,0,0,0,0,0,0,0,0,0,0.3050907,0,0,0,0,0,0,0,0,0,0,0,0,0.02257335,0.413596,0.2469006,0.3383035,0,0,0,0,0.05108977,0,0.160632,0.01880568,0,0,0,0,0.3270866,0,0.4316183,0,0,0,0,0,0,0,0,0,0,0,0,0,0,0,0,0,0,0,0,0,0.1279487,0,0.2503489,0.009260475,0,0.1174057,0,0.05727375,0,0.2721327,0.04097247,0,0,0,0.1324446,0,0,0,0.06723337,0.1583099,0.07606044,0.3353365,0,0,0.2751939,0,0,0,0,0,0,0,0,0,0,0,0,0,0.2001979,0,0,0,0,0,0,0.01687368,0,0,0,0,0,0,0,0,0,0,0,0,0,0,0,0,0,0.04295576,0,0,0,0,0,0.2370208,0,0,0,0,0,0,0,0,0,0,0,0,0,0,0,0,0,0,0,0,0,0,2.397323,0,4.607082,0.0385511,0,7.211935,5.985223,0,0,0,10.28415,0,0.1042635,2.572534,8.177279,1.888618,0,0,0,0,8.681466,0,0,2.829035,0,10.49338,3.091814,2.350236,0,4.468931,1.264814,7.88957,0,0,0,0.1046846,11.7566,0,6.177713,5.245869,0,3.584822,0.04337419,4.82383,0,0,0,0,0,0,0,0,0,0,0,0,0,0,0,0,0,0,0,0,0,0,0,0,
0.07065235,0,0.03745905,0,0,0,0.004842666,0,0,0.1261428,0,0.1516068,0.03692655,0,0,0,0.1881082,0,0.00917582,0,0,0.3939149,0,0.2726182,0.009948232,0,0,0,0,0,0,0.1926581,0,0,0,0,0.06082784,0.2048729,0.09937392,0,0,0,0.1055281,0,0,0.01049116,0.07155547,0.4358184,0.2265182,0.09475737,0.3652521,0,0.4761306,0.2600116,0,0,0.5322658,0.09253277,0.07478304,0,0,0.3955921,0,0.06466006,0.1655599,0.1485343,0,0,0,0.08310799,0,0,0,0.4631199,0.08243792,0.1258391,0,0,0.08175562,0,0.3854051,0,0,0,0,0.005936991,0.2462865,0,0.3141031,0.2422577,0,0.1203326,0,0.02350062,0,0,0,0,0,0.05023917,0.4129496,0,0,0.2054275,0.2662333,0,0.03453321,0.4731907,0.3178068,0.280354,0,0.02046929,0.0327848,0.08573107,0.04158352,0.3613629,0,0.08104312,0,0.2691201,0.1460894,0,0.2719111,0,0,0,0.2519268,0.07078114,0,0,0,0,0.1236305,0,0.2557173,0,0.09085341,0,0.2840016,0.294459,0.09260181,0.3815891,0.1306287,0,0.02431572,0.1762224,0,0,0,0.04860698,0.2496789,0,0,0,0.4081527,0,0,0.1106767,0.1224277,0.2967281,0.1681268,0,0,0,0,0.05263321,0.008029951,0,0,0.138797,0.1482675,0.1936408,0.020188,0.2864226,0.02924235,0,0,0,0.2263327,0,0,0,0,0,0,0,0,0,0,0,0,0,0,0,0,0,0.05458578,0.3406961,0.3531103,0.08848644,0.03635189,0,0,0,0.5215066,0,0.08651947,0,0,0.3913631,0.242766,0,0,0.005028501,0.1009079,0,0,0,0.1573422,0,0,0,0,0.1320137,0,0,0,0,0.256127,0,0,0.3204178,0.0520354,0.531517,0.1449683,0,0.04919141,0.01675806,0,0.08221672,0.3743544,0.5197583,0,0.2409858,0.6967028,0.2218009,0,0,0.3246349,0.1427511,0,0,0.03519972,0,0,0,0,0.1326444,0,0,0,0.1956201,0,0,0,0,0.1788216,0,0,0,0,0,0,0,0,0,0,0,0,0,0,0,0,0.01533768,0,0,0.2433892,0,0,0,0,0,0,0.0260671,0,0,0.08541138,0,0,0.1230457,0,0.2771932,0,0.1586679,0,0,0.170534,0,0.03930255,0,0,0,0,0.1603914,0,0,0,0,0.2476044,0,0,0,0,0,0.06975443,0,0,0,0,0,0,0,0,0,0,0,0,0,0.5625542,0,0,0.2103157,0.22992,0,0,0,0,0,0,0.03735864,0,0,0.716455,0,0,0.01461281,0,0,0,0,0,0,0.383951,0,0.5983857,0,0.3402449,0,0,0.2560281,0.1890998,0,0.1035895,0,0,0,0,0,0.07971042,0,0.08952042,0.01324898,0,0,0,0.1003084,0,0,0,0,0,0,0,0,0,0,0,0,0,0,0,0,0,0,0.1084447,0,0,0,0.3005546,0,0,0,0,0,0,0,0,0.361314,0,0,0,0.002125753,0,0.1411842,0,0,0,0.04909915,0,0,0,0,9.703598,0,0,3.103744,0,0,0,0,0,0.6935661,0,5.913706,0,0,4.845201,0,1.026874,1.797903,0,0,0,9.282052,1.838768,0,2.751945,0,0,0,2.048778,0,0,0,0,0,0,2.297854,0,0,9.893566,8.028115,0,0,0,4.267004,0,0,0,0,0,0,0,0,0,0,0,0,0,0,0,0,0,0,0,0,0.465324,0,0,0,
0,0.2364933,0,0,0.2408891,0,0.185988,0,0.172348,0.1472206,0,0.1991101,0,0.04693595,0,0,0,0,0,0.2229873,0,0.1330435,0.3193067,0,0,0.1109166,0.5985851,0,0.5312805,0.01138718,0.3615659,0.1086857,0,0.04338548,0,0.03998212,0.4249901,0.02182482,0,0,0.03699612,0,0.06801406,0.07689232,0.08144642,0,0,0,0.03052903,0.3042307,0,0.2115873,0.0376141,0.8446209,0.02588493,0,0.1472766,0.04273553,0.554584,0,0.1964026,0,0,0.1216142,0,0,0,0.1284845,0.152764,0,0.3777226,0,0.03164096,0,0,0.1516954,0,0,0,0.01655691,0.4877382,0.2326188,0.1515788,0,0.1810442,0,0.2711973,0,0,0.1302216,0.07461488,0.257185,0,0,0,0,0.2849746,0,0.1694377,0,0.1881622,0,0.3543862,0.1175729,0,0,0.1693272,0,0,0.266839,0.6453336,0.3773258,0,0,0.2456913,0.01925,0,0,0,0,0.008670333,0,0.1576984,0,0,0,0,0,0.2065649,0,0.1729902,0.1507398,0,0,0.04369967,0,0,0,0,0,0,0,0,0.1122725,0,0.1992131,0.1062825,0,0.2243715,0.3001578,0,0,0.1615573,0.5468318,0.1111434,0,0.123048,0.05601621,0,0,0,0.06004489,0.3126529,0,0.1417603,0,0,0.1468575,0.1415986,0,0,0,0.293904,0.06583539,0,0,0,0,0,0,0,0,0,0,0,0,0,0,0,0,0,0,0,0,0,0,0.1196696,0.1147169,0.1232361,0,0,0.1828187,0.04506774,0,0,0.3301577,0,0,0,0.114069,0,0,0.2883053,0.1346386,0.4196869,0,0,0,0.1208886,0,0.03372371,0.1252601,0,0,0.2493216,0,0.4318359,0,0,0,0,0.3097658,0,0,0.3129067,0,0,0.1339539,0.3054024,0,0.1115668,0,0,0,0,0,0,0,0.08517663,0.5110933,0.2042118,0,0.09572247,0,0,0.07305945,0,0,0,0,0,0,0,0,0,0,0,0.1524891,0,0,0,0.1471786,0,0,0.08217276,0,0,0,0,0,0,0,0.2599133,0,0,0,0,0,0,0,0,0,0,0.5149593,0,0,0.06752293,0.1521,1.702265,0.1675274,0.1313576,0.4589947,0,0,0,0.2315044,0,0.3085753,0,0.3747091,0,0.1097385,0.2830445,0.1611688,0,0.08867379,0,0.1083081,0,0,0,0,0,0,0,0,0,0,0,0,0,0,0,0,0,0,0,0.9841606,0.1162535,0,0,0,0,0,0,0.4494075,0.1761829,0.1253097,0.2425355,0,0,0.04158791,0.1943818,0,0,0,0,0,0,0.09776644,0,0,0,0,0.07221526,0.2733725,0,0.02330774,0.6710024,0.4315344,0,0.5371997,0,0.2997353,0.05481243,0.220754,0,0,0,0,0,0,0,0,0,0,0,0,0,0,0,0,0,0,0,0,0,0,0.07139781,0,0,0,0.183573,0,0,0,0,0.08331744,0,0,0,0,0,0,0,0,0,0,0,0,0,0.1482165,0.05142031,0,0,0,0,0,0,0,0,3.159214,2.290284,1.40149,0,0,1.279859,0,5.415548,0,0,0,0,6.64218,0,8.254682,0,0,0,0,0,1.58914,0,3.28492,0.2688767,2.334746,0.5566127,0.2211575,6.531748,1.214629,1.177648,0.4888404,0,6.761024,0,0,8.973327,2.919867,4.624,0,0,0,3.482082,0,0,0,3.430078,0,0,0,0,0,0,0,0,0,0,0,0,0,0,0,0,0,0,0,0,0,0,0,
0.1535993,0,0.008126486,0,0,0,0.09146687,0,0.1824328,0.411426,0,0.2971814,0,0,0,0,0,0,0.05607541,0,0.04011989,0.2534713,0,0.08758926,0,0,0.1438309,0.326223,0.130701,0.3782207,0,0.01439692,0.1281019,0.09180825,0.3090025,0.064914,0.2295951,0,0.01765918,0,0,0.418822,0.1176027,0,0,0.1494599,0,0.5970228,0.1089262,0.2164724,0,0,0.2834533,0,0.3082079,0,0.02178242,0.1848279,0,0.207778,0,0,0.1316694,0.3042681,0.245097,0.2337269,0,0,0,0.1324371,0.2543463,0,0.06410893,0,0.2360219,0,0,0,0,0.3404962,0.1059996,0,0.3902467,0,0.3909135,0,0,0,0.06800197,0.08706337,0,0,0,0.004153369,0.1801596,0,0,0.5186777,0.2145335,0,0,0,0.06091638,0,0.08301169,0,0,0,0.2346594,0,0.2236857,0,0.02258663,0.223931,0.134178,0.2345583,0.1030967,0,0.2450906,0,0,0,0,0.1089887,0,0.3211372,0,0,0,0,0.1844694,0,0,0,0,0,0.2207318,0,0.0410309,0.4412708,0,0,0,0,0,0.2527717,0.5029643,0,0,0.04405237,0,0.02885646,0.5325993,0.09957405,0,0,0.4672292,0,0,0,0,0.4244645,0.3869367,0,0.3426651,0.08723692,0,0.09936005,0,0,0,0,0,0.04142738,0,0,0,0,0,0,0,0,0,0,0,0,0,0,0,0,0,0,0.2212428,0,0,0,0,0.5075722,0,0.2929547,0,0,0.5815992,0,0,0,0,0.3933995,0.2230381,0,0,0,0,0,0.4893538,0.1022605,0,0.1535523,0.3062833,0.08603748,0,0.5508611,0.4372648,0.2020565,0.3240449,0,0,0,0.06320903,0,0.05197795,0,0.05424808,0.2509511,0.3749923,0.3046515,0,0,0,0.1307762,0.4548235,0,0,0,0,0.1424723,0.04387283,0.06794071,0.2326236,0.1557772,0.3862842,0.0006457955,0,0.2362631,0,0.00868363,0.1347951,0,0,0,0,0,0,0,0,0,0,0.132447,0,0,0,0,0,0,0,0,0,0,0,0,0,0,0,0,0,0,0,0,0,0,0,0,0.3658721,0,0,0.4348385,0.03868908,0,0,0.03331973,0.4388513,0,0,0,0,0,0.3191333,0,0.1474376,0,0,0.05551797,0,0.1384144,0.1270114,0.1715739,0.3768852,0,0.2028046,0,0,0,0,0,0,0,0,0,0.02221863,0,0,0,0,0,0,0,0,0,0,0.1572477,0.05960061,0,0.341744,0.1187553,0.3916156,0,0,0,0.142936,0,0,0,0,0.2874731,0,0,0,0.4613419,0.1139693,0.04580177,0,0,0,0,0.223224,0.2805489,0.2287071,0,0,0,0.06569847,0,0,0,0,0,0,0,0,0,0,0,0.4262249,0.08274481,0,0,0,0.03717596,0,0,0,0,0,0,0,0,0,0,0,0,0,0,0,0,0,0,0,0,0,0.259779,0,0,0.006918726,0,0,0,0,0,0.06633084,0,0,0,0,0,0,0,0,0.205747,0,0,1.184893,5.648325,0,2.334013,3.001069,3.434848,0,0,0,0,1.408302,0,10.56824,0,0,0.2986771,0,17.16954,0,0,0,5.261628,0.2715164,0,0,4.265129,0,0,0,6.485988,6.284896,6.701564,0,0,1.838659,7.573116,0.8311456,0,0,1.07317,0,1.498182,0,4.13752,7.130867,0,0,0,0,0,0,0,0,0,0,0,0,0.05598107,0,0,0.05564402,0,0,0.01029922,0,0,0,0,0,0,
0,0,0.2322781,0,0,0.1477461,0,0.2364351,0.2165211,0,0.3849923,0.06698102,0,0,0.411438,0,0.09187159,0,0.05916071,0.1023356,0,0,0,0.1759069,0,0,0,0,0.03203446,0,0,0.02079233,0,0.076959,0.5442893,0,0,0.1562831,0.1918642,0,0.3053316,0,0,0,0,0,0.4243716,0,0,0.2848819,0.05068846,0,0.1533321,0,0.5193788,0,0.08444048,0,0,0.2582562,0,0,0.5721276,0.2541854,0.1116516,0,0.2460078,0.1190381,0,0,0.270391,0,0.2031331,0,0.005778905,0,0,0,0.149562,0.3929059,0.4277445,0,0.001288515,0,0.04527363,0,0,0,0,0.4405768,0.2886276,0,0,0,0,0,0.3870263,0.4668007,0,0,0,0,0.0249597,0,0.240091,0,0.5523422,0,0.05648066,0,0.002291678,0,0,0.04988554,0.2444467,0.1378526,0,0.01331158,0,0.1657306,0.105827,6.169889E-05,0.1160314,0.1710018,0,0,0,0.5713244,0.3867089,0.06573524,0,0.1856366,0,0,0,0,0,0.155491,0,0,0,0,0,0,0,0.04575581,0,0,0,0.04832427,0,0.1216094,0,0,0,0,0.02018981,0.06190944,0,0,0,0,0.2881435,0,0,0,0,0,0,0,0,0.4412212,0.4489515,0,0,0.2680208,0,0,0,0,0,0,0,0,0,0,0,0,0,0,0,0,0,0,0,0,0,0,0.7458409,0.0356435,0,0.2793676,0,0.6961872,0,0,0.1320698,0,0,0.1204003,0,0,0,0,0,0.1658561,0,0,0,0,0,0,0.1238336,0,0,0,0.2247572,0.06265742,0,0.2632475,0.2711211,0,0,0.180789,0,0,0,0,0,0,0,0,1.004472,0,0.3681374,0.2868834,0.07740201,0,0.2449156,0,0,0,0.04894272,0.1981701,0.03433232,0.05873382,0,0,0.1022421,0,0,0,0,0,0,0,0,0,0,0,0.07621557,0,0,0,0,0,0,0,0,0,0,0,0,0,0,0,0,0,0,0,0.2209442,0,0,0.3233336,0.01690658,0,0,0.5422107,0,1.418059,0,0.03306449,0,0,0.07049391,0,0,0,0.1054553,0.2128064,0.04590904,0.08798461,0.1933553,0.5227171,0,0,0.03227031,0,0,0,0,0,0,0,0,0.3293102,0,0,0,0,0,0,0.1437025,0,0,0.04867501,0,0,0,0,0.04144231,0.6619994,0,0.3831384,0.09510463,0.4144917,0.008035855,0,0.1753241,0,0,0.1293546,0,0,0.0196119,0,0,0.5139385,0,0,0,0,0.2971648,0,0,0.4421012,0.1711336,0.2099899,0,0,0.1888287,0.1113571,0,0,0.1172554,0,0,0,0,0,0.07067602,0,0,0,0,0,0,0,0,0,0.1382906,0,0,0,0,0,0,0,0,0.08013454,0.08221177,0.03258597,0,0,0,0,0,0,0,0,0,0,0,0,0,0,0,0,0,0,0,0,0,0.2224547,0.09009758,0,0,0,1.985099,3.720821,1.126073,0,0.7555596,0,10.70319,7.617656,0,0,14.89368,0,0,0,3.338115,10.0945,5.203709,6.288857,0,1.625643,0,0,0,0,0,0,9.012658,0,1.153561,4.549203,0,0,3.256129,7.366754,0,0,0,6.47076,7.070404,0,0,0,3.293649,6.161556,0,7.458086,9.584182,0,0,0,0,0,0,0,0,0,0,0,0,0,0.4323251,0,0.3464529,0,0.08232375,0,0,0,0,0,0,0,
0,0,0.1942341,0,0,0,0.3222343,0,0.08318279,0,0.2566852,0,0.08751994,0,0.03311606,0.4555645,0.2261515,0,0,0,0.1103061,0.01027332,0,0,0.06129187,0,0,0,0.1234695,0,0,0,0,0,0,0,0,0,0,0,0,0.1674968,0.08854248,0,0.1241981,0.457422,0,0,0,0,0,0,0,0,0,0,0,0,0.4777015,0.0720054,0.1438927,0.2269171,0.3983339,0.155884,0.002878603,0.167702,0,0.1300827,0,0.1800714,0.1784831,0,0.03618729,0,0,0.5470041,0.1047459,0,0,0.06326831,0,0,0.01681606,0,0.6102399,0.05152712,0,0,0.1004344,0,0,0,0,0.1909707,0,0.1679992,0.08093797,0,0,0.05676412,0.08469231,0.2802955,0.2257907,0.3360701,0,0.06175372,0,0,0,0.08884528,0.01044146,0.2859653,0.2741586,0.24055,0.1772285,0,0,0,0,0,0.1525855,0,0,0.04937152,0,0.04526116,0,0,0.0920862,0.1214568,0.266215,0,0.169221,0.2863463,0,0,0.1816203,0.471185,0,0,0.3920296,0.01055578,0.03553223,0.8266127,0,0.08592485,0.4046354,0.03621477,0,0,0,0,0,0,0.3222743,0,0.2455015,0.0955386,0,0.01668434,0,0.2274479,0.4915259,0,0,0,0,0.04990593,0.08941882,0,0,0,0.1805901,0,0,0,0,0,0,0,0,0,0,0,0,0,0,0,0,0,0,0,0,0,0,0,0,0,0,0,0.03580129,0,0,0.4186762,0.2955937,0,0,0,0,0.1760295,0,0,0,0.1385359,0.06007538,0,0,0,0.2661673,0.479831,0,0,0,0,0.1277744,0,0.2662864,0.08482339,0,0,0,0.09035738,0,0,0.2707548,0,0.03285834,0.297613,0.08305198,0.4635265,0,0.3978289,0,0.1767408,0,0,0,0.1205458,0,0.1978401,0,0,0.1150891,0,0.2339035,0,0,0.5566294,0,0,0.3059629,0.3506636,0.04423941,0.2082894,0,0,0,0.03863271,0,0,0,0,0.5882661,0,0,0,0,0,0,0,0,0,0,0,0,0,0,0.2834712,0,0.0843477,0,0,0.1296507,0,0,0,0,0.407602,0.02471713,0,0.3012955,0,0,0,0,0.07868692,0,0.2350786,0.2846637,0,0.6238295,0.4336266,0.2338614,0,0.05743669,0.3408144,0.2109186,0,0,0,0,0,0,0,0,0.1917635,0,0,0,0,0,0,0,0,0,0,0,0,0.2550695,0.2330818,0,0,0.2997487,0,0,0.3216437,0,0.6845747,0,0.03139801,0.04778044,0,0,0,0,0,0,0.4539242,0.2362597,0,0.05725503,0,0,0,0,0,0.05880658,0,0,0,0.06923256,0,0,0.7633089,0,0,0,7.97501E-05,0,0,0,0,0,0,0,0.4215153,0,0,0,0,0,0,0,0,0,0,0,0,0,0,0,0,0,0.01170732,0,0,0,0.2670813,0.3260068,0,0,0.152481,0,0,0,0,0,0,0,0,0.02084788,0,0,0,0,0,0,0,1.136607,1.369135,4.707363,0,0,0,0,0,0,0.9198038,0,0,0,0,0,0,0,0,5.311688,0,0,0,3.629184,12.10785,4.013748,0,2.650776,0,0,3.848973,2.500651,14.54078,0,3.39928,0,0,0,0,0,0.4435612,0,0,0,0,2.613835,0,3.190352,0,0.4560032,0,0,0,0,0,0,0,0,0,0,0,0,0,0,0,0,0,0,0,0,0,0,0,
0.07251362,0,0.1450942,0,0.1429503,0,0.4030003,0.1042709,0.1967063,0,0,0,0.427976,0.09013456,0,0,0.08276156,0,0.1217773,0,0.3949773,0,0,0,0,0,0,0,0.1583162,0.1148565,0,0,0.4038861,0,0,0.02719227,0.07964885,0.4494262,0,0.1158556,0.003519855,0,0,0,0.1992441,0,0,0.2809266,0.002912953,0,0.03831517,0,0,0.5195361,0.2504347,0,0,0.1760382,0.2381165,0,0.09204184,0,0,0.1760288,0,0.3722367,0,0.2189761,0.01416743,0.03468596,0,0.04660215,0,0.02695061,0.1115481,0,0.3563371,0,0,0,0,0,0,0,0.3020277,0,0.2050225,0.01208953,0,0.1819536,0,0,0,0.09610852,0,0,0.1180917,0,0.3371422,0,0,0.08677623,0,0.463234,0.06606558,0,0,0.02859253,0.11109,0,0.02391287,0.1253369,0,0.2310794,0.4035158,0.07725945,0,0.2348456,0,0,0,0.2060433,0,0,0,0,0.08199623,0,0,0,0,0.2981029,0,0.2303637,0,0,0,0,0,0.1272172,0.4593053,0.1970864,0,0,0.1882167,0,0.06304078,0.1792046,0.2685184,0,0,0.2227707,0.09021723,0.2523271,0,0.05131405,0,0,0,0,0,0,0.3552608,0.06430703,0,0,0,0,0.3858213,0.1061291,0,0.04951021,0.4703144,0,0,0,0,0,0,0,0,0,0,0,0.1436081,0,0,0,0,0,0,0,0,0,0,0,0,0,0,0,0,0.2313402,0,0.5367522,0.1683075,0.0899763,0.03744763,0,0,0.2970924,0,0,0.1295814,0.1187169,0.3510095,0,0,0,0.03354124,0,0,0,0,0,0,1.026595,0.1494607,0.3354826,0,0.2890951,0.08326337,0,0,0,0,0.2541215,0,0.4059788,0,0,0,0.1482963,0.02940521,0.1765257,0,0.08342737,0.06242337,0,0,0,0,0,0,0.225432,0,0.1224346,0,0,0.08558007,0,0.2863552,0,0,0.2373309,0.1252963,0.2358513,0,0,0,0.2194105,0,0.399494,0,0,0.2540968,0,0,0,0,0,0.1991484,0,0,0.05471388,0,0.1805901,0,0,0,0,0,0,0,0,0,0,0.2859252,0.5468623,0,0,0,0,0.2242552,0.455176,0.2163333,0.4026461,0.1581881,0,0.06974542,0.152096,0,0,0,0,0,0,0.1985766,0,0,0,0,0,0,0,0,0,0,0,0,0,0,0,0,0,0,0,0.0709875,0,0,0,0.4428175,0.3116604,0,0,0,0.05209116,0,0,0,0.05917813,0,0.1089687,0.08577911,0.1178985,0,0,0,0,0,0,0,0,0,0,0,0,0,0,0.1674889,0,0.1634773,0,0,0,0,0.00511979,0.1205735,0,0,0,0,0.1099525,0,0,0,0,0,0,0,0,0,0,0,0,0,0.04142257,0,0,0,0,0,0,0,0,0,0,0,0,0.2071341,0,0.1515431,0,0,0.1008988,0,0,0,0,0,0,0,0,0,0,0,0,0.1559904,0,0.2513261,0,7.326493,0,0,1.143762,0,1.246422,0,6.855451,4.903986,0,10.23265,7.808513,7.466836,0,0,3.023193,0,2.440364,5.395494,0,0,0,1.95419,0,6.462667,0.1122486,7.145439,1.176605,0,1.302012,0,0,7.401709,0,0,0,6.937313,0,0,0.4006931,0,3.922724,4.064233,4.169022,0,2.211343,0,0,0,0,0.1655598,0,0,0,0,0,0,0,0,0,0,0,0,0,0,0,0,0,0,0,
0.4928662,0,0,0,0.1185595,0.5859038,0.1155267,0.05762783,0,0,0,0.5126497,0,0,0.215673,0,0.05420293,0,0,0,0,0.1164927,0,0,0,0,0.2639616,0,0,0.2532572,0.07381459,0.1260263,0,0,0.3382131,0.09229453,0.06313428,0.04458745,0,0,0,0,0.03229074,0,0,0.05028118,0.28218,0,0.07262612,0.2992247,0,0.255679,0,0,0.06972396,0,0,0.3116327,0,0.3564399,0.04106826,0,0,0,0,0.5594985,0,0.06486247,0.4847946,0.07779022,0,0,0.03679132,0,0,0,0.14002,0,0,0,0.1597635,0,0.08843975,0,0,0.07195958,0.009174104,0.7543436,0,0,0,0,0.4441237,0.006305147,0,0.02712121,0.272166,0.3147707,0,0,0,0.2854741,0.08541407,0.2776829,0,0.3483754,0.07912757,0,0,0,0.0908183,0,0,0,0.09365339,0,0,0,0,0,0.2769218,0,0,0,0.0004258863,0,0,0,0.02561628,0.08490744,0,0.2526017,0,0.4760404,0.04548581,0.4266475,0.3125224,0,0,0.8582461,0,0,0,0,0,0,0,0,0,0.208072,0.07813566,0,0,0,0.03488277,0.3535072,0,0.003234283,0,0,0,0.07128685,0,0.3695682,0,0.1217314,0,0.03339012,0,0,0,0.32857,0,0,0.2720277,0,0,0,0.583185,0,0,0,0,0,0,0,0,0,0,0,0,0,0,0.1818247,0,0,0.0145708,0,0,0,0,0.7698802,0,0,0.03692963,0,0,0.04556705,0,0.02401707,0.2279226,0.04197557,0,0,0,0.02183647,0,0.2806336,0.3594019,0,0.4625265,0,0,0,0.2150707,0,0,0.04517866,0.2929441,0.2286012,0.1623648,0,0.4385265,0.1553227,0,0,0,0,0.1885075,0.7288664,0,0,0,0.3580391,0.0342313,0,0,0,0,0,0,0.4653058,0,0.01866463,0,0,0.1378893,0.4440762,0.1948754,0,0,0,0.08100227,0,0,0.3880646,0.1496733,0.2764824,0,0,0,0.29312,0.2848628,0,0.09655036,0,0.1654011,0,0,0,0,0,0,0,0,0.3346077,1.199772,0,0,0,0,0,0,0,0,0.09752085,0.1546075,0.6050818,0,0.3499449,0.4768866,0.4198185,0,0.09869795,0.3327612,0,0,0.117616,0.08495935,0,0,0.3339123,0.2008633,0.3944757,0.4249475,0.1379374,0.3226844,0,0,0,0,0,0,0,0,0,0,0,0.3199514,0,0.1373543,0.5090755,0,0,0,0,0,0,0,0,0,0.01119088,0.2201546,0.117951,0,0.226845,0.05667732,0,0,0.009280778,0,0,0,0.3005932,0,0.2185436,0,0.6120404,0,0.1705356,0,0,0.053221,0,0,0,0,0,0,0,0.1249756,0,0,0,0,0,0.04972264,0.006999782,0,0,0,0,0,0,0,0,0,0,0,0,0,0,0.1303581,0,0.1830184,0,0,0,0,0,0,0.1546983,0,0,0,0,0,0,0,0,0.5880336,0.03631428,0,0,0.09895882,0,0.1413722,0.01684251,0,0,0,0.1312378,0,0,0,0,0,0,0.2350217,4.445206,0.1766212,3.167102,0,0,0,0.2030111,4.455688,1.568262,0,14.35597,7.183806,0,5.381338,6.4076,5.301662,0,0,6.811315,0,2.48194,1.84378,3.676085,5.026222,0,0,0,0,1.202342,0,0.1788714,0,7.116726,0.4530066,3.768569,0,7.406938,0,0,0.9242412,0,0.1459762,0,0,0,3.723811,0,1.058381,0,0,0,0,0,0,0,0,0,0.05250974,0,0,0,0,0,0,0,0,0,0,0,0,0,
0,0,0.008826978,0.09011578,0,0.3791618,0,0,0,0,0,0.1381152,0,0.3876813,0.009935444,0,0.2181103,0,0,0,0.2331206,0,0.2694206,0,0,0.3739855,0.05577848,0.1846298,0,0,0.1091852,0.1229114,0,0.2551075,0,0,0.1616945,0,0,0,0,0.03925075,0,0.05476626,0,0,0,0.02866361,0,0.06338855,0.01446903,0,0,0,0,0.2474123,0,0,0.1845328,0,0.0549488,0.06245169,0,0.3845249,0,0.3067586,0.2115415,0,0,0,0.09311192,0.3681275,0,0,0,0.596366,0.0005486477,0,0.1556467,0,0,0,0,0,0.2993636,0,0,0.4149508,0,0.1936741,0.3239655,0,0,0,0.04702093,0.007877302,0,0,0,0,0,0,0.07796398,0.09336548,0,0,0,0,0,0,0,0.4009795,0.3015067,0.1055518,0.1314785,0.5331975,0.1927183,0,0,0,0,0.1171373,0,0,0,0,0.006475808,0,0.1101832,0.3895399,0,0,0.09199467,0.118212,0.3368765,0,0,0.3599923,0.1211447,0,0,0.1943686,0.3404175,0.02417999,0.3786987,0,0,0.002285676,0,0,0.4852921,0,0,0,0.04718575,0,0.04770055,0,0.1696423,0,0,0,0,0,0.1213931,0,0.2054424,0.4708484,0.2912988,0,0,0.1056866,0.2406279,0,0,0,0,0,0,0,0,0,0,0,0,0,0,0,0,0,0,0,0,0,0,0,0,0,0,0,0,0.5834376,0,0.1956772,0,0,0.0553375,0.08898285,0,0.3652484,0,0.1003609,0,0.06215693,0.1573651,0.1014922,0.2716034,0.08823549,0.284502,0,0,0.07098194,0.2695783,1.1115,0.0329843,0,0,0,0,0,0.1998484,0,0,0,0,0.04631545,0.1475314,0.2923934,0,0.392368,0,0,0,0,0.1544191,0.1340329,0.1454445,0.006632478,0,0.04127681,0,0.2066248,0,0,0,0,0,0.04541023,0,0,0,0,0.1052926,0.05673533,0.2642086,0,0,0,0,0,0,0,0.2642023,0.09692685,0.4206225,0.2641324,0,0,0,0,0,0,0,0.2037134,0,0.07077973,0.6891002,2.576135,1.664591,1.688788,0.04810413,0,0.1530915,0.312113,0,0,0.4831398,0,0,0.3069822,0,0.2004532,0,0.246935,0.2503004,0.29928,0.3910018,0,0,0,0.165313,0,0.1932044,0,0,0.3586496,0.3364802,0,0,0,0,0,0,0,0,0,0,0,0,0,0,0,0,0,0,0,0,0,0.4048353,0,0,0,0.002579866,0,0.08627736,0,0,0,0.06222109,0,0,0.4293946,0.392864,0,0.1700909,0.04277927,0.08469151,0,0,0,0,0,0,0.1601389,0,0.07541881,0,0,0.0875905,0,0.882189,0.2504046,0.1217406,0,0.1071666,0,0,0,0,0,0,0,0,0,0,0,0,0,0,0,0,0,0,0,0.298696,0,0,0,0,0,0,0,0,0,0.2207588,0,0,0,0,0,0,0,0,0,0,0,0,0,0,0,0,0,0,0,0,0,0,0,0,0.8132955,0,0,0,0,0.6695293,5.824051,6.736864,3.613668,0,0,0,1.009307,3.065088,0,2.133747,0,4.994587,0,8.804917,0,0,1.428214,4.161197,1.654338,3.255088,6.279956,5.538127,3.86813,7.907069,1.887735,11.2514,0,3.374232,7.595632,0,0,0.6600825,0,0.1175184,0.228723,0,0,0,0,4.879787,0.8018701,0,0,0,0.2480954,0,0,0,0,0,0,0,0,0,0,0,0,0,0,0,0,0,0,0,0,
0.1878441,0,0.07921786,0.3606393,0,0,0,0,0,0,0.04983379,0,0,0.2928056,0.4375045,0,0.5940081,0,0.3931929,0,0.3798702,0,0,0,0.08456466,0.5612318,0.1724506,0,0.3408894,0,0,0.3022844,0.0470256,0,0.1184591,0,0.3647757,0.02276696,0,0.3424583,0,0,0.1895277,0,0,0,0,0,0,0,0,0.105413,0,0.3783869,0,0,0,0,0.02199901,0.002008748,0.3376031,0.1508467,0.03112007,0,0.1806054,0,0.2535777,0,0.3473078,0,0.1129315,0,0.5398874,0.2390491,0,0,0.381972,0,0.4579073,0,0,0,0.1981776,0,0,0,0,0,0.179912,0.2269908,0,0.02280455,0.4667394,0,0.2852338,0,0,0,0,0,0.2698475,0.005949444,0.4725973,0,0.2735634,0,0,0,0,0,0,0.2334075,0,0.6304029,0.09509104,0,0.3329978,0,0.05317537,0.3259429,0,0.005144583,0,0.1461726,0.1482429,0,0.06059176,0.003071883,0.02487371,0.09261503,0.3281139,0.2750987,0,0,0,0,0,0,0.3966359,0,0.4393882,0,0.04439455,0,0,0,0.4341851,0,0.175916,0.344088,0,0,0.08281057,0,0.1519339,0,0,0,0.1202955,0,0.2424957,0,0.03739555,0.09129775,0,0.1234449,0,0,0.05786891,0,0,0,0.2328129,0,0.1980753,0.3626142,0,0,0,0,0,0,0,0,0,0,0,0,0,0,0,0,0,0,0,0,0,0,0,0,0,0,0.07669797,0,0.04991971,0.2107582,0,0,0,0,0,0,0.108543,0.2633684,0.2683032,0.6014287,0.09319448,0,0,0.1011374,0.2204157,0,0,0.2572031,0,0,0,0.390022,0.360254,0,0.2191896,0,0.05973881,0.1280867,0.123568,0,0.328532,0.2379546,0,0,0,0,0,0,0,0.7909195,0.302617,0,0,0,0.2987489,0,0,0,0.8647973,0.03716732,0,0,0.02779164,0.3179231,0,0.2323516,0,0,0.1852109,0,0.2452736,0,0,0.2117316,0,0.1368142,0.2879621,0.3183501,0,0.2746719,0,0,0.201347,0,0.2434319,0,0.5875996,0,0,0.2230474,0.2817424,0.8648069,3.654699,0.7321203,0.09161358,0,0.01484957,0.1924893,0.2604653,0.2868197,0.2031686,0,0.4268893,0,0.4356524,0,0,0.1726892,0.2494733,0,0,0,0,0,0,0,0,0.1063527,0,0.40029,0,0,0.1376662,0,0,0,0.06947572,0,0,0,0,0,0.3113634,0.207594,0,0,0,0,0,0,0,0,0,0,0,0,0.1402831,0,0.175758,0.0179987,0.294192,0,0.2674268,0.4362801,0,0,0,0,0.1527034,0.4639592,0,0,0.1038731,0.04888301,0,0.6589038,0.2240816,0,0.4285873,0.3374367,0,0,0,0,0,0,0,0,1.13562,0,0.06329501,0,0,0,0,0,0,0.8681855,0,0,0,0,0,0,0,0,0,0,0,0,0,0,0,0,0.1247706,0,0,0,0,0,0,0,0,0,0,0,0,0,0,0,0.01971371,0,0,0,0,0,0,0,0,0,0,0,0,0.4125391,0,5.061031,1.776247,1.618545,0,1.736925,0,0.2263029,0,10.46661,0,0,0,11.4204,0,0,0,6.353638,0,0,0.9529316,4.030169,0,10.2831,3.194757,4.950264,0,10.35939,5.894527,4.09861,0.5723016,0,2.994237,0.2686329,0,0,0,0,0.185167,0,0,0.0004288027,0,0,1.213888,0.7973474,0,0,0,0.1954678,0,0.0100659,0.1948938,0.3502512,0,0,0,0,0,0,0,0,0,0,0,0,0,0,0,0,
0,0,0,0,0,0,0.1017677,0,0,0,0,0.26449,0.04110056,0.1815992,0,0,0.1741526,0.1153916,0,0.1420196,0.0330919,0,0.01397044,0,0.1206522,0,0.1707784,0.1189207,0.07055961,0,0,0.01762925,0.05802871,0.5870562,0.1256685,0.40895,0,0.1333837,0.09506665,0.06355558,0.1381963,0.4437974,0,0,0,0.1497519,0.2679263,0,0.141161,0.1932278,0.338797,0,0.09464233,0,0.4533461,0.1646785,0.4733681,0.1749437,0.177341,0,0,0.1968427,0.1119294,0,0,0,0.1879811,0,0.1038461,0.08735947,0,0.258617,0,0.3773173,0.1531231,0,0,0,0,0,0,0.2842627,0.02075358,0.291074,0.1951425,0.5744771,0.2023757,0,0,0,0.0126932,0,0.2240093,0,0.44183,0,0,0,0,0.03065142,0,0,0.4604495,0.1612059,0,0,0,0,0,0,0,0,0,0,0,0,0,0,0,0.5392579,0,0.07655209,0.2641499,0.1428141,0.2290329,0,0,0.05598684,0.03086261,0,0.3777376,0,0.1756046,0,0.264399,0,0,0,0.3777775,0.2526469,0,0.1127272,0.1966176,0.05356216,0.02375546,0.1490874,0.04366202,0.1493503,0.4405145,0.191007,0.1997673,0,0.04668283,0,0,0,0,0,0,0,0.1833568,0,0.1226383,0,0,0.117396,0.04884522,0,0.01149953,0.188701,0,0.2336711,0.4212037,0.02011592,0.2951986,0.1356163,0,0,0,0,0,0,0,0,0,0,0,0,0,0,0,0,0,0,0,0,0,0,0,0,0,0,0,0,0.01769927,0.09075814,0,0.1210713,0.07195853,0,0,0.2352821,0,0,0,0,0.1017049,0,0,0.05582227,0,0,0.1253984,0.1096655,0.4400734,0,0,0,0,0,0.1167556,0,0,0,0,0,0.02684206,0.2440351,0,0,0,0,0,0.3033488,0,0,0.04450486,0,0.4375185,0,0.04498348,0,0,0,0,0.1901425,0,0,0,0,0.107928,0.635209,0.5010228,0,0.1906687,0,0.230645,0.04382398,0,0.3460573,0.1383533,0,0,0,0.2821248,0.2505433,0,0.2496199,0.1554435,0,0,0.1345437,0.2599137,0,0,0.01745305,0,0,0.4145092,0,0,0.1523243,0,0,0,0,0,0.1335024,0,0,0.3757557,0.430895,0,0,0,0,0,0,0,0,0,0,0,0,0,0,0.04453686,0,0.04751892,0,0,0,0,0,0,0,0,0,0,0,0,0,0,0,0,0,0,0,0,0,0,0,0,0,0,0,0.07104319,0,0.2149897,0.007347351,0,0.1041064,0.01783975,0,0.09836002,0.0379971,0.3707594,0.01636911,0.1782059,0,0,0.3051905,0.06790403,0,0.1557185,0,0,0,0,0,1.130484,0,0,0,0,0,0.3100973,0,0,0,0,0,0,0.1610326,0,0,0,0,0,0,0,0,0,0,0,0.02679164,0,0,0,0,0,0,0,0,0,0,0,0,0,0.08911375,0,0,0,0,0,0,0,0,0,0,0,0,0,0,0,0,0,0,0,0,0,1.632898,0,0,1.128979,0,1.239458,0,4.620399,0,0,0.02610062,0,0,5.424733,0,0,0.3152315,0.4922546,0,0.3970397,0,0,0,1.406856,0,0,0,0,0,1.868394,0,0.190974,0.005739738,0.1135931,0,0.08486995,0,0.002152703,0,0,0,0,0,0,0,3.197855,0.7983024,0.6677966,0,0.09767236,0.5128605,0,0,0,0,0,0,0,0,0,0,0,0,0,0,0,0,0,0,
0,0.1992916,0,0,0,0,0.03434981,0.6313156,0.2095351,0,0,0,0.1662576,0,0,0.06131451,0,0,0.5320197,0,0.01994468,0,0,0,0,0,0.1688836,0,0,0,0,0,0,0,0,0,0.1671852,0,0.05551682,0.03283377,0.159989,0,0,0.2264645,0,0,0.3094207,0.3782449,0,0,0,0,0.1874881,0,0.801908,0,0.4633651,0.0649088,0,0,0,0.1994791,0,0,0.08265343,0,0,0.1061941,0,0,0,0.1705841,0.1584834,0.1605977,0,0.1346498,0.1090244,0.02456261,0,0.5132638,0,0.06333572,0.1288247,0,0,0.04035983,0.8931724,0,0,0,0.04994772,0,0,0.06294621,0,0,0.06496187,0,0,0,0,0.1138914,0.3854867,0,0,0,0,0,0,0.1778037,0,0,0.0291949,0,0.3763826,0,0,0.1228007,0,0.1070791,0,0.001131953,0.04863001,0.2129565,0,0,0,0.2054246,0,0,0,0,0,0,0.1039347,0.4349046,0.374031,0,0.02362763,0.08708119,0.4418907,0,0,0,0.1453846,0,0.05163791,0,0.2955641,0.2921937,0.01065512,0.5612901,0.1230188,0,0.3099751,0,0.02090488,0.2251586,0.03273294,0.1446277,0,0.2296773,0,0,0.0644415,0,0,0.7105165,0.211372,0.1794863,0.2034785,0.3395697,0.4800563,0.1324719,0.005337209,0,0,0,0,0,0,0,0,0,0,0,0,0,0,0,0,0,0,0,0,0,0,0,0,0,0,0,0,0.03663254,0.008195535,0.2813942,0,0,0,0.3209484,0.3457804,0,0.09894983,0.08771855,0.03693748,0,0,0.5447487,0,0,0,0.4823986,0.2089996,0.5042457,0.4926051,0,0,0.1228597,0.08764187,0,0,0.1149926,0,0,0,0.174523,0.1402596,0.03655902,0,0,0,0,0,0.1210485,0,0.1038158,0.3298129,0.07916435,0,0,0,0,0.284476,0.04248871,0,0.2070732,0,0.06815694,0,0,0,0,0,0,0,0,0.1097059,0.006908888,0,0,0,0.3445396,0,0,0,0,0.3193077,0.1405709,0.2800328,0,0,0,0,0.2379054,0,0.0757197,0,0,0.2422787,0,0,0,0.09769032,0,0.03167855,0,0,0,0.07425429,0.01466705,0,0.08148786,0.2550589,0.1150978,0,0.2563554,0,0,0,0,0,0,0.1120053,0,0,0,0.06206777,0.2535471,0.01142415,0,0,0,0,0,0,0,0,0,0,0,0,0,0,0,0,0,0,0,0,0,0.04218255,0,0.06007029,0,0,0.1483792,0,0.08581772,0,0.01808079,0,0,0,0.05896849,0,0.02992755,0.542193,0.1751629,0.3359381,0.510702,0.07495899,0,0.2581493,0,0,0,0.06003402,0,0.01131819,0,0.3030445,0.6164491,0.01636578,0,0.1110927,0,0.02378868,0.03881122,0,0.2340228,0,0,0,0,0.04055217,0,0,0,0,0,0,0,0,0,0,0,0.1597072,0.02918319,0,0,0,0.03464469,0,0,0,0,0,0,0,0,0,0,0,0,0,0,0,0,0,0,0,0,0,0,0,0,0,0,0,0.478048,4.398218,5.230874,1.755896,6.164828,0,1.653928,0,0,7.82703,10.17922,0,0,0,5.423502,0,0.08126879,0,0,0,0,0.2599858,0,0,0.3160717,0,6.075562,0.3290947,2.301229,0,2.633701,0.1335903,0.269423,0,0,0,0.4013404,0,0,0,0.02902579,0,0,0,0.01044933,0,0,0,0,0,0,0,0,0,0,0,0,0,0,0,0,0,0,0,0,0,0,0,0,0,0,
0.3291455,0,0.2436742,0,0,0.06496275,0,0.2928813,0,0,0,0.1543251,0.4804755,0.2988029,0,0,0,0,0,0,0,0,0,0,0,0,0,0.1763003,0,0,0.05656811,0,0,0,0,0.2778559,0.4905812,0.3085309,0,0.05928122,0.2893363,0.0468873,0,0.43012,0,0,0,0.1607755,0,0.3175642,0,0,0,0,0,0,0.09177811,0,0.2272252,0,0.1945703,0.3266175,0,0,0.3833061,0,0.04153972,0,0.2599291,0,0.1827696,0,0,0,0,0.2996411,0,0.2305791,0.0697702,0.03263199,0,0.2139774,0,0,0.86651,0.06054749,0,0,0,0,0,0.208122,0,0.2642623,0,0.06231558,0.2772668,0.0861849,0,0,0,0.03968427,0,0.3603067,0.3018877,0,0.1223748,0.1283434,0,0,0.1457568,0,0.2699374,0,0.2352269,0.0892285,0,0.1319343,0.04926757,0,0.05596555,0,0.3136878,0,0,0,0,0.07882124,0.1652666,0,0,0.05443224,0,0,0.02882442,0,0.2135769,0,0.01412177,0,0,0.0686137,0.03738019,0.04550328,0.2489303,0,0.2011778,0.1572006,0,0,0,0.3339741,0,0,0,0,0.05223515,0,0.1157333,0,0,0.1332078,0.2217551,0.1246914,0.8176186,0,0,0,0.2133235,0,0.03388516,0,0.2360904,0.5502465,0,0,0,0,0,0,0,0,0,0,0,0,0,0,0,0,0,0,0,0,0,0,0,0,0,0,0,0,0,0,0,0.1595317,0,0,0,0.3923075,0.4830863,0,0.06088245,0.2454894,0.2795047,0.3558803,0,0,0.2235992,0.3133145,0,0.06597229,0,0.1618192,0.3558512,0,0.7351699,0.431944,0.2486499,0.5591049,0.3266139,0.0565588,0.289032,0.226533,0,0,0,0,0.2138565,0.07043969,0,0.0987799,0.004187578,0,0,0,0,0.2913744,0.02043121,0.1084066,0,0.2530063,0.09950439,0.05776945,0.1874585,0,0.01830531,0.0641737,0,0.7576401,0.09158104,0,0,0,0,0.2192543,0,0.2856072,0,0.2919876,0,0.01576782,0,0,0.09458289,0,0,0.05767158,0,0,0,0,0,0,0,0,0,0,0.1418404,0.06937124,0,0,0.0806056,0,0,0,0,0,0,0,0.1714689,0,0,0.1890751,0,0,0,0,0,0,0,0,0,0,0,0,0.344929,0,0,0,0,0,0,0,0,0.3335198,0,0,0,0,0,0,0,0,0,0,0,0,0,0,0.006595549,0,0.0837846,0,0.2727108,0,0,0.2706994,0,0.07720434,0,0.3197881,0,0,0,0.0735159,0,0,0,0,0.1589835,0,0,0,0,0,0,0.04800392,0,0,0,0.6688244,0.2105383,0.2884232,0,0,0,0,0,0,0,0,0,0,0,0.1859163,0.06683329,0,0,0,0,0,0,0.1110999,0,0,0,0,0,0,0,0,0,0,0,0,0,0,0,0,0,0,0.099764,0,0,0,0,0,0,0,0,0,0.4035147,0,0,0,0,0,0,3.475472,0.2355642,9.055152,0,0,0,1.655635,4.612349,1.886444,5.192805,0,0.3571996,0,0,3.87261,0.8814987,0,0,0,0,0.2589759,0,0.04238676,0,0,0.3898892,0.3783247,0,0,0,0,0,0.3635972,0,0.3995216,0,0.3317556,0.3765258,0.432977,0,0.05056047,0.5321561,0,0.2480894,0,0,0,0.6774955,0,0,0,0,0,0,0,0,0,0,0,0,0,0,0,0,0,0,0,0,0,0,0,
0,0,0.007241224,0.2556414,0.1661081,0,0.1776627,0.1234988,0,0,0,0,0,0.278035,0,0,0,0,0,0,0,0.06475506,0.02661113,0,0.09051567,0.1078308,0,0,0.003271511,0.2919519,0.009630718,0.2416536,0.2640874,0,0,0,0.07121846,0.2786331,0,0,0,0,0,0,0,0.1194113,0.04142119,0,0.13631,0,0.2275002,0.03659595,0,0,0,0,0.2014245,0,0,0,0.1525948,0.03085455,0,0,0,0,0.1418972,0.1376258,0.355548,0.06761035,0,0,0,0,0,0,0.05939475,0,0,0,0.1299912,0.1037434,0.2873447,0,0,0,0.2907697,0.2734842,0.2515255,0,0,0.08982302,0,0,0,0.2451313,0,0,0,0,0,0.1780446,0.1662029,0,0,0,0,0.1980968,0.01289473,0.1087234,0.3810102,0,0,0,0.1854638,0,0,0,0,0,0.02408032,0,0,0,0.1536758,0.2079791,0.1093614,0.107982,0.1579805,0,0,0.3368632,0.03647907,0.1288998,0.2076456,0,0,0,0,0,5.762351E-05,0,0.2006756,0.002697332,0.5691537,0,0,0.4411032,0,0.06057797,0,0,0,0,0,0,0,0,0,0.1834522,0.07918992,0,0.2096075,0,0,0.04962606,0,0,0,0,0,0.1364079,0,0.1784473,0,0,0,0,0,0,0,0,0,0,0,0,0,0,0,0,0,0,0,0,0,0,0.06327806,0,0,0,0,0,0,0,0,0,0.06612955,0.0476791,0.3434041,0.2659691,0,0.3925946,0.3170978,0.0787696,0,0,0,0.5355688,0,0,0.2478189,0,0.4124084,0.3650927,0,0,0,1.459818,1.958395,0,0,0,0.1412071,0.1162198,0,0,0.3637704,0,0,0,0.1982515,0,0,0.004948322,0,0.07762173,0,0.7028984,0,0,0,0.955854,0.3140993,0,0,0.0881106,0.02888745,0,0,0,0,0,0,0.2636792,0.02785354,0,0.008036133,0,0.09383859,0,0.05162401,0,0.163677,0.3376037,0,0.2744165,0,0,0.02694697,0,0,0,0,0.1124375,0,0.08346526,0.1301095,0,0,0.2943678,0,0,0,0,0,0,0,0,0,0.303745,0.07419369,0.2082809,0,0,0,0,0,0,0,0,0.2155695,0,0.2052414,0,0,0,0,0,0.1850549,0.1890255,0,0,0,0,0,0,0,0,0,0,0,0,0,0,0,0,0,0,0,0,0,0,0,0,0,0.2644752,0.04164497,0,0.05031068,0,0,0.06003531,0,0,0.267198,0.2864887,0,0,0.03532457,0,0.2157067,0,0.2835069,0,0,0,0,0,0,0,0,0,0,0,0,0,0,0,0,0,0,0,0,0,0,0,0,0,0,0,0,0,0,0,0,0,0,0,0,0,0,0,0,0,0,0,0.4197956,0,0,0,0,0.142585,0,0,0,0,0,0,0,0,0,0,0,0,0,0,0,0,2.421799,0,0.3594811,4.682381,0,0,0,0.8450066,0,0.5267168,0,0.9750578,2.202374,0,3.176623,0,0,0.3285716,0.06698906,0,0,0.3048572,0.00131493,0.06576597,0.2616221,0,0.4733783,0.4597501,0.3193271,0,0,0,0.2187236,0,0,0,0.1403683,0.3471664,0,0,0,0.517808,0,0.08183682,0,0,0,0,0,0,0,0,0,0,0,0,0,0,0,0,0,0,0,0,0,0,0,0,0,0,0,0,
0,0.2096105,0,0.03673894,0,0,0,0.4873104,0,0,0.02271878,0.160481,0,0,0.4398041,0,0,0,0,0,0,0.05781727,0,0.009998464,0,0,0.3797989,0,0.4013746,0,0,0,0.1781299,0,0,0.4798938,0,0.1175935,0,0,0.2371178,0,0.1165005,0.02666291,0.3347756,0,0.1433702,0.02002298,0,0,0.4916313,0,0.5709972,0.1901295,0.0001611572,0,0,0,0,0.5669765,0,0,0,0,0,0.2215688,0.06385096,0,0.3367312,0.166874,0,0.1863243,0.2174031,0,0.1046045,0,0.02409861,0,0,0,0,0,0,0,0.1432419,0,0.05901328,0.02992629,0.3537066,0.1693724,0.2377025,0,0,0,0,0.1375807,0,0.1683628,0.05371981,0,0,0,0.06715669,0.009141445,0.2011147,0,0.1454619,0,0.06515531,0.2017374,0.1780359,0,0.00413735,0.3123761,0,0,0,0.0599955,0.03997483,0,0,0.1970523,0,0,0,0.4646284,0.05679802,0,0,0.7512911,0,0,0.433106,0.1253191,0.008548243,0,0.4275518,0.1483576,0,0,0,0,0,0,0.4608126,0,0,0.04636144,0.06675057,0,0,0,0,0,0,0,0,0,0.006518858,0,0,0,0,0.07142048,0.03264929,0,0.3501261,0,0,0,0,0,0.5716236,0,0.190936,0,0,0,0,0,0,0.001091124,0,0,0,0,0,0,0,0,0,0,0,0,0,0,0,0,0,0,0,0,0,0,0,0,0.2605967,0.08117267,0.3091713,0.1668237,0.1547986,0.299882,0,0.2948805,0.03554603,0.0912438,0.1244094,0,0.05469533,0.03757998,0,0,0,0,0,0,0,0.9789895,0.2743933,0,0,0,0.01400186,0.1877963,0,0,0,0.2121126,0.04349148,0,0,0,0,0.6119676,0,0,0,0,0.04362382,0,0.1756123,0.07314795,0,0.03125723,0,0,0,0.1835718,0,0,0,0.423733,0,0,0,0,0.3813019,0,0,0,0.1121982,0,0,0,0,0,0,0,0,0.1924739,0.2165026,0.268033,0,0.1865868,0.3779412,0,0,0,0.03507471,0.6139927,0,0,0,0,0,0.1235356,0,0,0,0,0,0,0,0,0,0,0,0,0,0.402501,0,0,0,0,0,0,0,0.4357178,0,0.2176638,0,0,0,0,0,0,0,0,0,0,0,0,0,0,0,0,0,0,0,0,0,0,0.04899755,0,0.1481632,0.4498676,0.249998,0.02565118,0.1194147,0.1374632,0,0,0.2009007,0.5733625,0.3491206,0,0.07016157,0,0,0.1546703,0,0,0.02077902,0.3027263,0,0,0.2326072,0,0.03303521,0.07993548,0,0,0.2923382,0.1070641,0.5070872,0.09974904,0.2199275,0,0,0,0,0,0.04843068,0,0,0,0,0,0,0,0,0.1564097,0,0,0,0,0,0.001373349,0,0,0,0,0,0,0,0,0,0,0,0,0,0.1021822,0,0,0,0,0,0,0,0,0.4780949,0,0,0,0,0,0,0,0,2.855055,2.701533,0.1496085,0.4056549,0.05015658,0.1326372,0,0.1578513,0,0,0,0,2.908338,0.4373768,0,0,0.02667687,0,0.09546021,0,0,0,0.1350402,0,0,0,0,0.07456067,0,0.03526586,0,0,0,0,0,0,0,0,0,0,0,0.230521,0,0.1325608,0,0,0,0,0,0,0,0,0,0,0,0,0,0,0,0,0,0,0,0,0,0,0,0,0,0,0,
0,0.393765,0,0,0,0,0.1425783,0,0,0,0,0,0,0.2126974,0,0,0,0,0,0.510942,0,0,0.1881041,0.3881414,0,0.1988074,0.07131222,0.0364721,0,0.09832951,0,0,0.3629967,0.1241582,0,0,0,0.0432041,0,0.07079279,0.1110923,0.2394468,0,0.02173112,0,0.07167416,0.06274179,0.04819244,0.01136696,0,0,0.1133459,0,0,0.2863897,0.1077517,0.01811678,0.2522751,0.3199143,0,0,0,0,0.1284034,0.2018225,0.3113851,0.2800117,0.4968826,0,0,0.5666494,0.1358095,0,0,0,0,0,0.03211564,0,0.5061766,0,0.2714435,0,0,0,0,0.5468022,0,0,0.05239423,0.04908654,0,0,0,0.2204794,0,0.01736807,0,0,0.1210743,0,0,0.3748601,0,0,0.06473728,0,0,0.3060947,0,0.3194592,0,0,0,0.3069364,0,0.4028583,0,0,0,0,0.3756058,0,0,0.5527216,0.5898092,0.4229685,0,0.2187548,0.3344066,0.5400338,0,0,0.03094914,0,0,0,0,0,0.3376546,0,0,0.2909579,0,0.004521366,0,0.1533749,0,0,0,0,0.002238478,0,0.03499313,0,0.4280521,0.1903409,0.1602639,0,0,0.2217953,0,0.124524,0,0,0,0,0,0.116399,0,0,0,0,0.1502715,0.2503304,0,0,0,0,0,0,0,0,0,0,0,0,0.337161,0,0,0,0,0,0,0,0,0,0,0,0,0,0,0,0,0,0,0,0,0,0,0,0.05121697,0.08391684,0,0,0.1415056,0,0.3518498,0.2193765,0,0.0412077,0.1529151,0,0,0,0,0,0.1508354,0.2234922,0.6823713,0.4089045,0.02738961,0.01041643,0.0496465,0,0.8462257,0.9689451,0,0,0.2964469,0,0.2701599,0,0,0,0,0.271828,0,0,0.05146832,0,0.1871376,0,0.1189135,0.2736586,0.3318129,0.1449513,0.09792793,0.4253954,0,0,0.3352176,0,0,0.05259727,0.220835,0,0.2181011,0.1136508,0,0.07161188,0,0.0639355,0.08665644,0,0.3145528,0,0,0.06147165,0,0.3771769,0.989462,0,0.02371467,0,0.2337811,0,0,0.07403456,0,0.3917194,0,0.06080881,0,0.2927065,0,0,0.03412663,0,0,0,0,0,0,0,0,0,0,0,0,0,0,0,0,0,0.2487615,0.1081457,0,0.1984157,0.05267151,0,0,0,0,0,0,0,0,0,0.2327798,0,0,0,0,0,0,0.1095062,0,0,0,0,0.3008101,0,0,0.09233347,0,0,0,0,0,0.1080714,0,0,0,0,0,0.08709008,0,0,0.06565064,0,0,0.07126203,0.04581831,0,0,0,0,0,0.172394,0.1015138,0,0,0.2319496,0.1350704,0.2104026,0.03249018,0,0,0,0,0,0,0,0,0.4711019,0,0,0,0,0,0,0,0,0,0,0,0,0,0,0,0,0,0,0,0,0,0,0,0,0,0,0,0,0,0,0,0.1119925,0,0.1750525,0,0,0,0.2378137,0,0,0,0,0.006350272,0,0,0,0,0,0,0,0.03053045,0.1969893,0,0.06965849,0,0.1193523,0,0.2762964,0,0,0.06342545,0,0,0,0,0.004844585,0,0.2228395,0,0,0,0,0,0,0,0,0.1377747,0,0.2019037,0.1780526,0.009229694,0.1131363,0,0,0,0,0,0,0,0,0,0,0,0,0,0,0,0,0,0,0,0,0.09692379,0,0,0,0,0,0,0,0,0,0,0,
0,0.3270766,0,0,0.0871639,0.04437453,0,0,0.03331365,0.1271673,0,0,0.1048467,0,0.1952444,0.3337305,0,0,0.1132847,0,0,0,0.3123174,0,0,0,0,0.377555,0.04626163,0,0,0.06394922,0.2009518,0,0,0.1594392,0,0.3485329,0,0.3722028,0.4083313,0,0.573786,0,0.04242345,0.1447932,0,0.1696153,0,0.03100895,0.3854199,0.1008433,0.2117544,0,0,0,0.02823991,0.3959448,0.1856065,0.2543327,0.1237335,0.3311663,0.4421161,0.2011625,0,0.2328666,0.2881467,0.1136982,0.2557953,0,0.1521485,0.1161946,0,0.0319222,0,0,0,0,0.2916934,0.1965376,0,0,0.02574622,0,0.08804484,0,0.08109938,0,0.07648817,0,0.31802,0,0.2182464,0.3876876,0,0.09331515,0,0,0.05368468,0.1555299,0,0,0,0,0.1867672,0,0.2376217,0,0,0.2140857,0,0,0.1925612,0,0.06397245,0.1072513,0.03591716,0.1735456,0.1448931,0,0,0.2790695,0,0.1857655,0.2532945,0,0.2805206,0,0,0.1609777,0.1350289,0,0.08738641,0,0,0,0.01375543,0,0.3828702,0,0,0,0.1097529,0.005268025,0,0.2255003,0.3667958,0,0,0,0.08267344,0,0,0.3573797,0,0.01581331,0.1373472,0.08802343,0,0.09363161,0,0,0,0,0.3334925,0.09551666,0,0.09650557,0.01841344,0,0.3331338,0,0.06209189,0.03245061,0.3523273,0,0.005943474,0,0,0,0,0,0,0,0,0,0,0,0,0,0,0,0,0,0,0,0,0,0,0,0,0,0.1489195,0,0,0,0,0.372225,0,0.09154148,0.14476,0,0,0,0.03902823,0.2282339,0.3102272,0,0,0,0,0,0.09822966,0.05003324,0,0.09234037,0,0.1218915,0.5326574,0.4625367,0.2408858,0.2606638,1.748973,0.683966,2.412665,0.2194049,0,0,0,0,0,0,0,0.1013268,0.5364785,0,0,0,0,0,0,0,0,0,0,0,0,0,0.008849528,0.1015204,0,0.1190707,0.08326772,0,0,0.1307093,0,0.03078414,0,0,0.2497596,0,0.01100064,0.05105974,0.142445,0.07885363,0,0.003434251,0,0,0.3154003,0.253464,0.05567497,0,0,0,0.01712491,0.2038117,0.2835904,0.2102837,0.0672318,0,0.2374298,0,0,0,0,0,0.07322371,0,0,0,0,0,0.1726506,0,0,0,0,0,0,0,0,0,0,0,0,0,0.02894817,0.2996026,0,0,0,0,0,0,0,0.2666247,0,0.1772386,0,0,0,0,0,0,0,0,0,0,0,0,0,0,0,0,0.06386317,0,0.0516079,0.2826427,0,0,0.4792994,0,0,0.02574196,0,0,0,0.1499373,0,0,0,0,0,0,0,0,0,0.3089203,0.2764133,0,0.05286491,0,0,0,0,0.3269259,0,0,0,0,0,0,0,0,0,0,0,0,0,0,0,0,0,0,0,0,0,0,0,0,0,0,0,0,0,0.6547307,0,0,0,0,0,0,0,0,0,0,0,0,0,0,0,0,0,0,0,0,0,0,0,0,0,0,0,0,0.04279207,0,0.6181204,0,0.4945117,0,0.1970046,0.0156611,0,0,0,0.04096813,0.2892334,0,0.003401015,0,0.2926538,0.1392102,0.170999,0,0,0,0,0,0.06604244,0,0,0,0,0.2361073,0,0,0.2853013,0,0,0,0,0,0,0,0,0,0,0,0,0,0,0,0,0,0,0,0,0,0,0,0,0,0,0,0,0.02968829,0,0,
0.162024,0.04401933,0.4386499,0,0.1723716,0,0,0.2812119,0,0.365615,0.007204958,0,0,0.04154881,0.1935674,0.2468135,0.4807641,0.06446081,0.07914991,0,0,0.5619725,0.2750305,0,0,0,0,0,0.2952304,0,0,0.3122445,0.07374852,0.1981559,0.07527733,0.2623252,0,0,0,0,0.3132708,0.08358981,0,0,0,0,0.6737946,0.1293423,0.2155445,0,0.04026489,0,0.1472752,0,0.3404067,0,0.452011,0,0.1099597,0.03717691,0,0.2324244,0,0,0,0.458952,0.1638172,0.0291566,0.09665512,0,0.2290397,0,0.2307621,0.3894691,0.3346589,0,0,0,0,0.3325972,0,0,0,0.3520595,0,0,0.2790475,0,0.1817886,0,0.1226955,0,0.1731689,0,0,0.1376822,0,0,0,0.4211495,0,0,0,0.2104773,0.4440717,0,0,0,0,0,0.1268126,0.06524807,0,0,0,0.5033907,0,0,0,0,0,0,0.3074996,0.1327399,0.08002359,0.3947158,0,0,0.429548,0.2094419,0,0,0,0,0.2940083,0.2432634,0.1303949,0.1648482,0.1045377,0,0,0,0.3809518,0,0,0.5890402,0,0.09806806,0.06715676,0,0.1724078,0,0,0.2844907,0,0.07335474,0,0.0453717,0,0.02325111,0.3150407,0.02425504,0,0,0,0,0.1244292,0,0,0.0758102,0,0,0.2087645,0.1175181,0,0.01905697,0,0.02899318,0.1704516,0,0,0,0,0,0,0,0,0,0,0,0,0,0,0,0,0,0,0,0,0,0,0,0.2547795,0,0,0,0.7456303,0,0,0,0,0,0.02550439,0,0,0.01819357,0,0,0.08262786,0.02117367,0.02192685,0.06525306,0.08118774,0,0,0.4442045,0,0.10347,0,0,0,0,0.03352062,0.1693717,0.2553601,0,0,0.08630712,0,0.01510808,0,0,0,0,0.4256436,0,0,0.01555067,0.03773804,0,0.1562918,0,0.05895023,0,0,0,0,0,0,0.1108416,0,0,0,0.129268,0.4971723,0,0.05875089,0.2660455,0,0,0.03981352,0,0,0,0.3088611,0,0,0,0,0.2410416,0.07654134,0,0,0,0.07532855,0.09292704,0,0,0,0,0,0.05064462,0,0.04064551,0,0,0.06644363,0,0.2427195,0,0.1153928,0.1533622,0,0,0,0,0.1249642,0,0.09140547,0,0,0,0,0,0,0,0,0,0,0,0.3608787,0,0.3707781,0,0,0,0,0,0,0,0,0,0,0,0,0,0,0,0,0,0,0.8832284,0.3475383,0.1696889,0,0.4017454,0,0,0.7955129,0.05910303,0,0.07408771,0.0692067,0,0.07696751,0,0,0,0.2840973,0,0.01929555,0.4569003,0.2970709,0,0,0.1770029,0,0.5403126,0,0.1611973,0,0,0.5988596,0.2362935,0,0.07241853,0.4137985,0,0,0,0,0,0,0,0,0,0,0,0,0,0,0,0,0.1682031,0,0,0,0.01011969,0,0,0,0.0168019,0,0,0,0,0,0,0,0.2134008,0,0.2659999,0,0.2372187,0,0,0,0,0,0,0,0,0,0,0,0,0,0,0,0,0.02486131,0,0,0,0,0.02938446,0,0.05501693,0,0,0,0,0,0,0.2214262,0,0,0,0.3071286,0.01748119,0,0,0,0.05586813,0,0,0.5624248,0,0.3511658,0,0.1881146,0,0,0,0,0.3898807,0,0,0,0.3642637,0,0,0,0,0,0,0,0,0,0,0,0,0,0,0,0,0,0,0,0,0,0,0,0,0,0,0,0,0,0,
0,0,0,0,0.4099796,0.4133868,0.3710307,0.154497,0.3762585,0,0,0,0,0.1230449,0,0,0.1687468,0.07122754,0.2001336,0.04673424,0,0,0.3615656,0,0,0,0.3244092,0.1074793,0.06721936,0,0,0,0,0,0,0,0,0,0.07941008,0.1098955,0.2844084,0.05538208,0.2022735,0,0,0.2230496,0,0,0.3817104,0,0,0.1195506,0.01785075,0.187438,0.1312652,0,0,0,0,0.528818,0,0,0,0,0.09987193,0.0002890144,0,0,0,0.08014344,0.01231657,0.1912801,0,0,0,0.2341015,0.05974267,0,0.04479434,0,0.3258837,0.1586179,0.01813601,0.106118,0,0.1034607,0.2998628,0.1737162,0,0.2152155,0.1990499,0,0.3389973,0,0,0.05381778,0.1540814,0,0,0.1106627,0,0,0,0.4440363,0,0.1631194,0,0.2882622,0.01240087,0,0.1284608,0.09374345,0.27043,0.1306831,0,0.1318891,0.2927023,0,0.4546619,0,0.2090234,0,0,0.3658166,0.01168612,0.1515206,0.2693163,0.5101314,0.131143,0,0,0.321521,0,0.2988003,0,0.2607209,0.2362566,0,0.6124485,0,0.7492614,0.2741431,0.3163792,0.02670856,0.02246568,0.5183946,0,0,0,0.03701961,0,0.06649569,0.209034,0,0,0.2320115,0,0,0.233594,0.09727772,0.005530264,0,0,0.07437053,0.2951267,0.3440034,0,0.06961442,0,0.0107996,0.01924828,0,0.01223468,0,0.2759873,0,0,0,0.121634,0,0,0,0,0,0,0,0,0,0,0,0,0,0,0,0,0,0,0,0,0,0,0,0,0,0,0,0,0,0.2330211,0,0,0.08066194,0,0,0,0,0,0,0.1315995,0.06743017,0.5783272,0,0.2019574,0,0,0.1729907,0,0,0.4382915,0.0746986,0.4615648,0.02480227,0.1519373,0,0,0,0.04418449,0,0.3897861,0,0.1731046,0,0.01438543,0.09911118,0.3068358,0,0,0.1235459,0,0,0,0,0.150575,0,0,0,0.2453244,0,0,0.1723585,0,0,0,0.2330083,0.0811279,0,0,0.062749,0.03333402,0,0.1972162,0.3693272,0.2960127,0,0,0,0,0.1821028,0,0.2513691,0.2562862,0,0,0,0,0,0.03325058,0,0,0,0,0,0,0.2215714,0.2205065,0,0,0.2907995,0,0.09666596,0,0,0,0,0,0,0,0,0,0,0.198263,0,0,0,0,0,0,0,0,0,0,0.2736802,0,0,0,0,0.06871466,0,0,0,0,0,0,0,0,0,0,0,0,0.3169532,0.2330456,0.3977386,0,0.3260712,0.1652115,0,0,0,0.1810139,0,0.2040648,0,0.01948396,0.3993089,0,0,0,0,0,0.1207092,0,0,0,0.1440935,0,0.2683763,0.3564433,0.06713641,0.02345364,0,0,0.02160114,0.1516158,0,0.3658504,0,0,0,0,0,0,0,0,0,0,0,0.02722753,0,0,0,0,0,0,0,0,0,0,0,0,0,0.2141135,0.6606614,0,0,0,0,0,0,0,0.4767592,0,0,0,0,0.01806608,0,0,0,0,0,0,0,0,0,0,0,0,0,0,0,0,0,0,0,0,0.3881369,0,0,0.1598141,0,0,0.1514373,0,0,0,0,0.1323924,0,0,0,0,0,0.1425085,0.1682807,0,0.1120404,0.2570699,0,0.04246976,0,0,0.4543466,0,0,0.7240065,0,0,0,0.5016232,0,0,0,0,0,0,0.0602068,0,0,0,0,0,0,0,0,0,0,0,0,0,0,0,0,0,0,0,0,0,0,0,0,
0.03474409,0.03149655,0,0.3948141,0,0.2171091,0.1165386,0,0.230581,0.177594,0.2391438,0,0.03272383,0,0.02496521,0,0.0646136,0,0.1546921,0.3066677,0,0,0.3569519,0,0,0,0,0,0,0,0.1111586,0,0,0.2836155,0,0,0,0,0.5048385,0.7233953,0,0,0,0.1398401,0,0.05303311,0,0.1469842,0.2890968,0.2619092,0,0.0925142,0,0,0.0180856,0.04768927,0,0.045155,0.1544597,0.238685,0.4086872,0,0.2490183,0.02545051,0.07440507,0.1571672,0.1017888,0.1136535,0,0.0755509,0,0,0.016718,0,0.01441743,0.07989712,0,0.00639851,0,0.2572213,0,0.2835229,0.2707453,0,0.1912788,0,0.2480785,0,0.2048507,0.006734554,0,0,0,0,0,0.02633131,0,0,0.1595265,0.1754033,0.09684198,0,0,0,0.2266405,0,0.2256787,0.371719,0,0,0,0.1125491,0,0.4198373,0.3007999,0,0,0.02863626,0.1374842,0,0,0,0.3563709,0.2353454,0,0,0,0,0,0,0.1300327,0.6162275,0.1083984,0.1868438,0,0,0.4215861,0,0,0.3893133,0,0,0,0.07456768,0.1229164,0.1005879,0,0,0.4246137,0,0,0,0,0,0.1132255,0,0.3562005,0,0,0.3383723,0,0.2998892,0.260507,0,0,0,0,0.1534098,0,0.2343355,0.196159,0.1084244,0.3062726,0,0.09915506,0.04080167,0.1410409,0.1026877,0,0.01782973,0,0,0,0,0,0,0,0,0.09477104,0,0,0,0,0.1887196,0,0.04126741,0,0,0,0,0,0,0,0,0,0,0,0,0,0.2336705,0,0,0,0,0,0.2147416,0,0.1790571,0.2572517,0,0,0,0.1100181,0,0,0,0,0,0.2891671,0.3037423,0.3599184,0.2689685,0,0.1164577,0,0,0.1229974,0,0,0.5982832,0,0.1564498,0,0,0,0,0,0.279506,0.2301103,0,0.1735708,0.02942089,0,0,0,0.0695575,0,0,0.9370996,0,0,0.04881804,0.01155645,0,0,0.3707308,0,0.1038008,0.06280503,0,0.4295693,0,0.3891194,0.1950642,0.1223079,0,0,0,0,0.1118554,0.6898349,0.5252053,0,0,0,0.1196802,0,0,0.06351616,0.272191,0.4158777,0,0,0,0.004019625,0.448637,0,0,0,0,0.05162471,0,0,0,0,0,0,0,0,0,0,0,0.07037009,0,0,0,0,0,0,0,0,0,0,0,0,0,0,0,0,0,0,0,0,0,0,0,0,0,0,0,0.4940781,0,0,0.1469297,0.4331233,0,0.3541594,0,0,0,0.06047688,0,0,0.1489683,0.2511173,0,0,0,0.2604526,0,0.01158159,0,0,0.4096866,0,0,0.3215273,0,0.008693033,0.5782968,0.09197389,0.2309819,0,0.1256988,0.1864186,0,0,0,0,0,0,0,0,0.2964226,0,0,0,0,0.05010447,0,0,0,0,0,0,0,0.07595769,0,0,0,0,0,0.2600367,0,0.0248624,0,0,0.3551864,0.2170329,0,0,0,0,0,0.06185827,0,0,0,0.1171727,0.2996458,0,0,0,0,0,0,0,0.02963163,0,0,0,0,0.1169945,0,0.03645487,0,0.2893764,0,0,0,0,0,0,0,0.6035113,0.2212226,0.5279673,0,0,0,0,0.1991736,0,0.08645496,0,0,0,0,0,0.4355987,1.215126,0.9316133,0,0,0,0.2316898,0,0,0,0,0,0,0,0,0,0,0,0,0,0,0,0,0,0,0,0,0,0,0,0,0,0,0,0,0,0,0,0,0,0,
0,0.1095704,0,0,0.007765383,0,0.2461043,0,0,0,0.384505,0,0.2277787,0,0,0.1414062,0,0,0,0.04278811,0,0,0,0,0,0,0,0.1310321,0.1199811,0,0,0,0.2722844,0,0,0,0,0,0,0,0.1011972,0.1282504,0.0458147,0,0,0,0.5658734,0,0,0.09248194,0,0.2660418,0.02402888,0.2152316,0,0,0,0.1573552,0.2857445,0,0,0,0.161473,0,0,0,0,0.2738392,0,0.2630796,0.4941426,0.1724872,0,0.3928249,0,0.4418371,0.005881664,0,0,0.226998,0,0,0,0,0.2479072,0.02245083,0,0,0,0,0,0.3442225,0,0.4402432,0.2121521,0,0,0,0,0.4399588,0.3189866,0.3896036,0,0,0,0.53381,0,0,0,0.1863304,0,0.09789787,0,0,0,0.06652649,0,0,0,0,0,0.1508105,0.02055098,0,0.4579638,0,0,0.5132742,0,0,0.262011,0,0.4918388,0.2295142,0.115382,0.09597933,0,0,0.3171294,0.07825253,0,0.2091674,0.008293203,0.1091527,0.1016172,0,0,0.01373617,0,0,0.04486558,0,0,0,0,0.1790258,0.5117145,0.1772418,0,0.2719247,0.07636209,0,0.01383258,0,0.2074507,0,0.3314634,0.2504659,0.07613608,0,0.03046168,0.06869107,0,0.1347872,0.04539577,0.363393,0,0,0,0.03809128,0,0,0,0,0,0,0.1421244,0,0,0,0,0,0.304042,0,0,0,0,0,0,0,0,0,0,0,0,0,0,0,0,0.06349793,0.05466814,0,0,0,0,0,0.6354681,0,0,0,0,0,0,0.09107178,0,0,0.451822,0,0.2292629,0.06397206,0,0,0.007335112,0,0,0.1545547,0,0.1542424,0,0,0,0.387193,0,0,0,0,0,0.09634396,0,0.07475164,0.04130967,0,0,0,0.08915808,0.00258566,0.4527315,0.02136562,1.650817,3.193041,0.6039032,0.1842219,0,0,0,0,0,0,0,0,0,0,0.2133211,0.2439536,0.3747097,0.0539698,0,0.06015315,0,0.1125627,0.2967366,0,0,0,0,0.1943528,0.6221895,0,0.1243574,0,0.06066411,0,0.09671574,0.2686971,0.4848096,0,0,0,0,0,0,0,0,0.04181824,0.04735756,0,0,0,0,0,0.2408951,0,0,0,0,0,0,0,0.07493806,0.1859865,0,0.286608,0,0,0,0,0,0,0,0,0,0,0,0,0,0,0,0,0,0,0.4654436,0.3181008,0,0,0.1582645,0,0.1930596,0,0.3203567,0.423533,0,0,0.2449184,0,0,0.1513393,0,0,0.08349039,0,0,0,0.1494025,0.07230212,0.3127231,0,0,0,0,0.05221809,0.00581741,0,0,0,0,0,0,0,0,0,0,0,0,0,0,0,0,0,0,0,0,0,0,0.005361852,0,0,0,0.1814254,0,0.1142575,0,0,0,0,0,0,0.2790861,0.4850626,0.04557706,0,0.1891285,0,0,0,0,0,0,0,0.2002205,0.2192223,0,0,0,0,0,0,0,0.2069078,0,0,0,0.002827284,0.01609945,0,0.1436003,0.2680398,0,0.164161,0.2083051,0,0,0.4921192,0,0,0,0,0,0,0.01961274,0,0,0,0.04916636,0.0735755,0,0.9743395,0.7706226,0.05053569,0.3227375,2.40211,0,1.548278,0.8824315,1.218055,4.746942,3.645355,0,0,0,0,0,0,0,0,0,0,0,0,0,0,0,0,0,0,0,0,0,0,0,0,0,0,0,0,0,0.07581065,0,0,0,0,
0,0,0.4474174,0,0,0,0,0.2698436,0,0,0,0,0,0,0,0,0.386327,0,0.03795978,0.237198,0,0,0,0,0.1350897,0.2305206,0.04359585,0,0.158813,0.1024993,0,0,0,0,0,0,0,0.1280421,0,0.01513661,0,0.07628539,0.1436256,0,0.06050187,0.2040537,0.3386735,0.422992,0,0.06862295,0.1263598,0,0,0.06322724,0.04460889,0.2299406,0.374063,0,0,0.1126226,0,0.3254658,0,0.318196,0.1186297,0.1449689,0.0009953466,0.2931406,0,0,0,0,0,0.04425135,0.1160057,0,0.2627016,0,0,0,0.1452931,0,0,0.6492105,0,0.2814512,0,0,0,0,0,0,0.2922676,0,0.4416323,0.0303717,0,0.2044925,0,0.2590333,0.06745493,0.04680371,0.2597352,0.1484857,0.1811422,0.02575356,0,0,0,0,0,0,0,0,0,0,0,0,0.00782581,0,0,0,0.3523233,0.2799326,0.03576986,0,0,0,0.1109961,0.08516654,0,0,0,0.1099856,0.4763288,0.3448286,0,0,0,0,0.1254423,0,0,0,0,0.04971261,0,0,0.06163954,0,0.437009,0,0,0.3330281,0.06932897,0.04110825,0,0,0,0.3811905,0,0.5970121,0,0,0.469541,0,0,0,0,0.1602451,0,0.3321222,0,0,0,0.4065247,0,0,0,0.4820221,0,0,0,0,0,0,0,0,0.1369594,0,0,0,0,0,0,0,0,0,0.3331923,0,0,0,0,0,0,0,0,0,0,0.4642934,0,0.05912058,0.1817451,0.1130166,0.1785952,0.1643715,0.2078074,0.05073308,0,0,0.2870716,0.09106748,0.03999257,0.2911055,0,0.04310083,0,0,0,0.1197846,0,0.1767799,0.5358211,0,0.3736271,0.7450572,0.2701893,0,0.2072311,0,0.1991069,0,0,0,0,0.2461727,0,0,0,0.1480578,0,0.394722,0,0,0,0,0.2238673,0.2808678,1.200462,4.430436,0.3472793,0,0,0.07665657,0,0,0,0.1208428,0.482001,0,0.2018016,0,0,0,0,0,0.280114,0,0,0,0.2924236,0.1625528,0,0,0,0,0,0,0,0,0.02981008,0.06332157,0,0,0,0,0,0.5187849,0,0,0,0,0,0.03383273,0.1809394,0,0,0,0,0,0,0.03589733,0,0,0,0,0.01535257,0,0,0,0,0,0,0,0,0,0,0,0,0,0,0,0,0,0,0,0,0,0,0,0,0,0.5735377,0.0565979,0.05383718,0.4315103,0.2173418,0,0.09690105,0,0.2669095,0.1587633,0,0.6834538,0.392037,0,0,0,0,0.4407173,0.2710142,0,0,0,0.04166873,0,0.05440086,0.2742437,0,0.2721639,0,0,0,0.2279393,0,0,0,0,0.4322646,0,0,0,0,0,0,0,0,0,0,0,0,0,0.1761187,0,0,0,0,0,0.6227571,0.2802803,0,0.1909027,0.4982639,0.07756443,0.02466642,0.2338623,0,0.3019152,0.1210722,0.108256,0,0,0,0,0,0,0,0,0,0,0,0,0.0006500876,0,0,0,0.08915695,0,0,0,0,0,0,0.07158983,0.02887654,0.2389784,0.1655045,0,0,0,0,0.1400844,0,0,0,0,0,0,0,0.1533134,0,0.1095161,0.01714887,0,0.01845127,0,0,0.2875704,2.691121,0,0,0.7611917,1.112642,1.825209,3.835974,3.256249,0,0,0,0,0,0,0,0,0,0,0,0.02989938,0,0,0,0,0,0,0.2674023,0.0008356049,0,0,0,0.1018585,0,0,0,0,0,0,0,0,0,0,
0.01190343,0,0.02055942,0.04490348,0.258128,0,0.2292605,0,0,0,0,0,0.2714065,0,0,0,0,0.4739832,0,0,0,0,0.4179094,0,0.1561251,0,0,0,0,0,0.2409524,0,0,0,0.08462106,0,0,0.06198593,0.1897197,0,0,0.3452978,0.1871408,0.3107634,0.08974216,0.1914789,0.2919007,0.02383243,0.0238929,0,0,0.05991539,0,0,0.1172297,0,0,0.2880489,0.4032139,0,0,0,0,0.1525412,0.4052108,0,0,0,0,0,0.03971872,0,0.007997499,0.3237129,0,0,0,0,0.1083983,0,0.1327085,0.2556875,0,0,0.1586255,0,0,0,0.06729417,0.07739957,0,0,0.1081709,0,0.2475165,0,0.1362834,0.2561675,0,0,0.2311183,0,0.30788,0.1728713,0,0,0.1986057,0,0,0.1541444,0,0.1222409,0,0,0.08463094,0.1196481,0,0,0.2509636,0.4205293,0,0,0,0,0,0.2969279,0,0.07616159,0,0,0.1622312,0,0.1439289,0.283111,0.2686233,0,0,0.351676,0.379484,0,0.1881999,0.04203538,0,0.1270774,0,0,0,0,0,0,0,0,0,0,0,0,0,0,0.05765525,0,0.2257785,0,0.03674492,0.3474948,0,0,0,0,0,0,0.1166058,0,0.1526621,0.2261305,0,0,0.132375,0,0,0.3203318,0.0544598,0,0.2584865,0,0,0,0,0,0,0,0,0,0,0,0,0,0,0,0,0,0,0,0,0,0,0,0,0,0.260322,0,0,0,0.1238206,0.1677676,0.2369557,0,0,0.258793,0.4152856,0.006161245,0.2021365,0.133278,0.07978373,0,0,0,0,0.4742088,0,0,0,0,0,0.1591073,0,0.05703912,0,0,0.4071836,0.5557612,0.08621266,0.3308738,0.7316375,0,0,0,0.181485,0,0,0.224319,0.1144689,0,0.5029799,0.6316696,0.04820016,0.03570776,0.5466035,0,0.3431952,2.126667,0,0.006128802,0.0158677,0,0.3727941,0,0,0,0,0,0,0.2679653,0.1945664,0,0,0,0.03064209,0.3432191,0.1420381,0.400731,0.529788,0.153062,0,0,0,0,0,0,0.1748065,0,0,0,0,0,0,0,0,0,0,0.07274495,0,0,0,0,0,0,0,0,0,0,0,0,0,0,0,0,0,0.2079064,0,0.1720518,0,0,0,0,0,0,0,0,0,0,0,0,0,0,0,0,0,0,0,0,0,0,0,0.02510917,0.09884778,0.5180185,0,0.06770012,0.4011554,0,0,0,0,0.05086192,0,0,0,0.1183599,0,0.2439461,0,0,0.2987372,0.139851,0,0,0,0,0.1451486,0.08117321,0.02811431,0.3835197,0,0,0,0,0,0,0,0,0.2610032,0,0,0,0,0,0,0,0,0.08553902,0,0,0,0,0,0,0.2935266,0,0.01297337,0.1950814,0,0.2921966,0,0.2516378,0,0,0.2827329,0,0,0.03390441,0,0,0,0,0,0,0,0.01647372,0,0,0,0.1263777,0,0,0,0,0,0,0,0,0.3563747,0,0,0.3449858,0,0,0.3118523,0,0,0.02804011,0,0,0.05578623,0,0,0,0.4513485,0,0.03730248,0.08124626,0,0,0.5348067,0,0.3641491,0,2.01585,1.574848,0,1.428829,0.4416548,0,2.113686,2.253742,3.371779,1.603755,0,0,0,0,0,0,0,0,0,0,0,0,0,0,0,0.1054164,0.01433242,0.04691888,0.01602598,0,0,0,0,0,0,0,0,0,0,0,0,0,0,0,
0,0,0,0.2523077,0.5988454,0,0,0.1798057,0.3031177,0.02525034,0,0.1090255,0.2000668,0,0,0,0,0,0.1501122,0.2122798,0,0.07970884,0,0,0.1001667,0.02698807,0,0,0.1137593,0.4221807,0,0,0,0,0.07070372,0.139245,0.1497586,0,0.5516257,0.4045003,0.3395992,0,0.2996703,0.1717557,0,0.06828876,0,0,0.3060266,0,0.162769,0.007306867,0,0.06871589,0,0.4830897,0.1895387,0,0.7087325,0,0.1602679,0.2005683,0,0.08984569,0.0450341,0.3434094,0.05821493,0,0.1888759,0.05634182,0,0.1172787,0.1717576,0,0,0,0.0114169,0.522149,0,0.3387554,0.06752521,0.109524,0.07097013,0.1085093,0.1390831,0.1562804,0.09065351,0,0.1788992,0.519451,0.065015,0,0,0.1744528,0,0.5351185,0.05335233,0,0.2474328,0,0,0.07649836,0.004865039,0,0.1168683,0,0,0,0.1127509,0,0,0.03995831,0,0.2140317,0.3932994,0.2109771,0.2505852,0,0.1271754,0,0.04637792,0.4912175,0,0.09852771,0,0,0,0.5106718,0.198542,0.008515053,0.03720838,0.2021136,0.1943341,0.204946,0,0.1091123,0.05033055,0.2667207,0.1884266,0,0,0.2982418,0,0.04532178,0,0,0,0.2328339,0,0,0,0,0,0.3423474,0,0,0,0,0,0,0.172221,0,0,0.05596282,0.01017317,0,0.09303464,0.0553037,0,0.2538915,0.03144648,0.5554222,0,0,0.5704843,0,0,0,0,0.1000897,0.1872758,0,0,0,0,0,0,0.3462804,0,0,0,0,0,0,0,0,0,0,0,0,0,0,0,0,0,0,0,0,0,0,0,0.6862946,0,0,0,0.3565955,0,0,0,0,0,0.09814683,0,0,0,0,0,0.07264382,0,0.06127492,0.4271436,0.1777566,0,0.1111299,0,0,0.1443709,0,0,0.2344392,0,0.1420679,0.1815201,0,0.009933905,0.04812673,0.4568761,0.24329,0,0,0,0.08793792,0.731641,0,0,0,0.3020104,0,0,0,0.2148017,0.010801,0.004001403,0.1447335,0.1204333,0,0,0,0,0,0.1869646,0,0.31273,0,0,0,0.0739006,0,0,0.2789582,0,0,0.1558927,0.4699353,0.2581911,0.03415353,0,0,0,0,0,0.02027281,0.2719743,0.009846353,0,0,0,0,0.1144078,0,0.2081965,0.1253049,0,0,0,0,0,0,0,0,0,0,0,0,0.192791,0,0,0,0.05394754,0,0,0,0,0,0,0,0,0,0,0,0,0,0,0,0,0,0,0,0,0,0,0.8385814,0,0,0.47915,0,0,0,0,0.06201118,0.3695663,0,1.365019,0.08578983,0,0,0.02980095,0,0,0.1212811,0.07540552,0,0,0.3517826,0,0,0.3819017,0.1094573,0,0.2448709,0.09640416,0.1453436,0,0,0,0,0,0,0,0,0,0,0.1051655,0.104964,0,0,0,0,0,0.1487802,0,0,0,0,0.09099063,0,0.4045567,0.1764593,0,0,0,0.2072321,0,0.08710654,0.279035,0,0.07496922,0,0,0.2312155,0,0,0,0.1074589,0,0,0,0,0.1375506,0,0,0,0,0.5205123,0,0,0.02059028,0,0,0,0,0,0,0,0,0.1511231,0,0,0,0,0.2314783,0,0,0,0,0,0,0.2672036,0,0.1200327,0.1255542,0,0.1329564,0,0,0.2982457,0,0,1.51687,0,0,0.08406042,2.182208,2.169929,1.666287,0.6329698,0,0,0,0,0,0,0.6233802,0,0,0,0,0,0.4254827,0,0,0,0.3687718,0.4806159,0,0,0.3023595,0,0.2356441,0,0,0,0,0,0,0,0,0,0,0,
0,0.05878387,0,0.2210153,0.1679998,0.09536106,0,0,0,0,0,0,0,0.1102376,0,0.45303,0,0.1419649,0.1777653,0,0.3138793,0,0.2079527,0.4421206,0,0,0.1874357,0.3333754,0,0.2844803,0,0,0,0.06206721,0.1799633,0,0,0,0.4047054,0.3677249,0,0.2709714,0,0,0,0,0.2439335,0.007678082,0,0,0,0.1338366,0,0.3640718,0.1771581,0,0,0.3221603,0.116614,0.1477392,0,0.2344458,0,0.405432,0.1680249,0.4405954,0,0,0,0,0.158917,0,0,0.009898372,0,0,0.1936219,0,0.3064022,0.4221324,0,0.2332832,0.1830997,0,0,0,0,0.3325327,0,0.1511868,0,0,0.1513734,0.0554948,0,0,0.09018256,0.4089028,0,0.08861522,0,0,0.003689526,0,0,0.4483527,0,0.5523645,0.3684922,0.1311326,0.3473535,0.1622541,0.1238094,0.4088034,0,0,0,0.6750993,0.1087997,0,0.22637,0.371127,0,0.1423212,0,0.2140799,0,0.2127762,0,0,0,0,0,0,0,0,0,0,0,0.3884556,0,0.1143786,0,0,0,0.07348566,0.1137855,0,0.3361774,0.1139605,0.0007530818,0,0.4502758,0.1441705,0.1955236,0.2184412,0.3205048,0,0.3821674,0.2955054,0.1117003,0,0.2549051,0,0.2906775,0,0.1595684,0,0,0.2574907,0.1296357,0,0.1302204,0,0,0,0,0.1604613,0,0.3285835,0.01393842,0,0,0,0,0,0,0,0,0,0,0,0,0,0,0,0,0,0,0,0,0,0,0,0,0,0,0,0,0,0,0.8389379,0,0.4160272,0,0.2721122,0,0.005449588,0,0,0,0,0,0,0,0.08802889,0,0.4683451,0,0.5027582,0.1766564,0,0,0.08235382,0,0,0,0,0.1140079,0,0,0.325225,0,0.403891,0,0,0,0,0,0,0,0,0.3679606,0.04718781,0,0.2334713,0,0.1119776,0,0,0.2385095,0.4720302,0.1057677,0,0.1795261,0.2279422,0.359555,0.2645123,0,0.2839217,0.09743261,0,0,0.4576429,0,0,0,0.03154621,0,0.2923141,0.02229378,0.1196732,0,0.007506208,0,0.2339971,0.3858635,0,0,0,0.2038666,0,0,0,0.2220589,0,0,0,0,0,0,0,0,0.3390615,0,0,0,0,0,0,0,0,0,0,0,0,0.1659581,0,0.3450648,0.6201063,0.1680804,0,0,0,0,0.02414835,0,0,0,0,0,0,0,0,0,0.1443343,0,0,0,0,0,0.6870614,0.1466958,0.4697272,0.2742653,0,0,0,0,0.02045555,0,0,0,0.02101587,0,0,0,0,0.2393034,0,0,0,0,0,0,0,0,0.4529375,0,0,0.185711,0,0.5162166,0,0,0,0,0,0,0,0,0,0,0,0,0,0,0,0.01274339,0,0,0,0,0,0,0,0,0,0,0,0.01579456,0.08061623,0,0.3695742,0,0.1742125,0,0,0,0,0.2092127,0,0.1387446,0,0,0,0.4014811,0,0.0529552,0.2167152,0,0,0,0,0.1348176,0,0,0,0,0,0,0.4668405,0.3620951,0.1293868,0,0,0.2087474,0.3312812,0.04398503,0,0.1654756,0.3920434,0,0,0.2466646,0.1350775,0,0.4652876,0.6635166,0.02794591,0.06893095,0.02782749,0.6952776,0,0,0,0.2312642,0,0,0,0,0.4752708,1.711873,0,2.053237,0,0,0,0,0,0,0,0,0,0,0,0,0,0,0,0.272828,0.07744957,0.1045576,0,0.1567005,0,0,0,0.09029302,0.04166882,0.03630552,0.1533988,0,0,0,0,0,0,0,0,
0.03065868,0,0,0.2448469,0.242924,0,0.003990176,0,0,0,0.182363,0,0.433571,0,0,0,0,0,0,0,0,0,0.2263685,0.2360358,0.007585828,0.3711088,0.1302482,0,0,0.04506369,0.3056163,0,0,0,0,0,0.1377537,0,0.1786884,0.1716129,0,0,0,0,0.3457381,0,0,0,0,0,0,0,0,0.2505024,0.1389696,0,0.1016928,0,0,0,0,0,0,0,0,0.06189582,0,0,0.01927397,0,0.1470729,0,0,0.2221947,0.02519652,0.1339839,0,0,0.04449357,0,0,0.000185866,0.1586719,0.03086856,0,0,0.06380019,0,0.1519158,0,0,0,0,0,0,0,0,0.1259436,0.08473111,0.09312852,0.7717355,0.5098595,0,0,0.3631032,0,0,0,0,0.1959758,0.4019759,0.4060256,0,0,0,0,0,0,0,0.01429303,0.03910083,0.1098049,0,0.2305345,0,0,0,0.03442482,0,0,0,0,0,0,0.2159255,0,0.4060277,0,0,0.2382848,0,0,0.244599,0,0.273589,0,0,0.01193807,0.2090488,0.03924195,0,0,0,0,0,0,0.008274216,0.1078775,0.2538147,0.1308411,0.3451766,0.537388,0,0.1586993,0,0.1919248,0.4192311,0.1462612,0,0.3233176,0.1515219,0,0.05871892,0.01128647,0,0,0,0,0,0.3211584,0,0,0.3026969,0.2253755,0,0,0,0,0,0,0,0,0,0,0,0,0,0,0,0,0,0,0,0,0,0,0,0,0.1778017,0,0.5379325,1.657365,0,0,0.1035858,0,0,0.06456918,0.205733,0,0,0.1764887,0,0,0.4269679,0.4616956,0,0.09996274,0.1785486,0.1308811,0,0.3435045,0.08064733,0,0.005855227,0,0.1105527,0,0.1943382,0,0,0,0.4853387,0,0,0.0422675,0.417778,0,0.1871478,0,0,0,0.01724228,0.03149217,0,0,0.2246823,0,0.1623805,0,0,0.3415051,0,0,0,0,0,0,0,0.2740723,0,0.1077883,0,0,0,0.2452091,0,0,0.1824659,0.01348815,0.3310318,0,0,0,0,0.2650069,0,0.4187966,0.5492439,0.2809791,0,0.04680721,0,0,0.1209303,0.1447938,0,0,0,0,0,0,0,0,0,0,0,0,0,0,0,0,0,0,0,0.5851473,0.1589444,0,0,0.3314598,0.1522671,0,0,0,0,0,0,0,0,0,0,0,0,0,0,0,0,0,0,0,0,0,0,0.2730336,0,0.6163424,0,0,0,0.5209473,0.6633747,0.04322357,0,0.1992061,0.2614439,0,0,0.1709076,0,0.2319499,0,0,0,0,0,0,0,0,0.1159615,0,0,0.2078622,0,0,0,0,0,0,0,0,0,0,0,0,0,0,0,0.5011598,0,0.2603325,0.2072036,0.2390386,0,0.3393178,0.1691934,0,0,0,0,0.006844388,0.5070869,0,0,0,0,0,0.279154,0.06651919,0,0,0,0,0,0,0,0,0,0,0.1204553,0,0,0,0,0,0,0,0,0,0,0,0,0,0,0,0,0,0,0,0.2069426,0.07092069,0,0.06636781,0.1706132,0,0.1250097,0,0,0.3261378,0.04175986,0.1291465,0,0,0,0,0.2914748,0,0.02622185,0,0,0,2.173364,0,0,0,0,0,0,0,0,0,0,0,0,0,0,0,0,0,0,0,0,0,0,0,0,0.01736139,0,0,0.01457354,0,0.5256897,0,0,0,0,0,0,0,0,0,
0,0,0.2119076,0.127986,0.06071452,0,0.0335887,0.277485,0,0.2405436,0,0,0,0.07043673,0.3530166,0.5069417,0,0.434269,0,0,0.3259207,0,0.236099,0.02280793,0.06437431,0,0,0,0.07739811,0,0.07455307,0,0.08733577,0.5131916,0.0113956,0,0,0,0,0,0.3052199,0,0.3357724,0,0,0,0.2086518,0.06628081,0.05498058,0,0,0,0,0,0,0.02861193,0,0.1902271,0,0.1420238,0.3661981,0,0,0.01894012,0,0,0.2752693,0,0.1024883,0.3401028,0.01089566,0,0,0,0.1127792,0.4145992,0.2425108,0.1064465,0,0.1841751,0,0.06763069,0.1517614,0,0,0.3033628,0.06987626,0,0.04815507,0,0,0.01979723,0,0,0,0.01708162,0,0,0.1724439,0.1449726,0,0.2353403,0,0,0,0.6954761,0.183199,0.2324699,0.01755955,0,0.1503688,0.1250659,0,0.1838464,0.02180048,0,0,0,0.2746409,0.1057208,0,0.09727442,0.4634017,0,0.09848444,0,0,0,0.2752687,0,0,0.3125193,0.2229785,0.1964097,0,0.2688684,0,0.218659,0.09498308,0.505479,0.06877972,0,0.01242257,0.003134262,0,0,0.01879177,0,0,0.1725776,0,0,0,0,0.0100835,0,0,0,0,0.1628072,0.1714327,0.1187819,0.1777275,0.2678329,0.1340619,0.1894714,0.1702918,0,0.6221232,0,0.04622833,0,0,0.2154092,0.05760788,0.5678242,0,0,0,0,0,0,0,0,0.1871115,0,0,0.3082204,0,0,0,0,0,0,0,0,0,0,0,0,0,0,0.4651076,0,0,0,0,0.2030978,0,0.3103908,0.07811078,0.8592997,0,0,0,0,0,0.1902431,0.07587191,0,0.0440741,0,0.1366527,0.1229122,0,0.3460544,0,0,0.2257295,0,0,0,0,0,0,0,0,0.5351264,0.1851168,0,0,0,0,0.07968027,0,0.2740436,0,0,0,0,0,0.02015523,0,0,0.2090465,0,0,0,0,0.00585619,0.03006885,0,0,0.03449657,0,0.5809169,0,0,0.004657836,0,0.03723651,0.05048082,0,0,0,0,0,0,0,0.5989285,0.6915815,0,0,0,0.05199813,0,0,0.008579604,0,0.04593632,0,0,0,0,0,0,0,0,0,0,0,0,0,0,0.1854311,0,0,0,0,0,0,0,0,0,0,0,0,0,0,0,0,0.1666834,0,0,0,0.3573176,0,0,0,0,0,0,0,0.1758148,0,0,0,0,0,0,0,0.4118917,0,0.01055751,0.2389281,0.008195024,0.4692313,0,0.3160728,0,0.04892056,0,0,0,0,0.090902,0,0,0,0,0,0,0,0,0.4219284,0,0.5737635,0.1867577,0,0,0.3184917,0.2373988,0,0,0,0,0,0,0,0,0,0,0,0,0,0,0,0,0.2954493,0.02917139,0,0.1783392,0,0,0.0893524,0.1954351,0.3642417,0,0,0.1601348,0.05262634,0.4018351,0.06831576,0,0.07632742,0.2299907,0.1130209,0.1669753,0.3393454,0.2043381,0.669875,0,0.1137928,0,0,0,0,0,0,0,0,0,0,0,0,0,0,0,0,0,0.02798867,0,0,0,0,0.106895,0.1665945,0,0,0,0.03753213,0.01148253,0,0.06921621,0,0.1967056,0.02624529,0,0.106334,0,0.1579479,0,0.3973761,0.2939099,0.2058301,0,0.5072373,0,0,0,0,0,0.9744479,0.8359572,0,0.01724818,0,0.09944936,0,0,0,0,0,0,0,0,0,0,0,0,0,0,0,0,0.3372346,0,0,0.1516713,0.1420707,0,0,0,0,0,0,0,0,0,0,0,
0,0,0,0,0.1738641,0.1316902,0,0,0,0.2398203,0.1011405,0,0.2342837,0.2351399,0,0.196805,0,0,0,0,0.263725,0.01927405,0.4885093,0,0,0,0,0,0.2243013,0,0.2942377,0,0,0,0.1300727,0,0,0.4426022,0.2582864,0,0,0,0.02107209,0,0.3240393,0.05008876,0,0,0.1477261,0,0,0.1256631,0,0,0.1147846,0,0,0,0.1444326,0,0,0.222381,0,0,0,0,0,0.2974844,0,0.4841354,0.738399,0.5249993,0,0.08335619,0,0.1165212,0,0,0,0.2965724,0,0,0,0,0,0,0,0,0.04555959,0.4318418,0.1507721,0.1423904,0.1163074,0,0.1265436,0,0,0.1594889,0,0.716565,0,0,0,0.3297856,0.4661001,0,0.140722,0.2341982,0,0.4963336,0,0,0,0,0,0.3807191,0,0.03063832,0.02662509,0,0,0.2868286,0.2502344,0,0.09687755,0,0.2790806,0,0,0.2499404,0,0,0,0,0,0,0,0,0,0,0.08567085,0.1598249,0,0,0.004237658,0,0.2962725,0.4604505,0,0.1108559,0,0.227548,0.2838098,0,0,0,0.5312307,0,0,0,0.005080846,0.1411014,0,0,0,0.1497252,0,0.01732995,0,0,0.1792515,0.3283258,0.229107,0.3746146,0,0,0,0.1821584,0.2856062,0.454017,0.4724614,0.3953193,0.09506196,0.1174963,0,0.2268788,0,0,0,0,0,0,0,0,0,0,0,0,0,0,0,0.06206667,0,0,0,0,0,0,0.3496016,0.2961075,0.08119787,0,0,0.3283988,0,0.163883,0,0,0,0.09306856,0.3912711,0.1935961,0.3578688,0.03993903,0.1040517,0,0,0.2744969,0.1139332,0.5223899,0.1256167,0,0,0,0,0.1535241,0,0.04225543,0,0.1279119,0,0.05436812,0.1628283,0.1607367,0,0.3361139,0,0.2470405,0.00323281,0,0,0.2676428,0,0,0,0.004838918,0.05981686,0.2031528,0.4860434,0.2685881,0,0.01321689,0.04361701,0,0.1992187,0.4905375,0,0.2221794,0,0.5692717,0,0.1781461,0.3168876,0.3579715,0.1250774,0,0,0,0,0,0,0,0,0,0,0,0,0,0,0,0,0,0,0.5174572,0.2829068,0.03633853,0.07048681,0,0.07306307,0,0,0,0,0.1333271,0,0,0.2255463,0,0.309143,0,0,0.1897257,0.1218039,0.1225678,0.4642739,0.1149603,0,0,0,0,0,0.06136949,0,0,0,0,0,0,0,0,0.2580926,0,0,0,0,0,0,0,0.05954489,0,0.2764517,0,0.5490268,0,0.314986,0.2030239,0,0.0442462,0,0,0,0.3176814,0,0,0,0,0,0,0,0,0.05404421,0,0,0,0,0.01848257,0,0,0.1414752,0.8291695,0,0,0,0,0,0,0,0,0,0,0,0,0,0,0,0,0,0.1232148,0,0.005926769,0.3747898,0.06843943,0.05657735,0.1491075,0,0,0,0,0,0,0,0,0.1700819,0.09060872,0,0,0,0.08240048,0.2539177,0.1219274,0,0,0,0,0.01250915,0,0,0,0.4779998,0.5768527,0,0,0,0,0,0,0,0,0,0,0,0,0,0,0,0,0.3075918,0,0.2159015,0,0,0.04267526,0,0.02464576,0.3527884,1.0293,0.1246718,0,0,0.2060663,0,0,0.2713987,0,0,0.04198477,0.4020406,0.169979,0,0,0.1885753,0,0.3055619,0,0,0,0,0,0,0,0,0,0,0,0,0.1321144,0,0,0,0,0,0,0,0,0,0,0,0.03046446,0,0,0.47653,0.2204355,0.1102151,0.05552767,0,0,0,0,0,0,
