,Sample Name,SiO2,TiO2,Al2O3,FeOt,MnO,MgO,CaO,Na2O,K2O,P2O5,Cr2O3,ZrO2,Mineral,Source
0,Z2099,42.96,1.8,14.33,4.07,0.07,17.39,12.03,3.1,0.03,,0.65,,Amphibole,Vannuccietal1995
1,Z2070,43.03,2.39,13.35,4.09,0.06,17.01,11.71,2.97,0.05,,0.74,,Amphibole,Vannuccietal1995
2,Z2073,42.95,3.02,14.12,4.35,0.06,17.53,12.02,3.04,0.07,,0.76,,Amphibole,Vannuccietal1995
3,Z2067,43.01,4.65,12.83,4.39,0.07,17.14,12.14,2.88,0.03,,0.84,,Amphibole,Vannuccietal1995
4,Z2068,42.13,4.87,12.15,4.08,0.05,16.42,11.89,2.75,0.02,,1.26,,Amphibole,Vannuccietal1995
5,ER-R3/3,41.9,5.12,12.42,4.03,0.06,15.79,12.15,3.38,0.15,,1.35,,Amphibole,Vannuccietal1995
6,BM5,44.2,1.88,13.16,4.06,0.07,16.82,12.25,3.57,0.63,,0.8,,Amphibole,Vannuccietal1995
7,PR2,42.97,2.28,14.07,4.19,0.02,17.25,11.94,3.68,0.0,,1.04,,Amphibole,Vannuccietal1995
8,PR4,43.18,2.06,13.15,3.89,0.06,18.0,12.54,3.38,0.02,,1.1,,Amphibole,Vannuccietal1995
9,Lh12,43.86,3.98,13.78,3.89,0.05,16.72,11.49,3.92,0.17,,0.8,,Amphibole,Vannuccietal1995
10,Fr1,43.3,2.81,13.29,4.14,0.07,16.73,11.57,3.42,0.17,,1.15,,Amphibole,Vannuccietal1995
11,BH81,42.1,2.85,15.5,4.18,0.09,17.3,10.6,3.72,0.18,,0.58,,Amphibole,Vannuccietal1995
12,Ka111,43.41,1.7,14.77,4.13,0.08,18.0,10.44,3.86,0.01,,1.05,,Amphibole,Vannuccietal1995
13,MM110,44.2,0.47,13.22,3.74,0.02,18.1,10.63,3.42,1.1,,2.34,,Amphibole,WittEickschenandONeill2005
14,MM766,44.28,0.52,14.68,3.73,0.01,17.92,11.2,3.08,1.21,,1.93,,Amphibole,WittEickschenandONeill2005
15,MM1266,43.75,0.27,15.03,4.15,0.04,17.74,11.26,3.06,1.1,,1.43,,Amphibole,WittEickschenandONeill2005
16,DW211,44.49,0.36,13.35,4.06,0.0,18.24,10.64,3.28,0.91,,2.03,,Amphibole,WittEickschenandONeill2005
17,Merap1-1Am2 ,42.266,4.045,11.016,12.404,0.421,13.14,10.982,2.743,0.953,,0.027,,Amphibole,Petersetal2017
18,Merap1-1Am3 ,42.368,3.671,11.299,12.584,0.382,13.358,11.221,2.712,0.95,,0.0,,Amphibole,Petersetal2017
19,Merap1-1Am4 ,42.062,3.764,11.277,12.101,0.419,13.367,11.165,2.665,0.981,,0.035,,Amphibole,Petersetal2017
20,Merap1-1Am5 ,42.188,3.833,11.473,12.273,0.403,13.315,11.101,2.674,0.928,,0.011,,Amphibole,Petersetal2017
21,Merap1-1Am6 ,41.966,2.766,12.025,12.261,0.382,13.449,11.339,2.642,0.958,,0.032,,Amphibole,Petersetal2017
22,Merap1-1Am7 ,41.916,3.078,12.051,12.471,0.361,13.338,11.205,2.623,1.007,,0.015,,Amphibole,Petersetal2017
23,Merap1-1Am8 ,42.212,2.578,12.091,11.517,0.426,13.626,11.16,2.635,0.955,,0.002,,Amphibole,Petersetal2017
24,Merap1-1Am9 ,40.01,1.978,14.808,12.126,0.176,12.705,12.071,2.348,1.187,,0.0,,Amphibole,Petersetal2017
25,Merap1-1Am10 ,40.13,2.006,14.557,11.904,0.14,12.953,12.187,2.207,1.201,,0.002,,Amphibole,Petersetal2017
26,Merap1-1Am11 ,40.011,2.016,14.737,11.749,0.103,12.875,12.449,2.344,1.221,,0.015,,Amphibole,Petersetal2017
27,Merap1-1Am12 ,39.951,2.045,14.686,11.897,0.103,13.02,12.314,2.246,1.146,,0.008,,Amphibole,Petersetal2017
28,Merap1-1Am13 ,40.082,2.043,14.613,11.933,0.111,13.068,12.164,2.259,1.169,,0.0,,Amphibole,Petersetal2017
29,Merap1-1Am14 ,40.215,2.085,14.447,11.851,0.182,12.927,12.195,2.29,1.117,,0.0,,Amphibole,Petersetal2017
30,Merap1-1Am15 ,39.88,2.076,14.565,11.727,0.203,12.971,12.042,2.375,1.124,,0.004,,Amphibole,Petersetal2017
31,Merap1-1Am16 ,39.687,2.013,14.868,12.097,0.121,12.943,12.184,2.206,1.093,,0.009,,Amphibole,Petersetal2017
32,Merap1-1Am21 ,42.249,3.416,11.159,11.978,0.321,13.781,11.186,2.638,0.951,,0.0,,Amphibole,Petersetal2017
33,Merap1-1Am23 ,40.106,1.924,14.659,11.938,0.105,13.153,12.305,2.324,1.13,,0.003,,Amphibole,Petersetal2017
34,Merap1-1Am24 ,40.026,1.97,14.862,11.882,0.084,13.104,12.26,2.283,1.126,,0.018,,Amphibole,Petersetal2017
35,Merap1-1Am25 ,39.799,1.998,14.533,11.941,0.098,12.988,12.085,2.223,1.106,,0.003,,Amphibole,Petersetal2017
36,Merap1-1Am26 ,39.849,2.059,14.71,11.934,0.129,13.064,12.106,2.311,1.13,,0.006,,Amphibole,Petersetal2017
37,Merap1-1Am27 ,39.615,2.032,14.962,12.129,0.153,12.931,12.218,2.328,1.114,,0.018,,Amphibole,Petersetal2017
38,Merap1-1Am28 ,39.695,1.954,14.727,12.079,0.163,13.106,12.192,2.429,1.133,,0.001,,Amphibole,Petersetal2017
39,Merap1-1Am29 ,39.882,2.003,14.825,12.032,0.213,12.914,12.251,2.208,1.097,,0.008,,Amphibole,Petersetal2017
40,Merap1-1Am30 ,39.54,1.986,14.72,11.959,0.134,12.838,12.142,2.367,1.119,,0.011,,Amphibole,Petersetal2017
41,Merap1-1Am31 ,39.782,2.033,14.76,11.655,0.106,13.081,12.195,2.289,1.124,,0.008,,Amphibole,Petersetal2017
42,Merap1-1Am32 ,39.574,2.007,14.649,11.717,0.156,13.055,12.058,2.229,1.1,,0.0,,Amphibole,Petersetal2017
43,Merap1-1Am33 ,39.68,1.992,14.707,11.713,0.108,12.988,12.075,2.274,1.111,,0.011,,Amphibole,Petersetal2017
44,Merap1-1Am34 ,39.989,1.994,14.613,11.741,0.113,13.13,12.141,2.224,1.127,,0.024,,Amphibole,Petersetal2017
45,Merap1-1Am35 ,40.167,2.02,14.456,11.901,0.129,13.048,12.185,2.284,1.188,,0.028,,Amphibole,Petersetal2017
46,Merap1-1Am36 ,39.989,1.994,14.685,11.804,0.156,12.987,12.194,2.291,1.185,,0.032,,Amphibole,Petersetal2017
47,Merap1-1Am37 ,39.775,2.03,14.675,11.685,0.126,13.218,12.197,2.236,1.189,,0.011,,Amphibole,Petersetal2017
48,Merap1-1Am38 ,39.731,1.966,14.508,11.524,0.1,13.048,12.307,2.249,1.197,,0.0,,Amphibole,Petersetal2017
49,Merap1-1Am39 ,39.857,1.918,14.577,11.809,0.068,13.071,12.179,2.25,1.181,,0.01,,Amphibole,Petersetal2017
50,Merap1-1Am40 ,39.92,1.893,14.506,11.787,0.113,13.042,12.237,2.334,1.155,,0.017,,Amphibole,Petersetal2017
51,Merap1-1Am41 ,39.958,1.984,14.591,11.991,0.169,13.061,12.209,2.231,1.172,,0.005,,Amphibole,Petersetal2017
52,Merap1-1Am42 ,39.964,1.942,14.442,11.667,0.108,13.077,12.254,2.216,1.16,,0.0,,Amphibole,Petersetal2017
53,Merap1-1Am43 ,40.258,1.974,14.691,11.743,0.148,13.03,12.239,2.266,1.137,,0.014,,Amphibole,Petersetal2017
54,Merap1-1Am44 ,40.027,1.968,14.736,11.79,0.15,13.121,12.232,2.331,1.132,,0.004,,Amphibole,Petersetal2017
55,Merap1-1Am45 ,40.095,1.99,14.621,11.931,0.164,13.151,12.236,2.228,1.142,,0.0,,Amphibole,Petersetal2017
56,Merap1-1Am46 ,40.304,2.028,14.707,11.86,0.2,13.259,12.047,2.327,1.154,,0.018,,Amphibole,Petersetal2017
57,Merap1-1Am47 ,39.755,1.947,14.426,11.903,0.132,13.17,12.078,2.235,1.113,,0.0,,Amphibole,Petersetal2017
58,Merap1-1Am48 ,42.122,3.223,11.361,11.946,0.285,13.616,11.077,2.505,1.031,,0.003,,Amphibole,Petersetal2017
59,Merap1-1Am49 ,40.371,2.374,11.75,11.658,0.193,13.512,11.328,2.465,0.991,,0.001,,Amphibole,Petersetal2017
60,Merap1-1Am50 ,40.106,2.439,11.697,11.587,0.229,13.548,11.386,2.245,0.963,,0.027,,Amphibole,Petersetal2017
61,Merap1-1Am51 ,39.783,1.957,14.5,11.997,0.179,13.062,12.273,2.325,1.202,,0.005,,Amphibole,Petersetal2017
62,Merap1-1Am52 ,39.876,1.991,14.461,11.51,0.156,13.071,12.1,2.228,1.16,,0.003,,Amphibole,Petersetal2017
63,Merap1-1Am53 ,39.592,1.961,14.466,11.572,0.087,13.042,12.136,2.25,1.208,,0.0,,Amphibole,Petersetal2017
64,Merap1-1Am54 ,40.233,1.923,14.532,11.826,0.076,13.09,12.148,2.223,1.162,,0.0,,Amphibole,Petersetal2017
65,Merap1-1Am64 ,55.408,0.356,5.337,10.195,0.824,18.577,4.775,0.575,0.811,,0.002,,Amphibole,Petersetal2017
66,Merap1-1Am69 ,39.329,3.005,13.837,12.071,0.327,12.72,11.747,2.44,1.09,,0.011,,Amphibole,Petersetal2017
67,Merap1-1Am70 ,39.65,2.025,14.677,11.768,0.047,13.119,12.142,2.189,1.14,,0.027,,Amphibole,Petersetal2017
68,Merap1-1Am71 ,39.176,1.975,14.8,11.876,0.153,12.903,12.187,2.305,1.078,,0.017,,Amphibole,Petersetal2017
69,Merap1-1Am72 ,39.518,1.966,14.865,12.034,0.15,13.049,12.123,2.252,1.139,,0.0,,Amphibole,Petersetal2017
70,Merap1-1Am73 ,39.511,2.039,14.483,11.784,0.113,13.033,12.066,2.175,1.158,,0.0,,Amphibole,Petersetal2017
71,Merap1-1Am74 ,39.423,1.926,14.527,11.747,0.156,13.12,12.098,2.167,1.12,,0.0,,Amphibole,Petersetal2017
72,Merap1-1Am75 ,39.348,1.929,14.652,11.887,0.179,13.135,12.247,2.233,1.16,,0.018,,Amphibole,Petersetal2017
73,Merap1-1Am76 ,39.444,1.977,14.639,11.656,0.113,12.977,12.128,2.299,1.125,,0.017,,Amphibole,Petersetal2017
74,Merap2-Am149 ,51.658,0.349,1.487,8.567,0.635,15.345,19.959,0.343,0.003,,0.0,,Amphibole,Petersetal2017
75,Merap2-Am150 ,51.556,0.494,2.125,9.213,0.762,14.923,19.898,0.444,0.0,,0.0,,Amphibole,Petersetal2017
76,Merap2-Am151 ,40.676,1.845,13.506,10.459,0.138,14.316,12.042,2.212,1.345,,0.056,,Amphibole,Petersetal2017
77,Merap2-Am152 ,40.566,1.852,13.49,9.799,0.103,14.542,12.223,2.099,1.469,,0.03,,Amphibole,Petersetal2017
78,Merap2-Am153 ,40.656,1.793,13.52,9.759,0.093,14.814,12.221,2.025,1.474,,0.034,,Amphibole,Petersetal2017
79,Merap2-Am154 ,40.845,1.763,13.49,9.849,0.106,14.808,12.108,2.131,1.45,,0.041,,Amphibole,Petersetal2017
80,Merap2-Am155 ,40.711,1.746,13.49,9.581,0.111,14.632,12.126,2.093,1.475,,0.058,,Amphibole,Petersetal2017
81,Merap2-Am156 ,40.241,1.758,13.485,9.992,0.14,14.629,11.922,2.157,1.388,,0.035,,Amphibole,Petersetal2017
82,Merap2-Am157 ,40.616,1.745,13.536,10.007,0.09,14.695,12.106,2.182,1.35,,0.038,,Amphibole,Petersetal2017
83,Merap2-Am158 ,40.414,1.767,13.475,10.076,0.088,14.655,12.037,2.065,1.392,,0.033,,Amphibole,Petersetal2017
84,Merap2-Am159 ,40.309,1.705,13.513,10.202,0.146,14.687,12.182,2.232,1.476,,0.018,,Amphibole,Petersetal2017
85,Merap2-Am160 ,40.639,1.782,14.062,10.444,0.069,14.09,12.098,2.177,1.322,,0.035,,Amphibole,Petersetal2017
86,Merap2-Am161 ,40.116,1.79,14.027,10.433,0.09,13.891,12.066,2.211,1.303,,0.022,,Amphibole,Petersetal2017
87,Merap2-Am162 ,44.363,1.526,10.186,9.568,0.125,15.705,11.25,2.574,0.803,,0.013,,Amphibole,Petersetal2017
88,Merap2-Am163 ,40.735,1.75,13.849,10.242,0.082,14.643,12.203,2.067,1.298,,0.025,,Amphibole,Petersetal2017
89,Merap2-Am164 ,40.227,1.685,13.599,9.996,0.125,14.457,11.98,2.12,1.3,,0.035,,Amphibole,Petersetal2017
90,Merap2-Am165 ,40.094,1.804,13.826,9.847,0.104,14.442,12.174,2.143,1.225,,0.036,,Amphibole,Petersetal2017
91,Merap2-Am166 ,40.66,1.737,13.832,9.912,0.093,14.635,12.007,2.242,1.278,,0.011,,Amphibole,Petersetal2017
92,Merap2-Am167 ,40.413,1.741,14.087,9.927,0.13,14.543,12.053,2.123,1.373,,0.021,,Amphibole,Petersetal2017
93,Merap2-Am168 ,40.206,1.719,13.847,9.979,0.085,14.633,12.047,2.14,1.269,,0.021,,Amphibole,Petersetal2017
94,Merap2-Am169 ,40.843,1.629,14.125,9.784,0.127,14.579,12.349,2.204,1.244,,0.032,,Amphibole,Petersetal2017
95,Merap2-Am170 ,40.754,1.815,13.97,9.799,0.109,14.472,12.295,2.174,1.286,,0.031,,Amphibole,Petersetal2017
96,Merap2-Am171 ,40.249,1.653,14.057,9.927,0.095,14.423,12.168,2.131,1.251,,0.027,,Amphibole,Petersetal2017
97,Merap2-Am172 ,40.533,1.682,14.0,9.871,0.058,14.424,12.015,2.239,1.208,,0.035,,Amphibole,Petersetal2017
98,Merap2-Am173 ,40.48,1.788,14.182,10.047,0.098,14.363,12.084,2.159,1.25,,0.026,,Amphibole,Petersetal2017
99,Merap2-Am174 ,40.538,1.757,13.973,10.171,0.077,14.323,12.184,2.113,1.347,,0.008,,Amphibole,Petersetal2017
100,SG-09-32_12,0.17,,,0.7,,0.13,54.32,,,40.97,,,Apatite,Scottetal2015
101,SG-09-32_23,0.14,,,0.61,,0.2,53.52,,,41.11,,,Apatite,Scottetal2015
102,SG-09-32_32,0.24,,,0.56,,0.21,53.53,,,40.61,,,Apatite,Scottetal2015
103,2006-69_65,0.13,,,0.45,,0.24,53.67,,,39.5,,,Apatite,Scottetal2015
104,2006-69_70,0.2,,,0.74,,0.23,53.86,,,40.99,,,Apatite,Scottetal2015
105,2006-69_81,0.16,,,0.75,,0.25,53.32,,,39.57,,,Apatite,Scottetal2015
106,2006-69_83,0.1,,,0.57,,0.22,53.7,,,41.58,,,Apatite,Scottetal2015
107,SG-09-24_100,0.18,,,0.66,,0.22,53.02,,,40.84,,,Apatite,Scottetal2015
108,SG-09-24_102,0.13,,,0.89,,0.24,53.36,,,40.96,,,Apatite,Scottetal2015
109,SG-09-24_103,0.14,,,0.49,,0.21,53.32,,,40.36,,,Apatite,Scottetal2015
110,SG-09-24_104,0.11,,,0.42,,0.14,53.64,,,39.93,,,Apatite,Scottetal2015
111,SG-09-24_108,0.29,,,0.21,,0.2,53.61,,,40.32,,,Apatite,Scottetal2015
112,SG-09-24_109,0.2,,,0.87,,0.23,53.34,,,39.83,,,Apatite,Scottetal2015
113,SG-09-24_125,0.27,,,0.81,,0.22,53.15,,,40.11,,,Apatite,Scottetal2015
114,SG-09-24_127,0.14,,,0.44,,0.24,53.89,,,41.12,,,Apatite,Scottetal2015
115,SG-09-01_104,0.24,,,0.94,0.15,0.29,53.84,,,39.32,,,Apatite,Scottetal2015
116,SG-09-01_117,0.23,,,0.74,0.19,0.26,53.63,,,39.1,,,Apatite,Scottetal2015
117,SG-09-01_119,0.25,,,1.04,0.24,0.28,53.27,,,39.54,,,Apatite,Scottetal2015
118,SG-09-01_136,0.15,,,0.94,0.54,0.33,53.16,,,39.02,,,Apatite,Scottetal2015
119,SG-09-07_145,0.33,,,0.45,0.19,0.3,54.0,,,39.3,,,Apatite,Scottetal2015
120,SG-09-04_232,0.35,,,0.82,0.13,0.31,54.01,,,39.27,,,Apatite,Scottetal2015
121,SG-09-05_34172_a1_2,0.18,,,0.55,0.24,0.16,52.93,,,40.26,,,Apatite,Scottetal2015
122,SG-09-05_34172_a1_3,0.13,,,0.84,0.21,0.19,52.82,,,41.09,,,Apatite,Scottetal2015
123,SG-09-05_34172_a1_4,0.32,,,1.18,0.38,0.24,52.19,,,41.07,,,Apatite,Scottetal2015
124,SG-09-05_34172_a1_5,0.38,,,0.98,0.28,0.23,53.11,,,40.49,,,Apatite,Scottetal2015
125,SG-09-05_34172_a1_7,0.28,,,0.95,0.19,0.18,52.59,,,40.93,,,Apatite,Scottetal2015
126,SG-09-05_34172_a1_9,0.69,,,0.98,0.21,0.21,52.83,,,40.13,,,Apatite,Scottetal2015
127,SG-09-05_34172_a3_3,0.21,,,0.87,0.2,0.16,53.8,,,41.42,,,Apatite,Scottetal2015
128,SG-09-05_34172_a3_7,0.35,,,0.8,0.1,0.17,52.93,,,40.85,,,Apatite,Scottetal2015
129,SG-09-05_34172_a4_1,0.28,,,0.39,0.18,0.14,52.86,,,39.97,,,Apatite,Scottetal2015
130,1121-67_133,0.23,,,0.69,,0.24,53.59,,,39.66,,,Apatite,Scottetal2015
131,1121-67_137,0.27,,,0.78,,0.22,53.32,,,40.57,,,Apatite,Scottetal2015
132,1121-67_138,0.1,,,0.64,,0.23,54.2,,,40.84,,,Apatite,Scottetal2015
133,1121-67_139,0.22,,,0.62,,0.2,53.06,,,40.34,,,Apatite,Scottetal2015
134,1121-67_140,0.21,,,0.73,,0.23,54.25,,,39.75,,,Apatite,Scottetal2015
135,1121-67_144,0.22,,,0.64,,0.21,53.49,,,40.8,,,Apatite,Scottetal2015
136,1121-67_147,0.1,,,0.75,,0.23,54.1,,,40.77,,,Apatite,Scottetal2015
137,1121-67_148,0.16,,,0.92,,0.27,53.42,,,41.09,,,Apatite,Scottetal2015
138,SG-09-30_8,0.11,,,0.76,0.34,0.25,54.05,,,40.46,,,Apatite,Scottetal2015
139,SG-09-30_9,0.09,,,0.74,0.31,0.24,53.26,,,40.51,,,Apatite,Scottetal2015
140,SG-09-30_12,0.23,,,0.86,0.42,0.23,53.84,,,40.12,,,Apatite,Scottetal2015
141,SG-09-30_35,0.21,,,0.79,0.11,0.21,54.3,,,39.68,,,Apatite,Scottetal2015
142,SG-09-30_41,0.23,,,0.77,0.22,0.24,53.97,,,40.91,,,Apatite,Scottetal2015
143,SG-09-30_42,0.19,,,0.81,0.19,0.27,53.86,,,39.81,,,Apatite,Scottetal2015
144,SG-09-38_167,0.33,,,0.74,0.17,0.24,53.88,,,40.36,,,Apatite,Scottetal2015
145,2003-69_80,0.1,,,0.57,0.22,0.26,54.35,,,39.7,,,Apatite,Scottetal2015
146,2002-69_6,0.25,,,0.81,,0.22,53.57,,,39.92,,,Apatite,Scottetal2015
147,2006-69_58,0.16,,,0.54,,0.23,54.05,,,39.93,,,Apatite,Scottetal2015
148,2006-69_64,0.22,,,0.71,,0.25,53.9,,,40.42,,,Apatite,Scottetal2015
149,2006-69_66,0.24,,,0.93,,0.19,53.73,,,40.62,,,Apatite,Scottetal2015
150,2006-69_68,0.19,,,0.68,,0.19,53.83,,,39.92,,,Apatite,Scottetal2015
151,2006-69_71,0.26,,,0.82,,0.23,53.92,,,39.99,,,Apatite,Scottetal2015
152,2006-69_74,0.09,,,0.32,,0.25,54.39,,,41.07,,,Apatite,Scottetal2015
153,2006-69_85,0.28,,,0.68,,0.26,54.48,,,41.23,,,Apatite,Scottetal2015
154,SG-09-24_124,0.17,,,1.24,,0.29,54.01,,,40.73,,,Apatite,Scottetal2015
155,1121-67_141,0.18,,,0.66,,0.23,54.16,,,40.23,,,Apatite,Scottetal2015
156,1121-67_145,0.17,,,0.35,,0.23,54.05,,,41.43,,,Apatite,Scottetal2015
157,1121-67_146,0.25,,,0.73,,0.19,53.63,,,40.51,,,Apatite,Scottetal2015
158,1121-67_150,0.38,,,0.6,,0.2,53.23,,,39.73,,,Apatite,Scottetal2015
159,1121-67_151,0.28,,,0.82,,0.22,52.95,,,40.47,,,Apatite,Scottetal2015
160,1121-67_155,0.24,,,1.09,,0.24,54.01,,,40.64,,,Apatite,Scottetal2015
161,1121-67_157,0.2,,,0.73,,0.26,53.91,,,40.77,,,Apatite,Scottetal2015
162,1121-67_159,0.28,,,0.72,,0.21,53.89,,,40.05,,,Apatite,Scottetal2015
163,1121-67_161,0.09,,,0.5,,0.23,53.77,,,40.65,,,Apatite,Scottetal2015
164,2002-69_13,0.22,,,0.53,,0.23,53.64,,,40.19,,,Apatite,Scottetal2015
165,2002-69_20,0.24,,,0.87,,0.33,53.99,,,39.13,,,Apatite,Scottetal2015
166,SG-09-38_169,0.45,,,0.68,0.2,0.31,53.74,,,39.22,,,Apatite,Scottetal2015
167,SG-09-38_194,0.3,,,0.82,0.24,0.23,54.06,,,39.36,,,Apatite,Scottetal2015
168,SG-09-30_13,0.19,,,0.68,0.23,0.24,54.61,,,39.93,,,Apatite,Scottetal2015
169,SG-09-30_14,0.24,,,0.85,0.26,0.21,53.74,,,41.15,,,Apatite,Scottetal2015
170,SG-09-30_32,0.32,,,1.14,0.3,0.23,53.34,,,38.53,,,Apatite,Scottetal2015
171,2003-69_76,0.19,,,0.73,0.26,0.34,53.77,,,39.34,,,Apatite,Scottetal2015
172,SG-09-01_113,0.2,,,0.68,0.14,0.28,54.13,,,39.9,,,Apatite,Scottetal2015
173,SG-09-01_122,0.22,,,0.78,0.16,0.25,54.1,,,39.33,,,Apatite,Scottetal2015
174,SG-09-07_177,0.13,,,1.19,0.21,0.28,54.41,,,39.47,,,Apatite,Scottetal2015
175,SG-09-04_212,0.18,,,0.62,0.15,0.26,54.42,,,40.32,,,Apatite,Scottetal2015
176,SG-09-04_218,0.12,,,0.55,0.14,0.27,53.67,,,39.09,,,Apatite,Scottetal2015
177,SG-09-04_235,0.21,,,0.64,0.17,0.29,53.53,,,40.31,,,Apatite,Scottetal2015
178,2006-69_78,0.13,,,0.47,,0.23,53.98,,,40.44,,,Apatite,Scottetal2015
179,1121-67_152,0.09,,,0.61,,0.23,53.7,,,40.83,,,Apatite,Scottetal2015
180,1121-67_153,0.15,,,0.62,,0.21,53.85,,,40.26,,,Apatite,Scottetal2015
181,1121-67_158,0.15,,,0.46,,0.22,54.25,,,41.04,,,Apatite,Scottetal2015
182,2002-69_3,0.16,,,0.39,,0.2,53.9,,,40.67,,,Apatite,Scottetal2015
183,2002-69_4,0.43,,,0.69,,0.21,53.42,,,39.15,,,Apatite,Scottetal2015
184,2002-69_9,0.22,,,0.51,,0.2,53.78,,,40.31,,,Apatite,Scottetal2015
185,2002-69_14,0.36,,,0.45,,0.2,53.44,,,39.8,,,Apatite,Scottetal2015
186,2002-69_22,0.24,,,0.64,,0.2,53.35,,,38.86,,,Apatite,Scottetal2015
187,SG-09-30_10,0.13,,,0.59,0.2,0.23,54.3,,,40.09,,,Apatite,Scottetal2015
188,SG-09-30_11,0.08,,,0.35,0.16,0.23,54.3,,,40.93,,,Apatite,Scottetal2015
189,SG-09-07_160,0.19,,,0.35,0.08,0.22,54.54,,,39.78,,,Apatite,Scottetal2015
190,SG-09-07_165,0.1,,,0.38,0.12,0.27,54.8,,,39.93,,,Apatite,Scottetal2015
191,SG-09-07_166,0.21,,,0.6,0.12,0.28,54.03,,,39.23,,,Apatite,Scottetal2015
192,SG-09-04_195,0.18,,,0.45,0.13,0.26,54.17,,,39.4,,,Apatite,Scottetal2015
193,SG-09-05_34172_a1_6,0.17,,,0.76,0.11,0.18,53.11,,,41.32,,,Apatite,Scottetal2015
194,SG-09-05_34172_a3_1,0.18,,,0.62,0.19,0.15,53.58,,,41.69,,,Apatite,Scottetal2015
195,SG-09-16_34183_ap1_1,0.19,,,0.38,0.18,0.16,53.38,,,40.94,,,Apatite,Scottetal2015
196,SG-09-16_34183_ap1_2,0.19,,,0.37,0.2,0.16,52.98,,,39.0,,,Apatite,Scottetal2015
197,SG-09-16_34183_ap1_3,0.24,,,0.36,0.12,0.18,53.08,,,40.34,,,Apatite,Scottetal2015
198,SG-09-16_34183_ap10_1,0.2,,,0.33,0.2,0.19,53.44,,,41.0,,,Apatite,Scottetal2015
199,SG-09-16_34183_ap10_2,0.41,,,0.64,0.19,0.16,53.15,,,40.5,,,Apatite,Scottetal2015
200,IgnA_2,36.9,2.31,16.4,8.2,0.08,20.6,0.03,0.71,8.79,,0.09,,Biotite,Lacalamitaetal2011
201,IgnA_3,38.4,2.61,17.0,8.4,0.06,20.0,0.01,0.69,9.0,,0.03,,Biotite,Lacalamitaetal2011
202,IgnA_22,36.5,2.57,17.5,8.7,0.06,19.8,0.01,0.66,9.1,,,,Biotite,Lacalamitaetal2011
203,IgnA_24,36.9,2.3,16.9,7.4,0.05,20.6,0.01,0.7,8.9,,0.01,,Biotite,Lacalamitaetal2011
204,IgnB_1,36.5,2.17,16.6,14.4,0.37,15.7,0.03,0.33,9.2,,0.01,,Biotite,Lacalamitaetal2011
205,IgnB_4,35.9,2.29,16.0,14.7,0.4,15.2,0.01,0.3,9.3,,0.01,,Biotite,Lacalamitaetal2011
206,IgnB_8  ,35.6,2.26,15.7,13.8,0.34,15.1,0.01,0.34,9.0,,0.01,,Biotite,Lacalamitaetal2011
207,IgnB_9,35.9,2.23,15.9,14.8,0.41,15.0,0.04,0.35,9.0,,0.02,,Biotite,Lacalamitaetal2011
208,IgnB_10,35.3,2.4,15.4,15.95,0.43,15.3,0.01,0.3,9.1,,0.02,,Biotite,Lacalamitaetal2011
209,IgnB_12,35.16,2.18,16.15,14.4,0.38,15.0,0.01,0.3,9.0,,0.01,,Biotite,Lacalamitaetal2011
210,PG5_2,36.9,2.28,16.0,6.8,0.04,20.1,0.02,0.68,8.97,,0.23,,Biotite,Lacalamitaetal2011
211,PG5_6,37.2,2.04,16.09,7.3,0.05,19.9,0.02,0.65,9.05,,0.06,,Biotite,Lacalamitaetal2011
212,VUT215_1,34.2,4.6,15.1,13.5,0.19,13.4,0.03,0.7,7.7,,,,Biotite,Lacalamitaetal2011
213,VUT215_7,33.8,4.6,15.0,13.1,0.21,14.3,0.03,0.89,7.6,,,,Biotite,Lacalamitaetal2011
214,VUT215_8,33.9,4.5,14.7,14.3,0.21,13.3,0.07,0.59,8.1,,,,Biotite,Lacalamitaetal2011
215,VUT215_9,33.5,4.5,14.8,13.8,0.19,13.9,0.03,0.66,7.8,,,,Biotite,Lacalamitaetal2011
216,VUT215_10,34.3,4.7,15.0,13.2,0.19,14.1,0.02,0.7,7.9,,,,Biotite,Lacalamitaetal2011
217,BU1_1,40.0,4.7,13.7,5.6,0.02,21.4,0.01,0.39,9.9,,0.81,,Biotite,Lacalamitaetal2012
218,BU1_2,39.0,4.7,12.8,5.7,0.02,21.6,0.02,0.31,9.8,,1.0,,Biotite,Lacalamitaetal2012
219,BU1_7,39.4,4.76,13.4,5.6,0.02,21.5,0.0,0.32,9.7,,0.82,,Biotite,Lacalamitaetal2012
220,BU1_8,38.9,5.11,12.7,5.8,0.02,20.4,0.0,0.24,10.11,,1.1,,Biotite,Lacalamitaetal2012
221,BU1_14,38.2,5.0,12.9,5.9,0.03,20.4,0.0,0.26,9.97,,0.63,,Biotite,Lacalamitaetal2012
222,BU1_16,39.1,5.1,12.28,5.86,0.03,20.42,0.01,0.28,10.05,,0.65,,Biotite,Lacalamitaetal2012
223,BU1_17,38.2,5.0,12.9,5.9,0.03,20.4,0.0,0.26,9.97,,0.63,,Biotite,Lacalamitaetal2012
224,BP21,37.14,2.81,14.8,9.31,0.09,18.55,0.0,0.16,9.99,,0.06,,Biotite,Lauroraetal2009
225,BP1,35.89,2.48,16.27,9.16,0.07,18.91,0.03,0.24,9.7,,0.03,,Biotite,Lauroraetal2009
226,BP37,35.95,2.57,15.98,8.89,0.04,18.85,0.04,0.25,9.55,,0.0,,Biotite,Lauroraetal2009
227,BP38,36.85,2.47,15.98,8.18,0.0,19.18,0.08,0.19,9.79,,0.01,,Biotite,Lauroraetal2009
228,A8,35.14,3.27,15.68,8.9,0.03,19.1,0.06,0.16,9.96,,0.0,,Biotite,Lauroraetal2009
229,SDA,36.96,2.8,15.08,9.02,0.05,18.75,0.0,0.1,10.2,,,,Biotite,Lauroraetal2009
230,SD4,37.0,3.02,15.0,8.9463483,0.09,19.0,0.0,0.05,10.28,,,,Biotite,Lauroraetal2009
231,SDM,36.02,3.12,16.0,9.6,0.08,18.0,0.08,0.32,9.71,,,,Biotite,Lauroraetal2009
232,BP34s,35.84,2.99,15.3,11.16,0.05,17.56,0.0,0.16,8.82,,0.04,,Biotite,Lauroraetal2009
233,BP34c,35.35,2.51,16.51,8.02,0.02,19.6,0.02,0.15,10.03,,0.01,,Biotite,Lauroraetal2009
234,SA1-3,35.77,3.25,16.04,10.24,0.14,17.41,0.01,0.44,8.77,,0.05,,Biotite,Scodarietal2006
235,SA1-5,35.43,3.27,16.19,10.44,0.15,17.54,0.01,0.49,8.64,,0.03,,Biotite,Scodarietal2006
236,SA1-52,35.58,3.12,16.15,9.9,0.17,17.51,0.01,0.51,8.72,,0.01,,Biotite,Scodarietal2006
237,40A3_bt1.1,37.59,6.74,13.84,13.53,0.3251,14.9,0.008,0.8415,8.25,,0.0,,Biotite,Lubbersetal2020
238,40A3_bt1.2,37.93,6.62,13.63,13.34,0.3557,14.7,0.0089,0.7455,8.32,,0.0098,,Biotite,Lubbersetal2020
239,40A3_bt1.3,37.55,6.64,13.55,13.33,0.4025,14.6,0.0,0.7821,8.32,,0.0043,,Biotite,Lubbersetal2020
240,40A3_bt1.4,37.88,6.66,13.74,13.61,0.3036,14.75,0.0201,0.7887,8.3,,0.0,,Biotite,Lubbersetal2020
241,40A3_bt2.1,36.68,7.37,14.44,14.07,0.3614,13.96,0.0031,0.7306,7.92,,0.0,,Biotite,Lubbersetal2020
242,40A3_bt2.2,36.9,7.36,14.25,13.78,0.3542,14.26,0.0042,0.7915,8.05,,0.0384,,Biotite,Lubbersetal2020
243,40A3_bt2.3,37.1,6.74,13.72,13.68,0.3826,14.88,0.0415,0.7741,8.29,,0.0,,Biotite,Lubbersetal2020
244,40A3_bt3pt.1,36.45,5.45,14.12,15.29,0.4833,14.16,0.016,0.6912,7.9,,0.0,,Biotite,Lubbersetal2020
245,40A3_bt3pt.2,36.8,5.54,13.95,15.6,0.5715,14.14,0.0133,0.675,8.09,,0.0107,,Biotite,Lubbersetal2020
246,40A3_bt3pt.3,36.85,5.28,14.17,15.39,0.458,14.41,0.0151,0.6735,8.09,,0.0125,,Biotite,Lubbersetal2020
247,40A3_bt3pt.4,37.73,4.63,13.84,14.6,0.4674,15.15,0.0028,0.6463,8.23,,0.0135,,Biotite,Lubbersetal2020
248,40B_bt1.1,37.65,6.67,14.34,13.95,0.3159,14.21,0.0123,0.7072,8.06,,0.0082,,Biotite,Lubbersetal2020
249,40B_bt1.2,37.57,6.66,14.2,13.97,0.3265,14.23,0.0,0.7245,8.04,,0.0,,Biotite,Lubbersetal2020
250,40B_bt1.3,35.74,5.66,14.89,15.02,0.5008,14.83,0.0152,0.607,6.81,,0.0093,,Biotite,Lubbersetal2020
251,40B_bt2.1,36.78,7.69,14.79,13.27,0.188,13.84,0.0216,0.7198,7.67,,0.0293,,Biotite,Lubbersetal2020
252,40B_bt2.2,36.42,7.91,14.68,13.4,0.22,13.98,0.0144,0.7647,7.67,,0.0,,Biotite,Lubbersetal2020
253,40B_bt2.3,36.61,7.79,14.93,13.5,0.2292,14.01,0.0,0.7559,7.73,,0.0,,Biotite,Lubbersetal2020
254,40B_bt2.4,36.46,7.82,14.7,13.95,0.2687,13.9,0.0123,0.7125,7.7,,0.0,,Biotite,Lubbersetal2020
255,40B_bt2.5,37.3,7.63,14.33,13.63,0.243,14.47,0.0,0.7136,7.96,,0.0,,Biotite,Lubbersetal2020
256,40B_bt2.6,36.67,7.5,14.14,15.28,0.4552,13.21,0.0213,0.7029,7.9,,0.0295,,Biotite,Lubbersetal2020
257,40B_bt3.1,36.32,6.85,14.15,14.16,0.4231,13.97,0.0125,0.753,7.9,,0.0508,,Biotite,Lubbersetal2020
258,40B_bt3.2,35.96,6.95,14.55,14.43,0.4167,13.87,0.0034,0.7463,7.73,,0.0,,Biotite,Lubbersetal2020
259,40B_bt3.3,37.54,6.55,13.69,14.95,0.4514,13.55,0.0204,0.6967,8.06,,0.0,,Biotite,Lubbersetal2020
260,40B_bt4.1,36.85,6.38,14.15,14.14,0.2935,14.63,0.0022,0.7745,8.02,,0.01,,Biotite,Lubbersetal2020
261,40B_bt4.2,37.13,6.51,14.38,13.89,0.3188,14.31,0.145,0.632,7.68,,0.0,,Biotite,Lubbersetal2020
262,40B_bt4.3,36.99,6.45,14.25,14.08,0.3096,14.41,0.1093,0.705,7.89,,0.0085,,Biotite,Lubbersetal2020
263,40B_bt4.4,37.39,6.17,14.32,14.32,0.3446,14.21,0.0419,0.7143,7.85,,0.0142,,Biotite,Lubbersetal2020
264,40B_bt4.5,37.53,6.26,14.01,14.15,0.4137,14.47,0.0029,0.7506,8.01,,0.008,,Biotite,Lubbersetal2020
265,40A2_bt1.1,36.85,6.42,14.16,15.58,0.6264,13.39,0.0,0.6712,8.07,,0.0,,Biotite,Lubbersetal2020
266,40A2_bt1.2,36.89,6.58,14.38,15.3,0.6178,13.59,0.0003,0.7069,8.01,,0.0174,,Biotite,Lubbersetal2020
267,40A2_bt1.3,37.02,6.36,14.16,14.14,0.5564,14.54,0.0013,0.6617,7.94,,0.0099,,Biotite,Lubbersetal2020
268,40A2_bt1.4,37.43,5.78,14.02,14.6,0.5176,14.72,0.0056,0.5957,8.17,,0.0027,,Biotite,Lubbersetal2020
269,40A2_bt1.5,38.26,5.31,13.61,14.03,0.4187,15.26,0.0049,0.745,8.42,,0.0,,Biotite,Lubbersetal2020
270,40A2_bt2.1,37.24,7.25,14.09,13.5,0.3028,14.19,0.0255,0.7034,8.07,,0.0,,Biotite,Lubbersetal2020
271,40A2_bt2.2,37.32,7.24,14.16,13.65,0.2662,14.17,0.0156,0.7374,7.99,,0.0,,Biotite,Lubbersetal2020
272,40A2_bt2.3,37.49,7.33,14.33,13.47,0.2416,14.37,0.0225,0.7833,8.18,,0.0026,,Biotite,Lubbersetal2020
273,40A2_bt2.4,37.4,7.2,14.25,13.49,0.2277,14.65,0.0084,0.7016,8.17,,0.0,,Biotite,Lubbersetal2020
274,40A2_bt2.5,37.82,7.28,14.09,13.4,0.2195,14.52,0.0312,0.7361,8.09,,0.0012,,Biotite,Lubbersetal2020
275,152_bt1.1,36.14,7.26,14.22,15.59,0.1837,13.02,0.0,0.5608,7.87,,0.0083,,Biotite,Lubbersetal2020
276,152_bt1.2,35.89,7.76,14.57,16.01,0.2393,12.76,0.006,0.6348,7.76,,0.0,,Biotite,Lubbersetal2020
277,15D_bt2.1,36.86,7.44,13.7,15.88,0.304,12.45,0.0445,0.6584,7.77,,0.0,,Biotite,Lubbersetal2020
278,15D_bt2.2,36.51,7.15,13.83,15.87,0.3291,13.14,0.0407,0.5938,7.81,,0.0,,Biotite,Lubbersetal2020
279,15D_bt2.3,36.53,6.23,13.98,15.78,0.3248,13.36,0.0091,0.5433,7.75,,0.0,,Biotite,Lubbersetal2020
280,15D_bt2.4,36.5,4.9,14.07,16.97,0.3679,13.45,0.0778,0.4534,7.48,,0.0,,Biotite,Lubbersetal2020
281,15D_bt3.1,36.44,6.56,13.87,16.08,0.461,13.22,0.0056,0.595,7.78,,0.0,,Biotite,Lubbersetal2020
282,15D_bt3.2,36.58,6.08,13.73,16.04,0.5411,13.28,0.0019,0.5612,7.92,,0.0,,Biotite,Lubbersetal2020
283,15D_bt3.3,36.5,6.27,13.82,16.37,0.4768,12.92,0.0196,0.5844,7.94,,0.0,,Biotite,Lubbersetal2020
284,15D_bt3.4,37.35,5.39,13.64,16.18,0.5332,13.52,0.0041,0.565,8.06,,0.0,,Biotite,Lubbersetal2020
285,15D_bt3.5,36.04,5.94,13.3,16.56,0.641,14.02,0.0269,0.4976,7.77,,0.0418,,Biotite,Lubbersetal2020
286,15D2_bt1.1,36.42,6.9,14.43,15.29,0.3422,13.12,0.0499,0.5855,7.67,,0.0,,Biotite,Lubbersetal2020
287,15D2_bt1.2,36.07,7.26,14.29,15.51,0.3631,13.15,0.0336,0.5705,7.59,,0.0,,Biotite,Lubbersetal2020
288,15D2_bt1.3,35.69,7.8,14.29,16.76,0.358,12.16,0.0862,0.6285,7.21,,0.0,,Biotite,Lubbersetal2020
289,15D2_bt1.4,35.85,7.84,14.16,16.84,0.4064,12.02,0.0689,0.6608,7.3,,0.0,,Biotite,Lubbersetal2020
290,15D2_bt2.1,38.09,5.87,13.48,15.51,0.2387,14.1,0.0148,0.6158,8.37,,0.0,,Biotite,Lubbersetal2020
291,15D2_bt2.2,37.49,6.97,13.1,15.45,0.2728,13.14,0.7351,0.5248,7.94,,0.0,,Biotite,Lubbersetal2020
292,15D2_bt2.3,37.43,7.15,13.68,16.21,0.2729,13.09,0.0232,0.67,8.17,,0.0,,Biotite,Lubbersetal2020
293,15D2_bt2.4,38.06,5.74,13.34,15.2,0.3097,14.42,0.017,0.5509,8.48,,0.0,,Biotite,Lubbersetal2020
294,15D2_bt2.6,36.85,6.43,13.7,16.08,0.2872,13.22,0.0,0.4862,7.95,,0.0,,Biotite,Lubbersetal2020
295,15D2_bt2.7,38.22,5.13,13.44,14.97,0.265,14.71,0.0419,0.543,8.49,,0.002,,Biotite,Lubbersetal2020
296,15D2_bt2.8,38.05,4.65,13.55,15.11,0.3005,15.21,0.1234,0.4715,8.26,,0.0,,Biotite,Lubbersetal2020
297,15D2_bt2.9,37.15,5.55,13.18,14.87,0.2952,14.53,0.0621,0.5696,8.15,,0.0,,Biotite,Lubbersetal2020
298,15D2_bt2.10,38.5,5.08,13.32,14.83,0.2613,14.93,0.0545,0.496,8.58,,0.0198,,Biotite,Lubbersetal2020
299,7B_bt1.1,38.23,3.83,12.91,14.15,0.4789,15.62,0.0,0.6459,8.38,,0.0,,Biotite,Lubbersetal2020
300,REG55_calcite_1,0.0,0.0,0.0,0.07,0.0457,0.0526,57.0312,0.0046,0.0216,,0.1757,,Carbonate,Beaetal2014
301,REG55_calcite_2,0.0,0.0,0.0,0.0402,0.0259,0.0509,56.5207,0.0,0.044,,0.0749,,Carbonate,Beaetal2014
302,REG55_calcite_3,0.0,0.0,0.0,0.0058,0.0706,0.0537,56.6687,0.0078,0.0105,,0.1277,,Carbonate,Beaetal2014
303,REG55_calcite_4,0.0172,0.0259,0.0,0.0163,0.028,0.0525,62.3095,0.0,0.0387,,0.1673,,Carbonate,Beaetal2014
304,"DVK_CD_01
_In01",,,,0.02,0.089,0.227,55.81,,,,,,Carbonate,Bussweileretal2016
305,"DVK_CD_01
_In02 ",,,,0.11,0.11,1.73,53.55,,,,,,Carbonate,Bussweileretal2016
306,"DVK_CD_01
_In03 ",,,,0.045,0.018,2.61,54.63,,,,,,Carbonate,Bussweileretal2016
307,"DVK_CD_01
_In03-2",,,,0.05,0.128,0.023,55.06,,,,,,Carbonate,Bussweileretal2016
308,"DVK_CD_01
_In04 ",,,,0.036,0.083,3.19,52.8,,,,,,Carbonate,Bussweileretal2016
309,"DVK_CD_01
_In05 ",,,,0.043,0.034,1.614,53.81,,,,,,Carbonate,Bussweileretal2016
310,"DVK_CD_01
_In05-2",,,,0.027,0.034,0.0,55.7,,,,,,Carbonate,Bussweileretal2016
311,"DVK_CD_01
_In06 ",,,,0.155,0.092,4.87,50.46,,,,,,Carbonate,Bussweileretal2016
312,"DVK_CD_01
_In07 ",,,,0.106,0.0,0.061,51.03,,,,,,Carbonate,Bussweileretal2016
313,"DVK_CD_01
_In08 ",,,,0.117,0.455,1.278,54.2,,,,,,Carbonate,Bussweileretal2016
314,"DVK_CD_2B
_In01 ",,,,0.112,0.607,0.377,56.54,,,,,,Carbonate,Bussweileretal2016
315,"DVK_CD_2B
_In03 ",,,,0.196,0.01,0.627,55.52,,,,,,Carbonate,Bussweileretal2016
316,"DVK_CD_2B
_In04 ",,,,0.035,0.048,0.029,56.98,,,,,,Carbonate,Bussweileretal2016
317,"DVK_CD_04B
_In01 ",,,,0.0,0.0,0.011,57.79,,,,,,Carbonate,Bussweileretal2016
318,"DVK_CD_04B
_In02 ",,,,0.0,0.045,0.023,57.4,,,,,,Carbonate,Bussweileretal2016
319,"DVK_CD_04B
_In04 ",,,,0.044,0.0,0.016,57.28,,,,,,Carbonate,Bussweileretal2016
320,"DVK_CD_4B
_In05 ",,,,0.109,0.016,0.0,56.94,,,,,,Carbonate,Bussweileretal2016
321,"DVK_CD_06A
_In01 ",,,,0.012,0.193,0.067,56.03,,,,,,Carbonate,Bussweileretal2016
322,"DVK_CD_06A
_In02 ",,,,0.061,0.094,0.055,56.08,,,,,,Carbonate,Bussweileretal2016
323,"DVK_CD_06A
_In03 ",,,,0.117,0.181,0.084,54.14,,,,,,Carbonate,Bussweileretal2016
324,"DVK_CD_06A
_In04 ",,,,0.209,0.018,1.454,53.33,,,,,,Carbonate,Bussweileretal2016
325,"DVK_CD_06A
_In04-2 ",,,,0.0,0.06,0.114,55.54,,,,,,Carbonate,Bussweileretal2016
326,"DVK_CD_06A
_In05 ",,,,0.228,0.329,0.196,58.39,,,,,,Carbonate,Bussweileretal2016
327,"DVK_CD_06A
_In06 ",,,,0.19,0.145,0.348,56.6,,,,,,Carbonate,Bussweileretal2016
328,"DVK_CD_06A
_In07 ",,,,0.105,0.009,0.488,55.0,,,,,,Carbonate,Bussweileretal2016
329,"DVK_CD_06A
_In08 ",,,,0.047,0.025,0.01,56.14,,,,,,Carbonate,Bussweileretal2016
330,"DVK_CD_06A
_In09 ",,,,0.114,0.212,0.217,54.84,,,,,,Carbonate,Bussweileretal2016
331,"DVK_CD_06A
_In10 ",,,,0.091,0.156,0.116,55.1,,,,,,Carbonate,Bussweileretal2016
332,"DVK_CD_06A
_In12 ",,,,0.138,0.0,0.016,55.93,,,,,,Carbonate,Bussweileretal2016
333,"DVK_CD_06B
_In01 ",,,,0.154,0.211,0.175,54.28,,,,,,Carbonate,Bussweileretal2016
334,"DVK_CD_06B
_In02 ",,,,0.053,0.0,0.089,55.09,,,,,,Carbonate,Bussweileretal2016
335,"DVK_CD_06B
_In03 ",,,,0.088,0.04,0.016,55.79,,,,,,Carbonate,Bussweileretal2016
336,"DVK_CD_06B
_In04 ",,,,0.046,0.038,0.01,55.49,,,,,,Carbonate,Bussweileretal2016
337,"DVK_CD_06B
_In05 ",,,,0.094,0.007,0.083,54.66,,,,,,Carbonate,Bussweileretal2016
338,"DVK_CD_06B
_In06 ",,,,0.0,0.015,0.012,56.6,,,,,,Carbonate,Bussweileretal2016
339,"DVK_CD_06B
_In07 ",,,,0.23,0.339,0.413,54.41,,,,,,Carbonate,Bussweileretal2016
340,"DVK_CD_06B
_In09 ",,,,0.086,0.603,0.238,54.09,,,,,,Carbonate,Bussweileretal2016
341,"DVK_CD_06B
_In10 ",,,,0.205,0.01,0.914,54.42,,,,,,Carbonate,Bussweileretal2016
342,"DVK_CD_06B
_In11 ",,,,0.105,0.103,0.075,55.68,,,,,,Carbonate,Bussweileretal2016
343,"PL_CD_03
_Incl01 ",,,,0.029,0.35,0.0,56.36,,,,,,Carbonate,Bussweileretal2016
344,"PL_CD_03
_Incl02 ",,,,0.068,0.05,0.0,57.83,,,,,,Carbonate,Bussweileretal2016
345,"PL_CD_03
_Incl03 ",,,,0.073,0.053,0.0,57.36,,,,,,Carbonate,Bussweileretal2016
346,"PL_CD_03
_Incl04 ",,,,0.083,0.114,0.0,57.37,,,,,,Carbonate,Bussweileretal2016
347,"PL_CD_07
_In01 ",,,,0.613,0.132,1.72,50.58,,,,,,Carbonate,Bussweileretal2016
348,"PL_CD_07
_In02 ",,,,0.558,0.497,0.898,50.93,,,,,,Carbonate,Bussweileretal2016
349,"PL_CD_07
_In04 ",,,,0.082,0.112,0.0,56.49,,,,,,Carbonate,Bussweileretal2016
350,"DVK_GRT_02
_In09 ",,,,0.366,0.687,0.0,52.273,,,,,,Carbonate,Bussweileretal2016
351,"DVK_GRT_04
_In02 ",,,,0.278,0.613,0.0,56.193,,,,,,Carbonate,Bussweileretal2016
352,"DVK_GRT_04
_In03 ",,,,0.39,0.858,0.0,53.398,,,,,,Carbonate,Bussweileretal2016
353,"DVK_GRT_04
_In03-2",,,,2.297,1.037,17.813,29.769,,,,,,Carbonate,Bussweileretal2016
354,"DVK_GRT_04
_In03-3 ",,,,2.348,1.026,16.822,30.751,,,,,,Carbonate,Bussweileretal2016
355,"DVK_GRT_04
_In04 ",,,,1.891,1.101,17.948,30.058,,,,,,Carbonate,Bussweileretal2016
356,"DVK_GRT_04
_In05 ",,,,0.209,1.589,0.0,54.851,,,,,,Carbonate,Bussweileretal2016
357,"DVK_GRT_04
_In06 ",,,,0.291,0.249,0.0,54.964,,,,,,Carbonate,Bussweileretal2016
358,"DVK_GRT_04
_In06-2",,,,2.729,0.864,18.199,29.218,,,,,,Carbonate,Bussweileretal2016
359,"DVK_GRT_04
_In07 ",,,,0.144,0.798,0.0,55.261,,,,,,Carbonate,Bussweileretal2016
360,"DVK_GRT_04
_In07-2",,,,1.378,0.816,18.834,31.007,,,,,,Carbonate,Bussweileretal2016
361,"DVK_GRT_05
_In01 ",,,,0.003,0.24,0.0,55.198,,,,,,Carbonate,Bussweileretal2016
362,"DVK_GRT_05
_In02 ",,,,0.028,0.298,0.0,54.827,,,,,,Carbonate,Bussweileretal2016
363,"DVK_GRT_05
_In03 ",,,,0.244,0.472,0.0,56.382,,,,,,Carbonate,Bussweileretal2016
364,"DVK_GRT_05
_In05 ",,,,0.199,0.046,0.0,56.889,,,,,,Carbonate,Bussweileretal2016
365,"PL_GRT_01
_In02 ",,,,0.349,0.147,0.0,55.92,,,,,,Carbonate,Bussweileretal2016
366,"PL_GRT_01
_In03 ",,,,0.191,0.817,0.0,55.24,,,,,,Carbonate,Bussweileretal2016
367,"PL_GRT_01
_In07 ",,,,0.448,1.91,0.92,52.6,,,,,,Carbonate,Bussweileretal2016
368,"PL_GRT_01
_In08 ",,,,0.539,0.041,0.0,56.21,,,,,,Carbonate,Bussweileretal2016
369,"PL_GRT_01
_In09 ",,,,0.11,0.298,0.0,56.6,,,,,,Carbonate,Bussweileretal2016
370,"PL_GRT_01
_In12 ",,,,0.228,1.057,0.539,53.86,,,,,,Carbonate,Bussweileretal2016
371,"PL_GRT_02
_In03 ",,,,0.16,0.021,0.0,57.57,,,,,,Carbonate,Bussweileretal2016
372,"PL_GRT_04
_In01 ",,,,0.049,0.096,0.0,57.67,,,,,,Carbonate,Bussweileretal2016
373,"PL_GRT_04
_In04 ",,,,3.33,0.387,17.73,32.0,,,,,,Carbonate,Bussweileretal2016
374,"PL_GRT_04
_In05 ",,,,2.03,1.186,22.45,27.22,,,,,,Carbonate,Bussweileretal2016
375,"PL_GRT_04
_In06 ",,,,1.37,1.57,18.77,31.53,,,,,,Carbonate,Bussweileretal2016
376,"PL_GRT_04
_In08",,,,0.506,1.68,1.351,52.27,,,,,,Carbonate,Bussweileretal2016
377,"PL_GRT_04
_In13 ",,,,0.019,0.0,0.0,57.43,,,,,,Carbonate,Bussweileretal2016
378,"PL_GRT_04
_In14 ",,,,0.301,0.052,0.0,55.58,,,,,,Carbonate,Bussweileretal2016
379,"WI7_GRT_03
_In05 ",,,,0.301,0.103,0.0,55.62,,,,,,Carbonate,Bussweileretal2016
380,"WI7_GRT_03
_In05-2",,,,0.264,0.07,0.235,55.28,,,,,,Carbonate,Bussweileretal2016
381,AH41-1_cc1,,,,0.06,2.43,0.6,52.02,,0.0,,,,Carbonate,Gozzietal2014
382,AH41-1_cc2,,,,0.04,2.33,0.58,52.55,,0.0,,,,Carbonate,Gozzietal2014
383,AH41-1   _xnc1,,,,0.09,0.03,0.49,50.53,,0.18,,,,Carbonate,Gozzietal2014
384,AH41-2_cc1,,,,0.07,0.0,0.05,56.4,,0.0,,,,Carbonate,Gozzietal2014
385,AH41-2_cc2,,,,0.04,0.03,0.06,58.14,,0.0,,,,Carbonate,Gozzietal2014
386,AH41-2   _cc3,,,,0.06,0.91,0.56,53.98,,0.0,,,,Carbonate,Gozzietal2014
387,AH43-1_cc1 ,,,,0.09,0.0,0.98,51.46,,0.12,,,,Carbonate,Gozzietal2014
388,AH43-1_cc2 ,,,,0.09,0.0,0.98,51.46,,0.12,,,,Carbonate,Gozzietal2014
389,AH43-1_cc3,,,,0.13,0.0,1.17,50.25,,0.1,,,,Carbonate,Gozzietal2014
390,AH43-1_cc4,,,,0.09,0.03,0.49,50.53,,0.18,,,,Carbonate,Gozzietal2014
391,AH43-1_cc5,,,,0.29,0.0,0.88,49.68,,0.05,,,,Carbonate,Gozzietal2014
392,AH43-1_cc6,,,,0.19,0.03,0.64,50.52,,0.08,,,,Carbonate,Gozzietal2014
393,AH43-1_cc7,,,,0.07,0.0,0.78,51.53,,0.07,,,,Carbonate,Gozzietal2014
394,AH43-1_cc8,,,,0.08,0.02,0.85,51.53,,0.02,,,,Carbonate,Gozzietal2014
395,AH43-1_cc9,,,,0.09,0.02,1.04,50.8,,0.16,,,,Carbonate,Gozzietal2014
396,AH43-1_cc10,,,,0.13,0.01,1.08,51.1,,0.02,,,,Carbonate,Gozzietal2014
397,AH43-1_cc11,,,,0.18,0.04,0.42,52.06,,0.03,,,,Carbonate,Gozzietal2014
398,AH43-1_cc12,,,,0.04,0.0,1.02,51.97,,0.25,,,,Carbonate,Gozzietal2014
399,AH43-1_cc13,,,,0.1,0.03,0.84,50.98,,0.01,,,,Carbonate,Gozzietal2014
400,zk803-31-01-01,29.41,0.03,18.6,33.22,0.08,6.7,0.1,0.03,0.26,,,,Chlorite,Zhangetal2020
401,zk007-135-02-01,26.43,0.03,17.09,40.82,0.09,2.89,0.09,0.02,0.31,,,,Chlorite,Zhangetal2020
402,zk803-40-01-01,26.35,0.0,17.48,32.67,0.11,8.34,0.01,0.15,0.03,,,,Chlorite,Zhangetal2020
403,ZK1203-121-01,27.08,0.0,18.14,34.97,0.03,6.26,0.04,0.02,0.09,,,,Chlorite,Zhangetal2020
404,ZK1203-121-02,27.64,0.0,19.46,33.6,0.04,7.17,0.04,0.0,0.09,,,,Chlorite,Zhangetal2020
405,zk2705-40-01-01,29.09,0.02,16.06,39.68,0.06,3.23,0.1,0.05,0.09,,,,Chlorite,Zhangetal2020
406,zk2705-41-01-03,27.8,0.0,16.61,42.55,0.02,2.78,0.14,0.05,0.11,,,,Chlorite,Zhangetal2020
407,YD14-22-8CHL2,28.16,0.03,20.08,18.2,0.17,19.21,0.08,,0.01,,0.38,,Chlorite,Xiaoetal2018
408,YD13-162-2chl-1,27.79,0.01,22.16,17.25,0.26,19.42,0.03,0.04,0.03,,0.24,,Chlorite,Xiaoetal2018
409,YD13-162-3chl-1,28.03,0.01,21.22,16.54,0.2,20.05,0.08,0.04,0.03,,0.37,,Chlorite,Xiaoetal2018
410,YD13-237-1-9chl-1,29.12,0.07,20.7,13.61,0.39,22.89,0.02,0.02,0.02,,0.21,,Chlorite,Xiaoetal2018
411,YD13-267-6chl-1,26.92,0.04,22.21,16.46,0.68,19.83,0.33,0.07,0.01,,0.09,,Chlorite,Xiaoetal2018
412,YD13-267-7chl-1,27.07,0.05,21.36,17.06,0.59,20.2,0.06,0.03,0.01,,0.18,,Chlorite,Xiaoetal2018
413,YD13-267-9chl-1,26.75,0.06,21.69,17.71,0.61,19.29,0.06,,,,0.17,,Chlorite,Xiaoetal2018
414,YD13-218-3chl-1,27.83,0.06,20.87,17.81,0.11,20.03,0.03,0.02,0.01,,0.03,,Chlorite,Xiaoetal2018
415,YD13-218-6chl-1,26.16,0.02,23.26,19.69,0.12,17.59,0.01,0.01,,,0.07,,Chlorite,Xiaoetal2018
416,YD13-218-7chl-1,26.85,0.04,22.53,18.43,0.1,18.88,,0.01,0.03,,0.03,,Chlorite,Xiaoetal2018
417,YD13-218-9chl-1,27.25,0.04,22.3,16.71,0.17,20.51,0.02,0.03,0.01,,0.03,,Chlorite,Xiaoetal2018
418,YD13-17-1chl-1,25.39,0.05,21.75,23.63,0.92,14.79,0.02,0.01,,,0.04,,Chlorite,Xiaoetal2018
419,YD13-17-3chl-1,25.46,0.05,22.4,24.07,1.03,14.22,0.03,0.07,0.02,,0.12,,Chlorite,Xiaoetal2018
420,YD13-84-1chl-1,26.3,0.04,22.76,19.2,0.35,17.73,0.04,0.01,0.02,,0.03,,Chlorite,Xiaoetal2018
421,YD13-84-5chl-1,26.02,0.04,22.78,19.57,0.44,17.76,0.03,0.02,0.01,,0.02,,Chlorite,Xiaoetal2018
422,YD13-22-2Chl-2,24.5,0.06,23.05,29.23,0.05,11.01,0.05,0.03,0.01,,0.01,,Chlorite,Xiaoetal2018
423,YD13-148-1-1Chl1,25.98,0.03,22.26,27.59,0.29,12.32,0.09,0.03,0.01,,0.03,,Chlorite,Xiaoetal2018
424,YD13-148-1-7Chl1,25.25,0.07,22.14,27.7,0.22,12.47,0.03,0.05,0.03,,0.06,,Chlorite,Xiaoetal2018
425,YD13-82-3-2chl-1,26.16,0.03,20.79,27.07,0.32,13.71,0.04,0.03,0.02,,,,Chlorite,Xiaoetal2018
426,YD13-82-3-3chl-1,25.81,0.02,20.52,27.27,0.42,13.77,0.06,0.02,0.02,,0.02,,Chlorite,Xiaoetal2018
427,YD13-82-3-8chl-1,25.71,0.06,21.62,26.77,0.37,13.82,0.03,,,,0.07,,Chlorite,Xiaoetal2018
428,YD13-189-1-1Chl-1,25.74,0.06,20.35,30.02,0.48,11.32,0.17,0.07,0.1,,0.13,,Chlorite,Xiaoetal2018
429,YD13-189-1-2Chl-2,25.55,0.09,22.74,20.44,0.4,18.22,0.05,,0.01,,0.04,,Chlorite,Xiaoetal2018
430,YD13-189-1-4Chl-1,24.61,0.02,20.7,31.42,0.4,10.91,0.09,0.03,0.02,,0.03,,Chlorite,Xiaoetal2018
431,YD13-189-1-4Chl-2,25.53,0.06,22.58,20.69,0.34,17.99,0.01,,,,,,Chlorite,Xiaoetal2018
432,YD13-54-2-2chl-1,25.35,0.02,21.64,27.93,0.6,12.75,0.02,,0.02,,0.01,,Chlorite,Xiaoetal2018
433,YD13-28-1chl-1,25.92,0.02,23.21,22.5,0.19,15.62,0.01,0.05,0.15,,,,Chlorite,Xiaoetal2018
434,YD13-28-4chl-1,25.1,0.04,22.39,26.9,0.11,12.65,0.12,0.01,0.02,,0.03,,Chlorite,Xiaoetal2018
435,YD13-28-2chl-1,24.93,0.04,21.36,28.55,0.09,12.01,,,0.01,,0.05,,Chlorite,Xiaoetal2018
436,YD13-221-4chl-1,24.86,0.46,22.18,30.95,0.26,10.38,0.03,0.02,0.02,,,,Chlorite,Xiaoetal2018
437,YD13-221-5chl-1,24.71,0.34,21.83,29.55,0.19,10.9,0.04,0.02,,,0.1,,Chlorite,Xiaoetal2018
438,YD13-221-6chl-1,25.23,0.24,23.19,26.54,0.27,12.43,0.05,0.03,0.01,,0.04,,Chlorite,Xiaoetal2018
439,YD13-221-8chl-1,25.03,0.02,22.98,29.5,0.26,10.67,0.12,0.05,,,0.04,,Chlorite,Xiaoetal2018
440,YD13-110-1-4chl-1,25.77,0.02,20.23,24.43,0.29,15.09,0.08,0.03,0.04,,0.08,,Chlorite,Xiaoetal2018
441,YD13-110-1-5chl-1,26.2,0.05,20.76,23.85,0.27,15.64,0.13,0.1,0.04,,0.2,,Chlorite,Xiaoetal2018
442,YD13-130-2-1Chl-1,25.35,0.04,23.61,23.63,0.01,15.03,,0.01,0.01,,,,Chlorite,Xiaoetal2018
443,YD13-130-2-1Chl-2,25.26,0.02,23.68,23.25,0.03,14.56,0.02,0.01,0.01,,0.03,,Chlorite,Xiaoetal2018
444,YD13-130-2-3Chl-1,25.8,0.09,23.75,22.12,,15.44,0.02,0.03,,,0.06,,Chlorite,Xiaoetal2018
445,YD13-130-2-7Chl-1,24.57,0.03,23.38,25.59,0.04,13.49,0.04,0.06,0.01,,0.06,,Chlorite,Xiaoetal2018
446,YD13-134-1-1Chl-1,24.63,0.01,22.03,27.9,0.99,10.67,0.14,0.15,0.01,,0.76,,Chlorite,Xiaoetal2018
447,YD13-134-1-3Chl-1,24.28,0.03,22.01,34.57,1.03,7.78,0.01,0.03,0.03,,0.01,,Chlorite,Xiaoetal2018
448,YD13-134-1-4Chl-1,26.09,0.05,21.04,25.14,0.74,14.73,0.03,0.02,,,0.04,,Chlorite,Xiaoetal2018
449,YD13-134-1-5Chl-1,24.09,0.02,22.56,32.16,1.06,9.02,0.12,0.09,,,0.28,,Chlorite,Xiaoetal2018
450,YD13-41-3-10chl-1,24.44,0.04,21.74,29.61,0.71,10.92,0.05,0.05,,,0.13,,Chlorite,Xiaoetal2018
451,YD13-58-5-chl-1,27.53,0.01,21.47,17.94,0.17,18.76,0.05,0.01,,,0.03,,Chlorite,Xiaoetal2018
452,YD13-58-6-chl-1,27.92,0.12,21.43,17.3,0.12,19.09,0.03,0.03,0.04,,0.41,,Chlorite,Xiaoetal2018
453,YD13-58-3-chl-1,27.55,0.06,21.84,17.6,0.16,19.03,,0.03,0.05,,0.1,,Chlorite,Xiaoetal2018
454,YD13-62-1-3chl-1,25.36,0.03,24.36,18.55,0.26,18.69,0.03,0.06,0.02,,0.03,,Chlorite,Xiaoetal2018
455,YD13-62-1-9chl-1,25.93,0.08,23.24,21.41,0.36,16.34,0.03,0.06,0.01,,0.08,,Chlorite,Xiaoetal2018
456,YD13-97-1-1chl-1,26.81,0.02,22.37,20.97,0.38,16.56,0.05,0.05,0.01,,0.31,,Chlorite,Xiaoetal2018
457,YD13-97-1-4chl-1,27.76,0.09,21.46,20.49,0.34,17.59,0.04,0.12,0.02,,0.12,,Chlorite,Xiaoetal2018
458,YD13-97-1-8chl-1,27.68,0.06,22.47,20.18,0.3,16.93,0.01,0.18,0.06,,0.14,,Chlorite,Xiaoetal2018
459,YD13-115-2-6chl-1,26.54,0.03,20.1,26.18,0.28,14.61,0.03,0.04,,,0.02,,Chlorite,Xiaoetal2018
460,YD13-118-2-3chl-2,25.29,0.05,22.68,25.25,0.4,14.34,0.02,0.02,0.01,,0.04,,Chlorite,Xiaoetal2018
461,YD13-118-2-4chl-1,25.74,0.01,22.72,23.61,0.44,14.68,0.06,0.08,0.01,,0.07,,Chlorite,Xiaoetal2018
462,YD13-118-2-6chl-1,24.77,0.02,21.01,31.19,0.37,11.15,0.05,0.01,,,0.05,,Chlorite,Xiaoetal2018
463,YD13-120-1-1Chl-1,24.63,0.02,22.63,28.48,0.59,12.01,0.04,0.02,0.01,,0.08,,Chlorite,Xiaoetal2018
464,YD13-120-1-2Chl-1,25.37,0.05,22.53,28.01,0.55,12.09,0.04,,0.02,,0.04,,Chlorite,Xiaoetal2018
465,YD13-120-1-3Chl-1,24.88,0.04,22.3,27.89,0.7,12.03,0.07,0.04,0.05,,0.18,,Chlorite,Xiaoetal2018
466,YD13-120-1-5Chl-1,24.93,0.07,22.71,27.67,0.55,12.52,0.02,0.01,0.01,,0.08,,Chlorite,Xiaoetal2018
467,YD13-128-2-2chl-1,25.99,0.12,22.83,19.9,0.34,17.36,0.02,0.05,0.05,,0.01,,Chlorite,Xiaoetal2018
468,YD13-128-2-4chl-1,25.8,0.04,23.31,19.58,0.42,16.28,0.04,0.08,,,0.12,,Chlorite,Xiaoetal2018
469,YD13-128-2-5chl-1,26.11,0.02,23.28,21.33,0.44,16.43,0.01,0.02,,,,,Chlorite,Xiaoetal2018
470,YD13-254-5chl-1,25.77,0.02,23.76,25.06,0.38,13.11,0.05,,0.02,,0.13,,Chlorite,Xiaoetal2018
471,YD13-168-5-ep-1,26.81,0.08,21.36,24.59,0.36,14.81,0.05,0.08,0.02,,0.14,,Chlorite,Xiaoetal2018
472,YD13-168-8-chl-1,26.59,0.04,20.58,23.78,0.39,14.43,0.02,0.22,,,0.03,,Chlorite,Xiaoetal2018
473,TW14-127-1-CL-1,19.74,0.01,22.29,29.1,0.4,11.12,0.04,0.01,0.01,,,,Chlorite,Xiaoetal2018
474,TW14-127-4-CL-1,20.5,0.01,22.29,29.25,0.4,11.07,0.04,0.03,0.02,,,,Chlorite,Xiaoetal2018
475,TW14-127-5-CL-1,20.75,0.01,22.29,29.25,0.41,11.41,0.02,0.02,0.01,,,,Chlorite,Xiaoetal2018
476,TW14-127-7-CL-1,20.26,0.01,22.29,30.09,0.42,11.52,0.05,0.02,0.01,,,,Chlorite,Xiaoetal2018
477,TW151-1-CL-1,20.82,0.02,22.11,28.61,0.09,11.42,0.02,0.0,0.01,,,,Chlorite,Xiaoetal2018
478,TW151-2-CL-1,20.5,0.01,22.11,29.28,0.09,11.6,0.01,0.0,0.0,,,,Chlorite,Xiaoetal2018
479,TW151-3-CL-1,20.38,0.02,22.11,28.92,0.09,11.65,0.03,0.0,0.0,,,,Chlorite,Xiaoetal2018
480,TW151-4-CL-1,20.38,0.01,22.11,29.5,0.08,11.54,0.07,0.0,0.0,,,,Chlorite,Xiaoetal2018
481,TW151-5-CL-1,20.13,0.01,22.11,28.82,0.08,11.14,,0.0,0.0,,,,Chlorite,Xiaoetal2018
482,TW13-30-1-CL-1,20.85,0.02,21.81,28.45,0.29,11.78,0.01,0.01,0.01,,,,Chlorite,Xiaoetal2018
483,TW13-30-2-CL-1,20.74,0.02,21.81,28.45,0.28,11.65,0.01,0.01,0.01,,,,Chlorite,Xiaoetal2018
484,TW13-30-3-CL-1,20.31,0.02,21.81,30.46,0.37,10.6,,0.0,0.0,,,,Chlorite,Xiaoetal2018
485,ZK76-12-38-1,24.724,0.018,18.523,38.471,0.368,4.131,0.029,0.051,0.12,,0.174,,Chlorite,Wangetal2018
486,ZK76-12-38-2,24.858,0.029,18.682,39.19,0.446,4.061,0.083,0.076,0.093,,0.114,,Chlorite,Wangetal2018
487,ZK76-12-38-3,24.862,0.004,18.53,38.528,0.415,4.035,0.09,0.019,0.076,,0.162,,Chlorite,Wangetal2018
488,ZK76-12-38-4,24.042,0.032,20.105,34.831,0.479,4.627,0.386,0.047,0.067,,0.064,,Chlorite,Wangetal2018
489,ZK76-12-38-10,24.164,0.004,19.542,36.474,0.615,4.764,0.178,0.043,0.161,,0.144,,Chlorite,Wangetal2018
490,ZK76-12-38-11,24.744,0.067,18.847,37.742,0.808,4.372,0.183,0.035,0.257,,0.139,,Chlorite,Wangetal2018
491,ZK76-12-38-16,24.313,0.047,20.459,36.811,0.491,4.774,0.104,,0.088,,0.151,,Chlorite,Wangetal2018
492,ZK80-5-25-8,24.959,0.025,20.312,36.951,0.542,4.107,0.086,0.019,0.224,,0.087,,Chlorite,Wangetal2018
493,ZK80-5-25-10,23.941,0.011,20.037,38.512,0.383,3.312,0.01,0.016,0.002,,0.166,,Chlorite,Wangetal2018
494,ZK80-5-25-11,24.77,0.042,19.729,37.48,0.394,4.227,,0.005,0.313,,,,Chlorite,Wangetal2018
495,ZK80-5-25-12,23.901,0.074,20.188,37.689,0.549,4.234,0.012,0.069,0.199,,0.039,,Chlorite,Wangetal2018
496,ZK80-5-25-14,24.143,0.051,19.974,39.56,0.275,3.678,0.017,0.021,0.071,,0.099,,Chlorite,Wangetal2018
497,ZK80-5-25-15,23.761,0.009,19.772,38.057,0.537,5.189,0.073,0.024,0.023,,0.034,,Chlorite,Wangetal2018
498,ZK80-5-25-17,24.952,0.049,19.693,36.584,0.51,5.823,0.047,0.013,0.139,,0.078,,Chlorite,Wangetal2018
499,ZK80-5-28-2,23.906,0.004,17.911,40.127,0.514,3.269,0.04,0.141,0.207,,,,Chlorite,Wangetal2018
500,17MMSG37_cpx4_1,46.8911,2.8722,6.5948,8.4685,0.1886,13.884,20.2569,0.3403,,,0.0908,,Clinopyroxene,Stocketal2018
501,17MMSG37_cpx4_2,47.0099,2.8815,6.1648,8.3329,0.1244,13.3498,21.2249,0.3897,,,0.1048,,Clinopyroxene,Stocketal2018
502,17MMSG37_cpx4_3,49.2254,1.9378,5.1564,7.3874,0.1875,14.5309,21.1051,0.3432,,,0.1919,,Clinopyroxene,Stocketal2018
503,17MMSG37_cpx4_4,49.0144,1.8793,4.7032,7.3963,0.1563,14.5894,21.2841,0.3372,,,0.1858,,Clinopyroxene,Stocketal2018
504,17MMSG37_cpx4_5,48.0983,2.413,5.4135,7.998,0.1524,14.0731,20.8235,0.3628,,,0.1384,,Clinopyroxene,Stocketal2018
505,17MMSG37_cpx4_6,48.5838,2.2527,4.9486,7.6404,0.1353,14.1199,21.2545,0.3389,,,0.152,,Clinopyroxene,Stocketal2018
506,17MMSG37_cpx4_7,47.3048,2.7263,6.6753,8.6815,0.1621,14.0349,20.1414,0.3947,,,0.1856,,Clinopyroxene,Stocketal2018
507,17MMSG37_cpx4_8,47.2529,2.5997,6.4997,8.6245,0.1771,14.0528,20.0797,0.3957,,,0.1196,,Clinopyroxene,Stocketal2018
508,17MMSG37_cpx4_9,47.2123,2.6668,6.4109,8.3026,0.1789,13.9056,20.08,0.3883,,,0.102,,Clinopyroxene,Stocketal2018
509,17MMSG37_cpx4_10,47.7062,2.632,6.1944,8.2659,0.1437,14.0612,20.5686,0.3363,,,0.1327,,Clinopyroxene,Stocketal2018
510,17MMSG37_cpx4_11,47.271,2.6827,5.9474,8.1727,0.1349,13.7028,20.881,0.3818,,,0.1245,,Clinopyroxene,Stocketal2018
511,17MMSG37_cpx4_12,47.9232,2.3609,5.6335,7.777,0.1913,13.9057,21.165,0.3621,,,0.0829,,Clinopyroxene,Stocketal2018
512,17MMSG37_cpx4_13,48.7428,2.1704,5.4485,7.4219,0.1253,14.2425,21.3506,0.3536,,,0.1864,,Clinopyroxene,Stocketal2018
513,17MMSG37_cpx4_14,48.0603,2.0261,5.1003,7.5237,0.1301,14.2581,21.4035,0.3477,,,0.1812,,Clinopyroxene,Stocketal2018
514,17MMSG37_cpx5_1,47.3167,2.8921,5.9932,8.3625,0.1379,13.8927,20.2095,0.4012,,,0.2024,,Clinopyroxene,Stocketal2018
515,17MMSG37_cpx5_2,47.2442,2.7887,6.8788,8.4329,0.178,13.9137,20.0715,0.4064,,,0.1327,,Clinopyroxene,Stocketal2018
516,17MMSG37_cpx5_3,46.9506,3.0121,6.0209,8.4087,0.1893,13.2721,21.5273,0.3978,,,0.0781,,Clinopyroxene,Stocketal2018
517,17MMSG37_cpx5_4,48.8554,2.1154,5.2225,7.3884,0.1443,14.513,21.2066,0.3723,,,0.1967,,Clinopyroxene,Stocketal2018
518,17MMSG37_cpx5_5,47.332,2.7339,6.1003,8.0687,0.1287,13.8599,20.878,0.3914,,,0.1154,,Clinopyroxene,Stocketal2018
519,17MMSG37_cpx5_6,48.567,2.3223,5.4753,7.822,0.1682,14.2991,20.9602,0.3782,,,0.1976,,Clinopyroxene,Stocketal2018
520,17MMSG37_cpx5_7,48.1388,2.5198,5.31,8.54,0.1714,13.7111,21.4339,0.3794,,,0.0482,,Clinopyroxene,Stocketal2018
521,17MMSG37_cpx5_8,50.1626,1.8298,4.3046,7.6013,0.2157,14.9274,20.5506,0.3278,,,0.1016,,Clinopyroxene,Stocketal2018
522,17MMSG37_cpx6_1,48.4222,2.0628,5.4707,8.5571,0.1519,14.3331,20.1876,0.3889,,,0.0341,,Clinopyroxene,Stocketal2018
523,17MMSG37_cpx6_2,49.2796,1.8288,4.9142,7.7218,0.2101,14.584,20.8276,0.3534,,,0.156,,Clinopyroxene,Stocketal2018
524,17MMSG37_cpx6_3,49.6984,2.04,3.9922,8.5678,0.1882,14.2393,20.7265,0.3226,,,0.0482,,Clinopyroxene,Stocketal2018
525,17MMSG40_cpx2_1,47.0,2.8692,6.1198,8.9859,0.1506,13.5412,20.0539,0.447,,,0.0687,,Clinopyroxene,Stocketal2018
526,17MMSG40_cpx2_2,47.7698,2.486,5.7144,8.5543,0.1314,14.2792,20.0161,0.3506,,,0.0905,,Clinopyroxene,Stocketal2018
527,17MMSG40_cpx2_3,47.1191,2.8801,6.0986,8.9803,0.1951,13.6257,20.0055,0.427,,,0.0877,,Clinopyroxene,Stocketal2018
528,17MMSG40_cpx2_4,47.3541,2.9119,6.1218,9.086,0.2237,13.6172,20.1692,0.4118,,,0.0518,,Clinopyroxene,Stocketal2018
529,17MMSG40_cpx2_5,46.7308,3.0175,6.4029,9.0771,0.1503,13.4749,19.9997,0.4323,,,0.0608,,Clinopyroxene,Stocketal2018
530,17MMSG40_cpx2_6,45.3415,3.4356,7.4196,9.2286,0.1851,13.1941,19.7874,0.409,,,0.0414,,Clinopyroxene,Stocketal2018
531,17MMSG40_cpx2_7,45.6703,3.3607,7.1746,9.1985,0.1607,13.2271,19.9396,0.3995,,,0.078,,Clinopyroxene,Stocketal2018
532,17MMSG40_cpx2_8,46.5172,3.1245,6.9049,9.2717,0.1916,13.5313,19.9232,0.4353,,,0.0823,,Clinopyroxene,Stocketal2018
533,17MMSG40_cpx2_9,47.8553,2.3476,5.8018,8.0366,0.1776,14.4516,20.2728,0.359,,,0.2837,,Clinopyroxene,Stocketal2018
534,17MMSG44_cpx8_1,47.1836,2.8831,6.0984,8.3399,0.1455,13.6645,20.5758,0.4071,,,0.2221,,Clinopyroxene,Stocketal2018
535,17MMSG44_cpx8_2,46.7359,2.876,6.3527,8.7706,0.1532,13.7055,20.3781,0.3634,,,0.1248,,Clinopyroxene,Stocketal2018
536,17MMSG44_cpx8_3,47.6486,2.4932,6.2831,8.2086,0.1811,14.3388,20.0712,0.3798,,,0.1676,,Clinopyroxene,Stocketal2018
537,17MMSG61_cpx3_1,51.1238,0.9978,3.0245,6.2303,0.1374,15.9304,21.3071,0.3168,,,0.2364,,Clinopyroxene,Stocketal2018
538,17MMSG61_cpx3_2,51.4945,1.0021,3.049,6.0833,0.0768,15.9808,21.3782,0.3099,,,0.192,,Clinopyroxene,Stocketal2018
539,17MMSG61_cpx3_3,51.0629,1.0382,3.1051,6.1786,0.1298,15.933,21.3278,0.3562,,,0.2023,,Clinopyroxene,Stocketal2018
540,17MMSG61_cpx3_4,50.3101,1.0218,3.2091,6.1482,0.1514,15.6416,20.9352,0.2979,,,0.2173,,Clinopyroxene,Stocketal2018
541,17MMSG61_cpx3_5,50.6685,1.0596,3.1628,5.9841,0.1522,15.8029,21.2249,0.2934,,,0.1936,,Clinopyroxene,Stocketal2018
542,17MMSG61_cpx3_6,50.6471,1.0201,3.0579,6.196,0.1424,15.5361,21.0343,0.3387,,,0.2328,,Clinopyroxene,Stocketal2018
543,17MMSG61_cpx3_7,51.3115,1.0096,2.9799,6.0589,0.1825,15.8613,21.4884,0.3433,,,0.1936,,Clinopyroxene,Stocketal2018
544,17MMSG61_cpx3_8,50.8838,1.0472,3.0275,6.139,0.1497,15.9185,21.1608,0.2893,,,0.2483,,Clinopyroxene,Stocketal2018
545,17MMSG61_cpx3_9,50.51,1.253,3.7027,6.2351,0.1247,15.517,21.2681,0.3145,,,0.3022,,Clinopyroxene,Stocketal2018
546,17MMSG61_cpx3_10,48.4954,2.2294,5.3901,7.6249,0.2322,14.2946,20.4479,0.3615,,,0.1908,,Clinopyroxene,Stocketal2018
547,17MMSG61_cpx4_1,51.1912,0.9968,2.9548,6.1157,0.1662,16.0579,21.3032,0.2954,,,0.2133,,Clinopyroxene,Stocketal2018
548,17MMSG61_cpx4_2,52.0281,0.9212,2.5602,6.1041,0.1568,16.258,21.1095,0.3111,,,0.1879,,Clinopyroxene,Stocketal2018
549,17MMSG61_cpx4_3,50.4451,1.1471,3.5105,6.4075,0.1316,15.6787,21.5376,0.2752,,,0.2659,,Clinopyroxene,Stocketal2018
550,17MMSG61_cpx4_4,50.6423,1.1606,3.5179,6.219,0.2085,15.6285,21.3501,0.3382,,,0.2771,,Clinopyroxene,Stocketal2018
551,17MMSG61_cpx4_5,50.9354,1.1874,3.6814,6.477,0.1554,15.6089,21.1927,0.3618,,,0.2668,,Clinopyroxene,Stocketal2018
552,17MMSG36_cpx3_1,49.4062,1.7271,4.0487,8.0086,0.0961,15.0566,20.1986,0.355,,,0.165,,Clinopyroxene,Stocketal2018
553,17MMSG36_cpx3_2,48.9676,1.9266,4.642,7.6951,0.1508,14.5822,21.0159,0.3267,,,0.1244,,Clinopyroxene,Stocketal2018
554,17MMSG36_cpx3_3,48.339,2.2945,5.1798,8.1497,0.1305,13.9957,20.9628,0.3746,,,0.0656,,Clinopyroxene,Stocketal2018
555,17MMSG36_cpx3_4,47.9746,2.3403,5.3563,8.4867,0.181,13.8379,20.8827,0.342,,,0.0221,,Clinopyroxene,Stocketal2018
556,17MMSG36_cpx3_5,49.1666,1.8778,4.5822,7.7618,0.1987,14.5062,20.9775,0.3239,,,0.1073,,Clinopyroxene,Stocketal2018
557,17MMSG36_cpx3_6,47.9215,2.3918,5.4947,8.3985,0.2168,13.8131,20.7885,0.4104,,,0.0691,,Clinopyroxene,Stocketal2018
558,17MMSG36_cpx3_7,49.2776,1.6878,4.3811,7.466,0.1696,14.8824,21.0277,0.3402,,,0.1406,,Clinopyroxene,Stocketal2018
559,17MMSG36_cpx3_8,48.0777,2.2127,5.4341,8.0912,0.1898,14.2539,20.6217,0.3602,,,0.2408,,Clinopyroxene,Stocketal2018
560,17MMSG36_cpx3_9,46.8194,2.8193,6.111,8.4488,0.1673,13.5967,20.8269,0.3706,,,0.0562,,Clinopyroxene,Stocketal2018
561,17MMSG36_cpx3_10,47.9082,2.4735,5.3687,8.3539,0.1233,13.7967,20.7518,0.3826,,,0.1158,,Clinopyroxene,Stocketal2018
562,17MMSG36_cpx3_11,48.0281,2.3071,5.4276,8.1853,0.1866,14.3013,20.4705,0.3562,,,0.1151,,Clinopyroxene,Stocketal2018
563,17MMSG36_cpx3_12,48.5012,2.1397,5.0426,7.7328,0.1363,14.4621,20.9311,0.3797,,,0.1054,,Clinopyroxene,Stocketal2018
564,17MMSG36_cpx3_13,48.5568,2.1483,5.0295,7.8915,0.1414,14.3399,20.9108,0.3402,,,0.1382,,Clinopyroxene,Stocketal2018
565,17MMSG36_cpx3_14,48.3664,2.3562,5.2844,8.2302,0.1774,14.1056,20.7194,0.3917,,,0.0604,,Clinopyroxene,Stocketal2018
566,17MMSG36_cpx3_15,48.8596,1.9604,4.7338,7.5989,0.1892,14.6531,20.6863,0.3493,,,0.1628,,Clinopyroxene,Stocketal2018
567,17MMSG44_cpx1_1,50.6103,1.2807,3.9132,6.1232,0.1638,15.4985,21.4476,0.3003,,,0.299,,Clinopyroxene,Stocketal2018
568,17MMSG44_cpx1_2,50.2902,1.2871,3.8194,6.3856,0.1341,15.5245,21.26,0.2985,,,0.2537,,Clinopyroxene,Stocketal2018
569,17MMSG44_cpx1_3,50.7059,1.0558,3.7427,5.6009,0.1761,15.7571,21.5673,0.3185,,,0.6614,,Clinopyroxene,Stocketal2018
570,17MMSG44_cpx1_4,50.9333,1.4993,2.9341,8.8727,0.2237,15.2251,19.7099,0.3304,,,0.0525,,Clinopyroxene,Stocketal2018
571,17MMSG44_cpx5a_1,49.8402,1.5144,3.2979,8.6444,0.1883,15.641,19.9506,0.3772,,,0.0206,,Clinopyroxene,Stocketal2018
572,17MMSG44_cpx5a_2,50.2029,1.4425,4.1565,6.7594,0.1212,15.5707,21.1395,0.3089,,,0.3069,,Clinopyroxene,Stocketal2018
573,17MMSG44_cpx5a_3,48.543,2.0387,5.4935,7.854,0.1834,14.6435,20.9197,0.3403,,,0.1055,,Clinopyroxene,Stocketal2018
574,17MMSG44_cpx5a_4,51.2341,1.3748,2.8947,8.2486,0.1793,16.4795,19.4196,0.2328,,,0.0552,,Clinopyroxene,Stocketal2018
575,17MMSG44_cpx5b_1,51.2779,1.0576,3.0835,5.9757,0.1513,16.0984,21.6401,0.3395,,,0.2278,,Clinopyroxene,Stocketal2018
576,17MMSG44_cpx5b_2,50.5492,1.5098,3.8082,7.6721,0.1796,15.9782,20.1689,0.3191,,,0.0694,,Clinopyroxene,Stocketal2018
577,17MMSG44_cpx5c_1,51.938,0.9759,2.845,6.1582,0.1544,16.327,21.4892,0.2909,,,0.1797,,Clinopyroxene,Stocketal2018
578,17MMSG44_cpx5c_2,50.756,1.3654,4.1679,6.581,0.1142,15.4954,21.315,0.3221,,,0.2955,,Clinopyroxene,Stocketal2018
579,17MMSG44_cpx5c_3,50.415,1.3585,4.0729,6.587,0.1354,15.51,21.3097,0.3047,,,0.3214,,Clinopyroxene,Stocketal2018
580,17MMSG44_cpx5c_4,50.6482,1.3714,4.0652,6.6102,0.1245,15.5699,21.4496,0.323,,,0.2886,,Clinopyroxene,Stocketal2018
581,17MMSG44_cpx5c_5,50.5138,1.343,3.9991,6.4329,0.0818,15.6518,21.5376,0.3605,,,0.2369,,Clinopyroxene,Stocketal2018
582,17MMSG44_cpx5c_6,47.9436,2.1863,5.9007,8.0312,0.1981,14.5364,20.6567,0.3443,,,0.1318,,Clinopyroxene,Stocketal2018
583,17MMSG44_cpx5c_7,48.2143,2.2254,5.7054,7.9981,0.1198,14.2849,20.9817,0.3313,,,0.0411,,Clinopyroxene,Stocketal2018
584,17MMSG44_cpx5c_8,51.481,0.9732,2.7656,6.1155,0.1401,16.2454,21.7622,0.3029,,,0.1879,,Clinopyroxene,Stocketal2018
585,17MMSG44_cpx5c_9,52.0263,0.9751,2.7605,6.0186,0.169,16.2658,21.5588,0.3354,,,0.1532,,Clinopyroxene,Stocketal2018
586,17MMSG44_cpx5c_10,51.4834,0.9845,2.8032,6.0827,0.1829,16.3074,21.5233,0.3349,,,0.253,,Clinopyroxene,Stocketal2018
587,17MMSG44_cpx5c_11,51.2133,0.9688,2.7927,5.9888,0.1965,16.2039,21.6068,0.3121,,,0.1622,,Clinopyroxene,Stocketal2018
588,17MMSG44_cpx5c_12,51.566,0.9752,2.7511,6.293,0.1073,16.2655,21.5017,0.3486,,,0.2056,,Clinopyroxene,Stocketal2018
589,17MMSG44_cpx5c_13,52.0278,0.9703,2.8066,6.1725,0.1454,16.2769,21.5196,0.3327,,,0.266,,Clinopyroxene,Stocketal2018
590,17MMSG44_cpx5c_14,51.9138,0.9722,2.8469,6.1165,0.1738,16.3142,21.4346,0.3196,,,0.1788,,Clinopyroxene,Stocketal2018
591,17MMSG44_cpx5c_15,50.6166,1.3724,4.1225,6.781,0.1288,15.5342,21.2023,0.3229,,,0.2649,,Clinopyroxene,Stocketal2018
592,17MMSG44_cpx6a_1,50.8863,1.0066,3.7856,5.3069,0.099,15.8384,21.7199,0.3311,,,0.7811,,Clinopyroxene,Stocketal2018
593,17MMSG44_cpx6a_2,50.7578,1.0126,3.7667,5.4812,0.0939,15.9109,21.6988,0.3292,,,0.7256,,Clinopyroxene,Stocketal2018
594,17MMSG44_cpx6a_3,50.6519,1.3568,4.0214,6.1901,0.194,15.5499,21.6075,0.3064,,,0.295,,Clinopyroxene,Stocketal2018
595,17MMSG44_cpx6a_4,50.1545,1.3401,3.9923,6.2985,0.0868,15.5218,21.562,0.3586,,,0.2309,,Clinopyroxene,Stocketal2018
596,17MMSG44_cpx6a_5,50.5897,1.3008,3.9176,6.3176,0.1649,15.5285,21.49,0.2755,,,0.2141,,Clinopyroxene,Stocketal2018
597,17MMSG44_cpx6a_6,51.2272,0.9995,3.655,5.5432,0.197,15.898,21.6469,0.3106,,,0.5678,,Clinopyroxene,Stocketal2018
598,17MMSG44_cpx6a_7,51.0067,1.0292,3.7764,5.4556,0.1444,15.8654,21.7438,0.285,,,0.56,,Clinopyroxene,Stocketal2018
599,17MMSG44_cpx6b_1,51.4932,1.0381,3.0974,6.0224,0.1492,16.133,21.5553,0.3157,,,0.2155,,Clinopyroxene,Stocketal2018
600,CL09MB009 C2 ep 20,37.38,0.01,21.29,15.350705033994512,0.29,0.06,23.19,0.0,0.0,,,,Epidote,Bakeretal2020
601,CL09MB009 C1 ep 19,37.55,0.03,22.51,13.470618684554143,0.55,0.02,22.97,0.03,0.02,,,,Epidote,Bakeretal2020
602,CL09MB010 C5 ep 26,37.59,0.02,21.72,14.530667370940732,0.2,0.01,23.3,0.01,0.02,,,,Epidote,Bakeretal2020
603,CL09MB010 C4 ep 25,36.61,0.0,19.84,16.240745912187027,0.32,0.07,22.92,0.03,0.01,,,,Epidote,Bakeretal2020
604,CL09MB010 C2 ep 24,39.08,0.02,23.24,11.630534172335908,1.65,0.04,20.78,0.42,0.04,,,,Epidote,Bakeretal2020
605,CL09MB011 C5 ep 13,37.06,0.08,22.72,13.49061960316521,0.48,0.05,23.3,0.03,0.0,,,,Epidote,Bakeretal2020
606,CL09MB011 C1 ep 1,37.01,0.19,22.57,13.3106113356656,0.61,0.0,23.14,0.0,0.01,,,,Epidote,Bakeretal2020
607,CL09MB011 C2 ep 2,37.46,0.05,24.14,11.470526823447363,0.85,0.08,23.0,0.0,0.03,,,,Epidote,Bakeretal2020
608,CL09MB011 C3 ep 6,37.37,0.07,22.62,13.330612254276668,0.86,0.02,22.92,0.02,0.0,,,,Epidote,Bakeretal2020
609,CL09MB012 C1 ep 14,37.31,0.05,20.35,16.170742697048293,0.15,0.04,23.17,0.0,0.0,,,,Epidote,Bakeretal2020
610,CL09MB012 C2 ep 21,37.42,0.11,22.85,13.250608579832395,0.24,0.06,23.01,0.0,0.08,,,,Epidote,Bakeretal2020
611,CL09MB013 C2 ep 30,37.29,0.06,22.91,13.370614091498805,0.07,0.0,23.29,0.0,0.0,,,,Epidote,Bakeretal2020
612,CL09MB013 C1 ep 26,37.3,0.02,22.21,14.500665993024134,0.11,0.03,23.3,0.0,0.01,,,,Epidote,Bakeretal2020
613,CL09MB013 C3 ep 31,37.93,0.04,23.72,11.71053784678018,0.24,0.05,22.85,0.14,0.04,,,,Epidote,Bakeretal2020
614,CL09MB014 C5 ep 46,37.53,0.04,23.75,12.200560352751337,0.26,0.02,23.41,0.03,0.02,,,,Epidote,Bakeretal2020
615,CL09MB014 C2 ep 41,37.75,0.11,23.8,12.46057229469522,0.35,0.09,22.94,0.0,0.04,,,,Epidote,Bakeretal2020
616,CL09MB014 C4 ep 45,37.58,0.06,23.71,12.370568160945414,0.45,0.03,23.0,0.01,0.0,,,,Epidote,Bakeretal2020
617,CL09MB014 C3 ep 44,37.26,0.04,22.92,13.540621899692878,0.63,0.08,22.79,0.03,0.01,,,,Epidote,Bakeretal2020
618,CL09MB014 C1 ep 38,37.33,0.02,22.56,13.870637056775497,0.69,0.52,22.08,0.0,0.01,,,,Epidote,Bakeretal2020
619,CL09MB015 C2 ep 52,37.1,0.03,21.74,14.550668289551805,0.19,0.03,23.05,0.01,0.0,,,,Epidote,Bakeretal2020
620,CL09MB015 C1 ep 47,37.08,0.03,21.94,14.08064670219171,0.24,0.02,23.36,0.02,0.01,,,,Epidote,Bakeretal2020
621,CL09MB015 C4 ep 56,36.65,0.05,19.67,16.570761069269647,0.46,0.05,22.83,0.02,0.0,,,,Epidote,Bakeretal2020
622,CL09MB021-3 ep1,37.01,0.06,21.23,14.98068803968976,0.24,0.07,23.07,0.0,0.0,,,,Epidote,Bakeretal2020
623,CL09MB021-4 ep2,37.5,0.12,20.98,15.34070457468898,0.26,0.04,22.93,0.03,0.0,,,,Epidote,Bakeretal2020
624,CL09MB021-2 ep1,37.33,0.02,20.06,16.000734888854215,0.31,0.04,22.79,0.06,0.02,,,,Epidote,Bakeretal2020
625,CL09MB021-4 ep1,35.44,0.09,20.64,13.680628329970354,0.38,0.01,21.89,0.1,0.05,,,,Epidote,Bakeretal2020
626,CL09MB021-1 ep1,36.91,0.07,21.48,14.740677016356944,0.42,0.05,22.9,0.0,0.0,,,,Epidote,Bakeretal2020
627,CL09MB022-2 ep1,37.85,0.11,24.28,11.290518555947756,0.11,0.0,23.44,0.02,0.01,,,,Epidote,Bakeretal2020
628,CL09MB022-5 ep1,36.99,0.19,22.78,13.100601690249388,0.13,0.0,23.34,0.01,0.01,,,,Epidote,Bakeretal2020
629,CL09MB022-3 ep1,36.98,0.02,24.93,10.860498805809796,0.19,0.03,23.47,0.01,0.0,,,,Epidote,Bakeretal2020
630,CL09MB022-1 ep1,37.34,0.09,25.02,10.55048456733825,0.21,0.0,23.54,0.02,0.02,,,,Epidote,Bakeretal2020
631,CL09MB022-4 ep1,37.65,0.01,25.47,10.17046711372796,0.53,0.01,23.12,0.0,0.0,,,,Epidote,Bakeretal2020
632,CL09MB022-1 ep2,37.25,0.03,23.6,12.240562189973476,0.56,0.0,22.69,0.04,0.02,,,,Epidote,Bakeretal2020
633,CL09MB026-1 ep1,37.17,0.0,23.72,12.36056770163988,0.1,0.0,23.15,0.0,0.0,,,,Epidote,Bakeretal2020
634,CL09MB026-2 ep1,37.36,0.04,22.75,13.170604905388126,0.14,0.0,23.24,0.01,0.01,,,,Epidote,Bakeretal2020
635,CL09MB026-3 ep1,37.46,0.02,22.8,13.350613172887735,0.22,0.01,23.3,0.02,0.03,,,,Epidote,Bakeretal2020
636,CL09MB026-4 ep1,37.56,0.0,24.33,11.69053692816911,0.35,0.0,23.18,0.0,0.0,,,,Epidote,Bakeretal2020
637,CL09MB026-5 ep1,37.69,0.03,24.95,10.770494672059996,0.6,0.0,23.23,0.0,0.01,,,,Epidote,Bakeretal2020
638,CL09MB027-1 ep1,36.96,0.04,21.5,14.270655428996852,0.11,0.01,23.01,0.04,0.0,,,,Epidote,Bakeretal2020
639,CL09MB027-4 ep1,37.38,0.05,22.5,13.400615469415406,0.14,0.03,23.2,0.02,0.0,,,,Epidote,Bakeretal2020
640,CL09MB027-5 ep1,37.85,0.05,22.64,13.090601230943856,0.2,0.04,22.61,0.03,0.02,,,,Epidote,Bakeretal2020
641,CL09MB027-2 ep1,37.14,0.07,23.63,12.260563108584542,0.22,0.15,23.16,0.0,0.01,,,,Epidote,Bakeretal2020
642,CL09MB027-3 ep1,37.83,0.07,23.9,11.87054519566872,0.38,0.0,22.79,0.05,0.01,,,,Epidote,Bakeretal2020
643,CL09MB036 C4 ep 7,37.19,0.02,20.44,15.360705493300046,0.65,0.06,22.99,0.0,0.01,,,,Epidote,Bakeretal2020
644,CL09MB036 C1 ep 4,37.48,0.04,20.88,14.86068252802335,0.67,0.0,23.21,0.0,0.0,,,,Epidote,Bakeretal2020
645,CL09MB036 C5 ep 8,37.03,0.04,21.19,15.230699522328106,0.88,0.01,22.76,0.0,0.0,,,,Epidote,Bakeretal2020
646,CL09MB036 C3 ep 6,37.24,0.04,21.66,13.56062281830395,1.44,0.05,22.48,0.0,0.01,,,,Epidote,Bakeretal2020
647,CL09MB036 C2 ep 5,36.89,0.02,21.21,13.730630626498025,1.67,0.06,22.34,0.03,0.0,,,,Epidote,Bakeretal2020
648,CL09MB057 C2 ep 9,37.25,0.02,24.05,11.380522689697562,0.06,0.0,23.69,0.02,0.01,,,,Epidote,Bakeretal2020
649,CL09MB057 C3 ep 10,36.87,0.08,21.5,14.710675638440346,0.08,0.0,22.77,0.03,0.02,,,,Epidote,Bakeretal2020
650,CL09MB057 C1 ep 8,36.83,0.03,20.94,15.230699522328106,0.18,0.0,22.76,0.04,0.0,,,,Epidote,Bakeretal2020
651,CL09MB058 C4 ep 18,37.03,0.0,19.27,17.260792761351485,0.03,0.0,23.18,0.0,0.01,,,,Epidote,Bakeretal2020
652,CL09MB058 C1 ep 12,36.88,0.04,21.15,15.440709167744318,0.07,0.01,23.02,0.02,0.02,,,,Epidote,Bakeretal2020
653,CL09MB058 C3 ep 16,36.85,0.0,20.29,16.07073810399295,0.09,0.0,23.18,0.09,0.01,,,,Epidote,Bakeretal2020
654,CL09MB058 C2 ep 14,36.97,0.0,24.83,10.63048824178252,0.26,0.01,23.17,0.04,0.0,,,,Epidote,Bakeretal2020
655,CL09MB059 C3 ep 24,37.42,0.1,22.56,13.49061960316521,0.81,0.15,21.67,0.0,0.26,,,,Epidote,Bakeretal2020
656,CL09MB059 C2 ep 23,37.58,0.09,23.7,12.420570457473085,0.97,0.36,21.0,0.0,0.38,,,,Epidote,Bakeretal2020
657,CL09MB060 C2 ep 3,37.07,0.14,22.55,13.420616388026472,0.18,0.0,23.12,0.0,0.0,,,,Epidote,Bakeretal2020
658,CL09MB060 C4 ep 7,36.79,0.0,22.23,13.950640731219767,0.19,0.0,22.84,0.02,0.01,,,,Epidote,Bakeretal2020
659,CL09MB060 C1 ep 1,36.67,0.01,21.13,14.840681609412282,0.41,0.0,22.72,0.01,0.0,,,,Epidote,Bakeretal2020
660,CL09MB060 C3 ep 5,36.86,0.0,22.18,13.44061730663754,0.47,0.03,23.16,0.04,0.0,,,,Epidote,Bakeretal2020
661,CL09MB061 C3 ep 10,36.75,0.03,22.34,13.67062787066482,0.08,0.02,23.05,0.06,0.01,,,,Epidote,Bakeretal2020
662,CL09MB061 C2 ep 9,37.62,0.03,23.66,12.720584236639102,0.3,0.0,22.88,0.03,0.01,,,,Epidote,Bakeretal2020
663,CL09MB061 C4 ep 11,37.2,0.02,23.9,11.850544277057653,0.45,0.01,22.78,0.02,0.02,,,,Epidote,Bakeretal2020
664,CL09MB061 C1 ep 8,37.04,0.03,22.68,13.850636138164427,0.67,0.0,22.54,0.05,0.01,,,,Epidote,Bakeretal2020
665,CL09MB062 C1 ep 12,36.44,0.07,20.32,15.710721568993735,0.29,0.0,22.23,0.02,0.0,,,,Epidote,Bakeretal2020
666,CL09MB062 C2 ep 16,37.03,0.03,21.1,15.06069171413403,0.44,0.0,22.74,0.0,0.01,,,,Epidote,Bakeretal2020
667,CL09MB062 C4 ep 21,36.87,0.08,22.32,12.92059342274978,0.47,0.0,22.09,0.0,0.03,,,,Epidote,Bakeretal2020
668,CL09MB062 C3 ep 20,36.9,0.03,19.8,16.42075417968664,0.57,0.01,22.35,0.0,0.02,,,,Epidote,Bakeretal2020
669,CL09MB063 C2 ep 23,36.79,0.09,23.45,12.980596178582983,0.46,0.1,22.05,0.0,0.14,,,,Epidote,Bakeretal2020
670,CL09MB063 C3 ep 24,37.34,0.07,23.77,11.770540602613382,0.46,0.06,22.73,0.0,0.07,,,,Epidote,Bakeretal2020
671,CL09MB064 C4 ep 32,37.19,0.0,21.58,14.600670586079472,0.15,0.0,23.04,0.0,0.02,,,,Epidote,Bakeretal2020
672,CL09MB064 C3 ep 31,36.78,0.02,20.94,14.550668289551805,0.3,0.0,22.55,0.01,0.0,,,,Epidote,Bakeretal2020
673,CL09MB065 C2 ep 3,37.09,0.06,21.73,14.360659562746656,0.4,0.0,22.82,0.12,0.0,,,,Epidote,Bakeretal2020
674,CL09MB101 C1 ep 15,37.24,0.11,22.68,12.95059480066638,0.16,0.07,23.04,0.05,0.0,,,,Epidote,Bakeretal2020
675,CL09MB101 C3 ep 17,37.28,0.08,21.26,14.810680231495684,0.22,0.01,22.97,0.03,0.0,,,,Epidote,Bakeretal2020
676,CL09MB101 C2 ep 16,37.17,0.04,23.09,12.840589748305508,0.38,0.02,22.82,0.06,0.01,,,,Epidote,Bakeretal2020
677,CL09MB102 C3 ep 20,37.1,0.05,19.69,16.430754638992173,0.13,0.07,23.12,0.01,0.0,,,,Epidote,Bakeretal2020
678,CL09MB102 C2 ep 19,37.31,0.23,20.39,15.970733510937611,0.16,0.06,22.79,0.01,0.0,,,,Epidote,Bakeretal2020
679,CL09MB102 C1 ep 18,37.01,0.03,21.09,14.900684365245487,0.35,0.1,22.85,0.01,0.0,,,,Epidote,Bakeretal2020
680,CL09MB102 C4 ep 21,37.36,0.06,22.65,13.320611794971134,0.41,0.17,22.89,0.01,0.03,,,,Epidote,Bakeretal2020
681,CL09MB118 C2 ep 4,36.45,0.11,21.48,14.380660481357726,1.08,0.14,22.26,0.02,0.0,,,,Epidote,Bakeretal2020
682,CL09MB118 C1 ep 3,36.33,0.04,21.8,14.540667830246267,1.57,0.01,21.99,0.0,0.04,,,,Epidote,Bakeretal2020
683,CL09MB119 C3 ep 13,36.06,0.0,19.59,17.110785871768474,0.14,0.0,22.79,0.01,0.0,,,,Epidote,Bakeretal2020
684,CL09MB119 C1 ep 5,36.08,0.02,21.5,14.720676097745878,0.29,0.06,23.11,0.04,0.04,,,,Epidote,Bakeretal2020
685,CL09MB119 C2 ep 9,35.81,0.01,21.3,14.760677934968015,0.4,0.03,23.01,0.0,0.0,,,,Epidote,Bakeretal2020
686,CL09MB121 C2 ep 19,35.92,0.09,19.72,16.400753261075568,0.15,0.0,22.9,0.02,0.02,,,,Epidote,Bakeretal2020
687,CL09MB028-1 ep1,36.17,0.12,21.57,15.140695388578305,0.42,0.0,22.5,0.0,0.02,,,,Epidote,Bakeretal2020
688,CL09MB028-5 ep1,36.77,0.04,23.1,13.72063016719249,0.45,0.0,22.29,0.08,0.0,,,,Epidote,Bakeretal2020
689,CL09MB028-3 ep1,37.09,0.02,22.33,13.83063521955336,0.53,0.02,22.82,0.03,0.0,,,,Epidote,Bakeretal2020
690,CL09MB028-2 ep1,37.54,0.02,22.47,13.330612254276668,0.72,0.19,22.33,0.04,0.01,,,,Epidote,Bakeretal2020
691,CL09MB029-1 ep1,37.66,0.1,24.19,11.520529119975034,0.12,0.0,23.55,0.04,0.02,,,,Epidote,Bakeretal2020
692,CL09MB029-3 ep1,37.56,0.01,20.75,15.430708708438782,0.12,0.03,23.09,0.05,0.0,,,,Epidote,Bakeretal2020
693,CL09MB029-5 ep1,36.91,0.17,20.48,15.460710086355386,0.22,0.07,23.12,0.03,0.03,,,,Epidote,Bakeretal2020
694,CL09MB029-2 ep1,37.22,0.02,20.16,15.750723406215869,0.32,0.17,23.15,0.02,0.0,,,,Epidote,Bakeretal2020
695,CL09MB029-4 ep2,37.42,0.11,23.03,12.530575509833955,0.38,0.0,23.19,0.02,0.04,,,,Epidote,Bakeretal2020
696,CL09MB029-4 ep1,37.0,0.02,20.65,15.490711464271987,0.45,0.07,22.46,0.02,0.18,,,,Epidote,Bakeretal2020
697,CL09MB031 C4 ep 23,37.67,0.01,25.72,9.830451497339808,0.13,0.02,23.76,0.03,0.0,,,,Epidote,Bakeretal2020
698,CL09MB031 C5 ep 25,37.78,0.1,22.24,13.70062924858142,0.15,0.09,22.93,0.0,0.0,,,,Epidote,Bakeretal2020
699,CL09MB031 C2 ep 21,38.13,0.07,24.14,11.360521771086493,0.48,0.05,23.11,0.1,0.01,,,,Epidote,Bakeretal2020
700,Lw-Ec_GR1_core,38.52,0.04,21.84,27.069997734366467,1.49,5.58,5.82,0.03,0.0,,0.0,,Garnet,Usuietal2006
701,Lw-Ec_GR1_rim,38.84,0.02,21.82,27.81,0.81,5.51,6.2,0.0,0.0,,0.01,,Garnet,Usuietal2006
702,Lw-Ec_GR1_reaction rim,40.08,0.05,22.83,20.589952843122088,0.21,12.56,4.1,0.0,0.0,,0.03,,Garnet,Usuietal2006
703,Zo-Ec_MR4_core,39.12,0.73,21.0,26.39,2.09,4.98,5.97,0.08,0.0,,0.07,,Garnet,Usuietal2006
704,Zo-Ec_MR4_rim,39.84,0.06,22.54,25.27,0.78,7.74,4.97,0.03,0.0,,0.03,,Garnet,Usuietal2006
705,Zo-Ec_MR4_reaction rim,40.74,0.11,22.95,18.62,0.37,10.72,7.31,0.01,0.0,,0.01,,Garnet,Usuietal2006
706,Zo-Ec_MR7_core,38.08,0.06,20.79,29.47998386043608,1.44,3.28,6.89,0.03,0.0,,0.05,,Garnet,Usuietal2006
707,Zo-Ec_MR7_rim,37.78,0.0,21.49,28.979941350487447,0.5,2.84,8.73,0.0,0.01,,0.02,,Garnet,Usuietal2006
708,Zo-Ec_MR19_core,38.01,0.06,20.92,27.89996213272524,3.43,2.09,8.31,0.03,0.0,,0.02,,Garnet,Usuietal2006
709,Zo-Ec_MR19_rim,38.35,0.05,21.44,29.64,0.65,3.98,6.2,0.07,0.01,,0.01,,Garnet,Usuietal2006
710,Zo-Ec_MR19_reaction rim,39.93,0.0,22.48,21.88,0.48,10.43,5.08,0.01,0.0,,0.03,,Garnet,Usuietal2006
711,Jd-Cl_MR3B_core,37.9,0.09,20.72,31.44,1.38,2.98,4.81,0.01,0.0,,0.06,,Garnet,Usuietal2006
712,Jd-Cl_MR3B_rim,38.77,0.0,21.61,29.93,0.1,5.72,3.8,0.0,0.0,,0.05,,Garnet,Usuietal2006
713,Jd-Cl_MR26_rim,38.21,0.0,21.59,29.24,0.79,4.55,5.36,0.03,0.02,,0.03,,Garnet,Usuietal2006
714,FRB1318_7/2,40.6,1.08,21.4,13.799732073354429,0.36,17.8,4.39,0.15,,,0.08,,Garnet,Pokhilenko2009
715,FRB1319_1/1,41.7,1.18,21.6,11.69985467364781,0.28,19.2,4.24,0.16,,,0.11,,Garnet,Pokhilenko2009
716,FRB1320_15/2,41.4,1.11,20.2,9.449840570576356,0.28,20.5,4.15,0.11,,,2.0,,Garnet,Pokhilenko2009
717,FRB1321_2/1,42.1,1.25,20.7,8.569849969418813,0.25,21.4,4.25,0.12,,,1.44,,Garnet,Pokhilenko2009
718,FRB1322_10/2(R),42.5,0.77,21.9,8.329845302201644,0.21,21.9,3.81,0.13,,,0.85,,Garnet,Pokhilenko2009
719,FRB1323_10/3(C),42.1,0.39,20.2,6.609888264052441,0.26,21.7,4.74,0.04,,,3.21,,Garnet,Pokhilenko2009
720,FRB1324_5/2,42.2,0.04,20.2,6.659844025598025,0.21,22.0,4.59,0.02,,,2.86,,Garnet,Pokhilenko2009
721,FRB1325_3/3,41.6,0.51,17.4,6.449829894010987,0.28,21.0,5.79,0.07,,,6.06,,Garnet,Pokhilenko2009
722,FRB1326_6/2,39.6,0.16,13.0,6.059805940378308,0.36,16.3,10.9,0.0,,,11.9,,Garnet,Pokhilenko2009
723,FRB1327_20/1,42.3,0.0,18.4,6.179962463961176,0.26,22.5,3.44,0.0,,,5.54,,Garnet,Pokhilenko2009
724,FRB1328_4/2,42.0,0.02,19.8,5.749852594630374,0.25,22.8,3.96,0.0,,,4.02,,Garnet,Pokhilenko2009
725,FRB1329_14/1,40.5,0.52,22.0,17.399859105926208,0.32,13.4,6.03,0.21,,,0.07,,Garnet,Pokhilenko2009
726,FRB1331_23/1,42.5,0.63,21.3,7.329860548674995,0.24,22.3,3.72,0.15,,,1.26,,Garnet,Pokhilenko2009
727,S-2_6-1,42.0,0.93,21.4,12.399894443061685,0.44,18.5,4.37,0.15,,,0.13,,Garnet,Pokhilenko2009
728,S-3_4-3,41.3,0.64,20.3,10.199866910809138,0.49,17.2,7.36,0.11,,,2.24,,Garnet,Pokhilenko2009
729,S-4_5-2,42.2,0.3,20.8,8.609904833177914,0.33,20.8,4.24,0.05,,,2.57,,Garnet,Pokhilenko2009
730,S-5_4-2,41.8,0.46,18.8,7.299911491998186,0.35,21.1,4.48,0.06,,,5.33,,Garnet,Pokhilenko2009
731,S-6_7-2,41.9,0.08,18.8,7.519865719089619,0.35,20.6,5.37,0.01,,,5.24,,Garnet,Pokhilenko2009
732,S-7_7-2,41.7,0.47,18.6,9.229933703557071,0.4,18.6,6.08,0.08,,,5.12,,Garnet,Pokhilenko2009
733,S-9_7-1,42.2,0.95,21.0,11.199841273868428,0.37,19.7,4.31,0.15,,,0.64,,Garnet,Pokhilenko2009
734,Grt1_634,40.96,0.13,15.55,7.699911677108743,0.47,17.76,7.92,0.0,,,10.28,,Garnet,Karginetal2016
735,Grt1_634,40.5,0.13,15.38,7.759885878942116,0.44,17.58,7.92,0.0,,,10.32,,Garnet,Karginetal2016
736,Grt1_634,40.68,0.14,15.76,7.67993392420377,0.46,17.62,7.71,0.0,,,9.79,,Garnet,Karginetal2016
737,Grt1_634,40.34,0.14,15.35,7.68992425870718,0.46,17.34,7.85,0.0,,,10.13,,Garnet,Karginetal2016
738,Grt1_634,40.32,0.15,15.34,7.549892240606882,0.4,17.61,7.87,0.0,,,10.18,,Garnet,Karginetal2016
739,Grt1_634,40.31,0.16,15.27,7.599927918775038,0.44,17.4,7.81,0.0,,,10.2,,Garnet,Karginetal2016
740,Grt1_634,40.39,0.16,15.95,8.279874550716004,0.44,17.66,7.41,0.0,,,9.35,,Garnet,Karginetal2016
741,Grt1_634,40.45,0.19,16.04,7.93992412952916,0.48,17.59,7.43,0.0,,,9.43,,Garnet,Karginetal2016
742,Grt1_634,41.04,0.17,16.42,8.769930865038171,0.54,17.51,7.33,0.0,,,8.95,,Garnet,Karginetal2016
743,Grt1_634,40.67,0.21,15.83,8.509941941294421,0.43,17.27,7.55,0.0,,,9.63,,Garnet,Karginetal2016
744,Grt1_634,40.32,0.27,15.94,8.409931207632068,0.43,17.34,7.33,0.0,,,9.19,,Garnet,Karginetal2016
745,Grt2_634,40.31,0.76,16.56,9.359869448576386,0.51,17.36,6.99,0.09,,,7.02,,Garnet,Karginetal2016
746,Grt2_634,41.14,0.64,18.93,9.5799055183488,0.4,18.43,6.15,0.0,,,4.8,,Garnet,Karginetal2016
747,Grt2_634,42.15,0.69,19.79,9.739885982360589,0.47,19.03,5.94,0.09,,,4.04,,Garnet,Karginetal2016
748,Grt2_634,41.18,0.73,18.46,9.739864669384737,0.48,18.3,6.31,0.07,,,5.24,,Garnet,Karginetal2016
749,Grt2_634,41.21,0.76,18.7,9.56986479571552,0.44,18.3,6.45,0.09,,,5.01,,Garnet,Karginetal2016
750,Grt2_634,40.48,0.77,17.19,9.029856392993308,0.51,17.63,7.14,0.09,,,6.82,,Garnet,Karginetal2016
751,Grt2_634,40.79,0.78,18.12,9.41994805535588,0.46,17.68,6.71,0.0,,,5.34,,Garnet,Karginetal2016
752,Grt2_634,40.46,0.8,17.25,8.929909224929304,0.45,17.68,7.11,0.0,,,6.52,,Garnet,Karginetal2016
753,Grt2_634,40.21,0.8,17.58,9.7398951985006,0.44,17.2,7.03,0.0,,,5.48,,Garnet,Karginetal2016
754,Grt2_634,40.6,0.82,16.93,9.419881375081433,0.46,17.55,7.01,0.07,,,6.61,,Garnet,Karginetal2016
755,Grt1_693,40.27,0.69,13.74,6.9299576320109555,0.43,18.38,7.08,0.0,,,11.88,,Garnet,Karginetal2016
756,Grt1_693,40.04,0.65,13.61,6.869938261954101,0.4,18.2,7.02,0.08,,,11.99,,Garnet,Karginetal2016
757,Grt1_693,39.85,0.7,13.65,7.019922322012969,0.48,18.17,6.9,0.07,,,11.75,,Garnet,Karginetal2016
758,Grt1_693,40.1,0.71,13.56,6.839927507701672,0.45,18.19,7.2,0.08,,,12.12,,Garnet,Karginetal2016
759,Grt1_693,40.18,0.63,13.58,6.9099257804680025,0.46,18.23,7.15,0.07,,,11.92,,Garnet,Karginetal2016
760,Grt1_693,39.77,0.69,13.46,7.029915103125203,0.41,18.21,7.12,0.0,,,11.87,,Garnet,Karginetal2016
761,Grt1_693,40.04,0.69,13.73,6.939948979745715,0.39,18.2,6.99,0.06,,,11.61,,Garnet,Karginetal2016
762,Grt2_693,41.11,0.67,18.55,8.429892205064178,0.35,20.69,4.04,0.0,,,6.05,,Garnet,Karginetal2016
763,Grt2_693,40.95,0.68,17.75,7.789923027452592,0.51,19.82,5.24,0.0,,,7.15,,Garnet,Karginetal2016
764,Grt2_693,40.98,0.78,17.34,7.579948200706733,0.37,19.35,6.07,0.0,,,7.34,,Garnet,Karginetal2016
765,Grt2_693,41.14,0.94,17.39,8.819892166584738,0.31,18.89,6.2,0.08,,,6.43,,Garnet,Karginetal2016
766,Grt1_503,41.55,0.0,20.47,8.08,0.48,20.03,4.21,0.0,,,4.54,,Garnet,Karginetal2016
767,Grt1_503,41.78,0.0,20.55,8.009996193911027,0.57,20.17,4.26,0.0,,,4.35,,Garnet,Karginetal2016
768,Grt1_503,42.07,0.06,20.53,8.09,0.49,20.23,4.3,0.0,,,4.56,,Garnet,Karginetal2016
769,Grt1_503,41.65,0.0,20.52,8.179962025717673,0.49,20.21,4.28,0.0,,,4.51,,Garnet,Karginetal2016
770,Grt1_503,41.98,0.07,20.38,8.079990319800073,0.57,20.29,4.32,0.0,,,4.72,,Garnet,Karginetal2016
771,Grt1_503,41.87,0.0,20.53,8.08998920690076,0.56,20.18,4.33,0.0,,,4.53,,Garnet,Karginetal2016
772,Grt1_503,41.79,0.0,21.24,7.949989679018779,0.51,20.59,3.83,0.0,,,3.28,,Garnet,Karginetal2016
773,Grt1_503,42.0,0.0,20.96,8.109993947426288,0.46,20.43,4.13,0.0,,,4.12,,Garnet,Karginetal2016
774,Grt1_503,41.95,0.0,20.92,8.059999333905573,0.51,20.33,4.18,0.0,,,4.05,,Garnet,Karginetal2016
775,Grt1_503,41.93,0.0,20.41,8.209975382884224,0.52,20.21,4.39,0.0,,,4.74,,Garnet,Karginetal2016
776,Grt1_503,41.63,0.0,20.51,7.989993458900049,0.51,20.13,4.26,0.0,,,4.58,,Garnet,Karginetal2016
777,Grt1_503,41.49,0.0,20.49,7.989969293461542,0.5,20.17,4.27,0.0,,,4.48,,Garnet,Karginetal2016
778,Grt1_503,41.72,0.0,20.63,7.98,0.52,20.11,4.2,0.0,,,4.32,,Garnet,Karginetal2016
779,Grt1_503,41.44,0.0,20.09,8.049982691123423,0.48,19.96,4.38,0.0,,,4.69,,Garnet,Karginetal2016
780,Grt1_503,41.17,0.0,20.23,7.95,0.48,19.87,4.19,0.0,,,4.47,,Garnet,Karginetal2016
781,Grt1_503,41.33,0.07,20.06,7.91,0.51,19.93,4.24,0.0,,,4.57,,Garnet,Karginetal2016
782,Grt1_508,41.14288,0.0,20.30018,8.416109005099264,0.5007356,18.72677,5.833868,0.0,,,4.241869,,Garnet,Karginetal2016
783,Grt1_508,40.8475,0.0,19.70774,8.705048313440695,0.3968641,18.2014,6.205826,0.0,,,4.868659,,Garnet,Karginetal2016
784,Grt1_508,40.67751,0.0,19.82537,8.786784608587487,0.5909145,17.92959,6.046395,0.1305223,,,4.507897,,Garnet,Karginetal2016
785,Grt1_508,41.08751,0.0,19.99677,8.665909794919905,0.4256009,18.43045,6.049903,0.1218233,,,4.510506,,Garnet,Karginetal2016
786,Grt1_508,40.88085,0.09995788,19.75868,8.49568127868644,0.4822514,18.29941,6.141971,0.0,,,4.781261,,Garnet,Karginetal2016
787,Grt1_508,41.21798,0.0,19.91981,8.555026725332407,0.4081536,18.33118,6.309853,0.1323691,,,4.851593,,Garnet,Karginetal2016
788,Grt1_508,41.32765,0.0,20.10176,8.755894145733441,0.6513846,18.03576,6.207838,0.0,,,4.779729,,Garnet,Karginetal2016
789,Grt2_508,41.41749,0.0,20.40817,9.078018286427207,0.5464801,18.59891,5.697447,0.0,,,3.817206,,Garnet,Karginetal2016
790,Grt2_508,41.43782,0.0,20.85869,8.906701395431767,0.5852855,18.82019,5.674374,0.1321245,,,3.616365,,Garnet,Karginetal2016
791,Grt2_508,41.05703,0.0,20.58625,8.520226753268952,0.5438336,18.76676,5.660985,0.1194675,,,3.812032,,Garnet,Karginetal2016
792,Grt2_508,41.375,0.0,21.25116,9.113321928139587,0.4929622,18.89399,5.642616,0.1510311,,,3.115326,,Garnet,Karginetal2016
793,Grt2_508,41.20589,0.0,20.76483,9.170443279720528,0.5661715,18.67738,5.521972,0.0,,,3.767284,,Garnet,Karginetal2016
794,Grt1_698,41.13,0.13,20.2,7.949936524318661,0.47,19.93,4.67,0.0,,,4.41,,Garnet,Karginetal2016
795,Grt1_698,41.23,0.16,19.81,7.979957499922799,0.44,19.83,4.76,0.0,,,5.04,,Garnet,Karginetal2016
796,Grt1_698,41.48,0.17,19.87,7.949968381277225,0.46,19.94,4.77,0.0,,,5.0,,Garnet,Karginetal2016
797,Grt1_698,41.68,0.15,20.17,8.019924623016596,0.43,20.23,4.85,0.0,,,4.9,,Garnet,Karginetal2016
798,Grt1_698,41.34,0.16,20.45,8.049936882432444,0.43,20.18,4.49,0.0,,,4.33,,Garnet,Karginetal2016
799,Grt1_698,41.34,0.18,20.33,8.029929500399524,0.48,20.2,4.51,0.0,,,4.32,,Garnet,Karginetal2016
800,,0.396,0.026,0.218,86.97928381122826,,0.016,0.096,,0.003,0.145,,,Hematite,deSouzaetal2019
801,,0.519,0.063,0.415,87.03727799963416,,,0.084,0.041,0.011,0.143,,,Hematite,deSouzaetal2019
802,,0.395,0.071,0.757,86.37434443216686,0.031,0.013,0.109,,0.002,0.176,,,Hematite,deSouzaetal2019
803,,0.378,0.151,0.35,86.85629613581578,,0.01,0.102,,0.007,0.109,,,Hematite,deSouzaetal2019
804,,0.42,0.028,0.324,87.15726597564633,,0.011,0.131,,0.004,0.104,,,Hematite,deSouzaetal2019
805,,0.325,0.049,0.281,86.55832599538553,0.037,0.029,0.192,,0.017,0.149,,,Hematite,deSouzaetal2019
806,,0.487,0.073,0.292,86.34934693716433,0.002,0.006,0.236,0.003,0.017,0.18,,,Hematite,deSouzaetal2019
807,,1.809,0.029,0.366,85.98838310932769,0.046,0.031,0.273,,0.013,0.124,,,Hematite,deSouzaetal2019
808,,0.434,,0.402,86.82829894141295,0.028,0.025,0.163,,0.003,0.109,,,Hematite,deSouzaetal2019
809,,0.493,0.098,0.667,86.22535936195175,0.049,0.001,0.131,0.014,0.02,0.086,,,Hematite,deSouzaetal2019
810,,1.497,0.059,0.29,85.50543150587868,0.037,0.018,0.235,,0.007,0.098,,,Hematite,deSouzaetal2019
811,,0.782,0.028,0.302,86.80430134621051,,0.01,0.08,,0.005,0.101,,,Hematite,deSouzaetal2019
812,,0.267,0.017,0.176,87.65921567529728,,,0.038,,0.006,0.122,,,Hematite,deSouzaetal2019
813,,0.245,,0.385,87.69321226850073,0.032,0.007,0.093,,0.017,0.08,,,Hematite,deSouzaetal2019
814,,0.273,0.033,0.422,87.97118441292895,0.01,0.017,0.067,,0.024,0.104,,,Hematite,deSouzaetal2019
815,,0.371,,0.216,86.04737719753368,0.054,,0.383,0.023,0.018,0.166,,,Hematite,deSouzaetal2019
816,,0.346,0.007,0.455,85.3294491410608,0.054,0.013,0.589,0.003,0.017,0.159,,,Hematite,deSouzaetal2019
817,,0.294,0.04,0.126,85.67941407109633,,0.173,0.938,,0.008,0.166,,,Hematite,deSouzaetal2019
818,,0.273,,0.158,88.76910445340994,,0.002,0.058,,,0.051,,,Hematite,deSouzaetal2019
819,,1.53,0.057,0.24,87.14426727824502,0.02,0.019,0.025,,0.014,0.046,,,Hematite,deSouzaetal2019
820,,0.519,0.04,0.173,87.6102205850923,0.011,0.029,0.075,,0.004,0.116,,,Hematite,deSouzaetal2019
821,,1.948,0.039,0.064,87.3932423284703,0.04,,0.155,,0.007,0.105,,,Hematite,deSouzaetal2019
822,,0.385,0.014,0.103,87.58722288968997,,0.022,0.264,0.006,0.011,0.159,,,Hematite,deSouzaetal2019
823,,0.82,0.058,0.075,83.902592126316,0.039,0.41,1.62,,0.004,0.157,,,Hematite,deSouzaetal2019
824,,0.46,0.046,0.147,87.78420315030998,,0.016,0.28,,0.014,0.135,,,Hematite,deSouzaetal2019
825,,0.393,,0.211,86.99928180723029,,,0.096,0.049,0.006,0.137,,,Hematite,deSouzaetal2019
826,,0.357,0.02,0.106,87.76120545490762,,0.007,0.265,,0.003,0.147,,,Hematite,deSouzaetal2019
827,,0.321,0.031,0.035,88.58912248939166,,,0.181,,0.005,0.164,,,Hematite,deSouzaetal2019
828,,1.278,0.016,0.068,87.35124653686603,,,0.174,,0.007,0.189,,,Hematite,deSouzaetal2019
829,,0.417,0.051,0.085,88.18816266955096,0.03,0.01,0.123,,0.004,0.132,,,Hematite,deSouzaetal2019
830,,0.311,,0.213,87.43823781947486,0.059,0.041,0.228,,,0.127,,,Hematite,deSouzaetal2019
831,,0.581,0.028,0.089,87.52822880148399,,0.016,0.12,,0.006,0.176,,,Hematite,deSouzaetal2019
832,,0.429,0.009,0.056,86.92228952262248,0.026,,0.118,0.037,,0.161,,,Hematite,deSouzaetal2019
833,,0.372,0.011,0.1,87.96218531472803,0.044,,0.119,0.017,0.019,0.165,,,Hematite,deSouzaetal2019
834,,0.669,0.076,0.147,87.69621196790104,0.045,0.028,0.311,0.003,0.005,0.186,,,Hematite,deSouzaetal2019
835,,0.379,0.053,0.137,86.99728200763009,0.047,0.014,0.235,,,0.134,,,Hematite,deSouzaetal2019
836,,0.339,0.026,0.105,86.74730705760473,0.041,0.034,0.385,0.04,0.001,0.154,,,Hematite,deSouzaetal2019
837,,0.396,0.076,0.167,87.09127258883963,0.04,0.01,0.208,,0.013,0.134,,,Hematite,deSouzaetal2019
838,,0.375,0.103,0.093,87.538227799485,0.047,0.027,0.282,0.012,0.001,0.176,,,Hematite,deSouzaetal2019
839,,0.622,,0.074,87.43123852087415,0.056,,0.084,,0.014,0.073,,,Hematite,deSouzaetal2019
840,,0.914,0.04,0.059,88.15616587594772,,,0.096,,0.006,0.07,,,Hematite,deSouzaetal2019
841,,0.79,0.017,0.071,87.75820575550733,,,0.074,,0.008,0.066,,,Hematite,deSouzaetal2019
842,,0.272,0.02,0.099,88.04817669753676,0.006,,0.045,,0.003,0.039,,,Hematite,deSouzaetal2019
843,,0.49,0.01,0.124,88.01518000413341,,,0.035,,0.015,0.001,,,Hematite,deSouzaetal2019
844,,0.317,0.029,0.13,87.735208060105,,,0.041,,0.002,0.036,,,Hematite,deSouzaetal2019
845,,0.241,,0.117,88.22615886195481,,,0.012,,0.01,0.037,,,Hematite,deSouzaetal2019
846,,0.303,,0.149,87.89319222852103,0.008,,0.04,,0.002,0.01,,,Hematite,deSouzaetal2019
847,,0.322,0.009,0.115,88.30715074576304,0.026,,0.043,,0.005,0.055,,,Hematite,deSouzaetal2019
848,,0.269,0.04,0.079,87.90119142692184,0.001,,0.099,,,0.059,,,Hematite,deSouzaetal2019
849,,1.089,0.351,0.364,86.44433741817399,0.031,0.003,0.026,,0.023,0.017,,,Hematite,deSouzaetal2019
850,,1.29,0.367,0.478,86.34434743816381,0.069,0.02,0.033,,0.026,0.009,,,Hematite,deSouzaetal2019
851,,0.577,0.037,0.115,87.83519804011513,0.042,0.014,0.116,,0.004,0.161,,,Hematite,deSouzaetal2019
852,,0.361,0.062,0.191,88.2781536515601,0.04,,0.021,,0.012,0.053,,,Hematite,deSouzaetal2019
853,,0.667,0.015,0.061,87.46023561507708,0.04,,0.208,,0.005,0.205,,,Hematite,deSouzaetal2019
854,,0.691,0.029,0.108,87.56622499388784,0.02,0.001,0.168,0.022,0.003,0.169,,,Hematite,deSouzaetal2019
855,,0.902,0.012,0.18,86.98028371102836,,0.009,0.173,0.007,0.011,0.211,,,Hematite,deSouzaetal2019
856,,0.527,0.001,0.098,87.61522008409281,0.053,,0.085,0.016,0.009,0.188,,,Hematite,deSouzaetal2019
857,,0.633,0.02,0.052,87.84319723851596,0.049,0.002,0.136,,,0.175,,,Hematite,deSouzaetal2019
858,,0.683,0.034,0.149,88.28615284996091,0.008,0.034,0.121,,0.014,0.094,,,Hematite,deSouzaetal2019
859,,1.09,0.052,0.114,87.52122950288327,0.025,,0.083,,,0.1,,,Hematite,deSouzaetal2019
860,,0.627,0.053,0.127,87.16626507384724,,,0.182,,0.008,0.219,,,Hematite,deSouzaetal2019
861,,0.475,0.038,0.086,87.88319323052,0.031,0.011,0.217,,0.002,0.215,,,Hematite,deSouzaetal2019
862,,0.563,0.033,0.057,87.27525415205831,,0.005,0.152,0.001,0.009,0.23,,,Hematite,deSouzaetal2019
863,,0.817,0.077,0.186,87.2692547532577,0.029,0.033,0.184,,0.003,0.117,,,Hematite,deSouzaetal2019
864,,0.317,0.05,0.141,88.59912148739268,,,0.084,,0.006,0.172,,,Hematite,deSouzaetal2019
865,,0.6,0.043,0.155,88.17016447314914,0.008,,0.077,,0.01,0.167,,,Hematite,deSouzaetal2019
866,,0.516,0.042,0.126,87.93318822052508,,0.008,0.102,,,0.14,,,Hematite,deSouzaetal2019
867,,0.406,0.007,0.164,87.42223942267323,,0.025,0.19,,0.006,0.181,,,Hematite,deSouzaetal2019
868,,0.434,0.018,0.125,87.88219333071991,0.004,,0.136,,0.006,0.166,,,Hematite,deSouzaetal2019
869,,0.38,0.044,0.263,87.5342282002846,0.005,,0.092,,,0.065,,,Hematite,deSouzaetal2019
870,,0.445,,0.315,88.02717880173464,0.015,0.009,0.11,,,0.134,,,Hematite,deSouzaetal2019
871,,0.658,0.026,0.219,88.2221592627544,0.003,0.016,0.135,,0.009,0.124,,,Hematite,deSouzaetal2019
872,,0.3,0.032,0.103,88.79510184821257,0.03,,0.11,,0.006,0.119,,,Hematite,deSouzaetal2019
873,,0.34,0.01,0.105,87.58322329048956,,0.011,0.099,,0.009,0.16,,,Hematite,deSouzaetal2019
874,,0.514,0.115,0.336,88.17216427274934,0.025,0.01,0.063,,,0.068,,,Hematite,deSouzaetal2019
875,,1.888,0.036,0.042,86.4563362157752,,,0.161,,0.004,0.125,,,Hematite,deSouzaetal2019
876,,1.511,0.022,0.147,87.12626908184319,0.034,,0.037,,0.014,0.017,,,Hematite,deSouzaetal2019
877,,0.667,,0.5,87.37024463306795,0.693,,0.085,,,0.052,,,Hematite,Baidyaetal2019
878,,0.058,,0.151,90.92088882322837,,,,,,0.12,,,Hematite,Baidyaetal2019
879,,1.186,,0.73,87.51123050488225,,,0.08,,,0.461,,,Hematite,Baidyaetal2019
880,,0.7460028748286484,0.0164304922210052,0.0042216018225566,87.20242536649474,0.0206836479129743,0.4206619988127076,0.0055828341234592,,,,0.1443949844535043,,Hematite,FalkandKelemen2015
881,,0.6373800000000001,0.00207,2e-05,87.2782138554666,0.0824,0.527815,0.017955,,,,0.017795,,Hematite,FalkandKelemen2015
882,,0.45921,2e-05,2e-05,89.50880032853101,0.09646,0.28245,1e-05,,,,0.01043,,Hematite,FalkandKelemen2015
883,,2.17022125,0.0031149999999999,2e-05,85.30256558506034,0.0741875,0.7296675,0.019145,,,,0.0151462499999999,,Hematite,FalkandKelemen2015
884,,0.705373125,0.00661125,2e-05,88.06870214068334,0.0865837499999999,0.4375125,0.023111875,,,,0.1453256249999999,,Hematite,FalkandKelemen2015
885,,0.7877791666666666,0.0050708333333333,0.0078041666666666,87.96989870843599,0.16687,0.8687133333333334,0.0178941666666666,,,,0.0152166666666666,,Hematite,FalkandKelemen2015
886,,0.098,0.561,0.11,88.49913150738253,0.099,,,,,,,,Hematite,Yanetal2023
887,,0.129,0.266,0.057,89.11306998464484,0.026,,,,,,,,Hematite,Yanetal2023
888,,1.467,1.139,0.165,86.37334453236677,0.002,,,,,,,,Hematite,Yanetal2023
889,,0.146,0.471,0.014,89.25805545565956,0.084,,,,,,,,Hematite,Yanetal2023
890,,0.157,0.327,0.09,88.9460867180279,0.065,,,,,,,,Hematite,Yanetal2023
891,,0.008,6.237,0.11,80.0729758919273,2.616,,,,,,,,Hematite,Yanetal2023
892,,0.244,2.939,0.147,85.98838310932769,0.429,,,,,,,,Hematite,Yanetal2023
893,,0.176,0.465,0.069,88.85609573601876,0.017,,,,,,,,Hematite,Yanetal2023
894,,0.213,0.493,0.034,88.02517900213444,0.1,,,,,,,,Hematite,Yanetal2023
895,,0.076,0.804,0.033,89.11606968404514,0.297,,,,,,,,Hematite,Yanetal2023
896,,0.125,3.626,0.231,85.63441858009176,1.121,,,,,,,,Hematite,Yanetal2023
897,,0.586,1.279,0.166,86.6583159753957,0.123,,,,,,,,Hematite,Yanetal2023
898,,0.1,0.239,0.074,88.69411196840232,0.051,,,,,,,,Hematite,Yanetal2023
899,,0.045,0.644,0.015,87.57222439268845,0.508,,,,,,,,Hematite,Yanetal2023
900,UC1250,0.001,49.9869,0.1263,45.17508833952531,1.1098,1.0022,0.0212,,,,0.018,,Ilmenite,
901,UC894,0.069,47.962,0.035,47.23329363009392,1.055,1.199,0.018,,,,0.017,,Ilmenite,
902,UC1185,0.0094,47.5488,0.0642,47.40790595060234,1.2988,1.2411,0.007,,,,0.0056,,Ilmenite,
903,UC926,0.029,49.05,0.054,47.50226560443737,1.73,1.257,0.147,,,,0.0,,Ilmenite,
904,UC766,0.014,49.122,0.067,47.569328152924705,1.425,1.14,0.023,,,,0.013,,Ilmenite,
905,UC1185,0.0282,46.9885,0.0664,47.5738470414719,1.3791,1.1812,0.0105,,,,0.0225,,Ilmenite,
906,UC1185,0.03,47.4308,0.0582,47.591879619417504,1.3322,1.2347,0.0,,,,0.0,,Ilmenite,
907,UC928,0.036,48.894,0.047,47.624269677931025,1.769,1.119,0.077,,,,0.0,,Ilmenite,
908,UC926,0.041,48.943,0.049,47.63327393744925,1.586,1.233,0.06,,,,0.0,,Ilmenite,
909,UC926,0.066,48.673,0.088,47.678238901465534,1.683,1.213,0.098,,,,0.012,,Ilmenite,
910,UC932,0.011,48.193,0.085,47.72613034387028,1.747,1.15,0.607,,,,0.004,,Ilmenite,
911,UC1185,0.0025,47.1267,0.0542,47.72734356278674,1.3513,1.1872,0.0058,,,,0.0087,,Ilmenite,
912,UC1185,0.0211,47.1013,0.078,47.738548378970755,1.2551,1.1957,0.0208,,,,0.0213,,Ilmenite,
913,UC1204,0.0217,47.3067,0.0519,47.78126154291523,1.332,1.1682,0.0,,,,0.0,,Ilmenite,
914,UC1185,0.0261,47.0603,0.0713,47.78443715263569,1.3115,1.1942,0.0116,,,,0.0,,Ilmenite,
915,UC766,0.018,49.347,0.063,47.82332430159099,1.447,1.099,0.057,,,,0.006,,Ilmenite,
916,UC928,0.034,48.907,0.06,47.82924648026569,1.847,1.152,0.007,,,,0.0,,Ilmenite,
917,UC1185,0.0123,47.5908,0.052,47.842665720499994,1.3118,1.2483,0.0116,,,,0.0076,,Ilmenite,
918,UC1078,0.0,49.031,0.0,47.844286536651346,1.27,1.28,0.0,,,,0.0,,Ilmenite,
919,UC928,0.025,49.388,0.048,47.86728733177769,1.825,1.123,0.028,,,,0.012,,Ilmenite,
920,UC991,0.057,47.738,0.018,47.87017814616554,1.022,1.425,0.015,,,,0.023,,Ilmenite,
921,UC926,0.046,48.799,0.046,47.889231729976565,1.635,1.22,0.09,,,,0.038,,Ilmenite,
922,UC801,0.025,49.659,0.049,47.90237845616289,1.461,0.932,0.0,,,,0.0,,Ilmenite,
923,UC720,0.0,48.943,0.002,47.93425518509222,1.161,1.432,0.0,,,,0.0,,Ilmenite,
924,UC637,0.0,48.632,0.029,47.95828308378062,1.09,1.128,0.014,,,,0.02,,Ilmenite,
925,UC592,0.036,45.725,0.077,47.966018162482335,0.952,1.352,0.004,,,,0.015,,Ilmenite,
926,UC766,0.007,49.257,0.047,47.992301976144674,1.468,1.073,0.054,,,,0.018,,Ilmenite,
927,UC766,0.012,49.593,0.065,48.015329682912416,1.5,1.073,0.024,,,,0.0,,Ilmenite,
928,UC1210,0.1132,47.7579,0.092,48.02342791846867,1.1099,1.0154,0.0513,,,,0.0,,Ilmenite,
929,UC1204,0.0377,47.8046,0.0741,48.0435291578911,1.2608,1.4993,0.0211,,,,0.059,,Ilmenite,
930,UC573,0.0,48.685,0.0,48.04523537611546,1.405,1.189,0.041,,,,0.0,,Ilmenite,
931,UC1176,0.0079,47.5395,0.0534,48.04854582789342,1.3001,1.2353,0.0029,,,,0.0229,,Ilmenite,
932,UC1204,0.0079,48.1168,0.022,48.0677938602888,1.4879,1.1212,0.0044,,,,0.0,,Ilmenite,
933,UC766,0.0,49.092,0.088,48.06929019795924,1.373,1.092,0.017,,,,0.0,,Ilmenite,
934,UC1204,0.0277,47.0639,0.0493,48.14061221836596,1.3216,1.1411,0.0104,,,,0.0,,Ilmenite,
935,UC649,0.068,44.082,0.059,48.21978975460845,1.006,1.564,0.285,,,,0.024,,Ilmenite,
936,UC1210,0.2059,45.8778,0.0346,48.2533410408113,1.1918,1.0753,0.0477,,,,0.0253,,Ilmenite,
937,UC856,0.019,48.884,0.052,48.278265405758816,1.113,1.176,0.018,,,,0.024,,Ilmenite,
938,UC1176,0.0525,47.6252,0.0609,48.29955844648155,1.3555,1.0426,0.028,,,,0.0375,,Ilmenite,
939,UC175,0.032,48.031,0.058,48.315112579119315,1.299,1.457,0.128,,,,0.02,,Ilmenite,
940,UC901,0.045,48.969,0.061,48.33728590372216,1.086,1.035,0.105,,,,0.033,,Ilmenite,
941,UC770,0.0,49.46,0.013,48.3442849593614,1.469,1.084,0.038,,,,0.0,,Ilmenite,
942,UC1176,0.0317,47.4331,0.0672,48.35720644591797,1.2778,1.2549,0.0266,,,,0.031,,Ilmenite,
943,UC1176,0.0337,46.8261,0.0719,48.36674097620373,1.3266,1.2461,0.1165,,,,0.0,,Ilmenite,
944,UC1204,0.0188,47.2981,0.0535,48.37020114230698,1.3175,1.1837,0.0222,,,,0.0,,Ilmenite,
945,UC1176,0.0375,47.3144,0.0517,48.3716143280183,1.4125,0.9597,0.1769,,,,0.0,,Ilmenite,
946,UC1011,0.043,48.058,0.041,48.3761813708406,1.117,1.23,0.0,,,,0.019,,Ilmenite,
947,UC893,0.014,48.227,0.081,48.383121233431574,1.777,1.031,0.338,,,,0.017,,Ilmenite,
948,UC1210,0.0712,48.0588,0.0524,48.395336831902505,1.1515,0.8904,0.0,,,,0.0212,,Ilmenite,
949,UC1185,0.0109,47.0038,0.0734,48.407080401933875,1.3329,1.1315,0.0137,,,,0.0,,Ilmenite,
950,UC711,0.0,47.9,0.0,48.421092614105675,0.98,1.693,0.014,,,,0.0,,Ilmenite,
951,UC555,0.021,48.977,0.081,48.42726760250261,1.053,1.158,0.023,,,,0.0,,Ilmenite,
952,UC1210,0.0653,48.1006,0.0697,48.42983493307049,1.1559,0.8932,0.005,,,,0.0198,,Ilmenite,
953,UC987,0.033,48.115,0.041,48.43913468633324,1.094,1.474,0.046,,,,0.027,,Ilmenite,
954,UC641,0.019,48.593,0.078,48.4461782547524,0.974,1.397,0.203,,,,0.0,,Ilmenite,
955,UC894,0.0,48.224,0.0,48.45119061559051,1.092,1.202,0.0,,,,0.024,,Ilmenite,
956,UC856,0.013,48.851,0.058,48.45224739874209,1.144,1.145,0.02,,,,0.003,,Ilmenite,
957,UC1041,0.038,47.767,0.053,48.457130233107435,0.945,1.429,0.011,,,,0.03,,Ilmenite,
958,UC992,0.112,48.273,0.054,48.45716789387933,1.051,1.438,0.025,,,,0.0,,Ilmenite,
959,UC1204,0.005,47.1348,0.0685,48.4673441746975,1.3659,1.3384,0.0403,,,,0.0,,Ilmenite,
960,UC1204,0.0,47.2612,0.0626,48.473592152422285,1.2705,1.1864,0.0064,,,,0.0,,Ilmenite,
961,UC216,0.036,49.348,0.0,48.48127365505662,1.403,1.061,0.063,,,,0.017,,Ilmenite,
962,UC592,0.019,48.594,0.089,48.48422405093212,0.95,1.258,0.009,,,,0.0,,Ilmenite,
963,UC641,0.067,47.475,0.084,48.490121329541815,0.948,1.242,0.14,,,,0.0,,Ilmenite,
964,UC1077,0.071,48.189,0.061,48.4911972783376,0.832,1.306,0.016,,,,0.0,,Ilmenite,
965,UC1204,0.0298,47.0327,0.0737,48.49561133524027,1.2189,0.9766,0.0308,,,,0.0,,Ilmenite,
966,UC992,0.0,47.989,0.032,48.496128412419594,1.076,1.436,0.002,,,,0.06,,Ilmenite,
967,UC856,0.02,48.967,0.074,48.50924911462323,1.183,1.153,0.007,,,,0.002,,Ilmenite,
968,UC559,0.0,48.712,0.105,48.52920692573807,1.037,1.301,0.051,,,,0.0,,Ilmenite,
969,UC1012,0.017,48.179,0.0,48.54417200390108,1.082,1.236,0.026,,,,0.028,,Ilmenite,
970,UC1034,0.02,49.617,0.022,48.545320874779485,1.026,1.117,0.02,,,,0.032,,Ilmenite,
971,UC787,0.04,48.956,0.047,48.54821856708768,1.395,1.204,0.0,,,,0.038,,Ilmenite,
972,UC354,0.024,48.885,0.001,48.55825308749411,1.098,1.117,0.0,,,,0.0,,Ilmenite,
973,UC856,0.027,48.941,0.045,48.588243273471065,1.086,1.182,0.018,,,,0.03,,Ilmenite,
974,UC1210,0.0327,48.0182,0.0666,48.59839561744299,1.1643,0.9671,0.0,,,,0.0,,Ilmenite,
975,UC1004,0.0,48.215,0.073,48.60710657188274,1.043,1.628,0.013,,,,0.013,,Ilmenite,
976,UC1210,0.0723,46.6445,0.0257,48.614762758077966,1.2519,1.0099,0.0384,,,,0.0,,Ilmenite,
977,UC715,0.045,48.324,0.03,48.617117173583544,1.036,1.653,0.006,,,,0.0,,Ilmenite,
978,UC644,0.01,48.712,0.055,48.63620066692679,1.089,1.192,0.139,,,,0.01,,Ilmenite,
979,UC1204,0.0139,47.3774,0.0467,48.64839892092546,1.242,1.1292,0.0098,,,,0.0,,Ilmenite,
980,UC1185,0.0109,47.5309,0.0582,48.65500689262112,1.3333,1.1016,0.0089,,,,0.0,,Ilmenite,
981,UC549,0.043,48.648,0.0,48.65520116317798,1.098,1.256,0.01,,,,0.017,,Ilmenite,
982,UC911,0.038,48.896,0.024,48.65923484087107,1.126,1.167,0.0,,,,0.0,,Ilmenite,
983,UC1185,0.0228,47.0187,0.0641,48.66495954280295,1.3081,1.1469,0.0056,,,,0.0384,,Ilmenite,
984,UC1204,0.0366,46.8837,0.0593,48.67785208687757,1.2864,1.1356,0.0093,,,,0.0328,,Ilmenite,
985,UC175,0.055,48.302,0.023,48.68410852986679,1.429,1.422,0.03,,,,0.016,,Ilmenite,
986,UC216,0.012,49.642,0.0,48.684278782276344,1.41,1.054,0.05,,,,0.027,,Ilmenite,
987,UC645,0.049,49.053,0.086,48.685244881039274,0.947,1.25,0.043,,,,0.013,,Ilmenite,
988,UC559,0.017,48.702,0.087,48.69020130539604,0.97,1.297,0.039,,,,0.007,,Ilmenite,
989,UC1185,0.0159,47.063,0.0678,48.690543511919465,1.3356,1.2184,0.0226,,,,0.0,,Ilmenite,
990,UC1204,0.0258,47.1379,0.0725,48.691559811261165,1.3027,1.1835,0.0218,,,,0.0228,,Ilmenite,
991,UC787,0.0,48.655,0.0,48.69418011138311,1.428,1.134,0.027,,,,0.012,,Ilmenite,
992,UC609,0.066,49.068,0.014,48.69924998860708,1.114,1.162,0.007,,,,0.021,,Ilmenite,
993,UC1185,0.0129,47.1925,0.0631,48.704468638369846,1.3684,1.1136,0.0097,,,,0.0147,,Ilmenite,
994,UC592,0.004,48.111,0.08,48.70615470744476,0.977,1.261,0.031,,,,0.0,,Ilmenite,
995,UC1080,0.028,48.082,0.031,48.71312126020672,1.05,1.419,0.027,,,,0.041,,Ilmenite,
996,UC645,0.015,48.855,0.065,48.71921247736517,1.001,1.284,0.023,,,,0.02,,Ilmenite,
997,UC592,0.006,48.666,0.098,48.72419682849445,1.0,1.29,0.0,,,,0.0,,Ilmenite,
998,UC1185,0.0297,46.3294,0.02,48.73227814837511,1.3202,1.2321,0.0318,,,,0.0328,,Ilmenite,
999,UC1034,0.068,49.234,0.03,48.74127491162819,1.049,1.111,0.01,,,,0.018,,Ilmenite,
1000,REG-18_kalsilite_1,37.02,0.0,31.43,0.35,0.0,0.0,0.0,0.04,29.61,,0.0069,,Kalsilite,Beaetal2014
1001,REG-18_kalsilite_2,37.04,0.0,31.52,0.32,0.01,0.0,0.0,0.05,29.61,,0.0,,Kalsilite,Beaetal2014
1002,REG-18_kalsilite_3,37.16,0.0,31.45,0.27,0.0,0.0,0.0,0.07,29.61,,0.0,,Kalsilite,Beaetal2014
1003,REG-18_kalsilite_4,37.22,0.0,31.54,0.34,0.01,0.0,0.0,0.06,29.56,,0.0208,,Kalsilite,Beaetal2014
1004,REG-18_kalsilite_5,37.27,0.01,31.51,0.33,0.02,0.0,0.0,0.07,29.67,,0.0295,,Kalsilite,Beaetal2014
1005,REG-18_kalsilite_6,37.37,0.0,31.47,0.31,0.02,0.0,0.0,0.05,29.6,,0.0,,Kalsilite,Beaetal2014
1006,REG-22_kalsilite_7,37.13,0.0,31.42,0.37,0.01,0.0,0.0,0.07,29.57,,0.01,,Kalsilite,Beaetal2014
1007,REG-22_kalsilite_8,37.15,0.0,31.34,0.41,0.0,0.0,0.02,0.07,29.64,,0.01,,Kalsilite,Beaetal2014
1008,REG-22_kalsilite_9,37.15,0.01,31.37,0.48,0.02,0.0,0.01,0.07,29.55,,0.0,,Kalsilite,Beaetal2014
1009,REG-22_kalsilite_10,37.19,0.01,31.51,0.35,0.0,0.0,0.0,0.06,29.8,,0.0,,Kalsilite,Beaetal2014
1010,REG-22_kalsilite_11,37.24,0.0,31.35,0.48,0.0,0.0,0.0,0.07,29.57,,0.0,,Kalsilite,Beaetal2014
1011,REG-22_kalsilite_12,37.27,0.02,31.33,0.47,0.0,0.0,0.0,0.08,29.37,,0.02,,Kalsilite,Beaetal2014
1012,REG-22_kalsilite_13,37.29,0.0,31.45,0.34,0.0,0.0,0.0,0.08,29.52,,0.01,,Kalsilite,Beaetal2014
1013,REG-22_kalsilite_14,37.31,0.0,31.32,0.42,0.0,0.0,0.01,0.09,29.42,,0.0,,Kalsilite,Beaetal2014
1014,REG-22_kalsilite_15,37.33,0.0,31.52,0.39,0.0,0.0,0.0,0.07,29.71,,0.05,,Kalsilite,Beaetal2014
1015,REG-22_kalsilite_16,37.33,0.0,31.43,0.47,0.02,0.0,0.0,0.05,29.54,,0.0,,Kalsilite,Beaetal2014
1016,REG-22_kalsilite_17,37.35,0.0,31.49,0.37,0.0,0.0,0.0,0.08,29.41,,0.0,,Kalsilite,Beaetal2014
1017,REG-22_kalsilite_18,37.39,0.01,31.4,0.4,0.0,0.0,0.0,0.05,29.56,,0.0,,Kalsilite,Beaetal2014
1018,REG-22_kalsilite_19,37.39,0.01,31.44,0.33,0.04,0.0,0.0,0.07,29.62,,0.01,,Kalsilite,Beaetal2014
1019,REG-22_kalsilite_20,37.4,0.0,31.3,0.46,0.0,0.0,0.0,0.06,29.49,,0.0,,Kalsilite,Beaetal2014
1020,REG-22_kalsilite_21,37.41,0.0,31.42,0.44,0.0,0.0,0.0,0.05,29.37,,0.01,,Kalsilite,Beaetal2014
1021,REG-22_kalsilite_22,37.52,0.03,31.33,0.41,0.06,0.0,0.0,0.06,29.6,,0.01,,Kalsilite,Beaetal2014
1022,REG-22_kalsilite_23,37.53,0.01,31.47,0.42,0.06,0.0,0.0,0.03,29.53,,0.0,,Kalsilite,Beaetal2014
1023,REG-22_kalsilite_24,37.56,0.0,31.4,0.43,0.0,0.0,0.0,0.04,29.69,,0.02,,Kalsilite,Beaetal2014
1024,REG-22_kalsilite_25,37.61,0.0,31.34,0.49,0.0,0.0,0.0,0.06,29.48,,0.0,,Kalsilite,Beaetal2014
1025,REG-22_kalsilite_26,37.75,0.0,31.26,0.61,0.01,0.0,0.0,0.07,29.41,,0.01,,Kalsilite,Beaetal2014
1026,REG-24_kalsilite_28,36.76,0.0,31.26,0.48,0.0,0.0,0.0,0.07,29.35,,0.0,,Kalsilite,Beaetal2014
1027,REG-24_kalsilite_29,36.78,0.01,31.21,0.63,0.0,0.0,0.0,0.06,29.37,,0.04,,Kalsilite,Beaetal2014
1028,REG-24_kalsilite_30,36.88,0.02,31.21,0.64,0.0,0.0,0.0,0.07,29.37,,0.0,,Kalsilite,Beaetal2014
1029,REG-24_kalsilite_31,36.89,0.0,31.41,0.57,0.0,0.0,0.0,0.05,29.45,,0.03,,Kalsilite,Beaetal2014
1030,REG-24_kalsilite_32,36.89,0.01,31.35,0.48,0.03,0.0,0.0,0.06,29.45,,0.0,,Kalsilite,Beaetal2014
1031,REG-24_kalsilite_33,36.93,0.0,31.24,0.67,0.04,0.0,0.0,0.06,29.37,,0.04,,Kalsilite,Beaetal2014
1032,REG-24_kalsilite_34,36.95,0.0,31.21,0.73,0.03,0.0,0.01,0.05,29.29,,0.01,,Kalsilite,Beaetal2014
1033,REG-24_kalsilite_35,36.97,0.02,31.66,0.1,0.04,0.0,0.0,0.04,29.46,,0.0,,Kalsilite,Beaetal2014
1034,REG-24_kalsilite_36,37.02,0.0,31.12,0.63,0.0,0.0,0.0,0.07,29.27,,0.0,,Kalsilite,Beaetal2014
1035,REG-24_kalsilite_37,37.06,0.01,31.27,0.5,0.0,0.0,0.0,0.06,29.43,,0.02,,Kalsilite,Beaetal2014
1036,REG-24_kalsilite_38,37.07,0.0,31.31,0.45,0.03,0.0,0.0,0.06,29.41,,0.02,,Kalsilite,Beaetal2014
1037,REG-24_kalsilite_39,37.15,0.0,31.42,0.43,0.0,0.0,0.0,0.04,29.4,,0.0,,Kalsilite,Beaetal2014
1038,REG-24_kalsilite_40,37.18,0.0,31.4,0.49,0.01,0.0,0.0,0.04,29.42,,0.06,,Kalsilite,Beaetal2014
1039,REG-24_kalsilite_41,37.2,0.02,31.11,0.68,0.04,0.0,0.0,0.05,29.33,,0.0,,Kalsilite,Beaetal2014
1040,REG-24_kalsilite_42,37.22,0.0,31.24,0.61,0.0,0.0,0.0,0.04,29.64,,0.01,,Kalsilite,Beaetal2014
1041,REG-24_kalsilite_43,37.22,0.0,31.35,0.53,0.0,0.0,0.0,0.06,29.54,,0.02,,Kalsilite,Beaetal2014
1042,REG-24_kalsilite_44,37.23,0.0,31.23,0.35,0.0,0.0,0.0,0.06,29.41,,0.0,,Kalsilite,Beaetal2014
1043,REG-24_kalsilite_45,37.26,0.0,31.16,0.64,0.0,0.0,0.0,0.05,29.51,,0.0,,Kalsilite,Beaetal2014
1044,REG-24_kalsilite_46,37.32,0.0,31.31,0.39,0.0,0.0,0.01,0.06,29.51,,0.01,,Kalsilite,Beaetal2014
1045,REG-24_kalsilite_47,37.32,0.0,31.53,0.04,0.01,0.0,0.0,0.05,29.62,,0.04,,Kalsilite,Beaetal2014
1046,REG-44_kalsilite_48,36.85,0.0,30.84,0.38,0.0,0.0,0.0,0.05,29.31,,0.0,,Kalsilite,Beaetal2014
1047,REG-44_kalsilite_49,36.91,0.0,30.83,0.47,0.0,0.0,0.0,0.06,29.16,,0.0,,Kalsilite,Beaetal2014
1048,REG-44_kalsilite_50,36.93,0.0,30.92,0.38,0.0,0.0,0.0,0.06,29.16,,0.0,,Kalsilite,Beaetal2014
1049,REG-44_kalsilite_51,36.97,0.0,30.97,0.32,0.0,0.0,0.0,0.06,29.15,,0.0,,Kalsilite,Beaetal2014
1050,REG-44_kalsilite_52,37.16,0.02,31.05,0.4,0.0,0.0,0.0,0.05,29.41,,0.0,,Kalsilite,Beaetal2014
1051,REG-44_kalsilite_53,37.2,0.01,31.36,0.06,0.0,0.0,0.0,0.06,29.29,,0.01,,Kalsilite,Beaetal2014
1052,REG-44_kalsilite_54,37.23,0.0,31.17,0.33,0.0,0.0,0.0,0.06,29.34,,0.0,,Kalsilite,Beaetal2014
1053,REG-44_kalsilite_55,37.23,0.0,31.13,0.33,0.0,0.0,0.0,0.06,29.38,,0.01,,Kalsilite,Beaetal2014
1054,REG-44_kalsilite_56,37.27,0.01,31.19,0.4,0.0,0.0,0.0,0.05,29.46,,0.0,,Kalsilite,Beaetal2014
1055,REG-44_kalsilite_57,37.29,0.0,31.14,0.38,0.01,0.0,0.0,0.08,29.31,,0.0,,Kalsilite,Beaetal2014
1056,REG-44_kalsilite_58,37.3,0.0,31.11,0.27,0.01,0.0,0.0,0.04,29.41,,0.0,,Kalsilite,Beaetal2014
1057,REG-44_kalsilite_59,37.31,0.0,31.24,0.38,0.01,0.0,0.0,0.07,29.26,,0.0,,Kalsilite,Beaetal2014
1058,REG-44_kalsilite_60,37.31,0.0,31.19,0.29,0.02,0.0,0.0,0.05,29.28,,0.0,,Kalsilite,Beaetal2014
1059,REG-44_kalsilite_61,37.32,0.0,31.16,0.39,0.0,0.0,0.0,0.04,29.39,,0.0,,Kalsilite,Beaetal2014
1060,REG-44_kalsilite_62,37.32,0.0,31.38,0.45,0.0,0.0,0.0,0.05,29.4,,0.0,,Kalsilite,Beaetal2014
1061,REG-44_kalsilite_63,37.33,0.02,31.27,0.35,0.0,0.0,0.0,0.07,29.34,,0.0,,Kalsilite,Beaetal2014
1062,REG-44_kalsilite_64,37.34,0.0,31.28,0.29,0.0,0.0,0.01,0.06,29.31,,0.05,,Kalsilite,Beaetal2014
1063,REG-44_kalsilite_65,37.35,0.01,31.25,0.39,0.0,0.0,0.0,0.08,29.38,,0.01,,Kalsilite,Beaetal2014
1064,REG-44_kalsilite_66,37.38,0.0,31.25,0.49,0.01,0.0,0.0,0.06,29.22,,0.0,,Kalsilite,Beaetal2014
1065,REG-44_kalsilite_67,37.38,0.0,31.24,0.3,0.01,0.0,0.0,0.05,29.27,,0.0,,Kalsilite,Beaetal2014
1066,REG-44_kalsilite_68,37.38,0.0,31.19,0.42,0.0,0.0,0.0,0.07,29.39,,0.03,,Kalsilite,Beaetal2014
1067,REG-44_kalsilite_69,37.4,0.02,31.39,0.24,0.02,0.0,0.0,0.05,29.45,,0.01,,Kalsilite,Beaetal2014
1068,REG-44_kalsilite_70,37.43,0.0,31.2,0.36,0.03,0.0,0.0,0.05,29.47,,0.0,,Kalsilite,Beaetal2014
1069,REG-44_kalsilite_71,37.46,0.0,31.2,0.45,0.01,0.0,0.01,0.06,29.36,,0.04,,Kalsilite,Beaetal2014
1070,REG-44_kalsilite_72,37.49,0.01,31.35,0.36,0.0,0.0,0.0,0.05,29.49,,0.0,,Kalsilite,Beaetal2014
1071,REG-45_kalsilite_73,37.02,0.0,30.76,0.91,0.0,0.0,0.0,0.06,29.4,,0.0,,Kalsilite,Beaetal2014
1072,REG-45_kalsilite_74,37.04,0.0,30.87,0.44,0.02,0.0,0.0,0.06,29.46,,0.0,,Kalsilite,Beaetal2014
1073,REG-45_kalsilite_75,37.16,0.0,30.88,0.67,0.0,0.0,0.03,0.11,29.28,,0.0,,Kalsilite,Beaetal2014
1074,REG-45_kalsilite_76,37.24,0.0,30.85,0.79,0.02,0.0,0.0,0.05,29.4,,0.02,,Kalsilite,Beaetal2014
1075,REG-45_kalsilite_77,37.3,0.0,30.82,0.99,0.03,0.0,0.0,0.07,29.39,,0.0,,Kalsilite,Beaetal2014
1076,REG-45_kalsilite_78,37.35,0.0,30.83,0.99,0.01,0.0,0.0,0.06,29.42,,0.01,,Kalsilite,Beaetal2014
1077,REG-45_kalsilite_79,37.37,0.0,31.06,0.76,0.0,0.0,0.0,0.06,29.64,,0.0,,Kalsilite,Beaetal2014
1078,REG-45_kalsilite_80,37.43,0.0,31.12,0.86,0.01,0.0,0.0,0.05,29.44,,0.02,,Kalsilite,Beaetal2014
1079,REG-45_kalsilite_81,37.43,0.02,31.09,0.8,0.03,0.0,0.0,0.06,29.46,,0.0,,Kalsilite,Beaetal2014
1080,REG-45_kalsilite_82,37.45,0.0,30.89,1.08,0.0,0.0,0.0,0.08,29.48,,0.01,,Kalsilite,Beaetal2014
1081,REG-45_kalsilite_83,37.45,0.0,30.51,0.88,0.02,0.0,0.0,0.04,29.24,,0.0,,Kalsilite,Beaetal2014
1082,REG-45_kalsilite_84,37.47,0.0,31.19,0.5,0.0,0.0,0.0,0.05,29.67,,0.0,,Kalsilite,Beaetal2014
1083,REG-45_kalsilite_85,37.47,0.0,30.96,0.67,0.04,0.09,0.34,0.23,28.34,,0.0,,Kalsilite,Beaetal2014
1084,REG-45_kalsilite_86,37.48,0.0,30.99,0.97,0.03,0.0,0.0,0.05,29.41,,0.0,,Kalsilite,Beaetal2014
1085,REG-45_kalsilite_88,37.49,0.01,31.05,0.96,0.0,0.0,0.0,0.06,29.46,,0.01,,Kalsilite,Beaetal2014
1086,REG-45_kalsilite_89,37.49,0.0,31.32,0.7,0.0,0.0,0.0,0.06,29.47,,0.01,,Kalsilite,Beaetal2014
1087,REG-45_kalsilite_90,37.49,0.0,31.09,0.72,0.0,0.0,0.0,0.05,29.56,,0.0,,Kalsilite,Beaetal2014
1088,REG-45_kalsilite_91,37.5,0.0,31.4,0.35,0.0,0.0,0.0,0.05,29.47,,0.0,,Kalsilite,Beaetal2014
1089,REG-45_kalsilite_92,37.5,0.01,31.05,0.88,0.0,0.0,0.0,0.06,29.44,,0.03,,Kalsilite,Beaetal2014
1090,REG-45_kalsilite_93,37.51,0.0,31.07,0.86,0.0,0.0,0.0,0.05,29.38,,0.0,,Kalsilite,Beaetal2014
1091,REG-45_kalsilite_94,37.53,0.01,30.95,0.86,0.01,0.0,0.0,0.05,29.48,,0.01,,Kalsilite,Beaetal2014
1092,REG-45_kalsilite_95,37.65,0.0,30.77,0.97,0.0,0.0,0.0,0.06,29.48,,0.0,,Kalsilite,Beaetal2014
1093,REG-45_kalsilite_96,39.71,0.0,30.2,0.5,0.03,0.0,0.01,0.05,28.4,,0.0,,Kalsilite,Beaetal2014
1094,REG-46_kalsilite_97,36.73,0.0,30.13,1.52,0.02,0.0,0.0,0.05,28.99,,0.01,,Kalsilite,Beaetal2014
1095,REG-46_kalsilite_98,36.91,0.0,30.35,1.34,0.0,0.0,0.0,0.07,28.94,,0.0,,Kalsilite,Beaetal2014
1096,REG-46_kalsilite_99,37.11,0.0,30.24,1.47,0.0,0.0,0.0,0.11,28.99,,0.0,,Kalsilite,Beaetal2014
1097,REG-46_kalsilite_100,37.11,0.0,30.07,1.77,0.01,0.0,0.0,0.19,28.68,,0.0,,Kalsilite,Beaetal2014
1098,REG-46_kalsilite_101,37.21,0.0,30.53,1.66,0.0,0.0,0.0,0.06,29.1,,0.0,,Kalsilite,Beaetal2014
1099,REG-46_kalsilite_102,37.26,0.01,30.42,1.5,0.02,0.0,0.01,0.08,28.99,,0.0,,Kalsilite,Beaetal2014
1100,DG-44,65.0797,,18.8768,0.0,,,0.0664,2.4138,13.194,,,,Alkali_Feldspar,Gagnevinetal2005
1101,DG-44,64.748,,18.7202,0.0,,,0.0488,2.0933,13.4196,,,,Alkali_Feldspar,Gagnevinetal2005
1102,DG-44,64.9462,,18.9238,0.0,,,0.0222,1.2949,14.4536,,,,Alkali_Feldspar,Gagnevinetal2005
1103,DG-44,65.3388,,18.8406,0.0,,,0.0154,2.015,13.7096,,,,Alkali_Feldspar,Gagnevinetal2005
1104,DG-44,64.3627,,18.9481,0.0,,,0.2107,2.5736,12.8625,,,,Alkali_Feldspar,Gagnevinetal2005
1105,DG-44,64.7442,,19.0726,0.0,,,0.0564,2.7109,12.5555,,,,Alkali_Feldspar,Gagnevinetal2005
1106,DG-44,64.4228,,19.1046,0.0,,,0.1048,2.6752,12.3475,,,,Alkali_Feldspar,Gagnevinetal2005
1107,DG-44,64.8773,,18.9598,0.0,,,0.0977,2.6059,12.8573,,,,Alkali_Feldspar,Gagnevinetal2005
1108,DG-44,65.2087,,19.1144,0.0,,,0.1162,2.6826,12.5941,,,,Alkali_Feldspar,Gagnevinetal2005
1109,DG-44,65.6262,,19.208,0.0,,,0.1198,2.81,12.5944,,,,Alkali_Feldspar,Gagnevinetal2005
1110,DG-44,64.7696,,19.0079,0.0,,,0.1245,2.4029,13.0786,,,,Alkali_Feldspar,Gagnevinetal2005
1111,DG-44,64.571,,19.1166,0.0,,,0.1286,2.4481,13.0798,,,,Alkali_Feldspar,Gagnevinetal2005
1112,DG-44,64.8442,,19.2436,0.0,,,0.1185,2.5258,12.9377,,,,Alkali_Feldspar,Gagnevinetal2005
1113,DG-44,65.0255,,19.2165,0.0,,,0.1457,2.687,12.7637,,,,Alkali_Feldspar,Gagnevinetal2005
1114,DG-44,65.1152,,18.9414,0.0,,,0.1284,2.7187,12.4343,,,,Alkali_Feldspar,Gagnevinetal2005
1115,DG-44,64.7153,,18.9861,0.0,,,0.1334,2.8277,12.3187,,,,Alkali_Feldspar,Gagnevinetal2005
1116,DG-44,64.798,,19.1486,0.0,,,0.1667,2.8587,12.5244,,,,Alkali_Feldspar,Gagnevinetal2005
1117,DG-44,64.8615,,19.0644,0.0,,,0.1335,2.715,12.9372,,,,Alkali_Feldspar,Gagnevinetal2005
1118,DG-44,64.8069,,19.0255,0.0,,,0.1283,2.387,13.1022,,,,Alkali_Feldspar,Gagnevinetal2005
1119,DG-44,65.3203,,19.1319,0.0,,,0.1195,2.9558,12.2376,,,,Alkali_Feldspar,Gagnevinetal2005
1120,DG-44,65.0669,,19.1195,0.0,,,0.1444,3.0139,12.2226,,,,Alkali_Feldspar,Gagnevinetal2005
1121,DG-44,64.7633,,19.1896,0.0,,,0.1457,3.045,12.4928,,,,Alkali_Feldspar,Gagnevinetal2005
1122,DG-44,64.7122,,18.9517,0.0,,,0.1294,2.7368,12.6083,,,,Alkali_Feldspar,Gagnevinetal2005
1123,DG-44,65.1126,,18.9392,0.0,,,0.1141,2.8502,12.6051,,,,Alkali_Feldspar,Gagnevinetal2005
1124,DG-44,65.0148,,18.9992,0.0,,,0.0995,2.7768,12.5615,,,,Alkali_Feldspar,Gagnevinetal2005
1125,DG-44,64.7572,,19.0895,0.0,,,0.1282,2.6793,12.6061,,,,Alkali_Feldspar,Gagnevinetal2005
1126,DG-44,64.3127,,19.2577,0.0,,,0.1039,2.4819,12.5706,,,,Alkali_Feldspar,Gagnevinetal2005
1127,DG-44,64.1494,,19.0112,0.0,,,0.08,2.6216,12.4931,,,,Alkali_Feldspar,Gagnevinetal2005
1128,DG-44,64.4488,,19.0029,0.0,,,0.081,2.4694,12.6456,,,,Alkali_Feldspar,Gagnevinetal2005
1129,DG-44,63.9096,,19.012,0.0,,,0.0591,2.4089,12.6858,,,,Alkali_Feldspar,Gagnevinetal2005
1130,DG-44,64.2979,,19.0968,0.0,,,0.0595,2.5593,12.5895,,,,Alkali_Feldspar,Gagnevinetal2005
1131,DG-44,64.8092,,18.9037,0.0,,,0.0627,2.2384,13.3622,,,,Alkali_Feldspar,Gagnevinetal2005
1132,DG-44,64.4825,,18.7507,0.0,,,0.042,2.4397,13.3629,,,,Alkali_Feldspar,Gagnevinetal2005
1133,DG-44,64.6297,,18.8464,0.0,,,0.0167,1.9124,13.8496,,,,Alkali_Feldspar,Gagnevinetal2005
1134,DG-44,64.5993,,18.8247,0.0,,,0.0455,2.0358,13.7214,,,,Alkali_Feldspar,Gagnevinetal2005
1135,DG-44,64.6854,,18.8459,0.0,,,0.0461,1.6175,14.0942,,,,Alkali_Feldspar,Gagnevinetal2005
1136,DG-44,64.1738,,18.6851,0.0,,,0.0128,0.8506,15.6121,,,,Alkali_Feldspar,Gagnevinetal2005
1137,DG-90,65.2078,,18.8949,0.0,,,0.0564,1.4856,14.9472,,,,Alkali_Feldspar,Gagnevinetal2005
1138,DG-90,64.9979,,18.9781,0.0,,,0.0412,1.6118,14.7929,,,,Alkali_Feldspar,Gagnevinetal2005
1139,DG-90,65.3987,,19.1878,0.0,,,0.0786,2.6412,13.2249,,,,Alkali_Feldspar,Gagnevinetal2005
1140,DG-90,64.3239,,19.3874,0.0,,,0.1041,2.8329,12.6519,,,,Alkali_Feldspar,Gagnevinetal2005
1141,DG-90,64.6509,,19.1566,0.0,,,0.0922,2.6901,13.1055,,,,Alkali_Feldspar,Gagnevinetal2005
1142,DG-90,64.5712,,19.3357,0.0,,,0.1172,2.7009,12.8143,,,,Alkali_Feldspar,Gagnevinetal2005
1143,DG-90,64.6782,,19.3395,0.0,,,0.1408,2.5436,12.7982,,,,Alkali_Feldspar,Gagnevinetal2005
1144,DG-90,65.1515,,19.2203,0.0,,,0.1262,3.1545,12.7113,,,,Alkali_Feldspar,Gagnevinetal2005
1145,DG-90,65.3257,,19.2788,0.0,,,0.1493,2.7617,12.9352,,,,Alkali_Feldspar,Gagnevinetal2005
1146,DG-90,65.3093,,19.3303,0.0,,,0.0757,2.666,13.3038,,,,Alkali_Feldspar,Gagnevinetal2005
1147,DG-90,65.3168,,19.3468,0.0,,,0.1297,2.513,13.5661,,,,Alkali_Feldspar,Gagnevinetal2005
1148,DG-90,65.3487,,19.2994,0.0,,,0.1144,2.5137,13.2966,,,,Alkali_Feldspar,Gagnevinetal2005
1149,DG-90,64.9669,,19.3759,0.0,,,0.1277,2.6162,13.1524,,,,Alkali_Feldspar,Gagnevinetal2005
1150,DG-90,65.2893,,19.3455,0.0,,,0.1484,3.0219,12.6738,,,,Alkali_Feldspar,Gagnevinetal2005
1151,DG-90,65.0794,,19.2779,0.0,,,0.1253,3.0012,12.6054,,,,Alkali_Feldspar,Gagnevinetal2005
1152,DG-90,64.6524,,19.1691,0.0,,,0.135,2.5139,13.4766,,,,Alkali_Feldspar,Gagnevinetal2005
1153,DG-90,65.1435,,19.3889,0.0,,,0.1461,2.4045,13.4349,,,,Alkali_Feldspar,Gagnevinetal2005
1154,DG-90,65.4909,,19.2632,0.0,,,0.1075,2.4826,13.3405,,,,Alkali_Feldspar,Gagnevinetal2005
1155,DG-90,65.1314,,19.3992,0.0,,,0.1108,2.6812,13.3783,,,,Alkali_Feldspar,Gagnevinetal2005
1156,DG-90,65.4399,,19.2897,0.0,,,0.1013,2.5188,13.3465,,,,Alkali_Feldspar,Gagnevinetal2005
1157,DG-90,64.9095,,19.2503,0.0,,,0.1443,2.2947,13.6729,,,,Alkali_Feldspar,Gagnevinetal2005
1158,DG-90,65.3736,,19.5444,0.0,,,0.152,2.3741,13.4999,,,,Alkali_Feldspar,Gagnevinetal2005
1159,DG-90,65.355,,19.4029,0.0,,,0.1077,2.4424,13.5608,,,,Alkali_Feldspar,Gagnevinetal2005
1160,DG-90,65.4035,,19.451,0.0,,,0.1411,2.6373,13.0906,,,,Alkali_Feldspar,Gagnevinetal2005
1161,DG-90,65.4348,,19.1863,0.0,,,0.1248,2.9771,12.8793,,,,Alkali_Feldspar,Gagnevinetal2005
1162,DG-90,65.4435,,19.5842,0.0,,,0.16,2.8851,12.8214,,,,Alkali_Feldspar,Gagnevinetal2005
1163,DG-90,64.8922,,19.5468,0.0,,,0.1606,2.8215,12.8049,,,,Alkali_Feldspar,Gagnevinetal2005
1164,DG-90,65.3459,,19.3919,0.0,,,0.0624,2.4307,13.4467,,,,Alkali_Feldspar,Gagnevinetal2005
1165,DG-90,65.2039,,19.3929,0.0,,,0.104,2.8713,12.8011,,,,Alkali_Feldspar,Gagnevinetal2005
1166,DG-90,65.547,,19.3938,0.0,,,0.0722,2.5737,13.1701,,,,Alkali_Feldspar,Gagnevinetal2005
1167,DG-90,64.5285,,19.5383,0.0,,,0.082,2.3994,12.9578,,,,Alkali_Feldspar,Gagnevinetal2005
1168,DG-90,64.9157,,19.4507,0.0,,,0.0529,2.1612,13.879,,,,Alkali_Feldspar,Gagnevinetal2005
1169,DG-90,65.287,,19.0477,0.0,,,0.0686,2.2099,13.9709,,,,Alkali_Feldspar,Gagnevinetal2005
1170,DG-90,64.7495,,19.1203,0.0,,,0.119,2.4821,13.3244,,,,Alkali_Feldspar,Gagnevinetal2005
1171,DG-90,64.7189,,19.1663,0.0,,,0.1064,2.7399,12.8621,,,,Alkali_Feldspar,Gagnevinetal2005
1172,DG-53,64.3454,,18.6949,0.0,,,0.0635,2.0989,13.5233,,,,Alkali_Feldspar,Gagnevinetal2005
1173,DG-53,64.7043,,19.3214,0.0,,,0.0764,2.2036,13.5447,,,,Alkali_Feldspar,Gagnevinetal2005
1174,DG-53,64.6133,,19.2691,0.0,,,0.046,2.3385,13.1605,,,,Alkali_Feldspar,Gagnevinetal2005
1175,DG-53,64.7916,,19.2538,0.0,,,0.0759,2.8013,12.6188,,,,Alkali_Feldspar,Gagnevinetal2005
1176,DG-53,64.9337,,19.1361,0.0,,,0.0809,2.5884,12.6146,,,,Alkali_Feldspar,Gagnevinetal2005
1177,DG-53,64.5339,,19.2539,0.0,,,0.0654,2.4957,12.5648,,,,Alkali_Feldspar,Gagnevinetal2005
1178,DG-53,65.4311,,19.0018,0.0,,,0.0376,2.525,13.1305,,,,Alkali_Feldspar,Gagnevinetal2005
1179,DG-53,64.7671,,19.1865,0.0,,,0.0822,2.5908,12.9883,,,,Alkali_Feldspar,Gagnevinetal2005
1180,DG-53,65.1007,,19.0302,0.0,,,0.0463,2.2432,13.3458,,,,Alkali_Feldspar,Gagnevinetal2005
1181,DG-53,65.0423,,19.1709,0.0,,,0.088,2.6952,12.8765,,,,Alkali_Feldspar,Gagnevinetal2005
1182,DG-53,64.8783,,19.2223,0.0,,,0.0681,2.5626,12.9677,,,,Alkali_Feldspar,Gagnevinetal2005
1183,DG-53,64.9006,,19.3432,0.0,,,0.0943,2.5839,12.7127,,,,Alkali_Feldspar,Gagnevinetal2005
1184,DG-53,64.7969,,18.8606,0.0,,,0.0659,2.441,12.9783,,,,Alkali_Feldspar,Gagnevinetal2005
1185,DG-53,64.7254,,19.1391,0.0,,,0.0562,2.2519,13.204,,,,Alkali_Feldspar,Gagnevinetal2005
1186,DG-53,64.8921,,19.1892,0.0,,,0.0863,2.5043,12.7477,,,,Alkali_Feldspar,Gagnevinetal2005
1187,DG-53,64.2379,,19.1265,0.0,,,0.1207,2.4786,12.7911,,,,Alkali_Feldspar,Gagnevinetal2005
1188,DG-53,64.7468,,19.0099,0.0,,,0.0772,2.733,12.648,,,,Alkali_Feldspar,Gagnevinetal2005
1189,DG-53,64.8468,,19.0952,0.0,,,0.0641,2.6485,13.039,,,,Alkali_Feldspar,Gagnevinetal2005
1190,DG-53,64.8657,,18.986,0.0,,,0.0727,2.3349,13.2456,,,,Alkali_Feldspar,Gagnevinetal2005
1191,DG-53,64.5172,,18.9549,0.0,,,0.1217,2.6437,12.8218,,,,Alkali_Feldspar,Gagnevinetal2005
1192,DG-53,64.7749,,18.8783,0.0,,,0.0911,2.4245,13.2039,,,,Alkali_Feldspar,Gagnevinetal2005
1193,DG-53,65.292,,19.0818,0.0,,,0.1045,2.6943,12.9795,,,,Alkali_Feldspar,Gagnevinetal2005
1194,DG-53,65.3518,,18.8945,0.0,,,0.1043,2.5663,12.8714,,,,Alkali_Feldspar,Gagnevinetal2005
1195,DG-53,65.4129,,18.8952,0.0,,,0.0858,2.5896,13.2662,,,,Alkali_Feldspar,Gagnevinetal2005
1196,DG-53,65.1974,,19.037,0.0,,,0.0757,2.4522,13.288,,,,Alkali_Feldspar,Gagnevinetal2005
1197,DG-53,64.6611,,18.9569,0.0,,,0.0653,2.2707,13.6168,,,,Alkali_Feldspar,Gagnevinetal2005
1198,DG-53,64.7105,,18.789,0.0,,,0.0227,1.953,14.0813,,,,Alkali_Feldspar,Gagnevinetal2005
1199,DG-53,65.1942,,18.6885,0.0,,,0.0969,2.3028,13.4677,,,,Alkali_Feldspar,Gagnevinetal2005
1200,VS219_129 / 1 . _Leu,54.7008,0.113,23.0378,0.5208,0.0064,0.0493,,0.0205,21.7093,,,,Leucite,Andersenetal2014
1201,VS219_130 / 1 . _Leu,53.9668,0.2247,23.4576,0.346,0.0064,0.0094,,0.0449,21.2721,,,,Leucite,Andersenetal2014
1202,VS219_160 / 1 . _Leu,54.2729,0.094,22.5972,0.4268,0.0128,0.0,,0.0439,21.1794,,,,Leucite,Andersenetal2014
1203,VS219G_67 / 1 . _Leu,54.4068,0.0238,23.0701,0.4373,0.0,0.0,,0.0401,21.4919,,,,Leucite,Andersenetal2014
1204,VS219G_68 / 1 . _Leu,54.6846,0.0483,23.2427,0.3829,0.0343,0.0073,,0.0361,21.5112,,,,Leucite,Andersenetal2014
1205,VS219G_80 / 1 . _Leu,54.7672,0.041,23.0006,0.4817,0.0085,0.0166,,0.0165,20.8019,,,,Leucite,Andersenetal2014
1206,VS219G_81 / 1 . _Leu,54.292,0.0373,23.3541,0.3334,0.0128,0.0,,0.1015,21.0928,,,,Leucite,Andersenetal2014
1207,Nyira 2002_lc_2,52.68124,,23.03926,0.3103157,,,0.04579585,0.2137414,21.56035,,,,Leucite,Minissaleetal2019
1208,Nyira 2002_lc_3,54.25251,,23.24402,0.7478554,,,0.3626536,0.5580912,20.83509,,,,Leucite,Minissaleetal2019
1209,Nyira 2002_lc_4,53.57343,,22.82467,0.6744626,,,0.1271093,0.03229518,21.76074,,,,Leucite,Minissaleetal2019
1210,Nyira 2002_lc_5,54.80677,,22.95272,0.4434975,,,0.0,0.1193762,21.11752,,,,Leucite,Minissaleetal2019
1211,Nyira 2002_lc_6,52.11758,,23.82885,0.4376141,,,0.0,0.565645,20.83928,,,,Leucite,Minissaleetal2019
1212,Nyira 2002_lc_8,54.38242,,23.48943,0.4416591,,,0.0,0.2670021,21.92715,,,,Leucite,Minissaleetal2019
1213,Nyira 2002_lc_9,53.55107,,22.97541,0.597166,,,0.1689978,0.1679945,21.21681,,,,Leucite,Minissaleetal2019
1214,Nyira 2002_lc_10,55.86472,,23.80764,0.7340384,,,0.0,0.05515523,22.37037,,,,Leucite,Minissaleetal2019
1215,Nyira 2002_lc_11,55.03167,,23.71505,0.3096414,,,0.0,0.0,21.80246,,,,Leucite,Minissaleetal2019
1216,Nyira 2002_lc_12,54.305,,23.80931,0.5836339,,,0.1669549,0.0,22.20042,,,,Leucite,Minissaleetal2019
1217,Nyira 2002_lc_13,53.83338,,23.57822,0.7238247,,,0.02467719,0.0,20.73763,,,,Leucite,Minissaleetal2019
1218,Nyira 2002_lc_14,53.69474,,23.99683,0.6159579,,,0.0,0.2190062,21.45667,,,,Leucite,Minissaleetal2019
1219,Nyira 2002_lc_15,55.32014,,23.87739,0.689886,,,0.2109858,0.3340085,21.57287,,,,Leucite,Minissaleetal2019
1220,Nyira2016_lct_1,53.8983,,23.53395,0.7870601,,,0.2007431,0.0,21.88652,,,,Leucite,Minissaleetal2019
1221,Nyira2016_lct_2,54.04932,,23.43115,0.7704207,,,0.0,0.1807802,21.51967,,,,Leucite,Minissaleetal2019
1222,Nyira2016_lc?_3,52.54437,,23.46353,0.6406423,,,0.2662564,1.007023,19.47669,,,,Leucite,Minissaleetal2019
1223,Nyira2016_lc_4,55.29365,,22.76358,0.710191,,,0.2728612,0.1886142,20.50977,,,,Leucite,Minissaleetal2019
1224,Nyira2016_lc_5,54.18654,,23.24161,0.5744203,,,0.02554539,0.2183134,21.5518,,,,Leucite,Minissaleetal2019
1225,Nyira2016_lc_6,53.74133,,23.73487,0.4874136,,,0.3154925,0.3163956,21.2845,,,,Leucite,Minissaleetal2019
1226,Leucite_1,55.352866666666664,0.2323,23.270366666666668,0.6433333333333333,0.01375,0.00825,0.039551724137931,1.1542,19.797,,,,Leucite,Molendijketal2023
1227,Leucite_2,56.162000000000006,0.193,23.502,0.4825,,0.002,0.0075,1.25,19.725,,,,Leucite,Molendijketal2023
1228,Leucite_3,55.3444375,0.21975,23.1718125,0.5881875,0.0165,0.0083,0.0159333333333333,1.2836875,19.729375,,,,Leucite,Molendijketal2023
1229,Leucite_4,55.469,0.1345454545454545,23.27918181818182,0.5719090909090909,0.0126666666666666,0.007,0.0192727272727272,1.4550909090909092,19.446272727272728,,,,Leucite,Molendijketal2023
1230,Leucite_5,53.79233333333333,0.1825555555555555,24.08,0.7652222222222222,0.0132,0.0176666666666666,0.0696666666666666,1.4282222222222225,19.273666666666667,,,,Leucite,Molendijketal2023
1231,Leucite_6,55.295,0.2396666666666666,23.163125,0.5817083333333333,0.0139285714285714,0.00775,0.032625,1.2847083333333331,19.734791666666663,,,,Leucite,Molendijketal2023
1232,Leucite_7,55.63166666666667,0.1591666666666666,23.330666666666666,0.5936666666666667,0.02,0.00675,0.0331666666666666,1.3961666666666666,19.309833333333337,,,,Leucite,Molendijketal2023
1233,Leucite_8,55.5445,0.202875,23.25675,0.618625,0.0209999999999999,0.007,0.024375,1.138375,19.781,,,,Leucite,Molendijketal2023
1234,Leucite_9,55.2768,0.2274,23.1466,0.6623,0.0172857142857142,0.0038333333333333,0.0366,1.4715,19.2405,,,,Leucite,Molendijketal2023
1235,Leucite_10,55.8811,0.1243,23.317,0.6078,0.0137142857142857,0.0124,0.0604,1.6481,18.9439,,,,Leucite,Molendijketal2023
1236,Leucite_11,54.91754999999995,0.2172999999999998,23.83384999999994,0.6054499999999996,0.0134999999999999,0.0048333333333333,0.0329999999999999,1.327599999999998,19.851849999999978,,,,Leucite,Molendijketal2023
1237,Leucite_12,54.63874999999995,0.2397499999999995,22.515999999999977,0.7659999999999992,,0.0174999999999999,0.0719999999999999,1.0337499999999973,20.2607499999999,,,,Leucite,Molendijketal2023
1238,Leucite_13,54.744,0.12175,22.622499999999977,0.645,0.0216666666666666,0.001,0.026,1.523499999999995,19.568749999999977,,,,Leucite,Molendijketal2023
1239,Leucite_14,55.30184615384613,0.2103846153846153,22.758461538461507,0.4108461538461536,0.0104999999999999,0.0085,0.0216363636363636,1.1712307692307675,19.86838461538461,,,,Leucite,Molendijketal2023
1240,Leucite_15,53.9869639714972,0.22330984,23.257398316831484,0.51176888,0.0174304545454545,0.0128046666666666,0.0376438,1.0092072,20.258748,,,,Leucite,Molendijketal2023
1241,Leucite_16,54.075425,0.1751079999999999,22.006075,0.3882375,0.017187,0.016772,0.01000275,1.2283825,19.83895,,,,Leucite,Molendijketal2023
1242,Leucite_17,54.89775384615385,0.2410452307692307,22.5149,0.4753031538461538,0.0142608333333333,0.0068214,0.0282348461538461,1.1343256153846153,19.987984615384615,,,,Leucite,Molendijketal2023
1243,Leucite_18,54.70433333333333,0.174853,22.371433333333332,0.4610733333333333,0.014549,0.005413,0.02239,1.1695533333333334,19.923633333333335,,,,Leucite,Molendijketal2023
1244,Leucite_19,53.89864444444444,0.180975,22.87906101516676,0.5947352222222222,0.0101544285714285,0.00899,0.0273142222222222,1.0939144444444444,20.10781111111111,,,,Leucite,Molendijketal2023
1245,Leucite_20,54.71244,0.1904774,23.34400905875828,0.5788013,0.0113616,0.0115568,0.02358,1.244878,19.98909,,,,Leucite,Molendijketal2023
1246,Leucite_21,55.24423,0.1223599,22.37961,0.5501956,0.0221576666666666,0.0100406,0.0261177,1.335046,19.68241,,,,Leucite,Molendijketal2023
1247,Leucite_22,54.1684,0.1770004,21.95596,0.8383342,0.0158983333333333,0.008605,0.0627784,1.333018,19.76268,,,,Leucite,Molendijketal2023
1248,Leucite_23,54.31354,0.2215448,22.31202,0.5015916,0.005933,0.0083825,0.033519,1.376213,19.65563,,,,Leucite,Molendijketal2023
1249,Leucite_24,54.92796,0.163081,23.8063,0.6150058,0.02533075,0.022227,0.0198248,1.169954,19.58212,0.03634425,,,Leucite,Molendijketal2023
1250,SK1-5,54.26,0.11,23.26,0.73,,0.02,,0.04,20.92,,,,Leucite,Alietal2013
1251,SK2-7,54.43,0.14,23.68,0.65,,,0.02,0.11,21.22,,,,Leucite,Alietal2013
1252,SK4-9,54.76,0.1,23.53,0.77,,,0.02,0.07,21.34,,,,Leucite,Alietal2013
1253,SK6-120,54.25,0.13,23.17,0.54,,0.02,,0.06,21.09,,,,Leucite,Alietal2013
1254,SK8-12,54.58,0.05,22.99,0.77,,0.02,0.03,0.08,20.8,,,,Leucite,Alietal2013
1255,SK9-25,54.35,0.12,22.99,1.14,,,0.07,,21.16,,,,Leucite,Alietal2013
1256,SK12-5,54.32,0.14,23.31,1.23,,,0.12,0.03,21.2,,,,Leucite,Alietal2013
1257,SK16-5,54.3,0.13,22.59,0.85,,,0.08,0.05,21.11,,,,Leucite,Alietal2013
1258,WA1-31,54.1,0.13,23.43,0.8,,,0.06,0.11,20.83,,,,Leucite,Alietal2013
1259,WA1-32,54.52,0.08,23.3,0.9,,,0.09,0.17,20.78,,,,Leucite,Alietal2013
1260,WA1-36,54.22,0.14,23.29,0.76,,,0.03,0.26,20.47,,,,Leucite,Alietal2013
1261,KL5-7,55.24,0.1,23.18,0.45,,,0.04,0.1,20.94,,,,Leucite,Alietal2013
1262,KL5-14,54.8,0.13,23.39,0.35,,,0.02,0.12,21.07,,,,Leucite,Alietal2013
1263,KL5-15,54.73,0.13,23.29,0.32,,,0.03,0.13,20.75,,,,Leucite,Alietal2013
1264,KL5-16,54.89,0.14,23.32,0.34,,,0.03,0.09,20.79,,,,Leucite,Alietal2013
1265,KL5-42,56.2,0.17,22.87,0.27,,0.02,0.03,0.11,20.25,,,,Leucite,Alietal2013
1266,KL6-45,54.96,0.13,23.5,0.42,,,,0.09,21.32,,,,Leucite,Alietal2013
1267,KL6-46,54.81,0.15,23.58,0.36,,,0.03,0.05,21.15,,,,Leucite,Alietal2013
1268,KL6-47,54.95,0.19,23.5,0.52,,,0.04,0.07,21.09,,,,Leucite,Alietal2013
1269,KL6-54,54.76,0.24,23.33,0.36,,,,0.13,20.8,,,,Leucite,Alietal2013
1270,ST13-209,54.27,0.07,24.02,0.58,,0.03,0.41,0.91,18.32,,,,Leucite,Alietal2013
1271,ST13-223,54.51,0.1,22.77,0.54,,0.02,0.04,0.16,21.0,,,,Leucite,Alietal2013
1272,ST99-22,55.43,0.07,23.26,0.55,,0.03,0.11,0.09,21.26,,,,Leucite,Alietal2013
1273,ST99-23,55.05,0.05,22.96,0.82,,0.05,0.37,0.22,20.31,,,,Leucite,Alietal2013
1274,ST99-24,54.97,0.06,23.54,0.53,,,0.04,0.13,21.42,,,,Leucite,Alietal2013
1275,SAV8 19 Lc microPh gm,54.568,0.092,22.607,0.0,0.0,0.002,0.0,0.14,20.859,,,,Leucite,Lustrinoetal2020
1276,SAV10 1_7 Lc,54.703,0.105,22.938,0.0,0.027,0.005,0.034,0.023,21.158,,,,Leucite,Lustrinoetal2020
1277,SAV12 1_4a Lc,53.231,0.148,23.502,0.0,0.047,0.019,0.055,0.042,21.772,,,,Leucite,Lustrinoetal2020
1278,SAV12 1_8a Lc  gm,53.796,0.131,24.028,0.0,0.017,0.018,0.02,0.227,21.534,,,,Leucite,Lustrinoetal2020
1279,SAV12 1_19 Lc gm ,54.894,0.133,24.017,0.0,0.005,0.018,0.007,0.164,21.721,,,,Leucite,Lustrinoetal2020
1280,SAV12 2.9 Lc gm,54.811,0.174,24.369,0.0,0.0,0.035,0.132,0.195,21.299,,,,Leucite,Lustrinoetal2020
1281,SAV15 1_5 Lc,55.295,0.067,23.083,0.0,0.042,0.038,0.0,0.158,21.368,,,,Leucite,Lustrinoetal2020
1282,SAV15 1_8c Lc gm,54.725,0.182,22.785,0.0,0.042,0.054,0.046,0.105,21.525,,,,Leucite,Lustrinoetal2020
1283,SAV15 1_8e gm,54.515,0.095,23.36,0.0,0.015,0.002,0.033,0.114,21.738,,,,Leucite,Lustrinoetal2020
1284,SAV15 1_9d,54.738,0.223,22.886,0.0,0.047,0.073,0.154,0.118,21.421,,,,Leucite,Lustrinoetal2020
1285,SAV15 1_9b gm,55.231,0.152,22.8,0.0,0.0,0.009,0.042,0.112,21.683,,,,Leucite,Lustrinoetal2020
1286,SAV15 1_12a,54.978,0.195,22.944,0.0,0.0,0.004,0.019,0.166,21.278,,,,Leucite,Lustrinoetal2020
1287,SAV15 1_12e gm,55.245,0.169,22.642,0.0,0.0,0.008,0.118,0.11,21.091,,,,Leucite,Lustrinoetal2020
1288,SAV15 1_18,54.953,0.06,22.944,0.0,0.02,0.0,0.0,0.221,21.398,,,,Leucite,Lustrinoetal2020
1289,SAV7B 2_5a Lc r,55.577,0.158,24.463,0.0,0.01,0.0,0.0,0.05,20.309,,,,Leucite,Lustrinoetal2020
1290,SAV7B 2_5a Lc,54.411,0.149,24.907,0.0,0.0,0.028,0.016,0.043,20.419,,,,Leucite,Lustrinoetal2020
1291,SAV7B 2_5aLc,55.024,0.147,24.477,0.0,0.085,0.031,0.002,0.036,20.348,,,,Leucite,Lustrinoetal2020
1292,SAV8 1_16,55.246,0.154,22.729,0.0,0.012,0.005,0.0,0.12,21.025,,,,Leucite,Lustrinoetal2020
1293,SAV8 2_1 Lc,54.707,0.11,22.581,0.0,0.025,0.0,0.0,0.123,21.336,,,,Leucite,Lustrinoetal2020
1294,SAV9 1-1a,53.933,0.18,24.013,0.0,0.0,0.0,0.024,0.121,21.18,,,,Leucite,Lustrinoetal2020
1295,SAV9 1_6 big Lc c,53.049,0.181,23.85,0.0,0.037,0.007,0.0,0.119,21.393,,,,Leucite,Lustrinoetal2020
1296,SAV9 1-6bis Lc r,55.034,0.195,25.057,0.0,0.0,0.012,0.026,0.16,21.033,,,,Leucite,Lustrinoetal2020
1297,SAV9 1_19 Lc interg,53.278,0.138,23.994,0.0,0.027,0.01,0.001,0.119,21.234,,,,Leucite,Lustrinoetal2020
1298,SAV1_1.15 Lc microPh in scoria,55.509,0.099,22.324,0.0,0.012,0.0,0.025,0.404,20.696,,,,Leucite,Lustrinoetal2020
1299,SAV2b 1_10  Lc microPh in scoria,54.046,0.118,22.648,0.0,0.0,0.075,0.073,0.32,21.012,,,,Leucite,Lustrinoetal2020
1300,UC1080,0.16,16.572,0.941,74.515,0.565,0.851,0.037,,,,0.012,,Magnetite,Deeringetal2010
1301,NT213-12F,0.084,11.74,1.773,78.608,0.552,0.773,0.172,,,,0.082,,Magnetite,Deeringetal2010
1302,UC1176,0.0795,12.7306,1.2633,79.265,0.7099,0.7289,0.0187,,,,0.0143,,Magnetite,Deeringetal2010
1303,UC1039,0.077,11.819,1.917,79.365,0.521,1.169,0.028,,,,0.037,,Magnetite,Deeringetal2010
1304,UC1210,0.0833,13.1964,1.3179,79.5037,0.6949,0.494,0.0629,,,,0.1033,,Magnetite,Deeringetal2010
1305,UC1210,0.1398,12.5898,1.2306,79.5508,0.7477,0.4716,0.0918,,,,0.0317,,Magnetite,Deeringetal2010
1306,UC641,0.106,11.504,1.745,79.566,0.565,0.435,0.248,,,,0.0,,Magnetite,Deeringetal2010
1307,UC1210,0.1202,13.1289,1.1834,79.5769,0.8282,0.4669,0.1132,,,,0.0239,,Magnetite,Deeringetal2010
1308,UC766,0.082,13.347,1.709,79.614,0.763,0.722,0.029,,,,0.073,,Magnetite,Deeringetal2010
1309,UC1210,0.0729,14.0129,1.3008,79.7405,0.6846,0.4849,0.0083,,,,0.0,,Magnetite,Deeringetal2010
1310,UC1210,0.1291,13.8862,1.2784,79.7438,0.6946,0.4804,0.0082,,,,0.0289,,Magnetite,Deeringetal2010
1311,UC1210,0.1031,14.1171,1.2995,79.7524,0.6786,0.5233,0.0122,,,,0.0,,Magnetite,Deeringetal2010
1312,UC641,0.066,13.116,1.443,79.817,0.576,0.627,0.012,,,,0.023,,Magnetite,Deeringetal2010
1313,UC175,0.095,10.017,2.878,79.953,0.525,1.969,0.124,,,,0.031,,Magnetite,Deeringetal2010
1314,UC1185,0.0645,11.3686,1.1052,79.9822,0.7689,0.5563,0.0183,,,,0.0075,,Magnetite,Deeringetal2010
1315,UC1210,0.1463,12.727,1.26,79.9886,0.6901,0.4852,0.0989,,,,0.0476,,Magnetite,Deeringetal2010
1316,UC1176,0.0599,11.7067,1.5607,80.0065,0.736,0.9806,0.0032,,,,0.001,,Magnetite,Deeringetal2010
1317,UC666,0.082,12.363,1.404,80.061,0.611,0.569,0.012,,,,0.035,,Magnetite,Deeringetal2010
1318,UC1210,0.1666,12.6946,1.1704,80.0853,0.7668,0.4765,0.0447,,,,0.0387,,Magnetite,Deeringetal2010
1319,UC175,0.056,10.383,2.799,80.131,0.53,1.964,0.054,,,,0.022,,Magnetite,Deeringetal2010
1320,UC1210,0.1236,13.4142,1.2749,80.2296,0.6881,0.4982,0.011,,,,0.0,,Magnetite,Deeringetal2010
1321,UC1210,0.1375,12.9762,1.1889,80.2416,0.7785,0.5435,0.0308,,,,0.0377,,Magnetite,Deeringetal2010
1322,UC175,0.079,10.284,2.885,80.325,0.489,2.054,0.018,,,,0.024,,Magnetite,Deeringetal2010
1323,UC719,0.09,11.883,1.605,80.36,0.722,0.883,0.044,,,,0.047,,Magnetite,Deeringetal2010
1324,UC711,0.09,11.092,1.619,80.538,0.682,0.854,0.046,,,,0.073,,Magnetite,Deeringetal2010
1325,UC1210,0.088,12.3476,1.3378,80.6648,0.9799,0.6472,0.0183,,,,0.0,,Magnetite,Deeringetal2010
1326,UC649,0.13,8.94,1.594,80.722,0.571,0.773,0.089,,,,0.048,,Magnetite,Deeringetal2010
1327,UC559,0.097,10.637,1.713,80.738,0.569,0.594,0.052,,,,0.023,,Magnetite,Deeringetal2010
1328,UC1004,0.054,11.973,1.725,80.787,0.747,0.838,0.002,,,,0.023,,Magnetite,Deeringetal2010
1329,UC1176,0.0773,11.8697,1.3606,80.7878,0.7482,0.7084,0.0857,,,,0.0,,Magnetite,Deeringetal2010
1330,UC668,0.086,12.166,1.376,80.804,0.653,0.509,0.0,,,,0.006,,Magnetite,Deeringetal2010
1331,UC711,0.059,11.289,1.577,80.818,0.664,0.802,0.003,,,,0.039,,Magnetite,Deeringetal2010
1332,UC719,0.188,10.752,1.563,80.885,0.644,0.801,0.0,,,,0.016,,Magnetite,Deeringetal2010
1333,UC1013,0.085,10.359,1.894,80.913,0.679,1.629,0.04,,,,0.015,,Magnetite,Deeringetal2010
1334,UC173,0.095,11.687,1.71,80.961,0.454,0.846,0.096,,,,0.073,,Magnetite,Deeringetal2010
1335,UC1176,0.096,11.7203,1.3044,81.0818,0.7107,0.6559,0.0018,,,,0.0219,,Magnetite,Deeringetal2010
1336,UC175,0.094,11.668,1.578,81.091,0.471,0.762,0.049,,,,0.031,,Magnetite,Deeringetal2010
1337,UC719,0.147,10.812,1.529,81.106,0.642,0.808,0.01,,,,0.023,,Magnetite,Deeringetal2010
1338,UC175,0.098,12.241,1.638,81.115,0.44,0.746,0.007,,,,0.019,,Magnetite,Deeringetal2010
1339,UC1176,0.1003,11.7663,1.2761,81.1767,0.7397,0.6591,0.0106,,,,0.0269,,Magnetite,Deeringetal2010
1340,UC1176,0.1107,11.8881,1.2909,81.2167,0.7309,0.7535,0.0254,,,,0.0048,,Magnetite,Deeringetal2010
1341,UC1233,0.081,12.482,2.027,81.228,0.621,0.462,0.017,,,,0.015,,Magnetite,Deeringetal2010
1342,UC668,0.085,10.834,1.257,81.295,0.599,0.502,0.035,,,,0.021,,Magnetite,Deeringetal2010
1343,UC1204,0.1026,11.6583,1.1107,81.3204,0.8252,0.5434,0.0104,,,,0.0,,Magnetite,Deeringetal2010
1344,UC175,0.093,11.974,1.578,81.327,0.497,0.769,0.039,,,,0.05,,Magnetite,Deeringetal2010
1345,UC175,0.131,11.657,1.592,81.333,0.505,0.762,0.019,,,,0.023,,Magnetite,Deeringetal2010
1346,UC1204,0.093,11.1507,1.1898,81.353,0.7806,0.5171,0.0173,,,,0.0,,Magnetite,Deeringetal2010
1347,UC902,0.115,11.773,1.62,81.362,0.664,1.01,0.021,,,,0.007,,Magnetite,Deeringetal2010
1348,UC1176,0.0942,11.5878,1.2691,81.41,0.7583,0.6289,0.0516,,,,0.0108,,Magnetite,Deeringetal2010
1349,UC1204,0.0962,11.6473,1.094,81.4266,0.7755,0.5421,0.0049,,,,0.052,,Magnetite,Deeringetal2010
1350,UC711,0.069,11.229,1.6,81.524,0.645,0.843,0.013,,,,0.022,,Magnetite,Deeringetal2010
1351,UC1024,0.053,10.953,1.34,81.524,0.659,0.747,0.0,,,,0.035,,Magnetite,Deeringetal2010
1352,UC770,0.156,11.692,0.998,81.54,0.774,0.451,0.036,,,,0.0,,Magnetite,Deeringetal2010
1353,UC1176,0.0879,11.6923,1.2197,81.5527,0.7362,0.6749,0.0,,,,0.0,,Magnetite,Deeringetal2010
1354,UC175,0.075,9.106,2.607,81.58,0.367,1.432,0.084,,,,0.052,,Magnetite,Deeringetal2010
1355,UC175,0.054,8.961,2.749,81.595,0.366,1.409,0.047,,,,0.083,,Magnetite,Deeringetal2010
1356,UC766,0.091,11.716,1.047,81.617,0.719,0.487,0.019,,,,0.019,,Magnetite,Deeringetal2010
1357,SB3045,0.1089,10.8723,1.3503,81.6301,0.6037,0.3633,0.0207,,,,0.0422,,Magnetite,Deeringetal2010
1358,UC1176,0.1332,11.2001,1.0118,81.6439,0.7831,0.4568,0.029,,,,0.0363,,Magnetite,Deeringetal2010
1359,UC1250,0.0839,8.6772,2.1313,81.6758,0.8729,0.6088,0.0,,,,0.0193,,Magnetite,Deeringetal2010
1360,UC1079,0.068,9.959,1.335,81.693,0.546,0.627,0.023,,,,0.0,,Magnetite,Deeringetal2010
1361,UC1079,0.1,9.944,1.368,81.703,0.576,0.644,0.0,,,,0.0,,Magnetite,Deeringetal2010
1362,UC1004,0.06,11.12,1.544,81.727,0.605,0.809,0.0,,,,0.011,,Magnetite,Deeringetal2010
1363,UC1077,0.155,11.089,1.194,81.739,0.52,0.604,0.0,,,,0.027,,Magnetite,Deeringetal2010
1364,UC1032,0.125,10.996,1.387,81.746,0.667,0.798,0.0,,,,0.043,,Magnetite,Deeringetal2010
1365,UC766,0.075,11.582,1.022,81.758,0.767,0.458,0.016,,,,0.02,,Magnetite,Deeringetal2010
1366,UC216,0.146,11.871,0.844,81.764,0.785,0.451,0.0,,,,0.061,,Magnetite,Deeringetal2010
1367,UC637,0.06,10.23,2.08,81.777,0.552,0.536,0.005,,,,0.011,,Magnetite,Deeringetal2010
1368,UC549,0.104,10.8,1.159,81.782,0.65,0.55,0.002,,,,0.02,,Magnetite,Deeringetal2010
1369,UC1176,0.0813,11.56,1.1075,81.7913,0.7798,0.5956,0.0051,,,,0.0089,,Magnetite,Deeringetal2010
1370,UC991,0.076,11.205,1.356,81.891,0.667,0.68,0.0,,,,0.0,,Magnetite,Deeringetal2010
1371,UC179,0.097,10.778,1.684,81.915,0.52,0.584,0.019,,,,0.023,,Magnetite,Deeringetal2010
1372,UC987,0.156,11.089,1.331,81.942,0.624,0.732,0.0,,,,0.024,,Magnetite,Deeringetal2010
1373,UC932,0.12,9.224,1.401,81.978,0.839,0.505,0.004,,,,0.0,,Magnetite,Deeringetal2010
1374,UC649,0.089,8.642,1.472,81.993,0.611,0.782,0.1,,,,0.042,,Magnetite,Deeringetal2010
1375,UC801,0.116,12.036,1.036,82.014,0.772,0.438,0.025,,,,0.0,,Magnetite,Deeringetal2010
1376,UC179,0.118,10.53,1.655,82.032,0.525,0.596,0.01,,,,0.021,,Magnetite,Deeringetal2010
1377,UC354,0.207,10.587,1.337,82.032,0.649,0.466,0.025,,,,0.021,,Magnetite,Deeringetal2010
1378,UC725,0.205,10.462,1.413,82.064,0.58,0.542,0.014,,,,0.006,,Magnetite,Deeringetal2010
1379,UC216,0.093,11.606,0.942,82.065,0.813,0.47,0.056,,,,0.028,,Magnetite,Deeringetal2010
1380,UC1034,0.089,10.757,1.521,82.113,0.552,0.551,0.024,,,,0.045,,Magnetite,Deeringetal2010
1381,UC1185,0.1158,10.459,1.3038,82.1447,0.7991,0.5718,0.0035,,,,0.0226,,Magnetite,Deeringetal2010
1382,UC498,0.069,10.966,1.518,82.148,0.549,0.736,0.004,,,,0.026,,Magnetite,Deeringetal2010
1383,UC549,0.145,10.551,1.312,82.15,0.624,0.567,0.0,,,,0.001,,Magnetite,Deeringetal2010
1384,UC766,0.087,11.607,1.02,82.184,0.751,0.486,0.008,,,,0.019,,Magnetite,Deeringetal2010
1385,UC801,0.136,11.782,1.016,82.186,0.79,0.45,0.025,,,,0.03,,Magnetite,Deeringetal2010
1386,UC179,0.079,10.635,1.658,82.19,0.544,0.579,0.021,,,,0.0,,Magnetite,Deeringetal2010
1387,UC354,0.119,10.331,1.303,82.19,0.584,0.51,0.0,,,,0.0,,Magnetite,Deeringetal2010
1388,UC179,0.053,10.56,1.586,82.193,0.533,0.591,0.0,,,,0.041,,Magnetite,Deeringetal2010
1389,UC926,0.208,9.099,1.424,82.197,0.814,0.519,0.105,,,,0.056,,Magnetite,Deeringetal2010
1390,UC1176,0.0934,11.2913,0.9947,82.2193,0.7958,0.4572,0.0367,,,,0.0446,,Magnetite,Deeringetal2010
1391,UC179,0.088,10.701,1.61,82.232,0.553,0.602,0.027,,,,0.018,,Magnetite,Deeringetal2010
1392,UC1080,0.064,9.988,1.529,82.247,0.564,0.524,0.0,,,,0.016,,Magnetite,Deeringetal2010
1393,UC901,0.087,10.573,1.246,82.271,0.63,0.463,0.033,,,,0.02,,Magnetite,Deeringetal2010
1394,UC638,0.068,10.365,1.475,82.273,0.613,0.542,0.009,,,,0.021,,Magnetite,Deeringetal2010
1395,UC179,0.054,10.671,1.684,82.277,0.538,0.581,0.02,,,,0.011,,Magnetite,Deeringetal2010
1396,UC637,0.061,10.172,1.339,82.301,0.668,0.497,0.019,,,,0.0,,Magnetite,Deeringetal2010
1397,UC641,0.066,10.619,1.681,82.318,0.56,0.572,0.03,,,,0.043,,Magnetite,Deeringetal2010
1398,UC1053,0.107,10.989,1.363,82.335,0.715,0.55,0.042,,,,0.006,,Magnetite,Deeringetal2010
1399,UC1011,0.056,10.431,1.301,82.385,0.588,0.513,0.001,,,,0.012,,Magnetite,Deeringetal2010
1400,S80_7 / 2 . ,41.0155,0.0521,5.6907,5.2198,0.131,6.6045,28.6936,3.7814,0.1842,,,,Melilite,Andersenetal2012
1401,S80_7 / 3 . ,41.5597,0.0501,5.7844,4.4998,0.0682,7.02,30.7951,3.6693,0.1274,,,,Melilite,Andersenetal2012
1402,S80_7 / 4 . ,41.8556,0.0449,5.9864,4.4798,0.0661,7.4439,31.3132,3.804,0.2444,,,,Melilite,Andersenetal2012
1403,S80_7 / 5 . ,42.2129,0.0428,6.1056,3.7652,0.0504,7.6324,33.4048,3.7534,0.0952,,,,Melilite,Andersenetal2012
1404,S80_7 / 6 . ,41.7562,0.0345,6.3175,3.4506,0.1193,7.7924,33.8264,3.6398,0.0929,,,,Melilite,Andersenetal2012
1405,S80_7 / 7 . ,42.5471,0.0685,6.1738,3.4716,0.0849,7.7502,34.1291,3.8543,0.1106,,,,Melilite,Andersenetal2012
1406,S80_7 / 8 . ,42.8976,0.0642,6.434,3.8537,0.1032,8.2368,32.233,3.7597,0.5912,,,,Melilite,Andersenetal2012
1407,S80_7 / 9 . ,42.6142,0.0738,6.3941,3.6197,0.1102,7.4709,33.7688,3.9068,0.0865,,,,Melilite,Andersenetal2012
1408,S80_7 / 10 . ,42.6322,0.0714,6.4607,3.6892,0.0551,7.6109,33.8928,3.9384,0.108,,,,Melilite,Andersenetal2012
1409,S80_7 / 11 . ,42.5189,0.0506,6.2621,3.6128,0.039,7.5519,33.5818,3.8876,0.1241,,,,Melilite,Andersenetal2012
1410,S80_7 / 12 . ,42.3595,0.0613,5.8809,3.8557,0.0941,7.8096,34.5036,3.649,0.1115,,,,Melilite,Andersenetal2012
1411,S80_7 / 13 . ,42.4878,0.0524,6.3238,3.537,0.0987,7.6388,33.6863,3.9048,0.0967,,,,Melilite,Andersenetal2012
1412,S80_7 / 14 . ,42.8324,0.0536,6.3866,3.4773,0.1033,7.692,33.86,3.9713,0.115,,,,Melilite,Andersenetal2012
1413,S80_7 / 15 . ,42.4718,0.0387,6.1984,3.7345,0.1491,7.739,33.6635,3.7867,0.1075,,,,Melilite,Andersenetal2012
1414,S80_7 / 16 . ,42.7412,0.06,5.7168,3.8936,0.0619,7.8917,33.4858,3.5511,0.1274,,,,Melilite,Andersenetal2012
1415,S80_7 / 18 . ,42.1652,0.0534,5.8747,3.7492,0.103,7.5615,32.6198,3.8077,0.1244,,,,Melilite,Andersenetal2012
1416,S80_7 / 19 . ,41.8198,0.052,6.0249,3.8097,0.1116,7.3322,31.3868,3.801,0.1086,,,,Melilite,Andersenetal2012
1417,A2267_1 / 1 . ,42.8269,0.0346,6.9074,3.072,0.1147,8.1199,34.5465,3.2945,0.2438,,,,Melilite,Andersenetal2012
1418,A2267_2 / 1 . ,43.1516,0.0946,6.0806,3.3003,0.1483,8.324,34.7211,2.8785,0.2471,,,,Melilite,Andersenetal2012
1419,A2267_3 / 1 . ,42.9635,0.0229,5.1904,3.7755,0.0433,8.4333,34.0992,2.809,0.1235,,,,Melilite,Andersenetal2012
1420,A2267_4 / 1 . ,43.0424,0.06,5.0784,4.7177,0.1774,7.8367,34.666,3.188,0.2403,,,,Melilite,Andersenetal2012
1421,A2267_6 / 1 . ,42.0983,0.0574,6.7521,3.1164,0.121,8.1936,34.5577,3.1391,0.2471,,,,Melilite,Andersenetal2012
1422,A2267_60 / 1 . ,41.9417,0.0,5.5675,3.6179,0.0787,8.2331,35.3494,2.8937,0.2457,,,,Melilite,Andersenetal2012
1423,A2267_7 / 1 . ,43.2421,0.0545,5.2762,3.8686,0.0821,8.2689,34.6327,2.9081,0.2215,,,,Melilite,Andersenetal2012
1424,A2274_80 / 1 . ,42.495,0.0572,6.0065,3.765,0.1276,8.1647,33.6881,3.4732,0.2067,,,,Melilite,Andersenetal2012
1425,A2274_81 / 1 . ,43.622,0.1396,5.8201,3.8685,0.0556,7.6999,31.6925,3.3806,0.2849,,,,Melilite,Andersenetal2012
1426,A2274_82 / 1 . ,42.7904,0.0437,5.6989,3.726,0.1645,7.9396,34.4343,3.476,0.1688,,,,Melilite,Andersenetal2012
1427,A2274_83 / 1 . ,42.8013,0.0815,5.7503,3.8671,0.1598,7.9818,33.9887,3.1952,0.2165,,,,Melilite,Andersenetal2012
1428,A2274_84 / 1 . ,42.9582,0.0757,5.4202,3.8024,0.1598,8.2304,34.6622,3.2021,0.1687,,,,Melilite,Andersenetal2012
1429,A2274_85 / 1 . ,42.6228,0.1018,5.389,3.9305,0.1042,8.0485,33.9465,3.3987,0.1754,,,,Melilite,Andersenetal2012
1430,A2274_86 / 1 . ,42.8647,0.0,5.4765,4.0728,0.176,8.0918,34.3107,3.5714,0.238,,,,Melilite,Andersenetal2012
1431,A2274_87 / 1 . ,42.8741,0.0553,5.9908,3.6992,0.0742,7.768,33.5295,3.6571,0.1843,,,,Melilite,Andersenetal2012
1432,A2274_88 / 1 . ,42.5485,0.0815,5.9584,3.6278,0.095,8.1227,33.3778,3.7861,0.18,,,,Melilite,Andersenetal2012
1433,A2274_89 / 1 . ,42.873,0.0494,5.8695,4.3606,0.2197,7.493,32.7818,3.9999,0.1584,,,,Melilite,Andersenetal2012
1434,A2274_66 / 1 . ,43.1177,0.0,5.0347,5.0631,0.1799,7.1733,31.5877,3.7716,0.1694,,,,Melilite,Andersenetal2012
1435,Lava 2002_mel_1,41.96375,0.1573077,6.216917,4.151826,0.1628616,7.505308,33.79617,3.138209,0.1953815,,,,Melilite,Minissaleetal2019
1436,Lava 2002_mel_3,40.01263,0.3218143,9.338398,4.307715,0.1185298,5.305674,29.98081,4.754005,0.5969351,,,,Melilite,Minissaleetal2019
1437,Lava 2002_mel_4,42.8004,,6.047637,4.558031,0.2622229,7.780696,35.65945,3.012658,0.2524973,,,,Melilite,Minissaleetal2019
1438,Lava 2002_mel_5,42.59264,,6.087214,4.128572,0.1071601,8.202596,35.39423,3.116444,0.1320995,,,,Melilite,Minissaleetal2019
1439,Lava 2002_mel_6,42.59846,0.2010675,6.196227,4.220144,0.1317903,7.925653,34.55639,2.89598,0.2095897,,,,Melilite,Minissaleetal2019
1440,Lava 2002_mel_7,42.9693,,6.222014,3.58628,0.1081626,8.025375,35.34366,2.877406,0.2405785,,,,Melilite,Minissaleetal2019
1441,Lava 2002_mel_8,41.96581,0.1966741,7.213052,4.231728,0.1743893,7.825606,35.10161,2.964501,0.3195885,,,,Melilite,Minissaleetal2019
1442,Lava 2002_mel_9,42.07081,0.1399879,6.426677,3.796212,0.1437131,7.647604,34.7357,3.069962,0.1762006,,,,Melilite,Minissaleetal2019
1443,Lava 2002_mel_10,42.28193,,7.061961,3.909267,0.1193172,7.116117,34.42347,3.529135,0.3875027,,,,Melilite,Minissaleetal2019
1444,Lava 2002_mel_11,41.55561,0.07706347,9.110638,3.601451,0.3741231,6.451506,32.68134,3.785985,0.4006782,,,,Melilite,Minissaleetal2019
1445,Lava 2002_mel_12,42.76073,0.346214,6.688693,3.686254,0.1163885,8.108267,34.6972,2.510375,0.05788171,,,,Melilite,Minissaleetal2019
1446,Lava 2002_mel_13,42.44083,0.4259744,7.022096,3.704857,0.2532652,7.597699,34.53599,2.9422,0.2558215,,,,Melilite,Minissaleetal2019
1447,Lava 2002_mel_14,42.60534,0.3926655,5.831442,4.290051,0.3364693,7.344989,34.56558,2.425862,0.0298217,,,,Melilite,Minissaleetal2019
1448,Lava 2002_mel_15,42.66613,,7.002164,3.624573,,8.018012,35.19575,2.624379,0.2871908,,,,Melilite,Minissaleetal2019
1449,Lava 2002_mel_16,43.32588,0.08413992,6.458597,4.139354,,7.929434,35.31998,2.895467,0.1283804,,,,Melilite,Minissaleetal2019
1450,Lava 2002_mel_17,42.96627,0.2014871,6.989344,4.314826,0.07851038,7.699559,34.76964,3.0082,0.1833682,,,,Melilite,Minissaleetal2019
1451,Lava 2002_mel_18,43.29292,0.0,5.939711,3.958429,0.1487284,8.041519,34.91128,2.547205,0.1475491,,,,Melilite,Minissaleetal2019
1452,Lava 2002_mel_19,42.94865,0.3079579,7.51684,3.656231,0.2241013,7.598917,34.56823,2.972167,0.07446553,,,,Melilite,Minissaleetal2019
1453,Lava 2002_mel_20,42.61486,,6.129708,3.630251,0.1161008,8.140971,34.75244,2.600835,0.03654597,,,,Melilite,Minissaleetal2019
1454,Lava 2002_mel_21,42.24818,,6.254951,4.159146,,8.320745,34.74749,2.289124,0.3222485,,,,Melilite,Minissaleetal2019
1455,Lava 2002_mel_22,42.62012,0.0394518,6.342022,3.316588,,7.727442,34.97545,3.077466,0.2229235,,,,Melilite,Minissaleetal2019
1456,Lava 2002_mel_23,43.34173,0.02869282,6.19733,3.86869,0.05547814,8.010654,35.20182,2.978076,0.1453693,,,,Melilite,Minissaleetal2019
1457,Lava 2002_mel_24,43.71457,0.3673112,5.954834,4.207537,,8.552575,35.41103,2.897183,0.260273,,,,Melilite,Minissaleetal2019
1458,Lava 2002_mel_25,42.27741,0.2534376,7.196361,3.843364,0.1285639,7.609184,34.36672,3.095764,0.2704953,,,,Melilite,Minissaleetal2019
1459,Nyira2016_mel_1,43.24554,0.3848121,6.809407,4.025582,,8.544416,35.51371,2.698791,0.2633517,,,,Melilite,Minissaleetal2019
1460,Nyira2016_mel_2,43.64619,0.1205721,7.108723,4.294213,,8.122572,35.90001,2.649173,0.2122655,,,,Melilite,Minissaleetal2019
1461,Nyira2016_mel_3,42.43273,0.04054591,5.747607,4.560263,,8.46332,34.58081,2.407782,0.3441165,,,,Melilite,Minissaleetal2019
1462,Nyira2016_mel_4,42.6251,,6.341554,4.314805,,8.091972,34.8421,2.587327,0.2548188,,,,Melilite,Minissaleetal2019
1463,Nyira2016_mel_5,42.46987,0.2518736,6.300715,3.802989,,8.427639,35.91181,2.508935,0.3039586,,,,Melilite,Minissaleetal2019
1464,Nyira2016_mel_6,42.62228,,6.16047,3.978842,0.4079239,8.190422,34.58541,2.772604,0.2285264,,,,Melilite,Minissaleetal2019
1465,Nyira2016_mel_7,42.55882,0.4643406,6.660994,3.984059,0.09548077,7.651504,34.41048,2.594137,0.2610936,,,,Melilite,Minissaleetal2019
1466,Nyira2016_mel_8,42.98814,0.276896,6.484111,4.321782,0.1372266,8.00742,34.61827,2.669001,0.3638335,,,,Melilite,Minissaleetal2019
1467,Nyira2016_mel_9,42.46731,0.2099833,5.467393,3.943534,,8.380851,34.33495,2.533844,0.3672178,,,,Melilite,Minissaleetal2019
1468,Nyira2016_mel_10,43.62008,,6.356105,4.481737,0.221483,8.420696,34.9573,3.039325,0.1884528,,,,Melilite,Minissaleetal2019
1469,Nyira2016_mel_11,42.2082,0.2786913,5.907496,3.898469,0.04689899,8.52371,34.87753,2.516763,0.2038228,,,,Melilite,Minissaleetal2019
1470,Lava 1977_mel_1,42.33702,0.4721482,9.28245,4.043117,0.1195817,7.064713,32.92596,3.698942,0.5144025,,,,Melilite,Minissaleetal2019
1471,Lava 1977_mel_2,42.50238,0.1373494,7.16662,4.189068,0.0,7.321061,33.45184,3.241253,0.4096325,,,,Melilite,Minissaleetal2019
1472,Lava 1977_mel_3,45.4153,0.0,9.550335,5.747997,0.342723,8.348719,34.6511,4.053034,0.6976091,,,,Melilite,Minissaleetal2019
1473,Lava 1977_mel_4,41.98847,0.160164,6.748244,4.357716,0.1404168,8.040737,33.71535,3.032209,0.3744906,,,,Melilite,Minissaleetal2019
1474,Lava 1977_mel_5,42.47328,0.0,7.949845,4.123134,0.3448228,7.541023,32.58754,3.421276,0.380846,,,,Melilite,Minissaleetal2019
1475,Lava 1977_mel_6,41.97506,0.1788415,6.593273,2.169279,0.1279053,8.683306,36.22395,2.59278,0.187037,,,,Melilite,Minissaleetal2019
1476,Lava 1977_mel_7,41.94922,0.09248936,6.852731,3.63075,0.3557724,7.771901,33.37254,3.256302,0.302402,,,,Melilite,Minissaleetal2019
1477,Lava 1977_mel_8,42.85118,0.05663034,6.795666,3.731099,0.2711698,8.085881,32.96781,3.150439,0.1270358,,,,Melilite,Minissaleetal2019
1478,Lava 1977_mel_9,42.75706,0.0,6.498766,3.292759,0.2634869,8.019428,33.52542,3.056784,0.1283371,,,,Melilite,Minissaleetal2019
1479,Lava 1977_mel_10,42.25729,0.0,7.231444,4.426042,0.0,7.263794,33.70978,2.974529,0.2499302,,,,Melilite,Minissaleetal2019
1480,Lava 1977_mel_11,42.68674,0.3457583,6.674983,3.883865,0.0,8.01195,34.87455,3.308991,0.2759639,,,,Melilite,Minissaleetal2019
1481,Lava 1977_mel_12,42.47754,0.2702761,6.542745,4.240575,0.0,8.263883,35.52197,2.562829,0.1026399,,,,Melilite,Minissaleetal2019
1482,Lava 1977_mel_13,43.49652,0.0,6.452003,5.239982,0.1286211,8.104744,35.26385,2.640912,0.2590625,,,,Melilite,Minissaleetal2019
1483,Lava 1977_mel_14,42.61012,0.390752,7.472471,4.091891,0.2615159,7.785523,34.97419,2.791589,0.1945931,,,,Melilite,Minissaleetal2019
1484,Lava 1977_mel_15,43.87858,0.3704084,7.426138,5.330389,0.2313714,6.436209,33.77238,3.172735,0.3142503,,,,Melilite,Minissaleetal2019
1485,Lava 1977_mel_16,43.52825,0.1551268,6.971623,4.672688,0.4518279,7.275822,35.32114,2.881988,0.2604577,,,,Melilite,Minissaleetal2019
1486,Lava 1977_mel_17,42.23914,0.0,6.190958,3.99456,0.2481553,7.829551,34.23843,2.643749,0.2022677,,,,Melilite,Minissaleetal2019
1487,Lava 1977_mel_18,42.08784,0.0,6.056848,3.090211,0.06811551,8.792977,35.09621,2.305779,0.1578092,,,,Melilite,Minissaleetal2019
1488,Lava 1977_mel_19,43.72486,0.0,6.713467,3.01506,0.1427604,8.295374,36.16935,2.552986,0.06046189,,,,Melilite,Minissaleetal2019
1489,Lava 1977_mel_20,41.67105,0.1839908,8.281512,3.161945,0.1520706,8.052079,34.90946,2.519875,0.3190398,,,,Melilite,Minissaleetal2019
1490,Lava 1977_mel_21,43.02177,0.3280291,7.041402,4.15914,0.3304199,7.788728,33.74986,3.072455,0.3336216,,,,Melilite,Minissaleetal2019
1491,Melilite_1,42.5813,0.0928,7.35315,2.9715,0.08825,8.6301,34.804249999999996,2.97945,0.23735,,,,Melilite,Molendijketal2023
1492,Melilite_2,42.753875,0.08425,7.558375,3.039625,0.085125,8.459624999999999,35.108875,2.8875,0.238375,,,,Melilite,Molendijketal2023
1493,Melilite_3,42.95766666666667,0.1152666666666666,8.234533333333333,2.8622666666666667,0.0937333333333333,8.0022,34.297333333333334,3.3142,0.2758666666666666,,,,Melilite,Molendijketal2023
1494,Melilite_4,42.50999999999995,0.0843749999999999,6.943749999999994,3.4562499999999976,0.0754999999999998,8.565499999999998,34.831749999999985,2.783249999999996,0.2292499999999997,0.273875,,,Melilite,Molendijketal2023
1495,Melilite_5,41.53483333333333,0.0777881666666666,6.32306,3.433085,0.0822123333333333,8.956898333333333,35.6416,2.67166,0.2276905,,,,Melilite,Molendijketal2023
1496,Melilite_6,41.810158333333334,0.0966818333333333,7.1769425,3.216500833333334,0.079823,8.556545833333333,35.35874166666667,2.8530066666666665,0.2606690833333333,,,,Melilite,Molendijketal2023
1497,Melilite_7,41.71878,0.0893536,7.378394,2.975832,0.085576,8.449306,34.99622,3.240162,0.2330388,,,,Melilite,Molendijketal2023
1498,Melilite_8,42.603433333333335,0.1177737777777777,8.050118888888889,3.5062433333333334,0.0988788888888888,7.746558888888889,33.799566666666664,3.178662222222222,0.2678891111111111,0.3629527777777778,,,Melilite,Molendijketal2023
1499,S2C3_A_Mll1,42.89,0.04,5.46,8.29,0.16,5.31,32.23,3.19,0.16,,,,Melilite,Gozzietal2014
1500,WS5_37,44.8,0.24,35.12,0.269,0.04,3.22,0.16,0.15,10.57,,0.0,,Muscovite,Sahaetal2011
1501,WS5_55,50.08,0.32,31.65,0.111,0.0,3.44,0.01,0.09,10.43,,0.0,,Muscovite,Sahaetal2011
1502,WS5_43,45.68,0.78,33.05,0.102,0.0,3.74,0.0,0.09,10.09,,0.0,,Muscovite,Sahaetal2011
1503,WS2_41,47.72,0.26,37.7,0.113,0.0,1.2,0.0,0.37,10.32,,0.0,,Muscovite,Sahaetal2011
1504,WS2_59,50.45,0.36,33.83,0.11,0.01,2.33,0.0,0.19,10.82,,0.0,,Muscovite,Sahaetal2011
1505,WS2_54,48.03,0.58,33.61,0.102,0.0,2.75,0.0,0.21,10.11,,0.0,,Muscovite,Sahaetal2011
1506,WS2_36,46.28,0.58,36.42,0.08,0.04,0.94,0.0,0.29,10.17,,0.06,,Muscovite,Sahaetal2011
1507,mu-sy2,46.319,0.715,34.365,1.719,0.0,1.1799999999999995,0.0,0.503,9.391,,,,Muscovite,VillarosandPichavant2019
1508,mu-ch2,46.109,0.8189999999999998,33.941,2.289,0.0,0.994,0.0,0.611,9.984,,,,Muscovite,VillarosandPichavant2019
1509,mu-go1,47.79,0.67,34.28,1.71,0.01,1.15,0.0,0.65,9.12,,,,Muscovite,VillarosandPichavant2019
1510,mu-III1,45.4819,0.3024,33.8071,2.189,0.0728999999999999,0.7322,0.0,0.7203,9.3409,,,,Muscovite,VillarosandPichavant2019
1511,mu-III2,45.2595,0.5265,31.176400000000005,3.734900000000001,0.0665,1.2014999999999998,0.0,0.4874999999999999,9.6242,,,,Muscovite,VillarosandPichavant2019
1512,mu-III3,45.0503,0.5576,33.9351,1.9314,0.0,0.8109000000000001,0.0,0.6866,9.42,,,,Muscovite,VillarosandPichavant2019
1513,mu-IV1,44.8809,0.1268,32.8784,4.6365,0.1199,0.1767,0.0,0.3945,9.7757,,,,Muscovite,VillarosandPichavant2019
1514,mu-IV2,44.363299999999995,0.1083,31.19000000000001,5.0396,0.1041,0.16,0.0,0.2798,9.8586,,,,Muscovite,VillarosandPichavant2019
1515,mu-V1,44.4862,0.1358,33.1913,4.0077,0.0206,0.1518,0.0,0.5603,9.4888,,,,Muscovite,VillarosandPichavant2019
1516,mu-V2,44.0392,0.1472,32.9497,3.8664,0.2374,0.1667,0.0137999999999999,0.5209,9.6821,,,,Muscovite,VillarosandPichavant2019
1517,mu-V3,44.0244,0.0,32.4884,4.207,0.0825,0.1752,0.0,0.4574,9.3279,,,,Muscovite,VillarosandPichavant2019
1518,mu-V5,44.1901,0.0739999999999999,32.2815,4.7698,0.1167,0.1898,0.0,0.4926,9.7085,,,,Muscovite,VillarosandPichavant2019
1519,mu-V6,44.4383,0.0103,32.8726,4.2819,0.1089,0.1415,0.0,0.5551,9.5724,,,,Muscovite,VillarosandPichavant2019
1520,ASK-1_1,46.58,0.23,28.75,4.26,0.09,1.42,0.0,0.23,11.42,,,,Muscovite,PanwarandKumar2022
1521,ASK-1_2,46.8,0.23,29.12,4.08,0.17,1.44,0.01,0.23,11.33,,,,Muscovite,PanwarandKumar2022
1522,ASK-1_3,46.12,0.23,28.86,4.46,0.14,1.38,0.03,0.28,11.23,,,,Muscovite,PanwarandKumar2022
1523,ASK-1_4,45.73,0.25,28.69,3.58,0.02,1.41,0.0,0.31,11.21,,,,Muscovite,PanwarandKumar2022
1524,ASK-1_5,47.43,0.24,28.53,3.85,0.01,1.54,0.0,0.19,11.57,,,,Muscovite,PanwarandKumar2022
1525,ASK-1_6,46.37,0.16,28.82,3.83,0.13,1.46,0.02,0.28,11.31,,,,Muscovite,PanwarandKumar2022
1526,ASK-2_1,46.83,0.14,28.74,4.98,0.0,1.03,0.0,0.31,11.36,,,,Muscovite,PanwarandKumar2022
1527,ASK-2_2,46.13,0.35,29.1,4.6,0.0,1.06,0.0,0.33,10.92,,,,Muscovite,PanwarandKumar2022
1528,ASK-2_3,45.38,0.24,31.79,2.72,0.0,0.68,0.03,0.36,11.05,,,,Muscovite,PanwarandKumar2022
1529,ASK-2_4,46.6,0.27,28.61,4.47,0.0,1.02,0.02,0.3,11.1,,,,Muscovite,PanwarandKumar2022
1530,ASK-2_5,45.65,0.4,30.38,3.39,0.0,0.71,0.0,0.23,11.2,,,,Muscovite,PanwarandKumar2022
1531,ASK-2_6,47.29,0.2,28.97,4.24,0.0,0.96,0.0,0.3,11.21,,,,Muscovite,PanwarandKumar2022
1532,ASK-3_1,46.66,0.52,28.57,4.73,0.05,1.29,0.0,0.27,11.08,,,,Muscovite,PanwarandKumar2022
1533,ASK-3_2,46.65,0.31,28.53,4.41,0.08,1.3,0.0,0.25,11.16,,,,Muscovite,PanwarandKumar2022
1534,ASK-3_3,46.76,0.3,28.55,4.37,0.0,1.26,0.0,0.24,11.17,,,,Muscovite,PanwarandKumar2022
1535,ASK-3_4,46.34,0.25,28.72,4.55,0.0,1.27,0.0,0.23,10.74,,,,Muscovite,PanwarandKumar2022
1536,ASK-3_5,46.41,0.53,28.39,4.48,0.0,1.3,0.0,0.24,11.4,,,,Muscovite,PanwarandKumar2022
1537,ASK-3_6,47.07,0.48,28.92,4.54,0.0,1.28,0.0,0.18,11.19,,,,Muscovite,PanwarandKumar2022
1538,ASK-3_7,46.1,0.48,29.5,4.11,0.13,1.17,0.0,0.24,11.11,,,,Muscovite,PanwarandKumar2022
1539,CHK-1_1,45.92,0.55,29.07,3.38,0.02,1.63,0.01,0.18,11.21,,,,Muscovite,PanwarandKumar2022
1540,CHK-1_2,46.99,0.53,28.46,3.48,0.03,1.87,0.0,0.15,10.72,,,,Muscovite,PanwarandKumar2022
1541,CHK-1_3,46.53,0.59,29.08,3.63,0.0,1.71,0.0,0.15,11.0,,,,Muscovite,PanwarandKumar2022
1542,CHK-1_6,45.39,0.0,34.66,1.14,0.0,0.68,0.0,0.66,10.27,,,,Muscovite,PanwarandKumar2022
1543,CHK-5_1,45.14,0.02,34.24,1.51,0.0,0.51,0.0,0.39,10.48,,,,Muscovite,PanwarandKumar2022
1544,CHK-5_3,46.81,0.61,29.68,2.98,0.0,1.45,0.0,0.22,11.04,,,,Muscovite,PanwarandKumar2022
1545,CHK-5_4,46.71,0.47,31.73,3.02,0.0,1.2,0.0,0.28,10.83,,,,Muscovite,PanwarandKumar2022
1546,CHK-5_5,46.37,0.44,32.23,2.06,0.0,1.19,0.0,0.35,10.81,,,,Muscovite,PanwarandKumar2022
1547,CHK-5_6,46.93,0.43,31.66,2.28,0.0,1.29,0.0,0.32,10.98,,,,Muscovite,PanwarandKumar2022
1548,CHK-5_7,45.63,0.53,30.61,2.55,0.06,1.28,0.0,0.29,10.85,,,,Muscovite,PanwarandKumar2022
1549,CHK-6_1,46.4,0.51,30.69,2.35,0.0,1.49,0.0,0.31,11.02,,,,Muscovite,PanwarandKumar2022
1550,CHK-6_2,46.2,0.47,31.56,2.35,0.0,1.37,0.0,0.35,11.19,,,,Muscovite,PanwarandKumar2022
1551,CHK-6_4,45.5,0.35,30.21,2.15,0.0,1.33,0.01,0.34,11.33,,,,Muscovite,PanwarandKumar2022
1552,CHK-6_5,45.74,0.44,30.52,2.75,0.0,1.39,0.0,0.32,10.83,,,,Muscovite,PanwarandKumar2022
1553,CHK-6_6,45.45,0.32,31.28,2.13,0.0,1.16,0.0,0.34,10.98,,,,Muscovite,PanwarandKumar2022
1554,CHK-6_8,46.02,0.33,30.26,2.44,0.0,1.45,0.01,0.3,10.99,,,,Muscovite,PanwarandKumar2022
1555,CHK-8_1,46.2,0.48,31.34,2.31,0.0,1.28,0.02,0.48,10.67,,,,Muscovite,PanwarandKumar2022
1556,CHK-8_2,45.68,0.7,32.43,1.88,0.0,0.96,0.0,0.49,10.88,,,,Muscovite,PanwarandKumar2022
1557,CHK-8_3,46.17,0.58,31.37,1.96,0.0,1.15,0.0,0.44,10.91,,,,Muscovite,PanwarandKumar2022
1558,CHK-8_4,45.73,0.0,35.1,1.12,0.0,0.53,0.0,0.5,10.62,,,,Muscovite,PanwarandKumar2022
1559,CHK-8_5,45.82,0.0,35.15,1.1,0.0,0.45,0.0,0.59,10.69,,,,Muscovite,PanwarandKumar2022
1560,CHK-8_7,45.94,0.04,35.16,1.14,0.01,0.59,0.0,0.58,10.65,,,,Muscovite,PanwarandKumar2022
1561, r18-2,46.75,0.4,27.69,6.3,0.12,2.03,,0.17,10.8,,,,Muscovite,Tianhaoetal2020
1562, r19-2,46.94,0.19,27.37,5.95,0.09,1.95,,0.13,10.84,,,,Muscovite,Tianhaoetal2020
1563, r19-4,46.33,0.21,27.6,6.61,0.1,1.95,,0.15,10.54,,,,Muscovite,Tianhaoetal2020
1564, r19-5,46.58,0.2,27.92,6.61,0.11,1.91,,0.15,10.44,,,,Muscovite,Tianhaoetal2020
1565, r25-1,46.39,0.35,27.47,6.27,0.13,2.13,,0.17,10.73,,,,Muscovite,Tianhaoetal2020
1566, r25-3,46.58,0.42,27.71,6.14,0.14,2.06,,0.15,10.78,,,,Muscovite,Tianhaoetal2020
1567, z4-2,46.97,0.21,29.35,5.45,0.1,1.72,,0.16,11.12,,,,Muscovite,Tianhaoetal2020
1568, z4-3,46.06,0.34,28.35,6.21,0.11,1.8,,0.17,10.79,,,,Muscovite,Tianhaoetal2020
1569, z4-4,47.05,0.26,29.27,5.46,0.09,1.7,,0.14,10.97,,,,Muscovite,Tianhaoetal2020
1570, z4-7,47.41,0.22,28.77,5.47,0.13,2.01,,0.14,11.09,,,,Muscovite,Tianhaoetal2020
1571, z4-9,46.92,0.21,28.68,5.77,0.13,1.9,,0.12,11.14,,,,Muscovite,Tianhaoetal2020
1572, z4-10,47.03,0.24,28.87,5.54,0.11,1.95,,0.11,11.18,,,,Muscovite,Tianhaoetal2020
1573, z13-1,45.68,0.0,34.12,3.01,0.04,0.39,,0.22,10.16,,,,Muscovite,Tianhaoetal2020
1574, z13-2,45.46,0.0,34.02,3.32,0.08,0.32,,0.29,11.1,,,,Muscovite,Tianhaoetal2020
1575, z13-3,43.65,0.02,32.58,3.35,0.04,0.39,,0.25,10.85,,,,Muscovite,Tianhaoetal2020
1576, z13-4,46.9,0.0,35.56,2.97,0.05,0.3,,0.31,10.28,,,,Muscovite,Tianhaoetal2020
1577, z13-5,45.73,0.02,34.3,3.23,0.07,0.36,,0.24,10.72,,,,Muscovite,Tianhaoetal2020
1578, z14-1,47.63,0.05,28.72,5.1,0.05,1.65,,0.16,10.79,,,,Muscovite,Tianhaoetal2020
1579, z14-2,46.41,0.05,28.21,6.18,0.09,1.8,,0.16,10.76,,,,Muscovite,Tianhaoetal2020
1580, z14-4,46.68,0.06,28.59,6.13,0.06,1.67,,0.16,10.82,,,,Muscovite,Tianhaoetal2020
1581, 22a-1,46.36,0.07,30.76,4.36,0.04,1.25,,0.52,10.43,,,,Muscovite,Tianhaoetal2020
1582, 22a-2,45.87,0.15,30.67,4.51,0.05,1.17,,0.5,10.54,,,,Muscovite,Tianhaoetal2020
1583, 22a-3,45.5,0.13,30.89,4.66,0.06,1.21,,0.29,10.55,,,,Muscovite,Tianhaoetal2020
1584, 22a-4,44.9,0.06,30.51,5.16,0.06,1.06,,0.19,10.18,,,,Muscovite,Tianhaoetal2020
1585, 22a-5,44.88,0.08,30.23,4.92,0.07,1.03,,0.3,10.16,,,,Muscovite,Tianhaoetal2020
1586, 22a-6,45.86,0.09,30.8,4.77,0.06,0.93,,0.49,10.05,,,,Muscovite,Tianhaoetal2020
1587, 22a-7,45.38,0.08,30.75,5.29,0.06,1.1,,0.15,10.74,,,,Muscovite,Tianhaoetal2020
1588, 22a-8,45.63,0.12,30.43,4.75,0.08,1.17,,0.31,10.61,,,,Muscovite,Tianhaoetal2020
1589, 22a-9,45.81,0.09,31.33,4.41,0.05,1.08,,0.21,10.34,,,,Muscovite,Tianhaoetal2020
1590, 22a-10,46.02,0.1,30.77,4.6,0.04,1.26,,0.34,10.69,,,,Muscovite,Tianhaoetal2020
1591, 22a-11,45.65,0.12,31.05,4.55,0.02,1.29,,0.24,10.76,,,,Muscovite,Tianhaoetal2020
1592, 22a-12,49.63,0.18,30.05,3.64,0.02,1.08,,2.01,8.77,,,,Muscovite,Tianhaoetal2020
1593, 22a-13,45.39,0.09,30.6,5.11,0.05,1.07,,0.18,10.12,,,,Muscovite,Tianhaoetal2020
1594, 22a-14,45.77,0.06,30.46,4.86,0.06,1.06,,0.29,10.27,,,,Muscovite,Tianhaoetal2020
1595, 22a-15,45.25,0.09,30.45,4.97,0.02,1.17,,0.22,10.46,,,,Muscovite,Tianhaoetal2020
1596, 22a-16,45.72,0.12,30.75,5.03,0.07,1.17,,0.2,10.25,,,,Muscovite,Tianhaoetal2020
1597, Sp-1,45.52,,36.8,1.48,,,,0.88,10.16,,,,Muscovite,Tianhaoetal2020
1598, Sp-2,45.33,,36.91,1.41,0.1,0.05,,0.91,10.24,,,,Muscovite,Tianhaoetal2020
1599, Sp-3,45.19,,36.73,1.54,,0.05,,0.89,10.23,,,,Muscovite,Tianhaoetal2020
1600,10_N_1 ,42.033,,32.705,0.0,,,0.105,15.507,7.859,,,,Nepheline,Zaitsevetal2012
1601,10_N_2 ,42.496,,32.5,0.0,,,0.096,15.679,7.757,,,,Nepheline,Zaitsevetal2012
1602,10_N_3 ,42.074,,32.531,0.0,,,0.09,15.625,7.838,,,,Nepheline,Zaitsevetal2012
1603,10_N_4 ,42.244,,32.434,0.0,,,0.065,15.846,7.918,,,,Nepheline,Zaitsevetal2012
1604,10_N_5 ,42.214,,33.003,0.0,,,0.1,15.69,7.884,,,,Nepheline,Zaitsevetal2012
1605,10_N_6 ,42.261,,32.151,0.0,,,0.062,15.704,7.873,,,,Nepheline,Zaitsevetal2012
1606,10_N_16 ,41.099,,32.904,0.0,,,0.04,16.002,7.724,,,,Nepheline,Zaitsevetal2012
1607,10_N_14 ,40.7,,32.199,0.0,,,0.226,15.822,7.848,,,,Nepheline,Zaitsevetal2012
1608,10_N_7 ,41.862,,32.763,0.0,,,0.068,15.39,8.195,,,,Nepheline,Zaitsevetal2012
1609,10_N_8 ,41.604,,32.426,0.0,,,0.059,15.444,8.181,,,,Nepheline,Zaitsevetal2012
1610,10_N_9 ,41.714,,32.774,0.0,,,0.048,15.724,8.193,,,,Nepheline,Zaitsevetal2012
1611,10_N_10 ,42.293,,31.82,0.0,,,0.116,15.72,7.67,,,,Nepheline,Zaitsevetal2012
1612,10_N_11 ,41.811,,32.06,0.0,,,0.134,15.852,7.796,,,,Nepheline,Zaitsevetal2012
1613,10_N_12 ,41.279,,32.574,0.0,,,0.03,15.595,8.155,,,,Nepheline,Zaitsevetal2012
1614,10_N_17,41.415,,31.796,0.0,,,0.136,16.38,6.074,,,,Nepheline,Zaitsevetal2012
1615,10_N_18,42.3,,31.819,0.0,,,0.122,16.505,5.851,,,,Nepheline,Zaitsevetal2012
1616,10_N_19,42.574,,31.934,0.0,,,0.122,16.358,5.933,,,,Nepheline,Zaitsevetal2012
1617,10_N_20,42.71,,31.984,0.0,,,0.144,16.394,6.248,,,,Nepheline,Zaitsevetal2012
1618,10_N_21,42.517,,31.634,0.0,,,0.131,16.211,6.152,,,,Nepheline,Zaitsevetal2012
1619,10_N_22,40.519,,32.052,0.0,,,0.091,16.132,6.82,,,,Nepheline,Zaitsevetal2012
1620,10_N_23,40.999,,31.687,0.0,,,0.157,16.195,6.699,,,,Nepheline,Zaitsevetal2012
1621,11_Ne_1 ,43.35,,33.13,0.0,,,0.469,16.82,5.14,,,,Nepheline,Zaitsevetal2012
1622,11_Ne_2 ,43.39,,33.83,0.0,,,0.406,16.69,5.6,,,,Nepheline,Zaitsevetal2012
1623,11_Ne_3 ,43.51,,33.6,0.0,,,0.291,16.55,6.05,,,,Nepheline,Zaitsevetal2012
1624,11_Ne_4 ,43.04,,33.63,0.0,,,0.342,16.53,6.21,,,,Nepheline,Zaitsevetal2012
1625,11_Ne_5 ,43.24,,33.2,0.0,,,0.295,16.37,6.03,,,,Nepheline,Zaitsevetal2012
1626,11_Ne_6 ,43.27,,33.16,0.0,,,0.317,16.25,6.43,,,,Nepheline,Zaitsevetal2012
1627,11_Ne_7 ,44.18,,33.22,0.0,,,0.066,16.29,6.44,,,,Nepheline,Zaitsevetal2012
1628,11_Ne_8 ,43.51,,32.91,0.0,,,0.076,16.21,6.43,,,,Nepheline,Zaitsevetal2012
1629,11_Ne_9 ,43.95,,32.84,0.0,,,0.109,16.02,6.56,,,,Nepheline,Zaitsevetal2012
1630,11_Ne_10 ,43.96,,32.66,0.0,,,0.258,15.98,6.2,,,,Nepheline,Zaitsevetal2012
1631,11_Ne_11 ,43.36,,33.43,0.0,,,0.326,16.0,6.93,,,,Nepheline,Zaitsevetal2012
1632,5_N_16 ,43.712,,32.245,0.0,,,,17.256,4.912,,,,Nepheline,Zaitsevetal2012
1633,5_N_17 ,43.839,,32.264,0.0,,,0.034,17.391,4.87,,,,Nepheline,Zaitsevetal2012
1634,5_N_18 ,43.675,,32.042,0.0,,,0.019,17.192,4.879,,,,Nepheline,Zaitsevetal2012
1635,5_N_19 ,43.81,,31.749,0.0,,,0.015,17.061,4.949,,,,Nepheline,Zaitsevetal2012
1636,5_N_20 ,44.215,,31.75,0.0,,,,17.148,4.78,,,,Nepheline,Zaitsevetal2012
1637,5_N_21 ,44.341,,31.919,0.0,,,,17.124,4.78,,,,Nepheline,Zaitsevetal2012
1638,5_N_22 ,43.891,,32.1,0.0,,,0.052,17.227,4.918,,,,Nepheline,Zaitsevetal2012
1639,5_N_23 ,43.453,,32.442,0.0,,,0.07,17.326,5.159,,,,Nepheline,Zaitsevetal2012
1640,5_N_24 ,43.848,,32.745,0.0,,,0.015,17.214,5.071,,,,Nepheline,Zaitsevetal2012
1641,5_N_25 ,42.879,,33.335,0.0,,,0.044,17.347,5.418,,,,Nepheline,Zaitsevetal2012
1642,5_N_26 ,44.093,,31.764,0.0,,,0.025,17.125,4.831,,,,Nepheline,Zaitsevetal2012
1643,5_N_27 ,44.423,,31.614,0.0,,,0.149,16.633,4.78,,,,Nepheline,Zaitsevetal2012
1644,5_N_28 ,44.253,,32.479,0.0,,,0.036,17.403,5.035,,,,Nepheline,Zaitsevetal2012
1645,5_N_29 ,45.11,,32.686,0.0,,,,17.625,4.72,,,,Nepheline,Zaitsevetal2012
1646,5_N_30 ,44.064,,31.483,0.0,,,,17.466,4.69,,,,Nepheline,Zaitsevetal2012
1647,5_N_31 ,44.581,,31.064,0.0,,,0.02,17.321,4.544,,,,Nepheline,Zaitsevetal2012
1648,5_N_32 ,43.812,,31.747,0.0,,,,17.319,5.06,,,,Nepheline,Zaitsevetal2012
1649,9_N_20,43.723,,31.012,0.0,,,0.105,17.488,4.1,,,,Nepheline,Zaitsevetal2012
1650,9_N_21,44.362,,31.529,0.0,,,0.237,17.604,4.263,,,,Nepheline,Zaitsevetal2012
1651,9_N_22,44.822,,32.029,0.0,,,0.023,17.449,4.277,,,,Nepheline,Zaitsevetal2012
1652,9_N_24,43.504,,31.435,0.0,,,0.078,17.662,4.347,,,,Nepheline,Zaitsevetal2012
1653,9_N_25,46.499,,30.82,0.0,,,0.1,17.529,3.422,,,,Nepheline,Zaitsevetal2012
1654,9_N_26,42.943,,31.285,0.0,,,0.026,17.614,4.614,,,,Nepheline,Zaitsevetal2012
1655,9_N_27,44.263,,31.474,0.0,,,0.079,17.717,4.198,,,,Nepheline,Zaitsevetal2012
1656,9_N_28,43.39,,31.71,0.0,,,0.106,17.504,4.684,,,,Nepheline,Zaitsevetal2012
1657,9_N_29,43.445,,31.315,0.0,,,0.033,17.604,4.478,,,,Nepheline,Zaitsevetal2012
1658,9_N_30,44.341,,30.542,0.0,,,,17.277,3.879,,,,Nepheline,Zaitsevetal2012
1659,9_N_31,44.323,,31.413,0.0,,,0.057,17.616,4.197,,,,Nepheline,Zaitsevetal2012
1660,9_N_33,43.286,,31.757,0.0,,,,17.391,4.702,,,,Nepheline,Zaitsevetal2012
1661,9_N_32,44.254,,31.545,0.0,,,0.032,17.379,4.121,,,,Nepheline,Zaitsevetal2012
1662,9_N_34,42.297,,32.072,0.0,,,0.059,17.497,4.733,,,,Nepheline,Zaitsevetal2012
1663,9_N_35,42.204,,31.483,0.0,,,,17.444,4.673,,,,Nepheline,Zaitsevetal2012
1664,9_N_36,41.498,,32.832,0.0,,,0.245,16.665,5.789,,,,Nepheline,Zaitsevetal2012
1665,9_N_38,40.803,,33.192,0.0,,,0.259,16.782,6.131,,,,Nepheline,Zaitsevetal2012
1666,9_N_39,41.654,,32.212,0.0,,,0.225,16.627,5.694,,,,Nepheline,Zaitsevetal2012
1667,9_N_41,41.607,,32.099,0.0,,,0.166,16.569,6.277,,,,Nepheline,Zaitsevetal2012
1668,9_N_42,41.604,,32.415,0.0,,,0.177,16.221,6.624,,,,Nepheline,Zaitsevetal2012
1669,9_N_43,41.198,,31.862,0.0,,,0.188,16.288,6.454,,,,Nepheline,Zaitsevetal2012
1670,9_N_44,41.878,,32.552,0.0,,,0.17,16.106,6.6,,,,Nepheline,Zaitsevetal2012
1671,9_N_45,41.613,,31.997,0.0,,,0.19,16.135,6.868,,,,Nepheline,Zaitsevetal2012
1672,9_N_46,42.198,,32.743,0.0,,,0.215,16.26,6.715,,,,Nepheline,Zaitsevetal2012
1673,9_N_47,41.937,,32.413,0.0,,,0.168,16.188,6.668,,,,Nepheline,Zaitsevetal2012
1674,5_N_3 ,42.439,,32.873,0.0,,,0.038,16.856,5.851,,,,Nepheline,Zaitsevetal2012
1675,5_N_6 ,41.617,,32.734,0.0,,,0.228,16.947,6.05,,,,Nepheline,Zaitsevetal2012
1676,5_N_7 ,42.538,,33.287,0.0,,,0.073,16.543,6.174,,,,Nepheline,Zaitsevetal2012
1677,5_N_8 ,42.787,,32.968,0.0,,,0.284,16.543,6.066,,,,Nepheline,Zaitsevetal2012
1678,5_N_9 ,42.492,,33.23,0.0,,,0.293,16.457,6.065,,,,Nepheline,Zaitsevetal2012
1679,5_N_10 ,42.782,,33.089,0.0,,,0.247,16.683,6.013,,,,Nepheline,Zaitsevetal2012
1680,5_N_11 ,42.842,,33.141,0.0,,,0.209,16.439,6.237,,,,Nepheline,Zaitsevetal2012
1681,5_N_12 ,43.027,,32.933,0.0,,,0.13,16.417,6.246,,,,Nepheline,Zaitsevetal2012
1682,5_N_13 ,44.123,,31.565,0.0,,,,16.684,5.601,,,,Nepheline,Zaitsevetal2012
1683,5_N_14 ,43.874,,31.325,0.0,,,0.028,16.656,5.608,,,,Nepheline,Zaitsevetal2012
1684,5_N_15 ,42.435,,32.47,0.0,,,0.023,16.492,6.406,,,,Nepheline,Zaitsevetal2012
1685,9_N_1,42.788,,32.471,0.0,,,0.134,17.195,5.361,,,,Nepheline,Zaitsevetal2012
1686,9_N_2,42.898,,33.176,0.0,,,0.133,17.17,5.621,,,,Nepheline,Zaitsevetal2012
1687,9_N_3,43.189,,32.593,0.0,,,0.036,17.403,5.436,,,,Nepheline,Zaitsevetal2012
1688,9_N_4,42.692,,33.119,0.0,,,0.253,17.141,5.711,,,,Nepheline,Zaitsevetal2012
1689,9_N_5,43.034,,32.095,0.0,,,0.745,17.056,5.458,,,,Nepheline,Zaitsevetal2012
1690,9_N_6,41.538,,32.133,0.0,,,0.277,16.847,6.03,,,,Nepheline,Zaitsevetal2012
1691,9_N_11,43.086,,33.009,0.0,,,0.239,16.879,5.587,,,,Nepheline,Zaitsevetal2012
1692,9_N_12,41.862,,32.937,0.0,,,0.055,17.025,6.052,,,,Nepheline,Zaitsevetal2012
1693,9_N_15,41.699,,31.923,0.0,,,0.037,16.987,5.781,,,,Nepheline,Zaitsevetal2012
1694,9_N_16,42.621,,32.642,0.0,,,0.071,16.942,5.977,,,,Nepheline,Zaitsevetal2012
1695,9_N_7,43.341,,32.151,0.0,,,0.369,16.849,5.45,,,,Nepheline,Zaitsevetal2012
1696,9_N_8,42.958,,32.051,0.0,,,0.908,16.981,5.354,,,,Nepheline,Zaitsevetal2012
1697,9_N_9,43.056,,32.631,0.0,,,0.442,17.095,5.645,,,,Nepheline,Zaitsevetal2012
1698,9_N_10,42.981,,32.803,0.0,,,0.065,16.819,5.942,,,,Nepheline,Zaitsevetal2012
1699,9_N_17,42.548,,32.24,0.0,,,0.081,16.857,6.084,,,,Nepheline,Zaitsevetal2012
1700,CN_C_Ol1,39.84604,2e-05,0.01915,17.39875,0.243865,43.12669,0.21963,0.01495,0.007775,0.013685,,,Olivine,Barthetal2019
1701,CN_C_Ol1',39.78784,0.01027,0.026165,17.446295,0.324905,43.227635,0.18819,0.015305,0.006115,0.017815,,,Olivine,Barthetal2019
1702,CN_C_Ol2,38.896455,0.014615,0.0056549999999999,21.791545,0.34931,39.47292,0.204635,0.004635,0.006005,0.013985,,,Olivine,Barthetal2019
1703,CN_C_Ol3,39.451170000000005,2e-05,0.028775,19.52882,0.298085,41.42913,0.231755,1e-05,0.001825,0.019815,,,Olivine,Barthetal2019
1704,CN_C_Ol3_MI2,39.680195,0.00694,0.019405,18.50234,0.30384,42.207404999999994,0.22619,0.01897,1e-05,2e-05,,,Olivine,Barthetal2019
1705,CN_C_Ol4,39.64716,0.0147599999999999,0.01985,17.764635,0.2599249999999999,42.984245,0.1833,1e-05,0.004685,0.01358,,,Olivine,Barthetal2019
1706,CN_C_Ol5,39.988815,2e-05,0.03462,17.185355,0.2512,42.87402,0.1942499999999999,0.0097,0.0111449999999999,0.02479,,,Olivine,Barthetal2019
1707,CN_C_Ol5_MI2,39.535325,0.02045,0.0348399999999999,17.401795,0.2901249999999999,42.78953,0.20666,0.0048249999999999,0.0028799999999999,0.0062749999999999,,,Olivine,Barthetal2019
1708,CN_C_Ol6,38.917725,0.01532,0.008055,19.88742,0.32381,41.78003,0.183875,0.016205,0.00591,0.02191,,,Olivine,Barthetal2019
1709,CN_C_Ol7,39.17938,0.007025,0.011845,21.76098,0.3734349999999999,39.08063,0.20042,1e-05,0.007245,2e-05,,,Olivine,Barthetal2019
1710,CN_C_Ol8,38.313590000000005,0.0110949999999999,0.03061,25.721525,0.44681,36.478995,0.197275,0.00801,0.00135,2e-05,,,Olivine,Barthetal2019
1711,CN_C_Ol8_MI2,37.8207,0.042085,0.0149699999999999,25.85867,0.44267,36.927195,0.191475,0.020645,0.00343,0.00928,,,Olivine,Barthetal2019
1712,CN_C_Ol9,39.30325,0.01936,0.010875,19.988395,0.306125,41.12312,0.17191,0.016255,0.002275,0.00996,,,Olivine,Barthetal2019
1713,CN_C_Ol11,38.527405,2e-05,0.013145,22.67947,0.3656,38.773625,0.19724,0.01621,0.0042499999999999,0.015175,,,Olivine,Barthetal2019
1714,CN_C_Ol11',38.34638,0.040525,0.003915,24.156775,0.388605,37.782545,0.21171,1e-05,1e-05,0.0155649999999999,,,Olivine,Barthetal2019
1715,CN_B_Ol1,38.38129,0.006285,0.029225,21.328245000000003,0.3587749999999999,40.55179,0.197395,0.012575,0.00632,0.02389,,,Olivine,Barthetal2019
1716,CN_B_Ol3,39.276790000000005,0.002415,0.009195,19.96698,0.32946,41.559525,0.19657,0.006985,0.00805,2e-05,,,Olivine,Barthetal2019
1717,CN_B_Ol3_MI2,38.66710500000001,0.019235,0.020735,20.299335,0.310665,40.168800000000005,0.185745,0.007845,1e-05,0.0187799999999999,,,Olivine,Barthetal2019
1718,CN_B_Ol4,39.247645,0.046695,0.02915,19.633325,0.32761,41.49653,0.22258,0.013215,1e-05,0.014665,,,Olivine,Barthetal2019
1719,CN_B_Ol4_MI2,39.40188,0.026075,0.03289,19.374995,0.31678,41.731390000000005,0.232555,0.008245,0.002565,0.015625,,,Olivine,Barthetal2019
1720,CN_B_Ol6,37.994595,0.00703,0.02531,25.241505,0.4642699999999999,36.68229,0.24824,0.006155,0.0039299999999999,0.01354,,,Olivine,Barthetal2019
1721,CN_B_Ol7,39.916565,0.050315,0.01168,18.063175,0.28976,42.875875,0.15885,0.016745,0.004695,0.017785,,,Olivine,Barthetal2019
1722,CN92C_Ol6,39.236720000000005,0.0294,0.02934,18.556255,0.28088,42.003595,0.18413,,0.015745,0.0220199999999999,,,Olivine,Barthetal2019
1723,CN92C_Ol9,39.17476,2e-05,0.001465,19.532825,0.3316599999999999,41.35198,0.17109,,1e-05,0.01685,,,Olivine,Barthetal2019
1724,CN92C_Ol9_MI2,39.52052,0.0307549999999999,0.002905,18.93699,0.317875,41.403724999999994,0.205025,,0.00432,0.010575,,,Olivine,Barthetal2019
1725,CN92C_Ol11,38.989999999999995,2e-05,0.054675,19.61084,0.31126,41.481485,0.196715,,0.00722,0.0053149999999999,,,Olivine,Barthetal2019
1726,CN92C_Ol13,39.255495,0.0069799999999999,0.02597,18.97354,0.34451,41.916574999999995,0.202555,,0.00097,0.0063799999999999,,,Olivine,Barthetal2019
1727,CN92C_Ol12,38.538415,0.0219299999999999,0.0258499999999999,23.166215,0.43627,38.29085,0.199465,,1e-05,0.00211,,,Olivine,Barthetal2019
1728,CN92C_Ol16,39.252849999999995,2e-05,0.037745,17.77427,0.270595,42.717705,0.2009449999999999,,0.003855,0.00214,,,Olivine,Barthetal2019
1729,CN92C_Ol18,39.565775,0.034025,0.0197999999999999,19.260255,0.256145,41.53633,0.19158,,0.004305,0.0052899999999999,,,Olivine,Barthetal2019
1730,CN92C_Ol19,38.40503,0.022155,0.021235,23.382235,0.426195,38.384795,0.200045,,0.000485,0.0084599999999999,,,Olivine,Barthetal2019
1731,CN92C_Ol22,38.653945,0.012835,0.02313,22.732065,0.373205,38.383585,0.19639,,0.005275,0.020065,,,Olivine,Barthetal2019
1732,CN92C_Ol2,39.376895000000005,0.01065,0.02286,17.03103,0.228755,43.166515,0.21947,,0.0033699999999999,0.01701,,,Olivine,Barthetal2019
1733,CN92C_Ol4,39.08538,0.04039,2e-05,18.22464,0.31582,42.36347,0.19277,,0.003855,0.00107,,,Olivine,Barthetal2019
1734,CN92C_Ol8,39.39901,0.00146,0.02266,18.182515,0.29115,42.395084999999995,0.19229,,1e-05,0.01793,,,Olivine,Barthetal2019
1735,CN92C_Emb2_MI,38.31493,0.0091925,0.0093975,21.6993925,0.3812625,38.43435,0.209315,,0.0040725,0.0052899999999999,,,Olivine,Barthetal2019
1736,CN92C_Ol1,38.614835,0.0135699999999999,0.055625,17.996745,0.25315,41.76643,0.190125,,0.0052699999999999,0.01372,,,Olivine,Barthetal2019
1737,CN92C_Ol2,39.089175,0.01431,0.003985,18.856835,0.270795,41.358140000000006,0.18247,,0.019235,0.036115,,,Olivine,Barthetal2019
1738,CN92C_Ol2_MI2,38.97789,0.02304,0.01,19.20144,0.22245,40.86667,0.18612,,0.00674,0.00636,,,Olivine,Barthetal2019
1739,CN92C_Ol2_MI3,38.97789,0.02304,0.01,19.20144,0.22245,40.86667,0.18612,,0.00674,0.00636,,,Olivine,Barthetal2019
1740,CN92F_Ol5,37.758995,0.004115,0.078815,25.608975,0.465175,35.85284,0.216445,,0.00189,0.017745,,,Olivine,Barthetal2019
1741,CN92F_Ol6,38.534865,0.010335,2e-05,23.193925,0.426365,37.764489999999995,0.210195,,0.001915,0.022095,,,Olivine,Barthetal2019
1742,CN92F_Ol9,38.643015000000005,2e-05,0.0201049999999999,20.998785,0.3374399999999999,39.943535,0.198175,,0.00859,0.013685,,,Olivine,Barthetal2019
1743,CN92F_Ol10,37.825190000000006,0.01986,0.0413899999999999,25.27505,0.418315,35.980599999999995,0.19855,,0.000945,0.0197999999999999,,,Olivine,Barthetal2019
1744,CN92F_Ol10_MI2,37.67627,0.03323,0.04506,25.37596,0.445755,36.142945,0.21371,,0.000475,0.0145899999999999,,,Olivine,Barthetal2019
1745,CN92F_Ol14,38.20009,0.0062699999999999,1e-05,23.737025,0.39316,37.619365,0.210345,,0.0127999999999999,0.02719,,,Olivine,Barthetal2019
1746,CN92F_Ol16,37.933679999999995,0.0085449999999999,0.12728,23.927795,0.440125,37.685305,0.215565,,0.014215,1e-05,,,Olivine,Barthetal2019
1747,CN92F_Ol17,37.619625,0.01227,0.0007,25.19138,0.515415,36.393055,0.209415,,1e-05,0.0282299999999999,,,Olivine,Barthetal2019
1748,CN92F_Ol22,39.28004,2e-05,2e-05,18.6271,0.323435,41.46274,0.208965,,0.0182,0.020065,,,Olivine,Barthetal2019
1749,AC4_EUH94_recon,38.20453,0.014992,0.007525,24.61217,0.42913,36.85427,0.137802,,,0.005662,0.000506,,Olivine,Shi
1750,AC4_EUH94_recon,37.93772,0.015358,0.007733,24.52872,0.417052,37.40082,0.133534,,,0.006827,1.5e-05,,Olivine,Shi
1751,AC4_EUH94_recon,37.81292,0.015669,0.00719,24.17429,0.40014,37.48226,0.138983,,,0.00765,0.002352,,Olivine,Shi
1752,AC4_EUH95_recon,36.98344,0.024666,0.0081,25.39666,0.492764,36.63052,0.155442,,,0.012964,1.5e-05,,Olivine,Shi
1753,AC4_EUH95_recon,37.34448,0.019996,0.009435,25.50101,0.482207,36.58997,0.140938,,,0.010872,0.007594,,Olivine,Shi
1754,AC4_EUH95_recon,37.13816,0.016828,0.008125,25.29901,0.461927,36.77282,0.142174,,,0.018874,1.5e-05,,Olivine,Shi
1755,AC4_EUH95_recon,37.38768,0.020242,0.010296,25.10696,0.443605,36.97212,0.140913,,,0.012984,1.5e-05,,Olivine,Shi
1756,AC4_EUH96_recon,38.40044,0.015671,0.007829,25.32919,0.489577,34.78229,0.14907,,,0.005835,8e-05,,Olivine,Shi
1757,AC4_EUH96_recon,38.282,0.014797,0.005478,25.78025,0.470058,35.54544,0.138559,,,0.005517,0.001492,,Olivine,Shi
1758,AC4_EUH96_recon,38.01235,0.017,0.007716,25.20161,0.450229,35.68485,0.130808,,,0.006713,1.5e-05,,Olivine,Shi
1759,AC4_EUH97_recon,36.6701,0.043756,0.995038,28.05329,0.617004,33.70561,0.480241,,,0.041349,0.004268,,Olivine,Shi
1760,AC4_EUH97_recon,37.37247,0.018519,0.006502,25.79502,0.499476,36.38222,0.156217,,,0.01224,1.5e-05,,Olivine,Shi
1761,AC4_EUH97_recon,37.66367,0.016698,0.0061,25.91076,0.491624,36.36778,0.148442,,,0.014134,0.00571,,Olivine,Shi
1762,AC4_EUH97_recon,37.3529,0.017569,0.006047,26.0258,0.488312,36.30373,0.145923,,,0.005732,1.5e-05,,Olivine,Shi
1763,AC4_EUH98_recon,37.42109,0.016313,0.00512,25.16026,0.491474,36.03909,0.168255,,,0.028825,1.5e-05,,Olivine,Shi
1764,AC4_EUH98_recon,37.52827,0.02042,0.004324,25.64557,0.479196,36.29685,0.157842,,,0.011397,1.5e-05,,Olivine,Shi
1765,AC4_EUH98_recon,37.446,0.016811,0.006142,25.7681,0.483029,36.26043,0.141795,,,0.013661,1.5e-05,,Olivine,Shi
1766,AC4_EUH98_recon,37.27332,0.01693,0.006375,25.81734,0.483543,36.05254,0.143704,,,0.007943,0.003453,,Olivine,Shi
1767,AC4_EUH103_recon,36.81638,0.024174,0.009339,25.4548,0.504033,36.70105,0.166168,,,0.016891,0.005318,,Olivine,Shi
1768,AC4_EUH103_recon,36.96135,0.016628,0.008765,25.84758,0.491908,36.79481,0.158311,,,0.015563,0.000239,,Olivine,Shi
1769,AC4_EUH103_recon,36.89127,0.011407,0.006083,25.74615,0.473759,36.89647,0.144856,,,0.012724,1.5e-05,,Olivine,Shi
1770,AC4_EUH103_recon,36.87373,0.012324,0.006986,25.34754,0.455782,37.19491,0.133509,,,0.009311,0.001918,,Olivine,Shi
1771,AC4_EUH104_recon,36.73631,0.01837,0.005564,26.22996,0.504817,36.75829,0.140145,,,0.017487,0.012915,,Olivine,Shi
1772,AC4_EUH106_recon,35.72771,0.026141,0.000935,32.89057,0.691462,30.03983,0.250164,,,0.021092,1.5e-05,,Olivine,Shi
1773,AC4_EUH106_recon,36.1554,0.015017,0.004952,31.50566,0.628056,31.57288,0.178631,,,0.010457,0.001822,,Olivine,Shi
1774,AC4_EUH106_recon,36.25492,0.012584,0.00272,30.03874,0.544938,32.88268,0.13265,,,0.008929,0.006614,,Olivine,Shi
1775,AC4_EUH106_recon,36.92439,0.013182,0.007606,27.9237,0.473762,34.15928,0.128458,,,0.013362,0.001185,,Olivine,Shi
1776,AC4_EUH109_recon,38.19784,0.017321,0.007903,25.41419,0.460001,35.92354,0.137315,,,0.015059,0.003169,,Olivine,Shi
1777,AC4_EUH109_recon,38.08095,0.015806,0.005115,25.1784,0.456095,36.05913,0.136416,,,0.010569,0.0004,,Olivine,Shi
1778,AC4_EUH109_recon,38.4493,0.013115,0.006937,25.09331,0.456126,36.27703,0.134796,,,0.01317,0.000238,,Olivine,Shi
1779,AC4_EUH109_recon,38.39719,0.016734,0.006603,25.54692,0.456337,36.35206,0.135384,,,0.008027,1.5e-05,,Olivine,Shi
1780,AC4_EUH110_recon,38.02954,0.0171,0.006338,25.82343,0.490877,35.63449,0.158031,,,0.008257,1.5e-05,,Olivine,Shi
1781,AC4_EUH110_recon,37.3633,0.01575,0.009722,25.49727,0.470879,36.25138,0.140851,,,0.006504,1.5e-05,,Olivine,Shi
1782,AC4_EUH110_recon,37.43902,0.014643,0.007027,25.22274,0.4548,36.32677,0.137149,,,0.006485,1.5e-05,,Olivine,Shi
1783,AC4_EUH110_recon,37.50528,0.014535,0.005669,24.88648,0.433069,36.94517,0.136493,,,0.008421,1.5e-05,,Olivine,Shi
1784,AC4_EUH112_recon,37.69078,0.016456,0.00288,25.74045,0.520275,35.27945,0.154867,,,0.009804,1.5e-05,,Olivine,Shi
1785,AC4_EUH112_recon,37.61408,0.016866,0.00599,25.74939,0.485477,36.00555,0.147842,,,0.006301,1.5e-05,,Olivine,Shi
1786,AC4_EUH112_recon,37.65397,0.013336,0.009074,25.37768,0.468375,36.37095,0.14758,,,0.00872,1.5e-05,,Olivine,Shi
1787,AC4_EUH112_recon,37.64651,0.017018,0.007788,25.59768,0.458997,36.49249,0.137518,,,0.010214,0.006743,,Olivine,Shi
1788,AC4_EUH114_recon,37.54642,0.020813,0.007616,25.89741,0.513197,34.9107,0.15925,,,0.007628,0.002149,,Olivine,Shi
1789,AC4_EUH114_recon,37.79451,0.017988,0.009991,25.6235,0.492669,34.92125,0.139652,,,0.016459,1.5e-05,,Olivine,Shi
1790,AC4_EUH114_recon,37.85142,0.012595,0.007197,25.47824,0.473595,35.12186,0.133845,,,0.003569,1.5e-05,,Olivine,Shi
1791,AC4_EUH116_recon,37.37614,0.021154,0.006994,26.06194,0.508971,35.45998,0.163534,,,0.02301,1.5e-05,,Olivine,Shi
1792,AC4_EUH116_recon,37.34456,0.020611,0.00701,26.24916,0.505916,35.76765,0.154763,,,0.013693,1.5e-05,,Olivine,Shi
1793,AC4_EUH116_recon,37.04676,0.021957,0.008166,26.19657,0.509417,35.75538,0.154504,,,0.010461,1.5e-05,,Olivine,Shi
1794,AC4_EUH116_recon,37.01655,0.01852,0.00707,26.34852,0.508976,35.93188,0.146901,,,0.013428,1.5e-05,,Olivine,Shi
1795,AC4_EUH119_recon,37.28415,0.014883,0.006566,26.03616,0.511207,35.74356,0.153819,,,0.010932,0.005314,,Olivine,Shi
1796,AC4_EUH119_recon,37.02468,0.017639,0.008827,26.43271,0.51255,35.69306,0.143092,,,0.01737,0.004662,,Olivine,Shi
1797,AC4_EUH119_recon,37.17349,0.015556,0.00833,26.31892,0.513607,35.8779,0.145444,,,0.026201,0.009174,,Olivine,Shi
1798,AC4_EUH119_recon,37.09354,0.017141,0.008356,26.14981,0.514483,35.77959,0.147956,,,0.010853,1.5e-05,,Olivine,Shi
1799,AC4_EUH125_recon,37.22232,0.021486,0.004788,25.3578,0.4913,36.50612,0.159261,,,0.01953,1.5e-05,,Olivine,Shi
1800,L04_N1_1,56.08,0.2769,1.868,7.21,0.1732,34.17,0.517,,,,0.4681,,Orthopyroxene,JollandsandMuntener2019
1801,L04_N1_1,55.64,0.2881,2.28,7.09,0.1481,33.95,0.5643,,,,0.5229,,Orthopyroxene,JollandsandMuntener2019
1802,L04_N1_1,55.41,0.2719,2.45,7.04,0.1241,33.69,0.6312,,,,0.5585,,Orthopyroxene,JollandsandMuntener2019
1803,L04_N1_1,55.67,0.277,2.68,7.0,0.1634,33.89,0.5825,,,,0.5952,,Orthopyroxene,JollandsandMuntener2019
1804,L04_N1_1,55.01,0.2766,2.67,7.13,0.1527,33.59,0.6135,,,,0.6425,,Orthopyroxene,JollandsandMuntener2019
1805,L04_N1_1,55.31,0.2843,2.74,7.08,0.1612,33.98,0.6268,,,,0.6304,,Orthopyroxene,JollandsandMuntener2019
1806,L04_N1_1,55.39,0.2669,2.85,7.06,0.158,33.82,0.698,,,,0.6178,,Orthopyroxene,JollandsandMuntener2019
1807,L04_N1_1,55.14,0.2532,2.82,7.09,0.1415,33.8,0.7319,,,,0.6543,,Orthopyroxene,JollandsandMuntener2019
1808,L04_N1_1,55.39,0.2595,2.92,6.91,0.1616,33.91,0.64,,,,0.6316,,Orthopyroxene,JollandsandMuntener2019
1809,L04_N1_1,54.85,0.3906,2.95,6.43,0.1368,31.92,3.17,,,,0.77,,Orthopyroxene,JollandsandMuntener2019
1810,L04_N1_1,55.33,0.235,2.95,7.01,0.1752,33.78,0.6896,,,,0.6706,,Orthopyroxene,JollandsandMuntener2019
1811,L04_N1_1,55.13,0.2678,3.01,6.92,0.1481,33.73,0.6374,,,,0.6353,,Orthopyroxene,JollandsandMuntener2019
1812,L04_N1_1,55.04,0.2555,3.11,7.08,0.1522,33.64,0.7127,,,,0.6935,,Orthopyroxene,JollandsandMuntener2019
1813,L04_N1_1,55.05,0.2445,3.22,7.07,0.1547,33.57,0.7065,,,,0.7116,,Orthopyroxene,JollandsandMuntener2019
1814,L04_N1_1,54.88,0.2508,3.2,7.01,0.1695,33.33,0.6856,,,,0.713,,Orthopyroxene,JollandsandMuntener2019
1815,L04_N1_1,54.74,0.3114,3.34,6.77,0.101,32.92,1.61,,,,0.7223,,Orthopyroxene,JollandsandMuntener2019
1816,L04_N1_1,54.89,0.2527,3.15,6.95,0.1386,33.64,0.6306,,,,0.6778,,Orthopyroxene,JollandsandMuntener2019
1817,L04_N1_1,55.37,0.2378,3.25,6.96,0.1817,33.96,0.6292,,,,0.6917,,Orthopyroxene,JollandsandMuntener2019
1818,L04_N1_1,54.89,0.2469,3.24,6.98,0.1495,33.68,0.7265,,,,0.7069,,Orthopyroxene,JollandsandMuntener2019
1819,L04_N1_1,54.92,0.2553,3.35,6.92,0.1911,33.66,0.6625,,,,0.7135,,Orthopyroxene,JollandsandMuntener2019
1820,L04_N1_1,54.82,0.2358,3.16,6.87,0.1473,34.09,0.6039,,,,0.7026,,Orthopyroxene,JollandsandMuntener2019
1821,L04_N1_1,54.86,0.2265,3.21,7.06,0.1518,33.77,0.6589,,,,0.7203,,Orthopyroxene,JollandsandMuntener2019
1822,L04_N1_1,55.22,0.2463,3.2,7.0,0.1556,33.85,0.5962,,,,0.7429,,Orthopyroxene,JollandsandMuntener2019
1823,L04_N1_1,55.17,0.2365,3.29,6.97,0.1447,34.01,0.663,,,,0.6874,,Orthopyroxene,JollandsandMuntener2019
1824,L04_N1_1,55.26,0.2093,3.24,6.93,0.1409,33.6,0.6023,,,,0.7275,,Orthopyroxene,JollandsandMuntener2019
1825,L04_N1_1,55.17,0.2455,3.28,6.9,0.1332,32.81,1.45,,,,0.6711,,Orthopyroxene,JollandsandMuntener2019
1826,L04_N1_1,54.84,0.2938,3.35,6.7,0.1581,32.27,2.26,,,,0.7607,,Orthopyroxene,JollandsandMuntener2019
1827,L04_N1_1,55.1,0.3168,3.24,6.43,0.1363,31.64,3.26,,,,0.7213,,Orthopyroxene,JollandsandMuntener2019
1828,L04_N1_1,54.68,0.3469,3.44,6.28,0.1287,31.73,3.31,,,,0.7369,,Orthopyroxene,JollandsandMuntener2019
1829,L04_N1_1,55.1,0.2946,3.44,6.74,0.1406,32.95,1.88,,,,0.7183,,Orthopyroxene,JollandsandMuntener2019
1830,L04_N1_1,55.57,0.2471,3.14,6.83,0.1455,33.52,1.44,,,,0.6972,,Orthopyroxene,JollandsandMuntener2019
1831,L04_N1_1,55.54,0.2122,3.19,6.83,0.1546,34.03,0.6165,,,,0.6667,,Orthopyroxene,JollandsandMuntener2019
1832,L04_N1_1,55.65,0.2426,3.25,6.83,0.1477,33.82,0.9062,,,,0.7033,,Orthopyroxene,JollandsandMuntener2019
1833,L04_N1_1,54.68,0.3135,3.51,6.82,0.1535,32.77,1.9,,,,0.7698,,Orthopyroxene,JollandsandMuntener2019
1834,L04_N1_1,54.54,0.2575,3.32,6.95,0.1431,33.09,0.6819,,,,0.7188,,Orthopyroxene,JollandsandMuntener2019
1835,L04_N1_1,54.59,0.2311,3.37,6.9,0.1694,33.43,0.6671,,,,0.7044,,Orthopyroxene,JollandsandMuntener2019
1836,L04_N1_1,54.44,0.2401,3.19,6.86,0.1755,32.93,1.0753,,,,0.6924,,Orthopyroxene,JollandsandMuntener2019
1837,L04_N1_1,54.72,0.2454,3.33,6.83,0.154,33.55,0.8515,,,,0.7267,,Orthopyroxene,JollandsandMuntener2019
1838,L04_N1_1,54.07,0.2348,3.63,6.62,0.1582,34.56,0.6806,,,,0.6343,,Orthopyroxene,JollandsandMuntener2019
1839,L04_N1_1,54.57,0.284,3.29,6.74,0.1665,32.77,1.42,,,,0.743,,Orthopyroxene,JollandsandMuntener2019
1840,L04_N1_1,54.47,0.2314,3.27,6.92,0.1559,33.42,0.6992,,,,0.7212,,Orthopyroxene,JollandsandMuntener2019
1841,L04_N1_1,54.53,0.2927,3.3,6.86,0.1398,32.72,1.48,,,,0.7341,,Orthopyroxene,JollandsandMuntener2019
1842,L04_N1_1,54.66,0.2463,3.41,7.0,0.175,33.54,0.6639,,,,0.7069,,Orthopyroxene,JollandsandMuntener2019
1843,L04_N1_1,54.88,0.229,3.35,6.82,0.1576,34.1,0.6914,,,,0.6842,,Orthopyroxene,JollandsandMuntener2019
1844,L04_N1_1,54.88,0.2156,3.27,6.78,0.1431,33.79,0.6963,,,,0.7374,,Orthopyroxene,JollandsandMuntener2019
1845,L04_N1_1,54.9,0.2469,3.32,6.93,0.136,33.65,0.6496,,,,0.6888,,Orthopyroxene,JollandsandMuntener2019
1846,L04_N1_1,54.51,0.2244,3.34,6.89,0.1673,33.35,0.7105,,,,0.7132,,Orthopyroxene,JollandsandMuntener2019
1847,L04_N1_1,54.85,0.2316,3.2,6.86,0.1413,33.4,1.0458,,,,0.7067,,Orthopyroxene,JollandsandMuntener2019
1848,L04_N1_1,54.38,0.2579,3.31,7.01,0.1554,33.27,0.9178,,,,0.7248,,Orthopyroxene,JollandsandMuntener2019
1849,L04_N1_1,54.79,0.2545,3.38,6.95,0.1336,33.5,0.7814,,,,0.7227,,Orthopyroxene,JollandsandMuntener2019
1850,L04_N1_1,54.62,0.232,3.33,6.93,0.1095,33.3,0.6955,,,,0.682,,Orthopyroxene,JollandsandMuntener2019
1851,L04_N1_1,54.77,0.2344,3.31,6.91,0.1423,33.53,0.729,,,,0.7354,,Orthopyroxene,JollandsandMuntener2019
1852,L04_N1_1,54.81,0.2509,3.27,6.9,0.1688,33.58,0.6818,,,,0.7432,,Orthopyroxene,JollandsandMuntener2019
1853,L04_N1_1,55.04,0.2169,3.29,6.94,0.1415,33.58,0.711,,,,0.7029,,Orthopyroxene,JollandsandMuntener2019
1854,L04_N1_1,54.89,0.2176,3.33,6.84,0.141,33.69,0.6612,,,,0.7209,,Orthopyroxene,JollandsandMuntener2019
1855,L04_N1_1,54.83,0.2422,3.34,7.01,0.1628,33.42,0.885,,,,0.7076,,Orthopyroxene,JollandsandMuntener2019
1856,L04_N1_1,54.81,0.239,3.37,6.78,0.1685,33.6,0.6432,,,,0.6886,,Orthopyroxene,JollandsandMuntener2019
1857,L04_N1_1,54.85,0.2186,3.33,6.93,0.1492,33.67,0.5905,,,,0.6728,,Orthopyroxene,JollandsandMuntener2019
1858,L04_N1_1,55.11,0.2317,3.36,6.95,0.1795,33.34,0.6598,,,,0.6971,,Orthopyroxene,JollandsandMuntener2019
1859,L04_N1_1,54.82,0.2502,3.44,6.94,0.1454,33.4,0.5587,,,,0.7129,,Orthopyroxene,JollandsandMuntener2019
1860,L04_N1_1,54.64,0.2446,3.53,6.99,0.15,33.54,0.6278,,,,0.7197,,Orthopyroxene,JollandsandMuntener2019
1861,L04_N1_1,54.61,0.2323,3.58,6.89,0.1547,33.42,0.5574,,,,0.7276,,Orthopyroxene,JollandsandMuntener2019
1862,L04_N1_1,54.92,0.1991,3.35,6.82,0.1439,33.67,0.6531,,,,0.7226,,Orthopyroxene,JollandsandMuntener2019
1863,L04_N1_1,54.8,0.2151,3.39,6.86,0.1547,33.46,0.5105,,,,0.7143,,Orthopyroxene,JollandsandMuntener2019
1864,L04_N1_1,54.96,0.2005,3.32,6.79,0.1645,33.79,0.5328,,,,0.7131,,Orthopyroxene,JollandsandMuntener2019
1865,L04_N1_1,54.91,0.2349,3.47,6.87,0.1601,33.51,0.6749,,,,0.7169,,Orthopyroxene,JollandsandMuntener2019
1866,L04_N1_1,54.67,0.2304,3.74,6.88,0.1317,34.37,0.5483,,,,0.738,,Orthopyroxene,JollandsandMuntener2019
1867,L04_N1_1,55.41,0.2042,3.43,6.79,0.1862,34.11,0.599,,,,0.7527,,Orthopyroxene,JollandsandMuntener2019
1868,L04_N1_1,55.3,0.2065,3.19,6.9,0.1615,33.88,0.6882,,,,0.695,,Orthopyroxene,JollandsandMuntener2019
1869,L04_N1_1,55.03,0.2386,3.56,7.0,0.1473,33.61,0.5556,,,,0.7398,,Orthopyroxene,JollandsandMuntener2019
1870,L04_N1_1,53.99,0.2319,3.55,7.01,0.1478,32.8,0.6734,,,,0.7637,,Orthopyroxene,JollandsandMuntener2019
1871,L04_N1_1,53.12,0.4196,4.38,6.54,0.1331,30.86,3.45,,,,0.8209,,Orthopyroxene,JollandsandMuntener2019
1872,L04_N1_1,54.28,0.2394,3.42,6.72,0.1482,32.6,1.2428,,,,0.7605,,Orthopyroxene,JollandsandMuntener2019
1873,L04_N1_1,54.5,0.2156,3.5,6.96,0.1213,33.28,0.8604,,,,0.7341,,Orthopyroxene,JollandsandMuntener2019
1874,L04_N1_1,55.16,0.2107,3.27,6.72,0.1564,33.8,0.7382,,,,0.7308,,Orthopyroxene,JollandsandMuntener2019
1875,L04_N1_1,54.73,0.2248,3.43,6.85,0.1552,33.82,0.6198,,,,0.7259,,Orthopyroxene,JollandsandMuntener2019
1876,L04_N1_1,55.11,0.225,3.32,6.89,0.1405,33.65,0.6803,,,,0.7428,,Orthopyroxene,JollandsandMuntener2019
1877,L04_N1_1,54.58,0.2262,3.39,6.91,0.1555,33.43,0.7335,,,,0.7378,,Orthopyroxene,JollandsandMuntener2019
1878,L04_N1_1,54.75,0.2353,3.37,6.88,0.1544,33.27,0.6791,,,,0.7244,,Orthopyroxene,JollandsandMuntener2019
1879,L04_N1_1,54.74,0.2261,3.37,6.86,0.1706,33.67,0.6682,,,,0.7512,,Orthopyroxene,JollandsandMuntener2019
1880,L04_N1_1,53.84,0.3542,4.19,6.92,0.1468,32.17,1.91,,,,0.7829,,Orthopyroxene,JollandsandMuntener2019
1881,L04_N1_1,55.09,0.2351,3.55,6.91,0.1463,33.53,0.8336,,,,0.7499,,Orthopyroxene,JollandsandMuntener2019
1882,L04_N1_1,55.17,0.2362,3.32,6.87,0.1818,33.82,0.6258,,,,0.7413,,Orthopyroxene,JollandsandMuntener2019
1883,L04_N1_1,55.01,0.2258,3.42,6.93,0.15,34.01,0.5977,,,,0.7543,,Orthopyroxene,JollandsandMuntener2019
1884,L04_N1_1,54.66,0.2386,3.47,6.83,0.1512,33.08,1.0874,,,,0.7507,,Orthopyroxene,JollandsandMuntener2019
1885,L04_N1_1,54.66,0.2578,3.22,6.82,0.1135,32.97,1.2781,,,,0.73,,Orthopyroxene,JollandsandMuntener2019
1886,L04_N1_1,54.73,0.2109,3.52,6.93,0.1526,33.72,0.6351,,,,0.7478,,Orthopyroxene,JollandsandMuntener2019
1887,L04_N1_1,54.64,0.2268,3.36,6.96,0.1408,33.78,0.6029,,,,0.7296,,Orthopyroxene,JollandsandMuntener2019
1888,L04_N1_1,54.67,0.2094,3.28,6.93,0.1217,33.38,0.6247,,,,0.7265,,Orthopyroxene,JollandsandMuntener2019
1889,L04_N1_1,54.51,0.2141,3.49,6.99,0.1474,33.44,0.7162,,,,0.6927,,Orthopyroxene,JollandsandMuntener2019
1890,L04_N1_1,54.92,0.2235,3.51,6.87,0.1542,33.32,0.6939,,,,0.725,,Orthopyroxene,JollandsandMuntener2019
1891,L04_N1_1,54.66,0.2288,3.36,7.03,0.1679,33.06,0.7893,,,,0.7008,,Orthopyroxene,JollandsandMuntener2019
1892,L04_N1_1,54.75,0.2245,3.6,6.73,0.145,33.37,0.7203,,,,0.7393,,Orthopyroxene,JollandsandMuntener2019
1893,L04_N1_1,54.88,0.219,3.57,6.94,0.1523,33.6,0.7744,,,,0.7814,,Orthopyroxene,JollandsandMuntener2019
1894,L04_N1_1,54.64,0.2317,3.55,6.87,0.1546,33.4,0.7189,,,,0.748,,Orthopyroxene,JollandsandMuntener2019
1895,L04_N1_1,54.57,0.2344,3.58,6.9,0.16,33.45,0.7624,,,,0.7508,,Orthopyroxene,JollandsandMuntener2019
1896,L04_N1_1,54.67,0.2464,3.65,6.83,0.1428,33.67,0.8116,,,,0.7456,,Orthopyroxene,JollandsandMuntener2019
1897,L04_N1_1,54.8,0.2191,3.46,6.82,0.1565,33.63,0.7763,,,,0.7262,,Orthopyroxene,JollandsandMuntener2019
1898,L04_N1_1,55.17,0.2198,2.82,6.63,0.1599,33.43,1.1673,,,,0.7092,,Orthopyroxene,JollandsandMuntener2019
1899,L04_N1_1,54.68,0.2288,3.5,6.88,0.1398,33.19,0.7656,,,,0.7274,,Orthopyroxene,JollandsandMuntener2019
1900,K8_plag1_rtoc,46.6657,0.0297,32.4782,0.5769,0.0013,0.2178,16.8384,1.7939,0.0031,,,,Plagioclase,Shi
1901,K8_plag1_rtoc,44.5544,0.0318,33.028,0.6945,0.0,0.1859,17.5145,1.208,0.0016,,,,Plagioclase,Shi
1902,K8_plag1_rtoc,45.6028,0.0204,33.7199,0.4723,0.0,0.1631,17.8024,1.2954,0.0,,,,Plagioclase,Shi
1903,K8_plag1_rtoc,46.0039,0.0134,33.6541,0.4618,0.0,0.1837,17.8203,1.4068,0.0208,,,,Plagioclase,Shi
1904,K8_plag1_rtoc,45.4534,0.0257,33.6079,0.4594,0.0151,0.1775,17.6952,1.3258,0.008,,,,Plagioclase,Shi
1905,K8_plag1_rtoc,45.6476,0.0085,33.8297,0.4581,0.0,0.1646,18.0772,1.2897,0.0161,,,,Plagioclase,Shi
1906,K8_plag1_rtoc,45.9358,0.0194,33.4696,0.434,0.0,0.19,17.6494,1.4131,0.0142,,,,Plagioclase,Shi
1907,K8_plag1_rtoc,45.6337,0.0282,33.6696,0.4324,0.0113,0.1836,17.9653,1.3219,0.0013,,,,Plagioclase,Shi
1908,K8_plag1_rtoc,45.9139,0.0258,33.7038,0.4452,0.0,0.1783,18.0202,1.351,0.0157,,,,Plagioclase,Shi
1909,K8_plag1_rtoc,45.6801,0.0022,33.4338,0.4357,0.0065,0.2018,17.6318,1.4844,0.0057,,,,Plagioclase,Shi
1910,K8_plag1_rtoc,46.1894,0.0074,33.5844,0.4213,0.0246,0.1917,17.6214,1.3847,0.0318,,,,Plagioclase,Shi
1911,K8_plag1_rtoc,45.6173,0.0275,33.8615,0.4387,0.001,0.1756,17.8931,1.2321,0.0083,,,,Plagioclase,Shi
1912,K8_plag1_rtoc,45.2658,0.0113,34.0765,0.4241,0.0,0.1497,18.1825,1.0241,0.0021,,,,Plagioclase,Shi
1913,K8_plag1_rtoc,45.1487,0.0195,34.1188,0.412,0.0067,0.1602,17.9868,1.1148,0.0,,,,Plagioclase,Shi
1914,K8_plag1_rtoc,45.1526,0.024,34.3389,0.4191,0.0,0.1712,18.1843,1.066,0.0017,,,,Plagioclase,Shi
1915,K8_plag1_rtoc,46.1061,0.0273,33.7388,0.4233,0.0003,0.1823,17.6879,1.3644,0.0216,,,,Plagioclase,Shi
1916,K8_plag1_rtoc,45.8292,0.0181,33.4739,0.4115,0.0,0.18,18.07,1.3317,0.0045,,,,Plagioclase,Shi
1917,K8_plag1_rtoc,45.5734,0.0105,33.8905,0.419,0.0,0.1705,18.0975,1.2399,0.0364,,,,Plagioclase,Shi
1918,K8_plag1_rtoc,46.1043,0.0198,34.0499,0.4108,0.0032,0.1699,17.7119,1.2819,0.0089,,,,Plagioclase,Shi
1919,K8_plag1_rtoc,45.6349,0.0282,34.0329,0.4338,0.0031,0.1708,18.0325,1.2307,0.0,,,,Plagioclase,Shi
1920,K8_plag1_rtoc,46.3109,0.0121,33.6822,0.4194,0.0172,0.1791,17.8,1.2804,0.0181,,,,Plagioclase,Shi
1921,K8_plag1_rtoc,46.1056,0.0219,33.7436,0.4066,0.0029,0.1798,17.8633,1.2514,0.0,,,,Plagioclase,Shi
1922,K8_plag1_rtoc,45.9683,0.023,33.939,0.3953,0.0,0.1757,18.1202,1.2349,0.0095,,,,Plagioclase,Shi
1923,K8_plag1_rtoc,45.9222,0.0116,34.1472,0.4035,0.0075,0.1696,18.0755,1.2328,0.0,,,,Plagioclase,Shi
1924,K8_plag1_rtoc,45.6259,0.0282,34.5639,0.4056,0.0125,0.1553,18.2018,1.1019,0.0209,,,,Plagioclase,Shi
1925,K8_plag1_rtoc,46.1925,0.0182,34.1668,0.4147,0.0158,0.1473,18.1807,0.9728,0.0169,,,,Plagioclase,Shi
1926,K8_plag1_rtoc,45.4993,0.0068,34.0408,0.3988,0.0,0.151,18.3864,1.0496,0.0216,,,,Plagioclase,Shi
1927,K8_plag1_rtoc,45.5286,0.0145,34.3121,0.4082,0.0092,0.1532,18.3438,1.0952,0.0069,,,,Plagioclase,Shi
1928,K8_plag1_rtoc,46.1812,0.0261,34.7702,0.3939,0.0,0.1481,18.1664,0.9961,0.0,,,,Plagioclase,Shi
1929,K8_plag1_rtoc,46.8872,0.0254,35.0839,0.3979,0.0,0.1523,18.3403,1.071,0.0055,,,,Plagioclase,Shi
1930,K8_plag1_rtoc,49.1067,0.0136,34.8105,0.3816,0.0,0.1733,18.0527,1.0584,0.0,,,,Plagioclase,Shi
1931,K8_plag1_rtoc,44.7588,0.0245,33.4736,0.3973,0.0111,0.1595,18.0848,1.1533,0.0274,,,,Plagioclase,Shi
1932,K8_plag1_rtoc,44.9139,0.025,33.9971,0.3852,0.0043,0.1505,18.1049,1.094,0.0091,,,,Plagioclase,Shi
1933,K8_plag1_rtoc,45.2398,0.012,33.8427,0.3977,0.0115,0.1467,18.088,1.0635,0.0002,,,,Plagioclase,Shi
1934,K8_plag1_rtoc,45.1201,0.0162,33.89,0.3862,0.0192,0.1544,18.324,1.0561,0.0212,,,,Plagioclase,Shi
1935,K8_plag1_rtoc,45.0407,0.026,34.156,0.4097,0.0133,0.1624,17.86,1.0609,0.0,,,,Plagioclase,Shi
1936,K8_plag1_rtoc,45.1434,0.0209,33.8241,0.4014,0.0,0.1629,18.1936,1.0956,0.0127,,,,Plagioclase,Shi
1937,K8_plag1_rtoc,45.553,0.0085,33.6827,0.4025,0.0,0.1587,18.0467,1.178,0.0,,,,Plagioclase,Shi
1938,K8_plag1_rtoc,45.5077,0.0153,33.9169,0.4063,0.0001,0.1489,17.711,1.1634,0.0059,,,,Plagioclase,Shi
1939,K8_plag1_rtoc,44.6566,0.028,34.1302,0.3922,0.0023,0.1561,17.9197,1.1445,0.0,,,,Plagioclase,Shi
1940,K8_plag1_rtoc,45.2509,0.0189,34.1634,0.3984,0.0088,0.1581,18.1096,1.2029,0.0166,,,,Plagioclase,Shi
1941,K8_plag1_rtoc,45.3067,0.0068,33.6198,0.4209,0.0103,0.1706,17.928,1.1099,0.0168,,,,Plagioclase,Shi
1942,K8_plag1_rtoc,46.349,0.0114,33.497,0.4087,0.0,0.1771,17.6683,1.2654,0.0,,,,Plagioclase,Shi
1943,K8_plag1_rtoc,45.5078,0.0163,33.6854,0.4135,0.0154,0.173,17.9497,1.192,0.0144,,,,Plagioclase,Shi
1944,K8_plag1_rtoc,46.2815,0.0184,33.9023,0.4198,0.0087,0.1683,17.7623,1.3442,0.0216,,,,Plagioclase,Shi
1945,K8_plag1_rtoc,45.8827,0.0055,33.7751,0.4011,0.0,0.1725,17.4878,1.3261,0.0117,,,,Plagioclase,Shi
1946,K8_plag1_rtoc,45.4673,0.011,33.4195,0.3933,0.0164,0.1682,17.9021,1.2281,0.0263,,,,Plagioclase,Shi
1947,K8_plag1_rtoc,45.7034,0.0264,33.5824,0.4026,0.0,0.1705,17.5556,1.3039,0.0,,,,Plagioclase,Shi
1948,K8_plag1_rtoc,45.94,0.0161,33.767,0.4035,0.0137,0.1692,18.0126,1.2985,0.0,,,,Plagioclase,Shi
1949,K8_plag1_rtoc,45.4491,0.0183,33.7631,0.3953,0.0148,0.1766,18.1862,1.2886,0.013,,,,Plagioclase,Shi
1950,K8_plag1_rtoc,45.7619,0.0086,33.8377,0.3967,0.0208,0.1534,17.9156,1.0806,0.0067,,,,Plagioclase,Shi
1951,K8_plag1_rtoc,45.3661,0.0098,34.0301,0.4097,0.002,0.154,18.2555,1.0771,0.0,,,,Plagioclase,Shi
1952,K8_plag1_rtoc,46.1318,0.0214,33.7724,0.3986,0.0049,0.1698,17.71,1.2753,0.0044,,,,Plagioclase,Shi
1953,K8_plag1_rtoc,45.5294,0.0164,34.0369,0.3766,0.0146,0.1607,17.9182,1.2687,0.0433,,,,Plagioclase,Shi
1954,K8_plag1_rtoc,45.8612,0.0126,34.0458,0.3941,0.0079,0.1665,17.8996,1.1981,0.0113,,,,Plagioclase,Shi
1955,K8_plag1_rtoc,45.7855,0.006,34.3307,0.3862,0.0046,0.1658,17.8179,1.2602,0.0127,,,,Plagioclase,Shi
1956,K8_plag1_rtoc,45.8961,0.0057,34.4336,0.3894,0.0014,0.1552,18.1339,1.1735,0.0272,,,,Plagioclase,Shi
1957,K8_plag1_rtoc,45.953,0.0182,34.3816,0.3911,0.0107,0.1498,18.1492,1.1218,0.0143,,,,Plagioclase,Shi
1958,K8_plag1_rtoc,45.6002,0.0093,34.1704,0.391,0.0089,0.1556,18.0174,1.1393,0.0008,,,,Plagioclase,Shi
1959,K8_plag2_rtoc,47.725,0.033,32.5306,0.6717,0.0308,0.2301,16.5212,2.0928,0.0207,,,,Plagioclase,Shi
1960,K8_plag2_rtoc,47.9478,0.0362,32.0996,0.6388,0.0,0.2454,16.6483,2.1938,0.0008,,,,Plagioclase,Shi
1961,K8_plag2_rtoc,45.6779,0.0236,33.859,0.546,0.012,0.1491,18.0427,1.1614,0.0209,,,,Plagioclase,Shi
1962,K8_plag2_rtoc,45.7768,0.0329,33.7214,0.5058,0.0,0.1552,17.9382,1.2887,0.0004,,,,Plagioclase,Shi
1963,K8_plag2_rtoc,45.8511,0.0231,33.519,0.4972,0.0,0.1681,17.7954,1.2986,0.0205,,,,Plagioclase,Shi
1964,K8_plag2_rtoc,45.6214,0.0191,33.7368,0.4852,0.0,0.1709,17.7938,1.1922,0.0,,,,Plagioclase,Shi
1965,K8_plag2_rtoc,44.8275,0.0129,33.3084,0.475,0.005,0.1806,18.0621,1.1466,0.0342,,,,Plagioclase,Shi
1966,K8_plag2_rtoc,45.3063,0.0255,33.1526,0.4576,0.0123,0.1829,17.8694,1.2324,0.0,,,,Plagioclase,Shi
1967,K8_plag2_rtoc,45.5307,0.013,33.2663,0.4556,0.0008,0.1898,17.7885,1.3943,0.0036,,,,Plagioclase,Shi
1968,K8_plag2_rtoc,45.1566,0.028,33.4514,0.4712,0.007,0.1877,18.082,1.2797,0.0,,,,Plagioclase,Shi
1969,K8_plag2_rtoc,45.3846,0.007,33.0634,0.4639,0.0099,0.2026,17.9262,1.3528,0.0092,,,,Plagioclase,Shi
1970,K8_plag2_rtoc,45.4006,0.0191,33.1453,0.4684,0.0,0.1967,17.448,1.3592,0.018,,,,Plagioclase,Shi
1971,K8_plag2_rtoc,45.8481,0.0165,33.2637,0.4686,0.0086,0.1983,17.7555,1.5038,0.0,,,,Plagioclase,Shi
1972,K8_plag2_rtoc,45.7105,0.0162,32.9786,0.451,0.0,0.2052,17.8407,1.4979,0.001,,,,Plagioclase,Shi
1973,K8_plag2_rtoc,45.8334,0.027,33.1049,0.4532,0.0031,0.2169,17.7288,1.4393,0.0355,,,,Plagioclase,Shi
1974,K8_plag2_rtoc,45.8419,0.0137,33.0918,0.4499,0.0,0.209,17.5356,1.397,0.0042,,,,Plagioclase,Shi
1975,K8_plag2_rtoc,45.4158,0.0157,33.2476,0.4482,0.0003,0.1983,17.8034,1.3894,0.0084,,,,Plagioclase,Shi
1976,K8_plag2_rtoc,45.5378,0.0159,33.0146,0.4451,0.0,0.2096,17.7451,1.3851,0.0106,,,,Plagioclase,Shi
1977,K8_plag2_rtoc,45.7244,0.0317,32.9621,0.4394,0.0,0.197,17.6564,1.3339,0.0031,,,,Plagioclase,Shi
1978,K8_plag2_rtoc,45.2741,0.0185,33.0144,0.4487,0.0125,0.1973,17.6751,1.3685,0.0025,,,,Plagioclase,Shi
1979,K8_plag2_rtoc,44.469,0.0255,32.7488,0.4398,0.0076,0.1915,17.5685,1.3005,0.0051,,,,Plagioclase,Shi
1980,K8_plag2_rtoc,44.6372,0.0077,32.8764,0.439,0.004,0.1799,17.3579,1.228,0.0218,,,,Plagioclase,Shi
1981,K8_plag2_rtoc,45.4638,0.014,33.6307,0.4432,0.0014,0.1822,17.8691,1.2539,0.0,,,,Plagioclase,Shi
1982,K8_plag2_rtoc,45.3708,0.0207,33.6021,0.4379,0.0113,0.1914,17.8384,1.2166,0.0129,,,,Plagioclase,Shi
1983,K8_plag2_rtoc,45.0631,0.0209,33.5202,0.4189,0.0151,0.1894,17.6342,1.2894,0.0076,,,,Plagioclase,Shi
1984,K8_plag2_rtoc,45.6884,0.0129,33.5521,0.4169,0.0,0.1664,17.8998,1.2677,0.0166,,,,Plagioclase,Shi
1985,K8_plag2_rtoc,45.3558,0.03,33.2187,0.4266,0.0113,0.1732,17.9858,1.2763,0.0,,,,Plagioclase,Shi
1986,K8_plag2_rtoc,45.5233,0.0214,33.1954,0.4154,0.0,0.1874,17.8746,1.3243,0.0128,,,,Plagioclase,Shi
1987,K8_plag2_rtoc,45.5925,0.023,33.3994,0.4023,0.0011,0.1867,17.8446,1.3475,0.0094,,,,Plagioclase,Shi
1988,K8_plag2_rtoc,45.5757,0.0232,33.1983,0.4221,0.0,0.193,17.5861,1.3593,0.0179,,,,Plagioclase,Shi
1989,K8_plag2_rtoc,46.0722,0.02,33.114,0.4228,0.0088,0.2017,17.3964,1.4336,0.0238,,,,Plagioclase,Shi
1990,K8_plag2_rtoc,46.1128,0.028,33.036,0.4308,0.0095,0.2062,17.4908,1.5744,0.01,,,,Plagioclase,Shi
1991,K8_plag2_rtoc,45.7419,0.0314,33.1376,0.4248,0.0004,0.2036,17.5745,1.4633,0.019,,,,Plagioclase,Shi
1992,K8_plag2_rtoc,45.6367,0.0342,33.4796,0.4194,0.0115,0.1809,18.0868,1.213,0.013,,,,Plagioclase,Shi
1993,K8_plag2_rtoc,45.3232,0.028,33.0608,0.4184,0.0,0.1807,17.7397,1.3093,0.0184,,,,Plagioclase,Shi
1994,K8_plag2_rtoc,45.7672,0.0137,33.4053,0.4168,0.0118,0.1979,17.7916,1.3012,0.0099,,,,Plagioclase,Shi
1995,K8_plag2_rtoc,45.415,0.0189,33.2117,0.4267,0.005,0.1829,17.8895,1.342,0.0184,,,,Plagioclase,Shi
1996,K8_plag2_rtoc,46.02,0.0223,33.2828,0.427,0.0016,0.1912,17.7852,1.4129,0.0186,,,,Plagioclase,Shi
1997,K8_plag2_rtoc,45.7922,0.0183,32.9371,0.4171,0.0122,0.2054,17.607,1.3924,0.0112,,,,Plagioclase,Shi
1998,K8_plag2_rtoc,45.3734,0.0216,33.087,0.4269,0.015,0.196,17.9024,1.2773,0.0104,,,,Plagioclase,Shi
1999,K8_plag2_rtoc,45.3684,0.0164,33.1573,0.4154,0.0,0.1942,17.3163,1.4696,0.0195,,,,Plagioclase,Shi
2000,OM08-206A_2,99.7,0.0,0.0,0.3,0.03,0.0,0.0,0.01,0.02,,0.0,,SiO2_Polymorph,Streitetal2012
2001,Gon05230ph-j,96.89,0.0,0.01,0.01,0.0,0.0,0.03,0.03,0.01,,,,SiO2_Polymorph,Kleinsasseretal2008
2002,Gon05262a1-6,97.61,0.0,0.02,0.06,0.0,0.0,0.01,0.05,0.02,,,,SiO2_Polymorph,Kleinsasseretal2008
2003,Gon05262A1ph-i,96.59,0.0,0.02,0.0,0.01,0.0,0.01,0.03,0.01,,,,SiO2_Polymorph,Kleinsasseretal2008
2004,Gon05262a2ph-b,96.99,0.02,0.02,0.0,0.0,0.0,0.01,0.03,0.0,,,,SiO2_Polymorph,Kleinsasseretal2008
2005,Gon05262a2ph-d,99.04,0.0,0.0,0.04,0.0,0.01,0.0,0.02,0.0,,,,SiO2_Polymorph,Kleinsasseretal2008
2006,Gon05262a2ph-n,101.51,0.0,0.01,0.01,0.0,0.0,0.02,0.04,0.01,,,,SiO2_Polymorph,Kleinsasseretal2008
2007,Gon05262a2ph-o,97.39,0.01,0.01,0.01,0.0,0.0,0.02,0.0,0.0,,,,SiO2_Polymorph,Kleinsasseretal2008
2008,Gon05262a2ph-p,98.06,0.02,0.0,0.0,0.0,0.0,0.0,0.0,0.0,,,,SiO2_Polymorph,Kleinsasseretal2008
2009,Gon05262a2ph-r,99.89,0.04,0.0,0.0,0.0,0.0,0.0,0.0,0.04,,,,SiO2_Polymorph,Kleinsasseretal2008
2010,Gon05262b-a,98.41,0.0,0.02,0.08,0.0,0.0,0.0,0.02,0.01,,,,SiO2_Polymorph,Kleinsasseretal2008
2011,Gon05262b-m,98.15,0.0,0.02,0.01,0.03,0.0,0.01,0.03,0.01,,,,SiO2_Polymorph,Kleinsasseretal2008
2012,Gon05262b-n,93.91,0.03,0.0,0.0,0.03,0.01,0.01,0.07,0.02,,,,SiO2_Polymorph,Kleinsasseretal2008
2013,Gon05262bobs-h,100.1,0.01,0.03,0.01,0.0,0.01,0.0,0.02,0.0,,,,SiO2_Polymorph,Kleinsasseretal2008
2014,Gon05262c-g,99.12,0.05,0.01,0.07,0.0,0.01,0.01,0.0,0.01,,,,SiO2_Polymorph,Kleinsasseretal2008
2015,Gon05262c-o,100.73,0.02,0.01,0.03,0.0,0.0,0.0,0.0,0.02,,,,SiO2_Polymorph,Kleinsasseretal2008
2016,Gon05262iph-c,97.72,0.0,0.01,0.0,0.01,0.01,0.0,0.04,0.0,,,,SiO2_Polymorph,Kleinsasseretal2008
2017,Gon05262iph-f,96.42,0.04,0.01,0.0,0.02,0.01,0.02,0.06,0.0,,,,SiO2_Polymorph,Kleinsasseretal2008
2018,Gon05262iph-g,97.25,0.01,0.0,0.03,0.0,0.0,0.01,0.0,0.0,,,,SiO2_Polymorph,Kleinsasseretal2008
2019,Gon05262iph-k,98.33,0.0,0.01,0.0,0.0,0.0,0.01,0.01,0.0,,,,SiO2_Polymorph,Kleinsasseretal2008
2020,Gon05262iph-l,97.48,0.0,0.02,0.0,0.01,0.01,0.02,0.0,0.0,,,,SiO2_Polymorph,Kleinsasseretal2008
2021,Gon05262iph-n,97.28,0.04,0.02,0.01,0.0,0.01,0.0,0.01,0.01,,,,SiO2_Polymorph,Kleinsasseretal2008
2022,Gon05262iph-p,98.52,0.05,0.01,0.02,0.01,0.0,0.01,0.0,0.01,,,,SiO2_Polymorph,Kleinsasseretal2008
2023,08OL04a_Gideah,99.4,0.01,0.08,0.12,0.04,,0.07,0.0,0.01,,,,SiO2_Polymorph,Franceetal2009
2024,312_1256D_202R1_8-10*_1256D,100.02,0.1,0.03,0.44,0.02,0.0,0.04,0.0,0.0,,0.01,,SiO2_Polymorph,Franceetal2009
2025,312_1256D_227R1_30-34*_1256D,99.11,0.11,0.03,0.36,0.0,0.0,0.04,0.0,0.0,,0.0,,SiO2_Polymorph,Franceetal2009
2026,Qz_rep,100.36,0.04,0.0,0.05,0.03,0.0,0.0,0.0,0.01,0.0,0.0,,SiO2_Polymorph,Dongetal2016
2027,31r1-108_12,101.61,0.0,0.0049,0.14,0.0103,0.0,0.0073,0.0328,0.0697,0.005,0.0,,SiO2_Polymorph,Kendrick2019
2028,V1-13 I,100.903,0.039,0.003,0.0,0.0,0.0,0.0,0.004,0.007,0.026,0.005,,SiO2_Polymorph,Brandletal2015
2029,V1-13 II,100.903,0.039,0.003,0.0,0.0,0.0,0.0,0.004,0.007,0.026,0.005,,SiO2_Polymorph,Brandletal2015
2030,XenoA_3 ,97.392,0.07,0.0,0.013,0.024,0.001,0.002,0.005,0.016,,0.01,,SiO2_Polymorph,Brandletal2015
2031,XenoA_4 ,97.153,0.036,0.011,0.048,0.014,0.013,0.016,0.002,0.024,,0.0,,SiO2_Polymorph,Brandletal2015
2032,XenoA_11 ,97.769,0.0,0.0,0.029,0.0,0.0,0.027,0.012,0.012,,0.027,,SiO2_Polymorph,Brandletal2015
2033,XenoA_14 ,96.93,0.019,0.011,0.032,0.041,0.0,0.014,0.0,0.017,,0.012,,SiO2_Polymorph,Brandletal2015
2034,MatrixFSP1 ,95.851,0.002,0.01,0.227,0.0,0.0,0.026,0.0,0.005,,0.032,,SiO2_Polymorph,Brandletal2015
2035,MatrixFSP2 ,96.806,0.042,0.003,0.197,0.0,0.011,0.038,0.018,0.006,,0.0,,SiO2_Polymorph,Brandletal2015
2036,MatrixFSP3 ,96.611,0.0,0.0,0.174,0.019,0.0,0.035,0.0,0.0,,0.0,,SiO2_Polymorph,Brandletal2015
2037,MatrixFSP4 ,97.089,0.047,0.016,0.03,0.012,0.0,0.022,0.0,0.026,,0.0,,SiO2_Polymorph,Brandletal2015
2038,MatrixFSP5 ,96.473,0.047,0.011,0.106,0.044,0.002,0.019,0.0,0.0,,0.01,,SiO2_Polymorph,Brandletal2015
2039,MatrixFSP6 ,94.528,0.003,0.053,0.151,0.0,0.011,0.022,0.0,0.0,,0.0,,SiO2_Polymorph,Brandletal2015
2040,MatrixFSP7 ,97.587,0.0,0.0,0.039,0.0,0.0,0.026,0.005,0.021,,0.015,,SiO2_Polymorph,Brandletal2015
2041,MatrixFSP8 ,96.574,0.001,0.002,0.143,0.0,0.012,0.046,0.0,0.009,,0.03,,SiO2_Polymorph,Brandletal2015
2042,MatrixFSP9 ,95.654,0.004,0.0,0.096,0.0,0.009,0.001,0.005,0.001,,0.041,,SiO2_Polymorph,Brandletal2015
2043,XenoB_4 ,95.467,0.011,0.01,0.068,0.02,0.007,0.0,0.0,0.006,,0.045,,SiO2_Polymorph,Brandletal2015
2044,XenoB_6 ,97.079,0.0,0.013,0.003,0.023,0.0,0.027,0.038,0.0,,0.0,,SiO2_Polymorph,Brandletal2015
2045,XenoB_7 ,94.975,0.0,0.0,0.025,0.046,0.0,0.031,0.0,0.004,,0.013,,SiO2_Polymorph,Brandletal2015
2046,XenoB_10 ,97.549,0.013,0.01,0.062,0.013,0.0,0.0,0.0,0.001,,0.0,,SiO2_Polymorph,Brandletal2015
2047,MatrixB_1 ,95.547,0.064,0.0,0.136,0.007,0.011,0.027,0.001,0.014,,0.0,,SiO2_Polymorph,Brandletal2015
2048,MatrixB_2 ,95.815,0.037,0.006,0.153,0.0,0.0,0.029,0.0,0.008,,0.025,,SiO2_Polymorph,Brandletal2015
2049,MatrixB_3 ,97.606,0.022,0.01,0.137,0.0,0.01,0.0,0.0,0.003,,0.028,,SiO2_Polymorph,Brandletal2015
2050,MatrixB_4 ,97.586,0.0,0.0,0.081,0.04,0.006,0.006,0.009,0.0,,0.0,,SiO2_Polymorph,Brandletal2015
2051,MatrixB_5 ,97.582,0.033,0.015,0.033,0.014,0.0,0.024,0.008,0.0,,0.0,,SiO2_Polymorph,Brandletal2015
2052,MatrixB_6 ,97.179,0.003,0.0,0.044,0.0,0.003,0.0,0.007,0.017,,0.0,,SiO2_Polymorph,Brandletal2015
2053,MatrixB_7 ,97.02,0.008,0.032,0.216,0.042,0.013,0.046,0.012,0.006,,0.039,,SiO2_Polymorph,Brandletal2015
2054,MatrixB_8 ,96.821,0.004,0.0,0.161,0.0,0.023,0.032,0.001,0.008,,0.0,,SiO2_Polymorph,Brandletal2015
2055,MatrixB_9 ,96.119,0.023,0.029,0.189,0.027,0.012,0.073,0.0,0.003,,0.007,,SiO2_Polymorph,Brandletal2015
2056,MatrixB_10 ,97.288,0.0,0.0,0.129,0.032,0.003,0.033,0.0,0.0,,0.015,,SiO2_Polymorph,Brandletal2015
2057,MatrixC_4 ,93.784,0.009,0.0,0.182,0.038,0.01,0.035,0.0,0.015,,0.001,,SiO2_Polymorph,Brandletal2015
2058,XenoD_1 ,97.036,0.008,0.134,0.095,0.005,0.006,0.0,0.016,0.025,,0.032,,SiO2_Polymorph,Brandletal2015
2059,XenoD_2 ,97.132,0.018,0.045,0.054,0.0,0.0,0.005,0.0,0.026,,0.0,,SiO2_Polymorph,Brandletal2015
2060,XenoD_5 ,97.297,0.011,0.03,0.048,0.0,0.0,0.022,0.002,0.033,,0.017,,SiO2_Polymorph,Brandletal2015
2061,XenoD_6 ,97.33,0.02,0.026,0.059,0.029,0.0,0.01,0.0,0.0,,0.036,,SiO2_Polymorph,Brandletal2015
2062,XenoD_8 ,97.482,0.028,0.0,0.049,0.035,0.007,0.026,0.0,0.031,,0.01,,SiO2_Polymorph,Brandletal2015
2063,XenoD_10 ,96.627,0.042,0.047,0.12,0.0,0.008,0.018,0.003,0.005,,0.0,,SiO2_Polymorph,Brandletal2015
2064,MatrixD_1 ,96.855,0.024,0.025,0.275,0.0,0.0,0.044,0.01,0.028,,0.0,,SiO2_Polymorph,Brandletal2015
2065,MatrixD_4 ,97.592,0.02,0.006,0.096,0.005,0.007,0.023,0.0,0.002,,0.0,,SiO2_Polymorph,Brandletal2015
2066,MatrixD_5 ,97.382,0.001,0.077,0.175,0.0,0.013,0.044,0.027,0.0,,0.0,,SiO2_Polymorph,Brandletal2015
2067,MatrixE_1 ,96.326,0.026,0.006,0.127,0.018,0.015,0.022,0.0,0.004,,0.032,,SiO2_Polymorph,Brandletal2015
2068,MatrixE_3 ,96.955,0.057,0.074,0.217,0.007,0.001,0.055,0.0,0.019,,0.015,,SiO2_Polymorph,Brandletal2015
2069,MatrixE_4 ,96.845,0.0,0.015,0.094,0.002,0.0,0.015,0.0,0.005,,0.014,,SiO2_Polymorph,Brandletal2015
2070,MatrixE_5 ,96.636,0.022,0.01,0.148,0.0,0.0,0.036,0.0,0.003,,0.015,,SiO2_Polymorph,Brandletal2015
2071,MatrixE_6 ,97.323,0.005,0.0,0.258,0.0,0.0,0.059,0.007,0.023,,0.05,,SiO2_Polymorph,Brandletal2015
2072,MatrixE_7 ,95.328,0.018,0.064,0.156,0.01,0.0,0.051,0.023,0.0,,0.0,,SiO2_Polymorph,Brandletal2015
2073,MatrixE_8 ,96.763,0.0,0.022,0.172,0.021,0.008,0.04,0.012,0.033,,0.055,,SiO2_Polymorph,Brandletal2015
2074,,99.86494971006636,0.0279613583103753,0.1070889316232653,,,,,,,,,,SiO2_Polymorph,Synthetic
2075,,99.8686379112565,0.0510362160393012,0.0803258727041939,,,,,,,,,,SiO2_Polymorph,Synthetic
2076,,99.80719059189484,0.0551986643988355,0.1376107437063114,,,,,,,,,,SiO2_Polymorph,Synthetic
2077,,99.88143202875428,0.0838528138701402,0.0347151573755778,,,,,,,,,,SiO2_Polymorph,Synthetic
2078,,99.77817055270266,0.1005285323871948,0.1213009149101387,,,,,,,,,,SiO2_Polymorph,Synthetic
2079,,99.76715740584436,0.0929951363809019,0.1398474577747108,,,,,,,,,,SiO2_Polymorph,Synthetic
2080,,99.75970955235174,0.1033866743113242,0.1369037733369353,,,,,,,,,,SiO2_Polymorph,Synthetic
2081,,99.92244054847106,0.0719228847434439,0.0056365667854927,,,,,,,,,,SiO2_Polymorph,Synthetic
2082,,99.89733405376884,0.102581035884184,8.491034696097865e-05,,,,,,,,,,SiO2_Polymorph,Synthetic
2083,,99.78833009849508,0.1093431890620566,0.1023267124428674,,,,,,,,,,SiO2_Polymorph,Synthetic
2084,,99.90985375450032,0.001730729937729,0.088415515561942,,,,,,,,,,SiO2_Polymorph,Synthetic
2085,,99.83355362804396,0.0145440825543027,0.1519022894017418,,,,,,,,,,SiO2_Polymorph,Synthetic
2086,,99.80420871183028,0.107089090267247,0.0887021979024555,,,,,,,,,,SiO2_Polymorph,Synthetic
2087,,99.87960529629176,0.0287311653617002,0.0916635383465389,,,,,,,,,,SiO2_Polymorph,Synthetic
2088,,99.87421515512074,0.1116993272540304,0.014085517625226,,,,,,,,,,SiO2_Polymorph,Synthetic
2089,,99.92719873528576,0.0474701759317374,0.0253310887824908,,,,,,,,,,SiO2_Polymorph,Synthetic
2090,,99.95772310096405,0.0207503667768013,0.021526532259168,,,,,,,,,,SiO2_Polymorph,Synthetic
2091,,99.87196584784796,0.0019786256941338,0.1260555264578945,,,,,,,,,,SiO2_Polymorph,Synthetic
2092,,99.8707308882668,0.1050150927718648,0.0242540189613321,,,,,,,,,,SiO2_Polymorph,Synthetic
2093,,99.77544429972345,0.1048685926554545,0.1196871076211115,,,,,,,,,,SiO2_Polymorph,Synthetic
2094,,99.91704952494806,0.0038222626285619,0.0791282124233774,,,,,,,,,,SiO2_Polymorph,Synthetic
2095,,99.82744974750722,0.0284310800155654,0.1441191724772244,,,,,,,,,,SiO2_Polymorph,Synthetic
2096,,99.86683204476816,0.1151017933609231,0.0180661618709122,,,,,,,,,,SiO2_Polymorph,Synthetic
2097,,99.79238388049912,0.0975738031490936,0.1100423163517963,,,,,,,,,,SiO2_Polymorph,Synthetic
2098,,99.95177477178368,0.0462460079769286,0.0019792202393954,,,,,,,,,,SiO2_Polymorph,Synthetic
2099,,99.89416114838092,0.0997982054784709,0.0060406461405932,,,,,,,,,,SiO2_Polymorph,Synthetic
2100,E2718C_1_,0.0091,98.4337,0.0236,0.2144,0.0089,,,,,,0.1976,,Rutile,Penniston-Dorlandetal2018
2101,E2718C_2_,0.0075,98.6836,0.0379,0.2062,0.0033,,,,,,0.2009,,Rutile,Penniston-Dorlandetal2018
2102,E2718C_3_,0.0178,98.4385,0.0374,0.2277,0.0152,,,,,,0.1921,,Rutile,Penniston-Dorlandetal2018
2103,E2718C_4_,0.0051,98.5087,0.0394,0.2048,0.0,,,,,,0.2058,,Rutile,Penniston-Dorlandetal2018
2104,E2718C_5_,0.0153,98.5736,0.0429,0.174,0.0,,,,,,0.2246,,Rutile,Penniston-Dorlandetal2018
2105,E2718C_41_,0.0283,99.1352,0.0256,0.6995,0.0,,,,,,0.0622,,Rutile,Penniston-Dorlandetal2018
2106,E2718C_42_,0.0129,98.4073,0.025,0.305,0.0,,,,,,0.1452,,Rutile,Penniston-Dorlandetal2018
2107,E2718C_43_,0.0083,99.3163,0.0351,0.2288,0.0035,,,,,,0.1784,,Rutile,Penniston-Dorlandetal2018
2108,E2718C_44_,0.0079,99.5473,0.0248,0.2243,0.0145,,,,,,0.1775,,Rutile,Penniston-Dorlandetal2018
2109,E2718C_45_,0.0112,98.7982,0.0227,0.1842,0.0003,,,,,,0.217,,Rutile,Penniston-Dorlandetal2018
2110,E2718C_46_,0.0059,98.6834,0.0335,0.1851,0.0,,,,,,0.1904,,Rutile,Penniston-Dorlandetal2018
2111,E2718C_47_,0.0062,99.0315,0.0231,0.216,0.0,,,,,,0.1725,,Rutile,Penniston-Dorlandetal2018
2112,E2718C_48_,0.0,98.5959,0.0352,0.2424,0.0,,,,,,0.201,,Rutile,Penniston-Dorlandetal2018
2113,E2718C_49_,0.0098,98.517,0.0198,0.2483,0.0123,,,,,,0.2007,,Rutile,Penniston-Dorlandetal2018
2114,E2718C_50_,0.0097,99.0879,0.0343,0.194,0.0,,,,,,0.1759,,Rutile,Penniston-Dorlandetal2018
2115,E2718C_51_,0.0124,99.4067,0.0249,0.1978,0.0248,,,,,,0.1738,,Rutile,Penniston-Dorlandetal2018
2116,E2718C_52_,0.0014,99.1109,0.0327,0.2144,0.0,,,,,,0.1744,,Rutile,Penniston-Dorlandetal2018
2117,E2718C_53_,0.0166,98.9245,0.0248,0.2548,0.0043,,,,,,0.1932,,Rutile,Penniston-Dorlandetal2018
2118,E2718C_54_,0.0209,98.996,0.0204,0.2226,0.0,,,,,,0.1952,,Rutile,Penniston-Dorlandetal2018
2119,E2718C_69_,0.0193,98.9136,0.0636,0.413,0.0175,,,,,,0.152,,Rutile,Penniston-Dorlandetal2018
2120,E2718C_70_,0.0137,98.7781,0.0595,0.3298,0.0008,,,,,,0.144,,Rutile,Penniston-Dorlandetal2018
2121,E2718C_71_,0.0091,99.0457,0.0369,0.1587,0.0018,,,,,,0.2526,,Rutile,Penniston-Dorlandetal2018
2122,E2718C_72_,0.0139,98.6954,0.0285,0.1417,0.0054,,,,,,0.1953,,Rutile,Penniston-Dorlandetal2018
2123,E2718C_73_,0.0121,99.2795,0.0411,0.163,0.0005,,,,,,0.2104,,Rutile,Penniston-Dorlandetal2018
2124,E2718C_74_,0.0075,98.9428,0.0124,0.2294,0.0064,,,,,,0.241,,Rutile,Penniston-Dorlandetal2018
2125,A12A-3_2_,0.0122,100.3914,0.029,0.361,0.0084,,,,,,0.0,,Rutile,Penniston-Dorlandetal2018
2126,A12A-3_3_,0.0037,98.8767,0.0438,0.4512,0.0,,,,,,0.0,,Rutile,Penniston-Dorlandetal2018
2127,A12A-3_4_,0.0362,99.1249,0.0368,0.4363,0.0101,,,,,,0.0,,Rutile,Penniston-Dorlandetal2018
2128,A12A-3_5_,0.0219,97.7749,0.0151,0.3942,0.0219,,,,,,0.027,,Rutile,Penniston-Dorlandetal2018
2129,A12A-3_6_,0.0193,97.2421,0.0175,0.3964,0.0328,,,,,,0.0245,,Rutile,Penniston-Dorlandetal2018
2130,A12A-3_7_,0.0054,96.7913,0.0131,0.3974,0.002,,,,,,0.034,,Rutile,Penniston-Dorlandetal2018
2131,A12A-3_8_,0.0056,97.2715,0.0202,0.337,0.0012,,,,,,0.0352,,Rutile,Penniston-Dorlandetal2018
2132,A12A-3_9_,0.0074,96.0485,0.0308,0.3129,0.0013,,,,,,0.0,,Rutile,Penniston-Dorlandetal2018
2133,A12A-3_10_,0.0149,97.83,0.027,0.3415,0.0159,,,,,,0.0198,,Rutile,Penniston-Dorlandetal2018
2134,A12A-3_11_,0.0192,97.7322,0.0225,0.3255,0.0051,,,,,,0.0027,,Rutile,Penniston-Dorlandetal2018
2135,A12A-3_12_,0.0152,96.7983,0.0255,0.3623,0.0082,,,,,,0.0014,,Rutile,Penniston-Dorlandetal2018
2136,A12A-3_13_,0.0082,96.4,0.0379,0.3971,0.0161,,,,,,0.0,,Rutile,Penniston-Dorlandetal2018
2137,A12A-3_68_,0.0046,97.6051,0.0443,0.4557,0.0,,,,,,0.0,,Rutile,Penniston-Dorlandetal2018
2138,A12A-3_69_,0.0274,98.8886,0.0244,0.3248,0.0034,,,,,,0.0285,,Rutile,Penniston-Dorlandetal2018
2139,A12A-3_70_,0.0212,96.9711,0.023,0.3533,0.0133,,,,,,0.0315,,Rutile,Penniston-Dorlandetal2018
2140,A12A-3_71_,0.0071,98.9641,0.0281,0.4345,0.0193,,,,,,0.0325,,Rutile,Penniston-Dorlandetal2018
2141,A12A-3_72_,0.0124,100.6649,0.0348,0.3524,0.0019,,,,,,0.0718,,Rutile,Penniston-Dorlandetal2018
2142,A12A-3_73_,0.039,99.0608,0.0225,0.443,0.0207,,,,,,0.0258,,Rutile,Penniston-Dorlandetal2018
2143,A12A-3_74_,0.0158,97.9714,0.0195,0.3623,0.005,,,,,,0.0314,,Rutile,Penniston-Dorlandetal2018
2144,A12A-3_75_,0.0276,100.0508,0.0152,0.316,0.0,,,,,,0.0413,,Rutile,Penniston-Dorlandetal2018
2145,A12A-3_76_,0.0399,101.1027,0.0189,0.3243,0.0035,,,,,,0.0159,,Rutile,Penniston-Dorlandetal2018
2146,A12A-3_77_,0.0179,101.8426,0.0287,0.324,0.0121,,,,,,0.0457,,Rutile,Penniston-Dorlandetal2018
2147,A12A-3_78_,0.0046,99.3142,0.0474,0.4072,0.0056,,,,,,0.0009,,Rutile,Penniston-Dorlandetal2018
2148,A12A-5_Grain1_53.7142857142857,0.0399,99.8926,0.0104,0.3046,0.0009,,,,,,0.0455,,Rutile,Penniston-Dorlandetal2018
2149,A12A-5_Grain1_114.285714285714,0.0009,99.1701,0.0132,0.3467,0.0,,,,,,0.0406,,Rutile,Penniston-Dorlandetal2018
2150,A12A-5_Grain1_156.571428571429,0.0113,98.7306,0.0145,0.34,0.0068,,,,,,0.0394,,Rutile,Penniston-Dorlandetal2018
2151,A12A-5_Grain1_214.857142857143,0.0,99.2528,0.0221,0.3303,0.0,,,,,,0.042,,Rutile,Penniston-Dorlandetal2018
2152,A12A-5_Grain1_266.285714285714,0.0,99.411,0.0156,0.3394,0.0,,,,,,0.0405,,Rutile,Penniston-Dorlandetal2018
2153,A12A-5_Grain1_320,0.0192,100.2895,0.009,0.3384,0.0,,,,,,0.0556,,Rutile,Penniston-Dorlandetal2018
2154,A12A-5_Grain2a_64,0.0025,99.7577,0.0297,0.3556,0.0,,,,,,0.0396,,Rutile,Penniston-Dorlandetal2018
2155,A12A-5_Grain2a_139,0.004,99.959,0.0261,0.3556,0.0101,,,,,,0.0376,,Rutile,Penniston-Dorlandetal2018
2156,A12A-5_Grain2a_207,0.0057,100.4031,0.0261,0.3632,0.0,,,,,,0.0456,,Rutile,Penniston-Dorlandetal2018
2157,A12A-5_Grain2a_287,0.007,100.077,0.018,0.3896,0.0125,,,,,,0.0442,,Rutile,Penniston-Dorlandetal2018
2158,A12A-5_Grain2b_225,0.0495,98.7703,0.0318,0.3879,0.0,,,,,,0.0419,,Rutile,Penniston-Dorlandetal2018
2159,A12A-5_Grain2c_44,0.0267,98.359872,0.0194,0.3382,0.0144,,,,,,0.0272,,Rutile,Penniston-Dorlandetal2018
2160,A12A-5_Grain2c_92,0.0,98.19408,0.0225,0.3583,0.0099,,,,,,0.0408,,Rutile,Penniston-Dorlandetal2018
2161,A12A-5_Grain2c_144,0.0047,98.85696,0.024,0.3515,0.0,,,,,,0.0474,,Rutile,Penniston-Dorlandetal2018
2162,A12A-5_Grain2c_195,0.0064,98.832576,0.0287,0.3713,0.0054,,,,,,0.0245,,Rutile,Penniston-Dorlandetal2018
2163,A12A-5_Grain3a_69,0.0118,98.767392,0.0114,0.3607,0.0058,,,,,,0.0374,,Rutile,Penniston-Dorlandetal2018
2164,A12A-5_Grain3a_142,0.0053,98.588448,0.0117,0.3856,0.0,,,,,,0.0661,,Rutile,Penniston-Dorlandetal2018
2165,A12A-5_Grain3a_227,0.0148,98.232096,0.0279,0.3915,0.0,,,,,,0.049,,Rutile,Penniston-Dorlandetal2018
2166,A12A-5_Grain3a_301,0.0,98.709312,0.0145,0.37,0.0119,,,,,,0.0472,,Rutile,Penniston-Dorlandetal2018
2167,A12A-5_Grain3a_377,0.0072,98.994048,0.0245,0.3896,0.0039,,,,,,0.0326,,Rutile,Penniston-Dorlandetal2018
2168,A12A-5_Grain3a_452,0.0086,99.17278,0.0151,0.3895,0.0081,,,,,,0.0399,,Rutile,Penniston-Dorlandetal2018
2169,A12A-5_Grain3b_44,0.0145,99.639552,0.0095,0.3427,0.0,,,,,,0.0336,,Rutile,Penniston-Dorlandetal2018
2170,A12A-5_Grain3b_106,0.0,98.74896,0.0212,0.3839,0.0131,,,,,,0.0534,,Rutile,Penniston-Dorlandetal2018
2171,A12A-5_Grain3b_168,0.0063,98.612755,0.0188,0.3508,0.0064,,,,,,0.0478,,Rutile,Penniston-Dorlandetal2018
2172,A12A-5_Grain3b_232,0.0,98.29232,0.0237,0.3876,0.0,,,,,,0.0287,,Rutile,Penniston-Dorlandetal2018
2173,A12A-5_Grain3b_287,0.0057,100.076705,0.0159,0.3834,0.0032,,,,,,0.042,,Rutile,Penniston-Dorlandetal2018
2174,A12A-5_Grain3c_17,0.0513,98.897565,0.0127,0.3126,0.0014,,,,,,0.0478,,Rutile,Penniston-Dorlandetal2018
2175,A12A-5_Grain3c_53,0.0169,99.261225,0.0159,0.3352,0.0,,,,,,0.032,,Rutile,Penniston-Dorlandetal2018
2176,A12A-5_Grain3c_87,0.0193,99.611205,0.0103,0.3522,0.0039,,,,,,0.0348,,Rutile,Penniston-Dorlandetal2018
2177,A12A-5_Grain4_32,0.0549,99.08728,0.0185,0.2799,0.0,,,,,,0.0,,Rutile,Penniston-Dorlandetal2018
2178,A12A-5_Grain4_81,0.0092,99.674095,0.0187,0.3401,0.0,,,,,,0.0708,,Rutile,Penniston-Dorlandetal2018
2179,A12A-5_Grain4_126,0.0024,100.204955,0.0278,0.3494,0.0106,,,,,,0.0949,,Rutile,Penniston-Dorlandetal2018
2180,A12A-5_Grain4_188,0.0043,99.713045,0.0289,0.3489,0.0003,,,,,,0.022,,Rutile,Penniston-Dorlandetal2018
2181,A12A-5_Grain4_217,0.0181,99.60446,0.0225,0.3229,0.0002,,,,,,0.0244,,Rutile,Penniston-Dorlandetal2018
2182,A12A-5_Grain5_51,0.0177,98.612755,0.0244,0.3155,0.0,,,,,,0.1482,,Rutile,Penniston-Dorlandetal2018
2183,A12A-5_Grain5_120,0.0044,98.94177,0.0304,0.3625,0.0102,,,,,,0.0204,,Rutile,Penniston-Dorlandetal2018
2184,A12A-5_Grain5_181,0.0,97.931325,0.027,0.3643,0.0,,,,,,0.0287,,Rutile,Penniston-Dorlandetal2018
2185,A12A-5_Grain5_245,0.0071,98.47230600000002,0.024,0.3355,0.0077,,,,,,0.1003,,Rutile,Penniston-Dorlandetal2018
2186,A12A-5_Grain5_368,0.0011,99.052905,0.0247,0.3192,0.0006,,,,,,0.0,,Rutile,Penniston-Dorlandetal2018
2187,A12A-5_Grain5_423,0.0,98.180379,0.0218,0.3407,0.0,,,,,,0.0,,Rutile,Penniston-Dorlandetal2018
2188,A12A-5_Grain6_13,0.0574,99.265,0.0139,0.2551,0.0107,,,,,,0.0,,Rutile,Penniston-Dorlandetal2018
2189,A12A-5_Grain6_32,0.0353,103.15,0.0167,0.2358,0.0,,,,,,0.0162,,Rutile,Penniston-Dorlandetal2018
2190,A12A-5_Grain6_53,0.0471,100.206914,0.0179,0.2447,0.0094,,,,,,0.0,,Rutile,Penniston-Dorlandetal2018
2191,A12A-5_Grain7_33,0.0401,98.300544,0.0177,0.3521,0.0195,,,,,,0.0436,,Rutile,Penniston-Dorlandetal2018
2192,A12A-5_Grain7_55,0.0433,98.604864,0.0138,0.3325,0.0,,,,,,0.0585,,Rutile,Penniston-Dorlandetal2018
2193,A12A-5_Grain7_78,0.0549,97.28765,0.0048,0.3464,0.0,,,,,,0.0585,,Rutile,Penniston-Dorlandetal2018
2194,A10-7A_18_,0.0359,98.9881,0.0006,0.1344,0.0,,,,,,0.4595,,Rutile,Penniston-Dorlandetal2018
2195,A10-7A_19_,0.0081,98.4756,0.0,0.1422,0.0119,,,,,,0.5086,,Rutile,Penniston-Dorlandetal2018
2196,A10-7A_21_,0.0072,100.7001,0.0036,0.2074,0.0,,,,,,0.506,,Rutile,Penniston-Dorlandetal2018
2197,A10-7A_26_,0.006,99.6534,0.0082,0.1852,0.0131,,,,,,0.5433,,Rutile,Penniston-Dorlandetal2018
2198,A10-7A_36_,0.0049,100.8137,0.0078,0.1775,0.0032,,,,,,0.5509,,Rutile,Penniston-Dorlandetal2018
2199,A15-02_1_,0.0069,98.249481,0.0155,0.1134,0.0144,,,,,,,,Rutile,Penniston-Dorlandetal2018
2200,OM15-6,41.25742,,1.34979,4.38996,,39.54539,,,,,0.26425,,Serpentine,deObesoandKelemen2020
2201,OM15-6,45.03778,0.0347,0.613,4.27731,0.04921,38.90302,,,,,0.09582,,Serpentine,deObesoandKelemen2020
2202,OM15-6,44.78683,,0.07731,5.53723,,36.07066,,,,,,,Serpentine,deObesoandKelemen2020
2203,OM15-6,39.8758,,,8.69485,0.05758,36.68905,,,,,,,Serpentine,deObesoandKelemen2020
2204,OM15-6,41.42825,0.02485,0.70973,4.95897,0.1262,37.89634,0.38051,,,,,,Serpentine,deObesoandKelemen2020
2205,OM15-6,39.77789,0.02026,0.35278,3.99781,0.10403,37.27186,0.21536,,,,,,Serpentine,deObesoandKelemen2020
2206,OM15-6,40.73831,,,6.90092,0.10149,38.72005,0.07235,,,,,,Serpentine,deObesoandKelemen2020
2207,OM15-6,42.06955,,0.10547,3.84371,,40.27422,,,,,,,Serpentine,deObesoandKelemen2020
2208,OM15-6,42.05991,0.03072,0.20582,8.94628,0.10136,35.6755,,,,,,,Serpentine,deObesoandKelemen2020
2209,OM15-6,41.97768,0.01515,,5.5166,0.0675,40.25039,0.43187,,,,,,Serpentine,deObesoandKelemen2020
2210,OM15-6,41.1139,0.00739,0.53749,6.47669,0.15842,35.84477,0.07893,,,,,,Serpentine,deObesoandKelemen2020
2211,OM15-6,42.29101,,0.18158,6.36628,0.12262,38.23756,,,,,,,Serpentine,deObesoandKelemen2020
2212,OM15-7,36.85065,,0.10879,9.96126,,37.48111,,,,,,,Serpentine,deObesoandKelemen2020
2213,OM15-7,45.96122,,0.13824,3.89483,,37.94674,,,,,,,Serpentine,deObesoandKelemen2020
2214,OM15-7,46.53079,,,9.89939,,30.55618,0.16518,,,,,,Serpentine,deObesoandKelemen2020
2215,OM15-7,44.99362,0.0582,2.29812,8.93172,0.09933,30.7524,0.24821,,,,0.64465,,Serpentine,deObesoandKelemen2020
2216,OM15-7,46.11362,,0.42948,10.62514,0.07783,29.78299,0.23389,,,,,,Serpentine,deObesoandKelemen2020
2217,OM15-7,45.70003,,0.25295,11.32817,,29.11988,0.30581,,,,,,Serpentine,deObesoandKelemen2020
2218,OM15-5,37.63644,0.13539,0.42223,18.53142,,25.19416,0.42788,,,,,,Serpentine,deObesoandKelemen2020
2219,OM15-5,41.30954,,0.65519,14.58031,,28.44159,0.59978,,,,,,Serpentine,deObesoandKelemen2020
2220,OM15-5,43.6086,,0.1127,6.25082,0.09181,36.31305,0.35646,,,,,,Serpentine,deObesoandKelemen2020
2221,OM15-6,33.24116,,0.36023,29.06122,0.23064,20.99811,0.46496,,,,,,Serpentine,deObesoandKelemen2020
2222,OM15-6,40.36738,,0.63138,13.11484,,28.3355,0.43296,,,,,,Serpentine,deObesoandKelemen2020
2223,OM15-6,40.81916,,0.51187,18.06422,0.04347,27.90224,0.22588,,,,,,Serpentine,deObesoandKelemen2020
2224,OM15-6,42.95248,,0.16276,6.22047,0.04743,35.91588,0.07074,,,,,,Serpentine,deObesoandKelemen2020
2225,OM15-6,43.99942,,0.21774,7.13362,,34.3799,0.12371,,,,,,Serpentine,deObesoandKelemen2020
2226,OM15-6,37.20955,,0.19745,19.59022,,27.64269,0.17789,,,,,,Serpentine,deObesoandKelemen2020
2227,OM15-6,43.60807,0.0509,0.73434,12.85622,0.04288,31.07072,0.29829,,,,0.13485,,Serpentine,deObesoandKelemen2020
2228,OM15-6,43.2197,,0.57657,7.48664,0.08142,36.53368,0.06692,,,,0.08499,,Serpentine,deObesoandKelemen2020
2229,OM15-6,42.23818,,0.28168,9.76049,0.04074,31.16866,0.24381,,,,0.24424,,Serpentine,deObesoandKelemen2020
2230,OM15-6,41.80104,,0.64146,12.74069,,28.00988,0.56857,,,,0.11346,,Serpentine,deObesoandKelemen2020
2231,OM15-6,34.87505,0.10905,0.44454,29.32323,,22.02375,0.34722,,,,0.26154,,Serpentine,deObesoandKelemen2020
2232,OM15-6,32.18846,0.038,0.44972,34.30732,0.87193,20.48043,0.45858,,,,,,Serpentine,deObesoandKelemen2020
2233,OM15-6,40.81649,,0.71501,21.47678,0.09581,25.33756,0.44149,,,,0.06837,,Serpentine,deObesoandKelemen2020
2234,OM15-6,40.41364,,,15.88121,,30.23763,0.20286,,,,,,Serpentine,deObesoandKelemen2020
2235,OM15-6,42.27953,,0.29786,7.55686,0.11519,35.92571,,,,,,,Serpentine,deObesoandKelemen2020
2236,OM15-6,39.59244,,0.13046,8.91267,,33.8155,0.22318,,,,,,Serpentine,deObesoandKelemen2020
2237,OM15-6,38.46682,,0.35915,16.16109,,31.03884,0.11562,,,,,,Serpentine,deObesoandKelemen2020
2238,OM15-6,38.46075,,0.42819,14.00025,0.1435,32.51933,0.11624,,,,0.18809,,Serpentine,deObesoandKelemen2020
2239,OM15-6,40.93552,,0.15775,8.19545,0.12896,34.9601,0.07812,,,,,,Serpentine,deObesoandKelemen2020
2240,OM15-6,40.76842,,,15.22444,0.0711,30.49082,0.08466,,,,,,Serpentine,deObesoandKelemen2020
2241,OM15-6,42.70527,,0.12288,4.33358,,39.14338,,,,,,,Serpentine,deObesoandKelemen2020
2242,OM15-6,38.34672,0.05975,0.37968,22.51685,,24.15609,0.41586,,,,0.15747,,Serpentine,deObesoandKelemen2020
2243,OM15-6,36.31586,,0.41868,25.8672,0.08244,23.93328,0.40516,,,,,,Serpentine,deObesoandKelemen2020
2244,OM15-6,35.93386,,0.53283,27.32692,,22.43753,0.41337,,,,0.24807,,Serpentine,deObesoandKelemen2020
2245,OM15-6,36.87934,,0.78488,22.96159,,23.58641,0.36391,,,,,,Serpentine,deObesoandKelemen2020
2246,OM15-6,37.43396,,0.44606,20.59882,,26.50275,0.25016,,,,0.10928,,Serpentine,deObesoandKelemen2020
2247,OM15-6,36.32833,0.12471,1.01411,26.18315,,22.96802,0.40584,,,,,,Serpentine,deObesoandKelemen2020
2248,OM15-6,37.30063,,0.30665,26.28914,,25.03362,0.24898,,,,,,Serpentine,deObesoandKelemen2020
2249,OM15-6,39.15384,,0.31017,22.88556,,25.54599,0.26173,,,,,,Serpentine,deObesoandKelemen2020
2250,OM15-6,44.95129,,0.71338,7.56216,,30.67999,0.2579,,,,,,Serpentine,deObesoandKelemen2020
2251,OM15-6,44.5782,,0.99818,8.10971,,31.53478,0.25855,,,,0.12584,,Serpentine,deObesoandKelemen2020
2252,OM15-6,45.93879,0.04307,0.75639,9.2123,,31.48292,0.19392,,,,0.08962,,Serpentine,deObesoandKelemen2020
2253,OM15-6,44.71162,,0.30407,9.47636,,31.92977,0.26113,,,,0.13808,,Serpentine,deObesoandKelemen2020
2254,OM15-6,44.89465,,0.28112,10.26046,,30.83478,0.3253,,,,0.13419,,Serpentine,deObesoandKelemen2020
2255,OM15-6,43.99968,,0.72068,10.40546,,31.00523,0.26257,,,,0.0798,,Serpentine,deObesoandKelemen2020
2256,OM15-6,46.52639,,0.64056,8.85508,,31.00927,0.28659,,,,,,Serpentine,deObesoandKelemen2020
2257,OM15-7,43.66029,,0.56363,16.94853,,27.75377,0.32031,,,,,,Serpentine,deObesoandKelemen2020
2258,OM15-7,40.60889,,0.68112,23.26591,,23.79313,0.33745,,,,,,Serpentine,deObesoandKelemen2020
2259,OM15-7,44.66473,,0.71863,14.22632,,29.01118,0.23845,,,,,,Serpentine,deObesoandKelemen2020
2260,OM15-7,39.95452,,0.4636,16.76154,,29.89383,0.16152,,,,,,Serpentine,deObesoandKelemen2020
2261,OM15-7,41.31281,,0.83116,21.42812,,24.44079,0.27544,,,,,,Serpentine,deObesoandKelemen2020
2262,OM15-7,39.60915,,0.68932,23.08714,,23.84187,0.33346,,,,,,Serpentine,deObesoandKelemen2020
2263,OM15-7,41.3477,,0.38311,22.09295,,23.88558,0.32445,,,,,,Serpentine,deObesoandKelemen2020
2264,OM15-7,35.65145,,0.37603,29.87097,,21.94205,0.3664,,,,,,Serpentine,deObesoandKelemen2020
2265,OM15-7,42.53543,0.13225,0.71743,17.51302,,26.30506,0.3787,,,,,,Serpentine,deObesoandKelemen2020
2266,OM15-7,44.15566,,0.72914,16.25611,0.061,26.81937,0.36382,,,,,,Serpentine,deObesoandKelemen2020
2267,OM15-7,37.84634,,0.65817,25.86189,,23.56203,0.3585,,,,,,Serpentine,deObesoandKelemen2020
2268,OM15-7,42.45559,,0.57248,19.30668,,25.68901,0.36227,,,,,,Serpentine,deObesoandKelemen2020
2269,OM15-7,32.21707,,0.50182,33.80329,,19.25234,0.31741,,,,0.83427,,Serpentine,deObesoandKelemen2020
2270,OM15-7,37.72282,,0.2854,27.09786,0.06045,22.9803,0.29944,,,,,,Serpentine,deObesoandKelemen2020
2271,OM15-7,40.04552,,0.41759,26.20113,,22.28175,0.2527,,,,,,Serpentine,deObesoandKelemen2020
2272,OM15-7,41.0284,,0.55541,17.86164,,26.66095,0.31545,,,,,,Serpentine,deObesoandKelemen2020
2273,OM15-7,42.57959,,0.12859,9.24795,,31.64545,0.22121,,,,,,Serpentine,deObesoandKelemen2020
2274,OM15-7,40.73876,,0.1112,17.21528,,27.70309,0.27628,,,,,,Serpentine,deObesoandKelemen2020
2275,OM15-7,43.75461,,0.46431,15.61547,,29.34928,0.27564,,,,,,Serpentine,deObesoandKelemen2020
2276,OM15-7,46.31825,,0.52819,11.15656,,30.90287,0.24721,,,,,,Serpentine,deObesoandKelemen2020
2277,OM15-7,44.02009,,0.52385,13.05887,,30.15479,0.30484,,,,,,Serpentine,deObesoandKelemen2020
2278,OM15-7,40.02187,,0.52279,20.87026,,27.14398,0.29319,,,,,,Serpentine,deObesoandKelemen2020
2279,OM15-7,43.41959,,0.6383,15.49479,0.07814,29.01909,0.34094,,,,,,Serpentine,deObesoandKelemen2020
2280,OM15-7,45.17834,,0.65714,12.32579,,30.16335,0.37535,,,,,,Serpentine,deObesoandKelemen2020
2281,OM15-7,44.66138,,0.61058,12.50289,,28.37098,0.28531,,,,,,Serpentine,deObesoandKelemen2020
2282,OM15-7,42.48655,,0.58059,14.3341,,25.92661,0.24519,,,,,,Serpentine,deObesoandKelemen2020
2283,OM15-7,45.83117,,0.35982,10.06274,,30.0625,0.21929,,,,,,Serpentine,deObesoandKelemen2020
2284,OM15-7,46.4192,,,3.25166,,34.1184,0.15011,,,,,,Serpentine,deObesoandKelemen2020
2285,BA1B 17-1 22-25,41.38276,,2.3472,3.1597,,38.94109,,,,,,,Serpentine,Kelemenetal2021
2286,BA1B 17-1 22-26,41.43953,,2.84997,3.00395,0.08877,38.77922,,,,,,,Serpentine,Kelemenetal2021
2287,BA1B 17-1 22-27,41.13775,,2.63035,2.91816,0.07847,39.1609,,,,,,,Serpentine,Kelemenetal2021
2288,BA1B 17-1 22-28,41.72715,,2.4195,3.00205,0.06877,39.38762,,,,,,,Serpentine,Kelemenetal2021
2289,BA1B 17-1 22-29,40.95305,,2.9187,3.10144,0.08157,38.90746,,,,,0.08454,,Serpentine,Kelemenetal2021
2290,BA1B 17-1 22-30,41.34258,,2.95259,3.14401,0.07594,39.08169,,,,,,,Serpentine,Kelemenetal2021
2291,BA1B 17-1 22-31,41.24112,,2.55464,2.87648,0.06692,39.67195,,,,,,,Serpentine,Kelemenetal2021
2292,BA1B 17-1 22-32,41.62696,,2.3773,2.94659,0.0988,39.36506,,,,,,,Serpentine,Kelemenetal2021
2293,BA1B 17-1 22-33,41.27604,,2.7319,2.84117,,38.82454,,,,,,,Serpentine,Kelemenetal2021
2294,BA1B 17-1 22-34,41.85244,,2.39938,2.78929,0.06132,39.44747,,,,,,,Serpentine,Kelemenetal2021
2295,BA1B 17-1 22-35,41.86219,,2.06565,2.77593,,40.18499,,,,,,,Serpentine,Kelemenetal2021
2296,BA1B 17-1 22-36,41.06326,,3.14256,2.54943,0.08919,39.56581,,,,,,,Serpentine,Kelemenetal2021
2297,BA1B 17-1 22-37,41.19296,,2.5144,2.67377,,39.63049,,,,,,,Serpentine,Kelemenetal2021
2298,BA1B 17-1 22-38,41.47236,,2.48594,2.6971,0.09106,39.0247,,,,,,,Serpentine,Kelemenetal2021
2299,BA1B 17-1 22-39,41.07371,,2.99108,2.73453,0.10604,38.83872,,,,,,,Serpentine,Kelemenetal2021
2300,HOR-11-01BY_SP503,0.0554,0.7736000000000001,22.1179,23.5233,,12.9254,0.0466,,,,39.0881,,Spinel,Neaveetal2014
2301,SKU-11-01A_SP501,0.0707,0.6052000000000001,24.459,22.8177,,12.4978,0.019,,,,38.0878,,Spinel,Neaveetal2014
2302,SKU-11-01A_SP501,0.0919,0.6027,24.2766,23.2433,,12.5809,0.0148,,,,37.9218,,Spinel,Neaveetal2014
2303,SKU-11-01A_SP501,0.0777,0.6068,24.3719,23.6142,,12.0707,0.0066,,,,37.8902,,Spinel,Neaveetal2014
2304,HOR-12-03A_TS01_SP250,0.1004,0.5035000000000001,28.1482,21.4687,0.1506,14.1061,0.0195,,,,33.0766,,Spinel,Neaveetal2014
2305,HOR-12-03A_TS01_SP250,0.0678,0.5116,28.6611,21.317,0.2355,14.2222,0.016,,,,33.7199,,Spinel,Neaveetal2014
2306,HOR-12-03A_TS01_SP250,0.1928,0.5686,27.9541,22.0946,0.2845,13.5688,0.0511,,,,33.1818,,Spinel,Neaveetal2014
2307,HOR-12-03A_TS01_SP250,0.0718,0.4767,27.2832,23.6004,0.198,13.0307,0.046,,,,33.7463,,Spinel,Neaveetal2014
2308,HOR-12-03A_TS01_SP250,0.0631,0.4666,27.8323,22.7219,0.2331,13.4295,0.0548,,,,33.6116,,Spinel,Neaveetal2014
2309,HOR-12-03A_TS01_SP250,0.0865,0.5002,28.4611,21.4381,0.2398,14.0186,0.0401,,,,33.7923,,Spinel,Neaveetal2014
2310,HOR-12-03A_TS01_SP251,0.0806,0.4913,29.397,19.7428,0.1559,15.0796,0.0308,,,,33.0662,,Spinel,Neaveetal2014
2311,HOR-12-03A_TS01_SP251,0.0662,0.5139,29.2074,19.8143,0.201,15.0672,0.0638,,,,33.114,,Spinel,Neaveetal2014
2312,HOR-12-03A_TS01_SP251,0.0909,0.5317000000000001,29.2857,19.8368,0.215,15.0443,0.0337,,,,33.1838,,Spinel,Neaveetal2014
2313,HOR-12-03A_TS01_SP251,0.095,0.5027,29.6416,19.9033,0.1865,15.2085,0.0706,,,,32.9361,,Spinel,Neaveetal2014
2314,HOR-12-03A_TS01_SP251,0.0853,0.4678,29.6663,20.0244,0.2639,15.2833,0.0092,,,,32.8752,,Spinel,Neaveetal2014
2315,HOR-12-03A_TS01_SP251,0.0785,0.593,29.731,19.6525,0.1203,15.2738,0.1057,,,,32.569,,Spinel,Neaveetal2014
2316,HA-02_1,0.0950069409389197,0.224700956937799,26.86161121983039,13.955596234309622,0.2393939393939393,17.096072799506082,0.0,0.0,0.0,,41.15205430394583,,Spinel,Neaveetal2018
2317,HA-02_1,0.0643276162607269,0.2196172248803827,26.637149380300063,14.002010692701068,0.2232323232323232,17.033849622849168,0.0386829341008382,0.0209286523216308,0.003,,41.2633399531189,,Spinel,Neaveetal2018
2318,HA-02_1,0.0831310733215547,0.2277511961722488,27.063829093281143,13.872239655973964,0.207070707070707,17.26744154833168,0.0,0.0,0.011,,41.08213146243001,,Spinel,Neaveetal2018
2319,HA-02_1,0.0801621064172135,0.2186004784688995,27.872700587084147,13.9101290097629,0.2161616161616161,16.848200144954767,0.0198374021029939,0.0199773499433748,0.0,,40.68229098840995,,Spinel,Neaveetal2018
2320,HA-02_1,0.0811517620519939,0.2175837320574162,27.69778212654925,13.497135053463506,0.1777777777777777,17.222559256972595,0.0,0.0,0.0,,40.688199960932415,,Spinel,Neaveetal2018
2321,HA-02_1,0.0989655634780413,0.140311004784689,28.680560991519897,13.682792887029288,0.209090909090909,17.11341368480391,0.0218211423132933,0.0,0.0,,39.286788644354736,,Spinel,Neaveetal2018
2322,HA-02_1,0.1098517754606259,0.140311004784689,28.644161774298755,13.580491631799164,0.2414141414141414,17.015488685474995,0.0119024412617963,0.0142695356738391,0.008,,39.49458751139472,,Spinel,Neaveetal2018
2323,HA-02_1,0.028700013408632,0.1514952153110047,29.72906066536203,14.406479544397952,0.2272727272727273,16.643169677609855,0.0,0.0019026047565118,0.0,,38.28521780179711,,Spinel,Neaveetal2018
2324,HA-02_1,0.0811517620519939,0.1545454545454545,30.228538812785384,14.543828451882844,0.2212121212121212,16.924704050680482,0.0019837402102993,0.0,0.001,,37.46682510743587,,Spinel,Neaveetal2018
2325,HA-02_1,0.1128207423649671,0.1220095693779904,30.38829093281148,14.103364714086467,0.2,17.18991759052962,0.0545528557832333,0.0,0.004,,37.24326898033598,,Spinel,Neaveetal2018
2326,HA-02_1,0.0593793380868248,0.164712918660287,30.490410958904107,14.28523361227336,0.2,17.05323061229968,0.0089268309463472,0.0,0.0,,36.895624430264355,,Spinel,Neaveetal2018
2327,STAP01-136_1,0.4299766510876555,0.9679914695618456,23.260878080626732,20.880716731007357,0.1796129032258064,13.81112202790332,0.0464421572099292,0.0,0.017,,38.05410045555198,,Spinel,Neaveetal2018
2328,STAP01-136_1,0.0600196240648672,0.9729352462194648,22.898612697894567,21.4885978585476,0.2105806451612903,14.064007336084362,0.0197626200893316,0.014540059347181,0.0,,38.97082971590595,,Spinel,Neaveetal2018
2329,STAP01-136_1,0.0728106914885274,0.9838115548662272,23.015994777215603,21.184657294777477,0.2090322580645161,13.981371585773234,0.0,0.0,0.001,,38.919681731422685,,Spinel,Neaveetal2018
2330,STAP01-136_1,0.0905214002289801,1.004575416828228,23.493618410315,20.9044620875519,0.1587096774193548,13.90670072705836,0.0098813100446658,0.0124629080118694,0.016,,38.69836833702393,,Spinel,Neaveetal2018
2331,STAP01-136_1,0.0993767545992064,1.003586661496704,23.964158642076058,21.02698812732173,0.2051612903225806,14.194432435973011,0.0128457030580655,0.0,0.0,,38.13377327753553,,Spinel,Neaveetal2018
2332,STAP01-136_1,0.0983928263358479,0.9066886390073672,25.05601436265709,21.78114065117634,0.2121290322580645,13.81112202790332,0.0177863580803984,0.0467359050445103,0.0,,36.39375819001818,,Spinel,Neaveetal2018
2333,STAP01-136_1,0.096424969809131,1.0203955021326094,25.50631630488004,21.39361643236944,0.1703225806451613,14.060024890286236,0.018774489084865,0.0,0.002,,36.1655594900159,,Spinel,Neaveetal2018
2334,STAP01-136_1,0.0550999827480748,1.0352268321054672,25.250301942222947,21.31953091995047,0.136258064516129,14.474199253291411,0.0098813100446658,0.0041543026706231,0.0,,36.385889269328445,,Spinel,Neaveetal2018
2335,STAP01-136_1,0.2587731332632801,1.0273167894532762,25.441553778358085,20.97569815718552,0.199741935483871,14.583716512739894,0.0,0.0,0.012,,36.00916469130745,,Spinel,Neaveetal2018
2336,STAP01-136_1,0.0895374719656216,1.043136874757658,25.49822098906479,20.660359822274017,0.1974193548387097,14.403510840374665,0.0296439301339974,0.0166172106824925,0.0,,36.13408380725696,,Spinel,Neaveetal2018
2337,STAP01-136_1,0.0649392653816596,0.8532958511050794,22.24086828790599,22.715757884769467,0.1788387096774193,13.074369555249884,0.1086944104913238,0.0,0.0,,39.23738940427068,,Spinel,Neaveetal2018
2338,STAP01-136_1,0.092489256755697,0.8621946490887941,21.90491268157336,22.48020394784762,0.2206451612903225,12.95887862710421,0.0395252401786632,0.0,0.0,,40.13051190255545,,Spinel,Neaveetal2018
2339,STAP01-136_1,0.020662493530528,0.8483520744474602,21.909972253957893,22.387122150193026,0.1881290322580645,12.723914325014736,0.0622522532813945,0.0155786350148367,0.007,,40.17084012109034,,Spinel,Neaveetal2018
2340,STAP01-136_1,0.1229910329198099,0.9234974796432726,22.269201893259343,22.3624269793867,0.2129032258064516,12.968834741599526,0.0721335633260603,0.0,0.0,,39.59640891073978,,Spinel,Neaveetal2018
2341,STAP01-136_1,0.1013446111259233,0.8404420317952694,22.53432348620858,22.120224342632387,0.2500645161290323,12.831440361564155,0.0247032751116645,0.038427299703264,0.0,,39.33673452797856,,Spinel,Neaveetal2018
2342,STAP01-136_1,0.0295178479007543,0.8127568825126017,23.28819977150318,22.182912083909972,0.1881290322580645,13.039523154516274,0.0227270131027313,0.0,0.013,,38.32656183443401,,Spinel,Neaveetal2018
2343,STAP01-136_1,0.0816660458587538,0.8434082977898409,23.85082422066264,22.481153762109404,0.2129032258064516,13.140079910918974,0.0711454323215938,0.0,0.015,,37.83967236675674,,Spinel,Neaveetal2018
2344,STAP01-136_1,0.0777303328053198,0.8780147343931756,23.64641749632773,22.25794741059072,0.2330322580645161,13.23964105587214,0.0780623493528598,0.0363501483679525,0.002,,37.45311163787357,,Spinel,Neaveetal2018
2345,STAP01-136_1,0.0383732022709807,0.8770259790616517,23.79415700995593,22.045189015951635,0.1981935483870968,13.20877710093666,0.0128457030580655,0.0,0.006,,37.64688380985827,,Spinel,Neaveetal2018
2346,STAP01-136_1,0.04526070011449,0.8651609150833656,23.46123714705402,22.267445553208535,0.2121290322580645,13.021602148424709,0.0415015021875963,0.0124629080118694,0.006,,37.992132705120326,,Spinel,Neaveetal2018
2347,STAP01-136_1,0.0324696326908298,0.8918573090345094,23.95808715521462,22.722406584601934,0.1703225806451613,13.41685989388878,0.0049406550223329,0.0,0.005,,37.7196713262383,,Spinel,Neaveetal2018
2348,STAP01-136_1,0.0885535437022631,0.9304187669639392,24.94976334258201,22.110726200014568,0.1819354838709677,13.430798454182222,0.0197626200893316,0.0124629080118694,0.001,,36.56293998484745,,Spinel,Neaveetal2018
2349,STAP01-136_1,0.0993767545992064,0.9047111283443194,25.23815896850008,21.750746594799327,0.1989677419354839,13.68667059671186,0.0316201921429305,0.0,0.009,,36.46949655165687,,Spinel,Neaveetal2018
2350,STAP01-136_1,0.0708428349618105,0.823633191159364,24.242435123225068,22.048038458736983,0.2020645161290322,13.270505010807623,0.0415015021875963,0.0,0.0,,37.67934310770342,,Spinel,Neaveetal2018
2351,STAP01-136_1,0.2823874115838836,0.8424195424583171,23.17182960665905,22.465956733920898,0.2539354838709677,12.80953690967446,0.0533590742411953,0.0,0.022,,38.48295663314247,,Spinel,Neaveetal2018
2352,BORG_NOD1_N3_SP1_P1_r2c_start,0.1331,0.1792,35.104,14.231999888401695,0.1347,17.372,,,,,30.6703,,Spinel,Mutchetal2019
2353,BORG_NOD1_N3_SP1_P1_r2c_start,0.1209,0.1879,35.3325,13.898494149419545,0.1369,17.4615,,,,,30.8422,,Spinel,Mutchetal2019
2354,BORG_NOD1_N3_SP1_P1_r2c_start,0.2277,0.1797,35.0587,13.963982261110898,0.2049,17.0914,,,,,30.8949,,Spinel,Mutchetal2019
2355,BORG_NOD1_N3_SP1_P1_r2c_start,0.1278,0.1831,35.1394,14.04239042784124,0.1389,17.2922,,,,,31.1038,,Spinel,Mutchetal2019
2356,BORG_NOD1_N3_SP1_P1_r2c_start,0.1262,0.1856,34.9092,14.17859266363033,0.1547,17.2059,,,,,31.1662,,Spinel,Mutchetal2019
2357,BORG_NOD1_N3_SP1_P1_r2c_start,0.1222,0.196,34.9955,13.938082286067443,0.1559,17.1461,,,,,31.5315,,Spinel,Mutchetal2019
2358,BORG_NOD1_N3_SP1_P1_r2c_start,0.0964,0.1907,34.8142,13.94328852005604,0.1546,17.2824,,,,,31.7207,,Spinel,Mutchetal2019
2359,BORG_NOD1_N3_SP1_P1_r2c_start,0.1084,0.202,34.8728,14.098783907352043,0.1431,17.1329,,,,,31.7953,,Spinel,Mutchetal2019
2360,BORG_NOD1_N3_SP1_P1_r2c_start,0.106,0.1886,34.7877,13.97948094574381,0.1498,17.0689,,,,,31.8707,,Spinel,Mutchetal2019
2361,BORG_NOD1_N3_SP1_P1_r2c_start,0.1072,0.1931,34.5304,14.104486198137517,0.1549,17.043,,,,,31.849,,Spinel,Mutchetal2019
2362,BORG_NOD1_N3_SP1_P1_r2c,0.1067,0.1996,34.8406,14.03747797375839,0.144,16.9921,,,,,32.0491,,Spinel,Mutchetal2019
2363,BORG_NOD1_N3_SP1_P1_r2c,0.1099,0.194,34.5245,13.967984890547717,0.1442,17.237,,,,,32.363,,Spinel,Mutchetal2019
2364,BORG_NOD1_N3_SP1_P1_r2c,0.1052,0.191,34.6414,14.10588607359853,0.158,17.256,,,,,32.4968,,Spinel,Mutchetal2019
2365,BORG_NOD1_N3_SP1_P1_r2c,0.0947,0.1917,34.4339,14.02628623587663,0.1562,17.214,,,,,32.515,,Spinel,Mutchetal2019
2366,BORG_NOD1_N3_SP1_P1_r2c,0.1008,0.196,34.2682,14.03938561718953,0.1522,17.2308,,,,,32.935,,Spinel,Mutchetal2019
2367,BORG_NOD1_N3_SP1_P1_r2c,0.1201,0.1888,34.1295,14.22228241479767,0.1406,17.0007,,,,,32.9079,,Spinel,Mutchetal2019
2368,BORG_NOD1_N3_SP1_P1_r2c,0.0938,0.2023,34.1645,14.204684813353662,0.1633,17.0563,,,,,32.8224,,Spinel,Mutchetal2019
2369,BORG_NOD1_N3_SP1_P1_r2c,0.0878,0.2002,34.0593,14.204087176327253,0.1668,17.142,,,,,33.0751,,Spinel,Mutchetal2019
2370,BORG_NOD1_N3_SP1_P1_r2c,0.0996,0.2036,33.7014,14.277589432398734,0.1553,17.1518,,,,,33.3962,,Spinel,Mutchetal2019
2371,BORG_NOD1_N3_SP1_P1_r2c,0.0989,0.2018,33.7559,14.2276860773236,0.1468,17.107,,,,,33.4613,,Spinel,Mutchetal2019
2372,BORG_NOD1_N3_SP1_P1_r2c,0.1008,0.192,33.6517,14.264489170464486,0.1612,17.1513,,,,,33.5768,,Spinel,Mutchetal2019
2373,BORG_NOD1_N3_SP1_P1_r2c,0.0842,0.2006,33.6397,14.212680365769264,0.1697,16.9411,,,,,33.7595,,Spinel,Mutchetal2019
2374,BORG_NOD1_N3_SP1_P1_r2c,0.0944,0.1903,33.3976,14.308882123589624,0.1426,16.8574,,,,,33.7597,,Spinel,Mutchetal2019
2375,BORG_NOD1_N3_SP1_P1_r2c,0.0888,0.2061,33.3029,14.265187733745057,0.1467,17.036,,,,,33.8447,,Spinel,Mutchetal2019
2376,BORG_NOD1_N3_SP1_P1_r2c,0.0849,0.2082,33.2452,14.36378487097139,0.1579,16.8308,,,,,33.7615,,Spinel,Mutchetal2019
2377,BORG_NOD1_N3_SP1_P1_r2c,0.1106,0.2027,33.2338,14.362682287080696,0.1349,16.8043,,,,,33.7119,,Spinel,Mutchetal2019
2378,BORG_NOD1_N3_SP1_P1_r2c,0.0876,0.2109,33.1965,14.245880763740788,0.166,16.8117,,,,,33.8994,,Spinel,Mutchetal2019
2379,BORG_NOD1_N3_SP1_P1_r2c,0.0979,0.2092,33.1126,14.364779116089496,0.1591,16.7053,,,,,34.0684,,Spinel,Mutchetal2019
2380,BORG_NOD1_N3_SP1_P1_r2c,0.0952,0.1922,33.1495,14.351381388389512,0.1387,16.7958,,,,,34.0446,,Spinel,Mutchetal2019
2381,BORG_NOD1_N3_SP1_P1_r2c,0.0991,0.209,33.1116,14.436086609352673,0.1533,16.8993,,,,,34.0659,,Spinel,Mutchetal2019
2382,BORG_NOD1_N3_SP1_P1_r2c,0.101,0.2068,33.0477,14.391380825762916,0.1632,16.7506,,,,,34.1041,,Spinel,Mutchetal2019
2383,BORG_NOD1_N3_SP1_P1_r2c,0.0989,0.1868,32.8823,14.36048711351801,0.1646,16.8588,,,,,34.1357,,Spinel,Mutchetal2019
2384,BORG_NOD1_N3_SP1_P1_r2c,0.1023,0.197,33.0432,14.1970825061881,0.1441,16.9817,,,,,34.3722,,Spinel,Mutchetal2019
2385,BORG_NOD1_N3_SP1_P1_r2c,0.0945,0.2022,33.1247,14.384677783481354,0.1524,16.6604,,,,,34.0953,,Spinel,Mutchetal2019
2386,BORG_NOD1_N3_SP1_P1_r2c,0.1022,0.2053,32.8755,14.285181689958444,0.1775,16.7519,,,,,34.1147,,Spinel,Mutchetal2019
2387,BORG_NOD1_N3_SP1_P1_r2c,0.1065,0.1995,32.7887,14.279883887328882,0.1722,16.7919,,,,,34.1123,,Spinel,Mutchetal2019
2388,BORG_NOD1_N3_SP1_P1_r2c,0.1056,0.1972,32.8583,14.391583160689226,0.1507,16.7254,,,,,34.001,,Spinel,Mutchetal2019
2389,BORG_NOD1_N3_SP1_P1_r2c,0.1017,0.1896,32.9157,14.182378354097706,0.1693,16.7249,,,,,34.1978,,Spinel,Mutchetal2019
2390,BORG_NOD1_N3_SP1_P1_r2c,0.0952,0.1969,32.832,14.258383886636924,0.18,16.8223,,,,,34.141,,Spinel,Mutchetal2019
2391,BORG_NOD1_N3_SP1_P1_r2c,0.1001,0.1979,32.7444,14.252083867776932,0.1476,16.7962,,,,,34.1208,,Spinel,Mutchetal2019
2392,BORG_NOD1_N3_SP1_P1_r2c,0.0953,0.2049,32.7744,14.277579611637144,0.1622,16.6411,,,,,34.0344,,Spinel,Mutchetal2019
2393,BORG_NOD1_N3_SP1_P1_r2c,0.0899,0.1978,32.8113,14.307787765812666,0.1438,16.8863,,,,,34.1152,,Spinel,Mutchetal2019
2394,BORG_NOD1_N3_SP1_P1_r2c,0.1044,0.186,32.8331,14.365780812683289,0.1481,16.6974,,,,,34.1492,,Spinel,Mutchetal2019
2395,BORG_NOD1_N3_SP1_P1_r2c,0.096,0.1979,32.6512,14.329086516632644,0.1487,16.8391,,,,,34.3556,,Spinel,Mutchetal2019
2396,BORG_NOD1_N3_SP1_P1_r2c,0.1095,0.1984,32.6772,14.303086300908058,0.1695,16.8085,,,,,34.0889,,Spinel,Mutchetal2019
2397,BORG_NOD1_N3_SP1_P1_r2c,0.0991,0.194,32.5782,14.313386731839802,0.1614,16.7273,,,,,34.0091,,Spinel,Mutchetal2019
2398,BORG_NOD1_N3_SP1_P1_r2c,0.0866,0.1988,32.6121,14.313386370556712,0.1657,16.7774,,,,,34.1856,,Spinel,Mutchetal2019
2399,BORG_NOD1_N3_SP1_P1_r2c,0.0931,0.2087,32.5678,14.270082627578546,0.1709,16.6888,,,,,34.2725,,Spinel,Mutchetal2019
2400,REG-19_titanite_1,29.3211,33.0262,1.3941,2.9047334098853717,0.0339,0.076,26.5311,0.1435,0.0327,,0.0,,Titanite,Beaetal2014
2401,REG-19_titanite_2,29.4279,32.8271,1.4883,2.735825652214905,0.0106,0.0771,26.3,0.1441,0.0234,,0.0,,Titanite,Beaetal2014
2402,REG-26_titanite_3,28.3689,34.0591,0.9669,2.4807139353307353,0.0,0.045,25.3917,0.0875,0.0219,,0.0,,Titanite,Beaetal2014
2403,REG-26_titanite_4,28.4892,34.1129,0.9527,2.4867142109140556,0.0425,0.0504,25.3284,0.1785,0.0219,,0.0,,Titanite,Beaetal2014
2404,REG-26_titanite_5,28.6437,34.3889,0.9107,2.2427030038590288,0.0436,0.0599,25.7252,0.173,0.0394,,0.0,,Titanite,Beaetal2014
2405,REG-26_titanite_6,28.7177,34.822,1.0823,2.0647948328135812,0.0223,0.0404,26.0247,0.1568,0.031,,0.0,,Titanite,Beaetal2014
2406,REG-26_titanite_7,28.804,34.1106,1.2081,2.209401474371601,0.0287,0.065,25.738,0.1478,0.0207,,0.0,,Titanite,Beaetal2014
2407,REG-45_titanite_8,29.817,39.4061,0.0485,0.3122143395187678,0.0071,0.0216,26.2734,0.6553,0.0699,,0.0,,Titanite,Beaetal2014
2408,REG-45_titanite_9,29.9972,39.2375,0.071,0.5087233648725087,0.0,0.0223,26.1792,0.7446,0.0402,,0.0,,Titanite,Beaetal2014
2409,REG20_titanite_11,28.6058,33.5624,1.3845,2.0416937718177977,0.0798,0.063,25.5635,0.1214,0.0896,,0.0138,,Titanite,Beaetal2014
2410,REG20_titanite_12,28.6258,32.7134,1.4584,2.3999102241420216,0.0189,0.0487,25.0516,0.0873,0.0352,,0.0,,Titanite,Beaetal2014
2411,REG20_titanite_13,28.9451,32.1419,1.795,3.1088427843113187,0.0366,0.1598,25.0145,0.1038,0.1537,,0.0,,Titanite,Beaetal2014
2412,REG25_titanite_16,29.3484,36.268,0.4149,2.0374935789094732,0.0399,0.0383,25.9873,0.1921,0.0341,,0.0,,Titanite,Beaetal2014
2413,REG25_titanite_17,29.3651,36.1566,0.3696,2.100596477127392,0.0074,0.0185,25.6481,0.2046,0.0159,,0.0,,Titanite,Beaetal2014
2414,REG51_titanite_18,28.6746,34.2978,0.6977,3.506461046299346,0.0727,0.0925,26.0445,0.0749,0.0601,,0.0,,Titanite,Beaetal2014
2415,REG51_titanite_19,28.6839,33.2543,0.8971,3.4560587313994553,0.0523,0.0989,25.8597,0.0808,0.0381,,0.0,,Titanite,Beaetal2014
2416,REG51_titanite_20,28.7543,34.2587,0.7141,3.55656334742007,0.043,0.099,26.2185,0.0766,0.0564,,0.0617,,Titanite,Beaetal2014
2417,REG51_titanite_21,28.7702,34.1829,0.7153,3.4626590345411072,0.0533,0.0898,26.1575,0.0782,0.0262,,0.001,,Titanite,Beaetal2014
2418,REG51_titanite_22,29.6278,36.9938,0.3884,2.560317591402786,0.1417,0.0507,27.4598,0.1477,0.0195,,0.0,,Titanite,Beaetal2014
2419,REG51_titanite_23,29.6333,36.2222,0.4805,3.2874509875081537,0.1681,0.0484,27.6467,0.0954,0.0317,,0.0,,Titanite,Beaetal2014
2420,REG51_titanite_24,29.693,35.6003,0.876,3.2011470237013966,0.04,0.0664,27.6165,0.0861,0.0185,,0.0,,Titanite,Beaetal2014
2421,REG51_titanite_25,29.7334,35.564,0.8546,3.1681455079931347,0.0574,0.0736,27.5935,0.0805,0.0301,,0.0,,Titanite,Beaetal2014
2422,REG51_titanite_26,29.7861,36.9865,0.4007,2.456712832997454,0.115,0.0417,27.3991,0.1492,0.0146,,0.007,,Titanite,Beaetal2014
2423,REG51_titanite_27,29.824,35.8794,0.9057,2.62072036560821,0.0873,0.0669,27.6819,0.0932,0.0309,,0.0199,,Titanite,Beaetal2014
2424,REG51_titanite_28,29.8701,35.4601,0.8608,3.237448690980484,0.08,0.0636,27.8595,0.0785,0.0214,,0.0,,Titanite,Beaetal2014
2425,REG51_titanite_29,29.8713,35.432,0.9113,3.0843416590127606,0.0625,0.0655,27.8711,0.0989,0.0216,,0.0,,Titanite,Beaetal2014
2426,REG54_titanite_30,29.4882,36.5742,0.6883,1.9244883887569408,0.0083,0.0291,26.98,0.0667,0.0207,,0.5683,,Titanite,Beaetal2014
2427,REG54_titanite_31,29.7626,36.5094,0.6985,2.175999940291118,0.0124,0.0264,27.3913,0.0514,0.0812,,0.584,,Titanite,Beaetal2014
2428,REG54_titanite_32,29.8666,36.7195,0.5316,2.189700569539699,0.036,0.0278,27.662,0.0695,0.0209,,0.5448,,Titanite,Beaetal2014
2429,ml-NS_BN_15_1,29.209,31.912,0.401,0.0,0.034,0.017,27.435,0.222,,,,,Titanite,Rubertietal2011
2430,ml-NS_BN_15_1i1,29.301,32.757,0.431,0.0,0.063,,27.348,0.313,0.005,,,,Titanite,Rubertietal2011
2431,ml-NS_BN_15_1i2,29.604,32.394,0.32,0.0,0.038,0.013,27.255,0.264,,,,,Titanite,Rubertietal2011
2432,ml-NS_BN_15_1i3,29.071,32.192,0.414,0.0,0.005,0.006,27.06,0.211,,,,,Titanite,Rubertietal2011
2433,ml-NS_BN_15_4,29.603,32.009,0.478,0.0,0.01,0.006,27.405,0.444,,,,,Titanite,Rubertietal2011
2434,ml-NS_BN_15_6,29.752,34.544,0.332,0.0,0.058,,27.903,0.14,,,,,Titanite,Rubertietal2011
2435,ml-Nef_BN_31A_1,29.819,32.422,0.597,0.0,0.018,0.013,27.802,0.254,,,,,Titanite,Rubertietal2011
2436,ml-Nef_BN_31A_2,30.036,32.934,0.763,0.0,0.019,0.029,28.12,0.139,0.012,,,,Titanite,Rubertietal2011
2437,ml-Nef_BN_31A_8,29.999,31.931,0.959,0.0,0.029,,28.432,0.142,0.01,,,,Titanite,Rubertietal2011
2438,ml-Nef_BN_31A_3,29.646,34.015,0.973,0.0,,,28.061,0.176,0.019,,,,Titanite,Rubertietal2011
2439,ml-Nef_BN_36A_1r,30.17,35.278,0.505,0.0,0.063,0.009,28.71,0.145,0.027,,,,Titanite,Rubertietal2011
2440,ml-Nef_BN_36A_11c,29.948,34.624,0.551,0.0,0.001,0.017,28.585,0.161,,,,,Titanite,Rubertietal2011
2441,GNS_BN_06_1c,29.646,35.669,0.98,0.0,0.02,0.002,27.379,0.065,,,,,Titanite,Rubertietal2011
2442,GNS_BN_06_1r1,29.913,36.202,0.623,0.0,0.041,0.017,27.852,0.181,0.013,,,,Titanite,Rubertietal2011
2443,GNS_BN_06_1r2,29.857,35.038,0.74,0.0,0.039,0.021,27.386,0.151,0.017,,,,Titanite,Rubertietal2011
2444,GNS_BN_10_1c,29.57,31.407,0.484,0.0,0.001,0.012,26.881,0.341,0.017,,,,Titanite,Rubertietal2011
2445,GNS_BN_10_1r,29.317,34.205,0.874,0.0,0.053,,26.947,0.164,,,,,Titanite,Rubertietal2011
2446,GNS_BN_10_ 2c,29.389,34.559,0.922,0.0,0.035,0.018,26.741,0.083,,,,,Titanite,Rubertietal2011
2447,GNS_BN_10_ 2c ,29.71,34.946,0.885,0.0,0.015,0.016,26.776,0.088,,,,,Titanite,Rubertietal2011
2448,GNS_BN_10_ 2r,29.729,35.094,0.786,0.0,,0.009,26.562,0.121,,,,,Titanite,Rubertietal2011
2449,PNS_BN_01_1c,29.248,33.97,0.888,0.0,0.04,0.008,28.025,0.122,,,,,Titanite,Rubertietal2011
2450,PNS_BN_01_1r1 ,29.635,33.815,0.635,0.0,0.026,0.016,28.082,0.168,0.031,,,,Titanite,Rubertietal2011
2451,PNS_BN_01_1r2 ,29.522,34.859,0.626,0.0,0.002,0.004,27.943,0.141,0.056,,,,Titanite,Rubertietal2011
2452,PNS_BN_01_1r3,29.325,34.588,0.658,0.0,0.045,0.01,27.654,0.156,,,,,Titanite,Rubertietal2011
2453,PNS_BN_16_1c,29.381,34.192,0.521,0.0,0.048,0.023,26.798,0.254,0.011,,,,Titanite,Rubertietal2011
2454,PNS_BN_16_2c,29.083,32.068,0.7,0.0,0.081,0.025,25.925,0.319,0.005,,,,Titanite,Rubertietal2011
2455,PNS_BN_19_1c,29.69,34.601,0.809,0.0,0.042,0.001,27.252,0.166,,,,,Titanite,Rubertietal2011
2456,PNS_BN_19_2c ,29.137,35.191,0.87,0.0,0.027,0.013,27.031,0.098,,,,,Titanite,Rubertietal2011
2457,PNS_BN_28_1r,29.549,35.191,0.812,0.0,0.042,0.005,27.178,0.169,0.013,,,,Titanite,Rubertietal2011
2458,PNS_BN_28_1c,29.371,34.905,0.395,0.0,0.089,0.007,26.274,0.585,0.014,,,,Titanite,Rubertietal2011
2459,PNS_BN_28_1c2,29.679,34.202,1.119,0.0,0.049,0.012,27.454,0.149,,,,,Titanite,Rubertietal2011
2460,sdl-SS_BN_4_1c,29.562,32.213,0.63,0.0,0.027,0.005,27.599,0.252,,,,,Titanite,Rubertietal2011
2461,sdl-SS_BN_4_1r,29.709,33.209,0.905,0.0,0.046,0.006,26.435,0.615,0.018,,,,Titanite,Rubertietal2011
2462,ijolite_B395 _1,27.93,35.84,1.1104,1.1190513962892417,0.0254,0.0203,27.77,0.1187,0.005,,,,Titanite,Wiedendorferetal2016
2463,ijolite_B397 _2,28.41,36.94,0.7194,0.7844360279260779,0.0345,0.0,28.16,0.1142,0.0036,,,,Titanite,Wiedendorferetal2016
2464,ijolite_B3921 _3,28.33,36.32,1.048,1.098750463899008,0.0351,0.0013,28.31,0.0552,0.0065,,,,Titanite,Wiedendorferetal2016
2465,nephelinite_B2413 _1,28.71,37.4,0.6163,0.8060370200260311,0.0497,0.0008,27.87,0.1174,0.0,,,,Titanite,Wiedendorferetal2016
2466,nephelinite_B2414 _2,28.85,36.97,0.6833,0.9277426097743784,0.0358,0.0,27.89,0.1319,0.0059,,,,Titanite,Wiedendorferetal2016
2467,nephelinite_B2438 _3,28.94,36.45,0.6934,0.8466388848064987,0.0321,0.0,27.77,0.0991,0.0,,,,Titanite,Wiedendorferetal2016
2468,nephelinite_B2448 _4,29.19,36.41,0.6528,0.96804446077568,0.0176,0.0196,27.88,0.1246,0.0,,,,Titanite,Wiedendorferetal2016
2469,nephelinite_B2449 _5,29.33,35.04,0.5131,1.1488527650197329,0.0103,0.0,27.77,0.1975,0.0,,,,Titanite,Wiedendorferetal2016
2470,nephelinite_B2450 _6,29.61,37.15,0.6138,0.8950411078452827,0.0424,0.0056,28.21,0.107,0.001,,,,Titanite,Wiedendorferetal2016
2471,nephelinite_B2460 _7,30.27,37.07,0.6326,1.1763540281099507,0.0245,0.0126,28.0,0.0998,0.0,,,,Titanite,Wiedendorferetal2016
2472,nephelinite_ B2461 _8,30.04,36.31,0.7107,1.5000688958300827,0.0613,0.0,28.26,0.142,0.0006,,,,Titanite,Wiedendorferetal2016
2473,nephelinite_ B2462 _9,30.19,36.21,0.8137,1.720079000551828,0.0677,0.0058,28.14,0.1341,0.0,,,,Titanite,Wiedendorferetal2016
2474,nephelinite_ B2463 _10,29.71,36.44,0.7934,1.580072570274354,0.0446,0.0256,27.92,0.1264,0.0145,,,,Titanite,Wiedendorferetal2016
2475,nephelinite_ B2464 _11,29.94,36.32,0.7809,1.470067517913481,0.0418,0.0,28.4,0.1211,0.0,,,,Titanite,Wiedendorferetal2016
2476,nephelinite_ B2465 _12,29.97,36.4,0.7075,1.4400661399968793,0.0179,0.0055,28.08,0.1171,0.0,,,,Titanite,Wiedendorferetal2016
2477,nephelinite_ B2466 _13,29.92,36.8,0.6061,1.310060169024939,0.063,0.0053,28.0,0.112,0.0,,,,Titanite,Wiedendorferetal2016
2478,nephelinite_ B2467 _14,30.08,36.86,0.7547,1.4100647620802778,0.0307,0.0,28.3,0.1119,0.0,,,,Titanite,Wiedendorferetal2016
2479,nephelinite_ B2468 _15,30.13,36.69,0.6533,1.550071192357752,0.0435,0.0172,28.2,0.1356,0.0117,,,,Titanite,Wiedendorferetal2016
2480,nephelinite_ B2469 _16,30.21,37.62,0.6903,1.2274563751612289,0.0546,0.0007,28.42,0.1576,0.0086,,,,Titanite,Wiedendorferetal2016
2481,nephelinite_ B2470 _17,30.1,37.41,0.5392,1.2547576290653364,0.0729,0.0057,28.17,0.1249,0.0017,,,,Titanite,Wiedendorferetal2016
2482,nephelinite_ B2471 _18,30.21,36.83,0.7541,1.57007211096882,0.068,0.0,28.26,0.077,0.0,,,,Titanite,Wiedendorferetal2016
2483,nephelinite_ B2473 _19,30.02,36.69,0.7346,1.470067517913481,0.0524,0.0,28.33,0.103,0.004,,,,Titanite,Wiedendorferetal2016
2484,nephelinite_ B2474 _20,29.83,36.86,0.6821,1.3600624655526083,0.048,0.0095,28.22,0.1063,0.0045,,,,Titanite,Wiedendorferetal2016
2485,nephelinite_ B2475 _21,29.47,36.52,0.8097,1.580072570274354,0.0395,0.0009,27.93,0.1085,0.0101,,,,Titanite,Wiedendorferetal2016
2486,nephelinite_ B2476 _22,29.87,37.33,0.53,1.100250532794838,0.0446,0.0,28.3,0.1443,0.0003,,,,Titanite,Wiedendorferetal2016
2487,nephelinite_ B2477 _23,30.07,36.35,0.7535,1.3800633841636758,0.0061,0.0056,28.13,0.1318,0.0,,,,Titanite,Wiedendorferetal2016
2488,nephelinite_ B2478 _24,30.17,36.67,0.7787,1.560071651663286,0.0675,0.021,28.4,0.0867,0.006,,,,Titanite,Wiedendorferetal2016
2489,nephelinite_ B2479 _25,30.6,35.46,1.3856,1.5400707330522183,0.0524,0.0039,27.68,0.3599,0.3263,,,,Titanite,Wiedendorferetal2016
2490,nephelinite_ B2484 _26,29.58,35.98,0.4461,1.2580577806361628,0.034,0.0116,27.6,0.1923,0.0102,,,,Titanite,Wiedendorferetal2016
2491,nephelinite_ B2485 _27,29.82,37.12,0.678,1.3400615469415404,0.0507,0.0079,28.14,0.1372,0.0037,,,,Titanite,Wiedendorferetal2016
2492,nephelinite_ B2486 _28,30.04,37.14,0.5518,1.3400615469415404,0.0773,0.0,28.08,0.1433,0.0155,,,,Titanite,Wiedendorferetal2016
2493,nephelinite_ B2487 _29,29.87,36.44,0.6623,1.7800817563850315,0.0607,0.0014,28.09,0.1602,0.0081,,,,Titanite,Wiedendorferetal2016
2494,nephelinite_ B2488 _30,30.1,36.68,0.6282,1.5900730295798875,0.0753,0.0143,28.31,0.1218,0.0058,,,,Titanite,Wiedendorferetal2016
2495,nephelinite_ B2489 _31,29.69,34.62,0.6888,2.0300932390233783,0.0569,0.0038,27.83,0.0959,0.0,,,,Titanite,Wiedendorferetal2016
2496,nephelinite_ B2490 _32,30.01,35.3,0.8854,1.7600808377739638,0.0251,0.0104,28.1,0.1273,0.0059,,,,Titanite,Wiedendorferetal2016
2497,nephelinite_ B2491 _33,29.99,37.28,0.4987,1.262858001102819,0.0636,0.007,28.04,0.1946,0.0159,,,,Titanite,Wiedendorferetal2016
2498,nephelinite_ B2492 _34,29.76,36.7,0.5176,1.310060169024939,0.0615,0.0096,27.99,0.1651,0.0208,,,,Titanite,Wiedendorferetal2016
2499,nephelinite_ B2493 _35,30.02,37.07,0.5468,1.3600624655526083,0.0495,0.0088,28.15,0.1475,0.0093,,,,Titanite,Wiedendorferetal2016
2500,Tourmaline1,36.47,0.82,30.79,4.13,,9.52,0.74,2.36,,,,,Tourmaline,Konzettetal2012
2501,Tourmaline2,35.37,1.23,30.34,5.0,,9.01,1.24,2.26,,,0.08,,Tourmaline,Konzettetal2012
2502,Tourmaline3,36.89,0.86,31.06,4.07,,9.49,0.57,2.57,,,0.06,,Tourmaline,Konzettetal2012
2503,Tourmaline4,36.8,0.69,31.12,3.64,,9.75,0.49,2.62,,,0.06,,Tourmaline,Konzettetal2012
2504,Tourmaline5,36.8,0.79,30.91,3.99,,9.55,0.69,2.44,,,,,Tourmaline,Konzettetal2012
2505,Tourmaline6,36.07,0.99,30.95,4.94,,8.93,0.69,2.54,,,0.16,,Tourmaline,Konzettetal2012
2506,Tourmaline7,36.34,0.49,30.47,5.85,,8.77,1.12,2.24,,,0.37,,Tourmaline,Konzettetal2012
2507,Tourmaline8,35.19,1.66,28.43,8.28,0.05,7.88,1.18,2.36,,,0.15,,Tourmaline,Konzettetal2012
2508,YK01-1_ Tur-I,35.6689,0.7726,29.996,5.927,0.0166,8.4284,0.7546,2.5512,0.038,,0.0247,,Tourmaline,Chenetal2023
2509,YK01-1_ Tur-I,35.7526,1.0392,30.0093,6.0133,0.0248,8.3445,0.5426,2.6891,0.0449,,0.0,,Tourmaline,Chenetal2023
2510,YK01-1_ Tur-I,35.6756,1.0256,30.2083,5.8685,0.0087,8.471,0.465,2.7348,0.0391,,0.0,,Tourmaline,Chenetal2023
2511,YK01-1_ Tur-I,35.8517,0.9631,30.1906,5.7447,0.0244,8.5885,0.4685,2.7387,0.0326,,0.0,,Tourmaline,Chenetal2023
2512,YK01-1_ Tur-I,36.0466,1.0297,30.4782,5.6574,0.0244,8.5202,0.4608,2.7573,0.027,,0.0,,Tourmaline,Chenetal2023
2513,YK01-1_ Tur-I,36.2811,0.9849,30.4185,5.4642,0.0122,8.7279,0.4343,2.7587,0.0298,,0.0,,Tourmaline,Chenetal2023
2514,YK01-1_ Tur-I,36.0598,1.0365,30.5618,5.4155,0.0201,8.4911,0.4373,2.7387,0.0508,,0.0,,Tourmaline,Chenetal2023
2515,YK01-1_ Tur-I,35.9414,0.6683,30.3317,5.5651,0.0175,8.806,0.7921,2.5297,0.0385,,0.0,,Tourmaline,Chenetal2023
2516,YK01-1_ Tur-I,36.2143,0.8969,30.7345,4.7237,0.0118,8.8004,0.3802,2.7904,0.0215,,0.0,,Tourmaline,Chenetal2023
2517,YK01-1_ Tur-I,36.0992,0.5039,31.2212,4.8143,0.0153,8.6628,0.3762,2.7968,0.0532,,0.0,,Tourmaline,Chenetal2023
2518,YK01-1_ Tur-I,36.3665,0.5941,31.2465,4.3438,0.0,8.7464,0.234,2.8544,0.0304,,0.0,,Tourmaline,Chenetal2023
2519,YK01-1_ Tur-I,36.3351,0.8314,30.5506,4.9083,0.0192,8.9521,0.4324,2.769,0.0423,,0.0078,,Tourmaline,Chenetal2023
2520,YK01-1_ Tur-I,36.6579,0.7485,31.0587,4.3289,0.0013,9.1621,0.3196,2.8154,0.0365,,0.0052,,Tourmaline,Chenetal2023
2521,YK01-1_ Tur-I,36.3805,0.7824,30.6907,4.8715,0.0289,8.9218,0.4281,2.7494,0.0357,,0.0279,,Tourmaline,Chenetal2023
2522,YK01-1_ Tur-I,36.5338,0.8175,30.9528,4.2082,0.0184,9.292,0.4177,2.7124,0.0367,,0.0073,,Tourmaline,Chenetal2023
2523,YK01-1_ Tur-I,36.4482,0.758,31.01,3.8025,0.0,9.3007,0.3712,2.7632,0.0456,,0.0187,,Tourmaline,Chenetal2023
2524,YK01-1_ Tur-I,36.6705,0.7054,31.145,3.6336,0.0096,9.3593,0.3817,2.7632,0.0489,,0.0,,Tourmaline,Chenetal2023
2525,YK01-1_ Tur-I,37.0175,0.6871,31.3807,3.6251,0.0018,9.5038,0.3996,2.7462,0.0557,,0.0114,,Tourmaline,Chenetal2023
2526,YK01-1_ Tur-I,37.2802,0.5838,29.9558,4.2412,0.0298,9.6752,0.9923,2.5069,0.0374,,0.0078,,Tourmaline,Chenetal2023
2527,YK01-1_ Tur-I,36.6255,0.6711,31.2872,3.4681,0.0,9.5788,0.4322,2.6832,0.0524,,0.0297,,Tourmaline,Chenetal2023
2528,YK01-1_ Tur-I,37.3925,0.6532,30.889,3.6624,0.0,9.3279,0.4465,2.7501,0.0449,,0.012,,Tourmaline,Chenetal2023
2529,YK01-1_ Tur-I,36.359,0.5852,30.6265,4.4438,0.0254,9.2891,1.0753,2.3271,0.0385,,0.0156,,Tourmaline,Chenetal2023
2530,YK01-1_ Tur-I,36.855,0.6265,31.1627,3.3499,0.0,9.6171,0.4129,2.7492,0.052,,0.0031,,Tourmaline,Chenetal2023
2531,YK01-1_ Tur-I,36.8249,0.5873,31.0899,3.7701,0.0412,9.4721,0.3886,2.7917,0.0435,,0.0,,Tourmaline,Chenetal2023
2532,YK01-1_ Tur-I,36.8812,0.6815,31.4156,3.3378,0.0,9.5369,0.3766,2.7792,0.0393,,0.0094,,Tourmaline,Chenetal2023
2533,YK01-1_ Tur-I,36.795,0.6326,31.3765,3.3534,0.007,9.4897,0.3412,2.7606,0.048,,0.0,,Tourmaline,Chenetal2023
2534,YK01-1_ Tur-I,36.6996,0.5601,30.9767,4.1298,0.0,9.2833,0.4488,2.7262,0.055,,0.0,,Tourmaline,Chenetal2023
2535,YK01-1_ Tur-I,36.8544,0.8185,31.4936,3.8227,0.0,9.3071,0.3591,2.781,0.0442,,0.0,,Tourmaline,Chenetal2023
2536,YK01-1_ Tur-I,37.0093,0.8279,31.3456,3.9141,0.0188,9.2938,0.3932,2.7385,0.047,,0.0026,,Tourmaline,Chenetal2023
2537,YK01-1_ Tur-I,36.4465,0.8423,30.9197,4.1549,0.0,9.1502,0.3455,2.7718,0.0454,,0.0,,Tourmaline,Chenetal2023
2538,YK01-1_ Tur-I,36.8773,0.8851,31.2107,4.2845,0.0136,8.9897,0.3988,2.752,0.0358,,0.0,,Tourmaline,Chenetal2023
2539,YK01-1_ Tur-I,36.7202,0.9106,30.9217,4.8514,0.0057,8.9237,0.3804,2.8048,0.0376,,0.0207,,Tourmaline,Chenetal2023
2540,YK01-1_ Tur-I,36.7969,1.0209,31.1151,5.0272,0.0017,8.6349,0.4148,2.7353,0.0434,,0.0098,,Tourmaline,Chenetal2023
2541,YK01-1_ Tur-I,36.4048,0.9884,30.8085,5.4119,0.0057,8.5546,0.4481,2.7412,0.031,,0.0176,,Tourmaline,Chenetal2023
2542,YK01-1_ Tur-I,36.243,0.9474,30.6132,5.6702,0.0,8.4415,0.4558,2.7483,0.063,,0.016,,Tourmaline,Chenetal2023
2543,YK01-1_ Tur-I,36.41,0.9628,30.5794,5.8078,0.0236,8.4901,0.4726,2.7437,0.0396,,0.0103,,Tourmaline,Chenetal2023
2544,YK01-1_ Tur-I,36.3326,0.917,30.4995,5.8757,0.0188,8.4716,0.5136,2.713,0.0496,,0.0098,,Tourmaline,Chenetal2023
2545,YK01-1_ Tur-I,36.504,0.9473,30.7382,5.9456,0.007,8.3176,0.5326,2.6766,0.0364,,0.0,,Tourmaline,Chenetal2023
2546,YK01-1_ Tur-I,36.6592,0.9294,30.6056,6.0166,0.0122,8.4876,0.5684,2.584,0.0371,,0.0046,,Tourmaline,Chenetal2023
2547,YK01-1_ Tur-I,36.5576,0.8828,30.6497,6.0953,0.0305,8.2975,0.6577,2.5605,0.0652,,0.0113,,Tourmaline,Chenetal2023
2548,YK01-1_ Tur-I,36.3827,0.8687,30.6813,6.0247,0.0244,8.3777,0.7022,2.5809,0.0284,,0.0103,,Tourmaline,Chenetal2023
2549,YK01-1_ Tur-I,36.5254,0.554,30.5684,6.2978,0.0188,8.4961,1.181,2.2675,0.0303,,0.0139,,Tourmaline,Chenetal2023
2550,YKT03-1_Tur-II,35.1212,0.6112,32.6392,10.882,0.1424,3.8891,0.1237,2.6294,0.0395,,0.0136,,Tourmaline,Chenetal2023
2551,YKT03-1_Tur-II,34.9341,0.2269,33.1966,12.0744,0.1795,2.8702,0.1332,2.5834,0.0305,,0.0015,,Tourmaline,Chenetal2023
2552,YKT03-1_Tur-II,34.8551,0.2498,33.6644,12.4768,0.1797,1.9886,0.1313,2.2224,0.05,,0.027,,Tourmaline,Chenetal2023
2553,YKT03-1_Tur-II,34.5169,0.2301,32.8072,12.444,0.2136,2.2757,0.1262,2.509,0.0348,,0.4864,,Tourmaline,Chenetal2023
2554,YKT03-1_Tur-II,35.0013,0.24,33.1829,11.1236,0.0953,3.4278,0.1753,2.653,0.0335,,0.0096,,Tourmaline,Chenetal2023
2555,YKT03-1_Tur-II,34.9094,0.192,33.3893,11.9468,0.1585,2.7515,0.1817,2.4368,0.0471,,0.0201,,Tourmaline,Chenetal2023
2556,YKT03-1_Tur-II,34.903,0.2168,33.5517,12.1212,0.142,2.5967,0.1911,2.3585,0.0321,,0.0115,,Tourmaline,Chenetal2023
2557,YKT03-1_Tur-II,35.256,0.265,33.2211,11.9332,0.1464,2.8619,0.1727,2.4326,0.0312,,0.0,,Tourmaline,Chenetal2023
2558,YKT03-1_Tur-II,35.8054,0.1361,32.637,9.5413,0.1293,4.907,0.0967,2.6826,0.038,,0.0076,,Tourmaline,Chenetal2023
2559,YKT03-1_Tur-II,35.2894,0.1423,32.1834,11.2299,0.1283,3.7679,0.1271,2.5934,0.0247,,0.7927,,Tourmaline,Chenetal2023
2560,YKT03-1_Tur-II,35.1121,0.3649,32.6015,10.2871,0.0924,4.4649,0.2521,2.653,0.0474,,0.0651,,Tourmaline,Chenetal2023
2561,YKT03-1_Tur-II,35.0807,1.1084,33.0248,9.7623,0.1232,4.1438,0.4445,2.1286,0.0444,,0.0051,,Tourmaline,Chenetal2023
2562,YKT03-1_Tur-II,35.0639,0.3396,32.1817,9.4639,0.0874,5.4945,0.2381,2.7681,0.0477,,0.0086,,Tourmaline,Chenetal2023
2563,YKT03-1_Tur-II,35.4539,0.1625,32.067,8.6932,0.071,6.0889,0.1587,2.8765,0.0418,,0.0,,Tourmaline,Chenetal2023
2564,YKT03-1_Tur-II,35.12,0.1279,34.3215,11.6618,0.1481,2.3818,0.1549,1.9662,0.0363,,0.0,,Tourmaline,Chenetal2023
2565,YKT03-1_Tur-II,35.0386,0.1573,33.0007,10.8319,0.0987,3.7422,0.1672,2.5067,0.0375,,0.0,,Tourmaline,Chenetal2023
2566,YKT03-1_Tur-II,34.9691,0.325,32.8243,10.4978,0.1118,4.4764,0.2875,2.5923,0.0446,,0.0,,Tourmaline,Chenetal2023
2567,YKT03-1_Tur-II,34.9106,0.3473,32.5586,10.695,0.1286,4.4751,0.2579,2.6099,0.0425,,0.0,,Tourmaline,Chenetal2023
2568,YKT03-1_Tur-II,35.4471,1.0962,31.4109,8.1554,0.0637,6.5883,0.5631,2.5426,0.0463,,0.0,,Tourmaline,Chenetal2023
2569,YKT03-1_Tur-II,34.9152,0.3618,33.1229,11.9247,0.1733,3.0173,0.2438,2.3832,0.0314,,0.0,,Tourmaline,Chenetal2023
2570,YKT03-1_Tur-II,35.0273,0.3633,32.7705,12.1638,0.1635,3.0857,0.2126,2.4376,0.0364,,0.004,,Tourmaline,Chenetal2023
2571,YKT03-1_Tur-II,35.2573,0.3459,33.9649,12.1752,0.1596,2.2449,0.2713,1.8576,0.0365,,0.0,,Tourmaline,Chenetal2023
2572,YKT03-1_Tur-II,35.2325,0.2893,34.3012,11.9936,0.1635,2.201,0.2305,1.7772,0.0217,,0.0,,Tourmaline,Chenetal2023
2573,YKT03-1_Tur-II,35.2091,0.2698,34.3491,11.7449,0.1636,2.4092,0.25,1.8442,0.0358,,0.0085,,Tourmaline,Chenetal2023
2574,YKT03-1_Tur-II,34.8711,0.3967,34.0122,12.3652,0.2167,1.7864,0.2581,1.7838,0.0403,,0.0,,Tourmaline,Chenetal2023
2575,YKT03-1_Tur-II,35.1525,0.3934,32.8233,11.5736,0.1976,3.4541,0.2551,2.432,0.0452,,0.006,,Tourmaline,Chenetal2023
2576,YKT03-1_Tur-II,35.3248,0.3635,32.6733,9.4166,0.1055,5.2834,0.2809,2.6834,0.0433,,0.0,,Tourmaline,Chenetal2023
2577,YKT03-1_Tur-II,35.274,0.3127,32.6033,10.4239,0.1407,4.5298,0.27,2.6216,0.0428,,0.0,,Tourmaline,Chenetal2023
2578,YKT03-1_Tur-II,35.5177,0.3697,31.8471,8.0067,0.0746,6.6915,0.4437,2.6691,0.0427,,0.0677,,Tourmaline,Chenetal2023
2579,YKT03-1_Tur-II,35.4669,0.3657,31.8636,9.3104,0.1138,5.813,0.3296,2.7049,0.0463,,0.0106,,Tourmaline,Chenetal2023
2580,YKT03-1_Tur-II,35.9185,0.3771,31.7173,7.882,0.1007,6.7741,0.4863,2.6079,0.0309,,0.0148,,Tourmaline,Chenetal2023
2581,YKT03-1_Tur-II,34.9862,0.3473,33.0723,11.6973,0.1525,3.1765,0.2346,2.4031,0.0519,,0.0,,Tourmaline,Chenetal2023
2582,YKT03-1_Tur-II,35.5246,0.2983,32.3377,9.6797,0.1426,4.9606,0.4387,2.429,0.0366,,0.0132,,Tourmaline,Chenetal2023
2583,YKT03-1_Tur-II,35.0448,0.4175,33.9687,12.4157,0.1805,1.9324,0.2481,1.785,0.0337,,0.0025,,Tourmaline,Chenetal2023
2584,YKT03-1_Tur-II,34.8635,0.3534,32.6583,11.6763,0.174,3.211,0.2108,2.3727,0.0291,,0.0,,Tourmaline,Chenetal2023
2585,YKT03-1_Tur-II,35.1496,0.2687,32.5587,10.9073,0.1457,4.3583,0.2302,2.6108,0.0492,,0.0131,,Tourmaline,Chenetal2023
2586,YKT03-1_Tur-II,35.0046,0.3363,31.9772,10.7404,0.1022,4.6027,0.2458,2.6753,0.0363,,0.0146,,Tourmaline,Chenetal2023
2587,YKT03-1_Tur-II,35.1362,0.227,32.7157,10.5269,0.0803,4.18,0.1887,2.7042,0.04,,0.0015,,Tourmaline,Chenetal2023
2588,YKT03-1_Tur-II,35.0576,0.2228,33.0839,11.5725,0.121,3.3219,0.1751,2.6251,0.0246,,0.0146,,Tourmaline,Chenetal2023
2589,YKT03-1_Tur-II,35.2092,0.0827,33.6461,11.7265,0.12,2.5391,0.0845,2.4861,0.0229,,0.0,,Tourmaline,Chenetal2023
2590,YKT03-2_Tur-III,36.6337,0.9636,30.6332,5.8937,0.0205,8.4833,0.5249,2.7141,0.0357,,0.016,,Tourmaline,Chenetal2023
2591,YKT03-2_Tur-III,36.4189,0.8896,30.4909,6.0812,0.0235,8.2743,0.6266,2.668,0.0384,,0.0175,,Tourmaline,Chenetal2023
2592,YKT03-2_Tur-III,36.4103,0.9347,30.4927,6.1846,0.01,8.2667,0.5511,2.6116,0.0446,,0.0,,Tourmaline,Chenetal2023
2593,YKT03-2_Tur-III,36.4185,0.3393,31.6955,7.2435,0.0256,7.0434,0.3529,2.7155,0.0342,,0.0399,,Tourmaline,Chenetal2023
2594,YKT03-2_Tur-III,36.2035,0.1236,32.0624,8.3793,0.0169,6.1437,0.6578,2.4888,0.0272,,0.0,,Tourmaline,Chenetal2023
2595,YKT03-2_Tur-III,35.8244,0.1192,32.1851,8.7812,0.029,5.6881,0.173,2.7681,0.0322,,0.0,,Tourmaline,Chenetal2023
2596,YKT03-2_Tur-III,36.1955,0.1708,32.3415,7.4756,0.0096,6.8025,0.1388,2.866,0.044,,0.0143,,Tourmaline,Chenetal2023
2597,YKT03-2_Tur-III,36.3942,0.5909,30.8493,5.9957,0.0231,8.3712,0.4813,2.7094,0.0179,,0.0103,,Tourmaline,Chenetal2023
2598,YKT03-2_Tur-III,36.4573,0.8055,30.5102,6.0085,0.0353,8.4816,0.524,2.6543,0.023,,0.0,,Tourmaline,Chenetal2023
2599,YKT03-2_Tur-III,36.4013,0.7874,30.3354,6.0401,0.0087,8.4235,0.4906,2.7247,0.0291,,0.0,,Tourmaline,Chenetal2023
2600,Zrn-I,32.816,0.005,0.0,0.007,,,0.0,0.008,,0.027,,65.044,Zircon,Wangetal2023
2601,HA5_#1,31.153,0.128,0.054,0.38,0.073,0.02,0.016,0.023,0.013,0.115,,63.713,Zircon,Abuamarahetal2022
2602,HA6_#2,31.358,0.123,0.027,0.372,0.146,0.027,0.023,0.039,0.003,0.109,,63.874,Zircon,Abuamarahetal2022
2603,HA7_#3,31.213,0.114,0.032,0.21,0.113,0.033,0.028,0.034,0.007,0.099,,63.915,Zircon,Abuamarahetal2022
2604,HA8_#4,31.318,0.02,0.016,0.073,0.025,0.026,0.018,0.044,0.002,0.16,,63.487,Zircon,Abuamarahetal2022
2605,HA10_#1,30.963,0.128,0.036,0.258,0.102,0.039,0.025,0.041,0.008,0.154,,63.123,Zircon,Abuamarahetal2022
2606,HA11_#2,31.264,0.091,0.029,0.288,0.088,0.027,0.02,0.04,0.006,0.123,,63.717,Zircon,Abuamarahetal2022
2607,F1_31_antecryst,33.332325,,,0.0,,,,,,0.018525,,65.82029999999999,Zircon,Pietraniketal2013
2608,F1_32_antecryst,33.135374999999996,,,0.0,,,,,,0.0107249999999999,,65.858325,Zircon,Pietraniketal2013
2609,F1_33_antecryst,33.034949999999995,,,0.0,,,,,,0.01755,,65.62725,Zircon,Pietraniketal2013
2610,F1_34_antecryst,32.93745,,,0.0,,,,,,0.018525,,65.5785,Zircon,Pietraniketal2013
2611,F1_35_rim,32.95305,,,0.0,,,,,,0.166725,,64.97595,Zircon,Pietraniketal2013
2612,F1_89_antecryst,33.24555,,,0.0,,,,,,0.0263249999999999,,66.057225,Zircon,Pietraniketal2013
2613,F1_90_antecryst,33.1305,,,0.0,,,,,,0.018525,,65.61165,Zircon,Pietraniketal2013
2614,F2_91_antecryst,32.999849999999995,,,0.0,,,,,,0.00975,,65.65065,Zircon,Pietraniketal2013
2615,F2_36_antecryst,33.160725,,,0.0,,,,,,0.00195,,65.922675,Zircon,Pietraniketal2013
2616,F2_37_antecryst,33.249449999999996,,,0.0,,,,,,0.0,,66.1752,Zircon,Pietraniketal2013
2617,F2_38_antecryst,33.15195,,,0.0,,,,,,0.00975,,65.532675,Zircon,Pietraniketal2013
2618,F2_39_rim,32.6586,,,0.0,,,,,,0.4719,,64.4787,Zircon,Pietraniketal2013
2619,F2_40_rim,33.0135,,,0.0,,,,,,0.27105,,65.45174999999999,Zircon,Pietraniketal2013
2620,F3_27_antecryst,33.2007,,,0.0,,,,,,0.1715999999999999,,66.00165,Zircon,Pietraniketal2013
2621,F3_28_antecryst,33.07005,,,0.0,,,,,,0.186225,,65.653575,Zircon,Pietraniketal2013
2622,F3_29_antecryst,32.780475,,,0.0,,,,,,0.258375,,65.275275,Zircon,Pietraniketal2013
2623,F3_30_antecryst,33.104175000000005,,,0.0,,,,,,0.215475,,65.80274999999999,Zircon,Pietraniketal2013
2624,F4_14_rim,32.909175,,,0.0,,,,,,0.098475,,65.1807,Zircon,Pietraniketal2013
2625,F4_15_antecryst,33.00765,,,0.0,,,,,,0.1287,,65.14462499999999,Zircon,Pietraniketal2013
2626,F4_16_antecryst,33.103199999999994,,,0.0,,,,,,0.12285,,65.5317,Zircon,Pietraniketal2013
2627,F4_17_antecryst,33.353775,,,0.0,,,,,,0.1160249999999999,,65.809575,Zircon,Pietraniketal2013
2628,F4_18_antecryst,33.288450000000005,,,0.0,,,,,,0.10335,,65.95485,Zircon,Pietraniketal2013
2629,F4_19_rim,33.464925,,,0.0,,,,,,0.1160249999999999,,66.41895,Zircon,Pietraniketal2013
2630,F5_10_antecryst,33.0057,,,0.0,,,,,,0.0263249999999999,,65.58435,Zircon,Pietraniketal2013
2631,F5_11_antecryst,33.128550000000004,,,0.0,,,,,,0.039,,65.53559999999999,Zircon,Pietraniketal2013
2632,F5_12_antecryst,33.0447,,,0.0,,,,,,0.0351,,65.71012499999999,Zircon,Pietraniketal2013
2633,F5_13_rim,32.821425,,,0.0,,,,,,0.2339999999999999,,65.05785,Zircon,Pietraniketal2013
2634,F5_92_antecryst,33.1071,,,0.0,,,,,,0.04875,,65.614575,Zircon,Pietraniketal2013
2635,F9_68_rim,33.21435,,,0.0,,,,,,0.092625,,65.84662499999999,Zircon,Pietraniketal2013
2636,F9_69_rim,33.076874999999994,,,0.0,,,,,,0.26715,,64.90282499999999,Zircon,Pietraniketal2013
2637,F9_5_rim,33.426899999999996,,,0.0,,,,,,0.175,,65.690625,Zircon,Pietraniketal2013
2638,F16_55_antecryst,33.2787,,,0.0,,,,,,0.00585,,65.79885,Zircon,Pietraniketal2013
2639,F16_56_antecryst,33.213375,,,0.0,,,,,,0.0117,,65.91487500000001,Zircon,Pietraniketal2013
2640,F16_57_antecryst,33.256275,,,0.0,,,,,,0.0,,66.0816,Zircon,Pietraniketal2013
2641,F16_58_antecryst,33.038850000000004,,,0.0,,,,,,0.0,,66.041625,Zircon,Pietraniketal2013
2642,F16_59_antecryst,33.217275,,,0.0,,,,,,0.008775,,65.51219999999999,Zircon,Pietraniketal2013
2643,F16_60_rim,33.225075,,,0.0,,,,,,0.045825,,65.71695,Zircon,Pietraniketal2013
2644,F16_61_rim,33.162675,,,0.0,,,,,,0.1404,,65.93047499999999,Zircon,Pietraniketal2013
2645,F19_23_antecryst,33.33135,,,0.0,,,,,,0.09945,,66.19665,Zircon,Pietraniketal2013
2646,F19_24_antecryst,33.072975,,,0.0,,,,,,0.1365,,65.57069999999999,Zircon,Pietraniketal2013
2647,F19_25_antecryst,33.184124999999995,,,0.0,,,,,,0.1004249999999999,,65.65650000000001,Zircon,Pietraniketal2013
2648,F19_26_rim,32.934525,,,0.0,,,,,,0.145275,,65.0208,Zircon,Pietraniketal2013
2649,F19_93_antecryst,33.073949999999996,,,0.0,,,,,,0.0468,,65.5629,Zircon,Pietraniketal2013
2650,F19_94_rim,33.126599999999996,,,0.0,,,,,,0.1209,,65.14365,Zircon,Pietraniketal2013
2651,F20_7_rim,33.012525000000004,,,0.0,,,,,,0.1755,,65.481,Zircon,Pietraniketal2013
2652,F20_8_rim,33.12757499999999,,,0.0,,,,,,0.135525,,65.583375,Zircon,Pietraniketal2013
2653,F20_9_rim,32.946225,,,0.0,,,,,,0.2846999999999999,,65.04809999999999,Zircon,Pietraniketal2013
2654,F20_95_rim,32.608875,,,0.0,,,,,,0.2408249999999999,,64.8297,Zircon,Pietraniketal2013
2655,F20_96_rim,32.7054,,,0.0,,,,,,0.11115,,65.13487500000001,Zircon,Pietraniketal2013
2656,F20_97_rim,32.48115,,,0.0,,,,,,0.213525,,64.733175,Zircon,Pietraniketal2013
2657,F20_98_rim,32.735625,,,0.0,,,,,,0.1004249999999999,,65.01495,Zircon,Pietraniketal2013
2658,F8_41_xenocrystic,33.15195,,,0.0,,,,,,0.00195,,65.45565,Zircon,Pietraniketal2013
2659,F8_43_xenocrystic,33.535125,,,0.0,,,,,,0.1911,,65.88465,Zircon,Pietraniketal2013
2660,F11_44_inherited,33.094424999999994,,,0.0,,,,,,0.0,,66.07575,Zircon,Pietraniketal2013
2661,F11_45_inherited,33.168524999999995,,,0.0,,,,,,0.09165,,65.587275,Zircon,Pietraniketal2013
2662,F11_46_rim,32.92575,,,0.0,,,,,,0.096525,,65.152425,Zircon,Pietraniketal2013
2663,F11_47_rim,33.088575,,,0.0,,,,,,0.2876249999999999,,65.38935000000001,Zircon,Pietraniketal2013
2664,F6_6_rim,32.94525,,,0.0,,,,,,0.2769,,65.38057500000001,Zircon,Pietraniketal2013
2665,F6_70_inherited,32.9823,,,0.0,,,,,,0.061425,,65.602875,Zircon,Pietraniketal2013
2666,F6_71_rim,32.988150000000005,,,0.0,,,,,,0.135525,,65.05005,Zircon,Pietraniketal2013
2667,F15_62_inherited,33.42787499999999,,,0.0,,,,,,0.04485,,66.0855,Zircon,Pietraniketal2013
2668,F15_63_inherited,33.248475,,,0.0,,,,,,0.051675,,65.821275,Zircon,Pietraniketal2013
2669,F15_64_inherited,33.248475,,,0.0,,,,,,0.0146249999999999,,66.20054999999999,Zircon,Pietraniketal2013
2670,F15_66_inherited,33.108075,,,0.0,,,,,,0.199875,,65.39909999999999,Zircon,Pietraniketal2013
2671,F17_48_xenocrystic,33.1344,,,0.0,,,,,,0.1209,,65.79885,Zircon,Pietraniketal2013
2672,F17_49_xenocrystic,33.144149999999996,,,0.0,,,,,,0.067275,,65.242125,Zircon,Pietraniketal2013
2673,F17_50_xenocrystic,33.13245,,,0.0,,,,,,0.077025,,65.39715,Zircon,Pietraniketal2013
2674,F17_51_xenocrystic,33.022275,,,0.0,,,,,,0.078,,65.57265000000001,Zircon,Pietraniketal2013
2675,F17_52_xenocrystic,33.266999999999996,,,0.0,,,,,,0.1287,,66.0231,Zircon,Pietraniketal2013
2676,F17_53_xenocrystic,33.219224999999994,,,0.0,,,,,,0.0380249999999999,,65.74425000000001,Zircon,Pietraniketal2013
2677,F17_54_xenocrystic,33.085649999999994,,,0.0,,,,,,0.092625,,65.669175,Zircon,Pietraniketal2013
2678,F18_20_xenocrystic,33.0642,,,0.0,,,,,,0.055575,,65.83395,Zircon,Pietraniketal2013
2679,F18_21_rim,33.1227,,,0.0,,,,,,0.21255,,65.554125,Zircon,Pietraniketal2013
2680,F18_22_xenocrystic,33.189975,,,0.0,,,,,,0.00975,,66.08744999999999,Zircon,Pietraniketal2013
2681,P1_130_antecryst,32.837025000000004,,,0.0,,,,,,0.273,,65.072475,Zircon,Pietraniketal2013
2682,P1_131_antecryst,32.954025,,,0.0,,,,,,0.2067,,65.12707499999999,Zircon,Pietraniketal2013
2683,P1_132_antecryst,32.957924999999996,,,0.0,,,,,,0.213525,,65.013,Zircon,Pietraniketal2013
2684,P1_133_antecryst,33.0369,,,0.0,,,,,,0.21255,,65.42542499999999,Zircon,Pietraniketal2013
2685,P1_134_rim,32.9472,,,0.0,,,,,,0.205725,,65.38935000000001,Zircon,Pietraniketal2013
2686,P1_135_rim,33.057375,,,0.0,,,,,,0.2115749999999999,,65.244075,Zircon,Pietraniketal2013
2687,P2_84_antecryst,33.40545,,,0.0,,,,,,0.09945,,66.04845,Zircon,Pietraniketal2013
2688,P2_85_antecryst,33.043724999999995,,,0.0,,,,,,0.09555,,66.05624999999999,Zircon,Pietraniketal2013
2689,P2_86_rim,33.156825,,,0.0,,,,,,0.06825,,65.784225,Zircon,Pietraniketal2013
2690,P2_87_rim,33.281625,,,0.0,,,,,,0.0663,,65.9061,Zircon,Pietraniketal2013
2691,P2_88_rim,33.363525,,,0.0,,,,,,0.084825,,66.1167,Zircon,Pietraniketal2013
2692,P3_78_antecryst,33.232875,,,0.0,,,,,,0.1404,,65.786175,Zircon,Pietraniketal2013
2693,P3_79_rim,33.345,,,0.0,,,,,,0.104325,,65.87782499999999,Zircon,Pietraniketal2013
2694,P3_80_rim,33.266025,,,0.0,,,,,,0.180375,,65.5395,Zircon,Pietraniketal2013
2695,P3_81_antecryst,33.2475,,,0.0,,,,,,0.098475,,65.69355,Zircon,Pietraniketal2013
2696,P3_82_antecryst,33.170475,,,0.0,,,,,,0.075075,,66.1089,Zircon,Pietraniketal2013
2697,P3_83_rim,33.330375000000004,,,0.0,,,,,,0.13065,,65.770575,Zircon,Pietraniketal2013
2698,P4_123_rim,33.022275,,,0.0,,,,,,0.133575,,65.283075,Zircon,Pietraniketal2013
2699,P4_124_rim,33.047625000000004,,,0.0,,,,,,0.11115,,65.684775,Zircon,Pietraniketal2013
2700,20B-04,49.96,1.59,13.73,11.8,0.21,7.27,11.88,2.27,0.25,0.18,,,Glass,Hartleyetal2013
2701,20B-04,49.58,1.63,14.16,11.54,0.21,7.14,11.85,2.25,0.29,0.16,,,Glass,Hartleyetal2013
2702,20B-04,49.68,1.65,14.12,11.98,0.19,7.3,11.91,2.27,0.31,0.17,,,Glass,Hartleyetal2013
2703,20B-04,49.76,1.57,13.83,11.68,0.22,7.11,11.91,2.21,0.26,0.19,,,Glass,Hartleyetal2013
2704,20B-04,49.17,1.54,13.73,11.96,0.22,7.12,11.88,2.31,0.25,0.17,,,Glass,Hartleyetal2013
2705,20B-04,50.31,1.56,13.9,11.99,0.2,7.17,11.64,2.37,0.28,0.17,,,Glass,Hartleyetal2013
2706,20B-04,49.51,1.62,13.74,12.02,0.21,7.17,11.64,2.25,0.3,0.17,,,Glass,Hartleyetal2013
2707,20B-04,49.37,1.53,13.9,11.78,0.21,7.11,11.72,2.27,0.27,0.15,,,Glass,Hartleyetal2013
2708,20B-04,49.61,1.63,13.89,12.13,0.19,7.1,11.76,2.35,0.27,0.17,,,Glass,Hartleyetal2013
2709,20B-06,49.64,1.58,13.63,11.85,0.2,7.18,11.7,2.21,0.29,0.15,,,Glass,Hartleyetal2013
2710,20B-06,49.23,1.6,13.82,12.15,0.21,7.27,12.11,2.28,0.35,0.15,,,Glass,Hartleyetal2013
2711,20B-06,49.56,1.66,13.29,12.06,0.2,6.95,11.77,2.27,0.34,0.16,,,Glass,Hartleyetal2013
2712,20B-06,49.14,1.69,13.83,12.09,0.2,7.13,11.76,2.24,0.28,0.16,,,Glass,Hartleyetal2013
2713,20B-06,49.5,1.58,13.53,12.28,0.2,7.01,11.94,2.21,0.27,0.16,,,Glass,Hartleyetal2013
2714,20B-06,48.99,1.56,13.85,12.15,0.21,7.03,11.67,2.43,0.28,0.18,,,Glass,Hartleyetal2013
2715,20B-06,49.12,1.63,13.67,12.1,0.2,7.04,11.76,2.29,0.28,0.18,,,Glass,Hartleyetal2013
2716,20B-06,49.93,1.71,13.77,11.75,0.22,7.15,11.8,2.22,0.3,0.18,,,Glass,Hartleyetal2013
2717,20B-06,49.39,1.67,13.92,11.75,0.22,7.06,11.74,2.19,0.29,0.17,,,Glass,Hartleyetal2013
2718,20B-06,49.59,1.64,14.11,12.21,0.2,7.09,11.83,2.39,0.29,0.19,,,Glass,Hartleyetal2013
2719,20B-07,49.53,1.64,13.62,12.0,0.19,7.01,11.66,2.15,0.36,0.15,,,Glass,Hartleyetal2013
2720,20B-07,49.86,1.58,13.64,11.76,0.21,6.98,11.9,2.42,0.33,0.18,,,Glass,Hartleyetal2013
2721,20B-07,49.85,1.61,13.82,12.11,0.24,6.92,11.66,2.27,0.31,0.19,,,Glass,Hartleyetal2013
2722,20B-07,49.9,1.61,14.02,11.83,0.2,7.13,12.09,2.28,0.25,0.18,,,Glass,Hartleyetal2013
2723,20B-07,49.65,1.74,13.74,11.69,0.22,6.93,11.55,2.34,0.26,0.18,,,Glass,Hartleyetal2013
2724,20B-07,49.8,1.59,13.74,11.96,0.2,7.14,11.77,2.17,0.25,0.18,,,Glass,Hartleyetal2013
2725,20B-07,49.77,1.57,13.97,11.92,0.2,7.13,11.71,2.24,0.27,0.18,,,Glass,Hartleyetal2013
2726,20B-07,49.86,1.56,13.44,12.08,0.22,7.23,12.02,2.24,0.27,0.17,,,Glass,Hartleyetal2013
2727,20B-07,50.06,1.6,14.02,11.5,0.21,7.13,11.81,2.31,0.23,0.18,,,Glass,Hartleyetal2013
2728,20B-07,49.39,1.62,13.69,11.81,0.22,7.08,11.72,2.24,0.27,0.18,,,Glass,Hartleyetal2013
2729,20B-07,49.66,1.65,14.07,11.31,0.21,7.09,11.74,2.3,0.32,0.18,,,Glass,Hartleyetal2013
2730,20B-09,49.87,1.61,13.67,12.41,0.21,7.1,11.41,2.2,0.27,0.15,,,Glass,Hartleyetal2013
2731,20B-09,49.93,1.65,14.19,12.33,0.21,7.18,11.8,2.21,0.25,0.16,,,Glass,Hartleyetal2013
2732,20B-09,49.97,1.59,14.36,11.85,0.22,7.06,11.69,2.38,0.28,0.18,,,Glass,Hartleyetal2013
2733,20B-09,50.0,1.63,14.05,12.54,0.21,7.15,11.85,2.16,0.28,0.18,,,Glass,Hartleyetal2013
2734,20B-09,49.67,1.61,13.66,11.77,0.2,7.26,11.83,2.26,0.24,0.16,,,Glass,Hartleyetal2013
2735,20B-09,50.01,1.64,14.0,12.16,0.2,7.16,12.04,2.29,0.27,0.16,,,Glass,Hartleyetal2013
2736,20B-09,49.9,1.68,13.86,12.14,0.19,7.01,11.69,2.25,0.28,0.18,,,Glass,Hartleyetal2013
2737,20B-09,49.17,1.68,14.37,11.88,0.19,7.29,11.83,2.31,0.22,0.16,,,Glass,Hartleyetal2013
2738,20B-09,49.64,1.64,13.75,11.66,0.21,7.13,11.8,2.29,0.29,0.15,,,Glass,Hartleyetal2013
2739,20B-09,49.52,1.67,14.03,11.75,0.22,7.04,11.53,2.17,0.31,0.17,,,Glass,Hartleyetal2013
2740,20B-09,49.49,1.57,13.98,11.76,0.2,7.05,11.98,2.24,0.28,0.16,,,Glass,Hartleyetal2013
2741,20B-14,49.47,1.57,13.34,12.18,0.19,6.99,11.8,2.21,0.32,0.16,,,Glass,Hartleyetal2013
2742,20B-14,49.76,1.69,13.65,12.28,0.21,6.88,11.61,2.41,0.34,0.16,,,Glass,Hartleyetal2013
2743,20B-14,49.61,1.67,13.71,12.04,0.21,6.82,11.73,2.45,0.33,0.18,,,Glass,Hartleyetal2013
2744,20B-14,49.75,1.65,13.9,11.79,0.23,7.16,11.88,2.32,0.23,0.17,,,Glass,Hartleyetal2013
2745,20B-14,50.49,1.64,13.95,12.14,0.21,6.92,11.59,2.3,0.26,0.15,,,Glass,Hartleyetal2013
2746,20B-14,50.11,1.6,13.88,12.1,0.22,7.12,11.75,2.33,0.27,0.19,,,Glass,Hartleyetal2013
2747,20B-14,49.72,1.64,13.92,11.46,0.2,7.11,12.12,2.29,0.33,0.17,,,Glass,Hartleyetal2013
2748,20B-14,49.93,1.67,14.3,12.06,0.21,6.83,11.62,2.32,0.3,0.17,,,Glass,Hartleyetal2013
2749,20B-14,49.28,1.65,13.7,11.91,0.21,7.05,11.77,2.26,0.28,0.17,,,Glass,Hartleyetal2013
2750,20B-14,50.4,1.6,14.0,11.97,0.22,7.04,11.82,2.26,0.26,0.16,,,Glass,Hartleyetal2013
2751,21B-01,50.7,1.63,14.06,11.85,0.19,7.37,11.87,2.34,0.25,0.17,,,Glass,Hartleyetal2013
2752,21B-01,49.97,1.63,13.95,12.04,0.2,7.2,11.71,2.23,0.28,0.16,,,Glass,Hartleyetal2013
2753,21B-01,49.59,1.63,14.12,11.73,0.2,7.08,11.93,2.27,0.31,0.15,,,Glass,Hartleyetal2013
2754,21B-01,49.99,1.65,13.66,12.25,0.22,7.07,11.92,2.18,0.26,0.14,,,Glass,Hartleyetal2013
2755,21B-01,48.59,1.63,14.17,11.91,0.22,7.23,12.06,2.35,0.31,0.15,,,Glass,Hartleyetal2013
2756,21B-01,49.26,1.68,14.17,12.21,0.23,7.11,11.84,2.42,0.27,0.15,,,Glass,Hartleyetal2013
2757,21B-01,49.26,1.66,13.81,11.98,0.2,7.08,11.83,2.27,0.25,0.15,,,Glass,Hartleyetal2013
2758,21B-01,50.0,1.69,13.63,11.91,0.21,7.16,11.75,2.42,0.26,0.15,,,Glass,Hartleyetal2013
2759,21B-01,49.61,1.67,13.68,12.05,0.21,7.12,11.82,2.42,0.23,0.15,,,Glass,Hartleyetal2013
2760,21B-01,49.85,1.66,13.82,12.04,0.24,7.34,11.88,2.47,0.29,0.13,,,Glass,Hartleyetal2013
2761,21B-01,49.24,1.66,13.86,11.99,0.22,7.09,12.04,2.33,0.3,0.15,,,Glass,Hartleyetal2013
2762,21B-01,49.72,1.61,14.09,11.78,0.22,7.21,11.65,2.28,0.26,0.15,,,Glass,Hartleyetal2013
2763,21B-01,49.89,1.72,14.0,11.98,0.24,7.28,11.87,2.3,0.3,0.16,,,Glass,Hartleyetal2013
2764,21B-01,49.55,1.64,13.69,11.59,0.21,7.19,11.86,2.27,0.28,0.15,,,Glass,Hartleyetal2013
2765,21B-01,47.38,1.64,13.82,11.91,0.2,6.9,11.74,2.24,0.31,0.15,,,Glass,Hartleyetal2013
2766,21B-01,49.65,1.71,13.97,12.4,0.22,7.14,11.53,2.37,0.31,0.16,,,Glass,Hartleyetal2013
2767,21B-02,50.23,1.57,13.93,12.28,0.2,7.19,11.81,2.43,0.28,0.16,,,Glass,Hartleyetal2013
2768,21B-02,49.5,1.62,13.77,12.29,0.22,6.98,11.1,2.38,0.35,0.19,,,Glass,Hartleyetal2013
2769,21B-02,48.84,1.73,14.18,12.72,0.22,6.99,11.31,2.33,0.33,0.16,,,Glass,Hartleyetal2013
2770,21B-02,49.49,1.6,14.01,11.82,0.21,7.18,11.65,2.38,0.29,0.16,,,Glass,Hartleyetal2013
2771,21B-02,49.81,1.62,13.59,12.17,0.2,7.04,11.71,2.24,0.3,0.17,,,Glass,Hartleyetal2013
2772,21B-02,49.5,1.64,13.81,12.17,0.2,6.74,11.18,2.45,0.36,0.18,,,Glass,Hartleyetal2013
2773,21B-02,49.26,1.6,13.69,11.84,0.21,6.99,12.02,2.39,0.32,0.16,,,Glass,Hartleyetal2013
2774,21B-02,49.48,1.53,13.53,11.95,0.21,7.29,12.1,2.26,0.25,0.17,,,Glass,Hartleyetal2013
2775,21B-02,49.65,1.68,13.76,11.88,0.23,7.12,11.76,2.35,0.28,0.15,,,Glass,Hartleyetal2013
2776,21B-02,49.2,1.63,14.0,11.72,0.21,7.21,11.81,2.32,0.31,0.17,,,Glass,Hartleyetal2013
2777,23B-02,49.99,1.6,13.79,12.42,0.21,7.08,11.73,2.33,0.36,0.16,,,Glass,Hartleyetal2013
2778,23B-02,50.05,1.57,13.6,11.7,0.22,7.27,11.68,2.31,0.28,0.17,,,Glass,Hartleyetal2013
2779,23B-02,49.32,1.62,14.19,12.47,0.21,7.32,11.94,2.44,0.32,0.16,,,Glass,Hartleyetal2013
2780,23B-02,50.19,1.67,14.0,11.79,0.21,7.15,11.9,2.35,0.24,0.15,,,Glass,Hartleyetal2013
2781,23B-02,50.28,1.69,13.99,11.72,0.21,6.97,11.81,2.36,0.26,0.17,,,Glass,Hartleyetal2013
2782,23B-02,49.3,1.62,13.8,12.08,0.22,7.19,12.01,2.15,0.3,0.17,,,Glass,Hartleyetal2013
2783,23B-02,50.07,1.76,13.5,12.31,0.21,6.59,11.35,2.57,0.3,0.17,,,Glass,Hartleyetal2013
2784,23B-02,49.95,1.6,13.9,12.22,0.21,7.22,12.04,2.23,0.29,0.16,,,Glass,Hartleyetal2013
2785,23B-02,51.0,1.75,14.28,12.48,0.22,6.45,11.07,2.48,0.35,0.17,,,Glass,Hartleyetal2013
2786,23B-02,50.0,1.6,13.94,11.63,0.21,7.34,11.35,2.34,0.26,0.17,,,Glass,Hartleyetal2013
2787,23B-03,49.45,1.58,14.13,12.2,0.21,7.27,11.69,2.32,0.3,0.18,,,Glass,Hartleyetal2013
2788,23B-03,49.37,1.62,13.84,12.26,0.22,7.15,11.71,2.36,0.31,0.15,,,Glass,Hartleyetal2013
2789,23B-03,49.6,1.75,13.68,12.13,0.2,6.87,11.41,2.33,0.29,0.17,,,Glass,Hartleyetal2013
2790,23B-03,50.47,1.65,14.15,11.83,0.22,7.12,11.67,2.56,0.3,0.17,,,Glass,Hartleyetal2013
2791,23B-03,49.91,1.62,14.55,11.93,0.22,6.88,11.6,2.39,0.3,0.18,,,Glass,Hartleyetal2013
2792,23B-03,49.13,1.6,13.83,11.79,0.2,7.09,11.69,2.33,0.28,0.16,,,Glass,Hartleyetal2013
2793,23B-03,49.2,1.6,14.38,12.03,0.21,7.16,11.86,2.13,0.27,0.15,,,Glass,Hartleyetal2013
2794,23B-03,49.8,1.61,14.1,11.57,0.22,7.13,11.74,2.19,0.3,0.15,,,Glass,Hartleyetal2013
2795,23B-03,50.39,1.71,13.95,12.55,0.22,6.9,11.78,2.41,0.33,0.15,,,Glass,Hartleyetal2013
2796,23B-04,49.3,1.66,13.99,11.94,0.21,7.16,12.04,2.16,0.32,0.15,,,Glass,Hartleyetal2013
2797,23B-04,49.73,1.61,13.63,12.15,0.21,7.13,11.9,2.3,0.33,0.16,,,Glass,Hartleyetal2013
2798,23B-04,49.55,1.55,14.07,11.9,0.21,7.12,11.95,2.31,0.31,0.17,,,Glass,Hartleyetal2013
2799,23B-04,49.67,1.67,13.46,11.9,0.21,7.15,11.87,2.34,0.29,0.16,,,Glass,Hartleyetal2013
