0,0.2862746,0.5616009,0,0.2422714,0.5397372,0,0,0,0,0.1441166,0,0.08723228,0,0.05418475,0,0,0.2776711,0,0.604017,0.1578678,0,0,0.1577108,0.1174451,0.5670615,0,0,0.0280074,0,0.5004474,0,0,0,0,0.3145212,0,0.1706165,0.04148461,0,0,0,0.02953965,0.3155199,0,0,0.4015757,0.2509407,0.3187355,0,1.081967,0,0,0,0,0,0,0.4389059,0,0,0.03961635,0.3529763,0,0.4816925,0,0.4134069,0,0.8673714,0,0.2459112,0,0,0,0,0,0.2073129,0,0,0,0.2840884,0,0,0,0,0,0.4868178,0.1382946,0.5793345,0.1917976,0,0.04053475,0,0,0,0,0,0,0,0,0.4645726,0,0.2159328,0,0.3374096,0,0.813691,0,0,0,0.02909465,0,0,0,0.2622964,0,0.3148721,0,0,0,0,0,0,0.007390024,0,0,0,0,0,0,0,0.4798134,0.4538903,0,0,0,0.0240769,0,1.085204,0.08156899,0,0.02610945,0,0.05279282,0,0.2055021,0,0.1452838,0,0,0,0,0.7474345,0.7173893,0,0,0.3973774,0,0.08414698,0.2328607,0.4110793,0,0,0.154036,0,0,0,0,0.3632401,0,0,0.2112952,0.1806808,0,0.1440518,0,0,1.112043,0.2658565,0,0.3245036,0.7616009,0,0,0.4797719,0.02183117,0,0,0.8648944,0,0,0,0.5826834,0,0,0,0.1984504,0,0.3716315,0.6138403,0.1829335,0,0,0,0,0,0.3468017,0,0.2241385,0,0,0.6025726,0,0.3263313,0,0.005981481,0.08200918,0,0.4409164,0,0,0,0,0,0,0.08872244,0,0,0,0,0.1439189,0.3879186,0,0.2300659,0.2789218,0.2500814,0.1418053,0,0,0,0,0.2550291,0,0.1648937,0,0,0,0.524901,0,0,0,0,0,0,0.1643261,0,0.1701245,0.5613496,0,0.3205318,0,0,0,0.9842054,0,0,0,0,0,0.291861,0.01488946,0.2728598,0,0,0,0.1783055,0.05170722,0.0368589,0.4090342,0,0,0,0,0,0.6825359,0.3278659,0.7041093,0,0.2395926,0,0,0,0,0,0.7366254,0,0,0,0,0.1947875,0,0,0.1408627,0,0,0,0,0.04437283,0,0.04258109,0,0.6821906,0.1954355,0.2552997,0,0,0,0,0,0.0291339,0,0,0.2995785,0,0.2192047,0,0,0.338132,0,0,0,0,0,0.2113718,0.08003638,0,0,0,0,0,0.09827115,0.05293784,0,0.06221828,0,0,0,0,0.4068563,0,0.2844688,0,0,0,0.004573958,0,0.5044257,0.01799366,0.269992,0,0.05516103,0,0,0.2488113,0,0.06868636,0.1620188,0,0,0,0.09955584,0,0,0,0,0,0,0,0.1098138,0,0,0,0,0,0,0.3065573,0,0.02608292,0,0.2898908,0,0,0,0,0,0.1101913,0.07100119,0,0,0,0,0,0.04910726,0,0,0.04852387,0.1483953,0,0,0,0.2189033,0,0,0,0.004806097,0,0.04417425,0,0,0,0,0,0.09223312,0.679243,0.179842,0.1303027,0,0,0,0.435593,0.1101606,0.3141129,0,0.6084046,0,0,0.3173663,0,0.2504069,0,0.2728701,0.5732442,0,0.07426029,0.7639281,0,0,0.5821129,0,0.1573621,0.461257,0,0.039137,0,0.1207072,0.1685164,0,0,0,0,0,0,0.116186,0,0,0,0,0.04184749,0.3852223,0,0,0,0,0.1889805,0,0.3735946,0,0,0,0,0,0.06950682,0,0.1219849,0,0,0,0.02142624,0.2328874,0.1386018,0,0,0.2615725,0.4264241,0.1029845,0.07462441,0.5068618,0,0.2179577,0.2401368,0,0,0,0,0,0,0.1110385,0,0.3880616,0.3098221,0,0,0.5591496,0,0,0,0.4959998,0.09793732,0,0,0.01086073,0,0,0,0,0,0.04867705,0,0,0,0,0.5275393,0.04927946,0,0,0,0.2933016,0.02667167,0.3657095,0,0,0,0,0,0.004330098,0,0.05498619,0.1512585,0.2527456,0,0,0.3887319,0.1083179,0,0.3545521,0.3576807,0,0,0,0.3328701,0,0,0.5512924,0,0,0,0.09589815,0,0,0.1176791,0.1040152,
0,0,0.0165274,0.2164765,0,0,0.6907311,0,0,0,0,0,0,0.2552043,0,0,0,0.3087659,0,0,0.1168051,0.07794083,0,0,0,0,0,0,0.3427798,0,0,0,0,0,0.1994837,0,0,0,0,0.08090644,0,0.460714,0.2561096,0.4763639,0,0,0,0,0,0,0,0,0.1384215,0,0.05860957,0,0,0,0,0.4078682,0,0,0.1877858,0,0,0.2927549,0,0,0,0.8575014,0.02553998,0.4917792,0.3321714,0,0.1233007,0.07312049,0,0,0.0742541,0,0,0.186276,0.4467807,0.3100195,0,0,0,0,0,0,0,0,0,0,0,0.4382668,0,0.6120675,0,0,0,0,0,0,0,0,0,0,0,0,0,0,0.3978391,0,0,0,0.006683924,0,0,0,0.01980122,0,0.02758467,0,0.7483092,0,0,0,0,0.6347187,0.8534784,0.2699281,0,0,0.0830152,0,0,0,0.01721386,0.5016588,0.3655162,0,0.1234648,0,0,0,0,0,0.115166,0,0.5172085,0,0,0,0,0,0,0,0,0,0.2301514,0,0,0.2626234,0,0,0.09973127,0.274414,0,0,0,0.003010948,0.0337928,0.2734748,0.02904472,0.622133,0.07199748,0.05433311,0.2170437,0,0,0.01920484,0,0.03532223,0,0,0,0,0.125774,0.3566378,0.2006515,0,0.01310453,0.5112516,0.0621106,0.6911505,0,0.1575627,0.2859376,0,0.2303687,0.5888282,0.3940574,0,0,0,0,0,0.06861273,0,0.1355657,0,0.3514506,0.3632567,0,0.2405003,0,0,0.002895232,0,0.3189972,0,0,0,0,0.9323992,0,0,0,0,0,0.9660887,0,0,0,0,0,0.05404418,0.4742624,0.02762587,0,0.1654218,0,0.09603038,0.3167264,0,0,0,0,0,0,0.1678361,0,0.03421479,0.009899918,0,0,0,0,0,0,0.558167,0,0.2913255,0,0,0,0,0.260882,0.1488973,0.3559763,0,0.09851518,0,0,0,0,0.268721,0,0.1973881,0.3935605,0.5247936,0,0.4148524,0.4289894,0,0,0,0.2130028,0.1739958,0.1654701,0,0,0.6804807,0,0.01396153,0.08339459,0.475901,0,0,0,0,0,0,0.4869351,0.8943063,0.09410442,0,0.5973572,0,0,0.1435496,0,0,0,0.1847434,0,0,0,0.03275106,0.3393618,0,0.1418385,0,0,0,0,0.1623058,0,0.1879162,0,0,0,0,0,0,0,0,0,0,0.03604292,0.5090458,0,0,0,0,0,0,0,0,0,0,0,0.2015636,0.3127825,0,0.06511596,0,0.2750768,0.04184489,0.02614741,0.2074519,0,0.1024658,0,0,0,0.02245933,0,0.03967958,0,0.2155762,0,0,0.07591654,0,0,0,0.5265882,0,0,0,0.5126825,0,0.1079883,0,0.1795786,0,0,0,0,0,0,0,0,0,0.1648693,0,0,0,0,0,0,0.2222747,0,0,0,0.4429939,0,0.4145949,0,0.2527009,0,0.1241224,0,0,0,0.03062016,0.01374912,0,0,0,0.1260204,0.7579572,0,0,0.288205,0.2326396,0.06488626,0,0,0.01873347,0,0.06642908,0,0.4461022,0.2999092,0,0,0,0,0.8715587,0.1861058,0.4566197,0,0.08561128,0,0,0,0.1654255,0.2651216,0,0,0,0.2672533,0,0,0,0.1202352,0,0.1127793,0.1986032,0.3482364,0,0.166786,0,0,0.1094981,0,0.4985428,0.07821306,0,0.04510441,0,0.4569469,0.6519244,0,0,0,0,0,0.2459521,0,0,0,0,0.08964567,0.06477977,0.02347979,0,0.03019604,0.02306211,0,0,0.1432852,0,0,0.1278483,0,0,0,0,0,0.04408452,0,0,0,0.7464709,0,0,0,0,0.3875872,0.8009545,0.3718988,0,0,0.1179601,0.2862715,0,0,0.1193872,0,0,0,0,0.4619843,0,0,0,0,0,0.006373669,0,0,0,0,0,0,0,0.07987928,0.06741918,0.09449914,0,0,0.1416545,0,0,0,0,0.3660645,0,0.2951071,0,0,0,0,0.08150858,0.04922824,0.2163539,0.07955806,0,0,0.3231151,0.003687171,0,0,0.08696979,0,0,
0,0.7235385,0.1584848,0.108638,0,0,0,0,0,0.09392101,0.1092182,0,0,0,0,0.6467519,0,0.0663357,0,0.5093445,0,0,0.03206915,0.4228453,0,0,0,0,0.512379,0,0,0,0,0.01157273,0,0,0,0,0,0.06844546,0.4407846,0,0,0,0,0.2458536,0,0.1143003,0,0,0.06579948,0.1369649,0.7467023,0,0.603531,0.1113387,0,0,0,0,0,0,0.3917026,0.8270113,0.2486397,0.1109516,0.1490108,0,0.9913057,0,0,0,0,0,0,0.07970355,0,0.4682418,0.1650856,0,0,0,0.09220747,0.01370986,0,0.3453364,0,0.2381827,0.384735,0.1552889,0,0,0,0,0,0,0,0,0.04711451,0.4864458,0,0,0,0.1787322,0,0,0,0.05696953,0.3788195,0.5708423,0,0,0,0,0,0.4179678,0,0,0.04931712,0,0.0724432,0.04028867,0,0.3213629,0,0,0,0.6837252,0,0,0.1168613,0,0,0,0,0,0,0,0.7612801,0,0,0,0.05292265,0.14316,0,0,0,0,0,0,0,0.1497477,0.6193402,0.2040662,0,0,0,0.3724573,0,0.5890225,0,0.4515323,0,0,0.7534741,0.1857635,0,0,0,0,0.5188681,0.4147712,0,0,0,0,0,0.009395197,0,0.7130576,0.1211501,0,0,0.5542012,0,0.4706415,0.04873234,0.2876114,0,0,0,0,0,0.03961166,0,0,0,0.4116043,0.4822191,0,0,0,0.3698684,0.4090111,0,0,0,0,0.06560563,0,0,0.1118276,0,0,0,0,0,0,0,0,0,0.02831244,0,0,0.1536726,0,0,0,0.6207762,0,0.0838613,0.09405774,0,0,0.2820067,0.08324546,0,0,0.3412875,0,0,0.52802,0,0.02976628,0.00351818,0.3909333,0.3415621,0,0,0,0.3670262,0,0,0,0,0,0.1093069,0.09745706,0.009559002,0,0,0.1547427,0.3333151,0,0.006225311,0,0,0.09052476,0,0.2528985,0,0,0.1303361,0.3475208,0,0.1556065,0,0.1534966,0,0.01807876,0.7404588,0,0.124679,0,0,0,0,0,0,0.03214637,0,0.007347914,0,0.3408592,0,0,0.1437138,0,0,0,0,0,0,0,0,0.2928171,0,0,0,0,0,0.01273057,0.01513583,0,0,0,0,0,0,0.01490554,0.7751581,0,0.1357789,0.2062623,0,0,0,0.1519835,0,0,0,0.3911634,0,0,0,0,0.06685013,0,1.174382,0.2861242,0,0,0,0.5155416,0,0,0,0.1855385,0.2328451,0,0,0.4191237,0.2603139,0.3873824,0.08034961,0.01444046,0,0,0.3695241,0.8804767,0,0,0,0,0.7777292,0,0,0.676074,0,0,0.7448976,0,0.1388868,0,0,0,0,0,0.09313586,0.1124464,0.4541258,0,0,0.1602779,0,0,0.4302469,0,0.3262221,0,0,0,0,0.247134,0,0,0,0.2407701,0,0.3879665,0,0,0,0,0.6059737,0,0,0.01693616,0.8376147,0,0,0.08124069,0.8399339,0.3176299,0,0.2738903,0.4043624,0,0,0.4114248,0,0.5245653,0,0,0.8939546,0.01988728,0.01014998,0.04833513,0,0.5513823,0,0,0,0.3836835,0,0,0.4850821,0,0.5637567,0,0,0,0,0.6443588,0.3469993,0,0,0,0,0,0,0,0,0,0,0.4170452,0,0,0,0.4773578,0,0,0,0.02030176,0.522765,0,0,0,0.6926324,0.09399236,0.02519699,0,0,0,0,0.1988733,0,0,0,0.5578303,0.2939725,0,0,0,0.4067464,0,0,0.03641466,0.5049979,0,0.200994,0.03920611,0,0,0,0.09103657,0,0,0,0,0,0.0541001,0.7743088,0,0,0.2120536,0,0.7169501,0,0.02195426,0,0,0,0,0.01240552,1.064256,0,0,0.5939528,0,0,0,0,0.310586,0.597754,0.6165156,0,0,0.1103976,0.5105985,0,0,0,0.02963162,0.2730689,0.1474837,0,0,0.4456785,0,0.3806082,0,0,0.1755839,0.1548283,0,0,0,0,0.3329799,0,0,0.1395375,0.2647368,0,0.0665921,0,0.1526101,0,0,0,0.05819977,0,0,0.08107021,0,0,0.3287478,0.2542077,0,
0,0,0.3709943,0,0,0.6011371,0,0,0,0,0,0.05322241,0,0.3537654,0,0,0,0,0,0,0,0.06614991,0,0.170462,0,0,0,0,0,0,0,0,0.08479516,0.104663,0.2308351,0,0,1.002972,0,0,0,0.4229862,0,0,0.7545428,0,0,0,0,0.334473,0,0,0,0,0,0,0,0.6074458,0.8688049,0,0,0.1412627,0,0,0.1167383,0,0.05475498,0.009332045,0,0,0.6368232,0,0,0,0,0.2287523,0.1746094,0.4731774,0.1583925,0.4606428,0,0,0,0,0,0,0,0,0.01510882,0.127495,0.4397092,0,0,0,0,0,0,0,0,0,0,0,0,0,0,0,0,0,0.3459437,0,0,0,0,0,0,0,0,0,0,0.8847764,0,0,0,0,0,0.03706024,0.2456033,0.4190253,0,0,0,0.7021909,0,0,0.2872633,0,0,0.1502393,0,0,0.2745924,0,0.5677993,0.2361664,0,0.1498012,0,0,0.1240879,0,0.5293087,0.3257504,0,0,0,0.01180488,0,0,0.1530674,0,0.2893828,0,0,0,0,0,0,0,0.08596663,0,0,0,0,0.1242384,0,0.0111053,0.2328825,0,0,0,0,0.3133276,0,0,0,0.06149919,0,0,0,0,0,0.232057,0,0.5501019,0,0,0,0,0,0,0,0,0.5726854,0.1928871,0.2647307,0,0,0,0.3568144,0,0,0,0.0303252,0,0.2043158,0,0,0,0,0.1540451,0.1736359,0,0,0,0,0,0,0,0.4129289,0,0.05427256,0,0,0,0,0,0.06357872,0,0.2037285,0,0.6354004,0.2243449,0.3980982,0.5128531,0,0.6010426,0,0,0.491265,0.2707287,0,0,0,0,0.09727848,0,0,0.3127481,0,0.1160744,0.1540108,0,0,0,0.05231721,0,0,0.6005006,0,0,0.3383505,0,0,0.05332752,0.476896,0.3622541,0,0,0.2858089,0.2425374,0,0,0.7822666,0,0,0,0,0.3437065,0,0,0,0,0,0,0,0.3480858,0,0.1903953,0,0,0.007128532,0.4210762,0,0,0,0,0,0.7100906,0.6173103,0.09616067,0,0,0,0.01438897,0,0,0,0,0,0.1070725,0.12108,0,0.3259485,0,0,0,0.02532486,0,0,0.01122588,0,0,0.7390217,0,0,0.1183824,0.413102,0.8717462,0.2199155,0,0.4966231,0,0,0.07594143,0,0,0,0.9434835,0.03978524,0,0,0.4066679,0.06579243,0,0.1129747,0,0,0.1165794,0,0.2740924,0,0,0.008936743,0,0.04097977,0,0.2995118,0,0.1570437,0.3339522,0,0,0,0.1456475,0,0.0195999,0,0.3446546,0.02167613,0.8698473,0,0.02908926,0.4022214,0.7019727,0,0,0,0.1088138,0,0,1.176319,0.4719403,0,0,0,0,0,0.3377989,0,0,0.009545414,0,0,0.9776652,0.3532782,0,0.02751468,0,0.2145432,0.1877657,0,0,0,0.9023191,0,0,0,0,0.2200414,0,0,0,0,0.1135158,0,0.3360952,0,0,0,0,0,0,0.1877482,0,0,0,0,0.1905155,0,0,0,0,0,0,0,0,0,0,0,0.273765,0,0,0,0,0.356598,0,0,0.2817839,0,0,0,0,0,0,0,0,0.1177494,0,0,0,0,0.3083153,0,0,0.2469097,0,0.3522585,0,0,0,0.1490108,0.07082518,0.3739084,0,0,0.2681108,0.1801352,0.2487262,0,0,1.130666,0.1275257,0,0.2799093,0.1205422,0,0.09451789,0,0.01219593,0.7838404,0,0,0.2598558,0,0.6824266,0,0,0,0,0,0,0,0,0,0,0,0.082937,0.0255629,0.5688651,0.5520467,0.09599571,0,0,0,0,0.5418832,0,0,0,0,0,0,0,0,0,0,0,0.07589391,0,0,0.06781614,0,0.05795349,0.1114451,0,0,0,0.05287156,0,0.2780555,0,0.0846598,0,0,0,0,1.081786,0,0.2349333,0,0.5131364,0,0.2830434,0,0,0.1209395,0,0,0.4638051,0.07467093,
0,0,0,0,0,0,0.4876611,0,0,0.2734605,0.25747,0,0,0,0,0.06307925,0,0,0,0,0,0,0,0,0,0,0.06536745,0,0,0,0.4516249,0.06751058,0,0.1267579,0,0,0.1736153,0,0,0,0,0,0,0.8759018,0,0.4882675,0,0,0.1904616,0,0,0,0,0,0.1480091,0,0,0,0,0,0.5964344,0,0,0.1223921,0,0,0.1775311,0,0,0.1051702,0.1176459,0,0.3610341,0,0,0,0,0,0,0.5584911,0,0,0.664041,0,0,0.8261371,0,0,0,0,0.5982958,0,0,0,0.2274782,0,0,0,0.2789738,0.1236491,0.2704628,0,0,0,0,0.217478,0,0.08652031,0,0.3791817,0,0,0,0.1715385,0,0.2801545,0.3677563,0,0,0,0.3200657,0.3436846,0,0.2988218,0.1025219,0,0.105945,0.01841605,0.03653141,0,0,0.4809661,0,0.3336207,0,0.07949196,0,0,0.1507851,0,0,0,0,0.08476605,0,0.2480273,0,0,0.34846,0.2251404,0,0,0.04930025,0.08871613,0,0,0,0.005988621,0.04247621,0,0,0,0,0.186213,0,0,0,0,0.04585323,0.6969498,0.04349689,0,0,0,0.03330533,0,0,0.2971471,0,0,0,0,0.056156,0,0,0,0.1002159,0.3976183,0,0,0,0.3869759,0,0.1734166,0,0,0,0.8496102,0.4702532,0.3497032,0,0,0,0,0.2158344,0,0,0.08685992,0,0,0,0,0,0,0.4820775,0,0,0,0.482175,0,0,0.4272984,0,0.8202117,0,0,0.003930688,0.06070219,0,0.0158441,0,0,0,0.1441194,0,0,0,0,0,0,0.8859189,0.3344382,0,0.5760017,0,0,0.2561101,0,0.4800749,0.434738,0,0,0,0.1952792,0.1345801,0,0.1321617,0,0,0,0.3286113,0,0,0,0,0.1497335,0,0,0,0.2239614,0,0,0,0.2220488,0,0,0,0,0.0932166,0.3600406,0.03192644,0,0.8716099,0.01863546,0,0.0003354361,0,0,0,0,0,0,0,0,0.1540244,0,0,0.01261924,0.02534341,0,0,0,0,0.3820833,0.1315546,0.1085814,0.2198545,0,0,0.5905187,0.1688212,0,0.03739158,0,0.3921739,0,0.09118968,0.8939953,0,0.06410933,0.2759354,0,0.378096,0,0,0,0,0,0.07584988,0.5220188,0,1.216502,0,0,0,0,0.2198279,0,0,0,0,0.642437,0.3388911,0.1051806,0.2106193,0,0,0,0,0.1641493,0.3363511,0,0,0,0,0,0,0.06845144,0,0.1630139,0,0,0.3182879,0,0,0,0,0.349316,0.03950617,0,0.2879927,0,0,0,0,0.2846692,0,0.2685793,0,0,0,0,0,0,0.2381518,0,0,0,0,0,0,0,0,0,0.4904056,0,0,0,0.9023966,0.08375032,0,0,0.4636036,0,0,0.1180503,0,0,0,0.2051553,0.00315668,0.05658153,0,0.1552883,0,0,0.32501,0,0,0,0,0,0,0.3888102,0,0,0.2044418,0,0,0,0,0,0,0,0,0,0,0.2833809,0,0,0,0,0.04624826,0,0,0.2024448,0,0,0.5923666,0,0,0,0,0,0.01629245,0,0,0,0,0.6559433,0,0.2764505,0.2164635,0,0.5435418,0.2864187,0,0,0.364852,0.1475491,0,0,0,0,0,0,0.04177243,0,0.1040684,0.2274317,0,0,0,0,0.593781,0.1369971,0,0,0,0,0,0,0,0,0,0.3292427,0,0.2606891,0.299891,0.02926395,0,0.1355333,0,0,0,0.331314,0,0,0,0,0.397342,0.4885273,0,0,0,0,0.1366025,0,0.3259516,0.5626503,0,0,0.004437559,0,0.5468474,0,0,0,0,0,0,0.2319789,0,0,0,0.3085931,0.02034988,0,0.1280043,0,0,0.2713464,0,0,0,0,0,0,0,0,0,1.037443,0.5312645,0,0.04796545,0,0.3083514,0,0.4387526,0,0,0.09020299,0,0,0.227172,0.1705979,0,0,0.7243447,0,
0,0,0.03387303,0,0.7720555,0,0,0,0.03649721,0,0.0216961,0,0,0,0,0.02835126,0,0.3947847,0.118354,0,0.8533714,0,0.1592431,0.06394608,0.3020522,0,0,0,0,0,0.1324243,0.3193225,0,0.04131545,0.3210928,0.02236768,0.2347257,0,0,0,0,0,0,0.0885876,0,0,0,0.01742807,0.06279308,0.1465988,0.1492079,0,0.06335013,0,0,0.2485798,0.1214763,0,0.2765159,0.36347,0,0,0.0681553,0,0.4602943,0,0,0,0,0,0.01764061,0,0,0,0,0,0,0.09236255,0.1893145,0,0,0.5192077,0,0.3293673,0.644437,0,0,0,0,0,0,0,0.1026452,0,0.144462,0,0,0,0,0,0.1801174,0,0,0,0,0,0,0,0.2994245,0.8135865,0,0,0.3053875,0.6351345,0,0.06702855,0.3284399,0,0,0.1111179,0,0,0,0,0,0,0.1506552,0.01700372,0,0.8769293,0,0,0,0,0.417268,0.3077699,0.0943398,0,0.04958261,0,0,0.296694,0,0.01494505,0,0.8791146,0,0,0,0,0,0,0.1523359,0.2590403,0,0,0.7326101,0,0,0,0,0,0.3355653,0.08193269,0.1488014,0.3326873,0.1794162,0.9758166,0.3304981,0,0.7500952,0.4079149,0,0,0.1402082,0.01564698,0,0,0,0.2350574,0,0,0,0,0,0,0,0,0.2378095,0,0.1854486,0,0.2618514,0,0.09133886,0,0.04955723,0,0,0,0,0,0,0,0,0.01966873,0,0.244566,0,0,0,0,0.3907976,0.7901101,0,0,0.092596,0,0.237339,0.7813457,0.01466,0,0.08696478,0,0,0.1532899,0.01328947,0.04277026,0.07636658,0,1.189456,0,0,0.3717791,0,0,0.06175908,0,0,0,0,0,0,0,0.2226298,0.08055636,0,0,0,0,0.2011786,0.5556096,0,0,0,0,0,0,0,0,0,0,0,0.419634,0.575854,0,0.6553234,0,0.2503517,0.3401155,0.1712471,0.1387436,0,0,0.5130386,0.5519614,0,0.002364271,0,0,0,0.6330258,0,0,0.1191102,0,0,0,0,0.1691796,0.468685,0,0,0,0.1682268,0,0,0,0,0,0,0,0,0.7270296,0.000118944,0,0.08783614,0,0,0,0.3081962,0,0.1356354,0,0.07089721,0,0,0,0.04784447,0,0,0.08477794,0,0.4011157,0,0,0,0,0.2526139,0,0,0,0.1446949,0,0,0,0,0,0,0,0.4938793,0,0,0.1865145,0,0.1375343,0.1287981,0,0,0,0,0.3090326,0.01819566,0.1876567,0,0,0.2011441,0,0,0.1240153,0,0,0.5162628,0,0.03356045,0,0,0.3345011,0,0,0,0,0,0,0.3216712,0,0,0.1079484,0,0,0,0.2169781,0,0,0.2474618,0.4737251,0,0,0,0,0.5425004,0,0.180584,0,0.1347304,0.7155541,0,0,0,0,0,0,0.2837223,0,0,0.01572716,0.1005415,0,0,0,0,0,0.1996319,0,0.2216684,0.1975717,0,0,0,0,0.1468798,0.1824345,0,0,0.3639516,0,0.07561308,0,0.01472335,0,0,0.03518747,0,0.4027874,0.02476472,0,0,0.4450485,0,0.3126374,0,0,0,0.4075943,0.06592064,0.3755361,0,0.466057,0,0,0,0,0,0,0,0.2330891,0,0,0,0,0,0,0,0.02160867,0.3261686,0.4278384,0,0.6011785,0,0,0,0,0,0.3405438,0.3239569,0.1183765,0.9115828,0,0,1.094543,0.6950631,0,0,0,0,0,0,0,0,0.02301738,0,0,0.1735557,0.2175486,0,0.04922786,0,0.289106,0,0,0,0,0.1069912,0.09032502,0,0.1231506,0,0,0.2363048,0,0.1375778,0,0.0734603,0,0,0.5421535,0,0,0,0.3259055,0,0,0.01941679,0.3360359,0,0,0,0.2977479,0,0,0.1923843,0,0.7754321,0,0.3856464,0.512643,0.1684998,0,0,0,0,0,0,0,0,0,0.1991596,0,0,0,0,0.0412587,0.2711891,0.06431983,0,0,0.5019959,0.0811995,0.03616809,0,0.06022686,0,0,0.07976834,0,0.1307256,0,0,0,0,
0.3564262,0,0.01521581,0.1370599,0,0,0.4317333,0,0,0,0.2141078,0.0273456,0,0,0,0,0,0,0,0.775999,0.1623216,0,0,0.07380264,0,0,0,0.314107,0,0,0,0.4252689,0.4629185,0,0.3401045,0,0,0,0,0,0,0,0,0,0.3089522,0,0,0,0.462453,0,0,0.005524909,0.2244579,0,0.1665835,0,0,0.002714769,0.2488226,0,0,0,0,0,0,0.3894929,0,0.2678228,0,0,0.02990786,0,0.5765444,0.5534987,0,0,0.05735097,0,0,0.0106458,0.001551035,0.3886413,0.915503,0,0.1334999,0,0,0,0,0,0,0.1194656,0,0.2427262,0.1089953,0.5016835,0.4647851,0,0.3601374,0,0.190699,0,0,0.2747069,0.4361476,0.2254673,0,0.8263249,0,0,0.4852825,0,0,0,0.2056788,0.246455,0,0.06613582,0,0,0.09970839,0,0,0,0,0,0,0.04388303,0,0.09712809,0.1459621,0,0,0,0,0,0.09170285,0,0,0,0,0.5176657,0,0.558017,0,0.01057315,0,0,0.2429872,0.4518715,0,0,0.582615,0.4382629,0,0,0,0,0.3683544,0,0.02665551,0.1534602,0,0,0.3934963,0,0,0.4489429,0,0.0491069,0,0,0,0.110694,0,0,0,0,0,0.1893703,0.1768037,0.7705192,0,0,0,0.5649874,0,0.5515367,0.07879409,0.3060798,0,0.5105084,0,0,0,0,0,0,0.1100888,0,0,0.506587,0,0,0.03972964,0,0,0.02508054,0,0,0,0,0.1356007,0,1.048865,0,0.008383465,0.03580162,0,0,0.03864777,0.06866588,0,0,0.01746097,0,0,0,0,0,0,0.9902809,0,0.006647038,0.03884695,0,0,0,0,0,0,0,0.2767095,0,0,0,0.5595772,0,0.2184713,1.080631,0.05917352,0,0.8026381,0,0.1560089,0.31061,0,0.6479147,0,0,0,0.0347852,0,0.5270221,0,0.3412012,0,0.2027981,0,0.3372615,0,0,0.0674648,0.4815378,0.3664011,0,0,0,0.4686343,0,0.4583399,0.182045,0,0,0.1160585,0,0.3815307,0.08256289,0,0,0.09733307,0,0,0,0,0.2605821,0.0672579,0,0,0.0806748,0.1577231,0,0,0.4059448,0.5035452,0.05200835,0,0.2183253,0,0,0.239516,0,0.3303442,0,0.2426739,0,0,0,0,0,0.2178959,0,0.0614689,0,0,0,0.9017447,0,0.3514919,0.04712591,0.6130702,0,0,0.2541417,0,0,0,0,0,0,0.60962,0.3937982,0,0,0,0,0.1055819,0.225575,0,0,0.02464361,0,0,0.6992288,0,0,0.3641951,0,0.5401468,0,0.3270537,0,0,0.08196728,0,0.2390822,0,0.814237,1.240888,0.2494956,0.009931576,0,0.3123126,0,0,0.2296451,0.2302717,0.1874653,0,0,0,0,0,0,0,0,0,0.3277296,0,0,0,0,0.08432946,0,0.0001134686,0,0.5946984,0,0,0,0,0,0,0,0,0,0,0.1053255,0,0.8138463,0.2985502,0,0.7554848,0.5703712,0,0,0.2645844,0,0,0,0.04527303,0.5480054,0.3691551,0,0,0,0,0.5145838,0,0,0,0,0,0,0,0.01671785,0.2397123,0.1866913,0,0.3482632,0,0.02937286,0,0,0.4452847,0,0,0.2234619,0.2724373,0,0,0,0,0.02279151,0,0,0.08150038,0,0,0.02417072,0.4656335,0.3618771,0,0,0,0,0.3953102,0,0.2171249,0.9043283,0.1471249,0,0.1341054,0,0,0,0,0.1379823,0,0,0,0,0,0.05231022,0,0.09365355,0.1437627,0.1584789,0,0,0,0,0,0,0,0.1924075,0.3909299,0,0.3385131,0.3341955,0,0,0.2608123,0.2586829,0,0,0,0,0,0.1429858,0,0,0,0,0,0.5055047,0.516924,0.1201582,0.5185328,0.353332,0,0,0.4867203,0.1748284,0.1543893,0,0,0.4751626,0,0,0,0.3444604,0,0,0,0.05191281,0,0,0,0.1536037,0,0.2797802,0,0,0,0,0.3778544,0,0.05250249,0.1492268,0,0.00979077,0.4003238,0,0,0,0,0.1185836,0,0.9745227,0,0.2375721,0,0,0,0,0,0.8226436,0,0.3885848,
0.6482928,0,0.2447863,0.4995543,0,0.1670762,0.2475806,0.03212695,0,0.2442329,0.1089696,0.2724782,0,0.0008943391,0,0.001440412,0,0,0.6446644,0,0,0,0,0,0.2095419,0,0,0.7536616,0,0.4654107,0,0,0,0,0,0,0,0,0,0,0.07051505,0,0,0.1008453,0.1233263,0.2969096,0,0.06984223,0.05118191,0.07922351,0,0,0.9382794,0,0.003382419,0,0,0,0.3918798,0,0,0,0.2731937,0.2635189,0,0,0,0,0,0,0,0,0.6249056,0.08551472,0.03602836,0,0,0,0,0,0,0,0,0,0,0.01831949,0,0,0,0,0.02151678,0.520593,0,0,0.4946739,0,0.1706768,0,0,0.3602805,0,0,0,0,0,0.05718602,0,0.06403921,0,0,0,0.1889861,0,0.09631021,0.07100572,0.2174401,0,0,0,0.1989422,0,0,0,0.07037846,0,0,0,0,0,0,0,0,0,0,0,0.8027769,0,0.3487278,0,0,0.2650262,0,0,0.07521886,0.03143761,0,0,0,0.092713,0,0.04788723,0,0,0,0.0675737,0.06708251,0.2028476,0,0,0,0,0,0,0,0.7428252,0.9895219,0.4131912,0.153884,0.2932117,0,0.06831339,0,0,0,0.2394481,0.03908066,0,0.4360854,0.1799746,0.3675043,0.001482608,0.4573284,0,0,0.04853377,0,0,0,0.7264472,0.5467122,0,0.3506302,0.5525079,0,0.1322162,0,0.07125328,0,0,0,0,0,0,0.2782918,0,0,0,0,0,0.004446732,0.3935302,0.1889205,0.08861793,0,0,0,0.7763711,0,0.3322676,0,0.165127,0.5370851,0.6547062,0,0.09447408,0,0,0,0,0.1895145,0,0,0.0772627,0.1089624,0,0.5915943,0.6435825,0,0,0,0,0,0.5390401,0,0,0,0,0,0,0,0,0.03601617,0,0,0,0.02399992,0.01195471,0.1631045,0,0,0.2038353,0,0.2003061,0,0,0,0,0,0.6503673,0.1557619,0.2506094,0.2073228,0,0,0,0,0,0,0,0,0,0.06112548,0.1044903,0,0,0.3122459,0.3054557,0,0,0.2163802,0.1674951,0,0,0.01292491,0.3074642,0,0.07967716,0,0.8630594,0.3040749,0.1020265,0,0.3280851,0,0.3000192,0,0,0,0,0,0,0.3491755,0,0.451861,0.1378937,0,0.01652204,0.1037098,0.06191058,0.153711,0,0,0.2794932,0,0,0,0,0.07584994,0,0,0,0,0,0,0,0,0.006250793,0,0,0,0,0.3636408,0,0.1458967,0,0,0,0.3803145,0,0,0.07453599,0,0,0,0.04277281,0,0,0.5690405,0,0,0.264312,0,0.4340546,0,0.5382836,0,0.794291,0.1830487,0,0.2988461,0,0.08403473,0,0.8392769,0.2025913,0,0.09656806,0.6719694,0,0,0,0,0.1987624,0.06138403,0,0.9417424,0,0,0.113094,0.07793181,0,0,0.7404464,0.1762448,0,0.05724502,0.1544457,0,0.2349692,0,0.1042899,0,0,0.5560709,0,0,0,0.06113987,0,0,0.07977355,0.09062004,0.1815415,0.07236771,0.1036199,0,0,0.2238299,0,0,0,0,0.1849337,0,0,0,0,0,0.1526312,0.09100908,0.1384781,0,0,0,0,0.1611772,0,0,0,0,0,0.1040994,0,0.2377094,0.0998122,0,0,0.258916,0,0,0,0,0.8282939,0,0.3423465,0,0.327812,0,0,0.4318261,0,0,0.1062929,0,0.6238057,0.2684669,0,0.591469,0,0.1057067,0,0,0.2513502,0,0,0.3886373,0.2698235,0,0,0,1.068758,0.8256679,0,0,0,0,0,0,0,0,0,0.1501369,0,0,0.2968591,0,0,0.1736106,0,0.2900885,0.339061,0.2158998,0,0,0,0,0.171765,0.1863674,0,0.2158349,0.03034216,0.09557007,1.400674,0.5184169,0,0,0.687578,0,0.3037401,0,0.1713757,0.3376673,0.1389597,0,0,0.2406648,0,0,0.2137106,0,0.3536857,0.0730788,0,0,0,0.7331413,0.5443991,0.2041243,0,0,0,0.3475079,0,0,0.586907,0,0,0,0,0.08839466,0.03653891,0,0,0,0.2755949,0.02043483,0,0.3133162,0.04810859,0,0.5165534,0.4434169,0.2007407,0,0,0,0,0,0.2832641,0,
0.09160829,0.9468521,1.007355,0,0.2851353,0.226307,0,0,0,0,0,0.01436895,0.07559553,0,0,0,0.04669597,0.3348406,0.03727168,0.3762464,0,0.2352879,0.3667976,0,0,0,0,0,0.2474036,0,0,0,0,0,0.3271936,0,0.319373,0,0,0.3298194,0,0,0.02530787,0,0,0,0,0.8465099,0.05889321,0.6742505,0.4331644,0,0,0,0.2978979,0.1748401,0,0,0,0,0,0,0.0491504,0,0,0,0.4747076,0.06136887,0.3371954,0,0,0,0.1100048,0,0,1.105407,0.6457765,0,0.3158415,0.3580382,0,0,0,0,0.4129095,0,0,0.2607218,0,0.09988516,0,0,0.4707727,0,0,0,0.1266426,0,0,0.1604423,0.07910769,0.473044,0.2439038,0.2967326,0,0,0,0,0.04826287,0.1813103,0.2368929,0.17999,0.09865427,0.7385898,0.467857,0,0,0,0.1697036,0.1553545,0.1684096,0.1371867,0.1499338,0,0,0,0,0,0.0996415,0.7688305,0.3070872,0,0,0,0.2701581,0.2735119,0.026002,0.6432472,0,0.1782061,0.1305478,0,0.6959667,0.04328267,0,0,0.2289812,0,0,0.3678561,0.07460139,0,0.09017839,0,0,0.2999063,0.1960788,0.0469485,0,0.03235893,0,0,0,0.3502213,0,0,0,0.4070106,0,0,0,0,0,0,0,0,0,0,0,0.3677827,0,0.2401922,0.2670127,0,0,0.03829422,0.4352058,0.3685608,0.2786342,0,0,0,0.313832,0.5685519,0,0,0.3750431,0,0,0,0.1404648,0.1805587,0,0.3858109,0,0,0,0,0,0.1942399,0.5379369,0,0,0.2682976,0.5939577,0.2616378,0,0.2443512,0.1035347,0,0,0,0,0.1522681,0,0,0,0,0.2233015,0.2410325,0,0.4999904,0,0,0,0,0.5319427,0,0,0.3218465,0,0.754936,0,0,0.2547972,0,0,0.2225595,0,0,0,0.1916129,0,0,0,0,0.006758449,0,0.5619091,0,0.3726429,0.130109,0,0,0,0.3724566,0,0,0.5381249,0,0,0.007236943,0,0,0,0,0,0,0,0.2311592,0,0,0,0,0.3073482,0.3307278,0,0,0,0,0,0,0.02957593,0,0.1790022,0,0,0,0,0,0,0,0,0,0,0,0,0.2702381,0.1093636,0,0,0,0,0,0,0,0,0,0,0,1.118185,0,0,0.3084801,0,0,0,0.1762447,0,0,0,0.02386425,0,0,0,0.7001225,0.15188,0,0,0,0,0.225715,0.006610457,0.5094349,0,0,0.4836167,0,0,0,0.1091265,0.2152071,0,0.0684696,0,0.5166797,0,0.09964547,0.01748588,0,0.4171973,0.8432289,0,0,0.01914801,0,0.0278203,0,0.1507873,0.3807881,0.03986916,0,0,0.4320746,0,0,0.1590737,0,0.1778168,0.04925202,0,0,0,0,0.3812139,0,0,0,0,0,0.07751141,0.9145516,0,0,0,0,0.301147,0.2660172,0,0,0,0.1333065,0.3318201,0,0.1237995,0,0,0.05756162,0,0,0,0.2037291,0,0.3098583,0,0,0.01676412,0,0,0.2837734,0.02379955,0.1241105,0,0,0,0,0,0,0,0,0,0,0,0,0.1545412,0,0,0,0,0,0,0,0,0.3602736,0.4494751,0.1763933,0,0,0.3282076,0.005627397,0.6685841,0.7552804,0.1400904,0.5836918,0,0.1869353,0,0,0,0.3116486,0,0.06135055,0.002921626,0,0,0,0,0.05930182,0,0.1604041,0,0.6551673,0,0.4339899,0,0,0,0,0.4067692,0,0.5852489,0.4863365,0,0,0,0,0,0.791428,0.6469299,0.1673412,0,0.03643445,0,0,0,0,0.05925298,0.3248013,0.0499841,0.310849,0,0,0,0,0.2019495,0,0,0.8090724,0,0,0,0.8320957,0,0,0.1378117,0,0.2985114,0,0.7563741,0,0,0.3315715,0,0,0.4448915,0,0,0,0,0.1794619,0,0.3017678,0,0,0.1731642,0.0533562,0,0.05569356,0.4205401,0.02726602,0,0,0,0,0,0.09511085,0,0,0.4278037,0.5236233,0,0,0.03137739,0,0,0,0.09741145,0.6134844,0.3898038,0.2717397,0.3961004,0,0.4124446,0.1314035,0,0,0,0,0,0,
0,0,0,0,0,0.1096147,0,0.04936106,0,0,0.09457292,0.2921012,0,0,0,0,0,0,0.3329741,0,0,0.1376282,0.2513463,0.2997333,0.2425916,0,0.1180518,0,0.03761439,0,0,0,0,0,0.2608531,0,0,0,0.2081698,0,0,0.4409497,0,0.4212359,0.269795,0,0.05062362,0,0,0.3422667,0,0,0.1026418,0,0,0,0,0,1.203267,0,0,0,0,0.4812998,0,0,0.3840652,0,1.082114,0.1760749,0.323681,0,0,0,0,0,0.07572807,0,0,0,0,0,0,0,0.8086668,0,0,0.3662668,0,0,0.1170091,0.07148804,0,0,0,0,0,0,0,0.01540131,0,0,0,0.05593003,0.2325852,0,0,0,0,0.1081297,0.2181366,0,0,0,0,0,0,0,0,0,0,0,0.4298998,0,0,0,0,0,0,0.4134758,0,0,0.135908,0,0,0,0,0,0,0,0.07688034,0.2983793,0.6579468,0.3179624,0.2280054,0.4686053,0,0,0,0,0.3157733,0,0.03863972,1.190027,0.160694,0,0.04253936,0.07445139,0.2793292,0,0,0,0.1665396,0,0.000593206,0.02550108,0,0.3433025,0.2818447,0.178447,0.8619984,0.07663786,0,0,0,0.5452781,0,0,0.5671236,0,0.04365508,0.1245581,0,0.5594931,0,0.05580667,0,0.3501207,0.08680523,0.07774693,0,0.03577951,0,0.1271056,0.02293252,0.3659785,0,0,0.219677,0,0,0,0,0,0.1297872,0.04276908,0.4274942,0.2332218,0,0.09114629,0.06360127,0,0,0,0,0.02739356,0.09791658,0,0,0,0.2523788,0,0,0,0,0,1.091739,0,0.117975,0.6740801,0.5301982,0,0.9349887,0,0.193947,0,0,0,0,0.3050947,0,0.1874817,0.4379301,0.1171326,0.09160811,0,0,1.266954,0.4279444,0.4347667,0,0,0,0,0.3797048,0,0,0,0.2096288,0,0.4009274,0,0.001943222,0,0.08628035,0,0,0,0.1781432,0,0.06152856,0,0,0,0,0,0,0.01174023,0,0,0,0,0,0,0.02253539,0.01339636,0,0,0.02701594,0,0.2880177,0.6307278,0,0,0,0,0,0,0.3454634,0,0,0,0,0,0,0.4658296,0,0,0,0.1441533,0,0,0.7415676,0.14865,0,0,0,0,0,0,0.1426898,0,0,0.8117404,0,0,0,0.1057467,0,0.02522853,0,0,0,0,0,0.04744964,0,0,0.2675223,0,0,0,0,0,0.004162451,0.0537197,0,0.2080599,0,0,0.1889844,0.7600664,0.3974935,0,0,0,0,0,0.2262373,0,0.2409354,0,0.837004,0.1268967,0,0,0,0,0,0.2965563,0,0,0,0.4487721,0,0,0,0,0,0,0,0,0,0.09701878,0,0,0.1603058,0,0.2654749,0,0.1490454,0,0,0.4869786,0,0,0,0.6526597,0.01233299,0,0.6281903,0.08115474,0,0,0.4783028,0.3223138,0,0.5754663,0,0,0,0,0,0,0,0,0,0.283305,0.2240053,0.8532556,0,0.4708338,0,0,0.1781113,0,0.04772289,0,0,0.05236579,0,0,0.0661113,0,0,0.03833883,0,0,0,0,0.1998758,0.6245455,0,0.02139186,0.2320646,0,0,0,0.02578121,0.009374142,0,0,0,0.2093445,0,0,0.1118544,0,0,0.03381081,0.1317686,0.2177962,0,0,0.09045362,0.3897651,1.045143,0,0,0.002007657,0.04426783,0,0,0,0.3228761,0,0.7681105,0.06576371,0,0.1236211,0,0,0.1211387,0,0,0,0,0,0,0,0.3774882,0,0.2314418,0,0,0,0.3629329,0,0,0,0,0,0.2265991,0,0,0,0.3909184,0,0,0.0773716,0.2343241,0,0.08851226,0.2842625,0.2410563,0.6925588,0.9013136,0,0,0.02237136,0,0,0,0,0,0,0,0.06413975,0,0,0,0.5959203,0,0,0,0,0,0,0.02533189,0.6179259,0.1072398,0,0,0.3443096,0.4087802,0.185906,0.9857883,0.2664212,0,0,0,0,0,0,0,0.01534093,0.5361931,0,0.7405229,0.4635468,0.2790849,0,0,0.1759614,0,0,0,0.434759,0.2461813,0.1671052,
0.3292631,0.4613485,0.3598488,0.5407902,0,0,0,0.2658856,0.373265,0,0.5261077,0,0,0,0.6466195,0,0,0,0,0,0,0.009819268,0.1885147,0.6202133,0,0,0,0.5861843,0.2053796,0.9200111,0,0.08826318,0,0.3321609,0,0,0.1796293,0.1796676,0,0,0,0,0.05151408,0,0.146662,0,0,0,0.4772425,0,0.02020971,0,0,0,0,0.07522175,0.3426569,0,0,0,0,0,0,0,0,0,0,0.3064372,0.5797758,0.5078871,0,0,0,0,0,0,0,0.07618568,0,0,0,0,0,0.9979013,0.06147351,0,0,0.4131134,0.5095721,0,0,0,0,0,0,0,0,0,0,0,0.09781035,0,0.1262175,0,0,0.3627391,0.3952779,0,0.01305062,0,0,0,0,0,0,0,0.09957211,0,0.7734952,0.6395826,0,0,0,0.2431072,0,0.333427,0.02503688,0,0.2781998,0.05581158,0.7364443,0.007921964,0.1093022,0,0.5754839,0,0,1.53583,0,0.01619768,0,0.6831416,0.04868676,0.06651028,0,0,0,0,0,0,0,0,0,0,0,0,0.09715195,0,0.05832178,0,0,0,0,0.1061682,0,0.1299124,0,0.1650585,0,0,0,0.09680998,0,0,0.6926918,0,0,0,0.3553173,0,0.06943885,0,0,0.7087328,0,0.1657898,0.9516259,0.05108974,0,0,0,0.5730782,0,0,0,0,0.3435914,0.0240472,0,0.7960432,0,0.01114793,0.8020606,0,0,0,0.1711165,0.04473432,0.676326,0.3311505,0.5327769,0.4051816,0.6221005,0,0.1134288,0,0,0,0,0,0,0,0.07941675,0,0,0,0.1178389,0,0.02447934,0.1334673,0,0,0.4503007,0,0,0,0.3482046,0,0.3304856,0.08919672,0,0,0.1454185,0.644282,0.09686437,0,0,0,0,0.09025957,0,0,0,0,0,0.007953351,0,0,0.02564966,0,0.06017335,0,0,0,0,0.4318836,0,0.03394641,0,0.07693161,0,0.3961038,0,0,0,0,0,0,0,0,0,0,0,0,0,0.243303,0,0,0,0.1991298,0,0,0,0,0,0,0,0,0.4476618,0,0.1217785,0.3145119,0,0,0.6227674,0.2230067,0,0.5105132,0.2088484,0.6366131,0,0,0,0,0,0,0,0,0,0,0,0,0,0.4062323,0,0,0.1308416,0,0,0.3129085,0,0,0.01087685,0,0.07889123,0,0.5175707,0,0.2882136,0,0,0.2715913,0,0.02996991,0.2994271,0,0.3627486,0,0,0,0,0,0,0,0.2053619,0,0,0,0,1.086045,0.2717071,0,0,0.4477701,0.5110165,0,0,0,0.8841109,0,0,0.06165181,0,0.22042,0,0,0,0,0.1537893,0,0,0,0.06689462,0.07056283,0,0,0,0.4444972,0,0,0,0.123507,0.2332649,0,0.04393546,0,0,0.2739983,0.2549106,0.06393161,0,0,0.1294924,0,0,0,0,0,0,0,0,0,0,0,0,0,0,0,0,0.100139,0,0.06432512,0,0.1051181,0,0,0,0,0,0,0.798937,0,0.6697564,0,0,0.7463616,0,0.08066132,0,0,0,0,0,0,0,0,0,0.01193629,0,0,0.0651214,0,0,0,0,0.3549979,0,0.6017902,0,0,0,0,0.09019814,0,0,0,0,0.2744049,0,0.2528884,0,0,0.2650903,0,0,0,0,0.02184637,0,0.838369,0,0.6275946,0.02798964,0,0,0.1112771,0.4878453,0,0.3799141,0.2657439,0,0,0.3683903,0,0.4569877,0,0.2339414,0.3577537,0,0,0.01376441,0,0,0,0,0.0569513,0,0,0.1850925,0,0.5303731,0.5183336,0.4685177,0,0,0,0,0.6343882,0,0.009811818,0,0,0,0,0,0.022174,0.0006238071,0,0.009533812,0,0,0.1404924,0.2571135,0,0,0.07703789,1.004946,0.1804571,0,0,0.3105363,0,0,0,0,0.09133432,0,0,0,0.2612854,0,0,0.3697889,0.4680915,0.5245067,0,0,0.279839,0,0,0,0,0.5985877,0,0,0,0,0.2683004,0,0,
0.4039315,0.8305653,0.5448543,0.2948634,0,0,0.1041082,0,0,0,0,0.213109,0.1410687,0.02971315,0,0,0,0,0,0.06343499,0.3369096,0,0,0,0.2823571,0.554157,0,0,0.2707859,0,0,0,0,0,0,0,0.354966,0,0,0,0.1655084,0.4634795,0,0.3553801,0,0,0,0,0.01110774,0.07374589,0,0.2101107,0.1686507,0,0,0,0.02484452,0.08177605,0,0,0,0,0.5878707,0.1234714,0,0,0,0.1987359,0,0,0.4470623,0,0,0.4122862,0,0,0,0,0,0,0,0,0,0,0.08541871,0,0.1135605,0.3871117,0,0.5923803,0.02508021,0,0,0.3764379,0,0,0,0,0,0.5395094,0.1158015,0.04126757,0,0,0,0.7400215,0,0,0,0.737606,0.1891501,0,0.04557144,0.207233,0,0.03150424,0,0,0,0,0,0.2611659,0.6635086,0.4646297,0,0.405669,0,0,0,0,0,0.2164532,0,0.473046,0,0,0,0,0,0,0,0,0,0,0,0,0,0,0,0,0.6320671,0.1648955,0,0,0,0,0.2266261,0,0,0,0,0,0,0,0.2700587,0,0,0,0,0,0,0,0,0,0.3069075,0,0.06062097,0,0,0.144655,0,0,0,0,0,0.07655377,0,0.01595787,0,0,0,0,0.005685217,0,0,0,0,0.3622224,0,0.7054086,0,0,0,0,0,0,0,0,0.2085459,0,0,0,0,0,0,0,0,0,0,0.07715482,0,0.1329099,0.8580149,0,0,0,0,0.2075188,0,0,0.09247562,0,0.6288601,0,0.3986164,0,0.5018985,0,0.3201372,0.5929146,0,0.1629796,0.02592921,0,0,0,0,0,0,0,0,0,0,0,0,0,0,0,0,0,0.268295,0,0,0.1786564,0,0,0,0,0,0.1546572,0,0.0515335,0,0.1248781,0.06653275,0,0,0,0,0,0,0,0,0.705726,0,0,0,0,0,0.2283089,0,0,0,0,0,0.354697,0.1820816,0,0,0,0,0.2662635,0,0.5072349,0,0.405719,0,0.4196163,0,0,0,0,0,0,0.04675582,0.05386954,0,0,0,0,0,0.1749478,0,0,0,0.2532311,0.3197113,0,0.2111035,0,0,0,0,0.06211429,0,0.2848766,0,0.2073098,0.5494509,0,0,0,0,0,0.4648462,0,0.06928743,0,0,0,0.04457173,0,0.004793147,0.1436493,0,0.09756018,0,0.5664833,0.2124937,0.7828963,0,0.5373595,0.2858779,0,0.4228474,0,0.07652605,0,0.0907288,0,0,0,0.07812018,0,0.2287115,0.5052961,0,0,0,0.4814523,0,0,0.3225988,0,0,0.3139455,0.5248137,0,0,0.00522634,0,0,0,0,0,0,0,0,0.1535499,0.5268711,0,0,0,0.4130481,0,0.06054951,0.009451824,0.5929582,0,0.06887674,0,0,0,0.1107105,0,0,0.1630294,0,0.6403499,0,0,0,0,0,0.3730201,0,0.09855843,0,0,0.256826,0,0.1556701,0,0,0.1916615,0.2124918,0,0.1233383,0,0,0,0,0.2528622,0,0,0.1861425,0,0,0,0.003895748,0.08909484,0,0,0,0.6396595,0.3034418,0,0,0,0,0,0,0,0.1565055,0,0.5839273,0,0,0,0.37117,0,0,0,0.2210055,0,0,0,0,0.03637261,0.6015228,0,0,0,0,0.5203968,0,0.0226976,0,0,0,0.1473145,0,0.05813546,0,0,0.08461609,0.6183796,0,0,0.1822909,0,0.1197871,0,0.104558,0.1066786,0.4819771,0.240272,0.1567167,0,0.1719583,0,0,0,0,0,0,0,0,0,0.8778329,0.2057012,0,0,0.295955,0.1441151,0,0,0,0,0,0,0,0,0.199337,0.2320422,0,0,1.289075,0.6072329,0.3222201,0,0,0.368043,0.2519591,0.1119014,0,0.1536005,0,0,0,0.3282698,0,0.08474716,0,0,0.111022,0.331527,0.628688,0.2241425,0.06384901,0,0,0,0,0.06243917,0,0.2382873,0,0,0.1625204,
0,0.5577744,0,0,0.4350288,0,0.09031943,0.4421024,0,0,0,0,0,0,0,0,0,0,0,0,0,0,0,0,0.5768539,1.332927,0,0,0,0,0.3123305,0,0,0,0,0,0.8057831,0.01141679,0,0,0,0,0.2959595,0,0,0,0,0,0,0,0.4731333,0,0,0.04515971,0.1685098,0.04199811,0.5521966,0.5675763,0,0,0,0.2371637,0.2961656,0.7390928,0,0.1705124,0.0491698,0,0.5773679,0,0,0.2603162,0.8936137,0,0,0.2371304,0,0.1421619,0.02803995,0,0,0,0,0,0,0,0.1179535,0,0.1718281,0.1623476,0,0,0,0,0.01863592,0,0,0,0,0,0,0.07046419,0,0,0,0.01234871,0,0,0,0.04408275,0,0,0.03017418,0,0,0,0.0601607,0.3008415,0.2164446,0,0,0,0.1135702,0.2917044,0,0.3341804,0,0,0,0,0.4154445,0,0.1940716,0,0,0,0.6214085,0.02441271,0.08295628,0,0.374957,0,0,0,0.4387623,0,0,0.4087565,0,0,0,0.239923,0.2559243,0,0,0,0.4260096,0,0.7295589,0.35715,0,0,0.2447148,0.2004531,0,0,0,0.1475181,0.02889765,0,0,0,0,0.412604,0,0,0,0.5524096,0.4125966,0,0.3389695,0,0,0.4012696,0,0,0.1384996,0,0,0.06711076,0,0,0,0,0,0,0,0,0,0,0,0,0,0.3689163,0,0,0,0,0.1713756,0,0.4656811,0,0,0.02663294,0,0.1023362,0,0,0.2095194,0,0,0,0,0.3698711,0,0,0,0,0,0,0,0,1.078406,0,0.002789567,0,0,0,0,0,0,0,0,0,0.07403971,0,0,0,0,0,0,0.03823333,0,0,0,0,0,0.07813236,0,0,0,0.02826393,0,0.08778712,0,0,0,0,0,0,0.1742544,0.4081697,0,0.2921299,0,0,0,0,0,0.01507573,0,0,0,0,0,0.1072309,1.114856,0,0.4897987,0.3451303,0.1306159,0.6128987,0,0,0.02799448,0.6932524,0,0,0,0,0.7331987,0.08866299,0,0,0,0,0,0.1113652,0.05960095,0.5823931,0,0,0.07271717,0.1562196,0,0.05985984,0,0,0.1350277,0.04809849,0,0,0,0,0.05352573,0.4588924,0,0,0,0,0,0,0.218209,0,0,0,0,0.06425259,0.3599122,0.2223242,0,0.0867075,0,0,0,0.0992544,0,0.1797779,0.1555236,0.438311,0,0,0.2882494,0,0,0,0,0,0.5922405,0,0.326432,0.3415327,0.02675684,0,0,0,0.2263491,0,0.03249192,0,0.07533313,0,0.4726893,0,0.1644994,0,0,0,0,0,0,0.02762269,0,0,0,0,1.081134,0,0,0.1259097,0.5347137,0,0.6600304,0,0,0,0.006635881,0.1338642,0.1926642,0,0,0.04066418,0.4746517,0.1778828,0,0,0,0,0.2812072,0.06129982,0,0,0.224421,0,0,0,0,0,0,0,0.5730056,0,0.2569613,0,0.1616872,0.1747938,0,0,0,0,0,0,0,0,0,0,0,0,0.09407359,0,0,0.5996796,0,0,0,0.08208942,0.1783764,0.2564265,0,0.103379,0.2831223,0.01447736,0,0,0,0,0.1109103,0,0,0,0.2139393,0,0,0,0,0.1648792,0,0,0,0.1797173,0.4550458,0,0,0,0.8131913,0.1690882,0,0,0.09271993,0.1630679,0.2233692,0,0,0,0.2231922,0,0,0,0,0.8488666,0,0.4629788,0.1255809,0.05070475,0,0,0,0,0.2448573,0,0,0,0,0,0,0,0,0.1148637,0,0.5689854,0,0,0.2156196,0.8394637,0,0,0,0.1492485,0,0.02692578,0.1529389,0,0,0,0.1077002,0,0,0,0,0,0,0.02166795,0,0.6632165,0,0,0.2068785,0.04700724,0,0,0.2799922,0.3766054,0,0.3304242,0,0,0.2961541,0,0.3493599,0,0,0,0,0,0,0,0,0.2910062,0,0.09175948,0,0,0.05533947,0,0,0.06733205,0,0,0,0,
0,0,0,0,0.6144168,0,0.2673681,0,0.3078756,0,0.4829221,0.6248048,0,0,0,0,0.4880877,0,0.1921274,0,0,0,0,0,0,0.1920249,0,0.2025136,0.210286,0.4852413,0,0,0.4184954,0.07204509,0,0,0,0,0,0,0,1.081685,0,0.1202867,0,0,0.4409651,0,0,0.8881031,0.3516263,0.2771825,0,0.06449088,0,0.04421205,0,0,0.0273418,0,0,0.361155,0,0,0.3464555,0,0.4784957,0,0.1860974,0,0,0,0,0.3297837,0.7281373,0,0,0.04245847,0,0,0,0.9706192,0,0.2783053,0.2990472,0.5054291,0,0,0,0,0,0.08419447,0,0,0.004567409,0,0,0.1662413,0.1724712,0,0.7011725,0,0.1142687,0,0.2368907,0.3288089,0,0.2439153,0.7878304,0.2185036,0,0,0,0,0,0,0,0.1095018,0.2209137,0.09439631,0.4100308,0,0,0.2286341,0,0,0,0,0.05263328,0.7357482,0,0,0.2694211,0.3963397,0.006236459,0,0,0,0,0,0,0.04255535,0,0.3438334,0,0,0,0.4155915,0,0,0,0,0.1068397,0,0,0.3557337,0.1768657,0,0,0,0,0.1923198,0,0,0,0,0,0.4880984,0.1903807,0.5022218,0.1063925,0,0.2809861,0,0.3887377,0,0.06393822,0.01916623,0,0.8058288,0.4389736,0,0.2706305,0,0,0.01706454,0,0,0,0.02935418,0.5245525,0,0.422887,0,0.3551492,0,0.417196,0.005064213,0,0,0,0,0.260738,0,0,0.3924364,0,0,0,0,0,0,0.3352174,0,0.393246,0,0.2360181,0,0,0,1.053669,0,0.1380327,0.1871697,0,0,0.01508245,0.005743525,0.2605518,0.1628778,0,0.1785365,0,0,0,0.07354278,0,0,0.02299241,0,0,0,0.02001848,0.1088582,0,0,0,0,0,0,0,0.1860865,0,0,0,0.1167338,0,0,0,0,0.04723087,0,0.1802496,0.4707059,0,0,0,0,0,0,0,0,0,0,0,0,0.08768466,0,0.4461775,0,0.1215621,0,0,0.1920815,0.3035892,0.39208,0,0.08160038,0,0.04548883,0.1087558,0,0,0.1123127,0,0,0.2135271,0,0,0,0,0,0,0,0.2054425,0,0,0,0.3473007,0,0,0,0.1730114,0.0234992,0,0,0,0.3273013,0,0,0,0,0,0.04032339,0.03513268,0,0.7694876,0,0,0,0.03624403,0,0,0.4145085,0,0,0,0,0.5064686,0,0.07993381,0,0.09689377,0,0,0.3178317,0,0,0.02338754,0,0.2213489,0.06839658,0,0,0.3528581,0.3296104,0,0.08033243,0,0,0,0.4775971,0.0539238,0.2006136,0.5071545,0.3783711,0,0,0,0,0.3287264,0,0,0,0,0.01141348,0,0,0.08575121,0,0.1383438,0,0.05457161,0.09073351,0.2468924,0,0,0,0,0,0,0.005092368,0,0.4970956,0,0,0.2371486,0.4045302,0,0,0,0,0.8170865,0.6400853,0,0,0,0.2727439,0,0,0,0.1156983,0,0,0,0.5904851,0,0,0,0,0,0.3472044,0,0,0,0,0.9440135,0.1458764,0.6700218,0,0,0.0728547,0.1726004,0,0,0,0.1295546,0.5024955,0,0,0.7919252,0,0,0.467124,0.1976473,0,0.07927087,0,0,0,0,0,0,0,0,0.06712835,0,0,0,0,0,0,0.02839534,0,0.01742325,0,0.6260675,0.04782281,0.1942157,0,0,0,0,0.3371678,0.4198482,1.216744,0.5207773,0,0,0,0,0.300309,0.03978722,0,0,0,0,0,0,0,0.2598903,0.08423247,0.01884996,0,0,0,0,0,0,0,0,0.225762,0,0.7258091,0,0,0,0,0,0,0,0.2518253,0,0,0,0.1506118,0,0,0,0,0,0.007160702,0,0.3589857,0,0.2881138,0,0.1349693,0.03706746,0,0.6089649,0,0,0.2830138,0.561088,0,0,0.2557997,0,0.2455616,0.6825759,0.7421948,0,0,0,0.1264653,0.2969762,0.1675015,0,0,0.03398812,0,0,0.5645333,0.3853096,0.0647189,0.397174,0.4054197,0.0008426887,0,0.4329616,0.08654884,0,0,0,0,0.4765156,0.2049927,0.3363002,0.3364556,
0.1018234,0,0,0,0,0.5097473,0,0,0,0.5312939,0.6192155,0,0.2444606,0,0.04984757,0.3012526,0.1486355,0.7844535,0,0,0,0.2252861,0.1743611,0,0,0.07901576,0,0,0,0,0.1550931,0.01223648,0,0.174076,0,0,0.4996775,0.1884045,0,0,0,0,0,0,0.0276309,0,0.2045428,0,0,0,0,0,0,0,0.3953039,0.2531997,0,0,0,0.444696,0,0.0253275,0,0,0,0,0,0.1383124,0.4625107,0,0,0,0.2899765,0,0.04962336,0,0.4720283,0,0.1179473,0,0,0,0,0,0,0.04113185,0,0,0.1850418,0,0,0.1190198,0.3612518,0.06662688,0.3224481,0.1594284,0.09983213,0.3327902,0,0,0.3462651,0,0,0,0,0,0,0,0,0.3535006,0.04234834,0.5391322,0,0,0.235454,0,0,0.5783744,0.3603382,0,1.245231,0.1547379,0,0,0.2898013,0.1251038,1.00578,0,0,0,0.2716014,0.4495683,0,0.2314497,0.1940484,0,0.1746971,0,0.5910668,0.048995,0.7590286,0.5640589,0,0.03492939,0,0.4858484,0,0,0.1472097,0,0.4174561,0.07730248,0,0,0.1094187,0,0,0.77725,0,0,0,0,0.4754787,0.513681,0.1144289,0,0,0.6210788,0,0,0,0.03375794,0.02247637,0,0,0,0,0,0,0,0,0.2225584,0.07497129,0,0,0,0,0,0,0,0,0,0,0,0,0,0,0,0,0.2134157,0.1624932,0.1788218,0,0.4163933,0,0.5242281,0.05685578,0,0,0,0,0.672342,0.4731008,0.5820212,0,0,0,0,0,0.1043049,0,0.3556141,0,0,0,0.237636,0,0,0,0,0,0.6250466,0.2474413,0.5426272,0.102724,0,0,0,0.005633871,0.2301805,0,0.0826318,0.0717779,0,0.1359039,0,0.3198114,0,0,0,0,0.1929119,0,0,0,0,0,0,0,0,0,0,0,0,0,0.09887096,0.7907628,0,0,0,0,0,0,0,0.6550317,0,0,0,0,0.1105019,0,0,0,0,0,0.5268107,0.2631207,0.2468915,0.1701856,0,0.2190889,0,0,0,0,0,0.1146615,0,0,0.3156655,0,0.2700897,0.4986248,0,0,0.1308239,0,0,0,0,0,0,0,0.09708036,0,0.1652648,0,0,0,0.06059059,0,0,0.3706776,0,0,0.7010168,0.1649177,0.1623593,0,0.3709015,0,0.3761167,0.5185092,0.199002,0,0,0,0,0,0.4172171,0,0.6676719,0,0,0.31734,0.04686459,0.2910773,0.4429815,0,0,0,0,0.1613446,0.01470078,0,0.1283533,0,0,0,0.2644865,0,0.5327201,0,0,0.156724,0.6193181,0.1490588,0.02707348,0.1243804,0,0.07616991,0.1871511,0.4411535,0.1308776,0.2027874,0.4269384,0.03748738,0,0.239827,0.2043433,0,0,0,0.00925192,0.2532817,0.4187613,0.003983435,0,0,0.2898075,0,0.1754459,0,0,0,0,0,0,0,0,0.4353213,0,0.1465466,0,0.3143992,0.3436793,0,0,0.4434422,0,0,0,0.6124377,0.2113012,0.2271049,0,0,0,0.4637118,0,0,0,0,0,0,0.2663482,0,0,0,0,0.1838684,0.380451,0.108882,0.08601266,0.4428619,0,0,0.1744266,0,0,0,0,0.1778758,0.1524574,0,0,0,0,0,0,0.01413419,0.1960254,0,0,0,0,0,0,0.1933706,0,0,0.1180917,0,0.3294822,0,0.03400343,0.07650601,0.3232353,0,0.3402364,0,0,0,0.7445428,0,0,0.004120686,0,0,0,0,0.1420847,0,0,0.8447455,0,0,0,0.3340358,0,0,0,0.2888299,0.7915481,0,0.4196132,0.3694492,0,0,0.03682972,0,0,0.3560887,0.02405645,0,0,0,0.209969,0,0,0.1608501,0.405552,0,0.1994817,0.04947712,0,0.4254739,0,0,0,0.5745829,0.3994334,0,0,0,0,0.3163663,0.5336477,0.09615691,0.7115683,0,0,0.75152,0.1087692,0.7587871,0,0,0,0,0.4166906,0,0,0,0.1848071,0.5142486,0,0,0,0,0,0,0,0,0,0,0,0,0.1550908,0,0,0,0,0,0,0,0.329127,0,0.4890485,0.06542955,0,
0,0,0.7601,0.1392693,0.5344334,0.04434247,0,0,0,0,0,0,0,0.3202495,0,0,0,0,0.4674208,0,0.3017341,0.1806969,0,0,0,0.2185378,0,0.06571294,0,0,0,0.478012,0.1768262,0.6895387,0.1566,0,0.4849165,0,0,0,0,0,0,0.1896632,0,0,0,0,0,0.005127033,0,0,0,0.3851778,0,0,0,0.5895178,0.6038918,0,0,0,0,0.0374263,0.946336,0.0889028,0,0.2086891,0,0,0.2619447,0.1317135,0.2686109,0,0,0.09790304,0.1778468,0,0,0,0,0,0,0,0,0,0,0.506373,0,0,0,0,0,0.1374541,0.6644256,0,0,0,0,0.1179793,0,0,0.3713169,0.02366047,0,0,0,0,0,0,0.2852086,0,0,0,0,0,0.5489124,0,0.3808346,0,0,0.3013847,0,0.04778938,0.283979,0,0,0.1496803,0.002463429,0,0.1774162,0.1361758,0.2000072,0.2518511,0,0,0,0,0,0,0,0,0,0,0,0.1680229,0.03569072,0,0,0.3223325,0.029579,0.4688241,0,0.02336951,0,0,0.1925834,0,0,0.1551426,0.03335185,0,0,0,0,0.1819977,0,0,0.1178478,0,0.4635195,0,0,0.5242966,0,0,0,0,0,0.4045671,0,0.0359248,0,0,0.4911679,0,0.2596187,0,0,0,0,0.2922376,0,0.04739941,0,0,0,0,0.05402397,0.1361866,0,0.2589917,0.01193941,0,0,1.022727,0,0.2457355,0.3406338,0.1083243,0,0,0,0,0.1612087,0,0.4982307,0.3958052,0,0,0,0,0,0,0.8700225,0,1.019346,0,0.4856175,0,0.01867704,0.2473921,0.04964162,0,0.005986125,0,0,0,0,0,0,0,0.5293564,0,0,0,0,0,0,0,0,0,0,0.207417,0,0,0.4987527,0.6831006,0,0,0.4461984,0,0,0,0.305284,0,0,0,0.1167905,0,0,0,0,0,0,0,0,0,0.8336437,0,0.4142387,0,0,0,0.01114644,0,0.3537865,0,0.5195755,0,0,0,0,0,0.5512783,0.4603953,0.4459091,0,0,0,0.3662103,0,0,0,0,0,0,0,0,0,0,0.1228764,0,0,0.41417,0.3565592,0,0.1352646,0,0.5039876,0,0.1141527,0,0.4608637,0,0.3400097,0,0,0,0,0,0.4697595,0,0,0.137334,0.04856552,0,0.1756688,0.01208978,0,0.09615481,0,0,0,0.380491,0,0,0,0,0,0,0,0,0,0,0,0.1784334,0,0,0.1066979,0,0,0.07107446,0,0,0,0,0,0,0,0,0,0,0,0.192663,0,0.424976,0,0,0.1061691,0.5323947,0,0,0,0.1867411,0,0,0,0,0.1077639,0,0,1.10652,0,0,0,0,0.4396336,0,0,0,0,0,0,0.2753351,0.3455287,1.10646,0,0,0.2036324,0,0,0,0,0.61471,0,0,0,0.4077089,0.0650829,0,0,0,0.0657161,0.0884816,0,0,0,0,0.3536642,0.3771951,0,0.1772323,0,0,0,0.198443,0,0,0,0,0,0,0,0.1193946,0.1663462,0,0,0.1384651,0,0,0.3523628,0,0,0,0.4426224,0,0.1636588,0.2332301,0,0,0.1615032,0,0.3604238,0,0,0,0,0,0.5685211,0,0,0,0,0,0,0.02290065,0.4082343,0.09349136,0,0.477293,0,0.3194012,0,0.5532016,0.2385857,0,0.4012575,0.5070378,0,0,0,0,0,0.3924249,0,0.1392425,0,0.05853354,0.9762115,0,0,0.2068857,0,0,0,0,0,0.004675484,0.220548,0.00347377,0.02509177,0.6280571,0,0,0,0,0.1688969,0,0,0,0.1547074,0,0,1.265699,0,0,0,0.02322925,0,0,0,0,0,0,0,0,0,0,0,0.1110843,0,0,0,0.4372046,0,0.2025728,0,0.2404756,0.2592057,0.02127429,0,0.3431186,0,0.04204737,0.4152193,0.07789024,0.312301,0,0.7697026,0,0,0,0,0,0.4566315,0,0.3119561,0.2093453,0.1496412,
0,0,0,0.6789892,0.1304498,0.2992652,0.120566,0,0,0.1385983,0,0,0,0.00984812,0,0,0.04545454,0.2797543,0,0,0.2780488,0,0.09577084,0.434822,0,0,0.09214573,0.03140721,0,0.2743929,0,0.2649528,0,0,0,0,0.2957214,0,0,0.2911762,0,0,0.4037561,0.5906926,0,0,0,0.08199389,0.01637183,0,0,0.005817511,0,0,0,0,0,0.1106708,0,0.469529,0,0,0,0,0.6814364,0,0.2255168,0.6714388,0,0,0.2489148,0,0.2605395,0.3590176,0,0.1990772,0,0.06385554,0,0.2651992,0,0,0,0,0.1406774,0,0,0,0.4307994,0,0,0,0.158152,0.04021164,0.09569223,0,0.07697204,0,0,0.4009199,0,0.06363948,0,0.7766384,0,0.2208763,0,0,0,0,0.5528229,0,0,0,0,0,0.05370281,0,0,0,0,0,0,0,0,0,0.5806952,0,0,0.03448744,0,0.001543146,0,0.0648068,0,0,0,0.4011242,0.3228778,0,0,0,0.8597465,0,0.2436964,0,0,0,0,0,0.2202051,0.1041264,0.3828301,0.01393991,0.2188738,0.0692162,0.08122531,0,0,0.3523356,0.2280093,0.3208431,0.1421317,0,0,0,0.4711656,0,0,0,0,0,0.3489057,0.3086154,0.2389037,0,0,0.123972,0.13236,0,0.1775192,0,0,0,1.277226,0,0,0,0,0,0.7162125,0,0,0.07663018,0.04961587,0.3893322,0,0,0,0.09792283,0,0.05496835,0,0,0,0.4771838,0.537911,0,0.2262845,0.1430312,0.1891955,0,0,0,0.3876166,0,0,0,0,0,0,0,0.04863542,0.04914657,0,0,0,0,0,0,0,0.1991314,0.4018373,0.04517546,0.2211578,0,0,0,0.07689906,0,0,0,0,0,0.03341339,0,0.6375884,0,0.09304968,0,0.2868296,0,0,0,0,0.4048134,0.1768515,0.05999129,0.3695754,0,0,0.01642043,0.7167521,0,0,0,0.1013383,0,0.1779194,0,0,0.01828734,0,0.007750458,0,0.6193125,0,0.07824673,0,0,0,0,0.429352,0,0,0,0,0.5089918,0,0.7968137,0,0,0.07730332,0,0,0.02162567,0,0.02197018,0,0,0.4938032,0,0,0,0,0,0,0.4762889,0,0.2537854,0,0,0.1866581,0,0,0,0,0.1302151,0,0.03411027,0,0.09160819,0,0.1741402,0,0,0.01401586,0,0.2151111,0,0.002160545,0,0,0,0,0.8775015,0.2784822,0,0,0,0.05882683,0.1147571,0,0,0,0.5756688,0,0,0,0.1205332,0.07909483,0.7934968,0.2671915,0,0,0.2514119,0.3611072,0,0,0,0.377559,0,0.4244817,0.2401581,0.02258262,0,0,0,0,1.064967,0,0,0,0,0,0.4681703,0,0,0,0,0,0,0,0.5059119,0,0,0.2791393,0,0,0,0,0.2476626,0.1060017,0,0.3638531,0,0,0,0,0,0.08973386,0.06924567,0,0.5373995,0.2212941,0.7199664,0.5656793,0,0,0.01046796,0,0,0,0,0,0,0,0.1815432,0.2240825,0,0,0,0,0,0,0,0.2907963,0.02793192,0,0,0,0.1510517,0.2608371,0,0,0.2037131,0,0.07926518,0.009153529,0,0,0,0.3339443,0,0,0,0.02571016,0,0.01881143,0,0.2121068,0,0.01086714,0,0,0.0005555463,0,0.8518013,0,0.4563757,0,0,0.5661361,0,0,0,0,0,0,0,0.1194674,0,0,0.04958675,0,0.8010674,0,0,0.5646066,0,0,0,0.009274421,0,0,0,0,0,0.425339,0,0.0606744,0,0,0.4736836,0,0,0,0,0.1510033,0,0,0,0,0,0.07120255,0,0.01708677,0,0,0.1352204,0.4997074,0,0.4710449,0.1244302,0.3045879,0,0,0,0,0.1089449,0,0.1725406,0.3140551,0,0.1148279,0,0.6788057,0,0,0,0,0,0.04010974,0,0.2296553,0,0,0,0,0,0,0,0,0.2807097,0,0.004250689,0.2913107,0.3136249,0,0,0,0,0,0,0.06160912,0.07083323,0,0,0,0,0.1393589,0,0,0.1571048,0.305913,0,0,0,0,0.3988623,
0.02876853,0,0,0,0,0.03840546,0.6479564,0.1597384,0,0,0,0.1885785,0,0,0.2546912,0,0.02357428,0.5452293,0.3619235,0,0,0,0.129338,0,0,0.04754945,0.04201964,0.08468196,0.2457723,0,0,0.3053994,0,0,0,0.3177194,0,0.753643,0,0,0.2768905,0.4550517,0.1948412,0,0,0.06083617,0.330789,0,0,0,0,0,0,0,0,0,0,0,0,0.0003157015,1.106397,0.9467962,0,0,0.3311375,0.5534413,0.1024982,0.6380115,0,0,0,0,0,0,0,0.3145261,0,0,0,0,0.1887869,0,0.06420634,0,0,0,0,0,0,0,0,0,0.2386494,0.2731947,0,0,0,0,0,0.3342379,0,0.002175927,0.5767139,0.02172947,0.2131424,0,0.1192267,0,0,0,0,0.6274426,0.5621346,0.04887976,0.6646479,0,0.2852198,0,0.1761462,0.3176642,0,0.02846005,0,0.04716462,0.3071884,0,0,0.04133678,0.2270394,0.1270504,0,0.01016398,0,0,0,0,0,0,0,0.4087022,0,0,0,0,0,0,0.7087628,0.271277,0,0,0,0,0,0,0.3441953,0.8412184,0.01364284,0,0.06387387,0,0.1303252,0.007584502,0.3245556,0.4323638,0.2040955,0.4616489,0.4828844,0,0,0,0,0.0881613,0.03815774,0,0,0.239485,0,0,0,0,0,0,0.2316246,0,0,0,0.5411346,0,0.02363137,0,0.2052091,0,0.3405392,0,0,0,0,0,0,0,0,0.2791475,0,0,0,0.5005397,0.3669341,0.1613319,0.3882206,0.6207809,0,0,0,0,0,0.25391,0,0,0,0,0.03654628,0.01762329,0,0,0.01089513,0,0,0,0.7928583,0.2096283,0.3513947,0,0,0,0.1669047,0,0.07789533,0.04065683,0,0,0,0,0,0.3451858,0,0.598874,0.3393627,0,0.2507235,0,0.4285018,0,0,0.3762675,0.2316846,0,0.3900795,0,0,0,0,0,0.2701478,0,0.2705616,0.07529709,0,0.1481937,0,0,0,0.5804619,0,0.03902966,0,0,0,0,0,0.9983693,0.4598172,0,0,0,0.4361335,0.2879879,0.4423226,0.2391904,0,0,0,0,0.07777297,0,0,0,0,0,0,0.03868362,0,0,0,0,0.1798074,0,0.04812814,0.4296573,0,0.2631949,0.0455898,0.4506542,0,0,0,0,0,0,0,0.3171115,0,0,0.1066619,0,0,0,0,0,0.09590292,0.3725403,0,0.1557527,0.02003331,0.7044747,0,0,0.4811336,0,0,0,0.08438587,0,0,0,0,0.4361498,0,0,0,0.02302031,0,0.001999127,0.04348962,0,0,0,0,0,0.1038213,0.4269233,0,0,0,0,0.2979785,0,0,0,0.2196163,0,0,0,0.7096016,0,0,0,0.2082593,0.6726241,0,0,0,0,0,0,0.3967333,0,0.09446105,0,0,0,0,0,0,0,0.1388301,0.3872382,0,0,0.8341615,0.3904741,0.4522822,0,0,0,0.2176029,0.3836185,0,0.2149577,0,0,0,0.2952005,0.7573158,0.703602,0,0,0.2306626,0,0.3933002,0,0,0,0,0,0.5546498,0,0.2065683,0.07707503,0,0.2544674,0.5386286,0,0,0,0,0.3123386,0,0.07583915,0,0.3593842,0,0,0,0,0,0,0,0,0.06791003,0,0,0,0.6012357,0,0.3736467,0,0,0.1511819,0,0,0,0.1494358,0.3092462,0,0,0,0,0.06525879,0.4116873,0,0,0,0,0,0,0,0,0,0.2542996,0,0,0,0,0,0.08347627,0.001471794,0.07010508,0.3710597,0,0.3390922,0,0,0,0,0,0,0,0,0.2409376,0,0.5373293,0,0.2724319,0.6347102,0,0,0,0,0,0.1402071,0.6005991,0.05161838,0,0.003011757,0,0,0,0.07946062,0.1230189,0,0,0,0,0,0,0,0.4661016,0.119882,0,0,0.2810571,0.04765303,0,0,0,0,0,0,0,0,0,0,0.5327074,0,0.1810297,0,0,0,0,0,0,0.6472806,0.7821255,0.5362371,0,0,0,0,0,0,0.3244736,0.2076494,0.6846429,0.06623316,0.3600979,0,0,0.2163442,0.2587042,0.3812471,
0,0,0,0.3355586,0,0.586216,0,0,0,0,0,0.3358537,0,0.1676728,0.284247,0,0.4869991,0,0,0,0,0.5539293,0,0,0,0,0,0,0,0,0,0.2994932,1.089927,0,0,0.3684299,0,0,0,0.3520793,0,0,0.2956069,0,0.5634266,0.1689888,0,0,0,0.1344574,0.03510767,0.07199499,0.3012266,0.01419345,0.3949452,0,0.4813025,0.421689,0.5144987,0,0,0.1702775,0,0.2552219,0,0.01421537,0.1403463,0,0.09699979,0.49483,0,0,0.02954026,0,0,0.2600711,0.5480963,0,0.0100409,0,0.1316217,0.0293352,0,0.01621174,0,0,0.7058733,0,0,0,0.3584708,0,0.04395014,0,0,0,0.3204779,0.148981,0,0.09359436,0,0.2938273,0,0.3982913,0.01118741,0.4913349,0.5445189,0.3581294,0,0,0,0,0,0,0,0,0.8295733,0.1257351,0,0,0.06281704,0,0.3757237,0,0,0.01572814,0,0.2700326,0.05672491,0.4777685,0,0,0,0,0.2579548,0,0,0,0,0,0.1684172,0,0,0.1025394,0,0.5463043,0,0.2441365,0.1244594,0.246507,0,0,0.2651291,0,0,0,0.33406,0,0,0.1523832,0.336621,0,0,0.2363705,0,0,0,0,0.1155553,0,0,0,0,0,0.04019242,0,0.2634042,0.2520276,0.4041231,0.04074717,0,0,0,0,0.1599399,0.7272496,0.05794542,0,0.4348103,0,0,0,0.03910039,0,0,0.09437587,0,0.3871456,0.1974758,0.1237641,0,0,0.2082202,0,0,0,0,0,0.06433869,0,0,0,0.2231727,0,0,0,0,0,0,0,0,0,0,0,0,0,0,0,0,0,0.4418173,0.03698351,0,0.5343702,0.2403831,0.230838,0,0,0,0.08936712,0.4054244,0,0,0.3545463,0,0,0,0.2239641,0,0,0,0,0,0.09826641,0,0.635003,0.5567926,0.01656226,0,0,0,0.5819836,0,0,0.2131752,0,0.9416454,0.2584575,0.8384858,0,0,0,0,0,0.07283099,0,0,0,0,0,0.2256138,0,0,0.6770082,0.3918103,0,0,0.12705,0,0,0,0.3297703,0,0,0,0.422813,0,0,0,0.4490028,0,0,0,0,0.1554387,0.05813227,0.0619089,0,0.1034014,0.2709414,0.3616485,0.4612992,0,0,0,0,0,0,0,0,0,0,0,0.07311593,0,0,0.2985686,0,0,0.3349851,0,0,0,0.6029896,0.1825643,0,0,0.6860631,0,0,0.1349868,0,0,0,0,0,0.3107731,0,0,0.09950807,0,0,0.1641124,0,0,0.9083,0,0.7015609,0.3091527,0,0,0,0,0,0,0,0.2789559,0,0,0.1955464,0.7946137,0.2149775,0,0.7323754,0,0.5198756,0.08984888,0,0,0,0.1418059,0,0.7038546,0,0.3652194,0,0,0,0.06331452,0,0.414319,0,0,0.06687063,0,0.2306782,0,0,0,0,0,0,0,0,0,0.03745274,0,0,0.7862219,0.2694073,0,0,0.2938077,0,0,0,0.0705585,0,0,0,0,0.5993378,0.0392482,0,0,0.2214821,0.4114542,0,0,0,0,0,0,0,0.09249835,0.2983775,0.325112,0.02147677,0,0,0.237997,0,0,0.4531716,0,0,0,0.4084246,0.3845362,0.6403775,0,0.4166044,0.5337229,0.3816052,0.2073935,0,0,0,0.1752583,0.002144663,0.0301257,0.4139012,0.2909157,0,0,0.5455364,0,0.3137495,0,0.2715401,0,0,0,0,0.2567513,0,0.6248834,0,0,0,0,0,0.05384079,0.1178787,0.09005805,0,0,0,0,0,0,0,0,0.2239366,0,0,0,0.008889285,0,0.3107315,0,0.4694716,0,0.1548105,0,0.04563693,0.1006552,0,0,0,0,0,0,0,0,0.1982652,0.1233333,0.2327276,0.2299282,0,0,0.32342,0,0,0.09318304,0.6684188,0,0.1653007,0.1221563,0,0,0,0,0,0.122888,0,0,0,0,0,0,0.3623762,0,0,0.8713688,0,0,0,0,0.3036378,0,0.1843724,0,0,0,0.1745686,0,0,0.01190508,0,0,0,0,0.1282564,0.3607652,0,0,0,0,0.09714952,
0.1773113,0,0.3854561,0,0.02972063,0.1595733,0.1169912,0,0,0,0,0,0,0,0,0,0,0.7489443,0,0.3541885,0,0,0,0,0,0,0,0.1131772,0,0,0.1560555,0,0,0,0,0,0.2172357,0.04805965,0.3570761,0,0,0.4219531,0.7544846,0,0,0,0,0.1554735,0,0.1770139,0,0,0,0,0.2401036,0.2888138,0,0.0869559,0,0,0,0,0,0.3243727,0.2938472,0,0.4356474,0.001311457,0,0,0,0,0,0,0,0.5499831,0.3793698,0,0,0.5534527,0.3419837,0,0.2542921,0.3929756,0.5924954,0,0,0.1096657,0,1.004128,0.4894785,0,0,0.5379421,0.2503695,0.1383444,0.4993322,0,0.04102048,0,0,0,0,0.03640693,0,0,0,0,0,0,0,0,0.4401209,0.9028219,0,0,0,0.2663794,0,0,0,0,0.2536413,0,0.9233897,0,0,0,0,0.1173347,0,0,0.1271491,0,0,0.07383607,0,0,0,0.04214052,0.07340334,0,0,0,0.9916118,0,0,0,0.5676843,0.06900455,0,0.4365194,0,0.09934538,0,0.7224052,0,0.2563019,0.4353951,0.1599067,0,0,0.192491,0,0,0,0.4459273,0,0,0.3078769,0,0.1359709,0.07049447,0.2508349,0,0.2113671,0,0,0.02987977,0.206478,0,0,0.1481809,0.4335465,0,0.1613511,0.577701,0.5467773,0,0.1766621,0.581251,0,0,0,0.9578373,0,0.1977775,0,0.1324605,0,0,1.178431,0.2244924,0,0,0,0,0,0,0,0,0,0,0,0,0.6542221,0,0,0.2901133,0,0.4778486,0.2308519,0,0,0,0.5707065,0,0,0,0.1454552,0,0,0,0.08582432,0,0,0,0.0146009,0.426726,0,0,0.3572519,0,0.9786921,0.291426,0,0,0.5199867,0,0,0,0.05297026,0,0.0746928,0,0,0,0,0.4660802,0,0.08985236,0,0.2900177,0,0.5422482,0,0,0,0,0,0,0.1097728,0.4768964,0.4168735,0.3147531,0,0,0,0.3786186,0.1781817,0.3597333,0,0,0.2272845,0.4167279,0,0.04027746,0,0,0,0,0,0,0,0,0,0,0,0,0,0,0,0.2976176,0.06820084,0,0.2726464,0,0,0.3303877,0,0,0,0,0,0.2314593,0.4170001,0.428436,0.2836265,0,0.2042395,0,0,0,0.04766478,0,0.2396955,0.7262735,0.389117,0,0,0.2369627,0,0,0.1163293,0,0,0.01744522,0.0004980301,0,0.07354597,0,0,0,0,0.3547642,0,0.5369543,0.4403021,0.1224846,0.4751901,0.3209273,0,0,0,0.1065773,0,0.4008179,0,0,0,0,0,0,0,0,0,0,0,0,0.9179053,0,0.08781167,0.3185588,0.1793726,0,1.463223,0,0,0.07305679,0,0.03491429,0,0,0.4170744,0,0.206785,0,0,0,0,0,0,0.1221703,0.06408866,0,0.07302807,0.5243424,0,0.1146792,0.3241551,0,0,0,0,0,0,0,0,0.1312278,0.2811289,0.8065863,0.2864328,0,0.3503346,0.6691138,0,0.3578011,0,0,0,0,0.166234,0.0479421,0,0,0.08961255,0,0,0,0,0,0,0.7331925,0.04193912,0.1694514,0,0,0,0.03500156,0,0.6221917,0,0,0.3761151,0,0,0,0,0.0985999,0.1891852,0,0.5228258,0,0,0,0.6941656,0,0,0.04696621,0,0,0,0,0,0,0.6000813,0,0,0,0.01688125,0,0.238083,0,0.2145869,0,0,0,0,0,0.2800528,0,0,0,0.1576459,0.04618207,0,0,0.1908982,0,0.3108458,0.04037255,0,0,0,0,0.28383,0,0,0.311833,0.2112589,0.1136326,0.07990313,0.9383985,0.3438327,0.02185966,0,0,0,0,0,0,0.190554,0,1.072826,0.6017882,0,0,0,0,0,0,0.1558532,0.1731716,0.3726283,0,0,0,0,0,0,0.1233502,0.1712497,0,0,0,0,0,0,0,0,0.8925824,0.595009,0.07820874,0,0,0,0,0,0,0,0,0,0,0,0.05329714,0.5056652,0.2981996,0.6228384,0.1357314,0,0,0,0,0,0,0,0.08228353,0.3741315,0.7089036,0.007019918,
0.1843086,0,0,0.56494,0,0,0,0,0.01249646,0.1102497,0,0,0,0,0,0,0,0,0.1875657,0.06026671,0,0.7030263,0.4908794,0,0.9092177,0,0,0,1.031316,0,0,0,0,0.1060592,0,0,0,0.004797712,0,0,0,0,0,0,0.3293135,0.1584087,0,0,0,0,0,0.5618451,0.5088196,0,0.06651928,0.03799083,0,0,0,0,0,0,0.1171591,0.01858682,0.03456347,0,0,0,0,0,0.1912935,0,0.3391723,0,0.08225413,0,0,0.6055757,0,0,0,0,0,0,0,0.003537854,0,0.222608,0.3404878,0.9233932,0.006036591,0,0,0.3610603,0.3785703,0.2191796,0,0.1875952,0,0,0.2743846,0,0,0.2212688,0,0,0,0.1337495,0,0,0.04180147,0.2681875,0,0,0,0,0.06079746,0.07127826,0,0,0,0,0,0,0.4610715,0.02994622,0.138969,0,0,0,0.03527978,0,0,0,0.1402138,0,0,0,0,0,0,0,0.3466417,0,0,0.1059372,0,0.1956808,0,0,0,0,0,0.1536232,0,0,0.08066082,0,0.3481888,0.07838163,0,0.2436417,0.2795074,0,0,0,0,0.8526458,0.58602,0.3615956,0,0,0,0,0.001986887,0,0,0,0.07881802,0,0,0,0,0,0,0.3665083,0,0,0.1297572,0.1513264,0,0.006729086,0,0,0,0.5189741,0,0.08733966,0,0,0,0,0.274762,0,0.4411591,0,0,0,0.4566612,0.1956483,0.02987284,0,0,0,0,0.02277808,0.189088,0.4904913,0.2301343,0,0,0,0,0,0,0.5061031,0,0.256624,0,0,0.06971532,0.1931323,0,0.185177,0,0,0,0.4563437,0,0.2492805,0.2620056,0,0,0,0,0,0.08405913,0.07141504,0.7092767,0.03224774,0,0,0,0,0,0,0.6943219,0,0,0,0.4424936,0,0,0,0,0.1959667,0,0.2261784,0,0.1917849,0.1660479,0,0,0,0.1888262,0.08192327,0,0,0,0,0,0.3502453,0,0,0.5835218,0.3292925,0,0,0,0,0.4132238,0,0.6331615,0,0.4907408,0.5716199,0,0,0,0,0.502354,0,0.09395973,0.3418796,0,0,0,0.5478415,0.5318347,0.2148382,0.3994865,0.5512769,0,0.6980973,0,0,0.1848159,0,0.09646875,0,0.5662488,0,0.1609297,0,0,0.4740712,0.3606444,0,0.2336451,0,0,0,0,0,0.2556086,0,0,0,0,0,0,0.344966,0,0,0.3108821,0.1772969,0,0,0,0.7732114,0,0,0.8821816,0.2980312,0.1233348,0.3011216,0,0.3947448,0.5467665,0,0,0,0,0.3650747,0,0.8479826,0,0,0,0,0,1.009519,0.6364306,0,0,0,0,0.4068757,0.7420985,0,0,0,0,0,0,0.6839671,0,0.760159,0,0,0,0,0.5530963,0.5893649,0,0,0,0.09465542,0,0,0,0,0.4511476,0,0,0,0,0.2038269,0.4608232,0.5025085,0,0,0,0,0.02801154,0,0,0,0.2081691,0.5246385,0,0,0,0,0,0,0,0,0,0,0,0.4312018,0.2816515,0.4834204,0.5012866,0.04588127,0,0,0,0,0,0,0,0,0,0.3681817,0,0.8412705,0,0,0.3580436,0,0,0.01132078,0,0.2741726,0.3402957,0,0.2934677,0,0.3024811,0,0,0.2565352,0.07038148,0,0,0,0,0,0.09734144,0,0,0,0,0.8497818,0,0.5160673,0,0.005962023,0,0.03805256,0.6671468,0,0,0.03148569,0.2382652,0.3414243,0,0,0,0,0.1506906,1.026617,0,0,0,0,0,0,0.009603093,0,0.2219703,0,0.4405218,0,0,0,0.02343605,0,0,0,0,0.2715583,0,0,0.2237678,0,0,0.1432507,0,0.1425513,0,0.1902955,0,0,0.6071122,0.0953225,0,0.384956,0,0,0,0,0,0,0.7974097,0.4526646,0.1264719,0,0,0,0,0,0,0.323401,0,0.420686,0,0,0,0,0.5430675,0.1191889,0,0.07182071,0.195085,0,0,0.2573331,0.4812152,0,0.532217,0.02956448,0,0.6055615,0,0,0.2646832,0,
0.01065174,0,0,0,0.2565936,0,0.1727171,0,0,0,0,0,0,0,0.1423571,0,0,0.8294677,0.04930732,0.2964315,0.5263737,0.195258,0,0.4933052,1.020818,0,0.004275559,0.01614404,0,0.3335851,0,0.5291207,0.0801959,0,0,0,0,0.003556728,0,0.3944499,0.4858403,0.2933435,0.6626667,0,0.1294151,0,0,0.07414129,0.3900508,0.1009349,0,0,0,0,0,0,0.1096352,0,0,0.2235948,0,0.04643995,0.502837,0,0.5949963,0,0.1474184,0,0.2413967,0.08348191,0.1513263,0.190452,0,0.1675639,0,0,0.2713426,0,0,0,0.3547153,0,0.1939526,0.1964695,0,0,0.4726102,0.3580904,0,0.07372231,0,0.06145952,0,0.3253618,0,0,0,0,0,0,0,0.2146126,0,0,0,0.103679,0,0,0.40266,0,0,0.4276764,0.09364339,0.6954875,0,0.357293,0,0,0,0,0.4737214,0,0.0256095,0,0,0,0.5229188,0.01234128,0,0,0,0,0.09008692,0.4646237,0,0.2819845,0,0,0.1065746,0.05534067,0.4768634,0.00110478,0,0.1816285,0,0.2567109,0.08548576,0,0,0.05337655,0,0,0,0.157002,0,0,0.432486,0,0.05987003,0.2475191,0,0.2069998,0,0,0,0,0.07221717,0,0,0,0,0.2303475,0.1006731,0,0,0,0.6858799,0,0.4887456,0,0,0,0,0,0.7161409,0,0.1063651,0.2108958,0,0,0,0.4973528,0,0.9343146,0,0.2466723,0,0,0.06691737,0,0.4449279,0,0,0,0,1.376682,0.5594636,0.1133512,0,0,0.00698548,0,0,0,0.2168861,0,0,0.6278549,0,0,0,0,0.07273506,0.1893862,0,0,0,0.2369568,0.009759396,0.4104141,0,0,0,0.262123,0.3646249,0,0.6395806,0,0,0,0.465451,0,0,0,0.1404969,0.1594561,0,0,0,0,0,0.0193699,1.594586,0.8028822,0,0,0.1811546,0,0,0.05371214,0,0.003201123,0,0,0,0,0,0.163295,0.7134749,0,0,0,0,0,0.2770651,0,0.4540711,0.1413047,0,0,0,0,0.01683216,0,0,0,0,0,0,0,0,0,0,0,0,0,0,0,0,0.5420035,0.1799793,0.09177113,0.2918108,0,0,0.1079175,0,0.1226735,0,0,0.4557381,0,0.674203,0,0.3066596,0,0,0,0.01310728,0,0,0,0,0,0,0.1940561,0.2436116,0,0,0,0,0.1197546,0,0,0,0.1796637,0,0,0,0,0,0.1831366,0,0,0,0,0.4493374,0,0,0,0.2753978,0,0,0.6921751,0,0,0,0,0,0,0,0.1201715,0.3514831,0.2061141,0,0,0,0,0,0,0.0907061,0,0,0,0,0,0.2183163,0,0,0.3432843,0,0.2139614,0,0,0.05194563,0,0,0,0,0,0.2703313,0.393611,0,0.178023,0,0,0.6775108,0,0,0,0.2801608,0,0,0,0,0,0,0,0,0.5283796,0,0.297142,0,0.3160406,0,0.02996401,0.1788879,0,0.3365164,0.05858858,0,0,0,0,0,0,0,0,0,0,0,0.03216995,0,0,0,0,0,0,0.3211746,0,0.3863308,0.06591458,0,0.06318597,0.0963188,0.07193595,0.160008,0.3092972,0,0,0,0,0,0,0,0.1978314,0,0,0,0,0.2153282,0,0,0,0,0,0,0.4127545,0,0,0.005194138,0,0,0,0,0,0,0,0,0,0,0,0,0,0.1361019,0,0.1602762,0,0.3832928,0,0,0.3772905,0,0.1396054,0.2889894,0.2638565,0.6598229,0.07257722,0,0,0,0.00220394,0.09368417,0,0,0,0,0,0,0,0,0,0,0,0.6245664,0,0,0,0,0,0.03120668,0,0,0.4345955,0,0,0.2100251,0,0,0,0.4312187,0.02919827,0,0,0.2420336,0.07696515,0.01046496,0,0,0,0.8851437,0,0.5512247,0,0,0,0,0,0.03754609,0,0,0,0.3795752,0,0.5072469,0.2942338,0,0,0,0.2220773,0,0.1497558,0,0,0,0,0,0,0,0,
0,0.08220041,0,0,0,0,0,0,0,0,0.003628281,0,0.2786372,0,0,0,0,0,0,0,0,0,0.08719614,0,0.1631952,0.1169057,0,0,0,0,0,0,0,0.1333709,0,0,0,0,0.1529382,0.01700157,0,0,0,0,0.2430317,0,0,0,0.03966871,0,0,0,0,0,0,0.1246815,0,0.08317279,0,0,0,0,0,0.00882522,0,0,0,0.1419087,0.1072252,0,0.2850169,0,0,0,0,0.09199754,0.5331805,0,0.7567162,0.2128654,0,0.05175135,0,0,0,0.242752,0.0431421,0,0,0,0,0.4636785,0,0.4806433,0,1.009854,0,0,0.0277366,0,0.4184721,0,0,0,0,0,0,0,0,0,0,0.09833189,0.01840773,0.3498441,1.007232,0,0.7439358,0,0.1909173,0,0.1415028,0.3133613,0,0,0.07240886,0,0.2550593,0,0,0,0,0,0,0,0,0,0,0,0,0,0,0,0.05968471,0.1055299,0,0.05395,0.1010823,0.6019506,0.02226961,0.4625016,0.3156939,0.3071909,0.1828691,0,0,0,0,0.4714224,0.5044591,0.3802887,0,0,0,0,0,0,0.3575035,0,0,0.6179982,0,0.1069472,0,0,0.3856164,0,0.3150157,0.3449005,0,0.2785116,0,0,0.2610752,0.0922607,0,0,0,0,0,0,0,0,0,0,0.07750519,0,0.5813679,0.5890756,0,0,0,0,0.02295422,0.01263295,0,0.03054659,0,0,0,0,0,0,0,0,0.1342064,0,0,0,0,0,0,0,0,0,0.1653788,0,0,0,0,0,0.0160496,0,0.02624716,0,0,0,0,0.3797507,0,0,0.08253001,0,0.9484101,0,0,0,0,0,0,0,0.314973,0,0,0,0.1280252,0,0.01939356,0,0.521787,0,0.01763983,0,0,0.4204786,0,0,0,2.56256,0,0,0.6290828,0,0.1216764,0,0.5500643,0.1597474,0,0,0,0.01114317,0,0.6794666,0,0,0.06915268,0.4821452,0,0,0,0,0,0,0,0,0,0,0,0,0,0,0,0.2306324,0,0,0,0,0.5319449,0.1458478,0,0.3886314,0,0.2315285,0,0,0,0,0,0,0,0,0,0.2450443,0,0,0,0,0.262541,0.3768867,0,0,0.181114,0,0,0,0.3039594,0,0,0,0,0,0,0,0,0.5024399,0,0.5357737,0,0,0,0.2042553,0,0,0,0,0,0,0.2664205,0,0.4707984,0,0,0,0,0,0,0.1186715,0,0,0,0,0.6543464,0,0,0.3906747,0,0,0.3092538,0,0,0,0,0,0,0,0,0.2558958,0.09143119,0.07339915,0,0.4820963,0,0.1729419,0.302461,0.716774,0,0.1650576,0,0.1839783,0,0,0.08316662,0,0.0680361,0,0,0,0.06732501,0,0.2665654,0,0,0,0.0005808553,0,0,0.08029689,0,0,0,0.0500979,0,0,0,0.2810508,0.2859983,0,0,0,0,0,0,0,0.4984868,0,0.1733521,0,0.1094998,0,0.1887702,1.344082,0.2159865,0.7505224,0.5429673,0,0,0,0.2307467,0.007295584,0,0.271636,0,0,0.2345205,0.3179564,0.1728494,0.161711,0.02977363,0.365225,0,0,0,0.1276681,0.05321373,0,0.1813977,0,0,0,0.347513,0,0,0.08158796,0.3023654,0,0,0,0,1.217575,0,0,0.3635314,0,0,0,0,0,0,0.3294751,0.2861612,0.1214273,0,0,0.1252611,0,0,0,0,0.5602258,0.04471241,0,0,0,0,0,0,0,0,0.03549884,0.1001206,0,0.4729697,0.5800167,0,0.4486399,0,0,0.2613833,0,0,0,0.09071099,0.6173231,0,0,0,0,0,0.1038629,0,0,0,0,0,0,0,0,0,0,0,0,0.1154484,0,0,0,0,0,0,0,0,0,0,0.2225462,0.5441532,0.1650185,0.01952899,0.1240974,0.2479338,0,0.1004946,0.3981619,0,0,0,0,0.4855656,0.5231399,0.722146,0,0,0.07668567,
0,0,0.06381129,0,0,0.4190595,0.264192,0,0,0,0,0.5878614,0,0,0.4147618,0,0,0,0,0,0.05320084,0.2434939,0,0.3466775,0.1835856,0,0,0,0,0.2495336,0,0,0,0,0,0,0,0,0.4645444,0,0.08234737,0,0.08566027,0,1.031358,0,0.6179223,0,0.3414008,0.2644263,0,0.2371094,0.2683625,0,0,0,0,0.17486,0.2990312,0,0.265802,0.06790829,0,0,0,0.08857933,0,0,0.4350066,0,0,0.1118907,0,0,0,0,0,0.3712628,0.346294,0,0.00241873,0,0,0,0.1922683,0,0.05954531,0.2611441,0,0,0.3148507,0,0,0.121998,0.5627276,0.09731307,0,0,0,0,0,0,0,0.02063441,0.01628532,0,0,0,0,0,0.2586468,0,0,0,0,0,0.1449048,0,0,0,0,0.3228244,0,0.6322546,0.1124584,0.10417,0.5276296,0.4077558,0.1557082,0,0,0,0,0.4052002,0,0,0,0,0,0,0,0.5073786,0.06444976,0.5412552,0.6380782,0,0.2901098,0.027273,0,0.4040182,0,0,0.4384971,0,0.1287585,0,0.2082107,0,0,0,0,0.401756,0.05324966,0.09998377,0,0,0.07616609,0.7035956,0,0,0,0,0,0,0,0,0.677496,0,0,0.1401773,0,0.0741929,0,0,0,0,0,0,0,0.4700411,0,0.04338004,0,0,0.04160439,0,0,0,0,0,0,0,0,0.4252658,0,0.01010759,0.5803471,0,0.473148,0,0,0.5694876,0.7078679,0,0,0,0,0,0,0,0,0.08150899,0,0.03317033,0,0,0,0.4121526,0,0.1570738,0,0,0,0,0,0,0,0,0,0,0.1118732,0,0.3296043,0.287792,0,0.7249857,0,0,0,0,0.03715334,0.2511907,0,0,0.6826389,0.2908787,0,0,0,0,0,0,0.2609184,0,0,0.4847117,0.392719,0.3074891,0.06197711,0,0.1674062,0,0.1329626,0,0,0,0,0,0.3372467,0.6884718,0,0,0,0,0,0,0,0,0,0,0,0.157367,0,0,0.5354432,0.7231628,0,0.1348968,0,0,0,0.3656278,0.2159666,0.1193047,0,0.2745959,0,0,0,0,0.6501591,0,0,0,0.0687242,0,0,0,0,0.1886936,0.1549427,0,0,0,0,0,0.4423439,0.8526039,0,0,0,0,0,0,0.3478034,0,0,0,0,0,0.3044059,0.1221,0,0.2514896,0.5939904,0.1904732,0,0,0,0.2940457,0.1654872,0,0,0.8805577,0.6661147,0,0.0144276,0,1.107505,0,0,0,0,0.01930525,0,0,0,0,0.2906161,0,0,0,0.2226551,0,0.7134166,0.002985145,0.1584455,0,0,0,0,0,0,0,0.3924414,0.4726142,0.1999775,0,0.05455344,0.6339319,0,0,0.1240432,0,0,0,0.2515507,0,0,0,0,0,0,0,0,0,0.1535407,0.5538507,0,0.4326621,0.1099062,0,0,0,0,0.0001088001,0,0,0.3279257,0,0,0,0,0.5334266,0,0,0.3026186,0,0,0.3185224,0,0,0.7619287,0,0.07656742,0.1726768,0.9129862,0.1167871,0,0,0,0.01652239,0,0,0,0,0,0.2172784,0,0,0,1.007304,0,0,0,0,0,0.05788104,0,0,0,0,0,0,0,0,0,0,0.3782803,0,0,0.1867528,0,0.08756794,0,0,0.486928,0,0.3291481,0,1.1332,0,0,0,0.125171,0,0,0,0,0,0,0,0,0,0,0,0,0,0.011376,0,0,0,0,0.08205055,0,0,0,0.2313258,0,0.3939701,0,0,0,0,0,0.3683105,0,0,0,0,0,0.08364644,0.3116466,0.2149524,0.507867,0,0,0,0,0,0.1060316,0,0,0,0.2876284,0,0.4128906,0,0,0,0,0,0.4371772,0.2244589,0,0.406428,0,0.1854342,0.3970303,0,0.4370216,0.00446989,0,0,0.0757374,0,0.09664095,0,0.126217,0.6718618,0,0,0,0,0.1104784,0,0,0,0,0.04638679,
0.2534109,0.2057191,0.1116324,0.2803916,0,0,0.06842473,0,0,0,0,0.3424091,0,0.4347568,0,0.182253,0.1695019,0.133223,0,0.2556352,0,0.5231249,0.6412252,0,0,0.04114415,0.570218,0,0,0.05066197,0,0.09023795,0.2894962,0,0.008344403,0.3343388,0.4168718,0,0.05170289,0.4466749,0.03604089,0,0,0.5465871,0,0.08183716,0,0,0,0,0.650857,0,0.2156934,0,0,0,0,0.2471297,0,0,0,0,0.677973,0,0.2665126,0.04330062,0,0,0.08992442,0,0,0,0,0,0.3224177,0,0,0.1719276,0.2649075,0,0,0,0.1580253,0,0,0,0.1831657,0,0.3159831,0,0,0.08541528,0.2307963,0,0.4666959,0.5457717,0,0,0,0,0,0.3092493,0.05633784,0,0.01551537,0.4949849,0,0.2529915,0.0326834,0,0.1491371,0.4739914,0,0,0,1.007734,0,0,0.3651624,0.501915,0,0,0.1611605,0.2300907,0,0,0,0,0,0.02595745,0,0,0.115873,0,1.098497,0.1647241,0.5444565,0,0,0.1007802,0.09826706,0,0,0,0,0,0,0.7145987,0.08768361,0.8638765,0,0,0,0,0.1027136,0.5080559,0,0.1338185,0,0,0,0.5054079,0.2469192,0.4844094,0.7904772,0,0,0,0.01307823,0,0.5031641,0.2213869,0,0,0.06747672,0,0.4908515,0,0,0,0.2242505,0,0,0.1846196,0,0.1052954,0,0,0,0.4463223,0.116732,0,0,0.09369401,0,0.2743206,0.126556,0,0,0.1105298,0,0,0.4074252,0,0,0,0,0.1345606,0,0.4213426,0,0,0,0.2093063,0.08125027,0.3025304,0.3464496,0.007834313,0.1232427,0.2995507,0.3002869,0,0,0,0.4401534,0.005516218,0,0.08513484,0,0,0,0,0.1995768,0.3702317,1.031859,0.6325719,0,0.3930218,0,0,0,0.303158,0.1304099,0.2180768,0.7800623,0,0,0,0,0,0,0,0,0.7616441,0.06249245,0,0.1821094,0,0,0.2532999,0,0,0.06796174,0,0,0.1047229,0.09729254,0,0,0.3114531,0,0.07974906,0,0,0.0483414,0,0,0,0.0848619,0,0,0,0,0.8861046,0,0.06644905,0.3812501,0,0,0,0,0,0,0,0.1339206,0,0,0,0.3975805,0.1783527,0.4367289,0.2289419,0.05070861,0,0,0,0.4380926,0,0,0,0.509602,0,0.1118295,0,0.2887876,0.7196928,0,0,0,0.4482042,0,0,0,0,0,0,0.2134782,0.2071715,0,0.009253692,0.5594973,0.2005045,0,0,0.6011279,0,0.07639946,0.1376262,0,0.5081844,0.3352033,0.8105147,0,0.4378872,0,0.304263,0,0,0.1910291,0,0,0.1507382,0.124159,0,0,0,0.2901828,0,0.9333723,0,0,0,0.2697928,0,0,0,0.01021622,0,0.1201017,0,0,0.009578324,0,0,0,0,0,0.04392716,0.05737463,0,0,0,0.5079809,0,0,0.5455229,0.1432067,0,0.001286242,0,0,0,0.8264494,0,0,0,0.0259742,0.05882907,0.1483785,0,0,0.2591687,0,0,0,0,0,0.1143627,0.3438559,0,0,0.1656381,0,0.3275132,0.0710679,0,0.5114014,0,0.2755266,0,0,0,0,0.3136593,0,0,0,0,0.1069211,0,1.216624,0,0,0,0,0,0.3123324,0,0,0,0,0.08813775,0,0,0,0,0,0,0,0.2284485,0.3146442,0.315765,0,0,0,0,0,0,0,0.1993134,0,0,0.02154156,0.2820017,0.4716373,0.2404307,0,0,0.07544433,0.05147621,0,0,0,0.01201046,0,0,0,0,0.599533,0,0.1267918,0,0,0.02169769,0.713989,0.2749529,0,0,0.1887207,0,0.03498473,0,0,0,0.8425537,0.8808513,0,0.4282663,0,0.2806288,0.100089,0.02505969,0.199081,0,0.2775209,0,0.2380213,0,0,0,0,0.01043731,0.05399986,0.3484622,0,0.1331728,0.1234103,0,0,0,0.817325,0,0,0,0,0.2070112,0,0.4565895,0.1416357,0.2700542,0,0,0.3051957,0,0,0,0.3993284,0,0.04179083,0.47883,0,0,0,0,0,0.3419785,0,0.1098173,0,0,0.0831817,0,0,0,0.09239575,0,0.2901967,0.02365676,0,0,0,0.3828824,0.1442473,0.05067375,0.52261,0,0.05434723,0,0.1209391,0,
0,0.2497122,0,0,0,0.4946716,0.2256035,0,0.345523,0.2472045,0,0,0,0,0,0,0,0.2016752,0,0.9631488,0,0,0.3995225,0,0,0,0,0.02682745,0,0,0,0,0.5456978,0,0.0851811,0,0,0,0.2458045,0,0.459762,0.004831699,0,0,0,0,0.1944072,0,0,0.396377,0.05045498,0,0,0.1485431,0,0,0,0.1215431,0,0,0.01997483,0.3182112,0.1480155,0.03078413,0,0,0,0.1310204,0.4369849,0.3590234,0,0.04937469,0,0.3368681,0,0,0.2154792,0,0.1370635,0,0.2913029,0.06468774,0,0,0,0,0,0,0,0,0,0,0,0,0.04540412,0,0,0.4861993,0.2312904,0.4716079,0.07285845,0,0,0.2219317,0.2649864,0,0,0,0,0.1904967,0.1783258,0.04044155,0,0,0,0,0,1.202611,0.7569872,0.362468,0,0.06246715,0,0.7861681,0.8566921,0,0,0,0.5618548,0.320211,0.382439,0,0,0,0.1191364,0.6512152,0,0,0.6957965,0.002591185,0.3162769,0.3053426,0,0,0.4080198,0,0.5104929,0,0.2065055,0,0.1204077,0,0,0.01732452,0,0,0.1203863,0.2461012,0,0,0.05727486,0.1797035,0.3045699,0,0,0,0,0.1234402,0,0.8228393,0,0,0,0,0,0,0,0.5173805,0.2724339,0,0.007167411,0.2081787,0,0.4747295,0.617404,0.1174874,0,0.03578667,0,0,0.08416869,0,0,0.01848708,0,0,0,0,0,0,0.1012568,0.529897,0.04388116,0,0.2140142,0.1330204,0,0.4469766,0,0,0.1661237,0.0001225653,0.4169484,0,0.4557304,0,0.5701524,0,0.0205599,0,0,0,0,0.1996628,0,0,0,0.07705747,0.1762514,0,0,0,0,0.1749346,0,0,0,0,0,0,0.1015146,0.1135866,0,0.7146758,0,0,0,0,0,0,0.1534512,0,0,0,0.0130527,0,0.2164937,0.1300599,0.1611447,0.5569836,0.04414665,0.2028604,0,0,0,0,0.373951,0,0,0,0,0,0,0,0,0,0.2248767,0,0.07656062,0,0,0,0.09029514,0.2603825,0,0,0,0,0.3976103,0,0,0.05908721,0.1701955,0,0.3957409,0.1277614,0,0.05912612,0,0.2795854,0.2560431,0,0,0.8275218,0,0,0,0.7103087,0,0,0,0,0.04086582,0,0,0,0,0,0.2635199,0,0.1047879,0,0.07743046,0,0,0.4014804,0.1879708,0.352655,0.1631028,0,0,0.0714745,0,0.2162326,0,0,0.5022171,0.3400944,0,0.9112643,0,0.06780896,0,0.3783611,0,0.1904179,0,0,0,0,0.3026763,0,0.06646488,0.05950987,0,0,0,0.1282101,0,0,0,0,0.3911901,0,0.02797283,0,0,0.152219,0,0.3747306,0,0,0.01440258,0,0,0.06053768,0,0,0.6017094,0.01166039,0,0,0.5092241,0.657536,0,0,0,0,0,0,0.04266294,0,0.1636685,0,0,0,0,0,0,0,0,0,0,0.2374149,0.05038508,0,0,0.06925111,0.08195989,0,0,0.2907503,0.4276087,0,0,0,0,0,0.05095671,0,0,0,0.08613165,0,0,0,0,0,0.4072272,0,0,0,0.4014928,0.1324841,0,0,0,0.2356133,0,0,0.4239687,0.2595587,0,0,0.2502661,0,0.1859525,0,0,0,0,0.06606413,0,0,0,0,0,0,0.1025739,0,0,0.2128769,0.002446988,0,0.5398824,0,0.3262733,0.145595,0.02781616,0,0.3406412,0,0.3015189,0.6786963,0,0,0,0,0.03752214,0,0,0,0,0.2012114,0,0,0.3504813,0,0,0.1008998,0,0,0.2765126,0,0,0.07498652,0,0,0.03093151,0,0.4395189,0,0.4735086,0,0.1010893,0.3931424,0.2754184,0,0,0.4471239,0.1614846,0,0,0,0,0,0,0.08271045,0,0,0.2482398,0,0,0,0,0,0.4059387,0,0.1362482,0,0.1846885,0.1959511,0,0.2495837,0,0.4675225,0,0,0.08068608,0,0,0.1140201,0,0,0.07665489,0,0,0,0,1.152121,0.6901281,0,0,0.270398,0,0,0,0,0,0.1200771,0.3154331,0.1752506,0.06927045,0,0,0.05109405,0,0,0.3886201,0,
0,0,0,0,1.216761,0,0,0,0,0.2194778,0,0.03225392,0,0,0,0,0.001764287,0,0,0,0,0.1373748,0,0,0,0.5201167,0,0.253876,0.6873807,0.7235912,0,0,0.4970704,0.5970657,0.3673504,0.1100537,0.06626201,0.1197938,0.0217374,0,0.3208851,0,0,0.07219923,0.07423827,0,0,0,0,0,0,0,0,0,0.2847272,0,0,0.3267931,0,0,0,0,0.23008,0,0.2666018,0,0,0,0,0,0,0,0.4986409,0.449133,0,0,0,0,0,0,0.4548778,0.1157954,0.3316186,0,0.09136325,0.03200046,0.223023,0,0,0.2221825,0,0,0.2281874,0.1956166,0,0,0.3097123,0,0,0.5907149,0,0,0.209458,0.0532615,0,0,0,0,0.2616554,0.7474365,0,0,0,0.09649108,0,0,0,0,0,0.4808475,0,0.02065864,0,0.7245355,0,0.02500682,0,0.08005474,0.01052331,0,0,0.01430871,0,0,0,0,0.2203818,0.05392806,0,0,0,0,0,0,0,0,0,0.08572038,0.5573404,0.3365457,0.1217612,0,0.9271072,0.1507524,0,0,0.008539115,0,0.7382089,0,0,0.4171963,0.3511445,0.5818848,0.07963111,0,0.2847031,0.02505837,0,0,0.1243542,0,0,0.01298533,0,0,0,0,0,0,0,0.8876165,0,0,0,0,0,0,0,0,0.09564322,0,0,0,0,0,0,0.648358,0,0,0,0.8445452,0,0,0,0.05019246,0.07104535,0,0.1692251,0.201032,0,0,0.7649492,0,0,0,0.8163798,0.04167333,0,0,0.197953,0,0,0,0.3979533,0,0,0,0.6998443,0.2076756,0,0,0.2926646,0,0.3647247,0,0,0,0.01978226,0.02824103,0.2414025,0.5204767,0.1836185,0.01595368,0,0,0,0,0,0,0,0,0,0,0,0,0,0.1267196,0.1318698,0,0,0.5462977,0,0.2688283,0,0,0.2934377,0,0.08986697,0,0,0,0.1832538,0,0.1926327,0.0629492,0,0,0,0.3515002,0.4319773,0.5814224,1.110242,0,0.6394386,0,0,0,0.5355309,0,0,0.05976802,0,0.005351182,0.6401119,0.6970282,0,0,0.03784262,0,0,0,0.3533598,0,0.2673919,0,0.1235787,0,0,0,0,0.05710154,0.05895213,0,0,0,0.08461294,0.2230084,0,0.9230357,0,0.0009491503,0,0,0.07190413,0.4288201,0,0,0,0.1366554,0,0,0,0,0,0.2538144,0,0,0.2385115,0,0.2085998,0,0,0,0,0,0.3942303,0,0,0,0,0,0,0.1911446,0.2926281,0.2182903,0.3097253,0,0.1967005,0,0,0,0,0,0,0,0,0,0,0,0,0,0,0.4816346,0.7792957,0.129998,0,0,0,0,0.2918658,0.03559161,0.01872782,0,0,0,0,0,0,0,0,0,0,0,0,0,0.2544614,0.2118931,0.07688852,0,0,0.3978404,0.1778233,0,0,0,0,0,0,0,0,0.4192491,0.07075111,0,0,0,0,0,0,0.08100843,0,0,0,0.03192429,0,0.04986843,0,0,0,0,0,0.524116,0,0,0.6221943,0.2733406,0,0.1048588,0.2462954,0,0,0,0,0,0.0849184,0,0,0.03335403,0.02678862,0,0,0,0,0,0.06446691,0,0,0,0,0,0.465982,0.08738712,0.7174771,0,0,0.1087443,0,0,0,0.08893616,0.2321391,0.2251776,0,0,0.2835194,0,0.1707863,0,0,0,0.1021637,0,0.1320587,0,0,0,0,0.08988795,0,0,0,0.3557242,0.03373001,0.7705943,0,0,0.2830993,0.06073333,0.9808729,0.04934995,0.2603815,0,0,0.2463027,0,0.05191775,0,0,1.146358,0.2557171,0,0,0.375904,0.2501077,0.3146754,0,0.5411251,0.3620102,0,0.4775332,0,0,0,0.2297876,0,0,0,0,0,0,0,0.6935395,0,0.2773975,0.1073419,0,0.4191921,0,0,0,0,0.1845318,0.4115005,0,0,0,0.3941469,0.2024217,0.284103,0,0,0.5025946,0,0,0.4401518,0,0,0.09819646,0,0,0.2626531,0,0,0,0,0,0.4791383,0.6518248,0,0,
0,0,0,0.2643492,0,0,0.02201334,0,0.3536541,0,0,0.2199955,0,0.8563682,0,0,0,0,0,0.02964257,0.04514148,0,0.2052307,0,0,0,0.1554319,0,0,0.005531569,0.4040592,0.3473199,0,0.2366199,0.04922106,0.0329852,0.2068734,0,0,0,0.4425029,0,0,0,0.04564976,0,0,0,0,0,0,0.04305633,0,0.1682128,0,0,0,0.3408896,0.2613885,0.1122375,0.1962747,0.06062504,0,0,0,0.001455384,0.07828007,0,0,0,0,0,0,0.2380468,0,0,0,0.03763339,0,0.6740827,0,0.06133037,0.002931483,0.129372,0,0,0,0,0,0,0.3578909,0.06602353,0.7235015,0.055903,0,0,0.2185239,0,0,0.1133272,0,0,0.01454295,0,0.4847356,0.02869372,0,0,0.3490442,0.1767993,0,0,0,0,0,0,0,0,0.346475,0,0,0.1520456,0.03169884,0,0,0.4298638,0,0,0,0.4477922,0.6265829,0,0,0,0.08889337,0,0,0,0,0,0,0,0.7234368,0,0,0.8339071,0,0,0.01421797,0.0823546,0.4002263,0,0.2949662,0,0,0,0.3682384,0.3832768,0,0.07655691,0.01657678,0,0,0.01501439,0,0,0.005673615,0.3166745,0,0,0.5978557,0,0,0.5888434,0,0,0,0,0,0.3317874,0.4595826,0,0,0.01598627,0,0,0.01847043,0,0,0,0.08393844,0,0,0.3111062,0,0,0,0.2766874,0,0.7465362,0,0,0.1420692,0,0.1507499,0,0.6065375,0.5818532,0,0.1572192,0.1974455,0,0.2840643,0,0.1165911,0,0.270586,0,0,0,0,0,0,0,0,0.01623404,0,0.2044993,0.3292524,0,0,0,0.5684515,0,0.3561478,0.06090568,0,0,0,1.101119,0,0,0,0.4624864,0,0.004887816,0,0.1955817,0.2309023,0,0.3523567,0,0.1443791,0,0.0963335,0,0.1977692,0.02730758,0,0,0.3661696,0.2813292,0,0.0007505429,0,0.1396814,0.09750777,0,0,0,0.2108479,0.01108802,0,0,0.1816448,0,0.126771,0.05692551,0,0.152487,0.2176862,0,0.5017723,0,0,0.2106993,0,0,0.2519028,0.008322431,0.1232388,0,0,0,0,0.002401641,0,0.3234279,0.117398,0,0,0.1468366,0,0,0.1814118,0,0,0,0.8199756,0,0,0,0,0,0,0,0,0.5329858,0,0.006499073,0,0,0,0.07675324,0,0,0.4772591,0,0,0.3918606,0,0.07311791,0,0.2316004,0,0.2170035,0.1850474,0,0,0,0,0,0.06350484,0,0.07189728,0,0,0,0,0.7130514,0.1341583,0.6006091,0,0,0,0.639565,0,0.02021134,0.07324968,0.03201889,0.1479059,0,0,0,0.1802864,0.07708202,0,0,0.7137668,0.05163301,0.8576923,0.07388148,0,0,0,0.07374825,0,0,0,0,0,0,0.5440854,0,0,0,0.149563,0,0.1607755,0.208979,0.7013584,0.1504082,0.30766,0.09448212,0.1244507,0.008397202,0.7861986,0,0,0,0,0,0,0.4488448,0,0,0,0,0.3398989,0,0,0,0,0,0.2580752,0,0,0.01491701,0,0,0,0,0,0,0,0,0.4167568,0,0,0,0,0,0,0,0,0,0,0,0,0.9773867,0,0.2357045,0,0,0.1858048,0.4363489,0.2189671,0.2877566,0.07180901,0,0,0,0.1928834,0,0.4506285,0,0,0.4666499,0,0,0.1997852,0,0,0,0.2379181,0.5951949,0.1564502,0.240397,0.08544064,0,0,0,0,0.1022363,0,0.4661756,0.1744998,0,0,0.1948842,0,0.3641906,0.7596585,0,0,0.2764513,0,0,0,0,0,0,0,0,0.1061516,0,0.45109,0.3261767,0,0.3049774,0,0.2470641,0,0,0,0,0.08389424,0.04319643,0.257555,0,0,0,0,0.2071636,0,0,0.0781935,0,0.02458015,0,0,0,0,0,0.05416052,0,0.1819983,0,0.5900103,0,0,0,0,0.712175,0,0,0,0.4984939,0.09400596,0,0.6927506,0,0,0,0.01814314,0.6771913,0,0,0,0,0,0,0,0,0,0.03781746,0,0.2269238,0,0,0.7581657,0,0,0,0.4249511,0.1114441,0,0,0,0,
0.4894,0,0,0,0,0.01790902,0,0,0.5543456,0.2440099,0,0.2441382,0,0,0,0,0,0,0.02294463,0,0,0.197779,0,0,0.07229804,0,0.09241313,0,0,0,0.2291605,0,0,0,0,0,0,0.283006,0,0.03046635,0,0.4311073,0,0.4769169,0,0,0,0.06346239,0,0,0,0.6189938,0.3763782,0.4587072,0.1100163,0.1717248,0.8848442,0,0,0,0,0,0,0,0,0,0.0756982,0.2142004,0.3202614,0,0,0,0,0.1306556,0,0,0.4207048,0,0,0,0.06498357,0,0.05919615,0.8375549,0.6821001,0.07971907,0,0,0.05840404,0,0,0,0.4183503,0.5663885,0.0361883,0,0,0,0.1821934,0,0,0.5878144,0.6784524,0,0,0,0,0,0,0.3020058,0.31052,0,0,0,0,0,0.7299891,0.1459151,0,0,0,0,0.4333172,0,0.102027,0,0,0,0.4091176,0,0,0,0.2672139,0.1182604,0,0.007592385,0,0,0,0,0,0,0,0,0,0.08080243,0.353903,0,0,0,0.1383125,0.9915993,0,0,0,0,0,0.04376224,0,0,0,0,0.05896323,0.3947362,0,0,0,0,0,0.0006964199,0,0,0,0.03319403,0.1531006,0,0,0,0,0,0,0.5593605,0,0.2983345,0,0,0,0.2333885,0,0,0,0.4311788,0,0,0,0.1898796,0,0,0,0,0.687748,0.04025721,0.009213128,0,0.2238636,0,0,0,0,0.2788956,0,0,0,0,0,0,0,0,0.3387223,0.5040086,0.2086671,0,0,0.5758903,0.4750805,0.0188996,0,0,0.2864737,0.1577253,0.04838876,0,0,0,0,0,0.07355118,0,0.2454131,0,0,0,0,0,0,0.2915061,0.04483471,0,0,0,0.2124186,0,0.08023725,0,0,0.2194038,0.2227661,0.5862377,0.2428698,0,0,0.3108521,0,0,0,0,0,0.003235464,0.03325474,0,0,0.07984764,0.03662628,0.006659077,0,0,0,0,0.5253295,0,0,0,0.1725726,0,0.6960587,0,0,0.2190812,0,0.3576713,0,0.3452408,0,0,0,0,0,0,0.1965988,0,0,0.03513049,0,0,0.6270186,0,0.06492692,0,0,0,0,0,0,0,0,0,0,0.5514976,0,0.1896497,0,0,0.7286187,0.07584181,0.1459528,0,0.5480197,0.3587886,0.0992117,0,0,0,0,0,0,0,0.07466348,0.2158162,0,0,0,0,0.6474932,0,0,0.1457448,0,0.0635236,0,0.2773178,0.6236097,0,0.07203604,0.02794862,0,0,0.2417142,0,0.2583751,0,0,0,0,0.4220567,0.7897539,0,0,0.4247589,0,0,0.3081897,0.4354927,0,0.1727374,0,0.05490381,0,0,0.5599658,0,0,0,0,0.05985417,0,0,0,0,0.5219047,0.3755007,0.4122671,0.397276,0.2830326,0,0.04524579,0,0.08088209,0,0,0,0,0,0.3298785,0,0,0,0.06065022,0,0,0,0,0.1386276,0,0,0,0,0,0.09594148,0,0,0,0,0,0,0,0,0.03316476,0,0,0,0.4771527,0,0,0.528052,0.2209634,0,0,0,0.08437015,0,0.06972404,0.236383,0,0.1783381,0,0.3801736,0.3723916,0.4561366,0.3804014,0,0,0,0.04835373,0,0.08651127,0.4242642,0,0.2320185,0,0.06011704,0,0,0.2325431,0.9280415,0,0.4388538,0,0,0,0.01290695,0,0,0,0.5417505,0,0,0,0,0,0,0,0,0,0.5319072,0,0,0.7417022,0,0,1.06081,0.01084575,0,0,0.215222,0.0009053671,0.0548059,0,0,0.2413139,0.09552401,0,0,0.1411499,0.12509,0,0.2306127,0.030208,0,0,0,0,0,0,0.1401093,0.01737238,0.1039954,0.04838651,0,0.582217,0,0,0,0.004077793,0.1850242,0,0.08242824,0,0.09143352,0,0.1302907,0.1400417,0,0,0.2372192,0.4110816,0,0.01309741,0.2572314,0.5355202,0.07060141,0.05324484,0,0.183038,0,0,0,0.07728314,0.3182606,0.4230482,0,0,0.03444926,0,0.2175291,0.01140604,0,0,0,0.1263099,0.01129539,0.2170866,0,0,0,0,0.01466889,0,0,0,0,
0,0,0,0,0,0,0,0.8626054,0.04954548,0.05995427,0,0,0,0.4588414,0,0,0.1826728,0.5120279,0,0,0.4003838,0,0,0,0.3153453,0,0.2803046,0,0,0.07018618,0.2298526,0,0.1185026,0.02836026,0,0,0,0.4940292,0,0,0,0,0,0,0.3705031,0,0,0.3143582,0.431203,0,0,0,0,0,0.03514557,0,0,0.05412097,0.05746654,0,0,1.393654,0.009465808,0,0,0.5558872,0,0.1551558,0.522604,0,0,0.02828065,0,0,0.5846599,0.2126942,0,0,0,0,0,0.3732674,0,0.1878293,0.03080636,0.06673951,0,0,0.201563,0,0,0,0,0,0,0,0,0.6220807,0,0,0,0,0,0,0,0.392198,0,0,0.1363543,0.1987163,0,0,0,0,0,0.2438728,0,0.5716033,0,0,0,0,0,0.3260722,0,0,0.2016541,0,0.0168316,0.1623438,0.7130688,0.7340674,0,0.6437718,0.3061064,0.1035721,0.6561876,0,0.4550505,0.06819727,0,0,0,0,0,0.03545327,0.01139819,0,0.3435161,0.5757523,0.2267272,0,0,0,0.1858834,0,0,0,0,0.7385629,0.1602841,0,0,0,0,0.1071407,0.5828558,0,0,0.09076054,0.275886,0,0.002907425,0.07240632,0.04521264,0,0,0.4968035,0,0,0,0,0.2787335,0,0.5828254,0,0,0,0.8802939,0,0.07556106,0.1804827,0.1365942,0.3257605,0,0.3449354,0,0,0,0.1127931,0,0,0.1100293,0,0,0,0,1.383941,0.06526832,0.1553278,0,0,0.1914905,0.0181175,0,0,0,0,0.3227903,0.1471285,0.05879441,0.01327442,0,0,0,0.7997878,0,0.002431986,0.2417577,0.213902,0.07480139,0,0,0,0.1888606,0,0,0.4532423,0,0,0.343873,0,0,0,0.04549407,0.02693802,0.09448344,0,0,0,0.2159574,0.1716252,0.1418826,0.1809208,0,0,0.784486,0.3444858,0,0.4073466,0,0,0,0,0,0,0,0,0.4381793,0,0,0,0.4567176,0.3554793,0,0,0,0,0,0,0,0,0,0.305535,0.2065494,0.06892271,0,0,0.182021,0,0,0.3863546,0,0.1399087,0,0,0.0221871,0,0,0.1928859,0,0,0.6128744,0,0,0.3182766,0,0,0,0,0,0.9365284,0.5266265,0,0.2490837,0.1598495,0,0.2550292,0,0.1427736,0,0,0.4328232,0,0,0.07123794,0.2833028,0.05781464,0.01726502,0,0,0,0.5220231,0,0,0,0,0,0,0,0.1074384,0.5319303,0,0,0.03213311,0.2711209,0.155945,0,0,0.4530923,0.1310801,0,0,0.1381029,0,0.3053146,0,0,0.06334618,0.1095022,0,0,0.2769845,0.8421275,0,0.2006058,0,0,0.2003735,0.1526286,0.1731682,0,0,0.2076584,0,0,0.0706118,0,0,0,0,0.1266549,0,0,0,0,0,0,0,0.0534361,0.2430163,0,0.249262,0,0.09110381,0,0,0.05166908,0,0,0,0.06631508,0.3094992,0,0.5666199,0,0.1701202,0,0.7235571,0.2034829,0,0,0,0,0.02982117,0.5721577,0.5824981,0.2384651,0.262685,0,0.3920395,0.3570016,0,0,0,0,0.09989147,0,0.02954285,0.3351711,0,0.06414516,0,0,0.007463513,0,0,0,0,0.002237313,0.1835027,0.07997046,0.2599677,0,0,0,0,0,0,0,0,0,0.8459999,0.2644422,0,0.1206532,0,0,0,0.356111,0,0.325554,0.1999774,0.704376,0.019064,0,0.3697475,0,0,0,0,0,0,0.1761841,0,0,0,0.09403063,0.6455358,0,0.1056845,0,0,0.3695804,0,0,0,0,0,0,0,0.07894032,0.3686939,0,0,0,0,0.197788,0,0.196013,0,0.3310618,0.2562189,0.6265174,0,0,0,0.4095775,0,0,0.09781373,0,0.4525843,0,0.04128239,0.2943938,0,0.6272993,0.09202748,0.04552383,0,0.2616988,0,0,0,0.5269601,0,0,0,0,0.9282652,0,0.7852507,0,0.0271925,0.5603885,0.4678681,0.3470955,0.01108101,0,0,0,0,0.5230479,0,0.4012216,0.1029959,0,0,0,0,0,0.1052077,0,0,0,0,0,0,0,0,0.03820897,0,0,0.2703993,0,0,0.04449483,0,0,
0,0.1388503,0.05552997,0,0.7586116,0,0,0.8973066,0,0,0.3057772,0,0,0,0,0,0.6214065,0.3689677,0.2187537,0.1689915,0,0,0,0,0.7305051,0,0,0,0,0,0,0,0,0.06626602,0.07347625,0,0.4263963,0,0,0,0.4979738,0,0,0,0,0,0,0,0,0,0,0,0,0.4954269,0.3594796,0,0,0,1.088261,0,0.0103271,0,0.2631226,0,0,0.2485328,0,0.2295692,0.215964,0.3217941,0.5599557,0,0,0.2328603,0.06016221,0,0,0,0,0.009215791,0,0,0.04246612,0.05007846,0,0.4042569,0.2306773,0.2990936,0,0.3158712,0.1867184,0.1043827,0,0,0.603131,0,0.1446157,0.1021089,0,0,0.4494447,0.1842187,0.2348509,0,0,0,0,0.1448843,0,0,0,0,0,0,0,0.0381022,0,0.3079566,0.1231832,0,0,0,0,0,0.09258053,0,0,0.02468521,0,0,0.6923894,0.2698474,0.2589805,0.3260082,0,0,0,0,0,0,0,0,0,0.07476962,0,0,0,0.1574685,0,0.005211732,0,0.05224252,0,0,0,0.06224088,0,0,0,0,0,0.04506896,0,0,0,0.0771471,0.04783739,0,0.3316685,0,0.07809307,0.08507329,0.3870376,0,0.1046662,0.1107462,0,0.2417547,0.4222059,0.08714525,0.5473267,0.05802911,0.6293349,0,0.02939633,0,0.1176479,0,0,0,0,0.4055959,0.1896684,0,0.3792759,0.006909786,0,0.2445445,0,0.2137649,0.3066415,0,0.2027369,0.1143081,0.180024,0,0.09590258,0,0,0,0,0,0,0.5388257,0,0,0,0.1624691,0,0,0,0,0,0.2403325,0,0,0,0,0,0,0,0,0,0,0,0.06985881,0.006046878,0.494405,0,0,0,0,0,0,0.03350652,0,0.263021,0.1696714,0,0.008805287,0.2322146,0.02076497,0,0.2368823,0.07714747,0.4650156,0,0,0,0.4184254,0.8841988,0,0,0,0,0.1407986,0,0.1018967,0,0.7618247,0,0,0.7080622,0,0,0.2744248,0,0,0,0.04607284,0.1803627,0,0.06786598,0,0,0,0,0,0,0.101922,0.0417535,0,0.2105621,0,0.09194754,0.2260126,0,0,0.5191419,0,0,0.543874,0,0,0,0,0,0,0.2520277,0,0.3020307,0,0,0.09179003,0.3991017,0,0.1794499,0.350948,0.2922817,0,0.287409,0.09404273,0.07388352,0,0,0,0,0,0.2976614,0,0,0.2999425,0,0.176975,0,0.2432714,0.3197501,0,0,0,0,0.04779905,0,0,0.3899726,0,0,0,0,0.3372007,0,0,0,0.4085935,0,0,0,0.4267892,0,0.5245163,0,0,0,0.1340772,0,0.05267658,0.1041665,0.1754382,0,0.1562026,0.1534899,0,0,0,0,0.2561913,0,0.07300091,0,0,0,0.4298728,0.2360315,0,0,0,0,0.1236602,0,0,0.374406,0,0,0,0.3956824,0.2123417,0,0.1518474,0,0,0.2134112,0,0.3670403,0,0,0.04814997,0,0,0,0,0,0,0,0,0,0,0,0,0,0.06185599,0,0.1271754,0.4980648,0,0,0,0,0.05352953,0.1172321,0,0,0.3119882,0,0,0,0.3187381,0.5626006,0,0,0.1516673,0,0.4376439,0.197882,0,0,0.390835,0,0,0,0,0,0.180452,0,0,0.3075163,0,0,0,0,0.01707395,0.03157239,0.2203919,0,0,0.2676681,0,0.1058803,0,0.04368873,0,0.2272382,0,0,0,0,0.2610639,0,0.1393132,0,0.1887541,0,0.3940257,0.03473954,0,0,0,0.0326722,0.217971,0,0.1391599,0,0.0001180183,0,0.5109929,0.07018792,0.2143258,0,0,0,0.3071369,0.001958985,0,0,0,0.03282556,0.151237,0,0,0,0.1103585,0,0.1650894,0,0.2102291,0,0,0,0.05054688,0,0,0,0.245473,0.1998776,0.1220804,0.1148329,0,0.1694297,0.657587,0,0,0,0.2569592,0.2675171,0,0.1028102,0.2683266,0,0.08911505,0,0,0.4720545,0.06371672,0,0,0,0,0,0,0,0.3558303,0.03002985,0,0,0.3705288,0,0.5040759,0,0,0.096724,0,0.1363888,0,0,0,0,0,0,0.1119833,0,0.5284197,
0.06836121,0.03056453,0,0.02952338,0.2958705,0,0.3664223,0,0.3775331,0,0,0.2095038,0.2230638,0.1395375,0,0,0.3502583,0,0,0.40171,0.3454752,0.01217298,0,0,0,0,0,0.2937566,0,0.458545,0,0.5604503,0.1964533,0,0.7434563,0,0.2274498,0,0.04936392,0,0,0.2073572,0.1831671,0,0.02663987,0.03292773,0.02819179,0,0.7957538,0,0.3317692,0.8976574,0,0.15666,0,0,0.3676227,0,0,0,0,0.2739922,0,0,0,0.3052166,0,0,0,0.1417097,0,0,0,0,0,0.3871208,0,0,0.007097902,0,0.4403798,0.4812218,0.4039671,0.03053925,0.02198462,0,0,0,0,0.2970415,0,0,0.2356725,0,0.3772338,0.1629691,0,0.08348758,0,0,0.1172903,1.048656,0,0.6604652,0,0,0.9649333,0,0.2882253,0,0,0,0.2745287,0.2983064,0,0,0,0,0.2914564,0.1378273,0,0.2985907,0.4160358,0.6918811,0,0,0,0.3606854,0,0,0.06461023,0,0,0.680953,0.3631794,0,0.5439407,0,0,0.2073568,0,0.08723676,0.5569932,0,0.06158499,0.3603148,0,0,0,0,0,0,0,0,0.09484114,0,0,0.1111208,0,0.1434458,0,0,0,0,0,0,0,0.1715817,0,0.06010197,0,0,0.538564,0.4818865,0,0,0,0.04767977,0,0,0,0,0.4728058,0.1011188,0.4105703,0,0,0,0,0.1953518,0,0,0,0,0.05623177,0.1322565,0.09017503,0.1824188,0,0,0.3137988,0,0.09155008,0,0,0,0.8697338,0,0,0.005697894,0.0457162,0,0,0,0.2755648,0,0,0.4702004,0,0,0,0.6600779,0.2428368,0,0,0,0.1810887,0,0.7126174,0.3820842,0.04093947,0.04489979,0,0,0,0.2763492,0,0.6405956,0,0,0,0,0,0,0.05947673,0,0.5292692,0,0.2543755,0,0.4490994,0.1840661,0.1533325,0,0.09045533,0,0,0,0,0.1408897,0.1204402,0,0.05639024,0,0,0,0,0.2829163,0,0,0.4015915,0.4819301,0.2384298,0,0,0,0,0,0,0,0,0,0,0.3324949,0,0,0,0.7941432,0.1878603,0.9332672,0.1272423,0,0.09313975,0,0.6606088,0.05186855,0.5450324,0,0.1611106,0,0,0,0,0,0,0.1489214,0,0,0,0,0.2065073,0,0.08093971,0.2291477,0,0,0.1859933,0,0,0,0.3043883,0,0.2436271,0.4840785,0,0,0,0.1197946,0.1710983,0,0,0,0,0,0.8068055,0.6282796,0.3494149,0,0.0627424,0.8906102,0,0.4122472,0,0,0.1780842,0,0.4172933,0,0.4373213,0.04945071,0,0,0.07852971,0,0,0,0.2317479,0.2924782,0.01248827,0,0,0,0,0,0,0,0,0,0,0.7272597,0.07774246,0,0,0,0,0,0,0.1394376,0.5312718,0,0,0.2238808,0,0,0.05611488,0,0.065382,0.7233822,0.1950911,0.2749675,0.7191463,0.257184,0.1690759,0.0002271903,0,0.1201054,0.7135594,0,0.1976026,0,0.04141306,0,0,0,0,0,0.452215,0.245416,0.1756992,0.3697439,0,0,0,1.072689,0.1855032,0,0,0,0.0187371,0.337126,0,0,0.1709575,0,0,0,0,0,0.6420173,0,0,0,0.133144,0,0,0,0.02943517,0.3345879,0,0,0,0,0.6000652,0,0,0,0.0374757,0,0.1367141,0,0.3347549,0,0,0.03599709,0,0.1714139,0,0,0.9066033,0.07575887,0,0.1431308,0,0.04101096,0.500963,0,0,0,0,0,0,0.4029015,0,0,0.2190956,0.2112377,0,0.1837176,0,0,0.3615093,0.406858,0,0.4721125,0,0,0.03917646,0,0.5192622,0.2429539,0,0,0,0.5878462,0.1422663,0,0.2259647,0,0,0,0.1669953,0.3229274,0,0,0,0,0,0,0.3955209,0,0,0,0.7345123,0,0,0,0,0.2646031,0,0.3093074,0.005667339,0,0,0,0.2983847,0,0,0.2651439,0.00354901,0,0,0.1996123,0.4044951,0.244821,0.3070891,0,0,0,0,0,0.2973068,0.1216595,0.04409905,0,0.886385,0,0,0.2860291,0,0,0,0,0,0.01678697,0,0.7114349,0,0.4087577,0,0,0.07486004,0,0,0,0.02078254,0,0,0,0.3655209,0,
0,0,0.985597,0,0,0,0.1423747,0,0,0,0,0,0,0,0.5934176,0,0.5171547,0,0,0,0,0.5021542,0,0,0.1025592,0.8722941,0,0,0.6381578,0,0,0.02023002,0,0,0.2165068,0,1.104415,0.3867317,0.6322766,0,0.604187,0.2087291,1.127755,0,0.2932741,0,0,0,0,0,0,0,0,0,0,0,0,0,0,0,0,0.284945,0.3381588,0,0,0.1504325,0,0,0,0,0.3988102,0,0,0.5585965,0.2881248,0.4123726,0.04779426,0,0,0.3046991,0.007609093,0,0.3891954,0.2753711,0,0.133697,0,0,0,0,0,0,0,0.01429965,0.4359211,0,0,0,0,0.7592126,0,0,0.07044385,0,0.3188799,0,0,0,0,0,0,0,0,0,0,0,0,0,0.1913002,0,0,0.1511406,0.729108,0,0,0,0.2691417,0.03842678,0,0.1998982,0,0.07905584,0.3250567,0,0.2144555,0,0,0,0.04935733,0,0,0.03236017,0.488297,0,0,0.5693251,0,0.6208398,0,0.1707193,0,0,0,0,0.2723012,0.07159018,0,0,0,0,0.005999418,0.2747335,0.8984355,0,0,0.0611853,0,0.1752875,0,0,0,0,0,0.137845,0.04266576,0,0.1582617,0,0,0,0,0,0,0,0,0,0.6224219,0.01698714,0,0.0091522,0.1619007,0,0,0,0,0.3143098,0,0,0,0,0.6505073,0,0,0,0.2299941,0,0.1854126,0.6410925,0,0,0,0,0,0,0.3746031,0,0,0.1703102,0,0,0,0,0,0.3368039,0,0.07079343,0,0.5990527,0,0,0,0,0,0,0,0,0,0.02717249,0.1681015,0,0,0,0,0.03912728,0.3225119,0,0.8046832,0,0,0,0,0,0.1668446,0,0,0,0,0,0,0.6956615,0.01891241,0,0,0,0.4482774,0,0,0.01832944,0,0,0,0,0,0,0,0.6926637,0.2057072,0,0.06477556,0,0.433889,0,0,0,0,0,0.1020763,0,0,0.673303,0.3569731,0.02284853,0,0,0,0,0.2013264,0,0.2125872,0,0.1628237,0,0,0,0,0,0.3975905,0.2517302,0,0,0.1985726,0.511656,0.1599085,0,0.4123428,0,0,0.2804444,0,0,0,0.2995217,0,0,0,0,0,0.2778344,0,0,0,0.6154358,0,0,0.09015992,0.2729292,0,0,0.1259134,0,0,0,0,0,0,0,0.9685816,0,0.4733044,0.4411538,0.09126326,0,0,0,0.355488,0,0,0.1145661,0,0.2563502,0.06473739,0,0,0,0,0,0,0.3779041,0,0,1.150308,0,0,0,0.06968223,0,0.006703316,0.8871954,0.288325,0,0,0,0,0,0,0,0.02133712,0.04979608,0,0,0,0.4281502,0.5139007,0.1782138,0.3745119,0,0,0,0,0,0,0.09620629,0,0.3247005,0,0,0,0,0,0,0,0.5268993,0.6969283,0,0,0.105415,0.3784226,0,0,0,0.09073826,0,0.02971075,0,0.1004642,0.35831,0.2291216,0.1260377,0,0.3602127,0,0,0.3762895,0,0,0,0,0.3500203,0,0,0,0.1107077,0,0,0.7334125,0,0,0,0,0,0,0,0,0.2134137,0,0,0.5193583,0,0.02284278,0,0.6386713,0.613262,0,0,0,0.4495164,0,0,0,0,0.1877711,0,0,0,0,0,0,0,0,0,0,0,0,0.297504,0,0.3693554,0,0,0.01902603,0.6589658,0,0,0,0.006902796,0,0,0,0,0,0.09247066,0.1843869,0,0,0,0,0,0,0,0,0,0,0,0.08382613,0,0,0,0,0.3354184,0,0,0.1973644,0,0,0,0.08051081,0,0.4210845,0.04684458,0.1829454,0,0.2898769,0,0,0.2112471,0,0.274477,0,0.01819237,0,0,0.1319932,0,0.1103233,0.01080161,0.3234036,0,0,0,0.2007882,0.3990047,0,0,0.1360403,0.4158028,0,0.4578401,0,0,0,0.1729426,0.0009617052,0.6964046,0.6331128,0,0.5604653,0.296393,0.2958803,0.109855,0,0.1748881,
0,0,0,0,0,0,0.933162,0,0.07541569,0,0.1270101,0,0,0.06177377,0,0,0,0,0,0.7944611,0.2837413,0,0,0,0.02560716,0,0,0,0,0.3262476,0,0,0,0,0.124879,0,1.094461,0,0,0,0,0.2749764,0.206173,0,0,0.3299507,0.1967614,0.06757171,0,0,0,0,0,0,0,0.07358199,0,0.04103186,0,0.04760081,0,0,0,0,0,0,0,0,0,0,0.3751397,0,0,0,0.5187439,0,0.7336637,0,0,0,0,0,0,0,0.1172546,0,0,0,0,0,0,0.179364,0,0,0,0,0,0,0,0,0,0,0.08872832,0.3293991,0,0.08209221,0.08763967,0,0,0,0,0.3616296,0.4897091,1.055616,0,0.8949932,0,0.2341645,0,0.6626685,0.4747392,0,0.1808078,0,0,0.6364889,0,0,0,0,0.4780441,0,0.1434546,0.1365018,0,0.3738629,0,0,0,0.2529826,0.1410727,0,0.2177826,0,0.06692328,0.09467905,0,0,0.2253366,0,0,0,0.338367,0,0,0,0,0,0.6450278,0,0,0.176063,0,0.3777536,0,0.1248812,0.6806483,0,0.07974795,0.1181598,0.2890408,0,0.1092763,0,0.4113961,0,0,0.01185767,0.7665079,0,0,0.1853712,0.141117,0.3085296,0,0,0,0,0,0,0,0,0.3459525,0.05596744,0,0.4333619,0.07445694,0,0,0,0,0,0,0.1423413,0,0.0691504,0,0,0.1920104,0,0,0,0.1815393,0,0,0.107542,0.4731154,0,0,0,0.1989704,0,0,0,0.3023742,0,0,0,0,0.09060179,0,0,0,0.008673012,0,0.5740675,0.2848541,0.3718476,0.3134567,0.2521411,0.3519128,0.5018107,0.6387358,0,0,0.1018771,0.2925287,0,0,0,0,0,0,0.2929778,0.2565327,0,0.02125219,0.3946939,0.1556456,0,0.1051596,0.1022099,0,0,0,0,0,0,0.6446376,0,0,0.1409908,0.271682,0,0.05737338,0.04297189,0.2872961,0,0,0,0,0.1379223,0,0,0.7013759,0,0.2164307,0,0,0,0,0,0,0,0,0.04657345,0,0,0,0,0,0.3055722,0,0.1106887,0,0,0,0,0.1817364,1.063825,0,0.1233929,0.1669134,0.5340701,0.2888758,0.0980517,0.1951382,0,0,0.3214779,0,0,0,0,0,0.3337199,0,0,0.4949902,0,0,0,0,0.4313371,0,0,0.09885801,0.1320712,0,0.2637474,0,0,0,0,0.2606925,0,0.07425372,0,0,0,0,0.02395331,0,0,0.1041318,0,0.1770192,0,0.1717844,0.0880027,0.3334187,0,0.1255863,0.001177478,0.2374083,0,0.2535205,0,0,0,0.539628,0.2571314,0.2546332,0,0.2329967,0,0,0,0,0,0,0,0,0,0.4865582,0,0,0,0.2756258,0,0.04340826,0.2101385,0.0284754,0,0,0,0,0,0,0.5325592,0,0,0,0.1849984,0.8889247,0,0,0,0,0,0,0.5659815,0,0.333964,0.7141595,0,0,0,0.3251098,0,0,0.0344565,0,0,0,0.0002508127,0,0,0,0.517756,0.05085655,0,0.0185145,0.03059693,0,0,0.02387127,0,0.6128002,0,0,0.0471026,0,0.3202861,0,0.2528607,0,0,0,0.3601009,0,0,0,0.01438459,0,0.3881876,0,0,0,0,0,0.01086382,0,0.003935901,0,0.08681402,0.1652509,0.2988675,0,0,0,0,0.5331293,0,0,0,0,0.2223348,0,0,0.2631494,0,0,0,0,0.2952595,0,0.1895026,0,0.1090569,0,0.09073088,0,0.02743357,0.3754671,0,0.2109668,0.2816169,0,0,0.374842,0,0.5385728,0,0,0,0.240919,0.4170327,0,0.2894849,0.4206113,0.4413755,0,0,0.01208811,0.2191768,0,0,0.2826865,0,0,0,0,0,0,0.007797332,0,0.02467043,0,0,0,0.4529811,0,0.2500657,0.4870403,0,0.3182395,0.6666176,0.7732988,0,0,0,0,0,0.1785234,0,0,0,0.2781213,0.3593003,0,0,0,0,0.08050182,0,0,0.3010934,0,0,0,0.04707886,0.1155279,0,0.2347977,0.3714349,0,0,0,0,
0.2097785,0,0.2619044,0,0,0.4828336,0.06815702,0.2838673,0.2437343,0,0,0,0.3606235,0.6548303,0,0,0,0.04176459,0,1.155632,0,0.05198118,0,0,0.1480299,0,0,0.01910544,0,0,0,0.2172267,0,0,0,0,0.03237762,0,0,0,0.03172298,0,0,0.1651019,0.8707484,0.2727033,0.391489,0,0,0,0,0,0,0,0.1296643,0,0,0,0.03026278,0,0,0.04910664,0,0,0.08268888,0.191276,0.2132273,0,0,0,0.6101547,0.3384576,0,0.2526961,0,0.4547012,0,0.04992063,0.4868357,0,0,0.3334513,0,0.2927579,0,0,0.06101969,0.1496964,0,0.6060506,0,0,0,0,0.395123,0.03048725,0.2961985,0,0,0,0,0,0,0.3051489,0,0.6668212,0,0,0,0,0,0.1760905,0,0.03121902,0,0.01663718,0,0,0,0.1202803,0.6413659,0.2865203,0,0,0,0,0.2906068,0.1981232,0,0,0.510438,0,0.08322537,0.4640176,0,1.018875,0.3347861,0,0.3084326,0,0,0,0,0.1364161,0,0,0,0,0,0,0.1569458,0.4403147,0,0,0,0,0,0,0,0,0,0,0,0,0,0.1420694,0,0,0,1.021569,0,0,0.09807102,0.03022861,0,0.2489648,0,0,0.1405563,0,0,0,0.5515968,0,0,0.4218252,0,0,0.04863469,0,0.09168559,0.2980878,0.8011566,0.09029397,0.08424638,0,0,0.6565754,0.5489864,0.527287,0,0,0.358454,0,0.4829821,0.2568343,0,0,0,0,0.6641202,0,0.7298647,0.5507739,0,0,0.1183015,0.1222459,0.1274347,0,0,0,0.5851517,0,0.1665962,0,0.3253962,0.8819922,0,0.2308639,0,0.5366369,0,0.1458225,0,0,0,0,0,0,0,0,0,0.01659729,0.1413001,0,0,0,0,0.05645563,0,0,0,0,0.09995557,0,0.2290533,0.6525292,0.1541381,0,0,0,0,0.02676573,0,0,0,0,0.2414798,0,0,0,0,0.6190155,0,0,0.2852039,0.5368853,0,0,0,0,0,0,0,0,0,0.05626792,0,0,0,0.9613509,0,0.1668055,0.2331962,0,0.002825421,0.0461078,0,0.3595012,0,0,0,0,0,0.2998176,0,0,0.1754023,0,0,0.607605,0,0.1181767,0,0,0,0,0,0.05244748,0.462219,0,0,0.6677771,0,0,0,0,0,0.6682849,0,0.3967388,0,0.1228194,0.2676135,0,0,0.3292346,0,0.1408325,0.1912313,0,0,0,0.2453444,0,0,0,0,0,0,0.2860863,0.6715686,0,0,0.1257692,0,0,0.8110679,0,0.08802476,0.4611808,0,0,0,0.5346855,0.4041453,0,0,0,0,0,0,0,0.4598724,0,0.004823013,0,0,0.4381368,0,0,0,0.709344,0.2608958,0,0.2653296,0,0.09167557,0,0,0.04872985,0.8046361,0,0.6421285,0,0,0,0,0,0,0.1268058,0,0.02737514,0,0.5689801,0.1752986,0,0,0.03576343,0.2368557,0,0.2024567,0,0.2919888,0.2294793,0.1703299,0.2339504,0,0.142697,0,0.4201535,0.4721872,0,0.3542317,0,0,0.2827259,0.2201507,0.118772,0,0,0,0,0,0,0,0,0,0,0,0,0,0,0,0.2843289,0,0,0,0,0,0.03387603,0,0,0,0.03952625,0,0.2346098,0.1645759,0.1113953,0,0,0,0,0.3160969,0,0.1507601,0,0.04092377,0,0.676715,0.3312745,0,0.1853306,0,0.1975385,0.2466258,1.214926,0,0.1684105,0.2984878,0,0.7618877,0,0,0,0.2859125,0,0,0,0.5613385,0,0,0,0,0.05677563,0,0,0,0,0,0.0171228,0.6022965,0.2296779,0,0.1788037,0.1093323,0.2772784,0.3156638,0.2901059,0,0,0,0,0,0,0.3034316,0.2122637,0,0.7754909,0,0.1629663,0.2331591,0,0,0.3018045,0.08311475,0.4290381,0,0,0.6831455,0.2949383,0,0.3009119,0,0.06300711,0.7633433,0.3420638,0.06956148,0.4456483,0.4006392,0.6131567,0,0.04855096,0.2399028,0,0,0,0.4056356,0.05554895,0,0,0,0.2701831,0,0,0,0,0.1487682,0.05287642,0,0,0,0.7438061,0,0,0,0,0.2762977,0,
0,0,0,0,0,0,0,0,0,0,0.02795472,0.04994881,0,0.02948361,1.126668,0,0,0.0174587,0,0.2686941,0,0,0,0.127197,0,0.1483094,0.06597663,0.3042386,0,0,0.2468618,0,0,0.2648642,0.1784364,0,0.6001202,0.4406138,0,0.2303069,0,0,0.4791431,0,0.1199907,0.1715451,0,0,0,0,0,0,0.02104637,0.6802192,0.01705547,0,0.0926976,0,0,0,0.524731,0,0,0.5163583,0.1518267,1.389201,0.3098709,0,0,0,0.4291487,0.5587121,0.6610531,0,0,0.4162534,0,0,0.04259738,0,0,0.5467784,0,1.055293,0,0,0,0,0.0132459,0.02013909,0,0.7863265,0,0,0,0,0,0,0,0,0.3442515,0.01238194,0,0.4533586,0,0,0.62182,0,0,0,0,0,0,0,0,0,0,0,0,0,0.3112418,0,0,0,0.3240197,0.0327283,0,0,0.2131212,0,0.5460219,0,0,0,0.1096856,0.06847286,0.219183,0,0,0,0.4556588,0,0,0,0,0.000760416,0,0,0,0,0,0,0,0,0,0,0,0.004856388,0,0,0.3188933,0.3181048,0,0,0,0,0,0,0,0,0,0,0.2507202,0,0,0.004163899,0,0,0.2923271,0,0,0,0.007900308,0,0,0,0,0,0.3534106,0,0.06898397,0,0,0,0,0,0,0,0,0,0.07401827,0.1020314,0,0,0,0,0.4151282,0,1.373899,0,0,0.00378686,0,0.5435798,0,0.4979053,0.0253142,0.392295,0,0,0.4444907,0.9978145,0.3762941,0,0,0,0.1368685,0.205958,0.01249921,0,0,0,0.3526635,0,0,0.1172211,0.02020225,0,0,0.1986182,0,0,0.1357665,0,0.3334751,0,0,0,0,0,0.04400145,0.1460123,0.3163924,0,0.6765054,0.6474256,0.07301913,0,0.06396184,0,0,0.07517423,0,0,0,0,0,0,0,0,0,0,0.09457335,0.09231503,0,0,0.0706275,0,1.013837,0,0,0,0.103269,0.05280227,0,0,0,0,0.2394125,0.3786207,0,0,0.2135936,0.3431345,0.3857531,0,0,0,0,0,0,0,0.2200392,0,0.2862432,0.2843516,0.1545259,0.1802325,0,0.1076029,0.1126119,0,0.3447319,0,0.03833714,0.1712134,0,0.009421179,0,0.3054613,0.6252095,0,0,0,0,0,0,0.2870836,0,0,0,0.07625882,0.05480368,0,0.1763103,0,0,0,0.1954511,0,0,0,0,0,0.4552576,0,0,0.02695947,0,0,0,0,0.4395934,0,0.2856219,0,0,0,0,0,0,0,0,0.2070529,0,0.2106658,0.5359541,0,0.3354637,0,0,0,0,0,0,0.4421032,0,0.2330819,0,0,0.2440993,0.05894936,0.4589424,0.03200492,0,0.05628977,0,0.02858932,0.7781359,0,0,0,0.7233103,0,0,0,0.2345162,0.9069376,0,0.02341587,0,0.499485,0,0,0.4049377,0,0,0,0.03190605,0,0.5302409,0,0,0.1213198,0,0,0,0,0,0.340295,0,0,0,0,0,0,0,0.1462677,0.2965038,0,0.05547661,0,0.1237346,0,0.2910221,1.118959,0,0.6565459,0,0,0,0,0.07668979,0,0,0,0.1415497,0,0,0.1702665,0,0.6943013,0,0.1551173,0.05864044,0,0.07876654,0.1677078,0,0,0.197597,0,0,0,0,0.02559326,0,0.2773789,0,0,0.2399294,0,0,0,0,0,0.2078895,0.3357979,0,0.0622701,0.8132759,0.5131803,0.05279266,0,0,0,0.3481075,0,0.2116479,0,0,0,0,0,0,0,0,0,0,0.2541547,0,0,0,0,0.08286968,0,0.1494778,0,0,0,0,0,0,0.06089405,0,0,0.009067674,0,0,0,0.4305287,0,0,0.1402993,0,0,0.233357,0.3493679,0,0.6069255,0,0,0.5891069,0.5306745,0.1293068,0.2627256,0,0,0,0,0,0.9401336,0,0,0.4707964,0,0,0.2800409,0,0,0.8153481,0,0.01206505,0,0,0,0,0.7616138,0,0,0.1351358,0,0.06404708,0,0,0,0,0,0,0,
0,0.5814732,0.4882219,0.9513686,0,0.169695,0,0,0,0.4386872,0,0,0,0,0,0,0,0,0,0.06576102,0,0.2461835,0,0,0,0,0,0,0,0,0,0,0.1340298,0,0.1228914,0,0,0,0,0,0.02363347,0.1575606,0,0.1773343,0,0,0,0.002977312,0,0.22248,0,0,0,0,0.5043046,0,0.03113076,0.1669477,0,0,0,0,0,0,0.3639161,0.1272898,0,0.3654279,0,0.4884501,0.6605952,0,0,0.06023602,0.02446431,0,0,0,0.05995236,0,0,0,0,0,0.004478748,0,0.05930866,0,0,0.2542285,0,0,0,0,0.1792193,0.1119317,0,0.0005163056,0.3269023,0,0.01519137,0,0.1456138,0,0.4490227,0,0.3211839,0,0,0,0.4931834,0,0,0,0.3489758,0,0,0,0,0,0.5812293,0,0,0.04944038,0,0.00966607,0,0.2123131,0,0,0,0,0.2359017,0,0,0,0,0,0.07385463,0,0,0.9096172,0,0,0,0,0.302748,0,0,0,0,0.2255677,0.05903455,0.2727997,0,0,0.5308821,0,0,0,0.502055,0,0,0.2428028,0.4327983,0,0.5554339,0,0.1294351,0.4388352,0,0.3030573,0,0,0.257416,0,0,0,0,0.002497456,0,0,0,0.03687943,0.200537,0,0,0,0,0,0,0,0,0,0,0.03980046,0,0.06524238,0,0,0.4281536,0,0,0.6565181,0,0,0.3439162,0.08382824,0,0,0,0,0,0,0,0,0.1688315,0,0.2868535,0.05108812,0.4694112,0,0,0,0.285578,0,0.004186965,0,0.005668615,0,1.331851,0,0,0,0,0,0,0.1393815,0,0,0,0,0,0.1002299,0,0,0,0,0.3314047,0,0,0.5186414,0.1640245,0.2373599,0.2221804,0,0,0,0,0,0.5610427,0,0.496346,0,0,0.5137507,0,0,0.006752623,0,0,0,0,0.02592049,0,0,0,0,0,0.3336526,0.05880732,0,0,0,0.01470856,0,0.02462667,0,0,0,0.4186112,0.1850004,0,0.5754234,0.4771232,0,0,0,0,0.2084676,0,0,0,0,0.1044148,0.02049765,0,0,0,0,0.08532323,0,0.1193602,0,0,0,0,0.03957369,0,0,0,0,0,0,0,0,0.5298237,0,0.2661694,0.09251781,0.006431525,0.4121368,0,0.429038,0,0,0.09400541,0,0.4916209,0.04472122,0.2886194,0,0.02318896,0,0,0,0.3297053,0.4576198,0.1275028,0.6643641,0,0,0,0,0.7887715,0.2542003,0,0.2569483,0.1368618,0.5273462,0,0,0,0,0,0.2019275,0,0,0,0,0,0,0,0,0.6747448,0,0,0,0,0.5453087,0,0.8787291,0.238439,0.03492979,0,0.4378237,0,0.2351167,0,0,0,0,0.02182604,0,0.3700339,0.5939125,0,0.04807977,0,0,0.5767204,0.3485684,0,0,0,0.05966878,0,0,0,0,0.3592257,0.07852259,0,0.5092826,0,0.2373675,0,0,0.00647722,0,0.4974055,0.03131624,0.2803119,0,0,0,0,0.2303869,0,0,0,0,0,0,0,0,0,0,0,0,0,0.2232666,0,0,0,0,0.1747008,0,0.1489332,0.7380458,0,0,0.7248915,0,0,0,0,0,0,0,0.01062801,0,0.4979286,0.3629345,0.3479365,0,0,0.2097913,0,0,0,0.1413019,0.34217,0,0,0,0,0,0.1823781,0,0,0,0,0,0,0,0,0,0.0780189,0.3135058,0.3784741,0,0,0.4617011,0,0.4027051,0,0.02220099,0,0.03262409,0,0.4135057,0.0492323,0.1828264,0,0,0,0.3036094,0,0.1567435,0,0.1575046,0,0,0,0,0,0,0,0.1318114,0,0,0.3651549,0,0.1449014,0.048502,0.07605905,0,0,0,0,0,0.2719772,0.2912897,0,0.4334245,0,0,0.8792509,0,0.4581895,0.4429465,0,0,0,0,0,0,0.3202281,0,0,0,0.001373904,0,0.09380508,0,0.04376738,0,0,0,0,0,0,0,0.7897453,0,0,0,0,0,
0,0,0,0.5611974,0.03733743,0.0332528,0,0,0,0.6020719,0,0,0.1911683,0.3449546,0,0,0,0,0.2637356,0.1848769,0,0.9653212,0,0,0,0.3228122,0.004722207,0,0,0,0,0,0.2417672,0.1143975,0,0,0.04155879,0,0.08045495,0,0,0.3643483,0,0,0,0.3615106,0,0,0,0,0,0,0,0,0,0,0,0,0,0,0,0.03167164,0.4117023,0,0,0,0,0,0.3570621,0.5912992,0,0,0,0,0,0,0,0,0,0.3421258,0,0,0.3893723,0.4823505,0.3968629,0.6248236,0,0.05196177,0,0,0,0,0.6079223,0,0,0,0,0.2160683,0.2092725,0,0,0,0,0,0,0.09314971,0,0,0,0,0.1771853,0,0,0,0.1855748,0,0,0.2322672,0,0.01270275,0,0,0,0,0,0,0,0,0,0,1.332741,0.3259584,0,0,0.9174645,0.3003226,0.1077319,0,0,0.01816536,0.7181265,0.8143399,0,0,0.8147323,0,0,0,0,0,0.003663219,0,0,0.3855104,0.3172269,0.2670355,0.05395152,0,0.2376073,0,0,0,0,0.8331095,0,0.3086922,0,0.3551849,0.4949433,0,0,0,0,0,0,0.05646344,0.001089654,0,0,0,0.1932346,0,0,0,0,0,0,0,0,0,0.0257807,0,0,0,0,0.2441275,0,0,0.8491141,0,0,0.1578128,0.2937258,0.03541443,0.2094682,0,0,0,0,0.8355591,0,0,0,0,0.4954152,0.2367047,0,0,0,0,0,0,0,0,0.1579433,0.2684995,0,0,0,0.5589294,0.08981016,0,0.4000671,0,0,0,0,0,0,0,0,0.2600023,0.1040285,0.1715183,0,0.3345203,0,0.7947254,0,0,0,0,0,0.1673196,0,0,0.6648813,0,0,0,0,0,0,0.1425438,0,0.2994224,0,0,0,0.05885797,0,0.2604443,0.03333193,0,0,0,0,0,0,0,0,0.6723973,0.243853,0.008237528,0.141661,0,0,0.2305893,0.7469513,0,0,0.3226796,0,0.4206835,0,0,0.5488722,0.0597306,0.1128784,0.7010078,0,0,0.1803049,0,0,0.1050231,0,0,0,0,0,0,0,0.259767,0,0,0,0,0,0,0.9918367,0,0,0,0,0,0.1599734,0,0.4807326,0.346404,0,0.1708031,0.3357001,0,0,0,0,0,0.1354664,0.1219214,0.2044315,0.5826607,0.4946277,0,0.1884618,0,0,0,0.1645484,0.7136987,0,0,0.05869968,0,0.1352596,0.102322,0,0.3737136,0,0,0,0.1633417,0,0.6131587,0,0,0,0.5637144,0,0.1250631,0,0,0.03412415,0,0.3723373,0,0.1983067,0.1540333,0,0.5286267,0,0,0,0.3419144,0,0.1790187,0,0,0.2614664,0.1882885,0,0.4943664,0,0,0,0.1759806,0.9540859,0.08534152,0,0.5911307,0.325439,0.407175,0.28897,0.2772218,0.4870201,0,0.09068067,0,0,0,0,0.285858,0.17155,0,0,0,0.04074109,0,0,0,0,0,0,0,0.3304831,0,0,0.2692308,0,0,0,0,0,0.05983438,0,0,0,0,0,0.1130878,0.007762838,0.6301189,0,0.01684551,0,0,0,0.05733157,0,0.3886193,0,0.08296844,0.8275857,0,0,0.3424567,0.06657244,0.4004082,0,0,0.2294388,0,0.126383,0.6350282,0,0,0,0,0,0,0,0,0,0,0,0,0.502816,0.175112,0,1.003164,0,0.005128628,0.4075422,0.1325446,0,0.6379744,0.07274543,0.329552,0,0,0,0,0.40148,0,0,0,0,0,0,0,0.3987133,0.1245347,0,0,0,0,0.110705,0,0,0.1631826,0.136703,0.07401311,0,0,0.3387178,0,0.07410359,0,0.01258029,0.1972271,0,0,0,0.1089024,0,0,0,0,0.05635394,0,0,0,0,0.285524,0,0.4373302,0.6801864,0.1928627,0,0,1.167897,0.4235138,0,0,0.1447544,0,0.004883006,0.2480744,0,0.02110098,0.0385043,0,0,0.1623969,0.08736118,0,0,0,0,0,0,0.03753178,0,0,0.1807459,0,0.2422244,0,0.003064323,0,
0.2379136,0.3541456,0.3095294,0.1118948,0,0,0,0.3319834,0,0.07312973,0,0,0.09028519,0.4314885,0.251402,0,0.1415018,0,0.3046073,0.228025,0.291868,0.5158914,0,0,0,0.3141337,0,0,0,0.2075734,0.1174201,0,0,0,0.0677789,0,0.6257867,0,0,0,0,0,0,0,0,0.2533745,0.04978043,0,0,0,0,0.757687,0,0.01720633,0,0,0,0,0,0,0,0,0,0,0,0.3693438,0,0,0,0,0,0,0.4419421,0.5106927,0.2917861,0,0,0,0.2515704,0,0,0,0,0,0,0.04881645,0,0.3315201,0.06418294,0,0,0.6142031,0,0,0,0,0.4217478,0,0.1082115,0,0.2075862,0,0.4611775,0,0.03923405,0,0,0.516059,0,0.05665084,0,0,0,0,0,0.1358385,0,0.9864408,0,0,0.4470337,0,0.2392024,0,0,0,0,0,0.003887784,0,0.2867585,0,0.5247886,0,0,0.02061549,0,0,0,0,0.5383856,0,0,0.3625253,0.3900085,0,0.05089115,0,0,0,0.1990594,0,0,0.4523811,0,0,0,0.01469681,0,0,0,0,0,0,0.690594,0.06617892,0,0.6301987,0,0,0,0,0,0.02196833,0.5236319,0.6492324,0,0,0.01842378,0,0.1353445,0.1584666,0,0,0,0.1136488,0.2279925,0.3157594,0,0,0,0,0.3208781,0.2766802,0,0,0.1930725,0.0542846,0.08942822,0,0,0,0.3448577,0.5368787,0.3823027,0,0.56938,0,0,0,0.4495182,0.0135492,0,0,0,0,0.1111442,0.3308891,0.4638062,0.01166164,0.1683691,0.8597549,0.2628509,0,0.1817135,0,0.1621286,0,0,0,0,0,0.3242749,0,0,0.9547495,0,0,0,0,0,0.1970386,0.1379482,0,0,0,0.2789839,0.4192304,0,0.1389832,0,0,0,0,0.9200515,0,0,0.5347368,0,0,0,0,0,0.4731511,0,0,0.8956391,0.6415991,0,0.3326565,0,0,0,0.1273309,0,0,0.05294153,0,0,0.1855206,0,0.2598996,0,0,0,0,0.7710149,0,0,0.1356851,0.8013288,0,0,0,0.4985254,0,0,0,0,0.2082111,0,0,0.4054931,0,0.3249575,0.3135656,0.03312647,0,0.8314197,0.04692342,0,0.3679411,0,0.002776959,0,0,0,0.04463518,0,0,0.004184917,0,0.05831316,0,0.08664535,0.02951803,0,0.2285902,0,0,0.2293366,0,0.3266442,0,0,0,0,0,0,0,0.6318011,0.09176373,0,0,0,0.6115547,0.00252045,0.09660444,0,0,0,0,0.03614445,0,0,0,0,0,0.6009914,0,0.2275691,0.09081469,0,0.1405805,0.2315679,0,0.05979119,0,0,0.22815,0.1480439,0.1802758,0.2274852,0,0,0.03812568,0.5560258,0,0,0,0,0,0.01790575,0,0,0,0,0.1920902,0.2649625,0,0,0,0.7102881,0,0.07182921,0.6190297,0,0,0,0,0.09857801,0,0,0.2349358,1.132964,0,0,0.1968676,0,0.4754592,0.0199099,0,0,0,0,0,0,0,0,0.369075,0,0,0,0,0.4677424,0,0,0,0.3716556,0,0,0,0.725055,0,0,0,0,0.2112734,0,0.110341,0,0.05938176,0,0,0,0,0,0.2262669,0,0.6515019,0.431426,0,0,0,0.3273258,0,0.6371653,0,0,0.03892703,0.4484807,0,0,0,0,0.6911474,0.01481189,0,0.2122544,0,0.06993207,0.003084415,0,0.1696586,0,0.03606163,0,0.2582173,0,0.1416988,0.3454497,0,0,0,0,0,0.2694797,0,0,0.3683038,0,0,0.1097211,0,0.02794497,0.3720881,0,0.3042808,0,0,0,0.05335914,0,0,0,0,0,0,0,0.1622563,0.3499325,0.3554523,0,0.130344,0,0.2024166,0.7837817,1.021899,0.4657677,0,0.61476,0.4709257,0.1641066,0,0,0,0,0.1255945,0,0.3965875,0,0.3669366,0,0,0,0,0,0.5233313,0,0.02990325,0.1228303,0,0.01269303,0,0,0.2631868,0,0,0,0.2380105,0.3137447,0,0,0,0.8437505,0,0,0.05770664,0.6926555,0,0,0,0,0,0.4953033,0,0,0,0,0.1239057,
0.1101725,0,0,0,1.282689,0,0,0,0,0,0.05329415,0.2741148,0,0,0,0,0,0,0,0,0,0,0,0,0.2539023,0,0.4193361,0.02111441,0,0,0,0.216001,0,0.1791131,0.3148921,0,0,0.165937,0,0,0,0.5209709,0,0,0,0,0,0,0,0,0,0.5631593,0.2573764,0,0,0,0,0.171686,0,0,0.2438554,0,0,0.1344311,0,0,0,0,0.1197623,0,0,0,0,0,0.4377395,0,0.232303,0.1888614,0,0.2430483,0.06051213,0,0.06369925,0.2688553,0.05946795,0.5500482,0,0,0,0,0,0.1536323,0,0,0,0,0,0.3823733,0.2191784,0,0.4027025,0.5089546,0,0,0.006286496,0,0,0,1.118698,0.4211324,0.297018,0,0.05568356,0,0,0,0.4485589,0,0,0,0,0,0,0,0,0,0,0.2005189,0,0.4229947,0,0,0,0.3759517,0,0,0,0.3966989,0,0.2931149,0,0,0.527709,0.2371785,0,0,0,0.5175691,0,0.005520355,0.5031551,0,0.53437,0.4535327,0,0,0,0,0.02196638,0.2796837,0.479067,0,0,0,0,0,0,0.2346162,0.6659558,0,0,0,0,0,0,0,0,0,0,0,0,0.2089964,0,0.5909799,0,0,0,0,0.07138319,0,0,0.2951246,0,0,0,0,0.02334872,0,0,0,0,0,0.4841205,0,0,0,0,0.1219553,0,0,0,0,0,0,0,0,0.4168075,0.596976,0.3936413,0.2758255,0,0.2724522,0,0.560995,0.6438673,0,0,0.07791958,0,0,0,0.3414129,0,0,0,0.04898153,0.08271678,0.3289908,0.2577536,0,0,0.1354415,0.4007547,0,0.3325419,0.7268389,0,0,0,0,0,0,0,0,0,0,0.04463567,0,0,0,0.2824506,0,0,0,0,0.07544938,0,0,0.6959872,0.1301803,0,0,0.5470396,0.1381789,0,0,0,0,0.4829623,0.1106458,0,0,0.2780144,0.5364646,0,0,0.003965571,0,0.387853,0,0,0.5221933,0.01599597,0.02111659,0.149097,0,0.06270804,0.1766909,0.04615179,0,0,0.07359805,0,0,0.1283187,0.5333995,0,0,0,0,0,0,0.05399787,0,0,0,0,0,0,0,0,0,0,0,0,0.006763791,0,0,0,0.8064567,0,0,0,0,0.1899792,0,0,0,0.02652748,0,0.3957126,0,0,0,0.2520094,0,0,0,0,0,0.3167128,0.5698959,0,0,0,0,0.4217992,0,0.5046479,0.5098931,0,0,0,0,0.4967948,0,0,0,0,0,0.1135314,0.01571358,0,0,0.4799922,0.1297473,0.09558447,0.3241969,0.07885773,0,0,0.3925239,0,0,0,0.3111034,0,0.2395839,0,0.8509539,0,0,0,0,0,0,0,0,0,0,0,0,0.467716,0.3281394,0.05232127,0,0,0.4609537,0,0,0,0.5965783,0,0,0.04599684,0,0.6606817,0,0,0.1846265,0.02138628,0,0.1430818,0.8870571,0,0,0,0,0,0.309302,0,0,0,0.5994342,0,0.04114535,0.4278561,0.1621745,0,0,0.1393128,0,0.1495602,0,0.4244341,0.8697574,0.09895315,0,0.2173479,0.1276158,0,0,0.08333652,0,0,0,0,0,0,0,0,0.1227035,0,0,0,0,0,0,0,0,0,0,0,0,0.1636568,0,0.07957557,0,0.2807352,0,0,0,0,0.1404733,0.1334542,0,0,0,0,0.1275025,0,0,0,0.8143873,0,0,0.2173292,0,0,0,0.2743527,0.05618206,0.1004674,0,0.4233186,0.2712232,0.1044783,0,0,0.02993868,0,0.01180528,0.2470836,0.02777808,0.5275865,0.05906091,0.2713627,0.02987432,0.2887273,0,0,0.1135353,0,0,0.01359193,0.07586374,0,0.1134141,0.4415298,0.02375817,0,0.230005,0.1699001,0.2587065,0,0,0.3877264,0,0.4886345,0,0,0.5387425,0,0,0.1872302,0,0.1857527,0,0,0,0,0,0,0,0,0,0.4233127,0.2670786,0,0.1131889,0.03153388,0.244591,0.7917874,0.305579,0.475113,0,1.150748,0,0,0.1793583,
0.2717693,0.4335756,0,0.07581739,0,0.8529437,0,0.07904281,0,0,0,0,0,0.425601,0.2149744,0,0,0,0.05491112,0,0,0.5948,0,0.13341,0.3325436,0,0,0,0,0,0,0.6766065,0,0.4264703,0,0,0,0.001124166,0.024571,0,0,0,0,0,0,0.2326599,0,0,0.01499013,0,0,0,0,0,0,0.1664155,0,0,0.6898319,0.6457351,0.1714126,0,0,0,0,0,0.3949673,0,0,0,0,0,0,0,0.1911722,0.4414259,0.5689167,0,0.5169438,0.3847195,0,0,0,0.0904672,0,0,0,0.595568,0,0,0.1247344,0.3193895,0.7592517,1.151864,0,0.3339019,0,0,0,0,0,0,0,0,0.03752155,0,0.5620534,0,0.04707018,0.005790497,0,0.3933851,0,0,0.01978831,0,0.1513136,0,0,0.523514,0,0,0,0.04954489,0.7496834,0,0.6569802,0,0,0,0.6491354,0,0,0.0789675,0,0,0.249582,0.2645293,0.01009671,0,0,0.04329,0.6829159,0,0.08941182,0.1107563,0,0,0,0,0,0,0.2342152,0.1564063,0,0,0.6876939,0,0,0,0.4690834,0.3073767,0,0,0.8136062,0.688858,0,0.1906223,0.1344353,0,0,0,0,0,0,0,0.3626612,0.1360573,0,0.2448577,0.3666183,0,0,0.3395037,0.6973996,0.07948665,0,0.1289436,0,0,0,0,0.292578,0.665153,0.1795633,0.4226919,0,0,0.2882731,0,0,0,0,0.7092088,0,0,0,0,0.2155849,0,0,0,0.08926842,0,0,0.1622979,0,0.06042668,0.9166295,0,0,0,0.1078727,0.1940507,0,0,0,0.6576388,0,0,0.1327929,0,0,0,0.09546655,0.03433112,0.006353449,0,0.1187813,0.2053521,0.05227408,0.08369733,0.0113414,0,0.2018844,0.01584139,0.3586046,0,0.4129081,0.3321668,0.2601393,0,0,0,1.039607,0.03894312,0,0,0,0,0.09345856,0,0,0.3973927,0.3867494,0,0,0,0,0,0,0,0,0,0,0,0,0.4758368,0,0,0.3225196,0,0,0,0,0,0.02313652,0,0,0.1060901,0,0.6363555,0,0.186658,0,0,0,0,0.1279331,0.3677443,0,0,0.132053,0,0,0.2259559,0.1406718,0,0,0,0,0.06463546,0.1362062,0.1470899,0,0,0.4808269,0,0,0.516789,0.189477,0,0,0.2721863,0,0,0,0,0.2857563,0,0,0.1445467,0,0.1074023,0,0.1555706,0.0470749,0.06825238,0,1.002745,0,0,0.07879199,0,0,0,0,0.4698441,0.2907793,0.04365331,0.2318853,0,0,0,0.1628595,0,0,0,0,0,0,0,0.3154786,0.1562879,0.09282959,0,0.4848636,0,0,0,0,0.2209017,0.1054866,0.3543594,0,0.07784979,0,0.2348124,0.02252125,0.06752823,0,0,0,0,0.3534451,0,0.428114,0,0,0,0,0.08134526,0,0,0.3645154,0,0,0.1920916,0,0.07530377,0.4304629,0,0.07855345,0,0,0.9437031,0,0,0,0,0,0.03067321,0,0,0.3173131,0,0.001965926,0.2992665,0.07941228,0,0.7706115,0,0,0.2006835,0,0.4131673,0.2787932,0,0,0,0,0,0.8259951,0,0,0,0,0,0,0,0,0,0,0,1.012007,0.2078927,0,0,0,0.2828188,0.07913275,0,0,0,0.2549298,1.021357,0.4297979,0,0,0.7237156,0,0,0,0.5435836,0.05739681,0,0,0.9839535,0.1506693,0,0,0,0.06464237,0.1391699,0.06783007,0.2403629,0,0,0.08747952,0,0.1483771,0,0.1759883,0.6633944,0,0.3806739,0.7583175,0.2636038,0.2030551,0,0.2144549,0,0.08765479,0.3186422,0,0,0,0,0.2056771,0,0.03667273,0,0,0,0,0,0,0.03486825,0.1268888,0.1383398,0,0,0,0,0,0.2788529,0.06681174,0,0,0.2819389,0.2973434,0.1469405,0,0.1340574,0,0,0,0,0,0.2348673,0.7172183,0.5881621,0.2963372,0,0.6802899,0,0.2400439,0.5861217,0,0,0,0,0.08886477,0.5052454,0.4678594,0.2384391,0,0.8207726,0,0,0.02742941,0,0.2828192,0,0.4751206,0.2701416,0,0,0,0.01262846,0,0.1785872,0.1868721,0.0652745,0,0,0.375788,0,0.3308641,0,
0.3590101,0,0,0.7777774,0.8272995,0,0.1638796,0.2977863,0.4649546,0,0,0,0.5489377,0.2564149,0.5271155,0.3020726,0,0,0,0,0.05003065,0,0,0,0,0,0,0.1780329,0,0.07208215,0,0.002435009,0,0,0,0.1838609,0,0,0.1208997,0.1897229,0.03659537,0,0,0.2675359,0,0,0,0.656095,0.5205448,0,0,0,0,0.5707631,0,0.6483294,0,0,0,0.07930418,0,0,0,0,0,0,0.1212263,0,0.08044422,0.3556745,0,0,0,0,0,0,0,0.278264,0.2752465,0,0,0.3611141,0.02099794,0,0,0.1971675,0,0,0.1887917,0,0,0,0.05642553,0,0,0,0.5688125,0.1759555,0,0,0,0.3301929,0,0,0.7890711,0,0.1151107,0,0,0.139661,0.4311458,0.1279069,0,0,0,0,0.05383542,0,0.5052912,0,0.03953553,0,0,0.1630095,0.1932113,0,0,0,0,0,0.4148025,0,0,0,0,0,0,0,0,0.2579752,0,0.6404818,0,0.3163625,0,0,0,0.6341837,0.01202233,0,0.190512,0.4690421,0,0,0,0,0,0.2178295,0,0,0,0,0,0,0,0,0.008610182,0.102394,0,0,0,0,0.3935953,0,0,0,0,0,0.4631913,0,0,0,0,0.03494394,0,0,0,0,0,0.07419649,0,0,0,0.2713915,0,0.3901741,0,0,0,0.06869566,0,0,0,0.4198614,0,0,0,0,0,0.4240191,0,0,0,0,0,0,0,0,0.7993809,0,0.3177939,0,0.1102426,0.1748831,0.2452735,0,0.2370015,0,0.8187461,0.04728806,0.7034326,0,0,0,0,0,0,0.773946,0,0,0,0,0,0,0,0,0.06526131,0,0,0,0,0,0,0,0,0,0,0.1959908,0,0,0,0,0.2622975,0,0,0,0,0,0,0.1089222,0.1183916,0,0,0,0,0,0.3814975,0,0,0,0.1118442,0.4532959,0,0,0.2014813,0,0,0,0,0.2889769,0,0,0.2714426,0,0,0,0,0.2156797,0,0.2132809,0,0,0,0,0.06621565,0,0,0.1190194,0.1978378,0,0.2774763,0,0,0.04845884,0,0.1482616,0,0.4877519,0,0,0,0,0.5104089,0.2137238,0,0,0,0.1748993,0,0.1639142,0,0,0,0,0,0,0,0,0,0,0.994558,0,0,0,0,0,0,0,0,0,0.2539108,0,0.0320494,0.2051421,0,0,0,0,0,0,0.077174,0.08530645,0,0,0.03663445,0.386792,0,0,0,0,0,0,0.310207,0,0,0,0,0.1489992,0,0.1653937,0.09543836,0.07812855,0,0,0.336557,0,0,0,0,0.1985461,0,0.1363204,0.3445907,0.2713839,0.3424035,0,0,0,0,0,0.2476302,0,0,0,0,0,0,0.09995118,0,0.1210251,0,0,0,0,0.02199121,0.04784111,0,0,0,0,0,0,0.4132849,0.2336539,0.6957175,0,0,0,0.2142203,0,0.2308555,0,0.264,0,0.1112396,0,0.06173609,0,0.2633332,0,0.07269461,0.1741603,0,0,0,0,0,0,0,0,0.3215026,0,0,0,0,0.2845212,0.4306228,0,0.4616279,0.08152144,0,0,0.7234424,0,0,0,0,0,0.1250114,0.08097305,0,0.5978575,0,0,0,0,0,0.7223365,0.1345424,0.659184,0,0,0,0,0.1259367,0,0.181082,0.3041804,0,0.3322183,0.09284052,0.4750819,0,0,0,0,0,0,0.5645368,0.5386641,0,0,0.001520829,0.2953998,0,0,0.290447,0.0350674,0,0.2285311,0,0.8177297,0.6195334,0.1674714,0,0,0,0,0,0,0.2350837,0,0.08890966,0,0.108531,0,0.03965155,0,0.3433795,0.454919,0.2283446,0,0,0,0.2340191,0,0,0,0.6941732,0,0,0.3494478,0,0,0,0,0,0.2622066,0,0.09360671,0.05332022,0,0.1526734,0.2945995,0,0,0,0,0,0,0.321296,0,0,0,0,0.05797781,0,0,0.3976072,0.0650134,
0,0.1285211,0,0.1586477,0,0,0,0,0.2626553,0,0,0,0,0,0,0,0,0,0,0,0.02975728,0.009983687,0,0,0,0,0,0,0.3563533,0,0,0.05733713,0.4363588,0,0,0.1972643,0.09323209,0,0,0,0,0.3469213,0.3195481,0,0,0.2434015,0.3226841,0.0914763,0,0.137011,0.6905059,0.1017266,0.5620934,0,0,0.1387536,0,0.3873446,0,0,0.4261056,0,0,0,0,0,0,0,0,0,0.1343365,0.0995394,0.03046169,0,0,0.1696551,0,0,0.08071359,0,0,0,0,0.5920169,0,1.244437,0,0,0.4741921,0,0,0,0,0,0.09123658,0.6148022,0,0,0.3035746,0.06590574,1.011195,0,0,0,0,0,0.1697958,0.08429647,0,0,0,0.06366786,0.2164382,0,0.4287872,0,0,0,0,0,0.5014343,0,0,0.0563705,0,0,0,0,0,0,0.6129936,0,0,0.7296333,0,0.405266,0,0,0,0.1636357,0,0,0,0,0,0.1942886,0,0.02432877,0,0.1652982,0.2714493,0.07043811,0,0.8921384,0,0.1133143,0,0.02222135,0.2200156,0.2944811,0.05554614,0.2664402,0,0.02978152,0,0,0.2019109,0,0.2043557,0,0,0.439303,0.008038932,0,0,0.1347517,0,0.2103885,0.1831674,0,0.0047066,0,0.2534271,0.1751721,0,0,0,0.4725485,0.3683972,0,0,0,0,0.02257794,0,0,0,0,0,0,0.1046166,0,0,0,0.08490632,0,0,0,0,0,0.03825768,0,0,0,0.5889685,0,0,0.05185097,0,0.1574589,0.4301398,0,0,0,0,0.3336745,0.3876207,0,0.09889626,0.3792638,0,0,0.1250929,0.5370484,0,0,0,0.5467961,0,0.3406734,0.09701017,0,0.1932162,0,0,0.3033448,0.308487,0,0,0,0.2515146,0.342378,0.1442784,0.02634617,0.130003,0.2041788,0,0.5226513,0,0,0.1407242,0,0,0,0,0,0,0,0,0.2108193,0,0,0.2899908,0,0.5490811,0,0.2412073,0,0,0.02240852,0.03789467,0,0,0.3242736,0.04027892,0.106345,0.09079777,0,0,0.2555456,0,0,0,0,0,0,0,0,0,0,0,0,0,0,0,0,0,0.08522368,0.7473139,0,0,0,0,0,0,0,0,0,0.1065559,0,0.2976513,0.8528088,0,0,0,0,0,0,0,0,0.2339543,0.6610974,0,0.5306023,0,0.4354263,0,0,0,0,0,0,0,0.1981386,0,0,0,0,0,0.08982287,0,0,0,0,0,0.03622518,0,0,0,0,0.1026385,0,0,0.7768212,0,0,0,0,0.2782201,0,0.1018419,0,0,0,0,0.02854411,0.3039652,0,0,0,0,0,0.08265918,0,0.1804327,0,0,0,0,0.1961193,0.09170461,0.1672375,0,0,0.1431462,0.8175591,0,0.09031977,0,0,0,0,0.354668,0,0,0,0.7933418,0.607739,0,0,0,0,0.5705523,0,0.3184778,0,0,0,0,0.05950856,0,0.2694508,0.6265762,0.07763166,0.09546263,0,0,0,0.7410893,0,0,0.4507669,0.1361065,0,0,0,0,0,0,0,0,0,0.1880437,0,0,0,0,0.1163945,0,0,0.08878849,0,0,0,0,0,0,0,0.2829296,0.00968095,0.6258683,0.2240763,0.2143414,0,0,0,0.2494729,0,0,0.2943751,0,0,0,0,0,0.3463487,0,0,0,0,0.1130018,0,0,0.5896232,0,0.30557,0.341121,0.1529408,0,0,0,0,0.1488571,0,0.2817097,0.04825135,0.1759883,0.1166187,0,0,0.02474213,0,0,0.1357977,0,0.1957883,0,0,0,0,0.3727176,0,0,0.4562702,0,0,0,0,0,0.05634076,0.09725506,0,0.4023862,0.2690305,0,0,0,0,0,0,0,0.03155244,0.2468477,0,0.2174984,0.5132912,0,0,0.007482958,0,0,0,0,0,0.3214138,0,0.4672924,0.6394221,0,0,0.5114317,0,0,0,0,0,0,0.1201231,0,0,0,0,0.5652766,0,0.3169937,0,0.3764056,0,0.1719039,0,
0.09533316,0.1324549,0,0,0,0.09864472,0.04522188,0,0,0.2283231,0,0,0,0,0,0,0,0,0.4855174,0,0.8301795,0.4395581,0,0,0.6254228,0,0,0,0,0.3593008,0,0.6031934,0,0,0,0,0,0.2471186,0,0.143745,0,0.5478036,0.08335613,0.1849132,0,0.1137006,0,0.6229531,0,0,0.3579382,0.1578264,0.0579472,0.4781503,0,0.4847428,0.320228,0.9777563,0,0,0.03645472,0.1332881,0,0.1572377,0,0,0,0.5078461,0.1195999,0,0.798979,0,0,0.2191472,0.04785215,0,0.4407898,0,0.1672168,0,0.01526622,0,0.1312319,0,0,0,0,0,0.627339,0.1257096,0,0,0,0.4110288,0,0,0,0.08350218,0,0.02486891,0.01839237,0,0,0,0,0,0,0,0.8860576,0.3186121,0.4696055,0,0,0,0,0,0,0.03881083,0,0,0,0,0,0.09948971,0,0.08659638,0.7524775,0.6430752,0.01672956,0,0.1716331,0.1371076,0.2605534,0.6655318,0,0.1783296,0,0,0,0,0.1041125,0,0.151973,0.06511595,0,0,0,0,0,0,0,0.302611,0,0,0,0,0.03291954,0,0,0.12002,0,0.5714304,0.1058441,0.05233213,0,0,0,0,0,0,0,0,0,0.3816891,0,0,0,0,0,0,0,0,0,0.03182087,0,0,0,0.4488302,0,0.149382,0,0,0.2884785,0,0,0.04801515,0.1092564,0,0.08179709,0,0.1903579,0.4915127,0,0,0.06480742,0.02094226,0,0,0.08879194,0,0.5909658,0,0,0,0,0,0.009236033,0,0,0,0,0.4760797,0.1379976,0.4971218,0,0,0.6496758,0,0,0.02763175,0,0,0.1700036,0,0.170187,0,0.08111957,0.02117497,0.208096,0.08653247,0,0,0,0.03225872,0,0,0,0,0.1795956,0,0,0,0.3008821,0,0.1957,0.4548417,0,0,0,0,0.09200282,0,0,0,0,0,0,0,0.2971553,0,0,0.0706216,0,0.03329266,0,0,0,0,0,0,0.2688896,0,0,0.3518488,0,0.0530872,0,0.4012098,0,0,0,0,0.3255797,0,0.06370901,0,0,0.4285048,0,0.02317896,0,0,0,0,0,0.6247483,0.221334,0,0,0.172986,0,0.4875999,0.1354185,0,0,0.477556,0,0,0.2521558,0,0.02602337,0.8343986,0.1636679,0,0.002966938,0.2577036,0.2501749,0,0.0053581,0.3713156,0,0,0,0,0,0,0.3220606,0,0,0,0,0.1460178,0.3504675,0,0.3705187,0,0,0.1164488,0.4205616,0.2320278,0,0.1565907,0,0.2401733,0,0.4138375,0,0.4639758,0,0.3648838,0,0.4339027,0,0,0,0,0,0.10765,0,0.1025888,0,0,0,0,0,0,0,0,0,0.1041769,0.1736268,0,0.1596199,0,0,0,0.4916505,0.3555805,0,0,0,0,0,0,0.2905339,0.9108056,0.281893,0.09263843,0,0,0,0,0.01308403,0.2236455,0,0,0,0,0,0.611538,0,0,0,0,0.04157706,0.08018139,0.07997088,0,0.1980647,0,0.0837881,0.2576055,0,0,0,0,0,0,0.05970558,0.5753783,0,1.035447,0.2449621,0.09693194,0,0,0,0.7505703,0,0,0,0,0,0.4266756,0,0.2408673,0,0,0.4222282,0,0,0,0.3148474,0,0,0,0,0.06801203,0,0.4456303,0.02867056,0.1290144,0,0,0.08875513,0.3061063,0.1771114,0,0,0,0,0,0,0.02594837,0,0,0,0,0,0,0.06483976,0,0,0,0,0,0,0.07716411,0.1465912,0,0,0.002782548,0.2273929,0.3685769,0,0.2939044,0,0.4617855,0,0.5844487,0.2856949,0.1349067,0.1458234,0.1098317,0.02785771,0,0.01626989,0,0.5871335,0.1073528,0.2696127,0,0,0.3488954,0,0,0,0,0,0.1114349,0,0,0,0,0.4364597,0.04252185,0.1848571,0.001895029,0,0,0.4199443,0.2058864,0,0,0.01540624,0,0.1455655,0,0.1976974,0,0.1510679,0.5932409,0.4137331,0.5565806,0,0,0.1286728,0,0,0,0.1331234,0.1166881,0.2588571,0,0.01593646,0,0,0,0,0.03585204,0,0,0.4759058,0,0,0.091337,0.1431829,0,0.01417975,0,
0.6306979,0.02437759,0.3060934,0,0,0,0.05328248,0.03009663,0.4200853,0.2366493,0,0,0,0.003753059,0.7044153,0.3713011,0,0,0,0.1015575,0,0.01081801,0,0,0.3891785,0,0,0,0,0,0,0,0,0,0.06000622,0,0,0,0.04872251,0,0,0,0.08129504,0.0617461,0,0.0344612,0,0,0,0.277221,0,0.105545,0.3693698,0.4517046,0.1531176,0,0.4208591,0,0.5272106,0.9307368,0,0,0,0,0,0,0,0,0,0,0,0.436542,0,0,0,0,0,0.2482784,0,0.9401577,0,0,0.2190301,0,0.1727699,0,0,0.4887527,0,0.04632753,0.7419128,0,0.3940399,0,0.4500374,0,0,0.03333636,0,0.04398884,0,0,0,0.0308261,0,0,0.1703031,0.3280135,0,0.7637101,0,0,0.5814118,0,0.2752193,0.4317366,0,0,0,0.3124782,0.1791167,0,0,0.5665734,0,0,0,0.2006749,0,0,0.005578588,0,0,0,0.3389882,0,0,0,0.09902921,0,0,0,0,0.5057843,0,0,0,0,0.4526022,0,0.6308961,0,0.3404161,0,0,0,0,0,0,0,0,0,0.2965379,0,0,0,0.6736473,0,0,0,0.1820116,0,0.09774607,0,0.5601407,0.1960546,0,0,0.2087855,0,0.01883781,0.1424536,0,0.2899832,0.06708228,0,0.2168432,0,0.3438675,0,0,0,0.1987286,0,0,0,0,0,0,0.03593716,0.3028038,0.1694823,0.1106848,0.1240656,0,0,0,0,0.4309756,0,0.1359175,0,0.6558424,0.1515515,0,0,0,0,0,0,0,0,0.5028614,0,0.8089973,0,0,0,0,0,0.1472144,0,0,0,0.3798123,0.1721193,0,0,0.08632065,0,0,0,0,0,0,0,0,0.2966656,0,0,0,0.06053568,0,0.1103269,0.3921417,0,0,0.1836722,0,0,0,0,0,0.7551582,0,0.7217921,0,0.1990307,0.3442431,0,0.1363486,0,0,0,0,0.4714917,0,0,0,0.3629033,0,0.02368302,0,0,0,0,0,0,0,0.003810637,0,0.4432577,0,0,0,0,0.20841,0.606681,0.1749848,0,0,0,0,0,0.4179795,0,0,0,0,0.3643477,0.6094238,0,0,0.05189997,0.4349577,0.05099823,0,0.05849857,0.4104568,0.3114932,0,0,0,0.2466572,0,0.1196447,0,0.1649883,0.003059222,0.1286026,0.0406478,0.07393239,0,0.0873619,0,0,0,0,0,0.0936838,0,0,0,0.03262026,0,0,0,0,0,0,0,0,0,0.3351477,0,0,0,0,0,0,0,0,0,0,0,0,0.01375086,0.08620791,0,0,0.1082189,0,0,0,0,0,0,0.753616,0,0,0,0,0.1767785,0,0,0.1490735,0,0.2467171,0,0,0,0,0,0,0.5063944,0,0,0,0.05300004,0,0.02947177,0,0,0,0,0.1641689,0,0.123234,0.2303339,0,0,0,0,0,0,0,0,0.3115462,0,0,0.1236669,0,0,0,0,0,0,0.005773515,0,0,0,0.3560684,0,0,0.5123904,0.1907863,0.4217967,0,0.189203,0,0,0.2562203,0,0.3938658,0,0,0,0,0,0,0.1288599,0,0,0.04691897,0.3758361,0,0,0,0,0,0.01414525,0.2880491,0.3622741,1.312109,0,0,0,0.02568153,0,0,0.1321282,0,0.03591385,0,0,0,0,0.2196993,0.03097071,0,0,0.05761021,0,0.0524845,0,0.05420234,0.1068209,0,0.1489991,0,0,0,0.605961,0,0,0,0,0,0.366014,0,0,0,0,0.2968034,0,0.595253,0.03852569,0,0,0.5659498,0,0,0,0,0,0,0.3115242,0.0292077,0.1441059,0,0,0.7113723,0.1434075,0,0,0.04168056,0,0.2110647,0,0,0,0,0,0.1839591,0,0,0,0.02267546,0,0.8424841,0,0,0,0,0.0393825,0,0,0.01510231,0,0,0.2148519,0,0,0,0,0,0,0.3483278,0,0,0.4894673,0.1711929,0,0,0,0,0,0.3089512,0.877393,0,
0,0,0,0.4130759,0,0,0.3261555,0.1740852,0,0,0,0,0,0.1818252,0.283654,0.5070402,0.01288932,0.03673182,0,0,0.02079994,0,0.1028016,0,0,0.1295344,0,0.1188227,0.5790642,0,0,0,0.1011769,0.170549,0,0.4505666,0.526755,0.2459199,0,0,0,0,0,0,0,0,0,0,0.4035721,0,0.2973275,0,0.7108381,0.1638769,0,0,0.1505383,0.6434329,0.5572085,0.3691462,0.07845053,0.3360351,0,0,0,0,0.01725148,0,0.5435681,0.3861269,0,0.102895,0,0,0.002414499,0.108533,0,0.2829202,0.1081167,0.2949648,0,0,0,0,0,0.03579739,0,0,0,0,0,0,0,0,0.4340377,0.09921443,0,0,0.01342503,0.178492,0,0.5524951,0,0,0,0,0,0,1.345358,0,0,0,0.3243765,0.2269107,0,0.2660554,0.5040283,0,0,0.06057194,0,0.4396927,0.01377345,0,0,0.08183552,0.4852778,0,0.05952214,0,0,0,0,0.2907789,0.3424233,0,0,0.2475492,1.127738,0.6893408,0,0,0,0.3653784,0.2089055,0,0,0,0,0,0.2485543,0,0,0.05085893,0.4131097,0,0.4485112,0.01774691,0.02669609,0,0.5287393,0,0.07425861,0.6106763,0,0.3617688,0,0.04018015,0,0,0.2730057,0,0,0,0,0.3034707,0.1280215,0,0,0,0,0,0,0,0,0.04638139,0,0.3525371,0,0.01846648,0,0,0,0,0.1346236,0,0,0,0.759994,0.4854905,0,0,0,0,0.01727144,0.0810452,0,0,0.2370266,0,0,0.5402664,0.4082979,0.2615817,0,0,0,0,0.2368868,0.3381946,0,0.4406981,0,0.5272182,0,0.01013928,0.0401338,0,0,0,0.3367673,0,0,0,0.05686702,0.1010182,0,0,0,0,0.4957171,0.5877343,0.1033916,0.1505439,0.717636,0,0.05862538,0.4195976,0.1251602,0.3912897,0,0.1085275,0.1199953,0,0.4284473,0,0,0,0,0.04350121,0,0.03436173,0,1.080258,0.2527485,0.05334836,0,0,0,0.2826706,0,0,0,0,0,0,0,0,0,0,0.3294578,0,0,0.02342978,0,0,0,0,0,0,0,0,0,0,0,0.2994288,0,0,0,0,0,0,0.09884464,0,0.4280221,0.1375714,0,0.6482975,0,0.07204617,0,0.3900281,0.07279564,0.1299095,0,0.3891119,0,0.05687717,0,0,0,0,0,0,0,0,0.3755712,0,0,0,0.004273017,0.1911199,0,0,0,0.02473754,0.2287705,0,0,0.299469,0,0.3521703,0.1215201,0.3657701,0,0,0,0,0,0,0,0.4293238,0.3401746,0.1233248,0,0,0.8568999,0,0,0.2742241,0,0,0,0,0,0.09945747,0,0,0,0,0.1564967,0,0,0.3763849,0.08121476,0,0.3053189,0,0,0,0,0,0,0,0.2138935,0.4330348,0,0,0,0,0,0,0,0,0,0.2951866,0,0,0.01286248,0,0,0,0,0,0.009320939,0,0,0,0,0,0,0,0,0,0.2209988,0,0.04083892,0.03890308,0,0.3693576,0,0,0.522248,0,0.0807611,0,0.413644,0.05732623,0.04754534,0,0.478586,0,0,0,0,0,0.1681104,0,0,0,0,0.6060107,0.1365134,0.883097,0,0,0,0.02875992,0,0,0,0.3827347,0,0,0,0.4344848,0.01284927,0,0,0,0.1362805,0,0,0,0,0,0,0,0,0,0,0.1632237,0,0,0,0,0,0.2380556,0.3038044,0,0,0.6479062,0,0.07575262,0,0,0,0,0.3821776,0.1401247,0.09224717,0,0.1737299,0,0.1165475,0,0,0,0.1201508,0,0,0,0,0,0.3066219,0.4042857,0,0,0.2003403,0,0,0.2618263,0.1519061,0,0.6371815,0,0,0.1257234,0,0,0,0,0,0,0,0,0,0,0.6181778,0.01165916,0.3480569,0,0,0.1416507,0,0,0,0.2868901,0,0,0.4967147,0.09645811,0,0,0,0.1304836,0.08310158,0.7456743,0.1810462,0,0,0,0,0.1743391,0,0,0,0,0,0.1407509,0.2623496,0,0.2481813,0,0,0,0,0,0,0.1038269,
0.00714575,0,0,0,0.6693666,0.1902974,0,0,0,0,0,0.4053975,0.8060352,0.3743174,0,0,0,0,0.008746524,0,0,0.08280759,0,0,0,0,0,0,0,0,0.03918957,0,0,0,0.1301072,0.006327541,0.0003085105,0,0.2808219,0,0.3835891,0,0,0,0,0.2994369,0,0,0,0,0,0,0.2021879,0,0.002292258,0,0.2805705,0.5904254,0,0.389976,0.2317273,0,0,0,0.1679903,0,0.3095177,0,0,0,0.01931359,0,0,0,0.1632144,0.1218161,0,0,0.03906621,0,0,0,0.2339138,0,0.04954695,0,0,0.428423,0,0,0,0,0.4147028,0,0,0,0.448016,0,0,0,0,0,0,0,0,0,0.2024496,0,0,0,0,0,0,0,0,0.8382408,0,0,0,0,0.08378892,0.001471231,0.1535711,0,0,0.02030927,0.3486139,0,0.5722616,0,0,0.2006391,0,0,0.2772863,0.07127886,0,0,0.6293185,0.1133856,0,0.6055015,0,0,0,0,0,0,0.454638,0,0,0,0.2114176,0.1051621,0,0.3727671,0,0,0,0,0,0.3655879,0.1004795,0,0,0,0,0.3340281,0,0,0,0.2681699,0,0,0,0,0.04332203,0,0,0,0.3841628,0,0.5644214,0,0,0,0.5306627,0,0.910589,0.467501,0.7188441,0,0,0,0.2060079,0,1.076441,0.08117601,0,0,0.517093,0,0,0,0,0,0,0,0.197504,0.242691,0.07629089,0,0.4422368,0,0.07875443,0,0.5697897,0,0,0.1309492,0,0,0.08756238,0.2648624,0,0.7871133,0,0,0,0,0.1509848,0.02539011,0.1988784,0.08036883,0,0.4339838,0.3016218,0,0.4515451,0,0,0,0.1160398,0,0,0,0,0.3932222,0,0,0,0,0,0,0.1391917,0,0,0,0,0.2132197,0,0,0,0,0.1064268,0,0.09532618,0,0,0.1292412,0.4002614,0,0.3939117,0,0.9230123,0.3597122,0,0.5734842,0,0,0.2902794,0.4924579,0,0.3853849,0.1276017,0,0.03377845,0,0,0,0,0.2739413,0,0.09429993,0,0.3224173,0.1815941,0,0.2559425,0,0,0.1957509,0,0.1931712,0.2796281,0.4753875,0,0.09384709,0.2267867,0.09393395,0,0,0.01599796,0,0,0.6360191,0.3169746,0,0,0,0.07342473,0.3426168,0.2613246,0,0.3527349,0,0.2855099,0,0,0.06041382,0,0,0.02488438,0.2858307,0,0,0.2395379,0.1237316,0.1835252,0,0,0.2521966,0.1119246,0.08702864,0,0.2321509,0,0.1502961,0.1226489,0.0004912062,0,0,0.3629219,0,1.31203,0,0,0.3387007,0,0.07432369,0,0,0.2685321,0,0,0,0,0.4212377,0.3693766,0.5197136,0,0,0,0.6194711,0,0.5443709,0.3866517,0,0.1571551,0,0,0.1424703,0.6207073,0,0.757809,0.398702,0,0,0,0.4511594,0,0,0,0,0,0.2877472,0,0,0,0,0.2408328,0,0,0,0.2970021,0.1761197,0,0,0,0,0,0,0,0.4488529,0.1602008,0,0,0,0.08165588,0.6027781,0,0,0,0.4825075,0.2280225,0,0,0.2386725,0.1193293,0,0,0.003122144,0,0.02389286,0.3211278,0.1405947,0.5048195,0.1887923,0,0,0,0,0,0,0,0.6165504,0,0,0,0,0,0,0,0,0,0,0,0,0.1451608,0,0.1341417,0,0,0.4141828,0,0,0.0622404,0.2238157,0,0,0,0.3145081,0,0,0.2304405,0,0.1624432,0,0.06346888,0,0,0.3620774,0.07385044,0,0,0,0,0,0.281271,0.488022,0,0.3954479,0,0,0.3307852,0,0.1413076,0,0.6266825,0.3205841,0.7546543,0,0,0,0,0,0.146397,0,0.300083,0.03018853,0,0,0,0,0.3044751,0,0,0.01031286,0,0.2407733,0,0,0,0.00641942,0,0,0,0.1658911,0.1175188,0,0.1249413,0,0.3203958,0.09585066,0,0,0,0,0.7853813,0,0.4002939,0.1541803,0.06340925,0,0.05820913,0,0,0.5185302,0,0,0.3921135,0,0,0,0.05640111,0,0,0,0,0,0,0,0.6575606,0.6656558,0.09152441,0,0,0,0.2448621,0,
0.6219469,0,0.3103451,0,0,0,0,0,0,0.5857332,0,0,0.467408,0,0.1742349,0,0,0,0,0,0.2177878,0,0.185596,0,0.2585918,0,0.1491283,0.02015965,0,0,0.384627,0,0,0,0,0,0,0,0.5460939,0,0.0890466,0,0,0.1855689,0.7229195,0,0,0.002760754,0,1.036373,0,0.3247798,0,0,0,0,0.5674506,0,0,0.1078524,0.5965703,0,0,0,0,0,0,0,0.4878524,0,0.1720681,0.715578,0.08070832,0,0.2406586,0.426839,0,0.05407732,0,0,0.1259631,0,0,0,0,0,0,0,0,0,0.1424714,0,0,0,0,0,0.1291616,0.4460514,0.2317271,0,0,0,0,0,0,0,0.1253328,0.1128205,0,0,0,0,0,0,0,0,0.1736189,0,0,0,0.2262541,0,0.06801401,0,0.6915109,0,0.6696177,0,0.1341144,0,0,0,0,0.2226216,0.06589126,0.6012539,0.174635,0,0,0,0,0,0,0,0,0.6147161,0,0,0.2508081,0,0.1281007,0,0.02873422,0,0.4167973,0,0,0,0.006061411,0.7146849,0.2901194,0,0,0,0,0,0.2565782,0.2526569,0,0,0,0,0.5701815,0.08725631,0.07697576,0,0,0,0.04661575,0,0,0,0,0,0,0.1714476,0,0,0.6224056,0.6700925,0.3983972,0.3114271,0,0.2861852,0,0.3663179,0.395166,0.6863268,0.6881787,0.6667088,0.1724619,0,0,0,0,0,0,0.08202451,0,0.2383107,0,0.7678542,0,0,0.4391814,0.1851673,0.07225176,0.1859811,0.1269498,0,0.4655649,0.1123522,0,0.3123508,0,0.07952444,0,0,0,0,0.5332326,0.04754191,0,0,0,0,0,0,0.6414523,0.4565938,0.08408891,1.018678,0.1750035,0.8004056,0,0,0,0,0.3396801,0.5200332,0.05184302,0,0,0.1012914,0,0,0,0.1042247,0,0,0.04082309,0,0,0.1448359,0.05109406,0,0,0,0.3882246,0,0,0,0.1379942,0,0.1319968,0.1189924,0,0.3314729,0.2183592,0.004440337,0,0.7441067,0,0.01012888,0,0.1723869,0,0,0.163245,0.09816773,0,0,0,0,0,0,0,0,0.5250909,0,0.3122151,0.1936736,0.161808,0.510753,0,0.1211304,0,0.3675503,0.3756117,0.1075552,0.5009122,0,0,0,0.05011262,0,0,0,0,0,0,0,0,0,0,0.01299248,0.1610877,0,0,0,0,0,0,0,0,0.6012878,0,0,0,0.5155729,0.7784891,0,0.1169561,0.1262336,0,0.06896391,0,0,0.2791254,0.2879129,0,0,0.1122713,0,0,0,0.1298139,0,0.1382328,0.5793945,0,0,0.3893593,0,0.3221347,0.3590892,0,0,0.06204912,0,0,0.2032333,0,0,0,0,0,0,0,0,0,0.1207657,0,0.6460392,0,0.368966,0,0.3536679,0,0.1607751,0.1013562,0,0,0.2253613,0,0,0.2192717,0,0.04408886,0,0.1293955,0,0.01915485,0,0,0.4265069,0.01948213,0,0,0.1499124,0,0,0.2972627,0,0.3917399,0.6771734,0.2916954,0.3210905,0,0.115345,0,0,0.464018,0,0.2742309,0,0,0.06798434,0,0.3190875,0.5440009,0,0,0,0.05757613,0,0,0.3465834,0,0.1078091,0,0.4852884,0,0.007479766,0,0,0,0,0,0,0.5448977,0,0,0.2609006,0,0,0,0,0.4813761,0.03327156,0,0,0,0,0,0.01714978,0,0,0,0,0,0.08137808,0,0.5937462,0.08404575,0,0,0.740401,0,0,0,0.1725191,0,0.08226407,0,0,0,0,0,0.03413762,0,0,0.1894216,0,0,0.06374752,0.02380473,0,0.6332791,0,0.1075627,0,0,0.5579085,0,0,0,0,0,0,0,0.2271407,0,0,0,0.2078989,0,0,0.377006,0,0,0,0.198535,0,0,0,0,0.1420194,0,0.09052078,0.3700902,0.03368491,0,0.6710113,0,0.2755868,0.3848326,0,0.2274072,0.2581047,0.1962012,0,0.3767509,0,0.3703342,0,0,0.3333751,0,0,0.08664077,0,0.2941129,0,0.2354615,0,0,0,0.5728929,0.4072154,0,0.5193524,0.02988615,0.7427045,0,0.1740974,0,0.2305434,0,0,
0,0,0.3013837,0.4363059,0.1602734,0,0.3466538,0,0,0.8120406,0,0,0,0.1813673,0,0,0.3580327,0.06397922,0.3163517,0.2505274,0,0.6703431,0.896996,0,0.6843439,0,0,0.4522425,0,0,0.1882393,0,0.2488948,0,0.2786129,0,0,0,0,0,0.02732798,0.1728314,0.2241294,0.3659741,0,0,0,0,0,0,0,0.6380169,0.1306283,0,0,0.3123301,0.1975166,0,0,0.3695169,0.08728394,0,0,0,0,0,0.5305278,0.1243085,0,0,0,0,0,0.2106181,0.5799902,0,0,0.01010372,0.5070347,0,0,0.4016856,0.6586196,0.03010795,0.2568642,0.1132766,0,0,0.08118348,0,0.518366,0,0,0,0,0,0,0,0,0.145273,0,0,0,0,0,0,0.09870075,0.06572392,0,0.4841551,0,0.6610779,0,0,0.5824754,0,0.2531921,0,0,0,0,0,0.04633694,0,0,0,0,0.06151176,0,0,0,0,0,0,0.1923533,0,0,0,0,0,0.2203193,0.006645712,0,0.2004313,0,0.4769763,0.1064672,0,0,0,0,0,0,0,0,0,0,0.1562694,0.05159556,0,0,0.1947719,0,0.2883196,0,0,0.1722526,0.6782563,0.02468933,0,0.8029802,0,0.3831861,0,0,0.5202737,0,0,0,0.3172896,0,0,0,0.07191548,0.06080304,0,0.1379625,0.3840883,0,0,0.2295837,0,0,0.1664405,0,0.1020501,0.4595438,0,0.02002401,0.1630634,0.5310236,0.2859322,0.02247321,0.6364217,0.04804577,0,0,0.3683698,0,0,0,0,0,0.3256194,0.03581114,0,0.08441083,0,0,0,0,0.2950308,0,0,0,0.08365653,0,0,0,0,0,0.8110694,0.3473538,0.15792,0.04490813,0,0,0.4509125,0,0.780283,0,0,0,0,0,0,0,0.09982377,0.0100592,0.1009201,0.9004292,0,0,0,0,0,0.1750607,0.09581935,0.1372805,0,0.4609198,0,0,0,0.6017537,0,0,0,0.2857572,0,0,0,0,0.4420612,0,0,0.2619013,0,0,0,0,0,0.01587382,0.1160796,0.1557372,0.1668159,0.02553804,0.2436865,0,0,0.06553347,0.7389063,0,0.09912486,0.1007367,0,0.02062951,0,0,0.2291581,0,0,0,0,0,0,0,0,0,0.3065396,0.06303906,0,0,0,0,0,0,0.4396141,0,0.7919165,0,0,0.3748497,0,0,0,0,0,0.4382315,0.2378338,0,0,0,0,0,0.4470338,0,0,0,0,0.03244066,0,0,0,0,0,0.2790998,0,0.03690321,0.07161044,0.04120456,0,0.02487444,0.3832667,0,0.114403,0.1720358,0,0,0,0.07870433,0,0.4901951,0,0.07639308,0,0.1580265,0,0,0,0,0,0,0,0.5319701,0,0,0,0.486004,0.3086251,0.4585106,0,0.9748591,0.01295859,0.283052,0,0,0,0.05444731,0,0,0,0,0,0,0,0.5000454,0,0,0.1718847,0,0,0.2165376,0,0.1594696,0,0,0,0,0.06953897,0,0,0.003561125,0,0.5007933,0.2064711,0,0,0,0,0.1404195,0,0,0,0,0,0.1261645,0,0,0.3678803,0.2812792,0,0.4863683,0,0,0.1254753,0,0,0.04005608,0,0.5616953,0,0.1784822,0,0,0.2147811,0,0.1562606,0,0,0.07889336,0,0,0,0,0,0,0,0,0,0,0,0,0,0.0808373,0,0,0,0,0,0,0,0,0,0.03920341,0,0.8465272,0,0.04596138,0,0,0,0,0,0,0,0.2974312,0.08710118,0.05107287,0.7069936,0,0.6757097,0,0.676003,0,0,0,0,0.1938329,0,0.1521596,0.2115111,0,0.2830918,0,0,0,0.1209774,0,0.2055448,0,0,0,0,0,0.0523069,0.2147073,0,0.2727827,0,0,0.001467898,0.06786533,0,0.4022377,0.07008252,0,0,0,0,0,0,0,0,0,0.1765722,0.09379558,0,0.6932175,0.09602182,0,0.2579021,0,0,0.738497,0,0,0.5907729,0,0,0.3546899,0,0,0,0,0.5726098,0,0,0,0,0,0.2330119,0.1668439,0,0,0,0,0.5355356,0,0,
0.245726,0,0,0,0,0.02890895,0.3993877,0,0,0.2271754,0,0,0.008755473,0,0,0,0,0,0,0,0,0,0.4536768,0,0.1117633,0.06744906,0.02301167,0,0.3406513,0,0.1300396,0.3873728,0.1977654,0,0,0,0,0,0.2438317,0,0,0.05155986,0,0.1271392,0.0466332,0,0.1696438,0,0,0.07760303,0,0,0,0,0.8898301,0,0,0,0,0,0,0.1888411,0,0.08320575,0,0.131093,0.1452121,0.5081407,0.9703558,0,0,0,0.1663608,0.3123875,0.3085429,0,0.08523032,0,0,0.09814741,0,0,0,0,0,0.329538,0,0,0,0.8018461,0.4769982,0,0,0.820709,0,0.5250757,0.4953521,0,0,0,0.04005406,0,0.07472478,0.5136523,0,0.001392572,0,0,0,0,0,0,0,0,0.7545493,0.1886871,0.2716826,0,0,0,0,0,0,0.05957493,0,0,0,0,0,0,0,0,0,0.5885438,0,0,0,0,0,1.068875,0,0.02052195,0,0.09230416,0,0.06440444,0,0.6060405,0,0.1097003,0,0,0,0.7887231,0,0.2968393,0.3247867,0.4395312,0.05128721,0.0972605,0,0,0.05863425,0,0,0,0,0.4564345,0,0.1256481,0,0,0,0.5181621,0,0,0.1549893,0,0.5177586,0,0,0,0,0.2136731,0,0,0,0.2975219,0,0.3281985,0,0,0,0,0,0,0.4645848,0,0,0.8571166,0.04692597,0.1232172,0.03359321,0,0.593515,0.1814824,0,0.1688364,0.01610338,0.2618126,0,0,0,0.8815224,0.1052243,0,0.9340268,0.3108999,0.2248555,0.5858302,0.2882845,0,0,0.1287111,0.1995106,0,0.6116611,0.4073599,0,0,0.2069166,0,0,0,0.4435926,0,0,0,0.6640255,0.6036255,0,0.7579624,0,0,0,0,0,0,0,0.4838824,0.3846223,0.4854456,0,0,0,0,0.111016,0.003188501,0.6657093,0.1561699,0,0,0,0.2419831,0,0,0,0,0.2449862,0.0438664,0,0,0,0.09217517,0,0,0,0.4662486,0.005309463,0.08656352,0.0211451,0.2842817,0.06408555,0,0.03896657,0,0.2455195,0,0.2362981,0,0,0,0.1602652,0,0,0,0,0,0,0,0,0,0,0,0,0.4538731,0,0,0,0.598694,0,0.0158503,0.3291038,0,0.1225865,0.07010151,0.1368901,0,0,0,0.369366,0,0.2861105,0,0,0,0,0,0.4793582,0,0.1772105,0.2753073,0,0,0,0.2912475,0,0.1325979,0,0.1297218,0,0,0,0.4334031,0,0,0,0,0.08583671,0.2690252,0.01138388,0,0,0.5212821,0,0.1625966,0.5353945,0.04409947,0.09132819,0,0,0.1903341,0,0.3252593,0,0,0.2437637,0.7061757,0,0,0,0.01754861,0,0,0,0,0,0.0245503,0.3828464,0,0,0.4479984,0,0.3973145,0.1579482,0.3423622,0,0,0,0,0,0,0,0.3940815,0.2186522,0,0,0.2930078,0,0,0.1634102,0,0,0,0,0,0,0.06803893,0,0.3130277,0.3215044,0.5650638,0,0,0.1375401,0,0,0.2261993,0,0.1019699,0,0.4836895,0.543431,0.3437192,0.2582342,0,0.214794,0,0.1948375,0,0,0,0,0.5544934,0,0.1953607,0,0,0.05442778,0,0,0,0.4797876,0,0,0,0,0.6925414,0.09792368,0.337615,0.2407588,0.3881741,0.4945652,0,0,0,0,0,0.9099448,0.5117639,0.1012138,0,0,1.337074,0,0.1004663,0,0,0,0,0,0,0.3214995,0.1636178,0,0.003022588,0.5007904,0.6388067,0,0,0,0,0,0,0,0.6753023,0.1369824,0.3251329,0,0,0.1044726,0,0,0,0,0.4077666,0.4485493,0,0,0.1559531,0.09292046,0.07690225,0,0,0.4605969,0,0,0.07341798,0,0.530624,0,0,0.7216507,0,0,0.05921798,0,0,0,0.2934603,0.1701034,0.6771517,0.04089681,0,0,0,0,0,0,0.220815,0,0.2830522,0,0,0,0.5633489,0,0,0.2748911,0,0,0.7746034,0.07950103,0,0,0,0,0.9887811,0,0,0,0.2771106,0.3593806,0.01044902,0,0,0,0.1728642,0.3642355,0,0,0,0.1961169,0,0,0,0.01129832,0,0.01953222,0.8298847,
0,0,0,0,0,0.01842474,0,0,0,0,0,0,0,0,0,0,0,0,0,0,0.1884495,0,0.08721995,0,0.1796045,0,0,0,0.1612449,0,0,0,0,0,0,0,0.0745621,0.1291665,0,0,0.5365482,0,0,0,0,0,0,0,0.6179458,0.1827202,0,0,0,0,0,0.661728,0.8288262,0,0.4499999,0,0,0,0,0.6887503,0,0,0,0,0.6887818,0,0,0,0.22064,0,0,0,0,0.4685678,0,0,0,0,0,0.4284305,0,0,0,0,0,0,0.06434634,0.3152133,0,0,0,0,0,0.559495,0,0,0,0,0.1330569,0,0,0.06460396,0.01528167,0,0,0.6058536,0,0,0,0.1081037,0.04292485,0.7604294,1.177719,0.1232397,0,0,0,0,0,0,0.5791427,0,0,0,0.2564231,0.05944933,0,0,0.1651515,0,0,0,0,0,0.1564035,0,0.3410861,0,0,0.5110472,0.1779717,0,0.002172701,0,0.1499839,0.2765515,0,0,0,0,0,0.04512211,0,0,0.4878966,0.3391338,0.7046476,0,0.09781519,0.3946504,0.05974034,0.2490094,0,0,0.9290535,0,0,0.1694916,0,0.06223907,0,0,0,0,0,0.7307102,0,0,0,0.06190943,0,0,0.4553516,0,0,0,0,0,0,0,0,0,0,0.02744207,0,0,0.3336024,0.2157883,0.4891098,0,0,0,0.2226171,0,0.03145211,0,0.1502469,0.3312764,0.05918671,0,0.1766051,0,0.1281389,0.7810464,0.4137286,0.344889,0,0.4109009,0.6480569,0.04578528,0,0,0.3740466,0.1409211,0.1756754,0.03360284,0.4460183,0.1001192,0.1470834,0.6420295,0.02061855,0.1755172,0.1244208,0.1068013,0,0.4716213,0,0,0,0.478197,0.2079603,0.917249,0,0.06389679,0.002028125,0,0,0,0.3404854,0.205563,0,0.9837509,0,0,0.2522182,0.06048442,0.5335071,0.1123673,0,0.431612,0.4860861,0,0,0,0,0,0,0.3218625,0,0.3943606,0.1595131,0.2179374,0,0.1157311,0.3795229,0.6467333,0.3776923,0,0,0.4716697,0,0,0.160788,0,0,0.2861096,0,0,1.193698,0.1435217,0,0.50875,0.6013137,0,0,0,0,0,0.5829136,0,0,0,0,0,0.06851368,0,0.07862991,0.5973434,0.4113182,0,0.3207189,0.04987184,0,0,0.2124059,0,0,0,0,0,0,0.02873879,0.02137039,0.08102632,0.14297,0.1014832,0,0,0,0,0.1898577,0,0,0.4184913,0,0.5182214,0,0,0,0.6752901,0,0,0,0,0.06985727,0,0.4822178,0.4188127,0,0.3010642,0,0,0,0.4652648,0,0.1846744,0,0.1070631,0.8061836,0,0,0,0,0.1165898,0,0,0,0,0,0,0,0.4105561,0,0.0289108,0.4750176,0.03702524,0,0,0,0,0,0,0.1620076,0,0,0,0.08104902,0.452681,0,0,0,0,0.09597698,0,0,0,0,0,0.8943217,0,0,0,0,0.03986298,0,0,0,0,0,0.05649883,0.1082382,0,0.2559179,0.2043978,0.3320609,0,0,0,0,0,0.7762702,0.2267749,0.111286,0,0.1735616,0,0,0,0,0,0,0.3472345,0,0,0.1110462,0.4024032,0,0.1903943,0.5911745,0,0,0.5932321,0.02694591,0,0.3328515,0,0.1746575,0,0,0,0.08163073,0,0.3986731,0.3328492,0,0,0.2588721,0.01953465,0,0,0,0.2230229,0,0,0.06501026,0,0.03123843,0.1231574,0,0.005925351,0.2102268,0,0,0.05128094,0,0,0.1000736,0.2403937,0,0.6888223,0.3676217,0,0.3376477,0.0902606,0,0.329254,0,0,0.3433423,0.3453866,0,0,0,0,0.07827299,0.6299303,0,0,0.8351597,0,0,0.1286137,0,0.04046814,0,0,0.3308672,0,0,0,0,0,0.1760118,0,0.1485413,0.1562764,0,0,0,0,0,0,0.7042384,0.1021369,0.4003939,0,0,0,0,0,0,0,0,0.2421259,0,0,0.0772581,0,0,0,0.05637719,0,0,0.1037431,0,0,0,0,0,0,0,0,0.1126375,0.3343326,0.3416308,0.8470393,0,0,0,0,0,0,0,0,0.3758066,0.2396321,
0.1023799,0,0.1291953,0,0,0,0,0.1168672,0.2870618,0,0.3793359,0,0.4138067,0,0,0,0.03554187,0.1922804,0.04506522,0,0,0,0,0.6615409,0,0,0,0,0,0,0.05240595,0,0,0,0,0,0.05903749,0.01193139,0,0,0,0.2619337,0,0,0,0.630996,0,0.04140725,0.4011595,0,0.0358981,0,0,0,0.2752064,0,0,0.1441438,0,0.5126571,0,0,0,0,0,0.2553065,0,0,0,0,0.03575566,0,0,0.4537767,0.2377777,0,0,1.030536,0,0,0,0.272617,0.01856972,0.7173243,0.4805212,0,0,0,0,0.5438514,0,0,0,0,0.03108231,0,0.5606516,0,0.7056642,0,0,0,0,0.09701986,0,0,0.4081658,0,0.1538614,0,0,0.0770989,0.04088257,0.1618115,0,0,0.08228897,0,0.8851843,0,0,0,0,0,0,0.3769887,0,0,0,0,0,0.1196056,0,0.6882513,0,0.2501187,0.1698851,0,0,0,0,0,0,0,0,0.4029794,0,0.351467,0,0,0.1206816,0,0,0,0,0.05008568,0.5694603,0,0,0.1178017,0,0,0,0,0,0,0.3844634,0,0,0.3629289,0,0,0,0,0,0,0,0,0.3098226,0,0,0.8618137,0,0,0,0,0,0,0.3019339,0,0,0,0,0,0,0,0,0.4360073,0,0.299727,0.07999456,0.0847728,0.4092098,0.201392,0.08341176,0.3474191,0,0,0,0,0.9190629,0.09418309,0.3664237,0.2334052,0,0,0,0.201783,0.1045052,0.792932,0.1739015,0.4129356,0.1845569,1.073247,0,0.03158388,0,0,0,0,0.4055293,0,0,0.5531442,0.7205434,0.01992548,0.4540666,0,0.3903511,0.7219648,0.5642106,0,0.1135037,0,0,0,0.2605837,0.2532223,0,0,0,0.1610493,0.1323539,0.1619107,0.242834,0,0,0.9054759,0.5628328,0.291264,0.5966036,0.3017639,0.3697363,0.3468743,0.1948799,0,0,0,0.1955454,0.3722813,0.3585142,0.1158978,0,0,0,0.7946062,0.183911,0.2559319,0.2795402,0.3072424,0,0.8703729,0.09507874,0,0.2835802,0,0,0.8081334,0,0,0,0,0,0,0.1486878,0.1400039,0.01320766,0,0,0,0,0.4048449,0,0.1973995,0,0,0.1997914,0,0,0.04154928,0,0.8502184,0.02548059,0,0.3574543,0,0,0,0.04266867,0.2128853,0,0,0,0.01436637,0.1450991,0,0,0,0,0.1255783,0,0,0.03132204,0.8348138,0.1139025,0,0,0,0,0,0,0,0,0,0.1002499,0,0,0.1668344,0,0,0,0,0,0,0,0,0.09523752,0,0,0.1996888,0,0,0,0.1525979,0.4186903,0,0.009781014,0.1871687,0,0,0,0.1398112,0.03111718,0,0,0.2564951,0.05133495,0.5050139,0.4223139,0,0.09543514,0.02020765,0,0.2996817,0,0.4164871,0.09257665,0,0,0,0,0,0,0,0,0,0,0,0,0,0,0.1291869,0,0.1889086,0,0,0.2002653,0,0.1881946,0,0.4274784,0.02533974,0.5373396,0,0,0.4205072,0,0,0,0,0,0,0.5263169,0,0,0,0,0,0,0,0,0.0319953,0,0.2921056,0,0.4651646,0,0,0,0.4878744,0,0,0,0.6600274,0,0,0.283195,0,0,0.07528935,0,0,0.04405618,0,0,0.3479784,0.01894174,0.05704833,0,0.1806829,0,0,0.4358207,0,0,0,0,0,0,0,0.4123493,0.09228014,0.09547104,0,0,0,0.1590856,0,0,0.4236894,0.5025841,0.01191059,0,0,0.3768007,0.1563638,0,0.659587,0.4230538,0.0267889,0,0,0,0.1968214,0.3215837,0,0,0,0.00896053,0,0,0.254532,0,0,0,0.01214102,0.1330708,0.1297606,0,0.1671162,0.02453032,0.04559654,0,0,0.4345332,0.1237474,0.2269031,0,0,0,0,0,0,0,0.2699842,0,0,0.5625991,0.0007300831,0.3167816,0,0,0,0,0,0.04400643,0,0,0.6223009,0,0.02766011,0,0,0,0,0.1868779,0.0830246,0,0,0,0,0.2144607,0.3011532,0,0.104384,0,0,0,0.9040819,0.0505911,0.2059468,0.353,0.1613661,0,0.09411894,0.001372055,0,0.4918635,0,0,
0,0,0.4394621,0.1183539,0.4475767,0,0.4476945,0,0.09928105,0.673391,0,0,0,0.2861358,0,0.4920993,0,0.3159721,0,0,0,0,0.1490233,0,0,0,0,0.4164461,0.2376823,0.1627556,0.5023891,0.3774947,0,0.006736379,0.6294237,0.403685,0.1514475,0,0,0.401136,0.2443487,0,0,0.02266299,0,0.2124134,0,0.079393,0,0,0,0,0.08259363,0,0,0,0,0.3032051,0,0.04207621,0,0,0.1852244,0,0.1401287,0,0,0.2704542,0,0,0,0,0.1531838,0,0,0.1909074,0.2214138,0,0,0,0,0,0,0,0.2877419,0,0.3211082,0.04929964,0,0.1662053,0.3894615,0.1063923,0,0,0,0,0,0,0,0,0.1048965,0.4302647,0,0.1048041,0.4176316,0,0.1133639,0.0164326,0,0.3190236,0.1226889,0.6474516,0,0,0,0.419017,0,0,0,0,0,0,0,0,0.2658377,0,0.04812325,0,0,0,0.387234,0,0.1196296,0.1137112,0.2028453,0,0,0,0,0,0.523361,0.362676,0.02434446,0,0.06389505,0,0,0,0.002431497,0.001723287,0,0,0.1794843,0,0.1146025,0,0,0,0,0,0,0,0,0,0,0,0.4523221,0.2538527,0,0.619439,0,0,1.147447,0.7614949,0,0,0.38314,0,0,0,0,0,0.02509636,0,0,0.1823348,0,0.2320967,0,0,0,0.02847105,0,0,0,0,0,0.236377,0,0.4150377,0,0.1663055,0.04932534,0,0,0.3050678,0.2609926,0.1021128,0.194319,0,0.6628376,0.1529165,0.4786053,0,0.3958443,0.558413,0,0.6503953,0.1533552,0.08595506,0,0,0,0,0.5892325,0,0.1258355,0,0.6450616,0.3398317,0,0.725696,0.1066576,0.1096448,0,0,0.3150994,0.3977086,0.463331,0.5258229,0.3216623,0.2439804,0.4515587,0.4016837,0,0.2222264,0.5388783,0.7816153,0,0,0.4056351,0.3026688,0,0.01542767,0.4073679,0,0.3574975,0,0,0,0,0.01382255,0,0.2816063,0.08104048,0,0.3046086,0.5588932,0.3965556,0,0.1983061,0,0.04652335,0,0.132428,0.5440116,0,0.1427344,0.2431599,0.06238237,0.4704425,0,0,0,0,0.2009591,0.6527687,0.5090908,0,0.176871,0,0,0,0,0,0,0,0,0,0.6554094,0,0.9183374,0,0,0,0.07360081,0.07045244,0.7194833,0,0.3716593,0.4426384,0,0.3314877,1.031915,0,0.09948917,0,0,0,0,0,0,0.06206511,0,0,0.4414398,0,0,0,0,0.2697307,0,0,0,0,0.4959675,0,0,0,0,0,0,0,0.2191312,0,0,0,0,0,0,0,0.1372602,0,0,0.001759108,0.4394682,0,0.1709453,0,0,0.2413882,0,0,0.9327715,1.046445,0,0,0,0,0,0.1939478,0,0,0,0.1543834,0,0.7396358,0,0,0,0,0.03398047,0,0,0,0.391446,0.1057799,0,0.08276625,0,0,0,0.2908232,0,0,0,0,0.2038329,0,0,0.1565246,0.1117905,0,0,0,0.2204195,0,0,0,0.1980832,0.5794769,0,0,0,0.07523944,0,0,0.03313188,0,0,0.1186201,0,0,0,0.147965,0,0,0,0.01679809,0,0,0.4030279,0,0.2929768,0,0.1824408,0,0,0,0,0,0,0,0.05236528,0,0,0,0,0,0,0.01658878,0,0,0,0.0159968,0.6486185,0,0.1020886,0,1.047249,0,0,0,0.3506203,0,0,0,0,0,0.3751961,0,0,0.3838779,0.2784538,0,0,0.1554907,0.2844551,0.2098668,0.3749331,0.5621266,0.00732341,0,0.1051018,0.2322613,0,0.9664798,0.2869885,0.5709345,0.1401705,0,0,0,0,0.06657827,0.468951,0.2058115,0,0.354498,0.07657719,0,0,0.8463181,0,0,0.09291533,0.5752508,0,0,0.1544345,0.2504585,0.1785638,0.04497739,0.05121308,0.002938154,0.1551071,0,0,0,0,0,0,0.5508615,0,0.4731843,0.1577739,0,0.3815508,0,0,0,0,0.480742,0,0,0,0,0.4172149,0,0,0,0.06324413,0,0,0,0.09083796,0,0,0.01145398,0.5063685,0.4675273,0,0.4234946,0,0,0,0.6255962,0,0,0,0,0.5524662,0.1969529,0,0,0.2103933,0,0.3855178,0.2251166,0.04895065,
0,0,0.3633959,0,0,0.2447695,0.9955152,0,0.2441053,0.2639414,0,0.1866727,0,0,0,0.2410154,0,0.2472959,0.4448234,0,0.01065939,0.08839655,0.03925393,0.06211162,0.7234617,0.6377502,0.336377,0.4173105,0,0.52425,0,0,0,0,0,0.2583248,0,0,0,0,0.1769519,0,0,0,0,0.3830678,0,0,0.1326566,0.07209355,0,0,0,0,0,0.03613392,0.1248679,0,0.3308647,0,0.4739834,0.004722209,0,0.633559,0.3201598,0.201761,0,0,0,0,0.03602533,0.3818234,0,0.09340374,0.491409,0.1051228,0.2030041,0,0,0.06207322,0,0,0,0.04345954,0,0,0,0,0.8383839,0,0.3468336,0.5004147,0,0,0,0.2530434,0,0,0,0,0,0,0,0.06733822,0,0,0,0,0,0,0,0.4939406,0,0,0,0,0.07078765,0.5120611,0.02400021,0.2110303,0,0,0.03208828,0,0,0,0,0.03972163,0,0,0,0.2129968,0.4156858,0,0.09983317,0,0.06653416,0,0,0,0,0,0,0,0,0.1374875,0.2138148,0,0,0.2652076,0,0,0,0,0,0,0.06611486,0,0,0.07753478,0,0,0,0,0,0.3453107,0,0,0.3379956,0,0,0,0,0,0,0,0,0,0,0,0.04428652,0.5634296,0.6488281,0,0,0.1919804,0.06241509,0,0.005424684,0,0,0,0,0.09026864,0,0.03467126,0.123666,0,0,0,0,0.01885456,0.3921939,0,0,0,0.2042904,0,0.314644,0,0,0,0.2496019,0,0,0.7528681,0.5113528,0,0,0.08921133,0,0,0.08976161,0.06860605,0,0,0,0,0.06828333,0.3091879,0,0.05876602,0.3228753,0.1353804,0.06297662,0.5066727,0,0,0,0.2274808,0.4099705,0.1590291,0.03850552,0,0,0,0.3798879,0.4301763,0,0,0,0,0.1635505,0.3314441,0.157225,0,0,0.2349243,0.05289008,0,0,0.2604397,0,0.2756788,0.6089392,0.293518,0.05408343,0.1501936,0.1651397,0,0.6363151,0,0.3508107,0.5366677,0,0.1701994,0.2911354,0,0.2600314,0.3948937,0,0,0.3096711,0,0,0.1033404,0.147396,0.08041011,0.2187873,0,0.2359435,0.2745956,0,0,0,0.04362759,0.325883,0.5059467,0,0,0.2396775,0,0.151798,0,0,0,0.0577436,0.6540834,0.2078842,0.9515673,0,0,0.4060229,0,0.1911731,0.05889474,0.7608902,0,0,0.1525202,0.06277967,0,0,0.1199788,0,0.1048052,0,0,0,0,0.01461901,0.1066495,0.07039666,0.1123866,0.1282852,0.08517293,0,0.2959301,0,0,0.03909661,0.02006959,0.2801533,0.03560414,0,0,0,0,0,0.791706,0,0,0,0,0,0,0,0,0.4063269,0,0,0,0.367147,0.005913006,0,0.1493314,0.2612258,0.1483004,0.09369642,0,0,0,0.1716267,0,0,0,0,0.1609962,0.2993683,0,0,0,0,0.6909095,0.2279177,0.4215882,0,0,0,0,0,0.3004691,0,0,0,0,0,0,0.02225762,0.1424861,0.1486854,0,0.2704921,0,0,0.04890757,0,0,0.219599,0.04507072,0.03090098,1.018043,0.4839051,0.04522097,0.1388208,0.3958004,0.09033112,0,0,0.7201843,0,0,0.1025239,0,0,0,0,0,0,0,0.1388967,0.2369106,0,0.03878435,0,0,0,0,0.8628653,0.5425001,0.2058659,0,0,0,0,0,0.2671551,0,0,0,0,0.2031288,0,0,0,0,0.1659556,0.03636504,0,0,0,0.3417738,0.3020498,0,0,0,0,0.1047302,0,0,0,0,0,0,0,0.5439515,0,0.04066136,0,0,0.2501629,0,0,0,0,0,0.01892436,0,0.3547289,0.2239324,0,0,0.6731732,0.5932777,0,0.006749739,0,0.5213572,0,0.132145,0,0,0,0,0,0.2323194,0,0.483591,0,0,0,0,0,0.5284258,0,0.4035367,0.3578321,0,0,0,0.3238736,0.2522791,0,0.04700021,0,0,0.2125172,0.1710663,0.5694864,0,0,0,0,0.4672497,0,0.08793547,0,0,0,0,0,0.4717219,0,0,0.4619865,0,0.4578147,0,0.1053054,0,0,0,0.3403349,0.2361938,0,0,0.1226854,0,0,0.3754926,0,0,0,0,0,0.192583,0,0,0,0,
0,0.3747729,0,0,0,0,0.1029667,0.3611752,0,0.279957,0,0,0,0.5122148,0,0,0,0.4110117,0,0.38636,0.09899697,0,0,0,0,0,0,0,0,0.3300555,0,0,0,0,0,0.1973459,0,0,0.02234363,0.7645454,0.3936844,0,0.2259777,0,0,0.04351648,0,0.1854712,0.0007391251,0,0,0,0,0,0.3008578,0,0.4397476,0,0.4439151,0,0,0.3509191,0.2691622,0,0.4858735,0,0.5145999,0,0,0,0,0.1636395,0.1874365,0.0238214,0.6060866,0,0.004797952,0,0,0,0,0,0.2699162,0,0,0,0,0.1451703,0,0,0.295616,0.08906547,0.6760029,0,0.3154892,0,0,0,0.03931963,0.1459871,0,0,0,0,0,0,0,0.2067569,0,0,0.01382761,0.2474555,0,0,0,0,0.1794947,0.3733148,0,0.3990039,0.4648098,0,0.4420298,0,0,0,0.1931003,0,0,0,0,0,0,0,0,0.9179758,0,0.4221717,0.1080072,0,0.5288045,0,0,0,0,0,0,0.2694441,0,0,0,0,0,0,0,0.4275023,0,0,0,0.3156177,0.3365033,0.377497,0,0,0.2020461,0.3142828,0,0.5486884,0,0.9247384,0,0,0.02232801,0,0,0,0,0.2126598,0.3754948,0.3289384,0,0,0.5135022,0,0,0,0.06257441,0.124926,0,0,0,0,0,0,0.1329411,0,0,0.5932478,0.02912408,0,0.3660552,0,0,0.08227336,0.7643422,0,0.4605856,0.1251886,0.2874099,0.153225,0.6684276,0,0,0.07150505,0,0.4621243,0.2528032,0.3714164,0.124196,0.1193829,0,0.7591269,0.00639705,0,0.1039505,0.5623653,0,0.8242478,0.7077399,0,0.3089139,0.07542034,0.2455232,0.1222335,0.2325242,0.002501518,0.211478,0.6975015,0,0,0.2376244,0.2387366,0.2969171,0.06997992,0.4393275,0,0,0,0.5059852,0,0.06913804,0.1742265,0.7548563,0,0.509726,0.1024906,0.1901298,0.1215784,0,0,0.04745099,0.6515542,0.7362009,0.2266864,0,0.2888098,0.2207124,0,0.3157422,0,0.381389,0.1581884,0.6608862,0.1074424,0.5228717,0.0706399,0.1407111,0.08703665,0.4906043,0.4933035,0.4832969,0.01712092,0.4538739,0,0.7710555,0,0,0,0.06298909,0.0295788,0,0.1384152,0,0,0,0,0.3523635,0.4008064,0.03839497,0,0.1086232,0,0.2653256,0,0.3244155,0.4041818,0.2936266,0.19694,0.5162021,0.7681109,0.6768697,0,0,0.1186596,0.5182206,0,0,0,0.5238511,0.3191723,0.4350058,0.009822509,0,0,0,0.3061814,0,0,0.09498229,0,0,0,0.01878002,0,0.2462116,0,0,0.3875644,0,0,0,0.6540493,0.5243158,0.296646,0.0672285,0,0,0,0,0,0.0002589124,0.170388,0,0.05984589,0,0,0,0,0,0.6626422,0,0,0.5626761,0,0.03355042,0,0,0.001129949,0,0,0,0,0,0,0,0.02845596,0,0,0,0,0,0,0.1687175,0.08964351,0.1462527,0.1568178,0,0,0,0,0.1368669,0.4879802,0.01318134,0,0,0,0,0,0.2996219,0.02992497,0,0,0,0.1233029,0,0,0,0.2041187,0.7603605,0.380921,0.3220696,0,0.1072449,0,0,0,0,0.5596572,0,0.0443944,0,0,0,0.7131624,0,0,0.3436443,0.2892129,0.7832009,0,0.5771264,0,0,0,0,0.4425937,0,0,0,0.4686038,0.3865142,0,0,0.213588,0,0.3074242,0,0,0,0,0,0,0,0,0,0.2900699,0,0,0,0.2173147,0.1517837,0,0,0.9272239,0,0,0,0,0,0,0,0.6363416,0,0,0.3090115,0.2891212,0.1074963,0.2406655,0.3306109,0,0,0,0,0,0.3178825,0,0,0,0.1813363,0,0,0.1252527,0,0,0,0,0.1963743,0.03853735,0,0,0.3469194,0.1576916,0,0.1420716,0,0.3280992,0,0,0.06394219,0,0.1159424,0.005454194,0.3358253,0.7964674,0,0.1321464,0.4243456,0.4879271,0,0,0,0.3514221,0,0.3220782,0,0,0,0.262833,0,0,0,0,0.07815482,0,0,0,0,0,0,0.0001729701,0.02787549,0.4257251,0,0.1884758,0,0.8416042,0,0,0,0.101857,0.07495284,0,0,0,0.4662983,0,0.8696104,0.07381852,0.3451176,0,0.3128946,0.3118281,0,0,0,0.3502587,0,0,0.1810613,0.05996308,
0.374772,0,0,0,0.4072042,0,0,0.6259175,0,0,0.2165152,0,0.4365447,0,0,0.04784102,0.3834567,0,0,0,0,0,0.1911485,0.2365192,0,0.007458114,0.4072202,0,0,0,0.3912499,0,0.4764528,0,0.04531467,1.000411,0.5815288,0,0.3538888,0,0,0.1764898,0,0,0,0,0,0,0.774578,0,0.03935731,0,0,0,0,0,0.04801713,0,0,0,0.3297049,0.1679024,0,0,0.09556861,0,0,0,0.02830503,0,0,0,0,0.03053185,0,0,0.04657689,0.2795999,0,0.7013133,0,0.193992,0,0,0.3384006,0.5353939,0.05182636,0,0.0508261,0,0,0,0.5236918,0.2195281,0,0,0,0,0,0,0,0,0.6326414,0,0,0.04929516,0,0,0,0.05050214,0.08327881,0.5270977,0.1941244,0,0,0.1630597,0.6671191,0.2438929,0.02354674,0,0,0.4932359,0.4337414,0.2171922,0.9670233,0,0,0.08426816,0.2790824,0,0,0,0,0,0.09078088,0,0,0,0,0,0,0.4289499,0,0,0,0,0.2609651,0.05544188,0,0,0,0.1116987,0,0,0,0.3148433,0.03276919,0.5083628,0.3378245,0.01536695,0,0,0,0,0,0,0.02730112,0.1358431,0.1252828,0.8047824,0.1874598,0,0,0,0,0.1761418,0,0.6602964,0,0,0.2547357,0,0,0,0.4930922,0.05760117,0.06912424,0,0,0,0,0,0.4110855,0,0.2985974,0,0.5785221,0,0,1.125818,0,0,0,0,0.2875123,0,0.3236119,0,1.045324,0.4016156,0.0499448,0.2294648,0,0.6350926,0,0,0.6392599,0.5071557,0.5984443,0.2390054,0.0520772,0.09216848,0.3177325,0,1.04928,0.1705788,0.1401951,0,0,0,0.1442957,0.2875858,0,0.1996792,0.5034236,0,0.1383907,0,0.01567958,0,0.2076258,0.3340051,0.04382308,0.1829956,0.1790081,0,0.0738524,0.3913869,0,0.3683558,0.0809283,0.6607506,0.1982374,0.2351606,0,0.9217208,0,0.1293012,0.03204635,0.3813799,0,0.2187336,0,1.243133,0.2294274,0.2715874,0.1379723,0,0.1445338,0.1552856,0.1897925,0.01635159,0.3743859,0.3139059,0,0.211145,0,0.1231857,0.3914306,0,0.01409675,0.2046237,0,0.2185894,0,0.03067453,0.1718252,0,0.5816258,0,0.3734571,0.04082472,0.1354751,0.2095779,0,0.04726073,0.1563766,0,0.6066385,0.6039963,0.3691993,0.523246,0.07355703,0.2234247,0,0.04467108,0.4989071,0,0.07113748,0.4750919,0,0.274391,0.4343663,0.08474217,0,0.1212445,0.1909668,0,0,0.06423112,0,0.216941,0.5429082,0.03033975,0,0,0,0.4530228,0.4083415,0,0,0.2803312,0,0.1850688,0,0.4517723,0,0,0,0,0,0,0,0,0,0,0,0,0.247314,0,0.02693141,0.3356457,0,0,0,0,0,0,0,0.9417179,0,0.007394879,0,0.3592234,0,0,0,0.2457719,0.6194997,0.08454737,0,0,0,0,0,0,0,0,0,0,0,0.1958665,0.5753774,0.3560112,0,0.1842473,0,0.02128739,0,0.1907798,0.6774426,0,0,0,0,0,0,0.2689601,0.1306733,0.1028673,0,0,0.02059034,0.00314604,0,0,0,0.09535682,0,0,0,0,0,0,0.08972427,0,0,0.1024732,0,0,0.2379842,0,0,0.1601505,0.3232438,0.234968,0,0,0,0.3703304,0,0.003126575,0.09209527,0,0,0.002013302,0,0,0,0.3119159,0,0,0,0,0,0,0.2983055,0,0.003988751,0,0,0,0.3962961,0,0,0,0,0,0.4775438,0.1571377,0,0.1842771,0,0,0,0,0,0,0.4958211,0,0,0,0.1880185,0,0,0,0,0.5232433,0,0.4468202,0.08477236,0,0,0,0,0,0,0.5229884,0,0.04813883,0.4685716,0,0.002223426,0.02073877,0.2100604,0,0,0.09855135,0.2704089,0,0.3499218,0.07138824,0.2335102,0,0,0,0,0,0,0.2520616,0.5693475,0,0,0.1576684,0,0.6891154,0.7266214,0,0.3363915,0.5294131,0,0,0.2581817,0,0.9120885,0.01966401,0.484697,0,0,0,0,0,0,0.3718494,0.2234596,0.3280512,0,0.2563686,0.1310466,0,0,0,0,0.1896074,0,0,0,0,0,0.2080965,0,0.3002151,0,0.2315188,0,0,0,0,0,0,0.3027346,0,0,0.1707185,0,0,0,0,0,0.03536247,
0,0,0,0.08573481,0.159374,0,0.2952746,0.2050803,0,0,0.03051176,0,0.3846733,0,0,0,0.106916,0.0717565,0,0.2469447,0,0.06661053,0,0,0,0,0.4509495,0.00129757,0,0.2811902,0,0.1251878,0.7250951,0.06982007,0.2325096,0.2777662,0,0,0,0.2405772,0,0,0,0.8763174,0.09966047,0,0,0,0,0.2190608,0.7112825,0.1963255,0,0,0.05943272,0.06864724,0,0.1423117,0.3243643,0,0.09949561,0,0,0.1573198,0,0,0,0.315757,0,0,0,0.196811,0,0,0,0.03326396,0.6127095,0,0.1030112,0.4305822,0,0,0,0.1983368,0.1631037,0,0,0,0,0.0681159,0.2841066,0.635914,0.3951689,0,0,0,0,0,0.2386759,0,0,0,0.01683491,0,0,0.9129522,0,0.3641331,0,0,0,0,0,0,0,0,0,0,0,0,0,0.6740597,0,0.5701045,0.4816177,0,0,0,0.5149465,0,0,0,0.2652775,0.1558693,0,0,0,0,0,0,0,0,0,0,0,0.7070891,0,0,0.1349006,0,0.377671,0,0,0,0.05328796,0,0.1277581,0,0,0.1173605,0,0,0.1105831,0,0,0,0.0478651,0.6700909,0.05136245,0,0.1315187,0.01857312,0,0,0,0.4256744,0,0.1080748,0.272251,0,0.7158983,0,0.5926675,0,0,0.2679264,0,0,0.3309053,0,0,0,0,0,0,0,0,0.3006669,0.05737299,0,0.1028185,0,0.07332331,0,0.1162046,0.4332746,0.6860791,0.2680516,0.3555949,0,0.01058275,0,0,0,0,0,0.3784711,0,0,0.05698822,0,0.217895,0.2157253,0.1290652,0,0,0.5464753,0,0.2527668,0.7140018,0,0.1385635,0.431013,0,0.2121218,0.1719202,0.3647481,0.06125461,0.3609441,0,0.02845397,0.06199294,0.180917,0,0,0,0.5049113,0.1889256,0,0,0.1493803,0,0,0,0.5847054,0.5690201,1.147551,0,0.06502046,0,0,0.1754473,0,0.1061174,0.1252914,0,0.4323598,0,0,0.7163931,0.4128094,0.5894194,0,0.1678438,0.5708528,0.492262,0,0,0.05765629,0.3599934,0,0.2894875,0,0.1039322,0.1393414,0.00687605,0.03615432,0.9269569,0,0.4037989,0,0,0,0,0.2454746,0,0,0,0.6582014,0,1.368865,0,0.03515136,0,0.2824375,0.581189,0.3595483,0,0.3096685,0.1551569,0.4192066,0,0,0,0.1026015,0.2108141,0,0.003929262,0,0.482405,0,0.006125412,0.1393703,0.2264431,0.2840441,0,0,0,0.03465703,0,0.4440284,0,0,0,0.06304661,0.155987,0.3095098,0.07235375,0,0.9213572,0,0,0,0.8276001,0,0,0,0,0,0,0.006889706,0,0,1.335516,0,0,0.5113068,0,0.1074214,0,0,0,0.5267211,0,0,0.001830047,0.5062278,0,0,0,0,0,0,0,0.1609997,0,0,0.06034335,0.2884995,0.743902,0,0,0.194478,0.4029421,0.5004978,0,0.3282426,0,0.04933011,0.0901172,0,0,0,0,0,0.2301089,0,0,0,0,0.1622912,0.3910234,0,0,0,0,0.2125521,0,0.09029608,0,0.6766014,0,0.2194581,0,0.6752537,0.03807583,0,0,0.01543679,0,0.1441363,0,0,0.5576047,0,0,0.01901643,0,0.1027232,0,0,0,0,0.3847889,0,0,0.1290907,0,0,0,0,0,0,0,0,0,0,0,0,0.4490831,0.524456,0.7541329,0.2874868,0,0.04934877,0.261324,0,0.2229819,0,0,0,0.04765342,0.2314978,0,0,0,0,0,0.6323534,0,0,0.181242,0,0.1964992,0,0.06440216,0.06230369,0,0,0,0.4991445,0,0.0495582,0,0,0,0,0,0.1484916,0,0.7322032,0,0.2899176,0,0,0,0,0,0,0,0,0.3523189,0.04885033,0.02867075,0,0.3400866,0,0,0,0.3901286,0,0.07371805,0,0.3629223,0,0,0.608794,0.4090196,0,0.09817102,0.03877315,0,0.2583292,0.1655599,0,0,0,0,0.03156113,0,0,0,0.2916449,0,0.1843119,0.04788245,0.05112046,0,0,0,0.07465182,0,0,0,0,0,0,0,0,0,0.6439422,0.1551052,0,0,0.1416481,0,0,0,0.03241181,0,0.08171812,0,0,0.01421652,0.6273288,0.1531644,0,0,0.248927,0.7254286,
0,0,0.4255373,0,0,0,0,0,0,0,0,0,0,0,0.110697,0,0.02994009,0,0,0.2837757,0,0,0,0,0,0,0,0.2484538,0,0.314887,0.05257488,0.2725013,0,0,0.03399862,0.759022,0.01770969,0,0.5373171,0.1711109,0,0.4081544,0,0,0,0,0,0.2159245,0.3411633,0,0,0.1936257,0.003598317,0.3986305,0,0,0,0.006490781,0,0,0,0,0,0.1124841,0,0,0.004972426,0,0,0,0,0,0,0,0.2949345,0,0,0.01442569,0,0,0,0.09097867,0,0,0,0.1585132,0,0.7009472,0.3475755,0,0,0.05180774,0.03667336,0,0,0.7464452,0,0.4578898,0,0.4486346,0.3631999,0.2444693,0.4953599,0,0,0,0.08314414,0,0,0,0.2515997,0.03933652,0,0,0.6364819,0.1246196,0,0,0,0,0,0.03840804,0.1316996,0,0,0,0.1792951,0.1393601,0,0.008186268,0.5278286,0,0,0,0.3412057,0.5024829,0,0.3584776,0,0,0.02654673,0,0.2982048,0.09301441,0,0,0,0.2790996,0,0,0,0,0,0,0.3055583,0.3148794,0,0,0.4808045,0.1820898,0,0,0.1069208,0,0,0.5613245,0,0,0,0,0,0,0.1379153,0,0,0.5129204,0,0,0,0,0,0,0,0,0.02325062,0,0,0,0.00309354,0.06180264,0.736109,0.09135891,0,0,0,0,0,0,0,0,0.07584652,0,0.5330029,0,0,0.3984247,0,0,0,0,0.09789833,0.2993942,0.08294705,0,0.02416874,0.3484905,0,0.0390587,0,0,0.1008773,0,0.3381049,0,0.3097263,0,0,0.008758487,0.1545618,0,0,0,0.3137938,0.02754613,0,0.09588511,0,0,0.1345806,0,0.04925866,0.0465362,0.2933636,0.5087557,0,0.4307922,0.6012916,0.04257108,0.04855718,0.2598604,0,0.9446481,0.4459553,0.2180233,0,0.09321897,0.5557628,0.6723565,0.2746466,0.1541339,0.2352886,0.4978205,0.3883864,0.4887351,0,0,0.3643181,0.3608328,0,0.1234272,0.4409861,1.08192,0.3106584,0.06076703,0.1111351,0,0.8068122,0,0.4238428,0,0.1033671,0,0.1933429,0,0,0,0.5383862,0,0.5930015,0.111875,0.6671329,0.004226611,0.08145569,0.04435017,0.09452076,0.2772827,0.489229,0,0,0.0894082,0.723704,0.008377261,0,0,0,0,0,0,0,0.2670026,0,0.2521507,0.4422699,0.4240908,0.3246787,0.06538823,0.1045232,0,0.06368491,0.1827351,0,0.03521289,0.4571535,0,0,0.3802925,0,0,0.09141283,0,0,0,0.2225349,0,0,0,0,0,0.3280558,0.1844068,0,0.07133024,0,0.1188103,0,0,0,0,0.5104635,0,0,0,0,0,0.09968423,0.35697,0,0,0,0,0.1165057,0,0.1945448,0.229591,0.07265823,0,0,0,0,0.01403539,0,0,0,0.02028033,0.4923194,0,0,0,0.01153309,0.1030221,0.3033152,0.07280593,0,0,0.5813184,0,0,0,0,0,0,0.7338722,0,0.2295186,0.5289681,0,0,0.2881133,0,0,0.1932401,0.6044983,0,0,0,1.098202,0,0,0,0.6703563,0,0.1599592,0,0.02281967,0.06238225,0.0905197,0,0.7670158,0,0,0.5477761,0.712619,0,0,0.1261968,0.3499228,0,0.2943365,0,0,0,0,0.5026565,0,0,0,0.1726596,0.7824267,0,0,0.3442024,0,0,0,0.3790888,0,0.200779,0.7091683,0.3001071,0,0.1124267,0,0.0992468,0.3867495,0.1632323,0.3068514,0,0.07871091,0,0.3947876,0,0,0.04463468,0,0,0,0.5601755,0.4596391,1.061643,0,0.1277941,0,0,0,0.2247944,0.07183747,0.1131762,0.518225,0,0,0.1296155,0.1590943,0.28927,0.6270712,0.3338678,0,0,0,0.4983301,0,0,0,0,0.5776504,0.5862282,0,0.3665175,0.2948231,0.1671911,0.09819931,0.2792458,0,0.3834261,0.5537007,0,0,0.04853112,0.148441,0,0,0,0,0.01217823,0,0.1716482,0,0,0,0.8043085,0,0,0,0.3858081,0,0,0,0,0.2725932,0,0.5465509,0,0.5102245,0.1342069,0,0,0,0,0.04820135,0.6586432,0.7215232,0.1540089,0.3776983,0,0,0.09641127,0,0,0.6609888,0.2016931,0,0,0,0.1061733,0,0,0,0,0,0.6184418,0,0.02631018,0.2860458,1.113712,0,0,0,0.1272207,0,0.4958609,0,
0,0,0,0,0,0.03364931,0,0.2372142,0,0,0,0,0,0,0.3035452,0.1352514,0,0.3327951,0,0.157311,0.4896033,0,0,0.3133101,0.1084046,0,0.2594905,0.1458585,0.03916923,0,0,0,0,0,0.1345191,0.3775842,0,0,0.08848801,0,0,0,0.5083936,0,0.1480597,0.2756894,1.043655,0,0,0,0,0.5541782,0,0,0,0.03455281,0,0.2798544,0,0,0,0,0.1968485,0.5114695,0,0,0,0,0,0.2137312,0.5454072,0.338955,0,0,0,0,0,0.4292554,0.5162397,0,0,0,0,0,0,0,0.1412099,0,0,0,0.4603064,0.387896,0,0,0,0,0,0,0.2424722,0,0,0.5685815,0.6759181,0,0.2577869,0,0.448307,0.09724818,0,0,0,0.09155995,0.06183513,0.0034926,0,0.1641405,0.9489758,0,0,0,0,0.3496606,0.7633476,0,0,0,0,0,0,0,0.03439686,0.08398421,0,0,0.7779923,0,0,0.3996357,0,0.08570933,0,0.07854532,0.1687429,0,0,0,0,0,0,0.09348729,0,0,0.01444903,0,0.2297273,0.1595039,0,0,0.330986,0,0.01909267,0,0,0,0,0,0.2801405,0,0,0,0,0.6679381,0.3242898,0.3268934,0,0.6480237,0,0,0,0.1793331,0.5396217,0.153305,0,0,0,0.2097425,0,0.1840638,0,0,0,0.1373216,0.03063321,0,0,0.08830512,0,0.03106057,0,0,0,0.2528714,0.3464557,0,0.1787347,0,0,0.3043363,0.7278631,0.9005424,0.3452952,0.2511021,0.3544606,0.583367,0,0.5004153,0,0,0.6502774,0.7999029,0,0.5362703,0.2873819,0.1612424,0.3224112,0,0.7348372,0.1527222,0.4004212,0.6346714,0.03183942,0,0.7249185,0.3258048,0,0.1155645,0.2084927,0,0.3304153,0,0.1979516,0.006005098,0,0,0.4184885,0,0,0.2920925,0.166867,0.3622646,0,0.6348772,0.2436801,0.7535421,0.5291178,0.4961529,0.03187827,0.7945494,0,0.2826627,0.4663481,0.07826398,0,0.09233282,0,0,0.219554,0.02941444,0.2784896,0.2648594,0.055519,0.4131146,0.1832813,0.1791433,0.01917453,0.08314075,0,0.08465415,0.2039909,0.01498249,0,0,0,0.03087009,0.2992457,0,0.3710307,0,0,0.5016049,0.7159452,0,0,0.06339301,0.2557149,0.01424418,0.2035071,0.05578912,0.5814891,0,0,0.2717521,0,0.1345933,0,1.547144,0.2797877,0.3627252,0.8415249,0,0.04336631,0.6291492,0.5400029,0,0.1771854,0.6230587,0,0,0,0.2294067,0.1478967,0,0,0.4583767,0,0.1262796,0.0761925,0.5115725,0.0557875,0,0,0,0,0,0,0,0,0,0,0,0,0,0.314599,0.5383888,0,0.1318555,0,0,0,0,0,0.1833722,0,0.02630022,0.0969025,0.2490105,0,0,0,0,0.03996528,0.1956315,0,0,0,0,0,0.4844049,0,0,0,0.04121972,0,0,0.1886371,0.09442227,0.2310489,0,0.238686,0,0,0,0.1879754,0.07046451,0,0.5043494,0,0,0,0,0,0,0,0,0,0,0.1122273,0.02930273,0,0.3485479,0.4192146,0.3196597,0,0.4456069,0.1714748,0,0.3117823,0,0.3875626,0.1415604,0,0.4392591,0,0.4868798,0,0,0,0.8579347,0,0,0,0,0.1706985,0,0.2590671,0,0.02260588,0,0.1912708,0,0.1755402,1.579153,0.2865853,0.000546033,0,0,0,0.2241393,0.6053847,0,0,0,0.05492338,0,0.005601273,0,0,0.7210345,0.4860739,0.3402203,0.6097222,0.6227299,0.1525474,0.04036859,0.07811391,0.2828914,0,0,0.1120512,0.6586133,0,0.07502269,0.2375729,0.1520367,0.01194301,0,0.3056929,0,0,0,0.2863695,0.09613895,0.672802,0.1757279,0.2037161,0.2211344,0.04225718,0.2752384,0,0.5429441,0,0.8964709,0,0.208245,0,0.3239951,0,0.6004027,0,0,0.5842336,0,0.5292639,0.01784522,0.05794661,0,0,0.4594239,0,0,0,0,0.4613545,0,0,0,0,0.2345814,0,0.0256911,0,0,0,0.843516,0,0.1344784,0.03445518,0.3834869,0,0.3420032,0,0,0,0,0,0,0,0.06903054,0.1068967,0,0.2733229,0.02376025,0,0,0,0.2634334,0.5211673,0.291084,0,0,0.2256521,0,0,0,0.05386353,0,0.01199205,0.2654712,0.07978054,0,0,0,0,0,0.2091977,0,0,0,0,0,0,0.3570935,0,0,0,0.2852494,0.7168855,0,0,0,
0,0.6742212,0.1025131,0,0,0,0,0,0,0,0.3054082,0,0,0.005834273,0.7447434,0,0,0,0,0.09795839,0,0,0,0,0,0,0.643023,0,0.324137,0,0.4596469,0,0,0,0,0.04835071,0,0,0,0,0,0,0,0,0,0.03159416,0,0.3885995,0,0,0.06949095,0.1417658,0.1176342,0,0,0.3537541,0.04731091,0.02035863,0,0.2891723,0.4525808,0.6098279,0,0.1430392,0,0,0,0,0.2047539,0.1628805,0,0.2810113,0,0,0,0,0,0,0,0,0.1253964,0,0,0,0,0.2209474,0.2874712,0,0.2168691,0.1937462,0.9032636,0,0.269633,0,0,0,0,0.2443766,0,0,0.3282583,0,0.5745229,0,0.3976626,0,0,0,0,0,0,0,0,0,0.3677161,0,0.004748569,0,0.4251655,0,0.6989336,0,0,0,0.6130053,0,0,0,0,0.6334409,0.1553413,0.2391671,0.504474,0,0.1852774,0.7105089,0,0,0,0.5631733,0.2887914,0,0,0,0,0.3061731,0,0.005927983,0,0,0,0,0,0,0.3715325,0,0,0,0,0.3823166,0,0,0,0,0,0,0,0,0,0,0.110904,0.2640868,0,0.01094271,0,0,0,0.3891216,0.3835942,0.7017797,0.2161973,0,0,0,0,0.932323,0,0,0,0,0,0,0.0821013,0,0.2394797,0,0.3870242,0,0.3100651,0.06564321,0,0,0.1226204,0.2493067,0,0.02363913,0,0.6382894,0.2094628,0,0.4247527,0.4709108,0.1733407,0.3940312,0.1188036,0.02170368,0.389243,0.2127737,0.4669295,0.5115513,0.2874052,0.2149892,0.2278737,0,0.6988607,0.2962182,0,0,0,0.1131404,0.01656562,0.6661565,0,0,0.01019219,0,0,0.1312667,0.429272,0,0.08114185,0.605879,0,0.2992196,0.3420944,0,0,0,0,0,0.07731778,0.470302,0.1669021,0.2403902,0.08355743,0,0,0,0,0.2236841,0,0.1110887,0,0.8922384,0.3113334,0,0,0,0.3602025,0,0,0.2533295,0.05405933,0,0.6662042,0.1334856,0.01844338,0.2627192,0.4990685,0.2690837,0.001784954,0,0,0,0.4923947,0.1623098,0,0.4133951,0,0,0.4475618,0.1630069,0.3453028,0,0.3800913,0,0.1588214,0.07812907,0.03608871,0.2459125,0.1708918,0,0.5237566,0,0,0,0.03069848,0.1789248,0,0.3734105,0,0,0.5955076,0.5320592,0.5553752,0.1291965,0,0.2525093,0.3003682,0,0.1524116,0.2597263,0.4466099,0.1842629,0.2804125,0,0,0.2200366,0.4554844,0.4035489,0.06180007,0,0,0,1.297608,0.4725901,0,0,0,0,0,0,0,0.2995611,0.2295652,0,0,0,0,0.01416583,0,0.3795261,0,0.5553253,0.2605722,0.5703296,0,0.2625581,0,0.2886311,0.2621145,0,0,0.01148535,0.4092228,0.1336687,0,0.1763996,0,0,0.9963072,0,0,0,0,0,0,0.1346115,0.7686217,0,0,0,0,0.9820971,0,0.08694573,0.1433073,0,0.06577517,0.01956371,0.1074652,0,0,0.03144039,0,0.09356541,0,0,0,0.06263311,0,0,0,0,0,0,0,0.01285852,0,0,0,0.3221716,0.1498859,0,0,0.09790438,0,0,0,0.1176593,0,0.2061669,0.8772842,0,0.05787937,0.5608615,0,0.3354806,0,0,0.0712201,0.3044754,0,0,0,0,0,0,0,0,0,0.5282731,0.2760538,0.07189432,0.6436687,0,0.3354302,0,0,0.5698478,0,0,0,0,0,0,0,0,0.2253622,0,0.06230589,0.1037097,0.006491806,0.4760769,0,0,0.2395122,1.257702,0,0,0,0.4099404,0.09051158,0,0.1273911,0,0,0,0,0.3342783,0,0.2357756,0,0,0,0,0.1481801,0,0,0.06872787,0.3591812,0.3915642,0,0.4772201,0.1100272,0,0,0,0,0,0.2035319,0.2079345,0,0.2526707,0.1786194,0,0.075196,0,0,0,0,0.07938523,0.5077592,0,0.438181,0,0.1661544,0.464917,0.6174979,0.336789,0.03264568,0.1409171,0,0,0,0,0,0,0,0.2694518,0.1825215,0.1439758,0.1027926,0,0,0.2581078,1.06022,0,0.3434469,0,0,0.9217941,0.2835586,0,0,0,0.01271783,0.3718817,0.6676983,0,0,0.2994388,0.9200101,0.6616234,0,0.1940718,0.3907412,0.07025886,0,0.1697127,0,0.4673271,0,0,0,0,0,0,0.1903893,0,
0,0,0,0,0.2590017,0,0.1366323,0,0,0,0.1924267,0,0.08802599,0,0,0,0,0,0.3053612,0,0.570707,0.1781843,0,0.3741913,0.2846452,0,0,0.2714145,0,0,0,0.09771323,0.1631503,0,0,0,0,0,0,0,0.4196483,0,0,0,0,0,0,0.5422859,0,0,0,0,0.07715513,0,0,0,0.1335414,0,0.6924781,0.08826149,0,0.1110603,0,0,0,0,0,0,0,0,0.007587198,0.04906967,0.347284,0,0,0,0,0,0,0.3144248,0,0.05621231,0,0,0,0.1941952,0,0,0,0.1741358,0,0.7561314,0.6057715,0,0,0.05411973,0.05781773,0,0,0.276736,0,0,0,0,0.2669804,0,0.06974082,0.40956,0.2649121,0,0,0,0.3778181,0,0,0,0.2462445,0,0,0,0.6069678,0.1715359,0.1122385,0,0.04835721,0,0.7040074,0,0.6518539,0.1022449,0.1083625,0.4833038,0.2026774,0.8531705,0.0103107,0.2291532,0,0,0,0,0,0,0.2995458,0,0,0.2095754,0,0,0.08644103,0.6271115,0.3137078,0.1236108,0,0,0.355171,0,0,0,0,0,0,0,0,0,0.162917,0,0.3485488,0,0,0,0.2654315,0.1010958,0,0,0.2910854,0,0.07499798,0.09350336,0,0,0,0,0.2889491,0,0,0,0,0,0.3432356,0,0,0,0.1534634,0.4523765,0.1728125,0,0,0,0.491546,0,0,0,0.2405059,0,0.180697,0.2402101,0.5307356,0.3155297,0.02418045,0,0.1818137,0.3158127,0.3687876,0.06325576,0,0,0,0,0,0.1109214,0.08183288,0.4174339,0,0,0,0.01063636,0.1851793,0,0,0.3656045,0.2362407,0,0,0.2021172,0.1785412,0.2348656,0,0,0.21812,0.7643235,0.04038725,0,0.3324282,0,0,0,0,0,0.543739,0,0.337617,0,0,0.286139,0,0.4471708,0,0,0,0.4075548,0.25826,0,0.0965647,0.003479979,0,0,0,0.01120906,0.5461675,0,0.2943918,0,0.1215841,0.41046,0.4780177,0,0.5815179,0,0.2012205,0,0,0,0.3734745,0.4130878,0,0.3881878,0,0.5213937,0.5018029,0.5770268,0,0.647945,0.08362003,0.1084205,0,0,0.17949,0,0,0.1574476,0.24116,0,0,0,0,0.1403616,0.1467947,0,0.2154748,0,0.3122435,0,0.5566058,0,0,0.2303068,0.4366871,0,0.06272452,0,0.2673232,0.1143791,0.03405106,0,0.8429922,0.117044,0.3775487,0.1327028,0,0.1571632,0.1629393,0.1746206,0.08395068,0.2696558,0,0.5278057,0,0,0.3167702,0,0.278903,0,0,0,0,0,0.24107,0,0,0.1561873,0.5620862,0.3307585,0.4882663,0.05368439,0,0,0,0,0.01801014,0,0,0,0,0,0,0,0,0,0,0.2974268,0.01833932,1.078935,0,0.1603302,0.08967869,0,0.3486979,0,0.2747794,0.2677896,0.2794463,0,0.07369328,0,0,0.08688733,0,0,0.4196293,0,0,0,1.126962,0,0.3640084,0,0.6763817,0,0,0,0.0968111,0,0.08858891,0,0.718043,0.3738263,0,0.0509062,0,0.04733572,0.2203598,0,0,0,0,0.1716353,0,0,0,0,0,0,0,0.08023459,0,0.4126963,0,0,0,0,0,0,0,0,0,0.005544473,0,0,0,0.5660003,0.1047864,0,0.2968868,0,0.2757163,0,0.5890864,0,0,0,0,0.4021073,0.2660425,0.127245,0.2076706,0,0,0.1587922,0,0,0.1453687,0.6745256,0.2244736,0,0.5814536,0.7285504,0,0.4860265,0.7565742,0.4325824,0.3383723,0,0.5384381,0,0,0,0.3299882,0.1757108,0,0,0,0,0,0.1693655,0.1188944,0,0.02335742,0,0,0,0.6232147,0.1224558,0,0,0.3981186,0.3428457,0,0,0,0,0,0,0,0,0,0.1079878,0.3845602,0,0.08608475,0,0.04203481,0,0.8227481,0.2554259,0,0,0,0,0.07558635,0,0,0,0,0,0,0.2593083,0.6025332,0.2064243,0.6336166,0,0,0.08550024,0,0,0.3025351,0.367173,0,0,0.04199395,0,0.5849425,0,0,0,0.09681842,0,0,0.02899338,0.4182303,0.04305194,0,0,0,0,0,0.5370247,0.205057,0,0,0,0,0,0,0,0,0,0,0,0.7720545,0,
0,0.1458359,0.06177419,0.6484429,0.01476487,0,0,0,0,0,0,0.07483122,0,0.03649089,0,0.464668,0,0,0,0,0.03268747,0,0,0,0,0.5038854,0.6511519,0,0.0206488,0,0.6968726,0,0.06885532,0,0,0,0,0,0.3497567,0.1929689,0.3737082,0,0,0,0,0,0,0,0.4360235,0.1689808,0.3303095,0.4070168,0.3384352,0,0,0.005190397,0,0,0.0244342,0,0.1445679,0,0,0,0,0,0,0,0.0835694,0,0,0.1177707,0,0,0.3014666,0,0,0,0,0,0,0,0.1220957,0,0,0,0,0,0,0,0,0.07786781,0.2824649,0,0,0,0.2608782,0.00876985,0.2640194,0,0.08015303,0,0,0,0,0,0.417122,0.004102387,0.09677318,0.793836,0.1151124,0,0.1028353,0,0,0.003571614,0,0.2294189,0,0.3163742,0,0,0,0.5169544,0,0.1715281,0.08782464,0,0.2529676,0.6445782,0,0,0,0,0.4359505,0,0,0.239793,0,0.4304394,0,0,0,0,0,0.2948709,0,0,0.3966605,0.7476437,0,0,0,0,0.04864458,0,0,0,0.7543169,0,0,0,0,0,0.3803064,0.3155514,0.09297193,0,0,0,0,0.02726965,0,0,0,0,0.6220806,0.6741197,0,0,0.3134192,0,0.1595739,0.05967208,0,0,0.4777522,0.006197432,0.124954,0,0.5429844,0.3415278,0,0,0.3946962,0.1097295,0,0,0.2263418,0,0,0,0,0.1805752,0,0,0.2596133,0,0,0.2172358,0,0.1126353,0.09740113,0,0,0.3644512,0,0.5042241,0.2295005,0,0,0,0,0.08281692,0.0677586,0.407612,0,0,0,0,0,0.04785011,0.1150601,0,0.4702706,0.06034316,0.528316,0.1371277,0,0,0.2098623,0.0307398,0.2008025,0.3078783,0.3662645,0.2463155,0,0,0.1911777,0.2085631,0.2222814,0,0.02199949,0.1009741,0,0,0.1052293,0,0.3086366,0.06792596,0.2305118,0.4123346,0.4206376,0.4835924,0,0,0.1772469,0.1068601,0.1345925,0,0,0.111772,0.4409548,0.1623698,0.02071915,0,0,0.2674446,0,0.09878808,0,0.167752,0.5720535,0,0,0,0.1216519,0.618777,0,0.3443225,0.2096555,0,0,0,0.4566166,0,0.02846691,0.01770425,0.2201935,0.6992719,0,0,0.2991224,0.423709,0,0,0.2861421,0,0,0.2996608,0,0.1070838,0.4987727,0,0,0,0,0.584749,0.6187776,0.02617413,0.4303066,0.8602652,0.3398914,0.2454112,0.2241765,0.508506,0.5577731,0.4383718,0.22216,0,0.5453963,0.4781801,0,0.005687398,0,0,0,0,0.2541074,0.09324566,0,0,0.5855668,0.2841497,0,0,0,0.3475774,0.2714711,0,0,0.3600741,0,0,0,0,0,0,0,0.8371628,0,0.1824707,0.08164425,0,0,0,0,0,0.2266739,0,0.213814,0,0,0.1563921,0,0,0,0,0.2134981,0.07891532,0,0,0.06173776,0.4133731,0,0,0,0.845204,0,0,0.1850945,0,0.05630756,0,0,0,0,0,0.126252,0,0,0.4222804,0,0,0.02408286,0,0,0,0,0,0,0.7680373,0,0,0.1524501,0.007689226,0.2522466,0,0.4524574,0,0.2668397,0,0.01529284,0.3187855,0,0,0,0,0.1092307,0,0,0,0,0.3843906,0,0.1859601,0.1648161,0.1897753,0.493098,0,0,0.02383028,0,0,0,0.197724,0,0.4381253,0,0.1947571,0,0.175437,0,0.2069111,0.06722471,0,0.2229528,0,0,0,0,0,0,0.6041527,0.1566192,0,0,0.6721544,0.3636889,0,0,0.1885995,0,0.1467651,0,0.009926642,0,0.01750229,0,0.3978156,0.08506982,0,0.1010747,0,0.1253807,0.3548749,0,0,0.2666759,0,0,0.7858051,0.6611329,0.2013145,0.08035348,0,0,0.08609408,0,0,0,0,0,0,0,0,0.6698071,0.3620784,0.1876242,0,0.208562,0,0.8045134,0.4917479,0,0.1358695,0.1112133,0.4332331,0.1304188,0.2022345,0,0,0,0.03545094,0,0.3187673,0.8065453,0.4080786,0,0.1828823,0.1039699,0,0,0.1057055,0.06561486,0,0,0.1906336,0.0486647,0,0,0,0,0.138208,0,0,0,0.3249094,0,0,0,0.2782864,0,0.1515177,0.1279018,0,0,0.6499408,0.03321436,0,0,0.01131456,0.1889408,0,0.3857208,0,0.1554157,0,0,0,
0,0.162991,0.2725942,0,0,0.04818798,0.2642633,0,0,0.9008719,0,0.306708,0,0,0.09526613,1.565125,0.3554414,0,0,0.3717713,0,0,0.06467012,0.2907169,0,0,0.03607495,0,0,0,0.01214907,0.1584668,0,0,0.04599956,0,0,0,0,0,0,0,0,0,0.3102021,0,0,0.3909493,0,0,0.3131946,0,0,0.6410657,0,0,0,0,0.1350304,0.6182399,0,0,0.1777516,0,0,0,0.10913,0,0.04162615,0,0,0,0.07537285,0,0,0.1858606,0.1849874,0,0.2503322,0,0.3274469,0,0,0,0.5391924,0.1459514,0,0,0,0.463001,0.03393849,0,0,0,0,0,0,0,0,0.5258494,0,0,0,0,0,0,0,0,0,0.1225924,0,0,0.04027085,0,0,0,0.1776761,0,0,0,0,0,0,0,0.2612154,0.2515638,0.3435698,0,0.1728709,0,0,0,0,0,0.2399892,0.3043661,0,0,0,0,0,0.08984776,0,0,0,0.136364,0,0,0,0.100405,0.06722015,0.4342684,0,0.08608829,0,0.1208578,0,0.2994171,0,0.02406032,0,0,0.2053468,0,0.3764158,0.396411,0.3651238,0,0,0,0,0,0,0.2220035,0.1199284,0.3525867,0,0,0,0,0,0.7204546,0,0,0,0,0,0,0,0,0,0.2863971,0.2816912,0.4507955,0,0.04138075,0.04373952,0.1668164,0,0,0.1568771,0,0,0,0.009557208,0,0.5889015,0.2631847,0.1922097,0.6619968,0.2915576,0.04374093,0.6912354,0.397438,0.2544221,0.9388289,0,0.6837511,0.2710849,0.4564971,0.8115937,0,0.04996881,0,0.1075485,0,0.06334253,0.004747787,0,0,0.08335813,0.08797125,0.05447183,0,0.1564397,0.6176271,0.7391844,0.1811703,0.07995912,0.3171883,0.6004583,0.1796365,0,0.2733217,0.03568148,0.1743121,0,0.4670019,0,0.08834796,0.2507642,0.1517552,0.4396736,0,0.1932036,0.4027949,0.05296138,0.243936,0,0.05984557,0.1412454,0.1894647,0,0,0.08477741,0,0.4259071,0.08392997,0.3974443,0,0.5222461,0,0.2566468,0.4392289,0.3973461,0,0.1383151,0.09114739,0.1841098,0,0,0.6464168,0.01400156,0.5086883,0.1466051,0.2609243,0,0,0,0.3432054,0.3455112,0.2292755,0,0.3832963,0,0.07268143,0,0,0,0.2391208,0.4684758,0.507225,0.0744234,0.00965406,0,0.2938928,0.09671182,0.5351389,0,0,0,0,0.1797642,0.5369487,0.03670536,0.3518281,0.3018188,0,0,0.2758621,0.05168441,0,0,0.2805133,0,0,0,0,0.1900231,0.5031613,0,0.1511975,0.3710527,0,0,1.095233,0,0,0,0,0.07254373,0,0,0,0,0,0,0,0,0,0.07343387,0,0.2477092,0,0,0.02866675,0,0,0,0,0.1664978,0,0.47651,0.2655561,0,0,0,0,0,0.2006117,0,0.2657773,0,0,0.2088758,0.40836,0.2901041,0.4266442,0,0,0,0.2511945,0.0006957956,0.0007807099,0.05411742,0,0,0,0,0.8397382,0,0.2614587,0.3366847,0,0,0,0,0,0.414707,0.06552506,0,0.01499061,0,0,0,0.0206287,0,0,0,0.4258359,0,0,0,0.06025656,0,0,0,0,0,0,0.628081,0.07287242,0,0.1712802,0,0,0.2490747,0.2544332,0.2379957,0,0,0,0,0,0,0,0,0.4228736,0,0,0,0.04762522,0,0.1193978,0,0.04264847,0,0,0,0,0,0,0.07532495,0.4002878,0,0,0,0.06398688,0,0.05833467,0.1465072,0,0,0,0.8506026,0,0,0,0,0,0,0.3580368,0.1238466,0,0,0,0,0.5400218,0,0,0,0.2288243,0,0.37421,0,0,0.7508041,0,0.1718287,0.03923438,0,0,0,0,0.5100311,0,0.3258076,0,0.1952599,0.2409539,0,0.534998,0,0,0,0.8514282,0,0,0,0.242178,0.01444678,0,0.09427464,0,0,0.02575115,0,0,0.02413472,0,0,0,0,0,0,0,0,0,0,0.01032307,0,0,0.09592461,0.2795363,0,0,0,0,0,0,0,0,0,0.2652619,0,0.1361202,0,0,0,0,0,0,0.06523339,0.0009921168,0,0,0,0.2763486,0.8689771,0,0.20041,0,0.5827473,0,0.4633772,0,0,0,0,0.0582567,
0,0.1458277,0,0,0,0.3480939,0,0,0,0.2766033,0,0,0,0,0,0,0,0,0.05611625,0,0.8768375,0.1189634,0,0,0.5071549,0,0,0,0,0,0,0,0,0,0,0.1761808,0,0,0.6070585,0.2862028,0,0,0.3335725,0,0,0.1233436,0,0,0,0,0,0,0.09540112,0,0,0.6464436,0.267612,0.3032002,0.01364133,0,0,0,0,0,0.05731144,0,0,0.1374214,0,0,0,0.05478901,0,0,0,0,0,0,0.1851711,0,0,0,0,0,0.2748947,0,0.331305,0.1906825,0.2975103,0,0.4377096,0.6593688,0.2754644,0,0.3386305,0.009962188,0,0.4968751,0,0,0,0,0,0,0,0,0,0.1884784,0,0.3449233,0,0,0,0,0,0,0,0,0,0.3953734,0.02372165,0,0,0,0,0,0,0,0.03407635,0,0,0,0,1.124258,0,0.1357397,0,1.100863,0.3120032,0,0,0,0.02089086,0,0,0,0.7507344,0.5366928,0.3001268,0,0,0.06601185,0.08861519,0,0.03206091,0,0.4274425,0,0.2490715,0,0,0.2143951,0,0,0,0.1779125,0.201886,0,0.1914006,0,0,0,1.021076,0,0.2845071,0,0,0,0.3738242,0.05693229,0,0,0,0,0,0.4800274,0,0.2656603,0,0,0.1642905,0.2069378,0.2138347,0,0,0,0.06340236,0.5134215,0.5000733,0,0,0.162522,0,0,0.2985176,0,0,0.7328846,0,0.3511992,0,0,0,0.2084259,0,0.1814146,0.2452097,0.2710456,0.5705331,0,0.2988833,0.3097924,0,0.02586254,0.1456368,0.1902535,0,0,0.730482,0,0,0,0,0.65549,0.2295491,0,0.04392087,0.3624716,0,0,0.1981318,0.2270499,0.3729448,0,0,0.2339108,0.368658,0.7102425,0.4133653,0.008429612,0.1628852,0.184199,0,0.1970075,0,0,0,0.1785236,0.09078795,0.3050682,0,0.09046852,0.3726745,0.03135641,0.602699,0.3212696,0.2354882,0,0.3746736,0,0.6752409,0.1798806,0,0.03803914,0,0.2303304,0.09517673,0,0,0.2823728,0,0.7899204,0.5763834,0.2462365,0,0.3957982,0.05137008,0,0.1708702,0.3859271,0.1107391,0.2731375,0.6332809,0.3262007,0,0,0.3188031,0,0.3327943,0.01853235,0.329383,0,0,0,0.09948267,0,0.07048579,0.3337369,0.1408855,0,0.415632,0.8569711,0.2510026,0.950279,0.2769667,0,0,0,0,0.06752615,0.180655,0.09896643,0.06557769,0.001724842,0,0.907196,0,0,0,0.4461921,0,0.3926297,0.5928786,0.1870263,0.400813,0,0.2753386,0.2995003,0,0,0,0,0.308555,0,0,0,0,0,0,0,0.1727531,0,0,0,0,0.2614728,0,0,0,0.09378017,0,0,0.0010112,0,0,0,0,0,0,0,0.1598359,0.1625159,0,0,0,0,0,0,0,0,0,0.03113838,0,0,0.4782326,0,0.06063622,0.2843599,0,0.04741049,0,0,0,0,0,0,0,0,0.4391233,0,0,0.6517959,0,0.5639358,0,0,0,0,0,0,0,0,0,0,0,0,0.2574479,0,0.2258273,0.1569059,0,0,0,0,0,0,0,0,0,0,0,0.1509376,0,0,0,0,0.2930773,0.5072131,0,0.4219533,0,0.385149,0,0.4436143,0,0.3728072,0,0.2680586,0.2816006,0.1253024,0.06133349,0,0,0.3476036,0,0,0,0,0.000314045,0.01715362,0.2585239,0.6907523,0,0.06564806,0,0,0.1646892,0,0,0,0,0,0.4478319,0,0,0.08802588,0,0.01536663,0,0,0,0.605728,0.1878189,0.159669,0.5020438,0,0.1017211,0.02845694,0.1592795,0,0,0.2533889,0.1567649,0,0.1605933,0.3354513,0.4355691,0.09370429,0.3975198,0,0,0,0.1118825,0,0,0.4539817,0,0.2447099,0,0,1.170073,0,0,0,0,0.2543635,0,0.2652789,0,0.02334011,0,0,0,0,0.09908786,0,0,0.1042553,0.2137633,0,0,0.07494961,0,0,0,0.04223423,0,0,0.1816173,0,0.2107121,0,0,0,0,0,0,0,0,0,0.0666351,0.1659761,0,0,0,0,0.02214627,0,0.1078436,0.1111499,0,0,0.05673925,0,0,0.1674272,0,0.06509957,0,0,
0.02414482,0,1.193677,0,0,0.08183204,0,0,0.2226112,0.1236527,0,0,0,0,0,0,0.1014719,0.3866787,0,0,0,0.1308775,0.1563446,0,0,0,0.2715227,0.2814205,0,0,0,0,0.4271425,0.07906241,0,0.1372488,0,0,0,0,0.147431,0,0,0,0,0.05460514,0,0.1154264,0.276286,0,0,0,0.7664958,0.6340954,0,0,0.1266579,0,0,0.2023917,0,0.8033358,0.1045521,0,0,0,0,0,0.5283555,0,0,0,0.04440859,0,0.08314048,0,0.3255135,0,0,0,0,0.01596728,0,0,0,0,0.03566905,0.7752021,0.005358953,0,0.4458272,0.1164782,0.1849974,0,0,0,0.0002947031,0,0,0,0,0.1426102,0,0,0.06456981,0.2777743,0,0,0.1192115,0,0.5633489,0,0.3741539,0,0,0.09925326,0,0.214517,0.3755526,0.003046985,0,0,0.320444,0,0.2461155,0,0.5681461,0.2864117,0,0,0,0,0,0.1737402,0.1079833,0.06460017,0.09791206,0,0,0,0.2844629,0,0.3764611,0,0,0,0,0,0.3103835,0,0,0.2822149,0,0.007418824,0.06865013,0.03125103,0,0,0,0.1418089,0,0.3542525,0.6241325,0,0,0,0,0.4470808,0,0,0,0,0,0,0.4841097,0,0,0,0,0.1066557,0.05022778,0,0,0.2140065,0,0.3648508,0.2780623,0,0,0,0,0,0.0623938,0,0,0,0,0.2245231,0.02058241,0,0.3934846,0,0.1664236,0,0,0.1142827,0,0,0,0.1363736,0.256401,0,0.1591464,0.4142677,0,0,0,0.1634499,0,0.3335002,0.2820382,0,0.3098718,0.3833975,0.008706682,0.3381339,0,0.3935624,0,0,0.1326568,0.2693065,0,0.06302862,0,0.6108409,0.01442046,0,0.1833594,0.07300331,0.7336814,0,1.020419,0.425269,0,0.6593773,0.2181233,0.3679662,0,0.7263531,0.343951,0.07030087,0.05782368,0,0,0.07113877,0.2701026,0.3227433,0,0.5039753,0.0135565,0.01052804,0.3040025,0.1783383,0,0.1620688,0,0.478655,0.03916623,0.4480418,0.3704576,0.4413995,0.3811506,0.4075553,0.06584143,0,0.1598089,0.3911966,0.1987052,0.5891556,0.4287426,0,0.4957208,0,0,0,0.1825839,0.6490466,0.0008603909,0.1061498,0.2792839,0.5793099,0.7967815,0.2988119,0.1732826,0.02653475,0.1172957,0.6914012,0,0,0.4368549,0.02109598,0,0.2192764,0.1431917,0,0,0.1887055,0,0,0,0.5830724,0.5605309,0,0.2485019,0.7566443,0.07082842,0,0.03501468,0,0,0,0,0.30586,0,0,0.2766525,0,0.3435382,0.1684275,0,0,0.5036753,0.236903,0,0,0.5481049,0,0,0,0,0,0,0,0.08405177,0.1698198,0,0,0,0,0.3761342,0.1289112,0.03765061,0,0.2509161,0.2635869,0.4423487,0,0.3205057,0,0.0817566,0,0.05480926,0,0,0,0.4644018,0.358934,0.4268014,0.292745,0,0,0,0.4239372,0,0,0,0,0,0,0,0,0,0,0.6219066,0,0.3054181,0,0,0.01533582,0.2926334,0,0,0,0,0,0,0,0.01964413,0.06919133,0,0.2139177,0,0,0,0,0.2426634,0.3546295,0,0,0,0.5511639,0,0,0,0.02224687,0,0,0.0321155,0,0.003388572,0,0,0,0,0,0,0.09655812,0,0,0.5476276,0.0348847,0,0,0,0.3482168,0,0,0,0,0.2408143,0.4991761,0,0.4746938,0.3060627,0,0.2590303,0,0,0,0.1180888,0,0.5175011,0.8128844,0,0.5284928,0,0.1785089,0,0.3587781,0.353222,0,0.1510691,0,0.3281969,0,0,0,0.1147855,0,0.198294,0,0,0.5472929,0,0.23116,0,0,0.002480359,0,0,0,0.2429177,0,0.1990861,0.07085112,0,0.1282045,0,0,0,0.001016252,0,0,0.3706363,0.1345896,0.3645603,0,0,0.0161423,0.06152422,0.4018852,0.08568373,0,0.1978303,0.3263291,0.06549283,0,0.3765957,0.2076092,0,0,0,0.02194201,0.1683894,0.3284613,0.0513615,0.2501853,0.6775844,0.1932479,0,0.1219943,0,0,0.5060052,0,0,0.1322967,0.1430332,0,0,0.3564636,0,0.3772926,0,0,0,0,0.2390177,0.578445,0,0,0.00209709,0,0,0,0,0,0.02896319,0,0,0.1063348,0,0.1588398,0.07274912,0,0,0,0,0,0,0.1179138,0.05897627,0,0.3273599,0,0,0,0.3851536,0,
0,0.2074759,0.05455639,0,0.07649916,0.1184562,0.3555716,0.1018067,0,0.4885437,0.7861502,0,0.02581442,0,0,0.5064927,0.1117597,0,0.2471824,0.7425309,0.2480294,0,0.6492262,0,0,0,0.03836347,0,0,0,0.4586231,0,0.002056434,0,0.08743582,0,0,0,0,0,0.6925556,0.4009435,0,0,0.2089804,0.01827817,0,0.2606596,0.02588593,0.1206881,0,0,0,0,0,0.00766628,0.3825752,0,0,0,0.07564361,0.4683409,0.4005685,0.1429631,0,0,0,0,0,0.6484158,0,0.4461906,0,0,0.1494487,0,0,0.04929939,0.1329325,0,0.01088806,0,0,0,0,0,0,0,0.04180518,0,0,0.110726,0.06376232,0,0,0.1967564,0,0,0,0,0,0.379881,0,0.1028042,0.2893578,0,0,0,0.2421071,0,0.7621479,0,0,0,0,0,0,0.004977712,0.09339035,0.06807885,0.1558508,0,0,0,0.08850164,0,0.07733273,0,0.06819398,0,0.1624964,0.1256365,0,0,0,0,0.3704636,0.1943457,0,0.09049024,0,0,0,0,0.4059938,0,0.0566319,0,0,0.4905759,0,0,0,0,0.09809691,0,0,0,0,0,0.04319938,0,0,0.7284127,0.07414109,0,0,0.112369,0,0.2789667,0,0.2003491,0.3948354,0,0,0,0.06352039,0.1373222,0.1703225,0,0,0,0,0,0,0.106296,0.5064462,0,0,0,0,0,0,0.1309889,0,0,0,0.952788,0,0.3222361,0.3158462,0.6387447,0,0,0,0.1627729,0,0.3577403,0,0.3976207,0.1939107,0.6329305,0.5930755,0.2904807,0,0,0.4541298,0,0,0.03802044,0.06806322,0,0.5023866,0,0.289349,0,0.05321851,0.7669627,0.6373007,0.8657686,0.4407907,0,0.4792702,0,0.2122067,0,0.5836225,0.3251866,0,0.7917958,0.4062609,0.1665415,0,0.6168218,0.4271853,0.5268449,0.3367942,0.7311343,0.2468888,0,0,0,0,0,0.9284226,0.6020637,0,0.35837,0.4215321,0,0,0,0.5172251,0,0.2463829,0.4283416,0.06308891,0.111229,0.4806779,0,0,0.398736,0.2609329,0,0.5877997,0.0004007312,0.2269813,0,0.4640034,0.102536,0,0.2670195,0.153742,0.6067415,0,0.2948737,0,0.3125477,0.7082738,0.1666947,0.4564148,0,0,0.4701734,0,0.9451178,0.2717222,0,0.1680368,0.1245521,0.245818,0.1281405,0.6089746,0,0,0,0.5602958,0.3697335,0.428049,0,0.3126567,0.1346333,0,0,0,0.0401614,0.212089,0.3165023,0,0.1582743,0.4197466,0,0.008537455,0.3201624,0,0.6546361,0,0.024542,0.02418707,0.9149249,0,0,0,0.5473526,0,0,0,0.1495699,0.3012199,0.7732065,0,0,0,0,0,0.5947966,0.1565844,0,0.1072267,0,0,0.1982878,0.0108667,0.7723088,0,0.05890933,0,0,0,0,0,0,0,0,0.08413116,0.6416103,0,0.2923784,0,0,0,0.6377415,0,0,0,0,0,1.496481,0,0,0.4201557,0.4943905,0.1663559,0.1068381,0,0,0,0,0,0,0.1624944,0.468395,0,0,0.04813549,0,0,0.2445314,0.1626924,0,0,0.4686875,0,0,0,0,0,0,0,0.08546793,0,0,0,0.08703882,0,0.04227338,0.475747,0,0.09324424,0,0.1235452,0.02745814,0.1299906,0,0,0.4386988,0,0.02368054,0,0.04290921,0,0.2154866,0,0,0,0.4461897,0,0.5594719,0.01969273,0.09042308,0.4002512,0,0,0.7521207,0,0.296789,0,0,0,0,0,0,0,0,0.03167878,0.1389716,0.6379313,0.4619452,0,0,0,0.1439056,0.03737077,0,0,0.7597052,0,0,0,0,0.1253406,0.3515434,0.3007029,0.5013673,0,0,0.2070496,0,0.1229088,0.04402711,0.08599215,0.7776,0,0.09295351,0,0.6472987,0.1091028,0.6248871,0,0,0,0.3009517,0,0,0.1535741,0,0.1505235,0.1914307,0,0.3988666,0.3954415,0,0.3948277,0,0,0.2656851,0.1025852,0.02658878,0.08875014,0.0482448,0,0,0.1925419,0.0689537,0,0,0,0,0.1809716,0.08129768,0.04767975,0,0,0,0,0,0,0,0,0,0,0,0,0,0.1055098,0.03642971,0,0,0.4574005,0,0.1798137,0,0.1649796,0,0,0.01021507,0,0,0.4583395,0.09815303,0,0,0,0.2770874,0.1615703,0,0,0,0.01892703,0,0,0,0,0,0.33888,0,0.298442,0.6094105,0,0,
0,0,0.5862656,0,0,0,0,0,0,0.134288,0.5956225,0,0.7567756,0.1562661,0,0,0,0.2497927,0,0,0,0,0.2078983,0,0.1374943,0,0,0,0.2608959,0,0,0.5855685,0,0,0,0,0,0,0,0,0,0,0,0.2257379,0,0,0,0,0,0.5363257,0,0,0.06603952,0,0,0,0,0,0,0,0.2349383,0,0,0,0.03388673,0,0.01652966,0,0,0.5130483,0,0,0,0.0449669,0,0,0,0.06822322,0,0,0.237786,0,0.07901043,0,0,0,0,0,0.05044181,0,0,0,0,0.1951926,0,0.7901169,0,0,0,0.0005967862,0,0.3665982,0,0.1596268,0.1255918,0,0,0,0,0,0,0,0.1269993,0,0,0,0,0,0,0.6711696,0.1934231,0,0,0.799795,0,0,0,0.06608916,0.2443798,0,0,0.3889359,0,0.008118548,0.252016,0,0.469557,0,0.4640521,0.09565139,0,0,0.180847,0.3176996,0.1483158,0,0,0.0001256773,0,0,0,0,0,0,0.7667316,0.2106482,0,0,0.5287516,0,0,0.06162471,0,0,0,0,0.5037252,0,0,0.04511028,0,0.2057972,0.3473967,0.2128845,0,0,0,0.1904362,0,0,0,0,0.4949786,0.427306,0,0,0,0,0,0.01005028,0.1788264,0,0.1464523,0,0.5788335,0.1572196,0,0.1963964,0.004489327,0.7209609,0,0.2078493,0,0,0,0,0.5235187,0,0,0.3829231,0.1775139,0.2081991,0.2476723,0.277395,0.4113079,0.2212598,0.2789245,0,0.165317,0.3291876,0,0,0.02584419,0.00622952,0,0,0,0.006430758,0,0,0.443136,0,0,0.04798148,0.5588841,0.1257856,0.6909142,0,0,0,0.2509388,0.3721682,0.2548302,0,0,0.3665339,0.1303251,0,0.9929066,0,0.2689504,0.7624372,0.3453242,0,0.0856908,0,0,0.3171676,0,0.5651358,0.2936632,0.2947354,0,0.03122181,0,0.3284856,0,0,0.765632,0.1110365,0,0.1093083,0.4731342,0.6988937,0.07898989,0,0.4897972,0.7505316,0.3106629,0.2969797,0,0,0.1249239,0.1978721,1.18533,0.4237717,0.4112177,0,0,0,0.5650628,0.01907535,0.3160014,0.2473946,0,0.3034754,0.112112,0.4851485,0.2283143,0.1974819,0.1555918,0.3285904,0,0,0,0,0,0,0.6642012,0.5029778,0,0,0.006272239,0.160939,0,0,0,0,0,0.4354957,0,0.4979913,0.1761245,0.3996564,0.04318085,0.2198302,0.02743111,0.3869885,0.2765707,0.1967086,0,0.1220025,0.131215,0.3689719,0.1525879,0,0.156029,0.1003817,0.4307784,0.151031,0,0,0,0.01378304,0.2591015,0,0.5218492,0,0,0,0.0279022,0.01152939,0,0,0.6182914,0.2613693,0,0,0,0,0,0,0,0,0,0,0.2065731,0,0.2024394,0,0,0,0,0.167182,0,0.4244991,0,0,0.09618498,0,0,0,0,0,0.105722,0.7519309,0,0.4786448,0,0,0.7873613,0,0,0.0428789,0,0,0.3210606,0,0,0.1807249,0,0,0.1526491,0,0,0,0,0,0,0.1444547,0.1611982,0.3392709,0,0.134819,0,0,0.6208955,0,0.8329265,0,0.04317434,0,0.1070817,0,0,0.2287144,0.6211951,0,0.2444029,0.4250513,0,0,0,0,0,1.074938,0,0,0,0,0,0,0,0.4822209,0.00881473,0,0.9254212,0.3259072,0,0.1021508,0,0.2823228,0,0,0.6098888,0,0,0,0.1695483,0,0,0.01594568,0.4036145,0,0,0.1840889,0.1569784,0,0.234879,0,0.2938197,0,0.5962613,0,0.1115301,0,0.1133171,0,0,0.004472702,0,0.946021,0.05127364,0,0.7668554,0,0.460674,0.7511855,0,0.1201726,0.6679864,0,0.2386486,0,0.1892028,0,0,0.5092619,0,0.04670198,0.7372203,0,0,0.4126545,0,0,0.04085944,0,0,0,0.06812114,0.2072898,0,0.05546249,0.04411498,0,0,0,0,0.3895252,0.001831311,0,0,0.1937406,0,0,0.6625989,0.001171294,0,0,0.7698013,0.02482504,0.1056508,0.2404339,0,0.8699117,0,0.5551904,0.01852692,0.5116708,0,0,0,1.062911,0.1996444,0.02903321,0.2815413,0,0,0.2338028,0.3884974,0.09217662,0.175472,0,0,0,0,0,0,0,0,0,0,0,0,0,0,0.3269175,0,0,
0.7212448,0,0,0.3141747,0.5123786,0,0,0.2954274,0.0867937,0.02337864,0,0,0.1856773,0.2557664,0,0.2780025,0,0,0,0.2566844,0,0.5185966,0,0.1812502,0.8963658,0,0,0,0,0,0,0.5025083,0.04976062,0,0.3573982,0,0,0,0.3301282,0,0.5425783,0,0,0,0,0.5212649,0.214623,0.08506729,0,0,0,0,0,0.03347196,0,0,0,0,0.09899464,0.8383242,0,0.146598,0.006764383,0,0.273598,0,0,0.4445238,0,0,0,0.02008423,0.5145891,0,0,0,0,0,0.5314113,0.2486714,0,0,0.2204324,0,0,0,0,0,0.2280232,0,0,0.1043584,0,0,0,0,0,0,0.3734237,0.7020968,0.3544934,0.03056244,0,0,0,0,0,0,0.3975252,0.1173534,0,0,0,0.3692443,0.0157952,0,0,0,0.03330616,0,0,0,0.134795,0.1757379,0,0,0.06869945,0,0,0,0.187173,0,0,0,0,0,0,0,0.389542,0.04850765,0.1490837,0.4072685,0,0,0,0,0,0.1414536,0.4984878,0,0,0,0,0,0.2975546,0,0,0,0,0,0,0,0,0,0,0,0,0,0.122071,0,0.417318,0,0,0,0.2949554,0,0.2926838,0,0,0,0.1150937,0,0,0.1568195,0,0,0.04722365,0,0,0,0.2501132,0,0,0,0,0,0,0,0,0,0,0.6536242,0,0,0,0.05408144,0,0,0,0.09681579,0.3168878,0,0.07103857,0,0,0.7311694,0.199168,0,0.0843602,0,0.3449509,0,0.0108308,0,0.003134287,0,0.1472695,0.5171183,0,0.3880551,0.8398345,0,0.02647783,0.2474817,0.9605658,0.4807548,0,0.1301184,0.3285975,0,0,0,0.2310458,0.6010937,0.4697718,0,0,0.08382716,0,0.3249398,0,0.2072775,0.5265316,0.05764724,0,0,0.2039557,0,0,0.2630615,0.1008142,0,0,0.3193306,0,0.199217,0.4225906,0.3241287,0.6326646,0.1166744,0,0.2953412,0.1672278,0,0.2772468,0.0594345,0,0.1681929,0,0.3321613,0,0.08931319,0,0.09108621,0.5012268,1.471249,0,0,0.1103345,0.1556645,0,0.07178924,0.5968182,0,0,0.1633726,0.4863199,0.6482828,0.4730382,0.07022726,0.5484645,0.6467085,0,0,0.2426772,0.1944423,0,0,1.262893,0.7244711,0.04277242,0,0,0.5133877,0.495025,0.02617533,0.6297236,0.2040722,0.06283667,0.3765965,0,0,0,0,0,0.3935777,0.1198512,0,0,0,0.3673875,0.0266305,0.1503097,0,0.08483068,0.4302104,0,0,0,0.06033505,0.00238343,0.04691825,0.129016,0,0,0,0,0,0,0,0,0.1316563,0,0.1605626,0.2161314,0.1827242,0.05636388,0,0,0,0,0,0,0,0.7165966,0.1407687,0.2234364,0,0,0.08068142,0,0.2851618,0,0,0,0,0,0,0.1897792,0,0,0,0.2825027,0,0,0,0,0,0,0,0.2364496,0,0.2405797,0,0.3892623,0.5243331,0,0.2294887,0,0,0.3307802,0.1453302,0.02750534,0,0.4464722,0.6665833,0,0.3180063,0.1750349,0.3174796,0.55732,0,0,0,0,0.5693389,0,0,0,0,0,0,0,0.5802538,0.2796643,0,0,0,0.1094807,0,0,0,0.268797,0.1904888,0,0,0.8637774,0,0.3897635,0.1085135,0.004716172,0,0,0,0.3300982,0.4322881,0.02448109,0.2744221,0,0,0.1560428,0,0,0,0.09072743,0,0.4148887,0.8846958,0.03689051,0,0.2150842,0,0.0446043,0.1298874,0.1351157,0.02650804,0,0,0.6461959,0.3077858,0,0.05146729,0.2711927,0,0,0,0.01659743,0,0,0.5416852,0,0,0,0,0.009543288,0,0,0,0,0,0.1900696,0,0,0.2880773,0,0.1690907,0.2668437,0,0.7604313,0.3878243,0,0.1853864,0,0,0,0.1447931,0,0,0,0,0.2887311,0.08037737,0,0.2426993,0.1015721,0,0.06412561,0,0.3773621,0.6305778,0,0,0.1408737,0,0.3997087,0.306406,0,0,0.2337512,0,0,0,0.1408952,0,0,0.6046156,0,0.1799289,0.05767041,0,0,0,0.222122,0.04903863,0,0.1408746,0,0,0,0,0,0,0.09974717,0,0.1368449,0.1960476,0,0,0.279488,0.1129167,0.09703226,0,0.1308931,0,0.04626098,0.1147214,0.1693444,0,0,0,
0,0.04503363,0,0.00737647,0,0.3751653,0,0,0,0.06728256,0,0.3554619,0.7535421,0.1124353,0,0.3410058,0,0,0.1297139,0.6109602,0,0,0.3628799,0.5983531,0,0.3160643,0,0.09301708,0,0,0,0,0,1.10786,0,0,0,0,0,0,0,0,0.2451795,0.7394124,0,0,0.4512812,0.00863372,0,0.1062667,0,0.2347737,0,0,0,0,0,0,0,0.6696523,0,0,0.1187889,0,0,0,0,0,0,0,0.2072156,0,0.1313452,0,0,0,0,0,0,0,0,0,0,0.09130669,0,0,0,0,0.09407724,0.0451826,0.01033681,0,0,0.4299188,0.2090922,0,0,0,0.2415097,0.006393259,0.9001139,0.2353771,0.8000376,0.09879348,0.09288169,0,0,0,0.1942762,0.1536824,0,0,0.06210961,0,0.2829783,0,0,0.08428911,0.08886236,0,0,0,0,0,0,0,0,0,0,0,0,0,0,0,0,0,0,0,0,0,0.0844169,1.055757,0.2249472,0.3984216,0,0.3702262,0,0.2574703,0,0,0,0.4348533,0,0,0,0.05058078,0.1532106,0.1963064,0,0,0,0,0,0,0,0,0,0.6091562,0.1488234,0.03797938,0,0.1362304,0,0,0,0,0,0.5410206,0.6218407,0,0,0,0,0.05390344,0.3223689,0,0,0,0.3676356,0,0.1278712,0,0,0,0,0.9750206,0,0,0,0,0.2126951,0.1364345,0,0,0,0,0,0,0,0.8089395,0,0,0.1015619,0,0,0,0.2115102,0,0.5984974,0,0.06658314,0.2924483,0.1473121,0,0.01535056,0.2247102,0,0.6426882,0.2008914,0.1647917,0,0.2010064,0.5543038,0.4297074,0.2058618,0.1210439,0,0,0,0,0.3944862,0.1282831,0.4415964,0.2557964,0.396517,0.09486821,0.2890272,0.2451032,0.1755229,0.1771061,0.2580284,0.6793076,0.3034123,0,0,0,0.01423436,0.1257884,0,0.0769608,0,0.7650331,0.2666442,0,0,0.4268778,0.6247522,0.07240491,0.7442136,0.8702311,0.2783706,0,0.6540197,0.2880375,0,0,0.413501,0.4863239,0.009499542,0,0.3454404,0.2608592,0.2706844,0.1301545,0,0.6705567,0,0,0,0.8369737,0.5722403,0.7197596,0,0.2124633,0.7302364,0.5831321,0.1582509,0,0,0.02641254,0,0.1480339,0.02683331,0.4966182,0.3060927,0,0,0,0.2196748,0.2182366,0.3249454,0.3922062,0,0.03095918,0.1194734,0.3585274,0,0,0.2429871,0.1674787,0.272159,0.1277699,0.3058281,0.698032,0.1322789,0.513398,0,0.650312,0.05540646,0.02122404,0.3694094,0.8437468,0.2096047,0,0.0865553,0,0.3695145,0.281753,0.1352802,0.06073963,0.01160379,0.1473051,0.1957619,0,0,0,0,0.4096736,0.01119068,0,0.01964956,0,0,0.2885638,0,0.334946,0.4811344,0,0.1315242,0,0.3220626,0,0,0,0.1589029,0,0,0,0.207708,0,0,0,0.2816169,0.0674779,0,0.3609598,0,0,0,0,0.1926057,0,0,0,0,0,0,0,0,0,0,0,0,0,0,0.1713451,0.1479925,0.02548312,0,0.1009105,0,0,0.8253617,0,0,0.0919001,0.06665692,0,0,0,0,0,0,0.1464162,0,0,0.3506617,0,0.02855716,0,0,0,0,0.1091311,0,0.2397327,0,0,0.01217908,0,0,0.01601509,0,0.2842632,0,0.05925395,0,0,0,0,0.1701282,0.4416049,0,0.2283814,0.0872931,0,0.9279625,0,0,0.6139266,0.4476772,0.2014759,0.5339498,0.009567574,0,0.7986172,0,0,0.5101501,0.06310496,0.5614969,0,0,0,0.08660194,0,0,0.297448,0,0,0.0294898,0,0,0,0.006846292,0,0,0.03963854,0,0.2788767,0,0,0.2298548,0,0.01669854,0.2302804,0.6652976,0,0,0,0,0.5698659,0,0,0,0.1186134,0,0,0,0,0.6499183,0,0.09994113,0,0,0,0,0,0,0.006814864,0,0,0,0,0,0.3691269,0,0,0,0,0.01575534,0,0,0,0,0,0.4000976,0,0.2109125,0,0,0,0,0.06013191,0,0,0,0.0711512,0.2060099,0,0.3692313,0,0.00537608,0.2309206,0,0,0,0,0,0,0,0,0.1935661,0,0.2127179,0,0.2801841,0,0,0,0,0,0,0,0,0,0,0,0,0,
0.6098511,0,0,0,0.3728873,0,0,0,0.1485862,0,0,0.1989342,0.2117744,0,0,0.489029,0.5570104,0,0,0,0.1350655,0.1304018,0,0,0.03099033,0,0,0.2852362,0,0,0.4340639,0.2098694,0,0,0,0.005520167,0.3309088,0,0,0,0,0.2478419,0,0,0,0,0.01699712,0,0.5977226,0,0,0.001951294,0,0,0.307385,0,0,0,0,0.05021069,0.04740941,0.1926326,0,0.4946391,0,0.3870887,0,0.4314569,0.6153322,0.03070618,0,0,0,0.767041,0,0,0.4653246,0,0,0,0,1.06939,0,0,0,0,0,0,0.4756825,0,0,0,0.1432945,0.8468297,0.1090226,0,0,0.03390788,0.1188882,0,0,0,0,0,0,0.162374,0,0,0,0.3543055,0.2961809,0,0.01822748,0.09852535,0,0,0,0,0.3355713,0,0,0.3267716,0,1.004155,0.6562168,0,0.0009126235,0,0,0,0.01534965,0.09352404,0,0,0,0.09999439,0,0.2778899,0,0,0,0,0,0.1822042,0,0.02749989,0,0.1195773,0.225099,0,0,0.3746741,0,0,0,0,0.4751141,0.8280991,0.7405315,0.05516384,0,0.1151078,0,0,0,0.4305789,0,0,0,0,0,0,0.1843919,0,0.06272972,0.3531282,0,0,0.3136948,0.06211631,0,0,0,0,0,0,0,0,0,0.1093423,0,0,0.3383262,0.2159694,0,0,0,0,0,0.02694166,0,0.1532636,0.1534484,0,0,0,0,0.2659394,0,0.02474343,0,0,0.7409462,0,0.02554161,0,0.4206952,0.2313212,0,0,0.517211,0,0.4971735,0,0,0,0,0.1990648,0.2253664,0.2316462,0.1342764,0,0,0.2613304,0.1540899,0.4446639,0.4731065,0.2468089,0.2499144,0.3734441,0.246836,0.1852434,0.3938676,0.1242501,0.5784296,0,0.04849611,0.5661728,0,0,0,0,0.2909691,0,0,0.4507366,0.2186315,0.3877673,0,0,0,0.3268983,0.9216482,0.533001,0,0.6678944,0,0.7296852,0,0.7108885,0.306747,0,0,0,0,0.2810172,0,0,0.6270989,0.4996334,0.3121538,0,0.09522694,0.009061492,0.1022958,0.1338387,0.5096528,0.06699713,0,0,0.06918231,0,0.3045513,0.3329079,0.3519125,0.0752074,0.1063263,0,0,0.08640999,0.2335046,0.1296705,0,0.2550499,0.07994317,1.370138,0,0,0,0.164987,1.059104,0.0543609,0.2642332,0,0.1743058,0.1960684,0.1086317,0.4364563,0.1277795,0,0,0.5850323,0,0.3201388,0.5140031,0.4342447,0,0,0.2022218,0,0,0.2658376,0.4329738,0.3964579,0.3506678,0,0.05812079,0.2682586,0,0,0,0,0,0.3177689,0.1845692,0,0,0,0,0.8110984,0.4583968,0,0,0,0,0,0,0.1117936,0,0.6132093,0.06504105,0.6120107,0.1776838,0.171582,0,0.3454274,0.1348826,0,0,0.1464868,0.09941787,0.1845785,0,0.3096091,0,0.1406891,0,0,0.4103897,0.9640554,0.3842836,0.3715945,0,0,0.2343111,0,0.08872121,0,0.05520941,0,0.2029807,0,0,0,0.3389494,0.209867,0,0,0.2035964,0.3595372,0,0.3708482,0,0,0,0.1766779,0.09695487,0.5281237,0,0.002488611,0,0,0,0,0,0,0,0,0,0,0,0,0,0,0.241695,0.2142592,0,0,0,0,0,0.2998521,0,0.1029249,0,0,0,0.6020917,0,0,0.06959907,0,0,0.1986752,0,0,0.1744187,0,0.1882423,0,0,0.1920215,0,0.5049478,0,0,0,0.09218989,0,0,0.3017665,0.2061296,0,0.03177303,0.02374216,0,0.1009569,0.08761005,0.1387408,0.6146641,0,0.2602319,0,0,0,0,0,0,0.4159783,0,0.1001065,0.04401326,0.0006414406,0.03638675,0,0.02875869,0.7923166,0,0,0,0,0,0,0,0.009382388,0,0,0.703212,0.267792,0,0.2217841,0.4221768,0,0,0,0.5268512,0,0.78899,0,0.3291792,0.06074923,0.1553029,0,0.06002491,0,0,0,0,0.5598346,0,0,0.3218467,0,0,0.208132,0.7690659,0,0,0.1332014,0,0.2968273,0.1351674,0.03886814,0.0177141,0,0,0,0.4629519,0,0.5670927,0,0,0,0.4353848,0.2970392,0,0,0.2187523,0.1554311,0,0,0.992524,0,0,0.3718137,0,0,0.3467094,0.07278666,0,0.8169644,0.8685673,0,0,0.1440615,0.3126138,0,0,0,0,
0.08303194,0,0,0,0,0,0,0.5223065,0,0,0,0.05630736,0.2260259,0.1860141,0,0.3562559,0,0,0,0.08464725,0,0.2800777,0,0.08261339,0,0.7048278,0,0,0.03314705,0,0,0.4379181,0.2622493,0.01661973,0,0.1769654,0.3055945,0.04730225,0,0,0,0,0,0.01866228,0.05451356,0,0.2539392,0.0325174,0.2910053,0,0,0,0,1.313677,0.08769237,0,0.3446441,0,0,0,0,0,0,0.2886179,0,0.1231198,0.05161554,0,0,0,0,0,0,0,0,0,0,0,0.6111748,0,0.5258186,0,0,0.7167587,0,0,0,0.1202483,0,0.5217813,0,0.3779936,0,0,0,0.02423937,0,0.6029653,0.1504898,0.04884407,0.2752367,0,0.1661253,0.2229214,0.5121425,0,0,0.1249906,0,0,0.5499068,0,0,0.3795132,0.4210134,0,0.3606761,0,0.08931195,0,0,0,0,0.1164346,0,0,0,0,0.4244668,0,0,0.2812432,0.1118746,0,0,0,0,0,0,0.3259555,0,0.1309449,0.2745487,0,0,0,0.9531443,0,0.006073221,0,0,0.07407337,0,0,0.04579557,0,0,0,0.1224236,0,0,0,0.004594351,0,0,0.615471,0.0565508,0,0.06314331,0,0.4237023,0.03232647,0,0,0,0,0,0.7978481,0,0,0,0,0,0.4024871,0,0.3520452,0,0.7614505,0.6970347,0,0,0.1375075,0.1316826,0,0,0,0.02101874,0,0,0.04297697,0,0,0,0,0.06345803,0.147213,0.1730185,0.07572082,0.05847073,0,0.7554497,0,0,0.1841563,0.4804794,0.06607356,0.3081642,0,0,0,0.08210924,0.144092,0.04401517,0,0,0.08037533,0.03156193,0.02765412,0.1316356,0,0.2526394,0.6259315,0,0,0.4721271,0,0,0.3308232,0.6169537,0.5969609,0.5811341,0.6339521,0,0,0,0.60552,0,0,0,0,0.4285644,0,0.9551106,0,0.1522736,0,0.2524582,0.0004349312,0.1931149,0.1534527,0.6023221,0.1715836,0.1150128,0.6522329,0.2492265,0,0.3629341,0.227883,0.5405511,0.1470938,0,0,0.3104582,0.2588322,0,0.1941927,0,0.1830456,0.6485323,0.07765406,0.5758476,0,0.3403923,0.1723691,0.3225502,0.1225225,0.3456779,0.4436515,0.7532692,0.6070907,0.4029419,0,0.1938803,0,0,0.2706362,0.3506922,0.1746969,0.2018559,0.7469996,0.6428026,0.5459337,0.1369158,0,0.6725525,0.275404,0,0.02034021,0.1473882,0.5223462,0.2953209,0,0.4928128,0,0.002541789,0,0,0,0,0,0.4691828,0,0.5368566,0.1707476,0,0.02202087,0,0.5827805,0,0.3046919,0,0.06247224,0,0,0.6738303,0,0,0,0.3887609,0,0.3515785,0,0,0.512768,0,0,0,0.2027663,0.2539875,0,0,0,0.1430427,0.09236554,0.6809757,0,0,0,0.2940126,0,0.4705765,0,0,0.05036572,0.3642869,0.3958316,0,0,0,0,0,0.03520124,0,0,0,0,0.1620951,0.1040541,0.8854108,0,0,0.05874169,0.07050657,0,0.587088,0,0,0,0.08045689,0,0,0,0,0,0,0,0,0.1185323,0.1621599,0,0,0,0.1212624,0,0.4427586,0.1337164,0,0.3836832,0,0.732828,0.1767145,0,0.08680184,0,0,0,0,0,0.3536264,0,0,0.02089787,0,0.319778,0.01611812,0,0.008107823,0,0.1492851,0,0.4151983,0,0,0,0,0.2630522,0,0,0,0.05266151,0.4596298,0.05993754,0.2354912,0,0.1899709,0,0.1263276,0,0.001905333,0,0,0.2847425,0.4533504,0.2588542,0,0,0,0.3690811,0,0,0,0,0,0,0,0,0,0.8452558,0,0.1600657,0,0.2443862,0,0.1713258,0,0.3241263,0.1095618,0,0,0,0,0,0.208606,0.2259985,0,0,0,0.005018998,0,0,0,0.1119402,0,0,0.08112341,0,0,0,0.0961279,0,0.00891985,0.8944804,0,0,0,0,0,0.5004602,0.1454159,0.2529862,0,0.1570345,0,0,0,0,0.2702155,0.04325143,0.425516,0.1479922,0,0,0.03965857,0,0,0,0.01165698,0.3830902,0.2291859,0.1009333,0,0,0.1266339,0.4648913,0,0,0,0,0.4706472,0,0,0.6921695,0,0,0,0.09376819,0,0,0.007884379,0.04013503,0,0.2844674,0.2794878,0,0,0,0.113196,0,0,0,0,0,0.4555283,0,0,0,0,0,0,0,
0.4105269,0,0,0.8629885,0.035349,0,0.6493897,0.1220057,0,0.2670119,0,0,0,0,0.1895101,0.5687053,0,0,0.3558521,0,0.4814429,0.3997121,0,0,0,0.4848742,0,0.09114037,0,0.07518418,0,0.4268841,0.9396477,0.06122801,0,0,0.0585039,0.3281984,0,0,0.05076555,0.2324609,0,0,0,0,0,0,0,0.2401574,0.144751,0,0.1962276,0.2428921,0,0,0,0.1520422,0.1632937,0,0,0,0,0,0,0,0,0,0,0.1019516,0,0.06128599,0.03557562,0,0.06045186,0,0.2288027,0.2373766,0,0,0,0,0.01103697,0,0,0,0,0,0.1787178,0.7002385,0,0,0.1959593,0.5200506,0.06916211,0,0.01662621,0.3230832,0,0,0,0,0,0,0.1320938,0.172599,0,0,0.4100122,0,0.0555325,0.3775437,0.4815894,0,0.587596,0,0,0,0,0.2590232,0,0.09494071,0,0,0,0,0.6466233,0.4394854,0,0,0,0,0,0.3695107,0.1134934,0,0.2047688,0.419158,0,0,0,0,0,0,0,0.01177761,0.1517099,0,0,0,0,0,0,0,0,0,0.04548466,0,0,0,0.1708428,0,0.6023276,0,0,0.01354401,0.5153862,0.3012352,0.6870324,0,0,0.5665663,0,0.2028853,0,0.4356841,0,0.007399292,0,0,0,0,0.1862378,0,0,0,0,0.4329262,0,0,0,0.1099183,0,0,0.06154333,0.4202748,0,0,0,0,0.6153945,0,0,1.018576,0.3155867,0,0.5902224,0.5313978,0,0,0,0,0,0.3443321,0,0.3537991,0,0.2650616,0,0,0,0.5329767,0,0.3126834,0,0.4027536,0.3160208,0.2449749,0,0,0,0.2774247,0.6444199,0,0.4273829,0.1635695,0,0,0.2471072,0.195214,0.6160641,0,0.6545976,0.6699578,0,0,0.8274437,0.02751311,0,0.2705058,0,0,0.2979905,0,0.05916764,0.3390302,0.04490728,0,0.602889,0.2575244,0.3981438,0,0.3174866,0,0,0.4864646,0,0,0.2227577,0,0,0,0.02397331,0.8072081,0.1386854,0.2283531,0,0.3669652,0,0,0.129918,0,0,0.0888765,0,0,0,0.6256493,0.3828315,0.5721567,0.3681153,0.004817607,0,0.6433866,0.1739762,0.9700677,0.02979058,0,0.6231543,0.3254975,0.2403321,0.3151028,0.1507329,0,0.2247991,0.2261954,0.3125268,0.3546262,0.1060658,0.003790359,0,0.96724,0.4451039,0.1335007,0.433918,0.3587094,0,0.02907427,0.428446,0.05135725,0,0,0.1531275,0,0.1424892,0.1422111,0.1304191,0.2057089,0.2174933,0.2316242,0.9386033,0.06355133,0,0.4326836,0.06023214,0.1677134,0,0.2796125,0,0.1037922,0,0.1222791,0.02451809,0.4141235,0.1842508,0,0,0,0,0.3375601,0,0.4515846,0,0,0,0,0,0,0.4249757,0,0.2747453,0.2208187,0,0,0.4553961,0,0,0,0,0.2398095,0,0,0,0.3897513,0.4937606,0,0,0,0,0,0,0,0.03333832,0.1987883,0,0,0,0,0,0,0,0,0,0,0.1548487,0,0,0,0.05355956,0,0.1885277,0.2659589,0,0.3953127,0,0.5594673,0.06819081,0,0,0.8643935,0,0.1847201,0,0.2133441,0,0,0,0,0,0,0,0.3397024,0,0.5313652,0.2069619,0,0,0,0,0,0,0,0.3378692,0,0.7997591,0,0.414446,0.3357897,0,0.6271427,0,0.09853549,0.05130134,0,0.3784552,0,0.5995422,0.1875135,0.0455803,0.1267366,0,0.7134634,0,0.2070022,0.1324027,0.3837903,0.4325789,0,0,0,0,0,0.2602679,0,0.2660438,0,0.0179241,0,0,0,0.5946789,0,0.3597199,0.1669881,0,0.2699995,0,0,0,0,0.3674351,0,0.1031068,0.3717387,0,0,0,0.3241607,0.6168879,0,0,0.5293624,0,0,0.5665523,0,0,0.1715943,0.06635848,0,0,0,0.558749,0.05278551,0.02870517,0.3832623,0.5849175,0,0.01210281,0.2408791,0,0,0,0.02687334,0,0.01277419,0.2314424,0.1170118,0.464626,0,0,0,0,0.2212863,0.4486271,0,0,0,0,0,0.1871965,0.4819461,0.4466437,0.2725735,0,0,0,0,0.2923134,0,0,0,0,0,0,0,0.7942287,0.6738017,0.06767052,0,0,0,0,0.712085,0,0,0,0.5140042,0,0,0,0.1276427,0.08058594,0,0.04012518,0.4270249,0,0,0.6693519,0,
0,0.1783364,0.03483102,0,0.1893293,0.1573853,0,0,0,0,0,0,0,0.2968743,0,0,0,0.360826,0.6016956,0.1668497,0,0,0.3656098,0.09866811,0.02332055,0,0,0.1980763,0.007173587,0,0.6103334,0,0.007661562,0.1619468,0.8688036,0,0,0.4762751,0,0,0.05058463,0,0,0.6625687,0.2696307,0,0,0.09531614,0,0,0,0.2460411,0.2976312,0,0,0,0,0.07357688,0.3477415,0,0.7820846,0,0,0,0,0,0,0,1.162196,0.3063483,0.3867337,0.1261764,0,0,0.1063723,0.6685941,0,0,0.597334,0.9820914,0,0.05270677,0,0.3240375,0,0,0,0,0,0,0,0,0,0,0,0.6084567,0,0,0.2088034,0.4839626,0.1191064,0,0,0.1593023,0,0,0,0.01688578,0.01062023,0.4517182,0,0,0,0,0.1305459,0.5105254,0.2169912,0,0.2017126,0.07704462,0,0,0.4647997,0.3258393,0,0.1212752,0.03731116,0.2604788,0.00686959,0,0,0.03653348,0,0.2918264,0,0,0,0,0,0,0,0.3340285,0,0,0,0,0,0.06200019,0,0,0,0,0.4487319,0.4750085,0.0007420171,0.2908043,0.220432,0.3669018,0.4239972,0,0,0,0.5462056,0,0,0,0,0.8063444,0,0.2452788,0,0.4614761,0,0,0,0,0.09516561,0,0.3059985,0.06408697,0,0.08059214,0,0,0,0,0.01231846,0.3296265,0.2680785,0,0,0.1841048,0.4127608,0,0.07482123,0.1199497,0.1378112,0,0,0.4019885,0.3379893,0,0,0,0.00618238,0.1433423,0,0,0.506981,0,0,0.07125391,0,0,0,0.3930543,0,0,0.2621188,0,0.2142859,0,0.1223363,0.63568,0.01331587,0,0,0.2349502,0,0,0,0,0.3620325,0,0.03687972,0,0.2990896,0.7390732,0.6004639,0,0,0,0,0,0.2534023,0.2174215,0,0.2348611,0.261739,0.08302337,0.6429377,0.2232134,0.248819,0,0,0,0,0.4255728,0.06202107,0,0,0.4499535,0.1836796,0.4499369,1.171281,0.04200356,0.3543376,0.1845382,0.2052323,0.4024642,0.2024002,0.3558712,0,0,0.09462709,0,0,0.63929,0.3709071,0.06374022,0.2697678,0,0.22574,0.143453,0.6668413,0,0.1152026,0.1657429,0.571796,0.4066103,0,0.07426703,0,0,0.3060217,0,0.06199975,0.2093338,0.2899695,0.02892417,0.5492371,0,0,0,0.336358,0.454771,0,0,0,0,0.07421759,0.5667634,0.7053328,0,0,0.1884634,0.708894,0,0.2043172,0.642058,0.3330283,0.3474479,0.6908048,0,0.240855,0.09666815,0,0.2312444,0.8631112,0,0.2503772,0.7449455,0.8525518,0,0.1836731,0.04672411,0.1878707,0,0,0.1686705,0.06401252,0,0,0.2362095,0.5355947,0.0952818,0,0,0.2232081,0,0,0,0,0,0,0.4660743,0,0,0,0,0.01579049,0,0,0,0,0,0,0,0,0.3677372,0,0,0,0,0.4953825,0.1712985,0,0,0.06996088,0,0,0.5464869,0,0,0.09996711,0.05362279,0,0,0,0,0,0,0.1647048,0.01333077,0.139568,0.4489393,0.5819805,0,0,0.2821496,0,0,0.7170506,0.03047203,0,0.3288848,0,0.3051526,0,0,0,0.6284863,0.2441401,0.2410819,0,0,0,0,0,0.4773023,0,0,0,0.2610401,0.1465721,0.1578093,0,0,0,0,0,0.2639118,0.09630905,0.07517684,0.557275,0,0,0.6314824,0,0,0,0,0,0.1847983,0,0,0.06998769,0,0.06506732,0,0,0,0,0,0,0,0.2235326,0,0,0,0.041529,0,0,0.2327701,0,0,0,0.2977978,0.339188,0,0,0,0,0,0,0.3764249,0.5093779,0.2689816,0,0,0,0.4200449,0,0,0,0,0,0.6374576,0,0.3620555,0,0,0.0249662,0.7875348,0.342764,0,0.8158061,0,0,0,0.3184838,0.1401557,0.2768499,0,0,0.8272674,0.02768637,0.216785,0.400025,0,0,0,0.4283145,0.1128791,0.09180665,0,0,0,0,0.2247978,0.3800592,0,0.06855696,0,0.0724554,0.5171727,0,0.1981459,0,0,0,0,0,0.1315937,0.009797799,0,0,0.1295953,0,0.3401771,0,0.02271054,1.749454,0,0.006753205,0,0,0,0,0,0.2540406,0.2288937,0.6126362,0.06683111,0,0,0,0.04086235,0,0,0,0.2510091,0.7588283,0,0,0,0.03547898,0,0.5042365,0,
0.8615587,0,0,0,0,0,0,0,0.3225883,0.377353,0.2400836,0,0,0,0,0,0,0.08759767,0,0,0,0.5367655,0.935941,0,0.05817417,0.02149953,0,0,0,0.006681193,0.4472268,0,0.4479877,0,0,0.2800781,0.4798896,0,0,0.219073,0.05269797,0.3773126,0,0,0,0,0.004772797,0,0.1639852,0,0,0,0,0.005965698,0,0,0.3337064,0,0,0,0.212739,0,0,0,0,0.23335,0.3303346,0,0,0.277807,0,0,0,0,0,0,0.1116113,0,0,0.4300897,0.04703738,0.5378851,0.06423101,0,0,0,0.793894,0,0,0,0,0,0.2357081,0,0,0.3930017,0,0.04972528,0,0.360846,0,0.4573641,0,0,0,0,0.4964595,0,0,0,0,0.165857,0,0,0,0,0,0,0.2479746,0,0,0.1500124,0,0,0.246101,0.04455955,0,0.06618081,0.09989306,0.3937867,0,0,0.1284265,0,0,0,0,0,0,0,0.1308124,0,0,0,0.07063966,0.8566893,0,0,0,0,0.2113575,0,0.1630778,0,0,0,0,0,0,0.04476429,0,0,0,0.2096044,0,0,0,0,0,0.3034638,0,0,0,0,0,0.02132059,0,0.6785643,0,0,0,0,0.4114694,0,0.3060382,0,0.6379654,0,0,0,0.1375432,0,0,0,0.1798313,0.09165291,0,0,0.2305721,0,0,0.1841253,0,0,0,0,0,0.67794,0,0.07823159,0.00125979,0,0,0,0,0.01515728,0,0,0.1091978,0.1835648,0.9869208,0.0621039,0.3637975,0.117678,0.2080938,0.339293,0.2892244,0,0.5943181,0.6014272,0.2361549,0.1150929,4.896429,12.38955,2.908541,0.0348981,0.4858853,0.5005603,0,0.5923757,0.4847343,0,0.2003677,0.2521515,0,0,0,0,0.1073749,0,0.08221287,0.3278965,0,0.3280721,0,0,0.5596414,0,0.03660672,0,0.4543798,0.4719131,0.4143467,1.388867,0.619895,0.7540563,0.2957247,0.6103478,0.9511846,0,0.2152542,0,0.1466208,0,0,0.2504768,0,0,0.4348636,0.5684597,0,0.5715904,0.003741085,0.2145709,0.2128443,0,0.06350869,0,0.4373748,1.975314,0.3503283,0,0,0.3379491,0.4402581,0,0.1498739,0,0.1860346,0,0.3144135,0.2705624,0,0.3074249,0.1425768,0,0,0.04334307,0.2960043,0,0.08132077,0.3483561,0,0.4431662,0,0,0.191431,0.0723755,0,0.516623,0.5424613,0.2852843,0.2871205,0,1.036645,0,0.3226923,0.5958455,0,0.5318136,0,0.283954,0.02548624,0.3990774,0,0.2572622,0,0.2063291,0.1343928,0.2512376,0.1936142,0.2112172,0,0.101013,0.2623138,0.5191579,0,0,0,0,0.4475331,0,0,0.4948474,0.01948286,0,0.1338279,0.08497503,0,0,0.3279751,0,0.5594506,0,0.1499089,0,0,0,0,0,0.5617748,0.5315748,0,0,0,0,0,0,0.1957698,0.03357112,0,0,0.1668313,0.2315159,0,0,0,0.3135766,0.4627893,0.1790249,0.3056504,0,0,0.5956697,0,0.2223157,0.5721418,0,0.2989705,0,0,0,0,0,0,0.7568952,0.7416512,0,0,0.5043672,0,0,0,1.155495,0.4764385,0,0,0,0,0,0.4218096,0,0,0,0,0,0.1209274,0,0,0,0,0.4127501,0,0.2829974,0.7075358,0,0.154917,0.2300049,0,0,0.5499595,0,0,0.6898868,0.3940908,0.1837676,0,0.1761604,0.1920829,0,0,0.05845749,0,0,0,0,0,0.4764159,0.2149991,0.1395806,0,0.6639519,0.2721782,0.5816691,0,0.06417197,0,0.4221753,0.2557046,0.2030306,0.2753047,0.3139204,0.04804526,0,0,0,0,0.2516316,0,0.06166366,0,0.007179495,0.07324498,0,0.01276926,0.4995643,0,0,0.2323527,0.00200783,0.5243224,0.2965761,0.5386456,0,0,0.5518351,0,0.05745921,0.3358627,0,0.02417436,0,0,0,0,0.2364487,0,0,0,0,0.3689245,0,0,0.06974477,0,0,0.3875747,0,0,0,0.1643424,0.2498627,0.1025824,0,0,0,0,0.3038549,0,0,0,0,0,0,0.08427486,0,0,0,0,0.09869861,0.1013543,0.5063286,0.3867425,0,0.5865705,0,0,0.4531659,0,0,0.1480528,0,0,0,0.3714444,0,0,0,0,0,0,0,0,0,0,0.03325111,0,0,0.3523447,0,
0.02973085,0.3200439,0.8615595,0,0.1679469,0,0.2730763,0.4976031,0,0,0,0,0,0,0,0,0,0,0.4292739,0.2222282,0,0,0,0,0.2248998,0,0,0,0,0,0,0,0,0.2874493,0.1898268,0,0.318058,0,0.07684256,0,0,0,0,0,0,0,0.1290866,0,0,0.2825969,1.099306,0,0,0,0,0.3265275,0,0,0,0.4814796,0,0.3178166,0.09989399,0,0.2369757,0,0.03155087,0,0,0,0,0,0,0.2944968,0,0.0536674,0.1125122,0,0.855745,0,0,0,0,0.196847,0,0,0.3349078,0.276089,0,0.3731741,0,0,0.02599276,0,0,0,0,0,0,0.2664076,0.17238,0.3779833,0,0.6610302,0.2731759,0,0,0,0,0,0,0,0,0,0,0,0,0,0.2717042,0.2046111,0,0,0.5259545,1.093111,0,0.06701636,0,0,0,0.1899529,0.104293,0,0.312987,0.1608309,0,0,0,0,0,0.1602325,0,0.3689417,0,0,0,0,0.3614348,0,0.3652355,0,0,0,0.2010203,0,0.2773773,0.1195186,0.01299273,0,0.04920025,0,0,0.2093289,0.3996008,0.2408603,0.7455492,0,0.7557006,0,0.2213522,0,0,0,0,0,0,0,0,0.4320943,0.9209808,0.04994729,0,0,0.1135397,0.04256147,0,0.3524382,0,0,0.3515745,0,0.3783641,0,0.1021411,0,0.00890597,0,0.003366194,0.2750919,0,0,0,0.7192962,0,0,0.294028,0.07788487,0,0,0,0.3804914,0,0.5942692,0.1072887,0.08914209,0,0,0.3847767,0,0.3955601,0.2279364,0,0,0.3971316,0.4830675,0.439004,0.1035033,0,0,0,0.9320797,0.472336,8.767382,16.92201,18.01696,17.36751,15.11501,0.4554104,0.3337252,0.08497272,0,0.8763146,0.6071879,0,0,0,0,0.2125811,0.04136674,0.3974648,0,0.3041997,0,0.2077013,0.6636711,0.2692782,0.3292615,0,0.9416414,0.1273482,0.03395926,0,0.8548801,0.8192468,0,0,0,0.1127257,0.3965987,0.05640962,0,0,0,0.08599658,0,0,0.08447526,0,0.2525478,0.2026852,0.4958342,0.2889805,0,0.4689867,0,0,0.5246502,0,0.1298198,0,0.6442524,1.189662,0.07195828,0,0.09573284,0.1044184,0,0.3803253,0,0.116821,0.4723287,0.3042957,0,0,0.06990746,0.3938445,0.3637167,0.3026208,0,0,0,0.284396,0.2112247,0,0.3819283,0.2687742,0.1523752,0.4249818,0,0,0.06686445,0.4557706,0.04557826,0,0.4512864,0.1666875,0,0.3051388,0.07899088,0,0.01143291,0,0,0.1765378,0,0,0,0.02533831,0.6533375,0,0.4813543,0,0.112969,0.05298596,0.05017572,0,0,0,0.7162936,0,0,0.3719331,0,0.7409267,0.4138016,0,0,0,0,0.01483434,0,0.1459109,0.2679111,0,0,0,0.05423301,0,0.4541625,0,0,0.1259219,0.7443259,0.02714921,0,0.7058416,0,0,0,0,0.2213419,0,0,0.2839265,0,0,0,0.2511105,0.2642711,0,0.2146861,0.1905017,0,0.1571289,0,0,0,0,0,0,0,0,0,0,0,0.2120947,0,0.3901875,0,0.1881324,0.176329,0.6445733,0,0.3466457,0.3025977,0,0,0,0,0.169064,0,0.01185635,0,0,0,0,0.08764841,0,0,0.1268521,0,0.004666152,0,0,0.2649516,0.3467194,0.02350088,0,0.5500132,0,0.2924059,0,0.1217326,0,0.1753887,0,0.2884663,0,0.7018086,0.1001782,0,0.6858976,0.1955551,0,0.1531995,0.3339372,0.2167704,0.2313699,0.5860243,0.5136001,0.3172522,0,0,0.3098461,0,0,0.008078155,0.1337388,0.1847708,0,0,0,0,0.4220906,0,0.8058139,0,0,0,0,0,0.4569518,0,0.2179619,0,0,0.466112,0,0.8064757,0.1551846,0,0,0.3816472,0,0.08209988,0.4665316,0,0.2388744,0,0,0.7302324,0,0.09915148,0.250751,0.2289972,0.3825485,0.0266865,0,0.3310058,0,0.1296501,0.5525527,0,0,0,0.1592895,0.521359,0.08090527,0,0.08484555,0,0.03834559,0,0,0.06001366,0.4321155,0,0.7023349,0,0,0,0,0.5534618,0.05762107,0.6172352,0,0,0,0,0,0,0.6801586,0,0.5025099,0.2405307,0,0,0,0,0,0.5256622,0,0.1121137,0,0,0,0.3337484,0,0,0,0.02206304,0.3687416,0,0,0.5994514,0,0,0,0,0,0,
0.3516776,0,0,0.230573,0,0,0,0,0.6221767,0,0.2853703,0,0.3347401,0,0.07658336,0,0,0,0,0,0,0.1866644,0,0,0,0,0,0.1568309,0,0,0,0,0,0,0.001614745,0,0,0,0.09953947,0,0,0,0,0,0,0,0,0.1840675,0.329421,0,0,0,0,0.4169796,0,0,0,0,0.2717713,0,0,0,0,0,0,0.5184359,0,0,0,0,0,0,0,0,0,0.2150528,0,0.2799736,0,0,0,0,0.2268897,0.6259161,0,0.08896711,0,0.8230849,0,0,0,0,0,0.2055736,0.3648798,0.007804242,0.1170018,0,0,0,0.7886955,0,0.0326035,0,0.9036043,0,0,0,0,0,0.1734654,0,0,0,0.4022821,0,0,0,0,0.285583,0,0,0,0,0.3958773,0,0,0,0.4491894,0.5422974,0.2163036,0.2022359,0,0.1528407,0.3723155,0,0,0,0,0,0.3322952,0,0.4193426,0,0,0,0.6088198,0,0.4553402,0.1035782,0.1590493,0,0,0.5850778,0.2034535,0,0,0.6856974,0,0.1315218,0,0,0,0,0.2439977,0,0,0.2639656,0.05315903,0.3053278,0,0,0,0.5475093,0.123599,0.5384948,0,0,0.1994282,1.044948,0,0.2486736,0,0,0,0.3448407,0,0.01734506,0,0.4739868,0.2116016,0.08613308,0,0.7783501,0,0,0,0,0.2688992,0,0,0.5359962,0,0.6402408,0,0,0.09140293,0.04476058,0.6157673,0,0,0.1247016,0.1392409,0,0,0.5389273,0,0,0,0,0,0,0.07464647,0.1326605,0.1225565,0.1012803,0.09146986,0.52316,0.2437684,0.2606839,0.3311318,10.74812,18.54193,17.97545,16.94851,15.74825,13.87967,0.5829024,0,0.08920027,0.5234524,0.04849227,0.3811896,0,0,0.05292628,0.5961642,0.6341313,0,0,0.6411126,0.6412021,0.07658305,0.0147485,0.1576509,0.4045976,0.3749511,0.009125873,0.630789,0,0.1212953,0,0.2835875,0,0.08659148,0.2416503,0,0,0.4136401,0.2458597,0,0,1.121325,0,0.239201,0.3463296,0.6145412,0,0.3087516,0,0.7904897,0,0.1688181,0.4069918,0,0.2473449,0,0,0.09394332,0.5249761,0.1694824,0.6185983,0.07372157,0.05083802,0.340359,0,0.4525472,0,0.003786149,0,0,0,0,0,0.2404217,0.5829962,0.07618082,0.1221553,0.7364755,0.2392955,0.4582821,0,0.2096425,0.2297041,1.122538,0.2798728,0.1644289,0,0.6324156,0.3659426,0,0.7202241,0,0.2837008,0,0.3874647,0.2358635,0,0.03820733,0.6001822,0,0.2746219,0,0.445763,0,0,0.2880777,0,0,0.1568041,0.01181382,0.4393179,0.3450427,0.5029536,0.05208591,0.2814121,0,0,0.1405034,0,0,0,0,0,0,0,0.393353,0,0,0.1124222,0.03162127,0,0,0,0,0,0.07249279,0.1209375,0,0,0,0.2914368,0,0,0,0,0.9041203,0,0,0,0,0.1539021,0.04546273,0,0.3271318,0.3994588,0.1194184,0,0,0.1609924,0,0,0.7506028,0,0.08233441,0.3661035,0.1493905,0.2120779,0.02962759,0.001663826,0.04464567,0,0.3145148,0,0.1166769,0.2540604,0.02696301,0,0.1695025,0,0,0.5903633,0,0,0,0,0.1718328,0,0,0,0,0,0,0,0,0,0,0.7459695,0,0,0,0.1698331,0.4682972,0.9428733,0.1665917,0,0,0.5399632,0.1083811,0,0.8210972,0,0,0.1254841,0,0,1.05698,0,0,0,0,0,0,0,0,0,0,0.06298814,0,0.6477975,0,0,0,0,0,0,0.05928054,0.2579142,0.1118808,0,0,1.129493,0.05641456,0,0,0,0,0.6416326,0,0,0,0,0.3082558,0,0.3491467,0,0.1205619,0,0,0.1563585,0,0,0,0,0.186203,0,0.3271567,0,0,0.4319266,0,0.05991401,0,0,0,0.1161861,0,0,0,0.478546,0,0.212759,0,0.3205603,0.4688416,0,0,0,0.08869617,0,0.6644318,0,0.5143118,0,0.6290569,0,0,0,0,0,0.2170799,0.5366928,0.02233596,0,0,0,0,0,0,0.26385,0.003307081,0.2146866,0.07176597,0.03378972,0,0.1076339,0.03745885,0,0.09914747,0.1924232,0,0,0,0.4212711,0,0,0.09217754,0,0.1781459,0,0,0.1100009,0,0,0.440243,0,0.3586838,0,0,0.3280812,
0,0.606617,0.3610584,0.04266306,0,0,0.3148669,0,0,0.2730527,0,0,0.3434195,0,0,0.1346823,0,0,0,0,0.3176751,0,0,0.689249,0,0,0,0.2029967,0,0,0,0.8457065,0.7117095,0,0.03182981,0.4839034,0,0.3810162,0,0,0.2193237,0,0.0730798,0.08775444,0.1417227,0,0.5278832,0.01760701,0,0,0.1916399,0,0.05907667,0.2528648,0,0,0.2728036,0,0,0,0.2488929,0.2790648,0,0.0166096,0.4623208,0,0,0,0,0,0,0,0,0.003005524,0,0,0,0,0,0,0,0,0,0,0.4820074,0.4076418,0.07795397,0,0,0,0,0,0.349513,0,0,0,0,0,0,0.09107657,0,0,0,0,0,0,0.813823,0.3844063,0,0.0196424,0.1966119,0.5157249,0,0.2075966,0,0,0,0.0283133,0,0,0,0.5746966,0.1668307,0.03996258,0,0,0,0.1899715,0,0,0.3525633,0.2179238,0,0,0.4098195,0,0,0,0.3981928,0,0,0,0,0.1797607,0,0.2906233,0,0,0.1413169,0,0,0.3070908,0,0,0.2100769,0,0,0,0.3538686,0,0,0.254248,0.1926685,0,0,0.1208561,0,0,0.03815721,0.2643453,0.3414384,0,0,0,0.1957603,0.715614,0.3250884,0,0.4271383,0.2239098,0.1675221,0.8266729,0.3845799,0.6480063,0.1965883,0,0,0,0,0.2347465,0,0,0.123746,0.03425708,0,0,0,0,0,0,0.05900387,0,0,0,0,0,0,0.3304146,0,0,0.1131087,0,0,0,0,0,0,0.3508979,0.02825162,0.1806617,0,0,0,0.6080611,0.094564,0.155056,0,0.2265671,0.4094602,0.538786,0.07229608,0.7845067,16.14057,16.34026,15.47002,19.57785,15.88443,0,0.2834041,0.1590177,0,0,0.3534717,0.2138497,0.09547164,0,0.4128714,0.04011567,0.363997,0,0.2385813,0,0.06136026,0,0.5028002,0.2141572,0,0.3427785,0,0.5337665,0.5222856,0.2857229,0.573259,0.2148994,0.3330588,0,0,0,0,0.2157039,0.1950813,0.2456499,0.01016836,0,0,0.3514883,0.05116529,0.2737204,0,0,0.04693348,0.2994136,0.1644589,0.6372151,0,0,0,0.3509715,0,0,0.6987169,0.3351673,0,0.3087223,0.01477439,0,0,0,0.1306055,0.614583,0.7691176,0.5864651,0,0.3835066,0.3450238,0.0382169,0.958397,0.04510359,0.06026729,0.2374584,0.8449919,0.460019,0.4713891,0,0.5321942,0.2208246,0,0,0,0,0,0,0.4537008,0.4062191,0,0.7749948,0,0.2120965,0.3004985,0.2442952,0,0.567539,0.3818472,0.3778467,0.1551664,0.403975,0.256622,0.4044628,0,0.4288866,0.01643117,0.5749846,0.1898039,0.03035604,0.1220759,0,0.3136308,0.5851468,0,0.00201389,0.5636452,0.09858099,0,0.05212665,0.3242583,0.544614,0,0,0.3231536,0,0,0,0,0,0.06099925,0,0,0,0,0,0,0.2462362,0.05596942,0,0,0.447773,0,0.1995868,0,0,0,0.3691874,0,0,0,0,0,0,0,0.2365871,0.9587749,0,0,0,0,0.04422643,0,0.02483294,0,0.2309503,0,0,0.336139,0.2381229,0.1788447,0.3812989,0,0.8522536,0,0,0,0,0.311905,0,0,0,0.2030168,0.3413693,0,0,0.1341313,0,0,0,0.2206741,0.1894931,0,0,0,0,0.007559184,0,0.1906956,0.488605,0.5524464,0,0.09658338,0,0,0,0.2774063,0,0,0,0.08639178,0,0,0.08504743,0.160163,0,0,0.2953679,0.3487498,0,0.04364232,0,0,0,0,0,0,0,0.03419231,0,0,0,0,0,0,0.7613345,0.139614,0,0,0,0,0,0,0.6372756,0.003930081,0,0,0,0.1543091,0.1070266,0,0,0.2840617,0,0,0,0,0,0,0,0,0.1849221,0.2667294,0.2218836,0,0.2144758,0,0,0,0.6722044,0.4460029,0,0,0,0,0,0,0,0.1098089,0.001719319,0.5091903,0,0.04027801,0,0,0,0.07375853,0,0.09176192,0,0,0.3320046,0.7190616,0,0.2473871,0,0.1428465,0,0.474137,0,0.3452947,0.1968318,0,0,0,0,0,0,0,0,0.687183,0,0,0,0,0,0.485983,0,0,0,0,0.2072105,0,0.2941756,0,0.2038872,0,0,0,0,0,0,0,0.08380308,0.2686453,0,
0,0,0.05441282,0.08350172,0.5677632,0,0.2508985,0.1611927,1.084443,0,0,0,0,0.5259299,0,0.1873025,0,0,0.1972806,0,0,0,0.9646389,0.03328875,0,0,0.5507183,0,0,0.1839336,0,0.02972594,0.1321867,0,0.01566633,0,0,0,0.3786738,0.7771377,0.1929892,0,0,0,0,0.1304875,0.3293,0.2245653,0,0.1224067,0.165316,0,0.2662506,0,0,0,0.2531945,0,0,0,0,0,0,0,0.3261858,0,0,0.02654882,0,0.7023016,0,0,0,0.7024707,0,0,0,0,0,0.4387245,0.09449404,0,0.4483548,0.01566586,0,0.140434,0,0.5446731,0.2751489,0.03876869,0,0.1741996,0,0.210848,0,0,0,0.3551144,0.3263496,0,0,0,0,0,0,0.64425,6.663223,1.051972,0.2617464,0.1910571,0,0,0,0.0162223,0.1745826,0,0,0,0.09255724,0.4079764,0,0.5655053,0,0,0,0.320492,0,0,0,0.2634127,0,0,0,0,0,0,0,0,0,0.4999435,0,0,0,0,0,0,0,0,0,0,0,0,0.6323732,0,0.4424622,0,0,0,0.09331758,0.2096329,0,0.1547726,0,0.2904519,0,0.1152696,0.4303365,0,0,0,0.6831634,0,0.5704404,0,0,0,0,0,0,0,0.5169675,0,0.7044179,0,0,0,0,0.07839546,0,0,0,0,0,0.8360589,0,1.032988,0.07474899,0.06163109,0,0,0,0,0,0,0,0.09831387,0,0,0.5738912,0.516276,0,0.4153739,0,0,0.4472864,0,0.06438465,0,0,0.01704842,0.1308841,0,0.2361527,0.625349,0.1042488,0.4624884,0.2235744,0.2713543,0.4216122,0.2125356,0.4485067,0.300494,13.6164,15.67251,14.38569,17.17861,9.378876,0.1446458,0.15028,0.04277422,0.6205006,0.05502354,0,0,0,0,0,0,0.1972881,0.06633817,0,0.02746361,0,0.5110345,0.5190433,0.2613078,0.4252693,0.4979468,0.6416444,0.9178622,0,0,0,0.120721,0.4830156,0,0.6841617,0.6103193,0.2297444,0.1233417,1.822955,0,0,0,0.406651,0.2854881,0.2506039,0,0,0.1727546,0.1712742,0,0.05100448,0.2493697,0,0,0,0.2406963,0,0,0,0.4669077,0.5171079,0.06355412,0,0,0,0.6871002,0.7504224,0,0.1889018,0.1176299,0.1513044,0,0.4603792,0,0.5499792,0.2391398,0,0,0.0527657,0.2139751,0.3105021,0,0.05713055,0,0.4569432,0.1329501,0,0,0.08297077,0.1835626,0,0.3331134,0.0120572,0.2456306,0,0.1349098,0.2951266,0.07053996,0.4338502,0,0.3798491,0.2298134,0.2751986,0.1019052,0.2959896,0.307882,0.07435204,0,0.06290342,0.04395452,0.02550841,0,0.1048356,0.02844108,0,0,0.5030646,0,0.3823376,0,0.2839367,0,0.638537,0,0.002378931,0,0,0,0,0,0.03699462,0.01687262,0,0.8174777,0,0,0,0.1318232,0.257336,0,0,0,0.06570032,0,0,0.1049792,0.2544508,0,0,0,0,0.2730893,0,0,0,0.06597267,0.4031796,0,0.3601233,0,0.001091004,0,0,0,0.07906031,0,0,0,0,0,0,0,0,0.08869596,0,0.003829953,0,0,0,0,0,0,0,0,0,0,0,0,0,0.4410541,0,0,0.1497335,0,0,0,0,0,0.05523338,0,0.0319417,0,0.02920415,0,0,0,0.2508748,0,0.07071608,0,0.6936563,0.8618245,0,1.127457,0.3653027,0.8445677,0.3648258,0,0,0.3637621,0,0.003563937,0,0.6604368,0.6493624,0.5168394,0,0,0.3982796,0.04469807,0,0.1701228,0,0.3754898,0,0.2841563,0,0.08472896,0,0,0.4392526,0.02285025,0.08847865,0,0,0.2682635,0,0,0,0.05252798,0.1455707,0,0,0,0,0.3066188,0.1069361,0,0,0,0,0,0,0,0.1050634,0,0,0,0.634088,0.1622641,0.2625811,0,0,0,0,0.3362783,0.05311854,0,0,0.7661853,0,0.2623339,0.1287888,0,0.9994617,0.1181018,0,0,0.3673327,0,0,0,0.371605,0,0,0,0,0,0.3681364,0,0,0.515595,0,0.0206661,0,0.05374792,0.549945,0.1263477,0.519623,0.1732675,0.7589772,0.04043587,0.2095889,0.1932618,0.1735569,0,0.8730604,0,0.3240165,0.02110896,0.08294149,0,0,0,0,0,0,0,0,0,0,0,0.07166112,0,0.2510446,0,0,0,
0,0,0.9434867,0,0,0,0,0.1033722,0,0.05808834,0,0,0.4094428,0,0,0.05839721,0,0.750268,0,0,0,0.4151402,0,0,0,0,0.5830129,0,0,0,0.2295741,0,0.07630625,0,0,0,0,0.2697354,0,0,0,0,0,0.1472135,0,0,0,0.1537543,0.1171206,0,0.1199918,0,0.3469843,0,0,0,0.06655636,0.1130139,0,0,0,0.4528197,0,0,0.5807382,0.3870992,0.1392689,0.2527024,0,0,0,0,0,0.002060052,0,0,0.01648146,0,0.6043457,0,0,0,0.3885397,0.5008484,0,0,0,0,0.1968839,0.07846273,0,0.220566,0,0,0.1277032,0,0,0.6363117,0.1994443,0,0,0,0,0,7.155499,16.8224,17.93167,16.44725,0.8379334,0.568965,0,0,0,0,0,0,0,0,0.9232631,0.06805279,0.003697047,0,0,0,0,0.479673,0,0,0,0.04909145,0,0.06015806,0,0.03773147,0,0,0.4785196,0,0,0,0.4034102,0.0176885,0,0,0,0.5862358,0,0,0,0.2561554,0,0.01162245,0.01797855,0,0,0.1076112,0,0.098426,0.7888978,0,0,0,0,0.1418798,0,0,0.2928167,0.5253453,0,0,0,0,0,0.4647968,0,0.3945551,0,0.06556157,0,0.00785982,0,0,0.2016974,0,0,0,0,0.09732372,0.2681002,0,0,0,0,0.1296444,0.4836004,0,0,0,0,0,0,0,0.2830683,0.1318505,0,0,0,0,0,0,0.5037485,0,0.3697521,0.05411204,0.2394375,0.1446587,0.09527969,0,0,0.3750267,0.3258344,0.09364795,0,0.2638837,0.1622753,0,0,0,0,0.09581235,0,0,0,18.01951,17.96281,17.02824,1.803169,0.3147094,0,0,0,0,0.2532645,0,0.04412761,0.06338479,0.2700322,0.7737501,0.009522132,0,0.02126927,0.05035743,0.1304059,0.6747851,0.3107401,0.01412396,0.1698723,0,0,0.6346018,0.3241394,0,0.1224208,0.4383287,0.1849927,0.1643097,0,0.01321621,0,0.6090838,0,0,0.8455187,0.3755498,0.7251117,0.5796425,0.4895464,0,0.2301365,0.2969491,0,0.1887246,0,0.648433,0.11045,0.1233599,0,0,0.3337604,0.1584239,0.008817458,0.3411974,0.1638658,0.5803673,0,0.04580397,0.1746724,0.2905846,0.3227318,0.5852023,0.2950012,0.1998065,0,0,0.1958631,0,0.3825596,0.5650448,0,0.4874978,0,0.01117116,0,0,0.2915838,0.05264343,0,0.2836629,0,0.6316732,0.4292174,0,0,0.2513596,0.7101763,0.1195853,0.2039934,0,0.1124048,0,0.2197956,0.2966257,0,0.05067728,0.2847804,0,0.5734258,0.04220427,0,0.09100101,0.1406087,0.05197817,0.1255951,0.168922,0,0.05197963,0,0,0,0.2278915,0,0,0.1836073,0.5980486,0.6890026,0.2771131,0.9915038,0,0,0,0.1919078,0,0,0.001080932,0.1405872,0,0,0,0.1737736,0,0,0,0.1728351,0.6131049,0.2521254,0,0,0.01868219,0.1463981,0,0.2294942,0,0.01341258,0,0,0,0.4176664,0,0.08621874,0,0,0,0,0.04052046,0.5327874,0.3899733,0,0.2150652,0,0,0.8349105,0,0,0,0,0,0.6331185,0,0.3059728,0,0,0.02457205,0,0,0.5235034,0.4115337,0,0,0.2332035,0.1609925,0,0.2990912,0,0,0,0.7304755,0,0,0,0.03029592,0.07687021,0.02061755,0,0,0,0,0.572477,0.2029823,0,0,0,0.2336855,0.496564,0,0.4922998,0.05666753,0.1969933,0,0.4111696,0,0.3687474,0.105839,0,0.0001673039,0.03510352,0,0,0.3092117,0.08809169,0,0,0.117309,0,0,0.2242551,0,0,0,0,0.1216353,0,0,0.6764387,0.1729602,0.1175365,0,0.07821444,0,0,0.00838321,0.2008106,0,0,0,0,0.5298762,0.4909625,0.3703156,0.4210128,0.3608399,0,0.08022193,0.4333187,0,0.3918339,0.4442448,0,0.3392645,0.1034837,0,0,0,0.6669996,0,0,0.4399343,0,0,0.2763135,0,0,0.1061225,0.3221017,0.1417206,0,0,0.03673822,0,0.06720454,0,0,0.5302922,0.028101,0,0.5603197,0,0.3186218,0.4975686,0,0,0,0,0,0,0,0,0,0,0.2415348,0,0,0.07070948,0,0,0,0.5801072,0.1518829,0.1901528,0.156509,0,0,0,0,0.1410098,0,0,0.1898413,0,0,0,0,0,0,0,0,0.7089707,0,0,0,0,
0,0,0,0.03353736,0,0,0,0.328626,0,0,0.2020589,0.01538731,0,0,0,0,0.3451437,0,0,0,0.02304755,0,0.1855695,0,0,0,0.1984342,0.3269479,0,0,0,0.2552747,0,0,0.06095286,0,0,0.1332252,0.07907476,0,0.2710508,0,0,0.06327736,0,0.08104758,0,0,0.1373837,0,0,0.02317783,0.4680071,0,0.4411994,0,0.05835674,0.2212843,0,0,0,0,0,0,0,0.2819991,0,0,0.6828401,0,0,0,0,0,0.2024089,0,0,0.04201817,0,0,0.01931304,0.5154513,0.4523878,0.05622742,0,0,0.6777905,0,0,0,0.05164538,0.04258659,0,0,0,0,0,0,0.01254718,0,0,0,4.098554,13.82278,15.87636,17.19604,16.34535,17.37335,3.072134,0,0,0,0,0,0.2960061,0,0.010496,0.1327788,0,0,0.0373294,0.2343732,0,0,0,0.3807123,0,0,0,0,0.4736391,0,0,0,0,0,0,0,0,0.1438236,0,0,0,0.3354015,0,0.001699803,0,0,0,0,0.02897272,0,0.2900144,0,0,0.2775822,0.1691053,0,0.09120563,0.03084029,0,0,0,0,0,0.1997011,0,0,0,0,0,0,0.3273104,0,0.5428336,0.1900085,0.031486,0,0,0.09965671,0,0,0.153096,0,0.6347449,0,0,0,0.3005404,0,0.7361664,0,0.3240015,0,0.4798405,0,0,0.520649,0,0,0.1135144,0.09626954,0.5132475,0,0,0,0,0,0,0,0.2376824,0,0.2459471,0,0,0,0,0,0,0.3696615,0,0.01837613,0,0.4959323,0,0,0,0,0.08870907,0.1093061,0.2312712,0,0,0.3401629,7.465223,7.368296,0.1804791,0,0,0.2087187,0,0.7082099,0.0587306,0,0,0.6663705,0.02005863,0.1989877,0.2705676,0.6147076,0.02571248,0,0.179153,0.4398826,0.2971636,0.1996667,0,0.4335335,0,0.4389581,0,0,0,0,0.02797236,0.09104592,0,0.461187,0.1007024,0,0,0.1020797,0.2632028,0.2475084,0,0.2281426,0.6461316,0.6547286,0.447691,0.2614307,0.80085,0.1262017,0.8593932,0.2708475,0,0.2363642,0.5207315,0.217596,0,0.1725477,0.05633673,0.8012854,0,0,0.4266387,0.1496718,0.1739965,0.01177271,0.09430527,0,0.8231931,0.08921452,0,0,0.2040555,0,0,0.04101243,0,0.2158374,0.2550716,0.2052613,0.240664,0.2449228,0.5713055,0.1127387,0.599655,0.4442193,0,0,0.3571946,0.3639344,0.3244143,0.1627112,0.4354647,0,0.04830256,0.4080843,1.001915,0,0,0.3249768,0.477964,0.5348477,0,0.4143194,0,0.1559556,0.7614136,0,0,0.1475053,0.7436155,0,0.5991198,0,0.5124935,0,0.1129529,0,0.6096936,0.6769609,0.1052518,0.2950201,0.1840867,0.1378911,0.4567217,0,0,0,0,0,0,0,0,0,0,0.4554853,0,0,0,0,0,0.02889861,0,0,0,0.2771974,0.05104166,0.03913231,0,0,0.3251764,0.1380168,0.3603039,0,0,0.2940886,0,0,0,0.1543104,0,0.216977,0.9002898,0,0,0,0,0,0,0,0,0,0,0,0,0.3596902,0,0,0,0,0,0.699839,0,0,0.501394,0,0,0,0.2778308,0.1563348,0,0,0,0,0.05777371,0.09479094,0,0,0.1063906,0.3017804,0.1528455,0.06967111,0.686766,0.4511726,0,0.3597055,0,0,0,0,0.04510439,0,0.1005669,0.02104156,0,0.01854558,0,0,0,0,0.07577388,0.01416087,0,0,0.3564308,0,0,0.03131267,0.1225898,0.3759942,0,0,0,0,0.2444641,0.136566,0.2387438,0,0,0,0,0.2698633,0,0,0.1481454,0,0.5422459,0.2761033,0.4201985,0,0,0.764433,0,0,0,0,0,0.315379,0,0,0,0,0,0,0.06263521,0,0,0.04749852,0,0,0.1113653,0,0.2063797,0,0.3037441,0.01549713,0,0,0,0,0,0.4953508,0,0,0,0,0,0,0,0.2730351,0.05340476,0,0,0,0,0,0,0,0,0,0,0.2353593,0,0.06174908,0.02901129,0,0,0,0,0,0.2441663,0,0,0.005454514,0,0,0,0.2722374,0.3331548,0.2661892,0.05150736,0,0.1130457,0,0,0,0,0.01643322,0,0,0,0,0.8163767,0,0.2372994,0,0.3526485,0,
0.01148469,0.1439261,0,0,0,0.3047269,0,0,0.1681694,0,0,0.4143381,0.001171165,0.1503617,0,0,0,0,0.3848578,0,0,0.3239799,0.3003211,0,0,0,0,0,0.3081032,0.2852907,0,0,0,0,0,0.123233,0,0,0.04177428,0.1908258,0,0.1584795,0,0,0.3545522,0,0,0.4137669,0.2481434,0,0,0.1264754,0,0.02492686,0.3618777,0,0.3781684,0,0.1836061,0,0.3242079,0.7709888,0.4725507,0,0,0,0.3841821,0,0.7286375,0,0.06079096,0,0,0,0.2384752,0,0.01198751,0,0,0,0.2509661,0.2409243,0,0,0,0,0,0.3355557,0.3384979,0.231832,0,0.111512,0,0.1320313,0.6539842,0,0,0,0.4818753,0,0,0.2218294,10.88731,14.34906,15.10426,16.69801,18.18785,17.28053,9.19838,0.05100692,0.5405726,0,0,0,0,0,0,0,0.09756158,0,0,0,0,0.6661582,1.384961,0.2418935,0,0.2464293,0.376306,0,0.05669809,0.384987,0,0.3844552,0,0.06389758,0.1486157,0,0,0,0.2671973,0.1678314,0,0.9354059,0.4840304,0.4881253,0,0.1160082,0.08235627,0.1288417,0,0.1001159,0.6535363,0.108459,0,0.3784122,0,0.113594,0.1425668,0.7608674,0,0,0.1464568,0.3353628,0.6184567,0.359284,0.05520603,0.1544318,0,0,0,0.5008198,0.5088426,0.3729264,0,0.4558106,0.6099554,0,0.4270908,0.3401375,0,0.01278078,0,0,0,0,0,0,0.003919579,0.1040204,0,0.04741561,0.1693392,0,0,0.380928,0,0,0,0,0,0,0,0,0,0.09612924,0.3356893,0,0,0,0.2395341,0,0.08700952,0.008697929,0,0.131145,0,0.2244735,0.7856248,0,0,0,0,0,0.0270308,0.04247635,0.06967766,0.08749741,0,0,0.5201569,0.1135437,0.04565258,0.1706456,0,0.3652552,0.1528921,0.278861,0.01203192,0,0.4192193,0,0,0,0.3164645,0,0.3922027,0,0.03735045,0.04362721,0,0.1776587,0,0.6071042,0,0.7899649,0.6567792,0.5232003,0,0.07211598,0,0.05719891,0,0.004043513,0.3462675,0,0.4012792,0.2089035,0.0211144,0.2011148,0,0.4397263,0.2512468,2.092597,0.4208113,0.5136414,0,0.5212182,0.02636157,0,0,0,0.377028,0.06603521,0.5553904,0,0.8001457,0.007444455,0.2704404,0,0.3688218,0,1.353019,0.5775614,0.1381954,0.2561667,0.03213345,0.7031259,0.4664571,0.1293474,0.02551472,0.5360666,0,0,0.2234656,0.07099634,0,0,0.04977443,0.1256007,0.3658313,0.09437354,0.5909237,0.1362567,0.4648252,0.1123169,0,0,0.4575686,0,0,0,0.8988228,0.4283165,0,0.3000624,0.5688959,0,0.2854732,0.3051961,0.3350804,0.1762393,0,0.2080023,0.1498244,0.2394773,0.2974607,0.7329424,0.360918,0.2232267,0.6483185,0.2746508,0,0.6683208,0,0.3716624,0.1841212,0,0,0.1818668,0.2378907,0.007379306,0.6300919,0.2280795,0,0,0.2861634,0.539083,0,0.1852434,0.4424256,0.3426569,0,0,0.09711176,1.069332,0,0,0.3028374,0.08177458,0,0.4067393,0,0.01090446,0,0,0.2525136,0,0,0,0,0.1528021,0.1316893,0.091594,0,0,0,0,0.6010119,0,0.7710239,0.4547471,0.1053616,0,0.3453933,0,0,0,0,0,0,0,0.3560308,0,0,0,0.2424856,0,0,0,0.1532043,0,0.6002936,0,0,0.0756489,0.4916763,0,0,0,0,0,0.04205474,0,0.1993015,0.2576455,0,0,0.2092475,0.1248281,0,0.1473016,0,0.1979039,0.008161907,0.1173236,0,0.1959085,0,0.582055,0,0,0,0.4883642,0.3171549,0,0,0,0,0.280777,0.06132431,0,0,0,0,0.3899477,0.5685707,0,0.2757773,0,0,0,0.05259604,0,0,0,0,0.7129293,0.2392271,0,0,0,0.5498046,0.9170676,0,0,0.2254542,0,0.223021,0.4391033,0,1.262455,0,0,0,0,0.3822935,0,0,0.2967446,0.4662222,0.2916771,0.2309071,0,0.8284004,0,0,0.7924398,0,0.1139995,0.005432406,0,0,0,0,0.9019585,0.7297295,0,0,0,0,0.164644,0,0.4176518,0,0,0,0,0,0.2832149,0,0,0,0.1362367,0,0,0,0,0,0,0,0.2292744,0,0,0,0.07543929,0,0,0,0,0,0.2596974,0,0,0,0.6830868,0,0.03260602,0,0,0,0.8283048,0,0,0,0,0.04322805,0,0.3155849,0,0,0.05898426,0.5806941,0.136296,0,0,0,0,0,0,
0,0,0,0.1609716,0,0,0.7122083,0,0.05933364,0,0,0,0.2719689,0.3084725,1.204479,0,0,0,0,0,0.1817271,0,0.320267,0,0,0.3869023,0,0.0692363,0.08048695,0,0,0.6153083,0,0,0,0.2270359,0.01275498,0,0,0.03999206,0.593056,0,0,0.1260705,0.3538194,0,0,0,0,0.2397605,0.2066192,0,0,0,0,0,0,0.3810972,0,0.6592622,0,0,0,0,0,0.1770915,0,0.007871562,0,0.236078,0,0,0,0,0,0,0.08087301,0,0,0,0.1718213,0,0,0.1100767,0.1239666,0.1579345,0,0,0,0,0.2354997,0,0,0.228638,0,0,0.07080577,0.3563523,0,0,0.8587874,6.461635,17.95973,15.42623,15.88249,17.65129,13.32556,18.16871,3.451734,0,0,0.1188669,0,0.1369234,0.246345,0,0,0,0,0.1833417,0,0.3038314,0,0,0,0,0.3052365,0,0,0,0.03599238,0.3647133,0,0.2653995,0.02854533,0,0.2406619,0,0.1459008,0,0,0,0,0.09492945,0.3400096,0.6444755,0,0.04714272,0.07239004,0,0.05530315,0.02842531,0,0.1614775,0,0.6143531,0,0,0.05909986,0,0.2827076,0,0,0.34347,0,0,0,0,0.2021539,0.1178738,0.5079769,0,0,0,0.5416324,0,0.1200557,0,0,0,0.3050182,0,0,0.3583628,0.3373733,0.4043105,0.2521948,0,0.2098324,0,0,0.01266907,0.6458356,0,0.489654,0,0,0,0.3606674,0.1139184,0,0,0,0.269785,0,0,0,0,0.2763183,0.4703153,0,0,0,0,0,0,0,0.09449905,0.08355282,0.1266945,0,0,0.5811983,0,0.3216083,0.3087853,0,0.212084,0.1747416,0.1154876,0.4378086,0.3449379,0,0,0.06641843,0,0,0.2854706,0.2395361,0.02713287,0.3495542,0.2758716,0,0.3850151,0,0,0.0377696,0,0.2457521,0,0,0.2844229,0.3571605,0,0.1304162,0.02788589,0.3874968,0.1288203,0,0.2397759,0.4723511,0.570614,0,0,0.08758152,0.17587,0.007861555,0.3632823,0.1642372,0.2671219,0.04248436,0,0.5132215,0.8230201,0,0.3897991,0.276529,0,0.6957006,0.09548406,0,0.1096805,0.3882203,0.08886216,0.1452185,0,0,0,0.2824353,0,0,0.3350504,0,0.09563197,0,0.3951032,0,0,0.1152102,0,0.2190202,0,0.8262842,0,0.0525996,0.0008252728,0.4452528,0.713293,0,0.1433402,0,0.4923364,0,0.3133941,0.03469185,0,0.1457788,0,0.6525939,0,0.2307636,0.361241,0.2685879,0,0.3089904,0.7892988,0.09292699,0.1048436,0,0.71873,0.0467985,0,0.00854078,0.1927581,0.4654686,0,0.5007831,0,0.1507145,0.1460798,0,0.1871724,0.1968613,0.02670188,0.1299735,0.1232703,0.006375025,0,0.01317301,0,0,0,0,0,0.09945255,0,0,0.2382342,0,0,0.5631296,0,0.0256105,0.1527964,0.2708263,0,0,0,0,0,0,0.3823729,0.4466054,0.2030033,0,0,0,0,0,0,0,0.68127,0,0,0,0.1124341,0.6494392,0.3681667,0,0.3964114,0,1.098562,0,0.1300365,0,0.2674843,0,0,0,0.2267787,0,0,0,0,0.1993127,0.4187733,0,0,0.3202555,0,0,0,0,0,0.2137592,0.7174478,0,0,0,0.1943468,0,0,0.08861221,0.1202878,0.2936418,0,0,0.02096074,0,0.4306136,0.2302181,0.7979845,0,0,0.2204618,0.004330902,0.2727088,0.2665479,0,0.1727013,0.4748808,0.1858148,0.3274748,0,0,0,0,0,0,0.2277387,0,0,0,0,0.07201235,0.003763848,0.4217582,0.192051,0,0,0,0.06895608,0.3214228,0.140961,0,0.5316519,0,0.3954795,0.4745653,0.285082,0.1727204,0,0,0.1676711,0.2466423,0,0,0,0,0,0.2846947,0,0,0.1142106,0,0,0,0,0,0,0.8405856,0.5002155,0,0,0,0.4908239,0,0,0.1291834,0,0,0.2530643,0,0.1491352,0,0.1552942,0,0.4146142,0,0.1024237,0.5775014,0,0.3040968,0,0.2369964,0,0,0,0,0,0.2684126,0,0,0,0,0,0.0793276,0,0.8430451,0,0,0,0,0,1.032188,0,0,0.01653391,0,0,0,0,0.1423328,0,0.007154448,0,0.9729652,0,0.3300435,0,0,0,0,0,0,0,0.1120755,0,0.1318663,0,0,0.1134664,0.7012033,0,0,0.1754039,0.1754795,0,0,0,
0,0,0.4872596,0,0.4984855,0,0,0,0,0.1607212,0,0.08091044,0.2800292,0,0,0,0.9792494,0.02701883,0,0.1999383,0,0,0.650264,0,0,0.0252958,0,0.1632484,0,0,0,0.708692,0,0,0,0.03991298,0.24577,0,0,0,0,0,0.08583575,0.01648623,0,0.5310543,0.5323867,0.1887547,0,0,0,0.257961,0,0.4984125,0.5023243,0,0,0.5471035,0.2763143,0,0.3305082,0,0,0,0.4078214,0.5448304,0.2353907,0,0.5650364,0,0,0,0,0,0,0,0,0,0,0.02816445,0,0.5375894,0.1234226,0.7986998,0,0,0.6272685,0,0.0647226,0,0.3997491,0,0,0,0,0,0,0.04013507,0.1133739,0.2465476,4.416292,16.46666,17.5906,17.07539,14.87409,16.34869,17.32933,15.99132,0.5974805,0,0.008367156,0,0,0,0,0,0,0.2245477,0,0,0,0,0,0,0,0.003480901,0,0.2317661,0,0,0,0,0.345956,0,0.01895814,0,0,0,0.4129944,0,0.3193296,0,0.5664086,0.3516251,0,0,0,0.937684,0,0,0,0,0,0,0,0.2877115,0,0.2645399,0,0,0,0.3513205,0.05594278,0,0.4758203,0,0,0,0.06705225,0,0.3422265,0,0,0.3824649,0.5028149,0,0.01903567,0,0.3777242,0,0,0,0,0.2226357,0.4143071,0.1650582,0,0,0,0.891175,0,0,0.2835738,0.5262035,0.006119552,0,0.0293823,0.3412527,0,0.003548695,0,0.4826627,0.0441918,0,0,0.2666484,0,0.3169572,0,0.4109203,0.2418536,0.1536736,0,0.206339,0,0,0,0,0,0,0,0,0,0.1523053,0,0,0,0.3741097,0.1512719,0,0.05274729,0.5607975,0.4042313,0,0.1266887,0,0.6544064,0.3750813,1.421119,0.1810271,0,0,0.5714846,0.2019878,0,0,0.6767191,0.5942324,0.1494663,0,0,0,0.009108015,0,0.1577899,0.3084665,0,0.2255329,0,0,0.3079036,0.02286994,0.115376,0,0.4798537,0.9525607,0,0,0.2334827,0,0,0,0,0.8619416,0.5136015,0.3345507,0,0,0,0.4697241,0,0.2652086,0.02318839,0.3940328,0.2232512,0.03770243,1.01951,0.2152781,0.1466639,0,0,0,0,0.06741545,0,0,0.5231656,0.1601015,0.1653828,0.5062832,0.2045217,0.1980488,0,0,0.3121256,0.1689474,0,0,0,0,0,0,0,0.4144641,0,0.1392103,0.02198203,0,0.2491717,0,0.6041842,0.2061983,0.2594768,0.7150708,0.1961413,0.02590042,0,0,0,0.3181992,0.223178,0.2798962,0.03445357,0.2109659,0,0.3297635,0,0,0.262816,0,0,0,0,0,0,0.4067165,0,0,0.4739014,0.155988,0,0,0.04326279,0.4155479,0.6274546,0.353265,0,0.5512599,0.1256261,0,0,1.144315,0,0,0,0.3480971,0,0,0,0,0,0.2675388,0.02409755,0,0.1021255,0,0.03120978,0,0,0,0,0,0.290657,0.05238662,0,0,0,0,0,0,0,0,0,0.2308334,0.01808308,0,0,0.4656024,0,0,0.6401733,0,0,0.009119493,0.1248547,0,0,0,0,0,0.1960192,0,0,0,0,0,0.3892305,0.3319339,0,0,0,0,0,0,0,0.03925264,0,0,0.1478747,0,0.02793152,0.0330426,0.09405342,0,0.2891837,0,0,0,0,0.115109,0,0.2396052,0,0.2059698,0,0,0.1503745,0.4226876,0,0.5273091,0.221615,0,0,0.3497908,0.3628663,0.004513229,0,0.6342027,0.02711604,0,0.1926289,0.3399821,0,0.1846048,0.01807411,0.1081214,0,0,0.03256622,0.4116232,0.6751504,0.3389473,0,0,0,0,0.219679,0.436021,0.1834395,0,0,0,0,0,0.5240065,0.57614,0.1447576,0.1387805,0,0.2051948,0,0.02796113,0,0,0.6245059,0,0.8405718,0.5118529,0,0.6279971,0,0.3861652,0,0.1143546,0,0.208375,0.03507625,0.325332,0,0.172899,0.08848553,0,0,0.3342732,0,0,0,0.3440235,0,0.5917664,0,0.1621862,0.05391103,0,0.2489814,0,0,0,0,0.001143016,0,0,0.04769459,0,0,0,0,0,0,0,0,0,0,0,0,0,0,0.3669873,0.3555684,0,0,0.02462382,0,0,0.0001414563,0,0,0,0.351502,0,0,0,0.05367304,0,0,0.3356346,0,0,0,0.3826861,
0,0,0,0,0,0.3975473,0,0,0.1323774,0,0,0,0.2680023,0.4774019,0,0.3861715,0.2335965,0,0,0,0.2295704,0,0,0.1421088,0,0,0,0,0,0,0,0,0,0,0.07678807,0,0,0.0003151499,0,0,0.1185031,0,0.3562911,0,0,0.2008914,0,0,0.04790646,0,0.01689471,0,0.2158506,0,0.1114123,0.09472223,0,0.005948226,0,0.2832797,0,0,0.214261,0,0.07499012,0,0,0,0.2931572,0,0.3642438,0.6473491,0.2948184,0,0.01680651,0,0.1512972,0,0,0,0,0,0,0,0,0,0.04801041,0.06345772,0.7848881,0.1897592,0,0,0,0,0,0,0,0,0.1083015,0.3327108,3.259997,13.90533,16.78456,17.71555,17.49085,15.04988,8.127859,1.162164,0,0,0,0,0,0,0.3717576,0,0.5519663,0.330143,0.3963145,0,0,0,0,0.4596139,0.3008082,0,0,0,0,0,0.4534013,0,0,0,0.3710647,0.031558,0,0.1603238,0,0.03032158,0.08755031,0,0.7511287,0,0,0,0,0,0,0.2207755,0.1767813,0,0.03325826,0,0,0,0.2396776,0.1368082,0.1990781,0.2834795,0,0.6566906,0,0.746262,0.1504456,0,0,0,0,0,0.6612894,0.04961452,0,0,0.04660968,0.1013121,0,0.2457026,0.381311,0,0.8039597,0,0,0.01720371,0.2854173,0.2347063,0,0,0,0,0,0,0,0,0,0.2814749,0,0,0.6547421,0,0,0,0.1368979,1.000339,0,0,0,0,0.2916949,0,0,0.2979425,0,0,0.1568217,0.07567434,0,0,0,0.1730007,0,0.2425082,0,0,0.007947875,0,0.1170179,0,0,0,0,0.2092054,0.3628121,0,0,0,0.5109537,0,0.0553443,2.130475,0.4576672,0.6414651,0,0,0.3949509,0,0.2971163,0.6495544,0.4916272,0.6161753,0.216944,0.03987311,0,0,0,0,0,0,0.0679021,0,0.2321961,0.03984746,0,0,0.01706487,0.3922677,0.1094671,0,0.1539528,0.09010888,0,0.1673672,0,0,0,0.07423185,0,0.3703102,0,0.593322,0,0,0.5046778,0.1884615,0,0.6250191,0,0,0,0,0.2338422,0.5768012,0,0.3600317,0,0.2968192,0.39078,0.6466518,0.1708925,0,0,0,0.3784383,0.1131907,0,0.07415351,0,0.2326361,0,0.4469544,0.452721,0.7882037,0.003107706,0,0.2220561,0,0,0,0,0.01387038,0,0.2965613,0.5584224,0,0.1689936,0.2641293,0,0.0426204,0,0.1604884,0.3840026,0.5899039,0.05124151,0.06992105,0,0,0,0,0,0.3489328,0,0,0,0.05073771,0.2328438,0.1529227,0.1056683,0,0,0,0,0.4610885,0.6907632,0,0,0.01066001,0.3981999,0,0.1565593,0.4157919,0,0.1200421,0,0,0,0,0.215793,0,0,0.6008979,0,0,0.1795826,0,0,0,0,0,0,0,0.5640693,0.03488071,0,0,0.1515711,0.1131269,0,0,0.6998453,0,0,0,0,0.07178963,0.1127033,0,0,0.6357636,0.2545481,0,0.05850315,0,0.05260589,0.2743845,0,0,0.1546164,0,0.1372004,0,0,0,0,0,0,0,0.0003479149,0,0,0,0,0,0,0,0,0,0,0,0,0,0.4275708,0.2605957,0.2373859,0,0.1482121,0.1323329,0.42174,0,0.2039227,0.2709183,0,0.5351368,0,0.09805571,0.4696068,0.2536318,0.1067319,0,0.01301051,0,0.4561231,0.1056748,0,0,0.1839142,0.3948082,0.1477837,0.08863357,0,0,0,0.6285713,0.370694,0.03475545,0,0,0.004863249,0,0.08059923,0.1368265,0,0.2100375,0,0.3195642,0.1722094,0.8202921,0,0,0,0,0.1280242,0,0.06620115,1.022404,0,0,0,0,0.1052672,0.06510378,0,0,0.04105264,0.3008251,0,0.02796413,0,0,0,0.05672752,0.3186824,0.04938738,0,0,0,0,0,0.3191216,0,0,0,0,0.2408126,0,0.1253903,0.05309335,0,0.7196876,0,0,0.05284037,0.03893527,0.0871017,0,0.1718187,0,0,0.06453411,0,0.407393,0,0,0.4750202,0,0.2486472,0,0,0.1751068,0.2145796,0,0.1638246,0.04338125,0,0,0,0.2933809,0,0,0.7171072,0,0,0,0,0,0,0,0,0.5746796,0.3033111,0,0,0,0,0,0.3659657,0,0,0.4169737,0,0,
0,0,0,0.3140179,0.2082901,0.355841,0,0,0,0.3753288,0,0,0.06797921,0,0,0,0.3785763,0,0.2178009,0,0,0,0,0,0.1156193,0,0.06712131,0.02750887,0.168142,0,0.2467067,0,0,0.3482949,0,0,0.3870011,0,0,0,0,0.5077478,0,0,0,0,0,0,0,0,0,0,0,0.3614068,0,0,0,0,0.06914486,0.4440468,0,0,0,0,0.04520911,0,0,0,0.2226754,0,0,0.01209388,0.6131585,0,0,0.2053067,0,0,0,0,0,0.1129226,0.4346492,0,0,0.5302215,0.119699,0,0.4662464,0.4026069,0.2187816,0.1550457,0.3005965,0.05286994,0,0.1220116,0,0.2029037,0.6659288,0,2.697093,5.707736,7.619346,8.22577,12.02857,0.6833748,0,0.3986522,0,0.2963385,0,0.09740794,0,0,0.7107566,0.6708029,0,0.0938796,0,0,0,0.637872,0,0,0,0,0.5184213,0.5583138,0.1618423,0,0,0.2533676,0,0,0.09816523,0,0.559149,0,0,0.1989966,0,0.08040533,0,0.4837251,0,0.19015,0,0.5936084,0.227196,0,0.3218807,0,0,0,0,0,0,0.221524,0,0,0.4726894,0,0.3842098,0,0,0,0.04819239,0,0,0.2211168,0,0,0,0,0.2454031,0,0,0,0,0.2239454,0.05817109,1.265675,0,0,0.03683607,0.4604025,0,0,0,0,0,0,0,0,0,0.2850774,0.2093503,0.4540661,0,0,0,0,1.036339,0.5304556,0.2953984,0,0,0.9305055,0,0,0,0.2664592,0.006192392,0,0.0366193,0,0.4357918,0,0,0,0,0.001861468,0.26175,0.2204017,0,0.442344,0,0,0,0,0,0,0.4217632,0.2034732,0.02457247,0,0.2419227,0,0,0.3415591,0.3881325,0.3778171,0.2059293,0.05590028,0,0,0,0,0.5763395,0,0.1586334,0,0.25826,0,0,0.2062096,0.1095226,0,0.1991285,0,0.7706618,0.1226541,0,0.1707657,0.1724464,0,0.2553849,0.0245016,0.01248587,0.07776059,0.1340237,0.8884259,0.5694864,0.1803995,0,0,0.49894,0.3539729,0.3348557,0,0.3224253,0.4008491,0,0.3442787,0.6085209,0,0.2919852,0.4246702,0,0.2310909,0.2820323,0,0.03470027,0,0,0.6151044,0.5729591,0.07382128,0,0.5856025,0.07913971,0.2826597,0.02007351,0,0.5441163,0.001372438,0.3487588,0.4185761,0,0,0,0.2589982,0,0,0,0,0.1020426,0,0,0,0,0,0.2696453,0.01049494,0,0.6155268,0.1343443,0.06384397,0.3764585,0.03063465,0.01698396,0.1562169,0.1906221,0.477381,0.6324022,0.1578484,0.02501387,0.1682177,0.0333491,0,0,0,0,0.08400549,0.04992861,0,0.3456319,0,0,0.6993593,0.1765289,0,0,0.08286676,0.01889309,0.3456675,0,0,0,0.4714221,0,0.07395558,0.6442521,0,0.2652797,0,0.2301093,0,0.01403706,0,0,0,0,0,0,0,0,0.08826666,0.559117,0,0,0,0,0.2209497,0.1125859,0,0,0,0,0,0.03932867,0,0,0,0,0,0,0,0,0,0,0.6320134,0,0.3493139,0,0.6548826,0,0,0,0,0.07187026,0.4756467,0.1241579,0,0,0,0.09591342,0,0,0.1950478,0,0,0,0,0,0,0.3686084,0,0,0.07036863,0.07513804,0.03345252,0.184402,0.2169162,0,0.1544442,0.02202739,0,0.5551814,0.1476,0,0.2796812,0.1491849,0,0.9613971,0,0,0,0.004234769,0,0.03996545,0,0,0,0.7209086,0,0,0,0.07910395,0,0.0345654,0.001285319,0,0,0,0,0,0,0.287914,0,0.2232242,0,0.08960079,0,0.4068607,0.1665465,0,0.2813485,0,0,0.3165576,0.03062707,0,0,0.6593418,0,0.2037972,0.629685,0.1260984,0,0.4144355,0.1192877,0.02852003,0,0,0.2466634,0,0,0.4589724,0,0.05715098,0,0,0,0,0.7140601,0,0,0,0,0,0,0,0,0,0,0,0,0,0,0.7533112,0,0,0,0.09951732,0.03021572,0.1985702,0,0,0.1855648,0,0,0,0.2675575,0,0.2439714,0,0,0,0,0.0868964,0.2091459,0,0.312644,0,0.1624033,0,0,0.001921598,0.1025849,0,0.1506156,0,0.2671514,0.171327,0,0,0.3767492,0,0,0,0,0,0,0,0,0.01205169,0.3532338,0,0,
0,0,0,0.1689415,0,0.1992952,0,0.2737033,0,0,0.2917117,0,0.06359335,0.01694424,0,0.03112615,0.0689707,0.3637716,0,0,0.06697447,0.3395479,0,0,0,0,0,0,0,0,0.2020451,0,0,0,0,0,0,0,0,0,0,0.09444535,0,0,0,0,0.3175482,0.2954556,0,0,0,0,0,1.000454,0.4672389,0,0.01251789,0,0,0,0,0,0.6789048,0,0,0,0,0,0,0.147018,0,0,0,0,0,0,0,0,0.3125089,0.2381557,0.0009326078,0,0,0,0,0,0.3419858,0,0,0.06449648,0,0.4536005,0,0,0.215138,0.1009433,0,0,0.1632105,0,0.1808802,0.5580311,0,0.2993903,0,0.7903022,0,0,0,0,0,0,0,0,0,0,0,0,0,0,0,0.01494967,0,0,0,0,0,0,0,0,0.4269668,0,0,0,0,0.8011452,0,0.2690753,0,0.03230074,0,0,0.08180422,0,0,0,0.2138791,0.1773156,0,0,0,0,0.05841406,0,0,0.1117984,0.4411032,0,0,0.167059,0,0,0.01256301,0.2497225,0.04029654,0.09881118,0.1426682,0,0.003750338,0,0.5876122,0.2799399,0.02796015,0.3382747,0,0,0.3505802,0.2111145,0,0,0,0.163932,0.4032102,0.1457066,0,0.6140954,0,0.08577264,0,0,0,0,0,0.08527817,0,0,0.07405791,0.1063738,0.5041112,0.1269639,0,0,0.02954951,0.6953695,0.1255105,0,0,0,0,0.1626732,0.0789573,0,0,0,0,0.6558232,0,0.05973175,0.1041819,0,0.1936125,0,0.2474279,0,0,0,0.2639951,0,0,0,0.1772173,0,0.1083047,0,0,0.6148671,0.3921509,0,0,0.5264125,0.2102218,0,0,0,0.5313074,0,0,0,0.2086325,0.3937885,0.03803191,0.3629398,0,0.2848978,0.4134085,0.2527846,0.2850445,0.113838,0.0817501,0,0,0.1091251,0.2209627,0,0.1523456,0,0.1259279,0,0,0.2349621,0.3376451,0.2091586,0,0,0,0.5714278,0.5762352,0,0,0.1897582,0.1489157,0.5218242,0.2299793,0.00835994,0.01228825,0,0.1350023,0,0.549338,0,0.3167641,0.6262522,0.04999154,0,0,0.2115565,0,0.04659082,0.07645745,0,0.05065849,0.01983564,0.2649464,0.3982373,0,0.006566165,0.1999066,0,0.6038801,0,0.5668154,0.04468486,0.1088251,0,0.251159,0,0.3839238,0.2798519,0.3202186,0.7944428,0.2009074,0,0.2649813,0.5922049,0,0,0.1635193,1.05914,0.1980429,0,0,0.2851978,0.2765315,0.8281062,0,0.2930152,0,0.4357763,0.3766787,0.4390689,0.4178258,0,0.1037973,0,0,0.1228074,0,0,0.2589144,0,0.3950823,0,0,0.2930762,0,0.03895,0.181677,0,0.4894451,0.1410389,0.1435723,0,0.4805576,0,0,0,0,0,0,0,0,0,0,0.1211952,0,0,0,0,0.1208407,0.3084944,0.2593834,0,0,0.645835,0.2059084,0.06081217,0.1451552,0,0.5695772,0.1039871,0.03137096,0,0.1331644,0.1022119,0.1654289,0.126349,0,0,0.201117,0,0,0.1504357,0,0,0,0,0.01609166,0,0,0.5963227,0.003525538,0,0,0.2030424,0,0,0,0,0,0,0,0,0,0,0,0,0.06131682,0.4719294,0,0.06027202,0,0,0.4390222,0.05274797,0.1044402,1.222754,0.250563,0,0,0,0.01310438,0,0,0,0.1107277,0.5328649,0,0,0,0,0,0,0,0,0,0.1212739,0,0,0,0,0,0.3282682,0.2644119,0,0.08987253,0.2556036,0,0,0.2787261,0,0,0,0.07659629,0.07678309,0,0.0967119,0,0,0,0.3397922,0,0.2331986,0,0,0.1849159,0.199577,0.2273031,0,0,0.2203796,0,0,0.6018266,0.6362911,0.06618594,0,0,0.4804042,0.247716,0,0.1298478,1.005456,0,0,0,0,0,0,0,0.371933,0.4947464,0.113639,1.002255,0.1210283,0,0.02451978,0.08367242,0.09418076,0.08670948,0.1212886,0,0.1847271,0,0.2258701,0,0,0.7946794,0,0,0,0.2517531,0,0,0,0,0.3493411,0,0.6479135,0,0,0,0,0,0,0,0.3026091,0,0.3666851,0.09708257,0,0,0,0.1284669,0,0,0,0.08547847,0,0,0,0,0,0.3371414,0.2293744,0.133895,0.1158472,0,0.3639284,0.1824211,0,
0.3738568,0,0.8239938,0.1090513,0,0.0348134,0.1733598,0,0,0,0,0,0.3343973,0,0,0,0,0.04905622,0,0,0,0,0,0.1999642,0.05734877,0,0.220874,0,0,0,0.7210746,0,0,0.2457906,0,0.7231824,0.1719745,0,0.04887617,0,0,0.0258145,0.383866,0,0.0894715,0,0,0,0,0,0,0,0.07321759,0.002933101,0.4926061,0.670817,0.0803205,0,0.09952237,0.1674769,0,0,0,0,0,0.1949144,0,0,0,0.4540269,0,0,0.1344804,0.1230202,0,0,0,0,0,0,0.3846403,0,0,0,0,0,0,0,0.4359986,0,0,0,0.5708683,0,0,0.4671884,0.0390108,0,0,0,0,0,0,0,0,0.008470406,0,0,0,0,0,0,0,0.9708396,0,0.02552279,0.1506541,0,0,0,0.2892778,0,0,0,0,0,0,0.1319686,0.2658629,0.4424792,0.09387019,0.0482259,0,0,0,0.1760396,0.4758062,0.5017871,0.2168626,0,0,0,0,0.1251952,0,0,0,0,0,0,0.05794222,0,0.02667918,0.3830753,0.01460167,0,0.05291951,0.2354865,0,0,0,0.3974128,0,0.3775416,0.4676137,0,0,0.01928512,0,0,0,0.08529556,0.2571299,0.07258712,0,0,0,0,0,0.2104323,0,0.4147263,0,0,0,0.3764975,0.1580472,0,0,0.0352781,0,0,0.0198658,0.1584379,0.3624306,0.2382744,0,0.04657713,0.7389195,0,0.3425663,0,0,0,0.04203218,0.02417154,0.2651758,0,0.2478024,0.1477314,0,0.430813,0.4035667,0.2420878,0,0.08365015,0,0,0.1259315,0.07001826,0.4036168,0,0.2530373,0,0,0,0,0.04919502,0,0,0,0,0.248028,0,0.07792822,0,0.09461943,0,0.01178425,0,0.5634007,0,0.02111266,0.01173207,0,0,0,0,0,0,0,0.5003884,0,0.1636848,0,0.3388505,0.02273864,0.09236509,0.2372867,0.4519174,0.3428212,0.6402696,0,0,0,0.4993016,0,0.07227906,0.6488522,0.4514429,0.375388,0.09604808,0,0.2010515,0.3263158,0.3802474,0.1237073,0,0,0.43104,0,0,0,0.2052445,0,0.575615,0.4579957,0.534675,0.4056329,0,0.0465124,0.006408035,0,0.2336094,0.1814278,0.8178455,0,0,0.597677,0.05985603,0.0486743,0,0.1260995,0.5785682,0.7492154,0.2276681,0,0.3208078,0,0.06600479,0.4263597,0.4863317,1.018187,0,0.5456315,0,0.2694649,0.2677812,0.4626205,0,0.08829957,0.4947399,0.1909445,0.164763,0.2603566,0.1222848,0.339911,0.2622718,0,0.2681486,0.1573309,0.3296934,0,0.2017387,0,0,0,0.4085506,0,0.04402355,0,0.2334813,0,0,0,0.1393543,0,0,0.1119701,0.2825383,0,0.4038459,0.3327585,0,0,0,0.4155162,0,0.01962769,0.00440606,0,0.1532148,0,0.1906201,0.1021698,0,0,0,0.2790291,0,0,0.4694351,0,0,0.5121611,0,0,1.001943,0.2194084,0.4722969,0.6577346,0,0,0,0.8403409,0.05661535,0.4124195,0,0.008677687,0,0,0,0,0,0.08782363,0.9215141,0.1312462,0,0,0,0.2581866,0.1150294,0.4705122,0,0.1179037,0,0,0.4746715,0,0.1245999,0.775467,0.3152836,0,0,0,0.04490863,0,0.08263744,0,0,0,0.2003326,0,0,0.2561883,0.4190407,0.1505404,0.1112495,0,0,0,0.9416478,0.1696322,0,0.0443372,0,0,0,0.1687179,0,0,0,0,0.02564333,0.01053378,0,0,0,0.2690352,0,0.2047235,0,0,0.1725854,0.7258995,0.1389855,0.4639387,0,0.02140633,0.4143873,0.03037316,0,0,0.07449207,0,0.1642874,0,0.1001854,0,0.4789672,0.468559,0,0.1138167,0.0332693,0,0,0.07561071,0,0.1811436,0,0,0.4180944,0.4914608,0.7818943,0.8777092,0,0,0,0,0.1578373,0,0.2180572,0.01973406,0.358612,0.1066275,0,0,0,0.697077,0.04148479,0.2846717,0,0.4799482,0.3390858,0,0,0.4637138,0,0,0.1784808,0,0.4879686,0,0,0.07006858,0,0.1847587,0,0,0.1168574,0,0.06741275,0,0,0.1064603,0.7384408,0,0.5097431,0.01850581,0,0,0,0,0.1516943,0,0.1976688,0.04111515,0,0,0,0,0.3998121,0.4745291,0.2173456,0,0,0,0,0,0,0.170538,0.8980897,0,0,0,0,0,0,0,0,0,0.4406618,0,0,0.08699577,0.1143888,0,0,0.1454649,0,
0,0,0,0.04474501,0.3901424,0,0,0.3046965,0,0.6378074,0,0,0,0,0,0.1182561,0,0,0,0.0364098,0,0,0,0,0.05235464,0,0.2094498,0,0.002906918,0,0,0,0.005996129,0,0,0.3720422,0,0,0.1980188,0,0,0,0,0.3023021,0.5001208,0,0.1733685,0.3247065,0.3382297,0,0.05799681,0.6917109,0,0,0,0,0.1541853,0,0,0,0,0,0,0,0,0.006091422,0,0,0.5306371,0,0.3285444,0,0,0,0,0.2214718,0,0.3800017,0,0.2581219,0,0.08798974,0.6589178,0,0.5027584,0.1872712,0.05497225,0,0,0,0.07729231,0,0,0,0.3631163,0,0.002084897,0,0,0.2251744,0,0,0.09665408,0,0,0,0,0.4300387,0,0,0,0.2620629,0,0,0,0,0.1229155,0.1324236,0,0.6014974,0.5527325,0.2102247,0.1159416,0,0.008074855,0.2767156,0.2473074,0.1921288,0,0.330696,0.4980425,0,0.1930456,0.5322293,0.9687982,0,0.2349934,0,0,0,0.1637629,0.3169878,0,0,0.2466692,0,0,0.278031,0.3991615,0,0,0.02912729,0.1093604,0.4514552,0.2484053,0.07062541,0,0,0.05062221,0,0,0.5494902,0.5985574,0.4583012,0.4688006,0,0.07527659,0.04153813,0,0,0.3157347,0,0,0.422758,0,0,0,0,0.2251332,0,0.3295387,0.09490395,0,0.05679543,0.08548883,0.2172166,0,0.4191257,0.4012724,0.1754543,0.1927166,0,0,0,0,0.4435772,0.6809815,0,0.3223606,0.2408266,0,0,0,0,0.1388641,0,0,0.03152431,0.04193268,0.136198,0,0,0,0,0.2278857,0,0,0,0.1843478,0,0,0.2717375,0,0,0.158554,0,0.05203364,0,0,0,0,0.4559096,0.04897649,0.6254376,0,0.1388263,0.6603898,0.1641687,0,0,0.2988004,0.4764573,0.1853805,0.6692513,0.3515197,0,0.09277459,0.07060922,0.09084288,0.2424948,0,0,0.03200858,0,0.3797511,0.9317455,0.1527903,0,0.3597504,0,0,0,0.4985623,0.2141731,0,0.4947479,0.1361762,0.09889638,0,0,0.1652219,0.4834267,0.04886783,0,0.1108371,0.1289326,0.4742683,0,0.5377669,0.1251935,0.1498642,0.3400549,0.222345,0.04974672,0.1579028,0,0.2761515,0.6612309,0,0,0,0.3327964,0.2332064,0.4394635,0.2840678,0.5273985,0.1208951,0.1468007,0,0.7151994,0.1040968,0.2837149,0.09273664,0.2923489,0.3088212,0,0,0.4146253,0.04689901,0,0,0.115792,0,0.6880076,0,0,0.1942905,0,0.9532193,0.4981371,0,0.4498922,0,0,0.3645842,0,0.4599489,0.136691,0,0,0,0.5969904,0.5182942,0,0.1159548,0.7345234,0,0,0.2908182,0.05276839,0.07620537,0,0.8447413,0.4084322,0,0.3325884,0,0.3917052,0,0.3247208,0.3970551,0.2724887,0.9268741,0,0.1162827,0.2920073,0.2407425,0,0,0.4719146,0.03901676,0.1793396,0,0,0.2987874,0.2949894,0,0,0,0.1034855,0,0.6267179,0,0,0,0,0,0.4294408,0,0,0.03606289,0.1557293,0.2025152,0.1688077,0,0.1924752,0,0,0,0,0,0,0,0,0,0.7060682,0,0,0.1894845,0.01995676,0,0,0.06038553,0,0,0,0.03768318,0.1254765,0.1054607,0,0.03589762,0.5025588,0,0,0,0.5140485,0.3220152,0.1908672,0.1254757,0.02724818,0,0.007513287,0,0.06893632,0,0.5002481,0,0.3347527,0.5189645,0,0,0,0,0.3956411,0,0.42175,0,0,0.4875937,0.02060945,0,0,0,0.5474224,0.06372899,0.01750557,0,0,0.5381188,0,0,0,0,0,0.8452043,0.2420903,0,0,0.06029051,0.003947232,0,0.2926628,0,0.01593453,0.3512,0,0,0.9828992,0,0.08989953,0,0,0,0,0,0,0,0,0,0,0,0.1575054,0.2481185,0.2627381,0.5597645,0.2114941,0,0,0.5668917,0,0,0.1353193,0.2076962,0.4838732,0.527223,0.08796601,0.6123236,0.1317584,0.278082,0,0.446924,0.08499555,0,0,0.05567126,0,0,0.1990954,0.5194252,0,0,0,0,0,0,0,0.4423208,1.075253,0.1196657,0,0.1502102,0.3680787,0,0.0582814,0,0.1060993,0,0.02625586,0,0,0,0,0,0.2261673,0,0.3066527,0,0.2619728,0,0,0.07909934,0.3605236,0,0,0.01943401,0,0.8606359,0,0,0,0.3084046,0,0,0.1217035,0,0,0,0.2366032,0,0,1.102475,0,0,0,0.2966353,0,0,0.7285742,0,0.3741921,
0,0,0.2561856,0.04653187,0.155321,0,0.07703052,0,0.4639181,0,0,0,0.7050537,0,0,0,0,0.2606452,0,0.2191949,0.09369329,0,0,0,0,0,0,0,0,0,0.624091,0,0,0.2328941,0.4818208,0.5647483,0.160369,0,0,0,0,0,0,0,0.1357414,0.4996984,0,0.4998086,0.6170306,0,0,0,0.07774399,0.1523952,0,0,0.002231592,0,0,0,0.5442018,0,0,0,0,0,0,0.001581975,0.2297887,0,0,0,0,0.3669308,0,0.2595498,0.6128208,0.5348216,0.1355076,0.01862816,0,0.5163276,0.918223,0.4052099,0,0.154271,0,0.1943047,0,0,0,0,0,0,0,0,0,0.5315889,0,0.1433192,0,0.01714438,0,0,0,1.071389,0,0,0,0,0,0.187677,0,0,0,0,0.01651612,0,0,0,0,0,0,0,0.2097943,0,0.2038119,0.2532518,0,0,0,0,0,0,0.5224846,0.5196317,0.5794666,0.07329832,0,0,0.1619019,0,0,0,0.1978714,0.07636077,0.2496726,0,0.5213748,0,0,0,0,0.2169646,0,0,0,0.1753648,0,0,0.0553121,0.02041861,0.3421408,0,0,0.6835747,0,0,0,0.5870488,0,0,0.02483695,0,0.1424168,0,0,0,0,0,0,0,0.2805197,0,0.7044196,0,0,0.08521244,0.1303781,0,0,0,0,0,0.5866674,0,0.2843089,0,0,0,0,0,0,0.819994,0,0.09229456,0,0,0,0,0,0.08762557,0.3324195,0.433684,0.01273071,0.6877462,0,0.1139802,0.1636655,0.1875135,0,0.4296165,0,0,0.06565233,0,0,0.06065348,0,0.4359391,0,0.02181586,0.4428837,0,0,0,0,0.2071839,0.03958955,0,0.2480371,0,0.172069,0.7535389,0,0,0.3535345,0,0.03800193,0.2461398,0,0,0.5938659,0.2986783,0,0,0.4238286,0.7218579,0.0109415,0,0,0.3741468,0,0.08544641,0,0.0104108,0,0,0,0,0.1469535,0.0520706,0,1.088271,0,0,0.08631762,0,0.5996722,0.2333975,0.7232871,0.1546867,0.1645362,0,0.889684,0,0,0.5334023,0.02283659,0,0,0.1583103,0,0.2485609,0.1571694,0.3264031,0,0.1308721,0.4821446,0.5487919,0.4262941,0,0,0,0.001820307,0,0.2441459,0,0.6749923,0.2209198,0.1685512,0,0.5068849,0.2485216,0.8148341,0.2786801,0.6141145,0.03894492,0.3854198,0.5064133,0.05646724,0.08939171,0,0,0.1640855,0.344177,0,0.3750741,0.05331846,0,0.1060882,0.2914057,0.2834786,0.4412284,0,0,0.1658733,0.2902938,0.1939726,0.7987255,0,0.7120771,0.2237596,0.2278439,0.3337293,0.2823758,0.3602457,0,0.5090601,0,0.21044,0.3796778,0.1041382,0.1475398,0.7435486,0,0,0,0,0.01855597,0.4900237,0.4767668,0.172786,0.3885557,0,0,0,0,0.04023129,0.09155075,0,0,0,0,0,0,0,0,0.3116372,0,0,0,0,0.224965,0,0.2532128,0.1191093,0,0,0,0,0.04563367,0,0.2123083,0,0.2667613,0,0,0,0.1993277,0,0.3245738,0.3448421,0.1015697,0,0,0,0.06720483,0,0,0.3173972,0,0.2651489,0.5376673,0,0.06456533,0,0.8149458,0,0,0.0203262,0,0,0,0.4127861,0,0,0.3887006,0,0,0,0.1807918,0,0,0,0.1001275,0.2719194,0,0,0,0.4262055,0.1401456,0.2686512,0,0,0,0.3845578,0.06507312,0,0.4089467,0,0.151951,0.1428674,0.4462322,0,0.3734201,0.08123315,0.6241912,0.131088,0,0,0,0,0.9240736,0.2525828,0,0,0,0.1036554,0.2120366,0.5943484,0,0.01159655,0.7864481,0.07290553,0,0.6316089,0.3762212,0,0,1.041585,0,0,1.132807,0.2979918,0,0.6263222,0.5523173,0,0,0,0,0,0.1625316,0,0.4008622,0.04923521,0.5107436,0,0,0,0,0.01927717,0.001850999,0,0,0.2836381,0,0.01196755,0,0,0.1604117,0,0.076311,0.0599188,0,0,0.06103931,0.10849,0,0.04639742,0.001469417,0.2624887,0,0,0,0,0.2666764,0.006964685,0,0.1497087,0.2358751,0.2556367,0.07440148,0,0.2583771,0,0,0.06261404,0,0,0,0.5897038,0,0,0,0.3278892,0.003044968,0,0.7103748,0,0,0,0.03101971,0.3860238,0,0.09243833,0.03660548,0,0,0,0,0,0,0.4305063,0,0,0,0,0,
0.02095813,0,0,0.4913875,0.02011601,0.04675258,0,0,0.2037124,0.3482442,0.08698092,0,0,0,0,0,0.6750799,0,0,0,0,0,0.4288726,0,0,0.1307807,0,0,0.1205328,0,0.0914069,0,0,0.3160082,0,0.3103381,0,0,0.8744357,0,0,0,0,0,0,0,0,0,0,0,0,0,0.4222904,0,0,0,0,0.128575,0,0.1365852,0.3440993,0.2075796,0,0,0.2484988,0,0,0.5756671,0.006039203,0,0.05961391,0,0.1020111,0,0.02836142,0.5395703,0,0.4894979,0,0,0,0.7103658,0,0,0.008661631,0,0,0,0,0,0,0.02274082,0,0,0,0,0.5293724,0,0.09950349,0,1.008867,0,0.06280445,0.1271341,0.6777884,0,0,0,0.2630507,0.6156538,0,0.2482097,0,0,0.060288,0,0,0,0.2073149,0,0.8955366,0,0,0,0.1390541,0,0,0,0,0,0.1318831,0,0,0,0,0,0,0.2158683,0.1435692,0,0.5337607,0,0,0,0.2983013,0,0,0.01185253,0.4139078,0,0,0.125353,0,0.3270912,0.06495692,0.1486997,0,0,0.4204384,0.1469392,0.0392568,0,0,0.6115491,0,0.3864835,0.04795063,0.3934668,0,0,0,0,0,0,0.4356696,0,0.2181989,0,0,0,0.07282931,0.01648202,0,0,0,0,0,0,0,0,0,0.1524437,0.63392,0,0,0.008289993,0,0,0,0,0,0,0.8338258,0,0.05286521,0,0,0,0.01966647,0,0,0,0.1787315,0,0.3768556,0.1297371,0.2707743,0,0,0,0.03490736,0,0,0,0.7311407,0.3576477,0,0,0,0.1349205,0.3643176,0.1076119,0,0.5374326,0,0.4046198,0,0,0,0.5426996,0.09195008,0,0.3417101,0.3490244,0,0.5465797,0,0,0,0,0.1851437,1.305244,0.08760777,0.1108851,0.5206791,0.5432504,0,0,0,0.153987,0,0,0,0,0.7423183,0,0.1003981,0.06111548,0.8952444,0,0.2552209,0.1313272,0.6393655,0.3858506,0.374037,0,0.03301763,0,0.5315446,0.225049,0.1009272,0.2174103,0,0,0,0,0,0.07170984,0,0.6166735,0,0,0.3382115,0.6506267,0,0.352976,0.1809154,0.4465967,0.6072118,0.4243209,0.4047952,0.9119476,0.1340235,0.3453325,0.5721803,0.2639206,0.2826813,0,0.1137794,0,0.1774476,0.2763234,0.0229666,0.4548686,0,0.4306818,0.8819847,0,0.2327555,0,0.4253909,0,0,0,0.2430432,0.1108038,0.001044453,0,0.2294027,0,0,0.1324351,0.179078,0,0.1800394,0,0.1530709,0.7738815,0,0,0,0.6596981,0.3292609,0.2800733,0.2247197,0,0,0,0.3080754,0.2000213,0.6874501,0.748574,0.1280542,0,0.406767,0.5991179,0.8343567,0.136356,0,0.5961525,0,0,0,0.2932624,0.02377746,0.02587035,0,0.2232042,0,0,0,0,0,0,0,0,0,0,0,0,0.3735392,0,0,0,0,0,0.2751344,0,0.268835,0,0,0.9304318,0,0,0.2029218,0,0,0,0,0.4222409,0,0,0,0,0,0,0,0.6571878,0,0,0,0.7649215,0.6587126,0.6461741,0,0,0.9426099,0,0,0,0.5559918,0.3866253,0.107872,0.09922166,0,0,0,0,0,0,0.003286818,0,0,0.7120934,0,0,0,0.8609716,0,0.04226166,0,0,0.1552714,0.52753,0,0.1391352,0.1058142,0,0.3231529,0,1.014553,0,0,0.5806584,0,0,0,0,0,0.579291,0.1913558,0,0.06907289,0.2054867,0,0,0,0,0,0,0,0,0.2242248,0,0,0.5081609,0,0,0.04006754,0.2132161,0.2230209,0,0.152573,0,0,0,0,0.2384425,0,0,0,0,0,0.1679266,0.5110129,0,0.2587151,0.1204638,0,0.573564,0,0,0.02309995,0,0.1990257,0,0,0.1065861,0.1522404,0,0,0,0,0,0.1749153,0,0,0.1289569,0,0,0,0.2833128,0.1391049,0,0.2104907,0,0.1809735,0,0,0,0,0.2203438,0.1473418,0,0.03502088,0,0,0.01333584,0,0,0,0,0,0,0,0,0,0.03726559,0.002897449,0.08339928,0.06833494,0,0,0.5668339,0,0.7138405,0.3611697,0,0,0,0,0,0,0,0,0,0,0,0,0,
0,0,0.1730283,0,0,0.2121117,0,0.4230198,0,0.02780863,0.1618534,0,0,0,0,0.1316878,0,0,0.1378342,0,0,0,0,0,0,0,0,0,0,0,0,0,0,0.1948741,0,0,1.150498,0.1508041,0,0.4142334,0,0,0,0,0,0,0,0,0,0.2476565,0.5451106,0.1154092,0.7464736,0,0,0,0.335083,0.2683795,0.1277847,0.511108,0,0,0,0,0,0.07712161,0,0.2940642,0,0,0.4870526,0,0,0.1024909,0.3970262,0,0.1497267,0,0.4089765,0.4810969,0,0,0,0.02797597,0,0,0.06980231,0,0,0,0,0,0,0.4857555,0,0.3000564,0,0.6501478,0,0.7658557,0,0.1808862,0,0,0.1247923,0,0.3070719,0,0,0,0.4276809,0,0,0,0.07021814,0,0,0,0,0,0,0,0.1680994,0,0.02015036,0,0,0,0.1404692,0.1183674,0.01721137,0.1133735,0.1677145,0.1942792,0,0.1987092,1.640726,0,0,0,0,0.6160846,0,0,0,0,0.2055998,0,0,0,0.1407482,0.4877466,0.1465741,0.1606819,0.5442268,0.8872736,0.7094942,0,0.4979631,0,0,0,0,0,0,0,0,0,0,0,0,0,0,0,0,0,0.3413462,0,0.02347947,0,0,0,0,0,0,0,0.311187,0.2342414,0.815477,0,0,0,0.0439473,0,0,0,0,0.06591062,0.003320321,0,0.3565949,0.4814857,0.5528711,0,0,0,0,0,0.180301,0,0,0.2557062,0.3290706,0.166692,0,0,0.3907451,0.3347662,0.0798041,0,0,0.2086001,0,0.2651126,0,0,0,0,0.5124607,0,0.03832861,0,0,0,0.3615472,0.3043761,0,0.1479279,0.2784453,0.2463914,0.1938929,0.3233195,0.2926981,0.5515898,0.01752168,0,0.769881,0.4522974,0,0.2521704,0,0.3884863,0.8330585,0.5326261,0.3124249,0.5153395,0,0,0,0.3553108,0.665558,0,0.8806182,0.1420053,0.1327237,0,0.2774863,0,0.3208358,0.6353552,0.3183956,0,0.5162177,0,0.129061,0,0.1663651,0.2720707,0,0,0.4276368,0.1585283,0.1295505,0,0.193784,0.2461789,0,0,0,0,0,0,0,0.2468732,0,0,0.3621833,0,1.367661,0.1582396,0.1521088,0,0,0,0,0,0.129165,0.02045832,0.4898981,0.427875,0.3312712,0,0.006771243,0.1625331,0.8010952,1.82582,0,0.06049551,0.2060449,0,0,0,0.283999,0.4792545,0.03676096,0.6708457,0.003369078,0,0.780007,0.3958699,0.4884271,0.6447522,0,0,0.2241938,0,0,0.1577644,0,0,0.2806902,0,0,0.05904374,0.1277718,0.3946655,0.5190725,0.3270635,0.5063878,0,0.2794102,0,0.2583468,0,0,0,0.004155887,0,1.082642,0,0,0,0.009074441,0,0,0.610149,0.3669366,0.6864268,0,0.2977506,0.1580395,0.1013692,0,0.5684083,0,0,0.6123316,0,0,0,0,0,0,0,0,0,0,0.2765231,0.5423236,0,0,0,0,0,0,0.3213049,0.1889893,0.5427945,0,0,0,0,0.2711824,0,0,0,0.1871093,0,0,1.099892,1.925406,0.3921756,0.2543727,0.7914901,0.4474526,0.01452526,0.2410235,0.1887158,0,0.4098263,0,0.07521898,0,0.01755599,0,0.3209934,0,0.04412321,0.004138493,0,0,0,0.7903565,0,0,0.1597469,0,0,0.3427983,0.02176538,0.291713,0,0.1011789,0.2550536,0,0.1793225,0.1372363,0.4077821,0.1460474,0.1088567,0.1619273,0,0,0,0.2774006,0,0,0.4114334,0.3267512,0.1747194,0.2629431,0,0.3721102,0,0,0,0.3441153,0,0.2933041,0.01013662,0.02167789,0.3338144,0,0,0,0.2368315,0,0.665144,0,0,0,0,0,0.1038098,0.4135669,0.4369496,0,0.4046686,0.4184098,0.06612678,0.2552443,0.383754,0.3334057,0.1217966,0,0,0,0.6332956,0,0,0.01508305,0.0477472,0,0,0,0,0.2106102,0,0.3571257,0.2206515,0,0,0,0.7937698,0,0,0,0,0.6667465,0,0,0,0.1926768,0.07732148,0.3171673,0,0,0.3454666,0,0.5479531,0.463192,0.3559349,0.2676046,0.01695896,0,0,0,0,0,0,0.360847,0,0.02564549,0.5336269,0,0.3876814,0,0.008792431,0,0,0,0.1568077,0,0,0,0.06851105,0,0,0,0.4634811,0,0.08866175,0,0,0.2640782,0.2114528,0.5587396,0.0229695,0,0,
0,0,0,0,0.3245011,0,0.01034631,0.1754531,0,0,0,0.17913,0.16303,0.0375555,0.07757109,0,0,0,0.1163473,0,0.5153068,0,0,0,0.4197512,0,0,0.3517961,0,0,0,0,0,0,0.1098809,0,0.1622852,0,0,0,0.2032889,0,0.0125314,0,0.307298,0,0.1322599,0,0,0,0,0,0,0,0,0,0,0.1475371,0,0,0,0,0,0,0.01767052,0.2998892,0,0,0.4557128,0,0,0.1410109,0,0.1726888,0.8785864,0.04764293,0.255828,0,0.001893832,0.3897718,0,0,0,0,0,0.2523105,0,0,0,0.154945,0,0,0.2756315,0,0.2160166,0,0,0,0.3796566,0,0,0,0.699369,0.4320016,0.0001111226,0,0.2503251,0,0,0.1692366,0.2500471,0,0.206914,0,0,0,0.04314075,0.2469718,0,0,0,0,0.05479898,0,0,0,0,0.1551559,0,0.4766135,0,0.1710607,0.8490764,0.443929,0,0,0.02864816,0.3767104,0,0.791209,0.4809946,0,0,0,0.3969558,0,0,0,0,0.08118449,0,0,0,0,0.511573,0,0,0.2966612,0.0449314,0,0,0.5539122,0.2021047,0.3902619,0.4949539,0,0,0,0.348821,0,0,0,0.2108702,0.5090394,0.2146262,0.2249597,0,0.05503988,0,0.08377008,0,0,0,0.2564068,0.2793016,0,0.1489914,0,0,0,0,0.07571177,0.6699688,0,0,0,0.05334832,0.3434114,0,0,0.6776004,0,0.09579495,0,0,0,0,0,0,0.01138302,0,0,0,0.05587612,0,0,0,0.4843377,0.3318685,0,0,0,0,0,0,0.4963737,0,0.1507063,0,0.2129808,0,0,0,0,0,0,0,0.4412356,0.3864671,0.3230959,9.499348,13.86884,0.2487234,0.2664935,0,0.2945392,0.1776903,0.4588565,0,0.4432406,0.8649423,0.1582244,0,0.70438,0.7215081,0.7263934,0,0.2258413,0.1945885,1.063493,0.1371117,0.4315703,0,0.2069335,0,0,0.6384763,0.09715579,0.402284,0,0,0,0,0,0.3459698,0,0.04423727,0,0,0.4051638,0.0464837,0.9418637,0.2785669,0.08890903,0,0,0,0.06698763,0.6230595,0.08218015,0.04864226,0.06740539,0,2.653397,0,0,0,0.2342939,0,0,0.1024088,0.414223,0,0,0.2157441,0.3318176,0,0,0,0.4079041,0.1075001,0.4620736,0.4396117,0,0.2283804,0.1191601,0.5259786,0.2531266,0,0.4216212,0.1827788,0.6319227,0.07620935,0.3292128,0.03307633,0.2979881,0,0.3035487,0,0.02531231,0,0.3714361,0.2247881,0.6058835,0,0.195305,0.24214,0.4847687,0.7260152,0.3005083,0.001390859,0.1879623,0,0.4086921,0.6565431,0.1285739,0.5207967,0.5977826,0.3030314,0.4496511,0,0,0,0.3447939,0.07676735,0.2679312,0,0,0.07753351,0.7013184,0.08357583,0,0.08425648,0.1772231,0.2413669,0,0.1329218,0.3690533,0.2208883,0.2991413,0.2871047,0,0,0,0,0,0.5601141,0,0,0.01388446,0.3519999,0,0,0,0,0,0.7323311,0,0.03832999,0.7624199,0.09939292,0.02991571,0,0.001711951,0.4219786,0.238438,0.1073489,0,0,0.4084926,0,0,0,0.1725079,0,0,0,1.041032,0,0.07347213,0,0.5331947,0.7069917,0,0.4927986,0.2698492,0.9999272,0,0,0,0.3683344,0,0,0.6510574,0.9050182,1.13763,0.2660889,0,0.5090107,1.569067,0.1362942,0.1232764,0.6346945,0,0.4804812,0,0.1226745,0.2986259,0,0.3653206,0,0.09501098,0,0.2836725,0.58468,0.001079032,0,0,0,0,0,0,0.3674905,0.8245435,0,0.129295,0,0,0,0,0,0,0,0,0.4394539,0,0.008180478,0.5253757,0.1444966,0.006249784,0.2903899,0.6304034,0.1842394,0.03056839,0,0,0.2304081,0,0,0.1035515,0,0.1888317,0,0.04256161,0,0,0,0,0.2126824,0,0.2724589,0,0.2139929,0.206712,0,0.4178372,0.108657,0,0.1259264,0,0.3270593,0.9646772,0,0,0,0.0793857,0.2215852,0.1193126,0,0.8291425,0.8569692,0,1.268363,0.3473734,0.157978,0.6297176,0.05180395,0,0.1001922,0,0,0.2271703,0.2455484,0,0.4031579,0,0,0,0.08686373,0,0,0.2804714,0,0.09075475,0.5204328,0.069403,0,0,0,0,0,0,0,0,0,0,0,0.02464687,0,0,0.5615966,0,0.3292837,0.4995072,0,0.5803154,0,0,0.3416974,0.1594253,0.2286647,0.005416456,1.270763,0,0.7995607,0,0,0,0.6953515,0,
0,0.7457924,0,0.2539455,0,0,0.02035696,0,0,0.1221628,0.5433554,0,0.1383393,0,0,0,0,0.06808522,0,0,0,0,0.2823531,0,0,0.1109524,0,0,0.4919372,0,0,0,0.1696152,0,0,0,0.282692,0.3270753,0,0,0,0,0,0,0.3761409,0,0,0,0,0,0.03581253,0,0,0.01816197,0.4378674,0.4152515,0,0.4416615,0,0,0,0.04497005,0,0,0,0,0,0.9942128,0,0.6044599,0,0,0,0,0,0,0,0,0,0.443846,0,0,0.5666683,0,0,0,0,0,0.09357964,0.3123129,0,0,0,0.1985962,0.06235258,0,0,0.5104454,0,0.2741423,0,0,0.3275015,0.5019158,0,0,0,0,0,0,0,0,0,0,0.2938962,0,0.03919443,0,0,0,0,0.7506697,0,0,0.3744455,0,0,0.1615297,0.3982826,0.1055152,0,0,0,0.3029826,0,0,0.3585881,0,0,0,0,0,0,0,0.558309,0.2525775,0,0.09074833,0,0.3609692,0,0.03450142,0.116078,0,0.1985547,0,0.24931,0.153015,0,0,0,0,0,0.0971922,0.1107273,0,0,0,0,0.001896107,0.7769178,0,0,0.2715182,0,0,0,0.005161699,0.07013515,0.3578075,0,0.1067874,0,0,0.1769014,0.05150022,0,0,0,0,0.566572,0,0.01112494,0,0,0,0,0.3110928,0.2410732,0.1940811,0.7206342,0.4011185,0.008351098,0,0,0,0,0,0,0.05499808,0.07262125,0,0,0,0.2871072,0.1690318,0,0,0,0.2483504,0,0,0,0.1450439,0.1120813,0,0,0,0.003062235,0.04830912,0.7036121,0,0,0.1321472,0,0,0,0.3589613,0,3.644133,15.68881,17.35696,13.34166,0.06653865,0.2694409,0,0.1074805,0,0,0.0291628,0.0277944,0,0,0,0.2121094,0.1793321,0.08511956,0,0.0968631,0.1009606,0.9946941,0.5764241,0,0.3650502,0,0.4319209,0.3188126,0.9886647,0.3339739,0.3329544,0.1940681,0.02698205,0.3778797,0.7098932,0.687228,0.1596675,0.5956407,0,0,0,0.753161,0.07245406,0.2389685,0.04185469,0,0.1026668,0.3787368,0,0,0.3944233,0.8028216,0,0.9903138,16.25138,14.19655,0.08701155,0.4438062,0,0,0,0,0,0,0.9374301,0.1011793,0,0.2873204,0,0,0.7165146,0.4525865,0.1255143,0.4500995,0.134855,0.2403144,0.4014378,0.3947085,0,0,0.4803029,0.1507759,0.3493334,0,0.1111202,0.09466618,0.9343786,0,0.2527493,0.6143849,0.7387114,0.2504344,0.232511,0.5208576,0.1189605,0.5980114,0,0.1634333,0.0448976,0.1722781,0,0.1898787,0.01973811,0.149505,0.1570706,0,0.2843977,0,0,0.6185876,0.9925185,0.0368214,0,0.01545576,0,0.2198149,0.39619,0.06610912,0,0.8090805,0,0,0.3284525,0.8183635,0,0,0.07456118,0,0.01347514,0,0,0.4412307,0,0,0.190923,0.09011665,0.1871372,0.3479957,0,0.1346913,0,0,0.3139619,0.01940918,0.1085103,0,0,0.09208823,0,0,0.2168779,0.06630372,0,0,0.1868786,0.2630543,0,0,0,0,1.068333,0,0.0834761,0.5635423,0,0,0.2479065,0.882282,0,0.2855146,0.1615,0.3346217,0,0,0.6161466,0.4045908,0.1077046,0.03210342,0.5807993,1.509844,0.7235211,0,0,0,0,0.6372681,1.03956,0,0.4599146,0.164912,0.9461101,0.5982604,0.5078786,0.3209037,0,0.1009058,0.1053991,0.3669851,0,0,0.4722468,0,0.5372223,0.1897521,0,0.2653964,0.1493635,0,0,0,0,0,0.01391423,0,0,0.09072284,0,0.2166734,0.3682081,0,0,0.5942711,0,0.5673769,0,0.2671671,0.4253511,0,0.000625841,0,0.2622827,0.4143532,0,0.1567894,0.156434,0.3737344,0,0,0.121379,0.3160443,0,0,0.3282156,0,0,0,0.08985157,0,0,0,0.2112947,0,0,0,0,0,0.1444369,0.6144629,0,0.7688705,0.2527524,0.7987638,0,0,0.1440012,0,0.05853142,0.1174102,0,0,0,0,0.2395778,0.1070324,0,0,0.2911256,0,0,0.4614187,0,0,0,0,0,0,0.3063866,0.03681544,0,0.1641674,0,0,0,0,0,0,0,0.4490646,0.4974014,0,0,0,0.4771885,0,0.3479085,0,0.3063934,0,0,0,0,0,0.01180133,0,0,0.3034024,0.893663,0.3152172,0.005199557,0,0.255262,0,0,0.1179197,0.1844186,0,0,0,0,0.4085901,0,
0.09932814,0,0.5688044,0,0,0.0007650152,0,0,0.3607761,0,0,0.1514362,0,0.1039701,0.1957354,0,0,0,0.08110347,0,0,0.07357196,0,0,0,0.3139576,0,0.1822505,0,0.09429409,0,0.2471966,0,0,0,0,0,0,0,0.4953922,0,0,0,0.1056983,0,0.1279808,0.1777405,0.3398809,0,0.2711629,0,0.06764733,0,0.413252,0,0,0.1948947,0,0.2487543,0.03354619,0.5479783,0,0,0,0,0.1811612,0,0,0,0.2728748,0.0631796,0.02327202,0,0,0,0,0.413591,0,0,0,0,0,0,0,0,0,0.08609621,0.1137169,0,0,0,0.2891684,0.1029424,0,0.8737978,0,0.1815097,0,0,0,0,0,0,0,0,0,0.08250546,0.2211428,0,0,0,0,0,0,0,0,0.4103713,0.07551909,0.02938656,0,0.6552349,0,0,0.340161,0.734873,0,0,0.3242264,0.2675827,0.3493671,0.01093345,0,0.1667618,0.04269245,0,0.1412417,0.2879184,0,0,0.1772687,0.6088549,0.4289331,0,0,0,0,0,0,0,0,0,0.1616654,0.6869438,0.2640839,0.1946978,0,0,0.6196313,0.4704725,0.7628374,0,0,0,0,0,0,0,0.3155592,0,0.1688018,0.1940761,0.2820876,0.00211577,0.195415,0,0,0,0,0.1734425,0,0,0.484674,0.4656725,0,0,0,0.1245093,0,0.454856,0,0.06682749,0,0,0.7536922,0.5316405,0,0.4552902,0,0.238075,0,0,0.3687487,0.05202249,0,0.06731039,0,0.2039685,0.2676667,0.6523262,0.02091216,0.009132965,0,0,0,0,0,0,0.1322254,0,0,0.002068132,0,0,0.7716218,0,0,0.7470583,0,0.08281051,0,0,0,0.5847966,0,0.4070694,0.3227406,0,0,0,6.730105,17.4417,16.10992,17.79737,9.881477,0.4495556,0.3248992,0.7279685,0.2593437,0.2763633,0.3061928,0,0.4865704,0.5164406,0.4883879,0,0.01995913,0.5390198,0.378536,0.2976522,0.6490055,0.07418519,0,0.09727503,0,0.1785277,0,0,0,0.1599239,0,0.1639172,0.5244601,0.0949184,0.3273323,0.4709521,0,0.06031902,0,0.1244597,0,0.3211494,0.5078844,0.8555177,0.08230641,0,0.4215165,0.1198577,0,0,0.4100797,0.9499658,0.4065653,0.2572523,17.18106,18.35415,1.173606,1.047884,0,0,0.1912077,0,0,0,0.5675517,0.1356493,0.6016446,0,0.1002507,0,0.04568624,0,0.008833305,0.5919085,0,0.5677424,0,0,0,0.3321457,0.3496215,0.3725891,0,0.2768084,0,0.09096734,0,0,0.1128562,0,0.7112269,0.0004241435,0.4416726,0.5349175,0,0.2890744,0,0.06842165,0,0,0.4009974,0.6432822,0.4543433,0.4095733,0.326298,0.3887947,0.3647032,0.07137751,0.1575529,0.009565975,0,0.4039641,0.1638116,0.617488,0.05861853,0.2965677,0,0.2098174,0.2759742,0.4822108,0,0,0.07626372,0.08126327,0.4192741,0,0,0.1442259,0.319743,0,0.4285738,0.179487,0.1307101,0,0,0,0.2072184,0,0,0.5877801,0,0.2731044,0,0.2708411,0.2592354,0.7662857,0,0,0,0,0,0.1224405,0.03344817,0,0.03193114,0,0,0,0,0,0.5375392,0,0,0,0.2194755,0,0.4729538,0,0,0,0.005402938,0,0,0.3148052,0.2724679,0.5727375,0.1832431,0.2253985,1.489548,0.4183898,0.01764692,0,0.04103972,0.09128427,0.487433,0,0.4032532,1.121164,2.212946,0.04428223,1.015845,0.5774828,1.384508,0,0,0,0.09851812,0,0,0.8757879,0,0.613333,0,0,0,0,0,0.3098078,0,0.1042497,0,0.1916895,0.3633213,0,0,0.2148662,0,0,0,0,0.127571,0,0.07599604,0,0,0,0,0.5246091,0,0,0,0,0.09643705,0,0.07111833,0,0.02487055,0.3230224,0.4298294,0,0.4790605,0.2670015,0,0,0,0,0,0,0.3686404,0,0.2989642,0.416871,0,0.3669645,0.2494041,0,0,0,0,0,0,0,0.3710156,0,0,0,0.4373947,0,0,0,0,0.3369547,0,0.1009178,0,0.09643465,0.00377221,0.1844954,0.0006067512,0.3923394,0,0,0,0.1933011,0.1379826,0.08609276,0.6015189,0.009973479,0,0.3843604,0,0.3482169,0,0.2446506,0,0,0,0.1732209,0.5202987,0,0.3668539,0.9901759,0,0.6732087,0,0,0.7965698,0,0,0.007557087,0,0,0.4433865,0,0,0,0,0,0,0,0,0.01171113,0,0,0,0.8723652,0,0.1542052,0,0,0,
0,0.2910899,0.9149665,0.07454108,0,0.08169584,0,0,0.3825657,0,0,0,0.2313997,0,0.2298768,0,0.01656218,0.4962562,0,0,0.03682255,0,0.3448842,0,0,0.2238821,0.6702893,0.4484573,0,0.160818,0,0.3362007,0,0.4198202,0,0,0,0.1876326,0.4130508,0.3328377,0,0,0.2512661,0.6842253,0,0,0,0,0,0,0,0,0,0,0,0,0,0.2639098,0,0.2917358,0,0,0.5440958,0,0.03312238,0,0,0,0,0,0,0,0,0.1548534,0.05024422,0.8081363,0.1245339,0,0.2857499,0,0,0,0.1706966,0,0,0,0,0.7147725,0.08600654,0,0,0.1710165,0,0.177483,0,0,0,0.1095631,0,0,0,0,0,0.2988053,0,0,0.1565001,0,0.09826794,1.239955,0,0,0.05843544,0,0.02534926,0.1535063,0.1020995,0.08654705,0,0.7849448,0.1350995,0,0.02909264,0,0,0,0.1558896,0,0.5538718,0,0.5819625,0,0,0.04392852,0.4078171,0,0,0.7941637,0,0.4987311,0,0,0.2857684,0,0.02851938,0.1342023,0,0.09989033,0.5764558,0,0,0.4427184,0,0,0,0.5388874,0,0.3097755,0,0,0.6604414,0,0.6269754,0,0.9086264,0.06995125,0.1903495,0,0,0.2125082,0,0,0,0.1865199,0.2264888,0.1723302,0.5886245,0.3445387,0,0.09439348,0.579132,0,0.03538278,0,0,0.1458829,0,0,0,0,0,0,0,0.008347701,0.1601304,0,0.6126537,0,0,0.1051751,0.6701277,0,0.3697011,0,0.2191316,0,0.4388509,0,0,0,0,0,0.4977039,0,0.01317871,0,0,0.6440974,0.2296622,0,0.05536151,0,0,0.1091243,0,0,0,0,0.02432336,0.03979809,0,0,0,0,0.4913794,0.07854441,0.2106044,0,0.1000726,6.660151,18.3751,18.0875,17.62606,3.865745,0,0,0,0.1082223,0,0.1259026,0,0,0,0.7626311,0,0.7215428,0.3236107,0,0.3368307,0,0.03500142,0,0,0,0.232369,0,0,0.4935814,0,0.1577346,0.3824844,0.4165347,0,0,0,0,0.4315291,0,0,0.1841218,0.1211156,1.019792,0.2521027,0,0.03226307,0,0.347358,0.2332131,0.1973453,0.3329296,0.3168482,0,0,6.35926,15.26495,0.6020513,0,0.3897731,0.09728445,0,0.2207269,0,0,0,0.2167926,0.01208328,0.4250199,0.1793009,0,0,0,0.3619787,0.4363146,0.05702723,0,0.1704144,0,0,0,0.3647862,0.2059665,0.7942882,0,0.3002,0.1698292,0.6301294,0.5993224,0.9814261,0.1388015,0.5916546,0.3442478,0,0.5485774,0,0,0,0.2694102,0.4505634,0.1370234,0.2695566,0.3276615,0.4248451,0.05411941,0.1209886,0.6298528,0,0,0,0,0.1602699,0.3090502,0.5994452,0.01299429,0.1814534,0.06770263,0.1084528,0.3119152,0.08829971,0.02951308,0.7990357,0.7141995,0,0.1325934,0,0.119837,0.1689785,0.04783227,0,0,0,0.1037403,0,0,0.1542232,0.1405813,0.1219404,0,0.4308119,0,0,0,0,0,0,0,0,0.5499117,0,0.437137,1.205086,0.8816121,0,0.112174,0,1.196049,0,0.4455204,0,0,0.1552127,0.1565221,0,0,0.07680233,0.2302265,0.5299687,0,0.005151061,0,0,0,0.4345626,0.2495631,0,0.04876349,0,0,0.08976062,0.2794495,0.5740252,0.6402133,0.07745825,0.1614034,0.322123,0,0.622146,1.39468,1.904838,0.9509848,0.1573737,0.2476833,0,0,0,0,0,0,0.6769624,0,0.1506243,0.06014414,0.2194489,0,0.05135215,0.7220417,0.2368648,0,0,0.1467424,0,0.08018547,0.1584639,0.03916185,0,0,0,0,0,0.09578481,0.06599243,0,0.5886399,1.165748,0.04211332,0,0,0,0,0.2984881,0.3984691,0.4740381,0.2887602,0,0,0,0.02348671,0,0,0,0,0,0.2199105,0,0.1404075,0,0,0.1855077,0,0,0,0,0,0.2508818,0.6581851,0.3091401,0.2910532,0,0,0.134182,0.04862962,0.469549,0,0,0,0,0.5793443,0.008034402,0.7372983,0,0,0.3431249,0,0,0.6950055,0.01718847,0,0,0.2747605,0,0.09498928,0.04962746,0,0,0,0,0,0,0.2053573,0,0.05678599,0,0,0,0,0,0,0,0.07599159,0.134244,0,0.09018157,0,0.02253019,0,0.5091914,0.1734337,0,0,0,0.09104288,0,0,0,0.3784274,0,0,0,0.1800246,0,0,0,0.00105185,0.2849689,0.6372892,0,0.1399822,0.236091,0.4511519,0,0,
0,0,0,0.3499563,0,0,0,0.2307785,0.1021976,0.1717765,0.4313978,0.04957058,0,0,0.252125,0,0,0.2092211,0,0,0,0,0,0.2462696,0.3084075,0,0,0,0,0,0,0.03881973,0.6014315,0.01950252,0,0,0,0,0,0,0.4253059,0,0,0.1172108,0,0,0,0.08305835,0,0.1325594,0,0.4431642,0.169652,0,0,0.205883,0,0.189253,0,0.6781579,0.2989014,0.8398384,0.5858952,0,0,0,0,0,0.11596,0,1.220151,0,0,0,0.1057733,0,0.478894,0.1650265,0,0,0,0.4165741,0.4182642,0,0,0,0.3779898,0,0,0,0,0,0,0.08951576,0.4216152,0.258049,0,0,0,0,0,0.05743198,0,0.05075657,0,0,0,0.2011503,0,0,0.02673909,0,0.07663285,0,0,0,0,0,0,0,0,0.3493137,0.2200132,0,0.2125545,0.07954684,0,0.05696898,0.7428306,0,0.1351988,0,0.07280829,0,0,0,0,0.006985339,0,0,0.04110063,0.2809852,0.1737217,0,0.9549636,0.3237648,0,0.05912438,0,0.3697282,0.1641271,0.03885078,0,0,0,0.5209393,0,0.1879977,0.3538765,0,0.1094726,0,0.2467562,0.9733474,0,0,0,0,0.03760818,0,0,0.3077638,0,0,0.2623423,0.3889329,0.1139572,0,0,0,0,0.1077948,0.5443624,0.4085363,0.3550599,0,0,0,0,0.3759277,0,0,0.218836,0.1675603,0,0.8463701,0.03040148,0,0,0.1049875,0.3625517,0,0.629494,0,0.2313072,0,0,0.474139,0,0,0.2582895,0,0,0,0.6342228,0.2548679,0.1659048,0,0.1791947,0,0,0.1271954,0,0,0,0,0.006559124,0,0.0279516,0,0.5016844,0,0,0,0.1596031,0,0,0,0,0,4.932506,14.72211,13.94645,0.4056487,0,0,0,0,0.8203174,0.3403283,0.3607544,0.5030182,0.152875,0,0.7349811,0,0,0,0.2594817,0.2584906,0,0.1632627,0,0,0,0,0.04329699,0.3133687,0.546114,0.02151743,0,0.1956571,0.2802668,0.2365002,0.2057855,0.06099188,0.04394896,0.28499,0,0,0,0.223073,0.4284806,0.6496989,0,0,0.06520098,0.1637734,0,0,0,0,0.599446,0.05227943,1.254391,0.1500301,0.2407572,0,0,0.2698509,0.2368182,0.01816405,0.3274465,0.1195472,0,0.332313,0,0.2973996,0.3216632,0,0.1851266,0,0.5926971,0,0,0,0.417576,0.02305696,0,1.142868,0,0.01653433,0.488596,0.4407087,0.3368632,0.1013509,0.1877108,0.1262848,0,0,0.2395465,0,0,0,0.0006542218,0.06325682,0,0.298468,0.446442,0.5496597,0.5082891,0,0.3496467,0,0,0.5336878,0.8841207,0.09538707,0.17925,0.1773041,0,0.4602456,0,0.08597354,0.2079615,0.4038402,0.0144949,0.3828049,0.04768614,0.2457636,0,0,0.4752759,0.08242143,0.1980022,0,0,0.1778984,0.1308898,0,0.2600318,0,0.1227985,0.1464732,0,0,0,0.4731377,0,0.1925054,0.06078976,0,0.5484743,0.2757665,0,0,0.04812545,0,0,0.07318216,0.3204546,0.4781087,0,0.3464304,0,0,0,0.9421648,0,0.3895026,0,0.9006683,0.192577,0.3417296,0,0,0.08502515,0.08111884,0,0,0.1179156,0,0,0.3136999,0.3164453,0.4392371,0.2126349,0.5906908,0.657168,0,0,0.2120497,0,0.5281904,0,0.4042547,0.7690554,1.305142,1.37455,0.9088481,0.4846675,0.6703489,0.8134358,0.46365,1.067494,0,0,0,0.08692543,0,0,0.3564076,0.2437301,0,0.1329131,0,0.1971057,0,0.044772,0.1828903,0,0.6001397,0,0.005068159,0,0.7006133,0.08843835,0,0.4558104,0,0.3030897,0,0.3690131,0.7507734,0,0.1147757,0,0,0,0,0,0,0.3482164,0.8972916,0,0.9472857,0.197076,0.2190543,0.15099,0,0.5274707,0,0,0,0.1642203,0.3388009,0,0,0,0,0,0,0.01614107,0,0,0.5067729,0,0,0,0,0.1695194,0,0.1884374,0,0.2120119,0,0,0,0.2074069,0.1928773,0,0,0,0,0.09405124,0.3147148,0,0.3560745,0,0.5522242,0,0,0,0,0,0,0.2979952,0.2963478,0,0,0,0,0.6964306,0.1327447,0,0.1571409,0,0,0.0239382,0.143805,0.5508915,0.08454824,0,0,0,0.5962548,0,0,0,0.2878911,0,0,0,0,0.2106216,0,0,0,0,0,0,0,0,0,0,0,0,0.2174281,0.1242003,0,
0,0,0,0.178736,0,0,0,0,0,0,0,0,0,0.7960682,0,0,0.27781,0,0,0.2983312,0.1568988,0.325973,0,0.1060431,0.04243834,0,0.1705098,0,0.2744257,0,0,0,0,0.5151278,0.06089265,0,0,0.0307954,0,0,0,0.4843482,0,0,0,0,0,0,0,0,0,0,0,0,0.04154526,0,0,0,0.1543415,0,0,0.2101627,0.4337711,0.03600305,0.2107146,0,0,0,0,0,0,0,0,0.1678863,0,0.3360161,0.2551886,0.3096346,0.03686982,0,0,0,0,0,0.04379034,0,0,0,0,0,0,0.2668855,0,0,0.1802797,0,0,0,0,0,0,0,0,0,0,0,0,0.1679759,0,0,0,0,0.224458,0.3455367,0,0,0,0,0,0,0,0,0.3559601,0.1811565,0.5767966,0,0.1182979,0,0.343352,0,0.2387417,0,0.07681664,0.2705593,0.4313367,0,0.2387418,0.2049896,0,0.5168677,0.6419217,0,0,0.2885878,0,0.9617541,0,0,0,0,0.08094721,0,0,0,0,0,0,0,0.3125296,0.4009136,0.6280572,0,0.1343806,1.153527,0.1589197,0,0,0,0,0,0,0,0.5151271,0.270567,0.2131402,0.5289994,0,0,0,0.5494011,0,0,0.2534412,0.1105491,0,0.1580719,0,0.4318194,0,0.2526248,0,0,0.1375877,0,0.3995715,0.3232307,0.2025707,0.3753963,0.2353224,0.5980879,0.1250531,0,0,0,0.01026549,0,0.1530523,0.5203589,0,0,0,0,0.5863097,0.6901046,0.3749109,0,0.2265703,0.1747164,0,0.1508435,0.1875096,0,0.05543314,0.1110445,0,0.2423456,0,0.09603857,0,0.053771,0.8394387,0.2624807,0,0,0.08925079,0,0,0,0.1515682,0.002005329,0,0.06484174,0.08882958,0,0.4784168,0.160116,0.07826177,0,0.4624188,0,0.1634215,0.3855744,0,0,0.3592924,0.5118163,0,0.2649782,0.5157272,0,0.2882963,0.06472526,0,0,0,0.5334058,0.1495586,0,0.004746911,0.4176041,0.7506789,0,0.4323551,0,0.0036917,0.009866454,0.8936824,0.7301612,0.01741365,0,0.03303906,0,0.01492594,0.3299016,0,0,0.221723,0.2602575,0.2685603,0.09848869,0.3056813,0.4516993,0,0.9464669,0.1074448,0,0.387585,0.750913,0.5777107,0,0.605092,0,1.189087,0.6365563,0.2123014,0.1277631,0.3779264,0,0,0,0.7560703,0,0,0.873193,0.4542096,0,0,0,0.2534315,0,0.5064987,0,0,0.2598143,0,0.4576879,0.4240459,0.6478747,0.3784278,0.3024666,0,0.03757048,0,0,0,0.1488116,0,0,0.1551778,0,0.4554364,0,0.2879016,0.1620226,0.5627914,0.0627764,0,0.1661768,0.4904196,0,0.1667469,0,0,0.2171986,0,0.3605717,0.09703206,0.8816046,0.1778021,0,0.5267444,0,0,0.004415179,0.04219746,0.005507112,0.7326245,0.09892318,0,0,0.08465817,0.1253925,0.3718681,0.9539573,0,0.2935339,0.1730287,0.2295233,0.3937295,0.07833184,0,0,0,0.1015778,0,0.2255806,0,0.5071608,0.1388117,0.2658925,0.2329615,0,0.2054167,0,0.03187656,0,0.517235,0,0,0.6892567,0,0.6762753,0,0,0.616961,0.01738505,0.03157381,0.1684716,0.3800063,0,0,0.2156371,0.1452016,0.1238525,0.3177797,0.2696984,0.558228,0.5734351,0,0,0,0,0.3193461,1.395032,1.433748,1.026829,1.195422,0.09234832,0.2243232,0.2034759,0,0.03829804,0.3508979,0.3127296,0.3429196,0,0,0,0.1150879,0,0.4459915,0,0.1124676,0.03998255,0,0.3398227,0,0.4195459,0,0,0.9472494,0,0,0.1797003,0.466071,0,0,0,0,0,0,0,0.4123389,0,0,0.2870863,0.0938607,0.2018793,0.532022,0,0,0.214927,0.3324935,0.4038831,0,0,0.596884,0.05240637,0,0.5186847,0.6176159,0,0.5741525,0.4412026,0,0,0,0.04830128,0,0,0,0,0.2216918,0.474273,0,0.3323447,0.1300021,0.1316363,0.2071187,0,0,0,0,0,0.2629846,0,0.08515935,0,0,0,0,0,0,0,0,0,0.04774332,0,0,0,0.3733802,0,0,0.1922176,0.08253443,0.2380994,0,0,0,0,0,0.5894598,0,0.554242,0.2600145,0.9986445,0,0,0.2499381,0,0,0,0,0.2198842,0,0.6887631,0,0,0.3211129,0.5777932,0,0.5049255,0,0,0,0,0,0.3393564,0.1565868,0,0,0.6499907,0,0,0.2131416,0.312952,0.06496731,0.2949835,0,0.1663394,
0,0.05704398,0,0.2964147,0,0,0,0,0,0,0,0,0.1255994,0.2407953,0,0,0,0,0,0.6359901,0.2760449,0.2637053,0,0,0.3848123,0,0.1556879,0.2365574,0,0.4391137,0,0,0,0,0,0,0.09219225,0.02286688,0,0,0.149992,0.6069543,0.02864162,0,0.2735574,0.611604,0,0,0,0,0,0,0.4395995,0,0.05248558,0,0,0.3314585,0,0,0,0,0,0,0,0.0362408,0,0,0,0.09331891,0.1132087,0,0,0,0,0,0,0,0,0.1126212,0,0.004488181,0,0,0,0,0,0,0.6463526,0,0,0.1932391,0,0.008911978,0.113998,0,0,0,0,0,0,0,0,0,0,0,0,0,0,0,0,0.4224558,0,0.1723288,0,0,0,0,0.06230345,0,0.03631191,0,0,0,0,0,0,0.06492202,0,0.2722364,0,0.225152,0.2233717,0,0,0.1212097,0,0.1376998,0.3147575,0,0,0,0,0,0,0,0.7739528,0.01850823,0.2525072,0.02106678,0,0,0,0,0.2880664,0,0.06777068,0,0,0,0,0,0.0009743808,0,0,0.1517317,0,0,0.05120121,0,0.08879784,0,0,0.2647116,0.5525926,0.1897889,0,0.7030343,0,0,0,0,0,0.08097279,0,0.03501767,0,0,0,0,0,0,0,0,0,0,0,0,0,0.5604481,0,0,0.4027335,0.6684906,0,0,0,0,0.6390654,0.07896496,0,0,0.4356238,0,0,0.0744279,0.2756862,0,0,0,0,0.3783301,0,0,0,0,0.1462208,0,0,0.08166195,0,0.1414604,0.04384078,0,0.06293255,0,0,0,0,0,0,0.07198262,0.3353587,0,0.6069396,0.05457701,0.02462314,0,0.3462729,0,0.2541647,0.3588651,0.3459976,0,0.5160503,0.7103978,0,0.06685466,0.2872751,0.5420311,0,0,0.1163197,0.007813509,0,0.3278334,0.2534654,0.5234577,0.3206764,0.0830154,0,0.1087325,0,0.2631378,0.1195629,0.2515374,0.1097549,0.3144045,0.2282929,0.8767377,1.013914,0.4590377,0.5014044,0.03971991,0.2186313,0.2099155,0,0.07905714,0,0.1244002,0,0.1252521,0.4069483,0.1284895,0.2213767,0.6878852,0.4246694,0.6068273,0.009891841,0.645499,0,0.5642354,0.2344496,6.837262,7.614165,0.2225192,0.5874457,0.0281009,0.5110402,0.5867809,0.06807631,0,0.3994904,0,0,0.4465383,0.08792015,0.198397,0.1084075,0.447522,0.4598779,0,0.2598445,0.7156658,0.1113376,0.2955828,0.3776482,0.4333389,0.4604126,0,0.5997186,0.2214926,0,0,0,0.6338478,0.5582541,0.6172926,0,0,0,0,0.04004827,0.5982245,0,0.1500702,0.6910529,0.01201444,0.5960667,0,0,0.7964801,0,0,0,0.261988,0.1403881,0.2564755,0.9317393,0,0,0.1593656,0,0.6246395,0.2554667,0,0.1569903,0.0260882,0.06776553,0,0.2708147,0.2343718,0.2153925,0.1517745,0,0.1020848,0.3310905,0.4834964,0.1670749,0,0.7172315,0,0,1.053549,0.003992331,0.4602782,0,0,0.0003263227,0.5238266,0,0,0,0,0.5692093,0,0.1473422,0.0001099248,0,0.1835279,0,0.5391277,0,0.7041827,0,0.09617963,0.4040516,0,0,0,0,0.3406307,0.5461665,0.1482715,0.02624133,0.02248972,0,0,0,0.6196281,0,0.309002,0,0.1168795,0.5131414,0,0,0,1.988772,0.5531752,0.9249997,0,0,0.3095624,0,0.3122572,0,0.4549544,0,0.6457753,0.3687663,0,0.2763287,0.3810631,0.5517638,0,0,0.2385789,0.2882975,0,0,0,0.1212646,0,0.4722922,0,0.2401656,0.123321,0,0.3615216,0,0,0,0,0,0,0,0.1908324,0.124688,0,0,0,0,0.1265913,0.06937313,0.4351905,0.1548949,0,0,0,0.8142803,0,0.1912604,0,0.3888822,0,0,0,0.3882523,0,0,0,0,0,0.2967782,0,0,0.09206346,0,0,0,0,0,0,0,0.250452,0.1384861,0,0,0,0,0,0.2965569,0,0,0.04813577,0,0,0,0,0,0,0.2649865,0,0,0,0,0,0.6271332,0.07364602,0.07129778,0,0.1242682,0.3422649,0.1351556,0,0.3235624,0,0.4576972,0,0.3988701,0,0,0,0,0,0,0,0,0,0,0,0,0,0.0215476,0,0,0,0.02601058,0,0.3215051,0,0,0,0.05038406,0,0.2541184,0,0,0,
0,0,0,0,0.05377254,0.2002254,0,0.03365623,0,0.3463131,0,0,0.1397568,0.1033067,0,0,0,0,0,0,0.5720006,0.1040776,0,0,0.007156711,0.1567201,0,0,0,0,0.2961164,0,0.6288267,0,0,0,0,0,0.4392115,0.03645572,0,0.2029305,0,0,0,0,0.003635372,0.2898696,0.3554185,0,0,0,0,0,0.1655629,0,0,0,0,0.1301603,0,0,0,0,0,0,0.3040608,0,0,0.1122276,0,0,0.5608779,0,0.2245404,0,0.6200898,0,0,0,0,0,0.2682351,0,0,0,0,0,0,0.08292862,0.08352182,0,0,0,0,0,0.9541682,0.2902999,0.2294414,0.1741634,0,0,0,0,0,0,0,0.3932651,0,0,0.6781666,0,0.9719162,0.01010614,0.1628096,0,0,0,0.2927844,0,0.5268248,0,0,0,0,0,0.006291286,0.4863312,0,0.001597342,0.4132978,0.6658494,0,0.07288975,0.2535179,0.2317662,0,0.367066,0,0,0.09371214,0.08970586,0.1162719,0,0,0.5551413,0.06833053,0.08488114,0.189326,0,0,0.09195638,0.5596427,0.5696725,0,0.2974678,0,0,0.1039628,0.0964837,0,0.1417801,0.3840458,0.003088835,0,0,0,0,0,0.3424037,0,0,0,0.06560741,0.02283327,0,0,0.0143281,0,0,0,0,0,0,0.0002693296,0,0,0,0.8917166,0.6554244,0,0.06012937,0,0.04196732,0,0,0,0,0.3182186,0,0.1791716,0,0,0.2118595,0,0.3261453,0,0,0.297368,0,0,0,0,0,0,0.2527631,0.6799297,0,0.06172426,0.3019896,0.1361138,0.2258398,0.4512066,0,0,0.4762937,0,0.4663111,0.2253302,0,0,0.3202488,0,0.1073649,0,0,0.1034064,0,0,0,0,0,0,0.3451871,0.08913754,0.4272958,1.600969,0.1683957,0,0,0,0,0.305784,0,0.6676779,0.3061797,0.2906817,0.2351285,0,0.09892316,0.2933227,0.2524984,0.3380217,0.6066788,0,0,0.3470455,0.1522142,0,0.1674269,0.9204994,0.5110345,0,0.08334958,1.070362,0.1090855,0.4213115,0,0.1581057,0,0.2224767,0.3614385,0.004493225,0.3803452,0,0,0,0.4069798,0,0,0,0,0,0.1513722,0,0.5308968,0.08553822,0.2520597,0.4914661,0,1.759058,1.846269,0.2560912,15.78269,13.56709,0.9206232,0,0,0,0.1239891,0.1377312,0.2049226,0.6258925,0,0.4270087,0.3722093,0.3453877,0.510648,0,0,0.2540335,0,0,0.04770647,0.2292017,0,0.2819445,0,0.6510226,0.1863092,0,0.6558207,0.4783581,0,0.142427,0.1378159,0,0,0,0,0.1296455,0.1287408,0.3660595,0,0.1191907,0.1788556,0,0,0,0,0,0.2619404,0.256493,0,0.08527304,0,0.3198346,0.2365358,0.07501651,0.154171,0.5864707,1.227615,0.8156347,0,0,0.1479405,0.1664253,0.2979295,0,0.06541599,0,0.3257512,0.04408042,0,0.1775026,0,0.1916123,0,0.2011576,0.4692748,0,0.4276467,0.2042276,0.5775677,0,0,0.3848269,0.1385062,0,0,0.1464988,0.554082,0,0.2389349,0,0,0,0.09608581,0.4723135,0,0,0,0,0,0,0.4297828,0,0.2789479,0,0.35577,0,0.5629006,0.7071143,0,0.5195803,0.3192889,0,0.0007563435,0,0,0,0,0,0,0.7377021,0,0,0.03649233,0.02943838,0.6661455,0.2551179,0,0,0,0,0.1759531,0,0.08355912,0,0,0.4125093,0,0.07508971,0,0.1954777,0.6349573,0,0,0,0,0,0,0.09752777,0.6463202,0,0,0,0,0.007725173,0,0,0,0,0.3575579,0.02156845,0.1895692,0.2149062,0,0.1188024,0,0.2662851,0.541094,0,0.243131,0.03573755,0.6434271,0.01691715,0,0,0.5823343,0,0,0.3045692,0,0,0,0.2810358,0.2226397,0.04541205,0,0,0,0.6787922,0,0,0.05606769,0,0,0,0.2303261,0.4034806,0,0.8458284,0.3781219,0.08654661,0.07359274,0.5413604,0,0,0,0,0.549017,0.2146399,0,0,0,0,0,0.6533303,0.1982772,0,0,0,0,0.214976,0.5384803,0,0.5108942,0,0,0.5254987,0.02682829,0.6342728,0,0,0,0.1891833,0.5074038,0,0,0.2750552,0.2945998,0,0,0,0.04986332,0,0.5987329,0,0,0,0,0,0,0.3927549,0.1165758,0.416864,0,0,0,0,0,0,0,0.1649392,0,0.5169439,0.1410953,0,0,
0,0,0,0,0,0.06216249,0.04364064,0,0,0.07237996,0.1208719,0.05978419,0.2983557,0,0.4808497,0,0.2768078,0,0,0.02542011,0,0,0,0,0,0,0.01295783,0,0.07225782,0,0,0,0,0,0,0.002618429,0.717662,0,0,0.374929,0,0,0,0,0,0,0,0,0,0.003477971,0,0,0,0,0,0,0,0,0,0.04515772,0,0,0.004174198,0,0,0,0,0,0.2604103,0,0,0,0,0,0,0,0,0,0,0.2339406,0,0,0,0,0,0,0,0,0,1.011735,0,0,0.1121746,0,0,0,0,0,0.4369953,0,0,0.1724025,0,0.06424534,0,0,0,0,0,0,0,0.3794056,0,0,0.3314427,0,0.01108485,0,0.04721205,0,0.5447688,0.03898306,0.5838327,0,0.05000435,0.002688014,0,0,0.1505491,0,0.002228554,0,0.1366126,0.2479884,0,0,0,0,0,0.1019939,0.09887817,0,0,0,0.2606674,0,0,0,0,0.1627891,0,0.6082039,0.2293252,0,0,0.03395454,0,0,0.1797013,0.2311571,0,0,0,0,0.6258752,0,0,0,0,0,0.01685324,0,0.2514969,0,0.645498,0.3027679,0.1705675,0.204507,0,0,0,0.4712648,0,0.2836241,0.6531724,0,0,0.01410412,0,0,0.05060366,0,0,0.3222391,0.3091738,0,0.1288049,0,0.3925406,0.2043275,0,0.3451206,0.05885573,0,0,0.3892034,0,0.02726969,0,0,0,0,0.7728797,0,0.1730837,0,0,0,0.221429,0,0,0,0,0.1412562,0.2625349,0,0,0,0,0,0,0.0998334,0,0.1726702,0,0,0,0.2648058,0.2527267,0,0.3411793,0,0,0.297158,0,0.2248772,0.5687159,0.2187397,0.8196332,0,0,0.3567017,0.8549947,0.2620687,0.2125512,0.5839306,0.4922175,0.5536106,0.9232622,0.1190186,0,0.0554939,0.4188504,0.06703052,0,0.3980646,0.2827551,0.1208899,0.5294105,1.129856,0.5197509,0,0.6149043,0,0,0,0.5813776,0,0,0,0.4034198,0,0,0,0,0.1164944,0.4002357,0.5611588,0,0,0,0.09614268,0.03187275,0.01782063,0.09722427,0.4549926,0.2885874,0.1380335,0.1568763,0,2.635048,16.04523,0.4616778,15.73415,16.87517,17.38988,2.098701,0,0.07397915,0,0,0.5244337,0,0,0.2453764,0.05079596,0,0.04865088,0.1086391,0.5066813,0,0,0,0.3022494,0.330868,0.3393563,0,0.5488653,0,0.5194168,0.1992334,0.2939743,0.2554645,0.2876185,0.3129666,0,0.08503543,0.9429469,0.3922012,0.06295052,0.3024464,0,0.03484645,0.03665259,0.3213576,0.04490123,0,0,0,0,0,0.01006125,0.5291581,0.6980739,0.274421,0,0,0,0.5921961,0.09310013,0.4173058,0.06750078,0,0.3122754,0,0,0,0.3111105,0.2248306,0,0,0,0.4237922,0.7699535,0,0.04367827,0.1635879,0.1175806,0.1361231,0,0.6317313,0,0.3415416,0,0.2978171,0.7606407,0.1673177,0,0.6318462,0.5028169,0,0,0.2689479,0,0,0,0,0,0.2756077,0,0,0.1834426,0,0,0,0.6581659,0,0,0,0,0,0,0,0,0.01889897,0,0,0,0,0,0,0,0.3041081,0,0.04881861,0,0,0.007326962,0.06437059,0,0.1294683,0,0,0,0,0,0,1.060421,0.5340835,0.1162354,0.8851912,0,0.3218806,0.3679242,0,0,0.2426852,0,0.366075,0.2264262,0,0,0,0,0,0,0,0.226851,0,0,0.06723437,0.1641087,0.1560305,0.1071176,0.3518027,0.07433158,0,0,0.1309774,0.4029147,0,0,0,0,0.3127754,0.03035453,0,0.06085527,0,0,0,0.4588678,0,0,0,0.1775172,0.2765876,0.03328403,0,0,0,0,0,0,0.1805203,0,0.2462902,0.05241414,0,0,0.02981619,0,0,0,0.2945692,0,0,0,0.3173062,0,0.2112058,0.01795705,0,0,0,0.101832,0,0,0.5169435,0.2331593,0,0,0.1390509,0,0,0,0.2072944,0.2490093,0.06459452,0,0,0,0,0,0,0,0,0.2370319,0,0.232114,0,0,0,0.01116113,0,0,0.5364857,0.4486538,0,0,0.1559409,0,0.4407881,0,0.03881431,0,0,0,0.3312111,0,0,0.6109154,0,0,0,0.10461,0,0,0.05186756,0,
0,0,0,0,0,0,0,0,0,0.01376218,0,0.6889493,0,0.4656234,0,0,0,0.5478992,0,0.00739406,0,0.1496874,0,0,0,0,0.07113073,0.4468656,0,0,0,0,0,0,0,0,0,0.07442759,0,0,0,0,0,0,0,0,0,0,0,0.02011721,0.3240242,0,0.2403473,0,0,0.08770776,0.08509136,0,0.4283499,0,0,0,0,0,0,0,0,0.5349239,0.1828091,0.004378328,0,0.5344033,0,0.1421982,0.1289471,0.3694726,0,0,0.5222864,0,0.1783395,0.2153362,0.3350548,0,0,0.05478703,0,0.4750838,0.07274938,0.2326089,0.3740686,0.2063685,0,0,0.2391528,0,0.01279696,0,0.1976328,0.1558817,0.3528187,0.1652448,0,0,0.02282732,0,0,0.007889616,0,0,0.6436411,0.4150152,0,0,0,0,0,0,0,0,0,0,0,0,0,0,0,0.0103554,0,0,0.3535585,0.2853952,0,0.6925602,0,0.6051154,0,0,0,0,0,0.3408943,0,0.0599077,0.2286355,0,0.2938734,0.3738783,0.1593077,0,0.05790184,0.0436552,0,0.1496514,0.243954,0,0,0.2176812,0,0.03758618,0.9234814,0.1507101,0.1945497,0.2097565,0,0,0,0,0.1057986,0,0.4241712,0.02286819,0,0.08236052,0,0,0.07345348,0,0.02285124,0.2465475,0.5089913,0,0,0.1089596,0.4526863,0.03577476,0,0,0.6696885,0.7082297,0,0,0.1822221,0,0,0.02197152,0,0.1691294,0,0,0,0,0,0.4271202,0,0,0.2993323,0.2749823,0.768196,0,0,0,0,0.2327041,0.2322478,0,0.02206513,0,0,0,0.3410142,0,0.05155056,0,0,0.1681356,0,0.1429009,0.3887557,0,0.4094,0.5692947,0,0.2000746,0,0,0,0,0.2706652,0,0,0,0,0.02088399,0,0,0.1394652,0,0.5269367,0,0.5628932,0.2734411,0.6086863,0.1791737,0,0.7013112,0.9765629,0.7609716,0.05530386,0,0.06487867,0.2044125,0.3663239,0,0,0.007692785,0,0.346974,0.6129245,0.1216461,0.1863426,0,0.1734717,0.04193265,0.5181511,0,0.2939553,0.02039419,0,0.04056525,0.2472622,0.6143515,0,0.03647884,0.06954373,0,0,0.189555,0,0.6040311,0,0.1557903,0.4618627,0.4719041,0.06173435,0.3136194,0,0.3414248,0,0.4390297,1.225021,15.83248,14.62342,16.29432,11.62722,17.37612,18.08159,2.868587,0.1117529,0.275691,0,0.6205316,0,0.7416065,0.3626055,0.02672755,0.5775109,0,0.1149569,0.2421023,0.07325719,0,0.9806123,0,0,0,0,0,0,0,0.3774736,0.4177094,0.658722,0,0.7291722,0,0.08382596,0.4308555,0.1643679,0.01947112,0.289452,0,0.4250998,0.4731861,0.295152,0.2323027,0,0.9074429,0,0.7688044,0,0.5625371,0.0533465,0.3753942,0,0,0.2427128,0,0.1562327,0.3591724,0,0.4808307,0.3067163,0,0.7225755,0,0.3934584,0,0,0,0.2763908,0,0,0.2799556,0.5714952,0.3738996,0.4051384,0,0,0,0,0,0,0,0.318203,0,0,0,0,0.5173452,0,0.1289126,0,0,0,0.5267157,0.4073093,0,1.047864,0.0549174,0.5505994,0.1504495,0.3693391,0,0.03056923,0,0.4875708,0,0.1812638,0,0.06766688,0.1485771,0.4057598,0,0,0,0.2055286,0,0,0,0,0,0,0,0,0,0,0,0,0,0.09535966,0.2366141,0,0,0,0.1834493,0,0.1768132,0,0,0,0.036938,0.08582249,0,0,0.3341663,0,0,0,0.1953122,0.3832959,0,0,0.4255102,0.474853,0,0,0,0,0.04116916,0,0.3964613,0,0.1226553,0,0,0.02550268,0,0,0,0.154967,0,0.8573278,0.07657212,0.7680477,0,0,0.324683,0.3477018,0,0,0,0.7164634,0,0,0.5172037,0.7629555,0,0.1583008,0.0855206,0.03432667,0.8448748,0.6764241,0,0,0.09478378,0.01280106,0.1476799,0,0.1409804,0,0,0,0.2727327,0,0,0,0.00658508,0,0,0,0.2151312,0,0,0,0,0,0,0.06651878,0,0.3715002,0.2862246,0,0.01712628,0.03025927,0.1680209,0,0.5341495,0,0.03138282,0,0,0,0,0,0.2586575,0,0,0,0.259459,0,0,0.3245187,0.02079767,0.2183554,0,0,0,0.1450667,0.4362469,0,0,0.4486058,0,0,0.4794393,0,0.1477818,0,0.3447074,0,0,0,0.04462985,0.07764883,0.09065223,0.00780146,0.2586845,0.1129115,0,
0.58653,0,0,0,0.08623894,0,0,0.5437735,0.1653482,0.0347798,0,0.141111,0.02723078,0,0,0.1203716,0,0.2468968,0,0,0,0.08264832,0.08029249,0,0,0,0.02262078,0,0,0,0,0,0,0,0,0,0,0.3619336,0.2442874,0.02659334,0.1277711,1.036952,0,0,0.6035778,0.3929978,0,0,0.4289201,0.4539326,0,0,1.027272,0,0.1718907,0.2019634,0,0,0.3189179,0.3534407,0,0.2016709,0,0,0,0,0.4380773,0,0,0,0,0,0,0,0,0,0,0.08501998,0,0,0,0,0.1368249,0,0,0,0.09828977,0,0,0.1370524,0,0,0,0.08265058,0.03800248,0,0.421334,0,0,0,0.1229351,0,0.5446382,0.4429137,0,0,0,0,0,0,0.676521,0,0.2477254,0,0,0.4786583,0.0529869,0,0,0.166898,0,0,0,0.008184911,0,0,0.09375697,0,0,0,0,0,0,0,0,0,0,0,0,0,0,0.3313171,0.7847525,0.1870466,0,0,0,0.4068592,0.06432974,0,0,0.125466,0.08852533,0,0.002701262,0.09667334,0.07902143,0,0.2472631,0,0,0.8658249,0.5894021,0,0.06527204,0.05273165,0,0.1903752,0.04867839,0,0.208737,0,0,0.2351065,0,0.5815592,0.6326129,0,0.291596,0,1.010792,0,0.450264,0.007192051,0.7583206,0.1073911,0,0,0,0,0,0,0,0,0.04047683,0.2286165,0,0,0,0,0,0,0,0.003647365,0.0223427,0,0,0,0.03041559,0,0,0.3487073,0,0.115107,0,0,0.386711,0,0,0.213044,0,0,0,0.1592592,0.2271043,0,0,0,0,0,0,0.0347617,0,0.2744043,0.201046,0,0,0,0.3410503,0,0.533334,0,0.2424572,0,0,0.1020205,0,0,0.2583557,0,0.3254613,0,0.1735899,0.3116682,0,0.2164061,0.1308569,0.8366213,0.2572056,0,0.5463582,0,0,0,0.01099657,0.2777756,0,0,0,0,0,0.4330283,0.09163604,0.5081465,0,0.2591839,0,0.3182715,0.8056118,0,0.01698845,0,0.3170064,0.7201682,0.2843271,0,0.597705,0,0.372465,0,0.878062,0,0.198252,0.3543714,0.06624491,0,0,0,0.09611952,0.3810532,0.003724263,0.8537458,7.67958,7.632054,0.2600491,1.600218,6.972919,14.4049,2.435094,0.5068038,0,0.540908,0.05216544,0.2004444,0.3432077,0,0,0.5586124,0,0.1430983,0,0.3721355,0.3688001,0,0.2276371,0,0.5376657,0.4685279,0.605362,0,0.2673935,0.3057921,0,0.191047,0.439156,0,0,0.3566474,0,0.2233869,0,0.07601323,0,0,0.3823312,0.4258188,0,0,0.2196352,0.1255106,0.4854592,0.09517306,0.4301325,0,0,0,0.4494169,0.3929797,0,0,0,0.6596999,0,0.1866856,0,0.6181441,0.6605169,0,0.05733865,0.3095324,0.352645,0.2018724,0.5491552,0.4399209,0,0,0.02913478,0.1288388,0,0,0.3263153,0.231566,0,0.1923657,0,0,0.5827847,0,0.06310903,0.7746769,0.504006,0.1105524,0.1307136,0,0,0.2367994,0.4099055,0,0,0.2532129,0.20088,0,0.111359,0.1109826,0.1004618,0.444323,0.1652766,0,0.2740515,0,0,0.1878947,0.1062102,0,0,0.5343001,0,0,0,0.6593123,0.07109207,0.3788695,0,0.352603,0.3365468,0,0.5888197,0,0,0,0.008352223,0.3951631,0.4988395,0.4563339,0.2563287,0.1175971,0.1044297,0,0,0,0.2475464,0.4717104,0.05204999,0,0,0,0,0.2729359,0,0.2036158,0,0,0,0.1817081,0,0,0,0.1476689,0.5629698,0,0.2827694,0,0.1825733,0.0026745,0,0,0.06087317,0.4226211,0.1026092,0,0,0,0.1350994,0,0,0.2879656,0,0.5965843,0,0,0,0,0.2191066,0.7152332,0,0,0.5065466,0.05935182,0.7344236,0.7620766,0,0,0.2209101,0,0,0,0,0,0,0,0.4862843,0.08031235,0.5652279,0.4622041,0.5347407,0.04344743,0,0,0,0,0,0.0196493,0.05420689,0,0,0.2344185,0.8697023,0.1806103,0,0,0,0,0.155799,0,0,0.1801521,0.5627779,0.05748072,0,0,0.04019295,0,0,0.2526622,0,0.3912275,0.5383509,0.09470232,0,0,0.4382654,0.1487214,0.3226766,0,0,0.3213173,0.1340865,0,0,0.1319674,0.1512827,0,0,0,0.2746791,0,0,0,0.07097817,0,0,0,0.07583398,0.4825532,0,0,0,0.4652885,0,0,
0,0,0,0.1324707,0,0,0,0.3458929,0.1961097,0.05485911,0,0.1506659,0,0,0,0.2668377,0.1632709,0,0.1759909,0.08550378,0,0.1368527,0.01395398,0,0.1695272,0,0.785602,0,0,0.117731,0,0,0.07297666,0,0,0.7065043,0,0,0,0.1018975,0,0.2323068,0.1514925,0.1758421,0,0.2036873,0,0,0,0.1521329,0.4106363,0,0,0,0,1.030566,0,0,0,0.9251283,0.2915096,0,0,0,0,0.2727625,0,0,0,0,0,0,0,0.6099954,0,0.06007317,0,0,0,0,0.1155702,0.1274193,0.07184723,0,0,0,0,0.8039706,0,0,0,0.2014385,0,0,0.01193965,0.1439918,0,0,0.009612365,0,0.2044345,0,0,0.1810628,0,0,0,0,0,0.1559583,0,0,0,0,0,0,0.4567974,0,0,0.7645304,0.03377008,0,0,0.13479,0,0.3222532,0,0.4581734,0.5127182,0,0,0.2806233,0,0,0.3370419,0,0,0.1070158,0.152505,0.5258956,0,0.03642523,0.04406312,0,0,0.3696505,0,0.3137244,0,0,0.05827824,0,0,0,0.005480863,0,0,0.2284688,0.2845821,0,0,0,0.2887907,0,0.2002219,0,0,0,0,0,0,0,0.08233591,0,0.1866127,0,0,0,0.01853411,0.4522414,0,0.163848,0,0.2705474,0.3710223,0,0,0,0,0,0.2300745,0,0.2312595,0.2794876,0,0,0,0.04087511,1.061519,0,0,0.1533852,0.7400858,0,0,0.3276686,0,0.1769903,0.1246953,0,0,0,0.1610496,0,0,0.1355552,0,0,0.2627191,0.4907341,0.1832046,0,0.2137806,0.3101682,0,0,0.1914856,0,0.6690768,0,0,0.04652663,0,0,0,0.4923204,0,0.3384261,0,0,0.2646728,0.1791026,0.1866656,0.5780302,0,0,0,0,0.3888026,0,0.09544034,0.3935049,0,0,0.1135155,0,0,0,0.9479257,0.07510979,0.2517856,0,0,0.05819647,0.3360042,0.2869976,0.803638,0.1566794,0.6539299,0,0,0.4570363,0.4584582,0,0,0,0.3790015,0.6254275,0.1889705,0,0.2432902,0,0.1593979,0.9964625,0.2236955,0.2975857,0.6160076,0.1821086,0,0.1120911,0,0,0.6183543,0.1739361,0.5338036,0,0.3956355,0.04267045,0.2074795,0,0,0.8645282,8.100231,15.07059,0.1839632,0,0.3145818,0.3424108,2.38674,0.5964862,0.5685009,0.2282047,0,0.2177794,0,0.3434123,0.2874093,0.0458676,0,0.09403656,0.5704203,0.3761084,0.5375057,0,0,0.3063905,0.3818115,0,0.06283853,0.3313867,0.6352282,0.2583779,0,0.2808436,0.07524859,0.1439396,0.3896918,0.1052101,0.6524619,0,0,0.9097301,0,0.1744,0.5637513,0,0.06629522,0,0.2044813,0.3249397,0.1665064,0.4915724,0.4274092,0,0.1582938,0,0,0,0.04771663,0.3903462,0.6360174,0.003186201,0.1295907,0.4110038,0,0.5253478,0.7111682,0,0,0,0.3634737,0.6636974,0.4376304,0,0,0.6884175,0,0.2875443,0,0.3130241,0.236915,0.2263625,0.6275576,0.1043899,0,0,0,0,0,0,0,0.06597769,0.08714533,0.3053473,0,0.5411717,0.0178547,0,0,0.1136736,0.5788366,0,0,0,0.4503073,0.122577,0.4937465,0,0,0.06987704,0,0,0,0,0.4306335,0.9141644,0,0,0,0.2218514,0.3207097,0,0,0.6986843,0,0,0,0.4151555,0.0157852,0.05825784,0.2594587,0,0.1717762,0,0.171251,0,0,0.07298172,0,0,0.219879,0.7883833,0.1600775,0.2332069,0.1645783,0,0,0,0.1151225,0.2862092,0,0,0,0.2908314,0,0,0.5129255,0,0,0.08838463,0.5974464,0.009768424,0,0.822503,0.7919369,0.3149695,0.3103923,0.003020953,0,0,0,0.4553492,0,0,0.6383565,0.03574649,0,0.3471882,0,0,0.5633892,0.1436174,0,0,0,0.05733941,0.336242,0,0,0.2406744,0.3507214,0,0,0.6245115,0.3442339,0.1468666,0.2443555,0.219997,0.451715,0,0,0.1826802,0,0.5774503,0,0,0,0,0.2904523,0.2678963,0,0,0.05243067,0,0,0.04583392,0,0,0.2972546,0,0,0,0,0.7018303,0,0,0.3596108,0,0.3168696,0.2197199,0,0,0,0,0.702395,0.3320082,0,0,0.1077627,0.01337927,0.1578749,0,0,0,0.1454384,0.3934353,0,0,0,0,0,0,0,0,0,0,0,0.1846308,0,0,0,0,0.3981037,0,0,0,0,0.4466907,0,0,
0,0.2739877,0,0.02273542,0.09810288,0.354326,0,0,0,0,0,0,0.3256899,0,0,0,0.6632631,0.3653504,0,0,0,0,0,0,0.01211786,0.4839807,0.1879735,0,0.0789305,0.262861,0,0,0.3051046,0,0.1264373,0,0.08046374,0,0,0,0,0.4536739,0,0,0,0,0,0,0,0.02426468,0.5627427,0.5869886,0,0,0.134353,0.2560406,0.520653,0,0,0.1303176,0,0.06696995,0.2845556,0,0,0.7161565,0.1336554,0,0,0,0,0.3029573,0,0,0.07724112,0,0,0,0.0002792988,0.397396,0.1025431,0,0,0.04184673,0,0.03533902,0,0,0,0.5540082,0,0,0.07260052,0.03174048,0,0,0,0.1561159,0,0,0.360977,0.03316974,0.1731003,0,0,0.273621,0,0.919055,0,0,0.5892172,0,0,0,0,0,0,0,0,0.0118646,0,0,0,0.3961828,0,0,0,0,0.3362194,0.336055,0,0,0,0.03928425,0,0,0,0.3027267,0.1015627,0,0,0,0,0.2124277,0.06815495,0,0.03468913,0.4967334,0.06567006,0.01421457,0,0,0,0,0,0.4536631,0,0,0,0,0,0.1985939,0.3106236,0,0,0.1539764,0.0294324,0,0.2878657,0,0,0.0005882384,0.3892437,0.06230936,0,0.8820488,0,0,0,0.03547208,0,0,0.1383208,0.2156018,0,0.4479811,0.2327925,0,0,0.2053438,0.0093647,0.03394518,0.1457692,0,0,0.8496032,0,0,0,0.009505828,0.4630453,0,0,0,0,0,0,0,0.4391228,0,0,0.1353922,0.2687274,0,0,0.3321318,0,0.3260236,0.00471943,0.0415249,0,0,0,0.1786716,0,0.5253491,0,0.03367307,0,0,0,0,0,0.1582189,0,0,0,0,0.3885966,0.3569116,0.4875839,0.2181872,0.3738998,0,0.3887394,0,0.04548647,0,0.01459761,0.3012304,0.1130441,0.3451137,0.2719735,0.1947076,0,0,0.4526242,0.00304552,0.5165719,0,0.1171682,0.2282,0.1117011,0.02666707,0.4779604,0.2419613,0,0,0.3185643,0,0,0.07808825,0.3263109,0,0.2864407,0,0,0,0.4421169,0.2610111,0,0,0.2459015,0,0.1527073,0,0.02653753,0.05512119,0.2146222,0,0.2568964,0.1664868,0.3309294,0,0.817057,0.6767859,0,0.1375934,0.2458401,0,0.3101965,0.4859441,10.95104,11.08605,2.65149,0.1674994,0,0.3409205,0,0.5618107,0,0,0,0.02100347,0.5165783,0.6633614,0,0.516617,0.3757668,0,0.003280727,0.4182001,0.7249235,0.2613911,0.003177523,0.1898879,0.4037268,0.3889733,0,0.3720784,0.174583,0,0.5890608,1.227556,0.2119695,0.04656192,0.07078351,0,0,0,0,0,0.1310448,0.3617219,0.6513269,0,0,0.5300731,0,0,0.1443359,0,0.07766937,0.28378,0,0.6707301,0,0.194009,0,0,0,0,0.1291542,0.4759588,0,0,0.1965134,0.2123885,0.6136773,0.280884,0.4647735,0.3325966,0,0.4362499,0.003887758,0.2052156,0,0,0,0.3841667,0.2282352,0,0.6294159,0.4807227,0.3679512,0,0,0.3491126,0.3475968,0,0.1027222,0,0.348645,0,0,0,0.2921966,0.4014417,0.09149503,0,0,0.2680463,0,0.1301353,0,0,0.03159482,0.3477809,0,0,0.6963111,0,0.6949237,0.1680218,0,0,0,0.2172252,0.03158181,0.0363178,0,0,0,0,0,0,0.1764145,0.1171277,0,0,0,0.1391516,0,0.1547379,0,0,0,0.4858902,0.1182933,0.5774776,0,0.1329372,0,0.5550954,0,0,0,0,0.1109489,0,0,0.6795575,0,0.4772564,0.5894147,0,0.1869158,0,0.1376594,0,0.03777692,0,0.2066597,0,0,0,0,0,0.4008825,0,0.3396456,0,0.2128903,0,0,0,0.05585101,0,0,0.51184,0,0,0,0.4713124,0.1016152,0,0,1.069073,0.243709,0,0,0,0,0,0,0.6592796,0,0,0,0,0.456378,0.1036889,0,0,0,0.05548588,0.07911082,0.2598817,0,0,0.4586354,0.08199695,0,0,0,0,0.06283198,0,0.3488005,0,0,0,0.1070862,0,0,0,0,0.05709493,0,0,0,0,0,0,0,0,0.1477872,0.07669281,0,0,0.06111105,0.19612,0,0.4187931,0.2679677,0,0,0,0,0,0.04752347,0,0.5347165,0,0,0.4479192,0.4780338,0,0.2517551,0,0,0,0.4150381,0.1792433,0,0,0,0,0.2429142,0,
0.5686814,0,0.1957462,0,0,0,0,0,0,0.3006033,0.07640968,0,0,0.1400126,0,0.4800368,0,0.1364039,0.634407,0,0,0,0,0.1318512,0,0,0,0,0.03344956,0,0,0,0,0.2592698,0,0,0,0,0,0,0,0,0.1668377,0.02231474,0,0,0,0.4114927,0.365644,0,0.7306417,0,0,0,0,0,0,0.668503,0.04352451,0,0.1257668,0.01724701,0,0,0,0.1165411,0,0,0,0,0,0,0,0.2178956,0,0.07170693,0,0,0,0.017755,0.129087,0.2657105,0,0.03883886,0,0,0.210511,0.08767158,0,0,0.3523304,0,0.4923377,0.1726242,0,0.2613662,0,0.2626614,0,0.3095731,0,0,0,0.0511211,0.3569105,0.07926597,0.07431285,1.043429,0,0,0,0,0,0,0,0.08983233,0,0.4881761,0.005861542,0,0.3532102,0,0.2271781,0,0,0,0.2094982,0,0,0,0.07505909,0.0138031,0.05408673,0,0.09310813,0.02524327,0,0,0,0.07388115,0.06937379,0.09596948,0.262047,0.1358796,0,0,0,0,0,0.09755103,0,0.6187176,0,0,0,0,0,0.2850283,0,0,0.3412708,0,0,0.2294289,0.1282361,0,0,0,0,0,0.034683,0,0,0.164474,0.336753,0.03407439,0.0186917,0.02989148,0,0.06218278,0,0,0,0,0.1853688,0.1986693,0.5905674,0,0,0.3048887,0,0.3549752,0,0.1380921,0.3617337,0,0,0,0.4496578,0,0.02429081,0.2827568,0.4204572,0,0,0.5770627,0,0,0,0,0,0,0,0.2475203,0.2492742,0.4979109,0,0,0.4438234,0,0.255435,0,0.2036831,0.413652,0,0,0,0.02520593,0,0,0.3263654,0.4232416,0,0,0,0,0,0.3344533,0,0.3240546,0.1894858,0,0.4568136,0.30459,0.2417803,0,0.1955478,0.1432641,0.438229,0,0,0,0,0,0.2105626,0,0.3388631,0.1264615,0,0.5219286,0,0,0.1710197,0.123263,0.01388579,0.0680661,0.4204319,0.5039383,0,0.4710205,0.03904154,0,0.5490081,0.07142328,0.0005685404,0,0,0.009944232,0.2709084,0.2783801,0.4220444,0,0.1789256,0.3230747,0.3038119,0,0.4355944,0,0.7428743,0.7282322,0,0,1.291169,0.5080252,0,0,0.4267462,0.5711133,0.4898255,0.07265419,0,0,7.903795,1.109471,2.91403,0.8474939,0.8791268,0.3481219,0,0.5650264,0.2460646,0.06353274,0.1208061,0.3433302,0.127928,0.5533785,0.9213991,0.3040988,0,0,0.06663425,0,1.024349,0.3050174,0,0,0.5071696,0.7555274,0.1219848,0,0.4682051,0.2482663,0,0.1798115,0.2859971,0,0.04991792,0.7388627,0,0,0,0.5083828,0.3311774,0,0.1998701,0,0,0.5572411,0.5390576,0.05122451,0.1229557,0.2460761,0,0.5710143,0,0,0.7344272,0.3008912,0.6870174,0,0,0,0,0.3263149,0,0.2293793,0,0,0,0,0.3901454,0.3700217,0.5356466,0,0,0,0.2217912,0,0.04093613,0,0.6578983,0.6074796,0,0.6078636,0.3236594,0,0,0.08494451,0,0,0.5923929,0,0,0,0.5151973,0.2581193,0.2419353,0,0.4720266,0,0.01217707,0.03268811,0.1604531,0,0,0.3279511,0.04478028,0.6160641,0.4406934,0,0,0.3648758,0,0,0,0,0,0.07367274,0.08174969,0.1768296,0,0.9850038,0,0.1674408,0,0.02510465,0,0.4556048,0.0888809,0,0.02658894,0,0.3526385,0.09060668,0,0,0,0.2390504,0.7087324,0,0,0.143971,0.3241318,0,0,0,0,0.5782036,0,0,0,0,0.0331043,0.1119517,0,0,0.4481746,0,0.03279248,0,0.02508523,0,0,0,0,0,0,0,0,0,0,0,0.1536174,0,0.230213,0,0.1801754,0,0.1122035,0,0.4637214,0.2178566,0.1494704,0,0,0,0,0,0.3224272,0.4284256,0.1611143,0,0.6280553,0.04990527,0.2747103,0.1024578,0.07713918,0,0.3427892,0,0,0,0,0.07962658,0,0,0,0,0.05435356,0.1381522,0.6591786,0.3983263,0,0,0,0,0,0.1089003,0.07517345,0,0,0.1641946,0,0,0.9540234,0,0.1658071,0,0,0.5700646,0,0.009164074,0.0345124,0,0,0.2262943,0,0,0,0,0,0,0,0,0,0.1416263,0,0,0,0,0,0,0,0.06113998,0.1419687,0,0.03798744,1.28887,0.5779243,0.1726453,0,0,0,0,0.09634785,0,0.357386,0,0,0,
0,0.3646011,0,0,0,0.2141105,0,0,0,0.06682117,0,0,0,0,0,0.05169855,0.03058608,0.1066093,0.02214248,0,0.5036797,0,0,0,0.0389632,0,0,0,0,0,0.1700949,0,0,0.1838445,0.2390717,0.529726,0.05060147,0.1107622,0.06150486,0,0,0.1194299,0.08053094,0.489043,0,0,0,0,0,0,0,0.1032135,0.1983985,0.3431626,0.4856557,0,0.2852726,0,0,0.5487713,0,0,0,0,0,0.3684768,0.003280945,0,0,0.02890155,0,0.2303884,0.2821533,0.3100421,0.4276875,0,0,0,0,0,0,0,0,0,0,0,0,0.2730114,0,0,0,0,0,0,0,0,0,0,0.7418284,0.1548448,0,0,0.1240881,0,0,0,0.1823577,0,0,0,0,0.0866638,0,0,0,0.03912803,0,0,0,0,0,0.5406706,0,0.2453765,0,0.2610314,0,0.2734855,0.168725,0,0.07537547,0,0,0,0.002275907,0.04099518,0.3955329,0.009726834,0.3341888,0,0,0.03748372,0,0.0976276,0,0.2582249,0.5142721,0,0.1191587,0,0.02177465,0,0.2247685,0,0,0,0,0.01609785,0,0.01492009,0,0.1563194,0.6673039,0,0,0,0.04916415,0,0,0,0.6582176,0,0.1655979,0,0.04847926,0,0,0,0,0.2425792,0,0.4695156,0.224446,0.1738524,0,0.02543709,0,0.335882,0.09592462,0.3336575,0,0,0,0,0,0.2310041,0.4243438,0,0,0,0,0.04482394,0,0,0,0,0.02658083,0,0.3605306,0,0.0433143,0,0,0,0,0,0,0,0.03232221,0,0,0,0,0.08594476,0,0,0,0.03346558,0,0.116987,0,0,0,0,0.02067553,0,0.5350142,0,0,0.1233191,0,0,0,0,0.2424312,0,0.7143709,0,0.4038227,0,0.3471641,0,0,0,0.1798055,0.5939627,0.6504853,0.04522941,0,0.7458656,0.5114833,0.2586026,0.9091351,0,0,0,0.1529471,0.02301723,0.3292492,0.3588491,0,0,0.2136894,0.5819437,0,0,0.5331389,0.2785693,0.940222,0,0.2736858,0.3948422,0.04714555,0.06827051,0.2924898,0,0,0,0.07125362,0,0.1638799,0.1162073,0.1176402,0.3417182,0.0520264,0.4813088,0.4370199,0,0,0.3116416,0.1086458,0.4773097,4.374204,3.747994,0.2877488,0.2256351,1.588142,0.844769,0.2063947,0.1011377,0,0.2993798,0.7450786,0,0.01001096,0.08814126,0,0,0,0.2531229,0,0,0.1659495,0.09616291,0.6766342,0.08112697,0.1600468,0.9543585,0.3262967,0,0,0.5074077,0.271758,0,0,0.2390383,0.09356798,0.1076372,0.07211378,0,0.3789265,0.2124173,0,0,0.02041249,0.3659051,0.1897487,0.07750745,0.2995346,0.183494,0.4734984,0,0,0.1963315,0.09578662,0,0.03043759,0.09146523,0.7594413,0,0,0.1843346,0.3597344,0.285918,0,0,0.030069,0,0,0.3499574,0,0.2356914,0,0,0,0.2827654,0.2561786,0,0.3024581,0,0.3305422,0,0,0.0297912,0.2729995,0.1128309,0.2204824,0,0.06207597,0.1880857,0,0.2418489,0,0.5962087,0,0.06266581,0.3395382,0,0.3318692,0,0,0,0,0,0,0.8949611,0,0,0,0.484576,0.1194585,0,0.2830341,0,0.06386264,0,0.3710663,0,0,0.2086516,0,0,0,0,0,0,0.4789182,0.756247,0.3226107,0.168443,0,0.607852,0,0.1986468,0,0,0,0.4398209,0,0.4145146,0,0,0.616477,0,0,0.67057,0.4237401,0.03961486,0,0,0.2247428,0,0.2493255,0.9493164,0,0,0,0,0,0.3166341,0,0,0,0.3886386,0,0,0,0,0.02675528,0.1453476,0,0.4019542,0.7280736,0.4564791,0,0.3615419,0.2665536,0.05819527,0.1226261,0,0,0,0.1072075,0.4643763,0,0,0.5740754,0.6699823,0,0,0.1350713,0,0.614158,0,0.5930495,0.3353108,0.0277134,0.2329013,0,0,0,0,0.174735,0.6764315,0,0,0.142378,0,0.1250299,0,0,0.1457911,0.1839625,0.4118086,0.06370261,0.2614633,0,0,0,0.1272822,0.1674219,0.6695331,0,0,0,0,0,0,0,0.4310238,0,0,0,0.01793708,0,0,0,0,0,0,0.02727909,0.007187787,0.03550752,0.7719631,0,0.3384993,0,0.1147893,0,0.1854426,0,0.2422515,0,0,0,0,0,0,0.6770085,0,0,0,0.03448655,0,0,0.2705472,0,0.5262779,0,0,
0.3698387,0,0.008902775,0,0,0,0,0,0,0,0.2421139,0,0.05527424,0.08435417,0.4881234,0,0,0,0,0,0,0.009162158,0,0,0,0.2796617,0,0,0,0,0.3474758,0,0,0,0,0.3106813,0,0,0,0,0,0.0228749,0,0,0.1755868,0,0,0,0,0,0,0,0.09793188,0,0,0,0,0,0,0,0,0.006748208,0.04396327,0,0,0.2689368,0,0,0,0.3599835,0,0.1380772,0,0.4058618,0,0.6457387,0.04961224,0,0.281773,0.03353116,0.574337,0,0,0.1772456,0,0,0,0.3433641,0,0,0,0,0,0,0,0,0.1433477,0,0.5409651,0.4062587,0,0.1274386,0.3989239,0.5400017,0,0.3398412,0,0.4911683,0,0,0,0.09924143,0,0,0,0,0.5426345,0,0,0.003976248,0.03840892,0,0.04753825,0,0,0,0.563519,0.9088573,0,0,0,0.1595816,0,0,0,0,0,0.5457918,0,0,0.0489926,0.120942,0,0.211882,0,0,0.2017473,0.002845228,0,0.01501443,0,0,0.3550133,0.02597076,0.2251653,0.4379368,0,0,0,0,0.140294,0,0,0,0,0.21912,0,0,0.05703744,0,0.5244767,0.1801325,0,0,0.1053743,0,0,0,0.7409999,0.1262643,0,0.1039081,0,0,0,0.334863,0.5484867,0.4874685,0,0,0,0.1457419,0,0.1276251,0,0.5484598,0,0,0.2930128,0.2026559,0,0,0,0.1422787,0,0,0,0,0,0,0,0,0,0,0,0.1167627,0.3216606,0,0,0.2060615,0.574353,0.08020043,0.514895,0,0,0,0,0.1001941,0.1142228,0,0.1969158,0,0.1333505,0.4886501,0.2352959,0.01003097,0.3285304,0.4867303,0,0,0,0.4895755,0,0.1019231,0.2755423,0.04775843,0,0.9625193,0.1751155,0.1767724,0,0,0,0.2071941,0.3484191,0.2249345,0.362184,0,0.5138252,0.09887785,1.379689,0.494838,0.08560606,0,0.208532,0.7522126,0,0,0,0,0.1414386,0.6716664,0.6441593,0.01140061,0.0998092,0,0,0.2079925,0.5805171,0.1350289,0,0,0,0.3953998,0.6069023,0,0.2059125,0,0,0.8661967,0,0.203662,0.4938764,0,0,0,0.3678193,0.4168372,0.4414538,0.2077545,0.4608355,0.04902932,0.5286467,0.209332,0.8268895,0.3494762,0.05502708,0,0.4401262,0.005069473,0.1875657,0,0,0.08256914,0,0,0.1229301,0.1453099,0.2326525,0,0,0.2288245,0.4698009,0.6222749,0.01636526,0.01072993,0.6189353,0.4050373,0.6587785,0.1316684,0,0.6845691,0.1283514,0.2227717,0.5568613,0.07663235,0.4098001,0,0,0.06542218,0.1162879,0,0.291925,0,0.3947646,0,0.5099049,0.2015256,0.4001121,0.1987717,0,0,0.3901379,0.1610543,0,0.1198951,0.1772933,0.6376418,0.2476598,0.007227767,0,0.2964613,0,0.2229719,0.2919836,0.01359939,0,0.1234242,0.1074248,0,0.09308892,0.1007125,0,0,0.05543851,0.246691,0,0.2602028,0.342984,0.6120986,0,0,0.1620826,0,0.1189682,0.3328749,0,0,0,0.06317724,0.4755282,0,0.09219302,0.5724916,0.4612284,0.2955257,0.5250153,0.271809,0,0,0.2386407,0.376693,0.1181246,0.3133327,0.02708457,0,0.4505416,0.4530216,0.6604205,0.600821,0.2965247,0,0.009953944,0.211283,0.4994594,0,0,0,0,0,0.2627535,0.2293538,0.03481507,0.248069,0,0,0,0,0,0,0,0,1.049505,0.3824963,0.09754126,0.3999428,0,0.8762052,0.1509284,0,0.3843985,0.417796,0.03635491,0.4371415,0,0,0,0,0,0.03933912,0,0.2401377,0.08986292,0,0,0.01634714,0,0.2498403,0.1079479,0.423493,0.4834978,0.4060844,0,0,0,0,0,0.04725853,0,0.04482532,0,0,0,0.06299888,0.1739845,0.3091803,0.359159,0,0,0.2020312,0.09180885,0.1746217,0,0,0,0,0.2002518,0.02497282,0,0,0.4753096,0,0.2035745,0,0,0.5077479,0.2270525,0.3745441,0,0.1428151,0,0,0.1101387,0.3113799,0,0.09048653,0,0.06191792,0,0,0.7225924,0,0,0.358549,0,0,0.3821303,0,0.7342961,0,0.61905,0,0,0,0.2349588,0.2492328,0,0,0.3267048,0.1892095,0,0,0,0,0.02555159,0,0,0,0.2261671,0,0,0,0,0,0,0,0.4313681,0,0,0,0.1083796,0.3433297,0,0.09131826,0.4029641,0,0.1762694,0.03659239,0,0,0,0.1457231,0,0,0.6462167,0,0.5262599,0.4506854,0,0.3065729,
0,0.01358116,0,0,0.00194487,0,0.1891848,0,0.3049448,0.3392723,0.6753661,0.01453982,0.56165,0,0,0.4411003,0,0,0,0,0.1826804,0.04690034,0,0,0.007723492,0,0,0,0.3570001,0,0,0,0,0,0,0,0,1.21313,0.3370064,0,0,0,0.1861962,0,0,0.182056,0,0,0.3766766,0,0,0,0,0,0,0,0,0.529523,0,0,0,0,0.1029842,0,0.4940941,1.300558,0.4916928,0.1706294,0,0,0,0,0,0.06539191,0,0,0,0.4583355,0,0,0,0,0.06394862,0.2721151,0.4911012,0.04831348,0,0,0.05038583,0,0,0,0,0.344189,0.08615321,0,0.1655905,0,0,0,0.1407429,0,0,0,0,0.1067642,0,0,0,0,0.3840778,0,0,0,0.3239817,0.03611846,0.02467673,0,0,0,0,0.2419083,0,0.7886034,0.3426631,0.1083807,0,0,0,0,0,0,0.09257226,0,0,0,0.1132656,0.04592169,0.2999264,0.1566941,0,0,0,0.02732735,0.186021,0.04066517,0.1174316,0.6309516,0.1159915,0.04124438,0,0,0,0,0,0.07526035,0,0.2130369,0.007133104,0.4914783,0,0,0,0.217642,0,0,0.6666575,0,0,0,0,0.3090489,0.1336484,0,0,0.1500261,0,0.4213037,0,0,0,0,0,0,0,0.3893891,0,0,0,0,0,0.1861539,0.2020675,0,0.7755687,0,0.03328264,0.3708762,0,0.2821634,0,0,0.2030207,0,0.2861237,0,0.06794047,0.05355668,0.2172903,0,0,0.05791267,0,0,0.05197934,0.1453595,0.03802193,0.3363836,0,0,0.01138776,0.04458388,0.7134336,0,0,0.2753275,0.1962704,0,0.07841172,0,0.3377264,0.1382622,0,0.03725236,0,0,0,0.2308332,0,0,0,0,0,0,0.4221548,0,0,0,0.3904097,0,0,0.3727557,0,0,0,0.1950946,0,0,0,0.2793585,0,1.58343,0.2439544,0.2372578,0,0.9370661,0,0,0,0.2093629,0,0,0.1389049,0.5386065,0,0.06217634,0.1885927,0.08966254,0,0.5342095,0.06479959,0,0.07794841,0.04417313,0,0.09473625,0.3295581,0,0.1477678,0,0.08221028,0.653301,0.962181,1.853058,0.6089931,0.383882,0.1018917,0.2128057,0.4066736,0,0.7867131,0.3129445,0.7282876,0,0.004999248,0.6639289,0,0.3291167,0,0,0.148849,0,0,0,0.2994286,0.5445226,0.7908975,0.1843953,0,0.2499458,0,0.2815018,0,0,0.07959294,0.7716787,0,0.1546055,0.7040454,0.02361928,0,0,0,0,0.05053181,0.1991214,0,0.4857221,0,0,0,0,0.5919175,0,0,0.09292102,0,0,0.1648906,0,0.9062753,0.3182583,0.1915544,0.1485882,0,0,0.1854784,0,0.875224,0,0.1743081,0,0.09448616,0.3799464,0,0.7834448,0.2099465,0.576732,0,0.3080629,0,0,0.3962922,0,0.4771646,0.1476426,0,0.005051136,0,0,0.121444,0,0,0.270008,0.02231852,0,0.03942718,0.1299028,0,0.1709685,0,0.1785375,0.6992173,0,0,0.7006108,0,0.319063,0.0317811,0,0.3462428,0.7625561,0.1269507,0,0,0,0.2206361,0.1343577,0,0,0,0,0,0.2992454,0,0.3356499,0.1841784,0,0,0,0,0.06042134,0.4242333,0.3324234,0,0,0,0.2367307,0,0,0,0.03155271,0,0.008491818,0.02455453,0.2740106,0.4409827,0.3402137,0,0.2437301,0,0.08041808,0.07193868,0.06738357,0,0.08986392,0.6493295,0,0,0,0.03771865,0.5196664,0,0,0.01837192,0,0,0,0,0,0,0.7795372,0,0,0,0,0.4365315,0.6737056,0.3593256,0,0,0,0.32289,0.0002926011,0,0.1199146,0.6960166,0,0.2009849,0,0,0.01030149,0.4369504,0.1805994,0,0,0.4764038,0,0,0,0.7207522,0.7286598,0,0.3375755,0.07077873,0,0,0,0,0,0,0.4841395,0,0.1200691,0.06268442,0,0,0,0.5286235,0.8442975,0,0.3375563,0,0,0.155075,0.5331753,0,0.2689361,0,0.4231641,0.1274632,0,0,0.09043868,0,0,0.6728084,0.157318,0,0.8807979,0.713761,0.6087654,0,0,0.3560311,0.7517808,1.026442,0,0,0.4249103,0,0,0,0,0,0,0.01229202,0,0,0,0.5586509,0,0,0,0,0,0,0.01929663,0.1039911,0.08073861,0.1925787,0.1654378,0,0,0.390062,0.112374,0,0,0.1246173,0,
0,0.5549891,0,0,0,0,0,0.2130184,0.1582855,0,0,0,0.1768283,0,0.4651219,0,0,0,0,0,0.3591855,0.3432773,0.3240161,0.2776077,0.09526943,0.02045418,0.01618297,0,0,0,0.4459301,0,0,0.01126198,0,0,0.2595084,0,0,0,0,0.3397794,0.0492998,0,0,0,0,0,0,0.04349146,0.3087607,0,0,0.3732773,0.3061277,0,0,0,0.3572146,0,0,0,0.06381282,0,0,0,0,0,0.3493702,0,0,0,0,0.4510376,0,0.2134314,0.1397118,0,0.5905281,0.3598425,0.5810381,0,0,0.9129029,0,0.02303758,0.09754745,0.1995735,0,0.3943001,0.2971642,0,0,0.4385387,0,0,0,0.1949693,0,0,0,0.08485,0,0.135338,0,0,0,0.1004063,0,0.5045264,0,0.05485823,0,0,0,0,0,0,0.3714422,0,0.0741705,0.4837898,0,0,0,0,0,0,0,0.3100802,0,0,0.06260559,0,0.04179724,0,0,0.6236241,0,0.06779825,0,0,0.2529497,0.1244803,0.3937431,0,0,0.2955323,0,0.1066018,0.08815208,0,0,0,0.5967416,0,0,0,0.4618064,0,0.132329,0,0,0,0,0.3396286,0.03146253,0,0,0,0,0,0,0,0,0.1548547,0.2209317,0,0,0,0,0,0,0,0.3412696,0,0,0,0.3605656,0,0,0,0.2503177,0,0,0.02695324,0,0,0,0,0.07921819,0,0.07346452,0,0,0,0,0,0.2154174,0,0,0.4067172,0.1625216,0.4936443,0,0,0,0,0.3576492,0,0,0.2740527,0,0,0,0.3285093,0,0,0.345664,0,0.06720327,0,0.3960239,0.06165148,0,0.5719893,0,0,0,0,0.276624,0,0.5310471,0.2345606,0.2467437,0,0,0.149783,0.01619869,0,0.2324983,0,0.7338077,0.2777846,0.2688564,0,0.7952387,0.4750557,0.1600526,0,0,0.3833576,1.081906,0.2888363,0,0,0.1542946,0,0.5771687,0.1962694,0.3121138,0.3717733,0.441096,0.0175133,0.4309323,0,0.04497132,0.1951706,0,0,0.413119,0,0.1980856,0.3022507,0.1007237,0.1965547,0.4169583,0.2853955,0.1335454,0.2534459,0.2262558,0,0.1368869,0,0,0.4421243,0.0698699,0,0.0810974,0.05861038,0.2245243,0,0.3871367,0,0,0,0.1385609,0.66124,0.6172143,0.3683037,0,0,0.09770551,0.3664379,0.08676854,0.4597128,0.6028181,0,0.1165941,0.4037578,0,0,0,0.4305719,0,0.1908615,0,0.3655854,0,0,0,0.3549421,0,0.5652605,0.250264,0.7546254,0,0,0,0.06650246,0.1659865,0,0.3364779,0,0,0.4339672,0,0.1892682,0,0.04305451,0,0,0,0.1141882,0,0.1328071,0,0.09729228,0,0.5522277,0.2465429,0,0.3454674,0.1761124,0.165667,0.03440832,0.5469515,0,0,0,0.03675457,0,0.3828827,0.0900825,0.2578265,0,0,0.2131966,0.9622291,0.05693335,0.1046287,0,0,0.01505549,0,0,0.09187005,0.1842502,0,0.2551261,0.1187253,0,0,0.5698397,0.03168075,0,0,0,0,0,0,0.4724842,0.09027213,0,0.2200231,0,0,0.4618598,0.09482396,0.2290139,0,0,0.2132024,0.2890943,0,0,0,0.4597773,0,0,0,0,0,0,0.696329,0,0,0,0.2481219,0,0,0.5087299,0,0.8773006,0.1523266,0.8436801,0,0.1243649,0,0,0,0,0.003105248,0.250982,0.1321689,0,0.1264505,0.6429355,0.3237753,0,0.6852321,0,0,0,0,0,0,0.4818154,0.2588147,0.3346113,0.06636567,0,0,0,0.2911341,0.1140142,0,0,0.07922993,0.1772349,0.379297,0.4948153,0,0.3354025,0,0.2062311,0,0.05881299,0.2832263,0,0,0.2451315,0.2353588,0,0,0,0,0,0,0,0,0,0,0,0,0,0,0.2778284,0,0,0,0,0,0,0.06607408,0,0,0,0,0,0.3615621,0,0.0555588,0,0,0.2268464,0,0.08651616,0.02080704,0,0,0,0,0.027273,0,0.03044568,0,0,0,0.04897282,0,0.3280972,0,0.3235507,0.08654398,0,0,0.05334193,0.4322208,0,0,0.1758767,0,0,0,0,0,0,0,0,0,0,0.09839384,0.08798289,0,0,0.9747354,0,0,0,0,0,0.5426089,0.1709429,0,0.06226206,0,0.1798162,0,0,
0.07522669,0.5698987,0.127927,0,0,0,0,0,0.01289824,0,0,0.08901351,0.05533469,0.2289257,0.03425388,0.01453586,0.2014105,0.236158,0,0.2984068,0.5518318,0,0.06231801,0,0.1428315,0,0,0,0,0.01781557,0,0,0,1.041953,0,0,0.1069765,0,0.2474806,0,0.193974,0,0,0,0.7308938,0,0.04936836,0.2639634,0,0,0,0,0.3615448,0,0,0,0,0,0,0.184236,0,0,0,0,0,0.1962937,0,0,0.8265328,0.09781163,0.5810952,0,0.677996,0,0,0,0.0634086,0.7441132,0,0,0.04108341,0,0.4085979,0,0.04353561,0.2496127,0.1853485,0,0,0,0.08577219,0,0.1021905,0,0,0.3277407,0,0,0,0,0,0.9433414,0,0.08347559,0.3346346,0.04408246,0,0,0,0,0,0,0,0,0,0.09047157,0.4120314,0.08464675,0,0,0,0,0,0,0.1775996,0.1477643,0.3726815,0,0,0,0,0,0,0.09278382,0.5317287,0,0.4951421,0,0,0,1.117096,0,0,0,0.03696008,0.4112706,0.2207433,0,0.6664823,0,0.01339917,0,0,0.1623785,0,0,0,0.2912319,0,0.2772841,0,0,0.175196,0,0,0,0,1.088833,0.5237768,0,0.3422028,0.3451425,0,0,0.10205,0,0.005214243,0,0,0.4081717,0,0,0,0.9662876,0.4926708,0.01912489,0.3004744,0.1166423,0,0,0,0.3544748,0,0,0.814437,0,0.9275086,0,0,0,0.005062798,0,0,0,0.2895278,0,0,0.3169385,0.1278765,0,0.7946345,0,0.3492404,0.08964778,0.1265329,0,0,0,0,0,0.3816702,0,0.254912,0.7800881,0,0.2147201,0,0,0,0,0,0.247379,0,0.4318922,0.488314,0.3313418,0.4190438,0,0,0,0.004036314,0,0,0,0.09218083,0,0,0,0.1503959,0,0,0.04543276,0,0,0.09803563,0.6637596,0,0,0.65253,0,0.0668158,0,0,1.282996,0.06025281,0,0.1530852,0.2546344,0.07078996,0,0.1383971,0,0,0,0.4043018,0,0,0.3426916,0.2005946,0.07539842,0.4793846,0,0.355139,0.6256976,0,0.3624672,0.4297738,0.02143922,0.1996875,0,0.7758683,0.3325247,0,0,0.02518186,0.5667625,0.5473718,0.6645651,0,0.1879607,0.04624541,0.01844465,0.1999658,0,0.047921,0,0,0.1258031,0.33886,0,0,0.4121565,0.2906016,0.3408614,0.8104374,0,0,0.02074892,0.1869302,0.03786062,0.4638744,0.4913274,0.5802776,0.4447061,0.1553531,0,0,0.4113874,0.3889,0,0.01189021,0.04934869,0,0.003749099,0.003671795,0,0.352926,0.1715742,0,0.09695822,0.8277385,0,0.3341928,0,0,0,0.01309436,0.2670533,0.2339656,0.5851582,0.1804747,0,0,0,0.09128805,0.4391687,0,0,0,0.3599785,0.9264388,0.1129613,0,0.09388313,0.7204155,0.1818693,0,0.2376053,0,0,0.2545487,0,0,0.1757442,0.3341847,0.2097746,0,0,0.3009622,0.246254,0.08984472,0.1462804,0,0,0.07900657,0.1799483,0,0.1054124,0.2232573,0,0.2284543,0,0.05656416,0.3689911,0,0.2650663,0.5461293,0,0,0.3353713,0.1035884,0.374639,0.4143746,0.1263611,0,0,0.9196762,0,0,0,0.01164593,0.1542338,0.5204763,0,0,0,0.1869466,0.5519683,0,0.3282013,0.1459938,0,0,0.1312688,0.4424636,0.659763,0.1609818,0,0.1704081,0,0,0,0,0,0.7975661,0,0,0.001731893,0.2272978,0,0,0.4558491,0,0,0.5058628,0,0,0,0,0,0.3715957,0,0.6782117,0,0.7067613,0,0,0,0,0.4236111,0,0.3039381,0,0.2324049,0,0,0,0.6733779,0,0,0,0,0,0.2888532,0,0.3855236,0,0.06859802,0.000109868,0,0,0,0,0.3272684,0,0,0.5258851,0,0.5111687,0,0.3192354,0,0,0,0.2351138,0.1613089,0,0,0.6011567,0,0.1809838,0,0,0.1613546,0,0,0,0,0,0,0,0.08737923,0,0.8743096,0.4171581,0.01717553,0,0,0.00289633,0,0,0,0.2425474,0,0,0,0,0,0.2211031,0,0,0.7236708,0,0.3218099,0.4360486,0,0.59751,0,0,0,0,0,0.2066161,0,0.2142793,0,0,0.5636026,0.2128953,0.5236092,0,0,0.09188252,0,0,0,0,0.04389548,0,0,0,0.931815,0,0.4861461,0,0.03521489,0.3263841,0.1345209,0.07653934,0,
0.4131906,0.463871,0,0,0,0.3631254,0,0,0.05819407,0.3787388,0,0,0,0.2474506,0,0,0,0,0.1359422,0.2865362,0.1317536,0,0,0.1303166,0,0,0,0,0,0,0,0.2109752,0.7958045,0.1371055,0.1035252,0,0,0,0.4841581,0,0.3948735,0,0,0,0.7926736,0,0,0,0,0,0.1747368,0,0,0,0,0,0.0223241,0.2755628,0.9130356,0.3170107,0.6319579,0,0,0.116022,0.201389,0,0,0,0,0.4723773,0,0,0,0,0,0,0,0,0.655746,0,0,0,0.4499205,0,0.07014564,0,0,0,0,0,0,0.05861499,0,0,0,0,0.2085599,0.5021228,0,0,0.6595178,0,0,0,0.421854,0,0,0,0.3015481,0,0,0.3920261,0,0.2717671,0.1143071,0,0,0,0,0.2428465,0,0.4122688,0.1095387,0,0,0,0.2026846,0.4663043,0.3081386,0,0.1026518,0,0.4183702,0.7166755,0.01966726,0.1878576,0,0,0,0.03865133,0,0.2194225,0,0,0.01891935,0,0.09751335,0,0,0,0,0,0.1053956,0.123562,0,0.2076269,0,0,0,0.5824535,0,0,0.1474849,0,0,0.09488019,0.4537698,0.166589,0.9899393,0,0.3317581,0.4400451,0,0,0.04923787,0,0,0.4704503,0.05357269,0.3781287,0,0,0.4208357,0,0,0,0.1606904,0,0.08951019,0.4738879,0,0,0.05523678,0,0,0,0,0,0.4926621,0.2988667,0,0.1898384,0,0,0,0.07306432,0,0,0,0.01621538,0.4326987,0,0,0.1297216,0,0.3095533,0,0,0.1331666,0.01772858,0.3148277,0,0,0.3245164,0,0,0.7320386,0.5695814,0.09638794,0,0,0.187707,0.03025175,0.3951606,0,0.5489489,0,0.2326983,0,0,0,0,0,0.0002882305,0,0,0,0.9923511,0.3340825,0.1161312,0,0,0,0,0.1090275,0.1078782,0.3127828,0.4599909,0.03952997,0.3459026,0,0.2606797,0,0.06743108,0.5065031,0.250622,0,0.6490484,0,0.8464508,0,0.4584371,0.1918139,0.1661479,0.04065374,0.34554,0.01352783,0.3011253,0.05714408,0,0,0,0,0.2160948,0.4480332,0,0,0,0.355047,0.04946573,0.3207175,0,0.6712711,0.3344153,0.03750837,0,0.1240969,0.02091968,0.02574427,0.7026225,0.05950763,0,0.09691346,0.3339717,0,0.402098,0,0.3293186,0.1172368,0,0.06992027,0,0,0.3615572,0,0,0.2038859,0,0.5189456,0.07979438,0,0.4366783,0.2510545,1.155464,0.003703254,0.3174022,0,0.1344108,0,0,0,0.07323127,0.2314894,0,0,1.013084,0.1445921,0,0,0.489661,0.3889875,0,0.03437775,0.08646472,0.6962402,0,0.06347297,0.4187212,0.2778521,0,0.1154273,0.4149505,0,0.03787668,0.8732457,0.01710617,0.6690462,0.06722313,0,0.00322827,0.1511861,0.2595195,0.5091927,0,0.4323797,0,0.5330946,0,0.4856127,0.3474707,0,0.05758093,0.05734963,0,0.2052873,0.01317925,0.404605,0.8329853,0.1105796,0.7324362,0,0,0.2958573,0,0.02734667,0,0,0.2982068,0,0.2692293,0.1775019,0.9284595,0.2418806,0,0.08609883,0.154131,0,0.3949964,0,0.1583379,0.1239317,0,0.03725879,0.006021727,0,0,0.4224428,0,0,0,0,0,0,0,0.5228914,0,0,0,0,0.1146353,0.3724159,0,0.03981893,0,0.542869,0,0.07970496,0,0,0.5309461,0.0483258,0.5746913,0,0,0,0,0.8141693,0.1464204,0,0,0.564365,0.5960782,0,0.1233232,0.2697426,0.556004,0.2468305,0.2597745,0.2415254,0.09657817,0,0.2797776,0,0,0,0,0,0.8789214,0.03308189,0,0,0.293835,0,0,0,0,0.2999608,0,0.2493733,0,0.7065067,0,0,0,0,0.4596482,0.2652031,0,0,0.2517523,0.1507932,0.1638162,0.3426383,0,0,0.2582232,0.3828078,0,0,0,0,0,0,0,0,0.6699507,0,0,0,0.03495039,0,0,0.6650084,0,0,0.05206356,0,0.3340471,0.1528637,0,0,0,0,0,0,0,0.263743,0,0.003144082,0,0,0,0.2927471,0,0.07613475,0,0,0.1332521,0,0,0.08002011,0.4374979,0.2023663,0.1900505,0.3913949,0,0,0,0.4547743,0,0,0,0.3645414,0.3105386,0,0,0.07849555,0,0,0,0.08006661,0,0,0,0.2746549,0,0,0,0,0,0,0,0,0,0,0,0.1323047,0.28348,0.5736817,0,
0,0,0.4924504,0.09222434,0.4858015,0,0,0,0,0,0,0.2317761,0,0,0,0,0,0.05221711,0,0,0,0,0,0.3814328,0,0.4501256,0,0,0,0,0.06331646,0,0.3566311,0,0,0.3032568,0,0,0.4642678,0,0.5713423,0.1483966,0,0.3606731,0,0,0,0.4362712,0,0,0,0,0,0.7041234,0.1818125,0,0,0,0,0,0,0,0,0,0,0.7366921,0.05078584,0,0,0,0,0,0,0,0.2258861,0,0,0,0.2973639,0,0.2735334,0.01346507,0,0.4534881,0.1546897,0.02174737,0,0,0,0.7140631,0,0,0,0,0,0,0,0.07136827,0.7850952,0,0.05952489,0.3591717,0.2827216,0,0.306824,0,0,0,0,0,0,0.468399,0,0,0,0,0.4777196,0.251594,0,0,0,0,0,0.6016975,0,0,0,0,0,0,0.04635869,0,0,0,0.1060997,0.4926164,0,0.2248359,0.8179067,0.1221546,0.3725693,0.1872211,0,0.06430253,0.5357196,0,0,0.2509597,0.9194405,0.2454311,0,0,0,0.8677607,0.3406519,0,0.1593633,0,0.2232846,0.9744167,0.03952507,0.5540935,0,0,0,0,0.3484352,0.4256662,0.3729016,0.1097587,0,0,0.03001325,0.3383916,0,0,0,0,0,0,0.1012587,0,0,0,0.4621011,0,0,0,0,0.4275307,0,0,0,0,0,0.02058415,0,0,0,0,0.2402422,0.343614,0,0,0,0,0,0,0,0.2875468,0,0,0.0784267,0,0.2774747,0.4119746,0.4603614,0.003705482,0,0,0,0,0,0.2514231,0,0,0.02215882,0.178649,0.09222627,0.1920791,0,0.05686386,0.3770964,0,0,0,0,0,0.5459005,0,0.1801105,0,0,0,0,0,0.4860663,0,0.07720628,0,0,0,0,0,0,0.1881447,0,0.3658842,0.0329106,0.1574618,0.08925997,0.1197744,0,0,0,0.1537625,0.3749944,0,0,0.3695827,0.2780376,0,0.6330162,0.4672786,0.1351926,0.3275748,0.2117815,0.1920392,0,0.4158156,0.05647141,0.0384879,0,0.04764663,0.5824265,0.07141919,0,0.6000821,0,0.2112442,0,0.5820889,0,0.1281406,0,0.2975729,0,0.2424853,0,0.5061827,0.1153318,0.0720938,0,0,0,0.4700379,0,0.3655038,0.05228462,0.008202991,0.3637657,0.1803651,0,0,0,0,0.2845314,0.2103378,0,0.200252,0.06520587,0.3470917,0.5425987,0.7070881,0.3939338,0,0.1804086,0,0,0.611147,0,0.237342,0,0.07709783,0,0,0,0.2796007,0.1650032,0,0.0114824,0.07361507,0.03245046,0.04242833,0,0,0.2096968,0,0.2590564,0,0.7909039,0,0,0.0307039,0.2388653,0.3948638,0.4714881,0.1350924,0,0.06104387,0,0,0.5886185,0,0.06684874,0.490163,0,0.6546539,0,0,0,0.1219489,0.2686943,0,0,0,0,0.1306841,0.1307811,0.3532768,0,0.398112,0.1897511,0.02656843,0.3409729,0.2676519,0.1349229,0.2314724,0.09511218,0,0,0,0,0.549389,0,0.2440359,0.3075566,0,0,0,0,0,0.4800773,0,0.2331408,0,0.5426272,0,0,0,0,0,0,0,0,0,0,0,0.4172954,0.4984396,0,0,0,0.01300536,0.2850502,0,0.1785782,0.3545114,0,0.03946876,0.05429814,0.1651288,0.001566602,0,0,0.5013409,0,0,0,0.3517195,0,0,0,0.178478,0.2029794,0.8378885,0,0,0,0.09023985,0,0.0503618,0,0.09728277,0.189987,0.4286702,0,0,0,0,0.09902438,0,0,0,0.4328821,0.1466415,0,0.3915128,0.3092121,0.3165802,0,0,0.03813094,0,0.6565663,0.2286344,0,0.1568219,0,0,0,0,0,0.0954604,0,0.3310579,0,0.004314729,0.1923439,0,0.1107666,0,0,0.1137736,1.032496,0,0,0,0,0.1711719,0.8804278,0.03333425,0,0.1993695,0.0381819,0,0,0.002053399,0,0.2676476,0.3253699,0,0,0.5746688,0.1544676,0,0.3868106,0,0.6224869,0.7096824,0,0,0,0.196433,0,0.951415,0,0,0.09380361,0,0.3576193,0.1949991,0.10144,0,0.1229069,0.1856009,0,0.3456666,0.2368465,0.1667843,0.1979426,0,0.1548287,0,0,0.840122,0.04608813,0.3841615,0,0.3335916,0,0,0,0,0.2903296,0,0,0.003905325,0,0,0,0,0,0,0,0.2006739,0.1885195,0,0,0.7264143,
0,0,0.1462235,0,0,0,0.3007824,0.3662027,0,0,0,0,0,0,0,0,0,0,0.05347038,0,0.03307151,0,0,0.03276353,0,0,0,0,0,0,0.3867178,0,0.3154575,0,0,0,0,0,0,0,0,0.03323066,0,0,0,0.2164555,0.2140679,0,0,0.04494306,0,0,0,0.1873272,0,0,0.4873303,0,0.02617529,0,0,0,0,0,0,0,0.01319134,0,0,0,0.4997933,0,0,0,0,0,0,0.3125092,0,0,0.01270021,0,0,0,0,0,0,0,0.2957742,0,0.4241203,0,0,0,0,0,0,0,0.4811557,0.1222888,0.2923663,0,0.7184477,0,0,0,0,0,0,0,0,0.4536557,0.3013043,0,0,0,0,0,0,0,0.4361629,0,0,0.04035574,1.069263,0.07672581,0,0.9878837,0,0,0,0,0.1145482,0.4439742,0.4392388,0,0,0.5637522,0,0,0.2166886,0.1680399,0,0.0520144,0.01799874,0,0.1218623,0.1481192,0,0.1592648,0.2536354,0,0,0,0.809808,0.1049021,0,0,0,0.1207018,0.3092549,0.02976099,0.1228829,0.3110092,0.001806475,0.3610547,0.2165279,0,0,0,0.01583289,0.2078899,0,0,0,0,0.2559165,0.4636923,0.2407601,0.2804089,0.1901747,0,0.1783302,0.04345691,0.570345,0.4120035,0,0.4978877,0.4554765,0,0.5797961,0.04844862,0.7002683,0,0.1070322,0,0.4550184,0,0,0,0,0,0,0,0,0.1099477,0,0,0,0,0,0,0,0.2078781,0.6393361,0.1231008,0,0,0.003222363,0,0.4307404,0,0.1181554,0,0,0,0.6808174,0.1940277,0,0.1801052,0,0.6534046,0,0.4397196,0,0,0.556272,0,0,0,0,0.4630121,0.3411763,0,0,0,0,0.1105904,0,0.1892076,0.4302231,0,0.2502627,0,0,0,0,0,0,0.1207926,0,0.6341414,0,0,0.02611623,0.4240278,0,0.4367697,0.5845571,0.81422,0,0.5885793,0,0.3270834,0,0,0,0,0,0,0.2652204,0.717406,0.4996241,1.143286,0.6067355,0,0,0,0,0.3122031,0,0,0.2043027,1.26742,0.2784349,0.7663321,0.001753222,0,0,0,0.3359219,0.6153386,0.8767661,0.1706541,0.4708586,0.395555,0.1966197,0.3725552,0.1613376,0,0.0705891,0.2635988,0.5337802,0.12779,0.3923812,0.3484616,0,0.5716644,0.08887131,0,0,0,0.05945708,0.326076,0,0.1622446,0.1868038,0.07660513,0.1674037,0,0,0.6181598,0.3723752,0.759835,0,0.4027517,0.0920812,0.8735098,0.1619107,0.04105803,0.3652157,0.9317342,0.5520247,0.01244552,0.8550345,0.3184895,0.3884048,0,0,0.31263,0.3053036,0,0.007105443,0,0.2440846,0.03537995,0.003469425,0.4037039,0.03457386,0.2839268,0,0.1783869,0.09279808,0,0.1626561,0.09075484,0,0.5281106,0,0.4260403,1.066108,0,0.7681905,0,0,0,0,0,0,0.6962416,0,0.08201961,0,0,0,0.07741642,0,0,0,0,0.4282638,0.1621414,0.2307493,0.05615126,0,0,0.4027496,0,0.5106022,0.04582544,0,0,0,0,0,0.5568418,0.05050899,0,0.1373035,0,0.169254,0.2157566,0,0,0.0711173,0,0,0,0,0,0,0.5892669,0.5666652,0.1266358,0,0.3872657,0.5661299,0.2531564,0,0.3372457,0.1813371,0,0,0,0.07102428,0,0.1758653,0,0.1733653,0.01640905,0.0378765,0.04182916,0.007914743,0,0.4482409,0.4007026,0.2430525,0.1080079,0,0,0,0,0,0,0,0.5067129,0.2234565,0.4258936,0,0,0,0,0.09699947,0,0,0,0.178295,0,0,0.2269114,0,0,0.168641,0,0,0.2426214,0,0,0,0,0,0.3878556,0.4812834,0,0,0.6078165,0,0,0.8011846,0,0,0.4191822,0,0,0,0.305033,0,0,0,0,0,0.2110041,0.3022022,0,0,0,0,0.3479031,0,0,0,0.2966743,0,0,0,0.3127062,0,0,0,0,0,0.3798979,0,0,0.2003213,0,0,0.3170375,0.4972237,0,0.05460891,0.3152703,0.231349,0,0,0.4493172,0.09930003,0,0.1958097,0.1484478,0,0,0,0,0.4077934,0,0,0.1535459,0,0,0.3813779,0,0.135655,0,0,0,0.0009575897,0,0,0,0,0.3944418,0,0,1.182265,0,0,0.5826066,0.03777572,0,
0,0,0,0.1916012,0,0.07783796,0,0.3432792,0,0.9020489,0.4959658,0,0,0.4312153,0,0,0.1281434,0,0,0,0.1064716,0.3496606,0.1233925,0,0,0,0,0,0.1068304,0,0.1060901,0.4368556,0.04753689,0,0,0.1312316,0,0,0,0,0,0,0.6300657,0.1823261,0,0.1309645,0,0,0,0.6262846,0.4773208,0.6470553,0,0.4510981,0,0,0.03839982,0,0,0.2008209,0.1375128,0,0.3010209,0.9762871,0,0,0,0,0,0.1716521,0.6616347,0,0,0.3076145,0,0.01263206,0,0,0,0,0.6284989,0,0.1469464,0,0,0,0.3301881,0.1407888,0.0229819,0.1802627,0,0,0,0,0,0.1264699,0.121185,0,0,0,0,0.6347214,0,0.1706485,0,0,0,0,0,0,0,0,0.09820395,0.01462193,0,0.5154722,0,0,0,0,0.3824964,0,0,0,0,0,0.2101141,0,0.2818486,0,0.3947411,0.08542188,0,0.3365054,0.2781673,0.2246958,0,0,0,0.104515,0,0.2653025,0,0,0.06245198,0,0,0,0,0,0,0.05194953,0,0,0,0.1821091,0,0,0.1342905,0,0,0,0,0,0,0,0,0.5262135,0,0.01798912,0.3689003,0.02464118,0.07786082,0.516566,0,0,0,0,0,0,0.1533527,0,0,0.1229796,0.2235287,0,0,0,0,0.2508011,0.7078997,0.05746516,0.1010427,0.5106966,0,0,0,0.08828585,0,0,0.1090612,0.8598106,0,0.08469266,0.08209021,0.1564576,0,0.2860213,0,0.3274643,0.05698537,0,0,0.005601643,0,0.5670878,0,0.2127627,0,0,0.0646964,0.333238,0,0,0.06839998,0,0,0,0,0.103838,0,0.1324089,0.3724141,0.639936,0,0,0,0.3140234,0,0,0,0,0,0,0,0.3608695,0,0.06664072,0,0,0,0,0.1026955,0,0.1124992,0.3575035,0,0,0.3862566,0.3079109,0.07126478,0.166413,0,0,0.5142426,0.7840641,0,0,0.2012641,0.4163871,0.2431336,0.2223825,0.4276301,0,0,0.2880948,0,0,0.6879178,0.3325645,0,0.1270268,0.2703428,0.03835798,0.1448387,0.2250854,0,0.01969881,0.0548941,0.2884494,0.01419702,0.4347359,0,0.1223432,0,0.07145162,1.453625,0.7413302,0.9844992,0.3048126,0,0.2061996,0,0.6602643,0.1586002,0,0.1544951,0.4550743,0,0.2378493,0.1089979,0.4455304,0.4376911,0.4333136,0,0.07412767,0.008166707,0.2200553,0.2916255,0.2532755,0,0.07077261,0,0.1292577,0,0.9979142,0.9164971,0.3267687,0.1528239,0.4944375,0,0,0,0,0.2846274,0,0.560886,0.2266695,0.1277517,0.3212248,0,0.3415378,0.239007,0.2594109,0,0,0.07508498,0,0.2618701,0.3122165,0.6506094,0,0.3883272,0,0.2958514,0,0.3958168,0.4177489,0,0,0,0,0.5221967,0.1571996,0.3478169,0.01838225,0,0.05499154,0.6046203,0,0.2848085,0.3642483,0.3984874,0,0,0,0.03683322,0,0,0.2392911,0.01041047,0.3837128,0.5284775,0,0,0,0,0,0.1191152,0,0,0.1009681,0,0.4111741,0.3950959,0,0,0,0.1639515,0.5831879,0,0,0.1284868,0.7543539,0,0,0,0.4434501,0.6070433,0,0.7297979,0,0.01658917,0.2715876,0,0,0,0,0,0,0,0.9371619,0,0,0.7496619,0,0,0,0,0.2744931,0.04544858,0.9286929,0.2119279,0,0,0,0.4235356,0,0.4074341,0.7204318,0.5455792,0,0.2096228,0.3786384,0.05651914,0.6987559,0,0,0,0.1075953,0.3660091,0.05901812,0.4444091,0,0.032047,0,0,0.1898097,0,0,0,0.6371383,0,0,0,0,0,0.007895768,0.4479128,0,0,0,0,0,0.7336977,0.6532056,0,0.5515838,0.03577847,0,0.4049073,0.07509781,0,0.2594313,0.3947285,0.220259,0.4384457,0.246279,0.1566802,0,0,0.6994176,0,0.0503136,0.4821193,0,0,0,0,0.6424161,0.4297975,0,0,0,0.4104163,0,0,0,0,0,0,0.4843213,0.1224863,0,0,0.2854179,0,0.03161785,0,0.3605117,0,0,0,0,0,0,0,0,0.1308783,0.2794985,0,0,0,0,0.1789894,0,0,0,0,0.3741716,0,0.07610019,1.184158,0,0,0.1371457,0.5491956,0.2396274,0.2602465,0,0,0,0,0.02133276,0,0.2704,0,0.09896313,0.1841809,0,0.04945939,0.2109535,0,0,0,0.2618949,0,0.2552378,0.1122914,0.4716848,
0,0.1199002,0,0,0.5039262,0,0,0.6070144,0,0.003999708,0,0,0,0.2860278,0,0.349054,0,0,0,0,0.04811046,0,0,0,0,0,0,0,0,0,0,0,0,0,0.2856863,0,0,0,0,0,0,0,0.5870825,0,0,0,0.0850158,0.2454437,0.0400431,0,0,0,0,0,0.4459223,0,0,0,0,0,0,0.5232272,0,0.1342627,0.422847,0.4370905,0,0,0,0.08938038,0,0,0.08124351,0.7951522,0,0,0.07817423,0,0.2132928,0.01913186,0.3744009,0,0.09498143,0.03583067,0.2458473,0.2476112,0,0,0,0.3722156,0.05038889,0,0,0,0,0.5091053,0,0.2234393,0,0.503256,0,0.07112186,0,0,0.1563361,0,0,0,0,0.04800258,0,0.09239046,0,0,0.5898802,0,0,0,0,0,0,0,0,0.1092043,0.1232764,0,0.2075479,0.08983206,0,0,0,0,0.4468487,0,0.47546,0,0,0,0,0.2747014,0.08877929,0,0,0,0,0.5253252,0,0,0.2446948,0.3276838,0,0.5102527,0,0,0,0,0.4124371,0.1147356,0.1391651,0.2975132,0.5996589,0.1688726,0.4584803,0,0.4721441,0,0.06480183,0.6795279,0,0,0.1200717,0.4884616,0,0,0,0,0,0.07165775,0,0,0,0.6200417,0.006385993,0,0,0,0,0,0,0.3862009,0,0.4652648,0,0,0.02338227,0,0.0923109,0,0.4831647,0,0,0.6619266,0.2265299,0.09632695,0.2029795,0,0,0.2202621,0.03754199,0.798582,0,0,0,0,0,0,0,0,0.2806527,0,0.231341,0.2989139,0,0.0270509,0.2706164,0,0.05820198,0,0,0.2768847,0,0,0,0,0.8534732,0,0,0.03576452,0.1394401,0,0,0,0,0.1164361,0.1316658,0,0.2408758,0,0.0306066,0,0,0.2452596,0.2203403,0,0.4905731,0.3562815,0,0.2229118,0,0.3362045,0,0.03709972,0,0.1136202,0.4019536,0,0.5580008,0.3577332,0,0.2851945,0.1792898,0.2842963,0.3648255,0.1146902,0.4519119,0,0.4778036,0.1006811,0.2976303,0.1947865,0.3523941,0.5135742,0.1750902,0,0.392713,0.010781,0,0,0,0.123368,1.052794,0.1106929,1.046229,0.1717288,0,0.1596833,0,0.3377524,0,0.1030313,0.03948732,0,0.1764407,0.5316433,0,0.005585286,0.3944051,0.49623,0,0.5325797,0.315069,0.4308751,0,0.3206565,0.106091,0,0.3713944,0.4123243,0.4223747,2.262739,1.251887,0.2328123,0,0.01027068,0,0.3939611,0.06201782,0.2904944,0.5992115,0,0,0,0.1800729,0,0,0.174399,0.1860733,0,0.3042814,0.7323824,0,0,0.01655545,0.2695227,0,0.3038797,0,0,0.4131015,0.3449456,0.1463307,0,0,0.2241487,0,0,0.6653087,0.5926744,0.264012,0.4660149,0.400227,0.4516988,0,0,0.55987,0,0.008706613,0.6319035,0,0.6608995,0.485027,0.2603067,0,0,0.3145545,0.07140824,0.2879896,0,0.284266,0,0.1252435,0,0.2126851,0,0.4792233,0.0110167,0,0.539129,0.2225425,0.7041155,0.09797302,0.6236975,0.2062756,0.009741274,0.08378588,0.4456596,0.2087793,0.3472474,0,0.05537724,0,0,0,0,0.5788578,0.3833448,0.1593185,0,0,0,0.4507486,0,0,0,0.3463517,0.1704811,0,0.5466028,0.1741208,0.04754179,0.07465128,0,0,0.03948883,0.1069853,0,0,0,0.08927532,0.2727077,0.005227753,0.4367005,0,0.2389666,0.1752032,0.2432821,0.07942975,0.09470181,0,0.008734655,0,0,0,0,0,0,0.8260503,0,0,0.2986848,0.1971571,0,0,0.3618726,0,0,0.5763237,0.4653301,0.05742991,0,0,0.6573983,0,0,0.5301972,0.120483,0,0.2527665,0,0,0.3239227,0,0,0,0.658382,0.3582962,0,0,0.09782724,0,0.2204873,0,0,0,0.3872655,0.1516683,0,0,0,0,0,0,0,0,0.2061885,0,0,0,0,0,0,0.2857102,0,0,0.3562575,0,0,0.6811097,0,0,0.1074506,0,0.02971677,0.7070298,0.09982443,0.1553577,0.1269974,0,0.05614763,0.03696162,0,0,0.04122401,0.03713469,0,0,0,0,0,0.4033091,0,0,0,0,0,0,0.01273191,0,0,0,0.3024545,0,0,0.1695761,0,0,0,0.5067878,0.2047477,0,0,0.4526615,0,0,0,0,0,0,0,0,0,0.3266626,0,0.05433943,0,0,0.005321503,0,0.4714983,0.1564729,
0,0,0,0,0,0,0,0,0,0,0,0,0,0,0,0,0.1152613,0.0008088648,0.2998793,0,0,0.2094551,0,0,0.1081149,0.3112203,0.3105846,0,0,0.1327589,0,0,0,0,0,0,0.5397842,0.4822814,0.1459797,0.2587686,0.05262282,0,0,0,0,0,0,0.0415582,0.05814173,0,0,0.07804584,0,0.5226629,0,0,0,0.022599,0,0,0,0,0,0,0.3139379,0,0,0.002679646,0.4203753,0.07600053,0,0,0,0.01348204,0,0.1766033,0,0.3418775,0,0,0.1548155,0,0,0,0.6346704,0,0,0.2839888,0,0.3500279,0,0.1846476,0.4752151,0,0,0,0,0,0,0.2672963,0,0,0,0,0,0.1911876,0,0.3413711,0.0423056,0,0,0,0.8336948,0,0,0,0,0.4315426,0.4576875,0.575143,0.3313035,0.6688262,0,0,0,0,0.1694317,0,0.1943444,0,0,0,0,0,0,0,0.1069283,0,0.3017508,0,0.3346395,0,0,0,0,0,1.167631,0.1340019,0,0,0,0.3321611,0.5242517,0,0,0.001808248,0,0,0,0,0,0,0.7428429,0.1811748,0,0.08595323,0.5681887,0,0,0,0,0,0,0,0,0,0,0,0,0,0.2765156,0,0.01079165,0.1677959,0,0,1.057415,0,0,0,0,0,0.544388,0,0.4006813,0,0.2464199,0,0,0,0.07863663,0,0.6011406,0,0,0.05062342,0,0,0,0,0,0,0,0.02022543,0,0.1519858,0.178684,0,0.2418661,0,0,0,0.1108663,0,0,0,0.266826,0.303282,0.03401038,0,0.1208513,0,0,0,0.2351504,0,0.1436242,0.3728119,0,0,0,0.1881354,0,0.1072004,0,0,0.2938201,0,0.1704413,0.1285125,0,0,0.3837166,0,0,0.7776404,0,0,0,0,0.09963498,0,0,0,0.4156216,0.2181542,0,0,0.5993284,0.1233272,0.5511472,0,0,0.6732601,0.2283323,0.4062646,0,0.07515238,0.3326024,1.444623,0.6319712,0.5021841,0.4543049,0,0.1345132,0.4943108,0.1880651,0.3235392,0.1948785,0,0.2782505,0,0,0,0,0,0.32566,0.3514119,0,0,0.6151741,0,0,0.4707999,0.5376956,0.1968157,0.4898695,0,0,0,0.2037718,0.1812335,0.7294172,1.103661,0.4619934,0,0,0,2.194514,15.99695,16.96591,1.338823,0.619971,0.289751,0.2778766,0.4342197,0.500771,0,0,0,0,0,0,0.2383237,0.8129926,0.121126,0.210674,0.1442663,0.1173448,0,0.2132929,0.2333286,0.2330022,0.6240166,0.3580435,0,0.2425719,0.1128732,0.3722477,0.4996543,0.04669823,0.6709298,0.1893913,0.1621265,0.196578,0.3333545,0,0,0.4269926,0.5711508,0,0.03351009,0.1966028,0.3699662,0,0,0.09708028,0,0.1909087,0,0.4702124,0.6379299,0.01419146,0.1862947,0,0.07283106,0.3550868,0,0.2123917,0,0,0.3494446,0.1534183,0.1169038,0.5507429,0.008647619,0,0,0,0.3294162,0,0,0.965132,0,0.0742238,0,0.2538838,0.1126226,0.3878926,0.3556782,0.000357938,0.4357808,0.1570482,0,0.4346353,0,0.5284814,0,0.1544813,0.3488204,0.1071763,0.4845735,0,0.0942304,0,0.3591209,0,0,0.4885619,0,1.066719,0.09894112,0.2913078,0.7757013,0,0,0,0,0.1309905,0,0.7866439,0.04533597,0.5176187,0,0,0.5340526,0,0.09463433,0,0,0.4079512,0,0.2758417,0,0.5110776,0.174207,0.5194367,0.2363646,0,0,0.08635528,0,0.07527506,0,0,0,0.3877209,0,0,0,0.7199568,0,0,0,0.2716963,0,0.209785,0.499873,0.8720199,0,0.6101743,1.052334,0,0,0,0,0.6217555,0.390455,0.3077824,0.07506961,0,0.04015795,0,0.09037132,0.05880351,0,0,0,0.7038192,0.3500918,0.8177199,0.3654154,0.3788074,0,0,0,0,0,0.05868579,0,0,0.3479616,0.1925842,0,1.132966,0,0.4609,0.02087865,0,0.1736263,0,0.1818355,0,0.08858975,0.6023316,0.1164582,0.2326485,0,0,0.2539364,0,0.3223758,0.1960198,0,0,0,0,0.2797163,0.7478067,0,0,0,0.03275451,0,0,0,0,0.4534077,0,0,0,0.831276,0,0,0.3532611,0,0,0.3229568,0.01703772,0,0,0,0,0,0,0,0.1760264,0.1364445,0,0,0.08971407,0,0.07318028,0.04382654,0,0,0,0,0,0,
0.3162129,0,0,0,0,0.6592934,0.03513253,0,0.178662,0.4682357,0,0,0,0,0,0,0,0,0.3666195,0,0,0,0,0.09099992,0,0,0.263504,0,0.4455671,0.2950871,0,0,0,0,0,0,0.01264834,0,0,0.003524851,0.8447568,0,0.1082025,0,0,0,0,0,0,0,0.1230348,0,0.6395501,0.1684065,0,0,0.1803493,0.2117168,0,0,0,0.01993699,0.3021708,0,0.1615908,0,0,0,0.7429669,0,0,0,0,0,0,0.3638446,0.2502472,0,0.04846874,0,0.1935462,0.2447035,0,0.7472005,0,0.002187889,0.9170322,0,0,0,0.03054425,0.466631,0,0,0.3024162,0,0,0.4911121,0,0,0,0,0,0.2189792,0,0,0,0,0.1805288,0.06436967,0,0,0,0,0,0.09285646,0.07037875,0.4453706,0,0.04072262,0.5204797,0,0.30702,0.04513714,0.08679947,0,0.1365981,0,0,0,0,0,0,0.5094344,0,0.1835086,0,0.1853308,0.1451413,0.7133285,0,0,0,0,0.1194392,0.4212851,0,0.1541804,0.328755,0.3710388,0.5695346,0,0.08032483,0,0,0,0,0,0,0,0.01788267,0,0,0.3923298,0,0,0.4225554,0.1613806,0,0.09836665,0,0.1036457,0.06904827,0.173963,0,0.04362262,0.009587286,0,0.3680044,0,0,0,0,0,0,0,0,0.2066822,0,0,0,0,0,0.2750912,0.3101362,0,0.2538607,0.3569846,0,0,0,0,0,0,0.02784557,0,0,0.06652299,0.2310764,0,0.04343533,0,0,0,0,0.2629988,0,0.1963566,0.451868,0,0.2639537,0,0.6411813,0,0.2303844,0.02774775,0.2595989,0.4690475,0.5640189,0,0.251644,0,0.001457359,0,0,0,0.02175022,0,0,0,0,0.2945982,0.4540594,0.4284139,0,0,0,0,0.2140434,0,0,0,0.2956713,0.2111454,0.1104412,0,0.09843088,0.2253707,0.7238066,0.01490385,0,0.0656044,0.2195419,0.1772109,0.1410653,0.004155874,1.012362,0.5912173,0,0.03787775,0.267466,0.2516135,0.09133454,0.124471,0,0,1.70395,1.411964,1.430775,0.1978714,0.8220638,0.2009973,0.518707,0.2131862,0.7621666,0.2293609,0,0,0.007422188,0.0922926,0,0.460082,0.5713089,0,0.1533361,0,0.03956588,0,0,0,0.3580944,0.1396449,0.356748,0,0.1934758,0,0.4294662,0.6906935,0.1986564,0,0.0975502,0.363907,0.6110776,0.8641472,0,0,0.1776584,0,0.692939,16.7062,16.27304,15.9572,1.137588,0.7990839,0.1458812,0.2225492,0.3737775,0.27012,0.5443993,0,0.05338153,0.04418078,0.40292,0.3516783,0.1079015,0.3293122,0,0.1260043,0.256309,0,0,0.193037,0.4407567,0.4009889,0.1854483,0,0.1189481,0,0,0.04326852,0,0,0.1075269,0.4451895,0.03547906,0,0,0,0.01401165,0,0.4815905,0.0864141,0.2364049,0,0.376127,0.4594877,0.05740317,0.5591598,0,0,0.464775,0,0.130992,0,0.5234285,0.5947676,0.2667249,0.06047618,0,0.4691615,0.09932216,0.3805465,0.00773787,0.3389086,0,0,0,0.1348273,0,0.08480522,0.09621385,0,0,0.2005095,0,0,0.06922617,0.09901559,0,0.3967489,0.1178723,0,0,0.06160933,0,0.3175263,0,0.1386512,0,0,0,0,0.4889298,0.407617,0.1509959,0.3661395,0.1144522,0,0,0.5465842,0,0,1.333927,0,0,0.1884452,0.6260162,0,0.4195617,0,0.1679705,0,0.5529481,0,0,0.4549901,0,0,0,0,0,0.3748545,0,0,0.1916499,0,0.28963,0.1561588,0,0.03202936,0,0.1668795,0,1.056654,0.3011825,0.0666273,0,0.02534931,0.3629849,0,0.5172231,0,0,0,0,0,0,0.09579471,0.445052,0.07308526,0,0,0.301214,0,0.1787028,0.9278516,0,0.4635516,0.06104285,0,0.1145898,0,0,0.1656364,0,0.1618828,0,0,0,0,0,0,0,0.3477249,0,0,0.3786725,0,0,0,0,0.2360476,0.03066455,0,0.3686898,0,0.1253695,0.1204135,0.5197456,0,0,0,0.268777,0,0,0,0.1622715,0.1859002,0,0.1040234,0,0.2960831,0,0,0,0.03809997,0.02057926,0.07741487,0.4421912,0.249014,0,0.7424542,0,0.1744535,0.1967171,0,0.3193631,0,0.3188554,0.5463758,0,0.1045259,0,0,0.4404458,0,0,0,0,0,0.2596442,0,0,0.6555641,0,0,0,0,0.1358651,0,0.171572,0,0,0,0.3159186,0.1427577,0.8154074,0,0,0.04921126,
0,0,0.5162962,0,0.1849008,0,0,0,0,0,0,0.0800673,0.0975887,0.187635,0,0,0,0.2468083,0,0.5910795,0,0.2458731,0,0,0.2452954,0,0.02199213,0,0,0,0.3112358,0,0,0,0,0,0.1079393,0.1779527,0.8861544,0,0,0.4237411,0.1817337,0,0,0.4483928,0,0.4754125,0,0,0.02751035,0,0,0.5018691,0,0,0,0.5411984,0.4544253,0,0,0,0,0,0,0,0,0.1323544,0.2231307,0,0,0,0,0.4641672,0.2750632,0.2894754,0.2546791,0,0.2071799,0,0.6484653,0.002333867,0,0.423969,0.06122997,0.09399457,0,0,0,0,0.6379102,0,0,0.06281535,0,0,0,0.101145,0,0,0,0,0,0,0.06346588,0,0,0.004820485,0.2392611,0,0,0,0.581181,0.1552342,0.1664258,0,0.2292979,0,0,0.04784575,0,0,0,0,0,0.1826925,0,0.06020125,0,0.3596329,0,0,0,0,0,0.3680656,0,0.4405237,0,0,0.4146277,0.2090931,0,0.03114988,0,0.1067489,0,0,0.006518302,0,0,0.08404896,0,0,0,0.2260223,0.06943718,0.1167546,0,0.6725604,0.3540541,0,0.7935221,0,0.1058572,0,0.09412339,0,0,0,0,0,0.2374999,0.2809057,0,0.3425018,0,0.381584,0.3497,0.09296624,0.3201437,0.3135254,0,0.4563405,0,0.03858018,0.008312236,0,0.1586617,0,0.3605261,0,0,0.2643687,0,0.09742024,0,0,0,0,0.214334,0,0,0,0,0,0,0.1937985,0,0,0.2352555,0,0,0,0.0810615,0.3511671,0.3512244,0.1148378,0,0.1095783,0,0,0.01461671,0,0.1216414,0.6031841,0.2541684,0.3979133,0,0,0,0.3279764,0.4681855,0,0.2995811,0,0,0,0.1159132,0.3380213,0,0.1616007,0,0.1508066,0,0.1456003,0,0,0,0,0.01137205,0,0.570271,0,0.007906538,0,0.2037014,0,0,0,0.2794309,0,0,0.8527408,0,0.1078933,0.7470492,0,0.5748155,0.2908043,0.3401766,0.3833944,0,0.3669797,0,0.1142318,0,0.4194613,0.4603861,0,0.3421434,0.6910245,0,0.5205731,0.1081204,0.1647472,0.04280362,0.1111082,0.4248109,0.1368063,0.7144617,0,0.2017438,0,0,0.4002455,0,0,0.1689831,0.4882227,0.5150416,0,0.3754665,0,0.4548894,0.4704547,0.4164764,0,0,0.1943189,0,0,0.06102318,0.1378406,0,0,0.4973344,0.3289025,0,4.55183,17.77299,19.60494,2.380485,0,0.3703894,0,0.3597901,0,0.2165343,0.643589,0,0.2335949,0.2925094,0.3172924,0.2310436,0.4519965,0.1024724,0.3127587,0,0.5716687,0,0,0,0,0,0.2791444,0.1502179,0.04326057,0,0,0,0,0,0.2486486,0.1669851,0.3323884,0.004409704,0.005491716,0.2845206,0.03074966,0,0,0,0.4875313,0.2830705,0,0.4287114,0,0.08942385,0.233971,0.5217314,0.4596005,0,0.2705233,0,0.04277086,0,0.3080937,0.2203221,0,0,0,0,0.2602612,0,0.08414784,0.03835407,0,0,0.6798439,0.1864801,0,0,0.5129877,0,0,0.3541096,0,0.08863706,0.1937845,0.03471988,0,0.4192218,0,0,0,0.02755087,0,0.4080469,0.4448881,0.2850474,0.4783126,0,0,0,0,0.1538074,0,0,0,0,0,0.2307846,0.4253159,0.3431988,0,0.2764703,0,0.4357125,0,0,0.2854714,0,0,0,0.1193127,0,0,0,0.006636935,0.1096253,0,0,0,0,0.1861151,0.1087336,0.4737365,0.03840687,0.2742299,0,0.1594778,0,0.472484,0,0.08855951,0,0.2596612,0,0,0.03342741,0.1729499,0,0,0.1237527,0.01076459,0,0.5968455,0.149018,0,0,0,0.2210542,0,0.2282431,0,0,0,0,0,0,0,0,0.2239546,0,0,0,0,0.8002127,0,0.2568385,0.1505708,0.1683226,0,0,0.2101157,0,0.0241986,0,0.3564652,0.2284357,0,0,0.07003039,0.1044998,0,0,0.03820233,0,0,0.3772575,0,0,0,0,0,0,0.3095082,0,1.075138,0,0.4977784,0,0,0,0.009852167,0,0,0,0,0,0,0,0,0.4361084,0.04123795,0,0.160582,0,0,0.6434681,0,0,0,0,0,0,0.05244052,0,0.1382881,0,0.6617966,0.5018887,0,0.3701009,0,0.3967379,0,0.4521794,0.02041361,0,0,0,0.4610052,0,0,0,0,0,0.8367245,
0.7460001,0.1454843,0,0,0.1766208,0,0,0,0,0.0300796,0,0,0.006273794,0,0,0,0,0,0,0.1023882,0,0,0,0,0,0,0.2904401,0.2382261,0,0.3897001,0,0.1867364,0.1066757,0.8394263,0,0,0,0,0,0,0.7248666,0.02021958,0,0,0,0.3364375,0,0,0,0.3566048,0,0,0.5791107,0,0,0,0,0.8503617,0,0,0,0.3756063,0,0,0.07792784,0,0,0,0,0,0,0,0,0,0,0.1591073,0,0.6717939,0.1234983,0.07476109,0.5844218,0,0,0,0,0.09212719,0,0,0.1034478,0.09713721,0,0,0,0,0.1611048,0,0,0,0,0,0.2915603,0,0,0,0,0,0,0.2157995,0,0,0,0,0,0,0.0852992,0,0,0,0,0.4978831,0,0,0.2265479,0,0,0,0.5075606,0,0.02705543,0,0,0,0,0.06564833,0.3506384,0,0.4043748,0,0.3137429,0,0.5346178,0,0.2385949,0.2271083,0,0,0.411972,0,0,0,0.3509519,0.2346658,0.2776378,0,0.5049311,0.215226,0,0,0,0.2290975,0,0.1346346,0,0,0,0.1445006,0.4388568,0,0.4068557,0.3780075,0.00564961,0,0.6547485,0,0,0.3041911,0,0.2260115,0.330864,0,0,0,0,0,0,0.01056333,0.4170132,0,0,0,0.04360196,0,0.01429497,0,0.1298766,0.1388718,0,0.1453579,0,0.09389892,0,0.24765,0.1059142,0,0,0,0,0,0,0,0,0,0,0,0.1700806,0.8030179,0,0.0863241,0.09766931,0,0,0,0,0.5162677,0.07318404,0,0,0,0,0,0,0.000110676,0,0.08087323,0,0,0.6160522,0,0,0,0,0,0,0.332123,0,0,0.4316982,0,0.08220255,0,0,0.1844673,0.0484598,0.49426,0,0,0,0,0,0,0,0.1367978,0,0,0,0.6727695,0,0.375382,0.1151425,1.740216,0,0,0.4496667,0,0.1276052,0.1921394,0.1408652,0,0,0.3613981,0.4872077,0.5128393,0,0,0,0,0.4371654,0,0,0.2720534,0.7112889,0,0.2067462,0.5737485,0,0,0,0.6051935,0.6800625,0.3515697,0,0,0.9593467,0,0.06913498,0,0,0,0.1188536,0,0.1178231,0,0.01057196,0,0,0.2136617,0,0,0,0.3351971,13.04477,17.76056,14.05512,0.1633753,0.3232426,0.3333541,0.4684221,0.4294251,0.2004788,0.3562309,0,0,0,0,0.1709594,0,0.3774383,0.1673348,0,0.1218217,0.674343,0.1872222,0.3875348,0.4786523,0.5150647,0.5721504,0.2351862,0,0.2727075,0.1436694,0.001780411,0,0,0,0.2373096,0.2811826,0.2271643,0.04666101,0.05323895,0.493039,0.4842886,0,0,0,0,0.1705031,0.06343527,0,0,0.08370171,0.6245356,0,0.4890027,0,0.3732337,0,0.3653248,0.7157714,0,0.07358997,0.4495762,0,0.192777,0.1078552,0,0,0.4362133,0.2198873,0.009369287,0,0,0,0,9.359866E-05,0.1648929,0.02268118,0.3873653,0.1682562,0.04408833,0,0.4913632,0,0.3365973,0.5912031,0,0.51138,0,0,0,0.7469035,0,0.03090288,1.012661,0.03854431,0,0,0.3133584,0,0,0.1012024,0,0,0.370839,0,0.6195786,0.1052813,0.04552657,0,0,0,0.2799336,0,0,0,0,0,0,0,0.09818275,0.9340485,0.4846736,0.2688233,0,0,0,0,0,0,0.1215061,0.360946,0.2242652,0,0,0,0,0,0.03612152,0,0,0,0.002942937,0,0.001195036,0.9378612,0.6208243,0.5837103,0.09210715,0.1610719,0,0.1232122,0.691514,0,0,0.5448785,0.5959647,0.008208971,0,0,0,0,0,0,0,0.3762984,0.3292351,0,0.526848,0,0,0.2260917,0,0.4125286,0.3826428,0,0,0,0.4127884,0.1131675,0.3976594,0,0,0,0,0,0,0,0.2304561,0,0.2158584,0,0,0.0863448,0.05767992,0.1557249,0.0303872,0.3568726,0,0,0,0,0.2874681,0,0,0.03395537,0,0,0,0.1111037,0.4575137,0,0,0.3054526,0.06067057,0,0,0,0.6693605,0.002058805,0,0,0,0.4874857,0,0,0.3830009,0.306556,0,0.07920865,0,0.0079741,0.1206023,0,0,0.2641422,0,0,0.1059048,0,1.0554,0,0,0.1025633,0.06909052,0.2083883,0.454466,0,0.04396109,0.491057,0.0005971403,0,
0.1250041,0.3577965,0.2255763,0.233999,0.4956799,0,0.176431,0.1888437,0,0,0,0,0,0,0.04702596,0,0,0,0.3950109,0,0,0,0,0,0,0,0,0,0,0,0,0,0,0.06239219,0,0.2738586,0,0,0,0,0.2876573,0,0,0,0,0,0.1174815,0,0,1.06511,0,0.2534092,0,0,0,0,0,0,0.07865693,0.1354493,0,0,0.4754571,0.4703648,0.3263262,0,0,0,0,0,0,0.2627892,0,0,0,0,0,0.2897892,0.229185,0,0,0,0.1779039,0,0.4577744,0,0,0,0.2076681,0,0,0,0,0.2915805,0,0,0.1547226,0.09330335,0,0,0,0.159496,0,0,0,0.1012179,0,0,0,0,0.2499292,0.06300311,0.5383784,0,0,0,0,0.03553657,0,0,0,0,0,0.05345709,0,0.1228009,0,0,0.1961811,0.1050149,0,0,0,0,0,0,0.4688232,0.1159793,0.212773,0.7840102,0.3199643,0.4079851,0,0,0,0.08409871,0.6807228,0.5623206,0,0,0,0,0.2346505,0,0,0.1510199,0,0,0.1426887,0.233063,0.3915592,0,0,0,0,0.9100492,0,0,0.4864033,0,0.1036136,0,0.02158195,0,0,0,0,0.09583494,0.3236875,0,0,0,0.05340084,0.4188624,0.3579105,0,0,0,0,0,0.1040911,0.5750312,0.3454379,0.1174279,0,0.2084541,0,0,0,0,0,0,0,0,0.07333948,0.1666523,0.6240818,0,0.1754835,0.07981741,0.2253911,0,0.3874992,0,0.1227643,0.5673522,0,0,0.6242805,0.1889131,0.1330329,0,0.1528903,0,0,0.8409902,0,0,0,0.09274952,0.08656037,0,0.210498,0.06665421,0,0.1526602,0,0.3759178,0,0,0.1988443,0.4705424,0,0,0.4084922,0,0,0,0,0.2736227,0,0,0,0,0.01251444,0,0.2333831,0,0,0.4223118,0,0.2893984,0.2147387,0,0.01711144,0.4503559,0,0.5301354,0.5582495,0.592584,1.607389,0,0,0.06100755,0.06429915,0.467894,0.7960194,0,0,0.7406472,0.1588918,0,0,0.418271,0.5972305,0,0.3282597,0.4452955,0,0,0.5658769,0.3342654,0.05497191,0.3502267,0,0,0,0.3490299,0.3711732,0,0.04819736,0.1605239,0,0,0.6114301,0.006511863,0.2326709,0.1486731,0.6917919,0,0.8368846,0.1952117,0,0.2053557,0.5125875,0,0.2906675,1.367675,0,0.09619107,1.328489,18.5448,18.07428,0.9720186,0,0.05041765,0.2126933,0,0.4787304,0,0,0.3717588,0.4963044,0.2855689,0,0.3596389,0.06874093,0.2978389,0,0,0,0,0,0.3430447,0.719719,0.0897052,0.3839199,0,0.1454037,0,0,0.1506478,0.2358701,0.1490076,0.009755009,0.06567799,0,0.2850624,0,0.6919366,0,1.514758,0,0.3990525,0,0,0,0.2786497,0.09965466,0,0.07042246,0.4666142,0,0,0.6461111,0.08914512,0,0,0.460246,0.02753814,0.5046084,0,0.2768123,0,0,0,0.269288,0.2491443,0.3939767,0.09923931,0.7763845,0,0,0,0.1305209,0.1284155,0,0.304305,0,0,0,0.463652,0,0.167404,0,0.306438,0,0,0,0.08454792,0,0.02993203,0.5830223,0.4072941,0.2645478,0,0.1451097,0.66294,0.1217821,0,0.5467574,1.267769,0,0.5090344,0.3453312,0.3148476,0,0.1355373,0,0.1884594,0,0.1174637,0,0.7641669,1.34548,0,0,0,0,0.117431,0.3242664,0,0,0,0.3924834,0.7672716,0,0.01259159,0.05692961,0,0.2322821,0,0.4834649,0.8765646,0,0.05167127,0,0,0,0.2353856,0,0,0,0,0.4369034,0.1638134,0,0.5776816,0,0,0.06014371,0.6411576,0,0,0,0.5743723,0.1381062,0,0,0,0,0.3440359,0,0,0,0.420209,0,0,0,0.2337811,0,0,0.1201491,0.2399803,0.00139937,0,0,0.1949634,0.3849831,0,0,0,0,0,0,0,0.9464889,0.1151338,0.2436508,0,0,0,0,0.003724466,0,0,0.06695668,0,0,0,0,0,0,0.03627824,0.04751164,0,0.114579,0,0.1166825,0,0,0.0006454777,0.08738258,0.2522151,0,0.06328948,0.1334494,0.09558567,0,0.1037221,0,0.9915996,0,0.01304298,0.1360088,0,0.5726225,0,0,0,0,0.1990209,0,0,0,0,0,0,0,0.003188229,0.06539226,0.2490445,0,0,0,0.2754216,0,0,0.2033441,0,
0.1927399,0.1530195,0,0,0.06279537,0.4662251,0,0,0,0.171094,0,0,0,0,0,0,0,0.02236203,0,0.07146264,0.07988532,0,0.3940945,0,0,0.2172883,0.14577,0,0,0,0.04056884,0.2077188,0,0.3096382,0.4152529,0.2088638,0.112372,0.2946938,0,0.4265482,0.1840457,0,0,0,0.03669681,0.1414684,0,0.1576046,0,0,0.7397619,0.3043561,0.07746858,0,0,0.1023559,0,0.4864429,0.005349059,0,0,0.09495943,0,0,0,0,0.1438358,0,0.03615142,0,0,0,0,0,0,0,0,0,0,0,0,0.1479501,0.1260615,0,0,0.05830077,0,0,0,0,0,0.5268664,0.4157922,0.3832207,0,0,0,0.1081471,0.5817054,0,0,0.07876995,0.1338432,0.4209178,0.7918445,0,0,0,0,0.5912273,0,0,0.1364187,0.227726,0,0.02250394,0,0,0,0,0.4681712,0.2922573,0,0,0,0.01972447,0,0.2296073,0.2561447,0,0,0,0,0,0.07086822,0.9104977,0.2093339,0,0,0,0.4094737,0.233238,0,0.5262638,0,0.1776197,0,0.1287155,0,0.4476213,0,0,0,0,0.03609408,0,0.1027468,0.3884385,0,0,0.07040074,0,0,0.185645,0.1430959,0.3312841,0,0,0.1578146,0.1366291,0,0,0,0.05695326,0,0.1584044,0.5996367,0.5119358,0,0,0.3338566,0,0,0.1488899,0,0,0.4435324,0.3362646,0,0,0,0,0.07525156,0,0,0.5333547,0,0.05245547,0,0.5028879,0,0,0,0,0.4602652,0.3142648,0,0,0,0,0,0.2203096,0,0.8658455,0,0.3202485,1.164824,0,0.1779793,0,0.3837864,0,0,0,0.3139606,0.3456625,0,0,0,0,0.08181821,0.3222015,0,0,0,0.2128866,0.5262656,0.1606462,0,0,0,0,0.1885828,0.2973396,0,0,0,0.1343022,0.02770269,0,0,0,0,0.1197336,0,0,0.08584693,0,0,0,0,0,0.6578124,0.02637301,0.06647703,0.001975365,0.1032246,0,0.04904222,0.2083254,0.4079766,0.3589996,0.2386332,0.05493788,0,0,0,0.4869938,0.2723569,0.9909213,0.6096615,0,1.04037,0,0.1466184,0,0.6200845,0,0,0.604332,0,0,0.06637355,0.800482,0.2493623,0,0.07819991,0.2930785,0,2.056373,0.7490793,0.6586828,0.4198117,0,0.2605338,0.01047447,0.02971782,0,0,0.2233372,0.1520608,0,0,0.08499517,0.2411409,0.09476869,0.5118805,0.02693635,0,0.07300783,0,16.32666,17.55014,0.7516532,0.1394364,0.1450076,0.3536749,0.06142295,0.1172662,0,0,0.6319788,0,0,0,0,0.3634379,0.2518212,0.2288658,0,0.4915686,0.3128734,0,0.3746426,0.693303,0,0.3237805,0.6189728,0.0369009,0.2567108,0,0,0,0.4949767,0,0,0,0.02100611,0.04051992,0.8014737,0.478713,0.2757136,0.08927092,0,0,0.7859157,0,0.02375185,0.5644437,0.2268301,0.04245477,0.5871637,0.04214773,0,0,0.3968557,0.171643,0.2873757,0,0.02817072,0,0.1327748,0,0,0,0.05501982,0,0,0.1185786,0.2434785,0.08107693,0.8539454,0,0,0.6036656,0,0.431779,0.468923,0.007654779,0.3435295,0.4929051,0.1673278,0.1311011,0,0.0996265,0.02644477,0,0,0.1570871,0,0,0,0,0.04584759,0,0.1710857,0.2226339,0.2269763,0,0,0.347281,0.259246,0.2707466,0,0,0,0.6207922,0.1703703,0,0.2304478,0,0.07454678,0.4889929,0.5074826,1.126743,0,0,0,0.2169444,0,0.3189732,0.1796217,0,0.481566,0,0,0.1938454,0.1976372,0,0,0,0,0.2899698,0,0.2207099,0.5784108,0,0,0,0.6721275,0.01593321,0,0,0,0,0.217197,0,0,0.6215739,0,0.2490354,0,0,0.2115337,0.1621795,0,0,0,0,0,0,0,0.5356283,0,0,0,0,0,0,0,0,0,0,0.1773531,0,0,0.2004853,0.3038682,0,0,0.1006124,0,0,0,0,0,0,0.07221834,0.4785437,0.6924975,0,0.2191281,0.1481594,0,0.1881715,0,0,0.4837711,0,0.08989833,0.2320748,0,0,0,0,0,0.4554792,0,0.7725844,0,0.07620439,0.1698014,0,0,0.1345532,0,0,0,0,0,0.359541,0.4303186,0,0.1254909,0.1078723,0,0,0.3672819,0,1.201885,0.9810759,0,0.4237291,0.08607396,0,0,0,0.253285,0,0,0,0,0.1301743,0,0,0.4857529,0,0.1842006,0.08434635,0,
0.07793061,0.2022248,0.7686711,0,0.164419,0.251475,0,0,0.03879563,0,0,0,0.1064798,0,0,0,0,0,0,0,0,0,0,0,0.1707836,0,0,0.227169,0,0,0,0.07210068,0.3521237,0.09972476,0.1259789,0,0,0,0,0,0,0.5404373,0,0.476336,0,0,0,0,0.3736389,0,0.4697556,0,0,0,0,0.09925552,0.7276827,0.27923,0.4173726,0,0,0,0,0.1095177,0.4717685,0,0.1055953,0.3462382,0,0,0,0,0.8529815,0.4168729,0,0,0,0.01230854,0.02305833,0.2500921,0.01912869,0,0.7486414,0.6022435,0.3130497,0.525627,0,0,0,0,0,0.02509479,0,0.03843836,0,0.1564618,0.2477401,0,0,0,0,0,0,0,0.1300815,0.2351711,0.4960973,0,0,0,0,0,0.08297617,0,0,0.3911088,0,0,0,0.01993989,0,0,0,0,0,0.006328822,0.07467674,0.4275929,0,0,0.1052804,0.1869524,0.9502587,0,0.2875936,0,0.3590159,0,0,0.3727922,0.5520356,0,0,0.1276102,0,0,0,0.1513148,0.3957448,0.004709291,0.2324704,0,0,0,0,0,0,0,0.1976888,0,0,0.2663603,0.7563235,0,0.07109078,0,0.3764392,0.3429891,0,0.4490559,0,0,0.555145,0,0.7381023,0.1133095,0,0.3485916,0.1287927,0,0.2927611,0,0.04096657,0.06088805,0.03659735,0,0.4793758,0.5733838,0.1652849,0,0.04139108,0.01378267,0,0.5534374,0,0,0.3619822,0.3340151,0.4368024,0,0,0.224132,0,0.3572571,0,0,0.2500094,0.3035133,0,0,0.06706008,0,0.1017291,0.9145233,0,0.3619696,0,0,0.1085728,0.3921531,0,0,0,0,0,0.3612699,0.1851082,0.2575218,0,0,0,0,0.6029952,0,0,0,0,0,0,0,0,0.2384707,0,0.08543646,0,0.3725579,0.5895354,0.1714998,0,0.007109032,0,0,0.5792057,0.0005337612,0,0,0,0.2559661,0.03874685,0.2818972,0.393696,0,0.02768734,0,0,0.07821631,0.3040255,0.3901234,0.6347969,0.2668253,0.07598093,0,0.470643,0.1833086,0.03294757,0.3990518,1.095598,0.574212,0.5200977,0.1669564,0.5584899,0.4344651,0.436329,0.1591921,0,0.3066145,0,0,0.188834,0,0,0.3164648,0.2642491,0,0.1019002,0,0,0,0.2131956,0,0,0.3008933,0,0.5151954,0,0,0.08757298,0,0.06307489,0.1633967,0.3307483,0,0,0.4017294,0.9853696,0.345877,0.247809,0.4354454,0.916199,0.4992958,0,8.009533,16.74862,10.53314,0.2793854,0,0,0.6062915,0.5284783,0,0,0,0.3056814,0.4325024,0,0,0.07346522,0.1584213,0.01493023,0.07040732,0.1485008,0,0,0.5035878,1.02453,0.2081268,0.03565168,0,0.1357899,0,0.150938,0.1222056,0,0.1853169,0.8875324,0,0.3381105,0.8032765,0.6024249,0,0.7991527,0.3096128,0.0461047,0.3056081,0,0.3807753,0.3363577,0.2341573,0.4296421,0,0.03894929,0,0.8617345,0.100339,0,0,0,0,0,0.1317098,0.04713577,0,0.2757487,0,0,0,0.2276786,0,0.8695374,0,0.2640111,0.4393088,0.04308463,0,0.1915208,0,0.08820099,0.1144781,0.5249129,0.118288,0.01288205,0.3405958,0.09797234,0,0.06078999,0,0,0,0.1107432,0.4228204,0.07852102,0.5464591,0.2887373,0.1926256,0,0,0.06840952,0.5084743,0,0.2233446,0,0,0.1853518,0,0,0,0.2239164,0.567453,0,0.04717617,0,0.8075868,0,0.3633938,0.6475201,0.6498893,0,0,0,0.4243543,0,0,0,0,0,0.1300884,0,0.1467083,0,0,0.7192406,0.4825279,0,0,0,0,0,0.3634908,0,0.04111923,0,0,0,0.3142796,0,0,0,0.743979,0.2203481,0.3346893,0,0,0.4286874,0.1822107,0,0,0.3687103,0.4589063,0,0.002765966,0.1296832,0.05123518,0.609717,0.411687,0.4643934,0,0,0.5915953,0,0.4981212,0,0.2004989,0.1179334,0,0,0,0.4220701,0,0.1552474,0.1043256,0.1982247,0,0,0,0,0.8125979,0,0.2202224,0,0,0.1376884,0.3941292,0,0,0,0,0,0,0.1250346,0.4676772,0,0,0.2469085,0,0,0.4332776,0.1498328,0.34032,0.04630863,0,0,0.06188545,0.6108043,0,0,0,0.5097036,0,0,0,0.01776428,0,0.3349217,0.007515684,0.09672153,0,0,0,0,0,0,0.3812869,0,0,0,0,0.08202403,0,0,0,0,0.263489,0,0.2428903,0,0,0.2762863,0,0,0,
0.3315997,0,0.4708895,0.2155524,0.06398133,0.1458411,0.2238056,0.4028921,0,0.1472154,0.02728701,0,0,0.1633133,0.2483439,0,0,0,0,0,0,0.6937296,0,0,0.009676994,0,0,0.258162,0,0,0,0,0,0.6075691,0,0.5273631,0.5961199,0,0,0.7719946,0,0.0904876,0,0,0,0.03576747,0,0.1202293,0,0,0,0,0.04997024,0,0.5718143,0.002220093,0,0.9224521,0,0.1064127,0,0,0.2907982,0.07741604,0,0,0.1504409,0,0.01378463,0.9249399,0.3064945,0,0,0,0,0,0,0.416127,0.4392295,0.1695877,0,0.04325145,0.8841741,1.68976,0.5257516,0,0,0.2991046,0,0.2909413,0.3385241,0,0,0.4016074,0.4320213,0,0.04680499,0.669617,0.3643647,0,0,0,0.1936056,0,0,0.5628581,0.9668401,0,0,0,0,0,0,0,0,0,0,0.4033127,0.03275101,0,0,0.4918745,0.3039726,0,0.5231106,0,0,0,0.344015,0,0.3768503,0,0,0,0.5628192,0,0,0,0,0.3678714,0.3435973,0,0,0.07874124,0.1193729,0,0,0.2160043,0.1261434,0,0.4323765,0.03998182,0.4359825,0,0.3669256,0,0.1313224,0.05641874,0.3921137,0,0,0,0,0.06524366,0,0.6552715,0,0,0,0,0,0.1072338,0,0,0.3820497,0.08001862,0,0.0688702,0,0,0,0,0.1823736,0,0,0,0,0,0,0,0.1029171,0.03091618,0,0,0,0.0977364,0.0510697,0,0,0,0,0,1.15137,0,0.2613297,0,0.6503996,0,0,0.5007362,0,0,0,0.3698254,0,0,0.283776,0,0,0,0,0,0,0,0,0.8389562,0.5481802,0.7579433,0,0.146037,0,0,0,0,0.3340869,0,0.5282937,0,0,0.4858576,0,0.4572525,0,0,0.3185408,0,0,0.124356,0,0,0.3179735,0,0,0.998249,0.3184902,0,0.2963868,0.1034773,0,0,0,0,0,0,0.6314486,0.3361584,0.1185684,0,0.1549018,0.01014381,0.6366749,0,0.1834802,0.6809299,0,0,0,0,0,0,0.4675525,0,0.03388831,0.1723519,0,0,0,0.2068433,0.2280197,0,0.1344955,0.3827373,0.4164265,0,0,0.3151657,0,0.4632704,0,0.3066705,0.1303688,0,0.2105243,0,0.1413557,0.3082877,0.3074133,0,0.3958677,0.2313597,0,0.2791131,0.478191,0.5412889,0.1383718,0.1690539,0,0.3327766,0,0,0,1.216353,17.14018,17.26915,0.6535227,0,0.009448095,0.2155844,0.2857664,0,0.4139378,0.08666107,0.3582191,0.4378302,0,0.1961966,0.2569669,0.9904701,0.2261647,0.03335729,0,0,0.3676619,0,0.08414652,0.2679834,0,0,0.2737839,0.07864439,0,0,0,0,0,0.3350044,0,0.06165786,0.8249004,0.4276142,0.5604519,0.09053186,0,0.105455,0,0.6610079,0.2054251,0.3527953,0.001926091,0,0.2316429,0,0.4372666,0.351161,0,0,0,0.1442589,0.2489857,0.5541108,0.07734282,0.1759558,0.1090386,0,0.5255446,0,0.1827078,0.009340761,0.02559449,0.3163143,0.08748537,0.06894548,0,0.05970512,0.07863214,0.0054637,0.1408318,0.4110309,0.3219119,0,0,0.8162404,0,0,0.4900649,0.1381364,0,0.3540208,0,0,0.1457321,0.1407821,0,0,0,0,0,0,0.4312366,0.7048981,0,0.05828728,0,0.09480354,0.2604578,0,0,0.1063131,0.4511645,0.603866,0.4306435,0.2007411,0.1662288,0.4579732,0,0.01763069,0.2675604,0.439288,0,0,0,0.01087092,0.1379331,0,0,0,0.1510684,0,0,0.7769763,0,0,0,0,0.05844716,0,0.3033226,0,0,0.02671212,0,0.07158208,0,0.1675068,0,0.006254067,0.09908079,0.0125096,0,0.0721762,0.5173657,0.322933,0.2611549,0,0,0,0.03664868,0,0.5535866,0,0,0,0.1029358,0,0,0,0.3123279,0,0.6301649,0,0,0,0.163006,0,0,0,0,0,0.1146341,0,0.4140514,0.5428166,0.4158454,0,0,0.09448459,0,0,0.1941065,0,0.4142589,0,0,0.06152468,0,0,0,0,0,0,0.5327104,0.7869031,0,0.137657,0,0,0.03078288,0,0,0,0,0,0,0,0.3009504,0,0.5071217,0,0,0,0,0.2917484,0.03728247,0,0,0,0,0,0,0,0.4229699,0,0.1298949,0.5478215,0.0742894,0,0,0.2125804,0,0,0,0.5027177,0.05147609,0.2270689,0.03278486,0.1806333,0,0.4527701,0.2671263,0,
0,0.3092977,0,0,0,0,0.2961081,0.001392081,0,0,0.6957462,0,0.02557923,0,0,0,0.3935863,0.2905444,0,0,0,0,0.142439,0.1802152,0.3294073,0,0.3532768,0,0,0,0,0.103415,0,0,0,0,0,0.3897969,0.3769436,0.8867426,0,0,0,0,0.4687736,0,0.2759437,0,0.3472417,0,0,0,0.4781449,0,0,0,0,0,0.02134066,0,0,0.6060297,0,0,0,0,0,0,0,0,0.3340841,0.8504326,0.9289016,0.5207697,0.2489911,0,0.509132,0,0,0.5499638,0,1.751776,15.85312,9.4762,0,0,0.2799149,0,0,0.08142404,0,0,0,0,0,0,0.1959226,0,0,0.03588901,0.1394842,0,0,0,0,0,0,0,0.6440445,0.0181066,0,0.2845149,0,0,0.181113,0,0,0,0.9779536,0,0,0,0.29793,0,0,0.532827,0,0.1892561,0,0,0.4914335,0,0,0.08584764,0.2830592,0.2257874,0,0.2436725,0.1199164,0,0,0.6125849,0.6083972,0,0,0.1855991,0,0,0,0,0,0,0,0,0,0.301869,0.6234706,0,0,0,0.1815618,0.1289148,0,0.08390419,0.306083,0,0,0,0,0,0,0,0,0,0,0,0.6723577,0,0,0,0.2654213,0.2487177,0,0,0,0,0,0,0,0,0.5869316,0,0,0,0,0.1587828,0,0,0.2784297,0,0,0,0,0.6379035,0,0,0,0.5991668,0,0,0,0,0,0.05118626,0,0.1718995,0.3961451,0,0,0,0,0,0,0.3855272,0,0,0,0,0,0,0,0,0.4245506,0,0.2299146,0.3363065,0,0,0,0,0,0,0,0.4516537,0.1597805,0.0007361724,0.8021944,0.09304059,0,0,0.1551259,0,0,0,0,0,0,0.0003359998,0,0.5688812,0,0,0.5483192,0.4801191,0,0.1673527,0.2242907,0.01402323,0.05453458,0.3298664,0.1722273,0.2893264,0.1719008,0,0.5138413,0.1863949,0.5580025,0.0348306,0.1257005,0.07576227,0,0.2269,0.3111239,0.5376039,0,0.08772589,0,0.03069245,0,0,0.611585,0.2441338,0.1368981,0,0,0.1579686,0,0.05431002,0.09006999,0.3196824,1.263039,0.176229,0.5434839,0,0.2751169,0.2949643,0,0.05640521,0.5353857,0,0,0.5895169,0,0.8563164,0,0.05662438,0,0.3324193,0,0.3012566,0,0,18.53604,18.50517,0.8750791,0.7848597,0,0.254785,0,0.3127848,0,8.552271,2.136243,0.9450416,2.10644,10.55856,0.7874566,14.27313,15.36306,0,0.9603071,0,0.1040737,0,0,0,0.2339806,0,0.9095978,0.06512048,0.1616077,0.3992829,0.4558201,0,0.1950893,0,0,0.1646164,0,0.8285441,0,0,0.2335044,0.3762124,0,0.02747932,0.05140025,0.07852291,0.03467052,0.6264257,0,0.2841169,0.1353814,0,0.3046567,0.6141356,0.1547567,0.2352248,0.03127522,0,0.02801364,0.4199459,0.3135853,0,0.03675231,0.3772966,0,0.0535425,0.0184896,0.4083125,0,0,0.3579702,0.2903277,0.0405669,0,0,0.01745701,0.327822,0,0.2747199,0.1817776,0.1691136,0,0.1445767,0,0.0001316633,0.4391264,0.05712318,0.7014136,0,0,0,0,0,0.3340833,0,0,0.344791,0,0.2510137,0.2247382,0,0.239952,0,0.4450583,0,0,0,0.3852781,0.6013552,0,0,0,0.2301828,0,0.3455837,0,0.6817599,0.5219954,0,0.2946533,0,0.6496703,0.1382048,0.3353792,0.6570306,0,0,0,0,0,0.122986,0.2019168,0.6000702,0.1687259,0.3786426,0,0.3008646,0,0.3141637,0.1618969,0,0.2096369,0.2543244,0.542424,0.1589588,0.03965576,0,0.5827405,0,0,0,0,0,0.7010459,0,0.2253801,0,0,0,0,0,0,0,0,0,0,0,0,0,0.2445139,0,0.2967651,0.0007073043,0.07227688,0,0,0.5750719,0.5072648,0,0,0.04714591,0,0.159002,0.360764,0,0,0,0.3997584,0.04793249,0.2648081,0,0.4704556,0,0.1804501,0,0,0,0.08533182,0,0.1085527,0,0.2098143,0.09998034,0,0,0,0,0,0,0,0,0,0.5279787,0.08498142,0,0,0,0,0,0,0,0.6117784,0,0,0.01654941,0,0,0,0,0,0.172627,0.2022285,0,0,0,0.6384264,0,0,0.1221244,0,0.2500805,0,0.3821218,0,0,0,0.6881961,0.6588773,
0,0.7031741,0,0.7896191,0,0.2734459,0,0,0,0.2758946,0.109401,0.004305137,0,0.6929624,0.009668435,0,0,0,0,0,0.2205997,0,0,0.3601266,0,0.0522439,0.2008708,1.005322,0.1394041,0,0,0,0,0,0,0,0,0,0,0.5364649,0,0.5987136,0,0.3876404,0,0,0.6229032,0.08132961,0.4695993,0.1478278,0,0,0,0.5015956,0,0,0.01646982,0.03172305,0,0,0,0,0,0,0.1249448,0,0,0,0.01645448,0,0,0.5911283,0,0,0,0.3791846,0,0,0.703384,0.1637339,0,11.61096,16.68396,12.17353,0,0,0,0,0.3336504,0,0.2666316,0.3378211,0.02889006,0,0,0,0,0.2907191,0.271653,0,0,0,0,0.1010467,0,0,0.09411187,0.04108228,0,0.2306531,0.3137519,0,0.02184604,0.1930981,0.04357999,0,0,0.4110737,0.02426471,0,0.1842875,0,0,0,0.2829179,0.1098329,0.1696419,0,0.955956,0.1340038,0.1661033,0,0.04437339,0,0,0,0,0.3615768,0,0.06170884,0,0,0.3492762,0,0.6393442,0,0.2262367,0,0,0.1758713,0,0,0,0.09967192,0,0.4255075,0.421966,0.01671697,0,0.1227277,0.01010467,0.9221389,0,0.1743498,0.007702615,0.1029126,0.2009229,0,0.1551446,0,0.2099124,0,0,0.6953975,0,0,0.2236556,0,0,0,0.204458,0.0260091,0,0.569815,0,0.08128264,0,0,0,0,0,0,0,0.8364194,0,0.08759975,0.1918621,0,0.4081796,0,0.1041404,0,0,0.1705261,0,0,0,0,0,0,0,0,0,0.5312172,0,0,0.6384674,0,0.3982767,0,0.157403,0.01168433,0,0,0.1824197,0,0,0,0.1841605,0.3124413,0.09622958,0,0.2939727,0,0.2688312,0,0,0,0,0,0,0.1428445,0,0,0,0.147236,0.3106714,0,0,0,0.06255216,0.2001962,0,0,0.0489531,0,0,0,0.445133,0,0,0,0.4891178,0,0.0728069,0.04283552,0.05308643,0,0.04932154,0.336152,0.03832849,0.1334192,0.177355,0.6748922,0.3616298,0.1709796,1.569099,0.940214,0.2203673,0.08485545,0.6759413,0.4067342,0.4087369,0.2807573,0.08493605,0.640449,0.1976695,0.2753599,0.4666778,1.067829,0.5397646,0,0.2528002,0.6077633,0.2925562,0.3908663,0,0.04856367,0.4571105,0,0.3592198,0.1597027,0.1031851,0.06931891,0,0,0,0.181417,0.4449756,0,0,0.2934383,0.03694879,0.07547269,0.05592385,0.2812456,0.671136,0.2641311,0,0.2871394,0,0,15.83823,18.06621,11.44515,0,8.995761,16.10162,5.425609,0.0805789,0.02724296,2.578584,4.638949,11.74977,6.580107,7.843989,0.2652674,10.8988,16.26882,0.6304663,0.4409432,0,0.2959493,0.4588152,0.02164306,0.1155131,0.02512737,0.4995829,0,0.3166358,0,0.02896793,0,0.05733601,0,0.2173724,0.3199702,0.3676529,0.1876119,0.1381499,0.8762627,0.7525126,0,0.09664255,0,0.5161073,0.1404369,0,0,0.2927114,0.250259,0.2573946,0.07433781,0,0,0.6076235,0.08569147,0,0.1190319,0.129711,0.05833388,1.064903,0,0.1230836,0.4601303,0.6035683,0.2963592,0.07856249,0,0,0,0.02241176,0.1146015,0.3000064,0.3589994,0,0,0.03013106,0.3528411,0,0,0.2492396,0.6787403,0.1002113,0.6934495,0.2051139,0.4458607,0,0.4785475,0,0.5088744,0,0.0008569483,0.4343734,0,0,0.5250965,0,0.1632761,0.02565569,0,0,0.2511553,0.2385511,0.6322979,0,0,0.1063157,0.51908,0,0,0,0,0.1854958,0,0.1989018,0.000371406,0.03298904,0,0,0,0,0.01979897,0,0,0.6854957,0.08011758,0.3680885,0,0.6188513,0,0.1970479,0,0,0,0,0,0.985425,0.1418964,0,0.2493831,0.03340415,0.1756668,0.2909749,0,0,0,0.1193974,0,0,0.1262071,0,0,0,0.2507763,0,0.2812259,0,0.487175,0,0.6519882,0,0.6907415,0.1910123,0,0.4981205,0,0.2755298,0.1724893,0,0.01948425,0.4772667,0.3587773,0.1172705,0,0,0.2219114,0,0.5014122,0,0,0,0.1289436,0,0,0.3767362,0,0,0,0.2105911,0,0,0.3831586,0,0,0,0,0,0,0.0494216,0.03489175,0.2763414,0.1181532,0,0,0.123942,0,0.6379424,0,0,0.01987297,0.02911609,0,0.1796076,0,0.9829354,0,0,0.1622403,0,0,0.6998355,0,0.1416667,0,0,0,0,0.2153575,0,0,0.2677843,0.4001685,0,0.3635166,0.1145568,0,0,0,0,0,0,0.07264043,0.02733096,0,0,0,0.2588331,0.1070716,0,
0,0,0.2125574,0,0,0,0.1812021,0.137189,0.5518185,0.712659,0,0,0,0.4560799,0.08991039,0.1677584,0,0,0,0,0,0,0,0,0.228217,0,0,0,0,0,0,0,0.2940609,0,0.1487313,0.5800121,0,0.6653925,0,0.01974195,0,0.1338047,0,0.5575017,0,0,0.1438905,0.0383622,0,0,0,0,0.2746635,0.2986762,0.2289838,0.08485468,0,0.3396099,0,0,0.5433044,0,0,0.3757317,0.3225057,0,0.2727071,1.092132,0,0.5076839,0,0.3204406,0,0,0,0,0,0,0,0,2.415536,16.70838,15.84423,3.568224,0.06639897,0,0,0,0,0.2327342,0.007032688,0,0.1765943,0,0,0.1511784,0,0.1001845,0,0,0,0,0,0.1920268,0,0,0,0,0.5099189,0.03817631,0,0,0,0,0,0,0.05400542,0,0.3288769,0,0,0,0,0,0.2029009,0.1201561,0.112106,0.2235257,0,0,0.1012998,0.3742155,0,0,0,0,0,0.5283968,0,0.1457484,0.004284838,0,0,0,0,0,0.3069689,0,0,0,0,0,0,0,0.4453163,0,0,1.02061,0,0,0,0,0,0.170051,0,0.06096665,0,0,0.1465321,0,0.1643815,0,0,0.6047381,0,0.2491942,0,0.3856275,0,0,0,0,0,0.04939555,0.2632322,0.0847166,0,0,0.2582361,0,0,0,0,0,0.1860055,0.5073709,0,0.01737995,0.4411322,0,0.1733865,0.4107546,0,0,0,0,0,0,0.07737114,0,0.1304764,0,0,0,0,0.2417079,0,0.2754923,0.1265419,0,0,0,0,0.01001127,0,0.2185065,0.0466507,0.7501878,0.3272272,0.2081347,0.3846379,0,0,0,0.2223904,0.4325296,0,0.1227594,0,0.09492373,0,0,0,0,0.05149315,0.3843346,0.05849238,0,0,0.494473,0.31623,0.3874446,0.1103118,0,0,0.09092457,0,0,0,0.2448608,0,0,0.2708666,0,0,0.3468427,0.1895962,0.1182504,0.07635099,0,0.08326031,0.09143984,0.8922383,0,0,0.01154731,0.6397628,0,0.5793399,0.979423,0,0,0,0,0,0.2514183,0.372887,0.3780826,0,0,0.2411172,0.1558165,0.4320094,0.4114791,0.2405583,0.1782519,0.000491467,0.1266492,0,0,0.5711941,0.2417628,0.3887364,0.3305084,0.2115933,0.2195811,0.1530045,0.2517878,0.5797051,0,0,0.6294066,0,0.109161,0.4812138,0,0.1826084,0.0344402,0.5790266,0.4171543,0,0,3.684537,14.09006,14.90474,0.3175954,17.64352,16.46226,15.6711,0.2359404,0.02888123,0,0.325066,0,0.4350896,0,0,1.203424,18.70527,1.875125,0.2142747,0.2426643,0.3099518,0.1992037,0,0.2679769,0,0,0.238869,0,0.2431528,0.34161,0.4479133,0,0.1903818,0.9379749,0.01374375,0.4636483,0.4568485,0.1267153,0.7216755,0,0,0.2107333,0.2840601,0.1876764,0.2759963,0,0.5058624,0.01614797,0,0.3833919,0,0.8853421,0.2562614,0.1452865,0,0,0,0.3878724,0,0,0,0.07409997,0,0.3652305,0.2752961,0.4855597,0.3101607,0.4671743,0,0.03669108,0,0.1314862,0.3329213,0,0,0,0,0.07140371,0,0,0,0.4902025,0.4961671,0.3294038,0,0,0,0.3611513,0.2808635,0.3817913,0,0.5313588,0.05627002,0.3285478,0,0,0,0.4290197,0,0.6687931,0.2666873,0,0.3564683,0,0.4819534,0,0.1517365,0,0.2764735,0,0,0,0,0.3831443,0,0.2775532,0,0.2428924,0,0.296182,0,0,0,0.3343522,0,0,0,0,0,0.209866,0,0.2462904,0,0,0,0.4291401,0,0,0.1147017,0,0.2175127,0.3000804,0.4283989,0.2310054,0,0.2515969,0,0,0.1449327,0,0.7760946,0,0,0.2494089,0,0.05966201,0.374044,0,0.5379653,0.5591817,0,0,0,0,0.06149224,0.06436499,0,0.4713418,0,0,0,0.07273363,0.1751675,0.2235181,0,0,0,0,0,0.5844273,0,0.6397082,0,0,0,0,0.03385006,0,0,0,0,0.4572099,0,0,0.7772329,0.09199579,0,0.07009156,0.2859431,0,0,0,0.0132583,0,0.1647678,0,0.2005644,0,0,0.03505507,0.3799821,0.5369117,0,0.1040928,0.24142,0,0.001750895,0.09915292,0,0,0.1067026,0,0,0,0,0.192671,0,0.3591852,0.01736184,0,0,0.2688484,0,0,0,0,0,0,0.05957556,0.1269078,0,0,0,0.5234467,0,0,0,0,
0.2013184,0.8487852,0.1489039,0,0.1101925,0,0,0,0.2966908,0,0,0.03005549,0.2432879,0,0,0,0,0.2931899,0,0,0,0.2349057,0.7267223,0,0.1089021,0,0.08221891,0.3498908,0.5287483,0,0,0,0,0,0,0.1138249,0,0,0,0,0.2160529,0,0,0,0,0,0,0.1753841,0,0.3801881,0,0,1.183945,0,0.3748336,0,0,0,0.2169446,0,0,0,0,0,0,0,0,0.1583449,0,0,0.6132534,0.2763841,0,0,0.8811123,0,0.6391114,0.01810552,0,0.5019249,11.83323,18.68685,12.19307,0,0.9899819,0,0,0.0009163763,0.4504957,0,0,0.3552554,0.03918273,0.1922686,0.2556932,0.07271294,0,0,0.7636225,0,0,0,0,0.4065598,0,0,0.03668465,0,0,0.05698963,0,0.1670328,0,0,0.02481841,0,0,0.3522565,0,0.4683948,0.2286926,0,0,0.1285139,0,0,0.1887196,0,0,0,0.1688213,0,0.0630501,0,0,0,0,0.427542,0,0.3290857,0.2658255,0,0,0.07829003,0.7518408,0,0,0,0,0.08372312,0.2625055,0,0.03082508,0,0.8521699,0,0.08449259,0.2605482,0,0,0,0.1745826,0,0,0,0.4483297,0,0,0,0,0,0,0,0.1760659,0,0,0.04668709,0.2962095,0,0,0,0,0,0,0.04488623,0.003737507,0.3585247,0,0.1868679,0,0,0,0.5370864,0.2438665,0.1755467,0.194226,0.05797531,0.04916428,0.1193244,0.5193741,0,0,0.4243621,0,0,0,0.04541199,0.1220499,0,0,0,0,0.3600893,0,0,0,1.124997,0,0.04809847,0,0,0,0,0.1177843,0,0.1260215,0.4535686,0,0,0,0.2696579,0,0,0,0,0.06088631,0.2782236,0.313623,0.222363,0.3252195,0,0.61212,1.076327,0,0,0,0,0,0,0,0,0,0,0,0,0.4303896,0.3667456,0,0,0,0.1457485,0,0,0,0,0.4701152,0,0,0.1755325,0,0,0.3025352,0.2127182,0,0,0.6305659,0.9545038,0.08003107,0.6659585,0,0.2217257,0.01230561,0.4457458,0,0,0,0,0,0.5008515,0,0,0.2898944,0.2090575,0,0.09225781,0.5254916,0,0,0,0.0987101,0,0,0,0,0.281294,0.4930145,0,0,0,0,0.1798403,0,0.5267039,0.3389002,0,0.1459642,0.2090033,0.6570615,1.018027,0,0.3231489,0,0.8168936,15.95626,11.78204,0.08695866,9.918341,13.94953,6.974893,0.8220344,0.4748509,1.122748,0,0,0,0.5552076,0.3583799,0.4504883,0.3304053,0.00697436,0.3970742,0.3871081,0.02781803,0.02725234,0.7503691,0.4838369,0.6547888,0.7861694,0.344418,0.06593,0,0.1791582,0.6704188,0,0,0,0.1573696,0.2538227,0.1212039,0.657841,0,0.2634442,0.4570543,0,0.3672965,0,0.4472994,0.3389587,0.7761925,0.03196864,0,0.09402996,0,0,0.01661883,0.2109814,0,0,0.3661767,0,0.1440066,0.3382367,0,0.0829304,0.5286137,0.3521306,0.3537576,0.262189,0,0,0,0,0.3708372,0.5807365,0.0928864,0,0,0,0.487878,0.1945721,0.1280219,0.3665788,0,0,0.6518669,0,0.7129397,0.4378922,0,0,0,0,0,0,0.009497528,0,0,0,0.6280074,0,0.1876028,0,0.2473305,0,0,0,0.1457218,0,0,0.02025307,0.2723834,0,0,0,0,0.2238269,0,0,0,0.6079155,0,0.2314353,0.2808173,0,0,0,0.1234584,0,0.001638215,0.4737369,0,0.2740398,0.2102943,0,0,0,0.07664198,0,0.3954601,0,0.07872043,0,0,0,0.3129152,0,0,0,0,0.2129806,1.032068,0.2752032,0.1447947,0.5946454,0,0.05307809,0.5923679,0,0,0,0.3323606,0,0.3819391,0,0,0,0.06140317,0,0.1018621,0.504412,0.4737875,0,0.09915043,0,0,0.2519371,0.07754983,0.01616316,0.0159393,0.002892468,0,0.02455374,0,0,0,0.5566539,0,0.2626383,0,0,0.4325075,0,0,0,0.08566584,0,0.359397,0,0.1663049,0,0,0,0,0.2883244,0.2682249,0,0,0,0,0,0,0,0.06578467,0.5370373,0,0.8060137,0,0.2622286,0.06363918,0.1123823,0,0,0,0,0.1319677,0.5473023,0,0.5309533,0,0,0,0.1179073,0,0,0,0,0,0,0,0,0.5401951,0.7000667,0.05022062,0,0,0,0.04899667,0,0.1407626,0,
0.2668527,0.3006317,0.07836817,0,0,0.05045645,0,0.03394539,0.2364486,0,0,0.4152366,0,0,0,0,0,0,0,0.4408981,0,0.05237525,0.4885168,0.1289712,0,0,0.2697502,0,0,0,0.141554,0.3985492,0.3684083,0.3917841,1.188509,0.1340601,0,0,0.3566813,0,0.5459403,0,0.0325567,0.1982711,0,0,0.8146116,0.04991638,0,0,0,0,0.2766388,0,0.1260497,0.1559047,0.6439376,0,0,0.2544495,0,0,0,0.8317603,0.2097941,0,0.3881333,0.0645036,0.5646369,0,0,0.1033098,0,0,0,0.5814942,0,1.073581,0,1.143703,17.82166,15.8012,0.9387603,0,0,0.8274364,0,0.5663208,0,0,0,0.5792357,0.4100887,0.320028,0,0,0,0,0,0,0,0,0.1656273,0,0.1846224,0.2584706,0,0,0.2362401,0.4618293,0,0,0.001771557,0,0.007020541,0,0,0,0,0,0,0.6895471,0,0.1202004,0,0,0.0290444,0,0.1663675,0,0,0,0,0,0,0.07942152,0.3638471,0.690369,0,0,0.112267,0.19372,0,0,0,0,0,0,0,0,0.07094278,0.1014126,0,0,0,0.2937657,0,0,0,0,0.2556099,0,0,0,0,0,0.3272071,0.4581361,0.101779,0,0,0,0.1976394,0,0.4628662,0.2945534,0.117167,0,0,0.242159,0,0,0.7297115,0.2449994,0,0,0.5184312,0.1732185,0,0.2125393,0,0.1198503,0,0.07699883,0.1080018,0,0.2052923,0,0,0.7909117,0.002543764,0.368903,0,0,0,0,0,0,0,0,0.2186645,0,0,0.3320348,0,0,0.477913,0.7004389,0,0,0,0,0.0522154,0,0.6462244,0.2402578,0.1144847,0,0,0,0.5733033,0,0.5001416,0.01722269,0,0,0,0.3885692,0,0,0,0,0.2699424,0,0,0.5096952,0,0,0.7453609,0,0.4660486,0,0.2905695,0.200106,0.7253433,0,0,0,0,0,0,1.035171,0.1575271,0.2651962,0.2685023,0.3601575,0,0.0607584,0,0.5305859,0,0.2566125,0.2014595,0.1795225,0,0.1903565,0.3865651,0,0,0.2933836,0,0.203584,0.2015125,0.3426684,0.09491405,0,0.6676937,0.8464956,0.08269829,0.2231014,0,0.797689,0,0.6445644,0,0.1903905,0.2100932,0.1125863,0,0.2452485,0.2097352,0.5327042,0,0,0.5024305,0.2827252,0.3745956,0,0.3275461,0,0,0.3954389,0.1227099,0,0,0.3707401,0.3514042,0.1828882,0.02176172,0.21301,0.02497695,0.3190419,0,7.707688,16.62192,2.054259,0,0.3301681,1.255906,0.3068959,0,0,0,0.6895462,0.24432,0,0.05100122,0.07468048,0.2016086,0.4588232,0.6384123,0,0.3325175,0,0.3495036,0,0,0.2023478,0,0.4736634,0,0,0,0,0,0,0.7358141,0,0.5823772,0,0.6484179,0,0,0.1323927,0.1559891,0,0.8996223,0.4718266,0.5686454,0.1357966,0,0.2587087,0,0.5419159,0.2303332,0.07901268,0.9809433,0.1096152,0.1363716,0.2539948,0.5674863,0,0,0.0266959,0.2524944,0,0.1699456,0.3732079,0,0.6510127,0,0.1155526,0,0,0.04197745,0.06457662,0.1626236,0.6588962,0.3578896,0,0,0,0,0.188348,0,0.1995372,0,0,0.6012089,0.1006228,0,0,0,0,0,0,0,0,0.8038576,0,0.8159888,0.1162614,0,0,0.5676094,0,0.1277387,0,0,0,0,0.3536042,0.1781237,0,0,0,0.2202408,0.1701401,0.1043768,0,0,0,0,0,0,0,0,0,0.1322843,0,0.005375437,0.1194558,0.1755721,0,0.002430901,0.336798,0,0,0.2903898,0.4562209,0.03378546,0,0.3295966,0.596368,0.2509958,0,0.08922391,0.2273041,0,0,0.3463199,0,0,0.130941,0,0,0.3824787,0,0.3897121,0,0,0.09745512,0,0,0,0.3549397,0,0.1224168,0,0.01257762,0,0.3924751,0,0.2192853,0.3987609,0.3654211,0.241262,0,0.0920248,0.05193457,0,0,0.08687592,0,0,0.3148752,0,0,0,0,0.1806623,0.2742712,0,0.1550303,0,0.2307324,0,0,0,0.335717,0,0.1581356,0,0.4199329,0,0,0.1813822,0,0.4638455,0,0,0.2530429,0.1046302,0.1619447,0,0,0,0,0,0,0,0.6840241,0,0.5878118,0,0,0,0,0,0,0.2330342,0,0,0,0.4140825,0,0,0,0,0,0,0,0.3459003,0.01549616,0,0,0,0,0.04391074,0,
0,0.6434098,0,0,0,0,0.0494247,0.1033347,0,0,0,0.4469803,0.3034084,0.2410206,0,0,0,0,0,0,0.872187,0,0,0.7801039,0.02214189,0.2832945,0,0,0,0,0.2373158,0,0.107089,0,0,0.4512434,0,0.1871567,0,0.06301862,0,0.2521093,0,0,0,0,0,0,0,0,0.2658857,0,0,0,0,0.4614687,0,0.1504216,0,0,0.4510013,0,0,0.9066782,0,0,0.002995426,0,0,0.3184936,0.5483946,0,0,0.3082627,0,0,0,0.01499031,0,1.833778,13.28034,6.510211,0,0,0,0,0,0.09761656,0,0,0,0.3555967,0,0,0,0,0,0,0,0.3070228,0,0,0,0,0.09484811,0,0,0,0,0,0,0.003653369,0,0,0.1637341,0.09622086,0.6515169,0.6498883,0,0,0,0.009940264,0,0,0,0,0.02287475,0,0.1618963,0,0,0.3035681,0,0.1238456,0.2552373,0,0,0,0,0,0,0,0,0,0,0,0.06958817,0,0,0,0,0.2565551,0,0,0.2062219,0,0.03150183,0.09115687,0,0.1417088,0,0.4607162,0,0,0,0.1865602,0,0,0,0,0,0,0,0.4804454,0,0,0.1997716,0.7513043,0,0,0,0,0,0,0,0,0,0,0,0.03754839,0.001064671,0,0,0,0,0.3109769,0,0.3292415,0.3939943,0,0,0,0,0.4570063,0.1086433,0.4935268,0,0.226424,0,0.357186,0.3073244,0,0,0,0.0820809,0,0.3010543,0,0,0,0.05318779,0.1715908,0.4094164,0.2969735,0.2971053,0,0,0,0,0,0,0.6874773,0.3021865,0,0,0,0,0,0,0,0.1584966,0,0,0,0,0.5386786,0.02538805,0,0,0,0.2110147,0.3822221,0.04832965,0.2458946,0,0.09253398,0.4484095,0.523356,0,0,0,0.4273833,0,0.2177576,0.1249796,0,0,0,0,0.2519699,0.1436226,0.4273743,0.04257389,0,0,0,0,0.06854846,0,0.5514245,0.01224572,0,0,0,0.4560576,0.07832547,0,0,0.4903412,0.5295649,0.0005257638,0.1296895,0,0,0,0.2786792,0.3375919,0.005225733,0.1251172,0,0.02270353,0,0,0.4132964,0.4519297,0,0.056336,0.8015276,0.3645653,0,0,0.05197715,0,0.1257235,0.09719012,0.04690511,0,0.1332748,0,0,0.02183064,0.1970367,0,0.6833515,7.777091,1.067534,0.35333,0,0.1970276,0,0.1463291,0,0,0,0.1460214,9.310981,17.34908,18.40241,0.5030766,0,0,0,0.08160233,0.1304811,0.3045043,0.5300176,0.1354002,0.3843123,0.3851848,0.310781,0,0.06060156,0.3351256,0,0.6185834,0.1471147,0.2293357,0.6748282,0.1387759,0.1041138,0.5623914,0.1129684,0.4845294,0.257208,0.3860906,0.271123,0,0,0.4268751,0.07398525,0.3672982,0.3147176,0.9811383,0,0.5035192,0.4130978,0.3425464,0.2980354,0.1775097,0,0,0.7068033,0.1377136,0.4748092,0,0.3789963,0.3565286,0.3939845,0.3798223,0,0.02343566,0,0,0,0.06263052,0,0.2005916,0,0.8948407,0.7169257,0,0,0.05452006,0.2261471,0,0.4854917,0,0.6443034,0.2881341,0,0,0,0.4276763,0.1944755,0.4855768,0,0.2751996,0,0,0.2209867,0.09108039,0.05036364,0.366597,0.2766044,0.4279918,0.03907813,0.08351716,0,0.2636263,0,0,0.04964869,0.258055,0.08256517,0,0,0.6866055,0.1356308,0.2847223,0,0,0.1346616,0,0.3780295,0,0,0.2635697,0,0,0,0.04161346,0,0,0.08134223,0.4046812,0,0,0,0,0,0,0.2946931,0.8095188,0,0,0.4791784,0,0,0.4434907,0,0.3778305,0,0,0.366345,0,0.3801722,0,0,0.7273187,0,0,0,0.01918412,0.1661729,0,0.5125237,0,0,0,0,0.2403591,0.5353582,0,0,0,0,0,0,0,0,0.05252784,0.1507294,0,0.00138114,0.4444876,0.2541082,0,0.05726165,0,0,0,0.1950455,0,0,0,0,0.2037251,0,0.9800464,0,0,0.437335,0,0,0,0.6732922,0,0,0,0.1216132,0.1463419,0,0,0.2518455,0,0.1993573,0.2855648,0,0.0280865,0,0.3534044,0,0,0,0,0,0.1519432,0,0,0,0.1238262,0,0,0,0.9347053,0,0.2414462,0.267958,0,0.3647309,0,0.2175311,0,0.7490578,0,0,0.6076431,0,0.04563227,0,
0,0,0,0,0,0,0.06940866,0.4460926,0,0,0,0,0,0,0.1281136,0,0,0,0,0.2714732,0,0,0,0,0,0,0,0,0.3599858,0.2627733,0.03697874,0,0.03133151,0,0.4470696,0,0,0,0,0.04433582,0,0,0,0.4959142,0.3284173,0,0.2588891,0.1664756,0,0,0,0.3137033,0,0.6714881,0,0.3182776,0,0,0.1695461,0,0,0,0,0,0,0,0.1618625,0,0,0,0,0.1304518,0,0,0,0.36619,0,0,0,0.4646094,0.5424858,0,0,0,0,0,0.3183118,0,0,0.8686262,0.1556377,0,0.08497551,0,0,0,0.1289692,0,0.2289368,0,0,0.1048982,0.1291207,0,0,0,0,0.3828057,0,0,0,0,0.3655083,0.6598389,0,0,0,0,0.5694258,0,0,0,0,0.5289846,0,0,0,0.3074898,0,0,0,0,0,0,0,0,0,0.644057,0,0,0,0,0.5477832,0.08414666,0,0.1092515,0,0.4643282,0,0,0.1201487,0,0.06917135,0.4636072,0,0,0.1048734,0,0,0,0.2638042,0,0.3865108,0,0,0.37453,0,0,0.6775092,0.08715217,0.08839902,0,0.1629382,0.9995047,0.01094014,0,0.1104485,0,0.1104101,0,0,0,0.1859124,0.1256383,0,0,0.08171942,0.06843423,0,0,0,0,0,0.2318672,0,0,0.433723,0,0.4216338,0,0,0,0,0.2323201,0,0.08008085,0,0.3748856,0.1774698,0.1294344,0,0,0.6711076,0.327992,0.2589124,0,0,0,0,0.08968375,0.2434187,0,0,0,0.04317767,0,0,0,0.3057358,0,0.9723814,0.02492799,0,0,0,0,0,0,0.2693419,0,0,0,0,0,0,0,0.4021987,0.1347879,0.515765,0.9480382,0.120426,0,0.3317065,0,0,0.1503689,0.03021843,0,0,0,0.5082796,0.2894139,0,0,0,0,0.1679956,0,0,0,0,0,0,0,0.4778674,0.4629471,0.2466345,0.2178319,0,0.1365609,0,0.1983065,0.2594438,0.2632178,0.6201565,0,0.09445417,0,0.5721801,0,0.004576177,0.2338522,0.1559194,0.2654952,0.1141236,0.1881781,0.4460446,0,0,0.2901449,0.6757537,0,0.2115164,0.2399214,0.02371009,0.3277194,0,0.07033878,1.116949,0.2026732,0,0.3829219,0.07811587,0.06930117,0,0.08707424,0.1027125,0.3036137,0.5813498,0.3577291,0,0,0,0.08974385,0.2804314,1.071256,0.5162355,0.1098346,0,0,0.1576671,0.03878663,0,0,0.3077872,12.43728,18.15266,18.33387,12.73591,0,0.4585327,0.2720019,0,0.8660085,0,0.1755403,0.03932817,0,0,0.09973922,0.4954784,0,0.09026401,0.04442994,1.122083,0,0,0.05156003,0,0.6657894,0.6492582,0.3893817,0.3061074,0,0.4927517,0.1390614,0.7561226,0.5983813,0.2659467,0.4192942,0.7021971,0.06755408,0.454473,0,0.08285297,0,0.0001402153,0.4275781,0.1977712,0.1201609,0,0.007602657,0,0.3050215,0,0.008906299,0.8775437,0.2212614,0,0,0.07257633,0.106045,0.03023502,0,0,0,0,0.235662,0.1289016,0,0,0.2357129,0.540118,1.055987,0.6243968,0,0,0,0.02381716,0.1658311,0,0,0,0.1772605,0.3475109,0,1.270411,1.033755,0.4095529,0.5623821,0.112817,0,0.4745144,0.4132379,0.6700065,0,0.1210996,0.1753329,0.5030679,0,0,0.07983377,0.01746504,0.07341117,0.001530961,0.3195689,0.1416251,0.1188803,0.4750863,0,0,0.04787481,0.1387482,0,0,0,0,0,0,0.2518036,0,0.3245353,0.4494794,0.1031092,0,0,0.4058191,0,0.4521318,0,0.2163641,0,0,0,0,0,0,0,0.0131324,0.04969111,0,0,0.2667072,0,0,0.1250436,0,0,0,0.2694595,0.9714736,0,0,0,0.1722414,0,0.2312252,0.09806053,0.3862582,0.6122616,0.7257692,0,0,0,0,0,0,0,0,0,0,0,0.004408216,0,0,0.02322355,0,0.04656208,0,0,0.08196712,0.3662252,0.2565496,0.09304168,0,0,0,0,0.2804489,0,0.5020485,0,0,0.1915684,0,0,0,0,0,0,0,0,0,0,0.08646086,0,0,0,0,0,0,0,0.4912877,0.0001215015,0,0,0.3347275,0,0,0,0.5873199,0,0,0.04190858,0,0,0.46479,0.289203,0,0,0,0.1430857,0,0.08257684,0.2856073,0,0,0,0.3190356,0,
0,0,0,0.289466,0.1302101,0,0,0.1482681,0.3717472,0.290058,0,0.1311019,0,0,0,0,0.08148297,0.8725924,0.1582218,0,0,0.4510529,0,0,0.1833661,0,0.08728527,0.3782757,0,0.2726454,0,0,0,0.5120049,0,0,0,0.1044846,0,0.07008594,0,0,0.1480494,0.212803,0.2188199,0,0,0,0.2699896,0,0.1738795,0.6707239,0,0.0908202,0,0,0,0.8043532,0,0.1291155,0,0.2156675,0.2782227,0,0,0.1601535,0,0,0,0,0,0,0.06526607,0.003305083,0,0.2102464,0.2624867,0.05661979,0.1462823,0.1132569,0.07841093,0.2518378,0,0,0.05610071,0,0,0,0,0,0,0,0.3113317,0,0.1418466,0.1090615,0,0,0.3822373,0.6261006,0.06638722,0.07020725,0.1404997,0.2049786,0,0,0.1711123,0,0.1816672,0,0,0.6891774,0.1994399,0,0,0,0,0,0,0,0,0.08649625,0.06862704,0,0,0.1190162,0,0,0.01234538,0,0,0.4684467,0,0,0.103646,0.2355718,0,0.2291861,0.2060575,0.2651166,0.3579147,0.7642265,0,0,0,0,0.03118453,0,0,0,0,0.2014101,0,0,0,0,0,0.08852512,0,0,0,0,0,0.1926743,0.02846482,0.3926439,0.6087036,0.09043121,0,0,0.4281683,0.6255915,0,0,0.4071663,0,0,0,0,0.2393624,0,0.5606697,0,0,0,0.08708499,0,0.7906123,0,0,0,0,0.05969586,0,0.2991779,0,0.0253326,0.07862312,0,0,0,0,0,0.03692462,0.2357312,0.05823332,0,0.0396738,0,0,0,0,0,0.1966618,0.03222676,0.1940899,0,0,0.1077982,0,0.0773704,0,0,0,0,0,0,0,0.0167667,0.4614985,0,0,0.8124673,0,0,0.006318787,0.2692299,0,0,0,0,0,0,0.3612145,0.02757107,0.1016369,0.2930693,0.6216852,0.2251164,0.6494018,1.324188,0.3653908,0.319037,0.1594153,0,0.1563523,0,0,0,0,0,0,0,0,0,0.2299864,0.03029982,0,0.06227316,0.2371432,0.2577377,0,0,0,0,0,0,0.8040241,0.006161705,0.365441,0.09937897,0,0,0.1143731,0.2770744,0.4956197,0,0.9274426,0.1317518,0.0876339,0.2795823,0,0,0,0.007425818,0,0,0.3486127,0,0,0.2543455,0.2249739,0,0.5002518,0.4284941,0,0,0.3270923,0,0.5274996,0.3540887,0.5511022,0.2943926,0,0.3868089,0,0.2291857,0,0.2833172,0.07838821,0.2875492,0.1933528,0.3914363,0.01815365,0.4514203,0.4801891,0.1829142,11.65847,13.19539,0.05179048,0.3828159,0.1065304,0,0.08586515,0.2220466,11.62027,16.9706,17.50875,12.78264,0.7124141,0.1654917,0.426255,0,0.8968022,0,0.5615174,0.2403445,0,0.325225,0.5839981,0,0.1766995,0.1639723,0.004385667,0.4350929,0.5545662,0.7388416,0.2081519,0.5562404,0.9952497,0.5901019,0.6843476,0.3587661,0.0407536,0.3176681,0.2039699,0.06679028,0.1952529,0.6779616,0.2567727,0.2817087,0.200419,0.4425434,0.2154569,0,0.8801968,0,0.890176,0,0.2112832,0.1775528,0,0,0,0,0.01268516,0,0,0.2184464,0,0.4056606,0.1655326,0.02021777,0,0.1044897,0.3969554,0.2430831,0.1264888,0.6678083,0.1563281,0,0.2948517,0.4130888,0.04545424,0,0.3540283,0,0.05566424,0,0.5044783,0.2208106,0.4561383,0.3008488,0.4990192,0.1213964,0,0,0.2362058,0.1556739,0.56059,0.1231948,0,0,0,0.6238821,0,0.2291847,0,0.2294349,0.07940894,0,0.8945452,0.3899322,0,0,0,0.2629173,0.6898484,0,0.3958594,0,0,0.3815032,1.173624,0,0.02508044,0.2869319,0.2999105,0,0.2954029,0,0.3156511,0,0,0,0,0,0,0,0.4189766,0.720284,0.1125085,0,0.01149204,0,0,0,0,0.2209923,0.3397797,0,0,0,0,0.1446595,0,0,0.006098985,0,0.110149,0,0.01428428,0,0,0.06409995,0.1536353,0.06595623,0.7271347,0.3496453,0.1327107,0,0,0.07823756,0,0,0,0,0.1535624,0,0,0.2020206,0.4126661,0.03500773,0.1111998,0,0,0,0,0,0,0,0.02910598,0,0.2818561,0,0.1323426,0.1135802,0,0,0.1492408,0,0.3595916,0,0,0.2089114,0,0,0,0,0,0,0,0.1514876,0,0,0,0,0,0,0,0.3244021,0,0.7159958,0,0,0.09544129,0,0.3326934,0,0,0,0,0.3516433,0,0.08207744,0,0,0.1309261,0,0,0,0,0.09683923,0,0,0,0.3750233,0.1003122,0.2078965,0,
0,0,0,0.6341886,0,0.13773,0,0,0,0.2293606,0,0,0.1078937,0,0.08000845,0,0.01838911,0,0,0.207832,0,0.4090423,0.1347225,0,0,0.2653086,0.4699504,0,0,0.4628831,0,0.08500422,0,0,0,0,0,0,0,0,0.2304215,0,0,0.07233157,0,0.07347015,0,0,0,0.576961,0.2398239,0.09872803,0,0.3364725,0,0.156272,0.01258488,1.218503,0,0.01293323,0,0,0,0.5135058,0,0,0,0,0.06906495,0.3077238,0,0.003026515,0,0.1611885,0,0.08827896,0,0,0,0.3540622,0.2049485,0.2091086,0.1966732,0,0,0.2853196,0.09440614,0,0,0.04809123,0,0,0.5306097,0.4299597,0,0,0,0,0.1082903,0,0,0,0,0,0.03323607,0,0,0,0,0,0.5332373,0,0,0,0.2471678,0.4614902,0.01097913,0,0,0.3522741,0,0,0,0.4054045,0,0,0.2558811,0,0.8107648,0.663081,0,0,0,0.1990051,0,0,0.3054768,0,0,0,0,0.4664947,0,0.5712255,0,0,0,0,0.3346333,0.3283668,0,0.09399582,0.1012907,0,0,0.2673994,0.1919347,0.01585835,0,0,0,0,0,0,0,0.1545274,0.07401233,0,0,0.1596983,0.06508232,0,0.07276175,0.3050484,0,0,0.4323245,0.05628193,0.4823174,0,0,0,0,0,0,0.1410757,0,0,0,0,0,0.1926028,0.2624982,0,0.5966949,0,0,0.4732891,0.2844321,0,0.1820056,0.8510293,0.0842999,0.09955987,0.01401116,0.2503525,0,0.3390263,0,0.0496528,0.2339385,0.05106192,0.5320859,0.2725801,0,0,0,0,0,0.3916176,0,0,0,0.0918407,0.0246672,0.2382841,0.02368178,0,0.1532128,0,0,0,0,0.02440096,0,0,0,0,0.1486365,0,0,0,0,0.3291771,0,0,0,0.5136958,0,14.34004,17.26956,2.867461,0,0,0.09429088,0,0.5804753,0.2321157,0.547029,0,0,0,0.3299769,0,0.1506634,0.04282036,0,0,0.6167225,0,0,0,0,0.07330912,0,0.0740546,0,0.07871246,0,0.1897593,0,0.2309828,0,0,0.2895177,0.525481,0.3803683,0.2855304,0.002503036,0.3888073,0,0,0,0.1107987,0,0.3758789,0.4202313,0,0.1960449,0,0,0.09252305,0.07168271,0.295683,0.1234628,0.3399115,0.04513579,0,0.2017509,0,0.2332661,0.2547741,0.3509123,0.2665316,0.198697,0.5030471,0.04279123,0,0,0,0,0,0.2669261,0,0.004745692,0.02101624,0.5426236,16.61695,18.30316,1.827585,0,0,0,0,0.1031913,0.02913227,4.441056,4.783147,0,0,0.2238157,0.2885794,0,0.3622548,0.2385215,0.2898182,0.374968,0,0.6023695,0,0,0,0,0,0,0.5084662,0.06594381,0,0.3141811,0,0.2692218,0.3813911,0,0.3236758,0.06487316,0,0.7825467,0,0,0.2358499,0,0.1497231,0,0.02000186,0,0.5046747,0,0,0.6096649,0.09518318,0.6623389,0.6918497,0.3825497,0.1131776,0,0,0.1109663,0,0.08598515,0.5657233,0.1975072,0.296787,0.01593113,0,0.4883534,0,0.1755931,0.8772428,0.4067749,0.002737476,1.261247,0.9283334,0.4193819,0.5815236,0.3333299,0.2656327,0,0,0.1554842,0,0.1615501,0,0.2427783,0.7130293,0.2824878,0,0.313309,0,0,0,0,0.02775886,0.2643371,0,0,0,0.09475432,0.03999448,0,0.3643317,0.05674317,0.08285546,0,0.1456844,0,0,0,0,0.6933486,0,0.2148044,0.4958997,0.3079964,0,0,0.5882239,0,0,0,0,0.09296721,0.1002932,0,0.03318139,0.02929262,0,0.2923855,0,0,0.5399373,0.421198,0,0,0.1089033,0,0,0,0,0,0,0,0,0,0,0,0,0,0.5215302,0,0.2772241,0,0.434698,0,0,0,0.08836548,0.3178973,0.2425542,0.09168974,0,0,0,0,0,0,0,0,0,0.4418986,0,0,0,0,0.1759101,0,0,0.05972284,0,0,0,0.2648123,0.6778029,0,0,0,0.08597478,0.3027585,0,0.0956199,0,0,0.02240491,0.1386744,0,0,0.008815905,0.1568063,0.1376655,0,0,0,0,0,0,0.3758531,0.1889578,0,0,0,0.1421488,0,0.201487,0,0,0,0,0,0,0,0,0.2541701,0,0.3118122,0.2681011,0,0,0.4818572,0,0.3247571,0,0,0.0140038,0,0.08983145,0,0.4918757,0,0.1889522,0.06874497,0,
0,0.6365158,0,0,0.07856402,0.2831725,0,0.512527,0.1671963,0.09117924,0,0.1782251,0,0,0.2718126,0.06745435,0.09238042,0.0360373,0.5725192,0,0,0,0.1898292,0.2200608,0,0,0,0,0,0.4523816,0,0.3424062,0.02624119,0.3652705,0.07464236,0.7398642,0,1.028758,0.3639158,0.259982,0.3458795,0.196582,0,0,0,0,0,0.4012066,0.423593,0.00966887,0.282958,0,0,0,0.03770738,0.4053525,0,0,0.9955738,0.06271353,0,0,0.3987968,0.05990572,0,0,0,0.08194003,0,0,0.04209186,0,0,0,0,0.5219902,0,0,0.03974775,0,0.4174792,0,0,0,0,0,0.1905125,0,0,0.6235322,0.2661535,0,0.5329192,0,0,0,0,0.1169461,0,0,0.04666848,0,0,0,0,0,0,0,0,1.849692,0.07598,0,0.501863,0,0,0,0,0,0,0.3161903,0,0.5028374,0,0,0,0,0.08627506,0,0,0,0,0.07811134,0.3886899,0.2169392,0.2671968,0.03624731,0,0.1287491,0,0,0,0.3401525,0.252066,0.2467883,0.5862212,0.4790736,0,0.1486162,0,0,0.218349,0.1349566,0,0.2995887,0,0,0,0.003807053,0.2718775,0,0,0.1859547,0,0,0.3982353,0.223745,0,0,0,0,0,0.05672314,0.04712919,0,0.09112866,0,0.1052859,0,0,0.1367032,0.1416375,0.1344945,0.6918559,0,0.05579881,0.309781,0,0,0.294535,0,0,0.2474249,0.2857834,0.01892749,0.3940704,0.2965876,0,0,0,0.586969,0,0.3865415,1.022652,0.1418981,0,0,0,0,0,0,0,0,0.2463992,0.872892,0.1932029,0.02198895,0,0,0,0,0,0.8534552,0,0,0.1459486,0.2028076,0,0,0.05691431,0,0.07806433,0,0,0.889344,0,0,0.1313927,0,0.1227298,0,0,0.4534427,0,0,0,0,0.08682187,0,0,17.61938,19.0366,7.354416,0,0,0.08461162,0.234743,0,0.1650128,0.2099209,0.01210631,0,0,0,0,0,0.09416455,0,0,0,0.6291508,0,0,0.194754,0.5323647,0,0,0,0,0.4194404,0.132062,0.8669976,0.09827382,0,0.04794003,0.08561996,0,0.6753078,0.1277623,0.1554553,0,0,0,0.1389452,0.01073335,0.5225308,0.354872,0.1266055,0.03744623,0.6731942,0.5667504,0,0,0,0.329738,0.2236437,0,0.450988,0.2108679,0.4456819,0,0.1327402,0.9031766,0.2743507,0.5429364,0,0.03247583,0.08975229,0.1458355,0.2780084,0,0.4758544,0.2433655,0,0,0.238392,0.6190222,0.07889675,16.1652,14.60939,1.563064,0,0.5256382,0.08655343,0,0.03191554,0.4608499,0.6297464,0.2228367,0,0.313384,0.608771,0,0,0.3157293,0.5453237,0.5557545,0.2499679,0.3334339,0,0,0.435227,0,0.2190024,0,0.08570685,0.3096409,0,0.6880988,0.2036265,0.3237951,0,0,0.5118902,0.5926586,0.0193117,0.1963254,0.1421857,0,0,0,0.230762,0.3440857,0,0.9396186,0,0.1423951,0,0.4779316,0,0.5594904,0,0.4823124,0.5870776,0.2310047,0,0,0.1787844,0,0.4751126,0.00526708,0,0.01498671,0.6875461,0.379562,0.4500464,0.2896949,0.1005952,0.7438127,0.02689552,0.287636,0,0.517984,0.1248942,0.07624958,0.7060177,0.7321575,0.3343,0.279174,0.4457694,0.5480197,0,0.2265052,0.1477665,0.1924106,0.06583946,0,0,0,0.2977344,0.1193719,0.3040524,0,0,0.3401095,0,0,0,0.2667384,0,0.4228502,0,0,0,0.1469462,0.06448628,0,0,0.5157072,0,0,0.4035414,0,0,0.1763964,0,0.1531803,0,0,0,0,0.2225426,0.05775387,0,0,0.05915369,0,0,0,0,0.0742244,0,0,0.03028215,0,0.4475037,0,0,0,0,0.2716613,0,0,0,0,0,0,0,0.0267618,0,0,0,0.2663188,0.1154524,0,0.00127376,0,0.4044636,0.02952742,0.2200741,0,0,0,0.2444024,0,0,0,0,0.03311006,0.4555446,0.09304429,0,0.06755198,0,0.04594693,0,0.04631427,0,0,0,0,0,0.1069744,0.03464056,0.333064,0,0.15516,0,0,0,0.06234472,0.2072498,0,0,0.01702615,0.297601,0.3065144,0,0.2816103,0,0.5751255,0,0.1429224,0,0,0,0,0,0.307256,0,0,0,0,0,0,0,0,0,0,0.1922302,0,0,0.5014844,0.1219957,0,0,0.02165222,0.1627215,0,0,0.09193802,0,0.07872925,0,0,0,0.2554407,0,0,0.01621358,0,
0,0,0,0,0,0,0,0,0,0,0,0.3408789,0,0,0.2353131,0.7314713,0,0,0,0.5087123,0.2000785,0,0,0.2855687,0.1217686,0,0.2984484,0,0,0,0,0,0.2160616,0.7245351,0,0,0,0.04260429,0,0,0.4163485,0,0,0,0,0,0,0,0,0,0,0,0,0,0,0,0.4470823,0.08074824,0,0.6145417,0.02912408,0.2359126,0,0,0,0,0,0,0,0,0.5328162,0.4588076,0.377464,0,0,0,0,0,0.09467234,0,0,0,0,0,0,0,0,0,0.4267938,0,0,0,0.1885338,0,0.3665965,0.07596426,0,0.0168231,0,0.03951638,0,0,0.1673724,0.01031004,0,0,0,0.1511779,0.3475073,0.1694769,0,0,0,0,0,1.450351,0,0.4115923,0.2208701,0,0,0,0,0,0.4797589,0.3602396,0,0,0.009554885,0.08146301,0,0,0.2278004,0,0,0,0,0,0,0.5099796,0.02302532,0,0.0001151496,0.6412202,0.06769412,0,0,0.01852832,0,0,0.03293597,0,0,0,0,0,0,0,0.1310202,0,0,0,0.05273908,0,0,0,0.4479933,0,0.3010747,0,0.01866939,0,0,0.2209225,0,0,0,0,0,0.453025,0,0,0,0.9932232,0,0,0.02557138,0,0,0.02697075,0,0,0.2847274,0,0,0.2842825,0.3804676,0.3808615,0,0.3635425,0.1727456,0.4624739,0,0.1357932,0,0,0.003210971,0,0.004663349,0,0,0.4043062,0,0.3352474,0,0.4397751,0,0,0.1532083,0,0,0,0,0.7716851,0.1244673,0.2650751,0,0,0,0,0,0,0.7479248,0,0.336291,0,0.7810137,0,0,0,0,0,0.0450459,0,0,0,0,0.1352773,0,13.1406,15.22335,4.703235,0,0,0.112574,0,0.0001587976,0,0.5294428,0.03805066,0,0.04404898,0,0,0,0.0417566,0,0.1884496,0.3451841,0,0.386103,0,0,0,0,0,0,0,0,0,0,0.2696852,0.4697708,0.5392102,0.4375392,0.5898978,0,0.05914959,0,0.5392808,0.1860555,0.1408262,0.3294599,0,0,0.5499157,0.0853557,0,0,0.3345429,0,0.3718909,0.5516734,0,0.366089,0.9010174,0.06121739,0,0,0.8419337,0,0,0.03290745,0.4943151,0.06678562,0,0.02739812,0,0.1546009,0,0,0,0.1342869,0.06038473,0.167103,0,0,2.27517,16.41619,3.147248,0.6568137,0,0.05587192,0.04798384,0,0.05340225,0,0.6929445,0.2604927,0.01201619,0.1310776,0,0.1209338,0.5336437,0.525226,0.3313069,0.02068091,0,0.2187493,0.2091225,0.5219249,0.444171,0,0,0.03320152,0,0.1304079,0,0.7476847,0,0,0.1611676,0.03653408,0.038468,0.4484333,0.08955561,0,0.2903185,0.2935994,0,0,0.311346,0,0,0.1945872,0.2884259,0.2068119,0,0,0.1135694,0.2505418,0.1879281,0,0,0,0.5324938,0,0,0,0,0,0,0.1074299,0.3289963,0.47136,0.6761146,0.5937839,0.05332784,0,0.2375956,0.4368981,0,1.217566,1.145395,0,0.7514516,0,0.318317,0,0.2795064,0.2747571,0,0,0,0.2881912,0.2386209,0.182373,0.4401318,0,0,0,0,0.6633357,0.01455962,0.3842019,0.7009335,0,0,0,0,0,0,0,0.3057797,0,0.2060816,0.2160118,0,1.009306,0.434826,0.1573941,0.7582662,0.1246875,0,0,0,0,0,0,0.02346687,0,0,0.1370428,0,0,0.05127615,0.6485513,0,0.03795445,0,0,0,0.4873667,0.0103934,0,0.691518,0,0,0.4597316,0.02284642,0.2088715,0,0.3891739,0,0,0,0,0,0.2897076,0,0.3135273,0.8471035,0.08049452,0,0.4282875,0.4530783,0,0,0,0,0,0,0,0,0.1937228,0.03475317,0.1929594,0,0,0,0.1202564,0,0,0,0,0.07086269,0,0,0.3738139,0.733233,0,0,0,0,0,0.003635581,0.1329591,0.1644378,0,0,0.1198511,0,0,0,0,0,0.2546467,0.3765213,0,0,0.09572689,0.1143053,0,0,0.3112674,0.3814899,0,0,0,0,0,0,0,0,0.2064282,0,0,0.1129554,0,0.07243637,0.007831951,0,0,0,0.04354088,0.4507896,0,0.5087622,0,0.3428502,0.01319224,0,0,0,0,0,0,0,0,0.1366519,
0,0,0.06037162,0,0.6297906,0,0,0.1261077,0.07954879,0,0.3059068,0,0,0,0,0,0,0,0.351118,0,0,0.227602,0,0.2425708,0,0.03840259,0,0.05734311,0,0.1119929,0,0,0,0,0.04675137,0,0.3630807,0.3436316,0,0.02555592,0.1942585,0.2026087,0,0.4398516,0,0.08774756,0.4222524,0.2754702,0,0.1512026,0,0,0,0,0.3665506,0,0.2401904,0.023906,0,0,0,0.507131,0.3638866,0,0,0,0.1455428,0,0,0.07619885,0,0,0,0,0.07838188,0.3240441,0,0,0,0,0,0,0.03708309,0,0,0.5928134,0,0,0,0.3631773,0.323753,0,0,0,0.3261819,0.08494864,0.2360745,0,0,0,0,0.2940291,0.2640049,0,0,0.3592705,0.2724876,0,0,0.03782632,0,0,0,0,0.2378438,0,0,0.5474764,0.1787136,0,0.7246023,0,0,0,0,0,0,0,0.5565156,0,0.3201559,0,0,0,0,0,0.1989152,0.04854161,0.07484604,0,0.2152686,0,0,0.2047675,0,0,0,0,0,0.2354507,0,0.3661771,0,0,0.643132,0,0.3225359,0,0.3480922,0,0.3505766,0.1623797,0,0.6161425,0.01401287,0,0,0,0.6837127,0,0,0,0,0.05387902,0.6869258,0,0.4332253,0.2998403,0,0,0,0.2880884,0,0,0,0,0,0.3249763,0.0809952,0,0.2894258,0,0,0,0.658603,0,0,0,0.003756378,0,0.03027995,0,0,0,0,0,0,0,0,0.7328491,0.03760101,0,0,0,0,0,0,0,0,0,0,0,0.403873,0,0,0,0,0,0.2995954,0,0,0.1436503,0,0,0.03183243,0,0.1374329,0,0,0.2127284,0,0,0.03979472,0,0,0,0,0,0,0,4.66476,0,0,0.7788478,0,0,0,0,0.03130418,0.4860295,0,0.01707635,0,0,0,0,0,0,0.3512685,0,0,0.1070683,1.662418,0,0,0,0,0,0.1060801,0,0.6363006,0.1295796,0,0,0.4182404,0.4894985,0,1.007228,0,0,0.06720738,0.07375281,0,0,0.007156681,0.1777811,0,0,0.792478,0,0,0,0,0,0.2789827,0,0,0.3559323,0.6282917,0.4649381,0.3203289,0.4546387,0,0.381963,0.3466318,0.4837348,0.2469187,0.1513519,0.2656221,0.6868696,0.2034619,0.3227187,0.6586603,0.6098704,0.38839,0.03470417,0.06080645,3.599047,19.48155,15.19785,0,0,0.1917609,0,0,0.1537217,0,0.5936919,0.1630409,0,0.4206197,0,0.1415148,0.181733,0,0.2121409,0,0.1307318,0,0.1628792,0.3066802,0.1956755,0.2981844,0,0.1507047,0.03811112,0.1218584,0.269557,0.2065693,0,0,0.1462604,0.3864288,0.603781,0.2374086,0.5826915,0,0.2574108,0.1313588,0,0.5781875,0.3421325,0.1301727,0,0,0.02677227,0.01196457,0.1641674,0,0.3609085,0.3336671,0.3297864,0,0.03479752,0,0.4124376,0.0348748,0.3020892,0,0,0.171903,0.5975844,0.8138634,0.5994877,0,0,0,0.4650421,0,0,0,0,0.02968731,0.4618939,0.8941668,0,0,0.4441425,0.1816915,0,0,0,0.0418015,0,0.321463,0,0.1175292,0.3083891,0,0,0,0,0.565515,0.4866896,0,0,0,0.197944,0.5335764,0.4122925,0,0,0.1175679,0,0,0,0.08285431,0.1250075,0.8039476,0.4265628,0,0,0,0.5929394,0,0,0.6248215,0.5138215,0.4425779,0.0547397,0.7154725,0.4360205,0.0803661,0,0.0775307,0,0,0.445282,0,0,0,0,0.5555077,0.1324673,0,0.2805388,0.07765042,0,0,0,0,0.2972466,0.1154845,0.2860308,0,0,0.2897851,0,0,0,0,0,0,0,0,0,0,0.3070897,0,0.4226449,0.3453127,0.04509693,0,0,0,0,0.3754942,0,0,0,0.126267,0,0.2832856,0,0,0,0,0.03363422,0.1324867,0,0,0,0.2263635,0,0,0.02951619,0,0,0,0,0,0,0.2036628,0,0.5795664,0.1445895,0,0.2359688,0,0.2475737,0.5396954,0.4063918,0,0.1588341,0,0,0,0,0,0.381384,0,0,0.5071575,0.01851031,0,0,0.3102044,0,0,0,0,0,0.1555331,0.05209855,0,0.7410823,0,0,0,0.2389027,0.2037214,0,0.7737327,0.4405705,0.2007668,0,0.02099492,0.3790608,0.1558744,1.019998,
0,0,0,0,0.1185486,0.1620141,0,0.03110715,0,0,0.04698222,0.5499913,0,0,0.1610773,0,0,0,0,0,0,0,0.4257862,0.1061738,0,0,0.4710288,0,0,0.2112271,0,0,0,0,0,0,0,0.2161115,0,0,0,0.3918472,0,0,0,0,0.2296435,0,1.302374,0.6320181,0.6025705,0,0.2148224,0,0,0,0.1280884,0.1469467,0.5979658,0.3576183,0,0,0,0,0.08141649,0,0,0,0,0,0,0.06670327,0,0,0,0,0,0,0,0.7915012,0,0.2108624,0,0,0,0,0,0,0,0.3069454,0,0,0,0,0,0.2849738,0.2084272,0,0.1516813,0.1676637,0,0.03571091,0.1661535,0,0,0,0,0.128688,0,0,0,0,0,0.01245328,0.5918661,0,0,0,0,0,0,0,0,0,0,0,0,0,0,0,0,0,0.1369063,0,0.4207181,0.7878045,0,0,0,0.1710552,0.1140667,0.07263339,0.3588698,0,0.02892859,0.3120108,0.0748767,0.1261519,0,0.5564774,0,0.07570939,0,0,0.04611707,0.2665213,0.154193,0.1680599,0.4007217,0,0.02851588,0,0,0,0,0.8028011,0.1200565,0,0,0.1110641,1.022499,0.04980321,0,0,0,0,0,0,0.03907627,0,0.2283804,0,0.528411,0,0,0,0.2083174,0.9752958,0,0,0.7470389,0.04969526,0.1028863,0,1.249162,0,0.03215048,0,0,0.2495269,0.004937923,0,0.08520581,0.2284051,0.5109224,0,0,0,0,0,0,0,0,0.06224605,0,0,0.01265865,0,0,0,0.1756602,0,0.09341241,0,0.04623282,0,0.1478597,0.4469346,0,0,0,0,0.1612746,0,0,0,0.06906356,0,0,0.1775324,0.2442608,0,0.1235558,0,0.438759,0.3051906,0,0.1490409,0,0,0.6348477,0,0,0,0,0,0,0,0,0,0,0.4284173,0,0,0,0.09503342,0,0.1440729,0.259479,0.01519663,0,0.2285884,15.87071,11.58698,0,0,0,0,0,0,0,0,0,0,0.03287228,0.533776,0,0.1549827,0,0.1280819,0.2222176,0.6422302,0,0,0.0452744,0,0,0.02066084,0,0.7450528,0,0.4668971,0.07551543,0.5644255,0,0,0.297241,0.7695434,0.1911828,0,0.8300786,0.788364,0,0.007299493,0.3052785,0.5693113,0,0.4697839,0.1054434,0,0.209884,0.6488162,0,0,0,0.1623749,0,1.137915,17.41632,12.73039,0,0.7268162,0.3655345,0,0.511835,0.1691961,0,0.01645158,0,0.2315288,0.5410521,0.146366,0,0.01813301,0.0853853,0,0.07590176,0,0.3030021,0.276341,0.2361871,0.09903587,0.4318168,0.563583,0,0.01114055,0.4168034,0.1702765,0.058605,0.220305,0,0.08657468,0,0.1315317,0,0.0004088042,0.249339,0,0.5057036,0,0,0.3269445,0.5775728,0.4796914,0,0.5549077,0,0.0009044303,0,0.149116,0,0,0,0.02918697,0,0,0.2666534,0,0,0,0,0.3273015,0.1891059,0,0.1548038,0,0.3841413,0,0,0.3130438,0,0.4827254,0,0.2321016,0.594954,0.407507,0,0.421589,0,0.2616647,0.0135679,0,0.630208,0.04431317,0,0,0,0,0.6125009,0.3897671,0,0,0,0.1125864,0.01376816,0,0,0,0.00679405,0.01097752,0.2672258,0,0,0.2284403,0,0.3911468,0,0,0.1108937,0,0,0.3087575,0,0,0.4182002,0,0.4399484,0,0,0,0.02038221,0,0,0.6291829,0.2789534,0,0.4869977,0,0,0,0,0,0.06920011,0,0,0.09404953,0.4114607,0,0.7317046,0,0,0.03082509,0.3500375,0,0.08083699,0.2003065,0,0.0942196,0,0.2373384,0,0.0451319,0,0.0641742,0.2632122,0,0,0,0,0,0.1690417,0.2557902,0,0.797683,0,0,0.2008436,0,0,0,0,0.4173705,0.02096237,0,0,0,0,0,0,0,0,0,0,0,0,0,0.5084698,0.1920056,0,0.252675,0,0.03208918,0,0,0.03763463,0,0.2977077,0.8954131,0,0.06268968,0,0.2373478,0.295301,0,0,0.1510654,0,0.6037583,0,0,0,0,0,0,0,0.08206662,0,0.7440534,0,0.4497952,0,0,0,0.2037865,0.2954471,0,0,0,0,0,0,0,0,0.177788,0,0,0,0,0.6576466,0.1460682,
0.4875139,0.1712564,0,0.04713712,0,0,0,0.09091283,0.2389938,0.4777273,0.2940183,0,0,0,0,0,0,0,0.6755222,0.7429227,0,0.1451235,0.00467457,0,0,0.08919483,0.1415954,0.1693336,0.4256317,0,0,0,0,0.08520965,0.6208014,0,0.1954687,0,0,0.128664,0,0,0.4717782,0.2175248,0.04943066,0,0,0.06906195,0,0.518082,0.4740673,0.2832604,0,0,0,0.5602559,0,0,0.1821209,0,0.2595221,0,0.5079085,0,0,0,0,0,0,0.941946,0,0,0.007258394,0,0,0,0,0,0.5936204,0,0,0,0,0,0,0,0,0.1411283,0.776767,0,0,0,0.1493983,0,0,0,0.1073067,0.5396364,0,0.02405614,0,0.2683252,0.4184661,0,0.1870556,0.2303576,0,0,0,0,0,0,0,0,0,0,0,0.5101433,0,0.07239056,0.06439767,0,0.1709042,0,0.3612157,0,0,0,0.08721785,0.1807546,0,0,0,0,0.2965414,0.1106913,0,0,0,0,0,0.5481694,0.1469958,0,0,0.0308629,0,0,0,0,0.06838758,0,0.234807,0,0,0.7504004,0,0.2819431,0.4070159,0,0,0.06684,0,0,0.2940757,0,0,0,0.1100656,0,0,0,0.2873319,0,0,0.2529749,0,0.1082675,0,0,0,0,0,0,0,0,0.02322486,0,0,0,0.218696,0,0,0.3381217,0.3578719,0,0,0,0.1034706,0,0,0.02139857,0,0.1681068,0.002224714,0,0,0,0,0,0.4401365,0,0,0,0,0,0,0,0,0.2197206,0.7125666,0,0,0.02209631,0,0,0,0.4892959,0.05706187,0,0,0.3970743,0,0,0,0,0.2956086,0,0,0,0.1806244,0,0,0,0,0,0,0,0.324334,0.08446488,0,0.1622123,0,0,0,0,0.001148199,0,0,0,0,0.4468924,0,0.3221254,0,0,0,0,0,0,0,0,7.407501,17.90309,4.55818,0,0,0.2304072,0.5847206,0,0,0,0,0,0.02501949,0,0.7069608,0.4213961,0.2722242,0.5733527,0.07221255,0,0,0.2754318,0,0.4472834,0.8669453,0.1387266,0,0.1402523,0.4570899,0.1928294,0.01603091,0.4647719,0.7190773,0.4213449,0.3405344,0.3277027,0,0,0.5704355,0,0.2010378,0.8280731,0,0,0,0.5741169,0.3100818,0.3978375,0,0.8534794,0.03818382,0,0,0.006546185,0.6334557,0,0,0.1228043,0.6266384,0.1981224,0,0,0.7887125,0,0,0,0.3652106,0.2466508,0.2894644,0,0,0.1175952,0,0.2890175,0.4950788,0.2016849,0,0,0,0.26844,0,0.02957324,0.3915105,0,0.6318498,0.1272182,0,0.5108908,0,0.4350711,0.3253137,0,0,0.3302115,0.00739891,0.2794679,0.1389537,0.119414,0.09659657,0.01328074,0.2676476,0.8532414,0.0888549,0,0.2907671,0.3022996,0,0,0.8388915,0.003181318,0.2731626,0,0.2132914,0.4331588,0,0.1532673,0.5820712,0.4592077,0,0.4458234,0.02622645,0.9155053,0.3181506,0,0.3475991,0.2129343,0,0.03164992,0.2456895,0,0,0.3145514,0.5211561,0,0,0,0.06620628,0.2540219,0.488181,0,0,0.4178082,0,0,0.5307575,0.4340685,0.1937703,0,0,0,0,0.3316809,0,0.03760346,0.01903734,0.9564728,0.1412085,0,0,0.2899798,0,0,0,0,0,0,0,0.09309683,0,0.976744,0,0.191192,0.06357639,0.5253499,0,0.007861376,0,0.1336989,0,0.1916538,0,0,0.1495586,0,0.0852367,0.05791908,0.2292111,0,0.2413266,0,0,0,0.1439481,0.1810312,0,0.2987497,0,0,0,0.004310601,0,0.3824369,0,0,0,0,0,0,0,0,0.3942895,0,0,0.08648887,0.1073144,0,0,0,0,0.1206977,0,0,0,0.1103528,0.1896488,0,0,0,0,0.0801155,0,0,0.279762,0.8849403,0,0.3583821,0.5116196,0.462106,0.1894832,0,0.3169741,0,0,0,0.3224354,0,0,0,0.2821057,0,0,0.6358737,0,0.2565323,0,0,0.2818023,0,0,0,0,0,0.1821349,0,0.2200127,0,0,0.1197193,0,0,0,0,0.3656473,0,0,0,0,0.2201747,0.532879,0,0,0,0,0.2103666,0.08609148,0.169429,0,0.06448632,0,0,0,0.6077759,0,0,0,0,0,0,
0.3891302,0.3565117,0.8812408,0.2805535,0.2237112,0,0,0,0,0,0.5623691,0.3206607,0,0.7157936,0.01297073,0.1655594,0.01448216,1.040456,0.1472853,0,0.002216013,0,0,0,0,0,0.139638,0,0.2576885,0,0.5412382,0,0.08821598,0,0,0,0,0,0,0.04893309,0,0,0,0.2222835,0,0,0,0.04833532,0,0,0,0,0,0.8802201,0,0,0.1245162,0,0.06614307,0,0,0.1890813,0,0,0,0,0,0,0,0,0.3423951,0,0.0859694,0,0.2521078,0.09027629,0,0.6266003,0.7342927,0,0,0.0561026,0,0,0,0,0,0.6877466,0,0,0.1214433,0,0,0,0,0,0,0,0,0,0,0,0,0,0,0,0.1565213,0,0,0.06741827,0.874626,0,0,0,0,0,0.1136452,0,0.03664951,0,0.3796932,0,0,0,0.2244874,0,0.2355817,0.84196,0.1453439,0.2616475,0,0,0,0,0,0.1349169,0,0,0,0,0,0,0,0.3140952,0,0.04869228,0,0,0,0,0.08522691,0.2578889,0,0.2528214,0.009940001,0,0,0.07218532,0,0.2401159,0.3594647,0.3694849,0,0,0,0,0,0.5094386,0,0,0.2161702,0,0.3492344,0,0,0,0,0,0,0.1495176,0.02404874,0,0,0,0,0,0,0,0,0,0,0.07437177,0.4786503,0.09494156,0.1310348,0,0.0628778,0.5341741,0,0,0,0,0,0.4066558,0,0,0,0,0,0.4365158,0,0,0,0,0,0.5998608,0,0.01707628,0,0,0,0,0,0,0,0,0,0,0.2010839,0.6893519,0,0,0,0,0,0.1087094,0,0,0,0,0,0,0,0,0.3969151,0.4940483,0,0,0,0.1347908,0.09828206,0.5382025,0,0,0,0.1446554,0,0,0,0,0,0.3054792,0.2455531,0.2030924,0,0,0.5330957,0,0.2337849,0,0.637876,0,3.067484,18.56772,12.88165,0.2020432,0,0,0.4211156,0,0,0,0,0,0,0.3295973,0.1628552,0.8484824,0.1167222,0,0,0.866037,0,0,0.7494943,0,0.04104558,0.4084838,0,0.1959874,0.1677163,0.05177383,0,0.2645277,0.1719669,0,0.1543003,0,0.2711424,0,0.6495486,0,0.4751339,0,0.1267702,0,0,0.890097,0,0.06721383,0,0.1581158,0,0,0.5941951,0.0300621,0,0,0.8163076,0.1000498,0.3683203,0.5882679,0.2815841,0.299051,0.3413149,0,0.1159713,0,0.06267736,0.3840155,0,0.7523888,0,0.218863,0,0.6455303,0.2570696,0.2546165,0.2094161,0.408556,0,0.1254272,0.5242176,0.6037372,0.3179781,0.3443303,0.1488476,0.2298991,0.4827114,0.5273296,0.02668106,0.0627073,0.09815356,0.03652826,0.2215623,0,0.1643978,0,0.5446295,0.5349517,0.2083304,0.07213422,0.2273618,0.6228884,0.2803132,0.1184361,0.04575517,0,0.1824412,0.7100815,0.1333417,0.4426065,0.1087715,0.4405591,0.013136,0,0.07297646,0,0.4178481,0,0,0.2294958,0,0.06947646,0.119944,0.3802869,0.3682868,0.5421728,0.5913609,0.2054945,0.31512,0.5065104,0.2048593,0.1057369,0,0,0.2176135,0,0,0.6939184,0,0.8041651,0.5910725,0.2513231,0.112504,0,0.2802437,0,0.3913402,0,0,0.3681893,0,0.1131409,0.4419489,0.2192737,0,0,0,0.156076,0,0.3874309,0.05455458,1.297383,0,0.5045838,0,0.09211802,0,0,0,0,0.09953162,0.1589579,0.4371015,0.07232133,0.2429639,0,0,0,0.488589,0.2877784,0.02869171,0.2093934,0,0.07433303,0.0183681,0,0.06246575,0,0.06698865,0,0,0.001317825,0,0,0,0.06610912,0.3007631,0.3604283,0,0,0,0,0,0,0,0.6960841,0,0.7178403,0,0.9305677,0.5052175,0,0.200385,0.01788604,0.01447995,0.1485172,0,0.1789843,0.2742729,0,0.1141461,0,0,0,0,0,0,0.032265,0.06318589,0,0,0,0,0,0,0,0.06182536,0.4827965,0,0,0.2520812,0.195238,0.7540751,0.1308843,0,0.3389176,0,0.0352406,0,0,0,0,0,0.6401002,0,0.3980446,0,0.5408117,0,0.1998009,0.397663,0.2032863,0,0,0.4435477,0.6188626,0,0.3542186,1.002755,0.4266447,0.3870178,0.3237965,0.4964391,0.07593798,0,0.1169018,0,0,0,0.01293457,0.01490025,0,0.05965286,0.5350935,0,0,0,0,0.3594352,0,0.3741971,0,0.03575585,0.5553811,0.03317491,0,0,0,
0,0.126641,0,0,0,0.05860842,0,0,0.1588626,0,0.4471928,0.02895676,0.5232906,0,0,0.164443,0,0,0,0.2790833,0.04864262,0.1077924,0.08537334,0,0.2313418,0,0,0,0,0.4514104,0.005734756,0.2053958,0.1688601,0,0,0,0.1756244,0,0,0,0,0,0.2908244,0,0.5509115,0.4495147,0,0,0.332942,0,0,0,0.03512713,0,0,0.477961,0,0,0,0,0,0,0,0,0.690915,0.3527642,0,0,0.1756294,0,0,0,0,0,0.02667113,0,0,0,0,0,0.1244642,0.2955939,0,0,0.5208652,0,0.5297759,0,0,0,0.405109,0,0,0.3874063,0.09677228,0,0,0.4638315,0.06904361,0,0,0.06167161,0,0,0.116038,0.07084206,0,0,0,0.1215133,0.5031065,0.3790002,0,0.8186367,0,0.03730284,0,0,0.04628395,0,0,0.1022301,0,0,0,0.2912981,0.3644329,0,0.1346571,0,0,0,0.3591678,0,0.05966146,0.06429069,0.06173934,0,0,0.3258384,0,0,0,0,0,0.1716018,0.1876719,0,0.5144858,0,0,0.8255854,0,0.2638722,0,0.0814314,0.03250986,0,0,0.1401476,0.05728979,0,0.3075417,0.006635676,0.3639092,0,0,0,0,0,0,0.1895766,0.1720538,0,0.02381768,0,0.05398787,0.4507627,0,0.3174784,0,0.01236564,0,0.1620167,0.04859821,0,0.4826293,0,0,0,0,0.01324479,0.2513755,0.5720931,0.1889207,0,0,0,0.2649268,0.09098166,0,0,0,0.0123124,0,0,0,0,0,0,0.215649,0,0,0,0,0,1.211918,0,0.07622265,0,0,0,0.04437983,0.01357354,0.6885376,0,0,0.2136892,0,0,0.1064143,0.08216172,0,0,0,0,0,0,0.3450853,0,0,0.2144455,0,0,0.1260846,0,0.1937721,0,0.303924,0.7955169,0,0.3181219,0,0.0004816093,0,0,0,0,0,0.3251055,0,0,0.1680972,0.407827,0.2559052,0,0.04730323,0,0.1414712,0,0.160018,0,0.280807,7.342842,15.64275,0.2590357,0,0.04058219,0.1049749,0,0,0,0.09974835,0,0,0,0.06244737,0,0.02402023,0.007527335,0.1638456,0,0,0.1445416,0,0,0,0.1548804,0.03999833,0,0,0.4168126,0.2561825,0.4657791,0.1840555,0,0.1506515,0.3429762,0,0.08919006,0,0.04746714,0.236972,0.3144016,0.06364562,0,0,0.03758395,0.2106035,0.5002849,0.03868111,0.4828427,0.5783384,0,0.1308692,0.05224655,0,0,0.02172883,0,0.303461,0,0.06540701,0.137528,0.1470581,0,0,0,0.1855778,0.3852527,0,0.1169863,0.2250813,0.2955034,0.618996,0.304157,0.50776,0.4075239,0.8520149,0,0.06866052,0.2707658,0.5956447,0.8804048,0,0,0.7766042,0.4083139,0.1991426,0,0.4004959,0,0.4479914,0.1929687,0,0,0,0.1235509,0.2524102,0,0.07622757,0.4738926,0.6428853,0,0.4752247,0,0.5712478,0.4626843,0.2315441,0.4564304,0.1160004,0.2292257,0.1816737,0.3125826,0,0.01151693,0,0,0,0.3924747,0.7011945,0,0.3973344,0.5209079,0.3066038,0,0.1879293,0.716683,1.012592,0.7570472,0,0,0.2174661,0,0.06645194,0,0.05117711,0,1.06664,0.1705112,0.2771217,0.2833823,0.4582301,0.7776622,0,0.158292,0.1088489,0,0.2806847,0.1763233,0,0.598617,0,0,0.291796,0,0,0.2189142,0,0,0.3577149,0.44756,0,0.1503559,0,0.1758264,0.2427004,0.5885781,0,0.5575174,0,0.8887663,0.6407201,0.06617373,0,0.5747889,0,0,0,0,0,0,0,0.1913162,0.00484815,0,0.331432,0.1863949,0.8658729,0.5677885,0,0,0,0,0,0,0,0,0,0.3229825,0.02620065,0.1254467,0,0,0.2449552,0.5443274,0.4073483,0.6938096,0,0,0.228932,0,0.4528088,0,0.0407459,0.0651677,0.2766771,0,0.127456,0,0,0.4420496,0.2822849,0,0.1646723,0,0,0.7777841,0.1178717,0,0,0,0,0,0,0,0,0,0,0.2931523,0.544731,0.1528436,0.1997778,0,0.2023938,0.03907843,0.06658698,0.1735725,0,0.4752171,0,0,0,0.07596526,0.09720638,0.3428095,0,0.4173861,0.2473177,0.2700773,0,0,0,0,0.3976216,0.01579279,0,0.2377067,0.006180849,0.02288126,0,0,0,0.9884881,0,0,0.05024002,0,1.220013,0,0.1357295,0.2966615,0,0,0.3122205,0,0,0,0.4343375,0,0.5987266,0,0.1491059,0.6882408,0,0,0,0.4433586,0.2736928,0,
0,0,0,0,0,0,0.06633349,0.1333122,0,0,0,0,0.2359996,0.0531049,0,0,0.6015717,0,0.3417917,0,0,0,0,0,0,0.5173557,0.1165266,1.041063,0,0,0,0,0,0.04065447,0.1803411,0,0.8818451,0,0,0,0,0.3709411,0,0,0.8530178,0,0,0,0.5561852,0,0,0.3796611,0.004811877,0,0,0.05730792,0.04714225,0,0,0.08588193,0,0,0,0,0,0,0,0,0.1732952,0,0,0.2284406,0,0,0,0.08527429,0,0.1336264,0,0,0,0,0,0.4726264,0,0,0.1980132,0,0,0.6497633,0,0,0,0.539825,0.01020492,0,0.1642954,0,0,0,0.4100136,0,0.3699608,0,0,0,0.03161099,0.4344383,0,0,0,0.0767797,0.4639583,0,0,0.1148102,0.1048357,0,0,0,0,0.2849617,0,0,0,0.1542756,0,0.1060886,0.601557,0.7700385,0,0.200407,0.0727243,0,0,0,0,0.2253324,0,0.4308324,0.06846857,0.07219183,0,0,0,0,0,0,0,0,0.1045481,0.1674152,0,0.4968377,0,0,0,0,0,0,0.1757422,0.1145246,0,0.5267745,0,0.3974999,0,0.4543772,0,0,0,0,0,0,0,0.4289354,0.5768728,0,0.1316537,0.1244806,0,0.1380503,0.3537218,0,0.2303883,0.3852703,0.04722865,0,0.2148561,0,0.007127159,0,0.1173915,0.536967,0,0,0.1119696,0,0,0,0,0,0,0.007666138,0,0,0,0,0,0.06800687,0,0,0,0.5755867,0,0,0,0,0.4074899,0,0.02147228,0.05357575,0.1035166,0.2249008,0.3384613,0.05717693,0,0,0.3656394,0,0,0,0,0,0,0,0,0,0,0,0.168956,0.6435087,0,0,0,0,0.2270847,0.3717333,0,0,0,0,0,0,0,0.07211839,0.1485358,0,0.02022629,0,0.3737625,0,0,0,0.4365073,0.257061,0,0,0,0,0,0.02584878,0.09974993,0,0.5493936,0,0.1283774,0,0,0,0,0,0,0.3253001,0,0,0.4886864,0.3952494,0.403605,0.7465602,0,0.6166291,0.005392426,0.3251417,0.290088,0,0.576305,0.1232071,0,0.3332809,0.3585002,0.07842105,0,0.6670012,0.2618248,0.1799577,0.6551252,0.6141144,0,0.2636274,0.7883665,0.2135917,0.2014774,0.3835103,0.01871891,0,0.5063069,0,0,0.1035961,0.03429639,0,0,0.1423756,0.14259,0.2453628,0.208811,0.1692796,0.5771853,0.3453934,0.1468611,0,0.2293456,0.1113196,0,0.328428,0,0,0,0.2817079,0.754659,0.02831092,0,0.2328091,0,0,0.5736523,0.4100339,0.3842018,0.7081388,0,0.1504502,0.4801742,0,0,0,0.02422077,0.1147744,0.9454094,0.2476268,0,0.1875896,0,0.4892248,0.4594165,0,0,0.08464357,0,0.3554618,0.5074157,0.01802972,0,0,0.5962997,0.4502491,0.4463378,0.3572268,0.2326794,0.4317077,0.3167274,0.2631417,0,0.1582746,0,0.2520801,0.3902455,0.08797116,0,0,0,0.1392932,0.6331353,0,0.00257762,0.4642223,0.05477682,0.3662881,0,0,0.5589403,0.4840741,0,0.7778838,0,0.6034513,0,0.5459266,0.138824,0,0,0,0.2267841,0.4205812,0,0.4041028,0.323986,0,0.0537287,0.1978383,0,0.2866997,0,0,0,0,0,0.1131697,0,0.6938832,0,0,0.4615262,0.08793605,0,0,0.05507816,0,0,0.2658071,0.2099793,0.2665581,0,0.07984833,0,0.2682355,0,0.1671097,0,0.05863776,0.9444076,0.3705384,0.3306609,0.0832258,0.1520477,0,0,0,0.1538492,0.3642257,0.05912615,0.05994793,0.1559114,0.1321867,0.3577082,0,0.3900428,0.6255817,0.06585503,0,0,0.2244347,0.1554309,0,0,0.0179304,0,1.121156,0.09420377,0,0,0.1640554,0,0.4530834,0.3036335,0,0.3762662,0,0,0,0,0.08935932,0,0.2528262,0,0,0.1552921,0.1640653,0,0.3316187,0,0,0,0,0,0,0,0,0.3158318,0.3101289,0.1856447,0,0,0.5012291,0,0.4362977,0.3178707,0,0.4006567,0.2257967,0,0,0.2761654,0,0,0,0.1606593,0.003509264,0,0.1980045,0.1451652,0.09668181,0.1357964,0,0,0,0,0,0,0.6078827,0,0,0.1532689,0.3583846,0,0,0,0,0,0,0.02652935,0,0.07484706,0.07595044,0,0,0.3224279,0,0,0,0.1727078,0,0.2036018,0.1346419,0,0.7150099,0.3685423,0,0.1518558,0,
0,0,0,0,0,0,0.5148379,0.1936755,0,0,0,0,0,0,0,0.5309168,0,0.1538497,0,0,0,0.05378787,0,0,0,0.6119322,0.2096658,0,0.2742099,0.4280979,0,0,0,0,0,0,0,0,0.007716717,0.3073843,0.35184,0,0.4403653,0,0,1.048506,0,0,0.8678403,0.2555114,0,0,0,0.2181872,0.05199757,0,0.1253184,0,0,0,0,0,0.5590237,0.215753,0,0.1952187,0,0.0224092,0,0,0,0,0,0,0,0,0,0.2829505,0.1144593,0,0.08004586,0.2767722,0,0,0,0,0,0.09400569,0.2194405,0.6047128,0,0,0,0.1069519,0,0.1118722,0.9194629,0.2383101,0,0,0,0,0,0,0.02960763,0.1260285,0.02183703,0,0.3614132,0.0692209,0,0,0,0,0.242451,0.07318211,0,0,0,0,0,0,0,0.2020012,0,0,0.1347663,0,0,0,0,0,0,0,0,0,0.5321576,0,0,0.2439383,0.1691658,0.2844167,0,0,0.6232019,0,0.4783079,0,0,0,0,0,0,0,0.1399702,0,0,0,0.8196517,0,0.03789023,0,0.04869889,0,0,0,0,0,0,0.04916044,0,0,0,0.400462,0.5527189,0.5221223,0.693911,0,0.4575261,0.05354427,0,0,0.4187175,0.002889578,0,0.0367972,0,0.01038062,0,0.3761573,0.6331649,0,0,0,0,0,0,0.5742258,0,0,0.07870585,0.6464055,0,0.06776369,0,0.218605,0.3177558,0.1900023,0.2734649,0,0.2073117,0.2465203,0,0,0.7476648,0.5946516,0,0,0,0.5029061,0.03283617,0,0,0,0,0,0,0.2485236,0,0,0,0,0,0,0,0,0,0.7721036,0.05451933,0,0,0,0,0,0,0,0.1499754,0,0,0,0.06681515,0,0.01115779,0,0,0,0.4465078,0,0,0.1388945,0,0.1468527,0.01279237,0,0.2611919,0.326025,0,0.1135747,0.2002703,0.8227335,0,0,0,0.1692138,0,0.1514756,0.03852562,0.2763007,0,0,0,0,0,0,0,0.848264,0,0.3525937,0.4587376,0.5652832,0.1846942,0,0,0.5220453,0.0963757,0,0.05025344,0,0,0,0.3474222,0,0,0.4299543,0.3922915,0,0,0,0,0.03613209,0.3175552,0.3501151,0.3511419,0.1833438,0.3844954,0.4254904,0,0.3421252,0.05067829,0.4495141,0.05509159,0.8364232,0.5803021,0.7720293,0.2577364,0,0.269564,0.5008398,0.5142509,0.1831252,0.3527685,0.01719865,0.1048907,0.5707774,0,0,0,0.3445395,0.3571304,0,0.1381153,0,0,0.4251907,0.3890301,0.1723792,0,0,0,0.1849566,0.6000171,0.07691219,0.8224679,0,0.4532893,0,0.02232822,0.3853894,0,0.2231677,0.2602326,0,0,0.1642306,0.01929121,0,0,0,0.05280636,0.02300271,0.359426,0,0.2026303,0.4022349,0,0,0.5227467,0,0.02468114,0.9124561,0.1411464,0.2677149,0,0.7166409,0,0,0,0.006346809,0.3915851,0.4080608,0.1266948,0.2450568,0,0.5421808,0.4905855,0,0.1559,0,0.5244992,0.169697,0.895575,0,0,0,0.6557851,0,0.2780365,0.03938821,0,0,0.4073698,0,0,0,0.1105499,0.3965175,0,0.1444036,0,0,0.4139017,0,0.0118765,0,0.1141557,0,0,0,0,0,0.08540566,0,0.003694216,0,0.0009357273,0,0.1070884,0,0.5936884,0.07322757,0,0,0,0.1459162,0.1862624,0,0,0,0,0.186291,0,0.4016191,0,0,0.4887074,0.4519143,0.3311039,0.7060626,0.4207293,0,0,0,0,0.4226924,0,0,0,0,0.06819591,0.09614687,0,0.4166984,0,0.06200803,0.2687133,0,0,0,0,0.4940371,0.3047524,0,0,0.4293304,0,0.04680032,0,0.3963283,0,0,0.6365475,0,0,0,0,0.3818168,0,0.6256519,0.6081067,0,0,0.67546,0,0,0,0,0,0.008225663,0.2076667,0,0.1859205,0,0,0.4725103,0.006917239,0.1898779,0,0,0,0,0,0,0,0.338228,0.06361208,0,0.3131777,0.205501,0,0,0.06609265,0,0,0,0.1443176,0.0104128,0,0.2974466,0.2207918,0.1042633,0.6874479,0.1244479,0,0.08403141,0,0.1752735,0,0,0.1466362,0,0,0,0.3343946,0,0,0,0,0,0.2390871,0,0.08324426,0,0,0,0,0,0,0.3591397,0.09501903,0,
0,0,0.3938453,0,0,0.01525471,0,0.1146705,0,0,0,0.2132414,0,0,0.002180989,0,0.2529744,0.4721275,0.1394225,0,0,0,0,0.3901175,0.09758045,0,0,0,0,0,0,0.2770001,0.153785,0,0,0,0,0.2353825,0,0,0,0,0,0,0,0,0.6386592,0.1020709,0.1828156,0,0,0.1343235,0,0,0.3342812,0,0,0.8728764,0,0.8165131,0,0,0.3031403,0,0.1429258,0,0,0,0,0,0,0.6558146,0,0,0,0,0.07745954,0,0,0,0,0,0,0,0,0.02213256,0.2692855,0,0,0,0.1008462,0,0,0.2656746,0.8187241,0,0,0,0,0,0,0,0,0,0,0.04315948,0,0,0,0.2829049,0,0.4831152,0.07749546,0,0,0,0,0,0,0,0,0,0,0,0.463486,0.288621,0.4087628,0,0,0,0,0,0,0,0.02098429,0,0,0,0,0.3321826,0,0.546001,0,0,0,0,0,0,0.1804201,0.4870052,0,0,0,0.1758587,0.1567811,0.1868114,0.4160922,0,0.4009893,0,0.800796,0,0,0,0,0,0.1769203,0.2669106,0.1189618,0.1473068,0,0.3816041,0.06115657,0,0.03415937,0.3878376,0,0.1163026,0,0,0,0.4171867,0,0.005375832,0.109921,0,0.05454099,0.01113337,0,0,0,0,0,0.6011868,0.09280927,0,0,0.3590703,0,0,0,0.1918504,0,0.0796927,0,0.1016086,0.2795966,0,0,0.5715531,0,0,0.05322314,0,0.08023793,0,0,0,0.04953438,0,0,0,0.5710422,0,0,0.07281089,0,0.5563558,0,0,0,0,0,0,0.3013583,0,0.03131138,0.08402766,0,0,0.003590622,0,0,0.1319156,0.5978149,0,0,0,0,0,0,0,0,0,0,0,0,0,0.3193465,0,0,0,1.073104,0,0,0.1847324,0,0,0,0,0,0,0,0,0,0,0,0,0.07550994,0,0.1819024,0,0,0,0,0.4254054,0.05457466,0,0.1408008,0,0.369194,0,0.4384335,1.118087,0,0.140129,0.0377213,0,0.09091076,0.1783656,0,0.271822,0,0,0.1478571,0.08587017,0,0.3417701,0,0.2506302,0,0.1772836,0,0.3287834,0,0.155533,0.2195103,0,0,0.5248516,0,0.1168122,0.8561077,0,0,0.2159878,0.2700393,0.03454309,0.5668301,0.6601454,0.09042402,0.03024651,0.1258465,0.3441139,0.462837,0.06300541,0.2037641,0.140867,0.25739,0.139408,0,0.3155485,0,0,0.2774862,0,0,0.1962592,0,0,0.2671012,0.2942944,0,0.3960914,0,0.6447632,0,0.4149227,0.2797073,0.9409242,0.1552204,0.5674502,0.1901933,0,0.1819369,0.2197881,0.222763,0.5005755,0.2855182,0.2117639,0.03134824,0,0.1902016,0.007745143,0.1932154,0,0,0.1926937,0.2584904,0.07332999,0.1351686,0,0,0.5747465,0.5543682,0.6736929,0,0,0.02510531,0,0.8204411,0.2129949,0.1649166,0,0.5615277,0,0.3364727,0.3974708,0.831278,0,0,0,0.6736444,0,0,0,0,0,0.03462796,0.2749643,0.2616344,0,0.1123422,0,0,0.2397296,0,0,0,0,0.02919887,0,0.1422916,0,0.6159123,0,0.0295299,0,0.4732421,0.106952,0.284445,0,0,0.7424755,0.28548,0,0.4417448,0,0.4640773,0.1262715,0,0.5066687,0.02971936,0,0.123417,0.3025544,0,1.10608,0,0.7661026,0.7002627,0,0,0,0.338312,0,0,0,0.1920532,0,0.2858586,0,0,0.3945294,0,0.6608938,0,0.2526222,0,0,0,0.1133792,0,0.3252619,0.1691672,0.4118626,0,0.07649078,0,0,0,0.3664451,0.03948899,0.02368947,0.3283267,0,0,0,0,0,0,0.07131269,0,0.6226293,0,0,0,0.1125852,0.2575916,0,0,0,0,0.1820028,0,0,0,0.2480372,0,0,0,0,0,0,0,0,0,0.5438959,0,0.0367968,0,0,0,0,0,0.3247318,0.07138761,0,0,0.2861855,0.03303158,0,0,0.1384876,0,0,0,0,0.4258809,0,0,0,0,0,0,0.1136276,0,0,0,0,0,0.1042966,0.06679279,0,0,0.1604187,0.3585022,0,0,0,0,0.3133354,0,0,0,0.0781678,0.3165571,0,0,0,
0,0,0,0,0,0.3523436,1.07463,0,0,0,0,0,0.5487104,0.6830721,0,0,0.4108027,0,0.003003295,0.2560863,0.3313591,0.1093058,0,0,0,0,0,0.1627767,0,0.2367306,0,0.8231401,0,0,0,0.1801851,0,0.5025761,0,0.2125656,0,0,0,0,0,0,0,0.7576801,0,0.4089504,0,0,0,0,0,0.2161309,0.1957861,0.8163845,0.1876125,0,0.1180804,0.1230443,0.2100318,0,0,0.9789248,0,0.01225627,0.02767911,0,0,0.2829139,0,0,0,0.3859599,0,0,0,0.1066978,0,0,0,0.0151172,0,0,0,0,0,0,0.1651865,0.09008384,0.3245299,0,0,0,0,0.3822043,0.1276037,0,0,0,0,0,0,0,0,0,0,0,0,0.2839281,0,0,0,0.8806275,0,0.4613445,0,0.3273575,0,0,0.2034032,0,0,0.07668636,0.3461126,0,0,0.2188136,0,0,0.670244,0,0,0,0,0,0.09528028,0,0,0.8803411,0.3138827,0,0,0,0.2362336,0,0,0,0.1273565,0,0,0.1953505,0,0,0.0513861,0,0.03752029,0,0.2752068,0,0,0,0,0.1185296,0,0,0,0,0,0.4321713,0,0,0,0,0.7060183,0,0.1260159,0,0,0.07967338,0,0,0,0,0,0,0,0.3025871,0.1802649,0,0,0.3477911,0,0,0.3812863,0,0.05751657,0.6682085,0,0,0,0.1212028,0,0,0,0,0.1045429,0,0.306145,0.2709597,0,0,0.7889133,0,0,0,0,0,0,0,0,0,0,0.3815839,0,0,0,0,0.2170381,0,0,0,0,0.1322586,0,0,0.01194641,0,0.1403083,0.045442,0,0.5044638,0.0686437,0,0.7252686,0,0,0,0,0,0,0.04349096,0,0,0.1523903,0,0,0,0,0,0,0,0,0.08483803,0.006783528,0,0,0,0,0.3474104,0,0,0.062521,0,0.3224619,0,0.5400424,0.2052033,0.2106425,0,0,0,0,0,0.1422981,0.1320622,0.1836272,0,0.3620198,0.4972523,0.3180674,0.4729053,0.2429625,0,0,0,0.4821482,0.134021,0,0.08620453,0.5642291,0.4641834,0,0.1159299,0.007609841,0,0.2532476,0,0.1676174,0,0,0.3658367,0.1046353,0.02161833,0,0.4761362,0.4446038,0.06864253,0,0,0,0,0.1204619,0,0,0,0.04280299,0.3428805,0.3472892,0.4290981,0.3228885,0.2425846,0,0,0,0.1344251,0,0,0.3387055,0,0.0460386,0.4236899,0,0,0,0.08012036,0.09232463,0.1129802,0.6070764,0.4940526,0.6373186,0,0,0,0.1129895,0.9593145,0.1836124,0.27582,0,0,0.4476109,0,0.1119939,0.2277888,0.5398001,0.5406101,0,0,0.06739461,0,0.3148364,0,0.6736254,0.4632755,1.104598,0.214422,0.416857,0.3732855,0.1479237,0.2595622,0,0,0.1326956,0.07099516,0,0.2026586,0.5739477,0,0.1932553,0,0.8710521,0.3219891,0,0.05664604,0.01302305,0.1565349,0.4487433,0.2377983,0.1135951,0.06904138,0,0.2008673,0.2143608,0.1786926,0.35325,0.09282415,0.2932496,0,0.4381593,0,0.169265,0.2566163,0.01553146,0,0,0.1638006,0.04849763,0,0.1071763,0,0,0,0,0.04769414,0.8740809,0.172438,0,0.09610508,0,0,0.968828,0,0,0.4931147,0,0.5854224,0.2618154,0,0.07774344,0.36971,0.5850928,0.2186587,0.1795615,0,0.4635732,0,0,0.04039771,0,0.03878682,0,0,0,0,0,0,0,0,0.01661468,0,0,0,0,0.1693879,0.4731361,0.2991399,0.002675195,0,0,0,0.2871385,0,0,0,0.2063153,0.7057345,0,0,0,0.924847,0.03026737,0.202189,0,0.02743718,0,0.0429231,0,0.1134117,0,0.179462,0.09033043,0.3650495,0.006107744,0.2524515,0,0.2272553,0.07998665,0,0,0,0,0,0.5733093,0,0.7877749,0.001281491,0,0,0,0,0,0,0.02370316,0.6727167,0.100977,0.5907847,0,0,0,0,0.5065219,0.5251265,0,0.04166821,0,0,0,0,0.08162612,0,0,0,0.4096252,0.6016459,0.2475884,0,0,0,0.374691,0,0.2683903,0.5511917,0,0.02614939,0,0.3467647,0,0.05600568,0,0,0,0,0,0.1650263,0,0.4759798,0.6233261,0,0,0,0,0,0.5229736,0,0,0.2857395,0,0,
0,0,0.2672965,0,0,0.4271399,0,0.9314274,0,0,0,0,0.4915636,0.40327,0,0,0,0,0.2327006,0,0,0,0,0,0,0,0,0.2704447,0.05413093,0,0.1524458,0.2151873,0.1275276,0.1078283,0.3259473,0,0,0,0,0,0.3480291,0,0.4570032,0.04314254,0.5830785,0.1064823,0,0,0,0.6480749,0,0.281152,0.1579051,0.1355659,0,0,0.036409,0,0.2697304,0,0,0.01247866,0,0.5657604,0.2423817,0,0.3134006,0.4797819,0,0,0,0.07639141,0,0.03563886,0.06812609,0,0,0.2199375,0,0,0.5623629,0.1151623,0,0.01291602,0,0,0.03032681,0,0.8846048,0,0.4467223,0.5774902,0,0,0,0.08067577,0,0,0,0,0,0,0.1035076,0.6209317,0.06125081,0,0,0,0,0.2133494,0,0.3266831,0.2784454,0,0,0,0.2100298,0,0,0.03336496,0,0.6900043,0,0.3946961,0.3057594,0,0,0,0,0,0.01295146,0,0,0,0,0.07982568,0,0,0,0,0,0.5248173,0,0,0,0.2178329,0.1935453,0,0.4151551,0.07184126,0,0,0,0.1183887,0.3942139,0.01352723,0.1325867,0,0,0.407456,0,0,0,0.0454611,0.4576259,0,0,0.1988086,0.1342555,0,0,0.183622,0,0.5008115,0.2039355,0,0.3463175,0,0,0,0,0,0,0.1627671,0,0,0,0.4380713,0,0,0,0,0,0,0.06366,0,0.2768024,0.4772972,0,0.001876922,0,0.06207979,0,0,0.1662434,0.2872198,1.284629,0,0,0,0.7401392,0,0,0.2273301,0,0,0,0.2783774,0.1228711,0,0,0.02731761,0,0.004364153,0.6256191,0,0.06680357,0,0.5183365,0,0,0.02157785,0,0,0.01591936,0,0,0.3209968,0,0,0,0,0.1472055,0,0,0.185714,0.689966,0.004086722,0,0,0,0.1961136,0,0,0,0,0,0,0.05584671,0,0,0.001621982,0,0.2258549,0,0,0,0,0,0,0.1818614,0,0.1050666,0,0.2557734,0.2909193,0,0,0,0,0.01051475,0,0.3418462,0,0,0,0,0,0.1328759,0.4719988,0,0,0,0.1754189,0.2557357,0.1521555,0.03921423,0,0.3800513,0,0.314317,0.436943,0.2135026,0,0.3039097,0,0.5710624,1.266281,0,0.1849528,0,0,0,0.3215812,0.03131952,0.8733448,0,0,0.2717558,0,0,0.4295846,0,0.01412717,0.109993,0.5413372,0.9897622,0,0.0926948,0,0,0,0,0,0.3894542,0,0.325478,0,0,0,0,0,0.3014849,0.0811597,0,0.4025699,0.1256987,0.4201654,0.02277322,0.06766871,0,0.2432827,0,0.02023831,0.1155579,0.1864091,0,0.7703273,0.05357868,0,0,0.2118704,0,0,0,0,0.05597323,0.3160739,0.5860087,0,0,0,0,0.0683979,0,0.2990603,0.212688,0,0,0,0.4905661,0.2883752,0.3272394,0.06064821,0,0,0,0.08015115,0,0.1596511,0,0,0,0.3616145,0.2461333,0,0.3999279,0.6777011,0.135858,0,0.382592,0,0.409496,0,0.2145397,0.3642259,0,0.3982625,0,0.3988444,0,0.1755428,0.4701793,0.09248476,0.2338619,0.4469385,0,0.03840085,0,0.2408813,0,0.08976182,0,0.6190574,0,0,0.04865669,0,0,0,0,0.2079156,0,0,0,0,1.085041,0.02687229,0.07309239,0,0.2944593,0,0.3746596,0,0,0,0,0,0.4456279,0,0,0,0,0,0.07758998,0,0,0,0,0,0.6657653,0.09503388,0,0,0,0,0,0,0.1057457,0.2264659,0,0,0.02078868,0,0,0.5873575,0.08311533,0.2004269,0,0.222652,0,0.7305112,0.08937474,0,0.3855731,0.3407061,0,0,0.6501969,0,0,0.2962381,0,0.0174481,0.1058089,0,0,0,0,0.2493527,0,0,0,0,0,0,0.6995427,0,0,0.7100601,0,0,0,0,0.1068378,0,0.1036321,0,0.04325664,0.1497117,0.3054347,0,0,0,0,0.8002606,0.2082903,0,0,0,0,0.409797,0,0,0,0,0,0,0,0,0.08682948,0,0,0,0.1478509,0.4707866,0.103287,0.01205749,0,0.4637406,0,0.07530914,0,0,0.445279,0.2017086,0,0,0.03509498,0,0.04013521,0.09548934,0,0.05927669,0.3329101,0,0,0.05036623,0,0.3500418,
0.1614812,0.2707821,0.4102984,0,0.03964197,0,0,0,0,0,0.3570041,0,0,0,0,0,0,0.08181139,0,0.6958649,0,0.1501606,0,0,0,0,0,0,0,0,0,0.1678496,0,0.2487541,0,0,0,0,0,0,0,0,0,0,0,0,0,0,0.1632393,0,0,0,0,0,0.339284,0,0.5779269,0,0.079354,0,0,0,0,0,0.08106126,0,0,0.3566795,0,0,0,0,0,0.4388307,0.4487553,0,0,0.0359448,0,0.3803283,0.189194,0.3856582,0.1694105,0,0,0.2385848,0,0,0,0.2664147,0,0,0.1005362,0,0.3839554,0,0.3877762,0,0,0.4737424,0,0,0.5907062,0,0,0,0,0,0.4922163,0.5755268,0,0.2612137,0,0.07273056,0,0,0,0,0,0,0,0,0.1432948,0.03249716,0,0.1101175,0.1466672,0,0,0.119115,0.0519435,0.2560165,0,0,0,0.067158,0,0,0.380045,0,0,0.0639566,0,0.2411555,0,0.1709829,0,0,0,0,0.05281086,0,0,0,0,0,0,0.8942478,0,0,0.4331092,0,0,0,0.4105071,0.279978,0,0,0,0,0.6214007,0,0,0,0.1981515,0,0.3888373,0.9747684,0,0,0.193346,0,0,0,0,0,0,0.4570062,0,0,0,0.6416321,0,0,0.02176264,0.5367158,0,0.000113391,0,0.218071,0.1457223,0.2320578,0.8164494,0,0,0,0,0,0,0.03240348,0,0.41668,0,0,0.07635303,0,0,0,0,0,0,0,0,0.2837612,0,0,0,0.1881241,0,0,0,0,0,0.1758994,0,0,0.1611084,0,0,0.03393392,0.1946452,0.1532089,0,0,0,0,0,0,0.02312633,0,0,0,0,0,0,0,0,0,0,0,0.09784138,0,0,0,0.3161473,0.2779793,0,0,0.1077691,0.04242899,0,0,0,0,0,0,0.06630754,0,0.2553982,0,0,0.2415883,0.6309538,0,0,0,0,0,0,0,0,0.03070325,0,0.1586813,0.4067245,0,0.4749356,0.2646905,0.4462712,0.2348689,0.3493866,0.135001,0,0,0,0.3464973,0.1485036,0.5412524,0.07887168,0.4304418,0,0,0.3553996,0,0.4425113,0.3585833,0.01667032,0.3808929,0,0.8645306,0.1283237,0.8745635,0.9059436,0,0.5689636,0,1.019135,0.2776539,0,0,0.0388062,0,0.465825,0.09648599,0.2501649,0,0,1.156436,0.1999908,0,0.4169146,0.2108775,0,0.04038489,0.6146799,0,0.7090868,0,0,0.5853373,0,0.2951857,0.106786,0.05090543,0.3435316,0,0.4019485,0.6229929,0.06076248,0,0,0,0.5519323,0,0.06117194,0,0.1089898,0,0,0,0,0.1113415,0.05263056,0,0.08783046,0,0,0,0.5056388,0,0,0,0,0.02202038,0,0.1420698,0,0,0.5134292,0,0.6036155,0.5296144,0.2473858,0.03298914,0.5537578,0.1169719,0,0.8496422,0,0.2853228,0.08403836,0.08552933,0,0.2407416,0,0,0,0.05963528,0,0.2472652,0,0.6256627,0.2471726,0,0.09349301,0.7175241,0.1061932,0.1805761,0,0,0,0.6334863,0.4154066,0.4076096,0.05129895,0.01338029,0.4664375,0,0.07884326,0,0,0.4425029,0.3877467,0,0,0,0.4754535,0.2313595,0,0,0.3448466,0.4096994,0.522156,0,0,0.7296906,0,0,0,0.1087579,0,0,0,0,0.3577165,0,0,0,0,0,0.1265897,0,0,0,0.05066118,0,0,0,0.3377644,0,0.4745785,0,0.2518602,0,0.1449979,0,0,0.2205338,0,0,0.3535647,0,0,0.02981149,0,0.1241852,0,0.01372727,0,0,0,0.1894624,0,0.9745945,1.389109,0,0,0,0,0.02832887,0,0,0.3106319,0,0.1428014,0,0,0,0,0,0.06079308,0,0,0,0.3439555,0,0,0,0,0,0,0,0,0,0.3000209,0,0,0.07063957,0,0,0.6887813,0.1650339,0,0,0,0,0,0,0,0,0,0,0.2610004,0.5296295,0.3190659,0.198307,0.5915817,0,0,0.1434524,0,0,0,0,0,0,0.1734366,0,0.1337946,0.5279413,0,0.164331,0.3256718,0,0,0.1455358,0,0,0.5047794,0,
0.128831,0,0,0,0,0,0,0,0.3589685,0,0,0.09331691,0,0.1186558,0,0.1030543,0,0.1891174,0,0,0,0,0.01313101,0.2822409,0,0.3975057,0,0.2442889,0.5682267,0,0,0.02118752,0.3994819,0,0.3023284,0,0,0.05472399,0.4519452,0,0,0,0,0,0,0,0,0,0,0,0.5170453,0.2999651,0.126131,0,0,0,0.4302572,0.3497912,0,0,0.01095772,0,0,0,0.2326613,0.1688186,0,0,0,0,0,0,0.08158904,0.4953466,0,0,0,0,0.1011439,0,0.4957646,0,0.2978564,0,0,0.1533038,0,0,0.1781099,0.4558513,0.1061555,0,0.1351671,0,0,0,0.5062943,0,0.2891764,0,0.2898047,0,0,0,0,0,0,0.3028447,0,0.003012511,0,0,0.3010907,0,0.1391038,0,0,0.5068494,0,0.237941,0,0.7839549,0,0,0,0.2089714,0,0,0.04181786,0,0,0.05632016,0.07174761,0,0,0,0.2855839,0.07959281,0,0,0,0,0,0,0.05154978,0.4493505,0,0.1110048,0,0,0,0,0.09666207,0,0.04452873,0.3714179,0,0,0.02125409,0,0,0.1261982,0,0,0.5581605,0.4170337,0,0.20176,0,0,0.2655869,0.285898,0,0,0.4228341,0.277896,0,0,0,0,0.2950745,0.1135253,0.728649,0,0,0,0.1645394,0.1091099,0,0.2578483,0.6820363,0,0.2133315,0,0,0,0.1927953,0.07217432,0,0.4028062,0,0,0.06321531,0,0.3383274,0.1401148,0,0,0.2437204,0.3481881,0,0,0,0.2786522,0,0,0.5259815,0.09147202,0,0,0.2521491,0,0,0,0,0.07904951,0.0594367,0,0.1295451,0,0,0.2918225,0,0.321284,0.06166883,0.477882,0,0.1769816,0.2818092,0,0,0,0.1447176,0,0,0,0,0.6563392,0,0,0.2408875,0,0,0,0,0.2548124,0,0,0,0,0.03193047,0,0.559203,0.02039035,0.8292086,0,0.4081126,0,0,0,0.1126591,0.01358264,0,0.288013,0,0.7962182,0,0,0.8562456,0.3481211,0,0.634306,0,0.2433555,0.4992742,0,0.1061233,0,0,0.136094,0.1095358,0,0,0.4125704,0.16449,0,0.106264,0,0.237593,0.2182189,0,0,0,0.804841,0.1791866,0,0,0,0.4424986,0.0239658,0,0.4308672,0.081611,0.3085083,0.7794645,0.4312183,0.7324716,0.2324717,0.2852177,0.4003301,0,0.1701037,0.6445241,0.07223175,0,0.3891032,0,0.3308966,0.2618308,0,0.3050838,0,0.06542537,0,0.3918664,0.1988123,0.07956963,0.1494606,0,0.4223901,0,0.6066273,0,0.3270305,0.2593055,0,0.02613586,0.1351349,0.5420901,0,0,0.2341124,0.6649784,0.4712773,0.02591837,0.1989087,0.1867585,0.2599051,0.3364546,0,0.5363576,0,0.05758297,0.06648394,0,0.4777856,0,0.5450847,0.1286061,0,0.2481458,0,0.5066093,0.3106453,0.0882734,0.06683656,0.574312,0,0,0.1314032,0,1.000505,0.06047534,0.2062376,0.06513567,0,0.1651726,0.06424874,0.2799152,0.2154904,0.1380666,0,0,0,0.7286717,0.1213419,0,0.2330258,0,0.3334493,0.1080415,0.04213929,0,0,0.2181526,0,0.2670359,0.3355152,0.4775692,0.1164433,0.2940083,0.2285833,0.2814147,0.2361592,0.6310856,0,0,0.0393768,0,0.4094678,0,0.342815,0.01103204,0.1405205,0,0,0,0,0,0.6955351,0,0.2270127,0,0.4472558,0,0.1931474,0.4187094,0.2906273,0,0.278698,0.1639769,0,0,0.2500392,0.3110479,0.9362004,0,0,0,0,0,0.08641367,0.2359104,0.0590772,0,0.169685,0.2477539,0.1365033,0,0.9144271,0,0,0.9555007,0,0,0.2303212,0,0,0,0,0.04732006,0,0,0,0,0,0.747618,0.5884669,0,0,0.2706676,0.3749968,0,0,0,0,0.1063842,0.04184474,0.4256395,0,0.5446094,0,0,0.3254448,0.1561489,0,0,0,0,0.1098741,0.1919669,0.163528,0,0.242641,0.3230593,0,0.3186609,0.06821938,0,0,0,0,0,0.02419773,0.1269348,0,0.2546167,0,0,0,0,0.1847228,0,0,0.1203848,0.01894262,0,0.2034847,0,0,0.08111831,0,0,0.09669786,0.5300061,0,0.6176936,0,0.3101637,0.004676737,0,0.128711,0,0.2607265,0.08543165,0,0.6480752,0,0,0,0,0,0,0.4302089,0,0.0674141,0,0,0,0,0.5557808,0,0.2684696,0,0,0.01958528,0,0,0.1737774,0.5942867,
0.2980449,0,0.02561023,0,0,0,0,0,0,0.05599096,0,0.08812577,0.226146,0,0,0,0,0.1189179,0,0,0.105765,0,0,0,0.1569934,0,0,0,0.4970679,0.09852457,0,0.2963268,0,0,0.4744911,0,0,0,0.09718996,0,0,0,0.05979196,0,0,0,0,0.09161312,0,0,0,0,0,0,0,0,0,0,0,0,0.07979848,0,0,0,0,0,0.4814993,0.1827151,0,0.5489773,0,0,0,0.6931896,0,0,0,0.5194037,0,0.2298396,0,0.1080365,0,0,0,0,0,0,0,0.1451995,0,0.1017859,0,0,0,0,0.1034814,0.08873893,0,0,0.06503808,0,0,0,0.0530273,0.2843912,0,0,0.0001103627,0.4792888,0.3651497,0,0.1728869,0,0,0,0,0.276823,0,0.09835654,0,0.2191858,0,0,0,0.2011519,0.1497409,0.08978879,0.08475409,0.7714035,0,0.1919243,0,0.2929964,0,0,0,0,0,0,0,0.1888506,0.03669506,0,0,0.06479628,0,0,0.263606,0.4097001,0,0.04144783,0.255043,0,0.6609342,0,0,0.7877809,0.2274589,0,0,0,0,0.1568219,0.157157,0,0,0,0,0,0.07486778,0,0.1677217,0.383923,0.5225025,0.1469006,0,0,0,0.3294966,0,0,0.3650064,0,0,0,0,0,0.03679853,0,0.6471502,1.009982,0.5321262,0,0.4296374,0,0,0.1813771,0,0,0.1240171,0,0.4052871,0,0.4294223,0,0.1098184,0.01106921,0,0,0,0.02130474,0,0,0,0,0.3045961,0,0,0,0,0,0,0,0.2268509,0,0,0,0.05698106,0.03114904,0,0.1739552,0.2331592,0,0,0,0,0,0,0,0,0,0.119676,0,0,0,0,0,0,0,0,0,0,0,0,0,0,0,0,0.2864281,0,0,0.141345,0,0.06468408,0.03808942,0.1065988,0.07802834,0,0.3502202,0,0.0990074,0,0.3109729,0,0,0.8590924,0.2106865,0,0,0.1793538,0,0,0.2945065,0,0,0,0.08400768,0,0,0,0,0,0,0,0,0,0.4721456,0.1540348,0.3157989,0.3318737,0.1710323,0,0.4431736,0.2698101,0.3357689,0,0.460104,0,0,0,0,0.1155715,0.7753645,0.9055211,0,0,0.007823866,0,0,0,0,0.04647358,0.322636,0.4285137,0.1972079,0.08057958,0,0,0.1108007,0.4682105,0,0.5788444,0,0.001166042,0.2032326,0,0,0,0.4067828,0.04667092,0.6516015,0,0.2207649,0,0,0.4982566,0.03557828,0.3099389,0,0,0.6174278,0,0,0.1893059,0.1015928,0.6048338,0,0.7204168,0,0.3904633,0.7008845,0.09134579,0,0.5426368,0.04337426,0.003787363,0.6368206,0.395442,0.1161225,0,0.01667566,0,0,0.5774347,0,0,0.6490979,0,0,0.09518916,0,0,0,0,0.501637,0.1907213,0.6536814,0.01470112,0,0,0,0.5738885,0.2590615,0.4347112,0,0,0,0.3903255,0,0.0804479,0,0,0,0,0,0.5282838,0.01983187,0.3170019,0.3420102,0.06687199,0,0,0,0.4608858,0,0,0.4810167,0.05279851,0,0.3109064,0.1461701,0.1911602,0,0.1703893,0,0.06537884,0.5108002,0.1455951,0,0.2721845,0.001254323,0.109697,0.4691968,0.3180903,0,0,0.4926311,0,0.2629426,0.2625117,0,0,0.01659597,0.5597965,0,0.1290881,0.1169038,0,0.5268704,0,0.2594523,0,0.03815003,0.356647,0,0,0,0,0,0.403944,0,0.3317946,0,0,0.3316483,0.3919219,0,0,0,0.3939529,0,0.5183647,0,0,0,0.224064,0,0,0.1278307,0,0,0,1.020485,0,0.1895852,0,0,0,0.2865222,0.6687368,0.6366174,0.1276405,0,0,0,0,0,0.4640363,0,0,0.172066,0,0,0,0.5936959,0,0,0,0,0,0,0.009999221,0,0,0,0,0,0.05186164,0.3134123,0.2177331,0,0,0.08457979,0,0.1619906,0.9287633,0,0.2090582,0,0.8121619,1.06375,0,0.3232253,0.1034644,0,0,0,0,0.06844893,0,0.3070304,0,0.1277949,0,0,0,0.2999738,0,0.1151886,0,0,0,0.2739283,0,0.2797406,0,0,0,0,0,0.01475167,0.2031159,0,0.3577642,0,0,0,0,0,
0,0,0,0,0.4621422,0,0.5142809,0,0,0,0,0,0.4225914,0.4904857,0,0,0.5605833,0,0.2330947,0.4194221,0,0,0.60684,0,0.4468862,0,0,0.1766549,0,0,0.1503658,0.5637377,0.2560282,0,0.1892402,0.2490144,0.3536228,0.1227199,0.596642,0.1377723,0,0,0.1697544,0,0,0.1829215,0,0,0,0,0,0.5084538,0,0,0,0,0,0,0,0.42797,0,0.07708498,0.1898037,0.0893731,0,0,0.3321967,0.03472054,0.63782,0,0,0.5397102,0,0,0,0,0,0.03750163,0,0,0,0.1405806,0,0,0.09948365,0,0.3030424,0,0.1271582,0,0,0.1609592,0,0,0,0.3487467,0.2914328,0,0,0,0,0,0.2486005,0,0,0,0,0.2319602,0,0,0,0.04017167,0,0,0,0,0,0.4282413,0.2095456,0,0,0,0.0196295,0.006146469,0,0,0,0,0,0.118453,0,0,0.4477974,0.190077,0.1056941,0.005094569,0.1326452,0,0,0,0.04916199,0,0.1624571,0,0,0,0.05863784,0.1145796,0,0,0.1578771,0,0.2046037,0.1181643,0,0,0,0,0.2584858,0,0,0,0,0,0,0,0,0.3426225,0.3853565,0,0.03202749,0,0,0.4967695,0,0.03878565,0,0.1539477,0.08406921,0,0,0,0,0.04327616,0.04096112,0,0,0.1054315,0.09685211,0,0,0,0,0.2991478,0,0,0,0,0.063976,0,0,0,0.7877108,0,0,0.2906492,0.4724293,0.3018232,0.1956288,0,0,0,0,0,0,0.01310633,0,0,0,0,0.4682059,0.3945089,0,0.1997061,0.4623071,0,0,0,0,0,0.07588514,0.3038873,0,0,0,0.7549091,0.07643379,0,0.1887081,0,0.1493482,0,0,0,0,0,0.01011326,0.08941055,0,0,0,0.5560264,0,0,0,0,0,0,0,0,0.2314582,0,0,0,0,0.4124838,0,0,0,0.01829523,0.09801745,0.1825488,0,0,0.4947309,0.4363882,0.006693775,0,0,0,0,0,0.1622825,0,0,0,0,0,0,0,0.2438346,0,0.09128296,0,0,0,0,0,0,0.1431721,0,0,0.1379021,0.445861,0.4179743,0.2130368,0,0,0,0.89821,0.4910312,0.3198275,0,0.0880147,0,0,0,0,0.2155674,0,0,1.058923,0.1859296,0,0,0.0114141,0.04992678,0,0,0,0.2769211,0,0,0,0.1729054,0,0.2667781,0.1185089,0.557118,0.624759,0.6076418,0,0.2758082,0,0,0.9129668,0.7495061,0,0,0,0,0,0,0,0,0.5169751,0,0,0,0,0,0,0,0.3087169,0,0,0,0,0,0,0.1613498,0.361177,0.2990318,0.1640236,0.4828849,0,0.120007,0,0.02006857,0.1652805,0.09467089,0,0.3876138,0,0,0.05888604,0.3559209,0,0,0.1957364,0,0,0,0,0.4233937,0,0.1071497,0,0,0,0,0,0,0,0,0,0.1746361,0,0,0,0,0,0.03723657,0,0,0,0,0,0,0,0.1723382,0.198177,0.1067288,0.1377032,0,0.06015813,0,0.3747631,0,0,0,0.0957296,0,0,0,0,0,0,0.002532107,0,0.7369118,0.1118853,0.2940226,0,0,0.2778268,0,0,0.08261316,0,0,0.8039494,0,0,0.3020928,0.4648892,0.2075291,0,0,0,0.6738584,0,0,0.2614226,0,0.1021753,0,0,0,0.02026935,0,0,0,0,0.2689391,0,0,0.2184294,0.09904234,0,0.1096537,0.4852845,0.1925348,0,0,1.051318,0,0,0.3551117,0,0.228992,0,0,0.6869137,0.230452,0,0,0,0,0,0,0,0,0,0,0,0,0,0,0,0.01121153,0,0,0.0027524,0.04477182,0,1.294466,0,0.3700282,0.6618645,0,0,0,0,0.1435433,0.4280126,0.07977387,0,0.3957067,0.1440302,0.523006,0.02117535,0,0.2129134,0.2910864,0,0,0.03967223,0.06945155,0,0.2650228,0,0,0.2979989,0,0,0.2947761,0,0.1369296,0.06450804,0.4791668,0,0,0,0.4220237,0,0,0,0.2086257,0.3656235,0.1901239,0.2758934,0,0.6981885,0,0,0.2017781,0,0.3842973,0,
0,0,0.1780742,0.1934074,0,0,0,0,0.01122764,0.4840565,0.3101425,0,0.01029465,0.1526236,0,0.02760559,0,0.1710514,0,0.5208079,0.363406,0.07730902,0.07314457,0.03482395,0.2520256,0,0.3204119,0,0,0.1416082,0.01380002,0.2879932,0.07742541,0.2697333,0,0,0.222264,0.3702545,0.2968276,0,0,0,0,0,0.2714407,0,0,0,0,0.1608625,0,0,0,0,0,0,0,0.3070926,0.0276641,0,1.879575,7.225039,2.2057,0.9758325,0.0844802,0,0,0,0.3180085,0.04857061,0.1626454,1.239202,0,0.2180251,0.0456953,0,0.0476451,0,0,0,0,0,0,0.1624597,0,0,0.01667557,0,0.9703448,0,0,0,0.2375493,0,0,0,0,0,0.8949833,0,0.8630512,0,0.3776599,0,0,0,0.00681494,0,0,0,0.13873,0,0.1493611,0,0,0,0.2708439,0,0,0.0997129,0,0,0.1849441,0.3903414,0,0.1855545,0,0,0,0,0.2829985,0,0.1325704,0.3197065,0,0,0,0,0.3002321,0.1792799,0.7732707,0.4295339,0.5619595,0.06320064,0,0,0.0545835,0.170299,0.04813432,0,0,0.2874482,0.2831247,0,0,0,0.2349467,0.01284824,0.2187275,0.6303467,0,0.1094985,0.3483474,0,0,0,0.01240423,0,0,0,0,0.08719342,0.1250142,0,0.4813384,0,0.002392558,0,0.4507472,0.65035,0,0,0,0.2449297,0.4005665,0.2030518,0,0,0,0.4614279,0.01590876,0.727227,0.3738642,0,0,0,0.1466846,0,0.2328802,0,0.007941766,0,0,0.08924864,0,0,0,0,0.07781954,0,0,0,0,0.902792,0.2956373,0,0.3077473,0,0.0002674974,0.01943151,0,0,0.07891823,0.2237516,0,0,0.5603299,0.1886783,0,0.1958169,0.007544572,0,0.8735145,0.04654095,0,0.8116015,0,0.2194061,0.4803235,0.1647674,0.1442579,0,0,0,0,0,0.3921368,0.115321,0,0.3059009,0,0,0,0,0.07525702,0,0,0.459698,0.3437085,0,0.6179283,0.01605017,0,0,0.2325258,0,0,0,0,0,0.05613909,0,0.3548428,0,0,0,0.5600954,0,0,0.2661582,0,0.1316567,0,0,0.5754736,0.09876088,0.3946953,0,0,0,0.5943632,0,0,0,0.142909,0.1442009,0,0,0,0.2450818,0.02405265,0,0,0,0,0.5757649,0.118116,0,0.175429,0.8856479,0.07968938,0.3783027,0,0,0.1551396,0,0.6128846,0,0,0.1950959,0,0,0.1139782,0,0.06509364,0.08931147,0.4325513,0.008548585,0,0,0.4852833,0,0,0.1131413,0,0.2203278,0,0.008698693,0,0,0.6083732,0.03827682,0,0.01954165,0.1870748,0.2230328,0.146854,0.1817586,0,0,0,0,0,0,0.3507533,0,0,0,0.0645899,0,0.148707,0,0.05449398,0,0,0,0.184218,0,0.09448442,0.2559778,0.2010539,0,0,0,0,0,0,0.1169041,0,0.01319142,0.2086969,0,0,0,0.2495566,0,0.2165063,0.5037072,0,0,0.03182279,0.5314298,0,0.2095892,0.2240201,0.3538781,0,0,0,0,0,0,0,0.01259242,0,0,0,0.2386277,0,0.5771903,0,0,0,0,0.3624564,0,0,0,0,0.1653796,0,0,0,0,0,0,0,0,0,0.07675748,0,0.009824988,0.6195883,0.1639107,0.02756169,0,0,0.1038693,0,0.03111378,0.3285509,0,0.9174817,0,0,0.459266,0.03375194,0.4346486,0.09319677,0,0,0.08483776,0,0,0.4185464,0,0.009952244,0,0,0,0,0.7428445,0.2470115,0.597844,0.3184918,0.7144623,0,0,0,0,0,0,0.2508584,0,0.04279324,0,0.2335644,0,0.3400148,0,0.1265164,0.2847097,0.4968072,0,0.01577677,0.1735337,0,0,0,0.0157074,0,0,0.2672609,0,0.05565907,0.5681543,0,0,0.8281868,0,0,0,0.2920325,0,0.150038,0,0.02886976,0.06622045,0.4358024,0.351209,0.4011362,0,0,0.06092162,0,0,0,0,0,0.04986463,0,0,0,0,0,0.1133455,0,0.5140273,0.04546478,0,0,0,0,0.08220158,0.3925522,0.1601465,0,0,0.1707893,0.5064816,0,0,0,0.01936364,0.2998633,0.6299989,0,0,0,0.4936002,0,0,0,0,0,0,0,0.1886027,0,0,0,0.5289927,0.1287837,0,0,0,0,0,0,0.1140833,
0.1963357,0,0.005710469,0,0,0,0.05781678,0,0,0,0,0,0,0,0,0,0.3376314,0.100653,0.04855957,0.02112265,0.2782243,0.2305946,0,0,0.5224265,0.5529232,0.05946696,0,0,0,0.4897811,0.2526855,0,0.03505109,0,0,0,0,0.01108379,0,0.09947234,0,0,0,0,0,0.3590178,0,0,0,0,0.2052909,0,0,0.7025868,0.5426027,0,0,0,0.09364248,8.793536,18.64072,15.15447,10.97399,2.190301,0,0,0,0,0.3397182,0,0.2365387,0,0,0,0,0,0.1661679,0,0.01312138,0,0,0,0,0.2219726,0,0.2124587,0,0,0.1682488,0,0.04896948,0,0,0,0,0,1.246912,0,0,0,0,0.3545705,0.2080413,0.3065828,0,0,0,0,0.1415561,0,0.5782413,0,0.2619738,0.1250656,0,0,0,0,0.2631383,0,0,0.1376407,0.2881635,0.6279981,0,0.2160792,0.1687168,0.2008651,0,0,0,0,0,0,0,0,0,0,0.05586546,0.2594145,0.06848887,0,0,0,0.08867073,0,0.2054813,0.09845413,0,0.8234853,0,0.5658835,0,0,0.2855107,0,0.08612346,0.3385431,0,0,0,0,0,0,0.5881252,0.002626217,0,0,0.1891496,0,0,0,0,0.3007971,0.3971246,0,0,0,0,0.0286949,0,0,0,0.1312936,0,0.230147,0,0.01549376,0,0,0,0,0,0,0.06714792,0.2704288,0,0.5163239,0.1514014,0.2154368,0,0.2266327,0,0,0.09642043,0,0,0,0.1815192,0,0.260304,0,0,0,0,0,0.1142995,0.4535124,0.022527,0,0,0,0.4549619,0.1076153,0,0,0,0,0,0,0.7114146,0.4512697,0,0,0,0,0,0,0,0.04778231,0.218464,0,0,0,0,0,0.1843528,0,0,0,0.09382265,0,0.5950373,0.09741438,0,0.2502632,0,0.1901276,0,0,0,0,0,0.04909471,0,0,0.1931588,0,0,0.191166,0,0.009101427,0,0.5350122,0.4210794,0.1529702,0.03241569,0,0.1351531,0,0.1206416,0.2677514,0,0.0130328,0,0,0,0,0,0,0.05000731,0,0,0,0.1137344,0,0.6007268,0,0.01936787,0,0.179736,0,0.1050906,0,0,0.1103666,0.8908909,0,0,0,0,0.359838,0,0.1434166,0,0,0,0,0.138064,0,0,0,0,0,0.4159601,0,0,0,0,0.6418591,0,0,0.1996172,0,0,0,0,0,0,0.5303967,0,0,0.2406543,0.3082946,0,0.1000972,0.06533562,0,0,0,0,0,0.1770226,0.0350116,0,0,0,0,0,0.4002293,0,0.664511,0,0,0,0,0,0,0.4679947,0.01919499,0,0,0,0,0.2635445,0,0.1763077,0.1164825,0,0.1268874,0.1747789,0,0,0,0,0,0,0,0.2598775,0.3943231,0,0,0,0,0.1269521,0,0.07676093,0,0,0.08065409,0,0,0.2828098,0,0,0.3127633,0.04485611,0,0.1163609,0.2724378,0,0,0.2177503,0.2665251,0,0,0,0.5167437,0,0,0,0.5772032,0.1146019,0,0.0845309,0,0,0,0,0.1197566,0,0.3985143,0.09416254,0,0,0.1520802,0,0,0,0.3198374,0,0,0,0,0,0,0,0,0.1723874,0.3314492,0,0.4907571,0.260079,0,0.246972,0.835462,0.7693247,0,0.3155073,0,0,0,0,0,0,0,0,0,0,0.06497344,0,0.7222304,0,0,0.1154423,0,0,0,0,0,0,0,0,0,0.0615162,0.3988537,0,0,0,0,0.05873655,0,0.09504972,0.3752319,0.00995232,0,0,0,0.0237776,0,0,0,0,0,0,0,0.2381284,0,0,0.2192739,0,0.110857,0,0,0,0,0,0,0.6618958,4.085548,0,0,0,0,0,0,0,0.09200589,0.5899373,0.1848091,0,0,0,0.005449386,0,0,0.1195873,0,0,0,0,0.1039466,0.04338192,0.06254317,0.8142327,0,0,0.123288,0.3174379,0.05737146,0.006842951,0,0.2090676,0.3335686,0,0.1042041,0.3242607,0.07193106,0.5075965,0,0.9148262,0,0,0,0,0,0,0,0,
0,0,0,0,0,0,0,0.03561757,0,0,0.4847447,0,0,0.05440002,0,0,0,0,0,0.06572564,0,0.1397484,0,0.2395879,0.6225702,0,0,0.1758243,0,0.1614527,0,0,0,0,0.3290558,0.2118909,0,0,0,0,0,0,0,0,0.4983281,0,0,1.003581,0,0,0,0,0,0,0,0,0.8179999,0,0,2.187135,18.24222,17.32046,16.0807,17.55339,13.74403,1.167818,0.3375169,0.4961739,0.2484605,0.3069449,0,0.1245892,0,0,0,0.24227,0,0,0,0.1892178,0,0,0.4643144,0,0,0.3970255,0,0.0172296,0,0.2905541,0,0,0,0,0,0,0.2107105,0.6668124,0,0.1127269,0,0,0.2491313,0,0.3403259,0.000186549,0,0,0.2314519,0.3077784,0,0.06023867,0,0,0,0,0,0,0,0,0,0,0.6414881,0,0.4478959,0,0.1649428,0.265252,0,0,0,0,0,0,0,0,0,0,0.8628214,0.2829175,0,0.2462272,0,0,0,0,0,0,0.2468598,0,0,0,0,0,0,0,0,0,0,0.1969111,0.04385059,0,0.2698338,0,0,0,0,0.07133327,0,0,0.1049087,0,0,0,0.2643501,0,0.5128919,0,0,0,0,0,0,0.3506113,0,0,0,0,0,0,0.4116638,0,0,0,0,0,0,0,0,0,0.01816478,0,0,0.3010325,0.01536566,0.4336652,0,0,0.511294,0,0,0,0.6926404,0.004658267,0,0.2498395,0,0,0.04167376,0,0,0.08277752,0.1758816,0.2682787,0,1.041804,0,0,0,0,0,0,0.02925254,0,0.006888345,0.1181973,0.1595061,0,0,0,0,0,0,0.1791448,0,0.5079811,0,0,0,0,0,0,0,0,0,0.2715091,0,0,0,0,0,0,0,0,0,0,0,0,0.1104316,0.6554638,0.2227769,0.314021,0,0,0.05912156,0,0,0,0,0,0.7082486,0,0.3496844,0,0,0,0.3678959,0,0,0,0,0.09725697,0,0,0.1417577,0,0.04852844,0.6396402,0,0,0,0.6800425,0,0,0,0.01409373,0.3114318,0,0,0.1161873,0,0.1032877,0,0,0,0,0.3679891,0.02801862,0,0,0.2188613,0,0,0.6799465,0,0,0,0,0.6233479,0,0,0.2895006,0.05010666,0,0.1395278,0.2131921,0,0,0.541618,0,0,0,0,0.045834,0,0,0.1084018,0,0.7563071,0.5866125,0,0,0,0,0,0,0,0,0,0.3963587,0.4355988,0,0,0,0.3276235,0,0,0,0,0.05289639,0,0,0,0,0.1993565,0,0,0,0,0,0,0.2134019,0.4417534,0,0.3602844,0.5761809,0.004261051,0,0.3539815,0.4224111,0.1766356,0,0.1090029,0,0,0,0.08433196,0.4472989,0,0,0.1701786,0,0,0,0,0,0,0,0,0,0,0.2665371,0.5264983,0,0.004569276,0.4774084,0.07159079,0,0.2491747,0,0,0,0.8391171,0,0,0.105929,0.04047128,0.02945361,0,0,0,0,0.02431262,0,0.299827,0,0.3803614,0,0.3129341,0,0,0,0,0,0.3607805,0.2556796,0.06691069,0.3464874,0,0.1408161,0,0,0,0,0,0,0,0,0,0,0,0,0.01895858,0,0,0,0,0.1510649,0,0.01746101,0.5409665,0,0,0,0.558529,0.173519,0,1.150497,0,0.1927807,0.009563205,0.3270547,0,1.429129,0,0,0,0,0.5635899,0,1.378289,0,0.2261907,0.3543991,0,0,0,0.4770955,0,0,0.1396662,0,0,0,0.614632,0,0,0,0,0,0.5465322,0,0.03691685,0,0,0,0,0.4332993,0,3.611646,2.050539,0.1575109,0.2962639,0,0,0.0331176,0,0.1611035,0,0,0.07603753,0,0.2052825,0,0,0,0,0,0.9965985,0,0.05753976,0,0.04702327,0,0.1377588,0,0,0,0,0.2846386,0.1177738,0.5898011,0,0,0,0.280562,0.1464367,0.3316348,0.08010755,0,0,0,0.07873368,0,0,1.224764,0,0,0,0,
0,0,0,0,0,0.05996233,0,0,0,0.5353801,0.07158981,0.2990543,0.07322629,0,0,0,0,0.03736202,0.0712468,0.2198901,0,0.001732223,0,0,0,0,0,0.3184396,0,0.06393062,0,0,0,0,0,0.2639603,0,0,0,0.2499983,0,0.2113299,0,0.04219652,0.02371922,0,0.1418029,0.7863873,1.084886,0,0,0.7591015,0,0,0.5652019,0,0,0,0,4.940838,16.60936,15.92174,16.86524,15.92718,16.97608,6.609614,0,0,0,0,0,0.417426,0.1409129,0,0.1271827,0,0.05520173,0,0.2010452,0.08728631,0.2106385,0,0.3653197,0.1119898,0,0,0,0.4118988,0,0,0,0.4811535,0,0,0,0,0,0.1457895,0,0.2621081,0,0,0,0,0.03698461,0,0,0,0.5442476,0,0.04846938,0,0,0,0,0.05103,0,0,0.1491214,0.3654002,0,0,0,0,0,0,0,0,0,0,0,0.1765869,0,0,0,0.580815,0.7945385,0.2213323,0.003537175,0,0,0,0,0.3499342,0.2992257,0,0,0,0.1388436,0.07726867,0.09153809,0,0,0.2428781,0,0,0,0.03088551,0.2251909,0,0,0.1874233,0,0,0,0,0.1235449,0,0,0.1454911,0.06153855,0,0,0.2874862,0,0,0.1225339,0.3353643,0,0.6124777,0,0.5057887,0,0,0,0.1312081,0.1498922,0,0,0.3119204,0.4422137,0,0,0,0,0.008404261,0,0.01524088,0,0,0,0,0,0.1215353,0.094375,0.1685702,0,0.2209121,0.1597822,0,0.4997889,0,0.158536,1.029444,0.009916664,0,0,0,0,0,0,0.1873977,0,0.1151824,0,0,0.04844098,0,0.2496054,0.1825923,0,0,0,0,0,0,0,0,0.1342053,0,0.3597708,0,0,0,0,0,0.03577624,0.2946555,0.4989254,0,0,0,0,0,0,0,0.4973191,0.1340801,0.05804107,0.03275798,0,0,0.03790618,0,0,0,0,0.04470667,0,0,0,0,0,0,0,0,0,0.6509145,0.6800662,0.8582077,0.2450987,0,0.2094544,0,0,0,0.1454379,0,0.5674899,0,0,0,0.2199729,0,0,0,0,0,0,0,0,0.2116423,0.4168464,0,0,0,0,0.1431948,0,0.05965972,0.6519254,0,0,0,0,0,0.3538642,0,0,0,0.01341043,0,0.3700466,0,0,0,0,0,0.3189927,0.1305544,0,0,0,0,0,0,0.269164,0,0,0,0,0,0,0.07868086,0,0,0.05093561,0,0.3809946,0,0,0,0,0,0,0,0,0,0,0,0,0,0,0.02789043,0,0.1070338,0,0,0,1.121881,0,0,0,0,0,0,0,0.8011231,0.06627074,0,0.2229052,0.3701291,0,0,0,0,0,0,0.01112777,0.1348041,0.1766582,0.213095,0.3189013,0,0,0,0,0.01604437,0.09508795,0.1542112,0,0,0.3299428,0.07958106,0,0,0,0.3020056,0,0,0.4848365,0,0.240008,0,0,0.4137022,0.1544295,0.2302654,0,0,0,0.07969267,0,0,0,0,0,0,0,0,0,0,0,0,0,0,0.5439101,0,0,0.2663213,0,0.1446054,0,0,0.0286836,0.01478751,0,0.3298559,0.8093513,0.05216116,0,0.1234692,0,0,0.222711,0.1969826,0.2772771,0.3613199,0.09558927,0.2609418,0.2578926,0,0,0,0.4703091,0,0,0.1001337,0,0.2740612,0.1183507,0.04152675,0.04564793,0,0,0.05719161,0.04119153,0,0,0.4780025,0.00479505,0,0,0,0.3951959,0.0350321,0.05065263,0,0,0.2970581,0.1700914,0,0,0,0.5195699,0,0,0.2050663,0,0.286468,0,0.1033299,0,0.3566121,0,0,0,0,0,0,0,0.07900746,0,0.3142834,0.09075761,0.1787303,0,0,0.06628142,0,0,0,0.1377254,0,0,0,0.2664494,0.3835968,0,0,0.1056051,0.5492189,0.1404962,0.2250572,0,0.2376993,0,0,0,0,0,0,0,0.3357231,0.2198514,0,0,0,0,0.3778233,0,0.745945,0,0,0,0.08715483,0,0,0,0.8359498,0.4480756,0,0,0.6953577,0.2788462,0.83293,0,0,0,0,
0.3201877,0,0,0,0,0,0,0,0.2053766,0.2271045,0.2158746,0.1890607,0,0.03454095,0,0,0.06871513,0,0,0.2170847,0,0.4858927,0.01290853,0,0.200765,0.2140538,0,0,0,0,0.1441792,0.4289092,0.6663402,0.4803471,0,0.195008,0,0,0.4995427,0,0.2498637,0.381486,0,0,0.04403562,0,0,0.3778021,0.6378391,0,0,0,0,0,0.2589764,0,0,0,0.1966691,13.18263,14.87116,19.37141,15.59527,18.62201,14.9636,15.82067,0.8882335,0,0,0.222039,0,0,0,0,0,0.1302331,0,0.5534492,0.003247398,0,0,0.1801443,0,0,0,0.05777887,0,0.1114309,0.2703364,0,0.122352,0.4626229,0,0,0.05310417,0,0,0.1638884,0,0.5918241,0,0,0.3815368,0,0,0.7984282,0,0,0,0,0.1462359,0,0,0,0,0,0,0,1.313373,0.1248417,0,0,0,0,0,0,0.2775173,0.1287171,0,0,0,0.2799756,0,0,0.4407494,0,0,0,0,0,0,0,0,0.1795809,0,0.7513313,0,0,0,0,0.4883342,0,0,0.2461158,0,0.08398261,0,0,0,0,0.07182108,0,0.2558794,0,0.2100404,0.6306127,0,0.3401949,0,0.333348,0.5399453,0.2851419,0,0,0.2727725,0,0,0.590677,0.1034046,0,0.8713883,0.0553694,0.04135591,0,0,0,0,0,0,0,0,0.5116758,0.6242204,0,0.04143532,0.178148,0.4379368,0.1285847,0.269999,0.04597076,0,0,0,0,0,0,0,0.1931927,0.7187325,0,0.2088514,0,0.233916,0,0.2302241,0,0,0.04291106,0,0.4258767,0,0,0,0.3585297,0.319777,0,0,0,0.41729,0,0,0.211846,0.3691692,0,0,0,0,0.567726,0,0,0.6633519,0,0.6198789,0,0,0,0,0,0,0,0,0,0,0,0,0.2984034,0,0,0.09988973,0.5498913,0,0,0,0.2752005,0,0,0,0,0,0,0,0,0.06474878,0.3567351,0,0,2.284794,2.348909,0.9869677,0.9877172,0,0.1749852,0.3324392,0.03468921,0,0,0,0.2095595,0.3563042,0,0,0,0,1.133435,0.04848926,0,0,0,0,0.2718261,0.1165906,0,0.4569521,0,0,0,0,0,0.0925554,0.6781756,0.2662086,0.3543167,0,0.48359,0.2324997,0,0,0.0644023,0,0.2023183,0,0.2793808,0.04166919,0,0,0.5633824,0,0,0,0,0,0,0,0,0,0,0,0,0,0,0.215116,0,0,0.2394469,0,0,0,0,0,0.5344526,0.3765584,0.2248743,0,0,0,0,0,0,0.01630999,0,0,0,0,0,0,0.3792824,0.3803115,0,0,0,0.2702496,0,0,0,0,0.124188,0,0,0,0,0,0,0,0.2580287,0,0,0,0.01445847,0,0,0,0,0,0,0.6013675,0,0,0.1335937,0,0.05809699,0,0,0.3946989,0.1941707,0,0.3615091,0,0,0,0,0.4714854,0,0,0,0.4671509,0,0,0.5684645,0.7516304,0,0,0.9511955,0.3265724,0,0,0.2066121,0,0,0,0,1.073545,0,0,0.3530773,0,0,0.4157072,0.3247296,0,0.4827635,0.3307765,0,0.04445938,0,0,0,0,0,0.022606,0,0,0.4709909,0.3652539,0,0.06378031,0,0,0.2151613,0,0.354584,0,0,0.7100507,0,0,0,0.08311608,1.021306,0,0,0,0.1426681,0,0.6456301,0,0.2091365,0,0.2005698,0,0,0,0,0,0.1938102,0.3494655,0,0,0,0.5049325,0.2439115,0,0,0.7339803,0,0,0.2984098,0,0,0,0,0,0,0,0,0,0.4568529,0,0,0.09737194,0.1512259,0,0,0.1294879,0,0,0,0,0.1530925,0,0,0,0.05049855,0.3182728,0.08185619,0.1458945,0,0,0.06435137,0.6914952,0,0.5971408,0.1504639,0.02544239,0.2914692,0,0.004737137,0.6155245,0.3432303,0,0.4550463,0.1874383,0.7468981,0.4509235,0,0,0.06779458,0.5443886,0.3533437,0.1600777,0,0.2956021,0.7628316,0.360296,0,0,0.5559528,0,0,0,0,0,0,0.3111546,0.3709129,0.8414227,0,0,0,0,0,
0,0,0,0.5341707,0.863042,0,0,0,0,0.02788413,0.2249526,0,0,0.256281,0.435913,0,0,0.3690852,0.3103347,0,0,0,0,0,1.071682,0.1777019,0.002681579,0.3827071,0,0.2784719,0.208986,0.02061862,0.1025956,0,0,0.2748286,0,0.3242887,0,0.09318603,0,0.7671045,0,0,0,0,0,0,0,0.2461925,0,0,0,0,0,0.04376205,0,0,3.449652,13.33789,16.46763,17.06727,15.8435,18.48133,17.49151,18.35885,4.461841,0.04660263,0,0.2463001,0.4572594,0,0,0,0,0,0,0,0,0,0.06619187,0,0,0,0,0,1.030921,0,0,0,0,0.004206327,0,0.5377733,0.4145799,0.5868239,0,0.2819546,0,0,0,0,0,0.3178293,0.117937,0,0,0.2437746,0,0,0.1962184,0.04357449,0.1301938,0.03025844,0.07172827,0,0.6054424,0,0.3067216,0,0.1648537,0,0.05756367,0,0.2469917,0,0,0.05306868,0,0,0,0,0.5124025,0.01625296,0,0,0,0.2187642,0,0,0,0.04194757,0.3900823,0.1478645,0,0.1416149,0,0.3168835,0,0,0,0,0,0.07855019,0,0,0,0,0.1121591,0,0,0,0,0,0.7072002,0,0,0,0,0,0,0.002840893,0,0,0,0.3672878,0.1653763,0,0,0.2102365,0,0.08911932,0,0,0,0.349356,0.5991017,0,0,0,0,0,0.414151,0,0,0.4616584,0,0,0.3315799,0.2589786,0,0,0.03424185,0,0,0,0,0.08952749,0.001851627,0.407684,0,0.3200488,0.3004135,0,0,0.1122996,0.1001284,0.7502056,0,0,0,0.08465911,0.1464322,0,0,0.1903654,0.2559563,0.1706853,0,0,0,0,0,0.1137061,0.3021689,0.2669091,0,0,0,0,0,0.03509622,0,0,0.4863088,0,0,0,0,0,0,0,0,0.2091444,0,0,0.01850627,0.1586433,0,0,0,0,0.1089387,0,0,0,0,0,0.1194693,0,0,0,0.6056318,0,0,0,0.136797,1.063998,1.008535,0.1121081,0.02787975,0,0,0,0.7937817,0,0,0,0,0.1805998,0,0,0,0,0.5514099,0,0.5772532,0,0,0.09460115,0,0.2249883,0,0.2117629,0,0.01992901,0,0,0,0.07861154,0,0.06316721,0,0,0,0,0,0.07694985,0.4505418,0,0,0,0,0.2381241,0,0,0,0,0,0.1562262,0.1188199,0.2994817,0,0.3674517,0.2012997,0.5163375,0,0,0,0,0,0.299364,0,0,0,0,0.2234111,0,0,0,0.05820112,0.1968329,0,0.04869132,0,0,0,0.2788389,0.1232824,0,0.1119873,0,0,0,0,0,0,0,0.2591825,0,0,0,0,0,0.101189,0.5384475,0,0,0,0,0,0.8111517,0,0,0,0,0.1985231,0.3269189,0,0,0.259636,0,0,0.005578689,0,0,0,0.453735,0.1344039,0,0.1685258,0.0352587,0.1852269,0,0.1892527,0,0,0,0,0,0,0,0.06623302,0,0,0.2900195,0.3776184,0.4409103,0,0,0.08161091,0.7382357,0.1976589,0,0,0,0.07542468,0,0.6290641,0.3599478,0,0,0,0,0,0,0,0,0.4821281,0.239058,0,0.553982,0,0.1013519,0.01138998,0,0.690219,0,0.4565784,0,0,0.3672955,0.048494,0,0,0,0,0,0,0,0.139044,0.3587812,0,0,0,0,0,0,0,0,0.455157,0,0.1753787,0.03033243,0,0,0,0.4237458,0.7685855,0,0,0,0,0,0,0.5868775,0,0,0.2750219,0.1545503,0,0,0,0.4342602,0,0.04300746,0.1394069,0,0,0.2080203,0,0,0,0.1654329,0.03424934,0,0,0,0,0.2296582,0,0,0.2704027,0,0,0,0.5356258,0,0,0.0556539,0.6305989,0,0,0,0,0,0,0,0,0,0.05452644,0.4333032,0.02349196,0.1781154,1.069871,0,0,0,0,0,0.5665075,0,0.2867726,0.230042,0,0,0,0,0,0,0.2858562,0.8005983,0,0,0,0,0.6614465,0,0,0,0,0.4457202,0,0,0,0.2727829,0,0,0,0,
0,0,0.0002122879,0,0,0,0,0,0,0,0,0,0,0,0.2013454,0.01731454,0,0,0.1471592,0,0,0.4405567,0,0.2732757,0.7714668,0,0.0381723,0.01900014,0,0,0,0.1186927,0,0.21022,0,0,0,0,0.4844535,0,0,0,0.5849077,0.3886266,0,0.06195826,0.5067605,0,0.7906444,0,0.03621162,0.8291793,0,0,0,0,0.2796922,0.7606556,3.651366,16.94673,16.85227,16.73082,18.01837,16.25795,16.03672,16.10262,13.31961,2.845894,0,0.1995761,0,0,0.04525443,0,0.6624829,0,0,0,0,0,0.3717726,0.3875534,0,0,0,0,0,0,0,0,0.3281237,0,0.5399149,0.2311069,0.2963048,0,0,0,0,0.5715854,0,0.02996887,0.79939,0,0.2453217,0,0,0,0,0.002201374,0,0.1301505,0,0.1847637,0,0,0,0,0.3850601,0.193307,0,0.2635608,0.1277593,0.5423059,0,0,0,0,0,0.01381386,0,0.1399732,0,0,0.03655182,0,0.8852493,0,0,0,0,0,0.5484129,0.2850285,0.1936876,0.6927535,0.3928329,0,0.3851482,0,0,0.3823548,1.053867,0.1408019,0,0.2005709,0,0,0.2104003,0,0,0.1693757,0,0,0,0.3400537,0.09587166,0.1696336,0,0,0,0,0.317085,0,0.1013725,0,0.1999983,0,0,0,0,0.006937709,0,0.5292142,0,0,0,0.168622,0,0,0.2892266,0,0.7270959,0,0,0,0.4860023,0.03542901,0,0,0.1787978,0,0.1410713,0,0,0.6191062,0,0.05077063,0,0,0,0.3039188,0.2663453,0.1977712,0.7664835,0,0,0.2014499,0,0,0.006886781,0,0.5025818,0,0,0.1915878,0.1005257,0,0,0.07980856,0,0,0.2607011,0.4417328,0,0,0.03110256,0,0.1449955,0,0.1891741,0,0,0,0,0,0,0.4654692,0,0,0,0.1927435,0.0447671,0.3456923,0,0,0,0,0,0,0,0,0.434675,0,0.0578424,0,0,0.2593274,0.369552,0.4887694,0.2891011,0.5257441,0,0,0,0.08030839,0,0,0.03208848,0,0,0.3416951,0.2357238,0,0,0.519918,0,0,0,0.2852719,0,0.7193844,0,0,0,0,0.2826023,0,0.1659682,0,0,0,0.1690262,0.1050989,0,0,0,0,0.2258002,0,0,0.3158364,0.6592905,0,0.07299268,0,0.3349493,0.3227,0,0.2880105,0,0.007908982,0,0,0,0.3281966,0,0,0.3352623,0.2451931,0,0,0,0.7815106,0.3329095,0,0,0.1278751,0.06353284,0,0,0,0,0,0,0,0.2408015,0.1391447,0.1632119,0,0,0,0,0.00802859,0,0.1876261,0.3829527,0,0,0.5313134,0.2229233,0.1275625,0,0,0.04889401,0.2249911,0,0,0.6432793,0,0,0.1546379,0.3975154,0,0,0,0,0.1097104,0.01007345,0,0.2233467,0,0,0,0,0,0,0,0.6083804,0,0,0,0,0,0.1303806,0,0,0.5910764,0,0,0,0.08430444,0,0.1337782,0,0,0,0.2958782,0.6745853,0,0.06748962,0,0,0,0,0.07646506,0,0.001252225,0,0.466348,0,0.2841281,0,0,0.0758424,0.07729984,0.2145976,0.8302305,0,0,0,0,0,0,0,0.8574346,0.3353892,0,0.4074231,0,0.1287088,0,0,0.2837762,0,0.5104657,0.2872151,0,0,0,0,0,0.2625844,0.3115855,0.4506151,0,0,0,0,0,0,0,0.1441177,0,0,0,0,0.2162608,0,0,0,0,0.02349086,0,0,0.3385409,0.05427045,0.3451062,0,0.1151453,0,0,0,0.07532627,0.3263824,0,0,0.2461503,0,0.2628708,0.6194937,1.024032,0,0,0.8196182,0.3800548,0,0.003363284,0.2538105,0,0,0.2018205,0.3747982,0,0.3891911,0,0,0.6420624,0,0,0,0,0,0.2747739,0,0.008108858,0,0.3124647,0,0,0.1888521,0,0.393285,0,0.0877034,0.2240035,0,0,0,0,0,0,0.4945549,0,0.1008211,0,0.07528888,0,0,0.5196268,0,0.211041,0.2110206,0,0.64982,0.2257336,0,0,0,0,0,0.03696557,0.6296018,0,0,0,0,0.5862251,0,0,0,0.4703452,0,0,0,0.5729752,0.8234023,0,0,0.7811553,
0,0.1421206,0,0.3235183,0.690875,0.8130327,0,0,0,0.3306435,0.3151509,0.3194493,0,0,0.03015424,0,0,0,0.0443472,0,0.03909569,0,0,0.2333308,0.8036522,0.01037539,0,0,0.2579949,0,0.5718249,0,0,0,0,0,0,0.1262823,0.9659829,0.04875199,0.4996013,0,0,0,0,0.03468379,0,0,0.01247713,0,0,0.4390012,0.2493515,0,0.9259202,0,0.04257799,0.5621905,8.593544,19.43544,16.24545,18.00269,15.74171,17.13508,18.16478,17.55383,13.5903,10.10799,1.38548,0,0,0,0.03488117,0,0.8624024,0.1032679,0.296829,0.1575588,0,0,0,0,0,0,0,0,0.1783241,0,0,0,0,0.2624924,0,0,0,0,0.1171709,0.08419637,0,0,0,0,0,0.1691462,0,0,0,0,0,0,0,0,0,0.1137743,0.2767956,0,0,0.08140323,0,0.2210721,0,0.09715841,0,0.08820013,0.6111889,0.05624038,0,0,0,0,0,0.7063138,0,0,0.9737366,0,0.292724,0,0.6452497,0.2334486,0.01943158,0,0,0.2249022,0,0,0,0,0.4634121,0.08301235,0.3387511,0,0.1245301,0,0,0,0,0.1958856,0,0,0.08860873,0,0,0,0.03051898,0,0,0.3567136,0,0,0,0.2026887,0,0,0.09868553,0.001650554,0,0,0.3064061,0.01210006,0,0.7236135,0,0.07047027,0,0.5782381,0,0,0,0,0,0,0,0.09554301,0.1130371,0,0,0.2963848,0,1.009331,0.33434,0.5210184,0,0,0.1879481,0.6289204,0.1407609,0,0,0.01828764,0.2141612,0.1533436,0,0,0.1103482,0,0,0,0,0,0,0,0,0.4577088,0,0.4719127,0.3768628,0.1614756,0.05478483,0,0,0,0,0,0.1354366,0,0,0,0,0,0,0,0.03333518,0.0444645,0,0,0,0.5313518,0.08038718,0,0,0,0,0,0.0457192,0,0,0.0008972085,0,0,0,0,0,0,0,0,0,0.06371189,0,0.4382209,0,0,0.4223052,0,0,0,0,0,0,0,0.1229591,0,0,0,0,0.3449954,0.03713993,0,0.01713614,0,0.1514168,0,0.4001877,0,0,0,0,0,0,0,0.3609394,0,0,0.01330884,0,0.2925905,0.1484632,0.2376586,0.5468694,0,0.2608627,0.5210047,0.2676311,0.6603728,0.0658538,0,0.1569162,0,0.3629555,0,0,0,0,0,0,0,0.01023159,0.4656973,0,0,0,0,0,0,0.09213889,0,0.6603302,0,0.06628845,0,0,0,0,0.07235993,0,0.3756577,0,0,0,0,0.00361083,0,0.1579596,0,0.1304949,0,0,0,0.544101,0.07738359,0,0.60818,0.03529973,0,0.4185984,0,0,0.07496227,0.07326186,0.2695622,0.3892303,0,0.5060573,0,0,0.2661417,0.3468941,0,0.05917889,0.176584,0,0,0,0,0,0.04786608,0.07076273,0,0,0.4997155,0,0,0,0,0.3772941,0,0,0,0,0,0.07223488,0,0,0.04359592,0.6436164,0.2498711,0,0,0,0,0,0.1526075,0,0,0,0,0,0,0,0.2342933,0,0.02920732,0.1009995,0,0.05535239,0.1326993,0,0,0,0,0,0,0.3589348,0,0,0,0,0.0009587662,0.6147989,0.161941,0.2024754,0.2136652,0.4812187,0.2897995,0,0,0.08927066,0,0.5655493,0,0.4874525,0,0,0,0.1430351,0,0,0,0.0998764,0.5903982,0,0,0,0,0,0,0.8232062,0,0.1538959,0,0,0.04477606,0.4804129,0,0,0,0.5997326,0.4080049,0.2300022,0,0.9912471,0,0.09233588,0,0.0206083,0,1.033482,0.2535409,0,0,0,0.1981154,0,0.6769372,0,0,0,0,0.2444446,0.2994281,0.698093,0,0,0.09865663,0.1137865,0,0,0,0.027959,0,0,0,0.148764,0,0.2569386,0.2711321,0,0,0.3076645,0,0.270144,0,0.06189572,0.09980371,0.2705904,0.2612012,0,0,0.03433312,0.2238959,0,0.5847628,0,0,0,0,0.2195815,0,0.2606286,0,0,0.5739911,0,0,0,0,0,0,0,0,0,0.1841336,0,0,0,0.8528129,0,0.02419952,0.5232555,0.2923893,0.2365295,0.03186391,0.3342951,0,0.02922601,0,0,0,0.2039244,0,
0,0,0,0.429158,0.4963169,0,0,0,0,0,0,0.05264601,0,0,1.000685,0,0,0,0.1303235,0,0,0,0.4787005,0.4870943,0.2928956,0.1279474,0,0.07716978,0.1481465,0,0,0,0.7642229,0.444528,0,0.1555634,0,0,0,0,0,0,0,0.4146173,0,0.5075229,0,0,0,0,0,0.2327066,0.09260542,0,0,0,0.1057037,0,11.91872,17.24717,17.79394,17.67832,17.84917,16.31184,17.99827,18.05184,17.56104,18.24689,11.03014,0.3195424,0,0,0,0,0.3199092,0,0.08633107,0,0,0,0,0,0.2937262,0.01902721,0,0,0,0.05983555,0,0.1072051,0,0,0.04424771,0,0.4552142,0,0.03490592,0,0,0,0,0.2868338,0.0691569,0,0.9101376,0,0,0.1146923,0,0.37054,0,0,0,0,0,0,0,0.02668979,0,0,0.1169677,0.1232925,0,0,0,0,0.05199102,0,0,0.05082433,0,0,0,0,0,0,0,0,0.1670364,0,0,0,0,0,0,0.08801272,0.5829577,0.2056383,0,1.095947,0.2467504,0.1796142,0,0,0,0,0,0,0,0,0,0,0,0,0,0,0,0,0.1338145,0.4390056,0,0,0,0,0.06292701,0,0.4616983,0.0001226881,0,0,0,0,0,0,0,0,0.3791726,0,0,0,0,0.03822322,0.1177858,0.1968845,0,0,0,0.1094444,0.08455326,0,0.242122,0.3052911,0.02809516,0.1496353,0,0,0,0,0.3779498,0,0,0.06007942,0,0.2538302,0.1098514,0.6920388,0,0,0,0.04083251,0,0.1864913,0,0,0,0.5424898,0.8267357,0,0,0,0,0,0,0,0,0,0,0,0,0.4525056,0,0.1272585,0.2184259,0,0,0,0.09986919,0,0,0,0,0,0,0,0,0,0,0,0,0,0,0,0,0,0,0.2090229,0,0,0,0,0,0,0.6180679,0,0,0.3752168,0.05089924,0.3781906,0,0,0,0.008762949,0,0,0,0,0,0,0,0,0.2677684,0.3598182,0,0.7344176,0,0.04186571,0,0,0,0,0.01162629,0,0,0,0,0,0,0,0,0,0,0.002942922,0.3253339,0.3068004,0.5803314,0,0.3276252,0,0,0,0,0.08635448,0,0.3979109,0,0.5903891,0,0.9017087,0,0,0,0.02364426,0,0,0,0,0,0,0,0,0,0.5684451,0,0,0.4332327,0.06067997,0,0,0.3384254,0.05055032,0,0,0,0.08086746,0,0.8215014,0,0.9422752,0.2675776,0.4153731,0.5258712,0,0.1594535,0,0.1972223,0.5542799,0.3632652,0,0,0.09146921,0,0.0234119,0.0883772,0,0,0,0,0,0,0,0,0.2023769,0,0,0,0,0,0,0.8942825,0,0,0.1545636,0.754173,0,0,0.4784089,0,0.004812142,0.01895861,0.216325,0.3101348,0,0,0.4449349,0.03999566,0,0.07740507,0,0.1586269,0,0.7988619,0.3612233,0.2128338,0,0,0,0.2902319,0.3342953,0.1089201,0,0.2566282,0.4746038,0,0.02900458,0,0,0.05347428,0,0,0.1139463,0,0,0,0,0,0.2755438,0,0.005178765,0.01831225,0,0,0,0,0,0,0,0.02489825,0.1078001,0,0,0.1103268,0,0.3262252,0,0.05249351,0,0,0,0,0,0.2465662,0,0.178732,0,0.1024222,0,0.2028373,0.3878297,0.0215066,0,0,0.05086556,0,0,0,0,0,0,0,0.7597752,0.07643875,0.3586532,0,0.008547883,0,0,0.2926052,0.541022,0,0,0.4301358,0,0,0,0,0,0.2680244,0,0,0,0.03339754,0.1438552,0,0,0,0,0,0.05802204,0,0,0,0,0,0,0.375739,0.159069,0,0.01017573,0.4608172,0.3804414,0,0.2824726,0,0.08039688,0,0.003745033,0.1651764,0.04650377,0,0.9613176,0,0.1412234,0,0,0,0.200056,0,0,0.02882536,0.4210335,0.3641355,0.140403,0,0,0.1444819,0,0.04121502,0.2020919,0.2985271,0,0.248141,0.4644758,0,0.3042839,0,0.4726402,0,0,0.06120023,0.3382176,0.2845095,0.2825089,0.5848362,0.3657895,0,0,0,0.1065584,0.06208372,0,
0,0.2663508,0,0.4825325,0,0.1207416,0.3614497,0,0,0,0,0,0.4399014,0.1254766,0.741933,0,0,0,0,0.008723158,0,0,0.06671552,0,0.5238585,0,0.2386892,0.1762602,0.9836261,0,0,0,0.04696297,0,0.3357262,0.4276268,0,0,1.163112,0.1808309,0,0,0,0,0,0,0,0,0,0,0.270241,0,0,0,0,0.5113385,0.5408407,2.1987,14.59901,17.61473,15.33124,16.9212,16.20663,17.10224,17.46335,18.33692,19.09542,16.243,16.94318,10.96241,0.4563697,0,0.136781,0,0,0,0.1695262,0,0.1076134,0,0,0.7842283,0,0.1330267,0.5821655,0,0,0.116091,0,0.7758747,0,0,0.2197098,0,0,0,0,0.08929245,0,0,0,0.4626601,0,0,0,0,0,0.3876008,0,0.4035833,0,0,0,0,0.1873659,0,0,0,0,0.5505996,0,0,0,0.1395218,0,0,0.005333378,0,0,0.07086693,0,0,0,0,0,0.3097205,0,0,0.1269571,0,0,0,0,0.0201033,0.1808826,0,0.224765,0,0.1022966,0.006527153,0.2328968,0,0.1936554,0.3591331,0,0,0.5017449,0.0799403,0,0,0.4059758,0.05244552,0.6139303,0,0,0,0,0.1279209,0,0.09582041,0,0.1592512,0,0,0,0.03943935,0.6690082,0.2515697,0.005213041,0.1190863,0,0.3383299,0.1201901,0.3276304,0,0,0,0.3070522,0.3996954,0.1079349,0.561201,0,0.2758755,0,0.03483129,0.5976877,0.1040068,0,0,0.3534449,0.09654692,0,0,0,0.06039213,0,0,0.0413946,0.2574902,0.08638886,0.3879777,0,0,0,0,0,0,0.06705988,0,0.339565,0,0,0,0,0,0,0,0.1708645,0,0.2089283,0,0.3759624,0,0,0,0.05612457,0,0,0,0,0,0.3810808,0.2392387,0,0,0,0.07850912,0,0.1590639,0,0,0,0.0557766,0,0.2579222,0,0,0,0,0,0,0.1336519,0,0.3293811,0,0.3606759,0.1209791,0.289781,0,0.3357153,0,0.08892759,0,0,0,0,0,0.01718554,0.7944741,0,0,0,0,0,0,0,0.02444437,0.1073402,0,0.03416437,0,0,0.1543038,0,0.4155137,0,0,0,0,0,0,0.0513678,0,0,0.1725635,0,0.08650178,0,0.4049821,0.5869168,0,0,0,0,0.1259812,0,0,0,0,0,0,0.5614535,0,0,0,0,0,0,0,0,0,0.5433241,0,0,0,0,0.2160785,0,0.2823761,0,0.1865399,0.5808213,0.3414871,0,0,0.1200261,0,0,0.4734471,0,0,0,0.525415,0.7012378,0,0,0,0.1421811,0.4224587,0.2432688,0,0.1135882,0,0,0,0,0,0,0,0,0,0,0,0,0,0.3517133,0,0,0,0.4060892,0,0,0,0,0.07050303,0.2175008,0,0,0,0,0,0,0,0,1.366292,0.1828423,0.6129761,0,0.3421897,0.09164263,0.2283119,0.09478422,0,0.2710525,0,0,0.08015788,0,0,0,0,0,0,0.06319667,0.0571775,0,0,0.08694985,0,0.3254845,0,0,0.4707805,0,0,0,0,0.5600039,0,0.115814,0,0,0,0.3341803,0,0.4800391,0,0,0,0,0.1373445,0,0,0.1087052,0.2884973,0,0,0,0.2596136,0,1.000916,0,0,0.2509473,0.4003445,0,0.5170984,0.01497749,0,0,0.2522456,0.04754952,0.04235284,0,0,0,0,0,0.7653057,0.217306,0.4335145,0.2801768,0.2528237,0,0,0,0.5177844,0.5886579,0,0.5602561,0.1485406,0,0,0,0,0,0.2293793,0,0.3808765,0.03869201,0,0,0,0,0,0.2161748,0,0.02240108,0,0,0.3685562,0.230907,0.1793243,0,0.1139839,0.2221714,0.003810801,0.276785,0,0.1556258,0,0,0,0,0,0.4877999,0.01073166,0,0.3419086,0,0,0.2309535,0,0,0,0,0,0,0,0,0,0,0,0.3089758,0.2472318,0,0,0.6741523,0.43247,0.5363474,0.5073236,0.2755804,0,0.7647787,0.1695112,0,0,0,0,0,0.1516166,0,0,0.2203999,0.2622615,0,0,0,0,0,0,0,0,0.4612671,0.8222227,0,0,0,0.3131079,0,
0.06486906,0,0.06601182,0,0,0.3275377,0.5859997,0,0.04041678,0.2195528,0,0.149538,0,0,0,0,0,0,0,0,0.2516694,0,0.3896313,0,0,0,0,0,0.218514,0,0,0.1259695,0.01397926,0.2368463,0,0,0,0.1334606,0.308104,0.002799684,0,0,0,0,0,0,0,0,0.332054,0.4113009,0.1871527,0,0,0.765844,0,0.041227,0,5.55759,13.85195,16.80614,16.52505,17.96043,14.39112,18.13602,17.16381,17.59379,16.54877,18.43751,16.79333,15.07843,6.327647,0,0.09597562,0.1586454,0,0,0,0,0,0.02000682,0,0.8244202,0.3767821,0.2688506,0.2157924,0,0,0.03361874,0,0.5194211,0.1796676,0,0,0.7426985,0,0,0,0,0,0,0.01957561,0,0,0,0,0.06080572,0,0,0.3218953,0,0,0,0,0,0,0,0,0.7455917,0.1823595,0.3579124,0,0.09471732,0,0,0,0,0,0,0.539605,0,0,0,0.01440166,0.3870301,0,0,0,0,0.2298865,0,0,0.8372035,0,0.3663152,0,0,0.3027117,0,0,0,0,0,0,0,0,0,0.005644972,0,0.4107443,0,0.007479805,0.4066026,0,0,0.3827254,0.02461771,0.1246785,0,0,0.3854607,0,0.04118834,0.09699549,0,0,0,0,0,0,0.03265233,0.03568077,0,0,0,0.5064395,0.7529875,0.2459718,0,0,0,0,0,0,0,0.8244206,1.31613,0.2651442,0.3738,0.4322293,0.04303598,0.3498034,0,0.0111022,0,0,0.1004029,0.4721988,0.1171012,0,0.01821711,0,0.6636763,0,0,0,0,0,0,0.02997073,0,0.4762728,0,0,0.2689674,0,0,0.4872259,0,0.9021406,0.6246772,0,0.1017464,0.1006301,0.5185309,0,0,0,0.1975526,0,0,0,0.279136,0,0.2881649,0.2446648,0,0.1020312,0,0,0,0,0,0.1259432,0.05522495,0,0,0,0,0.6093308,0.4587538,0.5303001,0,0.1523267,0,0,0,0,0,0.2350615,0,0.4693345,0.1631308,0.0681666,0,0,1.233443,1.940748,1.88866,1.485008,0.4369288,0,0.388878,0,0.2726424,0,0.0194249,0,0,0,0,0.192218,0.1727762,0,0,0,0,0,0,0,0,0,0.4144731,0.07805966,0.6659952,0.2249087,0.03979221,0.3679095,0.116854,0.1900852,0.3122447,0,0,0.6878106,0,0.08020593,0,0.4702744,0,0,0.9296452,0.22142,0,0,0.1842791,0,0.0742061,0,0.1113008,0,0,0.2426509,0.03570803,0,0.1484915,0.02229229,0,0,0,0,0.0683075,0.2588987,0,0,0,0,0,0.5323266,0,0,0,0,0,0,0.1864622,0.08773949,0.2457141,0,0.2964186,0,0,0,0,0,1.006867,0,0.3889505,0.537267,0,0,0.2731492,0.2517445,0,0.3032705,0,0.5815541,0,0,0,0.09262872,0,0.2779697,0,0,0.02074634,0,0.1049114,0.05097876,0,0,0.3893714,0,0.2994316,0,0.5467113,0.4554844,0.1371801,0.1028013,0,0,0,0,0.0623523,0,0,0.1747542,0,0,0,0,0,0,0.4121733,0,0.07706811,0,0,0,0,0.03194385,0,0,0,0.6942965,0,0,0,0,0.2207424,0,0,0,0.1054568,0,0,0,0.05188339,0.4578393,0,0.5050754,0,0,0,0.8540342,0.3353724,0.3338497,0,0,0.5064422,0.07577445,0.8640028,0,0,0.003008093,0,0,0,0,0.7409605,0.01103024,0,0.4043413,0.2963056,0,0.4660001,0.147301,0.4490386,0,0,0.005954458,0,0,0.1277894,0.6215395,0,0.1545903,0,0,0,0,0.07496377,0,0,0.2756545,0,0.5840162,0,0.645358,0,0,0.9773868,0,0.4037375,0,0.1894195,0,0,0.295957,0,0.145015,0,0,0,0,0,0,0,0,0,0,0.02627166,0.2329123,0,0,0.3051434,0,0,0.07365833,0,0.01309826,0,0.3803793,0.3693045,0.06127505,0,0.5028042,0,0,0,0.1928007,0,0.5648692,0,0.1789599,0,0.1086342,0.4204634,0,0,0.4237018,0,0,0.3432261,0,0.1247077,0,0.1632843,0.1149757,0.02751913,0.4554558,0.1093934,0,0,0.1553813,0,0,0.2010698,0.2343004,0.6078294,0.5205528,0.343327,0,0,0.9678642,0.3014356,0,0,0,0,0.04987929,0,
0,0.07336397,0,0,0,0.242318,0.3854867,0.1115674,0,0,0.6258948,0,0,0,0,0.2370856,0,0,0.3260968,0.2690106,0,0,0.1513759,0.1430844,0,0,0,0.221169,0,0.1644985,0.02366068,0,0.2293431,0,0,0,0,0,0.133248,0,0.1443662,0,0.5066833,0.04260283,0.0140775,0.9570693,0.4227194,0,0,0,0,0,0,0,0.1520318,0.3860168,0.8780941,8.511458,15.58707,18.49813,17.67403,16.39448,16.9082,17.5456,17.59365,15.00837,17.29117,18.60751,16.0987,17.59489,14.72545,0.709279,0.2726912,0.3322229,0.07404773,0,0.3453107,0,0.4686405,0.07834779,0.4601035,0.1412188,0,0,0.06529482,0,0,0.9090614,0.04004614,0,0,0,0,0.08187228,0.04513928,0,0,0,0.02002084,0,0,0,0,0.7178102,0,0.4941634,0.7225431,0.53662,0,0,0,0,1.357313,0,0,0,0,0.3376907,0,0,0.09431924,0.05507759,0,0,0,0,0.3157905,0,0,0,0,0.3418204,0,0.005150362,0,0,0,0.1594234,0.1893664,0,0,0,0,0,0,0,0,0,0,0,0,0,0.09818052,0,0,0,0.171166,0.08279438,0.1728829,0.1944676,0,0,0,0.06593472,0.4655448,0.2456904,0,0,0,0,0,0.05594187,0.04183785,0,0,0,0,0,0.008961035,0,0,0,0.3069033,0,0,0.1239364,0,0.4611476,0,0.1411888,0,0.01341074,0,0,0.1214862,0.7395951,0,0.4749834,0.1716996,0,0,0.9087757,0,0.06870411,0,0,1.046403,0.3095127,0,0,0,0.1972287,0,0.4793651,0.6705058,0.4746179,0.01242092,0,0,0,0,0,0,0.08117193,0,0.4055481,0,0,0.5490001,0.9148946,0.1355196,0,0,0.4751729,0,0,0,0,0,0.1521931,0,0,0,0.009048688,0,0,0.1900804,0.1024017,0.2139332,0.3195575,0.4536307,0,0,0.1182517,0,0.2884008,0,0,0,0,0,0.1596401,0,0,0,0.7195519,0,0,0,0,0,0,0.25701,0,0,2.943259,17.70559,17.76078,17.29011,16.26801,13.86192,0.2927608,0,0,0,0,0.4279122,0,0.02875529,0,0,0,0,0.030656,0,0,0,0,0,0,0,0.0452853,0,0,0,0,0,0.25975,0.4470383,0.6535993,0,0.4808895,0.309844,0,0,0,0,0.0831805,1.055554,0,0,0,0,0.2227127,0,0.5448352,0.3530041,0.632339,0.1137617,0.07696135,0,0,0,0,0.5139114,0,0.6363289,0,0,0,0.8152414,0.208057,0,0.4247674,0.460403,0,0.2497148,0.7871295,0,0,0,0,0,0,0,0.1022971,0.1551459,0,0.673861,0,0,0,0,0,0.5701188,0,0,0,0,0.6706164,0,0.1907645,0,0,0.04286734,0,0,0.09901414,0.5740018,0,0,0.2647536,0,0.5087256,0,0.4194338,0,0,0,0.2020189,0.1262157,0,0,0,0,0,0,0.2961158,0.02229206,0.07191448,0,0,0,0.529007,0,0,0,0.03552734,0.186135,0,0,0.2479779,0,0.1433144,0,0,0,0.0709606,0,0,0.3825269,0,0,0.7683284,0,0,0.6862784,0.4586332,0,0,0,0,0,0.2739781,0,0.08032258,0,0,0.8277237,0.01207532,0,0,0.387619,0.4533989,0,0,0.8719617,0.009454168,0,0,0.268488,0,0,0.03006265,0,0.07458225,0,0,0,0,0,0,0,0,0,0,0.001031079,0,0,0.002400759,0.2538286,0,0,0,0.01450896,0,0,0.1470545,0.08278148,0,0,0,0,0,0,0.6069539,0.2826451,0.105997,0,0,0.1470195,0.4433058,0,0.2872187,0.2272622,0,0.1178737,0,0,0,0.01193808,0.08692725,0,0.004063745,0,0,0,0,0,0,0.01094111,0,0,0,0,0,0,0,0,0,0,0,0,0.3447867,0,0,0,0,0.01825303,0,0.741446,0.1658549,0.1732778,0,0,0,0,0,0,0,0.170199,0,0.2458788,0,0.242523,0.4720393,0,0.1358027,0,0,0.03712926,0,0,0.3903039,0.03030664,0.0242013,0,0,0.8445539,0,0,0,0,0,0,0,0,0,0,0.1936009,
0,0,0,0,0,0,0,0,0.09319226,0.1909551,0.6343633,0,0.1106257,0,0,0,0,0,0.2492525,0,0.1399326,0,0,0.2282764,0,0.09538484,0,0.3981465,0,0.609181,0,0,0,0.04444521,0.2605804,0,0.309671,0,0,0.3412316,0.4243811,0,0,0,0,0.6760283,0,0,0.03474092,0,0.2323496,0,0,1.089135,0.06407908,0,0.873449,11.62474,16.74147,16.82581,14.63584,16.79711,19.35955,15.37755,17.53832,17.76033,16.02915,18.4835,18.19979,18.94916,16.93432,8.499232,0.256722,8.358607,3.790257,0.9571891,0.2990116,0.9311594,0.412574,0,0.6498821,0,0.200202,0,0,0,0,0,0,0,0,0.6127642,0,0,0,0.5411741,0.1376709,0,0,0,0.06276917,0,0.6771001,0,0.3476826,0,0,0.1041293,0,0.2509666,0,0,0.08450359,0,0,0,0,0,0.3660939,0.09274791,0,0,0,0,0,0,0,0,0,0.006415219,0,0,0,0,0,0,0.1004753,0,0,0,0,0,0,0,0,0,0.4921579,0,0,0,0,0,0,0,0.1027056,0,0.3474875,0,0,0,0.4156979,0,0,0,0.08206511,0.05184869,0.04308207,0,0,0,0.4264506,0.007129763,0,0.1256253,0,0,0,0,0,0.5121081,0.06627934,0,0,0.303157,0,0,0,0,0,0,0.06225421,0.2650692,0.2882827,0,0,0,0,0,0.2391633,0,0,0,0,0,0.2107369,0,0,0,0,0,0,0,0,0,0.9520367,0,0,0.3432808,0,1.049613,0.641317,0,0,0,0,0,0,0,0,0.5672179,0.4178523,0,0.2577739,0.07513437,0.557732,0.2617863,0,0,0,0.436597,0,0,0.004933189,0,0,0,0,0,0,0.1746777,0,0,0,0,0,0.1183965,0,0.008468075,0,0,0,0.4325001,0,0,0.05555182,0.04927364,0,0,0,0,0,0.5103875,0,0,0,0,4.589647,17.69311,18.73098,16.83721,17.47065,16.7722,0.08300742,0,0,0,0,0,0.2555324,0,0,0,0,0,0,0.1490329,0,0.2579587,0,0.4340335,0.5665603,0,0,0,0,0.2556364,0.3163684,0,0,0.6602106,0.03470939,0.5073411,0,0,0.1543909,0,0.6082004,0.0877901,0,0,0,0.1711054,0,0,0.06592531,0,0,0,0.1771549,0,0.013988,0,0.7905629,0,0,0.003807205,0,0,0,0.3873095,0,0,0,0,0,0,0.9893576,0.07257525,0,0,0,0.02416805,0.05141283,0.3463137,0.2021817,0.5370988,0,0,0,0.1657754,0.2760786,0,0,0.2907771,0,0.01005261,0.3272007,0.03247115,0,0.3758259,0.4595137,0,0.2550018,0.05898239,0.1467988,0.3054724,0,0,0,0,0,0.1402951,0,0,0,0,0,0.09959769,0,0,0,0,0,0.4090346,0.5068418,0,0,0.1990761,0,0,0,0,0,0.1813507,0,0.1073582,0,0.02999804,0.3205199,0,0,0,0,0.410661,0,0,0,0.1733512,0.2195189,0,0,0,0.01001617,0,0.01934324,0.05128988,0,0.560985,0.496572,0.3558244,0.227294,0.1662455,0,0,0.357971,0,0.3363835,0,0,0.4582117,0.05266456,0.5540218,0,0.4379475,0.1719954,0.08106638,0,0,0,0,0,0,0,0.6677435,0.01647873,0.1275339,0,0.1862705,0.1664325,0,0,0,0,0,0,0,0,0,0,0,0,0.2965352,0,0.3590669,0,0,0,0,0,0,0,0,0,0,0,0,0.5439842,0,0,0,0.8512394,0.5785111,0,0.6615368,0.4582054,0,0,0,0,0,0.01854479,0.2393232,0,0,0,0.0797927,0.1391269,0.2970413,0,0,0,0,0,0,0,0.8431315,0,0,0,0,0,0,0.07263196,0,0.2828669,0,0.5615061,0.8814088,0,0.3850371,0,0,0,0,0.05558192,0,0.0498703,0.4955408,0,0.004708302,0,0.2481943,0,0.4558494,0.4311379,0,0,0.1397464,3.338981,0,0,0.290153,0,0,0,0.3001857,0.1930144,0.06543447,0,0.1164287,0,0,0,0.1064683,0,0.4960365,0.5859025,0,0,0,
0.1089843,0,0,0.04009387,0,0.3500848,0,0.1977249,0,0,0,0,0,0,0.2771078,0.8284461,0.1152567,0,0.1915928,0.1960693,0,0,0.2195264,0,0,0.830232,0,0.6987503,0,0,0,0.2425635,0.1881314,0.07916436,0,0,0,0,0.4504599,0,0,0.06447316,0,0,0.0546446,0,0,0,0,0.02609143,0,0.1481509,0,1.178417,0.3827641,0.4512981,2.70139,11.70018,17.96654,15.21475,16.97924,18.6045,18.01528,18.09828,15.68888,15.50667,17.6766,17.06883,16.38941,16.3645,18.82833,17.35716,5.183376,15.58639,15.59049,7.809863,3.713322,0.1860653,0.3893833,0,0.7919337,0,0.4219328,0,0,0.094496,0.1775281,0.4864622,0,0,0.02160881,0,0,0,0,0,0,0.007424915,0.05100852,0.0001965236,0,0.303211,0,0.2357202,0,0,0,0,0,0.2201754,0,0.1931816,0,0.3874865,0,0,0,0,0,0.319957,0.03650248,0,0.2622148,0,0,0,0,0,0.1159387,0.1211837,0.001143607,0.2071973,0,0.2855005,0,0,0.2886239,0,0.3006035,0,0,0,0.1392993,0,0.4531293,0,0.05072538,0,0,0,0,0.1616914,0,0,0,0,0,0.1831905,0,0,0,0,0.2190116,0,0,0,0,0.6129197,0.1724539,0,0,0,0,0,0,0,0,0,0.1061113,0,0,0,0,0,0.1450114,0,0,0.02064965,0,0.2604621,0,0.2484437,0,0,0,0,0,0,0,0,0,0.3000282,0,0,0,0,0,0,0.01290431,0.2101788,0.09633254,0.02600021,0,0,0,0,0,0.0141232,0.08748186,0,0.2423876,0,0,0,0.2667694,0,0,0.04005711,0,0,0,0.4003101,0,0,0,0,0.7516862,0,0,0,0.08001164,0.06876808,0,0,0.4144676,0,0,0.07590249,0.1720952,0.08035202,0,0,0,0,0,0,0,0.1306798,0,0,0,0,0,0.1978279,0.3443946,0.06080084,0.08158325,0.1858239,0,0.06190693,0,0.02684236,0.3335498,0,0,0,0,1.111537,10.98679,17.66862,14.60546,19.15667,1.158892,0.2556282,0,0.2968647,0,0,0.1620691,0.3466299,0.1875217,0,0,0,0.1728575,0,0,0,0.5284418,0,0,0,0,0,0.0736132,0,0,0,0.1046416,0.1257804,0.633547,0.4309784,0.3963382,0,0.01761247,0.001674348,0,0.6632854,1.111944,0.5371619,0,0,0.405472,0.2741152,0,0,0.7198848,0.1271047,0,0,0,0,0.3472956,0.4414658,0.1295164,0.6462923,0.07503351,0,0,0.4831547,0,0,0.6648233,0,0,0,0,0,0,0,0,0.1107811,0,0,0,0,0.2256833,0,0,0,0.3765045,0.2176513,0,0,0,0,0.7694493,0.5035082,0,0.02376623,0,0,0,0.6251929,0,0,0,0.02732454,0,0.6295777,0,0,0,0,0.2916098,0,0,0.1490255,0,0.3474162,0,0,0,0.08203173,0.3612117,0,0,0.02691999,0.06778502,0,0,0,0,0.1240519,0.1468491,0,0.04714317,0,0,0,0.444704,0.2223363,0.7178013,0.2133139,0.2154502,0.2987282,0,0.1605972,0,0,0.1442797,0.06663361,0,0,0,0.2457989,0,0,0,0.45723,0,0,0,0.07089613,0,0.2464453,0.8048428,0.6545232,0,0.4605427,0,0,0.2683675,0,0.5855811,0,0.254714,0.06349186,0.239871,0.09531064,0,0,0,0,0,0,0,0.08445061,0,0,0,0,0.640637,0.04169853,0.2624611,0,0,0,0.1254538,0.0274395,0.2862937,0,0,0,0.3107611,0,0.0159463,0,0.2802649,0.2643684,0,0,0,0.7296876,0,0.08199102,0,0,0.5222288,0.08081494,0,0,0,0.2302086,0,0,0,0.9021866,0,0,0,0,0,0,0,0,0.5149697,0,0,0.08032247,0,0,0,0,0,0.3922977,0,0.3543969,0,0,0,0,0.1625193,0,0,0,0,0,0,0,0,0,0,0,0,0.03099615,0.540576,0.008440992,0,0,0.3734983,0,0,0,0,0.9186632,0,0,3.438676,0,0,0,0,0.2775456,0.1650181,0.3679875,0.04723068,0,0,0,0,0.1795875,0,0.3983266,0,0,0,0,0,0,
0,0.3114413,0.2320968,0.09965406,0,0,0.02092436,0,0.213122,0.04914559,0,0.2519297,0.1646396,0.4630682,0,0,0,0.1471294,0,0,0,0,0,0,0.5157184,0,0,0.5006413,0,0,0.1597284,0.1316864,0.03838597,0.195937,0,0,0,0,0.435816,0,0,0,0,0,0,0,0,0,0.2078602,0,0,0,0.4743917,0.1263618,0,0.6157461,5.844716,14.07276,15.67503,15.92635,19.43798,17.08997,15.68709,18.36066,17.94843,17.01368,17.22667,16.388,16.13551,17.64267,16.7266,17.8913,13.51535,15.75582,15.80856,12.99137,15.06837,3.550987,0,0.4307135,0.4096327,0.7881532,0.6206698,0,0.5908498,0,0,0,0,0,0.1850261,0,0,0,0,0,0,0,0,0.1761625,0,0,0,0,0,0.001866571,0.2687441,0,0,0,0,0,0,0.7390324,0.2251524,0.4130586,0,0.3983651,0.1889551,0.159351,0,0,0,0,0.4101636,0.1225519,0,0,0.3305692,0,0,0,0,0,0,0,0,0,0,0.1860998,0.04377427,0.6141754,0.0218643,0.3439516,0.3375694,0.1769831,0.1079483,0,0.5580326,0,0,0,0,0,0,0,0,0.5907596,0,0.06815031,0,0.5826389,0,0.4609222,0.1422186,0.09922213,0,0,0.07434972,0,0.1332499,0,0,0,0,0.1649424,0,0.3800008,0,0,0,0.291623,0.04151151,0.1682158,0,0.08681388,0,0.1038558,0.2180631,0,0,0,0,0.1720159,0,0.02819747,0,0.5478097,0,0.2150876,0.5070322,0.3918981,0,0.2400474,0,0,0.3693995,0,0,0,0,0.2816524,0.02277334,0,0.1543257,0,0.2505723,0,0,0.3258719,0,0,1.423522,0,0.7460706,0,0.5998872,0,0,0.03378491,0,0,0.5918905,0.4806856,0,0,0.07474328,0,0.2008836,0.04082348,0,0.4505529,0,0.09244035,0.5849218,0.03440151,0,0,0.2770034,0,0,0.1422469,0,0,0.1269782,0,0,0,0,0,0,0.5815558,0.491848,0.100443,0.06530166,0.04924233,0,0.5495515,0,0,0,0.1657917,0.09782919,0.01043767,0,0,0,0.3033311,0.7655424,1.632204,4.602255,2.51483,0,0,0,0.1701478,0,0,0.3278609,0.1395157,0.1622873,0,0.05612703,0,0,0.03692885,0.1861962,0,0,0.1834961,0,0,0,0,0,0.03355118,0,0,0,0.09516524,0.3600858,0.3726502,0,0.16028,0,0,0,0,0,0.3031007,0,0,0,0.002285957,0,0,0,0.4019226,0.1073232,0,0,0,0.6951732,0.4426479,0,0.729363,0,0.130257,0,0,0.03265984,0,0,0,0,0.03659847,0,0,0,0.0315269,0,0,0,0,0.1203945,0.3971995,0,0,0,0.3405693,0,0.1057389,0,0,0.6853497,0,0,0,0.1162046,0,0.2161878,0.06141511,0.640738,0,0,0,0.01996961,0.3015301,0,0,0,0.08340969,0,0,0.3779342,0,0.2809153,0,0,0,0,0,0.1121914,0.0007358605,0,0.6845227,0.3693541,0,0,0,0.3382159,0,0.09612016,0,0,0.329754,0.1457843,0.02256497,0.2387477,0.07757751,0.08971018,0.3353878,0.03720376,0.4051564,0,0,0,0.1139527,0.3816749,0,0,0.5967159,0,0,0,0,0.1716441,0,0,0,0,0,0,0,0,0,0.4911574,0,0.2139316,0,0,0.02778372,0,0,0,0.2370997,0,0,0,0.06666325,0,0.2402412,0.3136894,0,0,0,0,0,0.3106395,0,0,0,0,0,0.2801473,0,0,0.1001589,0.5260741,0,0.2245122,0,0.5824239,0,0,0,0,0,0.2040013,0,0.2219363,0,0,0,0,0.1374134,0,0,0.1189966,0.4524695,0,0,0,0,0,0,0,0,0.05231048,0,0.4331988,0,0,0,0,0,0,0,0.598716,0,0,0,0,0,0.01651913,0,0,0,0.2696308,0,0,0,0,0.08743409,0.3647605,0,0,0.02845832,0.001185499,0.296024,0.1526227,0,0,0.1491682,0,0,0.0282752,0.3308974,0,0,0,0,0.2043701,0,0,0,0,0.01295699,0.1391988,0,0,0,0,0.8155179,0.370575,0,0,0,0,0,0,0,0.2428496,0,0,0.03075865,0.07268322,0.3970878,0.3078446,0,
0,0,0,0.09175783,0.6751129,0.7847191,0,0,0.4885121,0.1531808,0,0,0,0,0,0.01535035,0,0.3872853,0,0.0043475,0.07516472,0.1158729,0.09717092,0.200171,0,0.5949931,0,0.3488894,0.0556018,0,0,0,0.1069231,0,0,0.2961508,0.3953867,0,0.05518589,0,0,0.01917788,0,0,0,0,0,0.3895861,0,0.01055478,0.7723507,0.1605713,0.3799545,0.253037,0.7223162,0.5906797,8.175809,10.57769,15.05398,17.11525,15.20715,16.84065,16.00677,19.65466,16.8612,12.25291,16.86088,17.68822,16.65307,16.87324,15.72255,15.7618,18.31196,16.82693,17.8311,14.5804,17.60255,14.15067,0,0.107675,0,0.1371548,0.06643846,0.1930396,0.2033325,0,0.29569,0,0,0,0,0,0,0,0,0,0,0,0.1301532,0.3220192,0,0.01117576,0.1424739,0,0.1110986,0,0,0,0,0,0.3553711,0,0,0.02021592,0.1525454,0.3961451,0,0.0683211,0,0.09165488,0,0.07606559,0,0,0,0,1.0531,0.4418506,0,0,0,0,0.08155746,0.1929445,0.158772,0.4144903,0.0690021,0,0,0,0,0.03713709,0,0.2204717,0,0,0.3383055,0.3190534,0,0,0.04988848,0,0.3105632,0.04003318,0,0,0.09598467,0,0,0,0,0.01607701,0.252449,0,0.3435616,0.03559469,0.5005617,0,0.08468281,0.5848708,0,0.2127013,0,0,0.4748451,0.5307378,0,0,0,0.08708773,0,0,0,0,0.3404624,0,0.3268766,0,0.4528251,0.3988311,0,0,0,0,0,0,0.2780698,0,0,0,0.009530646,0,0,0,0.1107339,0.0540842,0,0,0,0.1707028,0,0,0,0.07055682,0,0,0,0.3674911,0.4420435,0,0.5034467,0.1169753,0.07441097,0,0.3181876,0.1011327,0,0.2252727,0,0.4953186,0,0.4404317,0.001818416,0.5085756,0.5955005,0,0.6733969,0,0,0,0.2501742,0.06156267,0,0,0,0,0.275538,0,0,0,0,0.1087855,0,0,0,0,0.08516093,0,0,0.07905511,0,0,0.09828812,0,0.2315166,0.1475473,0,0.1880737,0.9988124,0.6223688,0.07135748,0,0,0,0,0.2116067,0,0.01308793,0.06967752,0.07978256,0,0.2406021,0,0,0.1808602,0,0,0.05483254,0,0,0,0,0,0,0.07877082,0,0,0,0,0.1222144,0,0.3537523,0,0,0,0,0,0.3278959,0,0,0,0.1014962,0.3012929,0.1534286,0,0.2001987,0,0.08912084,0,0,0,0.2306926,0.3433568,0,0,0.02819229,0,0,0,0,0,0,0.4409373,0.03338213,0.08650402,0,0,0,0.2000652,0,0,0.0528578,0,0,0,0.1206159,0,0,0,0,0,0.2468021,0,0.07433376,0.4500285,0.02130808,0.5678831,0,0,0.2620376,0,0,0,0,0.9457798,0,0.45365,0,0.4606792,0,0,0,0,0.2910689,0,0.3093754,0,0.07452721,0,0,0,0,0.1106605,0,0.5149125,0,0,0.550403,0,0,0.08628301,0,0.145798,0,0,0.2493234,0,0,0.326216,0,0.06802709,0,0,0.2402357,0.6726544,0,0,0,0.3512725,0,0,0,0.210897,0,0,0,0.07698646,0,0,0,0.2603153,0.08983464,0,0.1475141,0,0,0.471502,0,0.03279742,0,0,0.1518252,0.7529562,0,0.5329385,0,0.2605784,0,0,0,0.3030771,0.1921753,0,0.905022,0,0,0.02744291,0.05996111,0.3616366,0.5634006,0,0,0.03492142,0,0.3504602,0.4216809,0,0,0.06494678,0.05175979,0,0,0,0,0.0614554,0.6577258,0,0,0.2056035,0,0,0,0.8937399,0,0.4539059,0.3105569,0.03669741,0,0,0.01952378,0,0,0.3998944,0,0,0.1150965,0.1401255,0,0.1359146,0,0.2076688,0,0,0.5994678,0.3142189,0,0,0,0,0,0,0.2081142,0,0,0,0.5473502,0,0.4689855,0.1337763,0,0.7972401,0.7383487,0,0.04482285,0,0,0,0.02896496,0,0,0.3179936,0.1376187,0,0.2385414,0.0118728,0,0.05617111,0,0,0,0,0.007016621,0,0.8186641,0,0,0,0,0.2678016,0.5549544,0,0,0,0.1586553,0,0,0,0.08794656,0,0,0,0.2283871,0.3020549,0.2220463,0.1344028,0,0,0,0.03001452,0.1218304,0,0,0,0.3020555,0.4064566,0,0.2525632,0.710898,0,0,
0.01689391,0,0.3979122,0.6424749,0.1545407,0,0,0,0.2710074,0,0,0,0,0.1907585,0,0,0.3765071,0,0,0.05679692,0.1303006,0,0.5787938,0,0,0,0.03019875,0.7274671,0,0,0,0,0,0,0.4601125,0,0.3549193,0,0,0,0,0,0.09123503,0.2298083,0,0,0,0,0,0.1450222,0.006211867,0.04511398,0.5586103,0.04287864,0.4176599,0.4759304,8.063682,3.518664,15.19688,18.72844,18.65294,19.13032,16.63596,17.68449,17.64125,18.15265,16.18725,17.07141,17.40858,17.74518,17.96244,16.99963,16.61066,16.76007,14.88093,17.74029,18.53154,16.74549,1.34335,0.3642655,0.2329008,0,0.1900412,0.02836302,0.3730485,0,0,0,0,0,0,0.07382325,0,0.0727299,0,0,0,0,0,0,0,0,0,0,0.2495307,0.5220172,0.1822966,0.1209285,0,0,0,0,0,0.1296277,0,0.03011579,0,0.9553505,0,0,0,0,0.04869195,0,0,0,0,0,0,0.1738574,0,0,0,0,0,0,0,0.3628113,0,0,0,0.2489741,0,0.4631795,0,0,0.2880877,0.1876178,0,0,0,0.5504961,0,0,0,0,0.92844,0,0,0,0,0.726791,0,0,0,0,0.3635795,0.5565329,0.008010503,0,0.03872646,0,0.0540237,0.1889386,0,0,0.1838398,0,0,0,0,0,0,0,0,0,0.05821813,0.3995954,0,0.1780288,0,0,0,0,0,0.4089014,0,0.4413071,0,0.7675753,0.2837987,0.4127693,0,0.06564593,0,0,0,0,0,0,0,0.244947,0,0,0.1422216,0.7013593,0,0.4245619,0,0,0,0,0,0.08748657,0,0,0,0.2500292,0,0,0,0,0,0,0,0.5863095,0.4580244,0,0,0,0.1943546,0.1462903,0,0,0.4037642,0,0.7510167,0,0.2625779,0,0,0,0.08589908,0.2093933,0,0,0.5533728,0,0,0,0,0,0,0,0.1242694,0,0,0,0,0,0,0,0,0.336552,0.4128573,0.2520428,0,0,0,0.1638285,0,0.4250364,0,0,0,0,0,0,0.9617117,0,0.04426089,0,0.2072704,0,0,0,0,0.0331321,0,0,0,0,0,0.2341511,0.3567166,0,0,0,0,0,0,0,1.260762,0.0543232,0,0.2144355,0.1059938,0.9465283,0.02172122,0,0,0,0.0936192,0,0.3728934,0.6828175,0,0,0.2409729,0.9261337,0,0,0.02907385,0,0,0.2210008,0,0,0,0,0.6078748,0,0.1892531,0.374514,0.1967437,0,0.009318231,0.2963084,0,0.2967574,0,0.2606933,0,0.07568352,0,0.02837202,0,0,0,0.0003171786,0,0,0,0,0.337493,0.1129173,0,0,0,0.2747308,0.09653902,0,0,0.3177868,0.1567419,0,0,0,0.1115267,0,0,0.1658038,0,0.4622002,0,0,0,0,0,0,0,0,0,0,0,0,0,0.1004446,0,0.3014646,0,0,0,0,0,0.1660067,0.4901307,0,0.1127442,0,0,0.1925662,0.2667261,0.3961969,0,0.2440048,0,0,0,0,0,0,0.03700241,0,0,0.02491155,0,0,0,0.02075676,0.2009219,0.08468376,1.016659,0,0,0.2773186,0,0.1160569,0.5679571,0,0,0.005969142,0.3138966,0,0,0,0,0,0.06216459,0,0.003239426,0,0,0,0,0,0,0.203184,0,0.1385518,0,0,0,0,0,0,0,0,0.3885148,0.1233643,0,0,0,0,0,0,0.3637621,0,0.1272583,0.03256372,0.1280332,0,0,0.4925916,0,0.2812019,0.7072552,0,0,0.04510278,0.1582217,0.6742753,0.2803877,0,0.3110559,0,0.1125992,0,0,0,0.02366593,0,0,0.6023329,0.02148458,0,0.352274,0.431648,0,0.9845881,0,0.2358486,0,0,0,0,0,0,0,0,0,0,0,0,0.002688471,0.1483179,0.3147631,0,0,0.3261245,0,0.0105238,0,0.2264486,0,0.1859655,0.03608095,0,0,0.6033021,0.1665012,0.09787409,0,0,0,0,0,0,0,0.3385704,0,0.5972226,0.8441873,0,0,0.1834813,0.45735,0,0.3749105,0,0,0,0,0.04950802,0.2713665,0.06146843,0,0,0.3066199,0,
0.06745529,0,0.01335174,0,0.09268391,0,0,0,0,0.490076,0.01634264,0,0,0,0.1334847,0.09454575,0,0,0,0,0.08035092,0,0,0,0,0,0,0.1619189,0,0,0,0,0,0.5032797,0,0.7892839,0,0.08662194,0.1198322,0,0,0.2435819,0.1773667,0,0,0,0,0,0,0.3320957,0.132089,0.5032358,0,0,0.1431455,0.6762914,0.8587186,0.9288349,12.53876,15.35502,19.92913,17.18651,18.32455,20.05499,14.30098,17.41196,17.56433,17.79415,14.89871,14.34942,18.27019,16.01749,17.36102,19.58778,15.81551,18.77936,17.28361,17.33697,7.931965,0.1498568,0,0.854579,0,0,0,0,0.08531661,0,0,0,0,0,0,0.5206226,0,0.004864546,0.4678848,0,0.2071806,0.05601186,0,0.04426989,0,0,0,0.1233327,0,0,0.1806911,0.2394738,0.1898346,0,0,0,0,0,0,0,0,0,0,0.2323668,0.3572024,0.6070399,0.09070098,0,0,0.3966877,0,0.4836012,0.4130167,0,0,0.5208212,0,0,0,0,0,0,0,0.5425498,0.2439194,0,0,0,0,0.07177728,0.02193759,0,0.02190343,0.09667242,0,0,0,0,0.2412934,0.2944341,0,0.4108758,0.2625323,0,0,0,0,0,0.3101516,0,0,0.4345571,0.4157308,0,0,0,0,0.04642862,0,0,0,0,0.3275404,0.1359037,0.4188965,0,0,0,0,0.6423106,0.2953456,0.4548814,0.7516018,0.1021975,0,0,0,0,0,0,0,0,0.09150878,0,0,0.4661795,0,0,0,0.1486949,1.020236,0.4339386,0,0.3732658,0,0,0,0.1214503,0,0.453285,0,0,0,0.06287213,0.3334831,0.2662166,0,0,0.03147107,0,0.198741,0.05436717,0.04899606,0.06348201,0,0.4121175,0.502171,0,0,0,0.2743932,0.006298071,0,0.03584849,0.1212424,0.6057761,0,0.3961407,0,0.177996,0,0,0.00376604,0,0,0,0,0.2166953,0.3128966,0,0,0.4474232,0,0.1171441,0.4196401,0,0,0,0,0,0.5111359,0.08392274,0.8918969,0,0.3904677,0,0,0,0,0,0.2718292,0.0595926,0,0,0,0,0,0,0.1994655,0.3451829,0.1419462,0,0.4879784,0.3317106,0.03820696,0,0,0,0.6164863,0,0,0,0.2612142,0,0.1994598,0.2147314,0,0,0,0,0.1059556,0,0.2566122,0,0,0,0,0.4011387,0.1624345,0,0,0.4898852,0.3067214,0,0,0.002346653,0,0.3134282,0,0.4050741,0,0.7420625,0,0,0,0,0.469972,0,0,0,0,0.2235554,0.04895858,0.219195,0,0.6332924,0,0,0,0.4644693,0.1598017,0,0.5702422,0,0,0,0,0,0.3815473,0.1368009,0,0,0.4376887,0,0,0,0.385812,0,0.1328342,0.1432109,0,0,0.05095708,0.3254544,0,0,0,0.007007667,0.2136706,0,0,0.17073,0,0.3558289,0.2560734,0.4711706,0,0.5541373,0,0,0.3179756,0,0,0,0.2554511,0,0,0,0,0,0,0,0.1419822,0,0,0,0,0,0.2551555,0,0.03588054,0.1357605,0,0.3753199,0.0236097,0,0,0,0,0,0.1892311,0.6079971,0,0.5133633,0,0.3649391,0.2175574,0,0,0,0,0.4894149,0.3295074,0,0,0,0,0,0,0,0,0,0,0,0.198251,0,0,0,0.625658,0,0.1383062,0,0,0,0,0,0.1263528,0.002749079,0,0,0,0.1154764,0,0,0.2582641,0,0.05764313,0,0,0,0,0.3825099,0,0.2950204,0.298625,0.6377551,0,0,0,0,0.1451251,0,0.4342723,0.04807873,0,0,0,0,0,0,0,0.1281398,0,0.2809733,0.0318783,0.4662853,0,0.05392572,0.1705454,0,0.1647003,0.06502166,0.05144971,0,0,0,0,0.3224432,0,1.590562,0.7199413,0,0,0,0,0,0.3727055,0,0,0,0,0.08874501,0,0.4908335,0.3464375,0.2042572,0,0,0.3837415,0.560149,0,0,0,0.8020179,0,0.2598422,0,0.1392316,0.3482041,0,0.1256293,0.2048158,0.06828926,0,0.6145953,0,0.09259297,0.148833,0,0,0,0.3549739,0,0,0,0.177084,0,0.06344634,0,0.1320557,0,0,0,0,0,0,0,0,0,0.1093765,0,0,
0.2398476,0.6538671,0,0,0,0,0.08962868,0.3024042,0.02017332,0.5837496,0,0,0.6834033,0,0.03817419,0,0.02629486,0.09271182,0,0,0,0,0.2169053,0,0.9141121,0,0,0,0,0.2780953,0.4057996,0,0.1253787,0,0.2522835,0.01826873,0,0.6057804,0.1969625,0.1641829,0,0,0,0.2322312,0,0,0,0,0.1149597,0,0,0.6410274,0.2992443,0,0.4259691,0.05490577,0,0.5625437,11.8965,18.97862,17.01909,16.74884,17.9392,15.79083,16.58237,18.10894,17.73129,17.29758,15.55745,19.18576,15.6901,16.30753,14.18594,16.8947,17.74189,17.2056,15.93969,16.37157,15.67549,0,0.3319731,0,0.1450775,0.2444354,0,0.1784371,0,0,0,0.175064,0,0,0,0,0,0,0,0,0,0,0,0,0,0.1816205,0,0,0.09872065,0,0.14613,0,0,0,0,0.00926583,0.1454318,0,0.6658064,0,0,0.09662238,0,0.09953522,0,0,0,0.3322408,0,0,0.0682097,0.2114781,0.4415498,0,0,0,0.03583841,0,0.06908677,0.698391,0.005333452,0,0,0,0,0,0,0.03668302,0.1517599,0.6092339,0.06239308,0,0,0,0,0.2579951,0,0,0,0,0.08890477,0,0.6245289,0,0,0.09921547,0,0.4213472,0,0.1556882,0,0.323902,0.1022661,0.01698624,0,0,0,0.01733235,0,0,0.02472441,0,0.4754601,0,0,0.06174815,0,0,0,0,0,0,0.8163313,0.1346268,0,0,0,0.04293857,0,0.1696942,0,0.181335,0,0,0,0,0,0.0417461,0,0.2523734,0,0,0.1729547,0.2017784,0,0.5580983,0.06288797,0,0,0,0,0,0.2798215,0,0,0,0,0.4896291,0,0,0.1463165,0.6391805,0,0,0,0,0,0,0,0,0,0,0,0,0,0,0.4407595,0,0,0,0,0.2264448,0,0,0,0,0.02507989,0,0,0,0,0.03101592,0.05541688,0.03365776,0.5087362,0,0,0,0.01803054,0.5036237,0,0.01026824,0.3131896,0,0.3486077,0.2125432,0.7432928,0,0,0,0,0,0,0,0.07775881,0.04628204,0.2233504,0,0,0,0,0,0.1615647,0,0,0,0,0,0.1377609,0,0,0,0,0.02407354,0,0,0,0,0,0,0,0,0,0,0,0,0.21384,0.05384632,0.3735218,0,0,0.269552,0,0,0,0,0.7601002,0.1323249,0,0,0,0,0,0,0.1596826,0,0,0.1950525,0,0,0,0,0,0.4472965,0,0,0,0.7113113,0,0,0,0,0,0,0,0.116066,0,0.08154037,0.4565828,0,0.09966148,0.1724572,0,0.4543456,0,0,0,0,0,0.620748,0,0.1164358,0,0.4617755,0,0.3626394,0.4373756,0.3447814,0,0.0191235,0,0,0,0,0,0,0,0,0,0,0.04895394,0,0.2743709,0,0.7846743,0,0,0,0.1662175,0,0,0.3167434,0.09400982,0.5219767,0,0.8888049,0,0.510901,0.008069859,0,0,0.1901739,0.04755329,0,0,0.08679624,0.05926963,0,0.02948583,0,0.4353444,0,0.001946964,0.2788053,0.3937792,0,0.176634,0,0.3529218,0,0.2447666,0,0,0,0.4141777,0,0,0,0.1291244,0.330569,0,0.262992,0.1221109,0.1095898,0.07398859,0,0,0,0,0,0,0,0,0,0.2631947,0,0.3501183,0,0.1472738,0,0,0,0,0.5535318,0,0.4753667,0,0.009562213,0.0398201,0.4003799,0.00412431,0,0,0.26559,0,0,0,0,0,0,0,0.4872324,0.1928201,0,0,0,0,0.2762192,0,0.2294648,0,0,0,0,0,0,0.1268817,0.2252433,0.3171878,0.1297984,0.0114479,0,0.1672647,0.3131739,0,0,0.06243992,0,0.1017419,0,0,0,0,0,0,0.1183046,0,0.3020157,0.3100326,0,0,0,0.2177926,0,0.008382783,0.2301088,0,0.2461357,0,0.3249194,0,0,0,0,0.09771796,0,0.266345,0,0,0.00650048,0,0,0,0,0,0,0,0,0,0,0,0,0,0,0,0,0.3279598,0.1143761,0.08043575,0.1939568,0,0.1872927,0.07636142,0,0,0,0,0,0,0,0.1446165,0,
0,0.5828737,0.05554137,0,0,0,0,0.3750163,0,0,0,0,0,0,0.1355527,0,0,0,0.3551085,0,0,0,0.1044337,0,0,0,0,0,0,0,0,0,0,0,0.2279373,0,0,0.3560239,0,0,0,0,0.3720778,0.09341581,0,0.03743767,0,0.3855794,0.1641456,0.1718901,0.0001537876,0.4794686,0,0.03100872,0,0,0.002590445,0.06269272,3.779237,15.88942,15.90735,17.35553,19.41564,16.52696,18.21337,17.39137,17.6461,17.73938,19.56262,17.53926,15.45574,16.71382,16.3133,15.52708,18.47622,17.27818,15.35801,16.28917,17.4046,0,0,0,0.06335828,0.2169206,0.3135205,0,0,0.586912,0,0,0.7367895,0,0,0,0,0.3360267,0.3662068,0,0,0.03230445,0,0.03702075,0,0,0,0,0,0,0,0,0,0,0,0.044426,0,0.3550971,0.5084552,0,0,0.4494402,0.3633726,0,0,0,0,0,0.4879567,0,0,0,0,0,0,0,0.1018772,0,0,0,0,0,0.2113445,0,0.1184158,0,0.05393237,0,0.004033303,0,0,0,0,0,0.7129008,0,0,0.2168058,0.6059731,0,0.06914132,0,0,0,0,0,0,0.6808033,0.5638872,0,0,0,0,0.3104761,0.1765075,0.01068054,0,0,0,0,0,0,0,0.1193995,0,0.08076501,0,0.2028468,0.0485991,0.01150493,0,0.2458004,0,0.3020872,0.08943284,0,0,0.1775744,0.4003397,0.1965782,0,0,0,0,0.2508149,0,0.04721596,0.05601851,0,0,0,0,0.2731676,0,0,0,0,0.05038863,0,0.3249938,0,0,0,0,0.3161579,0,0.07776284,0,0,0.05939219,0,0,0.3908389,0.3233078,0,0.7878845,0,0.2347555,0.3918262,0.2735427,0,0,0,0,0,0,0,0,0,0,0,0,0.1434098,0,1.057625,0,0,0,0.1100562,0.7066708,0,0,0.2835228,0,0,0.4313449,0,0,0,0,0,0,0.3682565,0.1517801,0.003401441,0.1703754,0.4654624,0.2469425,0,0,0,0.7404292,0,0,0,0.1899306,0.4355231,0,0,0,0,0,0,0.2479326,0,0,0,0,0.04858413,0,0,0,0.1871158,0,0.03743741,0,0,0,0,0,0.4923439,0,0,0,1.057437,0.9052494,0,0,0,0.04668535,0,0.6303037,0,0,0,0.3029732,0,0,0,0,0.2199614,0,0.5059296,0,0,0,0.01380451,0,0,0.135556,0,0,0.09324335,0,0,0,0.1061557,0,0,0,0.03278301,0,0,0,0,0.04985239,0.4921821,0,0.03474735,0,0,0,0.5065453,0.612427,0.1338465,0,0,0.07882689,0,0,0,0,0,0,0.3483512,0.5718019,0.246107,0,0,0,0,0,0,0,0.1450622,0.5428824,0,0,0,0,0,0,0,0.3326708,0.2340114,0,0.4679484,0.7392099,0,0,0.008784109,0.2908059,0.4036576,0,0.4868531,0.1341765,0.5597907,0,0,0,0,0,0,0.6157228,0.5331391,0,0,0,0,0,0.3001078,0,0,0,0,0.7404773,0.5889414,0.8769749,0,0,0,0,0,0,0.870455,0.8066183,0,0,0.1809244,0.2918872,0,0,0,0.01428354,0.7119916,0,0.3584419,0.2592405,0.289432,0,0.0737334,0,0,0.3737519,0.183411,0.5437675,0.5195237,0,0,0,0,0.6852441,0,0,0,0,0,0,0.07489681,0,0,0,0,0,0,0,0.2068139,0,0,0,0.0588213,0.459489,0,0.3733293,0.1442075,0,0,0.002524095,0,0.5097488,0,0,0.5030321,0,0,0,0,0,0,0.1439097,0,0,0.3229581,0,0,0.0346558,0,0,0,0,0,0,0,0,0,0,0,0,0,0,0,0,0,0,0,0,0.1542494,0,0,0.006811114,0.1134744,0,0,0.1247384,0,0.01380713,0.6322227,0,0.3141422,0.1288129,0,0,0,0,0.0329667,0,0,0,0,0.6444029,0.4583558,0,0,0,0,0.1295072,0.8159803,0.132192,0,0,0.3643961,0,0.3019995,0,0,0,0,0,0,0,0,0.1525411,
0.1728631,0,0,0,0,0.4302804,0.05763386,0,0,0,0.3318505,0,0.2851391,0.3712463,0,0,0,0,0,0.271631,0.07478998,0.07470481,0.1538494,0,0.5133583,0,0,0,0,0.4513493,0,0,0.1214547,0.06278586,0.4711015,0,0,0,0,0.01156999,0,0,0,0,0,0.3735148,0.5119857,0.2850827,0.7112222,0.1700874,0.2030991,0.138642,0.2773522,0.1207465,0.3072659,0.07101531,0.3505148,0.1280128,0,5.230247,13.5013,17.95464,18.01718,16.85316,16.70259,18.54816,14.88634,16.37657,18.06537,16.76375,17.48968,17.57272,18.02261,18.48474,18.14611,15.74698,14.7745,16.25792,15.95323,0.5886242,0.05682791,0,0,1.330926,0,0,0,0,0.3670859,0,0,0,0,0,0.6238686,0,0,0,0.2515028,0,0,0,0,0,0,0.4465797,0,0,0,0.05668018,0,0,0,0,0,0,0,0,0,0,0,0.2279651,0,0.1472687,0.4366547,0,0.6012468,0,0,0,0.05565554,0.2727429,0.7145046,0,0,0.2648639,0,0.3854901,0,0,0,0,0,0,0.07571639,0,0,0,0,0,0,0,0,0,0,0,0.2442009,0,0,0.04869615,0.4647014,0.1770003,0,0.3967769,0,0,0,0.1151239,0,0,0,0,0.04792727,0,0,0.1768164,0,0,0,0.4836874,0.4583429,0,0,0.9717107,0.3550046,0,0,0.07004941,0.3437675,0,0.5145218,0.1270605,0,0,0,0.4141739,0,0,0,0,0.1944241,0,0.04282909,0,0,0.2383268,0,0.671824,0,0.4945597,0.1941723,0,0,0,0,0,0,0,0,0,0.2412277,0,0,0,0.3045767,0.2812954,0.01774958,0.1957925,0.02664057,0.121008,0.04443769,0,0,0.1756143,0,0,0,0,0,0,0,0,0,0,0.2566181,0,0,0,0,0.07114884,0.01804951,0,0.07470008,0,0,0,0,0.3094434,0.1586715,0,0,0.05995541,0,0.1746265,0,0,0.001227253,0,0.07509415,0.7383534,0,0.06866942,0.0008470861,0,0,0.02265891,0,0,0,0,0,0,0,0.5396208,0.1278524,0,0,0,1.01683,0,0.4050997,0,0,0.6171594,0,0.06869049,0.8490013,0,0,0.2894514,0,0,0,0.3598593,0,0,0,0.1385075,0.0754174,0,0,0.1207471,0.4368823,0,0.1731429,0,0.584984,0.1048841,0,0.07749638,0,0.6941537,0,0,0.3751168,0.2398542,0,0.1843907,0,0.3081563,0,0,0,0,0.1575885,0.07817966,0,0.0539057,0,0.06506038,0.2215187,0.5887389,0.5846406,0.1039228,0,0,0.2849277,0,0,0,0.5407525,0,0,0,0.1917351,0.2710006,0.4886954,0,0,0,0,0,0.3990365,0.8052612,0.1891775,0,0,0.3118078,0,0,0,0,1.015735,0.1393746,0,0,0,0,0,0.2818779,0,0,0.6620668,0,0,0.02524651,0.5029115,0,0.04202433,0,0,0,0,0.02356344,0,0.07460459,0.6431623,0,0.2223086,0.160112,0.04908709,0,0,0,0,0,1.026329,0,0.1270992,0,0.4048359,0,0.6778649,0.1779748,0.425761,0.4447885,0,0,0.06818528,0,0,0.2799437,0.5928292,0,0,0,0,0.2505795,0,0.1203032,0.7596954,0,0,0,0.2519458,0.2368391,0.0769513,0,0,0.2354339,0,0,0.0278795,0.1974834,0,0,0,0.3939548,0.2495385,0.4279421,0.1831478,0,0,0,0.002249221,0.1984312,0,0.1245446,0,0.3391862,0,0.2065543,0.3351676,0.02450794,0,0.1721624,0,0,0.07360951,0.2345172,0,0,0,0,0,0,0,0,0,0,0.2175363,0,0.0698547,0,0.7255845,0.1582251,0.09209694,0,0.05895391,0,0,0,0,0,0.07251661,0,0,0,0,0.3447784,0,0.07273382,0.06066281,0.37002,0.798479,0,0,0.4533556,0,0,0,0,0,0.07993387,0,0,0,0,0,0.7142821,0.1691988,0,0,0,0,0.005830726,0,0,0.4024967,0,0,0,0,0,0,0,0,0.3963904,0.271,0,0,0,0.05477178,0,0,0,0,0.004756869,0.3575847,0.7465792,0.5750961,0,0.1340944,0,0.1876334,0,0,0.1897845,0,0,0,0,0,0,0,0.1258132,0,0,0,0.5377197,
0.3615441,0.3376116,0,0.2465181,0,0,0,0.0786055,0,0.2457631,0,0,0,0.03564095,0.0649183,0,0.4587222,0,0,0.2565148,0,0.04737262,0.07206793,0,0.5620021,0.008141859,0.1784052,0.1268261,0,0,0,0,0,0,0,0.03374084,0,0.1594159,0,0.06703243,0,0.02977194,0,0,0,0.3091549,0,0.06961126,0,0,0.04398885,0.4812336,0,0,0,0,0,0.1049426,0.3358233,0,9.0225,17.91364,17.56403,16.43067,17.41768,17.79821,16.53119,19.09889,14.78896,18.53075,15.30568,17.69838,16.69788,18.71746,18.43021,17.24505,15.71537,14.9265,7.599138,0.07121798,0.4021417,0,0,1.360254,0.7942616,0.1367145,0,0,0.02368668,0,0.6555833,0,0.901428,0,0.3997353,0,0,0,0,0,0.3187521,0,0.2309609,0,0,0,0,0.203141,0,0.07260438,0,0,0,0,0.2516565,0.714216,0.3312229,0.6129211,0,0,0,0,0,0.4468071,0.3648365,0.07625209,0,0,0,0,0.03417652,0,0,0,0,0,0.2873869,0.005235184,0,0.002685949,0.09834764,0.3832824,0.4451403,0,0.5620706,0,0,0,0.1493224,0,0,0.004702741,0.5581819,0,0,0,0.1732977,0.3174593,0,0.09403722,0.2370366,0,0,0,0,0.3649477,0.2576081,0,0.08905856,0,0.1545597,0,0.7598202,0,0,0.2656024,0.2947346,0.3997623,0,0,0,0.02527914,0,0,0,0.3700212,0.975011,0,0,0,0,0,0.2692516,0,0.0605354,0,0.4014222,0.01689984,0,0.3335679,0.02953273,0.0954659,0.3422385,0,0,0,0.05906019,0,0,0,0.1314152,0,0.05830378,0,0.1231009,0.1082601,0,0,0,0,0.2040235,0,0,0,0.2793522,0,0.1712763,0.1914928,0.2048712,0,0,0,0.04765498,0,0.03565719,0,0.03633912,0,0,0,0,0,0,0.01809259,0.1764837,0,0,0,0.2301454,0.04764435,0.7513845,0,0,0.02341645,0,0.1358544,0,0.07878434,0,0,0.1886621,0,0.1197857,0,0.7729435,0,0,0,0,0,0,0.0006758583,0,0,0.4482067,0.2983625,0.2494998,0,0,0,0,0,0,0,0,0.1870461,0,0,0,0,0,0,0.0941823,0,0,0,0,0.1038123,0.06437606,0,0,0,0,0.3667295,0,0,0,0,0,0.6413006,0,0,0.01145533,0,0.4444508,0,0,0,0.1417991,0,0,0,0.2063557,0,0,0,0.04444869,0.2925626,0,0,0,0,0,0,0,0.3608482,0.09780214,0.1169026,0.2077074,0,0,0,0,0.3663381,0.3068434,0.6826363,0,0.01089699,0.05878318,0.1588752,0,0,0.3324409,0,0.2706286,0.277894,0,0,0.5856982,0.3393564,0,0.2937519,0,0,0,0.1597233,0,0.08891419,0,0,0,0,0,0.02040249,0,0.141779,0,0.04528673,0,0,0,0,0,0.06377448,0,0,0,0,0,0,0,0.5304815,0,0.3029294,0,0.130185,0,0,0,0,0.5328764,0.1910475,0.05606391,0.248094,0,0.003305901,0.0566365,0,0,0,0,0.5517397,0,0,0.1189169,0,0.1742591,0,0,0.04377105,0.2253749,0.5231546,0.02161394,0,0,0,0,0,0,0.002124934,0.4231022,1.155078,0,0,0.112152,0,0,0,0.3707486,0,0,0,0.3065598,0.3946763,0.2341893,0.9481943,0,0,0.005542841,0.3374033,0,0,0,0,0.1001135,0.4598931,0,0,0.8330257,0,0,0,0.5367499,0,0,0,0,0.09344245,0.06286091,0,0,0,0,0,0.2741274,0,0.220678,0,0,0.1724819,0.7330834,0.4196714,0,0.5051423,0.5782676,0,0,0,0.2283734,0,0,0.1692178,0.1189382,0.2949013,0,0,0,0.04912226,0,0,0,0.07809127,0.6610285,0,0,0,0,0,0,0,0.2121296,0,0,0,0.4187503,0,0,0.1354808,0.003459834,0,0.9490607,0.3435796,0.1097393,0,0.3809322,0,0,0.2000996,0,0,0,0,0.6663516,0,0,0,0,0,0.02145544,0,0.1798532,0,0,0.01039581,0.5682549,0,0.7062802,0.04920504,0.7615935,0,0.09003159,0,0.02573376,0.2482603,0,0.3789756,0,0.1715412,0.7061762,0,0.4013712,0.4585311,0.01794154,0,0.1759572,0,0,0.4753355,0.03145086,0.1334917,
0.115487,0.1173902,0,0,0,0.4785447,0.961806,0.03413258,0,0,0,0,0,0,0,0.07162469,0,0,0.3860963,0.2132976,0.3009965,0.05761226,0.5299796,0,0,0,0,1.179249,0.1275876,0.3045717,0,0,0.1985453,0,0,0.1558403,0.392131,0,0,0,0,0,0,0,0,0,0,0.03872299,0,0.003159114,0.001876814,0.05034285,0,0,0.2475486,0.2788196,0.1798268,0.00920889,0,0.3467142,2.237556,17.30094,17.7427,17.13714,17.41749,16.97742,17.47655,16.94918,18.21819,17.25485,16.85955,17.36793,17.12383,18.64157,16.16664,15.57459,11.17682,0.7802145,0,0,0.0356691,0,0,1.771991,0,0.6029106,0,0,0.3560985,0,0,0,0,0.2096792,0,0,0,0,0,0.2907252,0,0,0,0,0.4232594,0,0,0.1500036,0.1129611,1.111744,0,0.2991695,0,0,0.7147788,0,0,0,0,0,0.1396479,0.2954226,0,0,0,0.05779787,0,0,0.02614157,0,0.6354073,0,0.03859386,0.03523009,0,0.4894415,0,0,0.3209632,0.2839651,0,0,0.1837895,0.2858713,0,0,0,0,0.1382406,0.1009971,0,0,0,0.5146907,0,0.2819555,0,0.2478992,0,0,0,0.1452332,0,0,0,0,0,0,0,0,0.05010035,0,0,0,0,0,0.23454,0,0,0,0,0,0,0,0,0.2790759,0,0,0,0,0.4428242,0,0,0,0.1308969,0.4733071,0,0,0,0.2548868,0,0.3807456,0,0.2093341,0.1597659,0,0,0,0.2518279,0,0.06256909,0,0.01961615,0,0,0.2684371,0,0,0.08459806,0,0,0,0,0.006622596,0,0.5751988,0,0,0,0.5880131,0.8715611,0,0,0,0.5339189,0,0.3250591,0.141827,0.01709133,0,0,0,0,0,0,0,0,0,0,0,0,0.04966514,0,0,0.05864355,0.9805534,0,0,0.4870094,0.02403413,0.372494,0,0.594947,0.1940429,0,0.1822895,0.1795992,0,0,0.1903286,0,0.3162312,0,0,0,0,0,0,0,0.2487542,0,0,0,0,0.006477328,0.009867052,0.2399504,0,0,0.02818232,0.5633007,0.1950614,0.09622137,0,0,0.1594205,0.05150202,0.5707234,0.1883819,0,0.1100499,0,0,0.1104315,0,0,0,0,0,0,0.09909428,0,0,0,0.3157445,0,0,0.04842999,0,0,0,0.333557,0.667826,0.1372669,0,0,0.265514,0.2763357,0,0,0,0,0,0,0,0,0,0.626247,0.06288028,0.06203199,0,0,0,0.7356571,0,0.05174594,0.03133186,0.2131888,0,0,0,0,0.1249052,0,0,0.09962939,0,0.1238221,0.2105945,0,0,0.3143906,0.2835292,0.1036734,0,0.2052703,0,0,0.6477234,0,0.2396642,0,0,0,0.7996339,0.2711507,0,0.1001375,0,0.1572983,0,0,0,0,0.08552412,0,0,0.1117317,0,0,0,0,0,0,0.1008398,0,0.1284724,0,0,0,0.1431209,0,0,0.01160781,0,0,0,0,0,0.3077999,0,0.2663652,0.4138984,0,0.2806698,0,0.5585341,0,0.1872215,0,0,0,0,1.233483,0,0.07320873,0,0.08478544,0,0,0.01194283,0,0,0,0,0,0,0,0,0.04184732,0,0,0,0,0.07871313,0.3423591,0.1237508,0.1371316,0,0,0,0,0,0,0.2350402,0,0.2131182,0.6014765,0.3659123,0,0,0,0,0.03352772,0,0,0,0,0.2194518,0,0.5560161,0,0,0.2303507,0,0.1510662,0.152404,0,0,0.2849853,0.2092894,0,0,0.2200265,0,0,0.03742082,0.1720105,0,0,0,0,0.5007544,0.6608,0,0,0.1780668,0,0.2113199,0,0,0.2720212,0.09844826,0.7830606,0,0,0.3620445,0,0,0,0.1521585,0,0.2677081,0,0,0,0,0,0,0,0,0,0,0,0,0.8771541,0,0.4246199,0.02061233,0,0,0.1547574,0,0,0,0.2329793,0.307033,0,0.8432834,0,0,0.2181265,0,0.3793049,0.5673916,0.3220509,0,0,0.1032285,0,0.1637934,0.06610393,0.1223885,0.7437093,0.2021411,0,0.5071173,0,0.6402045,0,0,0,0,0,0.05255964,0,0,0,0,0,
0,0,0.1781749,0,0,0,0.02065318,0.6384536,0,0.5226977,0,0.1536976,0.2649498,0.581971,0,0,0.3588584,0,0.3237131,0,0.1375166,0,0.5944819,0,0.2372923,0.1793848,0,0.03974245,0,0.2422113,0,0,0,0,1.084462,0.1238619,0,0.2003533,0,0.0256615,0.4125636,0.2005973,0.01513012,0,0,0.3423164,0.3516019,0,0,0.1372614,0,0.3269951,0.07284817,0.351791,0,0,0.1690889,0.06680024,0.3356116,0,0.1931031,6.942204,15.70704,18.5078,17.95399,17.74401,18.49495,13.77374,15.88846,18.18046,17.55578,18.45212,17.07714,19.01893,18.16448,15.22135,6.43905,0.129389,0,0,0,0.1550145,0.1862893,0.02851167,0.1444498,0,0.2722767,0,0,0.08886787,0,0,0,0,0.5069103,0,0.2497739,0,0,0,0,0,0,0,0.03616307,0,0,0,0.2143537,0,0.1570107,0.2232482,0.3041766,0,0.4306482,0,0.5267447,0.0539805,0.1401293,0,0.2513765,0,0,0.4033739,0.229102,0,0,0,0,0,0.7898633,0.06457044,0.2254063,0,0,0.3172375,0.005496023,0.3668408,0,0,0,0,0,0,0.06705873,0.11133,0,0.1567308,0,0,0,0,0,0.3301002,0.08996703,1.104331,0,0,0,0,0,0,0,0,0,0,0.05929597,0.1650313,0,0.137894,0,0.04834265,0,0,0,0.1935067,0.3088486,0,0,0.04427322,0,0,0.1614381,0,0,0,0.3154343,0,0.1768663,0,0,0,0,0.09452916,0,0.1584103,0.645364,0,0,0.1669998,0,0,0.3318903,0.4431908,0,0.1715953,0.1249791,0,0.395065,0.09628247,0,0.2075882,0,0,0.04027634,0.1893222,0,0,0,0,0,0,0,0,0,0,0,0,0,0.04572372,0,0,0,0.2450312,0,0,0,0.4924431,0.2966768,0.3083977,0,0,0,0,0,0,0.8266239,0,0,0.2029994,0,0,0,0,0,0.07953813,0,0.2372233,0,0.3980735,0,0.1694606,0.1399272,0,0,0.1169107,0.1811082,0,0,0,0,0,0.3414807,0,0,0,0,0.1608423,0,0,0,0,0.7006218,0,0.7660954,0,0,0,0,0,0,0,0.2993269,0,0,0,0,0,0,0,0.11546,0,0.218302,0,0.1249126,0,0,0,0,0,0,0,0,0.02278557,0,0.1657588,0,0.5524309,0,0,0,0,0,0.1319633,0,0,0,0.005080959,0.08454438,0.1659742,0,0,0,0,0.01240134,0,0,0.4254226,0,0,0.3522261,0.04475717,0,0.4840347,0,0.1350462,0,0,0,0,0.02987011,0.1528268,0,0,0,0,0,0,0.04116272,0,0.001630808,0,0.3030494,0,0,0.5662029,0.01592294,0.1088586,0,0,0.4400806,0.3924112,0.1651056,0,0,0,0.1031969,0,0,0.3444417,0.1710549,0,0,0,0,0,0.3732983,0,0,0.1039166,0.003089599,0.2342914,0,0.7019123,0.5446312,0,0.6884324,0,0,0,0,0,0,0.005257713,0,0.007164685,0,0,0.2825967,0,0.6177964,0,0.1651628,0.1704465,0.09599316,0,0,0,0.8701985,0,0,0.1136415,0,0,0.153722,0,0,0.3483305,0.2885822,0,0,0.1984306,0.1324408,0.001614823,0,0,0.02569013,0.5599228,0,0,0.2211514,0,0,0.2032042,0,0.2398085,0.1346017,0,0,0,0,0,0,0,0,0,0,0,0,0,0,0.5318184,0,0.3776141,0.005908119,0,0,0.07458985,0.2300692,0.5162022,0,0.3477351,0,0,0,0.8341004,0,0.4581041,0.03507379,0,0,0,0.4826174,0,0,0.424209,0,0,0.02918265,0.2979842,0,0,0.0590218,0,0,0,0,0,0,0,0,0.06274769,0,0,0,0.3691007,0,0,0,0.1546369,0.03905144,0,0,0,0,0.0348135,0,0.2249195,0,0,0,0.02881865,0,0.2706748,0.4388484,0,0.8009651,0.180337,0,0.5971235,0,0.3269611,0.6205475,0.1830157,0,0.06947538,0,0,0.4125982,0,0.364849,0.2339828,0,0,0,0.05413252,0.1864309,0.06260565,0.9262482,0,0,0,0,0.5425957,0,0.5144337,0,0.05924726,0,0,0,0.1690474,0.1589578,0.00695547,0.6121393,0,0,0,0,0,
0.02102964,0,0.2244918,0.6535341,0,0,0,0,0,0,0,0,0,0,0,0,0.2131584,0,0,0.4282951,0,0.3357571,0.5467157,0,1.139063,0.1391357,0,0,0.3616629,0,0,0,0,0,0,0,0,0,0.2070343,0,0.2370648,0,0,0,0.1510029,0.3595605,0,0,0.09850212,0,0.3474676,0.05108967,0,0.1210902,0.09100515,0.0799026,0.1466367,0.5305009,0,0.8181303,0,0.5515544,4.206461,14.04729,16.44629,17.16836,16.72758,15.06301,18.18347,19.57069,18.53187,17.07507,18.47246,15.45344,17.4597,16.69882,6.847302,0.01234924,0,0.4413322,0,0.08365934,0.2658259,0,0.6627213,0,0,0.04118441,0.354226,0,0.1500343,0.03800599,0,0.08913349,0,0,0,0,0,0,0,1.040127,0,0.2238518,0.1790043,0,0,0.2692321,0,0,0,0.1499687,0,0,0,0,0,0.1613009,0.5528593,0,0,0,0.01525309,0.1585112,0.1472141,0,0,0,0.3446485,0,0,0,0,0.06015127,0.2706837,0.006214644,0,0,0.1845374,0,0,0.06667264,0.004028893,0.0380173,0,0,0,0,0,0.03836801,0,0,0,0,0.0867155,0,0,0,0,0,0.2425247,0,0,0,0,0.7611733,0,0.1516906,0,0.1913581,0.02762945,0.3132559,0,0,0,0.5642999,0,0,0.08556074,0.09434728,0,0,0,0,0,0,0,0,0,0.1040772,0.5989245,0,0,0,0,0,0,0,0,0,0,0,0.0241155,0,0,0,0,0.158824,0.03271023,0,0,0,0,0,0,0.4442992,0,0,0,0,0,0,0,0,0,0,0,0,0.1771861,0,0.6803012,0,0.0467956,0,0,0.505991,0,0,0,0,0,0,0,0,0,0,0,0,0.1290845,0,0,0,0,0,0,0.7423201,0,0.2502892,0.72545,0,0,0,0,0.1244662,0.1679003,0.2782163,0,0.1366513,0,0.2159169,0.2738793,0,0,0.08154603,0.270038,0.01927623,0,0.01350968,0,0,0,0,0,0,0,0,0,0,0,0,0,0,0,0,0.3458158,0,0,0,0,0,0,0,0.3585211,0.3658971,0.464079,0,0,0,0,0.07119473,0.04436561,0,0,0.1431826,0,0,0,0,0.2819578,0,0,0.2175206,0,0,0,0.02209564,0,0,0.0921662,0,0.1591462,0,0.2103677,0,0,0,1.034772,0,0,0,0,0.41341,0,0,0,0,0,0.09168263,0.3275248,1.170418,0,0,0.454858,0.1981839,0,0,0,0.479509,0.6642349,0.457729,0,0.4437853,0,0,0.857547,0,0,0,0.0118859,0.02661332,0,0,0,0,0,0.6255643,0,0.0170485,0.247218,0,0,0,0,0,0,0.4649658,0,0,0.3224118,0,0,0.1066521,0,0.5313784,0,0,0,0.0218734,0,0,0,0,0,0,0.3346207,0.2108621,0.393057,0.07938241,0,0.1117746,0,0,0,0,0,0.3007337,0,0,0,0,0.2222814,0.8647058,0,0,0,0.05877706,0,0.275981,0,0.7022993,0,0,0,0.1203505,0.3917693,0,0.01718375,0,0,0,0,0.1039988,0,0.0162351,0,0,0.02762016,0,0.343267,0,0,0,0,0.1358769,0,0.3500658,0.2310929,0,0,0.09201538,0,0,0,0.01870893,0,0,0.1475473,0.8696465,0,0.1528951,0,0.2451612,0,0,0,0,0.413508,0,0.5070742,0.7233638,0,0,0,0,0,0.3681801,0,0,0.230948,0.02278735,0,0.131629,0,0,0.2530461,0.1783978,0,0,0.4283845,0,0.2401338,0,0.4359907,0.140141,0.6322581,0.2514828,0.08983652,0,0,0,0.183713,0.4101314,0,0,0.04564799,0,0,0.1428658,0,0,0,0,0,0,0,0.1422417,0,0,0,0,0,0.871259,0,0,0,0,0,0,0.06461954,0,0,0,0.4563557,0,0.03429962,0.4891908,0,0.003579187,0,0,0,0,0.06050091,0,0,0,0.5520275,0.9109499,0.2631488,0,1.139909,0.04909613,0,0,0.4136596,0,0,0.4081826,0,0,
0,0,0,0,0,0,0.2998734,0.5223371,0,0,0,0.7446792,0.3990419,0.1847134,0,0.2648901,0,0.3361778,0,0.2199903,0.3733208,0.04900945,0.462942,0.3039989,0.1909734,0,0,0.7097018,0.8013957,0,0.3820259,0.2411642,0.1512996,0.08938912,1.061152,0,0,0,0,0,0.0945686,0,0.2742247,0,0.5515849,0,0,0,0.4914709,0,0,0.1845939,0,0,0.000109952,0.6693754,0,0.1458512,0,0,0,0,0,3.795271,7.524709,11.04176,14.25188,14.73198,17.14947,18.48982,17.81281,15.65042,17.69014,17.23517,15.84964,14.77079,3.175349,0,0.6233624,0.07873988,0,0,0,0,0,0,0,0.3704067,0,0.5255843,0.1382645,0,0,0.09179112,0,0,0,0.04226509,0,0.320791,0.002270493,0.4448318,0,0,0,0,0,0.03405854,0,0,0,0,0,0.09856611,0,0,0.0169256,0.7556109,0,0.2558763,0.1518653,0,0,0,0.1656781,0,0,0,0,0,0.1713961,0.02258414,0,0,0,0,0,0,0,0,0,0.0384362,0.5284717,0.2749462,0.01714988,0,0.4818677,0,0,0.2152004,0,0,0,0,0.1466175,0.1851999,0,0,0,0.1392286,0,0,0,0,0,0,0,0,0,0.4885945,0,0,0,0,0,0.2199993,0.6548378,0,0,0,0,0.1732654,0.4627594,0,0,0,0,0,0,0.0282655,0,0,0,0.03919987,0.198179,0,0.9593289,0,0,0,0,0.0242924,0.04862237,0,0,0,0.005605713,0,0.3930773,0,0,0,0,0,0,0.1027019,0,0,0.07584464,0,0,0,0.2896301,0,0,0.09360696,0.0324291,0,0,0,0.1145942,0.4158148,0,0.3141789,0,0,0.2373249,0,0,0.2215575,0.04978473,0.009984815,0.5573404,0.3774117,0,0,0,0.2246097,0.5004483,0.09422184,0,0.1370631,0,0,0.04198211,0.4842697,0.3518843,0,0,0,0,0,0.2483206,0,0,0,0,0.0771801,0,0,0,0,0,0,0.407451,0,0,0,0,0,0.07017546,0,0,0,0.005651918,0,0,0,0.5215435,0.5537851,0.1709856,0,0,0.02171257,0,0.6537802,0.41823,0.07590143,0.009550557,0.3276608,0,0,0.819295,0.294753,0,0,0.1180422,0.1334785,0,0,0.2606773,0.1294146,0,0.3815334,0.05709845,0,0.5418616,0,0,0,0.05622291,0,0,0,0.04545354,0,0,0.2472474,0,0.1937575,0,0.4299369,0,0,0,0.3158755,0,0.3324016,0,0,0,0.6968915,0.5376862,0.02458682,0.3064237,0,0.2364054,0,0,0,0,0,0,0,0,0,0.1281279,0,0,0.05182521,0,0.1889054,0,0.4748114,0.2932368,0,0.2652535,0.05572056,0,0,0.003074287,0.4898134,0.1382651,0,0,0,0,0,0.3239417,0,0.4917396,0,0.05554787,0,0.3102222,0,0,0,0.01257066,0,0,0.2032558,0.5341505,0,0.773737,0,0.6439555,0,0,0,0,0,0,0,0.576919,0,0,0,0.3596026,0,0,0,0,0,0,0.1929923,0,0.1312599,0.1345745,0,0,0,0,0,0,0.389275,0,0,0,0,0,0,0,0,0.02768631,0,0,0,0,0,0.08323492,0,0.1528427,0.03905136,0.1298545,0,0,0,0,0,0,0.1366989,0,0,0,0,0,0.01138235,0.5582355,0.1030765,0.09205506,0.306794,0,0,0,0,0.2833524,0,0,0,0.1569838,0.01585674,0.305214,0.04675718,0,0.4852392,0,0.05740356,0.3248209,0,0,0,0.4154353,0,0,0,0.362336,0.4186586,1.316242,0,0,0,0,0.3694686,0,0,0,0,0,0,0.434407,0.4517837,0.6261283,0,0.786153,0,0,0.2982583,0,0,0,0.03136838,0,0.2029977,0,0,0,0,0,0,0.5485433,0,0,0,0,0,0.502048,0.04174072,0.2801282,0,0.7444021,1.183756,0.7383673,0,0.2795566,0,0.6338688,0.2332004,0.2187182,0,0,0,0.1501677,0,0,0,0.2732885,0,0.1301026,0,0,0,0,0.9906569,0,0,0,0,0,0,0,0,0.1842041,0.8981504,0,0.3239151,0.0130781,0,0,0.3267066,
0,0.8537033,0,0,0,0,0.09831925,0,0.2641195,0,0,0.3986388,0.5181011,0.1874835,0,0.5619543,0,0.06565416,0,0.0002436185,0.2802074,0,0,0,0,0,0,0,0.3991936,0,0,0,0,0,0.2061003,0,0.9137747,0,0.2731264,0.29362,0,0.1214074,0.1601289,0,0.3730038,0.4232782,0,0,0,0.008824964,0.1965188,1.202378,0,0.3479008,0,0.1707936,0.3546533,0.1167107,0.4519464,0.1444567,0.1466389,0.1433076,0.1778402,0.1388768,1.916627,3.670679,4.409979,6.257578,7.191526,12.79864,14.57726,17.46815,16.15454,13.44722,14.21125,15.47212,4.996135,0,0,0,0.1020742,0.603508,0,0,0,0,0,0,0,0,0,0.4437922,0.06395725,0,0.2727966,0,0,0.171188,0.2111495,0.4439639,0,0,0,0.2613221,0,0.03229937,0,0,0,0,0,0,0,0,0.5558504,0,0,0,0.6864249,0.1755618,0,0,0,0.1417975,0,0,0,0.1339452,0,0.1830473,0,0,0,0.2636802,0,0,0,0,0.04275366,0,0.2462919,0.5193093,0.2776267,0.1910106,0.1932742,0.2452133,0,0,0,0,0,0,0,0,0,0.120272,0,0,0.6943474,0,0,0.2482643,0,0.2467617,0,0.0007456427,0,0.07641274,0.05986169,0.1137788,0,0.1909894,0.2041813,0.1355676,0,0,0,0,0.810696,0.170241,0.6549053,0,0.1377461,0,0,0,0,0,0,0,0.03333097,0,0,0,0.5427737,0,0,0,0.1833842,0,0,0,0.09169964,0.220221,0,0,0,0,0.03684868,0,0.2814457,0.7707146,0.2393869,0,0.1353872,0.3363622,0.1195522,0,0.494383,0,0,0,0,0,0,0,0.2575975,0.2494114,0.0446192,0,0,0,0,0.04891284,0,0.07930357,0,0,0.4069202,0,0.2415849,0.4472193,0,0.3696171,0,0.827159,0,0.0556931,0.181352,0,0,0,0.0300403,0,0,0,0,0,0,0,0.2867712,0,0.06036185,0.2557276,0,0,0,0,0.01961953,0.06180641,0.4588605,0,0,0,0,0,0.08232335,0,0,0.608471,0,0.3463487,0,0.002738385,0,0,0,0,0,0,0,0.2065834,0,0,0,0.05525421,0.06285182,0.04757744,0,0,0.1863904,0.3784284,0.1957421,0.4003389,0.2519759,0,0.5359465,0,0,0,0,0.1589408,0,0,0,0,0,0.2882233,0.09601216,0,0.5304563,0,0,0.6748011,0,0,0.005909798,0,0,0,0.1741617,0.03615636,0,0,0,0,0,0,0,0.2397842,0.1671811,0,0,0,0,0,0,0.795378,0.3725398,0.1143873,0,0,0,0.2278843,0.0714535,0.4142881,0,0,0,0,0.04236289,0,0,0.0112559,0,0.001313379,0.5007293,0,0,0.249093,0.3598847,0.458494,1.264335,0.0192984,0,0.1140951,0.2714812,0,0,0,0,0.1211248,0,0,0.1743797,0.2648281,0,0,0.3319344,0,0,0.2859227,0,0.1286772,0.171931,0,0.2062623,0,0,0,0,0.3515623,0,0,0.1707815,0,0.02463327,0.02102154,0.150203,0,0.2401854,0,0,0,0.1555943,0.5401185,0.3279394,0,0,0,0.05301683,0,0.6433475,0,0.1392941,0,0,0.08187126,0.04343819,0,0,0,0.1214467,0.3716781,0,0,0,0,0.3163641,0,0.2832426,0.8149217,0.02454032,0,0,0,0,0.09449764,0,0.3394072,0,0.38086,0,0.8335667,0,0,0,0.001998961,0,0,0,0,0,0,0.4103996,0.2771545,0.5861375,0.2421038,0,0,0.1505634,0,0,0,0,0,0.2217112,0,0.133017,0,0.1779764,0,0,0,0,0,0,0,0,0.03788426,0.2359126,0,0.08493602,0.1429556,0,0,0,0,0,0.4428503,0,0.1554126,0,0,0,0.2974915,0,0,0.2491737,0,0.165098,0,0.3053657,0,0,0,0.05614162,0.0014017,0,0.2435409,0.972617,0.5626696,0.03010768,0,0,0,0,0.3808482,0,0,0,0,0,0.09030816,0.7855902,0,0.02648958,0.05497597,0,0.4591355,0.265495,0.3730311,0.314091,0,0,0,0,0,0,0,0,0.6054706,0,0,0.3315496,0,0,0.2893812,0.1058884,0.04999972,0,0.01996934,0.4618297,0.07328569,0.2642742,0.08718416,0.01353269,0,0,0,
0,0.0474057,0.1398304,0,0,0.2677996,0,0,0,0,0,0,0.1624248,0,0,0.2751901,0.3215549,0.3297616,0,0,0.1546159,0,0.6276081,0.006549656,0,0.2194071,0.2580279,0.5923414,0,0,0,0,0.07730202,0.5098799,0,0.07083456,0,0,0.2472013,0,0,0.2948287,0.08191933,0.09507252,0.1276044,0,0,0.3007654,0.482467,0.3560536,0,0.2227038,0.0925284,0,0.6481187,0,0.1532325,0.4676379,0.08875699,0.538473,0,0.01254109,0.4299172,0.006268776,0,0.5041045,1.58789,0.1617882,0.9660313,3.297108,0.6579933,12.20222,15.98456,17.31697,15.00098,17.07618,1.598133,0,0,0.09386333,0,0,0,0,0.4744491,0.2016722,0,0,0.05691517,0,0.05533214,0,0,0,0,0,0,0,0,0.06566554,0.1289963,0.312056,0,0,0,0,0,0,0.1257261,0,0,0,0.1460816,0,0,0,0.3901584,0.1579336,0,0,0,0,0,0,0.2062587,0.2325539,0,0.05960742,0.110661,0,0,0,0,0.3469937,0,0.3123461,0.3347496,0,0,0,0.543467,0.9459296,0,0.02476489,0,0,0.1825088,0,0,0,0,0.1067185,0.1360414,0,0,0.04244841,0,0,0,0,0,0,0,0,0,0,0,0.06247808,0,0,0,0,0,0.2155501,0.07247073,0,0,0,0.1950854,0,0,0,0.351864,0,0,0,0.3782162,0,0.3691111,0.3080342,0,0.009719866,0,0.0983799,0.08511731,0,0.08531748,0,1.097692,0,0.1968375,0,0.1970358,0.5141563,0,0.03391639,0,0,0.1397599,0.5031368,0,0,1.045898,0,0,0.6856424,0,0,0.6914212,0,0,0,0.1021087,0.3191001,0.2761824,0,0.0197663,0,0,0.2327175,0.110387,0,0.2024213,0,0.07499377,0,0,0.05910329,0.0423251,0.05032712,0.4777175,0.3336711,0.1583882,0,0,0,0.02958325,0,0.1306896,0,0,0,0,0,0,0.2943121,0,0,0,0.1296839,0,0,0.088103,0.1122402,0,0,0,0.06520039,0.3888263,0,0.1109079,0,0.1930736,0,0.4001723,0,0,0.1282611,0.03350255,0.4628094,0,0,0.1763596,0.180204,0,0,0.1171497,0,0,0.2374881,0,0,0,0,0,0,0,0,0.1560264,0,0.323508,0,0.09253883,0,0,0,0,0,0,0,0,0.07183721,0.3488406,0,0.2197173,0,0,0,0.3381381,0,0.9518155,0,0.3037843,0,0.622561,0.4580999,0,0,0,0,0,0,0,0.2812082,0,1.19152,0.4344063,0,0,0,0.1623054,0.1356533,0,0.05862902,0,0,0.03010439,0.307425,0,0.2283764,0,0.08098973,0.3338403,0,0.3452088,0,0.2404492,0,0.01961045,0,0,0,0,0.2206623,0.2360029,0,0,0,0,0.2866748,0.06955095,0,0,0,0.5243237,0.3016571,0,0,0,0.1129236,0,0,0,0,0,0.2743085,0,0,0.389076,0.1228273,0,0,0,0.2694177,0,0,0.05268161,0.182645,0.06460816,0,0,0.2456549,0,0.2247563,0.143272,0,0,0.03505547,0,0,0,0.3592015,0,0.7257493,0,0,0.8277645,0.08996809,0.1187307,0,0.4024612,0,0,0.5281386,0,0.0583986,0.1885545,0.5858734,0,0,0,0,0,0.5159764,0.2797309,1.040943,0,0,0.3868324,0.070345,0,0,0,0,0.04194519,0,0.0469404,0,0.08583717,0,0,0.04583486,0.1185355,0,0,0,0.1611411,0,0,0,0,0,0.1963189,0.3315478,0.3660904,0,0,0.089978,0.8005502,0,0,0,0,0,0,0,0,0,0.3413434,0.1925992,0.2067368,0.01569738,0,0,0,0,0.1557998,0.1739743,0.1810778,0.236918,0,0,0,0.7277631,0,0,0,0,0.3603647,0.7575585,0,0,0,0,0,0,0,0,0,0.5015645,0,0,0,0.0539859,0,0.5676408,0.04212809,0,0,0.4144871,0,0,0.1210649,0.5991273,0.002756986,0.05573319,0.3044837,0,0,0,0,0.1687945,0,0,0.2562205,0.127551,0.09478422,0,0.0001453052,0,0,0,0,0,0.6392856,0,0,0,0.07699969,0.2170233,0,0,0.1244446,0.2887334,0,0,0,0.7506893,0,0,0,0.1271669,0,0,0,0,0.002929028,0.189656,0,0.4037822,
0.3524259,1.207597,0,0,0.3864411,0,0.251314,0,0,0,0.2844982,0.1239447,0.4205117,0.3741271,0,0.0613411,0.5684466,0.3152762,0.1207126,0.3477401,0,0,0.3377528,0,0,0,0.537896,0,0.04856517,0,0,0,0,0,0.3726375,0,0.5874708,0,0,0.3774941,0.1870354,0,0.3037854,0.3828505,0.7176001,0,0,1.358972,0.2555601,0,0.03248511,0.1925902,0,0,0.7538394,0,0,0.4054678,0.2153102,0,0,0,0.06009014,0.4393262,0,0,0,0.5661135,0,0.1421357,0.2613965,1.71058,6.928604,12.94304,8.974122,9.989582,0.5534952,0,0,0,0,0,0,0,0,0.201963,0,0.087909,0,0,0.5450669,0.5642253,0,0.2063755,0.1275826,0,0,0,0.6535122,0,0,0.2581611,0.4944203,0.06477934,0,0,0,0.1376985,0.2869145,0,0.1507555,0,0,0,0,0,0,0,0,0.08725435,0,0.1407427,0.5040091,0,1.004311,0,0.9341086,0,0,0,0,0,0,0.119638,0.331219,0,0.2332983,0,0,0,0,0,0,0,0,0,0,0,0,0,0,0.2927246,0,0,0,0,0,0,0.353491,0,0.3397977,0,0,0,0.1591418,0,0.3719322,0.6432406,0.03388394,0,0,0,0.3973099,0,0,0,0.2008229,0,0.04341132,0,0.01100552,0,0,0,0,0.1074834,0,0.01146473,0,0,0,0,0,0,0,0,0,0.0248931,0.1989008,0,0.1614515,0.1975366,0.5175762,0,0.06743916,0,0,0,0.02578889,0,0,0.1864324,0.528946,0.1255192,0,0,0,0.2902116,0.3017594,0,0.5065289,0.1637767,0.1403999,0,0,0,0.236297,0,0.2390547,0.302834,0,0,0,0,0.3488278,0,0,0,0,0,0,0.305631,0.5831087,0,0.09906017,0.09551964,0,0,0,0,0,0.3823111,0,0,0.3152025,0.1812389,0.005171383,0,0.2667568,0,0,0,0,0.1826134,0,0,0.06746265,0.1574573,0.4027077,0.2060552,0,0,0.05671908,0,0,0,0,0,1.023621,0.4004438,0,0.638159,0,0,1.052647,0,0,0,0,0,0,0,0,0,0,0,0.4595542,0,0.1079443,0.2687518,0,0.2719788,0.3468413,0.1394923,0,0,0.2046271,0,0,0,0.2611844,0,0,0,0,0,0.2115044,0,0.0689419,0,0,0,0.6774142,0.3076279,0,0.1016601,0,0,0,0,0.1678421,0,0,0,0,0,0.04002812,0,0.1081617,0,0,0.04051464,0,0,0,0.1304385,0.4618301,0.0306365,0.1052241,0,0,0,0.2444105,0.4981373,0,0,0,0,0,0.05991548,0.03719366,0,0.05241415,0,0.8425665,0,0,0,0,0,0.01335132,0.04155881,0.009732848,0,0,0.1632434,0.2031399,0,0,0,0.08725897,0,0,0,0.2551574,0,0.9581597,0,0,0.4702983,0.3625771,0.04790333,0,0,0.5024538,0,0.1190835,0,0,0,0,0.2228179,0,0,0.4033083,0.008958628,0,0.6737379,0.08426473,0,0.2504782,0.04164052,0.6232814,0.3815421,0,0.1181994,0.1708071,0.1601407,0,0.03229915,0.03992505,0,0,0,0,0,0.1002909,0,0.3288644,0.008196026,0,0,0.424,0,0.08422194,0,0,0,0,0,0.1160013,0,0.7800044,0,0.5858554,0,0,0,0,0,0,0,0,0,0,0,0.1640591,0.01008049,0.2126543,0.2466774,0,0,0,0,0.000650309,0.155003,0,0,0.2396035,0,0,0.5737689,0,0.405095,0,0,0,0.5611078,0,0,0,0,0,0.28655,0,0,0.1601341,0.5312468,0,0,0,0,0,0,0,0,0,0,0,0,0,0,0,0,0,0,0.249102,0,0.1190454,0.6173067,0,0,0,0.3490028,0,0,0,0,0,0.3139167,0,0,0,0,0,0,0.07868649,0,0,0,0.251092,0,0,0,0,0,0,0.6573619,0.1326531,0.4266152,0.1955335,0,0,0.5520077,0,0.2475817,0,0,0.2783234,0,0,0,0,0.3678084,0.02124888,0.2213407,0,0,0,0,0.05574032,0.03910115,0,0.101066,0,0.1915949,0,0,0,0,
0.04666303,0,0.3791558,0.1393386,0,0.39168,0,0,0.1781529,0.6209773,0,0,0,0,0,0.1787769,0.9828895,0.3841974,0.08399656,0.1657073,0,0.06569842,0.1641374,0,0,0,0.2315785,0,0,0,0.5328676,0,0.4284277,0,0,0.245779,0,0,1.185206,0.6593912,0,0.4782251,0.6865556,0.02810422,0.08699366,0,0.158179,0.0001066958,0,0.5984631,0.3491366,0.3671567,0.5829893,0.0300745,0,0,0,0,0,0,0.3648702,0,0.5327235,0.3614538,0.368321,0,0,0,0.2223334,0.3253335,0.3147076,1.135765,0.2194703,3.199469,0,0.3455898,0.8730074,0,0,0.2157899,0,0.3348326,0,0.5580828,0.5695053,0.1522799,0,0,0,0.2014404,0,0,0,0,0,0,0.02085223,0,0.706974,0,0,0,0.005134184,0.1991863,0.4160686,0,0.08811819,0,0.3478326,0,0,0,0,0,0,0,0,0.1489253,0,0,0,0.05142139,0,0,0.1431456,0,0.09281138,0.1055959,0,0,0,0,0,0.04048497,0.3004341,0,0.9370341,0,0.4771085,0,0,0.1446876,0.3343875,0,0.02255428,0,0,0,0.2596107,0,0,0,0,0,0.111754,0.4248007,0,0,0,0,0,0,0,0.1257522,0.08543223,0,1.207158,0.2135668,0.2003535,0.2363569,0.2067532,0,0,0,0.05485851,0,0,0,0,0.4331531,0.4223111,0,0,0,0.2883448,0,0,0,0.1758055,0,0,0.05992734,0,0.001054501,0.8309227,0,0,0,0.05814254,0,0,0.1367768,0,0.04898358,0,0,0.3648816,0.1754017,0,0,0.256626,0,0,0,0,0.1329654,0,0,0.3067964,0.02324562,0.1749398,0.6905158,0,0,0,0.08885776,0,0,0,0,0,0,0.1406586,0.07806259,0.1699303,0,0,0,0,0,0,0,0.05739346,0,0,0.117066,0.129999,0,0.07601597,0.2946714,0.3878547,0,0,0,0,0,0,0,0,0,0,0.3263879,0,0.3710091,0.2470474,0,0,0.1076985,0,0.1690367,0.1830865,0,0,0,0,0,0,0,0.4288168,0.1470774,0,0.2521522,0,0,0,0.1166142,0,0,0,0,0,0,0.5594689,0,0,0.009063935,0,0,0,0.2601914,0,0,0,0,0,0.2540908,0,0.05481801,0,0.1095439,0,0.03188029,0,0.2911695,0,0,0,0.3815641,0.2962829,0,0,0,0,0,0.3453805,0,0.05855536,0,0,0,0,0.5082155,0.2658961,0.858219,0,0,0,0.7109048,0.202406,0,0,0.06538758,0,0.7347572,0,0,0,0.002644148,0.1230188,0,0.4348372,0.3445466,0,0,0,0.2670615,0,0.08379339,0.1362522,0.2944984,0.4158438,0,0,0,0,0,0,0,0,0,0,0.1506306,0,0,0.3549272,0,0,0,0,0,0.009513281,0,0,0.03680528,0.1457992,0,0,0.4592376,0.09226824,0.385574,0.07464436,0,0,0,0,0,0.4579219,0,0,1.165327,0.08762983,0.2195074,0,0,0,0,0.3552906,0,0,0.04249135,0,0,0,0,0,0,0,0,0.1886122,0,0,0.1496445,0,0,0,0,0.1354752,0.05906378,0,0,0,0.2047418,0,0,0.3286189,0,0.3550977,0,0,0.4895643,0,0.02537399,0.2208798,0,0,0.2357991,0.04625396,0.6210161,0,0.1340815,0.06172248,0.4257613,0,0,0,0.07546402,0,0,0.663632,0,0,0,0.1527204,0,0,0,0.06712671,0,0.4745256,0,0,0.09558013,0,0,0,0.2007382,0,0,0.2214295,0,0.2062465,0,0.1523152,0,0.6511878,0,0.3518912,0.2063873,0,0,0,0.1159346,0,0.1833274,0.02302649,0,0,0,0,0.4414414,0.3050447,0.1107206,0.4306445,0.2678112,0.05419497,0,0,0,0,0.4439449,0.3499646,0,0.007218782,0,0.5106689,0,0.3392515,0,0.2345134,0.6610016,0.04561783,0.3408844,0,1.162332,0.5013399,0,0,0,0,0,0,0,0,0,0.6427541,0,0,0.3337946,0.5663756,0,0,0.04874863,0,0.18749,0,0,0,0.06726459,0,0.06212602,0,0.2096358,1.035298,0,0,0,0.23568,0,0.09096791,0.1763941,0,0.1458251,0,0.2238852,0,0.2336246,0,0.1345096,0.1379456,0.20628,
0.08842688,0,0.1127259,0,0,0,0,0,0,0,0,0,0,0,0.09071448,0,0,0,0,0,1.121331,0.3630583,0,0,0.8484876,0.02451988,0.1320891,0,0,0,0.4930571,0.7427764,0.3798019,0,0,0.02867352,0,0.05223699,0,1.125292,0,0,0,0,0.3526059,0.0257645,0,0.2064743,0.3079418,0.1463122,0.9135175,1.68622,0.1803664,0,0,0,0.6163536,0.4965713,0,0,0.2807951,0,0,0.5244511,0.1003574,0,0,0.9626222,0.4096089,0.1404852,0,0.2497696,0.2493341,0,0,0,0.6508319,0,0,0,0,0,0,0,0,0,0.184609,0,0.4060798,0,0.2603063,0.1585744,0,0,0,0.2291653,0.02589764,0,0,0.3989633,0,0,0,0,0.1787869,0,0,0,0,0.5440431,0,0,0,0,0,0.1114105,0.1103622,0,0,0,0,0,0,0.2075702,0,0.2121326,0,0.471453,0.572993,0,0,0,0,0,0.4466644,0.3075569,0,0,0,0,0,0,0.2195177,0,0,0.1583205,0,0,0.1920721,0,0,0,0.1240917,0.2594753,0.17335,0.326599,0,0,0,0,0,0.138922,0,0.4208339,0,0,0.5834121,0,0,0,0,0,0,0,0.1772405,0,0,0,0,0.4184493,0.03371146,0.2840788,0.9605283,0.5422156,0,0,0.3139264,0,0,0,0.4029506,0.01224791,0,0,0,0,0.218561,0,0,0,0,0.4410842,0,0,0,0,0.2175923,0.3394661,0.4513791,0,0,0.2451675,0,0,0.6453805,0,0,0,0.1709056,0,0.1598177,0,0,0,0,0.3054338,0,0.2120301,0,0.2931789,0.1278593,0,0,0.1400151,0.8445546,0,0,0.2475679,0,0,0,0.05059649,0,0,0,0,0,0,0.6930996,0,0,0.2149066,0,0,0.7578605,0.5372473,0.1409481,0.07749229,0,0.5541998,0.4542851,0,0.1704183,0,0,0,0.1505277,0.004836416,0.3637725,0,0,0,0,0,0,0,0,0.2891222,0,0,0.9057831,0,0,0,0.1474122,0.2414261,0,1.06904,0,0,0,0,0.1333565,0,0.1173815,0.1675276,0.1099444,0.05649585,0.08509032,0.1901081,0.9091142,0.3713749,0,0,0.001948731,0.2969459,0.02704203,0.1600255,0,0.3465889,0,0,0,0.3413017,0,0,0.6618636,0,0,0,0,0,0,0.1776744,0.2902392,0.01501856,0,0,0,0.008836876,0.360106,0,0,0.3741429,0.2117873,0.3757381,0,0.1605599,0,0.2006439,0.4375975,0,0,0,0.1778136,0.5463265,0,0,0,0.5262882,0.7271914,0.8484316,0,0.557274,0.108411,0,0.920355,0,0,0.2001287,0.5564247,0,0,0,0.3100425,0,0.06667682,0.759207,0,0.01500994,0.1581659,0,0,0,0,0,0,0.2495591,0,0,0.3373984,0,0,0,0,0,0,0,0,0,0.4009363,0,0,0,0,0,0,0,0,0.06612426,0.158412,0,0,0,0,0,0,0.350723,0.02328088,0.0490419,0.09331048,0,0.02977913,0.1521478,0,0,0,0,0.3560978,0,0,0,0,0,0,0,0.1845257,0.1767299,0.5346096,1.294792,0.4835416,0.102819,0.8339227,0.32065,0.266941,0,0,0,0,0,0,0,0,0,0.1374386,0,0,0,0,0.7864066,0.3899264,0,0,0.6589493,0.6701257,0.2418797,0,0.6161595,0,0,0,0.5136057,0.1599056,0.1736262,0,0,0,0.5231715,0.4030427,0,0,0,0,0,0,0.6078712,0,0.9303107,0,0,0.265373,0.2703237,0,0,0,0.9548159,0.2732677,0,0,0.07037199,0.1673565,0,0.08980472,0.244836,0,0,0.8153598,0,0.1085382,0,0,0,0,0,0,0,0.1654188,0,0.01833866,0,0,0.1599614,0.3700954,0,0,0,0,0,0,0.4809366,0.05841656,0.01257815,0.3986756,0,0,0.7138749,0,0,0,0.2927196,0.01866452,0,0,0.0711486,0,0,0,0,0.2036286,0,0.2576022,0,0.01121905,0.01651299,0,0,0,0,0,0.5361752,0.1447163,0,0,0,0.7515176,0.3536696,0,0,0.4806532,0,0,0,0,0.215983,0,0,0.1150822,0,0.04384453,0,
0.02063001,0,0,0,0.4714085,0.2072719,0.188186,0,0,0.1684302,0.6157432,0,0,0,0.3587195,0.09995452,0.2243023,0,0,0.5607203,0.07425875,0.554356,0,0,0,0,0,0,0.1022959,0,0,0.4454527,0.07068785,0,0,0.2079226,0.03576382,0.3649279,0,0,0,0.3968832,0,0,0,0,0,0.09516515,0.4862073,0.008201377,0,0.5098955,0,0.5030679,0.005672494,0.1113305,0,0.3047029,0.01551239,0,0.6843428,0,0,0.5834851,0,0,0.516138,0.2275829,0,0,0,0.3730941,0,0.2817107,0.2146613,0.04408598,1.006504,0.3715451,0,0,0.4644154,0,0,0,0,0.08015871,0.1969233,0.1394962,0,0.09420104,0.1116876,0,0,0,0.3021353,0.7681274,0,0,0.09832038,0,0,0,0,0,0,0.2711909,0.05059708,0.2703654,0,0,0,0,0,0,0.1671754,0.325657,0,0,0,0,0,0.06582271,0,0,0,0.3470034,0,0,0.4689527,0,0,0.163829,0.5130901,0.6889216,0,0.5682674,0,0,0.3402497,0,0,0,0,0.7744612,0.329196,0.2400215,0.09773682,0,0,0,0.1353362,0,0,0,0.001657142,0.02035523,0.399327,0,0,0,0,0,0,0.07315522,0,0,0,0,0,0.4561471,0,0,0.1313519,0.1300723,0,0,0.5174363,0.112777,0,0.4264155,0,0.3156333,0.06625132,0.1833117,0.5874356,0,0,0.8338461,0.4895537,0,1.250875,0.03629694,0,0.08094123,0,0,0,0,0,0.3515057,0,0.09351033,0.165178,0,0,0.006574122,0.5090194,0.02150799,0,0,0.2473661,0.2156015,0,0,0,0,0,0,0,0,0,0.007534106,0.2189936,0,0.1403716,0,0.008583835,0.7586595,0,0,0,0.03325002,0.4352447,0.1073734,0,0.1456554,0,0,0.04110241,0.3997124,0,0.2396149,0,0,0.2823701,0,0,0.3028161,0.1880032,0,0,0.1118636,0,0,1.119909,0.1125726,0.2221313,0,0.2633487,0.04251248,0,0,0,0,0,0,0.5818544,0,0,0.2280613,0,0,0.08012088,0,0.1110082,0,0,0.5632044,0,0,0.2138413,0,0,0.02836125,0,0.2550586,0,0,0,0.05134397,0.7789682,0.6221493,0.01161638,0,0,0,0,0,0,0.2968738,0.1960787,0,0,0.4284762,0.03297152,0.203114,0,0,0,0.3472537,0.2179253,0.4469367,0,0,0,0,0,0,0,0,0,0,0,0,0,0,0,0.6143705,0,0.9069641,0,0.1613083,0,0,0.06513861,0,0,0.3277927,0,0,0,0,0.1317209,0,0,0,0,0,0,0,0,0,0,0,0.8350446,0,0,0.3022373,0,0,0.002043573,0,0.5942109,0.2678375,0,0.08770086,0.511391,0,0.2012072,0,0,0,0.3508551,0.1383151,0,0,0.8419415,0.172068,0,0,0,0,0,0,0,0,0.1351014,0.02571122,0,0,0,0.4221347,0,0,0.3008623,0,0.4019646,0,0.04400331,0,0.0201046,0,0,0,0.3101259,0.2722425,0,0,0.1777552,0.2434721,0,0,0,0,0.2982622,0.4135809,0.1887736,0.3542,0,0.08616319,0,0.3265427,0,0,0,0,0,0.2482026,0,0.02257556,0.2053683,0,0,0,0.5975251,0.531262,0,0,0.2148841,0.2421418,0,0,0,0,0.4063784,0.1175014,0,0,0,0.4004298,0,0,0,0,0,0.4904319,0,0.4356641,0,0.324892,0.1545963,0.1431674,0,0.2648809,0,0,0.02839318,0,0,0.1870713,0.4390832,0,0,0.1919358,0.4173355,0,0.4472122,0,0,0,0.5134296,0,0.6904669,0.3281368,0.06778865,0.1211806,0.4148583,0.7716873,0,0.008270469,0.03138651,0,0.5003398,0,0.01201592,0,0.2089185,0,0,0,0,0.1072532,0,0,0.7033258,0,0,0,0.3688837,0,0.2329054,0,0.2291955,0,0.4599727,0.5048973,0.1699486,0,0.1386048,0,0.2383437,0,0.05293994,0,0,0,0.09682813,0,0,0.001210193,0,0,0,0,0,0.2495617,0,0,0.1443471,0,0,0,0.08104079,0.03651557,0,0.0353796,0,0,0.142855,0.1102059,0,0.3804822,0,0.3114795,0.2671486,0.15374,0,0,0,0.2483917,0,0,0,0,0,0,0,0,0,0.02225824,
0,0.6114966,0,0,0,0,0,0,0.2027616,0,0.00288551,0,0,0.1356264,0,0.1384884,0.5193706,0,0.07646058,0.1239457,0.174938,0.2897595,0.3019334,0,0.2005775,0.4909651,0.3610525,0.01343403,0.3654895,0,0,0.3354766,0.5123563,0,0.06929166,0.3075231,0.1329577,0.6218548,0.2105971,0.2340724,0.2896489,0.4807011,0,0.6336109,0,0.04823846,0.4599368,1.01531,0,0.4902149,0.5814365,0,0.3051785,0,0,0.3937171,0.5712415,0.6870317,0.2623858,0.566189,0.6541516,0.6745968,0.4482737,0.001202363,0,0.1084373,0.1216925,0,0.5552027,0.08967392,0,0.03546958,0.4931298,0.7498874,0,0,0.1472931,0,0,0.09389962,0,0,0,0,0,0.4258187,0,0,0.1988258,0,0,0,0,0.103555,0.301649,0.2621178,0.5166783,0,0,0,0.3198059,0,0,0,0,0,0.3410297,0.609886,0.1275984,0,0.1389837,0.1111725,0.03853888,0.01479596,0.08402384,0,0,0.0352484,0,0,0,0.3705525,0.119974,0.0143751,0,0,0.3165542,0,0,0,0,0,0,0,0,0.1667187,0.332742,0,0,0.6321116,0,0,0.1826202,0.1971483,0,0,0.1175978,0,0,0,0.02090455,0,0.1010377,0,0,0,0,0,0,0,0,0.5771099,0,0.1255917,0,0.3107236,0.7772032,0.1253426,0,0.2019005,0,0,0,0.1625763,0,0,0.3414835,0,0,0.3663183,0,0,0,0.09408948,0,0,0,0,0.2850021,0,0,0,0.2772937,0,0,0.05595384,0,0.1655423,0.0910987,0,0.7336192,0,0.02223215,0,0.0687683,0,0,0,0.004706829,0.3525109,0.223586,0.5611368,0,0,0,0,0.3159302,0.3710719,0.8812128,0.04122204,0,0,0.4330477,0,0,0,0,0,0,0.1696474,0,0,0.01457859,0,0.026112,0.4192582,0.3548612,0,0,0,0.3785791,0.460925,0.1692599,0.08577067,0.1947322,0.04256174,0.4697402,0,0,0.08814147,0.2318941,0,0,0,0.5205171,0,0,0,0,0,0.1773478,0,0,0,0.07062566,0.934764,0.1726149,0,0,0.06628083,0,0.3656256,0,0.1730471,0.2864331,0,0,0,0,0,0,0.1334362,0,0.09503269,0.1053954,0,0,0,0.7885945,0,0.04765723,0,0,0.05661343,0,0.2619954,0,0.3446372,0,0,0,0,0,0,0.2269554,0,0,0.1608014,0,0.4125318,0.008286473,0,0.7526386,0,0,0.3097357,0,0.4743719,0,0,0,0.3190578,0,0.1046461,0,0.1418961,0,0,0,0,0,0.1067062,0.7072051,0.3594843,0.00925599,0.1715677,0,0.2432247,0.2846944,0,0,0,0,0,0,0,0,0.6779608,0,0,0,0.504782,0,0,0,0.1897635,0,0.4813014,0.02299687,0,0,0,0.5038809,0,0,0.4757627,0.2073165,0,0.3709684,0,0.4734927,0,0.3860351,0.3344067,0.1542212,0,0,0.6248481,0.427844,0.07237641,0,0,0,0,0.02447246,0.7293804,0.2703643,0.01481413,0,0,0,0,0.2317117,0,0,0,0,0.2122552,0,0,0,0,0.8193243,0.3877122,0.6099868,0,0.01975127,0.3029987,0.3658296,0,0.1117128,0,0,0,0,0,0.1503021,0,0,0,0,0,0.6637344,0,0,0,0.07657024,0,0,0,0,0,0.1376107,0,0.368689,0.2115521,0,0,0,0.1263517,0,0,0,0,0,0,0,0,0.1667641,0,0,0,0,0,0,0,0.03817699,0,0.330254,0.4324676,0,0.4707769,0.2392717,0,0,0.1662388,0,0,0,0,0,0.2028567,0.02999961,0,0,0,0,0.2149876,0.3607572,0.2086408,0.1126234,0,0,0.2130134,0,0.1145817,0.04629797,0,0.09034056,0.2861825,0,0,0,0,0.2124453,0.1143487,0.4342952,0.2449759,0,0,0,0.5770287,0.2631585,0,0,0.3626479,0.1827857,0,0,0.8919138,0,0.07819243,0,0,0,0,0,0,0,0.4553828,0.262473,0,0.2023241,0,0.1963854,0,0,0.03061207,0,0,0,0,0,0.5080844,0,0.2226841,0,0.3216808,0,0,0,0.1020558,0,0.5227183,0,0,0,0,0.2781628,0.4235114,0.09697411,0.009267014,0,0.1926744,0,0.47306,0.480279,0,0.00401037,0,0.2108142,0.3556326,0,0.08532893,0,0.04139152,0.1250019,0,0,0,
0,0,0,0.2155729,0,0,0,0,0,0.1503169,0,0,0,0,0.2156113,0.4403983,0.4900697,0.1825338,0,0.2152838,0.09641689,0.3113066,0.1796606,0.1339999,0,0,0.3292442,0.3500395,0.1517786,0,0,0.1962203,0.3543334,0.07080304,0,0.3512257,0.3411035,0,0,0.1857328,0,0,0.006954265,0.06729565,0.04239177,0.5446619,0.0003403007,0.1165157,0.1810384,0.1178606,0.3765664,0,0,0,0,0.4874331,0,0.3081647,0.1453269,0.1183318,0.530818,0,0,0.7077982,0.05568477,0.2098369,0.1847764,0.3775179,0.3270702,0.432428,0.01309366,0.1243982,0.4571917,0.9193579,0.8051319,0,0,0,0,0,0.1209009,0,0,0,0.1764835,0,0,0,0,0,0,0,0,0,0,0,0.07072628,0,0,0.9332198,0,0.7028564,0.06559158,0,0,0,0,0,0,0.1702461,0,0.3332983,0.6578491,0,0,0.05564062,0,0,0,0,0,0,0.03760693,0,0.6284183,0.2364536,0.4414665,0,0.001342498,0,0,0,0,0.03129689,0.07822184,0.07561626,0,0.994786,0,0.3422368,0.06722488,0,0,0,0,0,0.2404459,0,0.4897423,0.2781508,0,0,0.2964712,0,0.3168012,0,0,0,0.1927724,0,0.5192792,0,0.7124771,0.1250093,0.1732531,0.8260787,0,0,0.3522712,0,0,0,0,0,0,0.9674138,0,0.1041504,0.09010017,0.05090522,0,0,0,0.1886309,0,0,0,0,0,0,0.3051213,0,0.1361018,0,0.1793791,0,0,0,0,0,0.1915867,0.3375177,0.2088495,0,0,0,0.2612985,0.4895928,0,0,0.08007737,0.1837195,0,0.3787407,0,0,0,0,0,0,0,0,0,0,0,0.08953076,0,0.4582359,0,0.0220419,0.2472296,0.05790912,0.05955818,0.07281917,0,0,0.2216039,0,0,0,0,0,0,0,0,0,0,0,0,0.01056732,0.5926136,0,0,0,0,0.1472851,0,0,0.3657533,0,0,0.5479904,0,0,0,0,0.3947183,0,0.1073632,0,0,0,0,0,0,0,0,0,0,0,0,0,0,0,0,0.1059939,0.1360755,0.2968735,0,0.5918108,0,0.2040699,0,0,0,0,0,0,0,0.2161778,0.1800916,0,0,0.5155069,0,0,0,0,0,0,0,0,0.2695246,0,0,0,0.4243559,0,0,0,0,0,0,0,0.102613,0,0.1751328,0.3462511,0.1826088,0.1018894,0.1696268,0.3128639,0,0,0,0.04792451,0.01462393,0,0,0,0.1152297,0.5927169,0,0,0,0.6003147,0,0.9866329,0,0.9356704,0,0,0,0.01090381,0,0,0,0,0,0,0,0,0,0,0,0,0,0,0.1295924,0.3782806,0,0,0.1530985,0.001241233,0,0,0,0,0,0.2922119,0.3512163,0,0.7158257,0.135053,0.05575806,0,0,0.1451421,0,0,0,0,0,0,0.2334645,0.7881852,0,0.5990568,0,0.7450374,0.1583326,0,0,0.05635453,0,0,0,0.3264843,0.06586861,0,0.6853676,0.09648626,0,0,0,0,0,0,0,0,0.08557197,0,0,0.1001091,0,0,0.4578225,0,0,0,0,0,0,0.1829447,0,0,0,0,0,0,0,0,0.4488272,0,0.2024762,0,0,0.3879016,0,0,0.02376238,0,0.09244913,0,0,0.2910994,0,0.1177409,0,0.6265706,0,0.8235446,0.4465676,0,0,0,0,0.214966,0,0,0.05496566,0,0,0,0.1282799,0,0,0,0.2027944,0,0.1208648,0.2272106,0,0,0,0,0.165531,0,0,0.06953685,0.1230321,0,0.4545393,0,0.06844039,0,0.1124462,0.2151226,0,0,0,0,0,0.2854435,0.3991513,0,0.2613766,0,0,0.332267,0,0.373629,0,0,0,0.2099159,0.8220021,0,0,0,0,0,0,0,0.02643582,0,0,0,0.1223445,0.5301988,0.2936905,0,0,0.3508321,0.1374769,0,0.2329073,0.2413741,0,0,0,0,0,0,0,0,0.07251228,0.4299838,0,0.4912415,0.06047881,0.3812042,0,0,0,0,0,0,0,0.8513714,0.2165666,0,0.2209127,0.07461581,0,0,0,0,0.2440712,0.02863457,
0.4404171,0.03329376,0.006153758,0,0.02929452,0,0,0.2935517,0,0,0.3005129,0,0,0.3581797,0.3371358,0,0.1062219,0.372363,0.4695334,0.005234937,0,0,0,0,0.596716,0.1508391,0.5230096,0,0.5631932,0.438452,0,0,0,0.904481,0.2100407,0,0.3662202,0.82213,0.6811706,0.5418594,0.264328,0,0.04556886,0,0,0.2001093,0.03932003,0.4358819,0.5129004,0,0.604288,0.2971802,0,0,0.4305325,0,0,0.9024595,0,0.4542897,0.4974809,0,0.783085,0.8513225,0.7335666,0.226548,0.3765094,0,0.1370353,0.1699438,0,0.4812196,0,0.9283956,0.184014,0.3370756,0.1641328,0,0,0.08342371,0,0,0,0,0.004834233,0,0,0,0,0.09870798,0,0,0,0,0.8020141,0.1885924,0.6916584,0,0,0.2193893,0.009415695,0,0,0.03324941,0,0,0.2211428,0.2013658,0,0,0,0,0.06224856,0,0,0,0.7952965,0.2449247,0.3367862,0.1363873,0,0.3946231,0.4590803,0.1846346,0.1220655,0,0,0,0,0,0,0,0,0.5409282,0,0,0,0.1517116,0,0,0,0,0,0,0,0.07092823,0,0.03199462,0.2623944,0,0,0,0,0.1268184,0.1440217,0,0,0,0,0,0,0.05842238,0,0.1923022,0,0,0,0,0,0,0,0.03285365,0,0,0,0.3658371,0,0,0,0,0,0,0.1000561,0,0.1507448,0.3300799,0.1991488,0.256245,0,0.2595052,0,0,0.1492731,0,0,0.3396085,0,0,0,0,0,0.3002054,0.1093889,0,0,0.01549347,0.2977365,0,0,0,0.05141972,0,0.2530352,0.5282459,0.2874309,0.2856808,0,0,0.2089168,0.3380363,0.3120402,0.2271032,0,0.03752223,0,0,0,0,0.4611903,0,0.5774495,0.0009373542,0.4787807,0,0.3165169,0,0,0,0,0,0.9150683,0,0.2478607,0,0.136686,0.00239806,0.5465419,0.06593971,0.01391258,0.3383983,0.007426796,0,0,0,0,0,0,0,0.3502197,0.3134097,0,0,0,0,0.1972886,0,0,0,0.3883477,0.3182527,0,0,0,0,0,0,0,0,0,0.2069245,0.2661658,0,0,0,0.1650269,0.07668874,0.1385533,0,0,0,0,0,0,0.1297978,0,0,0.05035142,0.8137819,0,0,0,0.0201983,0.03252332,0,0.06740437,0.05657198,0,0,0.03793651,0,0,0,0,0,0,0.3076505,0,0,0,0.1621526,0,0,0,0,0.003782631,0.3776229,0,0.2741968,0.116386,0,0,0.2378123,0,0,0,0,0,0.04254684,0.3222519,0,0.03059211,0,0.2625487,0.2485016,0.1118122,0.3270361,0,0.1726499,0,0,0,0,0.2783893,0,0,0,0,0,0,0.209475,0,0,0.01144031,0,0.2020198,0.3395727,0,0,0.3472994,0,0,0.8660461,0,0.07805383,0,0,0.2434684,0,0.2428671,0.1442,0,0.4686246,0,0,0,0.1933763,0,0,0,0.4342698,0.1483534,0,0.4625652,0,0,0.1294934,0,0,0,0,0,0,0,0.229679,0,0.2717042,0.6749935,0.3683124,0,0.5492817,0,0.1866544,0.5017145,0.6023219,0,0,0.8454265,0,0.1583033,0,0,0.216425,0.01721992,0.5103078,0,0,0.1343546,0.3077115,0,0,0,0,0,0.5742918,0,0.1726215,0.4481095,0,0.01847865,0,0,0,0,0.1519577,0.5061892,0,0,0,0,0,0,0,0,0,0.172382,0.02815274,0.5933407,0,0.3039353,0,0,0.2161271,0,0,0,0,0.09181628,0.1144627,0.6344011,0,0.03716369,0,0,0,0,0,0.3218257,0,0,0,0.390669,0,0.2096812,0.4007863,0,0,0,0.8574896,0,0,0.4342664,0.1508106,0,0,0,0,0,0,0.07965899,0,0,0,0.09792025,0.03799895,0,0,0.3691392,0,0,0,0.255641,0.4863575,0,0,0.2841748,0,0,0,0.8548593,0.3201437,0,0.621641,0.8211831,0.4801032,0,0,0,0,0.1795471,0.4730754,0.1962837,0,0.8022762,0,0,0,0,0.5306684,0,0.2022581,0.102074,0,0,0.3356668,0,0.3291194,0,0,0,0,0,0,0,0,0,0.03767021,0,0.4138995,0,0,0.2379347,0,0,0,0.1278257,0.08204215,0.1836779,0,0,0,
0,0,0,0.305999,0,0,0,0,0.3014023,0.05474569,0,0,0.4312828,0.228522,0.1119081,0,0.02066301,0.006571036,0.6427296,0.1095136,0,0.5323842,0,0,0,0.3138535,0,0,0.2671674,0.1700522,0.0368662,0,0.2780646,0,0.4776301,0,0,0,0.3355676,0.05502281,0.525046,0,0,0,0,0.3253232,0,0,0.6334543,0,0.03999153,0.1622861,0.8340129,0.2545089,0.3473867,0,0.1275135,0.2973506,0.3716923,0,0.4880098,0.239372,0.1143244,1.060296,0.6352617,0,0.4461628,0.1272769,0,0.4685863,0,0,0.04296222,0,0.2851774,0,0,0,0,0.1678243,0.4236079,0.1160523,0.3580243,0,0.1676432,0,0,0.2183413,0,0,0,0.3200172,0,0,0,0,0,0,0,0.2131782,0.07297286,0.1263999,0,0,0,0,0,0.2649656,0,0,0,0,0,0,0,0,0,0,0,0,0,0.3655773,0.3862566,0,0,0.6311607,0.1597244,0,0,0.4018734,0,0,0.1765332,0,0.1992742,0,0,0.2311282,0,0,0,0.08708277,0,0.7290254,0,0,0,0,0,0,0,0,0.2104371,0,0,0,0,0,0.8666293,0,0.176859,0,0,0,0.2525463,0,0.06784255,0.1698225,0.06512205,0.4087004,0.3801244,0,0,0,0,0,0,0,0,0.1180315,0,0.4036561,0,0.2433804,0,0,0,0,0,0,0,0.2951918,1.005253,0,0.276055,0,0.4884265,0,0,0,0,0,0.2328615,0,0,0,0.1977389,0,0.122657,0,0.8025307,0,0,0.5054334,0,0.5429496,0.3075617,0.1328626,0.3356224,0.460354,0,0.1994225,0.1532551,0,0,0,0,0,0,0,0,0,0.2657726,0,0,0,0.41532,0,0.08404578,0,0.14849,0,0,0,0,0,0,0.2109751,0,0,0,0,0,0.6805849,0.2633707,0.05995444,0.06519534,0,0,0,0,0.07881194,0,0,0,0.5219798,0,0,0,0,0,0.1177298,0,0.2340963,0,0,0.3109643,0.0285193,0.6618499,0.4055353,0,0,0.01859249,0,0,0,0.2359626,0,0,0,0.1590704,0,0.006117521,0.3021354,0.04710837,0,0,0.04758804,0,0,0,0,0.200559,0.1059621,0,0.04920508,0,0,0.3779684,0.02590782,0,0,0.3995586,0.04319217,0,0,0,0,0.3757055,0,0.1903987,0,0.6897698,0,0,0,0.06455154,0.2172171,0,0,0,0.2730632,0,0,0,0.3216242,0,0.6175671,0.38091,0,0,0,0,0,0.243539,0,0,0.04282795,0.08186581,0.2148561,0.130078,0,0.1601678,0.8791004,0,0,0.1731886,0,0.1969864,0,0,0,0,0,0.1229718,0,0.2307679,0.0608895,0,0.2071165,0,0,0.02422098,0.1789548,0.008152256,0,0.002837354,0.4608699,0,0.6507928,0,0,0,0.008034537,0.2019785,0,0,0,0.100239,0,0.2923927,0.02318472,0,0,0,0.4228541,0.1208423,0.4557876,0.1247947,0,0.2204743,0,0.6205202,0.9009868,0.3842519,0.0230609,0.005381441,0.3594759,0,0,0,0.1101558,0,0,0.5095919,0,0.0141532,0,0,0.6042356,0,0.4278171,0,0,0,0,0.7055966,0,0,0.1384209,0,0,0,0,0,0,0.8272389,0.07885856,0.1188633,0,0,0,0,0,0,0,0,0,0,0,0,0,0.003473361,0,0.117728,0,0.3411078,0,0,0,0,0,0,0,0.3601552,0.09551635,0,0,0,0,0.01284304,0.4045005,0,0,0,0.6993148,0,0,0,0.4357416,0,0,0,0,0,0.2136036,0.2046271,0.6264971,0,0.5368637,0,0.03583983,0,0.3871228,0.3066005,0,0,0,0,0.02024309,0,0.0004568524,0,0.5444722,0,0,0,0,0.02132566,0.01267895,0.1739454,0.2750818,0,0,0,0,0.02498784,0,0,0.177264,0,0,0,0.4233975,0.1583028,0,0,0,0,0,0,0.1634298,0,0.4145674,0.1314691,0.1531177,0,0,0.01528147,0.2873562,0,0.5434833,0,0.4457431,0.2785088,0,0,0,0.1908615,0,0,0,0.3716276,0,0,0.09563217,0,0.2371239,0,0,0,0,0,0.1167246,0,0,0,0,0,0,
0.3992674,0.2167464,0.007203489,0.7169499,0.1038036,0,0,0.1936413,0.07324715,0,0.3471929,0.1479548,0,0.4271951,0.2861961,0,0.4019977,0,0,0,0,0.3132751,0.6061643,0,0,0,0,0.747489,0,0,0.2116016,0,0.06754342,0.0857139,0,0.5052544,0,0.4191869,0.2307694,0.6423001,0.1774054,0,0,0,0.9158329,0,0.0876531,0,0.3137058,0.06284788,0.289592,0,0,0.8300142,0,0.06296086,0,0.2328015,0.06319847,0,0,0,0.008769957,1.004113,0.2054194,0,0.8021175,0.3060722,0.05040255,0.4315478,0,0.1298667,0.07449431,0,0,0.02589565,0,0.2154032,0,0,0.5123808,0.04302114,0,0,0,0,0,0,0,0,0.1385533,0,0,0,0,0.3744247,0.6561536,0,0,1.006428,0.2232544,0,0,0,0,0.4540356,0,0.4014673,0,0,0,0.1317206,0,0,0,0,0,0.0157079,0.08900523,0.2831682,0.1209949,0,0.3479432,0.382835,0.06782851,0,0,0.2604716,0.05586084,0,1.29123,0,0.2480572,0,0,0.9917804,0.2602051,0.5883018,0,0,0,0,0.3013633,0,0,0,0.006824724,0.1384054,0.1511426,0.06424884,0.1113674,0,0,0,0,0.1074016,0,0.09314759,0,0.1123669,0,0,0,0,0,0.3818129,0.2024222,0,0.006364738,0,0,0.1077238,0,0,0,0.3345371,0,0,0,0,0,0.582337,0.3460053,0.2121527,0,0,0.1463808,0.1505667,0.01729277,0,0,0,0,0,0,0,0.1194377,0,0.2257271,0.206227,0,0.3324854,0.3716989,0,0.7063004,0.1502415,0.1774843,0.5199557,0.08999334,0.1086376,0,0.4036549,0,0.2913992,0,0.06636349,0,0.1175208,0,0,0,0.5128324,0.01118708,0,0.2356368,0.07220924,0,0,0,0.5449824,0,0.5698283,0,0,0,0.369469,0.2883671,0,0,0.01051913,0,0,0,0,0.2457113,0,0,0,0.3924362,0,0.3329106,0,0,0.7803833,0,0,0,0.3274056,0,0.3201903,0,0,0.1781886,0,0,0,0.1044219,0,0,0,0,0,0.2802289,0,0,0,0,0,0,0,0.006163613,0,0.2209276,0,0,0.05878333,0,0,0,0,0.2623502,0.1872977,0.3546198,0,0,0,0,0.5145759,0.1058837,0,0,0.7254703,0,0,0,0,0.003631684,0,0,0,0,0.2781511,0,0,0,0.5557504,0,0,0,0.183363,0,0.3053293,0,0,0,0,0,0,0.03953665,0.1097205,0.08116714,0,0,0.1807528,0.2790732,0,0.1280665,0,0.4181178,0.2027846,0,0,0,0,0,0,0.5122675,0,0,0,0,0,0,0,0.1260626,0,0.4016926,0,0,0,0,0,0.3968481,0,0,0,0,0,0,0,0.5460409,0.1332718,0,0,0,0.3126605,0.2474807,0.8872004,0.4877694,0,0,0.2771578,0.03537369,0.02448321,0,0.1023127,0,0,0,0,0,0,0.5010567,0,0,0,0,0,0.403209,0,0.04142317,0.006828178,0.1738633,0,0.1197274,0.1944985,0,0,0.07880294,0.6973743,0,0.2999259,0.03301308,0,0,0.3606284,0.1378006,0,0,0,0,0.0362056,0,0.6243932,0.9867731,0,0.2098437,0,0,0,0,0,0.1929277,0.1723361,0,0.004362026,0,0,0,0.3661347,0,0.03435289,0,0.657451,0.1736799,0.5439462,0.1271323,0,0,0,0.3835115,0,0,0.4082539,0.3024392,0,0,0,0.007022719,0,0,0,0.07807759,0,0,0,0,0,0.1942435,0.563171,0,0,0.374154,0,0,0.2273968,1.033924,0,0,0,0,0,0.363623,0,0,0,0,0,0,0,0,0,0,0,0,0,0.1962816,0.1908507,0.5785093,0.1327613,0.4232367,0,0,0.06593342,0.2856861,0.1235168,0,0,0.1392515,0.4034963,0,0,0.4240966,0.2654272,0,0.3463524,0,0,0,0,0.08806537,0,0.6200753,0.1145308,0,0.3489964,0.213947,0,0.3505937,0.07382894,0,0,0,0,0,0,0,0.02926491,0.0411642,0,0,0,0,0.3060769,0,0,0.3203447,0.03939669,0,0.1344851,0,0,0,0.1114558,0,0.4261575,0,0,0.2791435,0,0,0.03192057,0,0,0,0,0.3790034,0.1238524,0.004006745,0.2303971,
0,0.01354306,0.036125,0,0.1986556,0,0.04685321,0,0,0.1653766,0.08224596,0,0.5676669,0,0,0,0.3741069,0,0,0,0.2757475,0.1977075,0,0.2018316,0,0,0,0,0,0.1665743,0,0.281276,0,0,0.1998003,0,0,0.04091251,0.07034489,0,0,0,0.1189387,0,0,0,0.3817062,0,0,0,0,0,0,0,0,0.3763699,0.3319579,0,0,0.02422137,0.2385279,0.1879841,0,2.225825,0.1377497,0.4696428,0,0.05756045,0.4491454,1.127485,0.7443461,0.5414646,0,0.01308101,0,0,0.08971862,0,0.521455,0,0,0,0.7121562,0.4120539,0.7096332,0,0,0,0.02837407,0,0.1940894,0.1335526,0.1718995,0,0,0,0.6768213,0,0,0,0,0,0,0,0,0,0.01107803,0,0.4254363,0.04158677,0,0,0.1155851,0,0,0.2369382,0.1134193,0.4680668,0.8319426,0.001092601,0.5320135,0.6235178,0.2427546,0.5692996,0,0,0,0.451342,0,0,0,0.01015595,0,0,0,0,0,0,0.6582968,0.02828322,0,0,0,0,0.012915,0.396813,0,0,0,0.1484433,0,0,0,0.4351009,0.2937254,0,0,0,0,0,0,0,0,0,0.1334967,0,0.2553874,0,0,0,0.1190092,0,0.1046256,0.2112219,0,0,0,0,0,0,0,0,0.009105406,0,0,0,0.02661478,0,0,0,0,0.1508222,0.3378659,0,0,0,0.0172447,0,0,0,0,0,0.07347592,0,0.4031388,0,0,0,0,0.5596663,0,0,0,0,0,0.6711814,0,0.3461792,0,0.2352977,0,0.3785825,0.06755967,0,0.263416,0,0.4498024,0,0.1348087,0,0.133611,0,0.06519613,0,0,0.06412617,0,0,0.2239705,0.1297632,0.05830024,0,0,0,0.2708271,0,0.1820824,0,0,0.3282343,0.1382411,0,0,0,0.4096765,0,0.3305384,0.1533452,0,0.3065514,0,0.527824,0,0,0.623488,0,0.2500675,0,0,0,0.1407926,0.2340486,0.01010727,0.2478569,0,0,0,0,0,0,0,0,0,0.06155254,0,0,0.2222328,0,0,0,0,0.01912192,0.5682988,0,0,0.05079363,0.332563,0,0,0.4416941,0,0,0,0,1.514392,0.1260244,0,0.1046729,0.2119116,0.1177422,0,0.03076485,0.2492588,0.1662695,0,0,0.09463283,0.1391382,0,0,0,0.08206462,0.7339381,0,0,0,0,0.2747295,0.1124348,0,0,0,0,0,0.1031657,0,0,0,0,0,0.45197,0,0.2586082,0.2231076,0,0,0,0,0.02439738,0,0,0,0.5206267,0.6031216,0.04084814,0.4337186,0,0,0.282426,0.08886123,0,0,0,0,0,0.2979171,0,0,0.3575006,0,0.5792965,0,0.09550669,0,0,0,0.2409689,0.2724875,0,0,0,0,0,0,0,0,0,0,0,0,0,0,0,0,0.165544,0,0.005932914,0.3538225,0.1541629,0,0,0.449866,0,0,0.2644336,0.059203,0.1106888,0,0.4280328,0.0846756,0,0.2991841,0.1049198,0,0,0,1.014892,0.5976357,0,0.2741149,0,0,0,0,0.3710002,0,0,0,0.04865626,0.3615245,0.4930755,0,0.2739549,0,0.163835,0,0.5303175,0,0.6559911,0.307288,0,0,0.4081393,0.01362074,0,0,0.1392804,0.3757179,0,0.2220148,0,0,0,0,0.544036,0,0,0.02316987,0.09503286,0,0,0,0,0,0.4954804,0.9898784,0,0,0,0,0,0,0,0,0,0.1356281,0,0.5879389,0,0,0,0,0.3526309,0,0.8444215,0,0,0.17782,0,0.3215408,0.3376146,0.1888725,0,0.4238707,0,0.4156371,0,0,0.06103137,0,0,0,0,0.1306925,0,0.2777322,0.1862928,0.8078803,0.1212694,0.009632585,0,0,0.4132197,0.6161665,0,0,0,0,0,0,0.03345685,0,0,0,0,0.302533,0,0,0,0,0,0,0,0,0,0.05055235,0.1857454,0,0.2040556,0.06850901,0.2395707,0.4128035,0.06274939,0,0.4619347,0.1352354,0,0,0,0,0.4214239,0.3730778,0,0.06089372,0.7251108,0,0,0.1770547,0.2200704,0,0,0.05958085,0.4127418,0,0.2677252,0,0,0.8780243,0.3065975,0.010904,
0,0,0,0,0.220527,0,0,0,0.2993889,0.1723578,0,0.2746034,0.04431173,0.2595213,0,0,0,0,0,0,0.6317029,0,0.09153364,0.05147607,0,0,0.4433662,0,0,0,0.03810842,0.655835,0,0,0,0,0.2411305,0.456563,0.06138278,0.1687051,0,0.1485342,0.1087657,0.3772012,0.4359999,0.05131994,0.1942673,0,0.03688895,0.6841457,0.1206794,0,0.1629678,0,0,0,0,0,0,0.2470463,0.2970206,0.5815179,0,0,0,0.3357124,0,0.5167585,0.6330394,0,0.0899043,0.4742345,0,0,0.2342121,0.3167203,0.05893062,0.4833362,0,0.2043943,0.03183196,0,0,0,0,0.7748364,0,0,0.2437654,0,0.2364123,0,0,0.3161353,0.08731078,0,0.007565946,0,0,0,0.4628956,0,0,0.194973,0.05269016,0,0,0,0,0,0.2088014,0.359807,0,0,0.2740445,0,0,0,0,0,0.4464664,0.03707856,0.2013995,0.559739,0.195964,0,0.2838642,0,0.4235262,0.0469937,0,0,0,0,0,0.3959981,0,0,0.1159482,0,0,0,0,0.139827,0,0,0,0,0,0.2951728,0,0,0.3962131,0.4187741,0.1449704,0.1723112,0.04728235,0.1762153,0.7883644,0,0,0,0.2058039,0,0.2180169,0,0.5122271,0.005602614,0,0,0.02959855,0.2467202,0,0,0,0.1587492,0,0,0.1073537,0,0,0,0,0,0,0,0,0,0.4540067,0.08241268,0.08783542,0,0.7249345,0,0,0.9134353,0,0.1469867,0.001592812,0,0.02906793,0.03771572,0.1581588,0,0,0.07923491,0.0627968,0,0,0.8594524,0,0,0,0,0.1555978,0.4622011,0.0296382,0.00562476,0,0.1043178,0,0,0,0,0,0,0,0,0.4949455,0,0,0.05062371,0.1949322,0,0.5847648,0,0,0,0,0,0.079288,0,0,0,0.4228857,0,0.1829266,0,0,0.3928532,0.01018642,0,0,0,0,0,0.1571333,0.1921835,0,0,0,0.484072,0,0.01483319,0.6354366,0,0.1427251,0.3079035,0.1755915,0,0,0,0,0,0.2515658,0,0.8909041,0,0,0.09538333,0.2924157,0,0,0,0.05938998,0,0,0.1822989,0.7333331,0,0,0.6859897,0.553986,0,0,0,0,0.7757626,0,0,0,0,0,0,0.8147283,0.4710681,0.3126779,0.4025488,0,0.04255387,0,0,0,0,0,0.03288569,0,0.01360433,0,0.03683206,0,0.1582855,0.08902729,0,0.2442006,0.0923836,0,0,0.1735746,0,0.1987423,0,0,0,0,0,0,0.3542666,0.2820111,0.05063369,0.2441717,0.362413,0.009791893,0,0.06741861,0.1075006,0.0715568,0,0,0,0,0,0,0.5367855,0,0,0,0,0.1713962,0,0.2222897,0.2049951,0,0,0,0.2041911,0,0,0,0.1347628,0,0,0,0,0,0.1591246,0,0.4126153,0.06778276,0,0,0,0.2383928,0,0.3537911,0,0,0.5412846,0.4998491,0,0,0,0.1997062,0,0,0,0,0,0,0.03784885,0,0.1719343,0,0,0,0,0,0.01373398,0,0,0.929454,0,0,0.1897302,0,0.302878,0,0.3029425,0,0,0.4693677,0,0,0,0,0.3328391,0.2439651,0,0,0.06825092,0,0.1928867,0.1242322,0,0.2816385,0,0.5298721,0.2267774,0.01191484,0.824975,0,0,0,0.4453805,0,1.14836,0,0,0.1243189,0,0,0.6050751,0.07893088,0,0.08022907,0.4229166,0,0.5057023,0,0.2171893,0,0,0.09590594,0,0,0.5151498,0.4774102,0,0.3190753,0.4529923,0,0,0,0,0,0,0,0.3391632,0,0.6575401,0,0.280765,0,0,0.06780333,0.09737863,0,0.1998009,0,0,0.1054935,0,0,0.09546031,0.03513316,0,0,0.2517425,0.2845963,0,0.2209126,0,0.0689735,0,0,0.209339,0,0,0,0,0.1551254,0,0.9640673,0,0.09160259,0.06917915,0.1000899,0,0.3878756,0.2214076,0.1623481,0,0,0,0.2481239,0,0.3724952,0,0,0,0,0,0,0.05443675,0,0,0,0,0,0,0,0,0,0.3628654,0.005662617,0,0.4692712,0.3438828,0.309092,0,0,0,0,0,0,0.1469467,0,0.0398111,0,0,0,0,0,0.6973227,0,0,0,0.1297706,0.2352514,0.02580878,
0.2289638,0,0,0,0,0,0,0.008974873,0,0,0,0.7010397,0.340103,0,0,0,0.2365757,0,0,0.3705791,0.3147985,0.06606389,0.4901098,0.7030637,0.2389488,0,0.5726236,0.07481853,0.1921019,0,0,0,1.175969,0.01607909,0,0.3221648,0,0.02862563,0,0,0.1580092,0.513661,0,0,0,0,0.1832571,0,0.04601595,0,0.2760272,0,0,0.1375325,0.3661731,0.7417428,0,0.9070413,0,0.0564414,0.4474559,0,0.63243,0.01009509,1.939763,0,0,0,0.02730757,0.3972807,0,0,0.6929071,0,0,0,0,0,0,0.3048249,0,0.186959,0,0,0,0,0,0,0,0,0,0,0,0,0,0,0,0.3742185,0,0.07234047,0.1467911,0.1808065,0,0,0,0,0,0,0,0.0941854,0,0.04989289,0.1599096,0,0,0,0.04704794,0,0.1732264,0.1486965,0.452166,0.3055348,0,0,0.1634853,0,0,0,0.06467268,0.2279175,0.2087589,0.04228296,0,0.7112552,0,0,0.08121189,0,0,0,0,0,0.5546505,0.4037349,0.3423039,0.1248118,0,0.1047023,0,0,0.2614521,0,0.1714306,0,0,0.1887957,0,0,0,0,0.5165803,0,0,0,0,0,0,0,0,0,0.1552628,0,0,0,0,0.09812014,0,0,0.05303014,0.1985239,0,0.3612583,0.4165478,0.3337958,0,0.009769718,0,0.02953414,0,0,0,0,0,0.06815921,0,0,0.3591736,0.2551642,0,0.326151,0,0.6817426,0,0,0.1815322,0,0.2425878,0,0.05925217,0,0.6421003,0.271916,0,0,0,0.2646753,0.07440254,0,0,0,0,0,0.1071699,0.546463,0.3144209,0,0.3332777,0,0,0,0.1500257,0,0,0,0,0,0,0,0,0.2056294,0,0.07876369,0,0,0,0,0,1.3439,0,0,0,0,0,0,0,0,0,0.2260133,0,0,0,0.2339765,0.1973786,0.3791184,0.7629755,0,0.2035432,0,0.03776005,0,0.1162327,0,0.2603368,0,0.6628171,0,0,0.1678035,0.3253305,0,0,0,0,0,0,0,0,0,0,0.03509984,0,0,0,0,0,0.5456502,0,0,0,0.2453465,0,0,0,0,0,0.03841004,0,0,0.2453616,0.105229,0,0.1536858,0,0,0.04361102,0.250171,0.3934874,0.01690194,0,0,0,0,0,0.09015109,0,0.310621,0,0,0.1868788,0,0,0.5754651,0.9346473,0,0,0,0,0.01567804,0.750424,0,0.2633729,0,0.4024378,0,0.1225221,0.3797207,0,0,0.3102332,0.6396075,0.1767632,0,0.7502178,0,0.4657283,0.3647522,0,0.3675997,0,0,0,0,0,0.2283202,0.06452804,0.5832179,0,0.5522135,0,0,0.1574926,0.003305015,0.3394438,0,0,0.5990105,0,0.2533335,0,0.3418191,0,0,0,0.7678529,0,0.1166351,0.1167037,0.360556,0,0.2365934,0,0,0.3634653,0,0.3240435,0,0,0,0,0,0,0,0,0.2885628,0.07928807,0,0,0.3514377,0,0,0,0,0,0,0.04097939,0,0.1131029,0,0,0,0.751686,0,0,0,0.09693083,0,0,0.3150705,0,0.03919893,0.1120866,0,0,0,0,0.2715554,0.3117809,0.524875,0.6552207,0.1585193,0.1554901,0.1403695,0,0.08457787,0.4459882,0,0,0.1102746,0,0.1140453,0.03584742,0,0.2560452,0,0,0.04609996,0,0.0312148,0.1154759,0,0,0.2049163,0,0.2709521,0,0,0,0,0,0,0.125169,0,0.1131252,0.2253705,0.4420328,0,0,0,0,0,0,0,0.4828939,0,0.03940586,0.09023485,0,0,0,0,0,0,0,0,0.3440548,0.462262,0,0,0.1315544,1.091057,0,0,0.2385823,0.8785474,0,0,0.1350867,0.02515454,0,0.04123322,0.0639961,0,0.3474251,0,0,0,0,0,0.1847969,0,0.4192765,0,0,0.5809273,0,0,0,0,0,0.0001114299,0,0.2961408,0,0.2722096,0,0,0.272099,0,0.15421,0,0,0,0.2719367,0,0.1767828,0.3462653,0.03444301,0.4474462,0,0,1.30977,0.3995855,0,0.07161693,0,0,0,0,0,0.5477183,0.8104458,0,0,0,0.008184665,0.4296978,0.244041,0,0.2458233,0,
0,0,0.3467768,0.03126955,0.1054647,0,0.4173967,0,0,0.001445206,0.3156363,0,0.3706658,0.1059439,0,0.2693821,0.1820852,0,0,0.1844563,0.1804117,0.8693478,0,0,0,0,0.0001040213,0.1046029,0.1364289,0,0,0.3270309,0.06226913,0,1.192343,0,1.282085,1.204418,0,0,0.8959186,0,0,0,0,0.1806848,0.2677382,0.4616953,0.2881601,0,0.4226224,0,0.3342565,0.07593961,0.5442836,0,0,0,0,0.129848,0.6177143,0.3525074,0.7651112,0.1116187,0.9633579,0.2419045,0,0,0.4680305,0.2583546,0,0.06853348,0,0,0,0.1901222,0,0,0,0.5746691,0.1573682,0,0.1771356,0,0,0.2615356,0,0,0,0.006488097,0,0,0,0,0,0,0.008696878,0,0,0,0.3483421,0,0,0.6066359,0,0,0,0.06691039,0,0,0,0.7259202,0,0,0,0,0,0,0.4735281,0.6037394,0,0,0,0,0,0,0,0,0,0,0.2490776,0,0,0.0507131,0,0.1053359,0,0.1055535,0,0,0,0.3301274,0.01147216,0,0.4616501,0.2175727,0,0,0.2174497,0,0.5076907,0,0,0.305515,0,0,0,0.1957726,0.3336465,0,0.07115835,0,0,0.3958738,0,0.2192903,0,0,0.1703295,0.3654206,0.2037915,0.4099174,0.01709802,0,0.1540635,0.05452054,0.3266135,0,0.08341478,0,0.4855169,0.1303115,0,0,0,0,0,0,0,0,0.08004708,0,0,0,0.2250396,0,0,0,0.07766403,0.1745954,0.595975,0.1391378,0,0.395177,0.1886575,0,0,0,0.496043,0,0,0,0.5849686,0,0.04121645,0,0,0.1314861,0,0,0,0,0,0.2150685,0,0,0,0.4013894,0.2974663,0,0,0.3384476,0,0,0,0,0,0.2965334,0.1661198,0,0,0,0,0.30016,0.1409734,0,0,0.08534203,0,0.1434485,0,0,0,0,0,0.6699141,0,0,0,0,0,0.1736954,0.02616946,0.1703041,0,0,0,0,0.7494447,0.02426172,0.3437512,0.2162772,0,0,0.02610034,0.5108383,0,0,0,0,0,0,0,0,0,0,0.3266659,0,0,0,0.3557582,0,0,0.6563221,0,0,0,0.03927439,0.4024163,0,0,0,0,0,0,0.001011779,0.02315732,0,0.09615195,0,0,0.6510298,0,0.01842812,0.1450487,0,0,0.3498734,0,0,0.3007663,0,0.6457115,0,0.1604713,0,0.2661639,0,0,0,0,0,0.1461606,0,0.1884302,0.5457637,0,0,0,0.04226911,0,0.1986869,0,0,0,0,0,0,0,0,0,0.668469,0,0,0,0,0,0.2034177,0,0,0.168629,0,0.2241113,0.0133827,0,0,0,0.5315211,0,0.1143708,0.2741299,0.1673768,0,0.1369296,0.07281398,0.3602548,0.4957215,0,0,0.02897605,0.0475115,0,0,0,0.1702374,0.7173759,0,0.1031594,0.1276981,0,0,0,0.08700529,0,0.02782396,0,0,0.516516,0,0.08002634,0,0.2320314,0.0998414,0.7469726,0.1048455,0,0.4171257,0,0,0,0,0,0.0143794,0,0,0,0,0,0.4464134,0,0.6980412,0,0.3163863,0.7200112,0,0,0,0.6030937,0.2720304,0.3201126,0,0,0,0.263502,0.1704775,0,0.3044068,0.4749752,0,0.3032821,0.1082645,0.7097355,0,0,0,0.3171722,0,0,0.03306567,0,0,0,0.01839458,0.8669255,0,0,0.2111455,0,0.2812344,0.308683,0,0.1768122,0,0,0,0,0.1181237,0,0.7913071,0,0.4191338,0.3746549,0,0,0.09165742,0.2439883,0.215577,0,0.1504157,0,0,0.07984792,0.1991892,0,0,0,0,0.08790085,0.2297558,0.3315724,0.2367305,0,0.477609,0,0,0,0,0,0,0,0.7173649,0,0.08396487,0,0,0,0,0.1455885,0,0.02107326,0.1763271,0.04098871,0.04844263,0,0,0,0,0.02751787,0,0.04071047,0,0,0.4574549,0.5343977,0,0,0,0,0.04823368,0.03074316,0,0.151074,0,0.08688057,0,0,0.6170178,0,0,0,1.061129,0.03048105,0,0,0,0.6165976,0,0.2148791,0.2398169,0,0,0.04721747,0,0,0,0,0.3501786,0,0,0,0,0,0,0,0,0.1138071,0.2172173,0.1625724,0.203191,0,
0.7948372,0,0,0,0,0.01500671,0.2166034,0,0,0.2258254,0.4671206,0.03706259,0.5097435,0.1154501,0.05658008,0,0,0.445857,0,0.868732,0,0.1957356,1.713108,3.16777,0,0,0,0,0.05276676,0,0,0.1134134,0.8079599,0,0.7995016,0,0,0,0,0.6102484,0.1033782,0,0,0.06191449,0.3659743,0.02846471,0.1168192,0,0.0526853,0,0.2650209,0.6751793,0,0,0,0.06627414,0.026146,0.123636,0.4291839,0.3314714,0,0,0,0,0,0.04405686,0.04456582,0.07697883,0.4227543,0.2100435,0,0.1206714,0.1767736,0,0,0,0.2095398,0,0,0,0,0.2586823,0.6177452,0,0.0608527,0.00164692,0,0,0,0.1675219,0.02340026,0.195809,0.423918,0.451249,0,0,0,0,0.9143186,0,0,0.0905503,0,0,0,0.3580998,0,0,0.5765183,0,0,0.5078697,0.4596694,0,0.1648324,0,0.2188979,0,0,0,0.08425943,0,0,0,0.3230823,0,0,0,0,0.002178323,0,0,0,0,0.3135183,0,0.2545749,0.1908371,0,0.2188129,0.06608634,0.2487885,0,0,0,0,0,0,0.7125062,0.1684311,0,0.3357102,0,0,0,0,0,0,0.0005751849,0,0.1642943,0.1422516,0.02520036,0,0,0,0,0,0.4561014,0.2744367,0,0,0,0,0,0,0,0,0.06996322,0,0,0,0,0,0,0,0,0,0.1640518,0,0,0,0,0.3403869,0,0.3732958,0.6416445,0.2339132,0,0.01080595,0.4428484,0,0.6056599,0.0793631,0.5318992,0,0,0.2695391,0.1382491,0.1888935,0,0,0,0,0,0.1789402,0.41593,0.2042589,0.1286661,0,0.4720103,0.2152536,0,0.582058,0.2465311,0,0,1.042093,0,0,0.04273476,0.08990505,0.5111147,0,0,0.0930376,0,0.7498472,0,0.04152362,0,0.08173706,0.5458205,0,0.446896,0.1292274,0.1596539,0.398736,0,0,0,0.2758857,0,0.249431,0.2110108,0,0.3755704,0,0.4525042,0,0,0,0.1425584,0.1679505,0.3103986,0.1259382,0.6004372,0,0.2327707,0.6723078,0,0,0.1301301,0.3698348,0.007172943,0,0.2327703,0,0,0,0,0,0.2675733,0.0708788,0,0,0.3552966,0,0,0.4785511,0,0,0,0,0.3815674,0,0,0,0.2285845,0.0151346,0,0,0,0.3722789,0.1022955,0,0,0,0,0,0.7027479,0.7623433,0.9168439,0,0,0.3935122,0,0,0.9444879,0,0,0,0,0.1607813,0.2907114,0,0,0,0,0,0,0,0,0,0.4433773,0.5618454,0,0,0,0.2901805,0,0,0.6928113,0,0.4181449,0,0,0,0,0,0,0,0,0.1155257,0.295606,0.2973872,0,0.4817867,0,0.2262762,0.03787615,0,0.1451006,0,0,0.4940894,0,0.1692124,0,0,0,0,0,0,0.00182097,0,0.1968713,0,0.316222,0,0.4060968,0,0.1377303,0.437346,0,0,0,0.7681373,0,0,0.3793972,0,0,0,0,0,0,0.01820718,0.4505163,0.7256383,0.0264836,0,0,0.7634294,0,0,0,0,0,0,0,0,0,0.1284046,0,0,0.1328507,0.06684657,0.3798237,0,0,0,0,0,0,0,0.09374484,0,0,0,0,0,0,0.1489394,0.7248508,0.009163913,0.3253946,0.0155613,0,0,0,0.07747895,0.1255845,0.06843585,0,0,0,0,0,0,0.09566053,0.1328529,0,0.3403904,0,0,0,0,0.4355188,0,0.6388708,0,0,0.5151827,0,0.3654455,0.02015878,0,0.6537703,0.2084966,0.08665476,0,0,0.2950276,0,0,0,0.2363511,0,0,0,0.2512442,0.3412731,0,0,0.2187798,0.28878,0,0,0,0,0.1465157,0.1846683,0,0.01512456,0.04402862,0.1959915,0.4450141,0,0.1111773,0,0,0,0.345907,0.4364732,0.2631388,0,0,0.2637852,0.6576061,0,0.04112214,0.02306874,0,0,0.671578,0.1588698,0,0.2288348,0.3751399,0,0,0,0,0.1909256,0.05970502,0,0,0.00349492,0,0,0.4442669,0.1883292,0,0,0,0.1590057,0.5876228,0.8103091,0,0.04084961,0,0,0,0,0.2637263,0.6542308,0,0.3621543,0,0.007392757,0.3433749,0,0,0,0,0,0,0,0.2572692,0,0,0.3825429,0,0,0,0,0,0,0,
0,0,0.2320729,0,0,0,0,0,0,0.01179081,0,0,0,0.2957226,0,0,0.1831044,0.403422,0.03321379,0,0,0.4654296,11.74567,12.18077,3.405218,0,0,0.233072,0.480537,0.1085376,0.5956432,0,0.2061952,1.991537,0,0.006075377,2.556733,1.284527,1.071045,0.9706711,1.884668,0,0,0,0,0.4426672,0.3781433,0,0.2425295,0,0.04719555,0,0,0,0.08371503,0,0.4257891,0,0,0,0,1.058016,0.499444,0,0.1628574,0,0,0.007184975,0.239092,0,0.3858489,0,0.4070534,0.3131554,0.1858802,0,0.1150833,0,0,0,0,0.01244012,0,0,0,0,0,0,0,0.2131442,0,0.2077943,0,0,0.4208199,0,0,0.1479749,0.1858075,0,0,0,0,0.747115,0,0,0.1918611,0.4745378,0,0,0,0,0,0,0.3389758,0,0,0.7552823,0,0.2981993,0,0.002584391,0,0.1615971,0,0,0,0,0.2810645,0.3634453,0.08904459,0,0,0.3932057,0,0.2231605,0.3290783,0,0.4844465,0.1866107,0.5686989,0,0.7680247,0.8031204,0.1520691,0,0,0,0,0.08929776,0,0,0.02377149,0.2455608,0.1728871,0,0.5372545,0,0.1385345,0,0.5230806,0.04050201,0,0,0,0,0.3790495,0.3669119,0,0,0,0.3540084,0.3084629,0.1231241,0,0,0.3109263,0,0.3531879,0.08370756,0,0.9185159,0.1087961,0,0,0.1063012,0,0,0.1037793,0,0,0.418547,0.6885347,0,0,0,0.1281871,0,0.5153264,0.6163532,0.356119,0,0.4611312,0.1011769,0.4791375,0,0,0.01351751,0,0,0.6915467,0,0,0,0.07022243,0,0,0,0,0,0,0.5909511,0,0,0.5190913,0,0,0.2645662,0,0,0.1503147,0,0.1221963,0,0,0,0.0389775,0,0,0.4048681,0,0.315493,0,0,0.1898526,0.1293081,0,0,0,0,0.02194585,0,0,0,0,0,0,0,0.4426623,0.3634913,0,0,0.4076295,0,0,0.2641139,0,0,0,0,0,0.3541907,0,0,0,0,0.3393876,0.2277934,0,0.7082541,0,0,0,0,0.2547905,0.008494289,0,0,0,0.2957903,0.4314782,0,0,0,0.04310017,0.732974,0.3127024,0,0.04361624,0,0,0.02062673,0,0,0.3359063,0.2689249,0,0.02367538,0.4524749,0.5056015,0,0,0.6814148,0,0,0.03807862,0.06453825,0,0.3627208,0.02458313,0,0.04484876,0,0,0.1898355,0,0.4088829,0.01293883,0,0.142016,0,0.06307904,0,0,0,0,0,0,0.001335308,0,0.3529821,0,0,0,0.4893718,0.2299055,0,0.09616604,0,0.2317326,0.3772564,0.1799053,0.7615591,0,0.5271264,0,0,0.5175152,0,0.5593544,0,0,0,0,0,0,0,0,0,0,0.2622164,0,0.02608971,0.06566434,0,0,0.1510242,0.1667968,0.244601,0,0,0.1593593,0,0,0.2450242,0,0.2403219,0.2986052,0,0,0.8805682,0,0,0,0.01117575,0.04887351,1.284878,0.03400846,1.028541,0,0.1310995,0,0,0.1518739,0.0012982,0.04506955,0.2829604,0,0,0.6463937,0,0,0,0,0.1533206,0,0,0,0.1625546,0.06165777,0,0,0,0,0.2059307,0,0,0,0.02954681,0,0,0,0,0.5169994,0.460084,0.2061852,0,0,0.5220623,0.1008969,0,0,0,0,0,0.6510119,0,0,0.03278019,0,0.04387892,0,0,0.2347169,0,0.03412189,0,0,0,0,0.1011882,0.7732145,0,0,0,0,0.1678579,0.45895,0,0,0,0.4897458,0,0.06086049,0,0,0,0,0,0.3177006,0,0,0,0.5044709,0,0,0,0,0,0,0,0.332747,0.3369932,0,0,0,0,0.06486909,0,0,0,0,0,0.2136781,0,0.157084,0,0,0.3204648,0.5218546,0,0,0,0,0.2878579,0,0,0,0.2601825,0.2805115,0.06079117,0,0,0,0.05097282,0,0.2042088,0,0.3129699,0,0,0,0,0.09984564,0.4662065,0,0,0,0,0,0,0.06480234,0,0.3098778,0.504603,0,0,0.527923,0,0,0.09746949,0.05535816,0,0.6425167,0.144094,0,0.04382456,0.1637529,0,0,0,0,0.7529998,0,0,0.7793101,0,0,0,0,
0.3916248,0.2564116,0.04106768,0,0,0.1098496,0,0.5890974,0,0,0,0,0,0.3354755,0.2890197,0.001211083,0,0,0,0,0.01969168,2.983129,16.47028,15.76248,7.315926,0.2152671,0,0.1150398,0.5620748,0.3367419,0,0,1.584994,0.1229753,0,0,1.98112,0,0,0,1.100345,2.870488,1.067292,2.27999,0.3194541,0,0,0.2933264,0,0.2632148,0.2835988,0.5115008,0.3094679,0,0,0.07736879,0,0,0,1.172941,0.0005989381,0.5106893,1.191956,0,0.3531314,0,0.3616374,0.7444139,0.1511267,0,0,0.781733,0.4298115,0.8120734,0,0,0.3581195,0,0,0,0,0,0,0.07300901,0,0,0,0,0,0,0,0,0.34877,0.06668675,0.2106765,0,0,0.2748176,0,0.6612051,0,0,0,0,0,0,0,0.07568273,0.07286971,0.3782857,0.5183813,0,0,0.07266539,0.1553967,0,0.1539966,0.130878,0,0,0.3040881,0.1637274,0.4865632,0.183015,0.2232215,0.09695932,0,0,0,0,0,0,0.04802439,0,0,0.3289045,0,0.262048,0,0,0,0.1055508,0,0.08595354,0.438321,0,0.1784379,0.1299167,0.5441047,0.09313345,0,0.2868409,0,0.4937276,0.2222601,0,0.04659831,0.08298188,0,0.3757548,0,0,0,0,0,0,0,0.2732091,0,0,0,0,0,0,0,0,0.02835716,0.2210849,0.03664424,0.04736655,0,0.6092095,0.2411353,0,0,0,0,0,0.05372579,0,0,0,0,0.05136743,0.03215782,0,0.7775357,0,0.1258485,0.8557808,0.1493192,0,0,0,0,0,0,0,0.7138988,0.2987228,0,0,0,0.9124948,0.1966933,0.1598269,0,0.04413483,0,0.119767,0,0,0.05110494,0,0,0.05870546,0.1164875,0.03429496,0.6205044,0,0,0,0,0.08011435,0,0,0.3349892,0,0.06797107,0,0,0,0.1222148,0,0,0,0,0.09255759,0.2589582,0.05774302,0,0.2454935,0,0,0,0.107416,0.0288245,0,0,0,0,0,0,0,0,0.2867526,0,0,0,0.168824,0.4133166,0,0.01883709,0.7380365,0,0,0.3200178,0.1624258,0,0.582247,0,0,0,0,0.797939,0.1438637,0,0.2604494,0,0,0,0.1923535,0,0.6665568,0,0,0.04325136,0,0,0,0,0,0.09658693,0,0,0,0,0,0,0,0.5048651,0.2143935,0.222703,0,0,0,0,0,0.2873974,0,0.1854021,0,0,0,0,0.2238676,0,0,0,0,0,0.6501069,0,0.4297561,0.1924264,0,0,0,0,0,0,0.1478733,0.3247245,0,0,0.65654,0,0,0,0,0,0.5957653,0,0,0.9696106,0,0,0,0,0,0.04402355,0.06592764,0,0.5544429,0,0,0.1839504,0.4800456,0,0.7966096,0,0,0,0.07918424,0,0.2987995,0.239611,0,0,0.1661289,0,0,0,0,0,0.4889089,0,0,0.2742334,0,0,0.5999511,0,0,0,0.02904559,0,0,0,0,0,0,0,0,0,0,0,0,0,0,0.01407423,0.1338517,0.4823399,0.1103026,0,0,0.151549,0,0,0,0,0,0.4748812,0,0.7697195,0,0,0.05274406,0.4547677,0.1928056,0,0,0,0,0,0.4474165,0,0.2327484,0,0,0.08300624,0,0,0,0,0,0,0,0,0,0.1256426,0.2115175,0,0,1.18261,0,1.015893,0.5946846,0.01753992,0,0.1929736,0,0.3868637,0.2255765,0.3022192,0,0,0,0,0.1604465,0,0,0.1949107,0,0.313746,0.08607607,0.1338695,0.04024417,0,0,0,0,0,0,0,0.4621758,0,0,0.2736052,0,0.09533276,0.3170707,0.3139073,0,0.4488612,0,0.3844544,0,0.04141108,0,0,0,0.1701143,0,0.03287973,0,0,0,0,0,0,0.2098731,0.5605216,0,0.07711858,0,0,0.03812262,0.4805999,0,0.1947049,0,0.1039754,0.03492064,0,0,0,0,0,0,0.1852337,0,0.4400763,0.1010177,0,0.06665996,0.09920361,0,0.2573501,0,0.09044242,0.1921933,0,0,0,0,0,0.7164239,0,0,0,0,0,0,0.0781703,0,0.5501635,0,0.1580521,0,0,0,0.05259907,0.2741548,0.3130061,0,0.04251757,0.2755668,0.4837282,0.2676666,
0,0.08733656,0.3635922,0,0.1557357,0.3016052,0,0,0,0,0,0,0,0.2353333,0,0.4127128,0.1061959,0.6991026,0,0.1812369,0.4895722,11.36401,16.94127,15.04919,2.354596,0.2912924,0,0.04373638,0,0.9227093,1.018044,0,1.135008,1.750089,1.091014,0,0,0.1677027,0,0,0,0,0.2853877,0,4.171316,2.324738,0.5963015,1.394719,0.6891071,0,0.5987789,0,0,0.635891,0.2063249,0.3560044,0,0.3584082,0.06863036,0,0,0.6093098,0.5836151,0.009078455,0.1413952,0,0,0,0.03112682,0.1531413,0.8938689,0.692887,0.6879845,0.3499922,0,0,0,0.02505391,0,0,0,0,0.05983672,0,0,0,0,0,0,0,0.4946975,0.1466328,0.1847788,0,0.4103318,0,0,0,0,0.1913975,0,0,0,0,0,0,0.01470856,0,0,0,0,0,0.0001209987,0,0.3389033,0.6402612,0,0,0.4569763,0.3750033,0,0,0,0,0,0,0,0,0,0,0,0.4091038,0,0,0,0,0,0,0,0,0,0,0.8219851,0,0,0,0,0.2547759,0.1185398,0.2249427,0,0,0.267233,0.4050626,0,0,0,0,0,0,0.1001266,0.1791094,0.2610736,0,0,0.00982667,0.1774886,0,0,0,0,0,0.3912998,0,0.5315292,0,0,0.05054668,0,0,0,0.7222081,0,0,0,0.09998249,0.103273,0.3058321,0,0,0.06369592,0,0,0.04491539,0.5082839,0,0,0,0,0,0.3332535,0.2843426,0,0.3925747,0.0679593,0.05460565,0,0,0.43831,0.10064,0,0,0.2527339,0.1863155,0.5843265,0,0,0.3511752,0.4971473,0.3899941,0,0,0,0,0,0,0,0.1877301,0,0,0,0,0.01617751,0,0.1811495,0,0,0.6675853,0.08004899,0,0,0.7057745,0,0,0.07783376,0.2930678,0,0,0,0,0,0.7496998,0.6352211,0.430411,0,0.3322985,0,0,0.3103722,0.3103732,0,0.232066,0,0,0.09894279,0.1941953,0.2094039,0,0,0.02625445,0,0.1951261,0.7979484,0.7121068,0.2182035,0.008664821,0.295987,0,0,0.3439165,0,0,0.1256855,0.4891921,0,0,0,0,0.2823666,0,0.07706089,0,0,0,0,0,0,0,0,0,0,0,0.1459743,0.3107029,0,0,0,0,0,0.3422939,0,0.5001646,0,0.1407472,0,0,0.2107687,0,0,0,0,0,0.4988089,0,0,0.1690067,0.4073627,0.02164475,0,0.509917,0,0.0003114661,0,0,0.1616273,0,0,0,0.3703499,0,0,0,0.05006939,0,0,0,0.1991356,0,0,0,0.182482,0,0.1505332,0,0,0.6962183,0,0,0,0,0,0,0,0.2426545,0.4396636,0.4463351,0,0,0,0.04934959,0.3570202,0,0.5230437,0,0,0.05237968,0,0,0.1660316,0,0,0.4072712,0,0,0,0,0.4672125,0.3097176,0,0.3232598,0,0,0.01941842,0.707376,0.3160881,0,0.3724808,0,0,0.5982281,0.1429331,0.5732316,0.5675355,0,0.2783265,0.8663702,0,0,0,0.002788482,0,0,0.4214378,0.09391072,0.07051613,0,0,0,0,0,0.7436249,0,0.02987551,0.3188233,0,0,0,0.02526198,0,0.0359024,0,0.0690567,0,0.2686978,0,0.4981632,0,0.4477232,0,0,0.5494897,0,0,0,0,0.2112447,0,0,0,0.1073451,0,0.259678,0,0,0,0.5270472,0,0.4579386,0.1056745,0,0,0,0.288644,0.1378562,0,0.08996918,0.4762695,0,0.3295937,0.3380613,0.635433,0.2361635,0.8391122,0,0,0.1609522,0,0,0,0,0.3472525,0,0,0.2407535,0,0.5538194,0.1767978,0,0.3042884,0.03368473,0.006941933,0,0,0,0.0300456,0,0,0.2920167,0.3805967,0,0.4538795,0,0,0,0.7012191,0.2865717,0,0.05619706,0.2277145,0,0,0,0.3572701,0,0.0140513,0,0,0.0381634,0,0,0.141312,0.3508202,0,0,0,0,0,0.7714645,0,0,0.2776271,0.1804402,0,0,0,0.8409607,0.1406884,0,0,0,0,0.1708579,0.2273,0,0.1808731,0,0,0,0,0.1940752,0,0,0,0.6141902,0,0,0,0.4242533,0.2258229,0,0,0.2769535,0.490858,0,0,0,0.02480966,0.1985354,0,0.2754279,
0,0,0,0.3060341,0.1203344,0,0,0,0,0,0,0,0.7731909,0.004710794,0.1559153,0.4836479,0,0,0.2121426,0.2395215,0.8760184,16.81721,16.67641,12.58627,0.2086346,0.2313713,0.4546737,0,0.1561171,0.02090405,0.577121,0.1840115,3.455024,0,0.1860815,0,0,0.9588199,0,0.6178283,0,0,0,0.2254956,0.4295736,1.446839,0,0.7852179,0,0.4597014,0,0.1079147,0,0.1492586,0,0.1238938,0,0.1683769,0.5062903,0.5918938,0,0,0.2058437,0.1613839,0,0,0.06068825,0.1157072,0,0.2722444,0.3879812,0,0,0,0,0,0,0,0,0,0,0,0,0.363174,0,0,0.2976564,0.04246042,0,0,0,0.314519,0,0,0,0,0.7167883,0,0,0.04074658,0,0,0,0,0.1379616,0,0.07160142,0,0.03904318,0.3497235,0,0,0,0.0004439591,0,0.08280212,0.3027933,0,0,0,0,0,0,0,0.01625706,0.0742899,0.7132308,0,0,0,0,0,0,0,0,0,0,0.1020943,0.2929201,0,0.3474255,0,0,0,0,0.2340452,0,0,0.1771037,0,0,0,0.4077436,0,0,0,0,0.0001142094,0.3451376,0,0,0.015534,0,0.1385614,0,0.02456797,0.08340409,0,0,0,0,0,0.06294426,0,0,0.6302258,0.2027342,0.199737,0,0,0,0,0,0.5459478,0,0.2574642,0,0,0,0,0,0,0,0,0.9133615,0,0,0.09740765,0.4529308,0,0,0,0.001507938,0.6557021,0,0,0,0,0,0,0.4439224,0.4073184,0,0.008577459,0.0006537068,0.2974736,0.8210807,0.2748083,0,0.1410745,0,0,0,0.04547725,0,0.0845996,0,0,0,0,0,0.1033016,0.1048956,0,0,0,0,0,0,0.1370569,0.3510049,0,0,0,0,0.180803,0.4169077,0,0.3710245,0,0.08099733,0,0,0,0,0.03191711,0.2253762,0,0.1044503,0,0.3530983,0.3518556,0,0.02079538,0.03013143,0,0.5845118,0.764865,0.5790367,0,0,0.5064086,0,0,0,0,0,0,0.3342653,0,0,0,0.1582419,0,0,0,0,0,0.3302416,0,0,0.2176512,0,0.3634979,0.02967354,0,0,0,0,0,0,0,0.1970767,0,0.05540214,0,0,0,0.04697368,0,0,0,0,0,0.04711224,0,0.4224445,0.2514541,0,0.1473587,0,0,0,0,0,0,0,0.8512208,0,0.4021896,0,0.01877102,0,0,0,0,0.4419524,0,0,0.09989984,0.1719598,0.1635881,0.7534125,0,0,0,0.4098235,0,0.2085821,0,0,0,0,0,0,0,0.05544432,0.2768675,0,0,0,0.1435409,0,0,0,0.2250613,0.09845576,0,0,0,0.03354194,0,0.4376067,0,0.1663023,0,0.3299426,0,0,0.07441533,0,0,0,0,0,0,0,0.2759266,0,0.08193304,0,0.3190048,0,0,0.3480728,0,0.03436565,0,0.2955557,0.1652442,0,0,0,0.5571799,0.0359107,0,0,0,0,0,0,0,0.4987354,0,0,0,0,0,0,0,0,0.6803923,0,0,0,0,0.1989387,0,0,0,0,0,0.7656004,0,0,0.1267667,0.3660986,0.3544775,0.2926024,0.5259072,0.4859516,0.5565006,0,0,0,0,0,0.3057205,0.1481382,0,0.01201689,0,0.4169323,0.2599094,0,0.5039431,0,0,0.1650823,0,0,0,0,0,0,0,0,0.2423254,0,0.1855125,0.04135829,0,0,0,0,0,0.6511922,0.3446502,0.2476303,0,0,0.7717162,0.4211794,0,0,0,0,0.3021002,0,0.4609446,0,0,0,0.397236,0.07021055,0,0,0,0,0,0.3987218,0,0,0,0,0.2344968,0.03888195,0,0.3960982,0,0.5205446,0,0,0,0.4056499,0,0,0,0.2538198,0,0,0.03132198,0,0,0.07263422,0.267126,0,0.3051287,0.3849488,0.1034659,0.6960557,0,0,0.06717514,0,0.4449198,0.007992792,0,0.1760156,0,0,0,0,0.1447881,0.06212869,0.07149886,0,0,0,0,0,0.3081286,0.1444751,0.1362869,0,0,0,0.1899961,0,0,0,0,0.2578704,0,0,0,0,0.3206631,0,0.1047003,
0,0.311489,0,0,0.1507739,0,0.8976362,0.3407752,0,0.008011978,0,0,0,0,0.5085006,0.06731401,0.000473037,0,0.236491,0.303962,1.267784,16.2943,16.45398,6.38544,0.3994631,0.08116989,0,0,0.4651385,1.064415,0.4269647,0.6771356,2.824769,1.556581,0,1.499079,1.676729,0.6655871,2.12904,0.3091206,0.917989,1.22031,1.87897,0,0.6724148,0.2603131,0.8889915,2.442655,2.35763,0.007240734,0.4951569,0.08520853,0.2069306,0.03467217,0,0,0,0,0.1290573,0.3303279,0,0,0.6864839,0.135729,0,0.3560427,0,0,0,0,0,0,0,0,0.3746831,0,0,0,0,0,0,0,0.09515854,0.02969324,0,0,0.1441006,0,0.1071604,0.1806531,0.2360536,0.4893416,0.5983158,0.178092,0,0,0,0,0.05835935,0,0,0,0,0,0,0,0,0,0.1726707,0,0.1891905,0,0,0.03928839,0.3952444,0,0,0.03879492,0,0,0,0.8577002,0.5492194,0.0711895,0,0,0.09482131,0,0.2197618,0.1241842,0,0,0.1095752,0,0.3227589,0.1919068,0,0.01007133,0,0,0,0,0,0.434598,0,0,0,0,0.04862474,0,0,0,0,0,0,0.05917417,0,0,0,0,0.1978278,0,0,0,0,0,0,0,0,0.3349121,0.1896137,0.3355071,0.3344498,0.5555065,0,0,0,0,0,0.2815318,0.2466076,0,0,0,0,0.1613347,0,0,0,0,0,0,0,0.08448813,0,0,0,0.2572672,0.08758709,0,0.07738417,0,0.7125385,0.1471483,0,0,0,0,0.2088921,0,0,0,0,0,0.1628409,0,0,0.4895768,0,0.4922585,0,0.2361125,0,0.2514248,0,0,0,0.3601958,0,0,0.004471373,0,0.1535062,0.1024952,0,0.4213157,0.6378078,0,0.1250579,0.09716548,0,0,0,0,0,0,0,0,0,0,0.02103236,0.3559822,0.4479104,0,0,0.1015297,0,0.241721,0,0,0,0,0.42646,0.7069073,0,0.324782,0.02302343,0,0,0.2702377,0.3068667,0.1760418,0,0.5616646,0,0,0,0,0.09886198,0,0,0.5481315,0,0,0,0,0,0,0.04686899,0,0.6862854,0.2610853,0,0,0.3299304,0,0.2248908,0,0,0.09219731,0,0,0,0.0009305076,0,0,0.09584494,0,0,0,0,0.485897,0.3392414,0,0.01007314,0,0,0.07734607,0,0.1088712,0,0.3137816,0,1.056051,0,0.04365519,0.06840665,0,0.4133241,0,0.4812976,0,0,0,0,0,0,0,0.3146006,0.1115673,0,1.006846,0,0,0,0,0.08445016,0,0,0.1018203,0,0,0.7896609,0.4009081,0,0,0,0.2862003,0,0.350297,0.3744122,0,0,0.3217812,0,0,0,0,0.280294,0,0.7183298,0.1044441,0,0,0.3850662,0,0,0,0,0.2703953,0,0,0.4418882,0,1.23778,0,0.3151618,0,0,0,0,0,0.1279987,0,0,0.5420924,0,0.3092219,0,0.2999639,0,0,0,0,0,0,0.1695237,0.6321517,0.8506725,0.0643122,0.1800717,0.05953012,0.2315705,0,0,0.2345673,0,0,0,0.05205119,0.9601421,0.1534771,0,0.1810258,0.1638988,0,0,0,0,0.4436928,0.3961633,0,0,0,0,0,0,0,0,0,0,0.3471339,0,0,0.7870275,0.2736862,0.1162795,0,0.1097668,0,0,0,0,0,0.2023254,0.03408928,0,0,0.08388482,0,0.1217261,0,0.5701841,0.2528785,0,0,0,0.07287368,0.02098725,0.2520213,0,0,0.9977102,0,0.9113677,0,0.3812791,0,0,0.4227101,0,0,0,0,0.4352096,0.3161932,0,0,0,0.2254505,0,0,0.2915821,0.4029728,0.091774,0.3858489,0.01404347,0,0.4089468,0,0,0,0,0,0,0,0,0,0,0,0,0.09832368,0.3687581,0,0,0,0,0.1188329,0,0,0,0.7306545,0,0,0.04128051,0,0,0,0,0,0,0,0.008362534,0.2686398,0,0,0,0,0,0,0.4324908,0,0,0,0,0.07969426,0,0,0.3519539,0.01600488,0.4467452,0,0.2326203,0.5063403,0,0,0,0,0.05299977,0.05807536,0.3649697,0,0.1721927,0,0,0,0,0.08868096,0.07730701,0,
0,0.169265,0.03819927,0.4704262,0,0,0,0.1883091,0.05372371,0.1786604,0,0.7452182,0.109272,0.6379348,0,0.2508712,0,0.6666875,0.269085,0.2757976,0.06526487,6.375396,10.3384,0.5575043,0,0,0.2347846,0,0.2738754,0,0,0.03849187,0,1.193204,0,1.117298,0.4692736,0,0.2493382,0,0,0,4.450667,0,0.9409027,0,3.41696,1.908799,2.620549,1.132728,0,0,0,0,0,0.05543771,0.3184147,0,0.07546162,0,0,0.06954514,0.4743948,0,0.004792397,0.2361284,0.4456228,0,0.4039939,0,0.01475035,0,0,0.231061,0.234059,0,0,0,0,0,0,0.5469376,0.06775636,0,0.2634319,0.2604334,0,0,0,0,0.9030137,0,0,0,0.6503821,0,0,0,0.3597319,0,0,0,0.7149729,0,0.2164908,0,0.2518712,0.03240951,0,0,0,0,0.3125975,0.3291898,0,0,0,0,0,0,0,0,0,0.1677739,0,0,0,0.8818789,0,0,0,0,0.5760592,0.1584074,0,0,0.01589616,0,0,0,0,0,0.01271607,0,0.258949,0,0,0,0,0.05656198,0,0,0.4654583,0,0,0.1841031,0.3121029,0.4989516,0,0,0,0.3773144,0.484684,0,0,0,1.051079,0.3517393,0.3168651,0.3979007,0,0.541728,0,0.5065842,0,0,0,0,0,0.01589974,0,0.7403557,0.5299416,0,0.05833802,0,0,0,0.6418877,0,0.338695,0,0.06792144,0.4268774,0.08575723,0.486525,0.06725733,0,0.3649439,0.08684738,0.6262816,0,0.1588704,0,0,0,0.1774514,0,0,0,0,0,0.5589978,0,0.2701948,0,0.2847444,1.100387,0,0,0,0,0,0,0.2656637,0.01382105,0,0,0.6748864,0,0,0.2273421,0,0,0,0,0,0,0,0.1837772,0,0,0,0,0,0.1601942,0.07465288,0,0.09574914,0,0,0,0,0,0.9520057,0,0,0.2019655,0.461934,0,0.112677,0,0.2261186,0,0.1849319,0.03847739,0.06645698,0,0,0.2630419,0,0,0.7234523,0.2020726,0.1358998,0,0.05487118,0,0.5304239,0,0.1598238,0,0,0,0.0004742974,0,0,0,0.03029765,0,0,0,0.6057118,0.2101738,0.2779788,0.2203119,0.2058195,0.1683791,0.9759231,0,0,0,0,0,0.7770333,0.11373,0,0,0.2051312,0.6079784,0,0,0,0,0.06920975,0,0,0,0,0,0,0,0.03246151,0.3023736,0,0,0.2329008,0,0.1514086,0.02130665,0.2684471,0.8090305,0.5622013,0.1690579,0,0,0,0,0,0,0.67964,0.2947426,0,0.1562715,0,0,0,0,0,0,0,0,0,0.4018764,0,0,0,0,0,0,0,0,0.07164187,0.2502944,0,0,0,0,0.2893815,0,0.754231,0.1555438,0,0,0,0.3973379,0,0.002931552,0,0,0.9391851,0.2167057,0,0.1375436,0,0.08476293,0.3398895,0.3026777,0,0,0,0,0.1948759,0,0.5398132,0,0,0.04268243,0,0,0,0,0,0,0.07542165,0.001495917,0,0.02399755,0.1657977,0.002165365,0,0,0,0,0.4828098,0,0.01176839,0.01578343,0,0,0,0.2445014,0.525088,0,0.5709323,0.06460061,0.1738721,0.172842,0,0.2366118,0,0,0.2916475,0,0,0,0.03135934,0,0,0,0.4047566,0,0,0,0,0,0,0,0.2150221,0,0,0,0,0.6570913,0,0.517669,0,1.03332,0,0,0,0.05218443,0.09137781,0,0,0,0.1015172,0.1209264,0,0,0.05793628,0,0.8105704,0,0.4249983,0,0,0,0,0.2104632,0,0,0,0,0,0.08864039,0.203359,0,0.6023226,0,0,0,0,0,0.005963309,0,0,0.2579882,0,0,0,0,0.004456713,0,0,0,0,0,0.2224132,0,0,0.431209,0,0,0,0.2454261,0.1144299,0,0.1232183,0,0,0,0,0,0.379141,0.0367891,0.02114975,0,0,0.3190107,0.01264855,0,0,0,0,0,0,0,0,0.08264943,0,0.4679209,0,0,0,0,0,0,0,0,0,0.2520546,0,0,0,0.01713201,0,0,0.1483426,0,0.4772133,0.2219876,0.7710699,0,0,0,0,0.4898803,0.166326,0.07327255,
0,0,0.06968934,0,0,0.5023575,0,0,0,0.1274744,0,0.3798311,0.4309741,0.1102425,0.3097717,0.2095212,0,0,0,0,0.2077938,0,1.490014,0.3827154,0.2437882,0,0.6784213,0.1278832,0,0.7757487,0.09728909,0,0.7733867,0,1.398413,0,1.143389,1.618695,2.626041,0,0,0,1.925069,1.434675,0.9446957,1.69998,1.256754,0.8649659,0.1899345,1.363094,0,0.03389597,0.3616795,0.3249488,0.4244464,0.528935,0,0.004792408,0.04513658,0,0,0,0.1724913,0.08161928,0,0.1452207,0,0.2542062,0,0.114905,0,0,0.5831993,0,0.5388379,0.2480859,0,0,0.03822045,0,0.1258899,0,0,0,0.3828157,0.2350011,0.2961242,0.2690018,0,0.10031,0.5889922,0.1775963,0.1185585,0.3646224,0.1733333,0,0,0,0,0,0,0.09551169,0,0,0.05384199,0,0.2194748,0.01849,0.1683966,0,0,0.2014216,0,0.6760817,0.08698945,0,0.1988051,0,0,0,0,0,0.02418545,0.1497288,0.2242666,0,0.035272,0,0.7065791,0.6181284,0.2932425,0,0.4520153,0,0,0,0.2815771,0,0,0,0,0.6779404,0,0,0.3652878,0,0.6535831,0.3068424,0,0,0.1894045,0,0.03202455,0,0,0,0,0,0,0.6028178,0,0,0.6349385,0.8258775,0,0,0.06764481,0,0.2011873,0.1973696,0,0.1118626,0,0,0,0,0,0.0846872,0,0.8081841,0.00454479,0,0.2108206,0,0,0,0.09193813,0,0,0.5543516,0.1936541,0.95823,0,0.09392911,0,0,0,0.7913333,0,0.607527,0,0.1916927,0,0,0,0,0.1787829,0,0,0.1538813,0,0,0,0,0.1893727,0,0.5334562,0,0,0.5223423,0,0,0,0,0,0,0,0,0,0,0,0.3088201,0,0,0,0.3565368,0.3946839,0.07025199,0.1701938,0,0.4804888,0.1279136,0,0.07989772,0,0,0,0,0,0,0,0,0,0.6233597,0,0,0,0.1798912,0,0,0.03241676,0,0.03072066,0.006627229,0.1364638,0,0.1454485,0,0.2926786,0.3262753,0.06225529,0,0.487795,0,0,0,0,0,0.06010217,0.1506689,0,0.1132789,0,0,0,0.6125463,0.8922978,0,0,0.2864656,0.1580192,0,0,0,0,0,0,0,0.1054262,0,0,0,0.1082082,0,0.02033227,0,0,0,0,0,0.4046577,0,0,0.9690296,0.5678797,0,0.08649784,0.1913948,0,0,0.03958269,0.05509722,0,0.1074382,0,0,0,0.008653461,0.1075464,0.2869885,0,0.07234065,0,0,0,0.512871,0.3728257,0.1029559,0.3649834,0,0,0,0,0.4115628,0.06776547,0,0,0,0,0,0,0,0.1959658,0.04968296,0.4117876,0,0.03419508,0,0.671406,0.5285507,0.05254416,0,0,0,0,0,0,0,0.6291307,1.232602,0,0.1809785,0,0.2732454,0.4819504,0,0,0,0,0,0.1112348,0,0,0.471394,0,0,0.3782122,0,0.1886651,0.1440239,0,0.1555554,0,0.438475,0,0.08876587,0.1959059,0,0.00817436,0.005295368,0,0,0,0.1188738,0.08357296,0.1531141,0,0,0,0,0,0,0.1973509,0.06343194,0,0,0.003818952,0.7942587,0.2016534,0,0.2737562,0,0.1946826,0,0,0,0,0.5221119,0,0,0,0.3216921,0,0,0.3192298,0,0.08864586,0,0.742896,0,0.2481914,0.2501095,0,0,0.9823915,0,0,0,0,0.2911475,0.1107556,0,0,0,0,0.409809,0,0.07366601,0.3752875,0,0.3879429,0,0.1911193,0.006679642,0,0,0,0,0.182401,0,0.1740942,0.5873438,0.1194837,0,0,0,0.2810872,0,0.2422103,0,0,0,0.02973522,0,0,0,0,0,0,0,0.5857577,0.2558053,0.552263,0.193222,0,0.1879187,0,0,0.03177298,0,0.07946679,0,0.1821491,0.1724077,0,0,0,0,0,0.5834889,0,0,0.1124151,0,0,0,0.298406,0.5648461,0,0.4269024,0,0,0.2396663,0,0,0,0.05129387,0,0,0,0,0.08621703,0.4312806,0.1217826,0,0,0,0.2291386,0.3675565,0,0,0,0.3594435,0,0,0.3634167,0.1548679,0.1120379,0,0,0.03288868,0,0.04595345,0,0,0,0.075739,0,0.2128809,0.1541079,0,0,0,0,0,0,0,0,0,0,
0,0.1829774,0.1279654,0.01887069,0,0,0.3668974,0.07818103,0,0,0,0,0,0,0.2779441,0,0.3047123,0.9961308,0.1067069,0.5355281,0,0,0,0.05539153,0,0.5728258,0.1972166,0.02396466,0,0.1386661,0,0.2381108,0,0,2.612292,1.58796,1.975388,0,0,1.68896,0.5373324,1.715062,0,0,1.515254,0,0.8707866,2.237742,0,2.016938,0,0,0.7873055,0.1252711,0,0.07471339,0.1365506,0,0.4109449,0.09670755,0.113362,0,0,0.1270056,0.2066103,0,0.02325358,0.1331277,0,0.3214523,0.08013356,0,0,0.02356361,0.3737664,0,0.1540789,0.4034919,0.8486587,0.3293798,0,0.05542088,0,0.2761364,0,0.7028672,0,0,0.2367033,0.3136386,0,0,0,0.1318208,0,0,0,0,0,0.3330071,0,0,0,0.5424841,0,0,0.6347288,0.277624,0,0.03086907,0,0.4526199,0.0794325,0,0.3435393,0,0.2745811,0.1830494,0.04962796,0.1236425,0,0.09122793,0.4282109,0.3499828,0,0,0,0,0.456184,0,0,0,0,0.1857813,0,0.1257825,0.1618471,0,0,0.001370517,0.2112624,0.1814478,0.4075896,0,0,0,0.1053685,0,0.02126243,0,0.1198296,0,0,0,0,0,0,0.4466666,0.7482759,0,0,0,0,0.3073505,0.2923541,0.958091,0,0.1631572,0,0.05848838,0,0,0.1089812,0,0.2246458,0,0.8739124,0,0,0,0.3023576,0,0,0,0,0.2209176,0,0.2502064,0.001654413,0,0,0.8012363,0,0,0,0.05145707,0.2193951,0.5509903,0.0949443,0.3893852,0.9506294,0.4226758,0.2680511,0,0,0,0.3539039,0.1215485,0,0,0,0,0.05733094,0.3550095,0.02510268,0,0,0,0,0.1125837,0,0,0,0.1073963,0,0,0,0,0,0,0.1474369,0.3180864,0,0,0,0,0.2106716,0,0,0,0.1165621,0.3940606,0.08183493,0,0,0,0.5043148,0.1297168,0,0,0,0,0,0.2725635,0.146201,0,0,0,0,0.6059197,0,0.1172002,0,0,0,0,0,0.4902931,0,0,0.09640195,0,0.04644888,0,0,0,0,0,0.1611811,0,0,0,0,0,0,0.3711599,1.176379,0,0.877012,1.07857,0,0,0,0.08819999,0.06754247,0,0,0.03128952,0,0,0,0,0.04880681,0.1332881,0.1053583,0,0,0.07804753,0.4620443,0,0,0,0,0,0,0,0.1097329,0,0,0.04341309,0,0.05097526,0,0,0,0,0,0,0,0,0,0,0.2379333,0,0,0,0,0,0,0.4521917,0,0.2543612,0.8245178,0.1775307,0,0,0,0,0.09100635,0.290603,0,0.1896404,0,0,0,0.1073458,0.6344043,0.2877943,0,0.203224,0,0.05632875,0.1113142,0,0,0.1225953,0.2340044,0,0,0,0,0.3184479,0,0,0.05364637,0.4921735,0,0,0,0,0,0,0.2782817,0.3955415,0,0.1917173,0,0,0.06909813,0,0.2763193,0,0.1241879,0,0,0,0,0.1931732,0,0.3248748,0,0,0.3747097,0,0,0,0.2230594,0,0,0,0,0,0.8837066,0,0.4070474,0.6845813,0.07490174,0.09987097,0.00184943,0,0.1252589,0,0,0.149266,0.07935066,0,0.1756158,0.3779099,0.06601718,0.3485363,0,0.241483,0,0.5611838,0.08666313,0,0,0.04342826,0.1755479,0,0.03589574,0.7335747,0.2657199,0,0.05361725,0.5169724,0.2303018,0.4560608,0.1639401,0,0.1733227,0.227264,0.447221,0,0.01577618,0.4871663,0.3245564,0,0,0,0,0,0.1646297,0,0,0,0,0,0,0.01428837,0,0,0,0.2515982,0.03230458,0,0,0,0,0,0.2015026,0,0,0.4174802,0.5066487,0.08207538,0,0,0,0,0,0,0,0.4557817,0,0.1011418,0,0,0,0,0,0,0.2237236,0,0,0.2638132,0.1007444,0.6706139,0,0,0.004138398,0,0,0.2894524,0,0,0,0,0,0,0,0,0.5096662,0.7388636,0.7844738,0,0,0.2487454,0,0,0.1209062,0,0,0,0,0,0.1818919,0,0.3512672,0,0.9048554,0.01981082,0,0.4968269,0,0.3858405,0.356457,0.2814094,0,0,0,0,0,0,0.1032435,0.1472786,0,0.1357884,0.1688429,0.2164385,0.2566923,0.02934251,0.1387113,0,0.2172718,0,0.8157699,0.02931002,0,0.4370695,
0.3031385,0,0.3423311,0.7667015,0,0,0,0.1339454,0,0,0,0.09660184,0.3419905,0,0.1933153,0.1153027,0.2890252,1.178723,0.003264745,0.01180701,0,0.3775121,0.2298457,0,0,0,0,0.5433804,0.5174026,1.837573,3.46678,2.118861,0.308676,0.9689223,0.4126371,0.2944392,1.612359,1.757995,0.4643877,0.3155258,0,0.9796076,1.424177,3.009262,4.219035,1.290269,0.7908957,0,1.926926,0,0.4464378,0,0,0,0.05937701,0.4157888,0.4512197,0.07007354,0,0.1995188,0.1936917,0,0.3750244,0.3759581,0.2619538,0.3308043,0.1215034,0,0,0,0,0.03263407,0,0.03945158,0,0,0,0,0,0,0,0,0,0,0.0756586,0,0.1731855,0,0,0.9819734,0.0618755,0,0,0,0.3245986,0.3001865,0,0.2837198,0.4354746,0,0,0.1623391,0,0,0,0,0,0,0,0.4281562,0,0,0.1154351,0,0,0,0,0,0,0,0.07708505,0,0,0,0.3775995,0.1264924,0.04848917,0,0,0,0,0,0.371437,0,0,0.187595,0.5369751,0,0,0.009490839,0.3106551,0,0.02977655,0,0,0.125397,0.1492101,0,0,0,0.4616988,0,0.1331881,0.4014024,0,0.3450358,0,0,0,0,0,0.2491828,0.2056427,0,0.2225895,0,0,0,0,0,0.01888525,0,0.2209841,0.0963083,0,0,0,0,0,0,0.1790287,0.2848864,0.4955269,0.006144481,0.05224109,0.6604254,0,0.001550172,0.02316156,0,0,0.2661527,0,0.06320997,0.4030037,0,0.4303422,0.03387119,0.7481086,0.05690852,0,0,0,0,0,0,0.09992044,0.4656393,0,0,0.2340195,0,0.1626081,0,0.04412718,0,0,0,0,0,0,0,0.07488154,0,0,0,0.2520589,0,0.3473363,0,0.6004975,0.1982936,0,0,0.3431041,0,0,0,0.3304082,0,0.3783461,0.7834221,0.3094163,0,1.139911,0,0.02207685,0,0.004725039,0.1698734,0,0,0,0,0,0.05299018,0,0.4956328,0,0,0.675878,0,0,0,0.07655659,0.254265,0,0,0,0.131275,0.1497877,0.2856021,0,0,0.4679964,0.5265377,0,0.2239881,0,0,0,0,0,0.4144418,0.8248233,0.1923606,0,0,0,0,0,0.08256173,0,0,0,0,0,0.006865935,0,0,0,0,0,0,0,0,0,0,0,0,0,0.4442974,0,0,0,0.2305331,0,0,0,0,0,0.1598317,0,0.7692112,0,0.3490117,0,0.04981796,0,0.2155891,0,0.006354482,0,0,0.3981839,0,0.3573641,0,0.222856,0.6886718,0,0.1078803,0,0,0,0,0,0.7171677,0.2919059,0,0,0,0.5241657,0.2738589,0,0,0,0.2722123,0.07283567,0,0,0.3060948,0,0,0,0,0,0.2391859,0,0,0,0.2308405,0.1944498,0.06015088,0,0.1641426,0.2759641,0,0,0.9955307,0,0.2937201,0.02107067,0,0.09578324,0,0,0.01672046,0,0.1462714,0,0,0,0.1287188,0.5256375,0.4128799,0,0,0,0,0,0.2938868,0,0,0,0,0,0,0.3486844,0,0,0.09532285,1.235316,0.3189763,0.04380232,0,0,0,0,0,0,0.07586136,0,0,0.1203031,0.04859449,0.1225641,0.3383752,0,0,0,0.1438057,0,0,0,0,0,0,0,0,0.108898,0.9835286,0,0,0,0,0,0,0.3178222,0,0.4201468,0,0.8601275,0,0,0.01982516,0,0.1341876,0,0.1835109,0,0,0,0,0,0,0,0,0,0.04117318,0,0.3931996,0,0,0,0.2333251,0.02084784,0,0.981474,0,0,0,0,0,0,0,0.09830989,0,0,0,0,0,0,0.0771904,0.003428207,0,0,0.1218179,0,0,0,0,0.06332807,0.1037989,0.05757104,0,0,0.007839868,0,0.7295545,0.1656893,0,0.338634,0,0.09027635,0,0.37346,0,0,0,0.1299903,0.1963418,0,0,0,0.01880971,0,0.2025737,0.1383537,0.1978498,0.08516103,0.6183323,0.03149854,0,0,0,0,0,0,0,0.0543714,0,0,0,0,0,0.218133,0,1.261359,0,0.0148,0.0353557,0,0,0,0,0,0,0,0,0.3117341,0,0,0,0,0.03019577,0,0,0,0,
0,0,0,0.07214207,0.1048147,0,0,0,0,0,0,0.2017039,0,0.2012773,0.3171865,0,0,0.3243967,0.5438878,0,0.0755953,0.3002723,0,0,0,0.1949269,0,0,0,0,0.6000155,1.660496,1.767738,1.84265,0,0.9734439,0,0.9385475,1.592537,2.043924,0,0.6618922,0,0,0.4913671,0.6221932,1.296884,0.551176,0,0,0.14484,1.024328,0,0.2912773,0.05286201,1.099121,0.3248554,0.4268513,0.5102621,0.07711726,0,0.3653008,0.1595515,0.242028,0.2200373,0,0,0,0,0,0,0.1750982,0,0,0.473531,0,0.5859302,0,0,0,0,0.1499167,0,0.6216251,0,0.1348163,0,0,0,0.5872025,0,0,0,0.3290288,0,0,0,0,0,0,0,0.1971746,0,0,0,0,0.2580669,0,0,0,0.16581,0,0,0,0,0,0,0,0,0,0,0,0,0.082711,0,0,0,0.634873,0,0.3884128,0.5496492,0.227894,0.1054127,0,0.3987424,0.04980274,0,0.002777876,0.7331247,0.1947383,0,0.3760253,0.05388476,0.1054816,0,0.03303334,0,0.1975725,0,0,0.2518244,0.09082992,0.06736007,0.01159317,0,0.4325485,0.3368658,0,0,0,0,0,0.2909735,0.4264515,0,0,0,0,0,0.4077945,0,0,0.0207401,0,0,0,0.157334,0,0,0,0.3047347,0.06885739,0,0,0.1239013,0,0.07336557,0.250729,0,0,0.1201638,0,0,0,0.2305791,0,0,0,0,0.003803512,0,0,0,0.08648472,0,0,0,0,0,0,0,0.2577194,0,0,0,0,0,0.7378485,0.2354269,0,0,0,0.1038054,0,0.3570841,0,0,0,0,0,0.08152767,0,0,0.1716214,0,0,0,0.3165664,0,0.1549379,0,0.1518776,0,0,0,0,0,0.056203,0.4758002,0,0.1941781,0,0.2235381,0.04578031,0,0.4761287,0,0.01845276,0,0.331919,0,0.1433425,0,0,0,0,0,0,0,0,0.4189124,0,0,0,0,0,0,0,0.1044908,0.1403347,0,0,0,0.04124824,0,0,0.8743756,0,0,0,0,0,0,0,0,0,0,0.3083254,0,0.8699678,0,0,0.3903145,0,0.07387575,0.04269985,0.2419116,0,0,0,0,0.09388732,0,0,0,0.105841,0.2230756,0,0,0,0.244215,0.1428661,0,0,0,0.3886572,0,0,0,0,0.7815967,0,0,0,0,0,0,0,0,0,0,0,0,0.5099189,0,0,0,0.1536785,0,0,0,0,0.1974431,0,0,0.3054388,0.1253932,0.1586025,0.002713181,0.335183,0.05922615,0.14886,0,0,0.4528813,0,0,0.5421311,0.07359868,0.2645991,0.4763536,0,0,0.7539412,0.9152444,0,0,0.5042997,0,0,0.3392692,0,0.6029294,0.1920458,0,0.8954569,0,0,0,0.508643,0,0,0,0,0.006473715,0,0,0.0348254,0.8894194,0,0,0.01945682,1.013081,0.7394167,0,0.1402659,0,0,0,0,0.2096369,0,0.6205788,0,0,0.5616016,0,0,0.5621871,0.3010345,0.8112058,0,0,0,0,0,0,0.3031978,1.426108,0.420439,0,1.101483,0,0,0,0,0.2934293,0.05698503,0,0,0,0,1.001179,0,0,0,0,0,0,0.4699085,0,0.007224343,0,0,0,0,0.3077818,0.1664408,0,0,0,0,0.3282489,0.04937821,0,0,0.4599949,0,0.3405299,0.1411023,0.1396409,0,0.005324081,0.05081451,0.02637738,0,0,0,0,0.008573692,0.0925428,0.5602043,0.04932867,0,0,0,0.04295633,0,0.5387474,0.2845344,0,0.5992907,0,0,0,0,0.4956358,0.5481983,0,0,0,0.1964464,0,0.1610364,0,0,0,0.02863167,0,0,0.2976008,0,0.1913093,0,0,0.19802,0.1461856,0,0.02659534,0,0,0,0,0,0.8994913,0,0.07249837,0.3613254,0.1997343,0,0.8564716,0,0.1594778,0,0,0,0,0,0.3315321,0,0.09666246,0,0,0,0,0,0.04377399,0,0.3094472,0,0,0.4400377,0,0,0,0.6002433,0,0.01615777,0,0,0,0.2030961,0.3371165,0.05854061,0.4566458,0,0.1110358,0,0,0,
0,0,0,0.05567945,0,0,0.2096746,0,0,0,0,0.3357556,0,0,0,0,0,0.07400312,0.7328507,0,0,0,0.5486451,0,0,0,0,0.1708596,0.09117644,0,1.79802,2.390514,1.795007,1.731149,0.5099167,2.648637,0,1.915659,1.676948,0.5128508,0,0,0.8953159,0,1.198487,2.578103,0,0,1.095828,1.069876,0,0.4252047,0.2365718,0,0.3225543,0.1536608,0,0,0.75494,0.2214397,0,0,0,0.1478774,0.1352642,0.3913093,0,0,0.03620014,0,0,0.01740406,0,0,0,0.2788155,0,0,0,0,0,0,0,0.08787752,0,0.2356423,0,0,0,0.009189069,0,0,0,0.6008595,0,0,0.0003369348,0,0,0,0,0,0.04237972,0.02710366,0,0.350941,0,0,0,0,0,0,0,0,0,0,0,0,0,0,0,0.6738595,0,0.3559719,0.1295378,0,0,0.1789581,0,0,0,0,0,0.1192996,0,0,0,0,0,0,0.2599263,0,0.3247608,0,0,0.6138909,0,0,0,0.2192956,0.1289746,0.10325,0,0.09677065,0.2016668,0,0,0,0.1030311,0,0,0,0,0,0,0.1548406,0,0,0,0.4769918,0,0,0,0.4121434,0,0.06336967,0.02874016,0,0,0,0,0.007029316,0,0,0,0,0.4151552,0,0,0,0.4213783,0,0.03964421,0.2687259,0,0.2437308,0,0,0.4852051,0.3218243,0,0.06430141,0,0,0,0,0,0,0,0.7424275,0.1871292,0,0,0.4100189,0.301509,0.3755631,0.6011741,0,0,0,0,0,0,0.1100954,0,0,0,0,0,0.2100966,0.2172939,0,0,0,0.3683404,0,0,0.4290867,0.001763735,0.04092311,0.1160578,0,0,0,0,0.2200036,0.2631964,0,0.127823,0,0.6989357,0,0,0.1093218,0,0,0.1296632,0,0,0.03648449,0.3479584,0,0,0,0.2984196,0,0,0,0.02131381,0,0,0.2397289,0,0.4217336,0.1671226,0,0,0,0,0.449463,0.4703727,0,0,0.06422967,0.10365,0,0,0,0,0.5545127,0.327014,0.3824462,0,0,0,0.2664549,0.04905317,0.2526031,0.4446253,0.2422619,0,0.419766,0,0.6993306,0.01334146,0,0.01672475,0,0,0,0,0,0.2917148,0,0.008175403,0,0,0,0.3251336,0,0,0,0.5374088,0,0,0,0,0,0,0,0,0,0,0,0.1190391,0,0,0,0.241797,0,0,0,0,0.09823435,0,0,0,0.07016297,0.1680847,0.184463,0,0,0,0,0.006301584,0.08808102,0,0.3944995,0.06408995,0,0,0,0,0,0,0.02940172,0.08409503,0.5773385,0.4743072,0,0,0.08032528,0,0.07149421,0,0,0,0,0,0,0,0.07962027,0.3349112,0,0.532158,0.7520796,0,0,0,0,0,0.1240118,0.1015537,0,0,0,0,0,0.01187383,0,0,0.6290492,0,0,0.3131333,0,0,0.01165757,0,0,0.4935896,0,0.06005467,0,0,0.7545662,0.02407076,0,0.4870508,0.06790705,0,0.1315798,0.3366764,0,0.1009206,0,0,11.64693,16.80366,7.016648,0,0,0,0,0,0,0,0,0.07529236,0,0,0,0.2286415,0.3414212,0,0,0.138216,0,0,0,0,0,0,0,0,0,0.3762434,0,0.07601729,0,0.0630389,0,0,0,0,0.7766922,0.2819591,0,0,0,0,0.1535701,0,0.2580097,0.4680052,0,0,0,0,0.4412454,0,0,0,0,0.5560706,0,0,0.3084128,0,0.197376,0,0,0,0,0,0,0,0,0.03683071,0,0,0,0.5010533,0,0.1528031,0,0.6102945,0.427325,0,0,0,0,0,0,0.5200948,0,0,0,0,0,0.5082362,0.1411013,0.4124268,0,0.9216218,0,0.07255617,0,0.4871119,0.2950368,0.08915661,0,0.5121515,0,0.1396742,0.703003,0,0,0,0.3079015,0,0.2907935,0.2632672,0,0,0,0.4939791,0.8473557,0,0,0,0.63767,0,0.05527786,0,0,0.7428651,0,0,0,0.1535394,0,0,0,0.08254008,0,0,0,0.02425125,0,
0,0,0.6089123,0,0,0,0,0,0,0.2540619,0.3292983,0.8419853,0,0,0,0.2989922,0,0,0,0,0,0.2707528,0.9213106,0.009802423,0.3159139,0,0,0,0.2014623,1.246021,0,0,0,0,0.9046496,0,1.811231,0.6218355,1.121229,3.479451,0.9004182,1.564402,0,1.228056,3.104969,0.7952738,0.09732094,0.3298765,1.432763,0,1.981995,2.994469,0.9894924,0.6822513,0.264333,0.2892585,0,0.3088611,0,0.005836834,0,0,0,0,0.2107785,0.2619804,0,0,0.2549751,0,0.03640693,0,0,0.7901525,0,0,0,0,0.1700211,0,0.1127605,0,0.01595446,0.1555119,0.1126543,0,0.6687648,0,0.02458984,0.0049792,0.387297,0,0.1068343,0.4859602,0,0,0,0,0,0.6138089,0,0,0.5363274,0,0,0,0.3520531,0.002184977,0,0,0,0,0,0,0.06981704,0.608281,0,0.3478748,0.1105226,0.1822747,0,0.9467357,0.09483956,0,0,0,0,0,0,0.02540332,0.0389834,0,0.4726462,0.2619057,0.367803,0.2734483,0,0,0,0,0.1752513,0,0.1604835,0,0,0,0.004473544,0.06827007,0.08940633,0.4307823,0.5090336,0,0,0,0,0,0.3635448,0.03865499,0.5882629,0,0,0,0.1752011,0,0,0,0,0,0,0,0.2683882,0.8448699,0.08778685,0.3450989,0.1529232,0.08176417,0.04467346,0.3448726,0,0,0,0,0,0,0,0,0,0.2769399,0,0,0.0644016,0.2953938,0.2668204,0.01749048,0,0.2916093,0.2408587,0,0,0,0,0,0,0.2130305,0.4786948,0,0,0,0,0,0,0,0.1255078,0.1233916,0,0,0,0.629635,0,0,0,0,0.1808997,0,0.4121008,0,0,0,0,0.02430309,0,0,0,0.1193916,0.1869741,0.2766985,0.02521569,0,0,0,0.3857266,0.112267,0.1897771,0,0.0791082,0.06943982,0,0.5540231,0,0,0,0,0,0,0.4367793,0,0,0.03187834,0.3187187,0,0,0,0.1912027,0,0.1367349,0,0.2279257,0,0.0124624,0,0.2917318,0,0,0,0,0.32332,0,0.3177203,0.3889125,0,0,0.01696655,0.1764854,0.8264184,0,0.03975712,0.177627,0,0.362159,0,0.04099458,0.1039652,0,0,0,0.005390286,0,0,0,0,0.1243214,0,0,0,0,0,0.4923556,0,0.3803578,0,0,0,0,0.178094,0.290044,0,0.3462228,0,0,0,0,0,0.04125177,0,0,0.4758002,0.09522721,1.141514,0,0,0,0,0.2316074,0.2860659,0,0.5487731,0.2268209,0,0,0,0.3762408,0.7102785,0.2992095,0.4654791,0,0.231676,0.1052983,0.3182389,0,0.05670191,0,0,0.5573292,0.1454266,0.4897176,0,0,0,0.113324,0,0.2201035,0,0.3363344,0,0,0,0,0.6532326,0,0,0,0,0.03039256,0,0.3295941,0,0,0,0.4458144,0,0.07890379,0.92515,0,0.3427974,0.09458542,0,0,0,0,0.4673513,0.3746769,0,0,0,0.12815,0.7128345,0,0.1493064,0,0,0,0,0,0.1611128,0,0,0,0.2106644,0,0,0,0,0,0,0,0,0.01361963,0,0,0.03199602,0.0825087,0.4510802,0,0,0.8153695,0,1.193619,15.34415,16.01845,17.85725,1.970385,0.44254,0,0,0.2223521,0,0,0.4336266,0.3721947,0.1400211,0,0.6319991,0,0,0.07334109,0,0,0.1907505,0.1770262,0.5816994,0,0,0.6111786,0,0.9914959,0,0,0,0,0.06383267,0,0,0,0.4891646,0.2077928,0,0,0,0.2478612,0.2668033,0.09349053,0,0.2479063,0,0.1231907,0,0,0,0.5265495,0,0.03661952,0.2866278,0,0.1408623,0,0.1822534,0,0,0,0.2567732,0.1408257,0,0.3828413,0,0.2019106,0.1532879,0,0,0.7040828,1.121191,0.003477108,0.7639419,0.1514127,0,0,0.1893848,0.8320777,0,0,0,0,0.4894162,0,0,0,0.1666534,0,0,0,0,0,0.7820206,0,0.6554984,0.244902,0.3511453,0.1589577,0.01333006,0.1971157,0,0,0,0,0.3302018,0.06367677,0,0.5346774,0.1000775,0.490821,0,0,0,0,0.1489041,0.484048,0,0,0,0,0,0.02937906,0,0,0,0.00783532,0,0.2148219,0,0.2255202,0,0.05250487,0,0.5260594,0.1386684,0,0.5194484,0,0,0,0.007774183,
0,0,0.03429171,0,0,0,0,0.02141136,0,0.3459508,0,0,0,0,0,0,0,0,0.1543041,0,0.4473071,0,0.2015351,0.5414426,0,0.01243846,0.1479268,0.2636693,0,0,0,0.3336304,0,0.01827095,0,0,0,1.295098,0.6303605,1.039964,0.8825295,2.556385,0,0,0,2.239802,3.656304,0.1748457,1.326824,0.03556755,0,2.277951,0,0.484302,0.6598006,0.5010182,0,0.4432349,0.176482,0.08135658,0,0.1262922,0.0623151,0,0,0,0,0,0.05155483,0,0,0,0,0.09011794,0,0,0.7111932,0,0,0,0,0,0,0,0.1492395,0,0,0,0,0,0.118474,0,0,0.1001789,0,0,0,0,0,0.02791697,0,0,0,0,0.1971002,0,0,0,0,0,0.07061966,0,0,0.4622579,0,0.2635434,0,0.4258773,0,0,0.2557053,0,0,0,0,0.153631,0.1442923,0,0.05352161,0.2441496,0,0,0.1077655,0,0,0.2148745,0,0,0.1428904,0,0,0,0,0.3604881,0,0.7048363,0.334685,0.01750174,0.07592226,0.2862061,0,0,0,0.4584852,0.1618452,0,0.5696141,0,0,0,0,0,0,0,0,0,0.0770755,0,0.07339071,0,0,0,0,0,0,0,0,0.174118,0,0.1455218,0.4895942,0,0,0.03024387,0,0,0,0.2895242,0.096562,0,0,0,0,0.2804385,0,0.4901478,0,0.1915359,0.4005297,0.2700045,0,0,0,0,0,0.1823407,0,0,0.3870056,0,0,0.1530846,0,0,0,0,0,0.158508,0,0,0.1119223,0,0.004202007,0,0,0.3835784,0,0,0,0.2650186,0,0.1222056,0,0,0,0,0,0,0.07759385,0,0.05213558,0,0.6436161,0.2101571,0,0.1448677,0,0,0.7496684,0,0,0,0.6878994,0.7420589,0,0,0,0,0,0.2924079,0,0,0,0,0,0.1970281,0,0.5625819,0.2073209,0.3679454,0,0,0,0.06785342,0.1708274,0.4314388,0.03125106,0.02130561,0.06148018,0,0,0.2513322,0.3462501,0,0.4638364,0.03339532,0,0,0,0,0,0,0,0.1748369,0,0,0,0,0,0.1203393,0.2341794,0,0.01864489,0,0.04320195,0.2880806,0.1572268,0,0,0.03660084,0,0,0,0.5753322,0.5479463,0.08970606,0,0.2644918,0.1936861,0,0,0,0,0,0,0.09635143,0.0645828,0.1168019,0.2717404,0,0,0.5501229,0.3950633,0,0.3200293,0,0.121075,0,0,0,0,0,0,0,0,0.1298888,0.05255823,0,0,0,0,0.07773253,0,0.4684111,1.026209,0,0.06394573,0.03500982,0,0,0,0,0.4998006,0,0.1267213,0,0,0,0,0,0,0.539068,0.2460567,0,0.006838026,0,1.678891,0,0.3087319,0,0,0,0,0.4998606,0,0,0.01456668,0,0,0,0,0,0.4253379,0.04525847,0.1846768,0.4863769,0,0,0,0,0,0,0.04778661,0.09714387,0,0.3386821,0,0,0,0,0,0,0.08617309,0.1780469,0.2922438,0.5036685,0,0.6739312,0.1506464,0,0.4125084,0,0,0.2086621,0,0.08340623,0,7.570075,14.29004,16.64072,5.79349,0,0,0.2169683,0,0,0,0,0,0.7033366,0.05624371,0.5426843,0,0.1206958,0,0,0,0,0,0,0.3639161,0.08101467,0,0,0,0.09357544,0.09552377,0,0,0,0,0,0,0,0,0.5086302,0,0.204095,0.2128044,0,0,0.1852412,0,0,0.2583195,0.5933327,0,0.180929,0.3255315,0,0,0,0,0.0782728,0,0,0.1931582,0.08243667,0,0.8452967,0,0,0.09753779,0,0,0.1490683,0.05940733,0,0.5695068,0.04316867,0.1899377,0,0,0,0,0,0,0,0,0,0.1158531,0,0,0.5055763,0.1011166,0,0,0,0,0,0,0,0.1653151,0,0,0,0,0,0,0.1582204,0.05566519,0.3350691,0.002980948,0.1094152,0,0,0,0,0,0.2986669,0,0,0,0,0,0,0,0.1274102,0.2131181,0.5595955,0,0,0,0.1744853,0,0.197529,0,0,0,0,0,0,0,0,0.568085,0,0,0,0.4201967,0.5455589,
0,0,0,0.1229294,0,0,0,0.2506908,0,0,0,0,0,0.2303398,0,0,0,0.04260137,0,0.08728436,0.1365526,0.6426825,0.5532933,0,0,0.3072562,0,0,0.005523214,0.3763092,0.3781235,0,0.01413212,0,2.42288,0.3338134,0,0.1761495,0,0,1.181234,0.07676277,0,0,3.457566,0,0,0,0,1.240052,2.23173,0,0,0.4485195,0.9922192,0.4483762,0,0.7114077,0,0.03657566,0,0.3705632,0.8942115,0,0,0,0,0,0.6274458,0,0,0,0,0,0.3079223,0.4794757,0.1182854,0,0,0.2509804,0,0,0,0.4478291,0,0,0,0,0.1983638,0,0,0,0,0,0,0.03812039,0,0,0,0,0,0,0,0,0,0,0,0,0,0,0,0,0.406725,0.03311514,0,0,0.1384349,0.05778826,0,0.9919352,0.1236277,0,0.4212942,0.05654951,0,0.2597182,0,0.05124141,0,0,0,0,0.2399288,0,0,0.02752041,0,0.2350938,0.4709275,0.3760097,0,0.1529474,0.08944733,0.4726142,0.4215702,0.1932645,0,0.3071519,0.04335091,0.2295893,0,0.6905121,0,0.01604358,0,0.4526514,0.2862312,0,0,0.03991675,0,0,0,0,0.315994,0.3554065,0.3510651,0,0.03532846,0.3194045,0,0,0.4413437,0,0,0,0,0.2409524,0,0,0.5163765,0,0.01634273,0,0.3075802,0,0.3188982,0,0,0,0,0.01489346,0,0.3418963,0.0723943,0,0.464567,0,0,0,0,0,0,0,0.06837774,0.2717272,0,0,0,0.3342037,0.1311286,0,0,0,0,0.1342192,0.001797869,0.208962,0,0.07611338,0,0.08383112,0.3547589,0.3470887,0,0.2172206,0,0,0.3679392,0,0,0,0,0,0,0,0,0,0,0.2214943,0,0.1129954,0,0,0,0.710013,0,0,0,0,0,0.01252243,0,0,0.3131717,0.13094,0,0.2315629,0,0.5006359,0.4629764,0,0,0,0.2688186,0,0,0,0,0,0.1542875,0,0.9643962,0,0,0,0.006200593,0,0.4158998,0,0.3055107,0,0.584592,0,0.3924681,0.1328299,0.561904,0.03523135,0,0.5317991,0.5445102,0.202278,0,0.1729564,0.3406614,0.119809,0.1546999,0,0,0.0167781,0.06593832,0,0.3055069,0,0,0,0.04198973,0,0,0,0.2048906,0.4039961,0,0.3174671,0,0,0,0,0.4121267,0,0.09038069,0.0588075,0,0.3270487,0.4039368,0,0,0,0.3966439,0,0.3972574,0.4531289,0.09080559,0.2154238,0,0.5535396,0,0,0,0.2769113,0,0.007189488,0,0,0,0,0.2489823,0,0,0,0.1393311,0,0,0.09365691,0.1128045,0,0,0,0,0.08888599,0,0,0,0,0,0.4212372,0,0.4866325,0.1715576,0.1631758,0,0,0,0.3121224,0,0.3717064,0,0,0,0.5126987,0,0,0,0,0.1210279,0,0.1021503,0,0,0,0.1312191,0,0,0,0.1610595,0,0.2265983,0,0.0807208,0,0.3994623,0,0.229358,0,0,0,0,0,0,0,0,0,0.02848455,0.3838666,0,0.2590669,0,0,0,0.3664278,0.5160496,0.3151647,0,0,0.08967834,0.1883148,0,1.056825,12.47564,14.06531,2.52539,0.2734852,0.1505045,0,0,0,0.7428398,0,0,0,0,0,0,0,0.03041341,0.4407431,0.1088641,0,0,0,0.2763304,0,0,0,1.155814,0,0.7435451,0,0.3713281,0.4594347,0,0.4781148,0,0.6445507,0,0,0,0,0,0,0,0,0.2872909,0,0,0,0.3089308,0,0.1166762,0,0,0.04400936,0,0,0,0,0,0.3504307,0,0.2027965,0,0,0,0.07747371,0,0.2828531,0.5718754,0.151518,0,0.1034261,0.08175432,0.5204662,0.1105933,0.2476697,0,0.1911957,0,0,0,0,0.4188848,0,0,0.09689181,0.006410482,0,0,0,0,0.1396944,0,0,0.2227451,0,0,0,0,0.3766735,0,0,0.3698282,0.1143848,0.01468611,0,0,0,0.05018979,0.2076171,0.3310018,0,0,0,0,0,0,0.05156673,0.02256246,0.4308564,0,0,0,0,0,0.04320442,0,0,0,0,0,0,0,0,0.2714182,0.3994599,0.1537517,0,0,0,0,0,
0,0,0,0,0,0,0,0,0.5794731,0,0,0.3115512,0.08663797,0,0.06579109,0.5091971,0,0.2805968,0,0,0,0.02389482,0,0.02847535,0,0.3738083,0,0,0,1.171599,0,0,0,0.5296235,2.691636,0,0,2.515327,1.013928,1.340889,0.428189,0.8939818,0.7083231,1.42692,0,0,0.9951701,0.9208238,0,1.315929,0,0,2.65426,0,0,0.4172924,0.03584805,0,0.104683,0.03079195,0,0.3498878,0,0,0,0,0,0,0,0.3310496,0,0.06235232,0,0,0,0.4286665,0.02938886,0,0,0,0.1107055,0,0.1412522,0,0.2986045,0.6537066,0.2201173,0.2102841,0.8261137,0.1480385,0.2068076,0,0,0,0,0.3617969,0,0.07762926,0,0.3423474,0,1.042374,0,0,0,0.01422159,0,0,0.145316,0,0,0.1365745,0,0,0.2753925,0.2800267,0,0,0,0,0,0,0.6731511,0.311811,0.741237,0,0.04515225,0,0.1738936,0,0,0,0,0,0,0.5535915,0,0.2601645,0.1020375,0,0.1692568,0,0,0.1387933,0.06672925,0,0.1751398,0,0.2556805,0.005382142,0,0.1654883,0.2182309,0,0,0.2651093,0,0,0.1622977,0.4291306,0,0,0,0,0,0,0,0.0002529605,0,0,0.1605736,0,0,0.3309459,0.5789928,0,0,0.4061019,0.10636,0,0,0.1508472,0.1644634,0,0.2136042,0,0,0,0,0,0.01815071,0,0,0,0,0.5052708,0,0,0,0.1657776,0,0,0.1823064,0.04273178,0.3104258,0.07442696,0,0,0,0,0,0.1935813,0.5197082,0,0,0,0.4742382,0,0,0,0,0,0,0,0,0.1093296,0,0.167975,0.1950942,0,0.3992451,0,0,0,0,0,0.1403118,0,0,1.132069,0,0.1147428,0,0,0.3364246,0.3370727,0,0,0,0,0,0.5153917,0.01065435,0,0,0,0,0.162549,0.736578,0.00426685,0,0,0.6280216,0,0.3851001,0,0,0,0.001806404,0.09806462,0,0.06798837,0,0,0,0,0.07104783,0.1502658,0,0,0,0,0.4612324,0,0,0.6620747,0.3712628,0,0,0.09739802,0.4318434,0.2637216,0,0,0,0,0,0.08777203,0,0,0,0,0.1670164,0,0.08525789,0,0.09849866,0.08205581,0,0.1322403,0,0.2345323,0.2555878,0.6102038,0.8267908,0,0.1236214,0,0.8417005,0.7584788,0.2724064,0.7891066,0.3009349,0,0,0.4801283,0,0,0,0,0,0.595091,0,0,0,0,0.007215886,0.6349856,0.3285281,0.4863819,0,0,0,0,0,0,0,0.4105163,0,0.3904121,0,0.08164752,0.2273765,0,0,0,0,0.3200229,0.1498599,0,0.1655765,0.2435668,0.297704,0,0,0,0.2175384,0,0,0.1654368,0.2605851,0,0,0.434448,0.05272676,0,0.7908956,0.1920207,0,0,0,0.3480046,0,0.2114015,0.2297152,0,0,0,0,0,0.02220295,0.1212709,0,0.1047209,0,0,0,0,0.5524038,0.2786824,0,0.3022729,0,0.1303673,0,0,0,0,0,0,0,0,0.04171665,0,0.1415285,0,0,0.3635693,0,0.3508262,0,0.1414577,0,0,0.08621233,0,0.1626812,0.8731289,0.3981394,0.6511894,0,0.2495321,0,0.6809794,0,0.1651666,0,0,0,0.1947861,0.1896356,0,0,0.4930294,0,0.1241738,0,0,0,0.2330418,0.3931554,0.02267561,0.2075485,0.5678778,0.3812712,0,0.7887052,0,0,0,0,0,0,0,0.5151256,0.3758814,0,0,0,0.009973017,0.1897991,0.138735,0.04310856,0,0,0,0,0,0,0.4439331,0,0,0,0,0.3243082,0,0.05847915,0,0.06238221,0,0,0,0.4087335,0,0,0,0,0,0.1215382,0,0.2825376,0,0,0,0.007916473,0,0.06784216,0.2104218,0.2217236,0.1518745,0.323514,0,0,0,0.3696711,0,0.3126004,0,0,0.008985223,0.3929642,0.05939937,0.1181703,0.4249718,0,0.2261404,0,0,0.6010868,0.6708436,0.238588,0,0.0108297,0,0,0,0,0,0.1661824,0.3193906,0,0,0,0,0,0,0,0.1587606,0,0.2220009,0,0,0.225748,0.3681032,0.3437277,0.2713352,0,0,0.1088968,0,0,0,0.1974951,0,0.6052157,0.05144444,0,0,0,0,
0,0,0.1032693,0.2927704,0,0.5633869,0.149774,0,0,0,0,0.2411185,0,0,0,0.3570951,0,0.4607213,0.6281528,0,0.1262723,0.4935426,0,0.2712461,0.3742737,0.3402182,0.3596606,0.09385661,0,0,0,0,0,0,0,0,1.932214,0.9831746,0,0.1457153,0,0.4089876,0.3835331,2.232749,0,0,0,0,0,0,0,2.229359,0,0.08028215,0.04762037,0.4333158,0.5424342,0.3449961,0.1462479,0,0,0,0,0,0,0,0,0,0.06391761,0,0,0,0.4158422,0.206688,0,0,0,0,0.09683096,0.5846507,0,0,0,0,0,0,0.5011559,0.3766457,0.9109807,0,0.4590488,0,0,0,0.06622221,0.3576974,0,0,0,0.1296449,0.5278882,0,0.04126056,0,0,0,0,0.03433108,0.3417761,0,0,0,0.2440826,0,0,0.5544758,0,0,0,0,0.2397372,0.1756346,0.7320794,0,0.1509896,0,0,0.4806861,0.8749624,0,0.3027587,0,0,0.7099627,0,0.3814999,0.3625121,0,0,0,0.3358589,0.5336851,0,0.1025314,0,0,0,0,0,0,0,0,0,0,0,0,0,0.2410603,0,0.1162512,0.4577623,0.2559415,0,0.3483922,0,0,0,0,0,0,0,0,0,0,0,0,0.1572271,0.08084509,0.184433,0,0.2901132,0,0.2600125,0.02512652,0,0,0.4162448,0,0,0.590134,0.5035485,0,0.3700532,0,0,0,0,0.1794001,0.1118287,0.9102256,0,0,0.8863972,0.2530374,0.2875537,0.3855036,0.08882466,0.09957226,0.412116,0,0,0,0.4389519,0,0,0,0,0,0.07234167,0,0,0.1065114,0,0,0,0,0.5355426,0,0,0.1356254,0,0,0.5338201,0,0,0.1585941,0.02253278,0,0,0.0668558,0.4047601,0.07530072,0,0,0.3282567,0,0,0.05267086,0.294729,0.146781,0.3915423,0.1314872,0.09712142,0,1.027547,0,0.5109575,0,0,0.3442459,0.02466271,0,0.187458,0,0,0,0.3607312,0.08200963,0,0,0,0.4550122,0,0,0.1721304,0,0,0.266632,0,0.00963476,0.04717641,0,0.1583478,0,0,0,0.7264739,0,0,0,0,1.126788,0.5315873,0,0,0.1715926,0,0,0,0,0,0,0.0940948,0,0,0,0.01657092,0,0,0.1595162,0.2126842,0,0,0,0.1230343,0,0.06605277,0,0,0,0,0.4468395,0,0,0.220903,0.07832307,0.0488163,0.1523565,0,0.2291018,0.4110029,0,0.1278801,0,0.2559897,0.8981685,0,0,0.1689996,0,0.04100543,0,0.1514245,0.1002705,0,0,0,0,0.1415287,0,0,0,0,0,0,0,0,0,0,0.07868216,1.197709,0,0,0,0.2318594,0.2979648,0.4535874,0,0,0.1148385,0,0,0,0,0.202245,0.1892448,0.181706,0.1134792,0,0,0,0,0,0,0,0,0,0,0.1123056,0,0.3858404,0.03720859,0,0,0,0.07399447,0.3835421,0,0,0,0,0.1878085,0,0.6099629,0,0,0.1268304,0,0.4178522,0.3196607,0.1659129,0,0.3063205,0,0,0,0,0,0.161539,0.02853968,0,0.1006542,0,0,0,0.9545318,0.1509185,0,0.6110398,0.502605,0,0,0.04131176,0.3566845,0.0003325061,0,0,0,0.05908087,0,0.5883696,0,0.4835887,0,0.06962933,0.1934435,0,0,0,0.1442722,0,0,0,0,0.5210837,0.3028955,0,0,0,0,0.717113,0,0,0.4570358,0,0.2495314,0.2053418,0,0,0,0,0,0,0.4964926,0,0.2151068,0,0,0.4446363,0.04417882,0,0,0.1292095,0,0,0.570795,0.05374382,0,0,0,0,0,0.1050389,0.2072638,0,0,0,0.06440201,0,0,0,0.1439088,0.1846612,0,0.7724351,0.2340645,0,0,0,0,0.3344469,0,0.1505939,0,0,0,0,0,0,0.4553641,0,0.3284043,0,0.05140721,0,0,0,0,0.2103538,0,0,0,0.363272,0,0,0,0,0.604897,0,0,0.09371345,0,0.9276568,0,0,0.0930787,0,0,0,0.1525626,0,0,0.0807481,0,0.006031875,0.1911158,0.03330051,0,0,0,0,0.6995801,0,0,0,0,0,0.5357609,0,0.0682169,
0.2987584,0,0.2038589,0.6012238,0.3492588,0,0.165155,0.2637868,0,0,0.5544294,0,0,0.2923963,0.01344952,0.5299135,0,0,0.08699597,0,0,0,0.3583023,0.2151303,0,0,0.4967814,0.3163023,0.3144914,0.4730934,0.896365,0.3380073,2.143119,0.830102,1.764109,0,0,0,3.56341,0,2.71965,0,0.7594223,0.9109219,0.003223696,2.282365,0.114138,2.880757,0,3.022791,0,0,1.015531,0.2897926,0.2790919,0.07171888,0.06883489,0.002410258,0.406654,0.100485,0.6501034,0,0,0,0.415738,0,0,0,0,0.3651124,0.4531822,0,0,0.04737987,0.1372327,0,0,0.990224,0.2113945,0,0,0,0,0.2495657,0.592707,0.3998826,0,0,0,0,0,0,0,0.9148028,0.2327317,0.1634893,0,0,0.269344,0.9454441,0,0.2584661,0,0,0.6449071,0.2926626,0,0,0.158374,0.0652473,0,0.1676816,0.02677919,0,0,0,0,0.01873356,0,0.8687859,0.1343351,0.2078133,0,0.5044708,0.03630932,0.1564056,0,0,0.1581613,0,0.6894267,0,0.07551113,0,0,0,0,0.07728275,0,0,0,0,0,0.2584198,0,0,0,0,0,0.02312738,0.02860221,0.461084,0.352916,0,0,0,0,0,0.1249731,0.3225625,0,0.1868288,0,0,0,0,0,0.6401551,0,0.1300056,0,0.2691831,0.03115912,0,0,0,0,0,0,0.3293605,0,0.3796758,0,0.5276444,0.145299,0,0,0.3583681,0,0,1.024754,0,0.1327541,0,0.4635812,0,0,0,0,0,0,0,0,0.1974017,0,0,0,0,0.03432964,0,0,0,0,0,0,0.2482889,0.4245043,0.1038036,0,0,0,0,0,0,0,0.3643281,0,0,0,0.3057364,0,0.2198468,0.5544319,0,0,0,0,0,0,0,0,0.1000214,0,0.2304187,0,0,0,0,0,0,0,0,0.295902,0,0,0,0,0,0,0.4017785,0,0.08019548,0.119512,0,0,0.7011977,0.01748797,0,0,0.1002237,0,0.1025615,0,0,0,0.02515247,0.4361542,0.3629136,0,0,0,0.1356919,0.04230936,0,0,0,0,0,0,0,0.02992234,0.8292115,0,0.04117406,0.6442139,0,0,0.1188411,0.4374263,0,0,0.06088828,0,0,0,0,0,0,0,0,0,0,0,0,0.02485121,0,0,0.2427639,0.2512159,0,0,0.03383347,0,0.5606211,0,0.6216165,0,0.3075305,0,0,0.2832662,0,0,0.2436282,0.3737552,0,0.8227454,0.1027097,0,0.003325388,0,0.2005162,0,0,0.2420456,0,1.171153,0,0,0,0.04424805,0,0.005676231,0.1485292,0,0,0,0.1713172,0.3015467,0,0,0,0.1843585,0,0.2151869,0.0350062,0,0,0.3622801,0,0,0.6739793,0,0,0.8697523,0.4716637,0.09332316,0.2510582,0,0,0.01943071,0,0,0,0.2390416,0,0.5393586,0.316509,0,0.2998855,0,0.2789243,0,0.590796,0.2358147,0.7230654,0,0,0,0.05072078,0,0,0,0.03620888,0.5579653,0,0.1077916,0,0.5996237,0.2210225,0.05234268,0.3792531,0.05766735,0,0.07148014,0.2170459,0.2520611,0,0.2263567,0.1039993,0,0,0.08150224,0.002134405,0.4575575,0,0,0,0.7993826,0,0,0,0,0.360364,0,0.5853901,0,0,0,0,0.659927,0.09451872,0,0.1291583,0.1518168,0,0,0,0,0.3146526,0,0,0,0,0,0,0,0,0.1271524,0,0.4693813,0.474883,0,0,0,0,0.4335878,0,0,0.5460007,0.2502245,0,0,0,0.2864381,0,0,0,0,0.1918856,0,0,0,0,0,0,0.5555197,0,0.2366111,0,0,0,0,0.156598,0,0,0,0,0.02584051,0,0.7608097,0.3019889,0,0.1262337,0,0.06160411,0,0,0,0,0.06712617,0,0.2390481,0,0,0,0.09093039,0.2778676,0,0,0,0,0.6638839,0,0.2484769,0.5155902,0.3360782,0.4681474,0.2069097,0,0.2172106,0.008427792,0.04163771,0,0.474058,0,0.2956845,0.4151137,0.4859406,0,0,0,0,0,0.1108501,0.3458404,0,0,0.08404344,0,0.5421293,0.1268978,0,0.2222582,0.05261459,0,0.1883844,0.4174955,0,0.0129335,0.2685865,0.2323169,0,0.3162298,0,0.09899168,0,1.219118,0.1648918,0,
0,0,0,0,0,0,0,0.4030529,0.2763483,0,0,0.5573477,0,0,0,0,0.03656123,0.4376818,0.5685669,0.1710497,0,0,0.3971834,0,0,0,0,0.02922856,0.1371576,0,0,1.524934,0,2.273247,0.429139,0,0.142425,0,0.3951301,0.4928218,0.4578055,0,0,0,0,0,0,0.8333474,1.763375,0.2086079,3.273571,0.9025173,1.005853,0.8050334,0.1338793,0,0.3001991,0,0,0,0,0.01586896,0.1605554,0,0,0.3057951,0,0,0,0.07339144,0,0,0,0.1475206,0,0.3559465,0,0.4029455,0,0.1467882,0,0,0,0.5363963,0,0.2881604,0,0.168613,0.02116551,0.3472928,0.6130241,0.3132266,0,0.01726942,0.4808421,0.2416163,0,0.0594367,0,0,0,0.003887405,0,0.4000793,0,0.0933191,0,0,0,0,0,0,0.1067285,0,0,0,0,0.08837537,0,0,0,0,0,0,0,0,0.8386681,0,0,0.1261362,0.04856029,0.1278772,0,0,0.1897553,0,0,0.8281767,0,0,0,0.2400506,0,0,0,0,0,0,0,0.3244801,0,0,0.3233503,0,0.3985638,0.3397962,0,0.6341184,0.7560848,0,0,0.4653241,0,0,0,0,0,0,0,0,0.1067867,0,0,0,0,0,0,1.034243,0.1226865,0.7287237,0,0,0,0,0,0,0,0.626904,0.6598137,0.3226682,0,0.695565,0,0.4548609,0.2776981,0.0801698,0,0.4309597,0.9010954,0,0,0,0.3063683,0,0.749568,0,0,0.2515059,0,0,0,0.1317466,0.1468926,0,0.05677808,0,0,0,0,0,0.3348017,0,0,0.1165685,0,0.07361658,0,0,0,0,0.6045664,0,0,0.04814014,0.1204946,0.3030715,0,0.1373972,0,0,0,0,0,0,0.01527365,0,0,0,0.1270546,0,0.3902583,0.1689345,0,0.703601,0.00623711,0.1129426,0,0.1321728,0.0932021,0.3151008,0,0,0.1951314,0,0,0,0,0.4365079,0,0,0,0.2184715,0.02079962,0,0,0,0.1993153,0,0,0.1485472,0.1618526,0.8846276,0,0,0,0,0,0.3154848,0,0.1887717,0.4692003,0.3825825,0,0,0.2483643,0,0,0,0,0,0,0,0.1238421,0,0,0,0.1808057,0.7437718,0.1120178,0.1996664,0,0,0.4468357,0.2465131,0,0,0,0,0,0,0.4270534,0,0.1018262,0,0,0,0,0.247368,0,0,0,0,0.1644339,0,0,0,0,0,0,0,0,0,0.01884873,0,0,0.4007593,0.06719292,0,0.3854219,0.2456734,0,0,0.07294711,0,0,0,0,0.6067095,0.3144849,0.4586294,0,0.2332823,0.1831405,0,0,0.5366007,0,0.4473552,0.03566869,0,0,0,0.202904,0,0.2736214,0.3954559,0,0,0,0,0,0,0,0.723841,0,0,0.2354397,0.1113367,0,0.3993883,0,0,0.7821497,0,0,1.017485,0,0.2726929,0,0.8817872,0,0,0,0,0.5906025,0.721287,0.03517446,0.1595726,0.08113192,0,0,0,0,0,0,0.02067346,0,0,0,0.2257862,0,0,0.44544,0,0.2008622,0,0.04871869,0,0,0.2988511,0,0,0,0.3441476,0,0.09209503,0.4354463,0.7283834,0,0,0.4752397,0.7266992,0,0,0.1033491,0.1146224,0,0,0,0.24222,0,0,0,0,0.4202772,0.01292766,0,0,0.0144973,0.5516177,0.0006406787,0.06829715,0.3408072,0,0,0.585345,0,0,0.05795647,0,0.08954315,0,0.1092256,0,0,0,0,0,0,0,0,0.8790662,0.07453195,0,0,0,0,0,0,0.07498188,0,0,0.4904455,0.4484139,0,0,0,0,0,0,0.4366433,0,0,0,0,0,0,0.258957,0,0,0.1385718,0,0,0.4613009,0.3719887,0.1804585,0,0,0,0,0,0,0.5655085,0,0,0.4743678,0,0.6688485,0.2100979,0,0.7013416,0,0.02408517,0,0.0760863,0,0.6840445,0.146081,0,0.1542067,0,0.2415984,0.054572,0,0,0,0.1401352,0,0.3193218,0.1248507,0,0,0.01261733,0,0,0,0,0.4443636,0.1265499,0,0,0.5709099,0.3859893,0.08455998,0,0,0,0,0,0,
0,0.08932006,0,0.1772142,0,0,0,0,0,0,0.06499624,0,0,0.11121,0.1448771,0.1775559,0,0.05796136,0,0,0.1048352,0,0.0001102311,0,0.383086,0.3177114,0,0,0.04388851,0,0.4566457,0,0.09459142,0,0,0,0.5915568,0.4288888,1.046853,0.3818946,0,0.02619145,0.2449878,0,0.5769087,0.03606784,0.7566379,0,0.6186767,0.01792001,0,0.1952253,0.1893357,0.4039562,0,0.2568225,0.1574046,0.2432168,0,0,0.149976,0,0.6074793,0,0,0,0,0,0.5791453,0.2355237,0.7928396,0,0.06231261,0,0.1351762,0.1469196,0.3999487,0,0,0,0,0.2310469,0,0,0.09297056,0.05121927,0,0.02572055,0,0,0.01196999,0,0,0.006716338,0,0.09324337,0,0.0529746,0.01766592,0,0,0,0.2061045,0,0,0.01846656,0.03907635,0,0.528965,0,0,0,0,0.7076162,0.01649975,0,0,0,0,0,0,0,0,0,0.3322505,0,0.2952609,0,0,0,0.3625301,0,0,0.4540243,0,0,0,0,0,0,0.04719752,0,0,0,0.2067407,0,0.07321516,0.1343713,0,0.161152,0,0.5282338,0,0,0,0,0,0,0.00190866,0,0,0.5450209,0.2468331,0.366224,0,0.4225127,0,0,0,0.269324,0,0,0.4489366,0,0.02227318,0.03562858,0,0,0.2572796,0.3246265,0.04134956,0,0,0,0.4346346,0.781841,0,0.1713545,0,0,0.2339995,0,0.121601,0.08245331,0.3034501,0,0.7238777,0.5565977,0,0.04329278,0,0,0.2094964,0.30586,0,0,0,0,0.02010681,0,0.4863035,0,0.2564882,0.1816689,0,0.1861433,1.102711,0,0,0,0,0.1349902,0.5325817,0,0,0,0,0,0,0.188079,0,0,0,0.2790344,0,0,0,0.2123028,0.8958681,0,0.1917387,0,0,0,0.07785549,0,0,0.01983421,0,0,0,0,0,0,0.2101166,0,0.04180166,0,0,0,0,0,0,0,0.1626721,0,0,0,0,0,0,0.01492569,0,0,0,0,0.9085104,0,0.3839666,0,0.3790915,0.050517,0.1399272,0,0,0,0,0,0.122684,0,0,0,0.02209488,0,0.9392856,0,0,0,0.3288532,0.2076293,0,0.01939614,0,0,0,0.6348291,0,0,0.07670429,0,0.0390569,0,0.6550392,0.8175097,0.1473773,0,0,0,0,0.2386291,0,0.04984563,0,0,0,0,0.1746703,0,0.2009142,0,0.2550723,0.1380814,0.6812024,0.1837717,0,0.3271626,0.3675915,0,0,0,0,0,0,0.4096543,0,0.1962564,0,0.4521483,0,0.09065972,0,0,0,0,0,0.7160828,0.1152643,0.1410897,0.1266574,0.3228019,0.6428308,0.151435,0,0.1386942,0,0,0,0,1.113952,0.1452002,0.1405072,0,0.2189558,0.2183482,0,0,0,0.2515355,0,0,0,0,0,0,0,0.6538357,0,0,0,0,0.01299015,0.01715671,0,0,0,0.6938053,0,0,0,0,0,0.1866921,0,0,0,0,0,0.2429162,0,0,0.08120451,0.6284025,0,0,0.4332149,0,0,0,0.4023387,0,0,0,0.3637476,0,0,0,0.0006660418,0,0,0.4679642,0,0,0.2128152,0,0,0,0.2009258,0,0,0.896419,0,0.5897135,0.006104604,0,0,0.1826005,0.1197031,0,0,0,0.5088482,0,0,0,0.1533488,0,0,0.4292314,0,0,0,0.3501084,0,0.06816577,0.1115258,0.2283962,0,0,0.4603113,0.5686309,0,0.1909222,0.1622271,0,0,0,0,0,0.1354607,0,0.7770499,0,0.3440812,0,0.2477832,0,0,0,0.03261821,0.4794382,0,0,0.08834878,0,0.09312735,0.1232608,0,0.05498855,0.2438941,0,0,0.6111444,0,0,0,0,0,0,0.3668433,0,0,0.5474587,0,0.393688,0.3633586,0.121964,0,0,0,0.124134,0,0,0,0.0241913,0,0.2887769,0,0,0,0.2584724,0,0,0.2886052,0,0,0,0,0.09886616,0.1844611,0,0,0,0.648576,0,0,0,0,0,0,0,0,0,0.2755473,0,0.01408349,0,0,0.5208151,0.02352599,0,0.3886192,0,0.5318523,0.1293276,0.004508903,0.04736616,0.05133431,0,0.3239233,0,
0,0.5595229,0,0,0,0,0,0.3882671,0,0,0,0,0,0,0,0,0.3989335,0,0,0.03453227,0,0,0,0.258191,0,0,0.2595602,0,0,0.3795057,0.02709716,0,0,0.5874293,0,0,0.2422988,0,0.6957034,1.157928,0,0,0,0.01538065,0.2708214,0.4994872,0.6075282,0.1432854,0,0.2517709,0,0,0,0.4068432,0.3526715,0.6660765,0,0,0,0,0.004554915,1.350009,0,0,0,0,0.6769934,0,0,0,0.2131038,0,0,0,0,0,0.06866276,0,0.05840508,0,0.2370651,0.1860215,0.1425657,0.1466553,0,0,0,0,0,0,0,0.3085966,0,0,0.03076018,0.0633307,0,0,0,0.1572111,0,0,0.5108515,0.0009199374,0,0,0,0,0,0.05323518,0.01183723,0,0,0,0,0,0.0571189,0,0.3028322,0,0,0,0,0,0,0.255248,0,0.4969506,0.3004202,0,0,0,0.3395442,0,0,0.01483806,0.07138223,0,0,0.383933,0.4267662,0,0.7024395,0,0,0,0,0.03200647,0,0,0,0.266746,0,0,0,0,0,0.1803494,0,0.1119135,0,0.3634865,0,0,0.02277957,0.2193761,0.6679806,0.1252641,0,0,0.3876138,0,0,0,0,0,0,0,0,0,0,0,0.0908922,0.3341182,0.06099973,0.2401736,0.7854922,0.06046838,0,0,0,0,0,0,0,0,0.981865,0,0,0.1135394,0.1635971,0,0,0,0.360763,0,0,0.2841064,0,0,0.2018816,0,0,0.2029252,0,0,0,1.064688,0.03047136,0,0,0,0.5706824,0.2591316,0,0.5589696,0,0,0,0,0,0,0,0,0,0,0,0,0.3093045,0.2043736,0,0,0,0,0.4604255,0.02568243,0,0.2881542,0,0,0,0,0,0.08176903,0,0.4478849,0,0.008509509,0.005875853,0,0,0.3116864,0.3988491,0.05061215,0,0.01021032,0.4088911,0,0,0.03391949,0.1288106,0,0,0,0,0.5235912,0.5688573,0.5335022,0.5165195,0,0.1494626,0.2791305,0.3975472,0.4063741,0,0,0,0.1942425,0,0,0.1498238,0,0.077242,0,0.4782541,0.2364501,0,0.8052778,0.2306115,0,0,0,0.3435767,0.219914,0,0,0,0,0,0.07722007,0.000502227,0.2618718,0,0.01581228,0.1121971,0.05196452,0,0.2712922,0,0.107593,0,0,0.1004412,0,0.1860844,0,0,0,0,0.2179862,0,0,0.4515679,0.3985849,0,0,0,0,0.2121286,0,0,0.198054,0,0,0,0.4503315,0.1906106,0.1283054,0.649867,0,0.1492914,0,0,0,0,0,0.4886293,0.4817106,0.3718089,0,0.2463975,0,0,0.01162457,0,0,0.5496244,0,0,0,0.1710724,0.1779908,0.2092426,0.2370954,0.08867379,0.1993722,0,0,0,0,0.03591458,0,0,0,0,0,0.1043395,0.07515731,0,0,0,0.02058658,0.2587002,0,0,0,0,0.1681743,0,0,0.1329,0,0,0,0.6604505,0,0,0,0,0,0.1768166,0.234214,0.1765934,0,0,0.2033296,0.1740262,0.4093809,0,0.1109034,0,0,0,0.1520501,0,0,0,0,0.6808686,0.09995034,0,0,0,0.4394451,0.2689215,0,0,0,0.1471654,0,0,0.5514153,0.04536508,0,0.6199714,0,0,0,0,0.1475154,0.08026839,0,0,0.0616531,0.04475141,0,0,0,0,0,0,0,0,0.003959707,0,0,0.1561548,0.2919213,0,0,0,0,0,0,0.3807612,0,0,0,0,0,0,0,0.04014835,0.2953956,0,0,0.09080245,0,0,0,0,0,0,0,0.1143735,0,0.1887781,0.271019,0,0,0.06296559,0.1530312,0,0,0,0,0,0,0,0.4922733,0.1124513,0.1490581,0,0,0.1039301,0,0,0,0.05950665,0,0,0.7279677,0,0,0,0.1222815,0,0,0,0,0,0.2558093,0,0,0,0.2906494,0,0.254764,0,0,0,0,0.3549281,0.6091489,0,0,0,0,0,0.02251076,0.4760858,0,0.1899018,0,0,0.2959853,0.09058109,1.017212,0.0112369,0,0,0,0,0,0.4445934,0.08647943,0.2953773,0,0,0.3665988,
0.06192909,0,0,0.2481588,0,0,0.6512547,0.3615698,0,0,0,0,0,0,0,0.2612668,0.002915458,0,0,0.02296551,0,0,0,0,0.6516616,0.222734,0.0503227,0,0.1951728,0,0,0,0.09223123,0.3265601,0.09715026,0.1653899,0,0.02866143,0.2920758,0,0,0,0.6945566,0.8998187,0.188281,1.265654,0.4813166,0,0.2050229,0.1396358,0.02699367,0.0500656,0.4166658,0.8791859,0,0.4500336,0.06481033,0,0.1076276,0.1109393,0,0,0.2565926,0.01660849,0.116731,0,0.8059316,0.4362709,0,0.2798597,0,0,0.2919888,0.08208419,0,0.8557619,0,0.7012424,0,0.3236322,0,0,0.0460247,0,0,0.06734145,0,0.6425248,0.3176043,0,0,0,0,0,0,0,0,0.3244332,0.2948884,0.3550023,0,0.6527535,0.1741989,0,0.6772372,0,0,0,0,0,0,0,0,0,0,0,0.3164159,0.1586648,0,0.2809346,0,0,0.04042476,0.2035524,0,0,1.026291,0.1581895,0.2348247,0,0,0,0.02440933,0,0.09210257,0,0.6864086,0,0,0,0.1755177,0,0,0,0,0,0,0,0.05731701,0,0.2282605,0.191117,0,0,0.2539133,0.1690558,0,0,0.3870396,0,0,0,0,0.2834522,0,0,0.1473184,0.4315359,0,0,0,0,0,0,0,0,0.4362282,0,0.1020881,0,0,0,0,0.5129727,0,0,0.08119801,0,0,0,0.1155303,0.5362456,0,0,0,0,0.2999516,0.05175223,0.1140671,0.02515045,0,0.4692664,0,0,0.0610875,0.4006237,0,0,0.5213524,0,0.2336015,0,0,0,0.4180286,0,0,0,0,0,0,0,0.5014269,0,0,0,0,0,0,0,0,0.01391937,0,0.07605895,0,0,0,0.07570431,0,0,0,0,0.0478514,0.7618143,0,0.1322355,0.4697689,0,0,0,0,0,0,0.1776195,0,0.1381956,0,0.2255925,0,0.1805224,0,0,0,0.1313052,0.6121345,0.6235108,0.1496752,0,0.4530592,0,0,0.01363352,0,0.1147469,0,0.4485656,0,0.4558461,0,0.6004344,0,0,0.1357218,0,0,0,0,0,0,0.5237138,0,0,0,0,0.4395968,0.4436066,0,0,0,0,0.412879,0,0.4746931,0,0,0,0,0,0.8440146,0,0,0,0.3485212,0,0.91767,0,0,0.02542867,0,0,0,0,0,0,0.09027491,0,0,0.8796848,0.2707319,0,0,0,0,0,0,0,0,0,0,0.01117891,0.2602867,0.352318,0,0,0,0,0,0,0,0,0,0,0.3584767,0.09509128,0.117375,0,0,0.3340504,0,0,0.0751809,0,0.2018611,0,0,0,0.1459403,0.4452622,0,0,0,0,0,0.4877323,0,0.01400906,0,0,0.8214421,0,0.01162271,0,0,0,0.8505353,0,0,0,0,0.8474936,0,0.290035,0.4568796,0,0,0.2891232,0.02763636,0.02841648,0,0,0,0,0.1149853,0.3121627,0,0,0.0689364,0.0001154621,0.1538455,0,0.6812742,0,0,0,0,0,0,0,0,0.1477425,0,0,0,0,0,0,0,0,0.1635074,0,0,0,0,0,0,0,0,0,0,0,0.4948317,0,0.1298334,0,0,0,0,0,0,0,0,0,0,0,0.08058434,0,0,0,0,0.5360017,0,0,0,0.5668071,0.1205181,0,0,0.3643738,0,0,0,0,0.1431215,0,0.0664217,0.4070395,0,0,0.4312382,0,0,0.01037381,0,0,0,0.06134399,0,0.04941541,0.07743789,0.04926807,0.2176138,0.6879634,0,0,0,0,0.0340903,0,0.4645838,0,0,0,0,0.3521943,0,0.09117236,0,0,0,0,0.3745537,0.02464786,0.1098751,0.1003253,0,0,0.1154945,0,0,0.3215628,1.113026,0.484907,0,0,0,0.4665759,0,0,0.2740056,0.4056605,0,0.4277967,0.3008628,0,0,0,0,0.5437192,0,0,0.3172122,0,0,0,0,0,0,0,0.8426595,0.08268738,0,0.03983259,0,0,0,0.2537333,0.2263679,0.02715212,0.3557416,0,0,0.05567472,0.4936917,0.04793099,0,0,0,0.4890189,0.4760345,0,
0,0.3963949,0.03079644,0,0.3938268,0.1075256,0,0.4361593,0,0,0.429931,0.09133593,0,0,0,0,0,0,0,0,0,0,0.5624536,0,0,0.08047747,0,0.02057467,0.07886036,0.2678222,0,0,0,0,0.3477663,0,0,0,0.03546654,0,0,0,0,0.9606265,0.3275247,0,0,0,0,0,0,0.04757629,0,0,0.2775731,0.4216713,0.325913,0.1990661,0.1396765,0.386356,0.1083717,0,0,0,0.1494885,0.1638477,0.02524484,0,0.1125551,0.1240079,0.6407352,0,0.2155795,0,0,0,0.1347512,0,0,0,0,0,0.2526906,0,0,0,0,0.248407,0,0,0.7627501,0,0,0.8148192,0,0.4046049,0.3050674,0.4379166,0,0.1714211,0.2230544,0,0,0.1488796,0.3947159,0,0,0,0.318178,0,0.2516336,0,0,0,0.2928821,0.1716867,0,0,0,0.09774236,0.2456069,0.2370063,0,0,0.8684203,0,0,0,0.2202048,0,0,0,0.2580419,0,0.03529219,0,0,0,0,0.3443688,0.5607823,0,0.03944202,0,0,0,0,0,0.01248927,0.1599398,0,0,0,0,0,0,0.4675866,0,0.1271488,0,0.3479682,0,0.2821757,0,0,0.3372436,0,0,0.1499361,0,0,0,0.04215952,0,0.1963044,0,0,0,0.105491,0,0,0,0,0,0.07965669,0,0,0,0,0,0,0,0.6211631,0,0,0.0424681,0.5007463,0,0,0.753003,0.03527411,0,0.4633457,0,0,0,0.7779787,0,0,0.05550233,0,0,0,0.08737851,0.1602772,0.6010258,0.6806613,0.3264199,0,0,0,0,0.008638748,0.05670213,0,0,0.09192371,0,0,0,0,0,0,0,0.3571501,0,0.2057273,0.4052361,0,0,0.1398004,0,0,0,0,0.2172879,0,0,0.6780349,0,0,0,0.6347843,0.3164514,0.007286466,0.02601425,0.1808643,0,0,0,0,0,0,0.1408557,0.3079696,0,0.2149627,0,0,0,0,0,0,0,0.1065268,0,0,0.9017047,0,0,0,0,0.003683606,0.2371629,0,0,0,0.09109736,0.1239894,0.2954311,0,0.01591394,0.01155379,0,0.1173526,0,0,0.8346771,0.4134201,0.1651508,0,0.1120518,0.2752303,0.1618617,0.081251,0.6834091,0,0.004342347,0,0.1888084,0.1041493,0,0,0,0.09129693,0,0,0,0.1883776,0,0,0.3087958,0,0.1545801,0,0,0,0,0,0,0,0.1074859,0,0.04973516,0.03450665,0.1041085,0,0.9416579,0,0.171894,0,0,0,0.008344933,0,0,0.3390616,0,0.2910143,0,0,0,0,0,0.4398551,0,0.4086827,0.2940832,0.1718308,0.1617619,0.9114307,0,0,0,0,0,0,0,1.014387,0,0.1748887,0,0.03373949,0.4319688,0,0.2207322,0,0,0,0,0.04895327,0.1735164,0.1387606,0,0,0,0.1454031,0,0,0.7349566,0,0,0,0.2767687,0,0,0,0,0,0,0.8074429,0,0,0,0,0.1367455,0,0,0.04863304,0,0,0,0.0442483,0.3648502,0,0,0,0.1728793,0.2067223,0,0.2584462,0,0.4435475,0.3674802,0.1525352,0.3785639,0,1.402988,0,0.05275,0,0,0.3026531,0,0.3341095,0.06454164,0,0,0.527272,0.2781434,0,0,0.1241217,0.09252863,0,0,0,0,0.1742266,0,0.1832882,0,0.4129274,0.2141031,0.6856485,0.3896028,0,0,0,0.1267413,0,0.4044153,0.003875832,0,0.2051161,0.1871376,0,0,0,0,0,0,0.195694,0,0,0.1055065,0,0,0,0,0.09433077,0.7781054,0,0,0,0,0,0,0.1632109,0.1060517,0.1250322,0,0.5099311,0,0,0,0,0.100762,0,0,0,0,0,0.3401841,0.2982567,0.5537732,0.112828,0.1552446,0,0,0.9739764,0.1317396,0,0,0,0,0,0.1465916,0,0,0,0.08153519,0.5103027,0,0.01006851,0,0.05145612,0,0.1891199,0,0.4452079,0,0.7069032,0,0,0,0,0.3415857,0,0.2563117,0.2305042,0.0929877,0,0.06696225,0.7351142,0,0,0.1401197,0.5046163,0,0.1108769,0,0,0.3239745,0.0707019,0.3787647,0.02394675,0,0,0.3587407,0,0.0863665,0,0,0,0.1282847,0.1274658,0,0.0220574,0,
0.5255772,0,0,0,0,0,0.1992116,0,0.04704353,0,0.3187363,0,0.1562871,0.2041168,0,0,0,0,0,0,0,0,0,0.1141985,0,0,0.3808455,0,0,0,0,0,0.5605966,0.05972147,0.460399,0.2139641,0,0,0,0,0,0.2451065,0.6787563,0,0,0.3895393,0,0,0.0398329,0.3154502,0,0.04521504,0,0,0,0.1257592,0,0,0,0,0,0.1126614,0.06978764,0,0,0,0.2279248,0,0,0.1033776,0,0.4435402,0,0,0,0.02388837,0,0,0,0,0,0.00377173,0,0.09409035,0.2492747,0,0,0,0,0,0,0,0.6094182,0,0.4924182,0,0,0.4687183,0.1816951,0,0.4202786,0,0,0,0,0,0,0,0,0.1258501,0.1759963,0.3400572,0,0,0.3495109,0,0,0.4530771,0,0.00589424,0.3187068,0.356471,0,0,0,0,0,0,0,0,0,0.1815126,0.1660539,0.50095,0.0143824,0,0.5625849,0.09335622,0.789661,0.7437273,0,0,0,0,0,0,0,0.0202761,0,0,0,0,0.3160777,0,0.1302342,0.1760526,0,0.3101645,0,0,0,0.9228075,0.1080319,0,0,0,0.2105089,0,0.177177,0,0.3764562,0.1796946,0,0.3975524,0,0,0,0.1521424,0.9210956,0,0,0,0.1088396,0,0.7603961,0.3814569,0,0,0,0.2299048,0,0.1764365,0,0,1.155065,0.6126153,0.5213703,0.4343499,0.5947628,0,0.3937403,0.5063035,0.7450407,0,0.1834309,0,0,0.9170252,0,0.3120357,0,0,0.1101312,0,0.09955534,0,0,0.2046157,0,0,0,0.01210019,0.01046542,0,0.6580796,0,0,0,0,0,0,0.158707,0,0,0.6001549,0,0,0.3031181,0,0,0,0.1192909,0,0,0,0,0,0.6663895,0,0.1971846,0.2508319,0,0,0,0,0,0,0,0,0.3151783,0.04322442,0.06683169,0.2012208,0,0,0,0,0,0.01344814,0,0,0,0.3143964,0,0,0.5262549,0,0,0,0.3631043,0,0,0,0.250828,0.4961087,0,0.03572077,0.3864404,0.3624457,0,0,0,0.05808822,0,0,0.1378355,0,0,0,0.03531437,0,0.2433803,0,0,0,0,0,0.06794043,0.03398368,0,0,0.07532946,0,0.07344246,0,1.175497,0,0.1989105,0.5392817,0,0,0.3672044,0,0,0,0.2323323,0.04912338,0.8182908,0,0,0,0,0,0.6132312,0,0,0,0.08586402,0,0.01055507,0,0,0.3857394,0,0.4551629,0,0,0.06556001,0.6448001,0.5803326,0,0,0.5239765,0,0,0,0.2323445,0,0,0.1738009,0,0,0,0.06379372,0,0.5184242,0.01354605,0.2375351,0,0,0,0,0,0.08575845,0.3144108,0.1593483,0,0.02212748,0,0,0.326924,0.1279117,0.2672373,0.1945971,0,1.491026,0.1697068,0.6686583,0,0.2033162,0.5189502,0,0,0.009262173,0.2177046,0,0,0,0.4762842,0,0.1818191,0,0,0.04611355,0,0.2632838,0,0.7453453,0,0,0.6466245,0,0,0,0.6116358,0.1748725,0,0,0,0.1888902,0,0.1602722,0.161376,0,0.08647782,0,0,0,0,0,0.07339874,0,0,0,0.3620724,0.3615066,0.3578402,1.87807,0.1629967,0.1155029,0,0,0,0.1415456,0,0,0,0,0.0836346,0,0,0,0.5568994,0,0,0.22679,0,0.1015101,0,0,0.1132416,0,0,0,0,0,0.3988782,0.1567383,0.003381743,0.3809477,0,0,0,0,0,0.3268199,0,0,0,0,0,0,0,0,0,0,0,0.5974299,0.4379897,0,0,0,0.07591382,0.06472788,0,0,0.05396222,0.2463303,0,0,0,0,0,0,0,0.3270333,0,0,0,0.04455395,0.3456975,0,0,0.008919149,0,0.0819634,0.3026733,0.1053985,0.1222517,0.3119858,0,0.3609179,0.2652345,0.01619103,0,0,0.2853321,0.4024839,0,0,0.1336573,0,0,0,0,0,0.6298718,0,0,0,0,0,0,0.02053479,0,0.06228046,0.2982028,0,0.1551944,0,0,0.0863819,0,0.1712862,0,0.1246804,0,0.2595611,0.199282,0,0,0,0.171135,0.2260255,0,0.334724,0.3096613,0,1.141281,0,
0.04519153,0.267621,0,0.1596411,0.1510358,0,0,0,0,0,0.5863749,0,0.2540583,0.8064133,0,0,0.09296985,0,0,0,0,0.04944649,0,0.226976,0,0,0,0,0.06693568,0,0,0,0,0,1.479908,0.294985,0.6318013,0.4007534,0,0.1432804,0.1098848,0,0.04854957,0.1520435,0,0,0,0.4253211,0,0,0,0.3260279,1.108253,0.0114624,0.4433226,0,0,0.282552,0,0,0,0.1268665,0,0.01395762,0,0.03048841,0,0,0.1339503,0.3612153,0,0.1073445,0,0.1933059,0,0,0.6155154,0,0,0.5767406,0,0.6172293,0,0,0.1274684,0,0,0,0,0.2935008,0,0,0,0,0,0.4907331,0,0.3828139,0,0.4324106,0,0.6841961,0.05596664,0,0,0,0,0.03661581,0,0.2782723,0,0.5447259,0,0,0,0,0.2277723,0,0,0,0,0.1934105,0,0.1512972,0,0,0.3952223,0,0.5978288,0.3423875,0.3026981,0.3069799,0.004576269,0.5455471,0,0.1789059,0,0,0.3389979,0.3014791,0,0,0,0,0.3062977,0,0,0,0,0,0.153761,0,0,0.5639049,0,0,0.1322988,0,0.2214308,0,0.01086142,0,0,0.02217904,0.08982543,0,0,0,0,0,0,0,0,0,0.4135889,0,0,0.3245529,0,0.2039425,0,0,0,0.04716574,0,0.06151078,0.232714,0,0.5604624,0,0,0.06739265,0.4694272,0.3465967,0.0440767,0.07283271,0,0,0,0,0,0,0,0,0.05770902,0,0,0,0.3453384,0,0.07973419,0.2815634,0,0.1292514,0,0,0,0,0,0,0.2208874,0,0,0,0,0,0.1428354,0,0.08113545,0,0,0,0,0,0.09578986,0,0.03049763,0,0,0,0,0.4550815,0.1089331,0,0,0,0.6240214,0,0,0,0,0.0001182382,0,0,0.3381337,0.2188471,0,0,0,0.5948418,0,0,0.0797196,0,0,0,0.261966,0,0.1756642,0.4230656,0,0.389637,0.1073187,0,0.04384305,0.1202124,0.1162089,0.4935927,0,0,0,0.3238804,0.3876598,0.7764646,0,0.0007257014,0.1748868,0,0.344013,0,0.6307067,0.1212863,0,0,0,0,0,0,0.2571112,0.06869128,0,0,0,0,0.1138922,0.09152137,0.1469255,0,0,0.1340444,0.4945083,0.02029882,0,0.003080513,0,0.08281697,0,0.01890889,0,0,0,0,0,0,0,0,0.01321975,0,0,0,0.2431721,0,0,0,0,0.1832246,0,0.438954,0.1061869,0,0,0.2461172,0,0,0,0,0,0,0.3273899,0.3527286,0.2826924,0.5134834,0,0,0.3161111,0.7943014,0,0,0,0,0.2566856,0.140506,0,0,0,0,0,0,0,0.1139613,0,0.1517881,0.2230259,0,0.7419705,0,0,0,0,0,0.4296978,0.1544378,0,0,0,0,0,0,0,0.2915696,0.1286782,0,0,0.1790411,0,0,0,0.4554763,0.4015943,0.2644667,0,0,0.4749275,0,0,0.4104969,0,0.01985719,0.7751748,0.6258669,0,0.2370899,0,0,0.04605739,0,0.1708954,0,0.2082728,0,0,0,0.3042559,0,0,0,0,0.4253386,0,0.3210588,0.1771687,0.08170238,0,0,0,0.1144861,0,0,0,0,0,0,0.2971936,0.7518205,0,0,0.05208512,0,0.7541971,0,0.1422511,0,0,0,0,0,0,0,0,0,0,0.2715063,0,0,0.4710482,0,0,0,0.6569677,0.1083233,0,0,0.3791997,0,0,0.328293,0.3396372,0,0,0,0,0,0,0.2559168,0,0,0.09157141,0,0,0.07052212,0,0,0,0,0,0.3247619,0.7526778,0,0.1651075,0,0.2751837,0,0,0,0,0,0.293269,0.2798997,0,0,0,0,0,0.1854998,0.7700312,0,0.375339,0.2785873,0,0,0,0.5216039,0,0,0.06282195,0,0.1248427,0,0,0,0.2025018,0,0.5842817,0.2004404,0.4005582,0,0,0.3283596,0.4658384,0,0,0,0,0.4123261,0.0180976,0,0.512652,0,0,0,0,0,0,0,0.1996886,0,0.05516651,0.06549592,0,0,0.3849667,0,0,0,0,0,0.225044,0,0.006239059,0,
0,0,0,0,0.4250814,0,0,0.2833843,0.1379237,0,0,0.06039792,0,0,0,0.1925613,0.3207565,0,0,0,0,0,0,0,0,0,0,0,0.5799693,0.4485814,0,0,0,0.03395326,0.3139935,0.1044184,0.01643776,0.2451425,0,0,0.2911247,0.4617704,0,0.5899526,0.277474,0.104427,0.4930969,0,0,0,0,0,0,0,0.7619125,0.1565519,0.9565618,0.430046,0.5088401,0,0,0,0,0,0,0,0,0.4820888,0,0,0,0,0.1506975,0.06107058,0.04797779,0,0,0,0.3255726,0,0,0,0.6597037,0,0,0,0.2517635,0.1623848,0,0.5255148,0,0,0,0,0,0.3506841,0.1187825,0.1111651,0,0,0,0.3619459,0.1625984,0,0,0,0.007818191,0,0,0.3033157,0.5099374,0,0.09753493,0.1078489,0,0.005711352,0.1298348,0,0,0,0,0.06351908,0.01193385,0.5267764,0.2348125,0,0,0.6851268,0,0,0.1989461,0,0,0,0,0.05229763,0,0.1707927,0.100391,0,0,0.7274953,0,0,0.1027438,0.7068332,0.3359641,0,0.2558919,0.3853014,0,0,0,0,0,0.05490246,0,0.1367044,0,0,0,0,0.2008319,0,0,0,0,0,0,0,0,0.07278027,0.6509863,0.1121976,0,0,0,0.6572273,0,0,0.6661205,0.2851495,0,0.3700274,0,0,0.1823526,0.1393216,0.01937538,0,0,0,0,0,1.01607,1.429442,0.7566721,0,0,0.1984164,0.1935172,0,0,0,0,0,0,0,0.4138153,0.09739978,0,0,0,0.2716147,0.05056082,0,0,0,0,0,0.3768605,0.0007864292,0,0,0,0.0796782,0,0,0,0,0,0,0.063436,0,0.4621976,0.2092817,0.3390366,0.4850555,0.8168182,0,0,0,0.305143,0,0,0,0,0.03423855,0.1135265,0,0,0.2427381,0.4373902,0.2200889,0,0,0,0.1071291,0.1971134,0,0.2993254,0.01580678,0.3862215,0,0,0.1762922,0.1045145,0,0,0,0,0,0,0,0.1005962,0.2755245,0,0,0,0,0,0,0,0,0,0.1226387,0,0.1197262,0,0,0.774923,0.274027,0,0.1408563,0,0,0,0,0,0.5280038,0,0.3886963,0.3679981,0.1707695,0,0,0,0,0,0,0.5658103,0.6426901,0,0.007781683,0.4459659,0,0.08797681,0,0,0,0.2724122,0,0,0,0,0,0.1641805,0,0.2314483,0,0,0,0,0,0.1947978,0,0.05249983,0.8942004,0.7778757,0.7270679,0.6975192,0.2150227,0,0.4303886,0.5282977,0.1371215,0.3653555,0,0,0,0.003744032,1.144821,0,0.02006321,1.028288,0.2564084,0.2618544,0,0,0,0.6503912,0,0,0,0,0.0881892,0,0.4847276,0,0,0.08096103,0,0,0,0,0,0,0.1283646,0,0.005182578,0,0,0.2967592,0.271736,0,0.1243282,0,0,0,0,0,0,0.2903903,0.214165,0,0.3605236,0.5174189,0.3757342,0,0.1038211,0,0,0,0.6108606,0,0,0.6894809,0,0.156491,0.1020071,0,0,0,0,0.04281045,0.2760016,0,0.1120453,0.389288,0,0.07170955,0.4431059,0,0,0,0.8210695,0.08179015,0,0,0.3033187,0.3183109,0,0,0,0,0,0.5099219,0.537419,0,0,0,0,0,0.2690918,0,0.3019603,0,0,0,0.04913082,0,0.08230937,0,0,0.6084161,0.06795174,0,0,0,0.2529862,0.1738525,0,0,0,0,0.712259,0,0.02872682,0,0,0.1712459,0.1500898,0.4543615,0,0.2264255,0.7284961,0,0,0,0,0.4241906,0,0.2055588,0,0,0.1397331,0,0,0,0,0,0.04662353,0,0,0.1370383,0,0,0,0.1572525,0,0,0,0.1416212,0.06816098,0,0,0,0,0.2470369,0,0,0,0,0,0,0,0.03859437,0,0.04831787,0,0.2461205,0,0,0,0,0.7860846,0.1483518,0,0,0,0,0.1636254,0,0.01442843,0,0.3109085,0.5976809,0.6211944,0.03792846,0,0.1137334,0,0,0.1121028,0.09520679,0,0,0,0.03459433,0,0,0,0.4277416,0.5203677,0,0,0,0,0.1651049,0.8235703,0.06920575,0.02886432,0.1022157,0,0,0,0,0.3678755,0.07558076,0,
0,0,0.06703307,0,0,0,0.7435697,0.3772606,0,0,0,0.2897381,0,0.1073818,0.09549531,0,0,0,0,0,0.1413285,0.7819169,0.1757366,0,0.7559636,0,0,0,0.003831239,0.1792116,0,0,0,0,0,0.3138558,0,0.7760583,0,0,0,0.4832011,0.7700616,0.1295322,0.5200964,0,0,0,0.03414217,0,0,0.5662683,0,0.5260369,0,0.3676068,0.2481992,0.4441966,0,0.8285614,0,0,0,0,0.1574018,0,0.101685,0,0.2960891,0,0,0,0.6267917,0.2448787,0,0,0,0,0.3087639,0.1086413,0,0,0,0,0,0,0.323824,0,0.5995619,0.3947119,0,0.3547436,0,0,0,0.2598411,0.2563441,0.3321041,0,0,0,0,0.02723504,0,0,0,0,0.2654391,0,0,0,0.04834609,0,0.1796593,0,0.5186303,0,0,0,0,0,0,0,0.187871,0,0,0.1393052,0.1326978,0,0.06468684,0.05818078,0,0,0.1436093,0.05248564,0.128326,0.1140174,0,0,0,0,0.5655472,0.2686079,0,0.03716777,0.7659699,0.4016052,0,0,0.08922172,0,0,0,0,0.2619306,0,0.199968,0.004975332,0,0,0,0.3245723,0,0,0.06218691,0,0,0,0,0,0.309464,0,0.1807663,0,0,0.1415329,0.02099199,0,0.4955614,0,0,0.0548034,0.08062392,0.0361082,0,0,0.6909776,0.02511682,0,0,0,0,0,0.001481823,0.159618,0.02747488,0.3165099,0,0.3650841,0,0,0.2367495,0,0,0.1633137,0,0,1.050409,0,0,0.2064304,0,0,0,0.1029563,0.4069545,0.8208935,0,0,0,0,0,0.2435342,0.6726153,0.2114146,0,0.06901458,0.3373597,0.8362553,0.1224161,0.2981441,0.3698943,0.2795934,0.4603072,0.1913544,0.01436845,0,0.398493,0.2373698,0,0.3050389,0.185792,0,0.07812789,0.3202154,0,0.5002617,0.3475937,0.1460355,0,0.6872696,0,0,0,0.05558788,0,0.2710635,0,0.4034889,0,0,0.3833551,0,0.3063961,0,0,0,0,0,0.1475365,0,0,0,0,0,0.7445949,0.1830545,0,0,0.5219202,0,0,0,0,0.4671214,0.2754165,0,0,0,0,0.34364,0,0,0,0,0.6118429,0.4189291,0,0,0.7861854,0,0,0.3552575,0.3246335,0,0,0.4140162,0.006979316,0.3282226,0.6260353,0,0,0,0,0.01489405,0,0,0,0.8099106,0,0,0,0.2362474,0.1686714,1.011545,0,0,0,0.1437989,0,0,0,0,0.2805057,0,0,0,0.2064668,0.21254,0,0.1759692,0,0,0,0,0,0,0,0.1352979,0.0544045,0,0,0.1099959,0.2967084,0,0,0.6421145,0,0,0.7971356,0,0,0,0.3764333,0,0,0.4313102,0,0,0,0,0.01825894,0.3348836,0,0,0,0.06822738,0.1062479,0.3536002,0,0.212784,0.1662788,0.3568153,0.6300944,0.5048449,0,0.2449812,0,0,0,0,0,0.3713013,0,0,0.08835407,0,0.2075235,0,0.3069696,0,0,0.1300577,1.215364,0,0,0.7530276,0,0.2383608,0,0.2866095,0.3583766,0.04261575,0.5223785,0.2772596,0.3535578,0,0,0,0,0,0.4001236,0.4026695,0,0,0.07620168,0,0.3776884,0,0,0.05211065,0,0,0.8669974,0,0.2434942,0,0,0.06934201,0.07353324,0,0.06609607,0.6010059,0,0.3340352,0.1841415,0,0,0,0,0.5383689,0.1154291,0.02731748,0.05844177,0,0,0,0,0.1808628,0,0,0,0,0.5843871,0,0,0.2340325,0.04474571,0,0.4991784,0,0.403889,0,0.293073,0,0,0.02058632,0,0,0,0.1735988,0,0.06791102,0.2308567,0,0,0,0.07798064,0,0,0.3240235,0.03457392,0,0.4708005,0,0.03329781,0,0,0,0.2030672,0,0,0,0,0,0,0,0,0,0.1704638,0,0,0,0,0,0,0,0.209601,0.06568153,0.7628814,0,0.1574784,0.004966555,0.03348068,0.2806771,0,0.2253232,0,0.4117529,0,0,0.02006841,0.02426238,0,0.1049525,0,0.131606,0,0,0,0.6876761,0.5644152,0.2158437,0.1498086,0,0.4966792,0,0,0,0,0,0,0,0,0.3455448,0.2478026,0,0.2403484,0.1899642,0,0,0,0,0.6719846,0.002164911,0.1969344,0.288209,0,0,0,
0.4259034,0.3999582,0,0,0,0,0,0,0,0.2628538,0.3167048,0.3777192,0,0.188759,0,0,0,0.04024699,0,0,0,0,0,0.0224887,0.4674202,0,0,0,0,0,0.003436041,0,0.2788467,0,0,0.1064845,0,0,0.1069687,0.1859266,0,0,0,1.142291,0,0.6063202,0.5413731,0.182267,0,0,0,0.4108723,0,0,0.5852301,0.8067788,0,0.03031321,0.1090872,0.3181798,0.001152043,0.4691357,0.08107015,0,0,0.4466886,0,0,0,0,0,0.1594311,0.4044303,0,0.3783804,0.0312254,0,0,0.1446918,0,0,0,0,0.2808563,0,0,0,0.08391537,0,0,0,0,0,0.2406408,0,0,0,0,0,0.1512805,0,0,0,0.1706611,0.818715,0,0,0,0,1.156604,0,0.3920185,0,0,0,0.05318231,0.1366829,0.6479365,0,0,0.3351567,0,0,0,0,0,0,0,0,0.1352759,0,0.1256617,0,0,0,0,0.02260655,0,0.01645785,0,0,0,0.4265058,0.03759904,0,0,0,0,0,0.1333836,0,0.4128217,0,0.2089506,0.4263275,0,0,0,0.3195007,0,0,0.4036089,0.2889555,0,0,0.4324462,0,0,0,0.4888094,0,0.05288734,0,0.9834957,0.01830262,0,0,0,0,0,0,0,0,0.2927291,0,0,0,0,0,0,0,0,0,0.3103435,0,0.1593233,0.7755945,0,0,0,0.005070074,0,0,0,0,0.7925034,0,0.2299529,0.1345773,0,0.463794,0,0,0.2341495,0.2031544,0,0,0,0.2538549,0.01252102,0.03161219,0,0.9136518,0,0.2048215,0.08071063,0,0,0,0,0,0,0,0.1004928,0,0.2687505,0.2374829,0,0,0,0.416131,0.1923392,0.07289912,0,0,0,0,0,0,0,0.02611447,0.03648668,0.006245046,0.2807738,0,0,0,0.3204663,1.041915,0.3238233,0.1159662,0,0,0.6307791,0,0,0,0,0.08434556,0,0,0.001149427,0,0,0,0,0,0,0,0,0,0,0,0,0.2078983,0.06429321,0,0,0,0,0,0,0,0,0.06286294,0,0.2641836,0,0.06592899,0,0,0,0,0,0,0,0,0,0,0.08140178,0,0.4551497,0.09147985,0,0.2940475,0.2748745,0,0.2974343,0,0,0,0,0.6636342,0.1948692,0.0003815728,0,0,0,0,0,0.668244,0,0,0.7702478,0,0,0.4683827,0.1964545,0.0002647789,0,0.2158309,0,0,0,0,0.01060927,0,0,0,0,0,0.1665456,0,0,0.05310478,0,0.2082384,0.3163313,0,0,0,0.0720789,0,0.1316265,0.03757842,0,0.1606203,0,0.04474371,0,0,0,0.08666437,0.03540347,0,0,0.03982477,0.3181377,0,0.1057588,0.2408872,0,0.1414173,0.3036855,0,0,0,0.2075068,0,0.1013604,0.5315748,0,0.1956672,0.03253199,0,0,0,0,0.1880509,0.2298629,0,0,0.4115489,0.5412394,0,0.02703413,0,0.06780799,0.4027911,0.4603513,0.28758,0,0,0,0,0,0,0,0,0,0,0,0.668266,0.6345901,0,0.04140113,0,0,0,0,0.3077741,0,0,0.7295108,0,0,0.190482,0.1364737,0,0,0.06539247,0,0,0,0,0,0,0.05554876,0,0.05593785,0,0.5302801,0.2122347,0,0,0,0.04671713,0,0,0,0,0.3404598,0.1346057,0,0,0,0,0.2582892,0,0,0,0.2477645,0.8161039,0.4456873,0.3765304,0,0,0,0.8246862,0,0.4968821,0,0,0,0,0.3177143,0,0,0.7861813,0,0,0.1048106,0,0,0.02514897,0.2688587,0,0.2475979,0,0.1489529,0,0.5171971,0,0,0,0.1366965,0,0.170305,0,0,0,0.09857541,0.1836176,0,0,0,0.1579551,0.3833045,0,0,0,0.07705239,0,0,0.08852461,0,0,0,0,0.2120308,0,0,0.16774,0,0,0.09443881,0.5873576,0,0.2919701,0.1400881,0,0,0.1455434,0,0.1284746,0,0,0,0,0,0,0.008200812,0,0,0,0,0.2615113,0,0,0,0,0.02873698,0.4404652,0.03357577,0,0,0.03669713,0.04085052,0.5927961,0,
0,0.6959017,0,0.4280154,0,0,0.7056626,0,0.2381644,0,0.8369964,0.961343,0.1475619,0.004856489,0,0,0,0.01059751,0,0.08546661,0,0.2482362,0.4862816,0.5637217,0.3754798,0.4363189,0,0.09225415,0,0,0,0,0,0.357929,0,0,0.1640318,0.7208097,0,0.7226766,0.5317581,0,0,0,0,0.8815034,0.451374,0,0.2899552,0,0,0,0.7224994,0,0,0.2395987,0.2651402,0,0,0,0,0.1292789,0,0,0,0,0,0,0.3240068,0.1686486,0,0,0,0,0.07397045,0,0,0.3967867,0.6864225,0,0.5432724,0.01489841,0,0,0,0.2991848,0,0.6209023,0,0.1164061,0,0.1529281,0.232921,0.2883259,0.1661111,0,0,0,0.5170634,0.9264445,0,0,0.3137809,0.6005694,0,0,0.1062366,0,0.1048672,0.1059806,0.4090196,0.2302404,0,0,0,0.5712575,0,0,0,0,0,0,0.3281284,0.3668102,0.05718867,0.1978536,0.05259242,0.3771529,0,0,0.03269857,0,0.2046965,0.4905003,0.5991041,0,0.2072203,0,0.004855329,0,0.6358739,0,0,0.2180912,0.1071482,0,0.1504986,0.5075536,0.4481267,0,0,0,0.5963167,0,0,0,0,0,0,0.05522405,0,0,0,0,0,0,0.635649,0.3434501,0,0.1870795,0,0,0,0.02052872,0.5836989,0,0.005392499,0,0,0,0,0,0.2317225,0.03897579,0.7222558,0,0,0.6680611,0,0.1139671,0,0,0,0.01902174,0.2381336,0,0,0,0.1576389,0,0.5712248,0,0,1.126054,0,0,0,0,0,0.2335539,0,0,0,0.5624968,0.07611281,0.8051407,0.2894292,0,0,0.5986184,0,0,0,0,0,0,0.8013114,0.1312737,0.3640344,0.7422691,0,0,0,0,0.250832,0,0,0,0,0,0.2596675,0.5411912,0.1057667,0.1671716,0.9407089,0.09607743,0,0.2238167,0,0,0,0,0.1253517,0,0,0.455511,0,0,0,0,0.3038808,0.2296139,0,0,0.3792788,0.1396125,0.2427694,0,0,0,0,0,0,0,0,0,0.4091781,0,0,0,0.2894094,0,0,0.1002147,0.1811661,0,0,0.2145242,0.2304439,0.4550254,0.1537178,0,0,0,0,0,0.2791781,1.394528,0,0.3356096,0.4077771,0,0,0,0.3706181,0.04011525,0,0,0.05017101,0,0,0,0.2448936,0.2534811,0,0,0,0,0.02791283,0,0,0,0.1842614,0.4391575,0,0.09231707,0,0.3579764,0,0,0,0,0,0.1418734,0,0,0.1070319,0,0.1271225,0.6167902,0,0,0.2572814,0,0.225204,0.7369273,0,0,0.2461325,0.0517321,0,0.4400648,0.5035707,0.07449395,0.03441134,0.3255453,0.05594563,0.3447946,0,0.01158489,0,0.1941625,0,0,0,0.5844647,0,0,0,0,0,0.2472814,0,0.05841449,0,0,0.8914537,0.1789348,0.1143334,0.3213927,0.001651637,0,0,0.6098397,0,0,0,0,0,0.3191554,0,0,0.1359545,0,0,0,0,0,0,0.0105396,0,0.2072006,0,0,0,0.1102888,0,0.09220254,0.3230716,0,0.3020861,0.3331267,0.4788069,0,0,0,0,0,0,0.5703995,0,0,0,0,0.02363407,0,0,0,0.07616304,0,0,0.005981059,0,0.5242297,0,0,0,0,0,0,0.04515805,0,0,0,0,0,0.1442961,0.4509136,0,0,0,0,0,0,0,0,0,0,0.3260841,0.6893206,0,0,0,0,0,0,0.2680199,0.5143144,0,0,0.5793619,0.05991454,0,0.07602099,0.06279075,0.3231945,0.249931,0,0,0,0.36543,0.3489828,0.2577007,0.3292948,0.1302377,0.4287904,0.07527246,0,0.870981,0.01181362,0,0,0,0,0.01406098,0,0.2792592,0.6442274,0.1108241,0,0.1232025,0,0,0,0,0,0,0.2703776,0,0,0,0.5511628,0,0.822385,0,0.6119174,0,0,0,0,0.03319612,0,0,0.7839077,0,0.1167474,0,0,0,0,0,0,0,0.09119812,0.4040951,0.1127736,0,0.2953249,0,0.5424625,0,0,0.3279966,0,0,0,0.7546005,0,0.2543614,0,0,0,0,0,0.6273531,0.08472896,0,0,0.1668088,0.2283296,0.02630872,0.6598391,0,0,0,0,0,0,0,0,
0,0.3040215,0,0,0,0,0,0,0,0.02777908,0.1839883,0,0.4345055,0,0,0,0.06446284,0,0,0.03244496,0,0,0.5550534,0.2211765,0.5004894,0.05096256,0.7764629,0,0,0,0.1349695,0,0,0,0,0.09766198,0,0.2158994,0,0,0.3137724,0,0.03940601,0,1.555922,0.5785906,0.05070092,0.5131226,0.06317301,0,0.03412053,0.411126,0,0,1.257988,0,0.01661054,0.02806653,0,0.2166406,0.9807252,0,0,0,0.7196243,0.1818816,0.4344183,0,0,0.1334675,0,0,0,0,0.5621256,0,0.6691536,0,0.1459683,0,0,0,0,0.286663,0,0,0,0,0,0,0.230115,0.2980651,0,0,0,0,0,0,0,0.1367251,0,0,0,0,0.07380745,0,0.5306438,0,0.218012,0,0,0,0.566155,0,0,0,0,0.4654061,0.5182887,0,0.07363277,0,0,0,0,0,0,0.1697587,0.181544,0,0,0,0,0.005687823,0,0,0,0,0,0.05569665,0.3021843,0,0,0,0.006485953,0,0.01559603,0.08138138,0,0.4304116,0.1245576,0,0.639112,0.323164,0.3136423,0,0,0,0.9436748,0,0.02992794,0.3414328,0.1525843,0,0,0,0,0.3302046,0,0,0.2352991,0.2284928,0.2866385,0,0.3900979,0.1835619,0.08931261,0,0,0,0.1163827,0,0,0,0,0.03146173,0.2292724,0.05590941,0,0,0,0,0,0,0,0,0,0.1598359,0,0,0,0,0,0,0,0.3291064,0.2012469,0.06360208,0.3973199,0.1203634,0,0,0.3970124,0.1712429,0,0,0,0,0.1692613,0,0.107157,0,0.9137644,0.9000631,0,0,0,0.4234864,0,0,0.3662373,0,0,0,0,0,0,0,0,0,0,0.7074165,0.5563488,0,0,0,0,0.7823037,0,0.6650283,0.2122215,0,0.5489886,0.33655,0.2050985,0,0,0,0,0,0,0,0,0,0,0.567068,0,0,0.008620043,0,0,0,0.6666206,0,0,0,0.2308269,0,0,0.0336759,0,0.4702273,0.6854885,0.6972285,0,0.8543084,0.3016786,0.5286774,0,0.01405007,0.1920679,0,0,0,0.3253072,0,0.2984888,0.2512304,0.005121137,0,0,0.09554146,0,0,0,0,0,0.444743,0.5072754,0.2677615,0,0,0,0,0,0,0.2868353,0,0,0,0,0,0,0,0,0,0.6562613,0.1962978,0,0,0.4888045,0,0.05344468,0,0,0.6214444,0,0.4037667,0.288135,0,0,0.03603091,0,0.2424369,0.09981085,0.1859199,0,0,0,0.2088713,0.6955231,0,0.1374299,0,0,0.681949,0,0.3120968,0,0.4060534,0,0,0.08725804,0,0,0,0,0.1303714,0.3446944,0,0,0.2777539,0,0,0,0,0,0,0,0.002497575,0.1925277,0,0.08367252,0,0,0,0,0.2757645,0.03752869,0,0,0,0.1460752,0.3743708,0,0.1127856,0,0,0,0.8492057,0,0,0,0,0,0,0,0,0,0,0,0.1150424,0.009987527,0.1570747,0,0,0,0,0,0.7556884,0,0.05640189,0.2902354,0.6409755,0.4327897,0,0.004536719,0.09691444,0,0,0,0,0.30037,0.03103473,0,0,0,0,0.682992,0,0.03511775,0.1283442,0.05075536,0.05175315,0,0.5002391,0,0,1.042512,0.1436371,0.4486217,0,0.1127943,0.5512838,0,0,0.1006843,0,0,0,0,0,0.1950807,0,0,0,0.1164246,0.5161138,0.217412,0.8705505,0.2935221,0.04871863,0,0,0,0,0.09683064,0,0.156436,0,0,0.07543055,0.5348018,0,0.6434049,0,0,0,0,0,0,0.3206394,0.09872307,0,0,0.2781387,0.1547561,0,0.5366851,0.1690907,0,0,0.4401578,0.2757937,0,0,0,0.5359001,0,0,0.06924228,0,0,0.02666643,0.4166921,0.3558204,0.3171082,0.6733689,0,0.359083,0,0,0,0,0,0,0.2115512,0.1528005,0.02906698,0.2685816,0,0.8176209,0,0,0,0,0,0,0,0,0.1028738,0,0,0.6553471,0,0.0112405,0,0.3754244,0,0,0.2223589,0.3613104,0.5779565,0,0.2413327,0,0,0,0.4787816,0,0,0,0,0,0,0,0,0,0.1971666,0,
0,0,0,0,0,0.2606158,0,0.05871729,0,0,0.4403846,0,0,0,0.3636064,0,0.1382555,0,0,0,0.1814724,0.2802999,0,0.2297141,0.6090189,0,0,0.143552,0,0,0,0,0.1045908,0,0.4049462,0,0,0.516175,0.6453036,0,0.104423,0.003544809,0,0,0.2810366,0,0.2409963,0.7337871,0,0.7949397,0.07731456,0.372964,0.2318934,0.1101171,0.08564448,0,0,0.002279229,0,0,0,0.3082156,0,0.314323,0,0.1891658,0.08074968,0.1324694,0,0.5357445,0,0,0,0,0,0,0.2098054,0,0,0.2250536,0,0,0.2262599,0.2416697,0,0,0,0.3362403,0,0,0,0,0,0.4839975,0,0.2778671,0,0,0.1057501,0,0.2674087,0,0,0,0,0.06738671,0,0.4576195,0,0,0,0,0.05249649,0,0,0,0,0,0.4567332,0,0.1081928,0,0.1140521,0.5277618,0,0,0,0,0,0.5701521,0,0,0,0.2583991,0,0,0.2426222,0.6172733,0.3914661,0.72821,0,0,0.235744,0.1256861,0,0.2203173,0.02210052,0,0,0,0,0,0.2160399,0,0,0,0.1720464,0.5583763,0.2090246,0,0.2069584,0.008498345,0,0,0,0,0,0,0,0,0,0,0,0.4016589,0.67182,0,0.1330305,0.1469383,0,0,0.121789,0,0,0.208401,0,0,0.4642826,0,0.07570688,0.210863,0,0.3680773,0,0,0,0,0,0,0,0,0.05507729,0,0,0.14582,0,0,0.0302443,0.08752449,0.06290848,0.03137026,0,0.01903849,0.05443507,0,0,0,0.2398581,0.6811574,0.2258949,0.8016044,0,0,0,0.2667641,0.041344,0,0.887516,0,0,0.7447039,0,0.7726028,0.1291744,0,0,0.3483598,0,0,0,0,0,0,0.6173254,0.8168188,0.3526885,0.1589781,0,0,0,0,0,0,0.04272836,0,0,0,0,0,0,0.513829,0.03410155,0.5440291,0,0,0.0416101,0,0,0,0.9103562,0.02939555,0.1872758,0,0.622281,0.112123,0.3696182,0,0,0,0.4090925,0,0,0,0.2943991,0,0,0,0,0.07142695,0,0.07408148,0,0,0,0,0,0,0,0.1493447,0.04085236,0.1095635,0,0,0.3899959,0,0,0,0,0.3370321,0,0,0,0.1802183,0,0,0.1974401,0,0.1240485,0,0,0,0.2556462,0,0,0,0,0,0,0.08012026,0,0.05484243,0,0,0,0,0,0,0.2039918,0,0.6740927,0,0.01887211,0,0.2622766,0,0.2127006,0,0,0.2370036,0,0,0,0,0.1110638,0.2263668,0.3853162,0,0.3200504,0.1681106,0,0,0,0.0654782,0.3679735,0,0,0,0,0.1214453,0.3848705,0,0,0.1094912,0,0.2807918,0,0.2801309,0,0,0.02545363,0,0,0.109361,0,0.3536777,0,0.2167012,0,0,0.009358592,0,0,0.08521107,0,0,0,0,0,0.2210349,0,0,0.1443841,0,0,0,0,0,0.7760472,0,0.447511,0,0,0.07837291,0.07710131,0.07259898,0.0260271,0,0.373857,0,0.3277905,0.2000844,0,0.4463092,0,0,0.471087,0,0,0.4762547,0,0,0,0,0.1390802,0,0,0.04631634,0.2942089,0.2344704,0,0,0.3076384,0,0,0.492693,0,0.1738128,0,0,0,0.9109643,0,0.2973381,0.3765599,0.02472957,0.5256921,0,0,0,0.7388486,0.2068367,0,0.1222038,0,0,0.6045266,0.1001721,0.01533034,0,0,0,0,0,0,0.2568019,0,0.2582018,0,0.1272264,0,0.1613597,0.9063942,0,0.01535547,0,0,0.4864504,0.2163371,0,0,0,0,0,0,0,0,0.2353858,0,0.3891688,0,0.4252962,0,0,0,0,0.006523433,0.1744629,0,0.2295264,0,0.1714915,0.3942027,0,0,0.1628433,0,0,0,0,0.6476942,0.2718065,0,0,0.5301704,0,0,0.3342017,0,0.3014489,0,0.0006043782,0,0,0,0,0.1758692,0,0,0,0,0.3287913,0.492244,0,0,0.044502,0.07210645,0,0.5204701,0,0,0,0.04354142,0,0.09434789,0,0,0,0.09456367,0,0.8942502,0,0.3812035,0,0,0.3566158,0.0368131,0,0,0,0,0.2678325,
0,0,0,0,0,0,0,0,0,0.2598707,0,0,0.4301932,0,0,0.001755293,0,0,0.2217643,0.2656614,0,0,0.007227455,0.1204211,0,0,0,0.03503913,0.1719837,0.01428198,0.4132091,0,0,0,0,0,0,0.5848331,0.5729825,0,0,0.04048892,0.1704773,0.2754539,0,0,0,0,0,0.3902088,0,0,0.7951102,0.2268088,0,0,0,0,0,0.1714356,0,0,0.1310557,0,0.1756998,0.1004454,0.01067514,0,0,0,0,0,0,0.9014605,0.9796255,0,0.04266888,0,0.1466111,0.7567384,0.2635262,0,0.01482575,0,0.4049807,0.2250257,0,0.1070276,0.1054382,0.3922729,0,0,0,0,0.3046382,0,0.158755,0.3022911,0.01951955,0.2328486,0.1981147,0.3654248,0,0,0,0,0,0.2901871,0,0.4465546,0,0,0,0.3378975,0,0,0,0,0,0,0.1139075,0.5879064,0,0.5785094,0,0.3845451,0.5189148,0,0.09451921,0,0,0.434393,0.121332,0,0.1469666,0.2046258,0,0,0.601302,0,0,0,0.8147589,0,0.685093,0.05712661,1.057224,0,0,0.304831,0.02154902,0.1341269,0.07459028,0,0.3950497,0.1731962,0,0.1050538,0,0,0.3140681,0.1384957,0.06879584,0,0,0,0.2255082,0.078412,0.2097699,0,0.4085017,0.4026545,0,0.5864669,0.6484465,0.2398601,0.0322834,0,0,0.5283806,0.3354141,0.1676738,0,0,0,0,0.544443,0,0,0,0,0,0.446613,0.6691362,0,0.1670207,0,0.403514,0,0,0.04291797,0.1587304,0.1923942,0,0.08822671,0.471702,0,0,0.1009083,0.6754655,0,0,0,0,0,0,0,0,0,0,0,0.0915013,0,0,0,0,0,0,0,0.7318739,0.02935005,1.203583,0.7156393,0,0.02834301,0.01817246,0,0,0.1045045,0,0.32642,0.2295502,0.2718943,0,0.1035801,0.0554367,0.2767156,0,0,0,0.3455406,0.5870713,0.1167846,0,0,0,0,0.7918778,0.05458474,0,0.1548162,0,0,0,0,0.6117852,0,0,0,0.4908837,0,0.2273294,0.380399,0,0,0.519386,0.197482,0,0,0,0,0,0,0.6045873,0,0.06667507,0.09670813,0.8363456,0.7126909,0,0.7550958,0.7390548,0,0,0.3747593,0,0,0,0,0.02925763,0,0,0.6334233,0,0.1410231,0.01204274,0.101406,0,0,0,0,0.2097419,0,0,0,0.1499255,0.3874724,0,0,0,0,0.3955697,0,0.1049685,0,0,0,0.413362,0.5005984,0.03110204,0,0,0.13771,0,0,0.3844355,0,0,0.07481218,0,0.3501935,0,0,0,0,0.3191508,0,0.1498902,0,0.06780322,0,0,0,0,0.6013952,0,0,0,0.182668,0,0.5441277,0.2330787,0.5693353,0.01387506,0.2321914,0,0,0.2103668,0.6081635,0,0,0.373433,0,0,0,0,0.6134337,0.3171514,0.2544362,0.1142173,0,0.05710449,0,0,0.4168359,0.6309594,0,0,0.6131296,0.1467893,0,0.1768704,0,0.07918184,0,0.365168,0,0,0.01574645,0.2071024,0.2259574,0,0,0,0,0,0,0,0,0,0,0.4588614,0.2014827,0,0,0,0,0,0,0,0.693144,0.09827775,0,0,0.2102335,0,0.3094985,0,0.5481572,0,0.02919466,0,0,0.298413,0,0.5386485,0,0,0,0.2568274,0,0,0.4007834,0.1987703,0,0.02335932,0.3873526,0,0,0,0,0,0,0,0,0,0.7090949,0.1070592,0.1571217,0.5248619,0,0.2278401,0,0,0,0,0,0,0,0.3006295,0.5158747,0,0,0,0,0,0.2339304,0,0,0,0.0390464,0.2365885,0.01542997,0,0,0.02049798,0,0,0.5259117,0,0,0,0,0.08840717,0,0,0,0,0,0,0.5085634,0,0.3196886,0,0.1335338,0.005656123,0,0,0,0.2506752,0,0,0,0,0,0,0.7541898,0.2449649,0.01413388,0.3718317,0.3728747,0,0,0,0.4078106,0.04637998,0,0.4621147,0.310636,0,0,0,0,0,0,0,0,0,0,0,0,0.4277169,0,0,0,0.7190456,0,0,0,0,0,0,0.2256934,0,0.4706753,0,0.6116785,0.04519824,0,0,0,0,0.06461972,0.2531312,0,0,0.07670189,0,0.2341397,0,
0.2371882,0,0,0.01586465,0.2729087,0.107534,0.05769816,0,0,0,0,0.0476884,0,0,0.06240036,0,0.5778762,0,0.2635451,0.2074441,0.3825964,0.01269529,0.107236,0,0,0.2558149,0.01047696,0.5506131,0,0,0,0,0,0.02027844,0,0.04380535,0.5185747,0.8377589,0,0.3944352,0.5344759,0,0,0,0,0.4282901,0,0.1523422,0,0,0.1647711,0,0,0,0.07892971,0,0.07453769,0,0,0.7074636,0,0,0,0,0.5434674,0,0,0,0,0.3174845,0,0,0.2481616,0.1633716,0,0,0.1928499,0,0,0,0,0,0,0.05365608,0,0,0,0,0,0,0,0,0.02146503,0.5474385,0.04574075,0.3819157,0,0,0,0,0,0,0,0,0.1380937,0,0,0.1666793,0,0,0.1489662,0.4133496,0,0,0,0,0,0.2479572,0.1500464,0.1146963,0,0,0,0,0,0,0.0216049,0,0.4073522,0,0,0,1.033255,0,0,0,0.08109224,0,0,0.2436164,0.03653646,0.3622709,0,0.1432045,0,0,0.01060205,0,0.23355,0,0,0.2378388,0.2420913,0,0,0.1031141,0,0,0,0,0.04701689,0.2789471,0,0,0.4254908,0.113326,0.07324217,0,0,0,0,0.08614595,0.1849734,0,0,0,0,0,0,0.1391955,0.2415691,0.1114771,0.453119,0,0,0,0,0,0,0.1014556,0.1210248,0.004488782,0,0.2641208,0.1504293,0.1990833,0,0.05151808,0.05076468,0,0.1409357,0,0,0,0.07568368,0,0,0,0.001357732,0,0,0,0,0,0,0,0,0.3714847,0,0.2892086,0.4127985,0,0,0,0.2122535,0.3260638,0,0.2154696,0,0.1180741,0.5149363,0.1390339,0.7253577,0.1914693,0,0,0,0,0,0,0,0.03837777,0,0,0,0,0,0,0,0,0,0.134092,0.2151179,0.0542896,0,0,0.04535059,0,0,0.06467374,0,0,0.5885078,0.0001178629,0.4415232,0.281307,0,0,0.04706648,0,0.3506335,0,0,0,0.3715237,0,0,0,0,0,0,0,0,0,0,0,0,0,0.1882856,0.5003785,0,0,0.03727494,0.3698002,0.3460531,0,0,0,0,0.259006,0,0,0.3750506,0,0,0,0,0,0.006200858,0.4260055,0,0,0,0,0.5689442,0,0.02380479,0,0,0,0,0,0,0.1222366,0.1692469,0,0,0.2244249,0.4616399,0,0.3228099,0,0.01234724,0,0.009544665,0,0,0,0.09400681,0,0,0.144092,0.4282491,0,0.04432177,0.7345564,0,0,0,0,0,0,0,0,0,0,0,0,0,0,0,0,0.5509638,0.4567551,0,0.4705465,0.2341949,0,0,0.3302396,0,0,0,0,0.2126616,0,0,0,0,0.1664841,0,0,0,0.1825818,0.018196,0.2285492,0.1417044,0.8857328,0,0.5702188,0,0.2555484,0,0.185686,0.7499141,0.3858195,0,0,0,0.1225742,0,0.2689892,0,0,0,0,0.07571119,0,0.1656123,0,0,0.4857548,0,0.5545467,0,0,0.09037421,0,0,0,0.6411542,0.1782838,0.3592727,0,0.9642527,0.0993173,0,0,0.2418845,0.04947605,0,0,0.9969913,0,0,0.03365013,0.3698213,0.3227123,0,0.690286,0,0,0,0,0,0.5598074,0,0,0,0,0,0,0,0.09709132,0.06238418,0.03298016,0,0,0,0.571488,0.008777438,0.02749583,0,0.1193845,0.4935393,0,0,0,0.5373722,0,0,0,0,0.2352619,0,0,0,0,0,0,0,0.7203794,0,0,0.08478237,0,0.5193169,0,0,0,0.07145503,0,0.02131556,0,0,0.1114357,0,0,0,0.4464573,0.06244244,0,0,0,0,0.3131652,0,0.1972597,0,0.2627819,0,0,0,0.04754796,0,0,0,0,0,0,0.4833722,0,0,0.31291,0,0.2998658,0.1081272,0.8381148,0,0,1.3438,0.01901732,0,0.1137302,0,0,0.5954638,0.8649701,0.2887779,0,0,0,0,0,0.397284,0,0,0,0.1236675,0.5476533,0.1424928,0,0.1157615,0.4984855,0.9236791,0,0,0,0,0,0.1239052,0.2077345,0,0,0,0.3790681,0.06767747,0,0.3491773,0,
0,0,0,0,0.07330366,0,0.2334563,0,0.03545425,0.0974334,0,0,0,0.1104148,0.2624437,0,0,0,0,0.2819546,0,0,0.1552822,0,0,0.01599343,0,0,0,0,0,0,0,0.1624963,0,0.04301729,0,0,0,0.2541802,0,0.003110025,0,0,0,0.001186565,0.005746712,0.5908842,0.2253696,0.07589217,0.7534419,0.5248122,0,0,0,0.114603,0.1513432,0,0,0,0.1563927,0,0.05283153,0,0,0.01597287,0.4210744,0.001069963,0,0.2734891,0,0,0,0,0,0,0,0,0.1994127,0,0,0,0,0,0,0,0,0.04696582,0,0.4265629,0,0,0.2449474,0.1142389,0,0.01544922,0,0,0,0,0,0.6609936,0,0.3724518,0,0,0,0,0,0.1818444,0,0,0,0,0.04122144,0,0.1901709,0,0,0,0,0.441882,0.5266382,0.1940954,0.2497402,0,0.07488616,0.3040489,0.4769659,0,0,0.6028121,0,0,0.3730993,0,0.6053843,0.2389963,0.2735176,0,0.310498,0,0,0.254581,0.2372578,0.2378844,0.3779283,0.7240281,0,0,0,0.07678051,0,0.2864821,0,0,0.1963173,0,0,0.132201,0,0,0,0.0002757087,0.3241717,0.01653459,0,0.2063267,0,0,0.2349058,0.05156504,0,0.2543436,0,0.1240795,0,0,0,0,0,0,0,0,0,0,0.07215758,0,0.8041829,0.1747107,0.05777234,0,0.1138484,0,0,0,0.1988594,0,0,0,0.1976107,0.1048404,0,0,0.008692983,0,0,0,0,0.6683342,0,0,0,0,0,0,0,0,0,0,0,0,0,0.6784508,0,0,0.1648074,0.2677664,0,0.3247239,0,0.3506326,0.6457146,0,0,0.08908168,0,0.1422633,0,0.2003845,0,0,0,0,0.1908267,0,0,0.3988509,0,0.4539954,0.2316616,0,0,0,0,0,0,0,0,0,0,0.3612153,0,0,0,0,0,0.08859746,0,0.2529881,1.343745,0.2515092,0.3654354,0,0.1648713,0.6906704,0,0,0.4148265,0.2024684,0.795099,0.0111307,1.00965,0.3690595,0,0,0,0,0,0,0,0.0736291,0.3148931,0.4632356,0,0,0,0.4032564,0,0.07229165,0.3536925,0.01902206,0,0,0,0,0.4233247,0.3785683,0.5274894,0.5177506,0.04936153,0.07641356,0,0.2539559,0,0,0,0,0,0.03721193,0.2136652,0,0,0.1014368,0,0,0.1236713,0.1732895,0,0.3524261,0,0.2731499,0,0,0.02075093,0,0.221928,0,0,0.1880348,0.236023,0,0,0.4516211,0,0.4887937,0,0,0,0.0522619,0.3831906,0.5234584,0.3250102,0.1390857,0,0,0.3205802,0.1753452,0.2982668,0,0,0.1339162,0.3071637,0.177579,0,0,0.4779338,0,0,0,0,0,0,0.2530609,0,0.05182443,0,0,0,0,0.0133782,0,0.07950553,0.1248597,0,0,0,0.5765412,0,0.1502829,0.2702273,0.6714882,0.08908075,0.01808053,0,0,0,0,0.05313905,0.1909774,0,0.1454899,0,0,0,0,0,0.008714317,0.05264321,0,0.1317492,0,0.512028,0,0,0.5241247,0,0,0,0,0,0,0,0,0.7111205,0,0,0.4667868,0.3777837,0.04135782,0,0,0.5312411,0.5000947,0,0,0,0,0,0,0,0,0,0,0,0.04611778,0,0,0,0.146849,0,0,0,0,0,0,0,0,0.3476823,0,0,0,0,0.4828032,0,0,0,0.4658072,0.2316843,0,0,0.573975,0.03113028,0.2302101,0,0.3837337,0.688268,0,0.3030773,0.05493376,0.08230945,0,0,0,0.1129057,0,0.1174594,0,0,0.4721404,0.089287,0,0,0,0.1031372,0.364752,0,0,0.3125024,0.2901965,0,0,0.1687156,0,0,0,0,0.5089639,0.6236261,0,0,0,0.1747467,0.02544081,0,0,0.2000069,0,0,0,0,0.1963064,0.5134472,0,0.5535212,0.3698638,0,0,0,0,0,0,0.4287657,0,0.4161226,0,0,0,0,0.1625658,0,0,0,0,0.6739091,0,0.5384057,0.2007973,0,0,0,0,0,0.4686438,0.01634632,0,0,0,1.509167,0,0,0,0.1004883,0.1017209,0,0.2836975,0,0,0.2852806,0.5477117,
0.05614719,0,0,0,0,0,0,0,0,0.1866473,0,0.04758962,0,0,0,0,0.06745595,0,0.3527346,0,0,0,0,0.1411777,0.01751674,0.1491271,0,0,0.1880268,0.2077574,0,0.4070325,0.06014713,0.1061527,0,0,0.04845702,0.08027864,0.2944524,0,0,0.6003579,0,0,0.6145242,0,0.871804,0,0,0,0.09060406,0.1549393,0.1135896,0.3751241,0,0.09160036,0.1055098,0.2674351,1.29532,0,0.1275646,0,0.1175344,0,0.4722531,0.1846101,0,0.7615038,0.04331741,0.2927793,0.2275206,0.2321473,0,0,0.002838895,0.1847192,0,0.5657629,0,0,0,0,0,0,0,0,0,0,0.1915875,0,0.233784,0.3266658,0,0,0,0.2807198,0.02272073,0,0,0,0,0,0,0.2234187,0,0.4100052,0,0,0.03002031,0,0.8556338,0,0,0,0.9837915,0.4223399,0.4764091,0,0.883864,0,0,0,0,0.5112138,0,0,0,0,0,0,0.2766814,0,0,0.1781525,0,0,0.449964,0.7524579,0,0,0.1333748,0.5836735,0.4913513,0.5121921,0.01616406,0.1493472,0,0,0,0.4998171,0,0,0,0.3879644,0,0,0,0.6943476,0,0,0.3001549,0.257939,0,0.03139122,0,0.1705188,0.1163386,0.6019253,0,0,0.3328863,0.4389842,0,0,0,0,0.1732093,0,0.6588019,0,0,0.2656736,0.02622082,0,0.07622033,0.3153729,0.2832949,0.05089495,0.7244781,0,0.09899383,0,0.03801358,0.1065731,0,0.4389605,0,0,0,0.1188182,0,0.02760589,0,0,0,0.4802363,0.2556016,0.5608971,0.7884839,0.3248385,0,0,0.02431761,0,0,0,0.158415,0.0009332515,0,0.0626916,0,0.2078224,0.3208497,0.1649434,0,0.4917001,0,0.01343648,0.5353275,0.08170588,0,0.2223312,0,0,0.5459395,0,0,0,0,0,0.2851343,0,0.03419618,0,0,0,0.347139,0,0.2197136,0,0.03964356,0,0,0.410952,0.1126883,0,0,0,0,0.5619628,0.5730013,0.6566892,0.2998539,0,0,0,0,0.6174855,0.1438875,0,0.07755127,0,0,0,0.02976624,0.1890245,0,0,0,0,0.1489636,0,0.1808881,0,0,0,0.3578773,0.08012358,0,0,0,0,0.8364096,0.06277125,0,0.187997,0,0,0.0007145847,0,0,0.1491667,0,0,0,0,0,0,0.01565527,0.3545455,0,0.5845994,0,0,0.1891317,0,0.2569088,0.5159961,0,0,0.2751957,0,0.3285663,0,0,0,0.1321884,0,0,0,0,0.6040887,0.4186514,0,0,0,0.3425467,0,0.007790102,0,0.4265734,0,0,0,0,0.1817367,0,0,0.3755963,0.1359929,0.3719386,0.2198993,0.1773154,0,0.2430463,0.2237457,0.5781431,0.2225057,0.001089899,0,0.01981261,0.03470141,0,0,0,0,0,0,0,0,0.1535974,0.7755517,0,0,0.02684604,0,0.3150862,0,0.1398353,0,0.2867283,0.7187412,0.1003706,0.1722814,2.022311,0,0.08410427,0,0.04419091,0.616896,0,0,0,0,1.188095,0,0,0.8480963,0.1209734,0,0,0,0.3804584,0,0,0,0.2494199,0,0,0,0,0,0.3598838,0.6536323,0.3095735,0,1.03574,0,0,0,0,0,0,0.1458757,0,0.2788284,0,0,0,0.5986356,0,0.1044003,0,0.06928814,0,0.179925,0.006227749,0,0.1620872,0,0.4203742,0,0,0,0.4883465,0,0,0,0,0.1991659,0.207957,0,0,0.1765061,0,0,0.5975853,0,0,0,0,0.2922539,0.6570738,0,0,0,0.1302299,0.05009408,0.3564042,0.2392248,0.249155,0,0,0.2673752,0.643744,0,0,0.6137031,0,0,0.435589,0,0.6183075,0,0,0.435277,0,0.1496698,0,0,0,0,0,0,1.261681,0,0,0.3127896,0,0.01986321,0,0,0,0.2372656,0.1346141,0,0,0.06358867,0,0,0,0,0.05970444,0,0.01638911,0,0,0,0,0,0,0.2502922,0,0.1072596,0,0.1710318,0.5512633,0,0.3305466,0.07245211,0,0.1583146,0,0.1440476,0,0,0,0,0,0.1397598,0.6840413,0,0,0.05468648,0,0.2011332,0.5579795,0.3579164,0.7886181,0.2739878,0,0.7569024,0,0,0.113144,0.5680156,0.1212905,0.4463798,0.6122173,0,0.4033743,0.3350782,0,0.3747532,0,0,0,0.5825025,0,0,
0,0.5357288,0,0,0,0,0,0,0,0,0,0,0,0.07436886,0,0.06552611,0,0,0,0,0,0,0,0,0.1607874,0,0,0,0,0,0,0.02936979,0,0,0,0.1005355,0.7544091,0,0.2306938,0.08280614,0,0,0,0,0.5420222,0,0,0.8085584,0.4010508,0,0.3901672,0.207532,0,0.7049655,0,0,0.05657958,0,0,0,0.3593507,0,0.2133218,0.2689725,0,0,0.260296,0,0.08421876,0.1513832,0,0,0.1525436,0.4056903,0,0,0,0.2472873,0.6565154,0.1047513,0,0,0,0.1008852,0.165301,0,0,0,0,0.1377372,0,0,0.2413999,0,0,0,0,0,0.45297,0.09028841,0,0.7261097,0,0,0.5828691,0,0.2468965,0.4708323,0,0,0.4433841,0,0,0,0.200862,0,0.1973697,0.393485,0,0,0.4923252,0,0,0,0.2118556,0,0,0.3260572,0,0,0,0.8629296,0,0,0.5090429,0,0,0.3803015,0.1393365,0,0.1824744,0,0,0.2796876,0.4320088,0,0,0.606812,0,0,0,0.08993501,0.8019408,0,0,0.6558292,0,0.5359747,0,0.02786696,0.857292,0.106799,0,0.6393213,0,0.05704432,0.06879618,0,0,0.2440402,0,0,0,0.05715344,0,0,0.01525155,0.3971083,0,0.2135919,0.01924002,0.2300031,0,0.1255568,0.1361851,0,0,0.3836057,0.7891713,0,0,0.320769,0,0,0,0.1530568,0,0.154976,0.08615583,0,0,0,0,0,0.1992192,0,0,0.1639112,0,0,0.8049869,0,0,0,0.4722943,0,0,0.7095733,0.05042727,0.3568997,0,0,0,0,0,0,0.07245156,0,0,0.4926403,0,0,0,0,0,0,0,0.3329509,0,0.6130694,0,0,0,0,0,0.4889154,0,0.08321253,0,0.05809619,0.111866,0,0.2141338,0,0.1299206,0.1627205,0.3476461,0.07727943,0,0,0.1374423,0,0,0,0,0,0,0,0,0,0.06226401,0,0.6306155,0,0,0,0.6056099,0,0,0,0.4242173,0,0.2557148,0,0.02800815,0,0,0.599982,0,0,0.9632619,0,0,0,0.3806306,0,0,0.03271247,0.2871118,0.07932568,0,0.06933742,0,0.1759681,0,0.9388642,0,0.2737891,0,0,0,0,0.08128896,0,0,0.1729967,0.1422216,0,0,0,0,0,0,0,0,0,0.3379134,0.3771219,0.1461089,0,0,0,0,0,0,0,0.05783859,0.3367242,0,0,0,0,0,0.06963436,0,0,0.1858739,0,0,0.4072601,0.0168736,0,0,0,0,0,0,0.05717166,0.0443294,0,0,0,0.2445703,0.4629252,0,1.16598,0,0,0,1.469322,0.06634885,0.02042749,0,0,0,0.1252468,0.4594714,0.1432388,0,0.1676527,0,0.2537095,0,0.5684519,0,0,0,0.2555447,0,0,0,0.6274818,0,0,0.00267577,0.6515798,0.4150803,0.6764361,0,0.1507868,0,0,0.09533559,0,0,0,0.117967,0.180761,0.01663918,0,0,0,0,0.6342008,0,0,0.032212,0,0,0,0,0.1442234,0,0,0,0,0,0,0,0.6040365,0.01882681,0.1659885,0,0.3179622,0.1825824,0,0,0,0,0.148836,0,0,0,0,0.5112822,0,0,1.150621,0.3064206,0.07642432,0,0,0.7168584,0,0,0.5641025,0,0,0.2848504,0.1211295,0.7360272,0,0.2248442,0,0.03570228,0,0,0,0,0,0,0.5297441,0,0.473787,0,0,0.01209992,0,0,0,0.1915431,0,0,0.5595478,0.05314159,0,0,0,0.4157061,0.3017961,0,0,0.6234425,0.2288598,0,0,0,0,0,0,0,0.5897734,0.2493552,0,0.06513117,0.3078806,0.5075563,0,1.136601,0,0.5024999,0,0,0,0,0,0,0.1921423,0,0,0,0,0.1767192,0.01726234,0,0.1080369,0.193336,0,0,0,0,0,0.6969031,0.001102413,0,0.11241,0,0,0.1107502,0,0.2033373,0,0,0.09406399,0.1196981,0,0.009681843,0.3423959,0,0,0,0.3434098,0.5808228,0,0,0,0,0.7519892,0,0.2304985,0,0,0,0.1579936,0.3609873,0.08766554,0,0.4110652,0,0.5760598,
0.1476399,0.6028526,0,0,0,0,0.1194149,0,0,0,0.336981,0,0,0,0,0.1335503,0,0.5482672,0.05765579,0.2329493,0,0,0.5064507,0.1540663,0,1.053483,0,0.1052433,0.5066275,0.09269465,0,0,0,0.2946448,0,0,0,0,0.0127693,0,0,0,0.3779139,0.2905024,0.1637164,0,0.1187316,0,0.1418158,0,0.663731,0.02912382,0,0.3052266,0,0.9355978,0.05171986,0.02209948,0,0.7349811,0,0,0,0,0.2738366,0.03227828,0.2360919,0.1204337,0,0,0,0,0,0,0,0.2140501,0,0,0,0,0.7306016,0,1.026261,0.1178317,0,0.4706985,0.09260438,0,0,0,0,0,0,0,0,0,1.101968,0.008934272,0.3633105,0.2962075,0,0,0,0,0,0,0.1322181,0,0.1496641,0.2057019,0,0,0,0.330457,0,0,0.02867535,0,0,0,0,0,0,0,0.0001258141,0,0.250696,0.3810687,0,0,0,0,0,0,0.5545886,0.005483433,0.3900007,0,0,0.3484052,0,0,0.2973522,1.149238,0,0.06777785,0.03957325,0,0.1737855,0.2846266,0,0.3531981,0,0,0.705863,0,0,0.7258747,0.01184982,0.07325134,0.2768478,0.6680187,0,0,0.3751432,0,0,0,0,0.949475,0.4627702,0,0,0,0,0,0,0,0,0,0.1516354,0,0.2217432,0,0,0,0,0,0.06868318,0.3119959,0.8398912,0,0.04214779,0.4441023,0.2340812,0,0.2956989,0,0,0.5328154,0,0.2786659,0.2417628,0.562861,0,0,0.08731369,0.001589553,0,0,0,0,0,0.1089853,0.3193072,0,0,0,0,0,0.02870435,0,0.4204712,0,0.1696669,0,0.5579649,0.8438311,0,0,0,0,0,0,0,0.04785624,0.8070608,0,0,0,0,0.2301985,0.6900391,0.2865629,0,0.1468647,0,0.163482,0,0.2012671,0,0,0,0,0,0,0,0,0,0,0.517428,0,0,0,0,0,0,0,0.2531813,0.08967768,0,0,0,0,0,0,0,0,0,0,0,0,0,0.0278371,0,0,0,0,0,0,0,0,0,0,0.01672129,0,0,0,0.2586011,0,0,0,0,0,0,0,0.3247266,0,0,0.05968554,0,0.04848274,0,0,0,0,0.6103035,0,0,0,0,0,0,0,0,0,0.04334097,0,0,0,0.08601132,0,0.1139549,0,0,0,0.2020739,0,0.2265415,0,0,0.2502934,0.1980758,0,0.08526015,0,0.5628419,0,0.2932922,0.136691,0.1256979,0,0,0,0.8165305,0,0,0.01342598,0,0,0.3014412,0,0,0,0,0,0,0,0.4004804,0.3137605,0,0.2370902,0.3390509,0,0,0.5220844,0.121066,0.1006195,0.5950499,0.08275257,0.7576621,0,0.4601712,0,0,0.1130996,0.1241579,0,0.11058,0.03669856,0.1320153,0,0,0,0,0.09779133,0,0,0,0,0.3387968,0,0.5167651,0,0,0.2251624,0,0.5140291,0.3372601,0,0,0,0.41515,0.3387106,0,0.03609512,0.4799415,0.1469652,0,0,0,0.1015146,0,0,0,0,0.05560526,0,0,0.3075349,0.3943717,0.2055449,0,0,0,0,0,0.7954571,0.022334,0.05898076,0,0,0,0,0,0,0,0,0.3417177,0,0,0.4941701,0,0.2590999,0.1331981,0,0,0.2171992,0.4358405,0,0,0.06974234,0.138838,0.3203382,0,0.3691018,0,0.3884907,0,0,0.3649208,0,0,0,0,0,0,0.1210962,0.03337867,0,0.2829115,0,0,0,0.2593488,0,0.1305047,0.03065452,0.7889392,0,0,0,0.6598626,0,0,0,0.2012173,0.01832754,0,0.2947536,0.3199594,0,0,0,0.2974031,0,0.1493728,0.02335018,0.5642222,0.07895406,0,0,0.1226337,0,0.1046662,0,0,0,0.1799121,0.1276523,0.01746533,0,0.1822981,0.2851849,0.1018398,0,0,0.4245893,0.4557565,0,0,0,0.4150849,0,0.05187435,0,0,0,0.007371294,0,0.01099905,0.2482946,0.1816466,0.02387276,0.08322856,0,0,0.003837392,0,0,0,0.05950429,0,0,0.4880408,0,0,0,0,0.01039355,0,0.1799233,0.07090484,0.5141391,0,0,0.3975431,0,0,0.003123966,
0.176035,0,0,0,0,0,0.1416247,0.00651225,0,0,0,0,0,0.05080601,0,0,0.03681851,0,0,0,0,0,0,0,0,0,0,0.374044,0.04125367,0,0,0,0,0,0,0.2508197,0,0,0.8041301,0,0,0.05657178,0,0.2584768,0,0.09192666,0.8798614,0.5116164,0.274527,0,0,0.1656941,0.5503824,0.232978,0.8735991,0,0.1010372,0.0612519,0,0,0,0.9654567,0.02541999,0,0,0,0,0,0,0,1.695511,0,0,0.3912222,0.233331,0,0,0,0.3837376,0,0,0,0,0.07117022,0,0.6284884,0,0.2315393,0,0,0.06944779,0,0,0,0,0,0,0,0,0,0,0.02708163,0.5259869,0,0.1603498,0,0,0,0,0,0,0.1450769,0,0,0,0,0,0,0.588227,0.128588,0,0.8319113,0,0,0,0.4882201,0,0,0,0,0.08575898,0,0.1704845,0.4623865,0,0.3708647,0,0,0.05404388,0.1980057,0.1698963,0,0,0.4300755,0,0,0.005472384,0.1173352,0,0,0,0,0,0.1730259,0.4299111,0,0,0,0.9197215,0,0,0,0,0,0,0.1257446,0,0.3191755,0,0.2427404,0,0,0.642787,0.5259634,0,0.365627,0,0.609473,0.3012139,0,0,0,0.2775989,0.01508725,0,0,0.6573521,0,0,0,0.1458447,0,0.5217472,0,0,0.2099419,0,0,0,0,0,0,0.532514,0,0,0.02331877,0.198303,0.09861262,0,0,0,0.3011269,0,0.1361313,0.08070581,0,0,0.1844588,0,0.3252175,0.4744256,0,0.08551945,0.2704848,0,0,0,0.2737086,0,0.6789392,0,0,0.4448636,0,0,0,0.512729,0.1841843,0.1672863,0.06389303,0,0.1933369,0,0,0,0,0,0,0,0.2260157,0.0005505449,0.102596,0,0.01696597,0.1791307,0.4498611,0,0.2657347,0,0,0.7067227,0,0,0,0,0.1346031,0,0,0.5976508,0,0,0,0.8361841,0,0,0.04182614,0,0,0,0.3119663,0,0,0,0,0.2449421,0,0,0,0,0,0.280525,0,0,0.5133274,0.1665492,0.05274551,0,0,0,0,0.0891772,0.03928461,0.1673977,0.2045936,0,0.5237849,0,0,0.2804164,0,0,0,0.6224889,0.2636915,0,0.01616123,0.6650212,0,0,0,0,0,0,0,0.7798854,0,0.02993268,0,0,0.0350593,0,0,0,0,0.3187215,0,0.04699401,0.297549,0.2783179,0,0,0.1717093,0.1789398,0.181264,0,0,0,0,0,0.2863587,0,0,0,0,0.2805859,0.1357768,0,0,0,0.5129334,0,0.5537983,0,0.17231,0,0,0.1372247,0,0,0.39416,0.04037559,0,0.8248771,0,0,0,0,0.08085549,0,0,0,0.1431517,0,0,0,0.4189106,0,0,0,0,0.2880313,0.5617577,0.2435079,0.2714328,0,0.7896648,0,0.404304,0,0,0.02527378,0,0,0.2231483,0.02648418,0.0838396,0.2990614,0,0,0.8145291,0,0,0.1895434,0.2178934,0,0,0,0,0.1715483,0.6026108,0,0,0,0,0.2897191,0.1470849,0,0,0,0.0496392,0,0.1434302,0,0.1232908,0,0.02573226,0,0,0,0.004947698,0,0.8941728,0,0,0.4102184,0,0,0,0,0,0.005123239,0,0.4680342,0,0.3075686,0,0,0,0,0,0,0,0,0.373019,0,0.05945743,0.1017331,0,0.4211023,0,0.6348909,0.2794074,0.6494061,0,0,0,0,0.3492011,0.471472,0,0,0,0,0,0.6959675,0.05086528,0,0.182572,0.05465262,0,0,0.6926996,0,0,0,0,0.3210079,0.5020579,0.09566127,0,0.0242239,0.166804,0.04604714,0,0.08759034,0,0.02491743,0.01163655,0,0,0,0,0,0,0,0,0.1917293,0,0,0,0.1995912,0,0,0,0,0,0.1483851,0.282413,0,0.5800892,0.03461702,0,0.0275299,0,0,0.05056706,0,0,0.5823876,0.26358,0.04575515,0,0.4735659,0,0,0.2183315,0.04076882,0,1.1164,0,0.3987859,0.08251546,0,0,0,0,0.8628115,0.5140749,0,0,0.02150432,0,0,0,0,0,0,0,0,0.4077741,
0,0.760046,0.4106346,0,0,0,0.1400874,0,0,0,0,0,0,0.4171506,0.5627319,0.2280727,0,0,0,0.2195752,0,0.0957053,0,0,0,0,0,0,0,0.1415637,0,0,0,0,0,0,0.3063097,0.5938583,0,0.4640057,0,0,0,0.0545138,0,0.1305762,0.009111432,0,0,0,0,0,0.2370358,0.07827079,0.09722914,0,0,0,0,0,0,0,0,0,0,0.1209303,0,0.1216642,0,0,0,0.07859345,0,0,0,0,0,0,0.7592749,0.5166693,0.00100403,0,0,0,0,0.2819825,0,0.2318805,0,0,0,0.60402,0,0,0,0.6715043,0,0,0,0.2691453,0.1526564,0,0,0,0.3463508,0,0.01355053,0,0.2831103,0.1661918,0,0,0.04063805,0,0,0,0,0.0770897,0,0.1120181,0.2132955,0,0.3689693,0.2068693,0,0,0.6460828,0,0,0,0,0,0,0.1266856,0.05997989,0.06567211,0.09523137,0.3524101,0,0,0.6953068,0.2056686,0,0,0.1668976,0,0,0,0.2644462,0.2903293,0.2465344,0,0,0.1617858,0,0,0,0,0,0,0,0,0,0,0,0,0,0,0,0.4184423,0,0,0.1801761,0,0,0,0,0,0,0,0,0,0,0,0.9697815,0.03305658,0,0.1863697,0.08198746,0.6451586,0,0.05996481,0.06862529,0.7587133,0,0,0.1256142,0,0.5666144,0,0,0,0.06481943,0,0,0,0,0,0,0,0.4547387,0.8991283,0,0.3471553,0,0,0,0,0.1748017,0,0.6764015,0,0.5183212,0,0.208438,0.03470981,0,0.4182303,0,0,0,0,0.07565184,0.3827311,0.5281404,0,0,0.1649358,0.04097429,0,0,0.6141585,0.05579137,0,0,0,0,0,0.1460959,0,0,0,0,0.495435,0,0.4269054,0,0,0.3287426,0,0,0,0.1630568,0,0,0,0.2706795,0.2448152,0.0302818,0,0,0,0.05948584,0,0,0,0.1123978,0.06503831,0,0,0,0.3318742,0.415683,0.07907423,0,0,0,0,0,0,0,0,0,0.1422063,0,0.1781569,0,0.08271928,0,0,0,0.31688,0,0.5009367,0,0,0.5866666,0,0,0.05700916,0,0.391519,0,0,0,0.5469151,0,0,0,0.5418991,0,0,0,0,0,0,0.07817321,0.1612944,0.004992571,0,0.1612864,0,0,0,0,0,0,0,0,0.1549473,0.1036398,0,0,0,0,0.278441,0,0,0,0,0.4114001,0,0.0761307,0,0,0.658762,0,0,0.3197684,0.343776,0,0,0,0.04405793,0,0,0,0,0,0.04002685,0,0.2546379,1.084802,0.1497163,0,0.02960767,0.1862689,0,0.04869164,0,0,0.4335299,0.1690784,0,0,0.0264835,0,0,0.222278,0,0.4029004,0.3541343,0.3851807,0,0,0,0,0.3126649,0.2257575,0,0.1308309,0.3098433,0,0.6742527,0,0,0,0,0.08283161,0.1670198,0.05335293,0.2766302,0.1974058,0.15981,0,0,0.6245208,0,0.4703141,0,0,0,0,0,0.04915129,0,0.4124281,0.4121976,0,0,0.4817497,0,0,1.427263,0.5152142,0,0.3017429,0,0.1711057,0.3680124,0,0.22067,0,0.8964437,0,0,0.293204,0.4543592,0.1514723,0.7180949,0,0,0,0.4560214,0,0.1404055,0,0,0,0.3939717,0,0,0.2158799,0,0,0,0.7331064,0,0,0,0.1452467,0.05116647,0,0.4373555,0.252659,0.453182,0.2661104,0,0,0,0.1216237,0,0,0.2276179,0.3334014,0.9264039,0,0,0.08439625,0,0,0.0924399,0,0.198882,0,0.3191992,0,0,0.08805262,0.4200272,0,0,0,0,0.4171442,0,0.2020626,0,0,0.2550408,0,0,0.2132065,0.8777362,0.2754167,0,0,0,0,0.455548,0,0.1354332,0.4317189,0,0,0,0,0,0.2560272,0,0.07345428,0.2481941,0,0.3585388,0.2287656,0.2970618,0.06007084,0,0.3763087,0.8448036,0.2576977,0.4209757,0.003832551,0.2449619,0.4935405,0,0.2388777,0,0.05357898,0.02859811,0.0123783,0.3531005,0,0,0,0.00233928,0.2537674,0,0,0,0,0.1065642,1.249119,0.0387071,0,0.4092826,0,0,0,0.4496785,
0,0.166145,0.04928242,0.4849385,0,0,0.1922904,0,0,0,0.07390991,0,0,0,0,0,0,0,0,0,0,0.04775957,0,0,0,0.4394861,0,0,0,0.3256336,0,0,0,0.5638534,0.1414991,0.1573603,0.5299507,0,0,0,0,0.01726998,0.3538265,0,0.7442496,0,0,0.5456875,0,0,0.1578247,0.05127735,0.5021164,0.6279404,0.2548911,0.4875911,0,0.001227843,0.1059345,0.1633621,0,0,0,0.05649101,0,0,0,0.008037312,0,0,0.1501927,0,0,0.1443437,0.04987448,0,0,0,0.3468547,0,0,0,0,0,0,0.07468729,0,0.3294233,0,0,0,0.4303942,0,0.2451147,0,0,0,0,0.3177459,0,0.5387595,0.135013,0,0,0,0.3051817,0,0,0,0,0.299753,0,0,0,0.2315693,0,0.6850623,0.1563418,0,0.3473429,0.4744186,0,0,0,0.05372421,0.03145333,0,0.007243217,0,0,1.016902,0,0,0,0.01466675,0.7481068,0,0.07939811,0,0,0.4168483,0,0.02842897,0,0,0.7393818,0,0,0,0,0,0,0,0.1886061,0,0.1956186,0,0,0,0,0.3148482,0,0,0,0,0,0.4245377,0,0,0,0,0,0,0.3013535,0.2573,0,0,0.5268894,0.1633122,0.05151657,0.427509,0,0.7118505,0,0.09613475,0,0,0,0.5974607,0,0,0,0,0.708009,0,0.09988807,0.00422435,0,0,0,0,0.2515063,0.1075374,0.3400531,0,0,0,0,0,0,0.5058159,0,0.5069355,0,0.05936189,0.3987423,0.009541513,0,0.1337298,0,0.258266,0,0,0,0,0,0,0,0,0,0,0,0,0.2287101,0,0,0,0.4585481,0,0,0,0,0,0,0.175074,0.08139162,0.1117876,0,0,0,0.1123367,0.1768475,0,0.2053649,0,0.08388666,0.1691274,0,0,0,0.1454044,0.1659101,0.1176086,0,0,0,0.0536719,0.3339008,0,0,0.1749216,0.2133992,0.1459106,0,0,0,0,0,0,0,0,0,0,0.03920573,0,0.1635714,0,0.07561305,0,0,0,0,0,0.1808791,0.1709725,0,0,0.3955347,0.476845,0,0,0,0.2940775,0,0.1779779,0.5316139,0,0.1540292,0,0,0,0,0.3620725,0.6191417,0,0,0,0,0,0,0.5439906,0,0,0.2140221,0,0.04631706,0,0.1163368,0,0,0.540904,0.1448679,0,0.1634402,0,0,0.2079013,0,0,0,0,0.08670741,0,0,0,1.185689,0,0,0,0.1620541,0.5807218,0,0,0.3498067,0,0.05127115,0,1.14264,0,0,0,0,0.02045953,0.15998,0.3390753,0.5623319,0,0.8896754,0,0,0.374503,0,1.860398,0,0,0,0.1853994,0.4295472,0.4875689,0,0,0,0,0,0,0,0.4732465,0.7854638,0.1597208,0.1466303,0,0,0,0,0,0,0,0,0,0,0,0,0,0,0,0.1043133,0,0.3856184,0.6065091,0.07795044,0.1756119,0,0,0.1235125,0,0.293676,0,0,0,0.2684972,0.1307061,0,0,0,0,0,0,0,0.2514455,0.851492,0.00328217,0,0,0,0.1995388,0,0,0,0.1252242,0,0.413509,0.1466682,0,0.1172419,0,0.07624266,0,0,0.2984383,0.1118468,0,0.1676865,0,0,0,0,0.1275295,0,0,0.05449073,0.3614447,0.2489181,0,0,0.7714577,0.1203335,0.4744933,0,0.1486493,0,0,0,0.03985752,0,0.34216,0.2048452,0,0.6261645,0.4048225,0,0.2856052,0.4423531,0,0,0.6397778,0,0.2197928,0,0.1919128,0,0,0,0,0.09302001,0,0,0.005116852,0,0.3490576,0,0,0.08315957,0.2747801,0.06431147,0.3526258,0,0,0,0.3235939,0,0,0,0,0,0.4868872,0,0,0.1139792,0.2636626,0,0.08627199,0,0.8134556,0.3162948,0,0,0,0,0.01568688,0,0.8095896,0,0.2430303,0,0.1581715,0.5366181,0.2333255,0,0,0.2303352,0,0,0.463814,0.07414876,0,0.0690521,0.0266147,0,0.1309696,0,0,0.121652,0,0,0,0.2098262,0,0,0.3292519,0,0.2733501,0.01507673,0,0,0.1292604,0,0.1594047,0,0,0,
0.3853903,0.2493929,0,0.08189628,0,0,0,0.009968493,0.4996841,0,0,0,0.07941948,0,0,0,0,0.09452853,0,0.04534591,0,0,0.06054801,0.0354711,0,0.1056916,0.1463706,0,0,0,0,0,0,0,0,0,0.3654555,0.3122191,0,0,0,0.2037478,0.02696956,0.3337924,0,0,0,0.1238918,0.0413859,0,0,0.00787257,0.009117726,0,0.4301302,0,0,0,0,0,0,0.4125228,0,0,0.08082854,0.05895682,0.2516797,0,0.1379116,0,0,0,0,0,0,0,0.05293942,0.8282998,0,0,0,0,0,0,0,0.06643339,0,0,0,0,0,0,0.493892,0,0,0,0.1618962,0,0.442095,0,0,0.3074351,0.2458024,0,0,0,0.06170403,0,0,0,0,0.3357412,0,0,0,0.5280121,0,0,0,0,0,0.3843253,0,0,0,0.384489,0.1635118,0.2176513,0,0,0.3589272,0.3590741,0.4220481,0,0.06821956,0,0,0.1693101,0,0.5027604,0,0,0,0.07690115,0.09476451,0,0,0.388912,0,0.1925656,0,0,0.224306,0,0,0,0.04574183,0,0,0.119967,0,0,0.6312765,0.1043833,0.664126,0.2962318,0.5126984,0.132122,0,0.5940675,0,0.04871077,0,0,0,0,0,0,0,0.39,0.09176944,0.2896744,0,0,0,0.2225396,0,0.6927734,0.3475495,0,0.0136132,0,0.07510068,0,0,0.6202665,0.423679,0,0,0.1671865,0.005337377,0,0.7287199,0.3890632,0,0,0,0.4536194,0.1074583,0,0,0.3634171,0.002664289,0.04777587,0.8883501,0,0,0.2183547,0,0.3068262,0,0,0,0.502847,0.2282733,0,0.1074882,0,0.3493048,0.1025698,0,0.3136854,0.3353786,0.05147593,0.3406006,0.2061042,0,0,0.04342357,0,0,0,0,0.1245395,0,0.00364236,0.1145004,0,0,0,0,0.01715824,0,0,0,0,0,0,0.1727489,0,0.181972,0,0,0,0,0.2199956,0,0,0,0.5138163,0.4062111,0,0.2662359,0,0,0,0,0,0,0.1489468,0.1611418,0.1156355,0,0.02827866,0,0,0.02313031,0,0.01484608,0,0.076319,0,0.08463734,0.001251629,0.5321063,0.9020761,0,0,0,0,0.596692,0,0.3178458,0.1402976,0,0.3401673,0,0.05427568,0,0,0,0.3026779,0,0,0.4587877,0,0,0,0,0.04214412,0.381175,0,0.123008,0,0.2299541,0.07994019,0,0,0.1214479,0,0,0,0.1581107,0,0,0,0.1288635,0.1495272,0.1769049,0,0,0.1576447,0,0.2466987,0,0,0.2117428,0,0,0,0.5488793,0,0,0,0.0372922,0,0.2301939,0,0,0.3141548,0.07245428,0.06828766,0,0.4787798,0.2347628,0,0,0,0,0,0,0.1728445,1.032943,0.03082456,0,0,0,0.3615341,0,0.4553151,0.09233319,0.4488836,0.4331321,0.1265353,0.2784255,0,0.1009495,0,0,0,0.08185201,0,0.01829324,0,0,0,0.4167928,0,0,0,0.1927644,0,0,0.00966277,0,0,0,0,0.2664033,0.5054845,0,0.6581109,0,0,0,0.08828973,0,0,0.4367741,0,0.4935782,1.151356,0.1895149,0.1278812,0,0,0,0,0,0.9980311,0,0.3325036,0,0.1595104,0,0,0.08197238,0,0,0,0,0,0.4830551,0.6594431,0,0,0,0.02489007,0.4244863,0.1627675,0.2139881,0.1365374,0,0,0,0.01505628,0.5264387,0.3559737,0,0,0,0,0,0,0,0.3197741,0,0,0.08074772,0,0,0,0,0,0,0,0,0.226684,0.09589044,0.07348716,0.2025104,0,0.1730117,0,0.0904631,0.4364373,0.03245209,0.06765919,0.08806446,0.1999473,0.002419778,0,0,0,0.0962075,0.111037,0.4584247,0.2575016,0,0,0,0.4933235,0,0,0,0,0,0.07097575,0,0.2032593,0,0,0,0,0,0,0,0,0.04869206,0,1.077182,0,0.02605732,0,0,0,0,0.2036542,0.1064162,0.2643963,0,0.3499461,0.03603064,0.5410723,0.3737547,0.5127982,0.5694358,0,0,0,0.1810461,0,0,0,0,0.1762249,0.2409727,0.1230709,0,0.6263808,0,0.3445288,0,0,0,0.226223,0.2695889,0,0,0.2095628,0,0.3372238,0,0,0,0.2722765,0.2191999,0,0,0.1386922,
0.5318399,0,0.8153496,0,0,0,0,0.04121364,0,0,0,0,0.2312202,0.5522856,0,0,0,0,0.2665651,0.06740124,0,0,0,0,0,0,0,0,0.2681606,0,0,0,0.2528424,0,0,0,0.4811038,0.007514096,0.07167274,0,0.6204858,0.1433571,0,0.6294894,0.09473905,0,0,0.2506555,0.2876022,0,0,0,0,0.5914556,0,0.03735767,0,0,0,0,0.2658854,0.1161425,0,0,0,0,0.05768581,0,0,0,0,0.0001082699,0,0,0,0,0,0.1507983,0,0.401622,0,0,0,0,0,0,0,0,0,0,0.9724557,0,0,0.0534978,0.3391237,0.1153287,0,0,0,0.4551874,0.4239394,0.2194088,0,0.3567671,0,0,0,0,0,0,0,0,0,0.414317,0.07997603,0,0,0.02401964,0.1447219,0.03952463,0,0,0,0,0,0.6522886,0,0.1992262,0,0,0,0.09979834,0,0.07200694,0.0005947269,0,0,0,0,0,0,0,0.5361238,0,0.06912879,0,0,0,0.5482619,0,0.03430007,0,0.54367,0,0.2189918,0,0,0.2736536,0,0.8908498,0,0.337974,0,0,0.3994687,0.1872584,0,0.6563528,0,0,0,0,0,0.004925065,0.4270702,0.3129111,0.505026,0,0,0.7537362,0.6609951,0,0.1398894,0,0.4055347,0.12687,0,0,0,0,0.5881698,0,0,0.4401864,0,0,0.2197224,0.04932044,0,0,0.5619807,0,0.7859485,0.174794,0,0,0,0,0.1371511,0.7898051,0,0.3856418,0.2899897,0.3419244,0,0,0,0.0947633,0,0,0,0,0.1969554,0,0,0.1161274,0,0,0,0,0,0,0,0,0,0,0,0.07823001,0.3571894,0.1378833,0.5257614,0,0.2869655,0.1106653,0,0.7639123,0,0.4398738,0.08053605,0,0,0.2286374,0,0.1329103,0,0,0.05875199,0,0,0,0,0,0,0,0,0.5512879,0.2892216,0.2546198,0,0,0,0.151893,0,0,0,0,0,0.09522352,0.06388494,0.05652572,0.157582,0,0,0.8607154,0.144909,0,0.1548344,0,0.3838242,0.4257944,0.2828332,0,0.1961064,0,0.3319985,0.2802127,0,0.5852334,0.09800094,0,0,0,0,0,0.05393705,0,0.3289419,0,0.5845337,0,0.3388909,0,0,0,0,0.09919711,0,0,0.08570852,0,0.07013104,0.1768402,0,0.1205849,0,0,0.05985252,0,0,0.06720962,0,0.09763362,0,0,0.2213346,0,0,0,0,0.07948012,0,0,0,0,0.09622065,0.003901204,0,0.2360301,0,0.2220357,0,0,0,0.1917786,0.402165,0.2789063,0.1834983,0.2913877,0.2226948,0.4057371,0.04642719,0,0,0.04817624,0,0,0,0.2407058,0,0.1072271,0,0.3623404,0.8447487,0,0.5481104,0.01971445,0,0,0,0,0.350286,0.1763203,0.2853849,0,1.028789,0.3925314,0,0.5718417,0.1382072,0.2184517,0,0.1240566,0.6582363,0,0,0,0,0.8594365,0,0,0.06929923,0.3205875,0,0,0,0,0,0,0,0.1277263,0.2724267,0.7174063,0,0,0,0,0,0,0.507313,0,0.6971709,0,0.172058,0,0.2129808,0,0.2308324,0.5941603,0,0.1798791,0.09985759,0,0.4748868,0,0,0,0,0,0.09677014,0.1963128,0,0,0.250382,0,0,0.4495977,0.05075645,0.04335584,0.3877147,0.0400199,0,0.1235957,0,0,0,0.3390621,0.2169754,0,0.2929345,0,0.01205087,0,0,0,0,0,0.2551146,0,0,0,0.6777907,0,0.6601334,0,0.56497,0,0,0,0.09696455,0.06401441,0,0.05449434,0,0,0.07912449,0.6715762,0,0,0,0.4504987,0,0,0,0.1176788,0,0,0.2376948,0,0,0,0,0,0.4607471,0,0,0,0,0.02373171,0,0.1538942,0.5599843,0,0,0,0.3180483,0,0,0.1935318,0,0,0.01680773,0.01043299,0.04047259,0.2280692,0,0.07099746,0,0,0.1822948,0,0.5111516,0.0618207,0,0,0,0,0,0.677136,0,0,0,0,0,0.7830118,0.09030144,0.142921,0,0,0,0,0,0,0.0901969,0,0,0,0,0,0,0,0,0.3001816,0,0.3359421,0,0,0.09586983,0.0520693,0,0.2780207,
0,0,0,0.04790183,0,0,0,0.2257166,0,0.06132818,0,0,0.620573,0,0,0,0,0,0.1449482,0,0.04143573,0,0.2161653,0,0,0.4096914,0.1562878,0,0,0.5931128,0,0.7266942,0,0.2468524,0.2177659,0,0.6048663,0.1476159,0,0,0.02523879,0,0.617036,0,0.438375,0.3020411,0.472158,0.1356715,0,0.02843026,0.3521366,0.3366615,0,0.2262045,0.3043723,0.5423424,0.7608656,0,0,0,0,0.01406335,0,0.6454592,0,0,0,0.4608591,0.16699,0,0.3058923,0,0.1985987,0,0,0,0.5665356,0,0,0,0,0.3923018,0,0,0.252482,0,0.4794228,0,0.08064158,0.1144699,0,0,0.3069365,0,0,0.1291639,0,0,0,0.2744734,0.05894675,0,0,0.1336696,0,0.1288419,0,0,0,0,0.3110094,0,0.1877843,0,0,0,0,0,0,0,0,0.5150276,0,0,0,0,0.7867313,0,0.4599157,0,0.01283999,0,0.5733426,0,0.4704708,0,0.5874649,0.2946397,0.5157008,0.08124796,0.08997064,0,0,0,0,0,0.09051126,0,0.3899752,0.03385674,0,0,0,0,0.2197337,0,0,0,0,0.03534764,0.3080039,0,0,0,0.009470245,0,0.7274775,0,0,0,0,0,0.2031995,0.4630847,0,0,0,0,0.6179885,0,0,0,0.4891905,0,0,0.2916352,0.2903448,0.05575944,0,0,0,0.4481373,0.3779736,0.1853556,0.2737298,0,0.7522458,0,0.1812437,0.34867,0,0,0.497356,0,0,0.09280229,0.3041303,0.2228097,0,0,0,0,0,0.1561599,0,1.055768,0,0.3652117,0,0.05027243,0,0.606932,0,0.3457114,0,0.3912749,0,0.3125992,0,0,0,0,0,0,0,0,0,0.5119539,0,0,0.2017263,0,0,0,0.210738,0,0,0,0.2073515,0,0,0,0,0.2532306,0,0.3179235,0,0.4261824,0.07941373,0.2753185,0,0.2320503,0.1834845,0.2827217,0,0,0,0,0,0.2733335,0,0,0,0,0,0,0,0.3680554,0.3891721,0,0.02301191,0,0.476577,0,0.1322953,0,0,0.00453855,0.4537857,0.3170463,0,0.03788731,0,0,0,0,0.00342151,0.2863046,0,0.2589092,0,0,0,0,0,0,0,0,0,0.3947307,0.3861239,0.2034332,0,0,0,0,0,0,0.1670125,0,0.2473626,0,1.442622,0.1028637,0.09980615,0,0,0,0,0.1184724,0,0,0,0.8552919,0,0,0.430969,0.4153112,0,0,0.572921,0.2412688,0,0,0,0,0.5951365,0,0,0,0,0,0,0,0,0.7458392,0,0,0,0.3041007,0.2919574,0,0,0,0,0,0,0.1823606,0,0.3163171,0.02858903,0.2028385,0.2839821,0,0.06175705,0,0,0.08886559,0.05158857,0,0,0,0,0,0.8586493,0,0.6460071,0.4919929,0,0,0.1768838,0.01791915,0,0.02292368,0.3309069,0,0,0,0.1287765,0,0.1506368,0,0,0,0,0,0,0.1666471,0,0.2815648,0,0,0.01918822,0,0,0,0.1037785,0,0.2208605,0.3970389,0,0.6718104,0.2702106,0.2053478,0,0,0.4352876,0.4294919,0.6818708,0.1309269,0,0.09704307,0.4007227,0,0.2463256,0,0.3461967,0,0,0,0.3458941,0,0.1351274,0,0,0,0.1939515,0,0.05565363,0.8812855,0,0,0,0.005819292,0,0,0,0.02654101,0.2911484,0,0,0,0,0.1168581,0,0.1779591,0,0,0.001059249,0,0.2644545,0,0,0,0,0.1471116,0.6662641,0,0.07554704,0,0,0.1628347,0,0.09268734,0,0,0.2627849,0.4315976,0.4413698,0,0.2356775,0,0.6745386,0,0.2388645,0,0.2827262,0,0,0,0,0,0.6699585,0,0,0,0.7333254,0,0.1509225,0,0,0,0,0,0.5787899,0,0,0,0,0,0,0,0,0,0,0.3794898,0,0.2862681,0,0,0,0.2408649,0,0,0,0,0.6078131,0.8120941,0,0,0,0.3295163,0.03744858,0,0.5483899,0,0.1147476,0.8940933,0.5472381,0,0,0,0,0,0,0,0.5537272,0.1655835,0,0,0.2585306,0.2310437,0,0,0,0,0,0,0,0,
0,0,0,0,0,0,0,0,0,0.06921788,0.3126392,0,0.5112255,0.1556884,0,0.04113335,0,0,0.1226917,0,0,0,0,0,0,0,0.09642963,0,0,0,0,0,0,0,0,0,0,0,0.3021839,0.03131985,0,0,0,0.3215243,0.2013371,0.3066634,0,0.04177441,0.07855165,0,0.124175,0.04328594,0,0,0,0.2432124,0.6734444,0.5697926,0,0,0,0.1409014,0.5838993,0,0,0,0,0,0,0,0,0,0,0,0,0,0,0.2171979,0,0.2204992,0,0,0,0,0,0,0,0,0,0.01560262,0.483531,0,0,0,0,0.4684842,0,0.2015985,0,0.2074843,0.1842088,0.02750467,0,0,0.2755448,0,0,0.4385404,0.05958794,0,0.3061654,0,0.233278,0,0,0.4413415,0.9719436,0.3015924,0.1069528,0,0.9343293,0,0,0,0,0,0.193429,0,0.3305706,0.4350801,0,0,0,0,0,0.3336737,0.8885927,0,0,0.7844824,0,0.3451675,0.04527821,0,0,0,0.6293762,0,0.4877735,0.245934,0,0,0.1015996,0.07772928,0.2813891,0.4398461,0.4819752,0.4021586,0,0,0,0,0,0,0,0,0.07168218,0,0,0.5866357,0,0,0,0,0.2292323,0,0.1627212,0.4350105,0,0.6255895,0.2281949,0.02845849,0.01202676,0,0.05390047,0.260124,0,0,0.320414,0,0,0.2782434,0,0,0,0,0,0,0,0,0,0,0,0.1887918,0,0,0,0,0,0.434384,0,0,0,0,0,0,0,0,0,0.1779826,0,0,0,0.1092351,0,0,0,0,0.1779801,0.173365,0,0,0.03131739,0,0,0,0,0,0,0,0,0.06594524,0,0,0,0,0,0.4882212,0.1863052,0,0,0,0,0,0,0.2677964,0.06332991,0,0,0,0.07301681,0.2515226,0.2831106,0,0,0,0,0,0,0,0,0,0.335483,0.06817684,0.01007268,0.2789445,0,0,0,0.5033367,0,0.4785587,0,0,0,0.9518741,0,0,0.04666913,0,0,0,0.2841454,0.1726467,0.02459917,0,0,0.1569093,0.1445699,0,0,0,0,0.2951169,0,0,0.9199041,0,0,0,0.60535,0.01404405,0,0.3315313,0,0.3299698,0,0,0,0.5372273,0,0,0,0,0,0.5567271,0.2636941,0.2473327,0,0.1056471,0,0,0.1696717,0,0,0.1857377,0.1957059,0.6039661,0,0.2221229,0.2858429,0,0,0.4313012,0,0,0,0,0.03776974,0,0,0,0.02878662,0,0.4558087,0,0,0,0,0,0,0.4276777,0,0.1592861,0.5423741,0.6595615,0.06187801,0.1005389,0,0,0,0,0,0.08600962,0.3208603,0,0.1313166,0,0,0,0.6719809,0.2694202,0,0,1.248715,0.2380177,0.1034321,0.2328853,0,0,0.04569887,0,0,0,0,0,0.5245297,0,0,0,0,0,0,0,0,0,0,0.1292636,0.7328513,0,0.5462614,0.2724379,0,0,0,0,0.4814378,0,0,0,0,0,0,0.6861678,0.03066327,0,0,0,0,0.2808117,0,0,0.2982844,0,0,0.6201274,0.1565316,0.282415,0,1.035015,0,0,0.1094837,0,0,0,0.2812112,0,0,0,0.225828,0,0.6193603,0,0,0,0,0.01146476,0,0.1889489,0,0,0,0,0,0,0,0.6583749,0,0.2845622,0,0.0773786,0.1848955,0.339645,0.1406436,0,0,0.2933665,0,0,0,0,0.01700744,0,0,0,0,0.6439571,0,0,0,0,0,0,0,0,0.0932337,0.08177466,0,0,0,0.0580502,0,0.01564045,0,0.1631138,0.3118002,0,0,0.5356836,0,0,0.3490303,0.08461985,0.1401286,0,0,0,0,0.1999623,0.2159236,0.6709113,0.1145202,0,0.09666801,0,0,0.1973768,0,0,0,0.816214,0,0.4100622,0.02164056,0,0.4977496,0,0.1439178,0,0,0,0.3731795,0.2615653,0.4214144,0,0,0,0,0,0.1762125,0,0,0,0,0,0,0,0,0,0.1452945,0.5419834,0,0.3706144,0,0,0.2891126,0.1589272,0,0,
0,0.3777356,0,0,0,0.1360027,0,0,0.1197521,0.4643929,0,0,0.09245605,0.07880321,0,0,0,0.2201123,0,0,0,0.1143085,0.05685338,0.6157046,0.6335118,0.1300707,0,0,0,0,0.4247425,0,0.2073399,0,0,0,0.04643575,0.2495723,0,0.2567445,0.2604285,0,0,0.2441588,0.062603,0.3174976,0.4082516,0.9710595,0.2101689,0,0.05565581,0,0.08955701,0,0.7404805,0.494154,0,0,0,0.5563843,0,0,0,0.03706942,0,0,0,0,0.06950341,0.1037139,0.1005796,0,0.3822935,0,0.1169292,0.299266,0,0,0,0,0,0.1151855,0,0,0,0,0.5146499,0,0,0,0.1896232,0,0,0.1791202,0,0,0.04679517,0.4559782,0.3807932,0,0,0.5791259,0.3174124,0,0,0,0.4284255,0,0,0,0.09721539,0,0,0,0.07321934,0,0.1497518,0,0,0,0,0,0.6368256,0.04786796,0,0,0,0,0,0,0,0.2463831,0,0.6695333,0.3948978,0,0,0.3378364,0,0.1762698,0.4392737,0,0,0,0,0.4370799,0,0,0,0,0.4588543,0.1714928,0,0,0,0.08147132,0.1969778,0,0,0.3465408,0,0.4429946,0.315762,0,0.05394301,0.167432,0.1656065,0.2048335,0,0.7644023,0,0,0,0,0,0,0,0,0.004213563,0.02308149,0,0,0,0.1795232,0,0.1004512,0,0.03561261,0,0.3650786,0,0,0,0.497181,0,0,0,0,0,0.4980479,0.1157604,0.083684,0,0,0,0,0,0.2289037,0.289005,0.07484919,0,0.3862326,0,0,0.01608751,0.1178808,0,0.390109,0.4985187,0,0.2171055,0,0,0,0.2216939,0,0,0.379265,0,0,0,0.2119601,0.1127031,0.1417042,0,0,0,0,0,0,0,0,0.02739224,0.2420826,0.3200597,0,0,0,0,0,0,0.1922773,0,0,0.7193851,0.1395721,0.04466787,0,0,0.2513798,0,0,0.3283286,0,0.09784839,0,0,0,0,0.2744678,0.02796808,0.208913,0.1118826,0.3165939,0.3165256,0,0,0.1687679,0,0.2129393,0,0,0.4317819,0,0,0,0.0001218811,0,0,0.3619379,0,0,0.04193991,0,0.4683302,0.4518335,0.293134,0,0.03374518,0.1140244,0.2344082,0,0,0.02027619,0,0.4325847,0.0550379,0,0.01763563,0.5997027,0,0,0,0.0923657,0,0,0,0,0.1924647,0,0.4530017,0,0.6188684,0,0.4853524,0,0.01105915,0.1817227,0.3583239,0,0.64127,0,0.1534019,0,0,0.4112496,0,0.07684655,0.9823359,0,0,0,0,0.1241945,0.1319627,0,0,0,0,0,0,0,0.2012196,0,0.6747395,0,0,0,0.2384581,0,0,0,0,0,0,0.05905005,0.2444691,0,0.03779766,0,0,0.2293009,0,0,0.04627806,0,0,0.05062647,0.1933209,0,0,0,0.1427393,0,0,0.2450301,0,0.7899637,0,0,0.4669201,0,0,0.2993572,0.06657405,0.1405237,0.02071418,0,0,0,0,0,0.7957682,0.05134031,0,0.3271744,0,0.08289941,0.1021964,0.08346318,0,0.4544445,0,0,0,0,0,0,0,0.08960527,0,0.2689112,0.5809326,0,0.2667936,0.2516765,0,0.1305284,0.1496974,0.1380408,0,0,0,0.6054472,0,0,0.8266976,0,0,0,0,0,0.5851732,0,0,0,0.3838749,0,0,0.5794705,0,0,0,0,0,0.0752616,0.5322702,0,0.2556101,0.6743293,0,0.3120819,0.3390562,0.1932551,0,0,0,0.1603546,0,0,0,0.3675012,0.2832768,0,0,0,0,0,0,0,0,0,0.2851137,0,0,0.05504183,0,0.5215399,0,0,0.005854691,0,0,0,0,0.6271838,0,0,0,0,0.1183285,0.1977739,0,0.1603526,0,0.7342652,0,0,0.4777564,0,0,0,0,0.9467019,0.3301356,0.1528022,0,0.05751351,0.1509132,0,1.001663,0,0.01564889,0,0.3765979,0,0.3034416,0,0,0.263645,0.4772016,0,0,0.05723354,0.1471931,0.15062,0.2466095,0,0,0,0.2410036,0,0,0,0.3597007,0.5298544,0,0.09509899,0.02358088,0,0.3695854,0,0.283059,0.4192911,0,0.1122547,0,0,0,0,0.4713538,0,0,0,0,0,0.4942068,0,0.2885875,0,
0,0.03782219,0,0,0.3298852,0.03864407,0,0.6772758,0.1809675,0.1312698,0,0,0.1684594,0.00944329,0.2743684,0,0.5013134,0.07891956,0.5088149,0.141762,0.2592298,0,0,0,0,0.01534411,0,0,0,0.07212865,0,0.3069957,0,0.07168341,0.3025534,0,0,0.1290586,0.7247358,0.01663351,0,0,0.5392177,0.04557893,0.2377604,0.2310109,0.1837342,0.1602961,0,0,0,0.2177908,0,0,0.6126479,0,0,0.4829754,0.4475931,0,0.4573309,0.2327951,0,0,0,0,0,0.1797704,0,0,0.1599273,0,0,0,0,0.4354361,0,0.406359,0,0,0.1732708,0,0,0,0.3977398,0,0,0.3276101,0,0,0,0,0,0,0.007165536,0,0.3179075,0,0,0,0.588586,0.05726153,0,0,0,0,0.7850101,0,0,0,0,0,0,0,0.2133091,0,0,0.5950428,0.2681957,0,0,0.03971344,0.01681818,0,0,0.01258162,0,0,0.07737429,0,0,0,0.0007108072,0,0.09676328,0.2972904,0.2288097,0,0.7294583,0.06075512,0.03722992,0.2805245,0,0,0,0,0,0,0.5103933,0,0,0.1473323,0,0,0,0.5122837,0.03141465,0.6110991,0,0,0,0.6481742,0.2847386,0,0,0,0,0,0,0,0.05018344,0,0,0,0,0.002262625,0,0.4894456,0.3927841,0,0.126169,0.3389096,0,0,0,0,0.4242183,0,0.1324157,0.06480029,0,0.01367672,0.3844696,0.5632599,0,0.5096388,0,0,0,0.2487248,0.6317075,0.2976968,0.2266783,0,0,0,0,0,0,0.4024184,0,0,0,0,0,0.04643133,0,0.335199,0,0,0,0,0,0.4970092,0.2765598,0,0,0,0,0,0.4558367,0.07840952,0.33048,0.2368417,0,0.08840853,0.03813314,0.2154338,0.1678911,0.06096102,0,0,0,0,0,0.1655015,0.3112754,0,0,0,0.05077643,0,0,0,0,0,0,0.3498693,1.024792,0,0,0.3133115,0,0.2087554,0,0,0,0.1514216,0,0.3614156,0,0,0,0,0,0,0.7199602,0.09930092,0.1367971,0,0,0.1708101,0,0,0,0,0,0,0,0.9716967,0,0,0,0.3016666,0,0,0,0,0.1762042,0.4008761,0,0,0,0,0,0,0.1740295,0,0,0.3395765,0.6486413,0,0.4525973,0,0.6225128,0.03996724,0.3169535,1.128108,0.6016828,0,0,0,0,0,0,0.2349349,0.574937,0,0.0140234,0.2369316,0,0,0,0.3927048,0,0.8845905,0,0.04620721,0.30247,0,0,0,0,0,0,0.7049183,0.07064416,0,0,0,0,0,0,0,0,0,0.1662553,0.03139969,0.2463938,0,0,0,0,0,0,0,0,0,0,0.3433544,0.3337897,0,0,0,0.07456126,0,0.2940865,0,0,0.2473436,0.01648021,0,0.29264,0,0,0,0,0.5102416,0.8283557,0.1994962,0,0,0.1803135,0,0,0.1207555,0.3626001,0.3576186,0,0,0,0,0,0.2082522,0,0.09734744,0,0,0,0,0,0,0,0,0.08715878,0,0,0,0,0,0,0,0.3571168,0,0,0.2312952,0,0,0,0,0,0,0.07567123,0,0,0,0,0.5659952,0.1959662,0,0,0.642921,0.7623289,0,0.08608998,0.2319634,0,0,0,0,0.8521571,0,0.2498988,0,0,0,0.5996852,0.4092439,0,0,0.5417355,0,0,0,0,0,0,0,0,0.2798128,0.2791047,0.6943888,0.07526409,0,0,0.3082574,0,0.2291495,0.6947442,0,0,0.5266094,0,0,0,0,0,0.1803242,0.04636193,0,0.314472,0.3518212,0,0.06033467,0,0,0.2442895,0,0,0,0.1361324,0,0.7836741,0,0.234371,0,0.1209641,0,0.6073887,0.8714463,0,0,0,0.3934743,0,0,0.5964534,0.3442315,0,0.490995,0,0.03943418,0,0.1129523,0.1117475,0.1382613,0.2839445,0.1788785,0,0.533269,0.3566443,0.3533376,0.1664758,0,0.2683441,0.2613526,0.5311858,0,0,0.307936,0,0,0.206902,0.2372009,0,0.2876306,0,0.7248309,0.03084523,0,0,0,0.3217818,0.6551093,0,0.1992379,0.5362766,0.1188256,0.3844263,0,0.4254297,0.3199379,0.002152801,0,0.7125922,0,0.09823065,0,0,0,
0,0.0476964,0,0,0,0,0,0.347214,0,0.4022776,0,0.6051528,0,0,0,0,0.5349856,0,0,0,0.235056,0.3435211,0.5740744,0,0.5268736,0,0.04348466,0,0.4543708,0.6641917,0.3882387,0.6445394,0.0151122,0.06014776,0,0.4877563,0.8598272,0.3684428,0,0,0.1521377,0.5191015,0.1245083,0.2319892,0,0,0.02673877,0.7032167,0,0,0.1093488,0,1.053147,0.2717917,0.005174594,0.1988271,0.2289757,0.4597917,0.2078414,0,0,0,0,0.1960146,0,0.00424465,0,0,0,0,0,0.05851039,0,0,0,0.01558877,0,0,0,0,0,0,0,0,0,0,0.180643,0,0,0,0,0,0,0,0.1283916,0,0,0.09702408,0,0.3457492,0,0.4110514,0,0,0,0.04751132,0.09662977,0,0.3750627,0,0.08193409,0,0,0.2151164,0,0,0,0.6805544,0.6278604,0,0,0,0,0,0.214837,0.1702456,0.04351515,0,0.3673914,0.5996761,0.08541965,0,0,0.7925691,0,0.137189,0,0,0,0,0,0,0,0.2983932,0,0,0.9352585,0.06598138,0,0,0,0.5091442,0.06575993,0,0,0,0.1776126,0.0766033,0.2158037,0,0,0,0,0.4217077,0.4289562,0,0,0.01488777,0.1930204,0.2320322,0.04413813,0.3870159,0,0.5101718,0,0,0,0,0.1089517,0.04799064,0.03348414,0.5975672,0,0,0.007684912,0,0,0,0,0,0,0.1881851,0,0,0,0,0,0.1013689,0,0,0.1518696,0,0,0.3633516,0,0.02956967,0.2272915,0,0.2143226,0.95823,0,0,0,0,0,0,0.08984763,0,0,0.3094161,0.02534983,0,0,0,0.07366108,0,0.3419157,0.2219551,0.007571576,0,0,0.556721,0.330539,0,0.03288257,0,0,0.4069763,0.0922598,0,0.05014322,0.2660235,0.02603548,0,0,0,0.06961223,0.6933656,0.612003,0,0,0,0,0.4070134,0.03807519,0,0,0,0.8234792,0,0,0.4640465,0,0,0,0.4764578,0,0.4757951,0.276532,0,0,0,0,0.1466222,0.3280035,0,0.2233313,0,0,0.8008471,0,0.7625986,0,0,0,0.5778291,0,0,0.09311556,0,0.1214837,0,0.3620178,0.4480762,0,0,0.2129227,0,0,0.4655956,0,0,0,0,0,0,0,0.5220055,0,0.08604813,0.743137,0,0.03501005,0,0,0,0.274836,0.5063221,0.4746255,0,0.3657484,0,0,0,0,0,0,0,0.09978588,0,0.4872803,0.2961898,0,0,0,0,0,0,0,0,0,0,0,0,0,0,0,0,0.160526,0.006611588,0,0,0,0,0.2677,0.6135077,0.1276128,0.1826487,0.317306,0.09935581,0,0.4625287,0.08077682,0.03080211,0.1135923,0.6064971,0.08611326,0,0.08484654,0.3891888,0.153626,0,0.2754936,0,0.2525335,0,0,0,0,0.7038047,0.2340104,0.1845282,0.1359041,0,0,0.4821515,0.7799922,0,0,1.186984,0.3151152,0.3677045,0,0.02475218,0,0,0,0,0,0,0.9459042,0.2833603,0,0,0,0.5310937,0.43345,0.08353446,0,0,0,0.01695776,0,0.1556691,0,0,0.4958282,0.1681123,0.06023648,0.3002974,0,0,0,0,0,0,0,0.2369026,0,0,0,0,0,0,0.3476054,0,0,0.1887108,0.05703736,0.6348518,0,0.01137082,0,0.06967013,0.1180249,0,0.3955328,0.4529552,0,0,0.001511127,0,0,0.07334313,0,0,0,0,0,0,0.2974812,0,0.309674,0,0,0,0.1917842,0,0,0,0,0.2668656,0,0,0,0,0.5126497,0,0,0,0.03326589,0,0,0.3210286,0.2579326,0.07456774,0,0,0.04393378,0,0,0.1504651,0.3828969,0,0.3859479,0,0.04823697,0.0009207039,0.3393823,0,0,0,0,0,0,0.03060857,0,0.4271483,0,0,0,0.1116231,0,0,0,0,0.5109746,0,0.1921642,0,0,0.5170475,0.04287706,0.3422162,0,0,0,0,0,0.1470115,0,0,0,0,0,0.1924164,1.369411,0,0,0,0,0.3421303,0,0,0,0,0,0,0,0,0,0,0,0.3197835,0.4420483,0,0.07362136,0,0,0,0,0,0.0001125573,0,0.002497719,0,0.3169972,0,0,0,
0.6756542,0.1735874,0,0,0,0,0,0,0,0,0,0,0,0,0,0.2263835,0.7773407,0,0,0.4469275,0,0.5080648,0.1056698,0.2081952,0,0,0.2015317,0.07954655,0.7013202,0,0,0,0,0,0.1758839,0.1957475,0.006481093,0,0.08596274,0.08598167,0,0,0.2439128,0.9802795,0,0.3194911,0.08397948,0,0,0,0.06167756,0.04042926,0.5627832,0,0,0,0,0.1580911,0,0,0,0,0,0.2058688,0,0,0,0,0,0,0,0.3793585,0,0,0,0.006026474,0,0,0,0,0,0.1147601,0.06609603,0,0,0,0,0.4215066,0,0,0,0,0,0,0,0.08080202,0,0.3341554,0,0,0.3967996,0,0.0759383,0,0.4498847,0,0.2550144,0,0.1925224,0,0,0,0,0.2085956,0,0,0.02553907,0.3292292,0.09533543,0.159005,0,0.4431781,0.1847069,0.1335086,0,0.0713188,0.02570284,0,0,0,0,0,0,0,0.02730119,0,0.2054988,0.5790906,0.08836023,0,0.1202625,0,0.30368,0,0,0,0,0,0.4946635,0,0,0,0.9391879,0,0.2998238,0,0,0,0,0,0,0,0,0,0.2319584,0,0,0.3893574,0.4200746,0.2543117,0.07278854,0,0,0.5148502,0,0,0,0,0.03122673,0,0.2329989,0,0.1785687,0,0,0,0.08853984,0,0.07428132,0,0.2840312,0,0,0,0,0.3502203,0,0.6809784,0.3911997,0.3591003,0.4335557,0,0.05457867,0.4466242,0.3010899,0.1721251,0.4082108,0.2922696,0.03675796,0,0.06112357,0.3764358,0,0.1143427,0,0.3951092,0.08634219,0,0.3946324,0,0,0,0.1660078,0,0,0,0,0,0.419317,0.09532226,0.07870182,0,0,0.1476999,0,0,0,0,0,0,0,0.05973573,0,0,0,0,0,0,0.4695998,0.5417237,0.1457928,0,0,0.2438204,0.09314688,0,0,0,0,0,0.07462323,0,0,0.08227582,0.05900707,0.2636384,0.3577495,0,0.3161239,0,0.05518174,0.002966168,0.08612793,0,0.1329585,0,0,0,0.3911147,0.09067799,0.1432807,0.141182,0,0,0,0,0.6987547,0,0,0.04033498,0,0.086226,0.08255623,0,0.1692345,0,0,0,0,0,0,0,0.2638908,0,0,0,0,0.14051,0,0.3019067,0,0.07862652,0,0,0.3527246,0,0.4575838,0,0,0,0,0.05475364,0.1438336,0.0119766,0.05726982,0,0,0,0.73212,0.2105177,0.206391,0,0,0.3688924,0.02265476,0.244207,0,0,0,0.3060886,0,0.5087617,0,0.1687145,0,0,0,0.6137348,0,0,0,0.3431274,0.1503793,0,0,0.0001383986,0.2019643,0.8152425,0,0,0.1474879,0,0,0,0.5478641,0,0.3015182,0,0.4377701,0,0,0.1665638,0,0,0.1889934,1.204776,0,0,0.1883131,0.08107046,0,0,0,0,0,0,0,0,0,0,0,0,0.6883177,0,0,0.03326626,0,0.0357899,0,0,0.1382617,0.3393849,0,0.1251428,0,0,0.06021304,0.5109437,0,0,0.2831356,0.3151151,0,0.128254,0,0.04104429,0,0,0.2993825,0.3043819,0,0,0,0,0.2867742,0.2917353,0,0,0,0,0,0,0.06093223,0,0.8035671,0.4017545,0,0,0,0,0.0804418,0,0,0,0,0,0,0.08963164,0.6750597,0.5670563,0,0.5480539,0.1420167,0.1429175,0.0697887,0,0,0,0,0,0.5259367,0.05776414,0,0,0.3460343,0.02017749,0,0.2175847,0,0.1612117,0,0,0.04350796,0,0,0.2273034,0.2114481,0,0,0,0.244874,0.5459955,0.1672642,0,0.3985009,0.00779148,0.4818965,0.162736,0,0,0,0,0,0,0.4392286,0,0,0,0,0,0.2756829,0,0,0.1339494,0,0.09494961,0,0,0,0,0.2738558,0,0.6726231,0,0,0,0.1989084,0,0.1194499,0,0,0,0.2585651,0.1657773,0.09779001,0,0,0.5096909,0.1994205,0,0,0,0,0.0787332,0.5812275,0.04785023,0.1124195,0,0,0.1300159,0.6378394,0,0.4826737,0,0,0,0,0.2665324,0,0,0,0.6450071,0.08951725,0,0,0,0.02080785,0,0.04973779,0,0,0,0,0,0.5414561,0,0,0,0,0.1959532,
0.3417376,0,0.6563211,0,0,0.02299524,0,0.05694308,0,0,0,0,0,0,0.1186814,0,0,0.08188257,0.2496294,0.6896924,0,0,0,0.06465077,0,0.1415215,0,0,0.6242034,0,0,0,0.3267828,0.4720622,0.06310389,0,0,0.2806568,0.007920342,0,0,0.2377903,0.1411351,0.3284919,0,0,0.2309253,0,0,0,0,0,0.1900028,0,0,0.1275579,0,0.4193731,0,0.1530288,0.0006167989,0,0,0.1460807,0,0,0,0,0,0,0,0.4800589,0.3702457,0,0,0,0,0,0,0,0,0.05889799,0.1220684,0,0,0.07382223,0.163176,0,0.6253519,0,0,0,0,0,0,0,0,0.2272196,0,0.1989948,0.7602924,0.5698865,0,0.1217535,0.4292539,0.3038654,0,0,0,0.3086482,0,0,0.006045292,0,0,0.6365938,0,0,0.2778759,0,0.2840977,0,0,0,0,0,0,0,0,0,0,0,0,0.5945845,0.06146096,0,0,0.2126993,0,0,0,0.1372044,0,0,0.1559283,0.0101288,0.1138343,0.5663343,0.4425234,0.4328145,0,0.4906453,0,0.4690717,0,0.339987,0.06618334,0,0.1863757,0.162554,0,0,0,0,0,0,0.07641044,0.2110521,0.3278061,0,0.4059726,0,0,0,0,0,0,0.3581855,0,0.017056,0.4162718,0,0,0.4351189,0,0,0.01337533,0.1718898,0,0.2484513,0.1925711,0.7201633,0.1688608,0,0,0.6281109,0.4793021,0,0.1361314,0.09615146,0,0,0.2012701,0,0,0,0,0,0,0,0.4811665,0.7097158,0.1731221,0.09954025,0.1231907,0,0.1987397,0,0,0.0814579,0.5016868,0,0.2360783,0,0,0.3259483,0.3377018,0.01056544,0,0.1455448,0,0.4227965,0,0,0.2123558,0,0,0.5655856,0,0,0.05390539,0,0,0,0,0,0,0,0,0,0.1918578,0.2592513,0.03001498,0,0,0,0.326618,0,0,0.7399232,0,0,0,0.1881909,0.1854994,0,1.295415,0.9674544,0.8193344,0.1035678,0.1713111,0.2697419,0.0968479,0,0.6152508,0,0,0,0,0,0,0,0,0.5851587,0,0.137878,0.06792562,0.2422581,0.3258311,0.4055377,0,0,0.2599686,0,0,0,0.05174304,0.3289814,0.04837213,0,0,0,0,0,0.1098253,0,0,0,0.5259417,0,0,0,0,0,0,0,0,0,0,0,0,0.3919851,0,0.2284268,0.5027125,0.5758526,0,0,0,0,0,0,0.0972745,0,0,0,0,0,0,0,0,0,0,0,0.02816782,0.2052759,0,0,0.2775422,0,0,0.3600475,0,0.002561464,0,0,0,0,0.8037147,0.3119339,0,0,0,0,0,0,0.01768711,0,0.01509358,0.1996467,0,0,0.4433483,0.3640768,0,0.3815696,0.3700609,0,0,0.2978525,0,0,0.4539292,0.6653822,0,0,0,0.3293573,0,0.2508127,0,0.4892466,0.7859172,0,0,0,0,0,0.4606173,0,0,0,0,0.08910902,0.6767979,0,0.1344615,0.4140769,0,0.01846354,0,0,0,0.06768154,0,0,0.04742494,0.01195182,0,0,0.3293748,0,0.5312358,0,0,0,0,0.524439,0,0.2371893,0,0,0,0,0,0.259084,0.06008939,0,0.1914359,0,0.08600134,0.03787106,0,0.2524438,0,0,0,0,0,0,0.1552792,0,0.05229904,0.1618726,0,0,0.09524647,0.01528997,0,0.08069371,0,0.245562,0,0,0,0,0,0,0,0.02133797,0,0.1087406,0.1330384,0.1367431,0,0.5255632,0.2315555,0,0.3151517,0.419941,0,0,0.371548,0,0.3940856,0.1348621,0.07759586,0,0,0,0,0.216845,0,0,0,0,0,0,0,0.1058949,0,0,0,0,0,0,0,0.1533497,0,0,0,0,0,0,0,0.06797802,0.5858202,0.3997405,0,0.1091519,0,0,0,0.07304851,0,0,0,0,0,0.1175611,0,0,0,0.7988265,0,0,0,0,0,0,0.6433258,0,0.08252189,0.09646005,0,0,0.2071491,0,0,0,0,0,0,0.2668007,0.1891369,0,0,0,0.1708611,0,0,0,0,0,0.3975093,0,0,0,0.5724884,0,
0.04992449,0.3560136,0,0.1589544,0.1160437,0,0,0.4784762,0,0,0,0,0,0,0.05836766,0,0.02230153,0,0,0,0,0.4909722,0,0.721994,0,0,0.3891315,0,0.3161384,0.1505841,0.1661527,0,0,0,0.2667713,0,0.2970439,0.2574852,0,0,0.1981099,0.09027065,0,0.2475869,0,0,0.07660371,0,0.5829393,0.01958756,0,0,0.07256483,0,0,0,0,0,0.3621311,0,0,0,0.03861263,0,0.581474,0,0,0,0,0.4287151,0.3163093,0,0,0,0,0,0.5029815,0.3720807,0,0,0.02613962,0,0.3000672,0,0.06135216,0,0,0,0.1675132,0,0,0,0,0,0.3600836,0,0,0,0,0,0,0,0.7474985,0.579865,0.3178087,0.3367756,0.0008894281,0,0,0,0,0,0,0,0,0,0,0,0,0,0.4694776,0.1037362,0.05455808,0,0,0,0,0,0.221289,0.09772454,0.132076,0,0,0,0.2777022,0.1518456,0,0,0,0,0,0,0,0,0,0,0.08765525,0,0,0,0.4194515,0.1045037,0.08658004,0,0.02500694,0.09246591,0,0.1394679,0,0.1211602,0.007986509,0,0,0,0,0.2001719,0,0,0.6234165,0,0.7543831,0,0,0.4003745,0.1115252,0,0,0,0.8631304,0,0.00213797,0,0.4006795,0.2475694,0.7706105,0.4231487,0,0.07303928,0.3676584,0,0,0,0,0.1251903,0,0.2965216,0.716498,0,0,0,0,0.06805242,0,0,0,0.348309,0.1188527,0,0,0,0,0.065373,0,0,0,0,0,0,0.543723,0.2962509,0,0,0,0,0.3166803,0.007498426,0.09744459,0,0.213282,0,0,0,0,0.003944992,0,0,0,0,0,0.7934941,0,0,0,0,0.07540686,0,0,0.04684877,0.1832494,0.5174485,0,0,0.2226438,0.1598082,0,0.3331812,0,0,0,0,0.4956311,0.03901169,0,0.1511436,0.4317342,0.5606545,0.1967914,0.1012062,0,0,0.1836849,0.08683661,0,0,0,0.1503294,0,0.04538905,0,0,0,0,0,0,0,0,0,0.2946407,0.09959763,0.1378018,0,0,0.04810807,0.1762667,0,0.4204223,0.1484919,0,0.3867609,0,0,0.06037921,0,0,0.1613526,0,0,0.06972012,0.1457053,0.4847339,0,0.07808243,0.04968991,0,0,0,0,0.2995416,0,0,0,0,0,0,0,0,1.102664,0,0.4147138,0,0.2498504,0.04159444,0,0,0,0.339031,0,0.6489655,0.3313428,0,0.009599078,0.4245055,0,0.319807,0,0,0.3980602,0,0,0,0,0,0.1088222,0.207421,0,0,0.09821922,0.3412523,0,0.2390133,0.4107088,0.5387052,0.06632287,0,0.5495237,0.5775182,0,0.3652243,0.2050196,0,0,0.1704937,0,0,0.05544535,0.3317385,0,0.317477,0,0.668837,0,0.06742731,0.1410232,0.3329222,0.1474213,0,0,0.20367,0.4942296,0.1866199,0.4143587,0,0,0.1781486,0.04767568,0.2265479,0.4520611,0,0,0.08302803,0.8839968,0,0.04001688,0,0,0.2102948,0.6235739,0,0,0.5491049,0,0,0,0,0,0,0,0.07606903,0,0.7232802,0.3364568,0,0,0,0,0,0.1354505,0,0,0.1134774,0,0.04066635,0.2606369,0.8669515,0,0,0.2063958,0,0,0,0,0,0,0.563247,0,0,0,0.2008934,0.0999257,0.1554543,0,0,0.1496864,0.1991309,0.9995952,0,0,0.2139312,0,0,0,0,0,0.2907441,0.3403979,0,0,0.4030468,0.2782899,0,0,0,0.1833013,0,0.09899285,0.2108796,0.1628819,0,0,0,0.04364103,0.1975785,0,0,0.198286,0,0,0,0,0.6141959,0.3903688,0.2781139,0,0.247701,0,0.3484671,0,0.03984469,0,0,0.4251718,0.01274772,0,0,0.2156737,0,0,0.04383707,0,0.006851892,0,0,0.3662632,0.4118523,0,0.02963094,0,0,0.3252845,0.01137435,0.5875493,0,0.3368258,0,0.1474489,0.131361,0,0.4781564,0.3786823,0,0,0,0,0,0.08832566,0.2756152,0,0.1557424,0.21607,0,0,0.07089768,0.06101281,0,0.3633634,0.1061692,0,0,0.2116622,0,0,0,0.1136643,0.3017257,0,0.3670362,0,0.2509078,0.2614452,0.3120055,0,0,0.2203106,0.007065038,0,0.1964818,0.4726695,0,0,0.2873499,
0.1317565,0,0,0.04310529,0,0,0.1822949,0.2509692,0,0,0.1635685,0.1834686,0,0.3282386,0,0.6005499,0.4352353,0,0.511532,0.1640005,0,0,0.1234647,0,0,0,0.3695474,0,0,0,0.6987681,0,0.2454116,0.5447136,0,0,0.2043608,0,0.7961496,0.09266782,0,0,0,0,0.3408175,0.3161517,0.4402765,0,0.324215,0,0,0.2856219,0,0,0.08973804,0.1490265,0.5728018,0.4882752,0.1875703,0.5818173,0,0,0,0,0.5989494,0,0.2421662,0,0,0,0,0,0.1172551,0.7141262,0,0,0,0,0,0,0,0,0,0,0.04372406,0,0,0,0,1.049276,0.2964473,0,0,0,0.1362192,0,0.1407617,0,0,0,0.2843585,0.2880543,0,0,0,0.4204384,0,0,0.01262705,0,0.1017239,0,0.1909708,0.09375233,0,0,0,0.3467394,0.2002898,0.2089135,0,0.0413735,0,0,0,0,0.1300118,0,0,0,0.2275148,0.3376392,0,0,0,0.05426668,0,0,0,0,0.260364,0,0,0,0,0,0,0,0,0.2465056,0.1604322,0.2247314,0.289306,0,0,0,0,0,0.3006248,0.3391171,0,0,0.08616095,0,0.1009754,0.3477767,0,0.2346805,0.1479699,0.4459264,0,0,0.3034799,0,0,0,0,0.3632205,0.8273979,0,0.2261218,0,0,0,0,0.1248281,0.3980677,0,0,0,0.5299509,0.3264146,0.04640397,0,0,0.07055376,0,0.2057032,0,0,0,0,0.2344564,0,0.1015132,0.1393403,0,0.58129,0.05342179,0.2153659,0,0.09326982,0.5221174,0,0.06874658,0,0,0.07634383,0.06737947,0,0,0,0.6784187,0,0,0,0.1935065,0.2055683,0,0,0.2008109,0,0,0,0,0,0,0.4751832,0.4220414,0,0.4138148,0.1155863,0.3023194,0,0.002041209,0.357181,0,0.1135544,0.2789106,0.1644668,0,0.7765487,0,0,0.379841,0,0,0,0.02440184,0,0,0,0,0,0,0,0.02190215,0,0,0,0.3181479,0.1757,0.5049905,0,0.2032872,0.245939,0.140614,0.3258958,0,0,0.7682115,0,0,0,0,0.4978135,0,0,0.4155183,0,0,0,0,0,0.0632614,0,0.1629216,0,0,0,0,0.1646177,0.851437,0.09942673,0,0.706706,0,0,0.1142046,1.222236,0,0,0.2875852,0,0,0.1026411,0.3223091,0.1198637,0.164977,0,0.355156,0,0,0,0.1877958,0,0.1285907,0,0.004013017,0.6006923,0.00606022,0.2193954,0.1073399,0.2100476,0,0.1719338,0,0,0.4864633,0.282935,0.6389943,0,0,0,0,0,0,0,0,0,0.1132661,0,0.273071,0.03663909,0.3413689,0.001177827,0,0,0.3337479,0,0,0.0286224,0.2510223,0.2336692,0,0,0,0,0,0.5303589,0,0.5031599,0,0.5508918,0.3162555,0,0.1214093,0,0,0.1746843,0,0,0.07421325,0.1427074,0,0,0.2119599,0,0.5480906,0.484135,0,0,0,0.0797742,0.02580803,0,0,0.5018127,0,0,0,0.3250634,0,0,0,0.1468268,0,0.2744274,0.4843425,0,0,0,0,0,0,0.1520255,0,0.2137146,0,0,0,0,0,0.5951062,0.04299651,0,0,0,0.8724929,0.04302263,0.05839664,0.5792338,0,0.06224626,0,0,0,0,0.1512243,0,0,0,0.1055434,0.04831312,0,0,0,0.459208,0,0.2109638,0,0.02906715,0,0,0,0.1433748,0.7097592,0,0,0,0,0,0.0822431,0,0,0.2497654,0,0,0,0.07492454,0,0.4594291,0,0,0,1.236812,0.04390188,0,0,0,0,0.05167742,0.6418548,0,0,0,0.556299,0,0.266646,0.1112944,0.05630344,0.3289457,0,0.2740485,0.3119136,0,0,0.1051196,0.3156344,0.3242038,0,0,0.1276428,0.02691389,0.1149287,0,0,0.6058978,0.1583932,0.2340698,0,0.2643141,0,0,0.2379934,0,0,0,0,0,0.2631271,0,0,0,0,0,0.2145629,0.5045791,0,0.5187807,0,0.0466053,0,0,0.1600358,0,0.1369686,0,0,0,0,0,0,0.01093315,0.5690514,0,0.04868003,0,0,0.4921266,0.370182,0,0,0.2012473,0,0,0.2721339,0,0,0.1589282,0,0.1859782,0,0,0,0.2870414,0.1736871,0,0.3868724,0.1883344,
0.8043439,0,0.1239929,0.02717448,0,0.6083124,0,0.5047325,0.2101197,0.6972772,0,0.3692551,0,0,0,0,0,0,0,0,0,0.6164289,0,0.03437491,0,0.2211508,0,0,0.1691429,0,0,0.5261237,0,0.1763833,0.06804954,0.1401619,0,0,0.06886487,0,0.08765963,0.04729975,0.1209564,0,0,0.5288914,0,0,0.03315533,0.07636886,0.04080602,0.2389207,0.2935296,0.9229288,0,0,0.4993866,0,0,0.3243575,0.6502938,0.7396356,0,0,0.3480523,0,0.0450141,0,0.1861132,0,0,0,0,0.4508089,0,0.5349274,0,0,0,0.008064264,0,0,0.07514673,0.0224455,0.01249657,0,0,0,0,0,0,0.05430427,0,0,0.02557631,0.5892824,0.4474043,0,0,0.7745605,0,0,0.3941381,0,0.2296777,0,0.1618743,0,0,0.1045787,0,0,0,0,0.08444811,0,0.01014522,0,0.7509152,0,0,0.1426485,0.2533832,0,0.5581648,0,0.004275464,0,0.2781266,0,0.1863967,0,0.2743469,0,0,0,0.433993,0,0,0.2907904,0,0,0.103138,0,0.6681804,0,0.6554229,0,0.3241078,0,0,0.2335559,0,0,0,0,0,0,0,0.001229146,0.4581036,0,0.4435125,0,0,0.1386317,0,0,0,0,0,0,0,0.02270499,0.1132003,0,0.1494288,0.3062653,0.3070305,0,0.008269636,0,0,0,0.07545497,0,0,0.08183018,0,0.3246486,0,0.2840667,0.264245,0,0,0.1658247,0.0387065,0,0.3840102,0,0.4319934,0,0.3259622,0,0,0,0.2285945,0,0,0.4043074,0,0,0.1798124,0,0,0.02307389,0,0,0.2142169,0,0,0.4667319,0,0,0.4829625,0,0,0,0,0.2876942,0.2923032,0,0,0,0,0,0.138803,0.05657671,0,0.491778,0.4146128,0,0.1891658,0,0,0,0,0.7724884,0,0.2199313,0,0,0,0.02276902,0.1257369,0.7101802,0,0,0,0.4455345,0,0,0,0.3290679,0.2951978,0,0,0.2654778,0,0,0.1627856,0,0,0,0,0,0,0.281707,0.3099921,0.181417,0.1708208,0,0,0,0.1731612,0,0,0,0,0,0,0.1547845,0,0,0,0.605294,0,0,0,0,0.2905549,0,0.2105669,0,0.4215408,0,0.230407,0.003523799,0.3963929,0,0.3510785,0,0,0,0,0.424058,0.6367303,0.1679192,0,0,0.006625431,0.3149316,0,0,0.2673184,0,0,0.1721746,0.08273231,0.008814095,0,0,0.5575505,0.3032041,0.6826727,0,0,0,0,0,0,0,0.8974532,0,0,0,0.7131433,0,0.2353445,0,0.3204336,0.2308234,0.002108911,0,0,0,0,0.5032127,0,0.2568076,0.2274335,0,0.3811928,0.8246989,0.6923804,0.09990161,0.1878811,0,0,0,0.0564686,0,1.057266,0,0,0.120869,0,0,0,0.5841317,0.7279028,0,0,0.1047434,0,0,0.2912761,0.4448131,0.2512203,0,0.4663973,0,0,0,0.781599,0.3978724,0,0.07110851,0,0.3528994,0,0.3868951,0,0,0,0.5421082,0,0,0,0,0.1423572,0,0.03826391,0,0.2503327,0,0.2664544,0,0.1974616,0,0,0.06928819,0.3618086,0,0.671384,0.008823405,0,0.2799875,0.1840777,1.126121,0.2608459,0,0,0,0,0.2451272,0,0,0,0,0,0.1611284,0.6617764,0.1012719,0,0,0.06365338,0,0,0.6132906,0,0.01203023,0,0.2559152,0.1150101,0,0.4198425,0,0,0,0,0.6186631,0,0.6390294,0,0,0.4503562,0,0.2732198,0,0.2226295,0.4413033,0,0,0,0,0.2676008,0,0,0.04774098,0.05737994,0,0.2488127,0,0,0,0.02636384,0,0.4897778,0,0,0,0,0,0.1834706,0.3902458,0,0,0.2267336,0,0,0.03299835,0.153688,0.04341413,0.1976395,0,0,0,0.2842611,0.04228981,0,0,0,0.692698,0,0.9605435,0.2771681,0.01272684,0,0.20479,0.6258501,0,0,0.09507027,0,0,0.1340333,0,0,0.3151021,0.1741385,0,0.3100307,0,0.2467862,0.09786419,0.1150106,0,0,0.119881,0.04098436,0.1008352,0,0.250102,0,0,0,0,0.5978425,0.4928357,0.5260826,0.2581727,0,0,0,0,0,0,0,0.2006157,0.1886669,0,0.7246144,0,0,0.5604796,0.5008103,0,0.7715309,0,
0,0,0,0,0,0,0,0.2370943,0.02151069,0,0,0.04010756,0,0,0,0,0,0,0.3575032,0.3668759,0,0.03274683,0,0.08896825,0,0,0,0.157223,0.6804441,0,0,0,0,0,0,0.2145292,0.1521623,0.1780888,0.7173669,0.5334557,0.1520685,0.5423163,0.6413043,3.468545,0.1758488,0,0,0.4370219,0,0,0,0.2023564,0,0,0,0.2883377,0.1663334,0.4009654,0,0.4623122,0.6947452,0.2254424,0.09083413,0.8008553,0,0,0,0,0,0.0480598,0,0.004761575,0.0842099,0.8765014,0,0.3497989,0,0.3832855,0,0,0,0,0,0,0,0,0,0.2571424,0,0,0.2109232,0.4254723,0.5675449,0,0.5300184,0,0,0,0.1303775,0,0,0,0,0,0.41928,0,0,0,0,0,0,0,0.2650411,0.2065884,0.02977261,0,0.2248944,0.813747,0,0.2171627,0,0.001430659,0.1505123,0.09291925,0,0,0,0,0,0,0,0,0,0.2489666,0,0.1230413,0,0,0,0.3116443,0.05489606,0.7559749,0,0.07601856,0,0,0.01738116,0.02503312,0.03299612,0,0,0,0,0,0.1414299,0.5568434,0,0,0,0.1350093,0,0.1454711,0.09876201,0.2025677,0.3296623,0,0,0,0,0,0,0,0.1951082,0,0,0,0,0.4190849,0,0,0.195224,0,0.05367474,0,0,0,0.4207446,0,0.3480043,0,0,0,0,0.1360232,0,0,0,0.546024,0.23974,0,0.2503236,0.03372203,0,0,0.01704549,0,0.6134079,0,0,0,0,0,0.3786755,0.2069325,0,0,0.113494,0,0.06392575,0,0,0.4583802,0,0.3292972,0,0.04495469,0.235359,0.6908463,0,0,0,0.4219221,0,0,0,0.1039998,0,0.5676656,0,0,0,0,0.04027354,0,0,0,0,0.09793523,0,0,0.01794089,0.1210777,0,0,0,0.06794548,0,0,0.2387801,0,0,0,0,0,0.453713,0,0.1291995,0,0.2543676,0,0,0.1190197,0,0,0,0.335912,0,0,0.586925,0,0,0.1134357,0,0,0,0.1480873,0,0,0,0,0,0.4440096,0.2673202,0,0,0,0.468115,0,0.01798848,0,0,0.2066652,0.5339885,0.1362202,0,0.4370362,0,0,0.2568277,0.8078086,0,0,0.7052767,0,0,0.09763802,0.3209536,0,0,0,0.31173,0,0.03612173,0.08148871,0.2609202,0,0,0,0,0,0.5264086,0.2382796,0,0.368361,0,0,0,0,0,0,0.3080934,0,0,0,0,0,0.2948822,0.05565133,0,0.04404996,0,0,0.2593792,0,0.0580423,0,0,0.2336918,0,0.1883274,0.04641106,0.3042155,0.4085224,0,0,0.5733768,0,0,0,0,0,0,0.911862,0,0,0.5508123,0.2464794,0.5654108,0.4068845,0.1173194,0,0.07546405,0,0,0,0,0,0.1977147,0,0,0.3701822,0,0,0,0,0,0,0,0,0,0,0,0,0.2046504,0,0.4804401,0,0.3954796,0.02396017,0.1455492,0.1621473,0.3720627,0,0,0,0,0,0.113474,0,0,0,0,0.1972013,0.5093001,0.101333,0.3362184,0.6212119,0.1234023,0,0,0.612183,0,0,0,0.1156939,0,0,0.1533231,0.0232425,0,0,0,0,0.4054267,0,0,0.002816416,0,0.1399263,0.00196059,0,0.2206967,0,0,0.2072834,0,0,0,0,0,0,0,0.355523,0.3044054,0.2898729,0,0,0,0.6727705,0.2876144,0.2545111,0.6854119,0.1658734,0,0.3610663,0,0.1408203,0,0,0,0,0.141342,0.3589386,0,0,0.1565951,0,0,0.2269083,0,0.2762429,0,0,0,0,0.1347232,0,0.5933428,0,0,0,0,0.2886756,0,0.3506453,0,0,0,0,0.06816579,0.6348358,0,0.5980166,0.4785807,0.6300616,0.01399764,0,0.609169,0,0,0.101067,0.210689,0,0.1613986,0,0.2480289,0,0.1865743,0,0,0.1289045,0.05517982,0.08965909,0,0,0,0.2639237,0,0.2066476,0,0.2943909,0,0,0.4129176,0,0,0,0,0,0,0,0,0,0.0563179,0,0,0.7198073,0,0.7431654,0,0.05884871,0,0,0,0,0,0,0,0.1482309,0,
0,0.2583333,0.4179856,0,0,0,0.3927056,0.755086,0.2797222,0,0,0.04499289,0.1253494,0.4377054,0,0,0,0,0.06920978,0.1737704,0,0,0,0.1234627,0,0,0,0,0.1959097,0,0,0,0,0,0,0.668331,0.2880255,0.09490709,0.1141223,0,0.2935918,0,1.191673,6.707354,0.3737668,0.7423704,0.8354239,0.05686544,0.2114297,0,0,0.3103282,0.2985137,0,0.6459504,0,0.2061452,0,0.2753597,0,0.4575177,0.1997119,0,0,0,0,0,0,0.103895,0,0,0,0,0,0,0.3710474,0,0.7638072,0.07758152,0,0,0.5903393,0.3312072,0,0,0.02830664,0,0.0911167,0,0.1394805,0,0,0,0.05195846,0.1221686,0,0.1080281,0.5095753,0,0,0,0,0.7546118,0.0001118533,0,0.5307823,0,0.570963,0,0,0.05816985,0,0,0,0,0,0,0,0,0,0,0.1438662,0,0,0,0.2873008,0,0.04339451,0,0.2356696,0.1624623,0,0,0.2233984,0,0.1279247,0.2511102,0,0.2741002,0.1185055,0,0,0.5149989,0.8000849,0.02912474,0,0,0.2889427,0,0.6640663,0,0.6160107,0.04182614,0,0.490075,0,0,0,0.2625128,0.1391174,0,0,0,0.1834583,0,0,0.7385672,0,0.07936881,0,0,0,0,0,0,0.1320495,0,0,0,0,0,0,0,0.3985615,0,0.06277879,0.15608,0,0.05854075,0.3859687,0.1468437,0,0.3323978,0.1347511,0.1343276,0,0.2450377,0,0,0,0,0,0.2182866,0.1950885,0,0,0,0,0,0.1264094,0,0,0.4760413,0,0,0,0,0.2185106,0,0,0,0.03232164,0,0,0,0,0,0,0.4598735,0.3149262,0,0,0,0,0,0,0.1363833,0.01753294,0.7074056,0,0,0,0,0,0.2190279,0,0.2785055,0.6390174,0,0,0,0.8902368,0,0.0206506,0,0.5301747,0.1010166,0,0.4181521,0,0,0.0678852,0,0,0,0,0,0,0,0,0,0.1270643,0.7551672,0.3607242,0,0.5677027,0.3240501,0,0.5686584,0,0.03692051,0,0.177108,0,0,0,0,0.1075196,0.0422657,0,0,0,0,0,0,0,0.00178178,0.7312275,0,0,0.1738832,0.3199967,0,0,0,0,0,0.7774578,0.139342,0.1772991,0,0.5089774,1.056688,0.2583399,0,0,0,0.320626,0,0.2936047,0,0,0,0,0,0,0,0.08011092,0,0,0,0.4618062,0.3483315,0,0.1192609,0,0,0,0,0,0,0,0.05794854,0,0,0,0.00411991,0,0.2798367,0.6960863,0,0.4772345,0,0.1315312,0,0,0,0.08037718,0,0,0,0.05087514,0,0,0.4064306,0,0,0,0,0,0.4432884,0,0,0.5644106,0.2478943,0.81143,0,0.1026438,0.3594518,0,0.05164288,0.1222051,0,0,0.415575,0.2666307,0,0,0.7629911,0.08673764,0.3556618,0,0,0,0,0,0,0.1793372,0,0,0.1917638,0,0,0.1994499,0,0.1840518,0.8455904,0,0,0,0.120736,0,0,0.07984176,0.2991283,0.06193342,0,0.4368151,0,0.3896028,0,0.6593615,0,0.02550822,0.3576935,0,0,0.1563836,0,0,0,0,0.3342954,0.6521511,0,0.216502,0.3704136,0,0,0,0,0.2983332,0.1311098,0.08434798,0,0.001215729,0,0,0,0,0.5324118,0.08119075,0,0.05438252,0.3624986,0,0.2214766,0.2181672,0,0,0,0.8615529,0.0472389,0,0,0,0,0,0,0.3909536,0.1490945,0,0.1565163,0.03794047,0,0.1823665,0,0,0.2021176,0,0,0.0008333744,0,0.4883912,0.2708584,0.2137596,0,0,0,0,0,0.0482464,0.08906529,0.0924168,0.2672531,0.4740909,0.2965551,0,0.05455662,0,0,0,0.1183356,0.3197889,0,0,0,0,0.08713756,0,0,0.6507277,0.0001264266,0.04798602,0.1114723,0,0,0.5921265,0.1095305,0.2684064,0,0.07946736,0.5872087,0.4922832,0.6161435,0.2800496,0,0.3372976,0,0.2592487,0.001774806,0.1005459,0,0,0,0.2461454,0,0.06719043,0,0,0,0,0.3813374,0,0.2619296,0,0,0.2717097,0,0,0.2992287,0,0,0.3566409,0,0,0.5420985,0,0,0.3271286,0,0,0.4802833,0.4330381,0,0,0,0.2587298,0.02798025,0,
0.2098169,0.1208855,0,0.2028547,0.05547648,0.1732269,0,0.3207884,0,0,0.3744225,0.3879451,0,0,0.171563,0,0.2633547,0.1802578,0,0,0,0.09368856,0,0,0.3048255,0,0.4355074,0,0,0,0,0.149528,0.0979028,0,1.013716,3.823841,3.005348,0,0,0,0,0,0.1167847,2.651836,0,0,2.591193,0.5696219,0,0,0.1817735,0,0.1550523,0,0,0.1135043,0.453396,0.218415,0,0.2797552,0.3561822,0,0,0,0,0.6273733,0,0.968145,0.3650967,0,0,0,0,0,0,0,0,0,0.3627019,0,0.6903281,0.1060411,0,0,0,0,0,0,0.09848653,0,0.03355917,0.4722333,0.07382652,0,0,0.2525405,0,0,0,0,0,0,0,0,0.192213,0.1831727,0,0,0.3552734,0,0,0,0,0,0,0,0,0,0,0,0,0.246947,0.2430412,0,0.4915649,0.09489976,0.9914062,0.0647243,0,0,0.5204521,0,0.2974181,0.1547614,0,0,0,0,0.6547255,0.3684035,0,0.06583904,0,0,0,0.2813379,0,0.006198253,0.4618364,0.09639414,0,0,0.3164222,0.08284712,0.002149337,0.1673567,0,0.05412421,0,0,0,0,0,0,0,0,0,0,0.2389819,0.2286053,0.2233769,0.07085778,0,0,0,0,0,0,0,0.177118,0,0,0,0.09628307,0,0,0,0,0.5642357,0,0,0.6871933,0.3433034,0,0.6139677,0.6671851,0,0,0.569517,0.645359,0,0.2943274,0,0.2683437,0,0.1172643,0.1614014,0.1450987,0,0,0.1905598,0,0,0,0,0.4752091,0,0,0,0.1223335,0,0,0.1040427,0,0.3555557,0.349343,0,0.08766697,0.8642232,0.08369525,0,0,0,0,0.3480553,0,0,0,0.007177549,0,0,0.1585319,0,0,0,0,0,0,0,0.2800661,0,0.1469584,0.09705777,0,0,0.6031011,0,0.3878624,0,0.1811244,0.6091315,0.2289322,0,0,0,0,0,0,0,0,0,0.04124251,0,0,0.06916383,0,0,0.01650301,0,0,0.122206,0,0,0,0.3236718,0,0,0.3757145,0.08468298,0,0.1664999,0,0.2385244,0,0,0.2464187,0.6587016,0,0.4750148,0.02761992,0.6239622,0,0,0,0,0.8131059,0,0,0.4299589,0.5108068,1.232307,0.2164338,0,0,0.4453163,0.04768219,0.2683666,0.08728726,0,0,0.01401439,0,0.9493824,0,0,0.1535472,0,0.485057,0,0,0,0,0,0.7122056,0,0,0.1089036,0,0.1393504,0,0,0,0,0.2687009,0,0,0,0,0,0,0.5279155,0,0.03491285,0,0,0.7495365,0,0.2085326,0.06483493,0,0.1784758,0.01457753,0,0.1044242,0.08994838,0,0,0.3017425,0,0.2089484,0.1418421,0,0.1715763,0,0.4465609,0,0,0,0,0.1017631,0,0,0,0,0,0,0,0,0,0.6771193,0,0,0.2249759,0,0,0.1154891,0.6006226,0.3219746,0,0.1433653,0,0.1029646,0,0,0,0,0,0,0,0.2023959,0,0.05545932,0.2728371,0.4631889,0,0.5854357,0,0,0,0.3401623,0.4250246,0.2046805,0,0.08486202,0,0,0,0,0,0,0,0.390002,0.02963131,0,0,0.101586,0,0,0,1.011038,0,0,0.03556187,0.6924923,0,0,0,0,0.4476057,0.8919454,0.09516477,0,0.7085562,0.1022888,0.3695068,0.4119106,0.8346413,0,0,0,0,0.008133861,0.6663609,0,0,0.09708124,0.1260222,0,0,0.4356603,0.199044,0,0.05335963,0.5582882,0.4222991,0.7795022,0.4150471,0.5260087,0,0.4474883,0.3910829,0,0.3694317,0,0,0.9183388,0.1942248,0,0,0.1208059,0,0.02911937,0.4553154,0,0.06928469,0.6017571,0.3358646,0.2230133,0.8325221,0,0,0,0,0,0,0,0.2786345,0,0,0,0.1179947,0.3309375,0,0,0,0,0.6939286,0,1.106637,0,0.3272826,0.0003030623,0.6096305,0,0,0.1455059,0.03121416,0.5547431,0.2691824,0.1479556,0,0,0,0.08162171,0.2327526,0.00411222,0,0,0.3086581,0.07700594,0.07545536,0,0.005352934,0.3669672,0,0.6285583,0,0,0.3041257,0,0.7274507,0.07751359,0.06104431,0,0.4259394,0,0.2186398,0.3351753,0.01295859,0.2089709,0,0,0,0,0,0,0,0.209206,0.3358295,0.2416103,
0.3485043,0,0,0,0,0,0,0,0,0.03520876,0,0,0,0,0,0,0.03984198,0,0.3251095,0,0,0.5071344,0.8747053,0.3626718,0.1061383,0,0,0,0,0,0.1707633,0,0.5409293,0,1.559498,11.09217,8.566232,0.1554214,0.6989642,0.5164688,0,0.4198671,0,0.3197184,0.1514193,0.1604113,4.488204,0.8688391,0.1381452,0.2840019,0.5033947,0,0.2544122,0.5520793,0.2224487,0.2939692,0,0,0.02757642,0,0,0.1432492,0.6438731,0.9027979,0.00214795,0,0.0922071,0,0,0.05986669,0,0,0.408825,0,0.00679193,0,0,0,0.8669166,0,0,0.4880572,0.06036706,0,0,0,0.2629782,0.1467491,0,0.5268439,0.4388078,0.2067205,0.4451954,0,0.7847636,0,0,0.2670722,0.4207401,0,0,0,0,0,0,0.3067479,0.2380113,0,0,0.2042864,0,0,0.1263724,0.1957347,0,0,0,0,0,0,0.3639238,0.1884307,0,0,0,0,0,0,0.1860745,0,0.2560572,0.6468986,0,0.09812189,0,0,0.02340502,0.008218977,0,0,0,0.186734,0.08856741,0.1275118,0.1559763,0.296887,0,0.3617676,0,0.2098674,0.2705689,0,0,0.08955502,0,0,0.1874986,0.2128059,0.008288842,0,0,0,0,0,0,0.2011248,0,0,0.1249856,0,0,0,0.1115442,0.1227651,0,0,0,0.05628608,0,0,0,0.2330872,0,0.002493343,0,0,0,0,0.6981273,0.1668695,0,0.1780116,0.001104751,0,0,0,0,0.1434794,0.1818195,0,0.1539327,0.02924752,0,0,0.02472444,0,0,0.4335426,0,0.4960081,0,0,0,0.3528736,0,0,0.4733851,0.06673291,0.1361577,0,0.39143,0,0,0,0,0,0,0,0.08232971,0,0,0.1655415,0.2485899,0.2755896,0,0.3950297,0.1557283,0.1873394,0,0,0.0289229,0.2087755,0,0,0.1396067,0,0.163569,0.04634812,0,0,0.05369732,0,0,0,0.3225526,0,0,0.1296477,0,0.2844486,0,0,0.482329,0.2674311,0,0,0,0,0,0,0.3806419,0.4079753,0,0.1203049,0.1607202,0,0.1599506,0,0,0.2363464,0.2179216,0,0,0.2778818,0,0,0.1967021,0.3555582,0.7383152,0.336112,0,0,0.5974771,0.1443482,0.4027177,0,0,0,0,0.06616182,0.1766695,0,0.1069636,0,0,0.1768813,0.05785207,0.03578451,0,0.5348681,0.02116912,0.5725507,0.4918363,0.1811606,0,0,0,0.0802967,0,0,0,0,0,0,0,0,0,0,0,0,0,0.08753228,0.6656792,0,0,0,0.2053062,0.2956153,0,0.0438461,0,0.02589525,0,0,0.7891694,0,0,0,0.2724802,0,0.5214053,0.5375818,0.517841,0,0,0,0,0,0,0.003833244,0,0.2820303,0,0.1369305,0.2370615,0,0.3222945,0,0,0.2175545,0,0.202159,0,0.2120018,0,0.04312614,0.1720442,0.4603477,0,0,0,0,0.06434984,0,0.759616,0.0321128,0.107041,0.004006576,0,0.5010182,0.6700602,0,0,0,0,0.0599268,0,0,0,0.03802494,0.7185121,0,0.1576008,0.2443395,0,0,0,0,0,0,0,0.06571776,0,0,0.03989894,0,0,0,0,0,0.8305477,0,0,0,0,0,0,0,0.2869452,0,0,0,0.2550638,0,0.8809727,0,0,0.2539944,0,0.8016478,0.2790521,0,0,0,0.3638978,0,0.1875749,0,0.5110994,0,0.1170164,0,0.5602034,0.4558517,0,0,0.3973081,0,0.03063595,0,0,0.04432366,0.01447173,0,0,0.08359465,0,0.3953244,0,0,0,0,0.3952421,0,0,0,0.6217035,0.0136211,0.3351267,0,0,0.1310611,0.4794497,1.335229,0,0,0.1741018,0.2374839,0,0,0,0.6214988,0,0,0,0.7922035,0,0.2484426,0.2441252,0.2698252,0.8408394,0,0,0.03147686,0.1897082,0,0,0,0.1759513,0.2582699,0.2865067,0,0,0,0.02298718,0,0.1093487,0.6219978,0,0,0,0,0,0,0,0,0,0,0,0,0.1997969,0,0,0,0,0.4207084,0,0,0.4323167,0,0.630055,0,0.02817277,0,0.3292919,0.2007731,0.03910411,0,0,0,0.2402653,0,0.6231182,0,0,0.1577443,0,0,0.06226489,0,0,0,0,0.618085,0.321526,0,0,0,0,0,
0.1920402,0,0,0,0,0.17553,0.3167863,0,0,0,0,0,0.8711703,0,0,0,0,0,0.2740938,0.182208,0,0,0,0.07845291,0.07853707,0.1636059,0,0,0.2721352,0,0.8505886,0,0.3271994,0,1.832811,11.15214,11.67828,0.9693866,0.459061,0.1874038,0.1395199,0.1428252,0,0.4966949,0,0,3.515538,1.310423,0.05324437,0.1355917,0.2723505,0,0,0,0.2465669,0,0.4870904,0.1358394,0.05832795,0.016369,0,0.4546787,0,0,0,0,0,0.1679208,0.2890632,0,0.2184537,0,0.1429273,0.1953127,0,0,0,0.3274107,0,0,0,0,0,0,0.3697656,0,0,0.2773497,0,0,0,0,0.1725242,0,0,0.3471383,0,0.08128455,0.05048003,0,0.07597794,0.4748538,0,0,0,0.05763613,0,0.3841834,0.7854788,0,0,0.05490397,0.2660985,0.361667,0,0,0,0,0.1014813,0,0,0,0.1646171,0,0,0.364014,0,0.1528653,0,0,0,0,0.3209299,0.1271493,0,0.3189891,0,0,0.6992235,0.1162801,0,0,0,0,0,0.5107559,0,0,0,0,0,0,0.3170323,0,0,0,0.001105013,0,0,0.03346778,0,0,0,0,0,0,0,0,0,0,0.3088523,0.1479833,0.2857973,0,0,0.01330131,0,0,0,0,0,0.1681507,0,0,0.2060742,0,0,0.1888292,0,0,0.3098878,0,0.1826986,0.2749844,0,0.06021613,0,0.08673698,0.3390621,0.02370518,0.08987573,0,0.1354432,0,0,0.3801921,0,0,0,0,0,0.08566452,0.2949671,0,0.07258178,0.3800585,0,0,0,0.1424468,0.2415518,0.1824972,0,0,0.3884759,0,0,0,0,0.4806459,0,0,0,0,0,0,0,0,0.5313915,0,0.211353,0.4992383,0.8661694,0,0.02720336,0,0.4247752,0,0.04585,0,0,0,0,0,0,0,0,0.09541714,0,0,0.1467158,0,0.1468195,0.2292944,0.5369121,0,0,0,0,0.3763876,0.01514664,0,0,0.05526877,0,0,0,0.06120868,0,0.3047033,0,0.4637871,0,0,0.3522095,0,0,0,0,0,0,0,0,0,0,0.6009399,0,0.1143531,0,0,0,0,0,0,0.4984676,0,0,0.3455566,0.05676596,0,0.3958546,0,0,0.3637744,0.01324794,0,0,0.02146818,0,0,0.2891948,0,0,0,0,0,0.1937157,0,0,0,0,0,0,0,0,0,0,0,0,0,0.4315969,0,0,0,0,0.1862425,0,0.09154506,0.5102261,0,0,0.1309879,0.01383626,0,0,0.6165701,0,0,0,0,0.2890705,0.4345765,0.01307763,0.5568264,0.659074,0,0.09528013,0.5671443,0,0,0,0,0,0,0.1886941,0,0,0,0,0,0.1710083,0.06806704,0,0,0.3334948,0,0.1612239,0,0,0,0,0,0,0.2317886,0.4890988,0.2230082,0,0,0.137284,0.7256077,1.613111,0,0,0,0.06533772,0.3827684,0.7182136,0,0,0,0.05787458,0.1669508,0,0,0,0,0.3949114,0,0,0.02903325,0,0,0.6340605,0.1094267,0,0,0,0,0,0.4653465,0.4162694,0.1507379,0.01103094,0.1243465,0.4182053,0.2761671,0,0,0,0,0,0,0.06157427,0,0.2170689,0.3137249,0,0,0,0.2744367,0,0.1158582,0,0,0.1915797,0,0.2651307,0,0.2850382,0,0,0.3227473,0,0,0,0,0,0.2242624,0,0,0,0,0,0,0.02789327,0,0,0,0.520157,0,0,0,0,0,0,0.4292076,0,0,0,0,0,0.2352492,0.442025,0,0.3712052,0,0,0,0,0,0,0,0,0.6223897,0.7642015,0,0.6214371,0,0,0.08243954,0,0,0,0,0.2686373,0.07098532,0,0.3331117,0,0.4160154,0.04284449,0,0.002555466,0,0,0,0.3911524,0.0679231,0,0.08171526,0,0,0,0,0.06277214,0.2954823,0,0,0.07051706,0,0.0839662,0.4098395,0,0.7054067,0.09457241,0,0.6887841,0.5647064,0,0,0,0.1073899,0,0.1616013,0,0,0.01017797,0,0,0,0.3128677,0,0.3516248,0,0.01425136,0.6149138,0,0.2437787,0,0,
0.1768805,0.5114691,0.07419594,0,0,0,0,0.2736961,0.5206743,0.3895485,0,0,0,0,0,0.5541473,0,0,0,0,0.1297881,0,0.02292855,0.641447,0.1852198,0.2616203,0,0,0,0,0,0,0.07051048,0.6879548,0.64021,2.317119,5.263486,0.5410631,0,0,0.03147169,0.14025,0.2509371,0,0,0,0.2398762,0.3310525,0,0.246545,0.08767853,0,0.3196009,0.06690783,0,0,0,0.05137434,0,0,0.5377156,0.09029094,0,0,0,0.1065631,0.3670229,0,0,0,0,0,0,0,0,0,0.5554268,0.02254135,0,0.5718247,0,0,0.8127553,0,0,0,0,0,0,0,0.3858338,0.2063757,0,0,0,0,0,0.1829712,0,0.155868,0.09986477,0.0397372,0.097889,0.1293117,0.2305804,0,0.1996153,0,0,0.7763733,0,0,0,0,0.1964938,0.1400531,0.3929991,0,0.1129537,0.9030347,0.4019101,0,0,0,0,0,0,0,0,0.6836134,0,0,0.0303997,0,0.3064696,0.2161174,0,0,0,0,0,0,0.3076279,0,0.02868709,0.1893068,0.3220509,0,0.01173279,0.2585856,0.1024432,0,0,0,0,0,0,0,0,0,0.1203913,0.2846342,0,0,0.06315248,0,0.01296102,0.2474983,0.02601707,0,0.3174958,0.2410424,0,0,0,0,0,0.1001821,0.7179732,0,0,0,0.01945931,0.2887188,0,0.1295361,0,0,0,0.2901762,0,0,0.4292822,0,0,0,0.1532566,0.6367182,0.6225247,0,0,0,0.3546277,0,0.1188842,0.5466636,0.02968797,0,0.1403995,0,0,0,0,0.3305992,0.539019,0,0.299476,0,0,0,0,0,0.4713168,0.3082718,0.03241435,0,0,0,0.5986623,0,0,0.04997494,0,0.3006949,1.145564,0,0.9976144,0,0.6672215,0,0.1853664,0.08418136,0.2875338,0.5292634,0.2865807,0,0,0.6330778,0,0.01650039,0.2825781,0,0,0.326373,0,0,0.1599183,0,0,0,0.1118006,0,0.2165013,0.275488,0,0,0,0,0,0.3576472,0.1651365,0.08242286,0.1395539,0,0.2112757,0,0,0.0288755,0,0,0,0,0,0.08103128,0.2993396,0,0.5603935,0,0.4493779,0,0,0,0,0,0.2700682,0.2022328,0,0,0,0.3305047,0.005972204,0.1761565,0,0,0,0.04369612,0.2149236,0,0,0,0,0,0.1706586,0.004430369,0.2915241,0,0,0.3815604,0,0,0,0,0,0,0,0,0.1181937,0,0.09594524,0,0,0,0,0,0.2106572,0,0,0,0.01297635,0.2779984,0.4433324,0,0,0,0.5673308,0,0,0.3869436,0,0.2007691,0,0.2939797,0.2572955,0.4239294,0,0,1.511353,0,0.2468785,0.2721983,0.1672036,0.06785516,0,0.3464141,0,0,0,0,0,0.009722988,0,0,0.07670663,0.01762567,0,0.1684215,0,0.2720728,0.7487004,0.1810143,0,0,0,0,0.7041381,0,0.1600835,0,0,0.1682117,0,0.007577542,0.5033692,0,0,0,0,0,0,0.1830022,0.0454127,0.1465849,0,0,0,0,0,0,0.4918996,0,0.4877856,0.3237887,0.05162966,0.2997086,0,0.2094869,0,0.1652302,0.3657997,0.1176348,0.3270414,0.0313278,0,0,0,0,0,0.8808275,0,0,0,0.7710973,0.2962408,0,0,0,0.1519983,0,0.2331326,0.1037086,0,0,0.3951742,0.5270323,0.2331769,0,0.3663369,0,0.01499368,0,0,0.01664116,0,0.3596409,0,0.8062406,0.131035,0,0,0.6715964,0.3698989,0,0.5234661,0,0,0,0,0,0,0.02283816,0.2767184,0,0,0.1932155,0.05388896,0,0.3545227,0,0,0,0,0,0,0,0,0.1658712,0,0,0,0,0.2376173,0.09219096,0,0.1770151,0.4081205,0,0,0,0.7564933,0,0,0.09865492,0,0,0.05011535,0,0,0,0,0,0,0,0.3045108,0,0,0,0.02989926,0,0,0.7517977,0,0,0,0,0,0,0.2333644,0,0.04005831,0.2891979,0.01832074,0,0.7532398,0,0.2743729,0,0,0,0,0,0,0.7169684,0,0,0.793332,0,0,0.142059,0.8373919,0.07272796,0.05791472,0,0.05811844,0.5475586,0,0.2962459,0.3230737,0,0,0.6031391,0,0,0,0.2857552,0,0,0.370543,0.1562964,0.724839,0,
0,0,0.6126371,0,0,0.3441056,0,0.4749399,0.2804622,0,0,0,0.1441862,0.4600037,0,0,0,0,0,0,0.2037577,0,0,0,0,0.1632183,0.7553277,0.2827799,0,0.2473724,0.4941131,0,0,0.4792289,0,0,0,0,0.3668966,0.4359373,0.1808503,0.6459746,0.131812,0,0,0.2567727,0,0,0.4764583,0.3570105,0.2851041,0,0.07523446,0.1345212,0.02762199,0,0,0.4022393,0,0.08125283,0,0,0.1188439,0,0,0,0,0.2669851,0.8946366,0,0.6486508,0.2886274,0.1091476,0,0,0,0,0.04572526,0,0.2717915,0,0,0.5002159,0,0.08771994,0,0,0,0,0,0,0.1929739,0,0,0,0.1753889,0,0,0,0,0.4080666,0,0.6712942,0.2779528,0,0,0,0.1158414,0,0,0,0.1715495,0,0,0,0.1959889,0.3992877,0.1708099,0.008222032,0,0,0.4980314,0,0,0,0.05906118,0.4131812,0,0,0.5462372,0,0,0,0.4273559,0,0,0,0.558902,0.3272447,0.7787431,0,0,0.2059383,0,0.1498302,0.3312994,0,0,0,0,0.01277984,0.01976804,0,0,0,0.1292462,0,0.6355555,0,0,0,0,0.2097139,0.1824945,0,0,0,0.5919785,0,0,0.6387141,0.07560899,0,0.5432858,0,0.266171,0,0,0,0.5409762,0,0,0,0,0.1662341,0,0,0,0.2419237,0.5960791,0,0,0.7155845,0,0,0,0,0,0.3068762,0,0,0,0.1553042,0,0.2678584,0.2647606,0,0,0.3578699,0,0,0,0.2204935,0.319777,0,0.4444736,0,0.1609892,0,0.1228578,0,0.07151879,0.1178538,0.04462146,0.2691884,0,1.086401,0,0,0.6431799,0,0.3322622,0,0,0,0,0,0.1542784,0,0,0,0.4236163,0,0.1494659,0,0.2269589,0,0.8634673,0,0,0.471732,0.09215906,0.07095215,0.1294747,0,0,0,0.5164271,0.04737784,0.05636495,0.6728263,0,0,0.4840558,0,0,0,0.09177803,0,0,0,0,0,0,0,0,0,0,0,0.2809141,0,0,0,0,0.0469835,0.08069941,0.5598905,0,0,0,0,0,0,0,0.5527152,0.1005421,0,0,0.3618029,0,0,0,0,0,0,0.0291057,0.1167231,0,0,0,0,0.5920477,0,0.1278376,0,0,0,0,0.03565154,0.06824509,0,0,0,0,0.1721207,0.3264633,0.7545355,0.3521055,0.08843768,0,0,0,0,0,0,0,0,0,0,0,0.1225012,0,0.2086833,0,0,0,0.0001222654,0,0.006790978,0,0,0,0,0,0,0,0,0,0.1223077,0,0.008159067,0,0.5107893,0.3560539,0,0,0.8435052,0,0,0.03390846,0.2694917,0.212688,0.2935288,0,0.1988454,0,0,0.5839313,0,0,0.0145629,0,0,0.05826085,0.05013413,0,0.1266098,0,0,0,0,0.1558466,0.1841408,0,0.2814419,0,0,0,0.1547666,0,0,0,0.5022329,0,0,0,0,0,0,0.3973181,0.06733866,0.1368121,0,0,0,0,0,0.160338,0.5082753,0,0,0,0.3173338,0,0,0.2100057,0,0,1.08405,0,0,0.258458,0,0.6854467,0.08578528,0,0,0,0,0.2253246,0,0,0,0,0,0.6177069,0,0.5024223,0.253118,0.5118418,0.2775562,0,0,0.1220056,0.2296857,0,0,0,0.3090687,0,0,0,0.1502405,0.1767571,0.452591,0,0,0,0.5019376,0.09456564,0.3883497,0.006352996,0.1062205,0,0.6963626,0,0,0,0,0,0,0,0.1281283,0.008600277,0,0,0,0,0.04861047,0,0,0,0,0.02094055,0,0,0,0,0,0,0.1898448,0.5018967,0,0,0,0,0.04538725,0,0,0,0.1886632,0.1442957,0,0,0,0.02324259,0,0.06121208,0,0,0,0,0,0,0,0.08122669,0,0.0636875,0.0723059,0,0,0.06148832,0.5241276,0.2781816,0,0,0.420372,0.1621266,0,0,0,0,0,0,0,0,0,0.2525614,0.03102526,0.3116457,0,0,0.3236471,0,0,0,0,0,0.02477831,0,0,0,0.03734788,0,0.2706397,0.4243567,0,0,0,0,
0,0.08077306,0,0.04378539,0.08195554,0.6123961,0,0,0,0.323196,0.4398151,0.2815469,0,0,0,0,0,0,0,0,0,0.3711612,0,0.6183813,0,0,0,0,0.2902177,0,0.5462889,0,0,0.1033892,0,0,0,0.1907179,0.05795513,0.3865573,0,0.1496458,0,0,0,0.07778346,0,0.5128809,0.3657041,0,0.3449624,0.6640723,0.1863709,0,0.1706644,0.3268951,0.5353524,0.0562946,0,0,0,0,0,0.1648112,0,0,0.2464678,0,0.4028364,0.07074472,0.807722,0,0,0,0.3890243,0,0,0.9281825,0.9973875,0.03660205,0,0.0812454,0,0.1067629,0,0.4764775,0.009424207,0,0,0,0.2171713,0,0,0,0.2454706,0,0,0,0,0,0,0,0,0,0,0,0.3932324,0,0,0,0,0.5784944,0,0.02626883,0.8637483,0,0,0,0,0,0,0.08539899,0,0,0,0.4625593,0.4224044,0,0,0,0,0,0.3560376,0,0.1193941,0.4704148,0,0,0,0,0.5515558,0.307991,0,0,0,0,0.422175,0,0,0.2055165,0,0.004680965,0,0,0.1509891,0.1787235,0,0,0.03448062,0,0,0.06884628,0,0,0.07490837,0,0,0,0,0,0.7325614,0,0,0.2828149,0,0.258936,0,0,0,0,0,0.1448636,0,0,0.292569,0,0,0,0.2487491,0.4186733,0,0,0,0.2440496,0,0.4167406,0.4197092,0.3077443,0,0.7486245,0.2150255,0,0,0,0,0,0.6769946,0,0,0.09541052,0,0.7069363,0,0,0,0,0,0,0,0,0.07658291,0.1843874,0.07270049,0,0,0,0.2715288,0.1030044,0,0,0,0,0,0,0.2578132,0,0,0.6146023,0,0.4055131,0.4538022,0.3232663,0.05943496,0,0,0,1.099843,0,0.4446886,0.5344611,0,0,0.2935685,0.5505441,0.5295505,0.3187058,0.6980878,0.08650155,0.162734,0,0.1591779,0.04995634,0,0.1526497,0,0,0,0.1916247,0.03164184,0.3681207,0.1331755,0,0,0.2597135,0,0,0,0,0,0,0,0,0,0,0,0,0.3774293,0.6179639,0.0635448,0.1736314,0.1722169,0.1189888,0.0292708,0.6514646,0,0,0,0,0,0,0,0,0.3818075,0.3971723,0.4675672,0,0,0.1390795,0,0,0,0,0,0,0,0.2626279,0.1298856,0.3426759,0,0.7059274,0,0,0,0,0,0.107279,0,0.2265584,0,0.203679,0,0,0,0,0,0.01451165,0.01897767,0,0,0,0,0,0.4404752,0,0,0.2580093,0,0.02074354,0.233193,0,0.2440409,0,0,0,0,0,0,0.1740929,0,0,0,0,0.4356281,1.200551,0,0,0.5167605,0.5054481,0.2236886,0.1374978,0,0,0,0,0.4822788,0.5984507,0.3253055,0.4853221,0,0,0.421344,0,0,0,0.556338,0.3720865,0.2302672,0,0,0,0.1180595,0.1861486,0,0.1384264,0.547568,0,0.4882967,0,0,0.02405398,0.246674,0,0,0,0,0,0,0,0,0,0,0.0336129,0,0,0.1381326,0,0,0,0,0,0,0,0,0,0,0.05448636,0,0.4869822,0.3465775,0,0.3719459,0,0,0.6439447,0,0,0,0,0,0,0.5503913,0,0,0.834965,0.1734652,0.4563528,0,0,0,0.1522687,0.6433697,0,0,0,0,0.4328533,0,0,0.1061301,0,0,0.2629669,0,0.08110778,0,0.1511076,0.4123947,0,0.07914235,0,0,0,0,0,0,0,0,0.3064764,0.2253684,0.2147372,0.1459625,0,0,0,0.8708087,0,0,0,0,0,0,0,0,0,0,0.09966699,0,0,0.2016213,0,0.5315537,0,0,0,0,0.5471901,0,0.1989274,0,0.2201418,0,0,0,0.0130445,0.9928245,0,0,0,0,0,0,0,0.2867105,0,0,0,0,0,0.8427606,0,0,0.2907476,0.4970433,0,0.04053691,0,0,0,0,0.2643225,0.07459326,0.2536665,0.6638577,0,0.5759246,0.2598319,0,0.4214346,0,0.2099688,0,0,0.1086744,0.009817032,0.01470053,0,0,0.3091019,0.1461454,0,0,0,0.2887848,0,0,0.1483994,0,0,0,0.3718752,
0,0.1487452,0,0.08476791,0,0,0.2143384,0,0.2240631,0,0,0,0,0,0.04402156,0.6949593,0.169993,0.03783443,0,0.1391835,0.9085278,0,0.3219839,0.05114618,0,0.2827921,0.6361527,0,0.1360296,0.1511035,0,0,0,0,0,0,0.03046656,0,0,0.08913933,0.3457383,0,0,0.8698222,0,0.1800898,0,0.1602867,0.3547343,1.21184,0,0.1036686,0,0.3875315,0,0,0.2974992,0.0223268,0,0,0,0,0,0.3593707,0,0,0,0,0,0,0,0,0,0,0,0.2212024,0.8043347,0,0.1153408,0.2560215,0,0,0.007602492,0.1149739,0,0,0,0.4448046,0,0.8628653,0.6951606,0,0.4507082,0,0,0,0,0.5525979,0.07932293,0,0,0,0,0,0,0.4332308,0,0,0.03538172,0,0.2342922,0.2223404,0,0.1210596,0,0,0,0,0,0.1853979,0.7370085,0,0.2652118,0,0.6080965,0,0.7037262,0,0,0,0,0,0.2823764,0,0,0.0999544,0,0.3443829,0,0.2876933,0.04793191,0,0.09662606,0,0.2546706,0.146148,0,0.1222094,0,0,0,0,0.07106692,0.2082283,0.1374995,0,0,0.12316,0,0,0,0,0,0.08991793,0,0.3078716,0,0,0,0,0.3386723,0.3102373,0,0,0.06809228,0,0,0.1334401,0.1911713,0,0,0.2059337,0,0,0,0,0,0.03877827,0,0.2686706,0.253299,0,0.1912029,0,0,0.01240244,0,0,0,0,0.8014663,0,0,0,0.1919068,0,0.1637617,0.8353323,0,0.3268408,0,0,0.04293197,0,0.5858003,0,0,0,0,0.1986579,0,0.4387462,0,0,0,0.1574603,0,0,0.04330492,0,0,0,0,0,0,0,0,0,0,0,0.4062391,0,0,0.1389041,0,0.2113263,0.6335344,0.1764818,0,0,0.07955252,0.1068638,0,0,0,0,0,0.09959483,0.1697534,0,0,0.3585093,0,0,0.2288043,0,0.2847424,0,0.003987479,0,0,0.2630576,0.03570406,0,0.1933943,0,0,0,0.3709781,0,0.02036661,0.02211731,0,0,0,0,0,0,0,0,0,0,0.3339342,0.282348,0,0.03777751,0,0.02465655,0.3713412,0,0.3933704,0.383314,0.3893247,0.3150583,0,0,0,0.1285931,0,0.01207579,0,0,0.5123471,0,0.08468501,0.1586955,0,0,0.3498926,0,0,0,0,0.2864532,0.4745531,0,0,0,0.4408507,0,0,0,0,0.1307625,0.2158231,0,0.1751501,0.2477075,0,0,0.06854525,0.1251882,0,0.2527931,0,0,0,0.4558207,0.2726797,0,0,0,0.06913009,0.06134497,0,0,0.08285268,0.6730047,0,0,0.4574117,0,0,0.6852096,0.6061612,0,0.2990899,0.244739,0,0,0,0,0,0.3032251,0,0,0.179806,0.4369536,0,0,0,0.30561,0.7166744,1.002173,0.1189412,0,0,0,0,0,0,0,0,0.1931864,0,0.2548294,0,0.07964476,0,0,0,0.2843223,0,0.3375284,0.191232,0,0,0.6589375,0,0,0.122628,0.446399,0,0,0.3904232,0,0,0.02690725,0.3986065,0,0,0.2441258,0.3974766,0,0.2783775,0,0.01547042,0.05893812,0,0,0,0.3895401,0.5095329,0,0.1931931,0,0,0,0.2920478,0,0.4941464,0,0,0,0,0,0,0,0.04799749,0.6456838,0,0.4956658,0,0.172955,0,0.7438272,1.150001,0,0.05754159,0,0,0.434854,0,0,0,0.3107696,0,0.0005495813,0,0,0,0.07244369,0,0,0,0,0.03944267,0,0,0,0,0.2580118,0,0.08712139,0,0,0.242219,1.093319,0,0.907565,0,0,0.0853736,0.09762187,0.2729121,0,0,0,0.07677103,0,0.6187799,0,0.2708864,0,0,0.5027495,0.06128715,0.1581477,0,0,0.2676118,0,0,0.308605,0,0,0,0,0,0.06260511,0.417291,0.299293,0.2913772,0,0,0.1583869,0,0,0,0,0,0,0,0,0.1152852,0,0,0,0.281951,0,0.02989893,0,0,0,0,0.599597,0,0.3663915,0,0,0,0,0,0,0,0.2321434,0,0,0,0,0,0,0,0.2707528,0,0.06640978,0.9771085,0.1502303,0.03801906,0,
0,0,0,0,0,0,0,0,0,0,0,0.3378423,0.4809147,0,0,0,0,0,0,0,0.2148843,0.6170587,0.8733675,0,0.08601779,0,0,0,0,0,0,0.2049338,0,0,0,0,0.3723861,0.2024395,0.2700607,0.2468751,0,0,0,0.1905664,0,0,0,0,0,0,0.5750989,0,0,1.003008,0,0.2178918,0,0,0,0.5222669,0,0.2299594,0.4039517,0,0.6102839,0.1544061,0,0,0.4179115,0,0,0,0,0.03643252,0,0,0,0,0,0,0.1065449,0.0009251933,0.05383391,0.1093858,0,0,0,0,0.08974114,0,0,0,0,0,0,0.8584021,0,0,0,0,0,0.0935807,0.1839363,0,0,0.01992927,0.3519503,0,0,0,0,0,0,0,0.08205286,0,0,0,0,0,0,0,0.3380645,0,0.1147204,0.2631758,0,0.002434876,0,0,0,0,0.3136314,0,0.640012,0.004668687,0,0,0,0,0,0.1868474,0.1201613,0.003443901,0,0,0,0,0.1329344,0,0,0,0,0.1445629,0,0,0,0.05719279,0,0,0.22344,0.0410923,0,0.2066815,0.2483988,0,0.2194414,0,0,0,0.1204433,0,0.6657289,0.4117013,0,0.5042256,0.2009934,0.4506756,0.09742984,0.3437691,0.1348235,0,0.09134568,0.6392537,0,0,0,0,0,0.07048859,0,0,0.03730591,0,0.01949592,0,0.6851138,0.8538271,0,0.297605,0,0,0,0.04837653,0,0,0,0,0.2101508,0.07376845,0,0,0,0,0.2325464,0,0,0,0.069788,0,0.2539391,0.7550228,0.05588892,0,0.1258108,0.6337337,0,0,0,0,0.27241,0.1810651,0.2287754,0,0,0,0.1838745,0,0,0,0,0,0.02145845,0,0,0.5187981,0,0.2978472,0.3725941,0.471511,0.2427132,0,0,0,0.3082029,0,0.2879534,0.08942521,0.1287994,0,0.02288496,0,0,0,0,0,0.2325804,0.01299059,0,0.5954938,0,0,0.6254835,0.3564278,0,0.3636642,0,0,0,0,0.4221473,0.2074622,0.332747,0.2431734,0,0.006156542,0,0,0,0,0,0,0,0,0.05649576,0.1546796,0,0,0,0,0,0.4156206,0.2529348,0.08036055,0,0,0,0,0.8563092,0.1790427,0.1709137,0,0,0.1970117,0.5423902,0.1865036,0.1093122,0,0,0,0.6715904,0.3984863,0,0,0,0,0,0.09429386,0,0,0,0.8773852,0,0,0,0,0.4850691,0,0,0.2950719,0.08874771,0,0.3513023,0.05220918,0.1303146,0,0,0,0,0,0,0.2005562,0,0.6355329,0,0,0.2879888,0,0.6191292,0.42157,0,0,0,0,0,0,0,0.09240277,0.2482828,0.4048902,0,0.9991707,0,0.3609142,0.7143277,0.4711749,0,0.170198,0.2144971,0,0,0.1764363,0.3461058,0,0,0,0,0,0.6809433,0.5834922,0.2457516,0.4148467,0.7564806,0,0,0,0,0,0,1.199371,0.7151506,0,0.09666481,0,0.1362488,0,0,0,0,0,0.08414599,0.07937081,0,0,0.03846673,0,0.4569201,0,0.06730488,0.7016064,0,0.1816216,0,0,0.2931626,0,0,0,0,0.1158824,0.02866752,0.06106054,0,0,0,0,0.1800255,0,0,0.07469286,0,0,0,0.2898329,0,0.07559134,0,0.3323881,0,0,1.04301,0,0,0,0.663713,0,0.6247625,0.1386486,0,0,0.3240216,0.3992987,0,0.0404757,0.1080361,0.7165815,0,0,0,0,0,0,0.9708208,0.1527867,0,0,0.5493648,0,0,0.01738812,0.2864303,0.4388003,0,0,0,0.05687614,0,0.3527277,0.0333055,0,0.1678281,0.167475,0,0,0.334473,0.07008845,0,0,0,0,0,0,0,0.01538048,0,0,0.3487655,0,0.2092561,0.1152345,0,0,0.267191,0,0,0.07120915,0.007605072,0,0,0,0.6334707,0.3082786,0.007104267,0.3011266,0,0,0.3928877,0,0.2841284,0,0.314593,0,0,0,0.1425482,0.008169496,0,0,0,0.4059364,0,0.2155195,0,0.2910985,0,0,0,0,0,0,0,0,0,0.2482532,0.2343429,0.3650971,0.2306652,0,0.4624308,0,0.4025997,0,0,0.1915434,0,0.118147,0.42051,0,0,0,
0,0,0,0,0,0,0,0.1753293,0.7654738,0,0,0,0,0.05487573,0,0,0,0,0,0.3597563,0,0.269535,0.005819325,0.2286803,0.3636601,0,0,0.1018591,0.01515756,0.0003538937,0.1270826,0.05264632,0.09686402,0.3830273,0,1.202181,0,0.1253109,0,0,0.08658732,0.8300655,0.3794166,0.8885834,0.07518666,0,0,0.1604468,0.03177715,0.1943744,0,0,0,0.005762723,0.6147408,0,0,0,0,0,0,0,0,0,0,0.3580567,0,0,0,0,0.2238695,0,0,0.03607237,0.2219813,0.001441583,0.01738334,0,0,0.1617816,0,0,0,0,0,0,0,0,0,0,0,0.07065318,0.1147815,0,0.6840461,0.09266951,0,0,0,0,0,0,0,0.4183142,0.2960145,0,0,0,0.6677143,0,0,0.05839999,0.6341356,0,0,0,0,0,0,0,0,0,0,0.8835289,0,0,0.42837,0,0,0,0,1.072708,0,0,0,0,0.828456,0.4678888,0.2594781,0,0.09063241,0,0.4176884,0.2642879,0,0,0,0,0,0,0.2369338,0,0,0.2093301,0,0.4653901,0,0.1707904,0.1229594,0,0,0,0.1837825,0.5837433,0,0.05356327,0.1350836,0,0,0,0,0,0,0.7645494,0,0,0.6642438,0.06767053,0.4425771,0,0,0.3026664,0,0,0,0,0,0,0,0.1051331,0,0.1674187,0,0,0,0,0.0759846,0,0,0,0,0,0,0,0,0.3335449,0.2523951,0,0.02879625,0,0.03309001,0,0.3791434,0,0,0,0,0.2484746,0,0.1381569,0.9510516,0,0,0,0.1926278,0.2714467,0,0.371298,0.1499505,0.006170164,0.1903339,0,0,0,0,0.03494073,0,0.04173374,0,0,0,0.08712389,0.2283144,0,0.2436351,0.531496,0,0,0,0.2240319,0,0,0.1690024,0,0,0,0.2604511,0.4963941,0,0,0,0,0.3610122,0,0.4641257,0.1394174,0.03572407,0.1747448,0.6604905,0,0,0.03837612,0,0,0,0.1356608,0.1021847,0.09251934,0,0.3375781,0,0,0,0,0,0,0,0,0,0,0.2706344,0,0,0.5151495,0.1646373,0,0,0.02128946,0,0,0,0,0.02066568,0.6739945,0.1596729,0.7861626,0,0,0,0.1136412,0,0,0,0.06266565,0.4463846,0.1920112,0.3767366,0,0,0,0,0,0,0.2612647,0.2621729,0,0,0,0.151517,0,0,0.1002213,0.3245583,0,0,0,0,0,0,0,0.01354746,0,0,0,0,0.2315313,0,0,0,0,0.06540136,0.8358846,0.5805466,0,0.3548893,0.5346141,0,0,0.06097583,0,0.198336,0.1103318,0,0.3425071,0,0,0,0,0,0,0,0.1354523,0,0,0,0,0.8348504,0.05088578,0,0,0.1354731,0,0,0,0.1046726,0.386285,0,0.2459508,0,0.07031401,0,0,0,0,0.1970719,0,0.4782534,0,0.01296813,0,0.6716021,0.2105383,0.3986138,0,0.1564068,0.6509045,0,0,0.2329996,0,0,0.1727876,0.6077318,0.4230513,0,0,0.8616653,0,0.7662382,0.6074548,0.007962726,0.7300216,0.2232319,0.09074885,0,0,0,0,0,0,0.03966807,0,0.1140583,0.4328036,0.01173436,0.205316,0,0.1191599,0.3896275,0.4469133,0.2217554,0,0.4228663,0.4511697,0.5441743,0,0.1346006,0.06598295,0,0,0,0,0,0,0,0,0.4649265,0,0,0,0,0,0,0,0,0,0.1174813,0,0,0,0.3583835,0,0,0,0.4677555,0,0,0,0,0,0,0,0.04788974,0,0,0.7191759,0,0.2075516,0,0.1249023,0.03829595,0,0.1981466,0.5227109,0.6857807,0.3670687,0,0,0,0.06999397,0.4544942,0.3770438,0,0.09191237,0.1249426,0,0,0.3089882,0,1.086068,0,0,0.03534549,0,0.2577635,0,0.3037683,0,0.04011127,0.8622169,0.4596098,0,0,0,0.04549449,0,0,0.1149987,0,0,0.7755375,0,0,0.4209921,0,0.317905,0.08583675,0,0,0,0.1272919,0,0,0.09707363,0.2012498,0,0.2601972,0.04458702,0,0,0,0.179853,0.1717802,0,0,0,0,0.4429182,0,0,0,0.6424913,0,0.8171514,0,0.119274,0,0.2132724,0,0.9021845,
0.01583697,0,0,0.2671978,0,0,0,0,0,0.5330818,0.5769247,0,0,0,0,0.5096924,0.1235771,0.2100217,0,0,0,0,0.4170617,0,0,0.3321205,0,0.1334329,0.6666026,0,0.5721868,0,0,0,0.1733467,0.423063,0,0,0.3656717,0.466075,0.08825946,0.2417078,0,0.292125,0,0.7108343,0,0,0,0.5655047,0,0,0,0,0.1816486,0.1693755,0.1234371,0,0,0.08391064,0.1266102,0,0,0,0,0.07877667,0,0.1417969,0,0,0.09137668,0.2991655,0,0.3884489,0,0.08975312,0,0,0,0.124382,0,0,0,0.5387397,0.05695054,0.7311173,0.2302204,0.3373377,0,0,0,0,0,0,0,0,0,0,0,0.3175227,0.07127091,0.03362672,0,0,0,0,0,0.4626265,0.4636022,0,0,0.003381112,0.02226001,0,0,0.07766682,0,0,0,0,0,0,0,0,0,0.6052253,0,0.153135,0.3091415,0.03706881,0,0,0,0,0,0.005918673,0.4883788,0,0.3267598,0,0.3854509,0.1030131,0,0.1461722,0.03172578,0,0,0,0.05636325,0,0,0,0.1499572,0,0,0,0,0,0.7555452,0,0.02928577,0.1659514,0,0,0.03443717,0.5022174,0.7504523,0.03895907,0,0.6594908,0,0,0.3020048,0,0,0.1776001,0,0,0,0.5134694,0,0,0.2712083,0,0,0,0,0.09433156,0,0,0.8454015,0.7002213,0,0.1310746,0.2389602,0,0,0,0,0,0.0413233,0.3272862,0,0.06376261,0,0,0,0,0.552314,0,0,0,0.1821111,0.06961537,0,0.1765941,0,0,0.6618575,0.01337885,0,0,0,0.4765276,0.3977326,0.4763565,0,0,0,0.2280026,0.01102331,0,0,0,0,0,0.3956307,0,0.09644053,0,0,0,0,0.4443747,0,0,0,0,0,0,0,0.2959781,0.2190775,0,0,0.2773937,0.1485004,0,0.6525357,0,0.2748793,0,0,0,0.1893523,0.3975358,0,0.6120253,0.01936494,0,0,0,0,0,0,0.5307496,0.2111623,0,0.5013746,0,0,0,0.2262103,0.02686221,0.8570825,0,0.06229677,0,0,0,0.2668279,0,0,0,0,0.09114604,0,0,0,0,0,0.7535697,0,0,0,0,0,0.3434394,0,0.1304229,0,0,0.5805554,1.067127,0,0.009821588,0.08558386,0,0,0.1593484,0,0,0.09390914,0,0.246508,0,0,0.09103198,0.2187512,0.1362975,0,0,0,0.3048811,0,0.2688778,0,0,0,0.002355632,0.1914521,0.03227391,0.1173031,0.208951,0,0,0,0,0,0,0,0,0,0.06814623,0,0.3400267,0.2048591,0,0,0.04711603,0.4138675,0,0,0.1938386,0.001473404,0,0.04399303,0,0,0,0,0,0,0,0,0,0.03036891,0,0.6746495,0,0.1867212,0,0.2619205,0.0943928,0.01552745,0,0,0,0,0,0,0.1692105,0,0,0,0.5323517,0,0.443787,0,0,0,0.2409104,0,0.0145593,0,0,0,0,0,0.004380035,0,0.119703,0,0,0,0,0.5739079,0.1425081,0.03451001,0,0.04845176,0,0,0,0.09918655,0,0,0,0,0,0,0,0,0,0.06049865,0,0,0.3548287,0.4873389,0,0,0,0.1528152,0,0,0.01809287,0,0,0,0.195366,0,0.9520825,0.06851895,0.242796,0,0,0.1451337,0,0.1179134,0,0,0,0,0,0,0,0.4195195,0,0,0,0.5899332,0.2690992,0,0,0.02683362,0.3320124,0,0.2960385,0,0,0,0,0,0,0,0.1833654,0,0,0,0,0,0,0,0,0.2594149,0,0.5271706,0,0,0,0,0.8398606,0.3802933,0.4224853,0,0,0,0,0,0,0,0,0.2968225,0,0.07734307,0,0,0,0,0.3562337,0,0,0,0,0,0.004095049,0,0.3076056,0,0.3027565,0,0.2538843,0.03294451,0,0,0.51502,0.538083,0,0,0,0,0,0.2717669,0.03570922,0.6471421,0,0,0,0.02354649,0,0,0.6138204,0,0,0,0.8511031,0.03256421,0.07126854,0.2162257,0.4706622,0,0,0,0,0.03513107,0.1717116,0,0,0.3188269,0,
0,0.4711335,0,0,0,0.01959861,0,0,0,0.0258798,0.1272277,0.2565088,0,0,0,0,0,0.2131945,0,0.2368721,0.5225587,0,0,0.2577293,0,0,0,0.2803884,0,0,0,0.1751996,0,0.338226,0.7299531,0,0.1392764,0.1769582,0.8910244,0,0.3578776,0.5081484,0.5005224,0.6660143,0,0.5309141,0,0,0.6946741,0,0.3392895,0.346929,0.6526288,0.1557729,0.5635693,0,0,0,0.143343,0,0,0,0,0.2134392,0,0,0,0,0,0,0,0,0,0,0.2509236,0,0.2161703,0,0,0.303094,0,0,0,0,0,0,0,0.5397998,0,0,0.004067038,0,0,0.01995604,0,0,0,0,0,0.08481557,0,0,0,0,0.2712475,0,0,0.1993027,0,0.06353211,0,0.2969274,0.2156164,0.05582748,0,0,0.570587,0,0,0,0,0,0,0.01284976,0,0,0.4802265,0,0,0.1331433,0,0.427115,0.139695,0.2845379,0,0,0,0.4437313,0,0.5457262,0,0.7320488,0,0.6235845,0.2133261,0.09472984,0,0,0.0677512,0.09461805,0.2026791,0.5515962,0.0454432,0.1175827,0,0,0.5351495,0.4174133,0,0,0.2967824,0,0,0.3884268,0,0,0,0,0,0,0,0,0,0,0.240621,0.04739412,0.444606,0.1240549,0,0,0,0.02929406,0,0.1640753,0,0,0.1536952,0.2167566,0.3251844,0,0.7142407,0.4480199,0,0,0.02452841,0.2814908,0,0,0,0,0,0,0,0,0,0.8759355,0.07227136,0,0,0.5163994,0,0,0,0.2117615,0,0.5407022,0.01838936,0,0.09700155,0,0.1601954,0,0,0,0,0,0,0,0.00138809,0,0.009523234,0,0.511503,0.2746438,0,0,0,0,0,0,0.1310353,0.0956739,0,0,0,0,1.653575,0.7639632,0.4686786,0,0.216937,0,0.563456,0.02545959,0,0,0,0.1045044,0,0,0.2717228,0,0,0.1556034,0,0,0,0,0,0,0,0.3210447,0,0,0,0,0,0,0,0.2071266,0,0.1543064,0,0,0,0,0.1972773,0,0,0.4832285,0,0.1741258,0.06924345,0,0,0.2411601,0,0.09181488,0,0,0.4546908,0,0,0,0,0,0,0,0.1808421,0,0,0.0994119,0,0,0,0.4767425,0,0,0.3619429,0,0,0,0,0,0.1423733,0,0,0.1585138,0,0.4403774,0.09103791,0.4000357,0.425989,0,0,0,0,0,0.3832801,0.06943539,0.03213322,0,0.1279006,0,0,0,0.6543663,0.1343509,0.2887614,0.3737404,0,0.8751746,0,0.5747719,0,0,0,0.257285,0,0,0,0,0,0.03981355,1.177576,0.5356518,0,0.1453031,0,0.1402838,0.2271712,0,0,0.1209058,0.04460596,0,0.007031731,0,0,0,0,0,0,0,0,0,0.09245842,0,0.5328883,0,0,0,0,0.1267144,0,0.2362606,0,0.4400198,0,0.02720987,0,0.7148635,0,0.168295,0,0,0,0,0.05171515,0.8283218,0,0,0,0,0,0,0.2200898,0.06468689,0,0.5960324,0,0,0.03862458,0,0,0,0.1876441,0.9163525,0.2453818,0,0,0.1520547,0.1307513,0.3139097,0,0.3268821,0,0,0.4428809,0,0.09029091,0,0.2410374,0,0,0,0.02043385,0,0,0,0,0,0,0,0,0.0129568,0.4373502,0,0.10689,0,0,0,0.01779485,0,0.3104497,0,0.1709225,0,0.2205651,0,0,0,0.260747,0.5230273,0,0.07966246,0.308258,0,0.257136,0,0,0,0.105754,0.3738107,0.03598714,0,0,0,0,0,0.6168688,0,0,0,0.1223143,0,0.1029934,0.08336879,0.2379322,0,0.3531683,0,0,0,0,0,0,0,0,0.1076721,0.309138,0.3838176,0,0,0,0,0,0,0,0,0.07070263,0,0.2997411,0,0.2484913,0.2736093,0.3285253,0.0901696,0,0,0,0,0,0,0,0,0,0,0.2104493,0,0.3048357,0,0,0.3054315,0.5055617,0,0,0,0.1165717,0,0,0,0,0,0,0.4383512,0,0.06672975,0.4242615,0,0,0,0.6464604,0.1096118,0.1799968,0,0.7108302,0,0,0,
0.06543451,0,0,0,0,0.01281911,0,0,0,0.445013,0,0.1661116,0,0,0.1230867,0,0,0,0,0,0,0,0,0,0.4797786,0.04096099,0,0,0,0.1660087,0.252394,0,0.01758493,0,0,0.3644995,1.385654,0,0.0107217,0.4485039,0,0,0.1643786,0.6224791,0,0,0.3180981,0.4408725,0,0.09142672,0.286001,0.7207813,0.1202575,0,0,0,0,0,0,0,0,0,0,0,0,0,0,0,0,0.4691402,0,0.08079024,0.03924126,0,0.2721884,0,0.01351429,0.1076469,0,0,0,0,0,0,0,0.4006163,0.5482398,0.1792952,0,0.2407479,0.01809344,0.0340738,0.0257811,0,0,0,0.06101361,0.7606539,0,0.5572314,0,0,0,0,0,0,0,0,0.1267122,0,0,0,0,0,0.1611928,0,0,0.01858701,0,0.3764458,0,0.2911709,0.4668193,0,0,0,0,0,0.1527208,0.1314811,0.1347695,0.05783739,0,0,0.3741644,0.04618227,0.1707825,0.6311346,0.5681737,0.1794998,0.3953756,0,0.7732871,0,0.2028603,0,0,0.0166041,0,0,0.0001463975,0.008111081,0,0,0,0,0.3691916,0.007520973,0,0.2339441,0,0.3949793,0,0,0.109401,0.3283619,0,0,0,0.5586861,0,0,0.3075125,0,0.1340772,0.570126,0.6792184,0,0.1479192,0,0,0.2033138,0.02189315,0.09199407,0,0.4810555,0.3101936,0.2915705,0.3904617,0,0.01521895,0.4742355,0,0,0.1082765,0,0.1240468,0.1541263,0,0,0,0,0,0.06885209,0.01921824,0.1752836,0,0,0,0,0,0,0,0.2432089,0,0.1391909,0,0,0.4358541,0,0.3607136,0.4688318,0,0,0.4943567,0,0,0.4876228,0.5659856,0.09456467,0.2475811,0.008986939,0,0,0,0,0,0.05141604,0,0,0,0,0.3062212,0.0497192,0.3250021,0,0.03070889,0,0,0.13031,0,0,0.154147,0,0,0,0.0143304,0.1362267,0,0,0.4534798,0,0,0.1643121,0,0,0.3408886,0.352827,0,0,0.1238496,0.1024595,0,0,0,0.04669145,0.3528176,0.09836217,0,0.2146617,0,0,0.1279475,0.6834828,0,0,0,0,0,0,0.02067563,0,0.1865489,0,0.3643622,0.02647591,0.04284168,0.1929353,0.06975449,0,0.2367752,0,0.6127272,0,0.01520621,0,0,0,0,0.1176329,0.1435234,0,0.05963973,0.4983512,0,0,0,0.6146368,0.1999534,0,0,0,0,0.1935021,0,0.03344669,0,0,0,0,0,0,0,0.3440849,0.8336549,0,0,0,0.3437027,0,0.4631328,0,0.003833753,0,0,0,0,0.6727375,0,0,0,0.3585489,0,0,0,0.02225366,0.07171018,0.9815358,0.691388,0.4311672,0.9067724,0,0,0.4652324,0,0.5121828,0,0.2959327,0,0.8173575,0,0,0,0,0,0,0,0.04561734,0.3578648,0,0.1829412,0,0.1182195,0,0.3333743,0,0,0,0,0.1458381,0.1663986,0.03864057,0,0,0.3716645,0,0,0,0,0,0.4178641,0,0,0.4655099,0,0,0,0,0.3274705,0.08433843,0,0.4080896,0,0,0,0.5276529,0,0,0,0,0.3721778,0.09462514,0,0.128696,0,0,0,0.7071145,0,0,0,0.1225642,0,0,0,0,0,0,0,0,0,0,0,0.116658,0.146213,0.3688781,0.3554384,0.2816159,0,0,0.7444939,0.1565052,0,0,0,0,0.1277016,0,0,0,0,0,0.04964772,0.3895397,0,0,0.03144126,0,0,0,0,0,0,0,0,0,0,0.1451634,0.02517911,0,0.5757856,0,0.1600465,0,0.06160222,0.1832137,0.06513216,0,0,0,0.2365303,0.2380892,0.2895883,0,0,0,0,0.371531,0,0,0.04908673,0,0,0.215174,0.50445,0,0.2342868,0,0.3484345,0.2213454,0.04147904,0,0.6069478,0,0,0,0,0.263713,0.1469615,0,0.3323239,0.2374617,0,0,0.2197606,0,0,0.2952139,0,0,0,0.04745983,0.3224889,0.4782561,0,0.02634611,0,0.02406982,0.2132154,0.03878229,0,0,0.3762345,0.07081298,0.3670363,0,0.01964734,0.1101331,0,0.118289,0,1.107131,0,0,0,0.5389278,0,0,0,0.3260645,0,0,0.7635435,0,0,0,0.08462647,0,0,0,
0.2925078,0,0,0,0.2772638,0,0,0,0,0.1055825,0.01371012,0,0.02966922,0.1066946,0.5902979,0,0,0,0,0,0,0,0,0,0.300554,0,0.4438774,0.3662771,0,0.1120057,0,0,0.6196203,0.2348476,0,0,0,0.2361099,0,0,0.1577209,0,0.4365099,0.3990445,0.771294,0,0.2404119,0.07958303,0.6152475,0,0,0.242216,0.3847772,0.3461087,0,0,0,0,0,0.2101832,0,0.163438,0,0.1145956,0,0,0,0,0.0435133,0.204782,0,0,0,0.0804105,0,0.0718726,0,0,0,0,0,0,0,0,0.00799692,0.1111021,0.08144362,0.3586799,0.4804137,0.2133891,0,0,0.1626709,0,0,0.1195625,0.3204114,0.1456564,0.2370688,0,0,0,0,0,0,0,0,0.06917485,0,0,0,0,0,0,0,0,0.004277179,0,0.1613626,0,0,0.1243009,0.8961205,0,0,0,0,0,0,0.1272737,0,0.0583546,0.004029892,0,0,0,0,0,0,0,0.03892045,0.3301342,0,0,0,0.3284919,0.1478186,0.0636116,0,0.1787726,0,0.1273476,0.8151077,0,0,0.2115991,0,0.09893572,0.1764297,0,0.04765305,0,0.3723729,0.008354549,0,0,0,0.3084593,0,0.1456128,0,0,0.5423831,0,0.0678371,0.9039444,0,0,0.4633538,0,0,0,0,0,0.4778822,0,0,0,0,0,0.471384,0.1294051,0,0,0,0.6812811,0,0,0,0,0.2439736,0,0,0,0,0.2797933,0,0,0.6787636,0,0,0,0.7627735,0,0,0,0.0569951,0.4627744,0,0.1486754,0.6586016,0.4599915,0,0,0.3299041,0.0605073,0,0,0,0,0,0.09573707,0.08775713,0,0,0,0.2929118,0,0,0.1384041,0,0,0,0.1657618,0,0,0,0.05947182,0,0,0,0,0,0,0.1467601,0.3971756,0.1336899,0.191717,0,0.3068577,0.5737959,0,0,0.146495,0.2340402,0,0.04639708,0,0.1561206,0,0,0.136661,0,0,0.1516792,0,0.05982969,0,0,0.08582081,0,0,0,0,0,0.1100221,0.2868745,0.1087125,0,0,0.2000049,0,0,0.1690848,0.08718014,0,0.6754383,0,0,0.02330964,0,0,0,0,0.2645896,0,0,0,0,0.2007142,0.06036124,0,0.7409259,0,0.3083527,0,0,0,0,0,0.4473874,0.3276814,0.04733259,0.06562,0,0.782252,0.6617645,0,0,0,0,0,0.1077531,0,0,0,0.1877449,0,0,0.3548495,0.6612882,0.1609013,0.6390748,0.1763069,0,0,0.2826168,0,0.01064208,0,0,0,0,0.2702236,0,0,0,0.04663778,0.7206949,0,0,0.28789,0,0.5399641,0,0.4635168,0,0,0,0,0,0,0,0,0,0,0,0,0,0.4561543,0,0,0,1.071849,0.2584937,0,0.004530517,0,0,0.04620342,0.07696743,0,0,0,0.07423902,0.1001498,0.1199556,0.1142777,0.1071997,0,0,0.6274162,0,0,0.2217888,0.529462,0,0.2102909,0.1531419,0,0.3017741,0.6052088,0.04640079,0,0,0.04661023,0.6215886,0,0,0.126699,0,0.6073084,0.3229604,0,0.1550435,0.1695127,0,0,0.05551054,0,0,0,0.1407268,0,0,0.09002008,0.2132231,0,0,0.6250669,0.2797528,0,0,0,0,0.1699365,0,0.05200608,0,0,0,0.5342503,0.2811145,0,0,0,0,0.1674434,0.4182174,0.5371235,0.2496527,0.3520215,0.1647266,0.7500733,0.01531901,0.5036868,0.1778023,0,0,0,0.4160883,0.2845662,0,0,0.09653705,0,0.3292198,0,0.3109221,0,0,0,0,0,0.3172454,0,0.07437434,0,0.7052861,0,0,0,0.3043678,0,0.08520959,0.2170815,0.5242336,0,0,0.1566418,0,0.02369079,0,0,0,0,0,0,0,0,0.3993401,0,0,0.3664488,0.4364434,0.2402236,0,0,0,0,0.07393555,0.4380182,0,0,0,0,0,0,0,0.1092292,0.1611685,0.3372268,0,0,0,0,0,0,0.1667418,0,0,0.09756427,0,0,0.07607034,0,0.5916981,0.01241816,0,0,0.4529279,0.007764167,0,0.02581253,0,0.1918721,0,0.4369055,0,0,0.1525461,0.2132625,0,0.01613722,0,0,0,0,0,0,
0,0,0,0,0.03994601,0.4192007,0.4975183,0.6119215,0,0,0,0,0,0.09259876,0.1659981,0.2491747,0,0.07390331,0,0,0,0,0,0.5065714,0,0.4608418,0.1958602,0.2649671,0,0,0.2233675,0.3888205,0,0.2349219,0,0.3588458,0,0.8218975,0.0257275,0,0.3807835,0.1949114,0.9606688,0,0.1529393,0,0,0,0.2608798,0.0628878,0.3445635,0.005051782,0.3135324,0.001444118,0,0,0.3480911,0,0,0,0.08790709,0.3119396,0,0.102167,0.0704009,0.1240808,0,0.007549293,0,0,0,0,0,0.8767151,0.278983,0.1459683,0,0,0,0,0.1205355,0.4563907,0.3878256,0,0.2882591,0.2688773,0.04418402,0,0,0,0,0,0,0.01072401,0,0,0,0.3874476,0.1935116,0.2225593,0,0.1945302,0,0.1236262,0,0,0.3921346,0,0,0.2913539,0,0,0,0,0.3820535,0.2820987,0.005703918,0.3327061,0,0,1.357262,0,0.1737743,0,0.3544448,0,0,0,0.1300917,0.2554872,0.7267977,0,0.6429242,0.1137938,0,0,0.1548661,0,0,0,0,0.05560577,0.4259747,0.0526868,0,0.3235953,0,0.09552876,0,0.4826871,0,0,0.2141767,0.04920189,0,0,0.2600843,0.1890821,0,0,0.293132,0.0353394,0,0,0.1183921,0.1936144,1.083053,0,0,0,0.484634,0,0,0.8440626,0,0.4518256,0.466172,0.1339634,0,0,0,0,0.01604102,0,0.09826024,0.4801753,0.3570458,0,0.2150382,0,0,0,0,0,0,0,0,0,0,0.01470871,0,0,0,0.4933737,0,0.1026008,0,0.05924568,0.01299464,0,0.3332373,0.1244365,0,0,0.01829894,0.1170195,0,0,0,0,0,0,0.1115819,0,0.08774348,0,0,0,0.2443213,0,0,0,0,0.1756236,0,0,0,0,0,0.3150379,0.5213223,0.2601164,0.2301048,0,0,0,0,0,0.1074109,0,0.1103703,0,0,0.04274879,0,0,0.1284513,0,0,0,0.7257519,0,0,0,0.5614528,0.3672315,0.2887135,0,0.05902034,0,0,0,0,0.396929,0,0.07038347,0,0,0.2456787,0.3510256,0.3282562,0,0,0.02797181,0.219347,0.4737916,0,0,0,0.4969537,0,0.270915,0,0,0.5311608,0,0.002559211,0,0.1899328,0.2942407,0.08534645,0,0,0,0.08299588,0.198626,0,0.2070092,0,0,0.08439688,0,0.5737025,0.08568424,0,0.2335802,0.05414147,0.3107937,0.1835727,0,0.02136762,0.2595187,0.7166564,0,0,0,0.01710664,0.1340703,0,0.09986011,0,0,0.3154914,0.01134468,0.06522541,0,0,0.08836357,0.07911769,0.05888217,0.09043472,0.027765,0,0.5002151,0.3469516,0.6962305,0.4311602,0,0.22347,0,0,0,0.3511751,0,0,0,0,0,0.04525989,0.5729692,0,0.3303289,0.3355007,0,0.2688189,0.957488,0,0.4715143,1.190957,0.4477163,0,0.240032,0,0,0,0,0.08970699,0,0,0.05309356,0,0,0.1055397,0.7610924,0,0.3855255,0,0.2829984,0.2994744,0,0.4474269,0,0.1657796,0.05795789,0.02073147,0,0.1420719,0,0,0,0.4525514,0,0,0,0.1317207,0,0.2820971,0,0,0,0.2529443,0.04563722,0.7600927,0,0.06759072,0.2511053,0.5970259,0.6366737,0.129372,0.1918178,0,0,0.3120152,0,0,0.006117779,0.6331644,0,0.3136071,0,0,0,0.4850356,0.5389838,0,0.0663263,0,0,0.3576714,0.3438448,0.1849513,0,0.1364515,0.3192454,0,0.04602632,0,0,0,0,0.4496813,0,0,0.507619,0.1571614,0,0,0,0,0,0,0,0,0,0.06107031,0.1693107,0,0,0.9592339,0.4451148,0,0.2235121,0.0786457,0,0,0,0.2703591,0,0,0,0,0.3368565,0.07285776,0,0,0.02428001,0,0,0,0.0177845,0.1734157,0.1892866,0,0,0.6325634,0,0.9335344,0.4180229,0.515185,0.1501759,0,0,0.5434517,0,0.3363995,0,0,0,0.2914983,0,0.08090845,0.1174861,0.2247825,0,0,0,0.5760366,0,0,0,0,0,0,0.2449906,0,0,0,0,0,0.01032127,0,0.7075887,0,0.04719746,0,0.04084731,0.5359491,0,0.4950544,0.215602,0,0,0,0,0,0.4541287,0.06980775,0,0.1820051,0,0,0,0,0,0,0.6107324,0.0918057,0,0,0,0,0,0.1813264,0,0.07633792,0,0,0,0.09799484,0,
0.1158897,0,0.3155332,0.403823,0,0,0,0.3239939,0,0,1.133549,0,0.3403842,0.6037768,0.7737185,0,0.1121567,0,0,0,0,0,0,0.3726993,0,0,0.5536405,0,0,0.4428664,0.2671449,0.2587716,0,0,0.2649876,0,0,0,0.4319158,0,0.3268125,0,0.0722011,0,0,0,0.3266205,0.7775221,0,0,0,0,0.2577199,0,0.1127809,0.08105848,0,0,0.4004136,0.237342,0,0,0,0,0,0,0.109619,0,0,0,0.1223404,0,0,0,0,0.3290947,0.1669731,0.2315712,0.05192798,0.04422403,0.2696844,0.006760424,0.0007474503,0,1.061639,0,0.8844364,0.005010975,0,0,0.3336325,0.2178724,0,0,0.2073219,0,0,0,0,0.5321292,0.05313468,0,0,0,0,0,0.03694358,0.03456723,0,0,0,0,0,0,0,0,0,0,0.6140741,0,0,0,0.3271717,0.5303712,0.05887036,0.4187902,0,0,0.2016808,0.2166933,0.2928671,0,0,0.1223752,0,0.2762503,0,0.4213778,0.01191422,0,0,0.1536158,0,0,0.9739866,0,0,0,0,0,0.379104,0.4099896,0,0,0,0,0,0.3446118,0,0.2489074,0,0.1948398,0.1317466,0.5684018,0,0,0.06021049,0.001604766,0,0.172192,0,0,0,0,0.1343788,0,0.2342624,0,0,0,0.1030138,0.1846636,0,0,0,0,0,0,0.2785108,0.3836035,0,0,0,0,0.1754263,0,0,0.1938997,0,0,0,0,0.4772892,0,0,0,0,0,0,0.05596804,0.1653987,0.2096673,0.3640307,0,0.01044212,0,0.2902144,0.329273,0,0,0,0.01493378,0,0,0,0,0,0,0,0.2916972,0,0,0,0.4332614,0,0.4039659,0.3415994,0,0,0,0.005138104,0,0,0,0,0.1223937,0.08736474,0.02816579,0,0,0.1945654,0.2694388,0,0,0.05856881,0,0.4743401,0.3065027,0,0,0,0.0009746619,0,0.04939767,0,0,0,0,0.768509,0,0,0,0,0,0,0,0,0.7847708,0,0,0,0.1365542,0,0,0.07273072,0,0.2738078,0,0,0,0,0,0.6272873,0.5542079,0,0,0.1859319,0.3334505,0.005717467,0.08801039,0,0,0,0.1791507,0,0.6094357,0,0,0,0,0,0,0,0,0.2477195,0,0,0,0,0,0,0,0.3099249,0.06972028,0,0.004248661,0.4285405,0,0,0,0.7260417,0,0,0,0.05924876,0,0,0,0,0.04429633,0,0,0,0.213787,0.4592195,0.3301488,0.1591701,0.06256544,0.5045206,0,0,0,0,0,0,0,0.1788998,0,0.2386755,0.685716,0.1637636,0,0,0,0.3969282,0.4202833,0.1054013,0.2164655,0.3620219,0,0.2495301,0.2104916,0,0,0,0,0.146738,0,0.4714806,0,0,0,0.289544,0,0.3727525,0,0.1776452,0.160543,0.06070248,0,0.1321248,0,0,0,0,0,0,0.1582714,0,0,0.1254509,0.0891206,0,0,0.8850078,0.6184716,0.492495,0.3512268,0,0.533006,0,0,0,0,0,0.1560632,0,0.2168038,0.09635737,0.6908948,0,0,0.1136846,0,0,0,0,0.4778514,0,0.05959676,0,0,0,0.0001165758,0,0.2532992,0.3555879,0,0,0,0.4689597,0,0,0,0,0.6233347,0.1356873,0.03727939,0.2897218,0,0,0.09013296,0.1944923,0.3689015,0.1833834,0,0,0.2781542,0,0.5531998,0,0,0.3220168,0,0.3885328,0,0.1625967,0,0,0,0,0,0,0.1447062,0,0.3685492,0,0,0,0,0,0,0,0.1416044,0.3586126,0,0,0,0,0.1541584,0,0,0,0.563238,0,0.06020332,0,0,0.4114572,0.0891692,0.7368017,0,0,0,0.06350584,1.6905,0.3386672,0,0.4186857,0.1967343,0,0.2406247,0,0,0.5897619,0.2030195,0.07950697,0.2527229,0,0.551881,0.5042175,0.2022696,0,0.2512695,0,0,0,0.5259234,0,0,0,0,0.03356251,0.0696483,0,0.5775079,0,0.196468,0,0,0.2034651,0.1650373,0,0.5568307,0.8253481,0.2063981,0,0.07813638,0.4006128,0,0,0,0.3206527,0,0.267308,0,0,0.3049558,0.1170213,0.02409766,0,0,0,0,0.05359231,0,0,0.2518424,0,0.2562582,
0,0.4057313,0,0,0,0.206791,0,0,0.06546799,0.208377,0,0,0.01364923,0.5808463,0.05601188,0,0,0.130715,0.1077549,0.3181691,0,0,0.06346531,0,0,0,0,0.6361014,0,0.3059773,0.5418068,0.01582045,0.400569,0,0,0.3267285,0.2198105,0.6389709,0.1214699,0,0.03582509,0.6122,0.07955411,0.02295229,0,0,0,0,0.4004501,0.5746253,0,0,0,0,0,0.6352389,0,0,0.8641754,0,0,0.2021848,0,0,0,0,0,0,0.4622701,0,0.5241709,0,0,0,0,0.08343412,0.1394729,0,0.0721742,0,0,0,0.5558797,0.6278733,0.6046459,0,0,0,0.1546558,0,0.162293,0,0,0,0.0797931,0,0.5341804,0,0,0.2010352,0.27483,0,0.1700481,0,0.3811648,0,0,0,0,0,0,0.4790502,0.6511046,0.5380198,0.1201492,0,0,0,0,0.646921,0.222734,0,0.2037766,0,0.208898,0,0.09022649,0.3564484,0,0,0,0,0.1626338,0,0.1718204,0,0,0,0.1193943,0.07896097,0.3546185,0.4938317,0,0,0,0,0,0,0,0,0,0,0.05917758,0.3101697,0,0,0,0.003971423,0,0,0.5435854,0.7881027,0.05635991,0.1738048,0.2516678,0.3354678,0,0.1565773,0.1860338,0,0,0.03048974,0,0,0.5094273,0.05499708,0.2141581,0.6513889,0.2377575,0,0.2360492,0.04607099,0.3583363,0.191946,0.3058288,0,0,0,0,0.07212546,0,0.6788487,0,0.5784057,0.4805489,0,0,0,0.1393256,0.236597,0,0,0,0,0.05631153,0,0,0,0.001468805,0.02894656,0,0,0,0,0,0,0,0,0,0,0.7933822,0,0,0.3284416,0.1317347,0,0,0,0.3096588,0,0.04755602,0.1113592,0,0,0.6193277,0,0,0,0.5593441,0.2580247,0.1682003,0,0.05648652,0,0,0,0,0,0.1242708,0.3174942,0,0,0.1904841,0,0,0.1505377,0,0,0.5536712,0.07306076,0.3710691,0.008020913,0.2275054,0,0.5214943,0,0,0.005486013,0,0.3032365,0,0,0.4492344,0.186373,0.02763668,0,0,0,0.4029705,0,0,0,0,0,0.5898095,0,0,0.1450868,0,0,0,0,0,0,0,0.07792749,0,0.6992978,0,0,0.2935745,0,0,0,0,0,0,0,0,0.00549451,0.1555344,0.3601655,0,0,0,0.2239797,0.6780991,0,0,0,0.4630082,0,0.05247727,0.1503535,0.08133106,0.9109126,0,0,0.1078183,0,0.1703955,0.1316791,0,0,0.1674508,0,0.8528274,1.160261,0.2797657,0,0.1704064,0,0.3741026,0.06844037,0,0,0,0,0,0.4626298,0.5189618,0.3043952,0,0,0,0,0,0.4114517,0.01689093,0,0,0.3001844,0,0.4020723,0.7460548,0,0.1807762,0,0,0.9168106,0,1.15124,0,0.44146,0,0.4007873,0,0,0,0.00731709,0,0,0.547893,0.0246368,0,0.8659403,0,0,0.7329271,0,0,0.08658437,0.3345108,0,0,0.1947066,0.09110965,0,0,0.6105062,0,0,0,0.1751651,0.0826773,0,0,0.3904404,0.5825693,0.6767063,0,0,0.5014266,0,0.407454,0,0,0,0,0,0,0,0,0,0,0,0,0,0,0,0,0.4145553,0.053399,0.6499096,0,0,0,0.2204047,0,0.8580092,0,0,0,0,0.3314364,0,0.1510356,0,0,0.3445982,0.05169394,0.8346624,0,0,0.2759382,0,0.6101815,0.01060287,0,0.3376777,0,0.2413646,0,0,0.02077356,0,0,0,0,0.951153,0,0,0,0,0,0.774652,0.2569255,0,0,0.01747835,0,0,0.4953401,0.4066694,0,0.00642069,0.1375019,0,0.2641324,0,0,0,0,0,0,0.4231072,0,0,0.2988401,0,0.4266889,0,0.4755815,0.1233368,0,1.143953,0,0.1735595,0,0,0.1212905,0,0.9560683,0,0,0,0,0,0,0.2333805,0,0,0.186669,0.07536548,0,0,0,0.9115508,0.1282909,0,0.1888943,0,0.6794617,0,0.4820353,0,0,0.3676068,0,0,0,0.2290186,0.6036108,0.2175035,0,0.2057565,0.253392,0,0.3595631,0.2890748,0.1518323,0,0,0,0,0,0,0,0.3151953,0,0.184546,0,0,0,0.3475966,0.06117112,0.7865038,0,0.1101105,0,
0,0,0.09729464,0.3356986,0,0.2664147,0,0,0,0,0.007121688,0,0,0,0,0,0,0.1753453,0.1301443,0,0,0.3311453,0,0,0.2216876,0,0,0,0,0,0,0,0,0,0,0,0.3797722,0,0.1465749,0.4623899,0,0,0.4393918,0.6748756,0.4072896,0.4123433,0.06846471,0,0,0,0,0,0.2531713,0,0,0,0.3435384,0.1499261,0,0,0,0.0432993,0.09189244,0,0,0,0,0,0,0.7361773,0,0.1217982,0,0,0,0,0,0.659681,0,0,0,0,0.0008624712,0.1348507,0,0.4289605,0.1437757,0,0,0,0.5817112,0,0,0.279676,0,0.009843078,0,0.3868463,0,0.114928,0,0,0,0,0,0.1414952,0,0,0.0271123,0,0,0.6485237,0,0.2820413,0,0.5931483,0.04215959,0.5347342,0,0,0,0,0,0,0,0,0,0.457274,0,0,0,0,0.2438511,0,0,0.02961228,0,0,0.1324504,0,0.3078266,0.1629392,0,0,0,0.2564551,0.08987622,0,0,0,0,0.2561991,0,0,0,0.3157784,0,0.2006758,0,0,0.2331481,0,0,0.4818401,0.6751608,0.8121347,0,0.1522342,0.08052497,0,0.1997353,0,0,0,0.4513154,0,0,0,0,0,0.4293157,0,0.1818203,0,0,0,0,0,0,0.05347378,0.01041207,0.1266455,0,0.199059,0,0.1477321,0.03436679,0,0,0,0,0.2763275,0.04277053,0.4055085,0,0.01595774,0.04219139,0,0,0,0,0.009094437,0,0,0.1870378,0,0.1086123,0,0,0.1787271,0,0,0,0,0.7461492,0,0,0,0,0,0,0,0,0.7554902,0,0.1359222,0,0.4342603,0,0.260233,0,0,0,0.1354049,0,0.1849859,0,0,0,0.04707146,0,0,0.2818685,0,0.135469,0,0.5408044,0,0,0.2882917,0,0,0,0.1460435,0.3429782,0,0.1087669,0.04582423,0,0,0,0,0,0,0.06543215,0,0,0.1184563,0,0,0.06744786,0,0,0,0.1593787,0.02754441,0,0.2660889,0.2094003,0.1374592,0.2010478,0,0.5687286,0.3570762,0,0,0.1894327,0.09185016,0.04468259,0.1053323,0.07415327,0,0.6933388,0.07169709,0.5767295,0.2123476,0,0,0,0.342281,0.4692451,0,0,0.3165081,0,0.2560094,0,0.3281678,0,0,0,0.1936651,0,0,0.1676835,0,0,0.2831613,0,0.1138909,0.2480825,0.2635492,0.08354725,0,0,0,0,0,0.2223866,0,0,0,0.1060983,0,0,0.3254504,0.4309936,0,0,0.02093403,0.3110451,0,0.252631,0.3528338,0.2363628,0.4185777,0.09364921,0,0,0.5589938,0,0,0,0.5341222,0.4860648,0,0.6619048,0,0,0,0,0,0.2276858,0.08183141,0.2025521,0.2765599,0.1415759,0,0.4665688,0,0.2654087,0,0.5550276,0,0.1092885,0.366769,0.6442524,1.086117,0.5503373,0.5340849,0,0.3717249,0,0,0,0.1475377,0,0,0,0,0,0,0.2889309,0,0,0.07838361,0,0.2766664,0,0,0,0,0,0,0,0,0,0.09334929,0,0,0,0.02339163,0,0,0,0.4382554,0,0,0,0,0,0,0.01959603,0,0,0.3470063,0,0,0.1836839,0,0,0,0,0,0.03761426,0,0,0,0,0,0.09896706,0,0.403933,0.09964623,0,0.1417276,0.6203886,0.1465788,0,0,0.4663855,0,0,0,0.3545439,0,0.02679281,0,0.4968112,0.4116239,0,0,0,0.06906452,0,0,0,0.6074796,0,0.364353,0.01328445,0.3170006,0,0,0,0.5017688,0,0,0.4183767,0.4802151,0.05055961,0,0.6119128,0,0.1189706,0,0.1264093,0.1054727,0,0,0,0,0,0.1072681,0,0.2993824,0,0.2255112,0,0,0.0001154197,0.4772405,0.4204502,0,0.124254,0.3675067,0,0.241017,0.2944456,0,0,0,0.3639401,0,0.06921651,0,0,0,0,0,0,0,0.1118803,0,0,0,0,0,0.2416662,0.160816,0.1643012,0,0.08596885,0,0.0163333,0.8295262,0,0,0.03792337,0.04499835,0,0,0,0,0.4324512,0.1598975,0,0,0,0,0,0,0,0,0,0.4424425,0,0,0.109897,0,
0,0,0.2549906,0.04806506,0,0.07090144,0,0.04978115,0,0,0,0,0,0,0,0.3563821,0,0,0,0,0,0.2500189,0,0.4321794,0,0,0.3276565,0,0.1677,0,0.402496,0,0,0,0.1193009,1.368419,0.1804379,0.692054,0.0648135,0.09118091,0.2158762,0.8807679,0,0.1952503,0,0,0.7022495,0,0.3008442,0,0,0.3057206,0,0,0.2290143,0.4343269,0.043277,0,0,0,0,0,0.2337675,0.09309632,0.07948027,0.3393341,0,0,0.04854745,0,0,0,0,0,0,0,0,0.4548294,0.5243884,0.3759914,0.08459251,0,0,0,0.04707104,0,0,0,0.1801129,0.5228868,0,0,0.7828103,0.5139797,0,0.4934541,0,0.1482531,1.034868,0,0,0,0,0,0,0,0,0.09274078,0,0.4294006,0.03253226,0,0.2470492,0,0,0,0.828917,0,0.01274971,0,0.1680174,0.5876908,0.3177459,0.1472881,0,0,0.5188201,0,0,0.7119449,0.0433517,0.3993893,0,0.1276231,0,0.1911177,0,0,0,0,0,0,0.5322948,0,0,0,0,0.05694093,0,0,0.9671245,0,0,0,0.7536333,0,0,0,0,0.1344232,0,0,0,0.3216185,0.0001094374,0,0.03356701,0.2036867,0,0,0,0.03753312,0.5993771,0.4238922,0,0.001102029,0,0.4317272,0,0.1613363,0.4429305,0,0,0,0,0.07226638,0.1547822,0.1937727,0,0.3037964,0,0,0,0.09128861,0.1045935,0,0.009335479,0.6126665,0.3711229,0,0.08017226,0,0,0,0,0,0,0.7327395,0.5126551,0,0,0,0,0,0,0,0.3765204,0.1623026,0,0.1340692,0.2977613,0,0,0,0,0.08921757,0,0,0,0,0.03951029,0,0.03855753,0,0,0.01518607,0.6200749,0,0,0.07743937,0,0.5114514,0,0.09301866,0,0.04232083,0,0,0,0,0,0,0.5045272,0,0,0.653389,0,0.2069013,0,0,0.7235109,0,0,0,0,0,0,0.3101298,0,0,0.1677091,0,0,0.1869998,0,0.0994315,0,0,0,0,0,0,0.5067483,0,0.168072,0,0,0.4074964,0,0.04585155,0,0,0.5072865,0,0,0,0,0,0,0.2425495,0,0.02849781,0,0.6031169,0,0,0,0,0.1031842,0.1545809,0.05982767,0.4808708,0,0,0.1927732,0.2813088,0,0,0,0,0.2696169,0,0,0,0,0.3788185,0.2881268,0,0,0,0,0.5199249,0.2548926,0,0.3270215,0,0,0,0.0112147,0,0.6244988,0,0,0,0.6423434,0.1598108,0,0,0.1234213,0,0,0,0,0,0,0.8173204,0.7613547,0,0.6012966,0,0.2229296,0.3129951,0.410588,0,0,0,0.3159418,0,0.340605,0,0,0.2648665,0,0.0624887,0.5968542,0,0,0,0.1959723,0,0,0,0,0.1818699,0.0798507,0,0,0.5390443,0.4660334,0.1898924,0,0.3923595,0.1216154,0,0,0,0.5479965,0,0,0,0.0781098,0.03606896,0.3031656,0.1254649,0,0,0.3044261,0,0.1097193,0,0,0.1580217,0,0.1750387,0,0.1978974,0,0,0.5411125,0,0,0.5781559,0,0,0,0,0.1061108,0,0.4063566,0,0,0.1249103,0.5617169,0.08685926,0.1802097,0,0.698525,0.03627856,0.5799686,0,0,0,0,0,0,0,0,0,0,0.06830224,0,0.1108106,1.062454,0,0,0,0.3974471,0.01854099,0.2718331,0,0.9065193,0,0,0,0,0,0,0.04971175,0.4301544,0.1037036,0,0.2232109,0.116144,0,0,0.1577936,0,0.9441484,0,0.4711558,0.5081434,0,0,0.04285696,0,0,0,0,0,0,0,0,0.7642046,0,0.06914781,0.08552437,0,0.03772153,0.6765482,0.3275766,0,0.292926,0.1627688,0.270979,0,0.04836129,0,0,0.3187823,0,0.5528561,0.1153068,0.3903927,0,0.2591199,0,0.0450955,0.6026207,0,0.998036,0,0,0,0,0.5676596,0,0,0,0,0.1452072,0,0,0.1136744,0.1667073,0,0,0,0,0.2855215,0,0,0,0.2904839,0.1938348,0,0,0,0,0,0.1687614,0.03402087,0.2184478,0,0,0,0,0,0.7445068,0.0666445,0,0.05378573,0.2628985,0.1941318,0,0,0.1777534,0,0,0,0,
0.1242158,0.3213876,0,0,0.5548368,0.08537333,0,0,0,0,0,0,0.03356337,0,0.1623922,0,0,0,0,0,0.2765904,0,0,0,0,0,0,0,0,0,0,0,0.2215119,0.09167987,0.2837849,0,0,0.06115115,0.3188271,0.3642675,0.3865494,0.08278992,0,0.7417265,0.5085884,0,0.0990367,0,0,0,0,0,0,0,0,0,0,0,0,0,0,0,0.002389341,0.4753479,0.6350733,0,0,0.5786648,0,0,0,0,0,0,0,0,1.232792,0,0,0,0,0.1961303,0,0,0,0,0,0,0,0.1849069,0,0,0,0.6718476,0,0,0.6892077,0,0,0,0.07037722,0,0.01867202,0.0614949,0.2187007,0.6685396,0,0,0.03440772,0.582136,0,0,0.6866797,0.09291402,0,0,0,0.04512214,0,0.2334466,0.0893367,0.04951047,0.08971389,0.01452336,0,0,0,0.09441459,0,0.1910531,0.126816,0.005924853,0.2548371,0,0,0,0,0,0,0.4107161,0,0,0,0,0,0,0.02566235,0,0.2839332,0,0,0,0,0.03789472,0.2157789,0,0,0,0,0,0.4482,0.2580684,0.01798671,0,0,0,0,0.4481982,0.4868575,0,0,0,0,0,0.008207647,0.2338065,0,0,0,0,0.08233374,0.2222006,0.562344,0,0.2666668,0,0,0.4371182,0.7102612,0,0,0.04497731,0,0,0.563188,0.2458032,0,0.3168488,0.4964281,0.1310771,0,0,0,0,0,0.2695295,0.3395923,0.4622661,0,0.1738359,0,0.05041163,0,0.4848237,0,0,0,0,0,0,0,0.4903058,0.2686268,0.4179181,0.3010952,0.1882557,0,0.2249075,0,0.1688418,0,0,0,0.736037,0.03507802,0,0,0,0.1309231,0,0,0.06246514,0.0164479,0,0,0.1261383,0,0.1040226,0,0,0,0.1249287,0,0,0,0,0.3959586,0.479893,0,0.7866997,0,0.4544585,0,0.1476409,0.2115777,0,0,0,0.486588,0.3579932,0.2070228,0,0,0,0.7498923,0,0,0,0.09234546,0.2285393,0,0.2661819,0,0,0.3295191,0,0.542235,0,0.3602836,0,0.4022585,0.2353521,0,0.25101,0,0.5097889,0,0,0,0,0,0,0,0,0,0,0,0.02127307,0,0.4466256,0,0,0,0,0.1535614,0,0,0,0.6431984,0.5226825,0.08901604,0,0,0,0,0,0,0,0.3398628,0,0,0,0,0.05682322,0,0,0.5592541,0.545963,0,0.4379028,0,0,0.550833,0,0.5714179,0,0,0,0.3207788,0,0,0,0,0,0.1034553,0,0.2441826,0,0,0.3805171,0.01788215,0.05078847,0,0,0,0.5245221,0.1977726,0,0.03162513,0.2140255,0,0,0,0,0,0,0,0,0,0,0.2693276,0,0.4845644,0,0.6750512,0.007449996,0,0,0,0.08266973,0,0,0.1759975,0,0.114321,0,0.03672824,0.1990091,0,0,0,0,0.05545694,0,0.05260085,0,0,0,0,0,0,0,0,0,0.6469142,0.00124353,0,0,0.4631477,0.199479,0,0,0.1825573,0.5578102,0,0.3190936,0,0,0,0.08047856,0.008665705,0.09950791,0.1423059,0,0,0.2091667,0,0,0,0,0,0,0.6709285,0,0.9504753,0,0,0.0946793,0.235171,0.05861302,0.3887903,0,0.1228575,0.6624098,0.2996602,0,0,0,0,0.594346,0,0.662238,0,0,0,0,0,0,0.2825236,0,0.2785204,0,0,0.1318156,0,0,0.07859971,0,0,0.9386802,0,0,0.2798302,0,0,0,0,0,0,0.2321366,0.2977552,0,0,0.2850119,0.3822909,0.02209301,0.8262054,0,0,0,0.1573475,0,0.1087927,0,0.2058599,0,0,0,0,0,0,0.2163679,0.1508305,0,0,0,0,0,0,0,0.0333859,0,0,0,0.2866647,0,0.3280731,0,0.4550248,0,0,0.2433069,0,0,0,0,0,0.5682498,0,0,0,0.5546219,0,0,0,0.1864092,0.4368757,0.09934472,0,0,0.5301059,0.08913554,0.0007834764,0.07528473,0.0528772,0,0.1512317,0.2012439,0,0.5031751,0,0.09993722,0.5327845,0.1965996,0,1.296349,0,0,0,0,
0,0,0.2807886,0.0004479742,0.009585001,0.1395662,0,0.02470978,0.04816015,1.295289,0,0,0.07567132,0,0,0.2447084,0,0.02742369,0,0.5342771,0,0,0.04833043,0,0,0.04201426,0,0,0,0.4424413,0,0,0,0,0.3887215,0,0.5015748,0,0.2764722,0.3743411,0,0.4275055,0.04028388,0,0.05080784,0.5855395,0,0.4214239,0,0.4268379,0,0,0.2708809,0,0,0,0.4962367,0,0.006115733,0,0,0,0,0,0.6632208,0.2571045,0,0.2856023,0,0.08812816,0,0,0,0,0,0.6642132,0.2973653,0,0,0,0,0,0.1203453,0,0.01752411,0,0.2375743,0.2169698,0,0,0,0,0,0.05824013,0,0.2310922,0,0,0,0,0,0,0.2261742,0.1688392,0,1.804358,0,0.07402739,0,0,0,0,0.882353,0,0,0,0.02476065,0,0.2455988,0,0.01845364,0.02040829,0.05883608,0.4257569,0.1857551,0.3919158,0.1076027,0.5958868,0,0,0,0.4203651,0,0,0,0.2464742,0.4245562,0.5068851,0,0.0519033,0.0001949675,0.2231882,0,0.3172979,0,0,0.06910415,0.3198261,0.08584253,0,0,0,0,0,0,0,0.01445668,0,0,0.141876,0,0.1405325,0.040508,0,0.01128805,0,0,0,0.4226518,0.0474396,0.1006244,0.9824299,0,0,0.01287907,0.3125503,0,0,0,0,0,0,0.1206339,0.1369597,0,0.0041025,0,0,0.8995651,0.08319297,0.4398686,0.4377399,0,0.1520622,0,0.4709047,0,0.5408755,0,0,0,0,0,0,0,0,0,1.091814,0.1938021,0,0,0,0,0,0,0.322908,0.06103437,0.2703363,0,0.2703865,0,0.07250988,0,0,0,0,0,0.0003724972,0.08577462,0,0.3273823,0.3979844,0,0,0.01175516,0,0.2000208,0.2906947,0.05644833,0,0,0,0,0,0,0,0,0,0.1754608,0,0,0,0.6452593,0,0.2588379,0,0,0,1.032348,0.8459846,0,0,0,0,0.2410591,0,0,0,0,0,0,0,0,0,0,0,0.7556319,0,0,0,0,0,0.2188368,0,0,0.06873579,0,0,0,0,0,0.2033032,0.3493952,0,0,0,0.4788825,0.09112351,0,0,0,0,0,0,0,0.4079292,0.08098745,0,0.1765479,0.5461105,0.2134795,0,0.9843336,0.4977328,0,0.6614942,0,0,0,0,0,0.3044722,0.05906104,0,0.1340145,0,0.03571254,0,0.2106975,0,0,0,0,0,0.5344082,0,0,0,0,0,0.2790731,0,0.1148348,0,0,0,0.3033763,0.01482506,0,0,0.2687489,0,0.1999453,0,0.3298572,0,0,0,0.637358,0,0.03249177,0,0,0,0.3936831,0.005420245,0,0.0800015,0,0,0,0,0.6130726,0,0,0.8956327,0,0.07081705,0.424513,0.2846289,0,0,0.4019409,0,0.01320705,0,0,0,0.2537455,0,0.3344711,0.07002323,0.2602776,0,0.1574674,0,0,0,0.06368768,0,0,0.3935626,0.6625789,0.3460546,0,0.669986,0,0,0,0.5240028,0,0,0,0,0,0.5746469,0.2411912,0.1732107,0,0.2457291,0.2882601,0,0.3380221,0,0,0,0,0,0,0,0,0.1781588,0.4125814,0,0.08109827,0,0.2563565,0.2012972,0,0,0,0.2519809,0,0.2359248,0.2212483,0,0,0,0,0.4223019,0,0.2444393,0.8587493,0,0,0,0.2429714,0,0,0,0.02794772,0,0,0,0,0.004686716,0.002625429,0,0,0,0.4239667,0.3629187,0.6290411,0,0.002799408,0.07817049,0,0.3130301,0.1429525,0,0,0,0,0,0.03564333,0.1272583,0.1474072,0,0.1524282,0.3919336,0,0,0,0,0,0.32019,0,0.2409053,0,0,0.06971604,0.03959531,0,0,0,0,0,0,0,0.3236498,0,0,0,0,0,0,0,0,0,0,0.02023243,0,0.09094505,0,0,0,0,0,0,0.04580253,0,0.3824875,0.2801656,0,0,0.0436162,0,0,0.4532334,0,0.09350619,0,0,0,0,0,0.3511396,0,0.9514614,0.6061504,0,0.1534883,0.236939,0.1281328,0.3999298,0,0,0.7486612,0.1407945,0,0,0,0,0,0,0,0,0,0,0.6190981,
0.01888495,0,0,0,0,0,0,0,0.3593937,0.1078451,0.1042857,0,0,0,0.1942609,0,0.2501718,0,0,0,0,0.4523402,0.3022001,0,0,0,0,0.2623749,0,0,0.4075791,0.08847262,0,0.3512698,0,0,1.153355,0.06107647,0,0.3957211,0,0,0.08846647,0.3330089,0.09250706,0,0.3802825,0,0,0.2169492,0,0,0,0.5265209,0.0332291,0,0,0.4074713,0.03000328,0.2169026,0,0,0,0.2828304,0,0,0.3407234,0.009085339,0,0.325162,0,0,0,0,0,0,0,0,0,0,0,0,0,0.03714845,0,0,0,0,0,0.332472,0,0,0,0,0,0,0.3369383,0,0.3135966,0,0.3591702,0.008933622,0.01153912,0,0,0.3133815,0,0,0,0.583743,0,0.5054848,0.1752237,0,0,0.2474863,0,0,0,0,0.03845003,0.7551374,0,0.3030353,0,0.2423286,0,0,0,0,0.4761457,0,0,0,0.491678,0,0,0.2682671,0,0,0.4885383,0,0.03103797,0,0.4728821,0,0,0.4139254,0,0,0.4759703,0,0,0,0.1024897,0.01375144,0,0,0.3928575,0,0,0,0.1869481,0,0,0,0.6223113,0.2727402,0,0,0.2326284,0,0,0,0,0,0,0,0,0.6647347,0,0,0,0.1551195,0.2841173,0.1746305,0.1557762,0,0.09235591,0,0,0,0.1098892,0,0,0,0,0,0.2374592,0.08477016,0.4735371,0.5502573,0.4353898,0,0,0,0.244734,0,0,0,0,0.2372062,0,0.5724577,0.04932039,0,0.09340661,0,0,0.05311897,0,0,0,0.1514998,0,0.140039,0,0,0.05884613,0,0,0.2706276,0,0,0,0.414783,0.4816911,0.2336777,0,0.05539571,0,0.2223432,0.1363579,0.2851558,0,0,0,0,0,0,0.3954036,0.05284643,0,0.3181624,0,0,0,0.06583452,0,0.1557011,0,0.1060191,0,0.2108349,0,0,0,0.1122663,0,0,0,0,0.08546164,0,0.2356804,0,0,0,0,0,0,0.6189954,0,0,0,0.09922352,0.1452678,0,0.06835374,0,0,0.2596681,0,0,0,0.4267395,0.4742895,0,0,0,0,0.6826585,0,0,0.4453981,0,0.4099605,0,0,0.2836052,0,0,0.7382476,0,0,0.2435577,0,0.1357784,0.04381021,0,0.0815343,0,0.3167517,0,0,0,0,0.2656596,0.5885034,0.624107,0,0,0,0.1498221,0.1715574,0,0,0,0.3214388,0,0,0.1946981,0,0.03883004,0.142562,0,0.3960526,0,0.2579868,0,0,0,0,0.5902196,0,0,0,0,0.4309265,0.1325334,0,0.1867747,0.161644,0,0,0.1424041,0,0,0,0.1113041,0.6089896,0,0.0933072,0.3366632,0.1577083,0.297819,0.1243548,0,0,0.3483369,0,0,0.005707039,0.09265245,0.5343741,0,0.08793527,0,0,0,0,0,0,0.3651822,0,0,0,0.5320965,0,0.05844792,0.1109996,0,0,0.329119,0.2079159,0,0,0,0.4650191,0,0.163589,0,0,0,0,0,0.02887839,0,0.5801365,0,0.07411426,0.3093192,0,0.4501755,0,0.2932657,0.7378486,0,0.2722508,0.1191035,0,0,0.3233086,0,0.3089246,0,0.4153143,0,0,0,0,0,0.1882178,0,0,0,0,0,0,0.4409746,0,0,0,0.1605717,0,0.4323644,0,0.2770614,0,0,0,0.4581664,0,0.4874755,0,0.02285183,0,0,0,0.3011931,0.02953413,0,0,0,0,0,0,0,0.1130003,0,0,0,0.3621536,0.06510046,0.1425675,0,0.09059145,0.2896064,0.4591343,0,0,0.1928262,0,0.3055059,0,0.528527,0,0.4610353,0,0,0,0,0.2756891,0.09795411,0.04493457,0,0,0.07088827,0.05176003,0.3351198,0.1118417,0,0,0.3887544,0,0.3249166,0,0.1281941,0,0.3860205,0,0,0.2584343,0,0,0.191651,0,0,0.8353411,0.1816533,0,0.01970178,0.2832958,0,0,0.07193525,0.1248123,0,0.387441,0.1904518,0,0,0,0.2313546,0,0,0.01521419,0.1171622,0.2731294,0,0.2173488,0,0.1047802,0,0,0.6861869,0,0,0,0.1356357,0.2240291,0,0.4285225,0,0.1390104,0,0,0,0.460101,0,
0,0.427189,0,0.1002615,0.5852606,0,0,0,0,0.1631748,0,0.4986416,0,0,0,0.1800613,0,0,0.1512669,0.1108712,0.5357201,0,0,0,0.007809798,0.03874291,0,0.09125839,0.1347683,0,0,0.1199417,0.01917307,0.4140534,0.01828797,0.4745784,0.8519631,0.218142,0,0.0261319,0.1738368,0.9722614,0.594577,0,0,0,0,0,0.04603847,0,0,0,0,0.4368396,0.1046925,0,0.7266368,0,0.2119394,0,0.1475135,0,0.2935592,0.4251834,0,0,0,0,0.3164673,0,0,0,0,0,0,0,0.2956552,0.2400381,0,0,0,0,0,1.031729,0,0,0.003266184,0,0.7696823,0,0.4050178,0,0.2659343,0,0,0,0,0.03132666,0.1389634,0,0,0,0,0,0,0,0.3886417,0.5879547,0,0.3954854,0,0,0,0,0.1519635,0,0.9497641,0.6052612,0.1587632,0,0.5296426,0,0,0.1745653,0,0,0,0,0.5090268,0.07963178,0,0.07154078,0,0,0,0,0,0.1190351,0.08410975,0.5111194,0,0,0,0,0.2623674,0,0,0,0,0,0,0,0.3480483,0.2242329,0,0,0,0.4984227,0,0,0,0.2845891,0,0,0,0,0,0,0.3149276,0.2672246,0,0,0.2129159,0,0,0,0.1599572,0.09634481,0.4309465,0.2057238,0,0,0,0,0,0,0,0,0,0.4930969,0,0.46468,0,0,0,0,0,0,0.01029196,0,0,0,0,0,0,0.0880001,0.1205561,0,0.03721916,0,0.02434528,0.8792637,0.01556173,0,0,0,0,0,0.3645941,0,0,0.3525101,0.5254127,0,0.1290558,0,0,0.384934,0,0,0,0.4652534,0,0.2458731,0,0,0.1283548,0,0,0,0,0.2063315,0,0,0.2225668,0,0,0.02632649,0,0,0.01616466,0,0.0381601,0.4254247,0.4008102,0,0,0.2199614,0.7157554,0,0.1487293,0.1123493,0.1633416,0,0,0,0.2704227,0,0.1065911,0.01890436,0,0.03140838,0.498346,0.05019522,0,0,0,0,0,0,0.4891458,0,0.05950726,0,0,0.2215739,0,0,0.3877086,0,0,0.5275537,0,0,1.11844,0,0.163723,0,0,0.07914564,0.4345223,0,0.2271941,0,0.06346177,0,0,0.4076368,0,0,0,0,0,0,0,0.9010181,0,0,0,0,0,0.05359313,0,0,0,0.3665808,0,0,0,0.1746136,0.2047175,0,0,0,0,0,0,0.078739,0,0,0,0.05064288,0.3511518,0,0,0,0,0.08808967,0,0,0.06200246,0,0,0,0.08858444,0,0,0.2609074,0.6419303,0,0.4068346,0,0.07122032,0.08337483,0,0.2552432,0,0,0,0.2440028,0.07228352,0.3612083,0,0.2517677,0.03155988,0,0,0.2694811,0,0,0,0,0.5046828,0,0.2296152,0,0.1972553,0.2719334,0.05732381,0,0,0,0.005262023,0,0.2898771,0,0,0.1697502,0.461238,0.0001123333,0.3416125,0,0,0,0,0,0,0,0,0.1431564,0,0.4363411,0.384705,0,0,0,0,0,0.2732637,0.1005203,0.4770734,0,0,0,0,0,0,0,0.08357789,0.06730419,0,0,0,0,0,0.4903298,0.4151581,0,0.4793071,0,0.1738608,0,0.3107508,0,0,0.2663827,0,0,0,0.08987029,0,0,0.152536,0,0.007899127,0,0.005129501,0.1108584,0.06304652,0.4540764,0.1059225,0,0,0,0,0,0,0.127006,0.3620823,0.08028246,0,0,0,0,0.6656194,0.2753759,0,0,0,0,0,0,0.09704007,0.2722736,0,0.4440336,0,0,0.2658636,0.2980446,0.2816125,0.03778849,0,0,0.1309139,0,0,0,0,0,0,0,0.07753789,0.04822603,0.2766929,0,0,0,0,0,0.1764905,0,0,0,0,0,0,0.05281494,0,0.07700343,0.3133222,0.3490971,0,0,0.02256846,0,0.6709969,0,0,0.2432544,0.4192194,0.4417357,0,0.4586092,0.6176193,0,0,0,0,0,0,0.04903184,0,0.1679816,0.486004,0,0.1789881,0.8259242,0,0,0,4.951982,4.99136,0,0,0,0,0.2772019,0.1038541,0,0,0,0,0,0,0,0.2540319,0,0,0.06298658,
0,0.4313357,0,0,0.410969,0,0,0.5678303,0.2110409,0,0,0.1833299,0.4432102,0,0.2416057,0.2290407,0.4051368,0,0,0.1277835,0,0.1052002,0,0,0.00223048,0.06359861,0.1572855,0.76738,0,0.248007,0.5328135,0,0,0,0,0.1109886,0,0,0.07336389,0,0,0.5638691,0,0,0.1219865,0.4207144,0,0,0,0,0.3311357,0,0.2050322,0,0.3442061,0.2198865,0,0,0,0.1987278,0,0,0,0,0,0.03639465,0,0.03811401,0,0,0,0,0,0.01605497,0,0.5232348,0,0,0,0,0.3485433,0.02600391,0.02170009,0,0,0,0,0,0.3836291,0,0,0,0.9542918,0.02734847,0.2566049,0,0,0,0,0,0,0.1235483,0,0.6279372,0.5323985,0.3557428,0.2421864,0.2814092,0.09418743,0,0,0,0,0,0,0.1744595,0,0,0,0,0.01119644,0,0.4425597,0,0,0,0,0,0,0.2004594,0.1009196,0.2774411,0,0,0,0,0.07353529,0,0,0.3095407,0,0,0,0,0,0.3751159,0,0,0,0.4875198,0.1485532,0,0,0.05127332,0.6406455,0.09187956,0,0,0.3860494,0,0,0,0,0,0,0.2775885,0,0,0,0.1289991,0,0,0.3350736,0,0.4608509,0,0,0,0,0,0,0.2745524,0,0.3536147,0.1450825,0,0,0.147747,0.3010741,0.01335553,0,0,0,0.1175053,0.2923699,0.003242584,0.03973913,0.1032594,0,0,0,0.4082213,0.1469685,0.003800418,0,0,0.2430205,0.2493451,0,0.1709418,0.2448204,0.04843853,0,0,0.685348,0,0.2072875,0,0,0,0.2536133,0,0,0,0.2090151,0.0231228,0.5320251,0,0,0,0,0,0,0.1568689,0.09625816,0.4586321,0,0,0.09678524,0.2536193,0,0.03049402,0,0,0.1762423,0.03097154,0,0.02737845,0.1551054,0.333908,0.1428448,0,0.1370449,0.429028,0.1695021,0.141359,0,0,0,0,0,0.429194,0.1891946,0.09339501,0,0,0.05889441,0,0.750386,0,0.2641192,0.4714513,0.103952,0,0,0,0,0,0,0,0,0.250662,0,0.08054475,0,0,0,0,0.5352877,0,0,0.1141205,0,0.1071663,0,0,0,0,0,0,0,0,0,0,0,0,0.3243183,0.05473679,0,0,0,0,0.3459257,0.4480139,0.4135272,0,0,0.3769089,1.175903,0,0.3424872,0,0.2058509,0,0,0.2950124,0.292783,0,0.3240047,0.08882093,0,0.02845569,0,0.02886085,0.6588956,0.3302484,0,0,0,0,0,0,0.03693799,0.4404152,0.4346227,0.7674006,0.1230353,0,0,0,0.690855,0,0,0,0.8078789,0,0.06523056,0,0.3027773,0,0.2811491,1.002864,0,0,0,0,0.2421068,0,0,0,0.2722247,0,0,0,0,0,0.2427888,0,0,0.124906,0,0.02961849,0,0,0,0,0,0.7228197,0.5597235,0,0,0,0,0,0,0,0,0.000785146,0,0.05954778,0,0.1279855,0.5151362,0.2846408,0,0.07481297,0,0,0.03745466,0,0,0.5557852,0,0,0.008313435,0,0.1879616,0,0,0.397965,0.5777172,0,0.03481728,0,0,0.8407329,0,0.2626607,0.566139,0,0,0.2338637,0,0.4801533,0,0,0,0.1142197,0,0,0,0,0,0,0.5840517,0,0,0,0,0.3006793,0.1236849,0,0.5955157,0,0,0.1713236,0.3223702,0,0.817408,0,0,0,0,0,0.1769163,0.688768,0,0,0.2690774,0.1687394,0,0.2356069,0.4313444,0.4575914,0,0,0.4274749,0.2771393,0,0.2222477,0.2056558,0,0,0.05656216,0,0,0.3172813,0,0.2023819,0,0.6835921,0.5274947,0,0,0,0,0,0.1968417,0,0,0,0.4704945,0,1.041135,0.1255345,0,0,0.2516999,0,0.1621766,0,0,0,0,0.02761792,0,0.1747256,0,0,0.9065465,0.7250266,0,0.8447595,0,0,0,0.04247596,0.2615893,0,0.2997833,0.9292464,0,0,0.2166342,0,0.4844113,0,0,0.1155243,0.5318251,0.01052465,0,0,0,0,0,0.1828297,0.05277218,0.08725993,0,0,2.544317,4.671544,1.517446,0.04483626,0,0,0,0.09476975,0.02556554,0,0,0,0.158989,0,0,0,0,0,0,
0,0,0,0,0.2636086,0,0,0,0,0,0.2038721,0,0,0,0.03319219,0.4609447,0.4726211,0.2219207,0,0.4102263,0.1348698,0.1384491,0,0,0.4060349,0,0,0,0,0.1579314,0,0,0.1234289,0,0,0,0,0,0.9212021,0.444128,0,0.01694568,0,0,0.4343847,0,0.1719144,0,0.007037191,0.150491,0,0,0.1736132,0.3418673,0,0,0,0.04183092,0,0,0.0006284239,0,0.8914408,0,0,0.2960315,0,0,0,0.2292884,0.1676367,0,0,0,0,0,0,0.2448101,0,0,0,0,0,0,0,0,0.07096493,0.009891666,0.04721228,0.1683323,0,0.02066104,0.1839196,0,0.1899596,0,0.3349676,0,0,0,0,0,0,0.4091348,0,0.1437527,0.02473907,0,0,0.5790191,0.182499,0.2260254,0,0,0,0,0,0,0.7804914,0.6073429,0,0,0,0,0,0,0,0,0,0.1204703,0,0.2948799,0,0.1073293,0.007752331,0,0.2904722,0.838122,0.2961833,0.5133756,0.1858727,0,0,0,0.9321805,0.1673092,0.07600317,0,0,0,0,0,0,0,0,0,0.003492051,0,0,0.3235057,0.02702553,0,0.09457664,0.3693104,0,0,0.5043494,0,0,0,0,0.7554277,0.07183186,0.04643406,0,0,0,0.679146,0.6674386,0.07510862,0.5203834,0.2897728,0,0.9007285,0,0,0.3848502,0,0.3945618,0.2504729,0,0,0,0,0,0,0,0,0,0,0,0,0,0,0,0,0,0.0002384437,0.2742826,0.4225102,0,0.1228195,0,0,0.02259808,0.155157,0,0,0,0.1558229,0,0,0.2016477,0.2404988,0.5755162,0,0.1356661,0,0,0,0.1209248,0,0,0.1490808,0,0,0.5117242,0,0,0,0,1.02472,0.1208745,0.1244261,0.05987332,0.2202966,0.01561804,0,0,0.1081355,0,0.4082294,0,0.8514395,0,0,0.1279986,0,0.2230985,0,0.0822312,0.02734366,0.02635291,0,0,0,0.05341671,0.500826,0.1661556,0,0,0,0,0,0.2522572,0.586735,0,0.568406,0,0,0,0,0.3030388,0,0.2747765,0.1783075,0,0.2569011,0.3916553,0,0,0,0,0,0,0,0.2397745,0,0.09205445,0,0,0,0.2772028,0,0,0,0.1500545,0,0,0,0,0,0,0.6202975,0.02364625,0,0.007021571,0,0,0.3695319,0.09351508,0,0.4754561,0,0.4382043,0.3215015,0,0,0,0.5929696,0,0,0.08491859,0.3370531,0.2250812,0.3174685,0,0,0,0,0,0,0,0,0.1930754,0,0.289944,0,0,0.1213146,0,0.4314544,0.3015247,0,0,0,0,0,0,0.4808774,0,0,0.09223291,0,0,0,0,0,0,0.008397518,0,0.5543054,0.008527054,0,0.269899,0.312005,0.1215325,0.473664,0,0,0,0.6907476,0,0.5339164,0,0,0.2752347,0,0,0.3333689,0.1352262,0,0.2623217,0,0,0.1257369,0,0.8556767,0.03358587,0,0,0.5295362,0.1818061,0.2251764,0.2202599,0.03577204,0,0,0.06404161,0,0.1785037,0,0,0,0,0,0,0.01503995,0.2513231,0,0,0.4345355,0,0,0,0,0.5786352,0,0,0,0,0.5967502,0,0,0.2586827,0.1898501,0,0,0,0,0.0009426048,0.6505083,0.06870764,0,0,0,0.5456421,0,0,0,0,0,0.2416311,0.0002181056,0,0,0,0,0,0,0.4858149,0,0.002261653,0,0,0,0,0.8313498,1.127314,0,0,0,0.3947639,0,0.1101071,0,0,0,0,0.2929255,1.462415,0,0,0.1975849,0,0,0,0.1904049,0.325375,0.5482107,0,0,0,0.5777326,0,0.254838,0,0.3917693,0,0.2209793,0,0.1294487,0,1.029239,0,0,0,0,0,0,0.270074,0.7341921,0.2011609,0,0.6104162,0,0.4895259,0,0.2729815,0,0,0.2893742,0,0,0.1678407,0.04507053,0.3476457,0.3916392,0,0,0,0,0,0.1629106,0,0.2420574,0,0.2138735,0,0.1420289,0,0,0.2972865,0,0.2111477,0,0.100452,0,0.1130021,0,0,0,0.574964,0.6097931,0,0,0,0,0,0,0,0.7715068,0,0,0,0,0,0,0.09187766,0,
0.07016679,0.2102925,0,0,0,0,0,0.07978358,0,0,0.08524135,0,0.1078857,0,0.9267046,0.06007418,0,0,0,0,0,0,0,0,0,0.02319204,0,0.4295613,0,0,0,0,0.05892626,0.1358093,0.3199529,0.2070393,0.1280869,0,0.1923955,0,0,0.3609834,0.4452384,0.6475243,0,0.1283241,0,0.2222546,0.2053062,0.3694648,0.0162502,0,0,0.1006641,0.1927529,0,0,0,0,0,0,0.1230586,0,0,0.2664833,0.5565435,0,0.0454816,0,0.2510458,0.0855819,0,0,0,0.05413706,0,0.6491062,0.1987085,0,0,0,0,0,0.1505727,0,0,0,0,0,0,0,0.03768149,0.3841524,0.11211,0.7363094,0,0.260267,0.1201648,0,0.02545502,0,0,0,0,0.1965916,0,0.5938005,0,0,0.3926595,0,0,0.004065329,0,0,0.7949096,0.9880255,0.2965853,0.1765309,0,0.3835774,0,0.09814718,0.3348542,0,0,0,0.606455,0.7515474,0,0,0,0,0,0,0,0.1085416,0.1291797,0.08693341,0,0,0,0.2774853,0.7017683,0.2218462,0,0,0,0,0,0,0,0,0,0.2479456,0.4351096,0.07318845,0,0,0.09358064,0,0.170308,0.0335588,0,0,0,0,0,0.1642105,0,0,0.0235735,0,0.04628039,0.1644897,0,0.449324,0.2347478,0,0.420658,0,0.05561921,0.3549954,0.09083899,0,0,0.4430026,0,0.001413816,0,0,0,0,0,0.3669397,0,0,0,0,0.3018424,0.2440663,0,0.2637729,0.117914,0,0,0,0.04302663,0,0,0,0.6290032,0,0.8304144,0,0.884638,0.07791957,0.9244488,0,0.2080332,0.1148491,0,0,0,0,0,0.2456529,0,0.2292503,0.0296243,0.1286267,0,0,0,0,0,0,0,0,0,0,0,0,0,0.06414613,0.2901575,0.2715125,0,0,0,0,0,0,0.1512731,0.5241184,0.2033157,0.1812726,0,0,0,0.09240177,0.2761171,0,0,0,0.01882083,0.109613,0,0.06892952,0.3862652,0,0,0.08689578,0.296361,0,0,0,0.715517,0,0,0,0,0,0,0,0.1160765,0,0.01365947,0.09917257,0.0937045,0.7104815,0.0121011,0.3655007,0,0.4914754,0.5562389,0.0266857,0,0,0,0.09841311,0.9588872,0.6373523,0,0,0,0.4699387,0,0,0,0,0,0,0,0,0,0,0,0.1765065,0.3573178,0.383312,0,0.2850498,0,0,0.005106045,0,0,0,0,0,0,0,0,0,0,0,0,0.05777493,0,0.1633618,0,0,0,0.2947105,0.3934112,0.4466629,0,0.3788042,0.006297069,0,0,0,0.4818858,0,0.1857546,0,0,0.4960793,0,0,0,0,0.351146,0,0,0,0,0.1108876,0.2768075,0,0,0.8550829,0.08558689,0.3204017,0.2433475,0,0.009147203,0.3435981,0.2855266,0,0,0.2929919,0,0.4766029,0,0,0.1477982,0,0.04974505,0,0,0,0,0,0,0,0,0,0,0,0,0.01350706,0.5193945,0,0,0,0.2458291,0,0.04622268,0.0822604,0.3932922,0,0,0,0.3441727,0,0,0,0,0,0.1216712,0,0.4310749,0,0,0.8549932,0,0.3460542,0,0,0,0,0,0.03042424,0.05576702,0,0,0,0,0.07476862,0.03328469,0.1604535,0.2858748,0,0.07663876,0,0,0,0,0,0,0,0.4256362,0,0,0,0,0,0,0.006172065,0,0.1669924,0.382918,0,0.03426031,0,0,0,0,0,0.007072468,0,0,0,0,0,0,0,0,0.125919,0,0.1340084,0,0.2975332,0.271201,0.3769334,0,0.2588197,0,0.6170269,0,0.3325968,0,0,0,0,0.1175514,0,0,0,0,0,0.4916647,0,0,0,0,0,0.514743,0,0,0,0.4468421,0,0.3523051,0.2678565,0.03155289,0,0,0.08751138,0,0,0,0,0,0.3293923,0,0.05443102,0,0,0,0.514626,0,0,0.290786,0.3040996,0,0.2357317,0,0,0,0.03349891,0,0,0.3592146,0,0,0,0,0,0.1383304,0,0,0.3782214,0,0,0.1925517,0.1970169,0,0,0.8283801,0.09987023,0.1163224,0,0.04176018,0,0,0,0.47619,
0,0.1126775,0,0,0,0,0,0,0.3347904,0.3898393,0,0,0.1921989,0,0,0,0,0.6932225,0.4758945,0,0,0,0,0,0.04298038,0.3067703,0.1334496,0.2493267,0,0,0,0,0,0.08798257,0,0,0,0.04870766,0.1118337,0,0.0009580703,1.033876,0,0,0,0,0,0.0606189,0.4151719,0.2991745,0,0.4281034,0,0,0,0,0,0,0,0,0.5256965,0.4079825,0,0,0,0,0,0.09229925,0.150892,0,0,0,0,0.2806331,0.1481878,0,0,0.2475459,0,0.2135307,0,0,0.5721257,0.1758462,0.3154499,0.1056169,0,0,0.2307303,0,0,0.8323981,0,0,0,0,0,0,0,0,0.04507911,0,0,0,0,0.2408196,0,0,0.5088574,0,0,0,0,0,0.3913202,0,0.542918,0,0,0,0,0,0,0.6327197,0,0,0.1848631,0,0.05656736,0,0.8969687,0,0,0,0,0,0,0.02328084,0,0,0.2813547,0,0,0.164407,0.2593625,0,0,0,0.2550044,0,0,0.4082345,0,0.1939269,0,0,0.01732451,0,0,0,0,0,0,0,0.4261756,0,0,0.5417695,0,0,0.2851759,0.3984331,0,0,1.219943,0.224758,0.3439592,0,0,0,0,0.2370899,0,0,0,0,0.0145374,0,0,0,0,0,0,0.03672089,0,0,0,0.5527374,0.6333259,0,0.3972696,0.4262802,0.4770129,0,0.09843786,0.1157227,0.3140196,0.08438255,0,0.22511,0,0.05949315,0.02649819,0.2932697,0,0,0,0,0.02928566,0,0,0,0,0,0,0,0,0,0,1.580785,0.06297618,0.1254603,0,0.4362308,0,0,0,0,0,0,0,0.02015495,0,0,0,0,0.2390414,0.3583544,0,0.4708664,0,0,0,0.3136191,0,0.108243,0.3007375,0,0.1071517,0,0.0860166,0,0,0.1055535,0,0.06059122,0.2037535,0,0.07094277,0,0,0,0,0,0,0.01427643,0,0,0.1988532,0,0,0.1917707,0.4183048,0.5428183,0,0,0,0,0.008011847,0.02382424,0.6895862,0,0,0.299631,0,0,0,0,0,0.4062641,0,0.01451635,0.04132939,0,0.1601205,0,0.1956917,0.08197835,0,0,0,0,0,0,0.2152683,0,0,0.2565119,0,0,0,0,0,0,0,0.04936886,0.3523185,0.4747658,0,0.07798106,0,0,0,0,0.515976,0,0.6610884,0,0.8181804,0,0,0,1.137172,0,0.1453095,0.009099159,0,1.134627,0,0,0.1713765,0,0.103038,0.2741672,0,0,0.3198369,0,0.644621,0.788626,0,0.7415603,0.2391395,0,0,0.06837133,0,0,0.1847978,0,0.0599536,0,0.1033765,0.4974538,0,0,0,0,0.5474001,0,0,0,0,0.2592982,0.006821378,0,0.2960793,0,0,0,0,0,0,0,0.07596067,0,0,0,0.2873566,0,0.08766533,0,0.003912351,0.5644498,0,0.6176441,0.6658757,0,0.2069032,0.1481083,0.3128377,0,0,0.6034658,0.5548312,0,0,0,0,0,0,0.2642545,0,0,0.4073215,0.5322984,0,0,0,0,0,0,0.3775525,0,0,0.1883859,0.1292647,0,0.6871695,0,0,0,0.3637948,0.5258374,0.02333255,0.5170818,0,0.2921714,0,0.220853,0,0.07249149,0,0.2214761,0,0.2665367,0.03792122,0.03503935,0.4281003,0.1241155,0,0.04127076,0,0,0,0,0,0,0,0,0.1274662,0,0,0.5204536,0,0,0,0,0.3131549,0,0.3869894,0,0.5454633,0,0,0,0.5408315,0.09557138,0,0,0,0,0.1506026,0,0,0.1332807,0,0,0,0,0.5575261,0.2192942,0.005402423,0.4220459,0,0.1410613,0,0,0,0.5295412,0.06638101,0,0.1645854,0,0,0,0,0,0,0,0,0.09279109,0,0,0.06966215,0.1299943,0.3184997,0,0,0,0.03509171,0.03195975,0.07149909,0,0.1210452,0,0.6127462,0,0.01594978,0.6156814,0,0,0.6066069,0,0,0,0.6226106,0,0.2592115,0,0,0.190562,0,0.009662614,0.2132596,0,0,0,0,0,0,0,0,0,0,0,0.3946577,0,0.7979217,0.8659747,
0,0.09028712,0.1025171,0,0,0,0,0.7167448,0.4293057,0,0.1697702,0,0.09533511,0,0.6799744,0.1012485,0.1664864,0.06255085,0,0.06228511,0.1547214,0,0,0.5236426,0.1007638,0,0,0,0,0.6334769,0,0,0.3679789,0.2616718,0.1471842,0,0.03052424,0,0,0,0.546801,0,0,0.1069206,0,0,0,0,0,0,0.3149556,0.2081324,0,0,0,0,0,0,0,0.209808,0,0,0,0,0.01993215,0,0,0,0.1336243,0.04513891,0.00124916,0,0.04553124,0.01490838,0,0,0,0,0,0.4137022,0,0.1761157,0,0,0.5642873,0,0,0,0,0,0,0,0,0.2042451,0,0.03681189,0.2801073,0.383792,0,0.1487052,0.1544982,0,0,0.80161,0.2844334,0,0,0,0.03565644,0.02773907,0,0,0.3283988,0.1077359,0.2983007,0,0,0,0.04175632,0,0.1174512,0,0,0,0.5982938,0,0.07331614,0.03972228,0,0.2054721,0,0.03155578,0,0,0.470247,0,0,0,0,0,0,0.1685911,0,0,0,0.2383445,0.05154692,0,0,0,0.1874101,0.2296488,0,0,0.5152316,0.0003585278,0.3669047,0.2222038,0.3273655,0.1173211,0,0,0,0.3372045,0,0.04607405,0,0.04920022,0,0.3369224,0.7720921,0.5856952,0,0.0301324,0,0,0.3578577,0,0,0,0.1246132,0,0,0.3801879,0,0.7642457,0,0,0.5636308,0,0.07509425,0.382368,0,0.5378718,0,0,0.1076558,0,0,0,0,0,0,0,0.07601045,0,0.4734745,0,0,0.1649342,0.159184,0,0,0.435977,0.1931479,0,0.1852532,0.6071141,0,0,0,0,0.1157362,0.6083604,0.09613608,0,0,0,0,0,0,0,0,0.008404899,0,0,0,0.3516496,0,0,0,0.1166522,0.1870651,0.141535,0,0.6474183,0,0,0.4578917,0.2292151,0,0,0.05637885,0.3488613,0.2284846,0,0,0.1465081,0,0.5366901,0,0.2516966,0,0,0,0.03351567,0,0,0.3393641,0,0.9041996,0.1246217,0.357958,0,0,0,0.006518193,0,0,0.06806472,0,0,0,0,0,0,0,0.2376699,0.2004499,0.2292137,0.5683626,0,0,0.008225037,0,0.3985124,0.183835,0,0.1166149,0,0.9819545,0,0,0,0.008139542,0.235592,0,0.07657844,0,0,0,0,0.7214614,0,0,0,0.2592438,0,0,0,0.04634877,0,0,0,0,0,0,0.3831615,0.101281,0,0,0.06592689,0,0,0,0,0,1.450145,0,0.1595411,0,0,0.189224,0,0,0,0,0,0.09997231,0,0,0.06648423,0,0,0.1016069,0,0.5178313,0,0.1138914,0,0,0.2889132,0,0.5835266,0,0.2737586,0,0.4175194,0.01709452,0.1660734,0.4170739,0,0.08159938,0.07247929,0.06799011,0.08331487,0,0,0,0,0,0.3567882,0,0.1887441,0.1295424,0,0,0.08027256,0,0.06517851,0,0,0,0,0.1641142,0,0.1134596,0,0.4319186,0.07868961,0.1521084,0,0,0,0,0,0,0.6412098,0,0,0,0,0.2950152,0.03124628,0,0,0,0,0.2014396,0.1546231,0,0,0,0.07606839,0.2174332,0.5034901,0,0,0,0,0.4073423,0,0.2575568,0,0.1395282,0,0,0,0,0,0,0,0,0,0,0.4381748,0.2639485,0.4959809,0,0,0,0.02087439,0,0.299698,0.2081409,0.2004441,0,0.2077869,0.05176175,0.1691324,0.2042946,0,0.1975387,0,0.4750326,0,0,0.1050632,0,0.5561169,0,0,0,0.8532022,0,0.1365946,0,0.1764683,0.9815063,0.3228046,0,0,0,0.3733444,0.2846362,0.123893,0.9136111,0.365755,0,0,0,0.06032292,0,0,0.5242211,0,0,0,0,0,0,0,0.04911005,0,0,0.03567171,0.1110768,0.0799379,0.08012527,0,0.2995106,0,0,0,0,0,0.05668188,0,0,0,0.2925266,0,0,0.08169761,0,0,0,0.06507337,0,0,0.2197713,0.08808939,0,0.1216388,0,0,0,0.3205121,0.3766434,0,0.2151671,0,0,0,0.02422579,0,0,0.0002112972,0,0,0,0,0.2484879,0,0,0,0.2668473,0,0.2835547,0.1764809,0,0.1885081,0.2928293,0.066911,0,0.03393945,0.4218793,0.03797231,0.07137807,0,
0.1020415,0,0.2560844,0.2057187,0,0.007390099,0,0,0,0,0.8237699,0.5288291,0,0,0,0,0.5873,0,0.1911855,0,0.7320037,0.2338934,0.002017002,0,0,0.07574032,0,0,0,0.6312367,0,0,0,0,0.2081583,0.0388765,0.2358123,0.2924098,0,0.1188528,0.02863332,0.4821913,0.3672788,0,0,0.2025403,0,0,0.09424561,0,0.06149873,0.06240458,0.2486653,0,0,0.2232676,0,0,0,0,0.5496023,0,0,0,0,0,0,0.4688752,0.4637594,0,0,0,0,0.2270359,0.9675627,0,0,0,0.1710397,0,0,0,0,0,0,0.1110554,0.3894978,0,0.02898818,0.183802,0,0,0.006312176,0.1541806,0,0,0,0,0,0,0.003388732,0.1989938,0,0.2778488,0.09847905,0,0.3859707,0.02435638,0,0,0.1094869,0,0,0,0,0,0.08370485,0.930032,0,0,0,0,0.1963427,0.5131426,0,0,0,0,0.3477825,0,0.342714,0,0.414165,0,0,0.4666268,0.05572131,0,0.2753381,0.2494992,0,0,0,0.2960268,0,0,0.03374354,0,0,0.3234962,0,0,0,0,0.02189345,1.080761,0.09858316,0.397164,0.5626147,0,0.03185423,0,0.4137312,0,0,0,0.4635965,0.136145,0,0.05696025,0,0,0,0,0,0,0,0.03309841,0,0.2120766,0,0.03568559,0.4330487,0,0,0,0.1699708,0,0,0,0.6758472,0,0,0.597725,0.03122867,0,0.1501467,0.565852,0.1106573,0,0.2779497,0.7295928,0.3910974,0.3718322,0,0,0.1851479,0,0.08052435,0,0,0.2920531,0.4912432,0.1494917,0,0,0.09755621,0.03189341,0.4755436,0,0,0.1651664,0,0,0,0,0.06561666,0.13888,0,0,0,0,0,0,0.07851824,0.9726415,0,0,0,0,0,0.1016997,0,0.3883354,0,0,0,0.0522691,0.3289497,0.372513,0,0,0,0.3786636,0,0.2045141,0.1126233,0,0.08867275,0.1438953,0,0.2835146,0,0,0.677439,0.4132477,0,0.0599456,0,0.3964572,0.2214981,0.2996222,0,0,0,0,0,0,0.0743293,0,0.02516282,0.6536274,0.3846883,0.2411348,0.2085372,0.08133675,0,0,0,0.5585874,0,0,0,0,0.7120067,0,0.5960087,0,0,0,0,0.008649541,0,0.07574233,0,0.451138,0,0.1321957,0.008443178,0,0,0,0,0,0,0,0,0,0,0,0,0,0,0.173821,0,0.05965743,0,0.4287167,0,0.3156847,0.4675002,0,0,0,0,0,0.2305333,0.1309588,0.02107396,0.472352,0.126938,0.1882676,0,0,0.2728901,0,0,0,0.5625246,0,0,0,0,0,0,1.004113,0,0,0,0,0,0,0,0,0.06015661,0.2728559,0,0,0,0,0.4415786,0,0.2497276,0,0,0.05707862,0.5381305,0.3234172,0,0,0.07731438,0,0,0,0.4260738,0.3928375,0,0,0,0.1692193,0,0,0,0,0,0,0.7687601,0,0.3799209,0,0,0.8365958,0.164779,0,0,0,0,0.3077929,0,0,0.05138163,0,0,0.2097628,0,0.04088889,0.1193299,0,0.2513706,0,0,0,0.6356133,0,0,0,0,0,0,0,0,0,0,0.2738606,0,0.1697247,0,0,0,0,0.08463994,0,0.1790588,0,0.1767318,0.6419928,0,0.4251288,0,0.2424943,0,0.3221026,0.09344,0,0.550628,0,0,0.4342836,0,0.1983224,0.4366714,0,0,0.06530968,0,0.5182745,0,0.5206904,0,0,0.7706359,0,0.09614714,0,0,0.526273,0,0,0,0,0.3850537,0,0,0.3674335,0.1866128,0,0.08579989,0,0.381813,0,0,0.05862783,0,0.4851817,0,0,0,0.2560397,0,0,0,0,0,0,0,0.01912749,0,0.1605189,0,0,0.03617936,0.2701034,0,0,0.2472729,0.01902349,0,0,0.2874841,0,0,0,0.05213773,0,0,0,0.2304089,0,0,0.08260453,0.3432621,0,0.08519663,0,0,0,0,0,0,0,0,0,0,0,0,0.1820553,0,0,0,0.5300876,0.1216758,0,0.5758822,0.1058926,0.06691872,0,0.05349002,0,0,0,0,0.1199978,0,0,0,0.1026455,0,0,0.1471709,0,
0.08364968,0,0,0.1729037,0,0.1153095,0,0,0,0.006803693,0,0,0.135799,0.1991276,0.1721038,0,0,0.06026537,0.04848144,0,0,0.1445627,0,0,0,0,0,0,0.1022161,0.2714289,0,0,0.5923291,0.5170915,0.577319,0.08400079,0.104798,0.1641766,0.4357946,0,0,0.005112525,0.2575434,0,0,0.009234697,0.114073,0.1449029,0,0,0.4760958,0,0,0.6711637,0,0.02372943,0,0,0,0.72507,0.317511,0,0,0.004151223,0,0.3652159,0,0,0.3215736,0,0,0.01984239,0,0,0.3259918,0,0,0,0.8769037,0,0.3773793,0.4081431,0,0.1860266,0,0.1795751,0.3798738,0,0,0,0.5920449,0.06275728,0,0,0,0,0.4982092,0.2498598,0.06920077,0.05168663,0.06647073,0.2351996,0.4638911,0,0,0,0.1050351,0,0,0.4424562,0,0,0.08861391,0.4769526,0,0,0,0,0,0,0,0,0,0.6490538,0.3230181,0,0,0.2333275,0,0,0,0.2781037,0,0.4021068,0.3698871,0,1.312467,0.03305465,0,0.2681398,0.3646421,0,0,0,0,0,0.4364941,0,0,0.1840582,0,0,0.831702,0,0,0,0,0,0,0,0,0,0,0.789405,0,0.2073197,0.1586239,0.4628164,0,0.3242991,0.817386,0.1332105,0,0,0.2037855,0,0,0,0,0,0,0,0.1019497,0,0,0.09118536,0,0,0.6849467,0.1203538,0,0,0,0,0.1933919,0,0,0.4096994,0,0,0,0.1052228,0,0,0,0.1564579,0.2443127,0.3340805,0,0,0,0.1227015,0.1854071,0,0.2526528,0,0,0,0,0,0,0,0.07531069,0.2279172,0,0,0,0,0.9745313,0,0,0,0,0,0,0.3724692,0,0,0,0,0.2100442,0,0,0.2619348,0.02155773,0.2650578,0,0,0,0,0,0.5350997,0,0.2343704,0,0,1.138256,0.08597234,0,0,0,0,0,0,0.03405828,0.128304,0,0,0.2012589,0,0,0,0,0,0.1256434,0.05456809,0,0,0,0.1145862,0.3088375,0.3672475,0.08078077,0,0,0.1323876,0,0.01883714,0.1611402,0,0,0,0.3006817,0.03566567,0,0,0,0,0,0,0.05873454,0.6620657,0,0.442228,0,0,0.2128263,0.6153878,0,0,0,0,0.04208627,0.2755558,0.1140694,0,0,0.3406398,0.0586301,0,0,0.1469921,0,0,0,0.9033023,0.04953037,0.1187394,0,0,0.5342082,0.5376775,0,0,0,0,0,0,0.004028208,0.3619784,0,0,0,0.4585324,0,0,0,0.8422173,0.01046551,0.05490686,0.06303799,0,0,0.1299469,0,0,0.002234071,0,0,0.5122796,0,0.07159789,0,0,0,0.2667067,0,0.02717527,0.797747,0,0.1151153,0.04776613,0,0,0,0,0.4595975,0.05530044,0,0.3194803,0.003924099,0,0.1957709,0,0,0,0,0,0,0.09468518,0,0.245152,0.3435464,0,0,0,0.4852624,0,0,0,0,0,0,0,0,0,0,0.1932926,0,0,0,0.1202833,0.3442962,0.3253354,0,0,0,0.05955253,0.1806197,0,0.06104215,0,0,0.2347274,0.0126685,0,0,0.1858892,0,0.3949245,0,0.01673733,0.3520432,0.3261657,0,0,0.03704947,0,0.36729,0,0.3991471,0,0,0.2271839,0.005752402,0.5184358,0.01703709,0,0,0,0.3978248,0,0,0,0,0,0.2089095,0.2193981,0.2213927,0.01566552,0,0,0.2646338,0,0,0.008510916,0,0,0,0.3628436,0.01174363,0,0.08656307,0,0,0.09217186,0.172939,0.4111567,0,1.040661,0,0.6495057,0,0.8378108,0,0,0.897927,0.2389816,0.1721808,0.2402187,0.4447008,0,0,0.2450541,0.4007292,0.1117828,0,0.001004735,0.27169,0.5615024,0.8733791,0,0.01404017,0,0.09054173,0.1356287,0,0,0,0,0.07858678,0.3220348,0,0,0.3161462,0.08370014,0.4504436,0,0,0,0,0,0,0,0,0.5336886,0,0,0,0,0,0,0,0,0.05629333,0,0,0.08119729,0,0,0,0,0,0,0,0,0,0,0,0,0,0,0.9227945,0.5620785,0,0,0,0.3107375,0.05156961,0,0,0.05615551,0.1358524,0.1221308,0,0.02005186,0,0.03975569,0.6918008,0,
0.2669468,0,0,0.03598525,0.6228831,0,0,0.4482584,0.03071196,0,0,0,0,0.3673205,0.614094,0.2252439,0.3046153,0,0.5424916,0.2610253,0.2549176,0,0.2970598,0.004873767,0,0.3024944,0,0.245184,0.3706404,0,0,0,0.3210599,0,0,0.02508469,0.01102019,0,0,0,0.1395927,0.4170947,0.7989097,0.362502,0.07822166,0,0.06723033,0,0.08727288,0,0,0.002219629,0.2028908,0,0,0.4877868,0.03840161,0.7956848,0.003866069,0.610906,0,0,0.4454928,0.1713073,0,0,0,0,0,0,0,0.1355109,0.05642205,0,0,0,0,0,0,0,0,0.2355825,0,0.405147,0,0,0,0,0.146679,0,0,0.1802928,0.4300784,0.426315,0,0,0,0.05834128,0,0,0,0,0,0.758858,0,0,0.08678879,0.08385484,0,0,0,0,0.09051281,0.0967234,0,0,0,0.08080542,0.1448543,0,0.610626,0,0,0,0.01733636,0.5620692,0,0.3508587,0.5476419,0,0.08790172,0,0,0.2362823,0.1816515,0.1562316,0,0.04080083,0,0,0.3040865,0.2275019,0.4159699,0,0,0,0,0,0.2075666,0,0.1863079,0,0,0,0,0.1853811,0,0.07593308,0.1411619,0,0,0.385761,0,0,0,0,0.2262498,0,0.6074288,0,0.3113425,0.6605843,0,0.2132777,0.2851239,0.2110059,0.1531209,0.002261498,0,0,0,0,0,0,0,0,0,0,0.7646897,0.4752305,0.1362135,0,0,0,0.3559489,0.03349254,0.1112515,0,0,0.03670665,0,0.373783,0,0.2298868,0.2519214,0.3889932,0.0006117068,0,0,0,0.1229001,0,0,0,0.01640797,0,0,0,0,0,0,0.1629514,0.2623051,0,0,0.2817357,0,0.007744591,0,0,0,0,0,0,0.0610902,0,0,0.01896531,0.3862047,0.1878865,0,0,0,0.5803091,0,0,0,0.2581408,0,0,0,0.1913645,0,0,0,0.3553368,0,0.2624435,0,0.04275435,0.04521347,0,0,0.3336731,0,0.120854,0,0,0,0.0585766,0.8092372,0.2398013,0,0.08368347,0,0.3581733,0,0,0,0,0,0,0,0,0,0,0,0,0,0,0,0.08063267,0,0,0.2268993,0,0,0,0,0,0,0,0,0,0,0.27254,0.1142262,0,0.2081671,0.3298397,0,0,0,0.04251277,0,0,0.5255123,0,0,0,0.1381442,0,0.003896915,0,0,0,0,0,0.2391246,0,0,0.5046183,0.09254472,0,0,0.2785943,0,0.1354791,0,0,0.300347,0,0,0.03329493,0.1613182,0.1707697,0,0,0.3382069,0,0,0,0.06139882,0,0,0,0,0,0,0.3051633,0,0.04364539,0.304148,0.8628587,0,0,0.6505792,0,0.9051453,0,0,0,0,0,0.3466335,0,0,0,0,0,1.058004,0,0,0,0,0.06856679,0.4205289,0.08455478,0.09291466,0.06197429,0,0.4061223,0,0,0,0.1144615,0,0,0,0,0,0.5378935,0.6976993,0,0.2816044,0.1247768,0.05749592,0,0,0,0,0,0,0.135342,0,0,0.01857774,0.2407246,0,0.2467319,0.1690518,0,0.002286757,0.06401379,0,0,0,0,0.2059596,0,0.2171732,0,0,0,0.4390634,0.01214401,0,0.2050975,0,0.06325144,0,0,0,0.5317214,0.2147651,0,0,0,0,0,0,0,0.331574,0.1634833,0.5198135,0,0.337225,0,0,0.7963303,0,0,0,0,0.7984073,0,0,0,0.5683225,0.05133382,0,0,0,0,0,0.06834907,0.4093637,0,0,0,0,0.3338282,0,0.1557582,0,0,0,0,0.4428452,0.2379703,0,0,0.8059232,0.027713,0.2147855,0.5430372,0,0.2276777,0,0.4108266,0.1389654,0,0,0,0,0,0,0,0,0,0.2696657,0.2970656,0,0,0,0.0429116,0,0,0,0,0,0.03593768,0,0.1450977,0.1149011,0.6223493,0,0,0.03400267,0.109417,0.5472787,0.1546876,0,0.03485825,0,0.05277868,0.2314739,0.1802483,0,0.1058302,0,0.04363878,0,0,0,0,0.3145812,0.1938838,0,0,0.1381206,0.02688394,0.5855169,0,0,0.3497188,0.2126473,0,0.232565,0.3159563,0.2555616,0.2286627,0.1751946,0.6659093,0.5607474,0,0,0,0,0.3971905,
0.05272806,0.4068874,0.1297637,0.1448622,0,0,0.6250896,0.2511951,0.1157619,0,0.6440167,0.5364193,0,0,0,0,0,0,0,0.4188421,0,0,0.2246445,0,0.3294279,0,0,0.1965618,0,0,0,0,0.0116862,0,0,0.8049821,0.6557197,0.03506874,0.07468333,0.232842,0.7130637,0,0,0,0,0,0,0,0,0,0,0,0,0,0,0.2363629,0.8507442,0.08591556,0,0.125853,0.1049955,0,0,0,0,0.194033,0.08231025,0,0.1623832,0,0,0.5069456,0,0,0,0,0,0.3494647,0,0,0,0.1627436,0,0,0,0,0,0,0,0,0.008339816,0,0.1218022,0.5130901,0,0,0.1870597,0.221039,0,0,0,0,0.3097397,0,0,0,0,0.09304898,0,0,0,0.232836,0,0.7522665,0,0.1392578,0,0,0.1633921,0,0,0,0,0.04242856,0,0,0,0,0,0,0,0,0,0,0,0,0.8390372,0.1896385,0,0,0.5216872,0,0.1918169,0,0,0,0.5590157,0,0,0,0.2300118,0.04282076,0.1631884,0.1981879,0,0,0,0,0.1113505,0.2253854,0,0,0.5119869,0.446111,0,0,0,0.209208,0,0.6035921,0,0,0,0.1622103,0.293242,0.06181158,0,0.2666267,0,0,0,0,0,0.1319149,0.2862605,0.2178992,0,0.2846804,0.07207914,0,0.2806709,0.05844419,0.6556683,0,0.06192867,0.2177186,0,0,0.203631,0.3816181,0,0,0,0.8960484,0.3444322,0,0,0,0.6384859,0,0,0.160064,0,0.9429936,0,0,0.2322478,0,0,0,0,0,0.1547279,0,0.3310149,0.6151229,0.519532,0.2324864,0,0,0,0,0,0,0.3564762,0,0.2535928,0.07439994,0.154697,0,0.4490612,0,0,0,0.09069268,0,0,0.4659777,0,0,0,0,0,0,0,0.1200096,0,0,0.8507774,0,0,0,0,0,0,0.01261787,0,0.0615297,0,0,0,0,0,0,0.08997086,0,0,0,0,0.5262781,0,0,0.1157196,0.8884372,0.07474604,0,0,0.2992845,0,0,0.7186587,0,0,0,0,0,0.2565027,0.2371205,0.2342491,0,0,0.637445,0,0.09101301,0.2872366,0,0,0,0.1284072,0.1946341,0,0,0,0,0,0,0.03865838,0,0.6001914,0,0,0.3854507,0,0,0.000665192,0,0.5160378,0.06213358,0,0,0,0.6182563,0,0.3084176,0,0,0,0.3884767,0.124788,0,0.3428622,0.4546545,0,0.2703237,0.4186307,0.7131067,0.3472603,0,0.7661312,0,0.1199106,0.04883297,0,0,0,0,0,0,0.804947,0,0,0,0,0,0,0.02175715,0.02287408,0,0.07993218,0,0,0.09149649,0,0.4000962,0,0,0,0,0,0,0.2097083,0,0.3876659,0,0,0,0,0.03439968,0.329792,0,0.02393743,0.5636136,0.1845722,0,0.1922398,0,0,0,0.2497495,0,0,0.4911487,0,0,0,0,0,0.1576115,0,0,0.3870037,0,0.6566921,0,0,0.2355146,0.5859951,0.003721806,0.7893785,0,0,0,0,0,0.3714679,0.2029388,0,0,0,0,0.1374043,0,0.02888067,0.2715012,0,0,0.3614097,0,0,0,0.3742767,0.3094906,0,0.3460453,0,0,0.3389822,0,0.03092874,0.007070853,0,0,0,0.5788095,0.4217694,0,1.036143,0,0.6093686,0.4148919,0,0.4084559,0,0,0.8636801,0.08251959,0,0,0,0,1.28758,0,0.6267312,0,0,0,0,0.02702444,0.5767508,0.04490802,0,0.0790556,0,0,0,0.229362,0,0,0,0,0,0.006522581,0.2009836,0.3472998,0,0,0.07790445,0,0,0.009146284,0,0,0,0.2634073,0,0.3149679,0,0,0,0.1516032,0,0,0,0,0.1940385,0,0,0,0.4110082,0,0.09354937,0,0,0,0,0.6080049,0,0.110703,0,0,0.1472068,0,0.3895699,0,0.3664218,0.2098471,0,0.1799084,0.06553385,0.1746441,0,0.06992155,0,0,0.1412586,0,0.2750692,0,0.4119578,0.531886,0,0,0,0,0,0,0.009423031,0.4760461,0,0,0,0,0,0,0.240649,0.02761298,0,0.2005074,0,0,
0,0,0.01546508,0,0,0,0.05127876,0.2416025,0,0,0.4166645,0,0.05983967,0,0.2250892,0.2976587,0,0,0,0.02335075,0,0.07386062,0,0,0,0,0,0,0,0,0.3200559,0.1773136,0,0,0,0.3876162,0,0,0,0,0.5708756,0,0,0,0.08213769,0.539301,0.1647246,0,0,0,0,0.4028566,0,0,0,0,0,0,0.2853842,0.3547238,0.1010949,0,0,0.09761354,0.04217641,0.1956151,0.2471409,0,0,0.3362518,0.6502985,0,0.02545876,0,0,0,0,0,0,0.008856761,0.03503958,0,0.2559503,0,0.04714783,0,0,0,0,0,0.5027243,0,0,0,0,0,0.7768025,0.1465914,0,0,0,0.6010743,0.4809772,0,0,0,0.0264555,0,0.3527814,0,0,0.2804142,0,0,0,0,0,0.2754689,0.2503938,0,0,0.05739338,0,0.1455134,0,0,0,0,0,0,0,0,0,0.1174962,0,0,0,0,0,0,0.104165,0,0,0,0.9939302,0,0,0.1723312,0,0.114017,0,0.2158626,0,0,0.3279893,0,0.5014564,0.2972175,0,0,0,0,0,0.9186717,0,0,0,0.9877102,0,0,0.06897258,0,0.3598945,0.2894886,0,0,0,0.0339366,0.2053018,0,0,0.008137827,0,0.315221,0.4204541,0,0.1356765,0,0,0.1244446,0.3914884,0,0.05763933,0,0,0,0,0.2839265,0,0,0,0,1.341208,0.4173575,0.4531512,0,0,0.220688,0,0,0,0,0,0.1219068,0.08876108,0.08860143,0.4913155,0.04425012,0.2813275,0,0,0,0,0,0,0,0,0.02032578,0,0,0,0.6823571,0,0,0.05630708,0.3144407,0.6065293,0.2280999,0.4158584,0.04833183,0.5166941,0.03138595,0,0,0,0,0.4585129,0.2706134,0,0.3259151,0.3482513,0,0,0,0,0,0,0,0,0.1614869,0,0,0.07940387,0,0,0.3098109,0.6975095,0,0.2002276,0,0,0,0,0,0,0,0,0,0,0,0.1786302,0.1593927,0.1465256,0.4176697,0.1956049,0,0,0.2345077,0,0.2310194,0,0.3750188,0,0,0,0,0,0.119705,0,0,1.225657,0,0,0,0,0.09653399,0.1132431,0,0,0,0,0,0.7507781,0,0.3299364,0,0,0,0,0.124525,0,0,0,0,0,0.01007956,0,0,0,0.2256325,0,0,0.9422631,0.1511669,0.2280522,0,0,0,0.08553474,0,0.2615931,0,0,0,0.2153289,0,0,0.13594,0,0,0,0,0,0,0.3492367,0,0,0.01171964,0,0,0,0.4154589,0,0,0,0.04940195,0,0.04725311,0.2518828,0,0,0,0,0,0.3558947,0.1372396,0.1080644,0,0,0.1940162,0.04754918,0,0,0,0,0,0,0,0.1865446,0,0.4919109,0,0,0,0.3322016,0,0,0,0,0,0,0.2680094,0,0,0,0.3513188,0,0,0,0,0.4253362,0.2766478,0.1028211,0,0.4502821,0.3502718,0,0.6316734,0.1044231,0.3361988,0,0,0,0,0.3398681,0,0.9852576,0,0.2146678,0.6621015,0.4263096,0,0,0,0,0,0,0,0,0.4173898,0,0,0,0,0.766595,0,0,0.008843984,0.1199055,0,0,0.1112459,0,0.2774245,0,0,0,0.3038291,0.4649237,0,0,0,0.1584852,0,0,0,0,0,0.2724198,0.1114527,0.5550656,0.02959763,0.3430669,0,0,0.0479307,0,0,0.0855901,0,0,0,0,0,0,0,0,0,0.1959821,0,0,0.2880853,0,0.2703464,0,0.0252612,0.4240673,0,0,0,0,0,0,0.02959002,0,0,0,0,0,0,0,0.8490519,0.01886295,0,0,0,0.8845437,0.3035889,0,0,0.813381,0.9269994,0,0.4640929,0.05257482,0,0.473426,0.2747435,0,0.04381876,0,0.05297692,0.2275008,1.01275,0.2940028,0,0,0,0.04803193,0,0,0,0.08831766,0,0,0.3605821,0.3537889,0,0.1546374,0,0,0,0,0.36937,0,0,0.0299956,0,0.5838557,0,0,0,0.5444168,0,0.1707957,0.2887857,0,0,0.1610347,0,
0,0.02506432,0,0,0,0,0,0,0,0.02559338,0.5671049,0,0,0.04904824,0,0.1667559,0.05782435,0.154208,0,0,0.3072711,0.8609003,0.3278925,0,0.1101119,0,0,0,0,0,0,0.2403415,0,0.5854042,0.03585575,0.04321158,0,0.07670938,0.2325243,0.329735,0.7162885,0.0733158,0,0.1542542,0.2000782,0,0.527112,0,0,0,0,0.06845341,0,0,0.3937714,0.1242547,0.2150466,0.0521147,0.02104932,0,0,0,0,0,0,0,0.476401,0,0,0.1025496,0,0,0,0,0.3723072,0,0,0,0.1141014,0,0,0,0.01297303,0,0.4603818,0.03554022,0,0.1588179,0.06435946,0.09980191,0,0,0.1916426,0.1572802,0,0,0,0,0.1317974,0,0.1837539,0,0,0.3847626,0,0,0.116146,0,0.5198155,0,0,0,0.2017314,0.3773166,0,0,0,0,0,0,0,0.03750889,0.4785544,0.04058029,0.4054071,0,0,0.333133,0.05119653,0,0.9756867,0.3977084,0.8863623,0,0,0.120794,0.112746,0,0.2382815,0,0,0.4740634,0.19866,0.1870535,0,0,0,0,0,0,0,0,1.060773,0,0.9436347,0,0,0,0,0,0,0,0,0,0,0.5446993,0,0,0.1013122,0.3020898,0,1.104,0,0.04195945,0,0,0,0,0.1062263,0,0,0,0,0,0.09595439,0,0,0.439702,0,0,0.06148821,0,0,0,0,0,0.09379539,0.08981932,0,0,0,0.2549132,0,0.288436,0,0,0.1162178,0.04176646,0.315434,0.5012792,0.03118526,0,0,0,0,0,0,0,0,0.1058037,0,0.06623951,0.6124222,0,0,0.1622543,0,0.1220105,0,0,0.4445944,0,0,0,0,0.3874779,0,0.3111843,0,0.2474061,0,0,0,0,0.2057246,0.0823057,0.2647986,0,0.09202778,0,0,0,0,0,0.1141388,0.09726875,0,0,0,0.03238947,0,0,0.03589284,0.05890786,0,0,0,0,0.3260651,0,0,0.2428075,0.7045758,0.136884,0.02147571,0,0,0.1540755,0.2068759,0,0,0.3321618,0,0.5216651,0.5513699,0,0,0.03068583,0,0.008442401,0,0.5337191,0,0,0,0.5580779,0.9784491,0.4076002,0.4505168,0,0,0,0,0.2971593,0,0.1150551,0,0,0.2271111,0.1265469,0,0.03433922,0.553582,0,0.3129915,0.1178422,0.2102008,0,0,0,0,0.06187829,0.9909141,0.7967043,0,0,0.251964,0,0.3271437,0,0.2564831,0,0,0.1568772,0,0,0.2650032,0,0.1604062,0.1544464,0,0,0.9143242,0.04889375,0,0.1240345,0,0,0,0.3298968,0,0.2829937,0.01481268,0.3536094,0,0,0,0.5943439,0,0,0,0,0.1916641,0,0,0,0,0,0,0.439317,0,0,0.6041564,0,0,0.4425747,0,0.02057504,0.172514,0,0,0,0.1232621,0.3296464,0,0.4065396,0,0,0.395596,0,0,0,0,0.2709325,0,0,0.3107228,0,0,0.1689161,0,0.02834515,0,0,0.2781257,0.2565496,0,0,0.0001552782,0,0,0,0.1973519,0,0.2984129,0,0,0.2593183,0,0,0,0.621424,0,0,0.03835946,0.2966734,0,0,0,0,0,0,0,0,0.564808,0,0.09081864,0.3289413,0,0.3136244,0,0.2779326,0,1.106025,0.5721878,0.05629558,0.6248441,0.3040506,0.4117834,0,0,0,0.1911633,0,0.09596938,0,0.650614,0.188981,0,0.03062944,0.5460864,0.5980909,0.2381603,0,0,0,0,0.09810537,0,0,0,0.3306767,0.581764,0.06027467,0.2826425,0,0.007320879,0,0,0,0,0.7152931,0,0,0,0,0,0,0,0.09092355,0.1985351,0,0,0,0,0,0,0.2645286,0,0,0.05100612,0,0.02908183,0.175046,0.06476878,0,0,0.09666944,0,0.1770278,0,0.08645177,0,0,0,0,0,0,0,0.5608313,0.3752539,0.3318406,0.1933273,0,0,0,0,0,0.5896626,0,0,0,0.05350514,0.0151493,0,0.3947866,0,0,0,0.0433437,0,0,0,0,0.1958552,0,0.08408538,0,0,0,0,0.5547452,0,0.4944534,0,0.08342179,0,0,0.4673396,0,0,0.09736691,0.4097179,0,0,0.1164033,0.5587727,0.4420993,0.3032078,0,
0,0,0,0,0.04285737,0.1619394,0,0.137373,0,0.02008452,0,0.2588278,0,0.393605,0.6281326,0.07375129,0,0.1803822,0.1714688,0,0,0,0.03824635,0.3022234,0,0.01340804,0.2290813,0.1260193,0.5081189,0,0.3653726,0.2315034,0,0.3914654,0,0,0,0,0.1442142,0,0,0.5611811,0.09905601,0,0.03897982,0,0,0,0,0,0.6139618,0.05447391,0,0.219771,0,0,0,0,0,0,0,0,0,0.07554531,0.05654938,0.1772568,0,0,0,0,0,0.180825,0,0.01417835,0,0,0,0.02706138,0.3983063,0,0.7882217,0,0,0.3093898,0,0,0,0,0,0.372498,0,0,0,0,0,0,0.1304161,0.2612953,0,0.1112384,0.3375142,0.3981058,0,0,0,0,0,0,0,0,0.5421199,0,0,0,0,0,0,0.3146231,0.4500964,0.2919423,0,0,0.2696034,0.265481,0.5818406,0.2638021,0,0,0,0.06421065,0.3955369,0.1636542,0.15806,0,0.2850254,0,0.03661783,0,0,0,0.2587919,0.06612241,0.02080312,0.7519843,0,0,0.4266478,0,0.1358281,0,0.1497021,0,0,0,0.195388,0,0,0.1183077,0,0,0,0,0,0.1712742,0,0.2786196,0,0.1636441,0.08349814,0,0.04412591,0,0.08486851,0,1.049076,0.4160722,0,0.1862369,0.252847,0,0.03259587,0,0,0.2121686,0.8744773,0,0,0,0.03247161,0,0,0,0.5177115,0.4755139,0,0,0,0,0.02408652,0,0.1407628,0,0,0.09724049,1.053519,0,0,0.6944461,0,0.3180413,0,0.2198224,0,0,0,0,0,0,0.4100798,0,0,0.1334107,0.18572,0,0,0.005118897,0,0,0.09394475,0.3707093,0.06137321,0,0,0,0,0.2529871,0,0,0.6658472,0,0,0.1472244,0,0.1100867,0,0,0,0,0,0,0.01953249,0,0.180743,0.1508633,0,0,0.04425083,0,0,0.1120576,0,0,0,0.186696,0.8517995,0,0,0,0,0.2170176,0.130448,0.03116661,0,0,0,0,0.1758439,0.2140574,0.5680259,0,0,0,0.09542651,0.02085417,0,0,0,0.71483,0,0,0.2298272,0,0,0,0,0,0.09841973,0,0.4668567,0,0,0,0.3393752,0,0,0.2112868,0,0.6064972,0,0,0,0,0.9288949,0,0.1462581,0.4595338,0,0,0,0,0,0,0.009397826,0,0.3914417,0.3065367,0,0,0,0.177725,0.3080446,0.2554113,0.000729086,0,0,0,0,0,0,0,0,0.09091467,0.5832553,0.1898049,0,0.02691229,0,0,0.009805079,0,0,0,0.02846825,0,0.4810251,0.2597305,0.6425463,0.130442,0,0,0,0,0,0.0809513,0.3757575,0,0.8145282,0,0.1413523,0.1667663,0.545227,0.4254883,0,0.2279745,0,0,0.2115275,0,0,0.3369898,0,0.1761817,0.5995536,0.4266034,0,0.3306078,0,0,0,0,0,0.4278033,0,0,0,0,0,0,0.3515365,0,0,0,0.1213939,0,0,0.3061514,0,0,0,0,0,0.4796973,0,0.8416857,0,0,0,0,0.1117831,0,0,0,0,0,0,0,0,0,0,0,0.3832128,0,0.03300947,0.6827452,0.1040698,0.009777898,0,0.4622823,0,0,0.5768689,0,0,0,0.1545401,0.1353112,0,0.03265426,0.3787382,0,0.310265,0.5041932,0.2798126,0,0,0.4799504,0,0,0,0,0.2020892,0.1095659,0,0,0,0,0,0,0.4817266,0,0.3489366,0,0,0,0.3980234,0,0.4015222,0.634979,0.369281,0,0.0655895,0.06851217,0.1000234,0,0.07361194,0,0,0.06802744,0,0.06723507,0.1100233,0.3787552,0.3338259,0,0,0.2424587,0,0,0,0.1299897,0,1.046982,0.5135067,0,0.3244147,0.2965364,0.1657342,0,0.2326424,0.9082903,0.779628,0.3445429,0,0,0.1167565,0,0.5776632,0,0.3312722,0.2504612,0,0,0,0,0.2266805,0.03444282,0,0,0.1207616,0,0,0,0.4607058,0,0.1722987,0,0.6659653,0,0.07786732,0.2469574,0.647338,0,0,0,0.219824,0,0,0,0.2278773,0,0.001915523,0,0.2225332,0.3040064,0.1470762,0.1868171,0,0,0,0,0,0.1788933,0,0,0,0,0,0,0.379255,0,
0,0,0,0.07367601,0.787082,0.4579105,0,0,0,0,0,0,0.01215883,0.06606003,0,0,0,0,0,0,0,0,0,0,0,0.1357925,0,0,0.2339176,0,0,0,0.140116,0,0,0,0.1610449,0,0,0,0.3022458,0.1263584,0,0.5851333,0.0709868,0,0,0.1962848,0,0,0.1234818,0,0.009592316,0.4036942,0,0,0.5805554,0.2190783,0,0,0.06641733,0.1785558,0.06640299,0.1489183,0.4079883,0,0,0.3803456,0,0,0.4272405,0,0,0,0,0,0,0,0.3279112,0,0.4566383,0.514716,0,0.1373673,0,0.3633273,0,0,0.06830659,0,0.372452,0.2155041,0.07398114,0,0.008285477,0,0,0,0,0.09926866,0,0,0.1103571,0,0,0.1020048,0.1185437,0.177502,0.2868364,0,0.09666485,0.184335,0,0,0,0.1154702,0,0,0,0.05089761,0.2630493,0,0,0.260323,0,0,0,0,0,0,0,0.1480305,0.2072112,0.1171353,0,0.8668215,0,0,0,0,0,0,0,0.3545238,0.4386216,0,0.08493152,0.2235045,0,0,0,0,0.2656108,0,0,0.2429658,0.4246005,0,0.1455975,0.4947654,0,0.1684467,0.1806122,0,0,0.1289788,0.09726404,0,0.1634463,0.1545123,0,0.01604808,0.2495607,0,0.09533864,0.3370222,0,0.1464302,0,0.2252883,0,0,0,0.3793576,0.07269203,0,0,0,0,0.09158222,0,0,0.2295877,0.1720732,0,0.5791149,0.03320954,0.2440981,0,0.4387939,0,0,0,0.2399803,0,0,0.5817959,0,0.1373715,0,0,0.03066338,0,0,0.4443527,0.04056213,0,0,0.2509177,0.1286424,0.2514786,0.2544817,0,0.1596705,0,0,0,0,0.1207603,0,0,0.08460617,0,0,0.6555992,0,0,0.2346793,0,0,0,0,1.035107,0.0417438,0.7370933,0,0.06981281,0.09742565,0,0,0,0,0.4078311,0,0.5691219,0,0,0,0.1373839,0,0,0,0.1547742,0,0,0.41751,0,0,0.1682475,0,0,0.5068734,0,0,0,0,0,0.251731,0,0,0,0.299747,0.04568694,0.2315178,0.3327146,0,0.1614985,0,0.03339597,0.2218776,0,0,0,0.2393757,0,0,0.143776,0.8976797,0,0.2750575,0,0,0.008293685,0,0.07669836,0,0,0,0,0,0.2249527,0.3911642,0.4277392,0.3441467,0.09121452,0,0,0,0,0.3260086,0.2282494,0,0,0.08177567,0,0,0.9940609,0,0,0,0,0.5051576,0,0,0.5737807,0,0,0.5814091,0.0007616752,0.5580408,0.1711198,0.1205572,0,0.1792376,0,0,0,0,0,0,0,0,0.2786978,0,0,0.05721315,0,0,0,0,0,0,0.2891775,0,0.3281647,0,0.05535965,0.01036579,0,0,0.06038781,0,0.04476725,0.1450511,0.5114765,0.3091774,0,0.1609169,0.108846,0,0,0,0,0.1109764,0.1542222,0.1014354,0,0,0,0.07231569,0,0,0.0420773,0,0.1183885,0.06007815,0.4584689,0,0,0.06699181,0,0,0,0,0.0006734833,0.1393976,0,0.4151798,0,0.3002723,0,1.391536,0,0,0,0,0,0.6357244,0.05047878,0,0.04569383,0.06668615,0.5461288,0,0.04232411,0.4361582,0,0,0.2138255,0,0,0,0.4108118,0,0,0.4772806,0.3559699,0,0.2825361,0.4671427,0.8920729,0,0,0,0,0,0,0,0.2801594,0,0,0.1333211,0,0,0.1200336,0.09795001,0.05374784,0,0,0.3412537,0,0.319127,0,0,0.8522837,0,0.6200542,0.1100917,0,0.1894905,0,0,0.2671963,0,0.1069882,0,0,0,0.413935,0,0.1763544,0,1.372641,1.08896,0,0.3675156,0.7880796,0,0,0,0.2912151,0.3597202,0,0,0.05116761,0,0,0,0,0,0,0.1647828,0.3094637,0,0,0.5030683,0,0.04405219,0,0,0.9391702,0,0,0,0,0,0.2016426,0,0,0,0,0.2335589,0,0,0,0.1516548,0.5185756,0,0.182108,0.346764,0.1613599,0.1205832,0,0,0,0,0,0,0.2408793,0,0,0.2779188,0.5890717,0.03661525,0,0.1748859,0,0,0,0,0,0,0,0,0.1916245,0,0,0,0,0,0,0.2207567,0.5086249,0.2584405,0.5653985,0.7891076,0,0.3567277,0,0,
0.2166929,0,0.2017636,0,0,0,0,0.5432547,0.1724822,0,0.7088858,0.0249148,0,0.2727426,0,0,0,0,0,0.04330798,0,0,0,0,0,0,0,0,0.5594419,0,0.05414839,0.1041896,0.4465342,0,0.4854011,0,0,0.3446945,0.5218328,0,0,0.1772764,0,0,0.4404413,0,0,0,0,0,0.237253,0,0,0,0,0,0,0.4552219,0.7997887,0,0.1287878,0,0,0.08485473,0,0,0,0.9214592,0.09398393,0.7820124,0.4434487,0,0,0,0,0.4911085,0,0,0,0,0.07399864,0,0,0.226358,0.2729205,0,0.2359248,0,0,0,0.1040523,0.978491,0,0.5916044,0.01930689,0,0,0,0,0,0,0,0,0,0.1433218,0,0,0.5209649,0,0,0,0.1603879,0,0.01977214,0.1019711,0,0.8189407,0.3101837,0,0.08997905,0,0.2258122,0.006597864,0,0,0.3463895,0,0,0.3623442,0,0.3375431,0,0.3317599,0.3859124,0.04953609,0,0,0.0665666,0.3191976,0.2751242,0.1340325,0,0,0,0,0.6593252,0,0,0,0.4988753,0,0.5554886,0,0,0.1699401,0,0.2911409,0.3902818,0.05382998,0,0,0,0.09425401,0,0,0,0,0.504162,0,0,0.2185239,0,0.1600653,0.5896372,0,0,0,0,0,0.6029804,0,0.273836,0,0.1859089,0,0,0.3213462,0,0,0.385202,0.3750515,0,0,0.03382531,0,0,0,0,0.2553061,0.1638075,0.01294643,0,0.4922579,0.4112923,0,0,0.3211052,0,0,0,0.2419292,0,0,0.3303338,0.008727022,0.00379717,0,0.1729412,0.144066,0.03884405,0,0,0,0,0,0,0.1214873,0,0,0.3978492,0.2290934,0,0,0.3158559,0,1.186108,0,0.1132321,0.316927,0,0.2814935,0,0,0,0.1976528,0,0.4399216,0.4570157,0.1963812,0,0,0,0.1625898,0.2345083,0,0.3530514,0,0,0,0,0,0,0,0,0,0,0.1091721,0.1180293,0,0,0.6433083,0,0,0,0,0,0,0.2913298,0,0,0.002144963,0,0,0.1692976,0.349371,0.2513549,0,0,0,0.0001149845,0,0,0,0.5818026,0,0,0,0,0.8474389,0,0.2724993,0.3061154,0.3433602,0.5517119,0.4227496,0,0.1502608,0.4070742,0.7093273,0.3004446,0,0,0,0.6704904,0,0,0,0,0,0,0.1569305,0,0,0.1256501,0.07087773,0,0,0.06972666,0,0,0,0,0,0.1979509,0,0,1.617645,0.02285412,0,0,0.6532018,0.0174656,0,0,0.2793586,0.3163346,0,0.7699613,0.3041253,0,0.0415133,0.1449807,0,0,0.2320857,0,0,0,0,0.1096956,0.06431074,0,0.4083366,0.3178397,0.108248,0.8778365,0,0,0.909809,0,0,0.1405009,0,0,0,0,0.2500633,0.2593701,0.2309176,0.1449695,0,0,0,0,0,0.6561485,0,0.6655897,0,0.4053219,0.04288347,0.4328872,0.8104575,0.3065258,0.2987278,0.2336978,0,0.138417,0.02351186,0.4327351,0,0.109568,0.1680392,0.145679,0,0,0,0,0,0.1849279,0,0.08308996,0,0,0,0,0,0.1614305,0,0.422015,0,0,0,0.1525501,0.6114565,0,0,0,0.3341373,0,0.7314185,0.3595706,0.04113121,0,0,0,0,0,0.00158902,0.365902,0,0,0.1504699,0,0,0,0.4025872,0,0.7559932,0,0,0,0,0,0,0.5631542,0,0,0,0,0.445044,0.04236495,0.02142622,0,0,0.8631873,0.1365982,0,0,0,0.302583,0.3625419,0,0,0.7018623,0.2195511,0,0,0.02145974,0,0,0.02154055,0.3145973,0,0,0,0.406658,0.3623204,0,0,0.2131927,0.07282837,0,0,0,0.2736314,0,0.07112931,0,0.1535702,0,0.2531948,0,0,0.6053321,0,0,0,0.2161404,0,0.02386738,0.5506659,0,0,0.1880612,0.1552493,0.0552045,0,0.07816131,0.1500709,0,0.2243574,0,0,0.4698297,0,0,0.6351606,0.5344243,0,0,0,0,0.03943446,0,0.02820051,0.3626105,0.5636646,0,0,0,0,0.02678259,0,0,0,0.2762054,0,0.23319,0.2530628,0,0,0,0,0.7043499,0,0,0.2966689,0.09226682,0.2766706,0,0,0,0,0,0,0,0,0,0,
0,0.2163411,0,0,0,0,0,0,0,0.8653921,0,0,0,0,0.09551547,0.6203912,0,0.01277101,0,0,0,0.9128145,0,0,0,0,0,0,0,0,0,0,0,0.4732714,0.03919138,0,0,0,0,0,0,0.1305549,0,0.3271252,0.1626058,0.1242891,0,0.05668285,0,0.1875483,0,0,0.08892495,0,0,0,0.2135373,0.2907592,0.6484804,0.1432448,0.8868465,0.04487527,0.02597313,0.3084807,0.5201609,0,0,0,0,0.2656782,0,0,0.1038271,0,0,0,0,0,0,0.4178717,0,0,0,0.291227,0,0,0.03986033,0,0.06483962,0,0,0.375021,0,0.6637067,0,0,0,0,0.02153913,0,0.006842246,0,0.6173538,0,0,0.2511963,0,0.4284783,0.05675029,0.2959014,0,0.07374776,0,0.1216238,0.07975069,0,0,0,0,0.5528013,0.176426,0,0,0,0,0.1229885,0,0.08265447,0.4886914,0,0,0,0.3186132,0,0,0,0,0.1294029,0.2433432,0.07591879,0,0,0.07295759,0,0,0,0,0.3666329,0,0.0008484547,0,0,0,0,0.06252819,0,0,0,0,0,0.3361937,0.1900307,0.3372645,0,0,0.1621795,0.2636715,0.3445918,0.0421189,0,0.1307755,0,0.1549941,0,0.3758069,0,0.4424356,0.4013928,0,0,0,0,0,0,0.1342684,0.357819,0.2113882,0,0,0,0,0,0,0.7060214,0.4924191,0.08636185,0.2024917,0.2219276,0.1741766,0,0.3526188,0.0888203,0,0,0,0,0.08270733,0.5412514,0,0,0,0,0,0.1346783,0,0.0006387502,0.9276115,0,0.1431452,0,0,0,0.2421575,0,0,0.3424796,0,0,0,0,0,0.1225903,0.1368872,0,0,0.6092113,0,0.2409523,0.4443975,0,0,0.1095587,0,0,0.1710026,0,0,0.4595132,0.2579686,0,0.3681829,0,0.8140255,0,0,0,0.04043898,0.01016885,0.2198556,0.3669445,0,0,0,0,0,0,0.1057371,0,0,0,0,0.4956867,0.424669,0.5832942,0,0.464341,0,0.3444091,0.1584134,0,0,0,0.1298077,0,0,0.8324077,0,0.0004476536,0,0.319367,0,1.20949,0,0.4299881,0,0.1931035,0.2386655,0,1.194653,0,0,0,0,0,0,0,0.1384596,0,0.7356333,0.1186626,0.5099713,0.1987176,0.1326488,0,0.8700811,0,0,0,0,1.057567,0,0,0,0,0,0,0,0.235282,0.8187039,0,0,0.3528093,0,0,0,0,0.0463428,0,0.579116,0,0.3832927,0.5289112,0,0.1546235,0.6789629,0.03910618,0,0,0,0,0.06734317,0.008454567,0.1599647,0,0.8037643,0,0,0,0,0,0,0,0,0,0,0,0.1785525,0.09397994,0.06473774,0,0,0,0,0,0,0.2724899,0.4954207,0.5397683,0,0,0,0,0,0.01874971,0,0.5734128,0,0,0.1740031,0,0,0,0,0,0.2762765,0,0,0,0,0,0,0,0.4012928,0,0,0.2843708,0.3343819,0,0,0,0,0,0,0,0,0.356607,0,0.3553777,0,0,0,0.3391606,0,0.07134618,0,0.5533641,0,0,0,0.3735093,0.6275156,0.1320964,0.1453738,0.4219679,0,0,0,0,0,0,0,0,0,0.04850366,0,0,0.06880838,0.1798693,0,0,0,0,0,0.09449834,0,0,0.2297051,0.07960457,0,0,0,0,0,0,0,0.006123918,0.09132129,0.7115842,0,0.03353709,0.2341666,0.4024072,0,0,0,0,0.1506821,0,0,0,0.04849593,0.05922666,0.3229625,0,0,0,0,0,0,0,0.006130083,0.2808993,0.4843486,0.04345473,0,0.2241173,0,0,0,0,0,0,0,0,0,0.3025112,0.1654275,0,0,0.2247468,0,0,0.2431827,0,0,0,0.3621352,0,0,0.2403986,0,0.3591563,0.4218692,0,0.1700925,0,0,0,0.01540636,0.1456399,0.03783087,0,0.1822857,0,0,0,0.5996568,0,0.1716142,0,0,0.01047838,0,0,0.4027906,0.1869031,0.04075376,0.161815,0,0,0,0.02271544,0,0.07742888,0.4920248,0.1294101,0,0.3296387,0,0,0.04110389,0,0,0,0,0.3351869,0,0,0.1521967,0,
0.2207719,0,0.463047,0.3269187,0,0,0.2130393,0.02804269,0.3617576,0,0.4788782,0,0,0,0.398741,0,0,0.3369368,0,0,0.6896423,0,0,0,0,0,0,0,0,0,0,0.103879,0,0,0,0.6269999,0,0,0,0,0,0.34769,0.04010281,0,0,0.2340031,0.8939086,0,0,0,0,0,0.6582097,0,0,0,0,0,0,0,0,0,0,0,0,0,0.162106,0.3580196,0,0,0,0.6610276,0,0,0.07553493,0.04990361,0.6642297,0.1204422,0,0,0,0,0,0,0.4039152,0.05326184,0.4358914,0.3079718,0,0.306371,0,0,0,0.006227612,0.08504722,0.2389718,0.8665084,0.5191869,0,0.237528,0,0.02086645,0,0,0.1142619,0.1578761,0.5033123,0,0,0,0,0,0.4469284,0,0,0,0.2761633,0,0,0.2751143,0,0,0.5167965,0.2717106,0,0,0.05936318,0.4593962,0,0,0,0,0,0,0,0,0,0.01135614,0,0.3975674,0,0,0.1146101,0,0,0,0.2254508,0.00259454,0.7950521,0,0,0,0.5380307,0.1189208,0,0.2631527,0.6958316,0,0,0,0.3791486,0,0.03653993,0.0395583,0.2371891,0.01911362,0,0,0,0,0,0.4386924,0,0.1698278,0.07655008,0.1441495,0.4699919,0,0.6101805,0,0.1164769,0.3250469,0,0,0,0,0.5671829,0,0,0,0,0,0,0.3521243,0,0.3868723,0,0,0,0.1520594,0,0,0,0.1313767,0.2453735,0,0,0,0.09225949,0,0,0,0.07746547,0.3530376,0,0,0.1120952,0,0.01902907,0,0,0.3225743,0,0,0.3321047,0.269004,0,0,0,0.2071311,0.07773212,0.02208505,0.467163,0,0,0.5965883,0,0.2500357,0,0.01452704,0,0,0,0,0,0,0.2411562,0.2663617,0,0.02512619,0,0.840702,0,0.08656633,0,0.8582199,0.6412883,0,0,0,0,0.0203183,0.21019,0,0,0,0,0,0.1977695,0.8364509,0,0,0.09303126,0.08294174,0,0.6168953,0,0,0,0.5357732,0.4352617,0,0.2759254,0.6437498,0,0,0,0,0,0,0.6012274,0,0.2257069,0,0,0,0,0.2006294,0,0.1156496,0,0.07230405,0,0,0.1288461,0,0,0,0,0,0,0,0,0,0.3894823,0.1773668,0,0.05585879,1.125587,0,0,0,0,0,0,0,0,0,0.01032863,0,0,0.1051527,0.2518624,0.2552635,0,0.149134,0,0,0,0,0,0,0,0,0,0.009850606,0,0.09440815,0,0,0.0859392,0,0.4585913,0,0.01400787,0,0,0,0.2066637,0.288961,0.136716,0,0,0,0,0,0,0,0,0,0,0,0.4728803,0,0,0.5545096,0,0.3018095,0.7444061,0,0,0,0,0.2299837,0.07564472,0.6786129,0,0,0.07109015,0,0,0.05645268,0,0.2932086,0,0.5288032,0,0.03024226,0,0,0,0.04639807,0.4080284,0,0.3571735,0,0.1243025,0,0,0,0.1342545,0,0,0.5437657,0,0.4272002,0,0.5601158,0,0.05034975,0.1094381,0,0.364854,0,0.4006747,0.4875755,0,0,0,0.4439586,0,0,0,0.1020804,0,0.03142964,0.2520049,0.1321788,0,0.05939977,0,0,0.005556954,0,0.03558427,0,0.04559531,0.2325111,0.2691443,0,0,0,0,0.129035,0.776617,0,0,0,0.1656484,0.2718131,0,0.1611195,0,0.1137206,0.1187127,0,0.4410228,0,0.03647867,0.0799461,1.205436,0.03524433,0.1888314,0.8411222,0,0,0.1520843,0,0,0,0.5698735,0.1573561,0,0,0.293567,0.2758657,0,0,0,0,0,0,0.09445154,0,0,0,0.183733,0,0,0,0,0.5286164,0.5794571,0.02882661,0.141924,0,0,0,0,0.04509841,0,0,0.2701969,0.2407844,0,0,0.8761269,0,0.3755316,0.3125301,0,0,0.109677,0,0,0,0,0,0,0,0.03358013,0,0,0,0,0.23167,0,0,0.4681359,0.2161361,0,0.4983891,0,0.3230116,0,0,0.6772262,0,0.1425486,0,0,0,0.06968165,0,0,0.6950439,0,0,0,0.07784773,0.6101922,0.4875469,0,0,0,0.07724462,0.7588204,0,0,0,
0,0,0,0,0,0.01517388,0,0,0,0.509945,0,0.2972327,0,0.5230413,0,0.1492702,0,0,0,0,0,0.6379288,0,0,0.7128414,0,0,0,0,0,0.0209032,0,0,0.115297,0.6691208,0,0,0,0,0.2058989,0,0.04528989,0.0318115,0,0,0,0,0,0,0,0.471051,0,0,0,0,0,0,0,0,0.08203869,0.2096487,0.3789058,0,0,0,0.01979203,0.5171173,0,0,0,0.411843,0,0,0,0.182101,0.1022892,0,0,0,0,0,0.1567638,0,0.03877228,0,0,0.2312274,0.02717211,0,0,0.02339544,0,0,0,0.312704,0.2759006,0.2894211,0,0,0,0.2728667,0,0,0,0,0,0,0,0,0.02479948,0,0,0.04223058,0,0,0,0.3887331,0.1948097,0,0,0.03343838,0,0,0.0591655,0.0411674,0.1314678,0.3587903,0,0.01920564,0,0.07634625,0,0.8438834,0,0,0,0,0,0,0.1844158,0,0.1235284,0,0,0,0,0,0.650781,0,0,0,0,0.1196003,0,0.3535868,0.3476669,0.4950773,0.2440645,0.04594478,0,0,0,0,0.1262379,0,0,0,0.2831933,0.08632959,0,0,0,0,0.1104197,0.2596266,0,0.2924463,0,0,0.1037471,0,0,0,0,0.0007055138,0.3863893,0.3626819,0.1805157,0.4479314,0,0,0,0,0.08117244,0,0,0.04870904,0,0.05593524,0.2405662,0,0,0.1149465,0,0,0,0.002517314,0,0,0,0.4263058,0,0.2041064,0,0.6237406,0,0.1541344,0,0.6010442,0,0.2344301,0,0.1391957,0,0.0406655,0,0,0,0,0,0,0,0,0,0,0.9023328,0,0,0,0,0.2656768,0,0,0,0,0,0,0,0,0.3929449,0,0.05994092,0.07668675,0.3315174,0.1680148,0,0.2644288,0,0.2220813,0,0,0,0,0,0,0.6602592,0.3585537,0.399767,0,0.3785536,0,0.4747129,0,0.4579203,0,0,0.1033663,0.07210035,0,0.5052552,0.2260837,0,0,0,0.01270264,0,0,0,0,0,0,0,0,0.3246972,0,0.7615854,0,0.06295855,0,0.1415705,0.2594463,0,0.07106587,0,0,0,0,0.2089018,0,0,0,0,0,0,0,0,0,0.3247428,0.01148032,0,0.114298,0,0,0,0,0,0,0.07471813,0,0,0.3134751,0.1127601,0,0,0.1418121,0,0.1068251,0.1360488,0.2232019,0.6233777,0.1771494,0,0,0.3660933,0,0,0,0,0,0,0.7746291,0.561339,0,0.4291157,0,0,0,0.8645829,0.0125254,0,0,0,0.1373859,0,0,0.6422713,0,0.08524123,0,0.05850348,0,0,0,0,0.3721331,0.4621339,0,0,0.06025719,0,0.1241845,0,0.01364711,0,0,0,0,0,0.1741481,0,0.7722979,0,0.1475503,0.1557637,0,0,0,0.430115,0,0,0,0,0,0.06639227,0.1165272,0,0,0,0,0,0,0.5066912,0.7338403,0,0,0,0.4008492,0.02133396,0,0,0,0,0,0.1267049,0.2369706,0.5527976,0,0.3010428,0,0,0,0,0,0,0,0,0.1442612,0.3153417,0,0.6811967,0.4503005,0,0,0.8376552,0,0.6372617,0.5954261,0,0.2230264,0.419771,0.1414624,0,0.5301167,0.5585287,0,0,0,0.02622799,0.3614675,0,0,0,0,0,0.1707139,0,0,0,0,0,0.2146553,0,0,0.5267531,0,0.8235811,0.1283677,0.4124385,0,0.2952355,0.2729576,0.2601942,0,0,0,0,0,0.203993,0.02156604,0,0,0.1419934,0,0,0,0,0,0,0.3480917,0.6138101,0,0,0,0,0,0,0,0,0.7057446,0.5673175,0,0.3563008,0,0,0.2498042,0.8003001,0.117037,0,0.08335079,0,0,0.8363823,0.1873717,0,0,0.4067486,0,0.1915333,0,0.7166861,0,0.02902065,0,0.07440571,0.2843708,0.1315929,0.5501373,0.3276748,0,0.6929559,0,0,0.06916907,0.5010461,0,0.4400492,0.553009,0,0.6557677,0.1846502,0.195672,0.5711071,0,0.1395178,0.2766879,0,0,0,0,0.6374859,0,0.4619508,0.005840042,0,0,0,0.2497674,0,0.05126757,0,
0,0,0,0,0,0.2105691,0,0.04218656,0,0.1216619,0,0,0,0,0.1026392,0.3909672,0,0,0,0,0.1302383,0,0,0,0,0.06923612,0,0,0,0.3006558,0.1329024,0.1228229,0,0.2703537,0,0,0.01294007,0,0,0.2769209,0.3427628,0.1252721,0,0.1946388,0.7771232,0,0,0.2491963,0,0,0,0.09544113,0,0,0.1792566,0.1018648,0.1656558,0,0,0,0.2986107,0,0,0.4768356,0,0,0,0.2115482,0,0,0,0,0.06873991,0,0,0.03494472,0,0,0,0,0.327004,0,0.2573524,0.08988886,0,0.1573817,0.2955561,0,0,0.2271368,0,0,0.1442348,0.3924961,0,0,0.5115811,0.8258841,0,0.4280105,0,0,0.606625,0,0.1103297,0.2054697,0.9303868,0.490602,0,0,0,0.3980538,0,0,0,0,0.4566675,0,0,0.6411651,0.06809394,0.09916773,0,0.4642744,0,0.3888648,0,0,0,0,0.2047226,0.0494331,0,0,0,0,0,0.1345462,0,0.03572704,0.06139193,0.007540281,0,0,0,0,0,0.1252985,0.08350833,0,0,0.3863604,0.05580764,0.1034352,0,0,0.1757641,0,0.09757515,0,0.1683701,0.193525,0,0.007699687,0,0,0.8072011,0.7673742,0,0.3301841,0.5107535,0.0878487,0,0,0,0,0.01847629,0,0,0,0,0.1861323,0,0,0.2804554,0,0,0.07276682,0,0,0.4540778,0,0,0,0,0.08880554,0,0.01974721,0.1369179,0.07401647,0,0,0,0,0.02811325,0.2352125,0.04636461,0.1901071,0,0,0,0,0.2620732,0,0,0.2267388,0.2026525,0,0.5554789,0,0.02950302,0.5458441,0.1585577,0,0,0.1226957,0.4628391,0.4696206,0,0,0.1109222,0,0.5446213,0,0.04797589,0,0,0.3308817,0,0.5364274,0.6060076,0.2795064,0,0.3615782,0,0,0.262702,0.3947448,0.3276735,0,0,0,0.1457784,0.5915828,0,0.4997779,0,0,0.2977035,0,0,0.5663018,0,0,0,0,0,0,0.441347,0.6728969,0,0,0.3525666,0.01369336,0,0,0.2970076,0.1042601,0,0,0,0,0,0,0,0,0,0,0,0,0,0,0.2731766,0,0,0,0,0,0,0.9521909,0,0,0,0.2014517,0,0,0.2233603,0,0,0,0.5533185,0.05273367,0,0,0,0.4493892,0,0,0.3300782,0.8285179,0.1648436,0,0,0.1100115,0,0,0,0,0.225309,0,0,0.6980502,0.1526622,0.04422616,0.4346823,0.3147497,0.3594702,0.2682261,0,0,0,0.09975326,0,0.5659719,0.07192892,0,0,0,0.1214984,0,0,0.6316286,0,0,0,0,0,0,0.2762372,0,0.6621538,0.1191032,0,0.3580374,0.1716391,0.01359955,0,0,0.1191233,0,0,0,0,0,0,0.106548,0,0.1358416,0.1720629,0,0,0,0.2247239,0,0,0,0,0.1645157,0,0,0.0487542,0,0.2199499,0,0,0.09874298,0,0.5679191,0.5813336,0,0.3469813,0,0,0.08304064,0,0,0.2717631,0.1882435,0,0.1900996,0,0.6498897,0,0.07517024,0.2703215,0,0.1086439,0,0,0,0,0,0,0,0,0.5907806,0.4542668,0,0,0,0.3825507,0,0,0,0,0,0,0.209007,0,0.06951823,0.1167876,0,0,0.6153584,0,0,0.6642374,0.03480543,0,0.08859462,0,0,1.00457,0.5207478,0.01364933,0,0,0,0,0.3259521,0,0,0,0.2618443,0,0,0,0.01756782,0.6871627,0,0,0.6166316,0.09371778,0,0,0.6716645,0,0,0.5652669,0.432182,0.3313577,0,0,0,0.4654451,0,0.3927775,0,0.3074609,0.5871339,0,0,0,0.2161006,0.663492,0,0.1377909,0.007003964,0.2193206,0.8590814,0.2629698,0,0.02786375,0,0,0,0,0,0.3691571,0.1094339,0,0.7131836,0,0,0.2120442,0,0.7438806,0.2093835,0.2011672,0,0.1079414,0,0.04151285,0,0,0.3419815,0,0.2512514,0.5297173,0.5551774,0.5020241,0.6911779,0.3629602,0,0.108119,0,0.1580281,0,0,0.5979915,0,0.5042165,0,0,0.2494178,0,0.2189125,0,0,0.591351,0.4021266,0.8299733,0.4458483,0.3493094,0,0,0,0,0,0,0,0,0,0,0,0,0,0,0,0.007039567,
0,0.02916972,0,0,0,0,0,0,0,0,0.1278034,0,0,0,0.3055951,0,0,0,0.1286302,0,0,0,0.1131058,0,0,0.128372,0.3571623,0.2775544,0,0,0,0.01471777,0,0,1.029237,0.5636243,0.3833008,0,0.02346849,0,0,0,0.1851261,0.01831324,0,0.0119836,0,0,0,0.1348082,0,0,0,0,0.4876118,0.4075178,0,0,0,0.03508684,0.1727797,0,0,0,0,0.3358541,0.3163506,0,0.4054147,0,0,0.03951431,0.3426208,0.6385632,0.0275206,0.1494583,0.7594796,0.3882641,0,0,0,0,0.04064324,0,0.1112976,0,0.2070211,0.3889852,0.1978779,0.06108907,0.06645508,0,0,0.1630784,0,0,0,0,0,1.074488,0,0,0.7447874,0,0,0,0,0,0.2495405,0.5383529,0,0.0845764,0,0,0,0,0,0.1235996,0,0,0,0.6495126,0.5668545,0.4564065,0,0,0,0,0.08665013,0.1636256,0,0.04574353,0.4617472,0,0,0,0,0.5515225,0.2507019,0,0,0.148628,0.7449153,0,0.9124112,0,0.4022949,0.09247336,0.6703279,0.2025201,0.2239233,0.1060116,0,0,0.415516,0,0.02718688,0,0,0,0,0.2461423,0,0.152785,0,0.03542467,0,0,0,0,0,0,0.9584136,0.2843086,0,0,0,0.3437034,0,0,0,0,0.4659895,0,0,0,0,0.1982976,0.03367909,0,0,0.1991884,0,0,0.4015809,0.555109,0,0.4472265,0,0,0,0.1478889,0,0,0,0.1952599,0.06645194,0,0,0,0.3681121,0.02178386,0.3497794,0,0,0.1594512,0,0,0,0.9845707,0.10259,0,0.0416417,0,0.1399497,0,0,0.3790065,0,0,0,0,0,0.2074269,0.5949712,0,0.4044993,0.03557105,0,0,0,0.8361922,0,0,0,0,0,0.05990884,0,0,0,0,0,0.08675049,0,0,0.1201089,0,0.05935893,0.03719597,0.1331642,0,0.2561229,0,0,0,0.8642215,0,0,0.1358617,0,0,0.1926527,0,1.080487,0.2101959,0.3482305,0,0.3015963,0.4354239,0.4431961,0.4441579,0,0.1421562,0.3387557,0.1947678,0,0.1465526,0.3337737,0.231763,0.2910956,0.5122707,0,0.04311177,0,0.1683225,0,0,0,0,0,0,0,0.2854785,0.01776314,0,0.01634026,0.1317713,0.09497076,0.05995794,0.08632619,0,0,0,0,0.7254343,0,0,0.05486364,0,0,0,0.6124595,0,0,0,0,0.2038336,0,0,0,0.2179339,0,0,0,0.1287071,0.1249383,0,0,0.1959949,0.318311,0,0.4218556,0.3832316,0,0,0.3547461,0,0,0.266528,0,0.3666486,0.1825568,0.323224,0,0,0,0.1231668,0,0.2845412,0,0,0,0.07804554,0,0,0,0,0,0.7406415,0.3106007,0,0.008481397,0.4644633,0,0.3129953,0,0,0.1642225,0,0,0,0.05163868,0.2422833,0.07557388,0.1956888,0,0.5157824,0,0,0.1774814,0,0.08016121,0,0,0,0.272872,0,0.4012299,0.4423868,0.1252842,0,0,0.3233754,0.09863371,0,0,0,0,0.1141503,0.1953706,0.1055902,0.5381776,0,0.1503061,0.3906233,0,0,0,0,0.2386692,0.0764645,0,0,0,0.1300018,0,0,0,0,0,0,0,0.4728569,0,0,0.9125534,0,0.5969767,0,0,0,0,0.8327692,0,0.3043388,0.06829412,0,0,0,0.5276704,0.252236,0,0,0,0,0,0.3389891,0.4843005,0,0,0,0,0,0.3411619,0.1798334,0,0,0,0.5066819,0,0,0,0,0,0,0.06788658,0,0.3306887,0,0,0.7211715,0,0.4616469,0,0.7800732,0.4835442,0,0.1380624,0,0,0,0,0.3587884,0,0.08473752,0.1129106,0,0,0,0,0,0,0,0.02909774,0,0.06310571,0.1598224,0,0.4820646,0,0,0.4545217,0.4901958,0.06271479,0,0.4871348,0,0.1054524,0.1424988,0.4277247,0,0.09375719,0,0,0,0.2462763,0,0.6649802,0.1380382,0.1525412,0,0,0,0,0.1987717,0,0,0,0,0,0,0,0,0,0,0,0,0,0.2933895,0.6943424,0,0.3029262,0.2452313,0.115995,0,0.02785711,0,0,0.08711009,0,0,0.09345754,0,0.2640552,0.3190177,0.04726629,0,0,0.9359727,
0,0,0,0,0,0.1719504,0,0,0,0,0,0.5869886,0.3634953,0,0,0.04756862,0,0,0,0.1814364,0.2424061,0,0,0,0.39256,0,0,0,0.0512897,0,0,0.02720676,0,0.1357798,0,0,0.03803873,0.1137813,0,0.4534944,0,0.5539385,0,0,0.262274,0,0,0,0.01008821,0,0,0.2015284,0,0,0,0,0,0,0.3573923,0.3465829,0,0,0.6372139,0,0.5304329,0,0,0,0,0,0,0,0.4376147,0,0,0.4977777,0.4522969,0,0.1758661,0,0,0.3833356,0,0,0.4189588,0,0,0,0.1620826,0,0,0,0,0,0,0,0.1678344,0.2537353,0,0,0,0,0,0.1902842,0.3901405,0,0.3710526,0.003912329,0.07793817,0.4389333,0.669933,0,0,0.3470894,0,0,0,0,0,0,0.1670918,0.2825062,0.2486565,0,0.6337167,0,0.1645928,0.5011221,0,0.1614192,0,0,0,0.1607295,0,0.9540738,0,0,0.146866,0,0.3021914,0.3563546,0.5989803,0.00812872,0.1630659,0,0,0,0,0.4726863,0.1392821,0.132713,0.5090463,0,0,0,0.6963943,0,0,0,0.6689047,0,0.3062164,0,0,0,0.4415408,0,0,0.2350612,0,0,0.5621955,0.1548789,0.3086016,0,0.3365961,0.1304247,0.5548832,0,0.5181746,0.006936247,0,0,0.5128721,0.1855553,0.4763119,0,0,0.5515746,0,0,0.260051,0,0.09123641,0,0.133106,0,0.155646,0,0,0,0,0.06620095,0.01380652,0.2459008,0,0,0.263554,0,0.3370841,0,0,0.6510347,0,0.2318032,0.5706118,0.3781836,0,0.2334602,0,0.5026609,0,0,0.1278697,0.5338743,0.05258432,0.9995136,1.062717,0.3973299,0,0,0.07523151,0,0.4027912,0.2277233,0.5048249,0,0.1539477,0,0,0,0,0,0,0,0,0,0,0,0.005133163,0,0.4259993,0,1.08342,0,0,0,0.04296568,0,0,0,0,0,0.08238167,0.05905038,0,0.1428214,0,0,0.3614251,0,0,0.4657239,0.585403,0.03995,0.5039248,0.4056147,0,0.8728413,0.2233049,0,0.3242327,0.1226083,0,0,0,0.07852495,0,0,0.1939705,0.2055251,0.09820109,0.2428512,0,0.7726367,0,0,0,0,0.01489434,0.4726743,0,0,0,0.06395888,0,0,0,0,0,0,0.3764691,0,0,0,0,0,0.6014901,0,0,0,0,0,0,0.498278,0,0.1746257,0,0.5222145,0.1362586,0.4381787,0.2116712,0,0,0,0.123197,0,0.7335587,0,0,0,0,0,0,0.9444124,0.1579366,0.2734451,0.2759476,0,0.535576,0,0,0,0.4338031,0,0,0,0,0,0,0,0,0.01522451,0,0,0,0.3943479,0,0.5704033,0,0,0,0.7680658,0,0.5591193,0,0.2234272,0.05712578,0,0,0,0,0,0.1455227,0,0,0,0.008313784,0,0,0.1648113,0,0,1.089459,0,0.2810331,0.3811157,0,0,0.1921594,0,0,0,0,0,0,0,0.4552639,0,0,0.5341255,0.1197171,0.06747553,0,0.07136039,0,0,0,0.119828,0,0.6345391,0.2633869,0,0,0,0,0,0.2975332,0.3509182,0,0,0.01069532,0.3447492,0,0,0.1787824,0,0,0.09044523,0.1338778,0,0,0.6380915,0.02939407,0,0,0,0,0,0,0,0,0.4497085,0.005437651,0,0,0.3374047,0,0.04970293,0.03189661,0.3462371,0,0.0367269,0,0,0,0.369339,0.03768531,0,0.1925502,0,0,0,0,0,0,1.088919,0.1398786,0,0,0.03626915,0,0.093153,0,0.6173112,0,0,0.4848688,0,0,0.1753011,0,0.1867163,0.3765974,0.1287611,0.06259944,0,0,0.6543927,0,0,0,0.4290977,0,0.3880852,0,0,0.1151498,0,0.1396097,0.1591957,0,0,0,0.03329369,0.542689,0.2418657,0,0,0,0.4206169,0,0,0.2940768,0.05713001,0,0,0.7001081,0,0.01861101,0.04911555,0,0.413324,0.271171,0.4143228,0,0.9707803,0,0,0.5085656,0,0,0,0.290833,0,0.1210815,0,0.2135575,0.021881,0,0,0.04246483,0.1936096,0,0.159933,0.3022871,0,0,0.2867252,0,0,1.008427,0.2152789,0,0,0,0,0.3852859,0,
