0,0,1.000116,0,0,0.3022908,0.7441726,0,0.881595,0.008107225,0.02093272,0.292114,0.717178,0,0,0,0,0,0.8015611,0,0,0.487141,0,0,0,0.6903244,0,0.5388752,0,0,0.2658624,1.011523,0,0.02529736,0.08692914,0,1.547607,0,0.1857318,0,0,0,0.5286586,0.6254134,0,0.8479608,1.780095,0,0,1.119196,1.375163,0.07987375,0,0,0.3676431,0,0,0,0.1493395,1.181749,0.4511984,0,0,1.422405,0.296854,1.537105,1.619915,0,0,0.3138707,0,0,0.04813136,0.8612606,1.400593,0.2580463,0,0,0.4497553,0,0.947269,0,0,0,0.4416156,0,0,0.2982757,1.099833,0,0.1957692,0,0.5315025,0.7067568,0,0.2713228,0,0,1.725825,0,0,0.3309054,0.6947557,0,1.99094,0,0,0.643043,0,0,0.6380624,0,0,0.04418214,0,0.8972469,0,0.8529494,0.578301,0,0.1800661,0.3432862,0.2671539,0,1.005114,0,1.450745,0.7750621,0,1.333679,0.5458555,0,0.4241788,0,0.7603261,0,0,0.7123356,0.288149,0.5708197,0,0,0,0,1.254,0,0,0,1.06498,0.05113573,1.006987,1.640817,0,0,0,0,1.393141,0,2.12495,1.26077,0.09851588,0.5842723,0.5906968,0.0463768,0,0,0.3636438,0,0,0.8573299,0.4826949,0,0.387163,0.1029975,0,1.302177,1.572215,1.151742,0,0,0.2417529,0,0.8805461,0.749992,0,0,0.3307374,0.7886736,0.2342156,0,0.557958,0,1.25556,0.7006049,0.3355527,0,0,0.2968054,0,0,0,0.3391468,0.5007134,1.295736,0.4151742,0.5514099,0,0,0,0.8407033,0,0,0,1.384753,0.6511402,0.1881246,0.2163393,0.2745226,0.8368586,0,0,0,0.269743,0,0,1.238576,0,0,0,0.5776157,0,0.7477778,0.5107676,0,0,0,0,0.3840341,0,0.7428921,0,0.6534648,0,0,0,0,0.60677,0.2503498,1.164781,0.1403668,0.5061504,0.1583547,1.429075,0.2474305,0,0.4074191,0,0.2546186,0,0.0478504,0,0,0.657096,0.9425193,0.262143,0.4820566,1.023992,0,0,0.2119214,0.36363,0.3885049,0,0,0,0.3508532,0.5940029,0,0,0,1.052985,0.1952406,0,2.150931,0.04804584,0.6158007,0,1.484524,0.2711428,0.7135525,0.860344,0,0.3845187,0,1.350431,1.356671,1.02451,0.1215469,0,0.09828134,0.1814722,0,0.2966784,0,0.7581297,0.3507865,0,0.3556783,0,0,1.179562,0,0,0,0,0.4459634,0,0.07620264,0,0,0.3243185,0.8848053,0.1421175,0.74903,0,0,0.1711633,0,1.332373,0.4284524,0,0,0,0,0,0.7675096,0.3414235,0,0,0,1.015193,0.4898026,0,0,0,0.4902859,0,0,0.1069029,0.2426607,0.6206371,1.583633,0,0,0,1.010888,0.9825965,0,0,0,0.371722,0.5084601,0.3850002,1.517474,0.1552234,0.8372824,0,0,0,0.1848617,0,0.4720028,0.2335465,0,0.2938442,0.7302096,0,0.7556629,0.4470863,0.1648338,0.7987476,0,0.5560397,0.4295146,0.5055486,0.7584291,0.9528372,0,0,0.9829917,0.5337925,0,0,0.7887853,0.2154545,0,0.1754545,1.147509,0.1692554,0.04871202,0.3849302,0.7320401,0.6388197,0.01681763,0,0,0,0.4020371,0,0.8797988,0,0,0,0.9552512,0.7121158,0,0.1733821,0,0,0.6690732,0.1885961,0.5319177,0.8605469,0,1.180769,0,0,0.277729,0,0,0,0,0.4654697,0.4481577,0.3202496,0,0,1.376321,0,0.920671,0.5765095,0,0.2489509,1.203573,0,0,0.1997935,1.140682,0,0.104189,0,1.14311,0,1.137287,0,0,0,0,0,0,0.135441,0,0,1.465363,0.7438085,0,0.6973022,0.221496,0,0,0,0.3720839,0,0.7283638,1.159845,0.8349879,0.0239433,0,1.032516,0,0.3380221,0.4994231,0,0,0,0.01128585,0.2193274,0,0,0,0.3282469,0,0,0,1.191771,0.1579781,0.09791948,0.1566475,0.5268886,0.1116173,0,0,0.4749567,0,0.3477687,1.173982,0.1468974,0.5636218,0,0,0,0,0.8411779,0,0,0,0,0,0,0,0,0.6764542,0.7170976,0,0,0,0,0,0,1.068642,0,0.614051,0.6617251,0,0.1197094,0.02946029,0.292051,0,1.460343,0,0,2.010509,1.417993,0,0,0.8384861,1.333806,0,0.3477755,0.02506309,0,0,0,0,0,0.3130652,0,0.7058027,0.1956831,0,0,0,0,0.7311077,0,0.7878048,0,0,0,0.9872383,
0,0,0,0.3694619,0.5392584,0,0.1473796,0.7724997,0,0.1539735,0.4524207,0.3499203,0.25052,0,0,0,0.3630898,0,0.502805,2.03164,0,0.3823184,0,1.12148,0.8145301,0,0,0,0.2059818,0,0,0,0.2140927,0.204635,0.979373,0,0,0,0,0,0.4973169,0,0.5844039,1.203152,0,0.3675637,0.5010422,0.0926445,0,0.563906,0.2262886,0.2699323,0,0.4709337,0,0,0,1.520685,0,0.64939,0.7734663,0,0.2014306,0,0,1.204028,0,0.3050411,0,0,0.4750819,0.2298569,0,0,0.8771629,0,0,0.2068723,0.8944081,1.170137,0,1.109955,0,0,0,1.489167,0.5877819,0.7666598,1.320138,0,0,0.09964576,0.002330131,1.005674,0,0.1128615,0,0.102568,0.5050188,1.148334,0,0.8022329,0,1.727091,0.002494029,0,0,0,0,0,1.701064,0.04986094,1.806013,0.2130042,0,0.5685026,0.1815485,0.8541247,0,0.2945176,0.3590546,0,1.003446,0,1.389822,0,0,1.349944,0.9861979,0,0,0,0,0.8553485,0.8231522,1.236441,0,0.173941,0.6794325,0.3215092,0,0.08538514,0,0,0.3091802,0,0.5088875,0,0,1.424875,0.6697506,0.5077091,1.531275,0.2530881,1.89666,1.304391,0,1.606178,0,0.8744091,0.8737682,0.1580744,0,0.07266013,0.6917164,0.09947611,0.3673319,0,1.158306,0.2958473,0,0.6719242,0.2204378,0.6757522,0,0.1242113,0.5973483,0,0.7385167,0.2335301,0,0.5092232,0.434026,0,2.356783,0.2610475,0.5664311,0.431108,0,0,0.002466329,0,0.9944896,0,0.5834066,0.5756066,0,0.9400635,1.147704,0.4477504,0.4728706,0,1.909072,0,0,0,0.4643051,0,0.2230808,0,0.7009341,0,0,0.2340344,0.00239948,0,0.2827715,0,0.2201679,0,0.3714187,0,0,0.1069027,0,0,0.1025972,0.1373443,0,0,0.07556383,0.276463,0.02694868,0,0,1.973472,0.3339023,1.092524,0,0.6329906,1.550241,0,0,0.09598092,0,0.02983842,0,0,0.5366079,0.03631072,0.28216,0.9756535,0,0,0.6039218,0,0.1352089,0,0,0.1799178,0,0.1392053,0.7711378,0,0.1223733,0.6387246,0,0.04871965,1.431477,1.046829,0,0,0,0,1.220191,0.685473,0.378982,0,0.6812668,0.4812541,1.06916,0.02223671,0,0.8766739,0.6205317,0,0.1198097,0.3766004,0,0.09313019,0.2080623,0,0.1323211,0,0,1.105073,0,1.678746,2.03693,0,0,0,0.01199913,0.2599612,0,0,0,0,0,0.1970759,0,0.08201553,0,1.277518,0.8463772,1.204481,0,0,0,0.7174382,0,0,0,0,0,1.073237,0,0.2986529,0.3951735,0,0.494476,0.08796183,0.3773229,0.494347,0,0.4091773,0.3073096,0.3770366,0,0,0.2234865,0.4812383,1.058462,0,0,0.5403059,0.8546917,0.8741767,0,0,0,0.7668513,1.002336,0,0.6068469,0.622678,0,0,0,0,0.612056,0,0,0.2363769,0,0,0,0,0,0,0.03484356,0.2983449,0.1345966,0,0,0,0,1.402426,0.8421296,0,0.806371,0.2430749,1.084298,1.023901,0,0,0.4030261,0.896587,0,0,0,0,0,0,1.395295,0.1542561,0,0.1286752,0,0.7416198,0,0,0.7246519,0,0,0.5668287,0.181126,0,0.5786963,0.3416317,0.05139872,0,0,0.5024564,0,0,0,0,1.05226,0,0,0,0.1299504,0.2979997,0,0.2952918,1.209693,0.0167472,0,0,0.1402992,0,0,0.8949666,0.2010289,0,0.981014,0.170174,0,0,0,0.4933747,0.8128579,0.2827102,0.270429,0.4396236,0.6286829,0.138752,0.1000788,0,0.3795988,0.2083873,0,0,1.123148,1.918721,0.3296235,1.29879,0,0,0.9354994,0.9203343,0,0.9076021,0,0,0,0.5877895,0.7970344,0.1509256,0.4902175,1.037609,0,0.742905,0,0,0,0.7675356,0,1.491948,0,0,0.2792422,0,0.477554,0,0.4207633,0,0,0.142242,0,0,0,0.7351326,0.3701215,0,0,0,0,0.007626675,0,0,0,0,0.9608762,0,0.33677,1.930853,0,0,0,1.445401,0.4358442,0,0,0.3067634,0,0.08895292,0,0.6913916,0,0,0,0.8908095,0,0.1668627,0.01080696,0,0,0.8509982,0,0.699394,0,0,0.6199958,0.01485679,0,0,0.1609807,0,0,0.009052739,0.05844519,0.115337,0,0.2979333,0.6023338,0.5157737,0.4857723,0,0.2154573,0,0,0.3031442,0,0,1.005474,0,0,0,0.5589988,0.8230019,0,0.396648,0,0.8190455,0,0.2694049,0,0.8922263,
0.566213,0.4352407,0,0,0,0.138879,0.1372123,0.8492162,0,0.4212635,0,0,0.3478849,0.1738218,0,0,0,0.3857946,0.1730858,1.221822,0,0,0.3055682,0.6334956,0,0,0.04993898,0.6316388,0,0,0.6905867,0,0.3007744,1.53717,0.1384068,0.7685118,0,0.6630884,0,0,0.2611098,1.521425,0.2678338,0,0.142679,1.037225,0.09705821,0,0,1.112423,0,0,0.2334906,0.890759,0.1470864,0,0,0,0,1.02506,0,0,0,0,0.6916856,0.652631,1.457024,0,0,0.1561604,0,0,0,0,1.776229,0,0.2761227,0.1860917,0.1627289,0,0,0.229906,0.2348162,0.826757,0.6705245,0,0,0,0.7389155,0,0,1.823558,0.1143784,0,0.3902073,0.04104422,0.2663262,0.2003868,1.152127,0.08040239,0.4235292,0.2928175,0.0637944,0.01936968,0,0,0,0,0,0,0.4933071,0,0.5401928,0.3819645,1.360312,0.9630709,0,0.09790303,0,0,0.6681296,0.7206062,0.1242782,0,1.330545,0.1451971,0,0.3893389,1.002671,1.102728,0.4606873,0.7046319,0.1847473,0,0,0.8244717,0,0,0,1.00199,1.455323,0.4574176,0,0.6514297,0,0.1941031,0.01396155,0,0.1505165,0,0,0,0,0.548193,0,0.5882825,0,0.0775359,1.217632,0,0,0,0,0,0,0.6286375,0,0.002331999,0,0,0.5219631,0.1253208,0,0,0,1.050878,0.2052577,0.3393064,0,0.4031385,0,0.4287099,0.5283452,0.4779047,1.487945,0,0,0,0,0.1257788,0,0.6944949,0,0,0,0,0.06093853,0,1.311206,0.4452591,0,0.09150522,0,0.6671629,1.693179,0,0,0.0588848,1.319663,0,0,0,1.458138,0.1476855,0.1758309,0,0.6342446,0,0.05936656,1.153975,0,0.4499089,0.5339009,0,0,0.6430796,0,0.4312066,1.111321,0.3634219,0,0.4952292,1.030914,0.1347218,0,0.9496081,0.5082092,0,0,0.3340376,0.7177206,0.1691161,0,0.6349614,0,0,0,0,0,0,0,0,0,0.7515831,0,1.034087,0.05199843,0,0,0,0.1379432,0.6962701,0.4042063,0.625834,0,0,0.2830933,0.5177704,0.7663398,0,0.4864731,0,0.944077,0.8850074,1.275715,0.997409,0.1607195,1.571223,0.4504872,0.8967949,1.057157,0.1610885,0.4846924,0,0.6774915,0.7419511,0,0,0,0.5738626,0.837625,0,0.7318505,0,0.3781099,0,0.08622856,0.07894727,0.3908588,0.3448701,0,0,0.767899,0,0.08207429,0,0,0.9805894,0.2277515,0.6186546,0.9102994,0.6860498,0,0.1035462,0,0,0.5048133,0,0.4609054,0,0,0.7925411,0.06042309,0.04410908,1.054681,0.4225789,0,0.06922991,0.2743062,0,0.5214787,0.5532831,0.635637,0,0.3390756,0,2.074643,0.8627981,0,0.35323,0,0,0,0.0270222,0,0,0.1024289,0.1880634,0.5927143,0,0,0,0.9709183,0,0.0832167,1.882506,1.104115,0.3254934,0,0,0.002827281,0.2400371,0.3582893,0,0.4217655,0,0,0.5371839,0.7961282,0,0.3701724,1.163824,0,0.8406538,1.099943,0.5896834,0,0,0.5211053,0,0,0.5700301,0,0,0,0,1.31026,0.1679415,0,0.1983144,0,0.7236553,0,0.08302774,0,0,0,0,0.1142601,0.4242754,0.5789708,0,0,0,0.7750611,0.7671021,0,0,0.04281728,0,0.1258585,0,0,0,0,0,0,0,1.247149,0.9595123,0.9271158,0,1.899539,0,0,0,0,0,0,0,0,0.04615613,0.06576654,0.1918029,0.1612804,0.5467624,0.8884696,0.07523086,0.1282372,0.6302307,0.1356924,0,0.8853247,0.2654788,0.07969917,0,0,0.2490372,0,0.119984,0,0,0.508287,0.7595326,0.01524262,0,0,0.315225,0,0.4062526,0.3465283,0.8747954,0.3408656,0,1.098338,0.4093018,0,1.399473,0,0.5462912,0.769271,0.2467967,0,0,0,0.2852707,0.7779319,0,0,0,0,0,1.406533,0.1207376,0,0,0,0,0.4995296,0.02043169,0.6557419,1.006856,0,0,0.2067933,0,0.09499439,0,0,0,0,1.055547,0.6149557,0.2943042,0,0,0,0,0,0.7112255,1.375399,1.248829,1.867951,1.164365,0.5204651,0,0,0,0.4350283,0,1.274338,0,0.1766294,0,0,0,0,0.1299364,0,0,0.07490055,0,1.388416,0.3440861,0.06858941,0.3119853,0,0,0,0.01509253,0.1102963,0,0,0.6647605,0,0.6215641,0.5323246,0,0.6386882,0.6212665,0.1514791,0.6906755,0.6379563,0.7441692,0,0,0,0,0.4355698,0.2053788,0,1.595091,0,0,2.943203,0,0,0.1945122,0.614896,0,
0,0,0,0.8187482,0,0,2.143413,0,0,0,0,2.480321,0,0.5453763,0,0,0.9576367,0.3330469,0,0,0.7869147,0.1898153,0.1901691,0.4987589,0,0,0,0,0,0.1705935,0,0.9471189,0.2416588,1.058382,0,0.401861,0,1.080778,0,0.7188666,0.4512213,0,0,0.0951071,0.6629317,0,0.7062794,0,0,0,0.4789285,0.6814726,0,0,0,0,0,0,0,0.07163715,0.7627246,0,0.3941107,0,0,0.1036662,0.1462493,1.128928,0.563828,0,0.4102981,0.6843851,0,0,1.321785,1.530058,0.714327,0.7072684,0.7153375,0.5099822,0,0.09044064,0.6967136,0.9363286,0,0,0,0,0.6090532,0,0,0.05701153,0.1944504,0.3658453,0,0.3995673,0.02811856,0.4273958,0.06712202,0,0.005935181,1.785488,0,0.3710076,0,1.075847,0.5797081,0,0.7653177,0.3354537,0,0,0,0,0,0.8579381,0,0,0,0,0,0.7415395,1.048178,0.2840628,0,0,0,0.0595191,0.4984812,0,1.217858,0.460488,0.6684799,0.02050867,0,0,0,1.479065,0,0,0,0.6053089,0,0.09167039,0.9138046,0.9211178,0.6380225,0,0,1.320953,0.5508945,0,0,0.3070721,0,0.3183016,0.08073129,0.4364111,0.5304223,0.03593269,0.2029946,0,0,0,0,0,0.279035,0.9452737,0,0.1805642,0,0,0,0,0.2489814,0.8811841,0,0.9669748,0,0.6364262,0,1.320862,0,0,0.8323599,0.3424576,0.8270479,0,0.01754728,0,0.2686456,0.3443735,0,0,0.4079993,0,0,1.064674,0.9524867,0.6735678,0,2.090328,0.8255819,0.2357443,0,0.1494237,1.39901,0.4124454,0,0,0.5591616,0,0.06363788,0,1.413411,0,0.6848386,0.09873208,1.365741,0.1111796,0.5448619,0,0.4947588,0.5378958,0,0.6662006,0.1269535,0.3551291,0.6114566,0,0.5926607,0.4678869,0,0.3222762,0,0.004964688,0.8373252,0,0,0,0,0,0,0,0,0.1260074,0.1716438,0,0,0,0.5588486,0,0.8519297,0.729129,0,0.5086383,0,1.785397,0,0,0.7352981,0,0,0,0.2968081,0,0,0,0,2.038843,0,0.1028459,0,0.4034925,0,0.5234779,0,0.3969854,0,0,0,0.7477653,0,0,0.5103313,0,0.5509588,0.3741643,1.608561,1.150655,0.4439204,0,0.6661804,0,0.5531384,1.115851,0,0,0,0.4809331,0.6276362,0,0,0,0.782392,0.435913,0,1.357632,0,0.1264545,0.4176941,0.6283026,0,0.6028947,0,0,0,0,0.2861695,0,0.7132937,0,0.2577911,0.7556546,0,0,0.004275786,0,0.7597017,0,0.1538796,0.3211444,1.454279,0.1879638,0,0,0.868606,0.3596143,0,0,0.9498232,0,0,1.014191,0,0.5877369,0,0.4434212,1.095806,0,0.8322825,0,0,0.8288206,1.030094,0,0.005798947,0,0,0,0,0,0.8512406,0,0.7402222,0.253669,0.7714805,0.8338277,0,0,0.0852745,0,0.426819,0,0.9944804,0,0.1733116,0,0,0.1593869,0.5812239,0.5738891,0.02283514,0.7029911,0,2.122743,0,0,0.2437755,0,0,0.5542402,0,0,0.0745312,1.542626,0,0,0.2566266,0.0141953,0,0,0.1769911,0,0.1809947,1.039774,0.9505391,0.4440506,0,0,0.1296977,0,0.2212218,0,0.5567653,0,0,0.6015262,0.1953986,0,0.8366244,0,0.06567139,0.2164152,0.7104588,0,0,0,0,0,0.01711455,0,0,0,0,1.059375,0.4309679,0,0.1549858,0.3912711,0.2166368,0,0.2008905,0.1800488,0,0,0,0.0573262,0,0.2970735,0.7488284,0,0.4414702,0,0,0,0,0,0.0853447,0.4476981,0,1.44588,0,0.5556749,0,0.2467098,0,0.05010181,1.16066,0,0,0,0,0,0,0,1.084401,0.3134207,0.4988808,0.07768486,0,0,0.129338,0,0.1687595,0,2.195606,0.04452804,0,0.8210465,0.4957442,0,0.3599501,0.7144676,0.2841873,0.296175,0,0,0,0,0,0,0,0,0,0.7708807,0.318878,0.2193205,0,0.9065971,0.3323138,0,0,0.2240003,0.1208683,0,0.2769321,0,0,0,0,0,0.1132305,1.055399,0.3623666,0.7894033,0,0.07012992,0.9908417,0.6543983,0,0.290274,0.9711371,0,0.3409736,0.3280672,0,0,0,0.4954746,0,0.1821411,0,0.1750152,0,0,0,0.2959828,0.8456836,0.1062548,0,0,0.1380322,0.2042727,0.5060085,0.4331265,0,0,0.7901152,0,0.1751339,0,0,0.2742345,0.9226311,0.2319827,0,0,0,0,
0,0,0,0.4695672,0.599755,1.286875,0,0,0,0,0.7877043,0.107434,0,0,0,0.3301165,0.7814183,0,0,0.521581,0,0.03296918,0,0,0,0,1.055473,0.6686778,0,0,0.9293295,0.7021497,0,0,0,0,0.9313366,0.1534991,0,0.4459907,0,1.085166,0.3476021,0.4636995,1.496818,0,0.2666734,0,0.0403598,0,0.7405853,0,0.1485923,0,1.088211,0.7396901,0.2863692,0.09782999,0.3281724,0,0,0.3962729,0.1119626,0.6973316,1.274679,0.517705,0,2.166271,0,0.3328085,0.002428059,0,0.9540235,0,0,0.1447165,0.2103612,0,0,0.6793053,0.7440838,0,0,0.799545,0,0.02019419,0.1782208,0,1.567062,0,0,0,0.8996482,0,0.4571652,0,0.4494931,0,0.8846179,0,0,0,0,0,0.7750194,0,0.3311094,0.07264922,0.2255414,0.9027248,0,0.06499031,0.03186968,0.3120942,0.7772554,0,0,0.2034443,1.142204,0.1470636,0,0,0.3223677,0,0,0,0.5008218,0,0,0,0.6589769,0,0.1610201,0.003828564,0,0,0,0,0.4531348,0,0,0,0,0,0,0,0.1160781,0.008280906,0,0.2492391,0,0,0,0,0,0.5219884,1.12987,1.391429,0,0.9927365,1.150416,0.3209987,0,1.79327,0.5339499,0.1226279,0,0.3153588,0,0.3706577,0,0.3560343,1.73603,0,1.015473,0,0.4110047,0.1762517,0.148904,0,0,1.12068,0,2.73128,0,0.2827183,0,0.9756687,0.048799,0,0,0.265127,0.5773302,0,0,0,0,0,0,1.805292,0.3384703,2.033628,0.8918692,1.521226,0.3613504,0,0.304985,0,0,0,0.688462,0,0,0.0472734,0.1354261,1.055958,0,0.6327918,0,0,0,0,0,0.1079126,0.4241159,0.9150048,0.1072865,1.065049,0.5935309,0,0,0.7966828,0.2122497,0.04426234,0.1314969,0.3365446,0.5418845,0.6916351,0,0.1236394,0.1166373,0.3178948,0,1.074251,0,1.560903,0.926059,1.147063,0.6167755,0,0,0.287833,0.1811965,0,0.4497605,0,0.240115,0.1414738,0,0.1535541,0,0,0,0,0,0,0,0.0174972,0,0,0,0,0,0.6419275,0.1722987,0.347421,0,0,0,0,0,0,0.89618,0,0,0,0,0.4456755,0,0.9198136,0.4126299,0,0.3145048,0,0.04406735,1.803396,0.4918747,1.233258,0.1249379,0.2431954,0.6530842,0.0645147,0.570687,0.7942862,0.5619286,0.8813646,0.8080958,0.6796454,0.04403744,0.8547928,0,0,1.333189,0,0,0.2590952,0.4170968,0,1.448839,0.4534984,0,0,0.492574,0,1.408372,0.8795756,0,0.8303304,0,0.5828401,0,0,0,0.07720497,1.427284,0,1.405933,0,0.5220144,0.3492346,0,0.305243,0,0,0.3350753,1.118363,0,0,0,1.484979,0.1513024,1.058634,0.9629225,0,0,0,0.422198,0,1.690436,0,0,0,0.8062106,0.1357992,0.002485344,0,0.3341196,0,0,0,0.464094,0,0,0,0,0.6222696,0,0.1505763,0.5236342,0.7301061,0.8139307,0,1.164634,0.1761318,0,0.8962713,0,0,0,0,0,0,0,1.380854,1.304962,0.2225795,1.009871,0,0.1220679,1.056519,0,0.6144522,0,0.7333099,0,0.3281276,0.6202802,0.1620022,0,0,1.172389,0,0.6643395,0,0,0,0.4527179,0,0,0.1598312,0,0,1.515221,0,0,0.2743717,0,1.960452,0,0.5629319,0,0,2.29176,0,0,0.338481,0.1235033,0.7233048,0.1189294,0.1935282,0,0.670339,0.527301,0.07060313,1.56879,0,0.1805425,0,0,0,0.07344185,0.9648485,1.162237,0,0,0,0.5493315,0.9975446,0.01752315,0,0,0,0,1.22653,0.827033,0,0.2165224,0,0,0.2051443,0.9989278,0.1256742,0,0,0,0,0.6129051,0.4000348,0.5319831,0.2343149,0,0.6201396,0.6748496,0,0,0,0,0,1.115572,0,0.02690679,0,0,0.7056902,0,0.2785605,0.4813408,0,0,0.2617329,0.3454189,0,0,0,0.8032337,0,1.294418,0.1029215,0,0.9899788,0,0.5973901,0,0.2749012,0,0.4842367,0,0.9851906,0.8963627,0.4986246,0,0,0.853065,1.648353,0,0.2931701,0,0,0,0.04732854,0,0.3353792,0,0,0.3797868,0,0.5172861,0.5730624,0,0,0.1600746,0,1.712093,0.1552641,0,0.5771192,0.7007841,0,0,0,0,1.511436,0,0.7674232,1.061418,0,0.1959804,0.1305759,0,1.015139,0,0,0.4774242,0.4075066,0,0.711721,1.013745,0.1762604,0,0,
0.8728508,0.1586444,0.7648072,0,0,0,0.3829371,0.3715941,0,0.2708671,0,0,0.04928294,0,0.4602312,0,0,0.5495564,0,0.3550198,0.1421123,0.4956907,0.6133741,0.009159102,0.1921047,0.3321222,0,0,0.3696561,0.8342109,0.7200687,0.4136207,0,0,0.2292546,0.5806824,0,0,0.6152557,0,2.622561,0.3890748,0.01154701,0,0,0,0,0.2053833,0.7148267,0,0,1.512424,1.612784,0,0.3525595,1.025528,0,0.03626826,1.627303,0,0,0,0.261739,0.4247474,0,0,0.126605,0.08679029,0,0,0.6683736,0,0.1196628,0.6910003,0,1.061414,0.06818879,0.05460513,0,0.5248787,0,0,0,0.06595492,0,0,0,0,0,0,1.578426,0.08054031,0,0.2742215,0,0.4127799,0,0,0.5201325,0.4732653,0,0,0,1.30849,0.6812245,1.217775,0,0.1981031,0,0.7155086,0.364868,0,0,0,0,0,0.2409355,0,0.04574383,0.421735,0.7262692,0.3199832,0.07203232,0.3427759,1.007778,0,0.5024036,0,0,0,0.1386732,0,0.1623212,0,0,0.9105052,1.593714,0,0,0.313387,0.7747571,0.7219741,0.3823358,0,0,0.04219558,0,0.4585123,0,0,0.259339,0,0,0,0.2554498,0.2905159,0,0,1.637294,0,0.5062612,0.6627949,0.09925877,0.09352945,2.037529,0,0,0,0,0.3190252,0.5351114,0.6936374,0.4489293,0,0.1143568,0.03134847,0.4048285,0,0.4752309,0,0,0.1589935,0,0.3827877,0.1996785,0.3193004,0.4345637,0,0,0,0,1.309111,0,0,0,0,0.3620284,0.05841118,0,0,0,0.7835094,0.3682989,1.407613,0.4024537,0.484966,0.4494304,0,1.600668,0.696587,0,0.5662068,0.1074732,0.4824171,0,0,0,0,0.1401286,0,0.8301851,0,0.323104,0,0,1.936269,0.3698657,0.3655947,1.02635,0,0.4539119,0.6370719,0,0,0,0,0.2998307,0,0.3222939,0,0.7485383,0,0,0.819133,0,0.4608731,0.007057949,0,0.1988257,0,0,0.08699337,0.9610259,0.04952294,0.4345541,0.8607393,0,0,0.606825,0.8244572,0,0.7311009,0.6385967,0,0,0.1357494,0.7268518,1.107817,0,0,0.6561445,0,0.2243616,0.4409009,0.079188,0,0.3096674,0.6980131,1.099557,0,0,0,0.4569652,0.319022,0,0.7422857,0,0,0.748691,0.5745167,1.008561,0.7278985,0.1979702,0.5836455,0.4136427,0,1.117068,0.4897966,0.8294533,0.7089331,1.19624,0,0,0,0,1.05693,0.3086159,0,0.3386037,0,0,0,0.1962699,0.8625842,0,0,0,0.256412,1.236745,0.2040441,0,0,0.3233615,1.541232,0.6841253,0.8502495,0,0.9411899,0,0.5215092,0,0.3391086,0.817618,0.2849464,0,0,0.4864643,0.4783314,0,0,0.6458803,0.6689479,0.6657685,0,0.1947002,0,0.007625368,0.2080833,0.9094455,0,0.2103974,0.8506833,0,0.8567873,0,0,0,0,0,0,0,0,0,0,0.8306063,0,0.04432193,1.22365,1.012116,0,0,0,0.9647919,0.1164385,0,0,0,0.1150588,0.2351518,0.4878444,0,0.02318918,0.4303603,0,1.5503,0.08288485,0,1.876313,0,0,0.1398263,0,0.06800274,0.1806822,0,0.5760522,0,0,1.070567,0.3609373,0,0.3167567,1.337227,0.02825006,0,0,0,0,0,0,0,0.07866044,0,0.5045817,0,0.6545032,0,0.9409388,0.6650954,0.114039,0,0.05486625,0.4621129,0.8037475,0.08546224,0.6882639,0,0,0,0,0.2894418,0,0.2016201,0.6224309,0,0,0.4490491,0,0,0.008504288,0,0,0,0.8510972,0.5538377,0.9748973,1.263701,1.962757,1.217318,0.03525208,0.1828199,0,0,0,0,0,0,0.5446136,0,0,0,0,0,0,0.1028321,0.007888458,0.3742301,0.4651769,0,0.07610584,1.1954,0,0.107934,0.2566802,0,1.735552,0,1.645169,0,0.7132596,1.11344,0,0,0,0.3004915,0,0,0.2772491,0.9482651,0.05922277,0.5287212,1.648713,1.256966,0,0,0,0,0,0,0,0.1396164,0.8784493,0,0.6438999,0,0.6541187,0.05429243,0.1138118,0,0,1.257402,0,0,0,1.423851,0,0,0.8308486,0.8515259,0.4925879,0.3458467,0.6175776,0.4842833,0.1218532,0,0.1988948,0,0.3416381,0,0.1052083,0,1.078696,0,0.7779672,0,0.800352,0,0.2394498,0.01501738,0,0.1728328,0,0.2163082,0,0,0,0.6694843,1.353718,0.002334337,0.3831998,0,0.8526829,0,0,0,0,0.5408503,0.09168739,0,0,0,0,0.153289,0.9600288,0,0.03787997,0.7614641,0.5675531,0.5289675,0,
0,0,1.277721,0.8207963,0.3958785,0,0.2135446,0,0,0.8521718,0.01900817,0,0.006567925,0,0.179408,0,0,0,0.148966,0,0,0,0,0.2488411,0,0,0.8612807,0.3031917,0.3668843,0,2.21464,0,0,1.537639,0,0,0.08172649,0,0.762332,0.1979514,0.01283092,0.01555466,0,0.125821,0,0,0,0.1762673,1.001477,0.1533952,0.8428447,0,0,1.845497,0,0,0,0,0,0,0,0,0.6526375,0.103935,0,0.4713642,0,0.9478843,0,0.7184799,0.2438063,0,0.06967707,1.199541,0,0,0,0,1.031608,0.2818182,1.041542,0,0.08537294,0.6122231,0,0.2930889,0.4729041,0,0,0,0,0.6666439,0.5694354,0,0,0,0.2483665,0,0.9121923,0,0.2026752,0.5087723,0,0,1.846255,0,0.9541683,0.339642,0,0.9548317,0,0.9587682,0,0,0.1062584,0.6927139,0.2805211,0.6424375,0,0,0,0.460576,0.4297238,0.0664138,1.30651,0,0,0,0.2277738,0,0,0,2.262127,1.07241,1.248243,0.7795976,0,0,0,0.1031735,0.0254691,0,0,0.9631778,0.05242891,0.3288335,0.8421383,0.1043953,0.2100925,0.538959,0.4782992,0,0.6795312,0,0.3076493,0.850855,0,0,0.245164,0.9154829,0.1251095,0.6062164,0.9710658,1.831655,0.3189066,0,0,0,1.03003,0,0,0,1.004904,0.7011778,0.8448462,0.3854286,0,0,0.1180189,0,0.6203012,0.1760856,0,0.7531323,0.3840775,0,0.3743386,0.6133528,0,0,0.5572098,0,0,0,2.860943,0.2772338,0.07383373,0.90165,0,0,0,0,0.8540791,0.5259281,1.118939,0.7137355,0.2690811,0.319729,1.103547,0.323704,1.118385,0,1.063537,0,0,0,0,0.369978,2.339278,0,0.7508972,0,0,0,0,0.6564882,0.205421,0.5231004,0,0.7495819,0.4696781,0,0,0,0,0.917545,0,0.1684195,0,0.2973929,0.259371,0,0,0,0.5701807,0,1.77262,0.1682075,0,1.677513,0,0.3368846,0.8107377,0.3128331,0,0.1928004,0.07657921,0.02818013,0.5622711,0.01392286,0,0.2678789,1.102919,0.6748908,0,0,0,0.6575136,0.4059708,0,0,0.196808,0,0,0,0,0.7164447,0,1.68943,0.1576894,0,0,0,0,0,0,0,0.07015939,2.201215,0,0,0,1.105398,0.03579368,0.2463753,0.5440499,0.4580795,0,0,0,0,0.8259861,0,1.346274,0.01946997,0,0,0,0.05033449,0.07987234,0.8469267,0,0.03760378,0,0,0.4474452,0,0.6978593,1.193424,0,0.8206202,0,0.005947067,0,1.051876,0,0,0,0.25305,0.7834418,0.3053281,0.03370003,0.1675296,0.2346075,0.6461775,1.734269,0,0.4724297,0,0.4680222,0,0.270743,0.1732416,0.8137402,0,0,1.276209,1.456314,0.06366256,0,0,0,0,0.1081692,0.8118283,0.2377857,0.2233781,0.6928319,0.9538449,0.8221342,2.39939,0.209258,0.9102383,0,1.048325,0,0,0,0.3054425,0,0,0,0.8200404,0,0.8987998,0.4490495,2.116722,0.3967657,0.3144206,0.2911474,0,0.02244809,0.2006129,0,0.156926,0.1689402,0.8194107,0,0,0,0,0,0.2927373,0.4551401,0.6300012,0,0,0.01976998,2.537854,1.303714,0.1895691,0,0,0,0,1.022375,0,0,0.1843567,0.1265972,0,0,0,0.5598056,0,0,0,0,1.384424,0,0.7631595,0.5955624,0.8839067,0.2691064,0,0.002291674,0.03914987,0,0,0,0,1.164565,0,0.008954212,0,0,0.7469585,0,0,0,0.07918904,0.9532887,0.05469063,0.5377464,0.4234558,0,0,1.604081,0.8398606,0.3831042,0.4993894,0.1790472,0.7860175,0,0,0,0,0.1718404,0,0,0,0,0.3906201,0,0.3699117,0,0,0,0,0,0,0.6470711,0,0,0,0,0.8216727,0.07792206,0.6390524,0.9055945,0,0.8386263,0.04925917,0.09765374,0.3930567,0.1216318,0.5954688,0.6522155,0.1249721,0,0,0.7333787,0,0,0,0,0,1.102922,0,0.2305555,0.6238723,0,1.00079,0,0.2214404,0,0,0,0.254284,0,0,0.3439674,0.5974305,0.2547566,0,0,0,0,0,0,0,0.5196404,0,0,0,0,0,1.160221,1.953273,1.443031,0,0,0,1.383496,0,0.564016,0.2837246,1.066331,0.8419275,0,0.02140448,0,0,0.709212,0,0,0,0,0,0.1206041,0.4595805,0,0.2573807,0.3333627,0,0.6016787,0,0.4773247,0,0.7564141,0.7925451,0,0,0.763759,0,0,1.15711,0,0,0.3066682,
1.300836,0,0.4646752,0.1055937,0.3029022,0,0.4011185,0.6891522,0.1064854,0,0.1043147,0,0,0,0,0,0.5755036,0,0,0.1834093,0,1.009299,0,0,0,0.4620243,0,0,0,0,0,0.3717816,0,0.9733177,0.09904896,0,0.9989331,0.9874387,0,0,0,0.7359896,0.3025994,1.308012,0.6197147,0.6019923,0.9210166,0.2960718,0,0.1030067,0,1.516851,0.6964975,0.1702913,0.2087799,0,0,0.5169779,0,0,1.16696,0.03003558,0.6648126,0,0,0,0.1242369,0.7123034,0.4095164,1.246454,0,0.5314565,0.5653124,0.2723293,0,0,0.474695,0.3902319,0,0,0.8079903,0.3288861,0,0,0.5025465,1.189032,0.01944656,0,0,0.8592417,0.1102089,0,0,0.8369831,0,0,0.07219721,0,0.02731122,0.172373,0,1.114865,0,1.629195,0.2494254,0.4290411,0,0,0,0,0.2845182,0,0,0,0.4211246,0,0,0.02464614,0,1.865967,0,0.1526566,0.06683555,0,0.1136326,0.5636607,0,0.3876379,0.2979357,0.8218029,0.4562668,0,0.3012789,0,0,0.2220097,1.159904,0,0,0,0.4048178,0.241584,0,1.115687,0.2842453,0.4875036,0,0.04514659,0,0,0,0.9279383,0,0.7840254,0,1.38094,0,0,0,0,0,0.1588756,0,0,0,0,0,0.4438244,1.719416,1.592391,0.1446082,1.100619,0,0,0.243954,0,0,1.072071,0,0.6692137,0,0.2754542,0,0,0,0.3822432,0.8208393,0,0.7344882,0,0,0,1.242588,0.8856977,1.334829,0,0.1050487,1.116725,0,0,0.03561366,0,1.719885,0.6621933,0,0.009634944,1.235579,0,0.4699331,0,0.8705268,0.767401,0,0.5638965,0,0,0,0,1.188879,0.4070366,0,0,0.2013705,0,1.033723,0,0,0.9250871,0.6332108,0.0354264,0,0.3906562,1.206263,1.41271,0.3409668,0,0.2262271,0.4379876,0,0,0.8254998,0.7241234,0.0453366,0,0,0,0.9158489,0,0,0.09593209,0.2641356,0.418257,1.217111,0,0.3082194,0.4238295,1.154852,0.2337001,0.2942588,1.675699,1.265625,0.4616931,0,0,0,2.047279,0,0,0,0,0,0.2809217,0,0,0.4919053,0,0.7255734,0.3401768,0,0.7296485,0.7341328,0,1.310602,0,0,0,0,0.5393203,0.1664594,0,0.1131178,0,0,0.3837657,0,0.05926713,0.6762839,0,0.7741686,0.6652754,0.07446007,0,0.3974777,0,0.3175671,0.4937576,0.06343577,0,0.8505803,0,0.120466,0,0.4269746,0,0,0,0,0,0,0.560403,0.9788142,0.1625813,0.01565058,0.6897089,1.833876,0,0,0.1315851,0.3718066,0,0,0.1889394,0.7403933,0.1600254,0,0.1171958,0,0,0.3540516,0,0,0.8754381,0.5355006,0,0.4696082,0,0.4390202,0,0.8154067,0.4707257,1.717959,0,0.4352573,0.1668192,1.049797,0.775769,0,0,1.545451,0,0,0,0,1.101347,0,0.5243096,0.2562298,0.1185292,0,0,0.6896791,0.9648849,0.8340681,0,0,0,1.634398,0.08352294,1.879158,0.0972138,0,0.2820906,2.084749,0,0,0.6654137,0,0.1033645,0.2901542,1.528898,0.3413987,1.539187,0,0,0.1197657,0,0.02873294,0,0,0,0,0,0.5532207,0.2898798,0,0,0,1.643165,1.47925,0,0,0.5985934,0.4310601,1.049674,0,0.7948375,0.350274,0,0.7174372,0.893644,0.4691725,0,0,0.2378971,0,0,0.2802266,0.01224199,0.4636832,1.093537,0,1.213688,0.2831541,1.249977,0,0.967378,0.9106967,0.8079346,0,0.4074063,0.7507471,0.5440245,0,0.1267181,0,0,0,0,0,0.2064421,1.396741,0,0.2791301,0,0,0,0,0.605529,0.3440203,0.3738378,0.6578801,0,0.8352566,0,0,0,0,0.5668858,0.1511703,0,0,0,0.05637125,1.420717,0,0.3374349,0,0,0,0.39566,0.3143662,0,0.5716255,0,0.8086205,0.02402277,0.5226849,0.01413903,0,0,0,0.2323283,0,0.3307731,0,0.07784383,0,1.053654,0.4934048,1.25355,1.059851,0,0.1563464,1.66518,0,0,0,0,0.3609874,0.3103237,0,0.1106137,1.260977,0,0.2437147,0,0.084754,0,0,1.372029,0,0.4846301,0.3800093,0,1.016189,0.670966,0.225911,0.03391141,0.09169865,0,0,0.53342,1.240152,1.107385,0,0,1.147602,0,1.79688,0,0.1189507,0.2144277,0.8351571,0,0.07815793,0,0.6361614,1.071599,0,0.589651,0,0,0,0.9617976,0.8603543,0,0,0.08030488,0.3540148,0.999127,0,0,0,0,0,0,0.4197983,0,0,1.002903,
0,0,0.1302812,0,0,0,1.090304,0.2443643,0.05410922,0,0.06089088,0.06484933,0,0,0,0,0,0.3704911,0,0.003930418,0.1136678,0,0.1747755,0,0.4521679,0,0,0.5425617,0.5164279,0,0,0,0.2424209,0,0,0.04681005,0.05290792,0.9983668,0,0,0.6356045,0,0.2342894,0,0,0,0.7157555,0,0.9719462,0,0.2921008,0.1272927,0,0.3791296,0,0,0,0.9363127,0.1638058,0.3379461,0,0.2701313,0,0.4795555,0.1238646,0,0.5238551,1.069403,0,1.000855,1.575006,0,0.3620169,0.3774094,0.2700288,0.2883171,0,0.1243352,0,0,1.504426,0.4008252,0,0,0,0,0,0,0,0.2248026,0.2737068,0,1.048263,0.2353433,0.3811333,0,0.2777579,0,0,0.30624,0.6019427,1.232169,1.102333,0,0.6287758,0,0.6866162,0.05467728,0.9570236,0,0,0.7892956,0.3184705,0,0.2486612,0,1.54532,0.3993324,0,0.1367069,0,2.001423,1.655992,0.643334,0.06939884,0.6008807,0,0,0.5940878,0,0,1.248085,0,0.1598325,0,1.845154,0,0.5755492,0,0,1.402624,0,0.0748975,0,0,0,0.1540837,0.8174146,0,1.277367,0,0.1880774,1.58183,0,0.07931116,1.357291,0.3490621,0.07325694,0,0,0.3821086,0,1.117105,0.1147504,1.169001,0,0.5460015,0,0.06009277,0.1798803,0.08930117,0.5264198,0.1668234,0,0,0.5984417,0,0,0,1.185071,0,0,0.6712681,0.2847981,0.2998515,0,0,0,0.7926351,0,0,0.9266897,0,0.117873,0,0.3102359,0,0,0.6546122,0,0.09830242,0.5461231,0.8376567,0,0,0,0,0.7455472,0,0,0,0,0.6133947,0,0.02381987,0.09619683,0,0.2390507,0.7835652,1.119159,0.5709507,0,0.01694902,0,0,0.1621541,0.02747628,0,0.1752456,0,1.119346,0.2522498,0.8267931,0,1.424468,0.9975562,0.2471413,0,0,0.2931522,0.06897263,0,0.920118,0.5454189,0.9514977,0.1402013,0.2422816,0,0,0.3602957,0,0,0,0,0.002522013,0.429675,0,0,0,0.9027339,0,1.015795,0.879321,0,0.3801215,1.526724,0,0,0.3363777,0,0,0,0.3588027,0.8132875,0.04200092,0.2133348,0.819715,0,0,0,0.2788458,0.4932924,0.2343487,0.1977383,0,0.07641135,0.6422856,0.0483809,0.3159504,0.6271921,1.349117,0.3566322,0,0,0,0.191127,0.2210495,0.3473955,0,0.1538124,0.1795229,0,0.1152102,0,0,0,0.7093608,0.7083102,0,0.7740918,0,0,0.2262601,0,0,0,0,0.9316595,0.4592488,0.04259061,0.4589308,0,0,1.037084,0.1134919,0,0.1568528,0,0,0.936395,0,0.3132306,1.713559,0.9157262,0,0.4622487,0,0,0,0,1.862564,0,0.9070342,0,0.04427898,0.2345755,0,0,0.5187747,0,0.302243,0.1237001,0.01363909,0.9324918,0.09533948,0.979335,0,0,1.214806,0.2806489,0,0,0.6930318,0,0,0,0,0.3122656,0,0.0429393,0,0.5304007,0,0,0,0,1.655824,0.0619905,0,0.5065515,0,0.9605171,0,0.2410347,0,0,0.2305128,0,0,1.374924,0,0.344171,1.227139,1.004944,0,0,0,0.6799415,0,0,0.1828585,0,0,0.7405223,0.08917256,0.6874005,0,0,0,0,0,0.2514757,0.4699144,0,0,0.1410308,0.7920462,0,0.04261842,0.1279187,0,0,0,0,0.09109798,0,0,0,0,0,0.4269901,0,0,1.179151,0,0.6654478,0,1.850415,0.3844525,0,1.453986,0.6539029,1.098426,0.8418555,0,0,0,0.3458398,0,0,0,0,0,1.276945,0.6999741,0.2078158,0.004855707,0,0.5125124,0.5922617,0.355006,0,1.017457,0,0.8410119,0.6283383,0,0.05524909,0.7383039,0.354333,0.6646491,0.225069,0.9327145,0,0,0,0.03768682,0.4160709,0.3451067,0,0.07205471,0,1.061371,0,0.4328326,0.01553544,0,0,0,0,1.233981,0.2884792,0,0.418411,0,0,0.5100739,0,0.4213323,0.1228668,0,0,0.07117642,1.491092,0,0.1407333,0.6419744,0.3094307,0,0.3026205,0.2828418,0,0.6314406,0.9977256,0,0,0.265467,0.0105213,0,0,0,0,0.4205619,0,1.187521,0,0,0,1.350716,1.333751,0.7906067,0.5996907,0.02348238,0.4545302,0.3592163,0,0,0.1405059,0,0.05412285,0.1375435,0.1394545,0.778385,0.7202616,0,0,0,0,0.6286163,0.05722513,0.2243316,0,0.5446284,0,0,0.7375209,0,0,0,0,0.6930961,0.0653115,1.14667,0.1526287,1.269991,0,1.203216,0,0,0,
0.06148398,0.6488383,1.329766,1.447187,0,0,0.01798695,0.9036915,0.6431947,0.9595701,0,0,0,0,0.09654218,1.084,0.3988299,0.4984576,0,0,1.557344,0,0.8467194,1.025371,0.4256371,0,0.5558993,0,0,1.034848,1.183536,0,0.1596769,0,0,0,0,0.3135998,0,0,0.6266596,0,0,0.1342321,0,0,0,0,0,0.3989413,0,0,0,0.3272588,0.870834,0,0,0,0,0.3140783,0.2217885,0,0.1550721,0,0.310047,0,0,0.355177,0,0.4207317,0.5812933,0.05447041,0,0,0,1.236935,0.8295822,0,0,0,0.3598983,0.1825815,0.227541,0,0.3135183,0.5927826,0,1.129204,1.029602,0.5832288,1.01929,0,1.139646,0.7434639,0,0,0.327756,0,0,0,0.08095735,0.118195,0,1.349904,0.4214852,0,0.5873889,0.2914202,0,0,0,0.8305494,0,0.659951,0,0.9626165,0.1682149,0,0.10584,0.06571688,0,0.6354625,0.006922476,0,0.3814358,0,0,1.206738,0,1.221353,0,0.2182652,1.253669,0,0,1.09888,0.03042335,0,0,0,0,0,0,0,0.4937102,0,0.4138412,0.3747781,0.3451204,0,0,0.6373928,0.4598865,0.3671103,0.6744626,0.07800961,0.5971585,0.2444636,1.099142,0,0,0,0.2522422,0.8003793,0,0.08619109,0.667436,0,1.857184,0,1.073309,0.531502,0,0,1.078135,0.7855829,0.56958,0,0.9755129,0,0,0,0,0.1222609,0.1748235,0,1.905669,0,0.3481707,0,0.5407835,0,0.992121,0,0,1.390887,0.4192584,0.1334962,0.08372454,0.05400446,0.2246971,1.030135,0,0,1.371871,0.3643548,2.037991,0.2576729,0.7620922,0,0.1050962,0.470916,0,1.302795,0,0.3280047,0,0,0,0,0,0,0.2425912,0,0,0,0.9176705,0,0.1749522,0.429064,0,0.2648398,0.5796859,0,0.3722251,0,0,0,0.2249873,0.1401617,0,0,0,0.1187124,0.7836266,0.3794854,0.7866125,0,0,0,0,0,0,0,0.1680397,0,0,0.01407012,0,1.010793,0,0,1.107486,0.3541527,0.1628531,0,1.345599,0,0.07109559,0.1882889,0.2643137,0.3800565,0.1450271,1.075898,0,0,0,0,0.06930128,0.8869157,0.2755541,1.194749,0,0.1115501,1.348377,0,0.2712417,0,0.3156882,0,0,0,0.1781397,0.5427349,0,0.2461657,0.5712783,1.006004,0.2291417,0.009397592,0.4804414,0.08750124,0,1.299838,0.442015,0,0.1784488,0,0.7571411,0.2159544,0.4610212,0.3757412,0.05178154,0,1.33065,0,0.3753409,0.8237422,0.04744258,1.219476,0,0.420909,0.07875354,1.324771,0,0.9653242,0.07107966,0.5696812,0,0.9603007,0,0.0154884,0,0.5266886,0.9697144,0,0,0.6460174,0.2475313,1.028504,0,0.7586256,0,0,0.05901743,0,0.7841163,1.062644,0,0.4368319,0.3600616,0,0.3949116,0,0,0.004297091,0.1663628,0.33722,0,0,0,0.5878875,0,0,0.1888967,0.8658242,1.65895,0.2809911,0.7989484,0.272264,0.6310773,1.099255,0,0.7057074,0,0,0.652297,2.594082,0,0,0,0,0.29685,0,0,0.7408401,0.7278545,0,0,0,0,0,0.3603229,0.4075318,0,1.5516,0.08658192,1.334941,0,0.46508,0,0,0.605876,0,0.04696035,0,0,0,0,0,0.4691674,1.852899,0,0.2769063,0,0,0,0.463121,0,0.0510485,1.252232,0.6348488,0.8387637,0.252964,0,0.3789713,0,0.5759994,0.7835635,0,0,0,0,0,0,0.2060537,0.08967193,0.3721621,0,0.5587426,0.02791658,0,0.8075946,0.3586493,1.888852,0.04516012,0,0.6853968,1.029011,0.2009738,0,0.3851118,0,0,0,0,0.6531454,0.8603154,0,0,0,0,0.0401789,0,0.823777,0.3821432,0,0,0,0.05205128,0,0.9268229,0,1.130597,0.6340346,0,0,0.435789,0.2231196,0,0,0,1.37947,0.019686,0,0,0,0,0.8243768,0,1.55777,0.1052283,0,0.3401273,0.002362657,0.564305,0.2566628,0,0.4805592,1.897437,0.04926706,0.07104523,0,0.7436886,0.7275265,0.5553176,0.3015444,0,0,0,0.8274425,0.2215599,0.5421569,0,0,0,0.7514566,0,0.1404955,0,0,0.671456,1.19776,0.9137626,0,0,1.320529,1.366631,0.8087536,0.3432562,0.0435952,0.5905246,0,0,0.27756,0.4828917,0,0.953747,0,0,0,0,0,0,1.333379,0,0.3479486,0,1.229375,0.3673915,0.02820618,0.8398259,0,0.3049654,0,0,0.4327517,1.314349,0,0,0.9482666,0,0.6508099,0,0.7047408,0,0,0,0.1489713,0.2667263,
0,0,0,0.1175152,0.6306168,1.664022,0.1940472,0,0,0.2045444,0,0.2783103,0,0.1854795,1.00033,0,1.410443,0.467215,0.8829458,1.222283,0,0,0,0,0,0.2628369,0,1.337331,0.169042,0.5544422,0.220277,0,0,0.2167491,0.2074159,0,0,0,0.3839288,0.8027266,0,0,0.5694318,0.599401,0,0,0.1579139,0,0.1040575,0,0,0,0,0,0.6494812,0.03290491,0.2940632,0,0,0.508237,0,1.00076,0.1711948,0,0.2925802,0,0.5864666,0,0,0.3747398,0.04958942,0,0,0.2623501,0,0,0,0.5435604,0.02386715,0,0,0.3526473,0,0,1.258755,0,0,0.05121169,0,0,0.07108792,0.2584916,0,0,0,0,0.05047903,0.3726864,0.651296,0.6016714,0.8108134,1.489115,0.2752261,0,0,0.3344161,0,1.254497,0,1.310427,1.18032,1.193312,0,1.203545,0,0,0,0.5166283,1.090335,0,0,0.04347607,0.6568963,1.981673,0.767395,0.8035784,0,0.822077,0,0,0.04835285,0.5433576,0.8618863,0.1177003,0.7216542,0.6254176,0,0.06310186,0,1.20749,0,0.2877926,0,0,0.6481668,0.1387949,0.1618818,0,0,0,0.100347,0.5551883,0.4773085,0,0,0.4717881,0,0,0,0.2487098,0,0,0.6777794,0,0.5251542,0.5393011,0,0,0.3289266,0,0.07152243,0,0.7952622,0.4484208,0.2635064,0.41837,0.6439643,0.5324827,0.3277016,0,0,0.2538865,0.2563541,0.5705239,0.6649819,0.4183992,0,0,0.3108104,0.1074133,0,0.8772017,0,0.1634965,0.6362137,0.3345991,0,0.4892788,0,0.7755866,0.358066,0.4717185,0.9067982,0,0,0,0.5449756,0,0,1.419175,0.5731739,1.67129,1.19719,0.6381997,0.4688422,0.3897834,0.2754833,0,0.9893281,2.247238,0,0.06308192,1.076862,0.1960949,0,0.6518047,0,0,0,0,0,0,0,0,0.7688109,0.814465,0,0,0.05037134,0,0.3264744,0.8938242,0.09306119,1.24327,0.4630418,0,0.4682469,0.4642802,0,0,0.9524407,0,0,0,0.2229004,0,0.05322871,0.9351311,0.8726175,0,0,0,0,0.2247665,0.5010931,0,0.4215308,0.8475552,1.113912,1.326512,0.383121,0.09689203,0,0,0,0,1.074697,0,0,1.632382,0,0.7545857,0,0,0.1287046,0.5444524,0.6958081,0,0,0.1395357,0,1.316895,0,0.6030655,0.392213,0,0,0.6659631,0,0,0,0.7500701,0,0.03871107,1.898129,0.7229263,0,0.1460424,0,0,0,0.04277077,0,0.4428172,0.6531358,0.611529,0,0,0,0,0,0,0.134892,1.75874,0,0.312367,0.1767267,1.094999,0,0.8500475,0,0,0.9050712,0,1.169523,0.8931502,0,0,0.2790995,1.062482,1.018688,0.3362713,0,0.07672313,0.7305146,0.207069,0.6793306,0,0,0,0.1244935,0.2731673,0.8497064,1.468999,1.452435,0,0,2.253205,0,0,0,0.06819145,0,0,0.7075117,0,0,0,1.010445,0,0.01536941,0.7465043,0.1150456,0,0,0.1449154,0,0,0,0.5341626,0,1.303717,0,0,0.365196,0,0,0,0,0.5138037,0,0,0,0,0,0,0,0,0,0.322763,0,0.02583472,0,0,0,0,0.9117736,0,0.2511574,0,0,0,0,0.3029904,0.2049121,0.3918188,1.599961,0,0,1.324296,0.6766984,0,0.08150995,0,0.1715812,2.361916,0,0,0,0,0,0,0.7788076,0.1487004,0.3032877,0,0,0,0,1.236122,0.9782728,0,0.2741168,0.4357814,0,0,0,0,0,0,0,0,0.4260822,0.8743304,0.07406521,1.392696,0.2978725,0,0,0,0,0,0,0.7229903,0.8065152,0,0,0,0,0,0,0.08337467,0,0.1309479,0,0,0.1425154,0.867802,0,0.07364629,0,0.8899358,0.6760179,0.1585599,0,0,0.5308462,0.1910428,0,0,1.301183,0,0.7503362,0.8554651,0.3261909,0.4061212,0.326015,0.1733571,0.1473952,0.8358688,0,0,0,1.82657,0,0,0.6030669,0,0,0.2347662,0,0,0,0,0.5479226,0.3556316,0.9087753,2.711829,0.8633043,0,0,0.0903926,0.2014441,0,0,0,0,0,0,0.01459201,0.1077556,0,0,0.4351927,0.8495182,0.2389187,0.273894,1.00517,1.207119,0.8853807,0,0,0,0.099044,0.3631666,0.4150766,1.576299,0.255746,0,0,0.2583837,0,0,0,0,1.264041,0,0,0,0,0,0.2034815,0.452784,0.008416603,0,0,0.2604269,0.4580956,0.2587451,0,
0.3368537,0,0,0,0.7807437,0,0,0,0,0.3681867,0,1.137022,0.8001608,0,0.4146522,0,0.4765483,0,0.06105936,0,0.154015,0,0,1.200518,1.153293,0,0.8622485,0.7095917,0,0,0,0,0,0.2556161,0.304017,0.8138375,0.6302166,0.4701277,0.9073534,0.5188556,0.3388684,0,0,0,0.146557,0,0.3641979,0.2723866,1.697505,0.01478629,0.8237835,1.4571,0.7390617,0,0.02117655,0.6003199,1.129421,0.5454883,0,0.3149048,0,0.9214825,0,0,0,0.2295958,0,0.1162287,0.8785564,0,0.4607132,0,0.4776489,0.9727883,1.485239,0,0,0.166675,0,0,0.1545626,0,0.3059326,0.9460128,0.4778597,0,0,0.08129003,0.1954979,0,1.140551,0,0.1103128,0,0.4479542,0.3304606,0,0,0.257235,0,1.156008,0,0,0,0.1758995,0.1049939,0,0,0,0.9567145,0.757269,0,0,0.01627587,0,0,0.1209208,0,0,0.6672649,0,0.8681132,0,0,0,0.4451469,0.009131913,0.8115125,0,0,0.6101934,0.2092991,0.2372409,1.334909,0,0,0.4966706,0.7369382,0.4090709,0,0,0.2343653,0.08749584,0.2730724,0.009428468,0.0381301,0.8325876,0,0.1016305,0,0.2418724,0.7039961,0.1958696,0.273237,0.2824156,0.3503582,0.05227038,0,0,0,0.9398351,0,0,0,0,0,0,0,0,0,0,0,0,1.033201,0,0,0.03745536,0,0.7309031,0,0,0,0,0.4612594,1.545086,0.9362335,0.136052,2.181542,0,0.2013431,0,0,0,0.3844689,0,0.6544899,0,0.1418833,0.503737,1.49438,0.4062877,0,0,0.17568,0,0.5539441,0,0,0,0,1.002915,0,0.04423227,0.6441423,0.4049098,0.02368528,0,0,0,0.2866585,0,0.03074118,0.8014001,0.4477042,0,1.622035,0.04345388,0.1108744,1.423878,0.03021207,0,0.1199071,0,1.047091,0,0,1.105034,0,0.08879463,0.1258723,1.293518,0,0.2689164,0,1.04643,1.74674,0.9998895,0,0,0,0.5527719,0,0.1095868,1.275823,0.2702189,0,0.4754747,0,0,0.4424148,0.5822691,0.0231248,0,1.110225,0,0,0.07020582,0.4900821,0,0,0,0.9028823,0.05957004,0,0,1.411314,0,0,0,0.3773249,0.07192376,0.1165466,0.3521782,0,0.2623967,0.115992,0.1655311,0.3102311,0,0,0,0.5833865,1.465931,0,0,1.239977,0.2717146,0,0.6922856,1.019532,0,0,0,0,0,0,1.192854,0.5816191,0,0,0.9922013,0,0.06501194,0,0.0609062,0,0,0,0,0,0.3786964,0,0.5844104,0,1.125874,0,0.1707411,0.1493146,0,0.1957237,0,0,0.202903,0,0.5963622,0.3974889,0,0.3495428,0,0.3832743,0,0,0,0,1.222581,0.04362081,1.008036,0,0,0,0,0,0.123553,0.06541731,0,0,0.4286011,0.7268583,0,0.03932696,0,0,1.886935,0.8111832,0,0,0.5115196,1.583576,0.7874455,0,0,0.05077143,0.809603,0.3403067,0,0,0.6768525,0.3236333,0.9174374,0.2174471,0,0,0.6159,0,0.5676615,0.5177795,0,1.01895,0.6196528,0.3891666,1.550629,0,0,0,0.2794815,0.2333967,0.9915583,0,0.4346288,1.32983,0.9177783,0,1.63232,0.5360116,0,0.3314983,0,0,0.04079627,0,1.437191,0,0,0,0,0,0,0.5526074,0.5020275,0.8589188,0.3263002,0,0,0,0,0,0,0.1233395,0.6775283,0.3821279,0.2010689,1.128638,0.8854705,0,0.9384927,0,0.902206,0.6095402,0.6443037,0,0.128579,0,0,0.5977119,0.6289599,0.168116,0.045739,0.2728738,0,0,0.1930445,0,0,0,1.558034,0.5850309,0.4832393,0,0,0,0.7033542,0,0.5475332,0,1.093653,0,0.3457267,0,0.9579046,0,1.483745,0,0.8271734,1.505144,0.3762075,0.7273688,0,1.333578,0,0.7331321,0,0.6931396,0,0.4109488,0.04159677,0.2489285,0,0,0.9512479,0,0,0,0.2768894,1.612669,0,0.1314156,0,0.4158686,0,0,0,0.05769942,1.057898,0,0.4199461,0,0,0.4800369,0,0,0.0950324,0,0,0.0963128,0,0,0.8919722,0,0.9323193,0,0.7618319,0.5542018,0.01598668,0,0,0.267777,0,0.1544997,0,0,0.7351312,0.4265832,0,0,0.02498687,0.155013,1.100449,0,0.09318078,0,1.162504,0,0,1.108558,0.4304072,0,0.161036,0.2195395,0.2978503,0,0,0,0,0,0.3336122,0,0,0,0,0.1205163,0,0,0,0,0.5414412,0,0.8093719,0,0.01831418,1.392522,
0,0.4064893,0,0.5502097,0.2612776,0.8495463,1.343036,0,0.4901247,0,0.7053573,0.9436028,0.3701409,0,0,1.247746,0,0,0,0.6382545,0,1.150883,0,0.1018903,0.8585961,0,0,0,0,0,0.3692264,0,1.588887,0,0.519094,0,0.0843852,0.6127487,0,0.7159246,0.9338918,0.17096,0,0,0.02048789,0.2435467,0,0,0,0.9325031,0.5130084,0,1.588886,0,0,0,0.463511,0,0.36079,1.679412,0,2.862538,0,0,0.1255215,0.25615,0,0,0.3213451,0,0.5143269,0,1.123519,0,0,0.4432868,0.04766718,1.166915,0.2737971,0,0,0.8614582,0.5506424,0,0,0.4744122,0.3494742,0,0.5738419,0.7214902,0,0,0,0,0,0,0,1.026216,0,0,0,0,0,0,0,0,0,0.5264732,0,0,0,0.5023941,2.472169,0.8654379,0,0.8285182,0.9781755,0,0.7289333,0.8347859,0,0,0,0,0.6029925,1.036376,0,0.9387616,0,0.528667,0.5191918,0,0,0.4043044,0,0.6742261,0,0,0,0,0,0,0,0.2571791,0,0,0,0.2770691,0.5089123,0,0,0.08820841,0,0,1.255531,0,0,0.6291429,0.993274,0,0.2014972,0,0,0.4929788,0.6701362,0,0,0,0,0,0.2837851,0,0.7926418,0.840605,0.03473514,0.2600805,0.01614486,0.100719,0,0,0.2948465,0.3067149,0,0.5431419,0.2906986,0.08882251,0,0,0,0.4159483,0.002256961,0.2448849,0,1.193682,0.9836945,0.004359996,0.7540178,0,0,0,1.490187,0.002323391,0,1.192324,0,0,0,0.4487972,0,0,1.404867,0,0,0.5065697,0.6816061,0.2144672,1.007827,0,0.7942524,0,0.3690203,0.6748182,0,0.07100705,0.3509614,0,0,0.2202025,0,0.4798595,0,0.8198305,0.9895843,0,0.5954238,0,0,1.916417,0,0.1858492,0,0,0,0,0,0.6831053,0.7577879,1.243996,0,0,0,0.4082683,0,0.7871731,0,0,1.540826,0,0,0,1.189594,0.1282812,0.1376296,0.007457918,0,0,0.34271,1.314402,1.230752,0,2.286682,0.8497786,0.08769026,0.6562583,0,0,0.2522175,0,0,1.082212,0.7303092,0,0,0.490776,1.453166,0.5698841,1.409748,0.07512602,0.4773856,0.1302913,0,0.8945263,0,0,0,0.3143457,0.9845067,0,0.3718754,0.8904082,0,0,0,0,0,0,1.346014,0.421733,0.3523446,0.2214523,0,0,0,0,0,0,0,0,0,0,0,0.2228936,0,0,0,0.1099098,0.8848483,0,0,1.031451,0.6139051,0,0.7981983,0,0.4932556,0.3400026,0,0,0.002394045,0.2067479,1.100946,0.2267757,0.573047,0,0.6189765,0.8187461,0,0.3247053,0,0.1946364,0,0,0,0.1680377,0.5487204,0,0,0.0758839,0.2807521,0.8366203,0.4162097,0.1471466,0,0,0.6391876,0.1790999,0,0.7626104,0,0,0,0,0,1.087782,1.758762,0,0,0.3035059,0.17969,0.00248013,0,0.08883378,0,0.2140319,0.08379808,0.3203661,0,0,0,0,0,0,0,0,0.1925698,0,0.6901893,0,0,0,0,0,0,1.877145,0,0,0,0.1467438,0.7792062,0.6459909,0.7853086,0.4808595,0,0.8305914,0.947414,0,0,0,1.362231,0.9348403,1.050239,0.5469456,0,0,0,0,0.4522005,0,0,0.08457646,0,0.3960731,0,0.2812984,0,0,1.233824,0,0,0,1.051399,0,0,0,0,1.141391,0,0.03677509,0,0.7833746,0.3941236,0,0,0,0.5214669,0.7654491,0.205227,0,1.123033,0.5522195,0.8662552,0,0,0.3380871,0.08185926,0.6772546,1.042603,1.606749,0.4684294,0,0.002529388,0.08655357,1.564696,0,0,0,0,0.542136,0.09638918,1.092395,1.597907,0.8388444,0.5201252,0.3838646,1.743311,1.180449,0,0,0,0.6586221,0,0,0.4048942,1.722227,0.01277076,0.01325744,0,0,0,0.119774,1.032489,0,0.05655438,0,0.02199611,0,0.7425261,0,0.2399977,0.4298298,1.864671,0,0,0,1.497124,0,0.5248055,0.395499,0,0.04794892,0.7012329,0,0.1094303,0.4679884,0,0,0.9419168,0,0,0.3761162,0.009671873,0.3225498,0,0.628785,0.327912,0.7774856,0,0.1612473,0.664009,0.3547318,0,0.1502997,0.9173216,0.03552877,0.283369,0,0.6818143,0.8920708,0,0.1147369,0,0,0,0.7018556,0.1930449,0,0,0.3826561,0.5324199,0.416531,0,0,1.926811,0,0,0.7851003,0.4266704,0,0,0,
0,1.057034,1.128404,0.6165346,0,0,0,0.004133659,0.09488715,0,0.35844,1.367199,0,0.003478221,0,0,0.384418,0.07917569,0,0,0.492057,1.431244,0,0,0,1.576765,0,0,0.00223374,1.426284,0.1679217,0,0.2653922,0,0.6162611,0,0,0.7246732,0.1236177,0.5942587,0.9803938,0,0,0.177118,0,0.5128812,0,0.7601523,0,0.2258281,0,0,0,0,0,0.6733562,0,0,0.1412078,0.7941766,1.049845,0,1.446905,0,0.1040886,0.9853731,0,0.9225501,0,0.7908031,0,0.1970491,0,0.2188112,0.0713374,0,0.4779858,0,0.2666552,0,0.1978474,0.3804478,0,0,0,0.4349359,0,0.4993648,0.5736423,0,0,0,0.7016064,0.677141,0.4202243,0,0,0.2309549,0.3340647,0,0,0,0,0.5045474,0,0.587604,0.1742383,0,0,0.1278788,0,1.86823,0.2843021,0.8532696,0,0.8893495,0.3727854,0.4123904,0,1.315836,0,0.2901457,0,1.062362,0,0.5325402,0.006768851,0.2656716,0,0,1.616756,0.1511592,0.2069905,0,0,0,2.0716,0,0,0.3668922,0,0.4516197,0,0.5227699,0,0.9584448,0,0.9434079,1.179847,0.4748513,0.6930355,0.5368836,0,0,0,0,0,0.6970627,0.1718765,0,0.3621321,0.5157056,0,0.3402701,1.030175,0,0,0,0,0,0.04617621,0.01614105,1.09009,0.7493553,1.025213,0,0,0.2720014,0,0,0,0.1697122,0.04271711,1.469696,0.2288607,0,0.6096168,0,0.6997452,0,0,0.39068,0.194372,0,1.192579,0,0.6819652,1.937667,0.09594519,0,0,0,0.1291936,0,0.3696988,0,1.455842,0,0,0.2111458,0,0.4971872,0.8760252,0.3014287,1.31859,2.133561,1.133334,0,0,0,0,0,1.285754,0,0.3511596,1.430125,1.343514,0.3500026,0.3341344,0,0,0,0.608806,0,0,0,0.6787349,0.3607339,0.1983257,0,0,0.6297221,0.7273279,0,0.389934,0.150506,0.5327668,0.1775321,0.9230945,0,0.8611258,1.080753,0,0.312593,0,0.5008733,0,0.9250399,0.3645358,0,0,0.4374212,0,0,0,0.8021711,0,0,0,0,0,0,1.235586,0,0.1417649,0.296464,0,0,0.6508172,1.025512,0.4479534,0,0,0,0,0,1.378167,0.464973,0.2768908,1.027135,0.7806681,0,0,0,0.007524929,0.8415997,0,0,0.693873,0,0.281455,0.3426081,0.3693369,0.3370886,0.1693207,0.2173762,0,0,0.2317715,0.2913668,0.3765267,0,0.08925508,0,0,0,0.07111164,1.948824,0,1.976593,0,0.7141982,1.258824,0,0.4252574,1.613737,0.7260626,0.3230982,0,0.7130341,0,0.3828424,0,0,0.5218371,0,0.06475376,0,0.1457302,0,0,0,0.9442019,0,0.06537305,0.3741975,0,0.5494984,0,1.495751,0,0,0,0,0.2777151,0.9101697,0.5275254,0,0,0.2588187,2.179009,0.1243289,0,0.4909669,0,0,1.054524,0,0,0.8115832,0,1.973997,0,0.624671,0.1410282,0.7991034,0,0.4637583,0,0,0.7098578,0,0.8157542,0,0.6853331,0,0.4000872,0.1841221,0,0,0,0.8402579,0,0.492395,1.727783,0,0.09731406,0,0.8379568,0.3642091,0,0,0,0,0.1728474,0.2904449,0.2421051,0,1.067235,0.8839496,1.019431,0.468147,0.1103345,0.104614,1.124653,0.4667442,0.6119632,0,0,0,0.3124147,0.8256425,0,0,0,0,0,0.7039744,0.5265555,0.1204897,0,0,0.1655947,1.125169,0,0,0,0.08116025,0.8340069,0,0.03601089,0,0,1.379531,0,0,0.4467193,0.5901031,0.5800125,0.4488266,0,0.3661217,0,1.085208,0.6131126,0.2120499,0,0,0,0,0.8760003,0,0,0.3931843,0,0.8471171,0,1.121073,0,0.8577629,0,0,0.4436181,0,0,0.3611802,0,1.067102,0.5632995,0.08712798,0,0.2290986,0,0,0.9399105,0.05521379,0,0.2113591,0,0,0,0,0,1.129585,0,1.04313,0,0.5985982,0,0,0,0,0,0.2702619,0.2518657,0.03652141,1.214707,1.366343,0,0,0,0.1089355,0.8614692,0,1.295249,0,0.8442467,0,0.3442637,0,0,0.8942756,0,1.494701,0.4032611,0,0.332469,0,0.508155,0.1049524,0,0.03508402,0.4071063,0.0183281,0,0,0,0,0.5651069,0,1.103924,0,0.02465779,0,0,0.4615848,0,0.3329723,0,0,0.9932266,0.1728148,1.111654,1.0506,1.16818,0,0,0,1.337326,0,0,0,0,0.07483045,1.247954,0.3249455,0,0.1923929,0.9397359,0,
0.8063222,0,0,0,0.5294205,0.3001696,0.4646155,0,0,0,0,0,0,0,1.239692,1.092957,0.6105182,1.152195,0.4785823,0,0.1621853,0.7624263,0.236657,0,0,0,0,0.7984546,0,0.3581895,0.204303,0,0,0,0,0.3907377,0.2524728,0,0,0,0,1.244307,1.676574,0.4738962,0,0,0,0.002650634,0,0.03708085,1.187689,1.185185,0.7098148,1.141455,0,0,0.5870551,0.8025993,0,0,0.5977773,0,0.2774733,0.4510481,0,1.921701,0.4548449,0,0.4195041,0,1.10414,0.7326933,0.2654622,0.5244707,0,0.7368801,0,0.7431331,0.9133705,0,0,0,0,0,0.2315829,0.002580405,0.1560689,0,0,0.9479435,0.3935993,0,1.086005,0,0,0,0,0.6624751,0,0.2565496,0,0.3381521,0.9835601,0.306488,0,0,0,0,0,0.3745828,0.3868051,1.18973,0.3964364,0,0.006460521,0,0,0,1.07714,1.155321,0,0.08840293,0.5693356,0,0,0.281461,0,0,0.3617316,0,0,0,0,0.4494526,0.1486616,0,0,0,0,0,0,0.6108791,1.174564,0.2485783,0,0,0,0,0.5049915,0,0,0,0.3220766,0,0,0.1892028,0.6174473,1.664332,0.5469308,0.8318055,0.9428208,0.7646559,0.254621,0,0,0,0.9647877,0,0,1.121249,0.6770146,0.4664076,0,0.3154781,0.5871894,0,0.3028696,0.5353963,1.749538,0,0,0,0.1505065,0.30271,0,0,0.1645531,0.33059,0.6852093,0,0.9005022,0,0,0.1954176,0.3569097,0.1584115,0,0,0.7124829,0,0.1766361,0.8103955,1.005676,0,0,0.4281759,0.207428,0.985637,0.2144641,0,0,0.9501745,0,0,0,0,0,1.203697,0.6411871,0,0.03574063,0,0,0,0,1.399898,0.7268223,0.5182239,0.4958604,0,0,0.8375916,0,0,0,0.7044017,0.2465781,0,0,0.4669633,0.6414734,1.767688,0.2465991,0.03345456,1.127619,0.1434671,0,0,0,0,0.4501653,0,0,0,0.1416309,0.7659968,0,0.3082624,0.1181426,0,0,0.9255844,0,0.3211611,2.423827,0,0,0,0,0.1748459,0.04066392,0.8765327,0,0.4450415,0,0.2901647,0.1078833,0.4383201,0.343111,0,0.0553986,0,0,0,0.03953192,0.4549696,0.06817335,0.08470741,0,0,0,0,0,0.1111663,0,0.05527405,0.4914804,0,1.049937,0.2653932,0,0,0.8706379,0,0.033565,0.3740299,0.3552374,0,0.8556253,0.4747481,0,0.8955555,0.3133224,0.4288845,0.7704191,0,0.3431651,0,0.6786088,0,0.2781529,0,0.4102015,0.7748469,0.8366676,0,0.4729411,0.8973889,0.05270399,0,0.05591769,0.07584119,0.4608397,0.329819,0,0,0.2489545,0.4809774,0,1.948808,0.0264493,0.2189964,0,1.022382,0.6442184,1.21057,0,0.1510333,0.7053218,1.770823,0.8497649,0.5012696,1.270155,0,1.02363,0,0.4997547,0,0.02842661,0,0,2.225722,0.6550676,0,1.019512,0,1.584754,0,0,0.6045057,0,0.7764601,0.8861611,0.8989944,0.1861459,0,0.8249493,1.535522,0,0,0,1.566694,1.288344,0.6013007,0.4673074,0,1.124076,2.119542,0.08947486,0,0.5978097,0.6160359,0.05367202,0,0.8722453,0.4518887,0.1228443,0.1568394,0,0.9300292,0,0,0.2518992,0.7091571,0,0.5011804,0,0,0.1663738,0.139862,0.4365646,1.154061,0.537108,0.5477539,0,0.07242422,0.6819911,0,0,0,0,0,0.1346129,0,0.3592834,0,0.8487256,0.5694879,0,0,0.6038399,0.7727324,0,0.2656339,0,0,0,0.4267581,0,0.03913075,0,0.852986,0,0.3568926,0.9909891,0.5764493,0,0,0,0,0,0.45975,0.469468,0,0.3042689,0.5894515,1.190568,0.302799,1.532962,0,0.03390945,0.4764708,0,0,0.1413486,0.4803203,0.3395261,0.2893297,0.4469289,0,0.1543855,0.3924499,0.397002,1.035342,0.00581499,0.1623442,0.7830285,1.02898,0.8716623,0,0.6982269,0,0,0,0.4251646,0.07145211,0.1466186,0.7190561,0.5882913,0.9087947,0,0,0.3616401,0.1952662,0.5130558,0.8750947,0.01779683,0,0,0,0.6730075,0,1.527603,0,1.209691,0,0,0.1148244,0,0.1786286,0,0,0,0,0,0.4922637,0,0,0.1005433,0,0,0,0,0,0,0,0,0.09695734,0.3148772,0,0,0.6900615,1.674958,0,0.4313325,0,0,0,0.1178571,0.3733432,0,0,0.2459773,0,0.08812458,0.3162785,0.2042257,1.952709,0.1240449,0,0,0,0,0,0.6109063,0.2330155,0.7955453,0.3541457,0.5703264,0,0.112943,0.2929001,0.2878955,0.3531322,0.5890865,0.5066587,1.285353,0.1480751,0.2565924,1.761861,
0.708772,0.1202639,0,0,0,0.8476304,0,0,0.9100215,0.720718,0.2993707,1.053976,0.285583,0.2035927,0,0.3364527,0.5999854,0,0.2336404,0,0,0.8501988,0,0,0.3126369,1.105331,1.217228,0,0,0,0.5304798,0,0.2930225,0,0,0.5317132,0,0.5272217,0,0.2034305,0,0.1563526,1.047127,0.7146446,0,0,0,0.6751245,0,0,0,0.07119689,1.368812,0,0,0.6000783,0.3354014,0,0.3998155,0,0,0.2477215,0,0,0,0,0.04123007,0,1.408161,0,1.356758,0,0,0,0,0.5107078,0.7050859,0,0.320741,0,0.2368147,0,0,0.5622635,0.5356692,1.922603,0.9935145,0.5631133,0.07838381,0,0,0,0.5019394,0.2056979,0.5451165,0.5246922,0,1.129519,0,0,0.07664065,0.09821466,0,0,1.515426,0.7576853,0.1764095,0.05497291,0.1451172,0.8384976,0.1278494,1.126288,0,0.4468867,0.139208,0,1.151216,0,0,0,0,0,0.7471533,0,1.133335,0,0,1.280972,0.3921027,0,0,0,0.4978983,0,0,0,0,0.8020073,0,0,0.5354081,0.1080086,0,0,2.266519,0.220804,0,0.9227021,0.1971703,1.202383,0.6131458,0.2429039,0,0,0,0.9797215,1.059742,0,0,0.6987199,0.3698561,0,0,1.1785,0,0,0,0.03241036,0.5591299,0.1201457,1.198872,0.9057937,0.1832136,0,0.1062624,0.2162193,0.1518654,0,0.2161032,0.327611,0,0,0.7066807,0,0,1.080317,0.2699081,0.3872723,0,0,1.04298,0,0.8399902,0,0.6087646,0.1659499,1.436469,0,0.1976456,0,0,0,0,0,0,1.227155,0.9176309,0.1161336,0.3259379,0,0,0.783103,0,0,0.7391832,0.4524716,0.7560847,0.1183705,0,0,0,0.2896527,0,0,0,0,0,0,0,0.9091101,0.905831,1.503898,0.3511458,1.262421,0.4539423,0.8174467,0,1.966254,0,0.7418624,0.1582114,0,0,0,0.7646422,0.4686894,0.1759981,0.4368076,0,0,0.9963617,0,0,0.8629998,0,0,0.2701326,1.582007,0.1268283,0.0372899,0.4341766,0,0,0.580556,0,0.7804408,0.2789294,0,0,0,0,0.2582073,0,0.0416879,0.2613925,0,0.8424867,0.1193198,1.094721,0.5186274,1.402125,0.3808026,0.2309863,0,0,0.7132498,0,0,0.4914824,1.183696,0.7938361,0,0,0,0,0,0,0,0,0.1320439,0,0.5366222,0,0,0.2447108,1.298495,0.509827,0,0.2899507,0,0.6494798,1.238099,0,1.313083,0,0.9277532,0,0,1.137709,0.002302791,0.265431,0,1.309783,0.707207,0.6135462,0.1447037,0,0,0,1.431772,0,1.196048,0.2509517,0,0.9438366,0,0.9973039,0.4123745,0,0,0,0,0,0.8189371,1.249976,0.2057318,0,0.1253002,0,0,0.04630439,0,0,1.008766,1.153633,0,0,0.6136534,0,0,0.1758232,0.6723318,0,0.3355766,0,0,0,0,2.141648,0.9856755,1.399139,0,0,0,0.6522604,2.187421,0.9735193,0.1614878,0,0,0.2305457,0,0.2273895,0,0,1.200591,0.5001125,0,0.8044445,0.4208619,0.2808816,0,1.128149,0,0.2572192,0,0.2762704,0,0,0.3485608,0.8827395,0,0,0.2625925,0,0,0.9844795,0,0,0.1745167,0,0.06007265,0.03038705,1.178179,0,0.5793511,0,0.3194054,0,0,0.4807104,0.6384692,0.53856,0,0,0.8548232,1.990068,0,0,0,0,0,1.822938,0.4781972,0,0,0,0.1569929,1.770674,0.5642207,0,0,0.2459525,0,0.2606082,0.1803981,1.138712,0,0.1482207,0,0.2703863,0,0,0,0,0.3920875,0,0,0,0,0.124013,0,0.05046695,0.3011067,0.9909077,0,0.2836704,0,0.8878782,1.267566,0.07868634,0.25849,0.6640165,0.1415269,0.1624086,0,0,0.9295358,1.163423,0,0.4080674,0.8748879,0,0,0.5990785,1.224571,0,0,0.1530749,0.6614094,0,1.755535,0.1303053,0.9076168,0,0.2295659,0.1647209,0.0365904,0.5298648,1.289402,1.28548,0,0,0.05172591,0,0,0,0.4813482,0.04409421,0,0.5041403,0,0.8167418,1.729614,0.8090314,0.6228523,0,0.122781,0,0.929804,0.5607178,0.18743,0,0.03607597,0.4787096,0,0.005709413,0.6506619,0,0,0,0,1.31407,1.500717,0,0.5439814,0,0,0,0.2643119,0,0,1.635711,0,0.09595034,0.7144648,0,0,1.417956,0,0.3121304,0,0,1.05917,1.016523,0.5874897,0.01402595,0,0.4056726,0.7756996,1.720891,0.5414891,0.7758512,0,0,0.835197,1.092738,0.5641292,0,0,
0.336632,0,0,0,0,0,0,0,0,0.962712,0.002440136,0,0,0,0.7390621,0,0,0,1.589194,0,0,0.06303632,0,0,0,0.7452907,1.134505,0.6528354,0.8205144,0,0,0,1.124115,0,1.659697,0.8210845,0,0.3031319,0,0.02228343,0,0,0,0.2398349,0.5209572,0.5395226,1.866259,0,0.6607471,1.022043,0,0,0.01364379,0.6180511,0.8847672,0.2528879,0,0,0,0,0,0,0.6530784,0,0.2785075,0.5643555,0,0.0305638,0,0.0232677,1.281955,0,0.7669635,0,0.7260931,0.5437905,0.1830141,0.8224787,0.688786,0,0.4551631,1.213979,0,0.6318583,0,1.304797,0,0.08742207,0.9307075,0,0,0.1270972,0,0,0.7063546,0.08038891,0,1.223896,0,0.3520856,0.05213485,0,1.276461,0,0,0,1.041332,0,1.786224,0,0,1.716527,0,0,0.8602315,0,0,0.4831718,0,1.093144,0.5130297,0,0,1.379677,0.5853718,0.7648103,0.855081,0,0,0.4738336,0,0,0,0.635771,0,0.5980788,0.2695073,0,0,0,0.6448686,0.1066763,0,1.049634,0,0,0,0.005679314,1.120827,0.8102349,0,0.4315462,0.9648959,0.345165,0,0,0,0.5950975,0,0,0,0,1.422552,0,0,0.3505595,0,0.4170694,0.2615017,0.06986512,0,0,0,0,0.2693794,0,0,0.8075823,0,0.1632874,0.4325113,0.5156022,0,0.1912322,0.3402076,1.719851,0,0,0,1.271065,0.3459473,0,0,0.073302,0.2389797,0.1184962,0,0.3361077,0,0,0,0,0.8547645,0.7745028,0,1.417853,0.4034052,0.4339708,0,0.5292535,1.646621,0.2358928,0,0.5734409,0,0,0,0,0.283947,1.128719,0.9908652,0.08139952,0,1.475271,0.4170353,0.04694183,0.05364465,0,0.3200288,0,0,0.007899404,0,1.231641,0.1135371,0.6778501,0,0,0.422199,0.0675189,0,0,0,0.3412381,0.7805609,0.2880502,1.200283,0,0.1133946,0,0,0,0,0.2006741,0.6584867,0,0.4495977,0.1494924,0,0,0,0.6801887,0,1.278893,1.037462,0.6562114,0,0.03929901,0.3942261,1.166586,1.546624,0.002389664,0.2607937,0,0.01521402,0,0,0.4068426,0,0,0,0.8808135,1.022149,0,1.262327,0.188187,0.1032565,0,0.009454395,0,0,0,0.6374633,0,0.3332566,0,0,0.418661,0.4412662,0,0,0.03354892,0.2793321,0.7195374,0,0.1262519,0,0,0.2952257,0,0.1115655,0,0,0.8591148,0,0,1.2565,1.861992,0.05759659,0.3321779,1.506169,0.617914,0.402854,0.05573068,0.02204895,0,0.1247941,0,0.0799804,0,0,0.7782385,0.458729,0.287737,0,1.382992,0.2072053,0,0,0,1.430175,1.404422,0,0,0,0.07774077,0,0,0,0,0.0611048,0.8764775,0,0,0.948826,0.1706595,0,0.5848527,1.127452,0.09088001,0,0,0.09662713,0,0.5980383,0,1.728578,0,0.3789458,0,0.622552,0,1.090809,0,1.022563,0,0.5040107,0,0.9499215,0,0.686128,0,0.9819942,0.813548,0,0,0.2021627,0.4087887,0.3763015,1.092441,0.4159604,0,0,0,0.7488803,0.502676,0,0.636507,0.115852,0,0.04925264,0,0,0,0,0,0,0.242392,1.429973,0,0,1.143641,2.101789,0,0.4896616,1.196747,0,0.05144135,0,0,0.5687227,0.4857827,0,0,0.03557055,0.6690292,0,0.1625395,0,0.604679,0.5696229,0,0.5750154,0,0,0.3696437,0.398337,1.303549,0,0,0,0,0.8639259,1.571915,0.4194097,1.60353,0,0.5709211,0,0,0,0.4767402,0,1.549427,0.7596892,0.7667312,0.8129655,0.8091542,1.370325,0,0,0,0.0459675,0.2330423,0.05858264,0.4335181,0,0,0,0.3680485,0,0,0,0.05980356,0,0.8174894,0,1.689314,0.3579721,0,0,0,0.125713,0.3679528,0,0,0,0,0.3241473,0.6296347,0.6906063,0.2458585,0,0,0,0.3970688,0.07584998,0.7483184,0.3354686,0,0.4120043,0,0.06098574,0.2068411,0,1.10526,0,0.6621668,0,0.350286,0.9112316,1.355767,0,0,0,0,0.9884534,0,0.1574952,0,0,1.047342,0.8208161,0.5190176,0.03736851,0.1080647,0.1351001,0,0,0.2087338,0,0.8810893,1.457029,0.1361249,1.809541,0.8073764,0,0.7357172,0.56156,0.3473001,0,0,0.7186797,0.01809108,0,0.9149653,0,0.3862273,0.3873572,0,0,0.35576,0.007402086,0.003672347,0.8214565,0.8707388,0,0,0.4292942,0,0.6666388,0.1933358,0.5281447,0,1.184161,0.8489417,0,0,0.8378724,0,
0.6115058,0.858301,1.309862,0,0.4434352,0,0,0.1581826,0,0,0,0,0,0.1396539,0.4576098,0,0.1376798,0.4699259,0,0.9103165,0,0.2495283,0,0.6482894,0,0,0.3259916,0,0,0.8437579,0.6662214,0.8338377,0,0,0,1.318223,1.199712,0,0,0,1.445308,0,0.470808,0.7902304,0,0,0,0.1966174,0.1099077,0,0,0.6963701,0,0,0.2944973,0,0,0.3273372,1.163075,0,0,0,0.2899901,0,0.01154345,0,0,0,0,0,0.2460137,0.7192267,0.4559441,0,0,0,0,0,1.220747,0,0.4147258,0,0.4283434,0,0,0.155781,0.3455399,0,0.3360595,0,0.3069188,0,0,0,0.1298265,0.2867269,0.3623982,0.2372591,0.7153932,0.05850521,0,0.8145968,0,0.1865592,0.754456,0.6500341,0.6433129,0.1197854,0,0,0,0,0,0.5466664,0.03665772,0.8612009,0.5385545,0,0,0.9863551,2.246224,0.3222812,0,0,0.3864714,0.2250374,1.07108,0.8403084,1.541983,0,0,0.416257,0.8414164,0.9577689,0,0,0.09694113,0,0,0.3546087,0,0.8189881,0,0.2858711,0.5588378,0,0,0,0,0,0,0.9497682,0,0,0.5873504,0.3785158,1.041789,0,0.58118,1.052658,0.7746325,0,0.2074194,0.3956437,1.007894,0,0,0.4092664,0,1.403206,0,0.005953468,0,0.09093999,0.08476222,0,0.9779035,0.2695384,0,0.7603268,0.08113252,0.5350583,0,1.209498,1.879121,0,0.864738,0,0,0,1.488164,0.8134587,0.6850929,0,1.122727,0.05611527,0,0,0.8979224,0,0.9218292,0.5032165,0,1.175618,1.111909,0.4684775,0.5270836,0.4418787,0.005600351,0.4700945,0,0,0.2732419,0.2290559,0,0.3537795,0,0.7062572,0,0.4497322,0,0,0.5425141,0.3675284,0,0,0,0.4259246,0,0,0,0.3982562,0,0.2430337,1.143661,0.6597975,0.5739574,0.2741265,0.1824224,0,0.5018093,0,0.21663,0,0,0.3574288,0,0.627643,0.1327194,0,0,0,0,0,0.3964928,0,0,0,0,0,0,0.8808271,0,0.4725068,0,0.4781058,0.6094806,1.181309,0.2999736,1.069946,0,0,0.2487446,0,0.4815942,0,0,0.6251831,0,0,0,0.02399433,0,0.1075495,0.959224,0,1.85811,0,0,0,0,1.027223,0,1.435907,0.01436395,0.7978866,0,0,0,0.221948,0,0,0.3196275,0.2708328,0,0.2866085,0,0.2062348,0.8273302,0,0,0,0.4628964,0,0.292601,0.7459318,0,0,0.1247082,0.4737209,1.731824,0.5360549,0,0,0,0,1.123265,0,0.2960286,0.9433775,0.08469121,0.2940785,0,0,0,0.5184211,0.3276269,0,0,0.423443,0,0.3801245,0.3478321,1.465504,0,0.05061187,1.348745,0,0.1275912,0,1.30722,0,1.038502,0.1815515,0.8332761,0,0,0,0,0.1872738,0.05799132,0,1.117864,0.2498927,0,0,1.067042,0,0.5507669,0,0,0,0,0,0,0,0.3244568,0,0.2936281,1.755519,0.06122149,0.2903393,0,0,0.6017307,1.010586,0,0.176406,1.204569,1.057852,0.4255049,0.02818845,0.4040933,0,0,0,0.4365087,0.5344246,0.2687077,0,0,0.8981379,0.5260332,0.2316772,0,0.04714214,0,1.00179,0,0,0.8659096,0.4135047,0.4803075,0.3522793,0.1004949,0.1879301,0,0,0,0,0,0,0.1209475,1.031874,0,0,0.0901014,0,0,0,0.5582356,1.164935,0,0.02081612,0.9301533,0,0.5489298,0.2198366,0,0.8916292,0.6853434,0,0.6013627,2.208981,0.03928186,1.048014,0,0,0.1217157,1.9563,0.3948389,0,1.920918,0.4629094,0,0,0,0,0,0.1556689,0.5595938,1.013544,0,1.241117,0,0,0.2411931,0,0.3910465,1.153952,0.002147133,0,0.2769523,0,0.1157975,0.3471035,0,0.1831125,0,0,0,0,0,0,0,0.06367237,0,0.9790871,0.7070791,0.5099589,0,0,0,1.155566,0,0,0,0.4662694,0.4631774,0.08181936,0,0.4071796,0,0,0,1.220462,0.5592416,0,1.12633,0,0.0467015,0,0,0.8220105,0.836981,1.141235,0,0.4695661,0.1857408,0,0,0,0,0,0.3437416,0,0.6556949,0.1274591,0.4582415,0.3118219,0,0.2438944,1.036023,0.244442,0.7358587,0.4176578,0,0,0,0.8055496,0,1.111806,0.2073549,0.5556302,0.4025527,0.6701756,0.9702997,0.8793058,0,0,0,0.4581845,0.8225883,1.102944,0,0.1014602,0.5599679,0.4500333,0,0.9870173,0,0,0,0,0.5161608,0.2554544,0,0,1.026151,0,
0,0,0,0.7321512,1.487091,0.04067225,0,0.7947716,0.6065959,0.5945705,0.1092272,0.8612604,0,0,0.3552868,0,0.48412,0.2878375,1.312078,1.070892,0.1781384,0.2807568,0,0,0,0,0,0,0,0.8676438,0,0.6883641,0,0,0,1.304583,0,0,0.4270419,0.5717987,0.335681,0.441614,0,0,0.4751543,0,0.6065412,0.8952974,0,0.6929449,0.560057,0,0.7692031,0,0,1.320673,0.4614236,1.121187,0,0.04475521,0.5647083,0.6759074,0,1.000042,0.1368467,0.610529,0,0.6469187,0,0,0.4796409,0,0,0.31172,0.2718204,0,0,1.307159,0,0,0,0.2615225,0.4444995,0,0.2947846,0.7825258,0.577351,0,0,0,0.3096898,0.933415,0.3249315,0.4628873,0,0,1.280925,0.6181316,0,0.4690598,0.1499943,0.6496009,0.01730095,1.230818,0,0.475587,0.4765289,0,0.8699988,0.6804497,0.8480908,0,0.5357568,1.131204,0,0.09828456,0.1843246,0.002412142,1.426536,1.009801,0.3726884,0,0.6837676,0,0,0.6927342,0,0,0.5228595,0,1.159615,0,0,0,0,0,0,0.0463262,0,0,0,0,0,0.7438565,0,0,0,0.09203723,0.2516908,0.1946144,0.7277778,0.09644534,0,0.8060952,0,0.03032497,1.207692,0.8476663,0.3294855,0.9529361,1.068373,0.2096744,0.661458,0.4293789,0,0,0.2047042,1.299944,0.01506205,0,0,0,0.80381,0,0,0.5411333,0.567641,0,0,0,0,0,0,0.5232965,0.1804504,0,0.7008165,0.8262087,0.4611474,0.06650436,0.3522063,0.2719643,0,0.0344435,0,0.09374411,0,0,1.172837,0,0,0.5525188,0.3238533,0,0.1581261,0,0.08247584,0,0.446649,1.21303,0,0.2750267,0,0,0.2713895,1.650037,0,0,0,0.05388249,1.031431,0,0,0,0,0.4141248,0.4923058,0.8096634,0.1516747,0,0,0.4285506,0,0.1073013,0.8995452,0.6002899,0,0.0485264,0.5384154,0,0,0.03444065,0.648313,0,0,0,1.313875,0.9329422,0.1303435,0.3293969,0,0.3714027,0.3025748,0,0.1298442,0,0.2140318,0.6766322,0.7081953,0,0,0,1.730816,0.007556075,0,0.5649756,1.490247,0.631311,0,0,0.1013359,0,0,0.8543811,0.1558188,0.1037615,0,0,0,0,0,0,0,0.1320773,0.6188551,0.5287955,0,0.6772147,0,0,0,0,0,1.100153,0,0,0,0.08101611,0.1259872,0,0,0.2268722,0.93329,0.3347811,0,0,0.4809054,0.1163711,0,0,0,0.4951536,0.2770003,0,0.3255231,0,0.6307914,0,0.5018801,0.1238244,0.4475675,0.03107789,0.05674391,0,0,0.3537033,0.3265876,0.2834543,0.2955917,0,0,0.2774014,0,0,0.8192542,0.08495292,1.037705,0,0,0,0.2140464,0,0,0,0,0.4160015,0,1.04311,0.8648081,0.002460749,0,0.8645282,0.6530484,0.5777906,0,0.7176453,0.002572136,0.3581776,0,0.7823399,0,0.334575,0.02111285,2.329804,0.2144265,0,0.9715948,0,0.5850024,1.11482,0,0,0.4538848,0.8945538,0,1.476832,0,0,0.5391449,0.4212501,0,0.9219534,1.543374,0,0.5357139,0,0,0,0.6915777,1.131875,0,0,0.4598247,0,1.187106,0,0.3530269,0,0.8284506,0.6188619,0,0.6603661,0.4470856,0,0.04197494,0,0.4223531,0,1.470828,1.06446,0.6219196,0,0,0,0,1.184056,0.2304566,0,0,0,0,0.9469309,0,0,1.226864,0,0,1.236656,0.0304198,0,0,0.5197437,1.572297,0.06823265,0.05987972,0.4297448,0.6213065,0,2.031021,0.1602313,0.1255845,0.5534266,0.1410257,0,0.8756363,0.6101533,0,0.4880499,0,0,0.7044384,1.000416,0,0.6960423,0.7174795,0.3564848,1.127727,0,0.7672423,0,1.396136,0,1.059737,1.028104,0,0.03751351,0.2189071,0,0.9670793,0.4510201,0.1898407,1.080541,0,0.3285107,0,0.2561002,0,0.6445839,0.0330672,0,0,0.4177623,0.7238206,1.390299,0,0,0,0,0,0,0,0,0,0,0,0,0,0,0,0,0,0,1.400857,0,0,0.1111991,0,0,0,0.8839644,0.02767389,0.1794538,1.189532,0,0,0,0,0,0.6505818,1.486403,0,0.9074368,1.109456,0.4916177,0,0.5341085,0.1514893,0.6143712,0,0.3824657,0.7694288,0,0,0.2731206,0,1.06948,0.1213155,0.3023247,0,0.8418295,1.825496,0,0,0,0,0.05851908,1.050724,0.4733662,1.3174,0,0,0,0,1.126032,0,0,0.4471417,0.210425,0,0.8557671,0.8564697,0,0,0.152086,1.652795,0,0.8156015,0,0.1413251,0,
0,0,0,0.4068203,0,0,0.6182584,0,0.009926663,0.3402812,0,0,0.00448716,0,0.3654795,1.241899,0.757223,0.6661523,0.06555866,0,1.292922,0,0,0.1329917,1.1073,0,1.125268,0,0.9007012,0.4892776,0,0,0,0,0,0,0,0.9727021,0,0,0,0,0,0.3384615,0.06894424,0,1.570222,0,0,0,0,0,0,0.2011715,0.1359681,0.009473906,0.1782987,0,0.8278497,0,0.2927945,0.008492026,0,0,0.226004,0.4266424,0,0.04394166,0.1319146,1.296172,0.4040654,0,0.1214394,0,0.4445368,0.3793018,0.4826047,1.228168,0,0,0.05067046,0,0,0.4583037,1.709214,0,0,0,0,0,0.7244294,0,0.1953621,0.0511562,0,0.03834578,0.6181472,0,0,1.477587,0,0.5660042,0,0.5442333,0,0,0,0,0.976921,0,0,0.5054034,0,0.3376046,0.5521485,0.8278505,0,0,1.204479,0.1610663,0,0.6132936,0.0307804,0,0,0.2675927,0.03521149,0.4041738,0,0.4627298,0.4786908,0,1.537898,0.03055756,0,0.2596599,0,0,0,0.9996989,0,0,0.1374345,0,0,0.5036122,0,0.4054898,1.119847,1.297022,0.4391439,0,0.2180476,0.2059433,0,0.3788336,0.3422532,0.4740334,0.7212927,0,0,0,0,0,0,0.2960922,0,0,0,1.128013,0.2783929,0,0.602192,0.173333,0,0,1.003703,0.530086,0,0,0.4022595,0,0,0.03981486,0,0.5286041,0,0,0,0.2846105,1.803628,0,0,0,0,0.2788664,0,0,0,0.5622712,0.2412284,1.059576,0.0522465,0.9081556,0,0,0,0,0,0,0.3227672,0,0.5997744,0,0,0.02578391,0,0.7564648,0,0,1.35889,0,0.01708084,1.42265,0.6275619,0,0.1923057,0.6033319,0,0.8611682,0,0,0,0,0,0,0.8044257,0,0,0.01516561,0,0.4874546,0.6338239,0,0,0,0,0.6004868,0.3050209,0,0.6304222,0.7343853,0.2354849,0,0,0.1804586,0.2205792,0,1.47298,0.232323,0,0.201745,0.9645667,0.7447746,0,0,0.3369885,0.2868444,0.1666761,1.643121,0,0.7415072,0,0,1.274717,0,0,0.201466,0.07520399,0,0.357014,1.093994,0,0,0,0,0,0,1.242446,0.6309628,0,0,0,0.002345535,0,0.254134,0,0,0.002379523,1.315438,1.296755,0.02805064,0,0,0,0,0,0.4036362,0,0.961072,0.5218481,0,0.2421933,0.01111208,0.02995206,0.4633085,0.5345363,0,0,0,1.150907,0.4275749,0,0.673433,1.445348,0,0,0,0.5835598,0.02897071,0,0,0.476851,0.0335318,0.7930721,0.4562924,0,1.084831,0.1326821,0.3004481,0,2.472192,0.7447197,0.2751041,1.088404,1.707957,0,0.1436257,0.2069906,0,0.5927548,0.5421183,0,0,0.1425481,0,0,0,0.01350756,0,0.3740849,0.08669309,1.182189,0,0,0,0,0.2026836,0.1975604,0,0.7816132,0,0,0.3340407,0.7774084,0,0,0,0.1247849,1.228099,0.02422344,0,0.6870211,0.1959792,0,0,0,0.2460816,0,0,0.05050812,0,0.5579037,0,0.5148216,1.125106,0,1.021949,1.319233,0,0,0,0,0.3013492,0.7245528,0.9144171,0.380228,0,0.4934468,0.1478344,0.6295713,0.8078693,0,0,0.2297594,0,0,0.1151117,0,0.3825282,0,0.2930227,0.2045974,0,0,0,0,0,0,0,0,0,0,0,0,0,1.179979,0,0.7751105,0.2400796,0.01088103,0,1.103231,0.9081365,0,0,0,0.2086821,0.9052492,0.1008467,1.025713,0,0,0,0.2650358,0.3544803,0,0.1448194,1.27616,0,0.5629877,0,0.6115453,0.173195,0.1177205,0.3481566,0,0,0,0,1.662148,0,0,1.070366,0.595993,0,0,1.291174,0,0,0.3722141,0.181644,0.06772538,0.08807693,0.06284912,0.06879286,0.5396869,0.9426925,0,0.2233036,0.5789655,0,0.7432013,0.1706966,0.2670009,0,0.379827,0,0,1.392529,0,1.655845,0,0,0.07181247,0.2083929,0,0.9987975,1.305067,0,0,1.542235,0.9986116,0.6146296,0.1332654,1.272338,0.08701841,1.169139,0,0.3390981,0,0.7844658,1.068586,0,0,0,0.5371142,0,0,0,0.4458456,0,0,1.173333,0,0,0,0,0.3732378,0.955503,0.2097336,0,0,0,0.9161891,0.813092,0,0,0.2346131,1.395966,0,0,0,0,0,0.9045591,0,0,0.727383,0,2.021513,0,1.381437,0.7047609,0,0.09474341,0,1.066451,0.342199,0,
0,0.2742259,0,0,0.3773042,0,0,0.9849973,0,0,0.4369813,0,0,0.8082851,0.4879082,0,0,0.7918651,1.276366,0,0.2669458,0,0,0.3045617,0.8028536,0,0,0.9153562,0,0,0,0.6408774,0,0.4652029,0,0.01829139,0.1814276,0.417267,0,0,0.1229207,0.09578975,0.5078817,0.8208712,0.04422186,0.4481067,0,0,0,0,0.02616476,0.8026872,0,0.8220208,0,1.576963,0,0.1776937,0,0.1923988,0.150178,0,0,0.1629386,0.2977803,0,0.4303701,0,0,0.0147242,0.3628267,0,0,0,0.01232562,0,0.7160927,0,0,0,0.405771,0.647217,0,0,0,0.9807375,0,0,0,0,1.109553,0.8817549,1.006343,0,1.23037,1.431272,0.04133559,0.3992464,0,0,0,0,0,0.7168539,0,0,0.6461899,0.328688,0.2546037,1.005602,0,0.9896961,0.3144957,1.013955,0,0,0.1581167,0.3914283,1.062675,0,0,1.323591,0.5597805,0.2727168,0.6157242,0,0,0,0,0,0,0,0.5046977,0.6956669,0,0.4202177,1.055013,0.2074515,0.09898107,0.3056302,0,0.9628214,0,0.03504309,0.2069017,0.4879086,0,0.1393733,0.6191065,0,1.521084,0,0,0,0.0739323,0,0,0,0.6265473,0.2672997,0,0,0,0.5073354,0,0,0,0.5668967,0.0661412,0,0.002395071,0,0.517283,0.2792515,0,0,0.5256773,0,0,0,0,0,0,0,0,0.3379519,0,0,0.4842096,0,1.316788,0,0.5095947,0,0,0,0.4371049,0.1430205,0.1773901,0.07569733,1.441266,0,0.7222528,0,1.093699,0,0.03851378,0,0.6771275,0.7018989,0.02691632,0.7054149,0.1956105,0,0,0,0,0,0.7902076,0,0,1.216275,0,0.2954359,0,0,0,0.4530585,0,1.119413,0.0301885,0,0,0.009532847,0,0.8092172,0,0,0.1997924,0,0.0182228,0.9277164,1.570549,0.6612099,0,0.9798348,0.7958958,0,0.5798344,1.336894,0,0,0,0,0,1.226399,0.1833711,0.5684064,0,1.197577,0,0.1223317,0,0.1740337,0,0,0.01398971,1.214363,1.064873,0.9386996,0.2700566,0,0.5850335,0.3591292,0,0.9177691,0.2808764,1.003422,0.3787982,0,0,0,0.9355704,0,0,0.09941262,2.052809,0.810724,0.7801083,0,0,0,0,0,0,0,0,0,0.914475,0,0.2995502,1.134628,0,0,0.1727105,0.9946741,0.08863205,0,0.03283098,0,0,0.9964197,0.7728693,0.1544981,0.002326828,0,0.1228622,0.2200535,0.5070606,0,0,0.6825991,0,0,0,0.5294415,0.2780069,0,0.5304849,0.3945612,0,0,0.2011244,0.696066,0,0,0,0,0.5344108,0,0.312676,0,0.2798057,0.0836291,0,0.1878545,0.2145043,0.6625203,0.1582411,0,0.910476,0.9079812,0.5674459,0.486997,0.3464279,0.2554968,0,2.752925,0,0.3888979,0,0.00230435,0,0,0,0,0.2223242,0,0,0.4300688,0.324243,0,0.6728176,0,1.533185,0.6349446,0,0.1157597,0.7462986,0,0.639349,1.971797,0,0,0.5616372,0,0,0.2120083,1.127578,0.9586695,0,0,0,0,2.044824,0.6017586,0.7284717,0,0.05988985,0,0.9705654,0.854659,0.3625607,0.4584827,0,0.05803848,0.4996495,0,0,0,0,0.2410656,1.113215,0.8669019,0,1.141857,1.095165,0.4061457,0,0,0,0.3840193,0,1.219193,0,1.280419,0.2467319,0.8179945,0,0,0,0.6692114,1.506222,0.1622466,0.3523358,0.592847,0,0,0.002198576,0,0.9435166,0.7153035,0,0,0,0,0,0,0,0.1389068,0,0.0892108,0,0,0.715045,0.6255193,0.8123623,0,0.4226772,0,0,0,0,0,0,0.3312946,0.2987489,0.2438698,0,0,0.555069,0.2937343,1.053313,0,0.1626036,0,0,0,0.212905,0.3543346,0.161109,0,0,1.577383,0,0,0,0,0.01170819,1.185721,0.4357266,0.6678852,0,0.02914287,0.9378152,0.08087184,1.028493,0,0,0,1.003113,0,0,0,1.475204,0,2.012424,0.3404981,0,0.4806856,0.2652657,0.4593378,0,0,0,0,0,0,0,0,0,0,0,2.112474,0,0,0.07687519,0.5761942,0.7400281,0,0.8003922,0,0,0,0,0,0.7528777,0,0,0.2496806,0,0.7914785,0.5621103,0,0.7283883,0,0,0,0.8533435,0.5131992,1.634128,0.08408774,0.3935784,0,0,1.251319,0,0,0.7842365,0,0,0.1698281,0,0,0,0,0,0,0,0.4727925,
0.3556086,0.2013779,0.7595004,0,0.7291002,0.450962,0.5771722,1.212023,0,1.003063,1.524754,1.186784,0.3006212,0.2179888,0.6091461,0.05075817,0.8835218,0.03784426,0,0,0.1024562,0,0.1923318,0,0,0,0,0.00240598,1.040458,0.4627697,0.04356363,0,0.3268556,0,0,0,0,0,0,0.7622063,0,0.4850823,0,0.1293628,0.4626472,0,0.4551218,1.33191,0,1.1671,0,0,0,0.5008107,0,0,0.7569615,0.9627116,0,0.1341919,0.0721422,0,0,1.25861,0,0.2042316,0,0,0.6679462,0,0,0,0.2254249,0,0.03385245,0,2.395212,0,0,0.08663788,0.184114,0,0,0,0.4481426,0,1.116801,0.1024775,0.6479558,0,0.70631,0.1347659,0,0.6807659,0,0.400548,0,0.003044167,0,0,0,0.4998133,0.3900028,0.002863415,0,1.667749,0.1451719,0,0.1564589,0,0,0,0,0,0.1811898,1.019141,0.7611027,0.5703343,0,0.2206128,0,0.5903376,1.229391,1.139997,0,0,0,0,0,0,0.06399263,0,0.9809996,0,0,0,0.2590876,0.3350713,0.7985398,0.04612786,0,0,0,0,0,0.2881634,1.916964,1.141937,0,0,0.7343856,0,0.5549148,0,0.2273952,0.00433188,0.6748264,0,0,1.317152,0,0,0.9595327,0,0.05470233,0,0,0.7290614,0,0,0.07581456,0.2006494,0,0,0.456852,0,0.9536126,0.5911222,0,1.012529,0,0,0,0,0,0.08461319,0.7818775,0,0.6122413,0.2700504,0.2937718,0,0.2105863,0,0.3148237,0.3175816,0.4109275,1.727916,1.776936,0.4438564,0.06724193,0.5765855,0,0.531549,0.2373473,1.637635,0.1908918,1.261877,0,0,1.035265,1.739507,0.5551676,0.3512625,0.06452313,0.300186,0.4867931,0.4682158,0.4351785,0,0.1457332,0.3139153,0.7179243,0.4696434,0.7788011,0,0.09596099,0.6545783,0,0,0,0,0.1404516,0.8180398,0,1.023321,0,0.2470402,0.05037855,0,0,0,0,0.6244047,0,1.121111,0.1941493,1.016681,0,0,0,0,0,0.9575573,0.9231655,0,0.8644216,0,1.556638,0,0,0,0.1393446,0,0.9860678,0,0.644972,0,0,0.008479361,0,0.2358889,0.2193709,0.2560225,0,0,0,0.0398763,0,1.788073,1.501837,0,0,0,0,0,0.8601071,0,0.1879468,1.16696,0,0.729893,0,0,0,0.1794909,0,0,0,0.261322,1.235183,2.258443,0,0,0.1065876,0.1211659,0,0.6956079,0,0,0,0,0,0,0.07431406,0,0.454785,0,1.383055,0.6697414,0,0,0,0,0.6417414,0,0,1.007921,0,0,0.04048079,0,0.4226041,0,0.6721027,0,0,0.8303798,1.142394,0.683825,0,0.4089607,0.02652745,0.07113997,0,0.6132125,0,0.2442582,0,0,0.5774974,0,0.9074188,0,0,0,0.9768847,0,1.066675,0.834757,0,0,0,0,0,0,0,0,0.3796882,0,0.8519166,0.7334009,1.20081,0.7549108,0.6737565,0.1114764,0,0,0,0,0,0,0.4003875,0.7361819,0.2755127,0,0.1192506,0.321906,0,0,0,0,1.350337,0.6776071,0,0,0,0.272982,0,0.4853178,0.6639115,0,0.2342665,0.3844147,0.274112,0.2067503,0,0.7954835,0,0,0,0.1030727,0.1263185,0,0.1608866,1.289476,0.3443204,0,2.051397,0.04446362,0.3654402,0,0.9784322,0,0.3021324,0.8121906,0.1967227,0.5670377,0,0,0.4420926,0,0.6787327,0.8119333,0,0.5151055,0,0,0,0.6543585,0,0.4206704,0,1.653819,0.1055916,1.170505,0,0,0,0,0,0,0.4385737,0.2957181,0,0.5779696,0,0,0,0.5240309,1.481198,0.6004007,1.503539,0.3521905,0.2364827,0,0,0,0,1.209866,0,1.868031,0,0,0,0.5573438,2.219457,0.8742155,0.1995997,0,0,0.6277717,0.7327642,0.5458726,0.3226893,0.1340989,0,1.174528,0.087232,0.4001621,0.5658731,1.110365,0,0,0,0,0.2143309,0.2662822,0,1.487022,0,0,0.3122401,0.5687264,0.7424233,0.5796859,0.7076067,0,0.01167689,0,0,0,0.7643834,0,0,0,0.1345478,0,0,0.1671577,0.2134895,0,0,0,0.9990387,0.369355,1.198838,0,0.2577139,0,0.1205642,0.1842759,0.5310887,0,0,0,0,0.1104098,0.1954244,0,0.7603201,0.6550509,0.1417229,0,0,0.5668139,0.3676547,0,0,0,0.4158173,0.1709404,0.05973433,0,0,0.7088853,0,0.5504318,0.1739245,0,0.6689034,0,0.2742408,0,1.411527,0,0.1125476,0.3666354,0,0.134252,
0,0.4189938,0.2263415,0.7713143,0,0,0.8791346,0.6836932,0.295693,0,0.9148219,0,0.8088108,0.9709864,0.3532768,0,0,0.6032953,0,0,1.076588,0,0.4714609,0.4223046,0,0,0.8028808,0,0.6360615,0.3383454,0,0,0,1.140142,0,0,0,0,0.09352754,0.2630759,0.3100305,0,0.2848234,0,0,0,0.2918549,0,0.2204948,1.046172,0,0.966503,0,0,0,0,0.6813805,0,0.8204083,0,0,0.917616,0,0.5610414,0,1.272279,0.5840345,0,0.4295954,0,0,0.3858244,0,0,0.09590772,1.053095,0,0.002257069,0,0,0.5669373,0,0,0.1950552,0,0,2.16879,0.371926,0.4286423,0,0,1.611555,0.4301797,0.2812258,0,0,0,0,0,0,0,0,0.4061484,0.7124479,0.05360571,0,0,0,0,0.8947697,0.7261053,0.5753607,0.9288255,0,0,0.1348837,0,0.7773945,0.1632884,0.3650114,0.0632041,0,0,0.1701006,0,0,0,1.322599,0.4735745,0,0,0,0,0,0,0.933475,0,0,0.3696254,0.457574,0,0.2398136,0,0,0,0.4355437,0.9576251,0,0.04343409,0,0.6416002,0.1690142,1.213297,2.269292,0,0,1.023281,0.3863626,0.2862827,1.546465,1.337768,0.09396586,0.8052988,0.1391889,0,0,0,1.08187,0,0.5649699,0.4269209,0,0,0,0,0,0.1749378,0,0,0,0,0.8208025,0.563783,0.7759238,0,0.9564613,0,0.5993683,0,0.8199146,0,0,0,0,2.040498,0,0,1.089581,0.2038433,1.068716,0.2903517,0.05250292,0.817434,0,0.1464778,0,0.4805298,0,0.03871445,0,0.4449403,0.6931329,0.05037973,0,0.4650698,0,0.01799081,0,0,0.3002648,0.2776655,0.3925345,0,0.62424,1.373013,0,0.6315899,0,0,0,0.9031675,0,0,0,0.04687811,0,0,0.2021486,0,0,0,0.1214861,0,0,0.7439523,0.2019298,0,0.7465811,0.7706344,0,0,0,0,0,0,0.3827817,0.8802871,0,0,0,0.3036607,0,0.03162641,0.4337824,1.273101,0,0.9218836,0.2153241,1.09501,0,0.4634794,0,0.7084765,0.262263,0.3629689,0.09745742,0,0,1.295287,1.292166,0.002683638,0.8050852,0.377419,0,0.7920383,0.29567,0.4321147,0.3762956,0,0.4129326,0.801362,0.3100074,0.474902,0,0,0,0,0.6532642,0,0,0.2523945,0.5227058,0.890152,0,0,0,0.3331732,0.005771894,0,0,0.4800648,0.3793582,0,0.165325,0.2000747,0,0.1037039,0,1.189767,0,0,0,0.3153928,0,0,0,0.4540616,0.099717,0.2881171,0,0.576533,0,0,0.4390637,0,0,0.01334736,0.7330937,0,0,0,0,0.006120482,0.04407287,0.5166433,0,0,0,0,0.08150113,0,0,0.2566701,1.133364,0.5435551,0,0.2365122,0,0,0,0.04284769,0,0,0,0,0,0.06526162,0.4049836,0,0,0.8501812,0,0,0.9723889,0,0,0.8763741,1.229789,0.396833,1.302518,0.7470973,0,0,0.3133169,0,0,0,0,0.3305315,0,0.2933457,0.08388509,0.01573063,0.3286268,0,0,0.9377742,0,0.25191,0.5748026,0,0.5746049,0,0,0.1273839,0.2685266,0,0,0.09207296,0.5987226,1.86584,0,0,0,1.753854,0,0.01644857,0,0,0,0.9958416,0,0.9204172,0,0,0.4685447,0.5924121,0.06087682,1.224921,0.5928282,0.2648286,0,0,0,0.2122675,0,0.1104115,0,0,0,0,0.1305075,0,0.7506564,0.2914803,1.260655,0,0.2602243,0.02532494,0,0,0,0.4569747,0.618268,0.2673165,0,0,0,0,0.9222347,1.299264,0,0,0,0.2773197,0,0,0.1636122,0.4568141,0,0,0,0,0,0.4670725,0,0,0,3.428757,0.7158838,0,0.9573166,0.2786689,0.7490345,0.0316935,0,0,0,0.03280718,0,0,0,0,0,0.9183796,0,0.09255738,0,0.2421932,0,0.2804747,0,0,0.3457023,0.9172226,0,0.3516911,0.5059546,0.9522854,0,1.349021,0,0.429509,0,0,0,0.1928077,0,0.04632353,1.108122,0.6467787,0,0.1097368,0,0.568526,0.3137101,0.5298788,0,1.207563,0,0,0,0,0,0.4097723,0,1.672384,0,0.5162709,1.51026,0.08415444,0.02111507,0.1601776,0,0.5651757,0,0,0.1416623,0,0.5624176,0.754244,0,2.625224,0,0,0.2240413,0,0,0.1074993,0,0.669077,0.2956897,0,0,0.2999039,0.4469177,0,0,0.8906958,0.9721478,
0.2692322,0.2312365,0,0.6195518,0.4105055,0,2.066378,0,0,0.9975422,0.6761083,0,0,0.4148929,0.04902485,0,0.5627961,0,0.5779591,0.4044858,0.4542785,0.7569957,0,0,0.575613,0.6887355,0,0.245961,0.08048263,0,0.6415739,0.599799,0,0,0,0,0.6856614,0,0.9351168,0,0.4309891,0,0,0,0.1856926,0,0.3870738,0,0,0,0,1.377144,0,0,1.582161,0,0,0.5811689,0.1689104,0.2000066,0,1.093719,0,0,0,1.009278,0,0.07548752,0.6202456,0.04488343,0.2829109,0,0.6635892,0.05272475,0,0.3184574,0.9271224,1.842239,0.01578246,0,0.443364,0.8194045,0,0,0,0.8362578,0,0,0,0.08395547,0.3285787,0.8188193,1.158473,0,0,0,0.3798288,1.168355,0,0.7643408,0.7460075,0,0.1742823,0,0.1175384,0.3244947,0,0.2569233,0.09114624,0,0,0,1.402927,0.3158289,0,0,0,0,0.1537522,0.4361385,0.7153753,0.318073,0,0,0,0,0,0.1645495,0.4121556,0,0.9234108,0.4427483,0.09343293,0.1513263,0.07073256,0,0.05957364,0,0,0.6199923,0.2326794,1.144916,1.713302,0,0,0,0,0,0,0,0,0,0.4352492,0,0,0,1.512233,1.015416,0.1457396,0,0.072469,0.176519,0.2408382,0,0,0,1.30053,0,1.281619,0.2803885,0.1361796,0,0,0.7540772,0.7064242,0,0,1.321202,0.4871874,0,0.41063,1.736945,0,0,0.4280556,1.261352,0.1983577,0.5021075,0,0.3695252,0,0,0,0.9857128,0.5120294,0.8246036,0.2312789,0.1213453,0,0.8953592,0,0,0.03570642,0.08338351,1.099247,0,0.5748295,0.5125594,0,0.2483716,0,0,0,0.6873716,0,0.190641,1.197512,0,0.5114278,0,0,0,0,0,0,0,0.7549316,0,0,0,0.5550964,0,0,0.5443617,0,0.9532598,0,0,0.258534,0,0.315323,0,0.3062299,0.257135,0,0,0,0,0,0,0.3217947,0.09262398,0,0,0,0,0.7556501,0.2724507,1.584757,0,0.9615188,0.6396889,0,0.559227,0,0.7438281,0,0,0.9184264,0.6875965,0,0,0.608248,0.8872167,0,0,0,0,0,0,0.3295751,0.05328116,0,0,0,0,0.6544506,0,0,0.1533828,0,0,0,0,0,0,0,0,0,0,0.1217425,1.412658,0.3121716,0,0.8593552,0.9287459,0.2222235,1.393635,0,0,0.9523369,0.3756566,0.1310165,0,0.1896209,0,0.6645427,0.1132171,0.4709265,0,0,0,0,0,0,0,0.2346945,0.127215,0.6644493,0,0.2869509,0.003631782,0.5002168,0.3789023,0,0,0,0,0,1.775051,0.4988882,0.5367419,0.1013187,0.06852674,0,0.9169878,0,0.3192947,0,0,0,0,0,0.7438946,0,0,0.7695554,0.4916168,0.922998,0.1815867,0,0,0.09855705,0,0,0,0.4274059,0.1509442,0.1858295,0,0,0,0,0,0.5631933,0.5789082,0.09511339,0,0.8504015,0,0,0,0.5386387,0.3088794,0.6513264,0,0.2043306,0,0.297246,0.766135,0.9924551,0.3008872,0.8780979,0,0,0.3406076,0.5920579,0,0,0,0,0,0.2727931,0,0,0,0,0.6609033,0.7824265,0,0,0.586641,0,0.5485802,0,0,0.1734637,0.5306292,0,0.604665,0,1.016463,0.1488896,0,0.08567663,0,0.07882766,0.2331219,0.4030417,0,0.3729209,0,0.3489951,0.304641,0,0.2497005,0.01020099,0.343284,0.3532102,1.123712,0.7887297,0.4599299,0.1426723,0.8218082,0,1.951487,0.9589254,0,0,0,0.5258988,0.8111037,0,0.4652779,0,0,0,0,0.05650133,0.9433657,0,1.296802,0,0,0.3962255,0.1297942,0,0.1747456,0,0.1492051,0,0,0.9073204,0.6978231,0.581574,1.024259,1.151541,0,0,0.1463957,0,0.07596591,0.3247429,0,0.2736002,0.01876888,0.5341856,0,0.8404111,0,0.5280939,0.8666216,0,0,0,0.5108058,0.1531209,0.6475435,1.044097,0.4274537,0.8913141,0,0,0,0.1672265,0.02059145,0.7775463,0,0,0,0,0,0.2116294,0.8408846,1.064304,0.02766329,0,0.5323385,1.305841,0,0,0.170102,0,0.5469558,0,0.2858445,0,0,0,1.264504,1.193818,0.7907537,0,1.365401,0.02566837,0.890723,0,0.91816,0,0.2849866,1.297427,0,0,0.7371224,0,1.338282,0.2862346,0.5064531,0,2.026644,0.906347,0,0.07259541,0.379847,0,0,0.3504581,0,0,0,0,0.9563681,0.03914356,1.18997,0,0.2083512,0.1201774,0,0,0,
0,1.282933,0.5037279,0.4801665,0,0.5111444,0.6039703,0,0,0.0824471,0,0.6806121,0,0,0,0,0.5854228,0.7774735,0,0.9041471,0,0.4202904,0.2246675,0,0.05654446,0,0,0,0,0.5477634,0,0,0,0,0.2520696,1.864215,0,0,0.505097,0,0,0,0.9158153,0,0.09735875,1.164338,0.03071457,0.7919777,0,0.6171272,0,0,0,0.9551701,0.2901208,0.3348069,0,0.3054784,0.538278,0.1943245,0.4993613,0.1591,0.9383942,0,0.8064338,0.6585665,0,0,0,0.002248171,1.824058,0.9984243,0,0,0,0,0.1078453,0.07741245,0,1.438603,0.5118707,0,0,0,0.7811704,0,0.8517547,0,0.1747934,0,0.3595691,0,0.3212498,0.7700806,0.03513129,0.4740453,0,0.370039,0.3317035,0.5752218,0.9913007,0,0.2874315,0,0.8709507,0,0,0,0.417575,0,0,0,0,0,0,0.05346793,0,0,0,0,0,0.2376896,0,0,0,1.281358,0.04971259,0,0,0,0,1.102166,0,0,0.9051706,0,0.5603451,0.9056125,0.3236927,0.2542679,0,1.030449,0.398661,0,0.08519945,0,0,0,0,0.1787887,0.07320016,0.3241291,0,0.8968871,0.5150453,0,0.4465564,0,0.07172869,0,0.5375741,1.117562,1.017999,0.02331346,0.4504676,0.3524687,0.3007392,0.4689522,0,0,0,1.582284,0,0,1.758308,0,0.4003114,0,0,0.2219469,0,0.4242108,0,0,0,0.2542519,0.5661476,0,0.2741008,0,0,0.1919437,1.552275,0.08849423,0.07205559,0.5775403,0,0.7345771,0.1503073,0.3602677,1.652995,0.9462728,0,0,0.4063384,0,0.7650136,0.1665245,0.1511862,1.210945,0.08762714,0,0,0.2055002,0,0.6890351,0.6273983,0,1.310677,0,0,0.1198919,0,0.2166503,0.4343644,1.278,0.1641591,0.05920395,0,0.9842795,0.3692472,0.3945405,0,1.630627,0.3245917,0,0,0.6967432,0.8249708,0.4721158,0,0,0.08316182,0.3595793,0,0,0,0,0,0.3609458,1.400743,0.9230829,0.4755848,0,0,0.1329428,1.087884,0.06342338,0,0.2188227,0,0,0,0,0,0.679935,0,0,0,0.2461794,0,0.3477827,0,0.1965424,0.6374816,0,0.5643241,0.7598152,0.1020018,0.1048248,0,0.7596167,0,0,0,0.3157954,0,0,0.9563598,0,0.4961919,0,1.587049,0,0,0.2956272,0,0,0,0,0.296734,0.7320011,0,0.2193339,0.9623678,0,0,0.02754322,0,1.071455,0,0.5703675,0,0,0.1454076,0,0,0.8881585,0,0.5510612,0,0,0,1.944827,0.109034,0,0,1.072045,0.4675466,1.892977,0.7468936,0.3111033,0.03451822,0.5718007,0,0,0.1360518,0.819194,0.203192,0.4226694,0.3011876,0.2821589,0.2070321,0,0,0,0,0,0,0,0,0.5232012,0.5962281,0.6870554,0.5422949,0.5875464,1.133811,0.7730125,0.4643654,0.4149986,0,0.1207676,0.4478709,0.8613517,0,0.5998182,0.3458176,1.337081,0,0.04146964,0,0,0,1.168418,0.5654871,0,0,0,0,0,1.008728,0,1.470558,0,0.9192125,0,0,0,0,0.9414263,0,0.2218826,0,0.6412295,0,0.4087322,0,0.2052672,0,0,0,0,1.657377,0.4558829,1.281092,0.3336457,0.1367091,0.4895262,0,0.3180546,0,0,0,0.3591435,0,1.449762,0,0.744491,0,0.3358897,0,1.608359,0.1054009,1.107845,0,0.005934899,0,0,0,0.002429292,0,0.3162536,1.23313,0,0.477153,0,0.8956487,1.075487,0.03849744,1.057581,0,0,0,0.6268736,0,0.3711538,0.08233584,0.317586,0,0,0,0.2406732,0.1684654,0,0,1.219062,0.2129949,0.0156648,0.8436094,0,0,0.1147415,0,0.5716706,0,0,0.7514778,0.6784627,0.0831572,0,0.7031514,1.209106,0.1067689,0,0.1312364,0.4387208,0,0,0,0.5575624,0,0.238374,0,0.6022347,0.7043865,0,0.4623162,0.304068,0.3289729,0,0,0,0,0.414187,0,0,0.3562526,0,0,0,0,0.7665383,0,0.6211809,0,2.186377,0,0.1389622,0,0,0.3483417,0,0.6198281,0,0,0.2482359,0,0,0,0,0,0,0.911293,0,0,0.76982,0,0.4077766,0.4734722,0.6911579,0.8950803,0,0.8229865,0.05436016,0.7040951,1.535604,0.06029689,0.6578711,0,0,0.6070808,0,0.2562907,0.1406222,0.6794721,1.105568,0.5508206,0.4400341,0,0.9260455,0.5184487,0.9443167,0,0,0,1.041002,0,0.09630629,0.4593838,0,0,0.7637764,0.5492126,0,0.7122269,0.07641354,0,0,0,1.238554,
0,1.20732,0,0,0,0,0,1.124243,0,0,0,0.211125,0,0,0,0.3741987,0,0,0,0.008256132,0.8907242,0,0.8066413,0.004110549,0,0.4137588,0.08432049,0.006283499,0.5899462,0.1705464,0,0.9605231,0,0.5661542,0.02669461,0.1796313,0.2921018,0,0.1163261,0.4780319,0,0.7633823,0,0.4085718,1.581826,0,0,0,0.3020908,0.5941901,0.4860201,0.4592381,0,0.3200707,0,1.065774,0.829565,0,0,1.426621,0.473423,1.718154,0.8203344,1.016252,0.1556009,1.436755,0.02660942,1.752683,0,0.4837857,0.114617,0.06518487,0.6802094,0.2229139,0,0.01375731,0,0,0.7262174,1.156257,0.151972,0,0.3495786,0.4969094,0,0,0,0,1.963003,0.02129127,0,0.1409545,0.4993338,0,0,0,0.9846515,0,0,0,1.173834,0.9604447,0,0,0.4764749,0,0.7464052,0.2274446,0.08591703,0,0.8074671,0.09051889,0.522074,0,0.3867302,0,0.8857703,0.5136182,0,0.2193888,0.05494456,0,0.05219303,0.2148078,1.87319,0,0.4799274,0.9902014,0,0.3718262,0,0.03102546,0,0.6551238,0,0,0,0.3585533,0,0,0,0.6957349,0,1.297112,0,0,0.06042259,0,0,0,0,0,0.9071429,0,0,0.3396709,0,0,0,0.7101271,0.2296404,0,0.2194455,1.183631,2.639779,0.3314123,0,0.5551727,0,0,0.5786337,0.2159281,0,0.4938183,0.1787363,0,1.38767,0,0.757382,0,0,0.9595069,0,0.1267119,0.08418504,0.1488595,0.3745313,0,0,0.1207525,0.3568012,0.8704722,0.5459232,0,0,0,0.8171341,0,0.3953084,0.2492205,0,0.2393313,0,0,0.08893958,1.064784,0.2334512,0,0,0.1426569,0,0,0,0,0,0,0,0.4483063,0,0,0.5784152,0.3550765,1.215248,2.025993,0.05354378,0.2186117,0.09760001,0.4566684,0.6877787,0,0,0.2548165,1.405316,0,0.394428,0,0,0,0,0,0.1090977,0.6373917,0.365072,0,0,0.07036699,0.09184381,0,0.8077826,0,0.5176998,0.04843481,0.08204773,0.2571302,0.3553815,0,0,0.1373353,0.7485349,0.1783355,0.9958342,0.3448845,0.2568658,1.019913,0,0,0,0,0.6930578,0,0.03270082,1.548736,0,0,0.444797,0.1625665,0,0,1.535922,0.4122352,0,2.194393,0.9410034,0,0,0.7939336,0.3833656,0,0.9753711,0.3213783,0.4203811,0,0,1.091049,0,0.5849758,0.3971127,0,0.1287251,0.08247086,0,0,0,0,0,0,0,0,0.08591872,1.415907,0.823571,0,1.169317,0,0,0,0.03072331,0.6837635,0.7725356,0,0.7053822,0.4416279,0.8546605,0,0,0.6205168,0,1.45279,0,0.2987838,1.886725,0,0,1.046937,0.318558,0.5218213,0,1.02835,0.1024334,0,0.2725587,0.53427,0,0.9731074,0,0.4072274,0,0,0,0.1724171,0,0.5527149,1.103319,0.9522799,0.3086784,0.4226788,0,0,0.2166285,0,0,0.4694036,0.4650353,0.893181,0.3246292,0,1.373051,0,0.7524874,1.450475,0.7598539,0,0.5135582,0.2548822,0,0,0.07824152,0,0.4794275,0.692957,0.4088181,0.5688214,0.3644082,0.4593409,0.1973718,0.7369566,0.6125427,1.02957,0,0,0.6282641,0,0,0.6365078,0.005810455,0.6736017,0,0.8775566,0,0,0.3601169,0.6799185,0.9175963,0,0,0.1552643,0.7389648,0,0,0,1.742751,0,0.6479471,0,0,0.6999293,0,0,0,0,0.6314136,0,0.04207567,0,0.1102366,0,0.3830991,1.062401,0.2647374,0,0.7466154,0.5218428,0,0.7773329,0,0.4566512,0.3400564,0.1127981,0.5742311,0,1.483534,0.7656207,0.5842702,0,0,0.133527,0,0.8279721,0.7560254,0,0,0.1264713,0.847468,0,0,0,0.4365191,0,0.233822,0,0.006317536,0,1.009152,1.271738,0,0,0,0,0.3992761,0.3846045,0,0,0.4157304,0.5567922,0,0.4012319,0,0,0.9430951,0,0,1.318067,0,1.669742,0.2173274,0,0.4666905,0,0.08893999,0.2748914,0,0,1.926665,0,0,0.8009596,0.1072092,0,0.9319755,0,0.1894188,0.6877255,0.08453196,0.2586186,0.1269699,0.6251449,0.4651571,0,0,0.2841633,0,0.8890119,1.309924,0.2242585,0.4385796,0,0,0.7280834,0.482394,0.1138335,0,0,0,0,0,0.2187114,0.9374781,0,0,0,0.3596031,0.3389705,0,1.322755,0,0,0.09349554,0.5715362,1.092705,0,0,0.9740533,0.6342935,0,1.454426,1.412674,0.1201404,1.402403,0,0.9235723,0,0.09547689,0,1.423549,0.2910371,0,0,0,0.5587715,0,0,0,1.597655,0,0.2859411,1.044886,0,0.4123572,0,0.7418,
0,0.1595602,0.2169519,0.9840313,1.233287,0,1.526568,1.009183,0,0,0.0301864,0,0,0.2941593,0,0.7270557,0,0,0.0545909,0,0,0.01534856,0.6486162,0,0,0.01579886,0.03670345,0,0,0,0,0,0.9427825,0,0.1881772,0.5385972,0.05080719,0.2979046,0.1895573,0,0,0,0.002717692,0.8780074,0.2291739,0,0,0,1.102119,0,0.6494453,0,0.9816633,0,0.3003761,0.1041445,0.6273153,0,0,0.3280466,0,0.3523614,0.2176643,1.276503,0,0,0,0.9974661,0,0,0.4127112,0,0,0.877947,0.2968171,1.837209,0.3405416,0,0,0,0.7202235,0,2.011795,0,0,1.121266,0,0,1.151356,0.5281286,0,0.03423554,0,0,0,0.07490025,0,0.5065379,0,0,0,0.7171347,0,0.6296212,0,0.6596862,0.08675021,0,0.03326238,1.836144,0.09487063,0,0,0,0.8924465,1.256353,0.3258942,0.009123191,0,0,0.2979687,1.237637,0.4464116,1.141444,1.667984,0,0.7164872,1.097227,0.2347834,0.7235897,3.024539,0,0.2997473,0,0.3437915,0,0.2435081,0,0.2466499,0.002361374,0,0.6401075,0.2370471,0,0,0.1492797,0.4564297,0.1549821,0.3204183,0.7148797,0,0.1094963,0,0,0.681165,0,0,0,0,1.755162,0.1779296,0.7972559,0.727919,0,0.002431155,0.3113734,0.8325393,0.1448698,0,0,0,1.03302,0,0,0,0.4925164,0.9797385,0,0,0,0,0.9188061,0.2354582,0,0.225209,0.5229244,0,0,0,0.3470074,0,0,0.1726239,0.3067376,0,0,1.120235,0,0.504004,0,0,0.09743233,0.7145936,0.3842718,0,0,0,0,0.4554963,0,0.9678007,0,0,0,0.3813819,0,0.4387246,0,0.152171,0,0.4938576,0,0,0.04564044,0.3592216,0,1.085143,0.9923528,0,0.6057376,0.8966063,0,0.6971031,1.188373,0.8476515,0,0.7337075,0.70556,0.3163736,0.01524986,0,2.34805,0.5288671,1.450714,0.6560261,0,1.208098,0,0.369408,0,0,0,0.09371547,0.6673697,0.2902369,0.098389,0,0.5133905,0.3735683,0.08979446,0.6167579,0.2387337,0,0.5344543,0,0,0.02669216,0.1094937,0,0,0,1.206492,0,1.106568,0.4602939,0,0,0,0.2297491,0.3214398,0.07810676,1.275122,0,0,0.818027,0,0.4909103,0,0.3464695,0.9471552,0,0,0,1.388128,0,0,0,0.3260295,0,0.1625362,0,0.9783953,1.52135,0.02591562,0,0.1306778,0,0.01388418,0.7552963,0.307155,0.656297,0,0,0,0,0,0.8154758,0.5683767,0.09751078,0,1.101699,0.5727157,0.3190097,0,0.7809793,0,0,0.8551435,2.078205,0.2570969,0,0.1899278,1.098691,0.115217,0,0,0,1.319484,0.6887036,0.669642,0,0,0,0,0,1.021527,0,0,0,1.421426,0.1354669,0,0,0,1.642315,0.5151898,1.349074,0,0,0,0,0,0.5351913,0.6162472,0,0.4523358,0.6762294,0,0,0,0.7109858,0,0,0,0.6528059,0,0,0.2599604,0,1.624157,0,0.9104922,0.6249796,0,0,0.8480726,0,0.1648747,0,0,0,0,1.950788,0.2913899,0,0.8521213,1.520315,0,2.047879,0,1.303287,0,0,0.4508396,0.5751206,0,0,0,0,0,1.528985,0,0.3247669,0,0,0,0.354955,0,1.42535,0.3637975,0.09303707,0.6963283,0,0,0,0.4187224,0.2295012,0,0.1615864,0,0.1358033,0,0.2208436,0,0.3189513,1.041889,0.3512617,0,0,0,0,0.1111431,0,1.490904,0,0.1942511,0.07898425,1.054157,0.6204316,0.4190483,0.1846088,0.3619655,0,0,0.5458324,0.1736239,0.006472145,0,1.063027,0.5820674,0,0.1881748,0,0,0.9779533,0,0,0.04104832,0.769362,0,0.06040872,0,0,0,0.3727878,0.4860337,0,0,0,0.988277,0.7252035,0,0,0,0.3154948,0.6869152,0.6023365,0,0.7788692,1.538744,0,0.1668561,0,0.8593518,0,0,0.1241497,0.2180927,0.9321178,0,0.4499073,0,0,0.02014866,0.05313355,0,1.03919,1.292807,0.8399733,0,0.1562511,0.3677724,0.8509003,0.6094391,1.11104,0,0.2716865,0.8065893,0.5036615,0,0,0,0.6976753,0,0.856741,0,0.3296441,0.3218833,0.4011624,0.03267414,0.3335937,0,0.2563047,0,0,0,0,0,0,0.9826167,0,0,0,0.6205406,0,0,0.3885013,0.4707775,0,0,0,0,0,0.4296967,0,0.6543248,0,0,0,0.5445767,0.2577631,0.6367471,0,0,0.2521954,0,0.2035614,0.164573,0.3402562,0.2989392,
0.4184906,0,0,0.6015585,0,1.383351,0.4237237,0.06506172,0,0.8856834,0.5679297,0.6574985,0.8319932,0.8415554,1.283809,0,0,0.2213051,0,0,0,0.4961424,0,0,0.6463904,0.3286757,0,0,0.2113411,1.962928,0,0,1.177842,0,0.6330474,0.6021301,0,0,0.2082648,0.03021775,0,0.9598637,0.9111863,0,0.488253,0,0,0,1.083815,0.2225809,0,0,0,0,0.467467,0.4336254,0,0.1829857,0.1975832,0.3517861,0.1810801,0,0,0.2578341,0.213275,0,0.7339788,0.7312179,0,0.7355759,0.09463954,0,0,0.2386115,0,0.353762,0,0,0.04660952,0.2279573,0,0,0,0,0,0.2160068,0.3383312,0.06422353,0.03589284,0.00236808,0,0.02818886,0.7785565,0,0.1585463,0,0.2378011,0,0.2788947,0,0,0.2684761,1.931241,0,0.4126478,0.6552135,0,0.2304946,0,0,0.660414,0.2725142,0.7705128,1.363547,0.1644553,0.04899454,1.078665,0.3828399,0,0.5002933,0.1865652,0,0.7566968,0.4437766,0.7487007,0.7320105,0.7220898,0.1393014,0,0,0,0,0.06870636,0,0.6390209,0.1730092,0,0,0,0,0,1.005084,0.02707211,0,0,0.1336969,0,0.9269233,0.4660476,0.4673219,1.037518,0.3372519,0.9929841,0,0,1.131565,0,0,0,0,0,0,0.1692631,0.6392716,0,0.1571643,0,0,0.2376488,1.198015,0.2006394,0,1.667298,0.9619654,0.4440436,0,0.6159212,1.157965,0,0,0.1344327,0,0,0.3896876,0,0.3221486,0,0.3875664,0.4244438,0,0,0,0.7834792,0.7998382,0,0,1.482388,0.2531451,0,0.4498745,0,0.1692569,0.4389444,0.4256769,0,0.1838914,0,0,1.590455,1.018605,0,0.6964521,0.1933457,0.1643693,0,0,0,0.2956785,0,0,0,0.5587936,1.217485,0.8341978,0,0,0.3788552,0.692921,0,0,0,0.07214662,0.9262314,0,0,0.1425145,0.1634285,0,0,0,0.6780699,0.382435,0,1.189146,0.6607883,0,0.4215548,0,0,0,1.407859,0,0,1.147403,0,0,1.306166,0.3417715,0.1300717,0.3331026,0,0.539831,1.442681,0.0848683,0.1406735,0,0.3025113,0.6140656,0.7918957,0.643494,0,0.5251133,0.3473451,0.6057436,0,0.6547177,0.9468566,2.270247,0,0.6359202,0,0,0.2832546,0,0.1364509,0,1.342622,0,0.292934,0,0.3758856,0.8227034,0.01032104,0,0.434496,0,0,0,1.358724,0.3621623,0.9778717,0.03598252,0,0,0,0.89451,0.746944,0,0,0.1220387,0,0,0.3479639,0,0,0.3277802,0.8337665,0.4316385,0,0.5151277,0,0.2384134,1.91734,0,0.1934957,0.2272021,0.3328086,0,0,0.2472266,0.6454393,0.9081937,0,0.07507247,1.466642,0.2658859,0,0.966078,0,0,0.07111475,0.8771321,1.191854,0.152538,0.8253584,0,0,0,0.8785632,0,0.08969259,0.3835144,1.325936,0,0,0,0.4583332,0.7043296,0,0,0,0.06175349,0.1466692,0.1647198,0.4516206,1.233489,0.5906162,0,0,1.230488,0,0.465247,0,0.54053,0.01441764,0,0.04311551,0.07126369,0,1.179594,0.02231964,0,1.154388,0.8975976,0.357427,0.6818466,0.5841855,1.613704,0,0,0,0,0.4218958,0.1533483,0,0,0.2915683,1.18506,0.60802,0,0,0.7921829,0,0.1809348,0.5876789,1.473537,0,0.6350313,0,0.5318561,0.9868504,0,0,0.3556869,0,0,0,1.363807,0,0.3977441,0,0.49665,0.9978493,0.4211001,0.4136584,0,0,0,0,0.07426902,0,0.9574743,0.275933,0,0.4912652,0,0,0.5322134,0.03028168,1.057226,1.25207,0.7412464,0.2479922,0,0.4642845,0,0,0.6751243,0.01676474,0,0,0.7760087,0,0.2005985,0,0,0,0,0,0.3049879,0.1428241,0,0,0.1101326,0.00256379,0,1.003257,0,0.7911136,1.491856,0,0,1.970372,0,0.7185248,2.573854,0.09201822,0,1.343966,0.6210671,1.15046,0.38178,0,0,0,0,0.05034465,0,0,0,0,0,0,0,0,0,1.205076,0,0,0.1192638,0,0,1.871033,0,0.5202104,0,0,0,0,0,0,0,1.104491,1.000962,0.3632134,0.1303427,0,0,0,0.1751567,0.6506286,0,0,0,0,0.4758845,0,0,0.06384712,0.3408482,0.145688,0.1346522,0,0,0.4797848,0,0,1.301661,0.3531147,2.164237,0,0,0.9264741,0,1.351822,0.1517714,0.002879853,0,0,0,0.249575,0,0.3494998,0,0,0.423347,0.4005249,0,0.2334145,0.1271334,0,2.081032,0,0,0.05389484,0,0,0.1416368,0.1977399,0.7676942,
0.9324396,0.9185395,1.649611,0,0,0,0,0.3713785,0,0.03226928,0.8965243,2.674619,0.07438034,0,0.005262025,0.2099726,0,1.41066,0.8720673,0,0.2165723,0.2403284,0.6455828,0.005326883,0,0,0.1225678,0,0.2305453,2.156993,0,0,0.1053594,0,0.379734,0,0.05378601,0.6001609,0,0,0.3408118,0.6847064,0,0.05102676,0.3107149,0,0,1.782617,0,0.9401022,0.5129823,0,0,1.012528,0,0,0,1.25486,0,0,0.3234793,0,0,1.503779,0.3677338,0.8733513,0,0,0.07888012,0.3526186,0.2055665,0.2280693,0.4423032,0,0,1.697957,0.7994152,0,0.3264396,0.7161043,0.6935751,0,0.002224603,0,0,0,0,0,0.9034494,0.8170942,0.667686,0,0.4700285,0,0,0,0.28547,0,0,0.445926,0,0.5015066,0,1.013069,0,0,0.3158161,0,0,0.06161669,0.1388421,0.5757242,0,0,0.0200746,0,1.47166,0.3516224,0,0,0,0,0.7690419,0.3366864,0.02989096,0.517829,0,0,0.872947,0.5786936,0,0.7847992,0,0,0.2021862,0.7693492,0,0,0.2478987,0,0,0,0.9497991,0.5263022,0.08816323,0,0,1.484954,0.04557197,0,0,0.0584155,1.560016,0,0,0,0,0.1374579,0.9575797,0.8807204,0,0,1.249993,0.4632829,0.3295589,0,0.7843013,0,0,0.3419797,0.1913818,0,0.9898813,0.2452197,0,0,0.0830693,0,0,0,0,0,0,0,0.488061,0,0.3714048,0,0,1.096124,0.5093277,0.02452374,0.9686748,0,0.7768438,0.7234434,0,0,0.3545089,0.4426875,0.3482846,0,0,0,0.6567349,0,0,0,0,0,0,0,0,0.8836232,1.07525,0.261655,0.3055812,0,0.2349723,0.2709845,0.4583865,0,0,0.02009781,0.240677,0,1.091785,0,0.3750513,0,0,0,0.6347989,0,0,0,0.6668362,0,0,0,0,0.1973207,0.7126761,0.1115402,0.01760721,0,0.1520544,0.1891967,0.7693396,0,0.03435361,0.1434509,0,1.069466,0,0,0.3554429,0,0.2560103,0,0,0,0.4646436,0,0.05331748,0.02121056,0,0,0.07247561,0.5621737,0.4455982,0,0,0.7834626,0.6661968,1.020441,0.1647179,0,0.950251,0,0.8672413,0.4628961,0,0.267385,0.6932256,0.4556265,0.5813144,0.2147672,0.8065776,0.004508891,0.3735711,0.8419431,0,0.3599989,0,0.6407838,0.9701366,0.1620056,0.1182223,0,0,0,0.382751,0,0.04999319,0,0.6310084,0.4518469,0.4333647,0,0.06452406,1.077534,0,0,0.3733514,0.3689537,0,0,0,0,0,0.2660575,0,1.07795,0.2368714,0,0,0.1918604,0.7970497,0,0.8310884,1.304301,0,0,0,0.1471351,0,0,0.9911506,0,0,1.799276,0,0.4254726,0,0.9691278,0,0.471956,0,0.9756641,0,0,0.6697139,0,0.2287193,0,0,0.4873209,0.5742413,0,0,0.2502853,0,0,0,0,0,0.6648627,0.3725618,0,0.8167741,0.7391723,0.697004,0.06065441,0.02542881,0,0,0.7642013,1.180262,0,0.2771052,0,0.1955656,0,0.2894432,1.099931,0.3000494,1.502914,0.7488557,0,0.9457998,0,1.020891,0.1783575,0.1923095,0,0.4070738,1.183734,0,0,0,0,0.415833,0,0,0,1.296021,0.5939755,0,0.2295338,0,0.04081476,0,0,1.130187,0,0,0,0.4639938,0,0,0.03837463,0,0,1.324702,0,0,1.284625,0,0,0.2584029,0,0,0.05690501,0,0,0,1.627061,0,0,0.1921208,0,0.8589278,0,0.1789723,0.1127441,0.3785238,0,0,0,1.154798,0,1.13197,1.754846,0,0.6317309,0,0.4747636,0.2408244,0,0,0,0,0,0.7714903,0,0,0.7303083,0.5036407,0,0.1904222,0,0.01897055,0,0.190397,0.3053952,1.189927,0.1681181,0,0.2839231,0,0,1.027905,0,1.088017,1.950734,0.2212172,0,1.411461,0,0,0,0,0,0.3024642,0,0,0,0.7680075,2.229003,0,0,0.6136078,0.2512294,0,0,0,0,0.2159592,0.8603485,0.4296634,0,0,0,0.5408539,0.453481,0,0.2233536,0.9449368,0.07049471,0.4192443,0,0.4515049,0.2814916,1.01441,0.4692967,0,0,0.08307126,0.7819924,1.241222,0,0,0.3440919,0,0.5508744,0.07283697,0.6269473,0.07152307,0,2.149804,0.5590875,0,0,0.4559023,0.03657387,0,0,0.849229,0,0,0.854342,0,0.3065274,0,0,0,0.6123972,0.5643817,0,0,0,0,0.2975922,0.3579831,1.378243,0.4030478,0.8663927,0,0.1615608,
0,0.5230854,0.5126112,0,0,0.2588384,0.7162215,0,0,0,0.8546781,0,0.07239025,0.3993391,1.113853,0.9257092,0.5782167,0,0,0.5553815,0,1.238244,0.2895252,0,0.1428009,0,0,0,0.100352,1.300428,0,0.8611896,0,0,0.9769926,0.6716877,0,0,0.9617934,0.07660717,0,0,0,0.1594916,0,0,0.4500511,0,0,0.7068906,0,0,0.06130207,0.6322027,0.6695956,0,0,0,0.1159294,0,2.092497,0,0.5476425,0.1175328,0,0,0.2548546,0.1803602,0,0,0.5194506,0.2221337,0.5138965,0.566033,0.6149082,0,0,0.6048424,0,0.1626699,0,0,0.07753507,0.3459802,0,0,0.1250633,0,0,0.1691848,1.035852,0,0,0,0.3189628,0.03489859,0,0,1.31413,0,0.2433184,0.7752868,0.3769634,0,0.2920343,0,0,0.376678,0.828339,0,0.113133,0,1.448312,1.553273,0.242814,1.213954,0,0,0.04173402,0.1316874,0.2430549,0,0.53556,0.2080397,0,0,0,0.9483241,0,0.9209429,0,0.4363234,0.4822044,0,0,0.3969966,0,0,0,0.2018285,0.9912959,0.2882278,0,0.4678293,0,0.6614197,0.1252247,0.6995677,0.6748167,0,0.05510615,0,1.244441,0.8212994,0.3341723,0,0.5382457,0,0,0.6456615,0,0.1732524,0,0,0.8784677,0,0.7663182,0,0,0.4192743,0,0,0.8730184,1.522949,2.05502,0,0,0.3858414,0.2273313,0,0.2774773,0,0.405643,0,0,0,0.1126433,0.5983572,1.061087,0.5458828,0.07398072,0.3570256,0,0.7428299,0.7214258,0,0,0,0.727443,0,0.6194003,0.1146668,0.4872193,0.3968535,0.4600493,0,0,2.134002,0.3746055,0.9801896,0,0.6115065,0,1.779009,0.03193029,0.3780901,0,0,0,1.039433,0,0,0,0.06434666,0,1.473499,0.3324782,0.209202,0,0,0.008081581,0,0.1730448,0,0,0.5958048,0,0,0,0,0,0,0.2413125,0.6163919,1.27651,0,0.7475944,0,2.618962,0.4119268,0,0,0,0.1341077,0,0.0826288,0,0,0.9597934,1.053832,0,1.337534,0,0,0,0,0,0,0.6237132,0.7549067,0.8674091,1.737528,0.6327957,1.582662,0,0,0,0.002279096,0.1476362,0,0.1013481,0.8184205,0.2009857,0,0,0,0,0.7894928,0.7095081,0,0,0,0.8858047,0,0.1059039,0,0.3211399,0.2075093,0.002369334,0,0,0.0372345,0,0.2396049,0,0.1256757,1.071701,0.3378833,0,0.4016979,2.171554,0.03633327,0.8984525,0.1253025,0.4465516,0.9998156,0.0352348,0,0,0.6602116,0.8980798,0,1.078863,0,0.1036805,0,0,0,0,0,0,0,0.03719795,0,0,0,0,0,0,0,0.09966497,0.258882,0.451501,0,1.51093,0,0,0,0,0,1.541269,0.04323042,0.1590861,1.01165,0.9535005,0.5785569,0.9274251,0,0.8012072,0.2279007,1.045457,0.5778433,0.2160173,0.5743446,0.2649159,0,0.8480854,0,0,0.3474979,0.1883312,1.41633,0.08850555,0,0.3283309,0,0,0,0,0.01403199,0,0.6931112,0,0.8308021,0.06964586,0.1112566,0,0.2127698,0.01345895,0,0,0,0,0.4697765,0.251455,0.1068452,0,1.331196,1.319755,0.8996702,0,0,0.9339198,0,0.06445513,1.820139,1.711123,0.2008355,0.09932721,1.146653,0,0,0,0,0,1.076991,0.8396938,0.2688839,0.09575506,0.1668697,0,0,0,0,0,1.348319,1.41974,0,0,0,0,0.8678305,0.2571564,0.5913132,0.2342971,0,0.8294183,0,0.6008634,0.7801459,0.241455,0,0.3259657,0,0,0.2665495,0.1042383,0,0.1788176,0,0.5117769,0.4221742,0,0,1.348758,0.8486773,1.654579,0,0,0.6241617,0,0.4156806,1.119571,0,0,0,0.4616265,0.3349054,0,0,1.186721,0,1.414505,1.24816,0,0.573027,0.4689553,0,0.3321931,0.5793995,0,0.1704486,0,0.6529735,0,0,0,0.6766608,0.1520196,0,0.2521857,0,0,0,0,0,0,0,0,1.213904,0.2886499,0,1.592557,0,0.3893324,0,0.3714732,0.3617586,0,0.7746744,0,0,0.1284908,0.2688172,1.92025,0.1618539,0,0,0.4451383,1.407223,0.6875283,0,0,0,0,0.3573989,0.1444832,0,0.03695751,1.108132,0,0,0.02664825,0,1.859878,0,0.4785279,0,0.5855145,0.6316128,1.567064,0.3634982,0,1.103769,0.2456716,0.7746049,0.2463145,0.2250398,0,0.6066589,0,0,0,0.8195521,0.2971205,0,0.3457944,0.1872345,0,0.8613555,0,0,0.2007914,0,0.4761875,0,0,0,0,0.4057615,
1.142834,0.407516,0,0,0.3273452,0.7089184,0,0,0,0,0,0,0,0,0.7860151,0.1698484,0.02848463,0,0,0.05586673,0,0.1240329,0,0,2.065717,0,0.4682533,0,0,0.5671531,0,0,0.76043,0.1348405,0.7420794,0.5764235,0,0.5273343,0,1.515019,0.4064713,0,0,0,0,1.835981,0.4547433,1.645419,0,0,0,0,0,0,0.2566929,0,1.298219,0,0.8093862,0.06728357,0.5871354,0,1.514966,0,0.0989932,0,0,0,0,1.032725,0,0.2367096,0.8553475,0,1.97527,0.01592163,0.2836422,0.2438501,0.6216231,0.552992,0,1.73384,0,0,0.4764205,0,0,0.3546028,0.6334049,0,0.1378724,0.158892,0,0,0.3244726,0.1728155,0,0,0,0,0,0,0,0.4749509,0,0,0.04483122,0.1152874,0,0,0.4230141,0.1976108,0,1.481434,0.02793724,0,0.4535416,0,0,0,0,0,1.00781,0,0.92241,0.5798239,0,0.3086647,0.1405655,0,0.1623481,0.316236,1.041123,0.3738801,0.6224097,0,0,0.1269653,1.005967,0,0,1.181849,0.1234899,1.525559,0,0.5797433,0,1.123621,0,0,0,0,0.4207056,0,0,0,0.391698,0,0,0,0,0.843844,0.3796238,0,0,0,0.4346426,0.1510382,0,0.1598086,0,0.06735108,0.1967455,0,0,0,0.1480491,0,0.1383037,0,0,0.7399971,0,1.004719,0,0.502387,1.103328,1.166953,0,0.912156,1.539687,0.8456202,0.5873055,0.2305106,0,0.496102,0,0,0,0.6010516,0.7238526,0.6892821,0,0,0.2151001,0,0,0,0.2760093,0.5883003,0,1.72047,0,0.3197157,0.08817385,0.4329995,0,0.6390986,0.2166516,1.047743,0.2452629,0.9478753,0,0.5277452,0,0,0,0,0,0.9280225,0,0,0,1.122462,0,0.07623388,0,0,0,0.351814,0.3679425,2.225652,0,0.359723,0.3224816,0,0.2543995,0,0,0.2080298,0.4985594,1.459139,0.2737617,0.4170969,0.6836355,0,0.7473112,0,0.9296988,1.265408,0,0,0,1.340942,0,0.7336349,0.2527542,1.071214,0.03670378,0.3331169,0,0,0.1975167,1.120132,0,0.03325506,0.01892649,0,0,0,0,1.654299,0.8306308,0,0,0,0.9138634,0.2435658,0,0,0.9183097,0.2467435,0,0,0.1652634,0,1.110581,0,0,0.2324848,0.4757968,0,0,0,0,0.3850599,0,0,0.310147,0.4073695,1.536536,0.6215748,0,0,0.2188321,0.4014477,0.8633475,2.67163,0.235755,0,0,0.4446901,0.5792727,0,0.7796161,0,1.364936,0.4526633,0,0.05966911,0.4020804,0,0.1047998,0,0,0,0,0,0.02159809,0.8280227,0.002326932,0,0.425557,0.0650048,0,0,0,0,0.7398898,0.2958974,0.2595597,0,0,0,0.7697477,0,0,0.3086485,0,0.7556461,0,0.6294867,0,0.5964335,0,0,0,0.392158,0,0,0,0.2932364,0.506699,0,0.2820563,0,1.187586,0,0.4787731,0.466099,0,0,0,0.4744208,0.4652831,0,0.6812019,0.2500784,0.06541385,1.305945,0,0,0.4976542,0,0.09394578,1.402047,0,0.4216843,0.03284935,0.6055106,0,0.6391116,0,1.016333,0,0,1.452697,0.1374769,1.250264,0.1210658,0.2964086,0.3501662,0,0,0.5533394,0.7788793,0.5492272,0,0.8039905,0.5810309,1.335468,0,0,0,0,0,0,0,0,0.3533165,0,0.2517551,0.8809105,1.124622,0.5067713,0,0,0,0,0.3508621,0.6793408,0.7079146,0.09336916,0.256018,0.3047805,0,0.9002661,0.7558595,0.1523779,0,0.5962558,0.2073133,0.9348359,0,0.1515024,0,0.6147147,0,0.3827081,0.5041596,0,1.00446,0.0425459,0,0,0,1.140024,0.3846006,0,0.3960637,0.492371,0,0.1564493,0.3257845,0.1292044,0.7568075,0.2701338,0,0,0,0,0.164574,0.07810479,0.5103406,0,0.0160268,1.388894,1.578551,0,0.002435592,0.09477912,0.0857472,0.6295334,0.6369272,0,0.0597136,0.3166075,0,0.2127642,1.887856,1.077686,0.4363131,0,0.4999787,0.9221184,0,0.4397246,1.010762,0.2238161,0,0,0.3099595,0.1186197,0,0.03603178,0,0,0,0,0.7018156,0,0.05282356,0,0.3481303,1.054709,0.9768076,1.206499,0,0.6674929,0.6805907,1.660503,0,0.776753,0,0,0.1604461,0,0.1066138,0,0,0,0.4699471,0,0,0,0,0,0,0.1055785,0,0.1246672,0,0,0,0.744965,0.8831041,0,0.429878,0,0.6276716,0.5246103,0.2547034,0.560011,0.6055497,1.660109,1.098322,0,1.205944,0,0,
1.433661,0,0.5157267,1.097722,0.601435,0,0,0,0,0.3357728,0.1402047,0.5458686,0.7126215,0.03514314,0,0,0,0,0,0.808576,1.041644,0.5728006,0,0.3285258,0.8363982,0.1624603,0.4599625,1.046674,0,0,0.3880484,0.09397671,0.9550716,0.4432963,1.153823,1.546274,0,0,0.4671014,0.3135797,1.976711,0.3093411,0,0.08383105,0.3778811,0,0,0.8365284,0,0.4258008,0.09702718,0,0,0,0,0.7181736,0.1402808,0.1740057,0,0.520022,0,1.127427,0,0.3968171,0.4624829,0,0.5039697,0,0.613304,0,0.1092376,0,1.164727,0.4656784,0,1.43575,0.4616025,0,0,0,0,0,0,0,0,0,0.7867544,1.024454,0.3451299,0.6490838,0.273605,0,0.2109526,0.08942478,1.686357,0.6578867,0,0.7761632,0.457499,0,0,0,0.423521,0,0,0,0.06615666,0,0.1415584,0.4005487,1.283812,0.3040035,0,0,0,0,0,1.770079,0.1052363,0.6905527,0.6234729,1.838879,0.3960165,1.306864,0,0,0,0.93866,0,0,0,0,0.4085393,0.1561659,0,0.0335425,0,0,0.03346175,0,1.284627,0.2260649,0,0.07972226,0.01557618,1.587071,0.4249233,0,1.361644,0,0,0,0.3809625,0,0.01879482,0.7411498,0,0.3783432,0,0.9906155,0,0,0,0,0,0.3694077,0.9509583,0,0.01950904,0.9644755,1.606534,0,0,0.7811976,0.2935947,0.09591085,0.4958836,0,0,0.9971997,0,0.9744111,0.1160256,0.9047659,0,1.128652,0.6859748,0.9461399,0,0,0.05018124,0.2334418,0.6291469,0,1.066874,0,0.462102,0.04145537,0,0.1946138,0,1.265802,0,0,0.7996927,0.01713401,0.113707,0.09883507,0,0.5128612,0,0,0.3053999,0.124698,0,0.6017423,0.5378261,1.183787,0,0,0,0.8117466,0,0.2480863,0.1768984,1.248943,0.6801036,0,0,0.09536787,0.4823287,0,1.047325,0,0.1418374,0.7163462,1.73394,0.6884563,0,0.003964902,0,0.4277073,0,0.4808204,0,0.8813332,0,1.311638,0.456258,0.1266679,0.425891,1.070112,0.2488527,0.5865899,0.07747266,0,0,0.1583476,0.08090142,0.331251,0.5277019,0,0,0,0,0,0.4626554,0.2752126,0,0,0.03531183,0,0.3027142,0,0.5645457,0,0,2.066719,0,0,0.7721214,1.341009,0,0,1.941478,0.1142456,0.4941837,0.3989881,0,0.8868288,0.5959389,0,0,0,2.448083,0.5770025,0.8037434,0,0,1.239085,0.1679961,1.616122,0.1926711,0,0.4730802,1.468142,0.5941331,0,0,0.6543826,0,0,0.03156582,0.06003821,0,0,0.02270071,0.113765,0.004931774,0,1.192079,0.634146,0,0,0,0,0,0.2670346,0.7996178,1.029268,0.7692617,0.09474528,0,0.1038421,0,1.409824,0,0,1.168976,0,0,0.8846585,0,0.205913,0,0,0.2683929,0,0.4343097,0,0.09099964,0,0,0,0.3276781,0.6265792,0.01732012,1.029405,1.255817,0,0,0,0.6051661,1.120146,0.1118607,1.25994,0.256394,0,0,0.3942361,0,0.875941,0,1.546933,0.6583641,0,0,0,0,0.3338569,0.3520255,1.578925,0,0,0.1710505,0.2518331,0,0,0,1.088256,0.1871503,0,0,0.4403748,0.4205934,0.6545613,0,0,0,0.02046462,0.3189517,0,0.08353633,0.1235255,0.6903828,1.256634,0,0.9852318,1.38635,0,0.1411567,0,0,0.2168181,0,0.1511702,0,0.02124779,0.1279843,0.4553145,0.4550814,0.4833391,0,0,0.4550512,1.593302,0.5974994,0.5106052,0,0,0,0,0.04033357,0.01329879,0.3792062,1.349206,0,0,0,0,0.577205,0.6149961,0,0,0.06258638,0,0.00767659,0.2137464,0.6457533,0.5584975,0,0.9741631,0,0,0.1122394,0,0,0.732788,0,0,0,0,0,0.8666398,0.7460613,0.7241616,0,0,0.8098763,0.3466308,0,0,0.4054485,0.5720543,0.4338213,0.6215701,0,0.530203,0.299225,0,0.6009759,0,0,0,0.9337326,1.300384,0.3960743,0,0.5893928,0.7397427,2.124697,0.0572627,0.4199962,0,0.5596788,0.409612,0.5595082,0,0,0,0.3305711,0.02706867,0,0,0,0,1.258327,0.3199618,0,0,0.1536562,0,0,0.2044131,0,0,0,0,0,0,0.9142814,0,0.2383266,1.142248,1.256828,0,0,0.1081992,0,0.02527585,0,0,0.2338378,0.4116351,0.1752599,0,0.03881016,0.4763289,0.9350149,0.4754113,0,0,0,0.6560102,0,0,0,0.6472127,0,0.2436149,1.325171,0,0,0,0,0.254949,0.2700697,0,0,0,0,0,0.1353588,0,0,0.7727298,0.6969723,0.5678692,0,0.9297303,
0,0,0,1.175424,0.3414489,0.166688,0,0.4680591,1.767274,1.495632,0.1813222,0.6646332,0,0,0.6947488,0,0.2154087,0.4881392,2.570972,0.3233876,0.02450038,0,0,0,0,0.9349441,0,0,0.01190142,1.294883,0.4981007,0.8180282,0,0.6481904,0,0.6314963,0,0,0.951068,0,0,1.44134,0.9315832,0.294398,0.9856529,0,0,0.3938944,0,0,0.6339558,1.066572,0.3309824,0.5246971,0.5737333,0,1.081356,0.3777598,0,0.8540692,0,0.6206723,1.06993,0,0,0.8283595,0.4383646,0,0,0.1800726,0,0,0.0402956,0.2477848,0.09969512,0.6714631,0,0.1288919,0.9310848,0.08974282,0,0.3458216,0,0,1.089564,1.930734,0.8643366,0.564369,0.2326012,0.6242309,1.114996,0,0.6523453,0.8789076,0,0,0,0,0,0.3762121,0,0,0.03157563,0,0,0.2840022,0,0.4646404,1.632996,0.4766346,1.067972,0,1.888681,0,1.38263,0,0,0.3310632,0,0.6085722,0,0.2675087,0,0,0.13169,0,0,0,0,0.7863457,0,0.6381061,0,0,0,0,1.131324,0,0.2773941,0,0,0.4344035,0,0,0,0.5571259,0,0,1.549793,0.5928301,0,0,0,0.1570425,0.1545328,0,1.500604,0.3298545,1.041539,0.7039567,0.3981397,0,0,0,0.3376242,0.5210826,0,0.3942653,0,0.499665,0.4028592,0,0,0,0.6271823,0.5461856,0,0,0,0,0.1290924,0.503127,0,0.6066291,0,0.8883922,0.9794845,0,0,1.22309,0,0.7843319,0,1.08727,0.7156064,0.6025047,0,0.5957003,0.7106516,0.4869083,0,0,0.6516827,0.1190413,0,1.51757,0,0,0,0.35624,0,1.316785,0.898564,0.4189138,0.2955826,0.03390536,0,1.542238,0.2784117,0.2468659,0,0,0,0,0.1257111,0,0.1401687,0,0,0.3283302,0,0,0,0.1142021,0.799897,0,0,0,0.3361256,0.1017047,1.771652,0,1.004992,0.976234,0,0.03667431,0,0.1975964,0,0.2378607,0,0.2168748,0,0,0.1752351,0,0,0,0,0.321968,0.1667058,0.5905648,0,0.9721711,0.4850241,0.1827781,0.5940576,0,0,0.4145422,0,0,0,1.063098,0,0.07328144,0.2179828,0.4401194,0,0,0.01953085,0.9003924,0,0.5863138,0,0.0681022,0.438393,0.4015387,1.169623,0.08950411,0,0.6520755,0.3411359,0,0,0,0.4966386,0.2161393,1.230108,0,0.7283384,1.377435,0,0.3966887,0,0,0,0,0.09944697,0.3590425,0.3121594,0,0,0,1.500193,0.5318277,0,0.8921467,0,0,0,1.174005,0.5812425,0,0,0.124678,0,0.2936587,0,0,0.7392628,0,0,0,0,0.7577088,0,0,0,0,1.46558,0,0,0,1.26032,1.273499,1.117483,0.07916708,0,0,1.737878,0,0.2408595,0,0,0.2411394,0,0.6891268,0.5814795,0.8383811,0,0.4970767,0,0,0.6940955,0,0,0,0,0,1.040109,0,0,0.7483424,0.3943559,0.3301577,0.6007914,0,0,0,0.9245462,1.111386,0,0,1.370109,0.4937174,0.1947297,0,0.2502832,0.802214,0.8790179,0,0.2028225,0,1.331848,1.407402,0,0,0,0,0,0.4729462,0.1567258,0.08435442,0,0,0,0.380463,0,0,0.2526391,0.3987986,1.814104,0,0,0.8151816,0.1396351,1.255633,0.5382245,0,0,0.4188392,0,1.406469,1.328248,0,0,0,0.1758168,0.5138035,0.5645143,0.2568904,0.3963302,0,0,0.5682386,0,0.412307,0,0.2289493,0.2367159,1.930568,0,0,1.099456,1.519664,0.1015379,0.8941572,0,0.1688454,0,0,0.8011847,0,0.3922924,0.6267913,0,0.06984346,1.201826,0.5015983,0,0,0.187275,0.683354,0.4171563,0,0,0.8090968,0,0.1184569,0,0.9663672,0.02049988,0,0.01992429,0,0,0.2585554,0.3162528,0,0,1.578829,0,0,1.065735,0.2286103,0,0,0.9486011,0.2467456,0,0.8092949,0.5685066,0.2514638,0.3702103,0,0,0,0.4934227,0.2300941,0.7151063,0,0,0.3182122,0.3704358,0,0.5093873,0.09737886,0.3158687,0,0,0,0,0.8324692,0,0.3926941,0,0,0,0.5773273,0.1963724,0,0,0,0,1.22006,0,0,0.208511,0,0.209697,0,0,0.3729571,0,0,0,0.5683596,0.06602552,0.2474823,1.502051,0,0,0,0,1.505149,0.1224818,0.8736973,0,0.4831927,0.1581395,0,0.5858744,0.7497412,0.5222458,0,0,0.1344072,0.3392287,0,0,0,0.6407979,0,1.283651,0,0,0,2.117963,0,
0,0.01857563,0.09557111,0.1489959,0,0,0.9059793,0,0,0,0.2042571,1.258381,0,0,0,0.3346593,0.4468566,0.1701028,0.2902361,0,0.1533524,0.1923814,0,0,0.1219878,0.4563441,0.8027853,1.234965,1.100735,2.556466,0,0,0.1738446,0.09374293,0.1920628,0.07531853,0.310705,0,0,0,0,0.5147362,0,0,0.2446512,0.7114813,0,0.3110214,0.326285,0,0,1.480202,0,0,0,0,0.204886,0.7847,1.544536,0,0.646826,0,0.1362679,0,0.9316539,0,0,0,0,0.113187,0,0,0,1.54216,0,1.013631,0.7986087,0,0,0.004390698,0,0,0,0.643487,0.961593,0,0,0,0,0,0,0.3756384,0,0,0.00236091,0.1102193,0.3663741,0.3516287,0,0.9122277,0,0,0,0,0,0.8635315,0,0,0.224422,0,1.238585,0.1117616,1.022974,1.047701,0,0,0.1304683,0,0,0,0.3545508,0.2763182,0,1.319737,0,0,0,0.3195876,0,1.249207,0,0.3073643,0,1.552158,0,0,0,0.4956519,0,0,0.2665515,0,0,0.3079571,0.1350656,0,0.1626876,0,0.3840933,0,1.45798,0,0.6913645,0,0.8182721,0.6529005,0.6965897,1.067807,0,0.3319659,0.07378598,0,0.2587541,0.0282646,0,0,0.4601331,0.3254241,0.8114864,0.04214941,0,0,1.181482,0.2860427,0.3319804,0.002911742,1.56336,0.5771847,0.0961008,0,0.2564508,0.4504767,0,1.049705,0.3490382,0.7741405,0.2811776,0,0.3195578,0.2195511,0.5904561,0.3752809,0,0,0,0,0,0,0,0,0.4909256,0.6272289,0.4341825,0,1.120101,0,0,0,0.4379241,1.681014,0,0,0.2693259,0.3980067,0,0,0.1864112,0,1.661691,1.315714,0.4300958,0,0,0,0.7283857,0.7576984,0,0.8171124,0.504003,0,0,0,0,0,0,0.3745894,0,0.6710613,0.9322062,0,0,1.626757,0.4047181,0,0.5036601,0,0,0,0,0,0,1.396694,3.610731,0,0.5508254,0.2329344,0,0.1575698,0.7146587,0.6243552,0.1112425,0.02781605,0,0.9577716,0.04176844,0,0.459149,1.044929,0,0,1.532227,1.485421,1.446235,0.3822224,1.609626,0.05755066,0,0.008675078,0.4840382,0.4250181,0.9142144,0.5617548,0,0,0,0.3906547,0.08966003,0,0.6515563,0.3103237,1.692304,0.2117155,0,0,0.991786,0,0,0.7802957,1.027711,0.6104097,0.2605294,0,0.4064857,0,0.9976242,1.480005,0,1.302428,0,0.2297702,0.32104,0,0,0.3443404,0.2614916,0,0,0,0.6645761,0,0.8258312,0.7045276,0,0.3712117,0.4732488,0,0,0,0,0,0.5246546,0,0,0,0.3132761,0,0.3833276,0.8317929,0,0.01545384,0,0.2276489,2.075565,0,0,0,0.3711399,0.5042264,0,0,0,0.2261158,0,0,0,0,0.4739401,0,0,0.6011637,0,0,0.5619797,0.187425,0.5177435,0.7749654,0.157417,0,0.1618072,0.0300616,0.8876561,0,0,0,0,0,0.2265085,0.5961324,0.7829016,0,1.050853,0.5201377,0.1824132,0,0,1.018746,0,0,1.62867,0,0,0.2503306,0,1.199842,0,0,0,0,0.1525,0,0,0,0.25916,0,0,0.8960019,0,0.9523249,0,0.9880565,0.2466037,0,0,0,0,0.7205417,0.7929984,0,0,1.073248,0,0.5437266,0,0,0,0.3558852,0.5752896,0,0.1191182,0.09457953,0,0.3671149,0.8118601,0,0,0,0,1.222265,0.5469284,0.06242531,0.0270487,0.8418765,0.2169756,0.2661888,0,0.2483938,0,0.619915,0.4135642,0,0,0.1312599,0.4282543,0.5358353,0.06559322,0,0,0,0,0,0,0.06489941,0,0,0,0,0,1.113313,0.5293059,0,0.224653,0,0,1.58687,0.0396502,0.2877617,0.2820309,0.3031318,0.9526976,0.8228426,0.04457343,0.8313545,0,0,0.127274,0.4712434,0,0.960306,1.072207,0,0,0.3527067,1.094439,0.5014944,0,0,0.5007498,0,0,0,0,0.1381635,2.629664,0,0,0,0.144977,0,0.2932039,0,0,0,0,0.4663518,0,0.9717587,1.24123,0,0,0.6921827,1.002459,0.4458134,0,1.361352,0.07662479,0.1482634,0.09659933,0.7622338,0.2157494,0.6494489,0,0.6172073,0.3146603,0.0440496,0,0,0,0.233425,0,0.3427207,0,0,0,0.6906164,0.03101221,0.04222278,0.4805653,1.479677,0,0.05929866,0.8114416,0,0,0.1380549,0.04756253,0,0,0.1940071,0,0.05948247,1.575723,0.6848301,0,0.3948599,0.5764464,0.5274294,0.210942,0.4861119,0,0.2778957,
0,0,0,0,0.1550976,0.682506,0,0,0,0.06281505,0,0.726651,0.1374268,0,0.1960516,0.01061987,0.1151549,0,0,0,0,0.7635905,1.337671,0.5461713,0.6414453,0.4245269,0.3258868,0,0.247747,0,0.4513558,0,0.272364,0,2.249239,0.06882405,0.7945685,0,0,0.1153832,0.1002729,1.137751,0.4600396,0.7547556,0.4060993,0,0.1926613,0,0.03239918,0.1101691,0,0,0,0.8879839,0.1331507,0.3729218,0.03154824,0,1.276424,1.134199,1.000289,0.7430162,0,0.08141495,0,0,0,0.3666793,0.120921,0.1487956,0,0,0.3794655,0,1.467346,0,0.2294398,0,0.1208081,0.05264049,0,0.1936778,0.2059981,0,0,0,0.1103771,0,0,0.7875853,0,0,0.4523625,0.09489414,0.4437619,0,0.9989003,0,0,0,0.195448,1.868773,0.18381,0,0,0.09153831,0,0.531356,0.0549697,0,0.09887846,0,0.4837535,1.140969,0,1.452271,1.412665,0.9056662,0.9507005,0.9981357,0.1412222,0.9731435,0,0,0,0,0,0.3550754,0.08026206,0.1861077,0,0.4347298,0.6395776,0,0,0,0,1.056397,2.075325,0,0.9158697,0,0,0.3097212,0,0,0,1.247917,0.0485713,0,0.01076233,0.06360412,0,1.026641,1.227129,0,0,0.5825002,0.3136362,0.3467413,0,0.01214237,0,0,0.1831664,0.1908167,0.5169588,0.2860173,0,0,0,0.1098507,0.9070672,0.348752,1.468449,1.158306,0,0.4873149,0,0,1.254735,0,0,0.3592792,0,0.8441595,0.03913108,0.6975713,0,0,0,0,0,0.2791767,0,0,1.552146,0.05752685,0,0.69419,1.389785,0,0.1747118,0,0.1459646,0,0,0,0,0,0,1.385854,0,1.358561,0,0.2442513,0,0.3430125,0.3405251,0,1.213441,1.029849,0,0,1.252666,0,0.6002257,0,0.0451293,0,0,0.01345493,0,0,0.02462173,0,0,0,0.2912232,1.225497,0.4339867,0,0.1503597,0,0,0,0,0.9140634,0,0.2684925,0.2253345,0,0.4063613,0.002449247,0.8482274,0.9297571,0,0.5252984,0,0,0.1646746,0.0411729,0,0.3507882,0.5936674,0,0.8367005,0,0,0.6853295,0,0.1448617,0.02868468,1.279323,2.731637,0.7525271,0.870138,0,0,0,0,0.4856941,0.9715878,0.05393397,0.7255017,0,0,0,0,0.3910316,0,0.3519422,0.8380353,0.4574354,0,0,0,0,0,1.082027,0,0,0,0.6973665,0,0.1641842,0,0.4175719,0,1.118624,1.534142,0,0,0,1.611385,0,0.2350823,0.2751299,0.7834749,0,0,0,0,0,0.6902196,0,0,0.5138046,0,0.6374756,0.1021549,0,1.429332,0.03032221,0,1.180967,0.5274413,0.8815246,0,0,0,0.3986088,0,0.3414469,1.051184,0,1.629851,0.1324277,0.03076192,0,0,0.2490979,0.2583099,0,0,0.898372,0,0.174672,0,1.788199,1.613825,0,0.7044304,0.3383866,0.1526392,0.06056641,0.3850698,0,0.4023848,1.223346,0.4340792,1.022247,0,0.6343451,0.139031,0,0.3756792,0.5132968,0,1.441124,0,0,0.4700962,0,1.095551,0,0.3190697,0.167831,0,0,0,0,0,1.314086,0.002309274,0,0,0.4566342,0,0,0,0.814522,0,1.761352,0.9044645,0,0,0,0.7314947,0,0,0,1.111989,0.9461229,0,0.1985821,0,0,0,0,0.3422227,0,0,0,0,0.224009,0.5947508,0.1665806,1.80286,0,0,0,0,0,0.5380154,0,0,0.7960142,0.291454,0.2350047,0.4985907,0,0,0.5431783,0.05263199,0,0,0,0.4205359,0,0,0,0.8256432,0.2195961,0,0.8440721,0,0,0.1439123,0.5510792,0.6248241,0,2.291795,0,0,0.1474049,0.5796112,0,0.117212,0,0,0,0,0,0,1.459441,0,0.3682775,0,0.3530778,0.4556,0,0.4845974,0.06209905,0,0,0,0.2465816,0,0,0.01983807,0,0,0.5758563,0,0.3332475,0.7623321,0,0,0.7510425,0,0,0.1237361,0,0.4180792,0,0.1941408,0.7183676,1.881251,0.137506,0,0.3943408,0,0,0.2987908,0,0.05046121,0.6943731,0.5134058,0.2004042,0,0.8223723,0.4467253,0,0.4487697,0.9773028,0,0.4910187,0.8308412,0.3529924,0,0,0.4558815,0.1081276,0,2.264536,0.1554244,0,0.257139,0,0.05745139,1.198804,0.7589076,2.187,0,0,0.178064,0.6788103,0,0,1.092939,0,0,0.2419384,0,0,0,0.8249605,0,0.7103351,0.2270945,0.3325835,0.2392953,0.8748882,0,0.5202509,0.453177,0,0.4529907,0.03794708,
0.682248,0,0,0.6194956,0.09344887,0.362224,0,0,0,0,0.932834,0,0,0,0,0,0,0.5325657,0,0.6089684,0,0.1118944,0,0,0.2153984,0,0.576496,0,0.3200065,0,0.7109017,0.1169623,1.227333,0,0.9467279,0,0.3675263,0,0,0.4344755,0,0.3584363,0.8900751,0.07018523,0,0,0.3085119,1.328234,0,0.04530097,0,0.5130001,0.06935623,0,0,0,0.4270705,0,0,0.8811153,0,0.06876164,0,0,0,0.6355705,0.710402,0.08155539,0,0,0.5220858,0,0,0.2219113,0,0.5240837,0,0.3594414,0.9555164,0,0.3803794,0,0.8467982,1.52552,0.4734982,0,0,0,0,1.018508,0,0,0.7231749,0,0.6618395,0.5193389,0,0.3865455,0,0.2825159,0,0.3156546,0.6565514,0.4114123,0.2373075,0,0,0,1.285066,0,0,0.6086364,0.3470669,0,0,0.4322667,0.2438952,0,0.2291944,0.379852,0,0,0.1846054,0,0,0.2772078,0.9723453,0.6361448,2.780335,0,0.2923127,0.850041,1.212651,0.004936527,0,0,0,0,0.06981876,0,0,0.320611,0.1564686,0,0.665675,0.1182283,0,0.7115499,0.6323539,0.6840806,0,0.2316511,0.105919,0,1.285948,0,0,0.9235965,1.600482,0.4658556,0.5745035,0.2478583,0.5026663,0,0,0,0,1.014393,0,1.637939,0.492277,0,0,0.5085097,0.6663935,0.8078105,0.2312541,0.1177467,0.175979,0.3403294,0,0,0.5624898,0.8618284,0.2052303,0.1234556,1.314041,0,0.04682833,0.4855115,0,0,0,0.4554982,0.1545213,0,0.4096996,0.8744543,0.7902185,0,0.8042364,0.1581776,1.867194,0.4316939,0,0,0,0,0,0.06480604,0.06957907,1.077143,0,0.5270336,0.6623527,0.5513296,1.305306,0.3813067,0,0,1.746265,0,1.161273,0.1435426,0,0,0,0.606002,0,0.05921495,0.637334,0.4925106,0,0.005305042,0.06385229,0,0.1687755,0,0.1056584,0.3868668,0,0,0.1732235,0,0,1.409089,0,0,0.4776618,0.5706679,0.4682033,0,0.421321,0,0,0,0,0,1.108285,1.287864,1.039764,0,0.8481163,0,0,1.065372,1.245899,0.6397808,0,0,0.8677537,0,0.9120848,0,0,0,1.986397,0.2062702,0,0.5936715,0,1.550197,0,0,0.1004752,0.9868358,2.282444,1.562019,0.240944,2.064816,0.04319843,0.4375678,0,0,0,0,0.2448896,0,1.215428,0,0.7895867,0,0,0,0,1.215381,0,1.28739,0.5443572,0.1256587,0,0.440248,0,0,0.9293308,0,0,0,0,0,0.1243084,0.2051919,0,0,0,0,0.1295629,0,0,0,0.4590701,0.6129842,0,0,0.998346,0.1126033,0,0.007480018,0.206387,0,0.5595112,0,0,0.8815129,0,0.7056942,0,1.392041,0,0.4511003,0.124502,0,0.6737271,0,0.8541607,0.03510875,0,1.364862,0,0.7335609,0,0,0,0.09409848,0.3906325,0.5052732,0,0.8377303,0,0.1031064,0,0.041864,0,0.4735328,0,0.8390274,0,0,1.663769,0.5054953,0,0.2249313,0,0.4117722,0.7752343,0,0.4039941,0.212649,0.2740624,0,0.8885235,0,0.5857478,0,0.2262616,0.2007877,0,0,0.5336522,0,0,0,0.2469937,0,0.3268927,0,0,0,0.7952486,0,0.7860526,0,0,0,0,0,0,0.8488348,0,0,0.8443393,1.089946,0,1.822824,0.8073432,0,0,0,1.131369,1.412407,0,0.1105024,0,0,0,0,0.1466359,0,0.1510958,0.296355,0.1626892,0,0,0,0.4460199,0,0.3371839,0,0,0,0.527501,0.5439493,0.781596,2.334241,0.2318581,0.7269644,0.2315214,0.5167396,0,0.5213675,0.5060845,0,0,0,0.6724222,0,1.068094,0,0.3009315,0,0.05387977,0,0,0.7611799,0.09892163,0,0,0,1.111069,0,0,0,0,0,0,0,0,0,0.1124791,0.6501176,0,0.240545,0.2913185,0.7707557,0,0.7463543,0.4304014,0,0,0.5394289,1.445673,0,0.07878534,0.7698668,1.837867,0,1.03559,0.2995992,0.8942045,0,0,0,0.8078148,0,0,1.166236,0,0,0.691762,0,0,0,0,0.02458486,0.1563323,0.1708638,0,0.7926678,1.255828,0,0.7310798,0,0,0,0,0,0.0828962,0,1.144653,0,0,0,0.8601624,1.059112,0.3131077,0.4262349,1.125077,0,0,0.9730591,1.487957,1.446222,0.6649632,1.3043,0.7736295,0.1047367,0.009221186,1.015439,0,0.6587729,0,0,0.456008,0,0.3416906,0,0,0,0,0,
0,0,0.3102859,0.6925116,0,0,1.135199,0,0,0,0,0.2597449,0,0,0,0,0,0.2017989,0.9802901,0,0,0.08736638,1.141335,0,0,0.5049194,0,0.2160048,0.05189342,0,0.3334143,0,0,0,0.4115742,0,0,0,0,0.7037342,1.544294,0.4817287,0.274929,0.07354115,0,0,0.7921143,0.4791031,0.3327761,0,0,0.2795109,0,0,0,0.2210335,0,0.7928451,0.3078679,0.3866669,0,0,0.1376911,0.1135366,0,0,0.1952646,0.6332608,0,1.333437,1.567261,1.210516,0,0,0,0,0.3931673,0,0.4619229,0.2810895,0,0,0.4652468,0.2324281,0,0,0.1510807,0,0,0,0.03487056,0,0,0,0,0.0369134,0.9003093,0.8698296,0,1.041811,1.169026,0,0,0.7347919,0.0202387,0,0.1097426,0,0.776136,0.6860648,0.05867882,0.0769789,0.9327037,0,0.798484,0,0.8834059,0.1479577,0,0,0,0.8956759,0.1673082,0,0.3356364,0,0.1919941,0.7191126,0.2157537,0.1559986,0,0,0.04254349,0.1890227,1.052559,0,0.5083046,0,0.08576438,0,0,0.2545441,0.6027756,0.830272,0.1567835,0,0,0,0,0.06225989,0,0.6331776,0.5497388,0,0,0,0,0,0,0,0,0,0,0.4456704,0.1336106,0,0,0,0.2647631,0.2073963,0.928374,0,0,0,0.08079613,0,0,0.253601,0.5213373,0,0.6617886,1.312156,0,0.3054559,0,0.4856656,0,0,0,0.7715384,0.2556564,0.8089637,0.5380256,0.07556913,0,0,0.3879307,0,0,0.4205571,0,0,0,0,0,0.5623243,0,0,0.2353402,0.4492223,0,0.136989,0.2599986,0.6420349,0.76941,0,0.01320718,0,0.02217851,0,0,0.1610718,0,0,0.2839842,0,0,0,0,0.9741652,0,0.6564572,0,0,0.3947872,0.528842,0,0.6231396,0,0,0.6474096,0.634277,0.2062359,1.180102,0.009917589,0.1363242,0.9240873,0.1633201,0,0.09569913,0,0.804749,0.4784429,0.2281271,0,0,0.3542514,0,1.289877,0.3791751,0.1860675,0.6217176,0,0,0.0677532,0.9489719,0.470309,0.2595079,0,0.4904523,0,0,0.3288094,0.9204942,0,0.01000579,0,0.864171,0.5107937,0,0,1.454648,1.039589,0,0.2524549,0.8646789,0.2342323,1.548766,0,0.08031718,0.771658,0,0,0,0.2968633,0,0.8248394,0,0.89399,0.3280303,0,0,0.09246571,0,0,1.18055,0.3618789,0.2914001,0.872409,0,0,0.5782441,0,0,0.8074892,0.5295506,0.2045204,0,0,0.248231,0,0,0.3643987,0,0,0.2808235,1.448684,0.06758657,0.1449062,0,0,0.8204911,0,0,0.1490358,0,0,0.474811,0.1978779,0.6410121,0.196984,0,0.7394115,0,0.1653248,1.940861,0,0.4168821,1.753052,0.04528406,1.612547,0.7996451,0,0,0,0.5753182,0.07727123,0,0,0,0.3891927,0.490047,0,1.064993,0.3499703,0.4577436,0,0.3634957,0,0,0.5029563,0,0.03745216,1.145689,0,0,0,0,0,0,0.2696009,1.086766,0.6900743,0,0.08993091,1.478057,0.5354586,0,0,0.8212444,0,0.1195074,0,2.163985,0.8856131,0.6335466,0.071513,0,1.039364,0,0,0,0,1.870308,0.9097326,0.05875148,0,1.120308,0.1193938,0.1798003,0,0.9733697,0.6037673,0.4797028,0.4803475,0,0.1746421,0.3395544,0,0.1465001,0.2990845,0,0.6015236,0,1.049196,0,0,0,0.5189051,0,0,0.7804567,0.6644263,0.5533334,0.7056189,0,0,0.1379094,0.5143498,0,0,0.1293313,0,0,0,0.5161051,0.1572141,0.941413,0,0,0.8628171,0,0,0.5848222,0,0,0.2020727,0,0.07855096,0,0.3214588,0,0.4059592,1.562891,0,1.061908,0,0.7217413,0,0.4334836,0,0.8297399,0,0,1.102516,0.3596857,0,0,0.1852583,0,0.439091,0.1603543,0,0,0,0,0,0.09574308,0,0,0,1.066457,0.1406523,0,0,0.4445667,0.7092634,0,0.1339541,0,0,0.00490507,0.1842425,0,0,0,0.2470541,0,0.4388282,0.5864499,0,0,0,0.6406763,0,0,0.1391517,0,0,0.1195827,0,0.002443381,0,0.6166673,0.7575642,0,0,0,0.1369633,0,0,0.7862608,0,0,0.4387612,0.2878889,0.3135883,0.3024795,0.1926896,0,0,0,0,0,0,0,1.20594,0,0.4028412,1.109273,0,0.4349395,1.156588,0,0.2718477,2.034671,0.3593067,0,0.05615661,1.075774,0,0.6371264,0.4025939,0,0,0.7945111,0.5553978,0,0,0.6427364,
0,0.5928227,0,0.8763393,0.9321339,0.2146458,0,0,0.03593488,0,0,0,0.443041,0.370883,0,0,2.031994,0,0.05645582,0,0,0,0,1.453997,0.3306144,0.2028071,0.6234249,0.3529011,1.44611,0,0.192171,0,0,0.04983969,0,0,0,0.1069408,0.2464121,0.3399475,0.2286487,0.2322109,0,0,1.016377,0.9412907,0,0,0.6685843,0,0,0,0.9241306,0,0.8573589,0,0,0.07962807,0,0,0.8391101,0,0,0.2748705,0,0.3616083,1.162734,0,0,0.4898023,0,0,0,0.0433233,0,0,0,0,1.444879,0,0.004730952,0,0,1.649645,0.0379996,0,0,1.329863,0,0,0.171583,0.4641829,0,0,1.230888,0,0.03705018,0,0,0,0.285388,0.06166061,0.4847003,0,0.1766807,1.114863,0.3449892,0,0.2284319,0,0,0,0.992736,0.4206659,0,0.4412879,0,0,0,0,0,0,0.9125232,0.7900543,0.6699409,1.256827,0.1692341,0,0,0,0.3520601,1.404692,1.511669,0.8302997,0,0,0.4052197,0,0,0,0,0,0,0,0,0.9933509,0.3748691,0,0,0.3491855,0.4001419,0,1.405046,0.5258672,0,0.1412097,0,0.09921855,0,0.9086332,0,0.1898271,0.618327,0.9364448,0,0.215787,0,0,0.06850289,0.6419731,1.334657,0,1.764628,0,0.04333224,0.7288178,0,0,0.4609769,0.3646245,1.099698,0,0.1045683,0,0,0,0,0.09267292,0,0,0.3576192,0.8840473,1.008033,0,0,0,1.650916,0,0.4493005,0.9086033,0,1.615909,0,0.1446878,0.5584773,0,1.691162,0,0.04341387,0.4061621,1.572544,1.156011,0,0.9756436,0.5993428,0.3064174,0,0.0107486,0,0.6251851,0,0,0.4270755,0,0,0,0,0.5305453,0,0,0.08004729,0.09460992,1.155504,0.9351472,0.09672301,0,0,0.0110443,0.0417223,0.1687975,0.6412707,0,0,1.521789,0.5041656,0.6440063,0.1502351,0,0.06764843,0,0.4089137,0.5713096,0.1684792,0,0,0,0.7249612,0,0,1.02296,0.07556462,0,0,0,0.4876655,1.076956,0.1187478,0.09660145,0.07270223,0.2588054,0.5240024,0.4800408,0.1540966,0.8760846,0,0.1346611,0,0.1821218,0,1.180981,1.870696,0.68227,1.101936,0,0,0,0,0,0.831768,1.125368,0,0,0,0.5606712,0,0,0,0,0,0.4465094,0,0.2273982,0,0.4177809,0.7259632,0.875115,0,0,0,0,0.3110123,0,0,0.6464795,0,0,0,0.04920485,0.7053945,0,1.489643,0,0,0.2079101,0,0,0,0.08192854,0,0,0,0,0.9551983,0.5132942,0,0.3687056,0.2823019,0.2032572,0.3641242,0,0.3316072,0.1433031,0,0.4153874,0.6935968,0,0.03457706,0,0.6125643,0.2246706,0,0,0.5251802,0.1460992,0.5330417,0.7727517,0,0.5907683,0,0,0,0.7811778,0.6405149,0,0.6759392,0,0.4025334,0.3931019,0.1649259,0.5233098,0,0.1713631,1.604575,0.1465506,0.1226274,0,0,0,0,0,0,0.003756375,0.195897,0,0.4629302,0,0.4636816,0,0.9805008,0,0.1696551,0.9167277,0,0,0,0.541629,0.6777635,0,0,0.375881,0,0,0,0.2153966,0,0.4219881,0,1.20615,0,0.5867226,0.7098895,0,0,0,0,0,0.353331,1.215899,0,1.341248,0,0,0.886807,0.212033,0,0.2351834,0,0,0.4531154,0.8617378,0.0751956,0,0.6390586,0.4643622,0,0.6003541,0.6758291,0,0.002532224,0.4454565,1.126518,0,0,1.642622,0.3681504,0,0,1.060312,0,0.2787345,0,0.6654704,0,0,0.3529017,0,0.09641797,0.7920459,0.5226896,0.276467,0,0,0.5233355,0.4873182,1.143149,0.6232855,0,0,0,0,1.018052,0,0,0,0,0.8022108,0,0.2911108,0,0,0.7079368,0.6580529,1.091244,0.9784359,0,0,0.9298866,0.9098116,0.9451446,0.5025014,0.3624804,0.3433031,0.1730844,1.220236,0.161879,0.7843459,1.371819,0.6472554,0,0.751003,0.1354022,0.5746493,0.2477953,0.5182301,0,0.6051086,0,0,0.2870721,1.942086,0.8363731,0.6149663,0,0,0.267138,0.267004,0.4673292,0,0,0.6879667,0.3205668,0,0,0,0.02345749,0.3596313,0,0.5290073,1.65103,0,1.254898,0.1603501,0.5733846,0.01859118,0.4882023,0,0.1496608,0,0.2798674,1.477152,0.8646397,0,0.267943,0.4290368,0.04401443,0,0,0.4992761,0,0,0,0,0,0.4542423,0.8302048,0,0.3642467,0.1998696,0,0,1.290771,0.175635,0,0,0.210225,1.124656,0.3767968,0,0,0.6763719,
0.2964289,0,0,1.242563,0.9989901,1.396063,0,0,0,0,0,0,0,1.18858,0,1.027029,0.0154995,0,0,0,0,0,0,0,0,0,0.005541593,0,0,0.4583006,1.03612,0,0.6958094,0.5669534,0,0.3594579,0.1883296,0,0,1.115601,0.4217591,0,0,0.6252596,0.3143941,0.4534731,0,0,0.5677426,0,0.3476464,0,0,0.4304958,0,0,0.5203702,0,0,0,0,0.07382246,0,0,0.1546461,0,0.4619234,1.050413,1.066028,0,0,0,0,0.7043636,0,0.4557512,0.9435011,1.171991,0.6501201,0,0.570814,0,0,0,0.3030902,1.043903,0,0,0.9554464,0.7363365,0,0.7048018,0.1927963,1.592424,1.214202,0,0,0.983591,0,0.7639679,0.1181428,0.3512909,0,0.3883177,0,0.5951927,0,0,0,0,0.2240956,0,0.06231596,0.1376288,0,0.622825,0,0,0,1.083225,0,0,0.7535349,1.113674,0.3652543,0,0,0.9813091,0,0,0.1848472,0.3427718,0.5366192,0.5970961,0,0,0.1375356,1.364705,0.9847891,0,1.243939,0,0,0.5454208,0,0,1.020364,0.1800797,0.1604453,0.2558565,0.6376193,0,0,0,0.1233108,0,0.1369625,0,0.2010794,0.3885065,0.2757744,0,0,0.4575943,0,0,0,0.1796488,1.061129,0,0,0.5925968,0.03704892,0.6745476,0,0,0.5059771,0.4815905,0.2306196,1.339006,0,0.04854807,0,0,0,0,0,0,0.1324375,0,0,0,1.307896,1.166796,0,1.228426,0,0,1.095021,0.7709616,0.3682955,0.156226,0,1.324833,0.5192025,0,0.7412305,0,0.357019,0,0.1482943,0,0,0.5819054,0,0.3443751,0,0.4389865,0,0,0,0.3678053,0.01179616,0.9154637,0,0.1325316,0.845742,0.221945,0,0,0.9716898,0.8846571,0,0.3684483,0.4459231,0,0,0.1273893,0,0.8180903,1.408036,0.3930027,0,0,0,0,0.6584124,1.209113,0,0,0,0.3328596,0,0.4975076,0,0.5825489,1.992093,0,0,0.5192026,0,0.4876111,0.7147611,0,0.2416351,1.866617,0,0,0,0.08041011,0,0.967838,0.7264993,0.102876,2.217316,0,0.3925408,1.85929,0.2479217,1.57584,0,0,0,0,0,0,0,0.07547993,0.04022375,0.2246185,0,0,0,0,1.009601,0.4673719,0,0,0,0,0,0,2.256316,0,0.300558,0.00264835,0.09685081,0,1.145291,0.7350473,0,0.5701292,0.9119712,1.356737,0,0,0.1223859,0,0,0,0,0,0,0.09673809,0,0,1.159088,0,0.5417472,0,0,0,0.9732533,0,0.1049775,0.07306063,0.5689465,0,0.436866,0,0,0.6215743,0.742651,0.5145933,0.7972932,1.251096,0.1858559,0.440293,0.2200046,0,0,0,0,0,0,0,0,0,0,0.1054013,0,0,0.9289786,0.3384469,0,0.2358716,0,0.1408172,0.8343378,0,0,0.272767,0,0,1.703896,0,0,1.289747,0,0.08373928,0,0.5726907,0,0.1479729,0,0.9563946,0,0.638348,0.4243833,0,1.42408,0,0.8382018,0.7050008,1.246195,0,0,0,0,0.4630126,0,0.6678186,0,0,0.2250049,0.2578054,0.884138,0.5320429,0,0,0,0,0.2857529,0,0,0,0.313093,0,0.5368438,0,0,0.05172954,0.4261945,0.04487988,0.7973272,0.5890271,0.6994858,0.1340625,0.1322285,0,0.5660996,0,0,2.067616,0,0.2321811,0,0.01111514,0.02650548,0.3130805,0.1909477,0.2746641,0,0,0.8732343,0.1612486,0.002255801,0,0.6505742,0.1146693,0.9197978,0,0,1.532747,0,0.1403961,0,0.04815964,0,0.2447569,0.1008121,0,1.403865,0,0,0,0,0,0,0.5858288,0,0,0,0,0.2334281,1.134784,0.6465738,0.4124699,1.746467,0.3751114,0.7143795,0.3743405,0,0,0,0,0.5137488,0.09464503,0,0,0.3822132,0,1.334475,0.1080791,0.1441804,0,0,0,0.944701,0,0.01944265,0,0.0116346,0,0.07836022,0.2036554,0.2088078,1.408386,0.09448431,0.514463,0,0,0.1752284,0,0,0.7909555,0.3295335,0.06844758,1.268307,0,0.1090671,0,0,0,0,0.7314945,0,0.0936906,0,0.5338169,0,0,0.2336055,0,0,0,0.3367373,0.1273001,0.7663613,0,0,0,0,0,1.048541,0,0,0,0.7130137,0,0,0,0,0.6051771,0,0,0.5664735,0.1196045,0.3839875,0.1300488,0.3753013,0.2446549,0,0.4674771,0.9343815,0,0,1.141171,0,0.5436047,
0,0.749976,1.23617,0,0.9663017,0,0.1487666,0,0.04313027,0,0,0,1.03174,0,0.6768386,0.2724816,0.3711807,0,0,0.7262939,0,0,0.7715424,0.2240505,0.9120129,0,0,0.259177,0.968815,0,0.6812682,0,0.09584401,0,2.108628,0.2088343,0.7567559,0,0,0,0,0,0.3702842,0,1.232899,0.1740434,0,0,0.3093908,0.336533,0,0.07329907,0,0.2038485,0,0,0,0.5333673,0,0,0,0,0,1.101687,0,0.126968,0,0.03913181,0,0,0,0,0,0,0,0,1.621106,1.078048,0.09919227,0.4646669,0.4620409,0,0.2015515,0.2808029,0.1276343,0.1173171,0,0,1.298487,0.2840386,0.8166698,1.909932,0.3249573,0.4559978,0,0.2772467,0,1.043405,0.1917004,0.8510951,0,0,1.200735,0,0.0811614,0,0,0,1.622439,0.4963132,0,0.1696204,0.7562531,0.1776079,0,0.01567721,0,1.447937,0.4679705,0.2476123,0.3196734,0,0.9739568,0,0,0.7468608,1.07719,0,0.2851057,0,0,0.2018754,0,0.1382158,0.5756289,0.04042117,0,0.7700897,0,1.531918,0.2086744,0.2519448,0.8835705,0.0184241,1.177223,0,0,0.2230523,0.8552443,0,0,1.303402,0.2923615,0.3133544,0.6766365,0,0,0,0.4927353,0,0,0,0,0,0.9005808,0,0.6479033,0,0,0.9724452,0,0.3655608,0.8138909,0,0,0.8260174,0,0,1.210168,0,0,0.8727259,0,0.4577429,0.4919434,0,0.4663136,0,0,1.425231,0.8901373,0.3015626,0,0,0,0,0.7538841,0.7645479,0,0,0.2823811,0,1.45857,0.4127453,0,0.0133952,0.4693047,0.6884831,0,0,0,0,0,0,0.3693757,0,0,0.7018609,0,0.2404335,0,0,0,0,0.6974879,1.27455,0,0,0,0.8755144,0.8140433,0,0,0,0,0,0,1.257711,0,1.39865,0.9173294,0,0.6974819,0,0,0.256661,0.7418978,0,0.9386528,0.8386739,0.1088434,0.2705905,1.327286,0,0.6668391,0,0,0,0.4036426,0,0,0.09987315,0,0,1.070692,0.4194442,0.4600932,0.04157253,0.1952202,0.8061063,0.06812174,0,0,0,0.5104054,0.4447684,0.6478817,0.3463565,0,0.9855551,0.7093288,0.6062276,0,0,0.8371433,0,0.2319434,0,0,0,0,0.1999366,0,0.6046986,0.2952003,0.6173828,0,0.1592523,1.038807,0.5030418,0.1283279,0,2.018828,0,0.0943023,0,0.1082239,1.123615,0.5872342,0.6233704,0,0.01516129,0,0.9859418,0,0,0,0.8515626,0.5360322,0,0,0.9118663,1.132516,0.2925287,0,0.588375,0,0,0,0.3394149,0,0,0.3596936,0,0,0,0.4154831,0,0.1496888,0.2520313,0.2861194,0,0,0,0.6737118,0,0.6811328,0.5614116,0.2633312,0,0,0,0,0.3272442,0,0.13219,0.8967003,0.05155479,0.4749527,0,0.6241966,1.009912,1.337279,0,0,0.03987426,0,0,0.2491285,0,0.4058014,0.5004454,0.05262537,0.2065809,0,0,0.6860969,0.6271385,0.1251624,1.511203,0.8260553,0.8127396,0.003797181,0.005700025,0,0.03532555,0.3894028,2.313221,0,0,0,0,0.8911939,0.6820762,0.42104,0,0.9218138,0.08265559,0.04745325,0.07679173,0,0,0.467512,0,0.2652214,0.22856,0.3582482,0,0,0.6625075,0.3094845,0,1.071244,0.1343663,0.7257444,0,0.641937,0.05702431,0.2632624,0,0,0.4302217,0.7447956,0,0.8747163,0.5415377,0.06194382,0.2894357,0,0.3172692,0.1628299,0.007163289,0,0.4926067,0,0,1.070614,1.965779,0,0.5475122,0,0,0,0,1.046563,0,0.008264712,0.05796155,0.9430186,0.2140547,0,0.5043697,0,0.02711883,0,0.3047015,0.9622473,0,1.607184,0.2272741,0,0.6067823,0,0,0,0,0,0.4163322,1.660912,0.2710763,0,0,0,0,0,0.2589769,0,0.1296961,0,1.368479,0.07400697,0.02308885,0.9261132,0,0,0,0.8043458,0.7152165,0.1794584,0,0.7956154,0.2037709,0.06011549,0,0,0,0.3698505,0,0.5341899,0,0,0.6274466,0,0,0,0,0.3254166,0.666478,0,0.1383444,0,0,0.155248,0,0,0,0,0,0,0,0.1375986,0.2820109,0.9386741,0.1963018,0.2712161,0.864307,0.02849624,0,0,1.010378,0.1270297,0.4390439,0.5729855,0,0.02840703,0,0.2632734,0,1.058973,0,0.7569308,0,0,1.899887,0,0.833913,0.5543978,1.723678,0.4540787,0.5839044,0.1670213,0.4765361,0.7611674,0.2244738,1.026996,0.338792,0,0,0.6878746,0,0.01957255,0,0,0,1.256516,0,0,0,0,0.3125142,
0,0.602937,1.121378,0,0,0,0,0,0,0,0,0.01846476,0.4933069,0,0,0,0,0.194046,1.017036,0.03148655,0,0,0.1628828,0.293974,0,0.9171268,0.9397591,0.1303159,0,0.7817273,0,0.438335,0,0.228909,0.2313631,0,0.3699713,0,0,0.9393816,0,0,0,0,0,1.134195,0.9490864,0.1797666,0,0,0,0.2615706,0,0.4051437,0,0,0,1.223889,0,0,0,0,0,0,0.7015671,0,0,0,0,0.9286796,1.356496,0,0,0,0,0.7531812,0,0.4369643,0,0.1534309,0,0,0.5292391,0,0,0.3089963,0,0,0.6833963,0.8829448,0,0,0.6551223,0,0.06961936,0.5667858,0,1.647789,0,0.1913936,0.3457627,1.914294,0.9133392,0.04518686,0,0.7669074,0,1.819866,0.2859769,0,0,0.1256155,0,0,1.779013,0,0.9832899,0,0.1644864,0.1746748,0,0,0.4773799,1.226711,0.3311611,0.8826433,0,0,0.400723,0,0,1.284849,2.524719,0.0023255,0,0.2006835,1.263161,1.000143,0,0,0,0,0,0,0,0.6773303,0,0.5141298,0.2421898,0.4988761,0.03482505,0,0.2242829,0,0,0.08653267,0.02609542,0,0.6728889,0.05563946,0,0.8228945,0.5284517,0,0.3662753,0,0,0,0.3964656,0.5034709,0,0.5893496,0.9908382,0.278875,0,0.2704163,0.9816619,1.027565,0.2873486,0.03380509,0.04619353,0.1977325,1.400788,0.1142697,0,0,0.1719032,0,0.02560712,0,0,0,0,0,0,0,0.1984658,0.04875325,0.7966336,0.09229464,0.0653441,0.4059817,0,0,0.5759621,0.7950998,0,0,0.211354,0,0.5375988,0.2130771,0,0,0,0,0,0,0.9511321,0,0,0,0,0,0,0.6233798,0,0.2720951,0,0.2218548,0,0.205619,0,0,0.3356489,0.8871984,0,0,0.5003894,0.3066182,0.206442,0.270642,1.237708,0,0.4610991,0.3076312,1.459574,0.4682559,0.3121872,0,0.5060657,0.7947088,0,0.2162546,0,1.074057,0.7018164,0,0,0,0.2719434,0,0.1349143,0.2126095,0,0,0,0.01026514,0,0,0,0.0313878,0.220062,0,0,0.1389334,0.1594733,0,0,0,0,0.4533104,0.1761893,0.3328627,0.1928706,0.2629508,0,0,0,0.2642187,0,0,0.4226767,0,0,0,0.1968494,0,0.2016383,0,0,0,0,0,0,0,0,0,0,0,0,0,0.2990364,1.239177,0,0,0,0,0.9907718,0.5563914,0,0.5628543,0,0,0.3691556,1.201441,0.7859716,1.449602,0,0,0,0.397799,0,0,0,0.6445344,0,0,0,0,0,0,0.238376,0.2129371,0.2955593,0,0,0.5906503,0.4623646,0,0.8238867,0.5870991,0.635271,0.6596166,0,0,0.710619,0.4254616,0,0,0.06046064,0.3588934,0.0388611,0.7387028,1.588207,1.155708,0,0,0.6891175,0,0.3418487,0,0,0.2882059,0,0.21992,0,0,0,0,0.5740634,0,0.4121803,1.12376,1.327087,0.1182594,0,0,0.6350967,1.354735,0.02765929,0,0,0,0.02398403,0,0.4470151,1.116475,0.5980027,0.6108057,0.3500659,1.616889,0,1.669247,0.4581163,0.8420033,0.08239349,0,0,0,0.3199965,0,0,0.1851384,0.3517179,0,0,0,1.387673,1.735363,0,0,0,0,0.4377905,0.5127319,0,0.1379607,0.04521915,0.2940914,0,0.4563169,0,0,0.6757073,0,1.038291,0,0,0.3613228,0.4936601,1.361099,0,0.4178504,0,1.133381,0,0,0.3257712,0,0.002397255,0,0,0.9969993,0.3968834,0,0,1.422099,0,0,0,0,0.2875386,0.5540996,0,0,0,1.115452,1.476122,0,1.082698,0.1031106,0.675621,0.5459202,0,0.2983927,0,0,0.4663413,0,0.498363,0,0.5568194,0,0,0,1.439944,0.5289433,1.51137,0,0,0,0.05608963,0.8617345,0.4517612,0,0.6059059,0,1.720334,0,0.8263913,0.4611484,0.8562195,0.6308569,0,0,0,0,1.295774,0.234983,0,0,0,0.7930692,0.4748558,1.016824,0.376274,0,1.489957,0,0,0.02706193,0.7652711,0.1113564,0.382861,0,0.8307906,0.5946227,1.609672,0,0,0,0,0,0,0,0.2929348,0,1.118659,0.2350115,0.6411692,0,0.3881297,0,0.1583195,0,0.3494695,0,0,0,0.8265997,0.4960701,3.081623,0,0.03247817,0,0,0,1.429699,0.4029651,0,0.5768386,1.372148,0,0,0.02167326,0.754984,0.1850706,0.2889176,1.157388,
0,0,0,0,0.2896041,0,0,0.5888301,0.4949336,0.8769583,0,0.146891,0.6102975,1.401315,0,0.6048112,0,0,1.196947,0.4675887,0,0,0.8288309,0,0,0,0.6128416,0.02073198,0,0,0.003144597,0.2568014,0.4282821,0.6417138,0,0.5796164,1.045734,0.01312741,0.009397189,0,0.4319818,1.038889,1.269342,0,0.01384928,0,0.1676972,0,0.8829436,0.8055806,0,0.2160589,0.00220643,0,0.4486986,0.1741147,0,0.09290436,0,0,0.4041196,0.06506486,0,1.439606,0.628467,0.5208036,0,0.5026591,1.030141,0,0,1.590474,0.2558237,0,0,0.4241173,0,0,0.2201348,0.2145251,0,0,0,0,1.022018,0.1197397,0,0,0.3017201,0.3412647,0,0.06865475,0.568817,0.225702,0,0.3216435,0,1.242256,0.2679026,0,0,0,0.7011847,1.105763,0,0,0.1250784,0.6330334,0.8157255,1.506131,0.2967536,0,0.1634548,0,0,0.4511436,0.002275142,2.196175,0,0.1412158,0.5996779,0.1436757,0,0,1.272513,0,0,0,1.42689,0.884773,0,0,0,0,0,0.237037,0,0.07105351,1.473509,0.5946718,0,0,0,0.1566788,0.5545153,0,0.06742723,0,0,0,0,0,0,0,0,0,0,0.23514,1.078249,0,0,0.51944,0.9447538,0,0.7824507,1.054447,0,0.2474323,0,0.03152741,0,0.2795469,0.7011349,0,0,0,0,0,0,0,0,0.4971692,0.2206629,0.03207188,0,0,1.774001,0.6487179,0.06046577,0,0.9713191,0.194574,0.5548649,0,0,1.194119,0,0,1.472118,0,0,0,0.5009048,1.00593,0,0,0,0.8816277,0,0,0,0.1017641,0,1.005133,0.3303961,0,0,0.5026224,0.07996332,0,0,1.102733,0,0,0.542446,0.3076096,0,0,0.3080924,0,0.03216267,0,0.03267445,0.1120718,0,0.5333872,0,0.03342496,0.6207782,1.436582,0.3111714,0.1395622,1.712799,0,0,0.03540866,0.4016873,0,0.3931501,0,0,0.08930439,0,0,1.154605,0.01523092,0.7475252,0,0.3095776,0,0.1511827,0.2304277,0.3877606,0,0.6026735,0.6177911,0,0,0,0.4697172,0,0.5744916,0.2070253,0,0,0.5479152,0,0.8492512,0,0.9622481,0.3102964,0.2853989,0.4074357,0,0,0,0,0.3158401,0.05615444,0.1272323,0.1785368,0,0.2401127,0.3057922,0,0.03195705,0,0.7049883,0,0,0.5948597,0.3611429,0,0,0.5612962,1.228075,0,0.361383,0.5796409,0,0.07272098,1.988172,0,0.3905568,0,1.496601,0.5100444,1.554309,0,0.08438182,0,1.009679,0.1441193,2.05315,0,0,0.4203979,0.8475835,0,0.5808333,1.207807,1.074793,0,0.03132406,0,0,0,0,0,0,0,0,0,0,0.7252575,0.2668644,0,0,0.2960882,1.196195,0,0.5124804,0.5486215,0,0,0,0.3920886,0.2126556,0,0.9716072,1.031934,0,0,1.387969,0,0,0.07870609,0,0.2395694,0,0.4329349,0.1065089,0,0.6871947,0,0.8372403,0.1062716,0,0.2589755,0,0,0.5014924,0,0.7816722,0.1808475,0,1.007829,0,0.414783,0,0.3796827,0.07020622,0,0.3482693,0.6998024,0,0,0,0,0.08401693,0.6457465,0,0.1824708,0.2774524,0,0.1135296,0.08622777,0.4773181,0.2707335,0,0,0,0,0,0.6021328,0.7560264,0.2944014,0.7345108,0.9465634,0.8626027,0,0.171796,1.24694,0.02317722,0.2611206,0,0.9677857,0,0,0.3488925,0,0.1181593,0.4296895,0.6040434,1.094128,0.09191675,0.1144022,0,0,0,0,1.231846,1.232901,0.6594725,0,0,0,0,0.3900003,0,0,0,0,0.4597567,0,0.9043832,0,0,0.668261,0,0.2974058,0.615754,0.3233684,0,0.9923757,0.1277876,0,0.6815692,0.1554459,0,0,0,0,0,0.9786854,0,0.2513488,1.945245,0,0.8111106,0.7330474,0,0,0,1.721551,0,0,0,0,0,1.482226,0.8877382,0.04516229,0,0,0,1.10154,0.01983416,0.07581634,0,0,0,0.9180455,0,0,0.3742286,0.4163575,0.2601433,0,0,0,1.151345,0.1593127,0.4716962,1.523112,0.1936616,0.03030387,0,0,1.322704,0,0.4137359,0.8880862,1.324996,0.01131072,0.4913229,0.3994678,0,0.1607151,0.6299958,0.5136642,0.3451017,0.7443851,2.059891,0,0,0.5776521,0,0.3969221,0,0,1.073784,0.74622,0.7502114,0.3150922,0,0.4837784,0.1509434,1.448116,1.056674,0,0,0,0.5343417,0,0,0.5547796,0.05148043,0.757955,0,0,0,0,0,0.7393669,0.2062378,0,0,1.628988,0.350721,
0.1520587,0.795571,0.1480291,0.6188681,0,0.753969,0,0.2884035,0,0,0,0.1940955,0,0.953397,0,0,0.3649987,0,0,0.1460465,0.8840399,0,0,0.9962928,0.3718663,0.575935,0,0,0.08425362,0.6674139,0,0.3962367,0.5152197,0.3327188,0.4182809,0.6478096,0.06061038,0,0.8198834,0.3681823,0,0.8723577,0.02896033,0,0,1.14812,0.2794825,1.04524,0.1841626,0.04712269,0,0,0,0,0.3182201,0.6601509,1.002154,0,0.2074043,0,0.5636669,0.3275838,0,0.06540982,0,1.925991,0,0.640723,1.110858,0.3553776,0,0.8386319,0,0.9675859,0.5092561,0.7019207,0.1675207,0,0.3578213,0.7360032,0,0.3657708,0,0,0,0.4121459,0,0,0.6619055,0,0,0,0.4170041,0.3446367,0,0.4282916,0,0,0,0,0,0,0.8265169,0,0.2936189,0.1823338,0.9087238,0.4252372,2.053437,0,0,0.2669424,0.1561951,0.5874469,0,0,0.5716595,0.0315916,0,0,0,0.8609588,0,0.1357665,0,0.03120466,0.02548276,0,0,0.9291009,0,0,0,1.997934,0,0.06397038,0.8927872,1.538072,0,0,0,0,0.6877023,0.5082045,0,0,0,0,0,1.238329,0,0,0.01827746,0.06641583,0,0,0.7513614,0,0.3284245,0,0,0,0,0.179494,1.024372,0,0,0.4195041,0,0,0.5544695,1.673705,1.162929,0,0,0,0.4939725,0,0.2529505,0,0.3381012,0.592901,0.6357226,0,0,0,0.06139862,0,0.5747852,0.4434471,0.2187741,0.6912553,0,1.209487,0,0,0,0,0,0,0,0.1012061,0,0.2180873,0,0.9860524,0.8688102,1.211462,0.3451637,0.3676546,0,0.8063956,0,0.6384212,0.7218052,0.09674533,0.2619722,0.04279298,0.8114528,0,0,0,0.07715578,1.010437,0.6858717,0.355948,0.5728101,0.4399954,0.7132494,0.02820988,0,0,0,0.4535399,0,0.1342309,0.1026615,0,0.4572622,0,0.09147186,0.6962444,0.06217423,0.4014353,0,0.3399728,0,0.1978585,0.4118427,0.5826095,0.1836148,0.07542905,1.187919,0,0,0,0.4368303,0,0.005565631,0.2559556,0.5840766,0,0.2776863,0.6849806,0.1245976,0.6973972,0,0.0323865,1.043344,0.1479882,1.495024,0.3036984,1.552316,0,0.03134227,0.4944717,0.5884136,0,0,0,0.2996125,0,0.9159095,0.3139804,0,0.2475934,0,0,1.357263,0,0.8984531,0.8715634,0,0.8702795,0,0.3194151,0,0,0.9978029,0,0.2875197,0.3479895,0,0.2018259,0,0,0,0.1216466,0,0.6098673,0.8024919,0,0,0,0,0,0.1260573,0,0.4539947,0,1.51284,0.7173487,0,0,0,0.8826252,0,0,0,0,0.6040629,0.5078798,0.7242318,0.6751433,0.008178746,0,0.9566062,0,0.5562958,0,0.5271764,0.03039956,0,0,0.1663875,0,0.3765356,0,0.6390038,0.1959746,0,0,0.2898452,0,0,0.03515165,0,0.724118,0,0.121336,0.7717127,0,0,0,0.734574,0,0,0,0,0,1.394602,1.371802,0,0.04110813,1.536096,0.2554671,0,0.2990581,0,0,0.02267209,0,1.129917,0.2566677,0,1.144101,0.3389593,0,1.125414,0,0.7200611,1.487393,0,0.03032768,0,0.4728533,0.5875924,0,0,0,0,0,1.717099,0,0.4840871,0.553271,0.2463495,1.931959,0,0,0.6833252,0.1070499,1.064427,0,0.2105197,0,0,0,0.7258213,0.9739296,0.6062551,0.27077,0,1.393365,0,0.1935399,1.146604,0,0.1048737,0.5541438,0,0.6967446,0,0.2381793,0.990588,0,0,0.3467749,0.09078059,0.192432,0.7846223,0.180441,0,0.129334,0,0.731719,0.05998218,0.1612318,0,0.1139978,0.5492045,0.3305967,1.166683,0,0.8104912,0.3937189,0,0.5144115,0,0,0,0,0,1.038571,0.4102333,0.6163059,0,0.5165161,0.907821,0.04721653,0.3413738,0.003713213,0,0,0.064193,0,0,1.038617,0,0,1.32536,1.449058,0.3158465,0,0,0.04653907,0,0.6541895,0.6419159,0.2649289,0,0.03599898,0.1808586,0,0.2774473,0,0.1111919,0,0,0.5437583,0,0.7731411,0.09179857,0.8157766,0.417318,0.6801337,0,0,0.5323818,0,1.056193,0.4447162,0.4525535,0.3505411,0.08700642,0.05087731,0.4454386,0,0.6384889,1.420361,0.8200258,0,0.6463838,1.093153,0.791647,0,0.9176039,0.3747118,0,0,0.5806828,0,0.3959377,0.1608271,0.4694102,0.5547515,0,0,0.3761695,0.8655811,0,0.7791165,0.1160044,0,0,0,0,0.6658206,0.1341435,0.3279436,0,1.136482,0.3241436,0,0,0.01136461,1.577397,0,0,0,0,0.125449,0.6509973,0.8852158,0.9929206,0.1914448,0,0,0.4247203,0,
0,0,0.457606,0.1019296,0.5231133,0,0,0.2196173,0.2007072,0,0,0,1.303449,0,0,1.712654,0.009534892,0.3396418,0,0.08281079,0.7933605,0,1.259739,0,0.9799235,0,0,1.062215,0,0,0.8643028,0,1.284482,0.9061007,0,0.1862169,1.424816,0.3021129,0.3163072,0.6962693,0.137434,0,0,0,0.7873502,1.469679,0,0,0.190592,0.4747114,0.360212,0.2698663,0.04291166,0,0.2549642,0.5286805,0,0.7784697,0,0.9847192,0.9585291,0,0.1063467,1.078114,0,0,0.1618648,0,0,0,1.843183,0,0.2425262,1.296329,0,0,1.149427,0.05610448,0.08537503,0,0,0.6077985,0.2736085,0.7222531,0.2307544,0,0,0.8369063,0,0.6391647,0.2336094,0.7268271,0,0.2736954,0.2536328,0,0.21826,1.490313,1.315957,0,0.3745276,0,0,1.359931,0.08676779,0.3257947,0.3240266,0.5018126,0.5850755,0.02196056,0.002180522,0,1.465011,0,0,0.1664691,0.5605371,0,0,0,0.2490382,0.2858269,0.7351286,0,0.592442,1.35741,0,0.3290175,0,0.1697922,0,1.151186,0,0,1.949582,0.1075262,0,0.260844,0.1925698,0,0.4103164,0.833737,1.794302,0.3733095,0.04219256,0,0,0,0,0,0.1501256,0,0.1737369,0.3225923,0,0.3318073,0.423931,0,0.7323549,0,0,0.9764948,0.4830624,1.395185,0.1748215,0.4860692,0,0.1233989,0,0.9468307,0,0.6429023,0.01164313,0.5653841,0,0,0,0,0.311973,0,0,0,0,0.8647164,0.01445119,0.2814802,0.2415905,0,0,1.027061,0.300511,0.7091449,0,0,0,0,0,0,0.8145711,0.1689322,0.2803061,1.553253,0.4576783,0,0,0,0,0,0,1.645537,0,0,1.111586,0.9269984,1.06734,0.102428,0.4046313,0,0,0.9203369,0.121936,0,0.6277652,0.3163681,0,0.1545616,0,0.4502534,0,0,0.2054163,0.2745987,0.8008368,0,0,0.1896158,0,0.5221853,0.2800197,0.8714296,0,0,0,0.6934348,0.816832,0.1522702,0.4629131,0,0,0.2046922,0,0,0,1.200366,0,0,0.3572273,0,0,1.730874,0,0,0,0,0,0,0.153748,0.5433685,0.08717771,0,0,0,0,0.3505557,0,0.4166622,0.4090723,0.6857586,0,0.06664515,0.4072184,1.275602,0.6386549,0.4644135,0.01573937,0,0.04605502,0,0.4428717,0,0.2942605,0,1.012329,0.04843175,0,0.4598735,0,0.1827112,0.8891971,0,0,0,0,1.12386,1.127882,0,0.2728683,0.4290209,0.9251209,0.58898,0.267652,0.9081609,0,1.406417,0,0.4258197,0.1066554,0,0,0.002623146,0,0,0.1473059,0.9057751,0,0.3480424,0.4271111,0.06113999,0.7908882,0,0,0,0,0,0,0,0.6251209,0.109633,0,0,0.9948252,0,1.062833,0.3410441,0,0.9174309,0,1.239307,0.9657618,0.1336959,0.07264737,0,0.3874165,0,1.250205,0,1.141833,0,0,1.070307,0.181899,0,1.194694,0,0.9988654,0.9351481,0.8183278,0,0.1626934,0.7536076,0,0,0,0,0,0.3182061,0.05611894,0,0.4393583,0.06198701,1.119456,1.077761,0.9628142,0.08457918,0,0,0.1011882,0,0,0.5984258,0.06126344,1.115707,0,0,0,0.09804697,0,0.3843443,0.4288954,0,0,0,0.6781413,0.6789054,0,0,0,0,1.564605,0.3294793,0,0,0,0.2971016,0,0.7442731,0.2377768,0.2468157,0,0,1.466813,0,0,1.107405,0,0.3442633,0,0,0.6628697,0,0,0.211498,0.5481227,0,0.9071939,0.08368015,0.5271514,0,1.405284,0,0,0.343456,0,0.1479724,0.8196099,0.4565714,0.3334081,0,0.06733704,0.1320034,0,0.2874956,0.6443212,0,0.2159911,0,1.910313,0,0.9947895,0.07384982,1.381264,0.4104986,0.4393587,0,0.2854119,0,0.02897725,0,0,0,1.273831,0,0.9763489,0.8262932,0.6343653,0,0.3283241,0,1.614852,0,0.6505786,0,0,0,0,0,0,1.010929,0.3813201,0.362889,0.3963058,0,1.153887,0.2684493,0.4299944,0,0,0.286289,0.509436,0.7903958,0.807305,0,0,0.5374468,0,0.1665124,0,0,0,0.3536247,0.6664041,0.3088542,0.1050073,0.543789,0,0.4816324,1.457849,0.3581889,0,0.386675,0,0,0,0,0,0.1473347,1.451115,2.432099,0.5058088,0,0,0.01994725,0,0.08418025,0,0.5806652,0.8748389,0,0,0.1797571,0,0.3657112,0.6276492,0,0,0,0.4222266,0,0,0,0,1.813028,0,0,0,0,1.078531,0.1521717,1.103212,1.096722,0.3062006,0.2461868,0.9094746,0.4957083,0,0,0,0.854499,0.7799867,0.7237654,
1.230893,0,0,0,0.1684665,0,0,0.3500379,0,0,0.1333801,0.1793332,0.485407,1.332905,0,0.3817661,0,0.5012167,0,0.7360751,0,0.1947299,0.0569472,1.79935,0,0.2275526,0,1.008461,0.6135063,0,0.5380288,0,0.1036817,0,0,1.056777,0,0,0,2.252701,0,0.272604,0,0,0,0,0,1.393857,0,0.09924822,1.233978,0,0.1398622,0,0.08592765,0.6741337,0,0.2991759,0.2674454,0,0,0.8780471,0.4741784,0.7032959,0,0.8487448,1.625646,0,0.26872,0.431892,0,0,0.6810542,0.4055125,0.4976814,0.4780528,0.5555028,1.130633,0.7255265,0,0.1757192,0.1953882,0.244055,0,0.7902922,0,0.2027983,1.074749,0,0,0.440295,0,1.316595,0,0,0.1477656,0,0,0,0,0,0.3830844,0.4490641,1.022144,0.5036246,0,0,0,0,0,0.5478119,0,0,0,0,0.2605248,0,0.1730803,1.41337,0,0,0,0,0,0.5813294,0,0,1.566858,0,1.01654,0,0.9480419,0,0.6789997,0,0,0,0,0,0.403936,0.1908688,0,0,0,0.6306416,0,0.6961154,0,0.2207966,0.158007,0,0,0.4272757,0,0.08917181,0.1808761,0.1414242,0.4996546,0.7858655,0,2.164086,0,0.1241746,0,0.5444538,0.8335569,0,0.613841,0,0,0.428799,0,0.7660772,0.02534696,0,0,0,0,0,0,0,0.3179927,0.8222355,0,0.04061665,0.05365195,0.2696197,0.4796017,0,0,0,0.1250194,0.03320127,0,1.714481,0,0.4115209,0,0.5354732,0,0.971059,2.304561,0.5412943,1.246855,0,0,0.66524,0,0.5065463,0.2739465,0,0,0,0.7991715,1.011774,0.7407964,0,0.2527618,0.4555331,0.002179915,0.7405068,0,0,0.6438295,1.047184,0,0,0.8319607,0,0,0.9060271,0.9441149,0,0,0,1.679187,0,0,0.9442593,0.4816832,0.216631,0.6005654,0,0.1487292,0,0,0.03085699,0.3198894,1.744427,0.3198654,0.09055856,0,0.2840483,0,0,0.1262645,0.3167167,0,0,0,0.6932707,0,0,1.026966,1.210089,0.5910217,0,0,0.9158047,0,0,0,1.575918,0.4267096,0,0,0.325782,0.5281226,0,0,0.336097,0,0,0.3624911,0.01621052,0.009347953,0.2885471,0,0.5272409,0.2646007,0,0,0,1.270626,0,0.3071606,0,0.3560227,1.038861,0,0,0,0,1.341509,0,0.002235859,0.1726926,0.4623917,0.1481447,0,0,0,0,1.226883,0,0.2418506,0.529775,0,0,0,0,0.05883753,0.6711175,0.7435074,0,0.1638489,0.7688496,0,0,0,0,0,0.03981651,0.3447631,0.02013457,1.109223,0,0,0.2195518,0.01403568,1.736836,0,0.6782973,0.3052966,0.1172231,0.02664581,0,0,0,0,0,0.4639033,0,0.3029296,0.3381929,0.06461142,0,0,0.491723,0.3073278,0.2174375,1.088662,0.6120453,0,0,0,0.6448953,0,0,0,1.144853,0,0.5683372,0,0,0,0.6539733,0.4994823,0,0.1443014,0.1662642,1.063563,0,0,1.278186,0,0,0,0.8319507,0,0,0,0,0,0,0.3172812,0,0,0,0,0.1963068,0,0.1768124,0.07472683,0.4564982,0,0,0,1.153901,0.4241585,0.06151311,0.01052376,0,0,0.1888349,0,0.840222,0,0.8808391,0.9753215,0.3035417,0,0,0.7291285,0,0,0,0.8528389,0,0,0,0.6713129,0,0,0,0,0,0.3290732,0.6385502,0,0,0,0.7230766,1.778059,0.2651404,0,0.05489829,0,0.007654508,0.6626035,0,0.7252402,0.2433924,0.4252521,0.8412464,0.7676043,0,0,0.7208269,1.222784,0,0,0.613623,0,0.1687428,0,0,0.5367404,0.2353081,1.558644,0.3239738,1.230623,0,0.05660859,0.3310707,0.5791123,1.438241,0.9926586,0.719542,0,0,0,0,0,0,2.344326,0,1.202706,0,0,0,0,0,0.369252,0.05926263,0.6146104,0.5856715,1.231905,1.153471,0.2033685,0,0.01383257,0,0.1436836,0,0,0.422201,0.102204,1.002956,0,1.104941,0.1324133,0,0,0,0,0.6001127,0,0,0.9915036,0,0.6709759,0.2072,1.503354,0,0,1.929491,0.5408691,0,0.5246304,0,0,0.223264,0,0.9579501,0,0,0.07614458,0,0,0.638752,0.4560213,0,0,0,0.6229101,0,0,0,0,0,0,0.8725759,0,0,0,0.8467324,0,0.1838596,0.2208949,0.2289726,0,0,0,0.3998305,0,0.1864741,1.008626,1.355857,0,
0.4050243,0,0.04539327,0.8866941,0.5796147,0.1423644,0.2423325,0.7084468,0.8815832,0,0,0,0,0,0,0.492051,0.002696919,0.892033,2.50073,0,0.9375107,0.1287958,0.4166114,0,0.07682103,0,0,0,0,0.5934176,0.434984,0,0.08153738,0.1422657,0.1099825,1.071229,0.005658542,0,0.608606,0.4099532,1.126312,0,0.6578456,0.05049251,0,0.9790037,0,0,0,0,0,0.5403849,0,0.3745044,0.6923367,0.1627907,0.03014965,0,0,0,1.036718,0,0,1.030951,1.883036,0.05122751,0.3067407,0,0.1517452,0.5599542,0,0.4232272,0.3382066,0.0969826,0,0.559945,0,0.8042723,0.4897667,0.1157946,0,0,0,0.337806,0,1.144436,2.405164,0,0.8795226,0,0,0.8581774,0,0,0,0.469596,0,1.076125,0.0230179,0,0.4325912,0,0,0,0,0,1.463321,0.2019539,0.3388216,0.5295328,0,0,0,0,0,0.4880877,0.9089133,0.1140728,0.4895934,0,0,0.03676345,0,0,0,0,0.5672457,0,0,0.3458982,0.5564088,0.6878707,0.1415045,0,0,0.7086509,0.6745964,0.655905,0,0,0,1.405714,0,0,0.8520387,0.5371207,0,0,0,0.4733561,0,1.895499,0,1.065904,0.6854544,0,0,0,1.706477,0.2458784,0,0.4840256,0.2387917,0,0,0.7902511,0.09524454,0,0.1077965,0,0.3066925,0,0,0,0,0,0.374113,0,0.394391,0,0,0.6525497,0.3659097,0,0,0,0.1829504,0.2831267,0,1.49972,0.7429945,0.2969485,0.5555841,0.5624504,0,0,0.2420289,0,0,0.5844115,0.9894947,0,0,0.346717,0.8307783,0,0.5807285,0.008353217,0.452396,0,0,0.834248,0.3659437,0,0.06257978,0,0.2008196,0,0,0,0,0,0,1.395798,0.8789321,0.6202725,0,0,1.408754,0.08973044,0,0,0,0,0.4288276,0,0,0,0,1.241221,0.2379003,0.232048,0,0,0,0.6023961,0,0,0.5079798,0,0.1334496,0,0.1513174,0.8357258,0,0,0,0.6340803,0.5528076,0,0.7953035,0.5071236,1.511518,1.18691,0,1.154278,0.02764101,1.039949,1.337408,0.4998344,0.8488957,1.659173,1.021347,0.2406648,0.7135505,0,0,0,0.3521052,0,0.497023,0.1860415,0,0.8435338,1.193286,0.3978252,0.2448664,0,0.384719,0,0,0,0,0,0.100165,0,0,0.553781,0.140421,0,0,0,1.592049,0.9188902,0.1006622,0,1.389299,1.690936,0,1.007025,0,0.2973002,0,0.5027743,0.6098954,0,0,0,0.903517,0,0,0,0.6942105,0,1.281672,0,0,0.5964022,0.9878563,0,0.7029471,0,0,0,0.9261345,2.242095,0.3846998,0,0.3711404,0.9116963,0.7315414,0.01943951,0.008324734,0.4525226,0,0.4167964,0,0.5663088,0,0.04076423,0,0.6501766,0,0,0,0.03686468,0.1477987,0,0.05997391,0,0,0.923676,1.288662,0,0,0.8433539,0,0.38889,0,0,1.211836,0.283705,0.5874798,0,0,0,0,0.427419,0.08341458,0,0.4391967,0.3773125,0.3901473,0,0,0,0,0,0.5323058,0,1.278742,0,0,0.7971581,0,0.1981799,0,0,0.2965245,0.2776622,0,0.5550163,0.9148371,0,0,0.1984001,0.2651638,0,0,0,0,0,0,0,0,0,0,0,0.6263899,0,0.08518136,0.1990075,0,0.7011431,0,0,0,0.5298424,0.7947496,0.7771024,0.2131431,0.770381,1.93642,0.9679122,0.7332166,1.005812,0.5538342,0,0,0.3126754,0,0.3664415,0,0,0,0.4999504,0,0,0.8382832,0.03403223,0,0.8628595,0,0,0,0,0.1609103,0.1963483,0.8196475,0.2656175,0,0,0.3465407,0,0,0,1.395239,0,0,0.09419511,0,0.01915868,0.1607704,0,0,0,1.132676,0.3961296,0,0.4517145,0.6564099,0,0.5485817,0.5335262,0,0,0,0.1825648,1.113073,0.02933579,0,0.2847925,0,0.08615366,0,0.007364429,0,0.06443705,1.472472,0.4830436,0,0.2942058,0,0,0.5719846,0,0.05353123,0,0,0.8076003,0,0.3820055,0,0,0.8426229,0,0,0,0,0.04640319,0,0.002355313,0.3472482,0.7398735,1.223525,0.05219225,0,0,0,0.348132,0.1697024,0.3023933,0.7218034,0.6390252,0,1.101758,0,0.9276546,0,0.6883218,0,0.6136819,0.4928126,0.1762521,0,0,0,0.221513,0.2437931,0,0.8520014,0,0.9874498,0,0,0,0,0,0,0.547544,0.8492064,0,0.4168268,0,0,0,0,0,0,1.162463,
0.9827867,0.8977539,0.1860624,0,0,0,0.03848646,0,1.441106,0.9278237,0,0.4594191,0.0673011,0.6493669,0.7187338,1.441634,0.1462192,0,1.01763,0,0.4982193,0,0.751235,0.04819688,0,1.029752,0,0,1.122927,0,0,0.09617948,0.2515596,1.319043,0,0,0,0.01506236,0.5110188,0,0.918905,0.05059797,0.7940181,0,0,0.1347816,0,0,0,0.6937738,0.00280913,0,0,0,0.1365013,0,0,0,2.054322,0,0.09787776,0.7795664,0.6268187,0,0,0,0.1707873,0,0.2222416,0,0.5099165,1.359476,0.02666548,0.4751629,0,0.1290938,0.2765425,1.237901,2.14216,0,0,0.09040479,0.4433738,0,1.033354,1.705925,0,0.417319,0.2735926,0,0.0471303,0.2708424,0,1.420073,0.1418709,0.8774495,0,0.3576877,1.23538,1.2164,0.282415,0,0.2719693,0,0.5891499,0,1.154438,0,0,0,0.1603734,0.9234788,1.451561,0,0,1.78179,0,0,0,0,0.4059402,0,0,0,0.8076992,0.6776547,0,0,0.3670903,0,0,0,0,0.8394581,0.08696638,0,0,0,0.297803,0,0,0,0.1446487,0,0.8775545,0,0,0.5433658,0.6774521,0.3102011,0,0.4303407,0.4793296,0.2632563,0.2475207,0.7537211,0.1310127,0.8489596,0.004717108,0.5336526,0,0.4259664,1.218015,0.2276481,0,0,0,0,0.8471729,0.1647022,0.3449436,0,0,0,0.2338759,0,0.6709452,0,1.141665,0,0.1633565,0,0,0.579231,0,0.1460926,0,0,1.004681,0.3233803,0,0,0,1.263665,0,1.364357,0.3182249,0.1696151,0,0.1475129,0.4808252,0.005929255,0.6961589,0.521431,1.086643,0,0,0,1.012092,0,0.6259636,0.261135,0.03040064,0,0,0,0.9216245,0,0,0,0,0.7857902,0.02668072,0,0,0,1.140272,1.393446,0,0.2676054,0,1.463191,0,0,0,0,1.363408,0.3776752,0,1.315837,0,0.2329285,0,0,1.009923,0,0,0,0.1044373,0.2145144,0,0,2.362072,0.4486255,0,0,0,0.1843561,0,0,0.4742845,0.7339895,0,0.4564726,0.190821,0.09070083,0,0.9829531,1.201306,0,1.075095,0.3847131,0.1287917,0,0.5812619,1.132764,0.4549491,0,0,0,0,0,0.1253624,0,0,0.1082873,0.3312257,0,0.7612975,0,0.06975184,1.502391,0.2093583,0.6372321,0.2491587,0.367771,0,0,0,0,1.06939,0,0.3467937,0.3923773,0,0.9951588,0,0,0.01731491,0.08838232,0,0,0.08568105,0,0,0.9372215,2.192198,0,0.1331238,0.4299872,0.4842487,0,0.2453516,1.116348,0,0.6477521,0,0.3618816,0,0.3268115,0.352789,0.06022393,0.2258402,0,1.188172,0.5302311,0,1.213756,0.7560702,0,0.4882959,0,0.1142062,0.8247553,0.05450235,0.1066761,0,0,0,0.1599267,0,0.5139902,0.8971514,0.1717048,0,0,0,0,0.7607251,0,0,0,0,0.4769028,0.4953154,0.3563766,0.957246,0.1200298,0.3264063,0,0,0,0,0,0.7631128,0,0,0,0,0,0.3839485,1.507887,0,0.2774035,0,0.1245106,0.641708,0,0.6508775,0,0,0.8650491,0,0.4511995,0,1.415379,0.04606932,0,0,0.1306792,0,0.9897689,0,0,0.4017799,0.6138784,0,0,0.7087068,0,0.2056602,0,0,0,0.3894834,0,0,0.6931775,0,0.2371498,0,0,0,0.2263708,0,0.6596576,0,0.443103,0.7836723,0,1.375164,0,0,0,0.289599,0,0.8632264,0,0.06442892,0.8811325,0,0.1831929,0,0,0,0.5448827,0.4333158,0,0,0,0,0,0,0.8396124,1.108235,0,0,0,0.07016809,0.1888954,0,0.09885798,0,1.046621,0.3600556,0,0.6871744,1.270228,0,1.194463,0.409265,0.04749816,0.2106716,0,0.2366067,0,0.192585,0,1.497434,0.1894074,0,0,0.02603618,0,0.4108952,0.2016823,0,1.983886,1.186314,0.003333791,1.716416,0.3753544,0.3812785,0,0.8462899,0.1627294,0,0.4288768,0.002315816,0,0,0.2499776,0,0,0.2562243,0,0,0,0.6230221,0,0.7036504,0,2.409438,0,0,1.420871,0,0,0.467272,0.8183213,0,0.639827,0,0.1915725,0,0,0.9155798,0,1.430118,0.2011925,0,0.1447696,0.6400126,0.5489486,0.4658159,0.9119567,0,0.4586447,1.203025,0,0.02317207,0,0,1.196441,0,0,0.5422313,0,0,0,0,1.790231,0.6302168,0,0,0,0,1.351098,0.3737799,0,0.2853256,0,0.4336084,0,0.09863238,0.1963784,0,0,0,1.127655,
0,0,0.4191785,0,0,1.269148,1.525484,0.3138523,0.05314722,0,0.9845441,1.189435,0,0.4461002,0.6929282,0.3931954,0,0.08520962,1.313977,0,0,0,0.2204273,0.6590385,0,0.04134192,0.04148868,0,0,0.3581904,0,0.9943896,0,0,0,0.7396122,1.144247,0.4394986,0.624818,0,0,0.6638396,0.9699886,0.07352043,0.209992,0.9075322,0,1.060467,0.2051091,0,0.9055742,0.262582,0,0.7571933,0,0.1946631,0.5082938,0.5580775,0,0,1.18606,1.266753,0,0,1.03595,0.1340901,1.814832,0,0,1.0454,0,0.03782282,0.8125271,0,0.2319067,0.9140947,0.7600922,0.6960161,0.1312319,0.4777962,0,0,0.9979863,0,0,0,0,0.06063391,0.8989718,0,0,0,0,1.338254,0.1631232,0,0.1399288,0.1839155,0.6295869,1.006787,0.7751456,0,0.497685,0,0.180193,0,0,0,1.02181,0.1060017,0,0,0.09681706,0.6502649,0.04857358,0,0,0.3164186,0,0.6873972,0,0,0,0,1.499067,2.247745,1.376378,0.007745219,0,0,0,0.05782694,0,0.829447,0.8074787,0,0.1386385,0,0.6006337,0.2366124,1.365107,1.065189,0.2207617,0.1573748,0,0.0823425,0.9080926,0,0,1.576241,0,0.2194637,0,0,0.3348392,0,0.3936398,0,0.8425587,0,0,0,0,0.3282193,0.4550559,0.5686422,0.1117994,0,0,0,0,0,0.7516711,0.2609568,0.482455,1.420098,0,1.769309,0.5780847,0.2858431,1.090541,0,0,0,0.3746706,0.2383721,0,0,0,1.13722,0,0,0,0.01595599,0,1.760006,0,0.9381538,0,0,1.346623,0,0,0,0,0.5299113,0.1417343,0,0,0.4289537,0,0,0,1.184074,1.134812,0,0,1.063971,0,0,0,0.7642831,0,0,0.1555404,1.154541,0.1526244,0,0.339545,0.3076534,0.4981598,0,0,0,0,0,0,0.5576665,0.2780934,0.4862507,0,0.8134952,0,1.280083,0.1809897,0.1097333,0.09765673,0,0.1626315,0,0,0.178688,0,0,0,0,0.3849917,0,0.6212006,0.3385199,0,0.482432,0,0.4039191,0.1339543,0.3278833,0.7375184,0,0,0.406637,0,0,1.150663,0,0.5418396,0.8207884,0,0.3839233,0,1.441794,0,0,0.3035672,0,0,0,0,1.059427,0.5964384,1.507042,0.2085856,0,0.1214094,0.06167427,0.7433883,0,0,0,0.8113754,0,0,0,0.5490145,0.4559328,0,0.559871,0.9854903,0,0,0,0.8754237,0,0,0,1.287109,0.9351399,0,0.37694,0,0.2119761,0,0.04286343,0,0.1446138,0.1202299,0.5236767,1.114161,0.1690876,0,0,0.3373477,0.002470605,0,0,0.4481089,1.243529,0.246041,0.05443658,0.3357888,0.3952501,0,1.059265,0,0,0.2157336,0,0,0.6942886,0,0.2279853,0,0.2848639,0.2997766,0.4897716,0.1218417,0.1329949,0.03029992,1.586348,0,0.5332286,0.7210901,0.06038683,0,0.4465981,0.329357,0.9071158,0,0,0.6443434,0,0.01901249,0.3014704,0,1.689567,0,0,0,0,0,0,0.2481254,0.3196848,0.2871603,0,2.026272,0.3842027,0,0.9163762,0,0.6965887,0,0.218992,0.6923754,0,0,0.4649746,0.07668215,0,0.03857315,0,0.3794638,0.9503684,0,0.2248439,0,0,0,0,0.09359055,0.7733822,0,0.6854343,0.1352063,0.7985451,0.3239975,0.9384204,0.3103423,0,0,1.646121,0.6181262,0.7118515,0.6437122,0,0.6827672,0.3242882,1.047427,0.09105397,0.6216868,0,0.05432974,0.3746909,0,0.3982185,0.4900982,0,0,0,0.8700361,0.3028401,0,0,0,0,0,0.07329492,0,0,0,0.3260209,0,0,1.331273,0,0,0,0.6812527,0,0.7319118,0,0,0.1162341,0.1717059,0,0,1.205609,0,0,0,0,0,0,0,0,0.2326359,0,1.17371,0,0.2434106,0.03153376,0,0,0.9341587,0.5720658,0,0.2112166,0,0,0.7365905,0.4780287,0,0.3936023,0.4491817,0,0,0,0,0.4982654,0.2930121,0.9137087,0,0.7712184,0,0.2285946,1.088998,0,0.4157414,0,0.2903963,0,0.03155912,1.245095,0,0,0,0.4404478,0.3382137,0.7335536,0,1.004376,0,0,0.1008479,0.7279031,0,0,0,0,1.204792,0.1938313,0,0.8306283,1.135062,0.5708202,0.7679479,0.8819526,0,0,0,0.02099864,0.6179509,0,0.7345982,0.5958757,0,0.7114411,0,0,0,1.083139,0,0.2572966,0,0,0,0.04309682,0.2474485,1.165555,0,0,0.03561152,0,0,0.02702188,1.016079,0,0,0,0.432492,0,
0,0,0,0.1262062,0,0,0,0.9634576,1.202989,0,0.3732454,0.7203323,0,0,0,0.6971741,1.82843,0,0,0,0.9177296,0.8233768,0,0.2220334,1.140362,0,0,0,0,0,0,0.64668,0.08017342,0.166483,0,0,0,0,0.1028736,0,0.1454373,0,0,0.137287,0,0,0,0.5315179,0,0,0.3273937,0,0.02807405,0.5318902,0,0,1.04919,1.299118,0,0.9614756,0,0,0.1251781,0.4413411,0,0.5696166,0.357082,0,0,0,0,0.06359468,0,0,1.187678,0,0,0,0.8368639,0.7426282,0,0,0,0,0,0.07407241,0.9708707,0.1847356,0,0,0.3381422,0,0.1198057,1.306868,0.3523186,0,0,0.01983954,0.2118266,0.4119017,0.08159097,0.7414866,0,0,0.6912169,0,0,0,0,0,0,0,1.02731,0.5440294,0,0,0,0,0,0,0.9801372,1.079793,0.1733153,0.3897152,1.000275,0,0.4417816,0.3737141,0,0.4869291,0.5468211,0.005171682,0.1241997,0,0.4650103,0.1217457,0.1585852,0,0,0,0,0.165586,0,0,0.02764356,0.8194543,0.1699385,0.4823857,0,0,0.7714413,0,0.6828414,0.0117939,1.569877,0.5155675,0,0,0.09026856,0,0.7021067,0,0,0,0.3656243,0.7117922,0,0,0,0.3079919,0.8186261,0.3507609,0,0,0.01715584,0.8880806,0.8368803,0,0,1.021926,0,0,0,0.3039621,0.528168,0,0,0.3777118,0,1.086769,0,0,0.5420904,0.9938967,0.1477812,0.776011,0,0,0.09521159,0,0,0,0,0,0,0,0,0.6776899,0,0.1213367,0.2603547,0,1.399181,0,0,0,0.7622019,0,1.880057,1.502693,0,0,0,0,0.1480762,0,0.2170882,0,0,0.9984792,0,0,0.4836833,1.324026,0.2744132,0.2461308,0,0.5096594,0.2974907,0.6032566,0.156965,0,0.9389133,0.0205452,0,0,0.2870351,0,0.6853339,0,0.5830976,0.7178074,0,0.7696756,0.2150646,0.5293568,0.2137073,0.5218045,0.224237,0.8719634,0,0,0,0.07601501,0.8771384,0.7488685,0.1859497,0,0.4340819,0,1.720896,0,0.8239278,0,0,0,0.5767827,0.7728124,0.2910302,0,0,0.4367761,0,0.02558484,0,0,0,0,0,0.2654809,0,0,0.003000711,0,0,0.495189,0,0,0,0.3936153,0.0674241,0.2140691,0,0,0,0,0,0,0,0.0165371,0,0,0,0.002478158,0,0,1.324644,0,0.5372614,0,0.5323913,0,0,0,0.04527059,0.9061254,1.202648,0.1518441,1.153201,0,0.1047896,0.1154784,0,0.9955145,0,0.2187045,0.8463513,0,0,0.4143765,0,0.4457731,0.9144945,0.3800803,1.144993,0.9388066,0.6818228,2.548748,1.069956,0,0.3960441,0,0,0,0.3212558,2.013511,1.719162,0,0.3450827,0.4787517,0.05503964,0,0,0,0,0.409983,0,2.288478,0.261045,0.7117253,0.4106135,0.07988377,0.3216836,0,0,0.01283186,0,0,0,0,0,0,0.1140025,0.3095783,0,0.6428065,0,0.3252807,0.1696725,1.234348,0,0.5465922,1.48069,0.09355845,0,0.2761673,0,0,0.5381875,0.4621309,0.4839036,0.5293863,0.8723124,0,0,0,0,0.07549927,0.003316482,0.8142291,0,0.436588,0.1944861,0.4105231,1.323349,0.24237,0,0,0,1.221846,0.1008516,0,0,0,0,0,0,0.4915717,0,0.7574168,0.4669522,0,0.2102763,0.6748683,0.07491942,0,0,0.9354275,0.1785884,0,0,0,1.390395,0.3333735,0,0,0,0.1378662,0.1310015,0,0.0717751,0.6619063,0,0,0.9447677,0.08140308,0,0,0,0,0,0,0.1713318,0,0.06060581,1.070875,0.305325,0,0,1.08857,0.7342052,0.8321745,0,0,0,0,0,0,0.7412736,0,0,0.6820086,0.1879403,1.768397,0.7522798,1.431072,0.9230647,0.06210833,0.4182282,0.3477575,0,0.5731709,0,0.4650348,0.3724235,0,0,0.3803631,0,0,0.1103249,0,0,0.2392947,0.2816838,0.009395276,0,0.4393368,0.545138,0.4555686,0,0.43784,0.2366538,0.3623624,0,0.5984131,0.7397453,1.919798,0,0,0.1295383,0.6254207,0.8941006,0,0.3043126,0.1892028,0,0.4910572,0,0,0,0.4354102,0.6942806,0.9709486,1.509869,0.1832804,0,0,0,0,0,0.1856472,0,0.05920542,0.2653316,0,0,0.670792,0,0.2072905,1.329736,0,0,0.1561355,0,0,0.7258645,0.1517161,0,0,0.3293363,0,0.2108075,0,0.1906258,1.256909,0,0.4166351,0,0.7278625,
0.132437,0.7778239,0.7742498,0.2887319,0.8952904,1.394693,0,0,1.061406,0,1.358881,0,0.2441999,0,0.1630828,0.267746,0,0.3370973,1.097208,0,0,0,0,0.07969385,0.6733063,2.58162,0.9478859,0,0,1.294425,0,0,0,1.428726,0,0.7866628,0,0,2.868347,0,0.9063934,0,0.0486193,0.5496179,0,0,2.228377,0,0,0,0,0,0,0,0.04671205,0.2236588,0,0.544268,1.51817,0.1296812,0.05052255,0.1180976,0.5956344,0,0.3977253,0.1479288,0,0,0,0.03847776,0.6535836,0.4865641,0.394344,0,1.238676,0.1637318,0,0,0,1.481725,1.199445,0,0.2491599,0,0,0,0,1.110863,0.4986953,0,0,0,0.3842778,0.4092907,0.7411315,0,0.4363764,0,1.130812,0.06477366,0,0,0,0,1.73945,0,0,0.312592,0,0.1039318,0.7888197,0.355865,0.569529,0,1.070444,0,0.610253,0,0.6718263,0,0.1862406,0,0,1.720092,0,0,0,0.203939,0.9381717,0.2778,0.3576671,0,0.1234789,0.6675856,0.4740289,0.688787,0.4101303,0,0.6570935,0.3347053,0,0,0,0.7299974,0,0.312319,0.421756,0,0.5048528,0,0,0,0,0,0.1029066,1.373749,0,0.6217958,1.123956,0,0.07956202,0.00240391,0.6028698,0.8281681,0,1.520042,0,0,0,0,0.7959548,0,0.9061716,0,0.3846953,1.124557,0.5318176,0,1.014823,0,0,0,0.5969771,0,0,0,0,0.7462972,0,0.5312015,0.459663,0.4850163,0.4453357,0.2073261,1.612976,0,0,0,0.2155302,0,0,0,0,0.722458,0.3656667,0.06301041,0,0,0,0,0,0.9104251,0,0,1.499258,0,0,0,0,0,0,0,0,0,0,0,0,0,0,0,0.6301598,1.494918,0,0,0.9544149,1.788664,0.9409963,1.41683,0.6903775,0,1.357078,0.442098,0.5598231,0.7080365,0.002270438,0.4373186,0,0,0,0,0.9653088,0.506447,0,0,0,0,0,0.4297926,1.290168,0.280556,0.196493,0,0,0.6261929,0,0.3578649,0,0,0,0,0,0,0,0,0,0,0.1993357,0,1.347171,0.7827938,0.2964238,0.949174,0,0,0,0,0,0.1476886,0.1391309,0,0,0,0,0,0.3467955,0.151502,0.05171437,0,1.247095,0.8460161,0,0.1766788,0.7131616,0.3353479,0.4923773,0,0,0.8791799,0,1.118078,0,0.06350919,0.2188407,0,0.469653,0,0.1328795,0.3447317,0,0,0,0,0,0.3020745,0.7212585,0,0,0.06886198,0,0.03945642,0.3826523,0.594963,0,0.3550324,0,0,0,0,1.055532,0.3854418,0.7191486,1.043623,0,0,0.854848,0.3790869,0.5589103,0.002560171,0,0.4493831,0,0,1.105729,0.3215235,0.4132344,0.1202952,0,0.8932528,0.5827605,0,0.5458866,0.1195448,0.5974849,0.8522853,0,0,0.5379843,0.2960614,0.008702396,0.9220368,0.02197943,0.2114342,0.2374347,0.09714787,0.4786292,1.219032,0,0,0,1.505967,0.6801566,0.5307389,0,1.693257,1.085978,0,0.5724716,0.43348,0,0.1748772,0,0.03091782,0,0,0,0.303801,0,1.047487,0.6361563,0,0,0,0,0,0.7841936,0,0.008379295,0.1463885,0.76906,1.187557,0.4107837,0,0,0,0.3685555,0,0,0.2038283,0.328269,0.2762423,2.34238,0,0,0,0,0.5130951,0,0.2459752,0.3768156,0.2102808,0,0,0,0,0,0.5620233,0,0,0,0.3616139,0.6196202,0.07650569,1.101124,0,1.073529,0,0.2169752,0.4111364,0,0,0,0,1.066353,0,0.3925538,0,0,0.5685982,0.5447951,0,1.199792,0,0.09535237,0.4012562,0,0.4749679,0,0,0,0,2.430765,0,0,0,0,0.03713388,0.04694627,0,0.74484,1.288767,0.5388018,0,0,0.3521406,0.7577071,0,0,0,0.2175215,0.02668953,0.2284716,0,0.2969142,0,0.6500346,0,0,0,0,1.052625,0,0.6110372,0.0173284,0.2119313,0.4378178,0,0.795325,0.00836566,0.7045949,0.03661381,0.1577062,0,0,0.04679723,0,0,0,0.8333837,0,0,0,1.116347,1.325475,0,0,0,0.4518953,0,0.4815844,0.8722172,0.3997082,1.531372,0,0,0,0.144327,0.5834765,0,0,0.03468893,1.021551,0.02068246,0,0.6701604,0,0.2900315,0,0.2944186,0,0,1.105165,0,0.07147133,0,0,0.5364597,0,0,0.3553207,0,0.6084644,0.8618509,0.4037478,0.8216631,0.2594644,0,0,0,0,0.9739127,
0,0.6880959,1.031696,0,0,0.1649,0,0.6277201,0,0.2148375,0,0,0.6011166,0.3204201,0.1012467,0.1293787,0.2995788,0,0.3513047,0.03830367,0.5987305,0,0.6290317,0,0,0,0.9922138,0,0,0.2327447,0,0,0,0,0,0,0.3414935,0.3457496,0.3873571,0.07161289,0.9295129,0.1894893,0,0.05711929,0,0.02354457,0,0,0,0.2883867,0,0.7343974,0.4670827,0,0,0.7817429,0,0.7429487,0.09311841,0,0.2638644,0.2654851,1.145729,0.7572085,0.4757992,0,1.335573,0.4993518,0,1.722572,0.3035391,0,0,0,0.3566056,0,0,0,0,1.345224,0,0.3705764,0.1524158,0,0,0,0,0,1.429842,0.2724378,1.370301,0,0.7096463,0.3131095,0,0,0,0.2087676,0.5703293,0.4393853,1.71199,0.7126024,0.1867303,0,0.5558283,0,0.4500946,0.2663372,0,0,0,0,0.2963428,0.02662927,0,0.3009574,0,0.1657965,0,0.7597612,0,0.5748831,0,0,0,2.390335,0.35403,0.5415546,0,0.3937555,0.4354639,0,0,0,0.9818562,0.3424319,0,0,0,0,0,0,0,0,0.1988692,0,0.6398414,0.7318186,0.6595689,0,1.500655,0.6510301,0,0.6017641,0,0,0.4173765,0.04068614,0,0,0.1568645,0.4869261,0,0.3629669,0.5613475,0,0.3095944,0.5654501,0,0.4402971,0.1232999,0.5844852,0.01496029,0,0.6595572,0.1256647,0,0,0.4762658,0.5108439,0.3057152,0,0.2905617,0,0,0.3880314,0.5698572,0.0602698,0,0,0.1030988,1.088601,0.2089506,1.216228,2.747045,0,0,0,0,0,0,0,0,0,0,0,0,0.6235889,0,0,0,0,0.8687356,0,0.8070506,0,0,0,0,0.01454332,0,0.1641815,0,0,0,0,0.06839738,0,0.2282947,0,0.2156191,0.5987479,0,0,0,0,0.9289584,1.067488,0.697476,0,0,0,0,0,0.2424265,0,0.4602721,0.5237001,1.213402,0,2.805044,0.7577206,1.173816,0,0,0.3894851,0.07479697,0,1.144222,0,0,0,0,1.123412,0.3381855,0.426312,0.5094588,0.4728569,0.4359619,0.3148534,0.2166092,0.7247573,0.3356666,0,0,0,0,0.4007839,0,0,0.1444989,0,0,0.6876439,0,0.7958205,0.8398606,0,0.2341662,0,0.3226776,0.4256903,0.5940107,0.3437072,0.2310702,0.7765782,0.5206907,0,0.7443753,0.6925625,0.7306798,0.7195628,0,0.6823289,0,0,0,1.04586,0.7138761,0.833178,0.7926989,0.89633,0.3810865,0.7851366,1.750295,0,0.1629559,0.2560693,0.5692027,0,0.5478022,0,0.1092982,0.03766047,0,0,0,0,0.4167385,0,0,1.358618,0.1845046,0,0.0600802,0.4136667,0,0.2563395,0.235027,0,0,0,0,1.118936,0.3531122,0,1.471156,0,0.1589744,0,0.2721601,0,0,0.2456181,0,0.04294002,0,0.9208007,0,0.1985476,0.343648,0.09142153,0.1028416,0,2.211755,0.009754451,0,0,0,0,0,0,0.3038734,0,0.3540316,0,0,0.6431881,0,0,0.4709185,0.09531443,1.05819,0,0.5885167,0,0,0.2607861,1.144111,0.4822145,0.3680023,0,0.2827436,0,1.024345,0,0.6057236,0.3816077,1.178816,0,0,1.794953,0,0.3391791,0,0,0,0,0.6751549,1.039146,0,0.05569077,0,0,0,0,0,0,0,0,0,0.08564607,0,1.271108,0.7430555,0.1318795,0.1798618,0,0,0.8122923,0.422611,0,0.2064511,0.002403841,0.9836442,0,0,0,0.9345649,0.9175485,0.2316034,0,1.052567,0,0,0,0,0,0.4995849,0.38784,0.6854351,0.9730271,0,0,0.3086614,0.1394539,0,0,0.3441109,0,0.485693,1.052909,0.6915031,0.3746555,0,0,0.8822557,0.427463,0.7242631,0,0.5495943,0,0,0,0.398105,0.6893086,0.03746596,0.3902566,0,0,0.3413315,0.120478,0.5901849,0,0.8201659,0,0,0,0,0.06307035,0.4680306,0,0.280326,1.279478,0.1351247,0.7763479,0.1758141,0.2224572,0.5162436,0,0.3995821,1.117776,0,0,0,1.014103,0,0.2305144,0.8499323,0.6345555,0.5412241,1.276047,0.7814151,0,0,0,0,0,0,0,0.1848566,0,0.3326853,0,0.8401226,0,0,0,1.325371,2.019329,0,0,0,0,1.136,0.3836346,0,0.291447,0,2.267979,0,0.07719786,0,0,0,0,0,0.9380429,0,0.2936686,0.9338064,0.8076161,0,0.6573036,1.111549,0,0.3610641,0.3793037,0.2339014,0.5385971,0.4759532,0,0,0,0.2401306,1.608021,0,0,0,0.4754991,
0.5672522,0,0,0.7055835,0,0.09184977,0.09237747,0,0.9379597,0,0,0,0,0.3378294,0.5354783,0,0,1.361398,0,0,0.3631604,0,0,0.002618302,0.3365893,0.3188898,0,0,0,0,0,0.3080514,0,0.07307559,0.2402599,0.5116711,0.871614,0,0.1225332,1.056372,0.3244959,0,0.2740965,0,0.7093309,0,0,0.6180886,0,0.1410117,0.1445377,0,0,1.262823,0,0.01857597,0.3980872,0.9019856,1.262532,0,0,0.4012783,0,0.03433776,0,0.06458481,0,0.7180551,0,0.6399454,0,0,1.570598,0.00247634,0,0.2772165,0.4521787,2.047267,0.1685404,0.5922512,0,0.6903855,0.6705117,0,0.2428386,1.55784,0,0,1.051796,0.8506366,0,0.8027359,0,0.8132593,0,0.1363799,0.5390683,0.1433822,0,0,0.4081379,0,0,0,0.6169969,0.2809498,1.153425,0,0.1133861,0,0.1289318,0.9532895,0.915861,0.8275962,0,1.326598,0,0,0.6984241,1.11562,0.4632244,1.427481,0,0.05546893,0.4355755,0,0,0.1976468,0.8575541,0,0,0,0,0.6294492,1.756711,0.9073925,0,0,0,0.4349224,0,0,0,1.110475,0,0,0,0,0.9236256,0.6964833,0.9727882,0.3008507,0.6493252,0.2499948,0,0.08619882,0,0.8499811,0.6689444,0.4196236,0,0,0.4524305,0.02082128,1.796929,0,0.4196477,0,0,1.210129,0,0,0,0,0.5984402,1.600945,0.1239113,0.9809483,0,0.07204671,0,0.1248289,0.619395,0,0.009749027,0.04965343,0.8873842,0,1.037432,0,0.3436201,0,0.9681205,1.426347,0,1.237391,1.152693,0.3360106,0.1843812,0.52246,0.09125499,0,0.7927666,0,0,0,0,0,0,0,0,0,0,0,0.1679164,0,0,0.5328144,0,0,1.317303,0,0.812701,0,0,0,0.6319882,0,1.495724,0,0,0,0,0,0,0,0.4796018,0,0,0,0,0,0,0,0,0,1.074706,0,0,0,0.03851985,0.4537972,0,0,0,0,0,0,0,0,0,0.01105425,0,0,1.030313,0,0,0,0,0,0,0,0,0,0,0,0.519993,0,0.20225,0,0,0,0.5145187,0.03955747,1.103029,0,0.2460923,0,0.3952385,0,0.812013,0,0.002665127,0.5245809,0,0,0,0.4776778,0.7744749,0,0.946938,0,0.1043754,0,0.3733681,0,0,0,0,0,0,0,0,1.360729,0,0.3245079,0.5170026,0,1.210397,0.23722,0.4751153,0,0.941929,1.171043,0.1553023,0,1.333496,0,0,0,1.374527,0.1219227,0,0.5483167,0,1.054922,0.6305398,0.998544,0,0.8494551,1.118947,0.1696335,0.859615,0,1.123586,0,1.015067,0.08375891,0.562156,0.7983453,0,1.414114,0.417454,0.9409653,0.07863223,0.7324995,0.3334457,0,0.90407,0,0,0.2592661,0.1831095,0,0.9794232,1.034354,0,0,0,0,0.7218009,0,0,0.4169893,0,0,0,0.664418,0.4236023,0.1065194,0,0,0.5082434,1.413211,0.274372,0.03256731,0,0,0,1.050146,0,0,0,0,0,0,0.0877943,0,0.5880412,0.8263077,0,0,0.03067616,0.2962218,0.8476923,0.8481787,1.243566,0.1847842,0,0.7718773,0.4453273,1.292288,0.4639214,0,0,0.3500202,0.1875774,0,0.2869652,0.461966,0.1961162,0,0,0,1.093208,0,0,0,0.6650115,0,0.311757,0.1284749,0,1.379641,0.2528875,1.261166,0.8576025,0.05250762,0.658977,0.1919566,0,0,0.2007567,0,0.2637481,0,0.7320005,0,0,0.786615,0.3299625,0.09255943,1.868977,0,0,0.5993773,0.2504585,0,0.939222,0.7090731,0,0.4427011,0.7980651,0.05363163,0,0,0.09230992,0.7830754,1.412292,0,0,0.7228363,0,0,0,0.718074,2.964932,0,0,0,1.388488,1.5062,0,0,0,1.336377,1.341574,0,0,0,0,0,0,0,0,0,1.541725,0.4292209,1.137043,0,0.7231502,0.2805767,0,0.05105691,0,0.4930076,0,0.9251118,0,0.6259168,0,0.6116423,0.5084605,0,0,0,0.6984307,0.4236706,0,0,0.9304357,0.8774338,0,0.2865685,0.2205892,1.092948,0,0,0.2811116,0,0.5216036,0,0.3127781,0,0.6434156,0,0,0.6962344,0,0,0.5422354,0,0,0,0.3713482,0.8763235,2.121814,0,0,0,0,1.618203,0.7205972,0,0.2091418,0,0.4411521,0,0,0,0,0.9854201,0.5894297,0,1.03774,0,0,0,1.420516,0.04840725,
0.7584239,0,0.2468173,1.007578,1.619123,0,0,0,1.008488,0.1793072,0.9123055,1.072191,0,0.06699274,0.3725729,0.4168623,0.151491,0,0,1.620163,0,0,0.3250768,0.1923852,0.3907558,0.3386939,0.1807806,0,1.661854,0,0,0.4739225,0.4328102,0.5464087,0.02232623,1.058282,0.3817258,0,0,0,0.287827,0,0.2303847,0,0,0,0.314485,0,0,0,0.8253396,0.3590972,0.2417334,0,0,0,0.6870995,0,0,0,0,0.4973201,0,0,0,0,0.03333344,0.8726132,0,0,0,0,2.122097,0.5759806,0,0.1061223,0.7837789,1.444106,0.1548208,1.234374,0.2050769,0.5716063,0,0.2047502,0.1908744,0,0,0.01137454,0.02999612,1.440771,0,0,0.4663152,0.1694149,0,0,0.4777973,0.4592724,0,0,0,0.3423974,0,0,0.1872099,1.162338,0.4804298,0.5661181,0,0,1.065339,0.5185183,0.6776058,0.2815219,0,0,0.3639522,1.680633,1.388749,0.08961062,0.1642257,0.03196349,0,0.2759789,0.07669462,0,0.9536538,0,0,0.827689,1.256771,0,0,0.386581,0.1248779,0,1.390747,0,0,0,0,0,0,1.20693,0,0.7538217,0.4874426,0,0.8031937,0.8485603,0.8657128,0,0,0,0.2550594,0,0,0,0,0.1754762,0,0.5880981,0.1469109,0.1217279,1.101161,0,0.8390872,0,0,1.314479,0,0,0,0,0.6490325,0.4979039,0,0,0,0.2858771,0,0,0.01328723,1.108488,0,0,0.1705403,0.4259873,0,0,0.01392247,0.6072688,1.012866,0.5335211,0.03229439,0,0.8686987,0.9311719,0,0,0,0,0,0,0.3976163,0,0,0,0,0,0,0,0,0,0,0.4510774,1.901229,0,0.01572161,0,0,0,0.01321887,0,0,0,0,0,0,0,0,0,0,0.6715571,0,0,0,0,0.3995338,0,0,0,0,0.1419296,0,0.197148,0,0,0.09283115,1.087379,0,0,0.04507284,0,0,0,0.6762548,0,0,0.03783402,0.02327052,0,0,1.111685,0,0,0,0,0,0,0.2507999,0,0,0,0,0,0,0,0,0,0,0,0,0,0,0.02777504,0,0.5284351,0,0.02498046,0,0.4480033,0,0,1.113525,0.126804,0,0,0.64622,0,0,0.09410934,0,0.6885391,0.4571143,0,0.3139917,0.1027228,0,0,0,0,0.2363716,0,0,0,0.1258713,0,0.6653858,0,0.3592384,0,0.6490083,0.6142809,0,0,0,1.220356,0,0.1989287,0,0.5252956,0,0.7255464,0,0,0,0.4197035,1.180163,0,0.35772,0.6902332,0,0.6454831,0,0.8034047,0,0,0.8703367,0,0.1762718,0,0.2843413,0.1630666,0,0.596991,0,0.6035584,0,1.609606,0.3361677,0.474941,0,0.1478613,1.621215,0.6921842,0.02903462,1.050968,0,0,1.062018,0.7544938,0.1008865,0.1491927,0.4899497,0,0.02806184,0,0,0.5994366,0,0,0,0,0.9259444,0,0,0,0,0,0,0.4580462,0.2861122,0,0.6040094,0.6570755,0.1502826,0,0.9252869,0,0,0,0.8253649,0,0.005285912,0,0,0.1048017,0,0,0.398991,0.5680253,0.1152484,0.07215414,0,0,1.466767,0,0,0.3952521,0,1.52163,0,0.1529636,0.1945263,0.02601743,0,1.167556,0,0,0,0,1.934161,0.390965,0.203849,0,1.126411,0.7170498,0.04101961,0.2479415,0.7772394,0.5264719,1.301917,0.3919474,0,0,0,0.2041008,0.757194,0.08374224,0,1.484257,0.3331542,0,0.7742551,0.2291325,0,0.005836973,0,0.4031864,0,0.7850942,0,1.295133,0.7336939,0.1762783,0,0,1.552263,0.3921235,1.24538,0,0,0,0.04928003,0.4549315,0,0.4532113,0.6555373,0,0,0,1.303233,0,0,0.1434204,0.2962868,0.1395483,0.8455725,0,0,0,0,0.7371922,0.2271951,0,0,0,0.1429006,1.350721,0.4380599,0,0,0,0,0,0.05997269,0,0,0.3916056,0.8107606,0.185579,0.3882793,0,0,0.235546,0,0.7879013,0.05124363,0,1.222875,0.05763881,0,0.1176058,0,0.8472207,0.8745145,0,0,0.6340418,0,0.03820186,0.002573517,0,0,0.09720714,0.4875375,0.08544647,0.3968871,0,0,0.1111792,0,0.0722737,0,0,0,0,0,0.3901809,0.1609495,0.0307849,0.620384,0,0.3597827,0,0,0.3249496,0,0,0.08368745,0,0.2450554,0,1.339417,0.4160725,0,0,0.4006674,0,
0,0,0,0,0,0,0.1972875,0,0.2575555,0.07361615,0,0,0.2238949,0,0,0.8246968,0,0.9308097,0.6317463,0.9192269,0,0,0.5963309,0.2132898,1.29517,0,0,0,0.9516121,0.8633482,1.056008,0.1283769,0,0,0,0,0.3764355,0,0.179694,0,0.08958638,0.6649769,0.1942964,0,0,0,0.7683991,0,0.51037,0.3994002,0,0,0,0.5180354,0,0.6806319,0.04955536,1.180156,0,1.73748,0,0.4085436,0,0,0,0,1.088101,0.2290491,0,0.007509203,0,0,0.3304801,0,1.337109,0.4172444,0.580655,0,1.33752,0.9053259,0.6927168,0.1940747,1.278519,1.172117,0.5537961,0.8705685,0,0,0,0.2523827,0.7620471,0,0,0.08854319,0.2691101,1.520563,1.034193,0,1.082324,0.2200155,0,1.370888,0.09820919,0.1699974,0,0,0.5696017,1.013519,0,0,0,0.1664973,0.308372,0,1.344699,0,0,1.556694,0,0,0,0,0,0.5699086,0,0,0,0.207668,0,0,0,0,1.014046,0,0,0,0,0,0,0.6491688,0.7735941,0.1415793,0,0,0.5755301,0.627179,0,0.254439,0,0.005263435,0.9201588,0.8363894,0.09138042,0,0,0,0,0.4065418,0,0.3038584,0.04200758,0.6049203,0.2652441,0,0,0.4919625,0.5135605,0,0.5458766,0,0.3081278,0,0,0.5449705,0,1.861828,0.2237925,0,0.1198528,0,0.8735092,1.512428,0.2258888,0.5773922,0.8075161,0,0,0,0,0,1.094407,0.4246426,0.427742,1.215261,0,0,0,0.6974104,1.5507,0.5262735,0.5099476,0,0,0,0.9563671,0,0,1.907929,0,0,0,0,0,1.152683,0,0,0,0,0.04130093,0,0,0.04440406,0.05683866,0,0,0.2187244,0,0,0,0.8486299,0,0.3363239,0,0.5394298,0,0,0,0,0.223585,0,0,0,0,0,0,0,0,0,0,0,0,0,0,0.1591891,0,0,0,1.259116,0,0,0.3294075,0,0,0,0,0.1441844,0,0.2469831,0,0,1.451781,0,0.7514138,0,0,0,0,0,0,0,0,0.1684273,0.1941097,0,0,0,0,0.1209644,0,0.7549848,0,0,0.2930325,0,1.355941,0,0,0.9758631,0,0.1878622,1.242924,0,0,0,0.05004483,0.8546521,0.6069419,0,0,0,0.6929079,0,0,0,0,0,0.3520477,0,0,0,0,1.045882,0.3954057,0,0.2906458,0.8840848,0,0,0.07633177,0,0.2988304,0,0.6286671,0,0.4303143,0,0.4419278,0.2991152,0,0,0,0,0,0,0.6733687,0,0,0,0,0,0,0,1.151778,0.4734532,0.9187106,0,0,0.2989499,0,0,0.862664,0.9404458,0.3046969,0.6931052,0,0.5007387,0,0,0,0.3046246,0,0,0,0,0.9965004,1.344979,0,0,0.7173187,0,0,0,0,0,0.3894966,0,0,0.3264079,1.176097,0.2066787,0.9831523,1.804976,0,0.5869719,0,0.3905544,0,0,1.595041,0,0.2440567,0.1644622,0.2692746,0,0.2613696,0,0,0,0.733566,0,0.6848952,1.35187,0,0,1.290548,0,0,0,0.6454451,0,0,0,0.6936611,0.4810714,0.04742177,0,1.316888,0.09781536,0,0.4616062,0,0,0.1030066,0.2582618,0,0,1.05566,0,0.773654,1.276928,0,0,0,0,0,0.08837596,0.4442258,0,0,0,0,1.16414,0.3473224,0.04676863,1.078153,0.2700346,0,0,0.6372857,0,0,0.3570685,0,0,0.2147056,0.5011868,0,0.8165458,0,0,0,0.4448538,0,0,0.5889125,0,0,0.08837096,0.6058132,0.92519,0.07284702,0.07295798,1.060765,0,0,0,0.4093771,0,0.6003379,0,0,1.969019,0,0.2213977,0,0,0.2267792,0.8218738,0.8430369,0.4325883,0,0.5434645,0.3725467,0,0.3207814,0.4867942,1.471326,0,0.2975938,0.04096007,0,1.174173,0.3741518,0,0.05994233,0.466957,1.833924,0,0.5243263,0,0.01621476,0.9380675,0.5976325,0,0.6377611,0.9031705,0,0.4627067,0.08588821,0,0.2332453,0,1.187886,1.091034,0.6125068,0.1942754,0,0.1136013,0,1.018895,0.4368934,0.1135892,0,0,0,0.3278021,0.8927706,0.2781903,0,0.2441683,1.243207,0,0,0,0,0.6284348,0,0,0,0.5885677,1.162135,0.6848828,0,0.9813727,0.5614533,0,0,0.7623535,0.2639667,0,
0.7982053,0.9053432,0,0.9302141,0.07540316,0.8702909,0,0,0,0.175104,0.3859886,0,0,0.3392044,1.083799,0,0,1.075704,0,0.3702016,0.1655783,0,0,0,0,0,0.5753723,0,0,0,1.639167,0,1.091757,0.6698056,0.1459277,0.3841846,0.7379753,0,0.2668479,0.9002576,0,0.819126,0,0.07814208,0,0.191887,0,0.9135981,0.1060127,0,0.4400639,0,0,0,0.1124992,0,0,0.1473929,0,0,0,0.5999715,0.3843637,0.3176003,0,0,0,1.223372,0,0.3214878,0,0.9149452,0,0.1183171,0.1966764,0.1583696,0,0,0,1.583728,0.06356339,0,0,0.857335,0.3862261,0,0,0.3802837,0.6139443,0.9427836,0,0.9161646,1.129885,0.8756326,0.2730318,0,3.254863,0.2230143,0,0,0,0,0,0,0.0307455,0.4837164,1.201488,0.3497047,0,0,0,0.002267532,0.8519974,0,0,0.4650937,0,0,0,0,0.3508557,0,0.208672,0,0.1864245,2.468873,0.4329207,0.5491369,0.8453725,0.1133573,0,0,0.9703782,0,0.6671619,0,0,2.186892,0.3071276,0.4692074,0.7535121,0,0,0.2458777,0.5595759,0,0,0.89786,0,0.3260618,0,0.9555027,0.3575219,0,0,0.09669057,0,0,0.6848383,0,0,0.5691741,0.3020277,0.4201955,2.988816,0,0.7732298,0.1718738,0.6155741,0.8735164,0,0,0,0,0,0.355409,0,0.7668003,0,0,0,0,0.4449877,0.9308497,0,0,0,0.8153006,0,0.8318103,0.2724824,0,0.2567182,0.5676967,0,0,0,0,0,0,0,0,0,0,0,0,0,0,0.1773645,1.050177,0,0,0,0,1.180376,1.089841,0,0,0,0,0,0,0,0,0,0,0,0,0.1224993,0.05468306,0.3734276,0,0,0,0,0,0.3917739,0,0,0,0,0.614656,0,0.5378625,0,0,0,0.2236837,0,0,0,0,0,0.9724215,0.4953384,0,0,0,0,0,0,0,0,0,0,0,0,0,0,0,0,0,0,1.016964,0,0,0,0,0,0,0,1.077667,0,0,0,0,0.372814,0,0,0,0,0,0,0,0,0,0,0,0.373328,0,1.089937,0.7509439,0,0,0.6783839,0.4031873,0,0,0,0,0.4118124,0,0,0,0,0,0.05958823,0.4912747,0.1001283,0,0,0.5996822,0,0,0,0,0.4183454,0,1.890167,0,0,0,0,0.7181922,0.8511949,0,0,0.8810647,0,0.7983718,0,1.857402,0,0.7367083,0,0,0.8494329,0.6855325,0,0,0.3202334,0,0,0.4568366,0,0.1796961,0.5958482,0,0.3002463,0,0.3523455,0,0,0.6156017,0.1504089,0,1.153523,0.1943345,0,0,0,2.098153,0.07444906,0,0.5302469,0,0,0,1.297796,0.549701,0,0.1632475,0,0.002274355,0.08374153,0,0.1662648,0.5025518,0.4303327,0.7707626,0,0,0,0.1111448,0,1.100059,0,0.1306092,0.03677735,0.04367824,0,0.3255077,0.9375508,0,0,0.4308764,0.7374408,0.3635387,0.8195321,1.211315,0,0.4748806,0,1.015588,0,0,0,0,1.261892,1.265434,0,0,0.8740341,0,0.901244,0.6370971,0.7253289,0.2058787,0.2234617,1.260598,0,0.7968662,0,0,0,0.2953593,0,0,1.018557,0,0,0,1.185772,0.7981932,0.170315,0.9617918,0,0,0.1213314,0,0,1.250291,0,0.9644735,0,0,1.595358,1.61061,0.231016,0,0,0,0,0,0.3947721,0,0.4414309,0,0,0,0.2051665,0.3319481,0.3907651,1.080147,1.225305,0,0,0,1.179506,0,0,0,0.1766515,0,0.3848609,0.142278,1.024829,0,0,1.719755,0,0,1.631159,2.277514,0.8022577,0,1.904949,0,0,0.05395063,0.5466266,0,0.1611218,0,0,0.464571,0.6325936,0.07774422,0,0.2288256,0,0,0.953503,0,0,0,0.6109126,0.3432643,0,0.196723,1.405645,0,0,0,0.6425179,0.2251392,0.4927222,1.317775,0,0.1196757,0.1347516,0,0,0,1.290551,0,0,1.051071,0.3151995,0.3347655,0,1.282771,0,0.8530239,0.269783,0.5474132,0.327953,0.6119642,0,0,0.8213181,0,0,0,1.400984,0.02537937,0,0,0,0,0.7965833,1.190675,0,0.3309708,0.3066675,0,0,1.642204,0,0.1510891,
0.2977552,0,0.2876465,0,0.1318874,0,0.1760952,0.5545869,0,0,0.3396401,0,0.2156647,0,0,0.2692932,0,0.6358667,0.003961188,1.489041,0.9209949,0.7016212,0,0.5118576,0.8662027,0.1262623,0,0.9182221,0,0.3024894,0,0.2351644,0,0.6737115,0,1.529776,0,0.4903678,0,0.5775074,0.05798358,0.2155492,0,0,0.235492,0,0,0,0,0,0,1.121902,0.1018632,0.9105911,0,0,0,0,0.04337125,0.222364,0,0,0.8660035,1.439797,0.2754902,0.5453501,0,0.1274337,0,0,1.314358,0.09130929,0,0.9128835,0,0.743318,0,0,1.339107,0.2427064,0.3898113,0.2097505,0.1102064,0.4351898,0.09011944,0.1053514,0.7021271,1.625649,1.111801,0,0,0.195376,0.6191553,0.2243527,0.3479976,0,0.9183363,0,0,0.198067,0.09725665,0,0,0.4723474,0,0,0,0.4447507,0.523628,0,0.9459475,0.6074078,0,1.066049,0,0.6631899,0,0,0,0,0.08472183,0,0,0.1002466,0.08117805,0.239959,0.4274608,0.4242736,1.995225,0.00246132,1.365655,0,1.063751,0.326802,0.1332322,0,0,0.8137567,0,0,0,1.640844,0,0,0,0,0,0,0,0,0.5592816,0,0.01935792,0.01872736,0,0,0,0,0.8441479,0.4827449,0,0,0.05394819,0.3420651,0,0.63454,0.3594056,0.6798496,0,0.5158159,0.7811137,0.3298399,0,0.8508835,0,0.4135892,0.6358722,0.03191201,0.955196,0.4030838,1.554058,0,0.8171263,1.367813,0,0.8913477,0.2260311,0,0,0,0.6883224,0.4401345,0,0,0,0.6110983,0,0,0,0,0,0,0,0,0,0,1.280166,0.4030904,0,1.895495,0,0.7385217,0.2790508,0,0.0696483,0,0.2063852,0.3835286,0.4092571,0,0,0.4932161,0,0,0,0,0,1.242581,0,0,0,0,0.5578657,0,0.808588,0.929288,0.4333903,0,0,1.155312,0,0,0,0.4219394,0,0.03862572,0,0,0,0,0.5867348,0,0.1202551,0,0,0,0,0,0,0,0,0,0,0,0,0,0.3011647,0.3408431,0,0,0,0,0.1397924,0,0.5164124,1.329602,0,0,0,0,0,0,0,0,0,0,0,0,0.6195071,0,0,0,0.4449209,0,0,0,0,0,0,0,0.1918853,0,0,0,0,0,0,0,0,0,0.7480617,0,0.181308,0,0.03563888,0,0,0.2331872,0.8653772,0,0,0,2.103877,0,0.7448677,0.8967987,0.2538271,0,0.7380347,1.419903,1.688371,0.01366029,0,0,0.06518679,1.781043,0,0.05124026,0.03533324,0,0.8506857,0,1.274545,0,1.302036,0.5676205,0.7330714,0.3617882,0,0.3644661,0,0,0.9394515,0.1768482,0,1.634507,1.423532,0.479247,0,0.4853904,0,0.2539514,0.5250217,0,0,0,0,0,0,1.473216,0,0,0,0.5074968,0,0.3805934,0.3304538,0.006215387,0,0.3748699,0,0.925673,0,0,0,0,0.2003016,0,0.9281736,0,0.04231789,0.4284296,0.2533962,0,0.5958194,0,1.206871,0,1.147364,0.2784549,0.05075218,0.666547,0,0.6213424,0,2.358684,0.06055504,0.3658644,0.8020202,0.04487216,0.156167,1.091444,0,0.2721903,0.5083081,0.2173007,0.008914109,0,0.5666983,0,0.3038433,0.0323134,0.7463561,0,1.140918,0,0,0,0.3556423,0.383908,0,0.4361146,1.247899,0,0,1.065408,0,0,0,0.2423006,0,0,0.8204172,0.6934379,1.532475,0.1529595,0.08190474,0.5156669,0,0,0,0.03839264,0.3579746,0.3621886,1.107264,0,0,0,0,1.263075,0.01141078,0,0.5170246,1.219238,0,0.04404529,0,0.1336283,0,0,0.2916225,0.008961449,0.4307732,0,1.000683,0,0,0,0.3235697,0,0.3269152,0.5528696,0,0.4951019,0.5434316,0.2409502,0.7036837,0.4789879,1.467381,0,0,0.0185594,0.2056178,0,1.105293,0,0.06774528,0,0.1079461,0,1.031522,0,0.4067162,0,0.3965222,0,0.2286927,0.4460031,0,0.7313668,0.5126315,0,0,0.07397858,0,0.1038864,0,0,0,0,0.4614624,0.2015851,0,0.7921757,0.04148913,0.3655421,0.1341372,0,0,0,0,0.172215,0,0.1204072,0.5320693,0,0,1.402162,0,0.3224784,0.3493651,0.7989672,0.3961811,1.114232,0,0.9081398,0.1388767,0.8907419,0,0.7745306,0,0,1.19599,0.1498417,0.5912102,0,0,1.162351,1.352714,0,2.150841,0.6883745,0.07292975,0.9013761,0.2689672,0,0,0.1164931,0,0.3329434,
0,0,0.544369,0,0,1.206069,0,0,0.8494794,0.8978741,0.2526182,0.5202585,0,0,0,0.5324171,0.1061113,0.9410746,0.7091113,0,0,0,0,0,0.2206715,0.6766143,0.4679673,0,0,0.2027801,0.638786,0.9598813,0,0,0,0.3748461,0,0,0.5418619,0,0,0,0,0,0,0.08175441,0.6552146,0.008726043,0,0.1847061,0.1742206,0,1.036736,0,0,0.1116549,0.2782141,0,0.3672623,0.09000226,0,0,0,0.0751812,0,0,1.051633,0,0,0,0.6505131,0.03741644,0.1280992,0,0.3428538,0,0.09021419,0,0,1.254721,0.681102,0.0871835,0.3169267,0.7237803,0,0.1739727,0.626973,1.502062,0.3651051,0,1.45473,0,0.2705576,0.1622542,1.206965,0,1.049816,0,0,2.740519,0,0,0.7592905,0.03028695,0.735939,0.7023215,0.1582442,0,0,0.6373289,0.2142043,0.4429353,0.5662127,0.564487,0.7454792,0.07214468,0.5346065,0,0,0,0,0.3275302,0,0.874644,0.4775663,0,0.359874,0,0.07101133,0,0,0.6797562,0.3126566,0,0.1046925,0,0,0,0.6320057,0,0.07552683,0.797811,0.6728966,0.4951737,0.3369322,1.396746,0.5400963,0,0.4395815,0,0,0.2481541,0,0.09509746,1.090929,0,0.824326,0.2061211,0,0.7716655,0.2698661,0.8916622,0,0,0.4471252,0.01421675,0,1.858334,0.4147277,0,0,0.7777826,0,0,0,0,1.265147,0.1267937,0,0,0.8215618,0,0.5859163,0,0.3937686,1.096153,0,0,1.429776,1.313754,0,0.4062286,0,0,0.4215087,0.03167623,0,0.6062294,0,0.5310209,0.3079105,0,0,0.879172,0,0,0,0,0.6417996,0.656903,0,0,0,0,0,0,0,2.066336,0,0,0.02887427,0,0,0,0,0,0.02895275,0,0,0,0,0,0,0.06129181,0.06542476,0,0,0,0.5025631,0,0,1.616174,0,0,0.4813059,0,0,0,0,0,0,0,1.276911,0,0,0,0,0.5910174,0,0,0,0,0,0,0.3906879,0,1.119168,0,0.5470698,0,0.9425597,0,0,0,0,0.5793926,0,1.123912,0.6786568,0,0,0.02350765,0,0,0.009146873,0,0,0,0,0,0,0,0,0,0,0,1.064478,0.2211912,0.7934956,0,0,0,0,0,0,0,0,0.4235843,0,0,0,0,0.002128404,0,0,0.4358297,0,0,0.5048344,0.2080497,0,1.254516,0.09265064,0,0,0.4620489,0.3067721,0.4236434,0.127051,0,0.3071646,1.351984,0.2196317,0,0,1.907524,0,0,0,0.09905469,0.3066788,0,1.094774,0.1348821,0.06210044,0,0,0.9509994,0,0.2204137,0.2753174,0,0,1.102804,1.655233,0,0,0.7018407,0,0,0,0.1110152,0,1.436601,0.6536804,0.1893089,0,0.6215205,0,0,1.227458,0,0,0.1177293,0.7266206,0,0.07388982,0,0,0,0.423012,0.273824,0.4240962,0.6471187,0.2413359,0.3684638,0,0,0,0,2.172127,0,0,0,0.06065971,0.9592813,0.2280729,0,0.08095776,0,0,0,0.1031492,0,2.123556,0.1500049,0.7589896,0,0.9081049,0,0.208524,0.7644348,0.6801536,1.174591,0,0.6768492,0,0.02199749,0.2967602,1.000023,0,0.1031317,0,0.3158614,0.8330108,0,0.2867818,0,0.7319967,0.6141976,0.3638981,0,0.6937568,0,0.6407979,0.0708297,1.252014,0,0,0,0,0,0,0.4377049,0,0.1829376,0.8852178,0.1542396,0,0,0,0.7705001,0.01271526,0,0,0,0,0,0.1590642,0,0,1.136277,0.5000295,0,0,0,2.060439,0,0,0,0,0,1.43884,1.383525,0.278318,0.419072,1.045157,0.8243157,0,0,0,0,0.6785642,0,0.7215514,0,0,0,0.590221,0,0,0,0.4839602,0,0,0.3427322,0,0,0.4657784,0.5044098,1.326696,0,0.8720219,0.76547,0.5771822,0,0.3195128,0.1291507,0.1614981,1.602847,0.58223,0.2150157,0.8043963,0,0,0.3098368,0,0.2145184,0.0857477,0,0,0.8136072,0,0,0.2679859,0,0.8323855,0.406699,0,0,0,0.2055331,0,0.7587588,0.3306503,0.1899886,0,0,0,0,1.047802,1.061992,0,0.2747171,0,0,0.4528009,0.956916,0,0.1328968,0,0,0,0.006474344,0,0.3819445,0,0.2289234,0.05031311,0.1620307,0,0,0.1156637,0,0,0.07517701,0,0.6407564,0,0,
0.3908103,0.3180674,0,0,0,0,0,0,2.071755,0,0,0,1.113725,0,0.4781271,0.08152305,0,0.04051041,0.675489,0,0,0,0.6355931,0.002596253,0,0.151381,0,0.9515399,0.8177056,1.349293,0,0.7439713,0,0,0,0.5862993,0.2991846,0,0,0.2038084,0,0.04741451,0,0,0.014977,0,0,0.1299941,0.4272682,0,0,0.6767814,0,0,0,0,0.9419706,0.4260023,2.184529,0.5942582,0,0,0,1.023101,0,0.03979222,0,0,0,0,0,0,0,0,0,0,0,0,0,0,0.002284289,0.1621051,0.2513726,0.319607,0.1204975,0,0.6004375,0,0,0,0,0,0,0,0,0,0,0.4682502,0,0,0,0,0,0,0.3133171,0,0.5206389,0,0,0,0,0,0,0,0.7989633,0,0,1.347361,1.01842,0.6354992,0,0.1206053,0,0.05664141,0,0.3838065,0,0,0,0.4685632,0.2534489,0.6401184,0,0,0,0.5080631,0,2.102256,1.25674,1.029037,0.6995665,0,0.9806494,0,0,0,0.1994273,0.2829105,0,0,0,0,0,0,0,0,0,0.1207884,0,0,0.7508607,0,0,0,0.03188893,0,0,0.331838,0,0.155967,0,0.1365337,1.050259,0,0.5748317,0.284075,0.1400393,0,0.6508871,0.05481472,0.4078955,0,0,0,0.2782354,0.9101462,0,0.005422282,0,0.2235049,1.102463,0,0.6478308,1.005438,0,0.03941746,0.5283975,0,0.5496371,0,0.4928886,1.326889,0,0,0,0,0.7096725,0.744139,1.176558,0.001998349,0,0.005138432,0,0,0,0.01122512,0.03081027,0,2.005042,1.082285,0,1.437782,0,0,0,0,0,0,0,0,0,0,0,1.32342,0.1414489,0.5832911,0.5952864,1.016119,0,0,0.003403771,1.561219,1.049469,0,0,0.1757959,0,0,0,0,0,0,0,0,0,0,0,0,0,0,0.6857387,0,0.3328483,0.2703425,0,0,0,0,0.6298875,0,0,0,0.3275049,0,1.821832,0.4978887,0,0,0,0,0,0,0.8560404,0.3926388,0,0,0,0.577882,0,0,0.2281663,0,0.5806069,0,0,0,0,0,1.126583,0.03847548,0,0,0,0,0,0.718946,0.4401464,0.002173295,0,0,0,0,0,0,0,0,0,0,0,0,0,0,0,0.101844,0.002274285,0,0,0.5171898,0,0.3080741,0.540859,0.8680741,0.3555806,1.29812,0.4759338,0,0.02203355,0.02247481,0,0.1729482,0,1.080857,0,0,0.1750331,0,0,0,0.5196254,0,1.233307,0.6915122,0,0.9867734,0.3464465,0,0.01359847,0.1673111,0,1.796915,0.08483368,0.1857302,0.1690921,1.762246,0,0,0,0,0.4011306,0,0,0.4696074,0,0,0.9671551,0.1815068,0,0.1045023,0.6798595,0.006791081,0,0,0,0,0,0,0.4166725,0,0.9210954,1.055822,0.4614516,0,0,0.4313399,1.900678,0,1.869769,0,0.1665837,0.1171637,0.4220709,0,0,0.261657,0,1.361947,0,0,0.7761089,0,0,0,0,0.8721297,0,1.192705,0.2458364,0.02869375,0,0.005464662,1.147767,0.1284488,0.1968907,0,0,0.1351676,1.244627,0,0.1240622,0,0,0,0,0,0,0,0,0.5293224,0,0,0.7435902,0.4193609,1.110855,0,0,0.4052933,0.3146099,0,0,1.229349,0.7766542,0,1.509908,0,0,0,0.8458414,0,0.04432761,0.6465168,0.7468008,1.062506,0,0,0.6295083,0.2334721,1.050128,0.04647825,0,0,0,0,0,0,2.568675,0,0,0.1738934,0,0.8808105,0.0744174,0.7527642,0,0.6095372,0,0,0,0.2377578,0.2561087,0,1.25928,0.2800679,0,0,0,0.09454785,0,0,0.2853373,0.3764104,0.921056,0,0.2090693,0.529757,0.4665871,0,0,0,0,0,0.7256027,1.716073,0,1.206521,0,0.6262262,0.04921217,0,0,0,0,0.667597,0,0,0,0,0,0.04390473,1.498646,0,0.6315963,0,0.6808478,0,0.2016848,0,0,0,0.0887698,0.02017631,0,0.4950392,0.3389579,0.111038,0.1415806,0.7713983,0.9553959,0,0.19473,1.200168,0,1.040251,0,0.2134182,0,0,0.6983621,0,1.948622,0.8433059,0.3266212,0,1.60149,0,0,0,0,0,0,0,
0.2542602,0,0,0.1443088,0,0.1031159,0,0,1.278357,0,0,0.6160273,0.1843919,0,0,0,0,0,0,0,0.7200664,0.05589604,0.328805,0.3584206,0.08153363,0.356814,0,0.3648515,0,0.33856,0.984837,0.6355784,0,0.6005809,0.8840104,0,0,0.08809619,0.526554,0.8036594,0,0,0.2792341,0.5187933,0,2.35032,0,0.1491959,0,0,0.1450204,1.20338,0.7651559,0,0.1216677,1.412976,0.365295,0,0.8885546,0.4953772,0.1825399,0,0.2647484,0.7954316,0,0.1793049,0.2694157,0,1.1742,0.9614241,0,0.1562194,1.074366,0.2437908,0.02428714,1.162603,0.2283874,0.4908533,0.557206,0,0,2.043534,0.06134439,0,0,0,0.04338955,0.4540095,0,0,0.7555313,0,1.091115,0.3745313,0,0,0.3499201,0,0.887587,0.1555988,0.5565457,0.3660228,1.049705,0,0.09538569,0.2084392,0,0,0.03963486,0.6866384,0,0.691008,0,0,0.5344982,0,0,0,1.217844,0.6330475,0,1.084784,1.875117,0.5068451,0.2370372,0.2227263,0.06646441,0.03643767,0.07448952,0,0.1684767,0,0,0.09369407,0,0,0.3457091,0.8974348,0.03654798,0.08906958,0.8168224,0,0,0.09827937,0.04722094,0.05160078,0,0,0,0.1334846,0,0.6914462,0.4309804,0.6140331,0.5608467,0.8458889,0.07617006,0,0.09602026,0,0.2779726,1.037519,0,1.183073,0,1.16588,0.0527149,0.140786,0.7559739,0,0,0.5206903,0.006492504,0,0,0,0,0,1.750095,0.8640299,0.4538256,0,0.09776942,0,0,0,0,0.7409637,0.2839607,0.04349925,1.065693,0,0.5549265,0,0.1207533,0,0.3061415,0,1.266455,0.07025431,0,2.154915,0.5789869,0,0,0,0.1494822,0,0,0,0,0,0,0,0,0,0,0,0,0,0.9739793,3.413909,0,0,0,0,0.621322,0,0,0,0,0,1.505849,0.3676219,0,0,0,0.9989735,0.2741389,0.2619191,0,0.2712632,0,0,0,0,0,0,0,0,0,0,0,0.05066766,0,0,0,0,0,0.3107634,0.08330184,0,0.1096458,0,0,0,0,1.400221,0,0,0.664835,0,0,0,0,0,0,0,0,0.3698463,1.757187,0.155894,0,1.204774,0,0,0,0,0.2519548,0,0,0,0,0,0,0,0.9154015,0,0.6520283,0.7321269,0,0,0,0,0,0.4520841,0,0,0,0.1212451,0,0,0,0.9623256,0.9195911,0,0,0.6506066,0,0,0.2586936,0,0,0.04514712,0,0,0.3572219,0,0,0.5339813,0,1.026243,0,0.5355584,0.1235351,0,0,0.05638161,0.296245,0,0,1.68275,0,0.1504066,0.3019217,0.2670909,0,0.6978409,0.6689454,0,0.4783249,0,0,0.005027071,0.6166245,0,0.5604239,0.7885077,0,0,0.304148,0,0.9940889,0.2452946,1.157189,1.223965,0.7829462,0,0,0,0,0.7355851,0.07943935,0.9324531,0.02967502,0.2377698,0.1603343,0.7716241,0,0,0.1906901,0,0.8461524,0.2651606,0.615571,0,0,0,0.1990143,0,1.23485,0.8729347,0.8372617,0,0,1.251416,1.818405,0.1559147,0.08337675,0,0.2229631,0.1107109,0,0,0.7813693,0,0.3087898,0.06715021,1.005285,0,0.5242836,1.118152,0.1656807,0,0,0,0,0,0.378612,0.2574872,0,0,0.03145573,0.1491638,0,0,0.8113434,0.6369577,1.203736,0.2359647,1.018128,1.145776,0,0,0.7140378,0,0,0.958941,0.3787114,0,0.364538,0.4325102,0.9306654,0,0,0,0,1.193537,0.5399199,0,0,0.931459,0.1192614,0.2748533,0,1.096112,0,1.51108,0.12895,0.2076515,0.4391639,0,0,0,2.304464,2.348589,1.065684,0,0,0.07291533,0.6290447,0.09424994,0,0,1.189722,0,1.874969,0.3347833,1.48487,0.6904331,0,0.3283251,0.8394284,0,0,0.08995204,0,1.636343,0,1.290504,1.281232,0,0,0.6231078,0.3670113,0,0,0.2094365,0.01354153,0.1965357,0,0,0.7207186,0,2.75373,0,0,0,0,0,1.122411,0.6735,0,0.7675613,0,0,0.8391901,1.151139,0,0,1.349071,0,0.1356486,0.623534,0,0.1723739,0.2169763,0,0,1.653199,0,0.8583177,0.6689765,0.3841219,0,0.5663997,0.04345832,0,0,0,0,0,0.28912,0.3209412,0,0,0.1007885,0.1958384,1.816942,0.08936125,0.1966283,0.1717744,0,0.4163899,0,0,0,0,0.04625314,0.3417377,0,0,0,0,0.1092553,0,0,0.09631366,0,0.09211925,
0,0.4816725,0.07301581,0,0.7858413,0,0,0,0,1.621882,0,0.3055774,0,0,0.2650246,1.718714,1.501922,0,0,0.2899074,0,0,0,0.02774107,0,0.9672245,1.011436,0,0.2116102,0,0,1.133143,0.002344841,0.4657587,1.192336,2.208656,0,0,0,0,0.05705341,0,0.4958163,0,0,0,0.4929859,0,0,0.495553,0.8390735,0,0.1107977,0.03178752,0.7009435,0.085452,0,0,0.7061979,0,2.052757,0.8246862,0,0,0.4707448,0.607122,0.3888381,0,0,0,0,0.1254096,0,0,1.403542,0,0,0.3188092,0,0,0,1.12275,0.09723178,0,1.278685,0,0.1569105,0,1.260111,2.155367,0.04718617,0,0,0.7361577,0.5918002,0,0,0,0,1.64976,0,0.3623292,0,0.5923784,0.5676774,0,0.8226166,0.3158602,0.6644505,0,1.472226,0.5440964,0,1.410847,0,0.3132778,0,0.7915838,0,1.344205,0,0.3781026,0.09411892,0,1.041556,0.3433223,0.5059897,0.9842457,0,0,0,0,0,0,0,2.408036,0,0,0,0,0,0.8163656,0,0.6280856,0.9619641,0.1265699,1.29331,0.6765428,0.8112841,0.602035,0.1871891,0,0,0,0,0.4395395,0.6995043,0,0.210696,0.3092208,0,0.9851804,0,0,0,0,0.8654658,0.160054,0,0.4208926,0,0,1.263387,0,0.743297,1.000829,0.06603849,0,0,0,0.5538727,0,0.05846652,0,0.8435349,0.526993,0,0.7897082,0,0,0.4707344,0.9587768,0.07076732,0,0.2294363,0.1893706,0,0.5581203,0.7591016,0.5167611,0,0.1880309,0,0,0.462568,0,0,0.2368621,0,0,0.9396657,0,0.3656821,0.506184,0,0.9178733,0.7797711,0.09538966,0,0,0,0,0,0,0,0,0,0,0.5857271,0.5675517,0,0,0,0.8716677,0,0.1986863,0,0,0.01224979,0.03316695,0,0,0,0,0,0,0.06958804,0,0,0,0.1816025,0,0,1.172169,0,0,0,0,0.4279674,0.3342522,0,0.2857701,0,0,0.9485136,0,0,0,0,0.3684704,0,0,0.05202631,0,0.857878,0,0.8900199,0,0.07710887,0,0,0.3712992,0.2812364,0,0,0,0,0.0591804,0.8344765,0.7568431,0,0,0.5338689,0.4672522,0,1.323662,1.857406,0.2143267,0,0,0,0,0,0,0,0,0,0,0,0,0.8584526,0,0.5878704,0,0.01653176,1.698812,0,0,0,0,0,1.5621,0,0.4384394,0,0,0,0,0,0,0,0,0.889792,0.002453056,0.4544062,0.7388325,0,0.6984946,0.3467108,0,1.098009,0.2024761,0.6972691,1.796694,0.4460571,0,0,0.8952189,0.671036,0.8753393,0,0,0.7373477,0,0.9088284,0.84611,0.198437,1.054733,0,0,0.2405697,0.1792005,0,0,0.6797784,0,0,0,0.8576504,1.353494,0,0.6842561,0.04427788,0.1058896,0,0.468266,0,0,0.403991,0,0.5772793,0,0,0,0.761387,0,1.408809,0,0,0.7125453,0,0.3236034,0,0.6745544,0.5232673,0.1765457,1.11875,0.5801198,0.3298974,1.269421,0,0.8520794,0.1229598,0,0,0.1096884,0,2.075094,0.03632696,0,0,0.1397018,0,0,0,0,0.5002269,0.5817692,0.8250295,0,0.6700569,2.06613,0,0,0,0,1.112313,0,0,0,0.3131363,0,0,0,0,0.270371,1.191685,0.1993595,0,1.299884,0,0,0,0,0,0,0.4101086,0.2501523,0,1.458833,0.4279749,0,0.4603336,0.1223743,0.662323,0.6747409,1.101921,0,0,0.187616,0.03801051,0.3459443,0,0.6680038,0,0,0,0.3617606,0.7359799,0,0.5853221,0.6672671,0,0,0.06454607,0,0.5305013,0.1570104,0,0.2716625,1.016659,0,0,0.9555681,0,0,0,0,0.03961331,0,0.01601131,0,0.3088156,0.1387061,0,0,0,0,0,0,0.6054055,0.1116459,0.1571857,0.05884216,0.6253347,0,0,0.7139131,0.8884158,0.168354,0.339594,0.7659064,0.3946508,0,0,0.8462624,0,2.027843,0.4413041,1.065212,0,0.8002364,0,0,0.0274223,0.7408465,0,2.730599,0.2361518,0,0.5116757,1.45594,0,0.5126457,0.7454737,0,0.3000757,0,0,0,0,0,0,0,0.1702213,0.4307144,1.330634,0,1.179983,0.2994668,0,1.43428,0,0.5090804,0,0,1.111359,0.3584755,0.1308817,0,0.2404618,2.308098,0,0,1.343336,0.5775335,0,0.6611955,1.404082,0,
0,0,0.5107036,0,0.1250087,0,0,0.2596112,0,0.3861943,0.8905784,0.4981963,0.5597471,0,0,0,0,0.3293262,0,0,1.0346,0,0.6633451,0.9096777,0.7148792,0,0,0,0,0.6533039,0.6293648,0.2018055,0,0,0.08827098,0.6409146,0,0,0.04431787,0,2.031067,0,0,0,0,1.245937,0,0,0.768504,1.158951,0.01304258,1.392305,0,0,0,0,0,0,0,0.424197,0.1113955,2.072404,0,0,0,0,0,0.9748703,0.2338117,0,1.592209,0,0,0,0,0.3167786,0,0,0,0,0.179168,0,0,0,0.8606443,0.9075681,0.0883478,0,0.3708835,0,0.4603378,0.1234172,0.1756891,0.3879298,0,0,0.6378447,0.5928227,0,0.32186,0,0,0.4612196,0.6376892,0,0.3036917,0,0,0.2038883,0.3143884,0,0.6694961,0,0,0.05127453,0,0.185544,0.007240727,0,0,0,0,1.441444,0,0,0.5701085,0,1.048202,0,1.072112,0,0,0.5168856,0,0.3040328,0,0,0,0,0,0.5777518,0.1287008,0,0,0.5890391,0,2.155516,0.4507204,0.1160917,0,0,0.6926063,0,0.8326125,0.1043542,0.0192574,0,0,0.7588179,0.6317098,0.7165242,1.069906,0,0.2731149,0.8565434,0,0.1712598,0.9935283,0.3508722,0,0,0.01744142,0.4868608,1.808778,0,0.2196803,0.8688728,0,0.2078474,0,0.3561738,0.699272,0,0,0.3908137,0,0.2465707,0.6246273,0,0.5691705,0,0.1789399,0.6122791,0,0.7739102,0,0,0,0,0.9419085,0.1858833,0.6321391,0,0.311334,0,0.450131,0,0,0,0,0,0,0,0,0,0,0,1.3652,0,0,0,0,0,0.2830005,0,0,0,0,0,0,0,0,0,0,0.0724986,0,0.329767,0,0.2898768,2.148922,1.466589,0,0,0,0.7547089,0.6632142,0.2884137,0,0.985655,0,0,0,0.2626317,0,0,0,0,0,0.1760233,0,1.418645,0,0,0,0.5250642,0,0,0,0,0,0,0,0,1.354923,0,0,0,0.8800331,0,0,0,0,1.833108,0.3258684,0.6537287,0.3148771,0,0,0,0,0.2295429,1.887679,0.6370375,0,0.9707006,0,0,0,0.3821907,0,0,0,0,0,0,0.5409932,0,0.5606977,0.1129811,0,0,0,1.05639,0,0.4758515,0,0,0,0,0,0,0.6657467,0.03154643,0,0.6720428,0.1667653,0,0.7776877,0.1381862,0.6153136,1.145108,0.6704797,0,0.8623557,1.243001,0,0.8603825,1.13192,0.4696245,0,0,0,0,0,0.5930434,0.8379844,0,0.5629247,0,0,0.914895,0.1515609,0,0,0.1843227,0.8889903,0,0.2653937,0.6182371,0.191467,0,0,0.1640902,0.3197345,0,0,0,0.5175545,0.4037801,0,0.01663713,0,0,0,0.4864007,0.1025252,0.3168683,0,0.1868622,0.6018784,0.0373612,0,0,0.1155915,0.2988997,0,0,0,0.08273309,0,0,0.3671162,0.3114812,0,0.8807116,0,0.2551341,0,0.05577622,0.08902463,0.3198148,0,0,0.4275131,0,0.1819863,0.01386745,0.3460099,0,0,0.04759417,0.7231765,0.2317724,0,0.04896314,0,0,1.402131,0.2918223,0,0,0,0.8585746,0,1.023684,1.126402,0,0.03732032,0,0.407661,0,1.298167,0,0,0.2139618,0,0,0.04215168,0.9217992,0,0,0.5487347,0,0,0.2239847,0,0.3294587,0.01410064,0.1196558,0,0,0.3406948,0.5323322,0.8568842,0.8157546,0,0.2244855,0.1378573,0,0,0.4821439,0,0,0.5348281,0,0.09675191,0,0.4455541,0.2853558,0.4273317,0.8783645,0.04341451,0,0,0.3656329,0.6278043,0.5753785,0.6237034,0,0,0.3703914,1.183172,0,0,1.05491,0,0.8946491,0,0,0,0.01029203,0,0,0.66705,0,0.6878591,0,0,0.1964962,0.5649273,0,0,0.7229619,0,0.6038038,0,0.7052751,0.03232342,0,0,0.2208086,0,0.1698725,0.4705162,0,0,0,0,0,0,0,1.390049,0.6671772,0.2181329,0.09350253,0,1.747841,0,0.4425948,0.4874454,0,1.011088,0.2651979,0,0.3915834,0.2869851,0,0,0,0.2214762,0,0.1795591,0,0,0.7828638,0.2196602,0.7202477,0,1.097726,0.8314661,0,0.6108046,0.7671697,0,0,0.6551692,0,1.502744,1.023159,0.6873747,0,0,0.247564,1.053869,0,0.9352542,1.125183,0,0,0,
0,0.89415,0.3040179,0,0,0,0,0,0.2402181,0.6573601,0.8927445,0,0,0,0.3242375,0.4082935,0,0.5601095,0,1.562755,0.3628832,0.1662258,0.4811208,0.4987373,0,0.2147442,0.6088826,1.43125,0,0,0,0.5036945,0.3152006,0.06414822,0.6299706,0,0.153635,0,0,0,0.9521497,0,0.02195,0,0.874557,0.9190398,0.4212702,0.2452405,0,0.5219705,0,0,0.1725644,1.02926,0,0,0.05042141,0.9517443,0.5427844,0.378084,0,0,0,1.072957,0,1.377391,0,0,0,0.6358153,0.6734031,0,1.154469,0,0.1213863,0.2821182,0,0.05171496,0,0,0,1.464627,0,0.3142906,1.164002,0,0,0,0.0560583,0.1343224,0.9923735,0,0.9080185,0,0,0.8423549,0.4150623,0.6363336,0,0.7116511,0.9502636,0,0,0.534565,0,1.120226,0.3179806,0.5566973,0,0,0.684391,0.793663,0.2245736,0.4228598,0,0.310626,0.3648634,0,0.1916541,0,0,0,0.7757892,0,0,0,0,0,1.483858,0,0,0,0,0,0,1.276666,0,0,0,0,0,0.3641094,0.7124147,0,0.5690711,0,0,0,0,0.4184793,0,0.9006964,0.4186115,0,1.447852,0,1.101406,0,0,0.07539655,0.7918147,0,0.3597508,0,0,0.2554471,1.003292,0.2789682,0.5136073,0.2599141,0.2115299,0,0.2437545,0.008193111,0.7640051,0,0,0,0,0.6274314,0,1.133565,0.4192191,0.9636101,0,0.09251913,0,0.01467378,0,0,1.113066,0,0,0,0.1123351,0,0.04597828,0,0.4342611,0.02849367,0,0,0,0.2074498,0,0,0,0.83259,0,0,0,0,0,1.369584,0,0,0,0,0,0,0,0,0,0,0,0,0.3761715,0,0.1113377,0.2733029,0,0,0,0,0.02494686,0,0,0,0.3128707,0,0.6810886,0,0,0,0,0,1.226984,0,0.3958141,0,0,0,0,0,0,0,0.9779168,0,0,0,0.4001541,0,0,0,0.1485983,0.066734,0.07192313,0.8975539,0.04689505,0,0.4663345,0,0,0,0.9014727,0,0,0,0,0,0,0,0,0,0,0,0,0.008008899,0,0.3912504,0,0,1.109697,0.03382873,0.3795028,1.343,0,0,0.007671255,0,0,0,0,0,1.071949,0,0,0,0.1118778,0,0,0,1.629014,0,0,0.3534687,0,0,0,0,0,0,0,0,0,0,0,0,0,0,0,0,1.257239,0,1.302285,0.6056638,0,0.78806,0.02528731,0.4431277,0,0,0.316023,0,0.6583552,0,0,1.399969,0.03395858,0,0,0,1.500634,0.08959766,1.152446,0,0,0.2008285,0,1.484713,0.04837783,0,0.2898813,0.9789732,0.6446812,0,0.006341804,0,0,0,0.2691306,1.025702,0.4481864,0.1528012,0,0,0,1.102059,0.4032159,0.5837309,0,0.520067,0.1859118,0,0.3896991,1.03732,0,0,1.019907,0.296191,0,1.441385,0.3494094,0.3058331,0,0,0.7553946,0,1.206909,0.1752842,0.4282185,0.8712311,0.5488443,0.4543415,0,0,0.4117443,0.3874556,0,0,0,0.0991712,0.1449399,0.193343,1.464901,0.565509,0.5306501,0.1164063,0,0.176844,0.07731315,1.415779,0.7596555,0.840982,0.4472888,0,0,0.3378873,0,0.00785175,0,0.5842083,0,0.002291497,0,1.219241,0,0,0.3828717,0,0,0.03918933,0.4056458,0,0,0,0.002111641,0,0,0.07042268,0,1.596289,0,0,0,0,0,0,0.2760652,0,0,0.3221741,0,0.4284826,0,0.2540129,0,0.03113526,0.9062437,0.2522393,0.6301917,0.7170968,0,0,0,0.3075631,0.6837966,0,0,0.7258821,0,0,0,0.4710974,0,0.7623671,0,0.1677607,1.221653,0.2791534,0.9504533,0,0,0.6678683,0.6403891,0.4210109,0,0.5746348,0,0,0,0,0.8021028,0.8966186,0.9891881,0,0.145513,0,0,0.6672518,1.061244,0,0.2008944,0.3870513,0.1983593,0.04373795,0,0,0,0,0,0.562032,0,0.133868,0,0.3239697,0,0.2561268,0,0,0,0,0,0,0,1.602165,0.1144271,0,0.03779812,0,0,0.9357138,0,0.5895938,0.09992445,1.223064,1.57719,0.621839,0.4767052,0,0,0.7589742,0,0,0,0.0467128,0,0,0,0.3695842,0.2505665,1.007839,0,0,0,0.9722478,0.6396028,0.6770844,0,0.1291088,
1.507172,0.2553943,0.2130675,0,0.1856041,0.9994584,1.265421,0,0,0,1.224722,0.529876,0.9571393,0,0.8640316,0.1094691,0.1235475,0,0.7767949,0.2205493,0,0.1083408,1.064212,0.323543,0.3610956,0.2449442,0.8948775,0,1.209329,0,0.3675824,0,0,0.6880249,0.135368,0.2834096,0,0,0.8319311,0.08018973,0,0,0.3644063,0.08855032,0,0.2724511,0.4582727,0.2294102,0,0,0,0,0,0,0.128559,0.151058,0.6960956,0,0,0.2757429,0,2.226865,0.06337242,0.8668981,0.8252498,0,1.651605,0,0,0,0.2089054,0.04792335,0.8374143,0.9440301,0,0,0.342535,0.855619,0.76385,0,0.885345,0,0.5597628,0.1047556,0.03746134,0,0,0.54449,0.2262602,0.3517553,0,0,1.292715,0.7513804,0,0,0.1246431,0,0.05711142,0,0,0.1533076,0,1.613497,0.9241563,1.182473,0.5291469,0.5478051,0.3053427,0.4562726,0.4376706,0,0,0,0.5815858,0,0.3168072,0,0,0,0,0.1975637,0,0,0.05245331,0,0,0.2563116,0.03528081,0.08677572,0.6707659,1.502755,0,0,0,0.8401265,0.01730177,0.9548346,0.7492676,0.1768577,1.851334,0.7612553,0,0.3510516,0.9611659,0,0,0,0,0,0,1.10402,1.975737,0.6057152,0,1.001278,0.3934932,0.9228021,0.3100351,0.04066337,0,0.3895964,0.2769984,0,0.3974095,0.6219944,0.1092982,0.446034,0,0.0895586,0.2052586,0.06126998,0.2360288,0,0.2574776,0,0,0,0.9174528,0,0.3560503,0,0.3382415,0,0,0,0.3757619,0,0.1318195,0.1362525,0.5177658,0.7188662,0.7255233,0.09583476,0,0.4193154,0.6933242,0.1523535,0,0.8618892,0,0.7869879,0.6951777,0.04196151,0,0,0,0,0,0,0.8715891,0,0.1006643,0.3342115,0,0.7696105,0,0,0,0,0,0.2625521,0.909399,0,0.04193101,0,0,0.674684,0,0,0.4589228,0,0,0,0,0,0,0,0,0,0,0,0,0,0,0.12191,0,0,0.7255957,0,0,0.7995761,0,0,0,0,0.1153495,0,0,0.4491223,0,0,0,0,0,0,0,0,1.684856,0,0,0.3614128,0,0,0,0,0,0,0,0,0,0,0,0,0.002026115,0,0,0,0,1.010692,0.2558159,0,0,0,0,0,0,0.03932509,0,0.2715985,0,0,0.1930117,0,0.166953,0,0,0.5705115,0,0,0,0,0,0,0,0,0,0,0,0,0.1774398,1.425014,0,0,0,0,0,0,0.0309586,0,0,0.177732,0,0,0,0.8027627,0.09830907,0.953687,0.8428117,1.417684,0.2500838,0.3856529,0.5356236,2.044779,0.4117364,0,0.3611341,0,0,0.9831553,0,0.1199889,0.730048,0.2810761,0,0,0.7124832,0.3424087,0,0,1.125962,0,0.3328466,0,0,0.5426362,0.2123972,0,0.1679526,0.9679232,0.2297054,0.08401053,0,0,0.269223,1.042597,1.267972,0,0,0,0.4143975,1.108269,0,0,0.1102796,0,0,0,0.06863897,0,0,0.2130488,0.6335864,0.5015327,0,0,0.8712373,0,0,0.6609794,0.837357,0.4079357,0.7580047,0.2999498,0,0,0,0,0,0,0,1.328221,0,0.3874001,0.03502534,0,0,0.8958293,0,0,0.0926417,0.2681237,0,0.7979777,0.6370482,0,0,0.4134277,0.5253708,0,0,0,0.5490204,0.6547814,0,0.7134494,0.4913892,0.6437382,0,0,1.557203,0.7387264,0.9807339,0.3306572,0.7021229,1.384393,1.48386,0,0.3390478,0,0,0,1.064151,0,0.509986,1.388497,0.7372712,0.6277149,0,0.3320363,0,0,0,0,0,1.035154,0.1157488,0.5759516,0.2216737,0,0,0,0,0.3239318,1.028986,0.644732,0,0,0,0.7477821,0.1232209,0.05456303,0.7503294,0,0,0,0.387322,0.4044701,0.3240094,0,0,0.4431523,1.268504,0.03331392,0,1.193013,0.1405533,0.638366,0.6724505,0.5479865,0.02576049,0,0.7270697,0.5395771,0,0,0,0.3200048,0,0,0,0.2559433,0,0,0.1454353,0,0.1417266,0.7581619,0.9043765,0,0.08926125,0.7113241,0,0.976465,0,0,0,0.9578874,0.5439961,0,0.1904382,1.110783,0,0.3417453,0,0,0.5272908,0.03788626,0.5529199,0.4113601,0.01571021,0,0,0.1658832,0.9529647,0.1993506,0,0.8916957,0.4250231,0,0,1.650455,0.1384082,1.019308,0.3915269,0,0,0.5041489,0,0.275851,0,0,0.6221156,0,0.5497022,0,0.7850789,0,0,0.3141214,
0,0,0,0.9953943,0,0.7754799,0,0.2619017,0,0.4590943,0,0.4131856,0.6885017,1.160054,1.238831,1.050734,0,1.139775,1.254704,0,0.4064671,0,1.004355,0,0,0.914423,0.140029,0,0,0.2794088,0,0,0,0,0.4981162,0,0.1739951,0,0,0.293407,0,0.3385212,0.1137831,0,0,0,0,0.5492396,0,0.6929721,0.8492523,0.7831355,1.920691,0.3346608,0.5429176,0,0,0.494115,0,0,0,0,0.002454358,0.01712628,0,0,0.6113026,0.2482598,0,0,0,0,0,0,0,0,0.2927684,0.350554,0,0,0.007981625,0,0,0.5390815,0.1462037,0.52674,0.23621,0.4004425,0.4738478,0.4646285,0.5477521,0.0176997,0,0,0.3651278,0,0.9513958,0,0,0,0,0.3067903,0.7161631,0.7102495,0,0,0,0,0,0.5518057,0,0.4665439,0,0.4491829,0,0.8022119,0.2380702,0,0.1806714,0.4461286,0.8563015,0,0.3617581,0,0,0,0.04961373,1.056236,0,0,0.2606251,1.210625,0,0,0.6388854,0.4090866,0,0.7304679,0,0,0.750565,0,0.8385656,0.648857,0.2105832,0,0,0,0.587133,0.5202454,0.09834789,2.029957,0.243998,0,0,0,0,0,0,0,0,0.01354339,0.9410487,0,0.8005579,0.7954071,0.8925179,1.248882,0.0289574,0,0.2425027,0,0.5775327,1.058102,0.03690496,0,0.1301395,0,1.976536,0.5312474,0.0529749,0.3662206,0.2121125,0,0.9001555,0.7361885,0,0,0.2676467,1.032466,0.2129664,0.5203531,0.9796252,0,0,0.102962,0.4639108,0,1.674134,1.365878,1.012688,0.2380172,0,1.733945,0.7156332,0,0,0,0,0,0,0,0,0,0,0,0.003098311,0.8353481,0,0.03059097,0.4758685,0,0,0,0,0,0,0,0,0.2325324,0,0,1.173819,0,0,0,0,0,0,0,0.3217373,0,0.18285,0,0,0,0,0,0,0,1.038431,0,0,0,0,0.4526232,0.2875844,0,0,0,0,0.1385359,0.07283773,0.1878469,0,0,0,0,0,0,0.02714582,0.3826705,0,0,0.7035787,0,0,0,0,0,0,0,0,0.3573503,0,0,0.4739127,0,0,0,0,0,0,0,0,0,0.1454785,0,0,0,0,0,0,0,0,0,0,0,0,0,0.9333635,0,0,0,1.067291,0,0.3862766,0.6063203,0,0,0.6602737,1.138726,1.413946,1.083379,0,0,2.065441,0,0,0.3216972,1.863552,0,0.2794112,0,0,0,0.7967411,2.346471,0,0.3648928,0.7919195,0.5019798,0,0,0,0,0,0,0.05224963,0.3095137,0.08270566,0,0,0,0.131823,0,0,0.7904869,0,0.2937358,0,0,0.7025966,0,0,0.05861454,0,0,0,0,0,0,0,0,0.08873854,0.03591803,0.4267153,0.3562038,0,0.9399447,0,0.4783667,0.2310036,0,0.05668112,0.1813159,1.238036,0,0,0,0,0,0,0,0,0,0.8098654,0,0,0,0.2081752,0,1.330183,0.105337,0,0,0.2016119,0.33653,0,0.03467408,0.3491483,0,0.7727594,0.430461,0,0.9404171,0.6063905,0,0,0.45852,0.06789037,0.02459016,0,0,0,1.181602,0,0,0.09331306,0.6670735,0,0,0,0,0,0.7475834,0.208073,0.1542105,0.7328369,0,0.2582271,0.5907856,0.5514526,0,0.8119501,0,0,0,0.9883053,0.3605093,0.6752775,0.3581395,0.04261924,0.5643515,0,1.465741,0,0.2396269,0,0.3919086,0.4368996,0,0,0,0.5708706,0.1688912,0,0.5841697,0.1749504,0.4978248,1.21112,0,0,0,0.9592617,0.7127243,0.279482,0,1.248142,0.8838912,0.8033716,0,0,0,0,0.3030962,0.3928502,0,0,0,1.321632,0,0.1175492,0,0.3375133,0,0,1.783032,0,0,0.8861926,0.1034723,0.5690296,0.5461581,0.4272906,0,0.4743858,0,0.3547085,0,0.3686441,0,0,0.1830526,0,0,0,0.5834799,0.3083448,0.5196294,0,0.3535948,0.8914299,0,0.5951369,0,0,0.3104229,0.09023006,0.5400365,0.1704568,0,0.05725816,0.7371712,0.8687375,1.271008,0,0,0.4850819,0.1159767,0,0.5417138,0.6787242,0.1046766,0,0.4987957,0.6754681,0,0.2801001,0.2248835,1.052909,0,0.3171811,0.4052875,0,0,0,0,0.6551569,0.09395967,0,1.074157,0,0.8961092,0.04393617,0.8569775,0,0.005509443,0,0,
0.3739153,0.515078,0.9855365,0.1369943,0.4470726,0,1.48481,0.5144778,0.6374773,0,1.062197,0,0.2228214,0,0.4772512,0,0,0,0.2362724,0.2479678,1.08831,1.147545,0,1.433648,0,0.03633293,0,0.5129613,0.7318881,0.6777796,0,0,0.3705323,0,0.9310966,0.5121822,0.369711,0.09760686,0.08196616,0.2146827,0.4596753,0,0,0,1.023723,0.1737244,0,0.5495698,0,2.199172,0.86658,0.03095353,0,0,1.27113,0,0,0.9456774,1.239491,0,1.423142,0.03469716,0,0,0,0.2501065,0,0,0,0,0.9323966,0.198052,0.8220075,0.5193514,0,0.9930866,1.054651,0,0,0,0,0.1267448,0,1.199929,0,0.06810199,0,0.6294584,0.2898735,0.8721139,0.4892357,0.7236322,0.4599532,0,0,0,0,0,0,0.1649427,1.700523,0,0,0,0.3823706,0.6969134,0.376577,0.5168707,0,1.087468,1.211161,0,0.8539114,0.5984286,0,0,0.00818037,0,0.9284536,0,0,0,0.5629533,0,0.9352696,0.2451454,0,0,0,0,0,0,0,0,0.4541304,1.167188,0,0,0.1069402,0,0,0,0,0,1.54508,0.8920275,0,0,0,0.4005944,0,0.6727156,1.120739,0.6243653,1.053774,0,1.18905,0,0.4394477,0.2696932,0,0.3653939,0,0,0.002263456,0.289952,2.397131,0,0.2915166,0.5965185,0,0,0,0.008533135,1.314251,0,0,0,0.4400762,0,1.345376,0,0.05012789,0,0.971771,0,0,0.02347887,0.02724285,0.5535367,0,0.1819897,0,0,0,0,0,0,0.4161092,0.2540597,0,0.2859716,0,0.05120325,0,0.6406285,0,0,0,0,0,0,0.06183388,0,0,0,0,1.708773,0,0,0,0,0,0,0,0.4780569,0,0,0,0,0,0.3929618,0,0.1647537,0,0,0,0,0,0,0.6892354,0,0,0,0,0,0,0.02200464,0,0,0.4626311,0,0,0,0.2036962,0,0.4550632,0,0,0,0,0,0,1.01111,0.3406696,0,0.8311199,0,0,0.1533652,0,0.4264018,0,0,0,0,0,0,0.5185356,0,0.07654648,1.023571,0,0,0.4885652,0,0,0.199293,0,0.3354176,1.778206,0,0,0,0.1928702,0.01914709,0,0,0,0,0,0,0.3935692,0.2110828,0.06193363,0,0,0,0.1964803,0.2938452,0,0,0,0,0,0.3190677,0,1.108178,0,0,0.7792589,0,0,0,0.3843588,0,0,0,0,0.08875018,0,0,0.6314012,0,0,0,0,0.2648663,0.7621108,0,0.3995292,0.01017345,0,2.260012,0,0,0,0,0.03559424,1.03346,0.5403179,0.1898454,0.2362828,0,0,0,0.3218416,0,0,0,0,0,0,0.03473639,0,0,0,0,1.389236,0.1107003,0,1.111004,0,0.8242126,0.1960511,0,0.02960921,0,0,0,0.650179,0,0,0,0,0,0,0.8917739,0,0.06702804,1.225268,1.0145,0.2098593,0.4914788,0,0,0.1132609,0.8794992,0.0482708,0.4017892,0,0,0.1063244,0.3650635,0.8432884,0.3667295,0,0,0,0.5612611,0,0,0,0,1.114668,0.5784522,0.3518568,0,0,0,0,0.1019686,0,0,0.08635158,0.1630878,0,0.03540349,0,0,0.8884435,0.1729027,0,0.8322991,0.7816603,0.4848998,0,0,0.005169606,0.9328772,0.7431828,0,0,0.2187301,0,0.806406,0.7736893,0,0,0,0.7467513,0,0,0,0,0.6100966,1.229865,0,0,0,0.2053988,0,0.5016289,0.125514,1.438417,0,0.7428921,0,0,0,0,0,0.6425701,0,1.112014,0,0.9389314,0,0.1616687,0.3719122,0,1.575223,0,0.6667399,0.5172841,0,0.1562678,0,0,0,0,1.738759,0.6137393,0.002209898,1.123806,0,1.545641,0,0,0,0.9427749,0,1.259823,0,1.738665,0.6669254,0.6064418,0.5261926,0,0,0.7634618,0.4455365,0,1.213369,0.3439566,0.1410476,0,0.9578323,0.4596664,0,0,1.156807,0,0,0,0,1.248416,0.1871099,0,1.52893,0.663493,1.989267,0,0,0,0.307455,0.6295589,0,0.7825977,0,0.01052537,0,0,0.02693728,0,0,1.11369,0,0,0,0.2231894,0.4541033,0.9229279,0,0.05228186,1.615536,0,0,0.7680023,0,0.7296534,0,0,0.1161078,0,1.546504,0,0,0,0,
0,0.0905891,0,1.638245,0,0,0,0,0.762134,0.2705534,0.3151245,0.4754857,0.1899428,0,0.8427877,0,0,0,0,0,1.28131,0.9914365,0.8824782,0,0,0,0.01152332,0,0.5571131,0.5065821,0,1.963509,0.7618465,1.126414,0,0.6625828,0,0,0,0,0,0,0.3239444,0,0.2100499,0.3459215,0,0.2150727,0.8901922,1.034663,0,0.1131739,1.302839,0,0.2999033,0,0,0,0.1305752,0.5186918,0,1.012941,0,1.154811,0,0,0,0.04387438,0.17026,0.376588,0.05040127,0,0,0.4989393,0,0,0.03796029,0,1.342871,0,0,0,0,0.9274587,0,0.2809672,0,0.009077546,0,0,0,0.6723269,0.9370024,0,0,0,0.4263979,0,0.246578,0,0,0,0,0.9327485,0,0.5504063,0.096857,0,0,0,0.5240791,0.04227966,0,0.06602509,0.1182489,0,0,0.008933834,0,0,0.06723019,0.6359227,1.416806,0.9378372,0.4892616,0,3.128615,0,0.4177613,1.383121,0,0.3587906,0,1.627098,0.3455903,0,0.1722724,0,1.269642,0.002371627,0,0.2344736,0,0,0.003138357,0.2816105,0.09803892,0.3001408,0,0.433277,0,0.3850994,0,0.9890921,0.4762177,0.3755251,1.292945,0,0.1010135,1.148552,0.6719107,0.1596992,0.1096258,0,0,0.1864985,0,0.3337432,0,0,0,0,2.372059,1.019945,1.215653,0.3074245,1.995141,0.07517395,0,0,0,0,0,0,0.6344574,0.5081415,1.016869,0.3885348,0.2756808,0.6804882,0.01653651,0,0,0,0.02522762,0,0,0,0.1944886,0,0,0,0.2555392,0.4779198,0,0.1965287,0.02749277,0,0,0.5584593,0.6778771,0,0.07278014,0.07613744,0,0,0,0,0,0,0.01930397,0,0,0,0,0,0,0,0,0.3325689,0,0,0.3401077,0,1.344962,0,0,0,0,0,0,0.2984774,0,0,0,0,0,0.2244941,0,0.8947778,0,0,0,1.300428,0,0.7150781,0.09156532,0,0.0295839,0,0,1.961435,0,0.2080557,0,0,0,0,0.8431457,0,0,0,0,0,0,0,0,0,0,0,0,0,0.05262689,0,0,0.01233052,0,0,0.0149631,0,0,0.8585496,0,0,0,0,0,0,0.7606926,0,0,0,0,0.1791129,0.1181531,0,0,0,0,0,0.4309416,0,0,0,0,0,0.228602,0,0,0,0,0.6158057,0.8917787,0,0.184435,1.279849,0,0.1263529,0,1.198131,0,0,0,0.504923,0.2531443,0,0,0.5574575,0.07138102,0.3509408,0,0,0,0,0.7177103,0.06918342,0.2665023,0.8329858,0.9427553,0.3633204,0,0,0.6830031,0,0.1366489,0,0.3501426,2.463741,0,0,0.5747346,0,0,0.420176,0.4508131,0,0,0.3470029,0.5772473,0,0.4152627,0,0.5012916,0.5155457,0,0.8959101,0.2759214,0.6587375,2.021211,0.5956767,0,0,0.4670361,0,0.7022039,0,0.3244265,0,0,0.6579888,0,0.1671061,0,0,0,0.5792597,0,1.568054,1.052166,0.578653,0,0,1.181814,0.6529301,1.781408,0,0,0.6068362,0,0,0,0,0,0.6127431,0,0.1212845,0.2695521,0,0.7110188,1.143074,0.1546218,0,2.207471,0,0,0.6023431,0.1135673,0.622541,0.4570051,0,0.2246946,0.4901636,0,0.4326192,0.5016575,0.9347762,0.2048206,1.353188,0,0,0,0.1563511,0,0.35232,0.1519927,0,0,0,0.6550943,0,0,0.002330958,0,0.4207287,0,0,0,0.4152288,0.3262101,0,0,0,0,0,0,0,0,0,0,0.4425981,0.6210774,1.313793,0,0,0,0,0,1.134906,0,0.4433369,0,0.8709153,0,0.2425871,1.152657,0.207862,0.3029093,0,0,0.1883473,1.061706,0.6187467,0,0,0.8584837,0,2.095975,0.7235177,0.1883885,0.5118392,0.4396679,0,0.3849988,0.0874123,0,0,1.54608,0.1045888,0,0.1256218,0,0.04672624,0.8858504,0.215187,0.2124009,0.8085576,0.5040531,0,0,0,0.09487629,0,0.3428119,0,0,0,0.7183856,0.9480738,1.574137,0,0.6114827,0.0370605,0.002324101,0,0,0,0.03450041,0.4382329,0.8822429,0,0.04635417,0,0.4050824,0,0.9103345,0.1497989,0.415977,0.5748162,0.2523474,0,0.9143353,0,0.6053424,0,0.5912504,0,0,0,0,0,0,0,0,0.2366974,0,0.2472672,1.752667,0,0.8228889,1.379772,
0,0.2112454,0,0.2558059,1.001625,0.507306,0.6630887,0.6580688,0.2952453,0.6189236,0.7597068,0.9917945,0,0,0,0.5896429,1.166067,0.8289605,0.2082133,0,0,0,0.138263,0.5005195,0.7107874,0.3296954,0.05035942,0,0.7167874,0.2918377,0,1.358304,0,0,0,0.3689394,0,0,0.7867057,0,0.02167781,0,1.036761,0.02694833,0.5172624,1.054973,1.007501,0.5332564,0,1.162452,0.7626497,0.4784148,0.3405324,0,0.8544203,0,0,1.356217,0,0.04094973,0.03906232,1.76724,0,0,0.2611435,0,0,1.066283,0.5773071,0,0.6045426,0,0.5923764,0.002420413,0,0,1.05381,0,0,0.02932955,0,0.1334967,0,0.6780723,0,0,0,0,0,0.7255221,0,0,0,1.09054,0,1.282677,0.7317887,0,0,0,0,0.7367821,0,0.08142836,0,0,2.032567,1.398927,0,1.626466,0.3696893,0,0,0.4864469,0,0.2184819,0,0.3169508,0.2206907,0.9945434,0,0,0,0.8118608,1.072794,0,0,0.1015722,0,0.535344,0.5376951,0.3275906,0.4656076,0,0,0,0.3690743,0,0,0,0,0.5660632,0.6169559,0.8540438,0.596949,0.6194308,0.1006374,0,0.1768493,0,0,0,0,0.6863388,0,0,0,0,0.6090204,0,0,0.2583056,0.1066827,1.61644,0.3051971,0,0,0.1183788,0,0,0.5350657,0,0,0,0,0,0.3840994,0,0,0.1693931,0,0,0.6456527,0,1.072951,1.23623,0.6000186,1.45964,0,1.479643,0.4860439,0,0.7243304,0.3471219,0,0.4145171,0,0,0.435959,0.4329112,0,1.493631,0,0.002385451,0,0,0.2084618,0.6398233,0.2660566,0,0,0,0,0,0,0,0,0,0,0,0,0,0,0,0,0,0,1.274103,0,0,0,0,0,0,0,0,0,0,0.05367898,0.1208477,0,0,0,0,0.040893,0,0,0,0.4327131,0.3106922,0,1.031428,0,0.8719467,0,0,0,0,0.5044048,0,0,0.5621378,1.068059,0,0.147703,0,1.050837,0,0.2883357,0,0,0,0,1.462159,0,0,0,0,0,0.9785574,0,0.585302,0,0,0,0,0,0.8581041,0,1.219577,1.492787,0,0.7605526,0,0,0,0,0,0.8367534,0,0,1.177358,0.03934668,0,0,0,0,1.519856,0,0,0,1.107132,0,0.5502778,0.7302006,0,0,0,0.8666472,0,0,0,0,0,0,0,0,0.8332987,0,0,0.07742734,0,0,0,0,0.3118668,0.4649349,1.071591,0,0,0.5209041,0.2081213,0,0.5353222,0.5660409,0.5438004,0,0,0,0,0,0,0,1.146527,0,0,0.1221594,0.9012908,0,0,0,1.437478,0.1298393,0,0.5572578,0.04192323,0.8951997,0,0.6216227,1.418248,0,0.842836,0,0.4158299,1.159409,0.4317617,0,0,0.4798701,0.1297546,0,0,0,0,0,0,0.5644255,1.093212,0,0.7736101,0,0,1.401251,0,0,0.01373842,0,0.4982958,1.425125,0.7228071,0.8017449,0,0,0,0,0,0,0,0,0.08421102,0.9262677,0,1.244281,0.3858677,0,2.068728,0,0.6006342,0,0.7704922,0.5038797,0,0,0,0,0.2439945,0,0,0,0,0.1236052,0.3677458,0.998099,1.868385,0,0,0,0,0,0,0.1149986,1.587659,0.5236543,0.7439299,0.3079314,0.6056182,0,0.327417,0,0.07503891,0,0,0,0.6936612,0,0,0,0,0.2492439,1.090206,0,0,0.2478435,0.4574065,0,0.8112035,0,0.6179128,1.419027,0,0,0.5172298,0,1.052248,1.080056,0.5691015,0,0,0,0,0.2605137,0,0,0.1588969,0,0,1.596129,0,0.7501388,0,0.6310215,0,0.7251928,0,0,0.446025,0.45009,0.3815638,0,0,0.3598687,0,0.4954466,0.4302594,0,0,0,0,0.5381095,0,0,0.4853931,1.171133,0.009060524,0,0.8475292,0.1660232,0.0676515,0,0,1.508929,0.7714123,0.4603983,0,0.5472034,0.07817886,0.9169681,0,0.1444643,0.07988866,0,0.4357451,1.349641,0.236623,0,0,0,0,0.8992662,0,1.404752,0,0,0.2328816,0,0.1666127,0.5655743,0,0,0.4606036,0,1.048226,0,0,1.012716,0,0,0,0,0,0,0.7829401,0,0.2770552,0.6644047,0,0.4550163,0.1611894,0.9307864,0,
0.4460456,0.6387326,0,0.7611675,0,0.157392,0.5134055,0,0,0.6207544,0.9401332,0,0.6850812,0.7408118,0,0,0.3400629,0.8635031,0.6196772,0.4665007,0,1.199669,0.1450315,0,0,0.575137,1.170584,0,0.1538514,0,0,0,0,0.6066804,0.007280772,0.07939629,0,0,0.9168784,0.7471648,1.782948,0,0,0.3941919,0,1.210533,0.009667783,0,0,0.1863698,0,0,0,1.16142,0.711342,0.602343,1.203935,0.3591027,0,0,0.8710101,0.5000002,0.006553748,0.04576742,1.088496,0,0,0,0,1.331359,0,0,0.128066,0,0,0,1.026491,0.005224147,0,0,0,0,0,0,0,1.610011,0.6898904,0.2326818,0.3246424,0.1295739,0.4737298,0,0.9407825,0,0,0.3996259,0.8246528,0,0,0,0,0,0,0,0,0.005195446,0,1.528932,0,0.02809167,0,0,0.495374,0.4991564,0,0,0,0.3481036,0.4411062,0.6614375,0.4842083,0,0.3099748,0.5355538,0,0,0.849897,0,0,0.4190325,1.609503,0.03162972,0,0.4880502,0.9781387,0.2328794,0,0,0,0,0,0.719267,0,0.1492357,0.8041462,0,0,0,0.005603313,0,0,0,0,0,1.323267,0,0.2847403,0,0,1.184478,0,0,0,0,0.3352539,2.582663,0.9815448,0,0.5162268,0.5562257,0,1.557414,0,0.4028308,0.5535144,0,0,0.752259,0.8995767,0,0,1.056013,1.765465,0.410363,0,0.8934324,1.02353,0,0.5590644,0.9098355,0,0.9648232,0,0.1662923,0.3776909,0,0,0,0,0.5321442,1.322247,0,0.2499817,0,1.84193,0.6843665,0.7389906,0,0,1.897954,0,0.5022844,0,0.7144293,0,0,0,0.08716811,0,0,0,0,0,0,0.6934321,0.09360463,0,0,0,0.2236321,0,0,0,0.9791194,0.386708,0,0,0,0.7585416,0,0,1.255715,0,0,0,0,0,0,0,1.185849,0,0.3440006,0.02607634,0,0.6424958,0,0.09069551,0,0,0.6534079,0.1002167,0,1.293075,0,1.233596,0,0,0,0,0.06826784,0,0,0,0.2614678,0.06272279,0,0.8382207,0,0.5525629,0.884975,0,0,0,0,0.03512596,0,0,0,0,0,0,0.8447208,0,0,0,0,0.6934237,0,0,0,0,0,0,0.1561921,0.5798385,0,0.1859254,0,0,1.235093,0,1.203131,0,0,0,0,0,0.7652502,0,0.1991534,0,0,0,0,0,0,0,0,0,0.4714245,0,0,0,0,0,0,0,0,0,0.5658617,0,0.4277059,0.2129634,0,0,0,0,0.1457127,0,0,0,0,0.665636,0.9766026,0,0.06343739,0,0,0.1855908,1.600216,0.08273219,0,0.1702935,0.3458508,0,0,0,0,0.05299836,0,0.3525576,0,0,0,0,0.3412529,0.1459982,0,0.06292785,1.466975,0.5427861,0,0.6313504,0,0,0.2384088,0.8101332,1.373433,0.2458728,0.2922236,0,0,0.2501542,0.5567665,0.1255301,0,0.2602998,0,1.741717,0,0,0.308204,0.7089533,0.03193588,0,0,0,0.02444821,0,0,0.3410783,0,0.03923319,0.5732803,0,0.2003166,0.1769886,0.03310205,0,0,0.2730905,2.149392,0.3778268,0,0.5055358,0,0.6047774,0.2698664,0,0,0,0,0,0,0.1745653,0,0.403697,0.3246288,0.3982382,0.237205,0,0,0,0,0,0,0.6395054,0.4816902,1.264849,0.04395803,0.9198636,0,0.8539975,0,0.3233451,0,0.7054446,0,1.279898,0,0,0,0,0.3789292,0,0,0.6135657,0,0.9175665,0.1424672,0,0.7696478,0,0.6009892,0.08235468,0,0.1312774,0.2547217,0.864703,0,0.6082802,1.594294,0.3631813,0,0.9430364,0,0.7208194,0.00785361,0.4197493,0,0.8930324,0,0.03403078,0.9264636,0,0,0,0.9033817,0,0,0,0.5617547,0,0,0.2295341,0,0.833748,0,0.4993968,1.591855,0,0.6972631,0.1859133,0,0.5033218,0,0.7355915,0,0.4188248,0.3289793,0,0.04587379,0,0.6645033,0.2111733,0,0,0,0,0,0,0,0,0,0.1683402,0.1797629,1.103622,1.962224,0.2864586,0,0,1.289988,0,0.3360342,0.3299908,0,0,0,0,0.6243549,0.002398957,0,0.1871929,0,0,0.624739,1.069529,0,0.2404209,0,0.527647,0.6587873,1.377153,0.01758896,0,0,0,1.422355,0,0,
0.6767151,0,0,0,0,0,0.3838074,2.065799,0.9669428,0.0400463,0,0.2962074,0.7760683,0,0.1000143,0.8811935,0.7635619,0.4183483,0,0.02557488,0,0,0.6352192,0,0.4111087,0.5024812,0,0.03739101,0.1874707,0,0,0.6030957,0,0,0.2399111,0.161382,0.1589094,0.919939,0,0.2547224,1.20002,0,0.4100873,0,0,0,0,0,0.3250484,0.1220297,0.7688091,0.06880864,0.0827091,0,0.1527486,0,1.311369,0.1431808,0,0,0.02980476,0,0.3384637,0,0.1958287,0,0.5587208,0,0,1.052474,0.3060938,0,0,0,0,0.5338776,0,0,0,0.8197362,0.3501519,1.157736,1.3257,0,0.8991178,0,0.2806677,0.1803457,0,0.8146366,0,0,0.8062788,0,0,0.4865889,0.1369774,0.2055126,0.3819799,1.052595,0,0.0025806,0,0,0,0.2732293,0.1193682,1.158482,1.366236,0.5030051,0.7794059,0,0.6598861,0.1278554,0.266368,0,0.3605039,0.08614501,0,0.2742241,0.8001969,0.6256593,0,0,0,0.3056334,1.685726,0.5851067,0.7823794,1.222066,0.3843178,0,0.1649732,0.08784495,0.01746263,0.1960245,0.5519474,0.9578521,0,0,0,0.05573574,0,0,0,1.086263,0,0,0.0913643,0,0.2514194,0.5631437,0.1461098,0.04725121,0,0.09821545,0,0,0,0,0,0,0,0.4559978,0,0.1775092,0.8253705,0,0,0.7356429,0.5572777,0.2253586,0,0,0.03148747,0,0,0.8719037,0.3649375,0.5161205,1.901185,0,0,0,1.189627,1.411159,1.856867,0.2181334,0.3370273,0.2104907,0,0,0.1238223,0.2739065,0.0564717,0,1.2499,0.3141284,0,0.5843102,0,0,0.6361886,0.9227135,0,0.7717193,0,0,0.7093405,0.3319021,0,0.04641055,0,0,0,0.3705941,0,0,0.1921643,0,0,0,0.795285,0.8564627,0.1511968,0.8110927,0.9599836,0,0,0,0,0,0,0,0,0,0,0.7103417,0.4133334,0,0.6061395,0,0,0,0,0,0,0,0.2031122,0,0,0,0,1.30872,0,0.2343692,0.2953522,0,0.4060451,0,0,1.755677,0,0.299709,0,0.3354639,0,0.6145384,0,0,0,0,0,0.7768896,0,0,0,1.321343,0,0.8200829,0.7305908,0,0,0.4576509,0,0,0,0,0,0,0,1.064368,0,0,0,0,0,0,0.1389909,1.395833,0.002278894,0.6555677,0,0,0,0,0,0,0.5687093,0,0.03967996,0,0,1.082553,0.3454269,0,0.1348079,0,0,0.3180005,0.1362484,0.1665557,0,0,0,0,0,0,0.5606176,0,0.2694862,0,0,0,0,2.343397,0,0,0,0,0,0,0.7519115,0,2.245781,0.0749457,0,0,0.09412644,0.4449805,0.642479,0,0.4242523,0,1.030335,0.6687022,0,0,0.9589868,0.8637289,1.290603,0.2445778,0,0,0.1520549,0.352933,0.5083873,0,0.8131433,0.1917536,1.707156,0.8185128,0.2030986,0,0.1846779,1.28791,0,0,0.1462233,0.2239871,0,0.3416341,0,0,0.2468123,0,0.3503715,0,0.02696727,0.6686277,0.3967389,0.5720416,0.008770925,0.5771571,0.5410521,0,0,0,0,0,0,0.03046865,0.1081834,0,0.6023073,0,0.04453998,0.1265153,0.02830169,0,0,0,0,0.4725532,0,0.3548206,0,0.16913,0.3940279,0.55163,0.9838301,0.0380638,0.1178153,0,0,0,0.09920291,0,0.2503982,0.3332987,0.6925398,0.330304,0,0,0,0.3759034,0,0.6682881,0,0.8169603,0,0,1.598885,0.8476375,0.5415796,0,1.041627,0,0,0,0,0,0,0,0,0.227428,1.508101,0,0,0.2411037,0.3931964,0.01375498,0.5686827,0.1544023,0.62556,0,0,0,0.5280744,0.1581805,1.645219,1.752352,0.2292752,0,1.596569,0,0,0.390368,0.6333108,0.9299783,0,0.6426784,0.1458298,0,1.440745,0,0.4797195,0.8833513,0.6934823,0,0.4209012,0.1379884,0,1.682631,0,0.4009376,0,0,0,0.5834965,0.1841703,0,0,0,0,0,0,0.8508995,0.2505336,1.902824,0.2577114,0.4467948,0.3341378,0.5501684,0,0,1.621611,0,0.5019464,0.4974903,0.7497744,0.678669,0,0,0.206277,0.6058623,0,0,0.09432071,0.09146129,0.6423095,0.5485461,0.06163625,0,0.9334985,0.2064721,0.8917131,0,0,0.5283972,0.62905,0.1388367,0,0,0,2.009954,1.057963,0,0,0,0,0,0.05732815,0,0,0.8475079,0,0,0,0,0.1504887,0.1244547,0.967558,0.7629672,0.005540151,0,0.5538714,0.01714891,0.4838063,0,
0.6001866,0,0.2212939,0.3570858,0,0.4349419,0,0.7507801,0.6531827,0,0.02367522,0,0,1.100292,0.08498576,0.6462664,0.5298073,0.9385203,0,0,0,0.3802873,0.5854607,0,0,0.9737295,0,0.5914566,0,0,0,0.4235508,0.5488995,0,0.2435478,0,1.668232,0,0.9048093,0.6021284,0,0,0,0.0100807,0,0,0,0,0,0,0.08036162,0.386907,0.278899,0,0.8178684,0,0,0,1.577495,0.8813891,0.7819232,0,1.642939,0,0.3988899,0.3098059,0,1.614186,0,0,1.06624,0,0.7054115,0.002648693,1.443638,0.9631303,0.4177105,0,0.3092715,0,0,0,0.8219647,1.025872,0.4288433,0,0.6647075,0,0,0,0,0.01684196,1.246036,0.3196603,0,0.1054068,0.8538383,0.6951385,0,0,1.220489,0,0,0,0,0.2363585,0.5576254,0.4764428,0,0.8157657,0,0,0.2416552,0.3465877,0.3089758,0,0,0.01195758,0.03119223,0.5373392,0.7104221,0,0,0,0.1597393,0,0,1.27453,0,0,0,0,0.5304009,0,0.5629398,0.04794705,0.09938817,0.1928536,0.5457191,0.07860447,0.6818854,0.1980161,0.8410509,0,0,0.4387538,0,0.5512743,0,1.13494,2.00528,0.4144898,0.4827475,0,0,0.8347161,0,0,0.4460775,0.476754,0.07121605,0,0,0.230097,0.3262418,0,0.6253252,0.08743353,0.8153567,0.006904361,0,0.7463407,0,0,1.749578,0,0.3011609,0,0.5528097,0,0,1.879885,0.2148229,0.9014883,0,1.026535,0.2405586,0,0.3585834,0.3614303,0,0.5213434,0.7144792,0,0.2098954,0.265126,0,0.02693065,0,0.3736145,0.682667,0,0,0,0,0.08088453,0,0,0,0.5768364,0.967285,0,0,1.657463,0,0,0,0,0,0,0,0,0,1.419711,0,0,0,0,0,0,0.3391048,0,1.061278,0,0,0,0,0,0,0.9121213,0,0,1.234167,1.48657,0,0,0,0,0,0,0,0,0,0,0.7622986,0,0,0,0,1.214219,0,0,0,0.7660605,0,0,0,0.1715746,0,0,0.2819155,0,0.0043756,0,0,0,0,0.3718776,0,0,0,0,0,0,0.06245071,0,0,0,0,0,0,0,1.455879,1.717869,0,0.4257883,0,0,0,0,0,0,0.007213678,1.088474,2.198861,0,0.4418522,0,0,0.1440371,0.005666763,0.1872874,0.4709567,0.8117924,0.6909207,0.6955736,0.6356637,0,0.4035529,0,1.84229,1.115138,0,0,0,0,0,0.6251295,0.647808,0,0,0,0,0,1.181209,0.1326426,0,0,0,0,0,0,0,0,0.9692136,0,0,0.5268541,0.3113578,0,0,0,0,0.8192692,0.1801279,0,0,0.0160654,0,1.293321,0,0,0,0.4906237,0.1520424,0.8393638,0.8676237,0,0.7245694,0.1220019,0,0.5696415,0.2963944,0,0,0,0.4924036,0,0,0,0,0,1.517167,0,1.334572,0.0630818,0,0.5294295,0.3946743,0,0.4210871,0,0.101296,0.7384322,0,0,1.486694,0.4086686,0,0,0,0,0,0,0.8641147,0.9428757,0,0.05328022,0.433304,0,0.5276878,0,1.134184,0,0,0,0,0,1.857804,0.0333882,0.5602452,0,0.05640327,0.1883253,0,0.4849695,0,0.343706,0.7993324,0,0.6941553,0.8995566,0,0,0.1025494,0.3240202,1.777728,0.4900715,0.5940682,0.05909641,0.8495873,2.013031,0,0,0,0,0.9926778,1.020346,0,0,0.6069997,0.01143111,0,0.4816454,0,0.05674262,0,0.09580421,0,0.6182861,0,0,0.607291,0,1.02339,0,0,0,0.2497143,0,0,0,0.2865329,0.3774474,0,0.2427553,0.3973925,0.01993047,0.2517389,0,0.1156507,0.1581595,0.3679338,0.6699219,0,0.8251283,0.6842276,0,0.4746026,0,0.9968572,0.05011954,0.3074638,0,0.531237,0,0.5928345,0.6562198,0.002325756,0.9855652,0.1244314,0.8453678,2.493423,2.666941,0,0,1.224185,1.355417,0.2280017,0.09940773,0.4118798,1.30837,1.126267,0.2158558,0.3485521,0.1714423,0,0,0.3528894,0,0,0,0,0.3037907,0,0.7880442,0.09893065,0.4589265,0.3388668,0.8023909,0,0,0,0,0.07293417,0.7362102,0.2131789,0,0,0.9332991,0.6079985,0.2559822,0.2176847,0.40131,0,0,0.4078781,0,0.719857,0,0,1.074874,0,0,0,0.2166186,0,0,0.3966028,0.7193188,0.02525841,0,0,0.2830101,0,0,0,0,0,0.2770572,
0,0,0,0.04060128,0,0.09103694,0.3272442,0.3762821,0,0,0,0.4878668,0,0.1886151,0.9149132,0,0,0.1515313,0,0.3748763,0,0.6931574,0,0.5769789,0,0,0.1371317,0,1.001388,0,0.4625894,0.3356318,0,0.2394629,0.5499457,0,0.5337538,0,0,0,0.5123775,0,0,0.3799192,0.05720944,0.05960676,0.4386461,0.4378563,1.097723,0,0.8330612,0,0.4642533,0,0,0,0.1608177,0,0.5340501,1.252222,0,0.3611793,0,0.265077,0,0,0.1179161,0,0,0,0.6804878,0.05799825,1.08427,0.5598931,0,0,0.4786924,0.8428128,0,0.7378733,0,0.1017952,0.1469727,0.02861884,0.1515374,0,0.04998458,0.08891053,0,0.515517,0.4675723,0.858717,0.4723523,0,0.2336331,0,0.1558903,0.5276796,0,0.1664544,0.0275641,0.7154154,0.01640887,0,0,0.7673951,0.4165968,0.06032654,2.106041,0.5982435,0,0,0.9500545,0,0.3338968,0,0,0,0.7534143,0,0,0,0.6926115,0,0.4202182,0,0,0.2101113,0,0.9039084,1.358083,0.3362392,0.3008846,0.6535498,0.04643326,0.3044435,1.029076,0,0,0.1713388,0.1694747,0.4199421,0.3452008,0,0.7586754,0,0,0.3906644,0.05205121,0,0,0.006055544,0,0.4122572,0.6872319,0,0.1819036,0,0,0.09344066,0,0.868717,0.1032093,0,0,0,0,0,0,0.0168162,1.414948,0.3798709,2.358893,0.2753019,0,0.1405214,0,0,0.4354563,0,0.2164681,0.6095949,0,1.536533,0.2401076,0,0,0,0.5591072,0,1.014021,0.68229,0.06795507,0.272491,0.0560725,0.09223624,0,1.673375,0.2585053,0.4053954,0.1648512,0.3129089,0.4531529,0,0.6328909,0,0.6134422,0.8576291,0,0,0.2201828,0,0,0,0,0,0,0.01455746,0,0.359119,0.3214042,0.7975495,0,0,0,0.4176133,0.102845,0,0.1217527,0,0,0,0.4553508,0,0.5392889,0,0,0.1731216,0,0,0,0,0.1243654,0,0,0,0,0,0,0,0,0,1.12494,0,0,0.5381272,0.4033927,0,0,0,0.3385936,0,0,0,0.9172854,0,0,0,0.109798,0,0,0.1079966,0.2904925,0,0,2.173727,0,0,0,0.04700353,0,0,0,1.471458,0,0,0,0,1.504083,0,0.03776393,1.597537,0,0,1.445773,0,0,0,0,0.06495931,0.2224922,1.910806,0,0,0,0,0,0,0,0.6125373,0,0,0,0.7091272,0,1.891107,0,0,0,0.2939986,0.7547128,0.5878103,0.09008404,1.310615,0,1.276294,0,0,0,0,0,0.01668007,0,0,0,0.443462,0,0,0,0,0,0,0,0,0,0,0,0.2505121,2.355795,1.47591,0,0.1842607,0,0,0.2450629,0,0,0,0,0,1.425158,0.1257221,0,0.1652137,1.03467,0.2709467,0.6928245,0,0,0,0.1588293,0,0,1.036124,0.4526561,0,0,0.3739077,0,0,0.06401521,0.4293188,0,0.7976702,0.4570325,0,0.5930588,0.4095323,0,1.661556,0,0.1627981,0,0,0.3309233,0.4025832,0,0.1664825,0.5820825,0,0.9332937,1.246331,0,0,0,0,0,0,0.05034591,0,0,0.6615893,0.4944527,0.2550533,0,0,0,0,0,0.410013,0,0.8373462,0.5935378,0,0,0,0,0,0,0,0,0.3207534,0.2519358,0.9156077,0.3926852,0,0.6387693,1.087253,0,0.6647269,0,0.4089025,0,1.027501,0,1.08985,0,0,0.4520454,0.07074952,0.7668504,0,0,0,1.143866,0,0,0,1.131685,0,0.08544839,0.6258949,0.2068036,0.09062517,0.3805178,0.5699306,0,0,1.178187,0,0,0.2824983,0,1.188874,0.2949166,0,0,0.1914815,0.7127564,0.1525189,0,0,1.156921,0.2556879,0.3677397,1.194997,1.921173,0,0.1690962,0,0,0,0,0,0,0.1175841,0.4735508,0.2605239,0,0.5565545,0.9121789,0,0.06402951,0.1726022,0,0,0.245062,0,2.191271,0,0,0,0.8293864,0,0,0.1797492,1.043624,0.9310805,1.656113,0,0,0.8772655,0,1.312866,0,0,1.102937,0,0.4883761,0.4658938,1.143612,0.9141384,2.383474,0,0.0902811,0.5869935,0,0,0,0,0.1194266,0.62724,0.5213884,0,0.3732151,0,0.5592322,0,0.30347,0,0.08897814,0.4016007,0.1783525,0.229888,0.06211906,0,0.3962763,0.3512138,0,0.4360449,0,0.4592823,0.04027963,0.5007042,0.9123771,0.9514666,0,0,0.5650433,0.442284,
0,1.637269,0,0.5586276,1.420026,0,1.165085,1.104448,0,0.6748304,1.370152,0.2264299,0,0.3805939,0.925517,0,0,0,0,1.106451,0.7580596,0,0.1139374,0,0,0,0,0.288613,0.4957631,0.3443668,0.4008156,0.7348413,1.370207,0,0.02611857,0,0,0.5377021,0,0,0,1.286216,0.1546706,0,0,0,0,0.8667964,0.1713288,0.2597255,0,0.249537,0,1.234274,0.948975,0.09713063,0.002223345,0,0,0.4346293,0.2957736,0,0.2485164,0,0.5669359,0.3134233,0.6005561,0.6718098,0.6500012,0.1113727,0.772309,0,0.07612976,0,0.4615385,0.008398997,0,0,0,0,1.208706,0,0.5165552,0,0.09035186,0.4207495,0.7839066,0.299843,0,0,0,0,1.130745,0.6096166,0.1246092,0.05930902,0.7887956,0.8477208,0,0.1488122,0.4362271,0.8694528,0,0.4089693,0.2698247,0,0.5458638,0.400883,0.2277554,0,0,0,0,0,0,0,0,0.3206615,0.469547,0.6144154,0,0,0,1.194362,0.2013551,0.36574,0,0,0,0,0,0.567982,0,0,0,0,0.2911743,0,0.5274327,0,0.3608424,0.2710576,0,0,0.3313574,0,0,0.1608932,0,0,0.9844666,0,0.9211245,0.4626637,0,1.19688,0.8649551,0,0,1.683139,0.22627,0.5802209,0.002378155,0,0,0.09046194,0,0.01987565,1.027187,0,0,0,0.4935817,1.221245,0.3434216,0,0.4793431,0,1.036303,0,0.1413085,0.8791788,0.3561957,0.677518,0.389255,0,0,0,0.09283935,0,0.7429733,0,0,0.9598518,0,0.0151771,0,0.08009963,0.7521108,0.9357036,0,0,0.3804485,0,0,0.6819224,0,0,0,0,0,0,0.7927411,0,0,0,0.9282013,0,0,1.150953,0,0.2636808,0.03084442,0,0,0,1.355266,0,0,0,0,0,0,0.01091366,0,0,0.07069322,0,0.3111947,0.623986,0.1676778,0.4844419,0,0.2519344,0,0,0,0.1454224,0.3684554,0.3776302,0,1.29075,0.110995,0.2328071,0,0,1.853935,0,0,0,0.04131339,0.3430888,0,0,0,0.7492517,0.3747109,0,0.1008357,0,0,1.194541,0,0,0,0,0.1458469,0,0,0,0,0,0,0,0,0,0,0,1.051397,0,0,0,0.3407365,0,0,0,0,0,0,0,0,0,0,0,0.2248464,0,0,1.096314,0,0.00723028,0.938933,0.3725495,0,0,0,0.3948145,0.5208645,0,0,0,1.334346,0,0,0.3530732,0.6182137,0.1463906,0,0,0,0,0.9231991,0,0.3464882,0.426715,0,0,1.90965,0,0,0,0,0.4459043,0,0,0,0.3134227,1.02025,0.4109244,1.366322,0,0,0,0.2807194,0,0.1132686,0.1709193,0,0,1.234303,0,0.1735912,0.6478698,0.5928528,0,0,0,0,0,1.234212,0.8321512,0,0,0,0.4370192,1.123436,0.4529647,0.5836362,0.4168645,0.3194286,0.3747384,0,0,0,1.374595,0,0,0,0.5215864,0.2301401,0,0,0.2514056,0,0,1.352673,0,0,0,0.4257768,0.2686801,0,0,0,0,0.0169642,0.7922015,0.8345535,0,0.2998633,0.680501,0.1853891,0.8823935,0,0,0.5265463,0.6299143,0,0.279909,0,0,0,0,0,0,0,0.155925,0.04701888,0.2713364,1.287032,0,0,0,0.2617186,0.3983563,0,1.486458,0.2950116,0,0.6606872,0,0,0,0.8399668,0,0,0.6044636,0.1309919,0.1047627,1.555502,0,0.6587341,0.3251869,0,0,0,0.7236516,0.7877363,0,0.6928715,0,0,0.2961113,0.06731595,0.2365417,0.9260154,0.6274101,0.8287694,0.447835,0.8662678,0,0,1.796903,0.5133389,0,0.4138624,0.4442321,0.1567946,0,0.05749585,0.5120516,0.3384938,0,0.06854467,0,0.7569526,0.005975936,0.2843016,0,0,0,0,0.1961737,0.6903266,0.2617608,0.2719039,0,0.4948365,1.202557,0,0.07535157,0.6511781,0.2606217,0.5561616,0,0.1107761,0.1104744,0.4369743,0.1287846,0,1.267877,0,0.2900132,1.020287,1.578087,0,0.298562,0.2649037,0.6178398,2.893055,1.025576,0.1569258,0,0.9081665,0,0,0.2712256,1.706446,0,0,0,0.4640244,0.5429702,0.1592578,0,0,0,0.7624547,0,1.338614,0,0,0,0.9726171,0,0.2719049,0,1.277622,0.7089172,0,0,0.56533,0.4644161,0.7470949,0,0.1700109,0.3372546,0,1.745061,0.1871143,0,0.1854479,0,0,0.05124406,0,0,0,1.046759,0,0,
0,1.188493,0,0.07779708,0,1.570803,0.6259657,1.173701,0.8022022,0.2499414,0,0,0,1.305305,0,0.4056886,0,0.02974007,0.5172197,0.771529,0.6433917,0.8193983,0.7438821,0,0,0,0,0,0,0.509831,0.06854756,0,0,0.7421786,0.6958296,0,0,0.824617,0.9193324,0.2354587,0,1.986422,0,0.0675879,0.9441374,0,0.487196,0.351072,1.010455,0,0.2782948,0,0,0,0,1.254726,0.3449487,0.4227847,0.3998186,0.002298367,0.9054295,0,0.1089906,0.2320518,0,0.9635186,0,0.04608482,0.07090434,0,0.094778,0,0.4620273,0.1313256,0,0.688142,0,0.1801012,0,0.7248724,0,0,1.288682,0.2809459,0.2796166,0.3015442,0.5483932,0,0,0,0,0.6074547,0,0,0.9544806,0,1.307461,0,0,0,0,0,1.431291,0.9658301,0.01656433,0.7351722,0,0.3833221,1.218302,0,0.2172354,0,0.2140283,0,0,1.805708,0.04718094,0,0,1.239269,0,0.1980339,0.1606859,1.243105,0,0.1148273,0,1.280964,0,0,0,0,0,0,0,0,0.3278495,0.5228455,0,0,0,0,0,0.02404802,0.237313,0.8478588,0.74701,0,0,0,0.184267,0.3434208,0.2779877,0,0.02389529,0,0,0.04673742,0.1369681,0,1.192805,0.09368485,0,0,0.4494628,0.6669056,0,0,0,0.1845521,0.1251569,0,0,0.2337439,0.2160247,0,0,0.06826814,0,0,0.5979337,0,0.3405129,0,0,0.1936478,0,0.6371163,1.082824,0.2093773,0.4612363,0.1625026,0.01532019,0,0.6090238,0,0.002632321,0.5844824,0.1724207,1.072327,0.1656886,0,0,0.4739577,0,0.02750284,0,0.023876,0,0.2076848,0,0.3699262,0.769128,0.5858786,0,0,0,0,0,0,0,0,0.2057498,0,0,0.7471752,0,0.809001,0,0.3790473,0,0.7415665,0,0,1.550518,0,0,0.4682736,0.3086834,0.9248258,0.103354,0,0,0,0,0,0,0,0,0,0,0,0,0,0,0,0,0.383706,0,0,0,0,0,0,0,1.149537,0,0.6084484,0.1686017,0,0,0,0,0.002171611,0,0,0,0,0,0,0,0,0,0,0.3451668,0.1952342,0,0.1500771,1.8502,0,1.50528,0,0.5783939,0,0,0,0,0.6825039,0.5257909,0.8148909,0,0,0,0,0.5901681,0,0,0.01016464,0.4775208,0.1838406,0,0.9030102,1.111881,0,0,0,0,0,0,0,0.04726053,0.6522063,0,0,0.2100263,0,0,0,0,0,0,0,0,0,0,0,0,0.7310075,0,1.631221,0.5407276,1.180436,0,0,1.98575,1.244255,0.9473306,0.2876009,0,0,0,0.6282547,0.4917883,0,0.007534514,0,0,0.4075361,0,0,0.5824964,0,0.7203637,0,2.405167,0,0,0,0.1302426,0,0.1396169,0.9084397,0,0,1.991618,0.228362,1.465143,1.153547,0,0,0,0,0,0.5203999,0,0,0,0.488394,0.9866311,0,0,0.05461286,0.1311025,0,0.3510336,0.3302379,0,0.1392862,0.9869428,0,0,0,0.1695476,0.2651238,0.9709151,0,0.7905769,1.41253,0.3875053,0.01022257,0,0.1962551,0,0,0,0,0,1.007007,0,0,0.01511509,0,0.2437315,0,0,0.2171481,0,0.3852952,0.3314779,0.7169813,0.7354714,0.09744307,0,0.01689775,0,0.06984163,0.5451305,0,0,0.5669393,0.5133684,0.210888,0,0.1338643,0,0,0.164492,0.07939225,0,0,0.4146752,0,1.557231,0,0,0,0,0,0,0,0,0.09284218,0.02831505,0,0,1.309307,0,0,0.630108,0.4369807,0.8225201,0,0,0,1.358981,0.1747902,0.2143033,0,1.01391,0,1.6232,0.7108581,0.207757,0.2188602,0,0.6582252,0.4488886,0.1697148,0,0.1630369,0,1.136101,0,0,1.004141,0,0,0.4441901,0,0,0.9047356,0,0.5258951,1.2424,0.6185787,0.2070528,1.20662,1.081589,0.9495618,0,0.2064648,0,0,0.6203015,1.116875,0,0.1535116,0.08943133,0.1764275,0,0.4362148,0.4013497,0.4587778,0.3865294,0.5945225,0.510286,0.3155283,0,1.695391,0.2813277,0.1776904,0,0.4838009,0,0,0.2483595,0,0.9343848,1.287399,0,0.5914264,0,0.1186884,0,0.8860934,0,0.8854555,0,0,0,0.5049345,0,0.3392863,0.1714631,0,0.1941161,0.1312062,0.3914894,0.7163596,0.0501062,0,0.489868,0,0.0022076,0,0.173004,0,0.8232888,0.3460925,0.1304104,
0.1796648,0.1787031,0.78563,1.236522,0.1887445,0.7657449,0,0,0,0.1528592,0.06361214,0.7830281,0.4489935,0,2.227158,0,0.03487826,0.6169247,0,0,0.4199727,0.5274063,0.7017198,0,0.7854864,0,1.412492,0,0,0.2620326,0,1.067731,0.3511373,0,0.6968471,1.126215,0,0,0,0,0,0.3309377,1.489891,0,0,1.855381,0,0,0,1.336554,0.2672934,0.1146373,0.08415228,0,0,0,1.826381,0,0,0.4616127,0.6614933,0,0,0.1007199,0,0,0,0.1309043,0,0.07734539,0.2958564,0.3702073,0.7500056,0,0,0.9018435,0.6587898,0,0,0.4341824,0,0,0,0,0,0.4783016,0,0.05240842,0,0,0,0,0,0.4531569,0,0,0,0,0,0,0,0.5354229,0.8465018,0.259552,0,0,0.2509618,0.9919336,0.4322753,0,0,0,0,0.3717153,0,0,1.311095,0,0,0,0.5415151,1.149891,0,0,0,0,1.926892,0,0.4175214,0,0,0.7511511,1.657437,0.156785,0,0.03952194,0,0.1386186,0.9981208,0.3519402,0.3003643,0,0,0,0.5526776,1.559775,0,0,0,0.7203478,0,0,0.2503139,0.9797744,0.7107278,0,1.875478,0,0,0.7739344,0.07267981,0,0,0,0,0.9693317,0,0,0,0.5041241,1.216131,0.650054,0,0.6554344,0,0,0,0,0.5903023,1.068451,0.1566291,0.4310851,0,0,0.04469011,0,0,0.4884475,0,1.747019,0.1043742,0,0,0,0,0.1301547,0,0,0,2.149218,0,0.5001591,0,0,0,0,0.3546115,0.4942595,0,0.2647692,0.07412133,0,0,0,1.127099,0.2621962,0,0,0,0,0,0,0,0,0.1374758,0,0,1.302989,0,0,0,0.3885492,0.6654628,0.113916,1.936668,0.5077841,0,0.3982977,0.24212,0.5620527,0,0,0,0,0,0,0,0,0,0,0.5756357,0,0,0.7098573,0,0,0,0,0,0,0,0,0,1.24834,1.332317,0.3930626,0,0.2075912,0,0,0,0,0,0,0,0,0.4512059,0.8504394,0,0,0,0,0.2983579,0,1.242101,0,0,0,0,0.2740909,1.070074,0.924866,0,0.4246969,0,0,0,0,0,0,1.678884,0,0,0,0,0,0.6926716,0,1.587427,0.6438016,0,0.5204278,0.2537079,0,0.864728,0,0,0,0,0,0,0,0,0,0,0,0,1.77105,1.059709,0,0.06866422,0,1.04493,0,0,0,0,0,1.533609,1.973921,0,1.020384,0,0.9145127,0,0.2798988,0.1782743,1.564778,0.002241453,0.4492342,0.04106019,0.08619219,0,1.471054,0.6789637,0,0.2564957,0,0,0,0,0,0,0.8142689,0,0,0,0,0.06793489,0,0,0,0,0.9553048,0.1887191,0,0,0,0,0,0.3069294,0.007559895,0,0,0,0,0.194949,0.4665244,0.8359826,0,0,0,0,0.4138435,1.690614,0.9006068,0.02665561,0.06537297,0,0,0.3680408,0.1827198,0.2864178,0,0,0.5649451,0,0,0,0,1.015516,0,0,0,0,0,0,0.1421253,0.2133447,0,0.2086186,0,0.02280166,0.2660959,0.1779878,0.1666733,0.6514964,0,0.7944463,0,0.6832514,1.791275,0,0.6237108,0,0.8356261,0.4107979,0.2211738,0,0,0,0,0,0,0.5047301,1.691983,0.1386033,0.3311926,0,0.7666845,0,0.1195539,0.1936691,0.05576641,0.8070979,0,1.092876,0,0,0,0,0,2.228231,0.9454496,0.8303457,0.3163187,0.05554984,0,0,0.0119789,0.08755508,0.4182112,0,0.4772922,0.4427976,0.472494,0,0,0,0.6930103,0,0.4437186,0,0,0,0.5616445,0,0,1.010339,1.668225,0.2560673,0,0,0.9010744,0,0,0.8918737,0,0,0,0.1599783,0,0,0.5771464,0.9414535,0,0,0.1884804,0,0,0,0.4075352,0.5174923,0.1785306,0.7440684,0.6184267,0,0,0.6362659,0,0.1862107,0,0,0,1.685107,0,0,1.025536,1.540365,0,0.4447584,0.6646855,0.8793728,0,1.077297,0.5281311,0.7081007,0.01926406,0.3776219,0.1440907,0,0,0.01654618,0.6745173,0.4864887,0.7261429,0,1.897735,0.7098346,0,0,0,0.01988085,0.3688941,0,0,0,0.08068419,0,0.2285393,0.2517956,0,0,0.1334942,0.5440061,0,1.022302,1.459731,0,0,
1.365227,0.1553946,0.07308019,0,0.7280859,0.4670112,0,0.516034,0,0,0.1173207,0.1014572,0.2605268,0,0,1.027558,0,0.4355162,0.9159783,0.4193652,0,0,0,0,0,0,0,0.5253367,0.8421816,0.1446559,0.2189273,0.09831244,0,0.02489646,1.311422,0,0.00982513,0,0.8722251,0,0,1.420982,0,0,0.1675434,0.5051959,0,0.09354823,0,1.157769,0,0,0,0,0.0932657,0,0.1905786,0.3965396,0.329362,0,0.3315957,0,0,0.4073659,0,1.187659,0,0.005247055,1.217457,0,0,0.3012631,0,0,0.7382813,0,0.5149902,1.007494,0.7952832,0.1234764,0.5411905,0.06586054,0,0.361917,0,0,0.4784217,0,1.074151,0,2.19651,0,1.108867,0,0.8070891,0.2620753,0,0.9390866,0.3511443,0.5755307,0,1.790545,2.144708,1.017543,0,0,0,0.6018392,0,0.2658368,0,0,0,0.2262695,0.5901061,0,0.2960645,0,0,0.1866009,1.145252,0.125126,0,0,0,0.3529222,0,0,0.6251215,0,0.5319098,0,0,0.3564416,0,0.9291566,0.6043734,0.1360932,0.9434781,0.9208224,0,0,0,0,0,0,0.2591269,0,0,0,0.7742855,0.3379057,0.6114752,1.355519,0,0,0,0,1.871982,0,0,0,0,1.806996,0,1.175592,0,0,0.9970263,0,0,0.1352388,0.5081023,0.4287986,0,1.365638,0,0,0,0,0,0,0,0,0,0,0.1585382,0,0.1473505,0.1268321,0,0,0,0,0,0.8649819,0.0199787,0,0.08531316,0,0.6927683,0,0.2362173,0,0.7417582,2.575868,0,0,0,0,0,0,0,0.938069,0.06896213,0.3151573,0,0,0,0,0.4787495,0,0,0.3792304,0,0,0,0.8249987,0,0,0,0,0,1.137543,1.052292,0.2147192,0.002461397,0.3192101,0,0,0,0,0,0.15638,0,0,0,0,0,0,0,0.3680732,0.05627283,0,0,0,0,2.045408,0,0.1085752,1.875009,0,0,0,0.06080123,0,0,0,0.3384558,1.131505,0.2411302,0,0,0,0,0,0,0,0,0,1.007403,0,0,0,0,0,0,0,0,0,0,0,0.3119712,0,0,0,0,0.03603785,0,0.002088844,0.4483458,0,0,0,1.348942,0,0,0.2575845,0.7660918,0,0,0,0,0.3467601,0,0,0.8662889,0.5208055,0,0,0,0,0.2657807,0.5494162,1.19147,0,0.5741756,0,0,0,0,0,0,0.7072619,0.8365728,0,0.2824758,0.9674435,0,0,0,0.5484992,0.5063179,0,0.4323294,0.2295468,0,0.623639,0.1272795,0,0,0.5001113,0.1617106,0,0,0.005377511,0,0.005597714,0.02695605,0.5154195,0,0,0,0,0.2551448,0,0,1.368129,0,0,0.6229563,1.920972,0.1549705,0.6320248,0,0,1.285407,0,0,0.0113468,0,0.2937427,0,1.019612,0,0,1.266375,0.3590871,1.128146,0.5233235,0,0,0,0,0.2040717,0,0.4869266,0,0,0,0,0,0,0.8143953,0,0.1713951,0.6120015,0,0,0,0,0,0,0.2522952,1.238773,0,0.2687371,0.7099414,0,1.546635,0.1898317,0,0.5759761,0.4248975,0.6207865,0,0.4986762,0,0.129894,0,0.04731701,0,0,0,0.2090329,0.9339883,0.8218116,0,0,1.344014,0,0.3901594,0,0.2913909,0,0,0.779792,0.260332,0.1596806,0,0,0.07912878,0,0.06257794,1.097461,0,0,0.6334317,0,0.7024285,0,0,1.004591,0.9914473,0.795002,1.083236,0,0,0.2262248,0.4105513,1.117767,0,0.6104988,0.1588444,0,0,0.3396204,0.3080674,0,1.378098,1.124488,0,0,0,0.5100282,0.2094735,0.01861839,1.305305,0.02948336,0,0.4668458,0,0.7536079,0.1690603,0,0,0.2401387,0,0,0,0,0.3744493,0,0,0,0,0.8745488,0,0.1348354,0.2499978,0.3481978,0,0,0,0.5650551,0.3734619,0,0.5860204,0.1699666,0.2713048,0,1.872399,0.3986315,0,1.749005,0,0,0,1.202015,0,0,1.143581,0,0.9528395,0,1.593066,0,0.5653484,0,0.8532509,0,0,0.8007768,0,0.01142109,0,0.01691044,0,0,0,0.1652966,0.1418751,0.1910257,0,0,0.6977292,0.8576466,0,0,0.1118656,0,0,0,0,0.2376744,0.1765764,0.06755547,0,0.3584403,0.6703075,
0,1.140175,0,0.7764801,0,0,0.3097039,0.5954537,0.8514234,0,0,0.8213515,0.05317477,0.3532545,0,1.062752,0,0,0,0,0.2280358,0,1.145396,0.006139392,0,0.8852028,0.07803266,0,1.486052,0.8896384,0.169536,0.7204257,0,0.9009939,0,0,0,0,0,0,1.411273,0,0.421697,0.373006,0,1.156442,0.5872679,0.06945903,0.6695817,0,0,1.008782,0,0,0.09392099,0,0,0,0.04373801,0,0.2031198,0.2514535,0,0,0.299052,0,0,0.6945643,0,0,0,0,0.4307954,0,0,0,0,0,0.6717146,0,0.1104435,0,0.2452858,0.2340277,0.4001743,0.6249701,0.9512515,0.8938531,1.983339,0.3487459,0,0,0,0.45611,0,1.685324,0,0,0,0,0.1461398,0,0,0,0,1.173101,0,0,0.867777,0.02775984,0.648022,0.6395795,0,0.2422866,0,0.2137627,0,0.748854,1.56401,1.78824,0,0.6981081,0.871927,0.5777053,0.1375869,0,0.154764,0,0.8926347,0,0.5926097,0,0,0,0.1124018,0,0,0,0.4154681,0,0,0,0,0.32853,0,0,0,0.349094,0,0,0,0.1787158,0.02192841,0,0,0,1.852068,0.318755,0.8981901,0,0,0.6557989,0.64968,0,0.6203068,0,0.7981739,0,0.7584499,0,0.8576763,0.2618949,0,0,0.4006584,0,0,0.6632091,0,0,0,0,0,0,0.2975715,0,0,0,0,0.1412953,0,0.8425539,0.8922952,0,0.4872267,0.4014446,0.5815814,0.322614,0.2511273,0,0,0,0,0.2874094,0.7367506,0.02565729,0,1.272995,0,0,0,0.1574652,0,0.8863453,0.3922934,0.377902,0.1865727,1.090196,0,0,0,0,0,0.09190419,0,0.6858503,1.252628,0,0,1.083975,0,0,0.161054,0,0.4956079,1.611111,0,0.104485,0.05940565,0,0,0,0,0,0.5470569,0,0.2018891,0,0,0.118205,0,0,0,0,0,0.7063908,0,0.4813491,0.2040519,0,0,0,0,0,0,0.4660236,1.343548,0.8379284,0,0,0,0,0,0,0,0.1313998,0.4371831,0.7390414,0,0,0,0,0,0.6724361,0,0.2405423,0,0,0,0,0,0,0,0,0,0,0,0,0,0,0,0.4853918,0.2760395,2.281204,0,0.3726971,0,0,0,0,0.04896225,0,0,0.6922655,0,0,0,0,0.03416852,0.6585277,0,0,0,0,0,0,0,0,0,0,0,0,0,0.6680576,0,0,1.177207,1.402673,0,0,0,0,0.8016828,0,1.508012,0.4658676,0,0,0,0,0,0,0.2333961,0,0.4905537,0.6410577,0,0.4901149,1.335096,0.1585996,0,0,0,0,0.2427997,0.9882053,0,0.3687134,0,0.634912,1.714382,0.9656286,0,0,0.6021271,0,0,0,0.3921405,0,0,0.455888,0,1.144101,0,0.2308559,0.483668,0,0,0,0.1490358,0,0,0,0,0.6556965,0.5305793,0.5053118,0,0.3287275,0,0,0.1421759,0,0,0,0,0,0,0,0,0.312294,0,0.1080666,0.3821581,0,0.3144817,1.085615,0,0,0.4608497,0.5880515,0,0.52608,0,0,0.4671637,0,1.002627,0,1.264244,0.01293672,0.4059272,0.4131596,0,0,0.4163206,0.4188356,0,0,0,0.8573542,0,0.8887294,0.4427283,0.8383224,0.2242447,0.7691528,0,0,0.5551476,0,0.05859887,0,0,0.2093301,0,0.2938757,0.5524477,0.6043633,0.7498659,0,0,0.1448241,0,0,0,0.05940491,0,1.455864,0,0.1311805,0,0,0,0,1.040209,0.6372604,0,0.002639694,0,0,0,1.704826,0,0.8910207,0,0,0,0,0,0.1601882,0,0,0,0.09000736,0,0.892302,0.4112673,0.3582532,0.3131211,0.4866106,0,0,0,0.2414002,0,0.6289102,0.2354451,1.74025,0.1762125,0.6542033,0,0.394328,0,0.218262,0.2224214,0,0,0,0,0.3102425,0,0,0.04052973,0,0,0.2811923,0,0,0,0,0,0,0,0,0.2311351,2.461132,0.2891953,0,0.08002931,0.2255276,0,0,0,0,0,0.4582223,0,0.2916279,0.8532327,0,0,0,0.1178708,0,0,0,1.320583,0.6862522,0,0,0,0.07236145,0,0,0.4416015,0,0.3991854,0.1257494,
0.8870782,0.2137368,1.380919,0,0,0,0,0.4227378,0,0.7636706,0.4107474,0,0,0,0,0.1364945,0,0,0,0,0.8018044,0,0.6884632,1.011304,0.660384,0.3864235,0.4427728,0.7982572,0,0.0442488,0,0.3369323,0.4606816,0,0,0,0.07702824,0,0.6419362,1.216632,0.2299504,2.369512,0.4065506,0,0,0,0.2590385,0.2303953,0.5279819,0,0.1042172,1.358336,0.2132016,0,0.4700529,0.8923999,0.3612035,0.5773459,0.7133422,0,0,0.9507456,0,0,0,0.01061743,0,0.4992481,0.08982612,0,0.1275997,0.1493664,1.384811,1.720646,0.6850104,0.1378043,0.047983,0,0,0,0.4558024,0.4075551,1.209372,0.4850387,0,0,1.015447,0.2104071,0,0,0,0,0,0,0,0,0,0,1.510677,1.624664,0,0,0.09332148,1.630264,2.690633,0,0.2453596,0,1.417537,0,0,0,0,0,0.519894,2.516778,0,0,0.387168,0,0,0.61255,1.099483,0,0.2885391,0,0,0,0,0,0.03801533,0,0.123907,0,0.4166078,1.070949,0.641529,0,0,0,0.4906136,1.539819,0.397759,0,0,0.8440428,0,1.382612,1.013292,0,0,0.4617752,0,0.00715197,1.534363,0,0.4157398,0,0,0.07517809,0,0.1983263,0,0,0,1.465706,0,0.4383973,0.2614545,0,0.6571727,0,0.3549462,0,0,0,0.5063928,2.993365,1.337257,0,0.7022985,0,0,0,0,0.2759341,0,0,0,0.6770855,0,0,0.3243359,0.4286467,0.3813394,0.3681717,0.1695914,0.6157253,0.9518075,0.04777189,0,0.1529004,0,0.3910919,0,0.1614963,0,0.3950647,0,0.4740118,0.1561904,0,0.5599489,1.067425,0.7002705,0.2579765,0.4386132,0,1.394469,0,0,0,0,0.5853099,0,0,0,0.191026,0,0.8906235,0,0,0.7427266,1.26785,0,0,0,0,0,0,0.2323524,0,1.439898,0,0,0.1787717,1.474704,0,0.05602656,0,0.7908182,0,0,0,0.7078614,0,0,0,0,0.1511588,0,1.462823,0,0,0.6632119,0,0.08883993,0.2256113,0,0,0,0,0,0,0,0,0,0,0,1.487886,0,1.335163,0.002169329,0.8237314,0.344824,0,0.3722327,1.239692,0,0,0,1.069597,0,0,0,1.067995,0,0,0,0,0,0,2.016898,0.2162737,0,0,0,0,0,0,0.43867,0,0,0,1.483239,0,0.06387967,0,0,0,0,0.1275577,0,0.1725442,0,0,0,0,0,0,0,0.6194282,0,0,0,0,0,0,0,0,0.2076098,0,0,0,0,0,0.5518801,0,0,0,0,0,0.03409788,0,0,0,1.669008,0.1430127,0.2153768,0.7537087,0,0.5445735,0.8070035,0,0,0.460003,0.4346688,0.9031397,0,1.042402,0.308501,1.311779,1.617346,0.7687495,0.3453791,0,0,0.4340141,0,0.3751108,1.00278,1.320221,0.4962272,1.773273,0,0.5291525,0.4692991,0,0,0,0,0,0.02941601,0,0.1213287,0,0,0,0.924178,0,0,0,0,0,1.899624,0.9582131,0,0,0.676685,0,0,0.06805737,0.1678131,0.8917357,0.07936768,0,0,0,0.2102765,0.2410301,0,0,0,0,1.347122,0.1017041,1.361528,0,0,0,0,0.3617665,0.2037444,1.582898,2.448179,0.1897486,0.6256441,0,0.6423919,0.9374675,0,0,0,0,1.093954,0,0,0,0.2669485,1.1198,0.6045645,0,0.3859382,0,0.4910722,0,1.282148,1.790201,0,0,1.341294,0,0.3786345,0,0,0.2689743,0,1.419373,0,0.7617188,0,0,0,0,0.2413644,0,0.4248628,0.4317405,0,0,0.4400407,0.8120244,0.2920558,0,0,0,0,0.8139437,0,0,0,2.461879,0,0,0,0.2961563,0,0,0.6079699,0,0,0.2780273,0.08664979,0.8266264,0.5780703,0,0,0.7313356,0.7597314,0,0,0,1.063014,0.002254237,0,0,0.7996319,0,0,0,0.4845665,0,0.006815676,0.2958148,1.659151,0.2140474,0.716997,0,0,0.3642894,0,0,0.1273634,0,0,0.9218628,0.4273328,0,0,0.4544418,0.1629141,0.4628574,0,0.7681801,0,0.2388369,0,0,0.2303912,0,0,0,0,0,0.4602785,0.8183591,0,0,0,0,1.119088,0.3234169,0,0,0,0.5711231,0.4442762,1.196481,0,0,
0,0,0,1.440292,0,0.5101032,0.01132639,0,0,0.3261978,0.07037969,0.7120312,0,0.07469892,0,0.2063281,0.1103545,0,0.6559372,0,0,0,0.5143163,0.2661878,0,0.2102521,0.6067539,0,0,0.6547084,0.6947061,0,0.7122673,0.0569528,0,0,0.511191,1.021231,0.7110741,0.002553373,0,0.4376992,1.388287,0,0,0.3407478,0,0.6452134,0.7401283,0,0,0,0,0.05852361,0,0,0.07130066,0,0,0,0,1.231318,0,0,0.07288562,0,0.4277313,0.8733131,0,1.755987,0.149193,0.09323805,0.5759608,0,0,0.4403884,0.6714515,0,0.8634109,0,0,0.2746323,0,0.3340513,0.5489718,1.554347,1.766787,0,0,0.2661761,0.6497158,0.8345667,0,0.02863596,1.050246,0.6300665,0.2171567,0,0,0.7456974,0.39365,0,0.6079626,0.1374938,0.4268547,0.2176082,0.1364475,0.06412759,0.7774578,0,0.3405508,1.281837,0,0,0,0,0.2014897,0,0.5094588,0,1.794982,0.9707043,0.01699965,1.154565,0,0,0,1.010949,0,0.7580145,0.2511183,0,0.4916179,0.2433992,0,0.1990412,0,0.110899,1.322435,0.4664009,0,0,0.5978153,1.05041,0,0,0,0.4264376,0,0.1508031,0.3726169,0.3382512,0.3176966,0.0346488,0.1461452,0,0,0,0,1.17568,0,0.04817432,0.3272029,0,0.2826798,0,0,1.827215,0.2545123,0,0.8306466,0.5202407,0.7549745,0.3822169,0.8218543,0,0,0,0,0,0,1.620097,1.081857,0,0,0.6010795,0.1212527,0,0.9152402,0.3082781,0.5987891,0.9733922,1.039388,0,0,0.5274286,0,0.01811573,0,0.9510893,1.11444,0,0.016262,0.2787998,0,0.476363,0.2194804,1.283654,0.03093757,0,1.688369,1.043297,0.0411241,0.1935539,0.822643,0.7830236,1.347911,0,0.3901003,1.212444,0.5724725,0,0,0,0,0,0.06480961,0,0,0,0,0,0,0,0,0,0.1289246,0.6244578,0,0,0.05996821,0,0,0,0,0,0,0,0.8057295,0,0.8714626,0,0,0,0.5944129,0.1957873,0,0,0.7319162,0,0,0.3041312,0,0.3695586,0,0.3798688,0,0,0.5384769,0,0,0,0,0,0,0.4714049,1.100702,0.4739153,0,0,1.327526,0,0,0,0,0,0,0,0,0,0,0,0,0,1.031959,0,0,0,0,0.09212374,0,0.6206092,0,0.1256326,2.136243,0,0,0.4489136,0,0,0,0.1451095,0,0,0,0,0,0,0,0,0.4573107,0,0.5242828,0,1.054821,0.2448514,0,1.257714,0,0,0,0,0,0,0,0,0,0.6506385,0.1716527,0,0,0,1.225978,0.2270547,0,0,0,0,0.5323311,0,0.5981684,0,0,0,0.2371744,0.887527,0.4172257,0.2619056,0,0.4885545,0,0.1849281,1.415,0.1834239,0.2240594,0.8666762,0.8418991,0,1.79709,0.07394029,0,0.3639423,2.098411,0,0,0.1678569,0.6026859,0,0,0.5313606,0,0,0.5837153,0,0.5719176,0.7816422,0,0.1450973,1.15415,0.2113206,0,0.5677472,0.6418401,0.4265114,0,0.3190733,0.4225553,0.9557358,0.04188337,0,0.008046053,0.2998047,0,0,0.6162987,1.884539,0,0,1.023412,0,1.464167,0,0.392418,0.7771791,0.5873096,0.1270751,0,0,0.6391345,1.120681,0,0,0.1443639,0,0.2110107,0.2752249,0.4941875,0,0,0.2232799,0,1.116142,0.9249474,1.469085,0,0,0.1211189,0,0.6156737,0.04264302,0,0,0,0.02758723,0,0.4594329,0,0.1806186,0.5190528,0.1724938,0.2580822,1.106225,0,0.9087186,0,0,0,0,1.109773,0.03786375,0.3998511,0,0,0.6125742,0,0.2058925,0.9348314,1.528514,2.299773,1.057938,0,0,0.1347504,0.3629255,1.308017,0.05576534,0,0.529453,0.06303857,0,0,0.2055585,0.2205062,0,0.2260155,0,0.02223193,1.083599,0.2085017,1.607431,1.161513,0,0,0.608242,0.4238732,0.347976,0,0.6915756,0.6996927,0,0,0,0.236821,0.7882135,0,0.1489846,0,0.1914483,0,0.2432154,0,0,0,0.7098787,0,0,0.07047942,0,0.3324028,0,0.5602372,0,0.05018754,0,0.4005346,0,0,0,0,0.9037983,0.9393632,0,0.1152944,0,0,0,0.6952915,0.4635918,0,0.6490533,0.1708201,0,1.007259,0.2142541,0.4857217,0,0.03156536,0,0,0.4213798,0,2.128339,0.3343043,0,0.3177159,0.7678725,0,0.1331321,0,0.3862906,0.7844983,0,0,0,1.218617,0,0.4746617,0,0.659108,0,
0,0,0,0,0.06706347,0.888993,0,0,0,0,0,1.026398,0,0,0.1413229,1.2116,0.3453459,0.2571859,0.4056897,0.3051776,0.2171159,0,0.2391396,0,0.08777169,0.7353185,0,0,0,0.7632963,0,0,0,0,0,0,0,0,0.1553138,0.2891491,0,0.01741471,0.4100962,1.004894,0.4138286,1.2878,0,0.6429328,0,0,0.3337159,1.070331,0.8946606,0.1244916,0.7147011,0,0,0.2597819,0,0,0.1244396,0,1.5841,0,0.9127812,1.812467,0.05651173,0,0.7370902,0,0,0.2412109,0,0,0.4168995,0,0.4933329,0.02142484,0.8043667,0,0,0,1.757202,0,0,0.5493593,0,0,0,0,0,0,0,0,0.2667759,0,0,0,0.4199518,1.007635,0.1090286,0,1.113754,0.1741486,0,0.141866,0,0.2943456,0,0.6006938,0,0.3170516,0.1548661,0,0.5561615,0.3452613,0,0,0.5452014,0,0,0.04883387,0.7529212,0,0,0,0,0,0,0.2907349,1.244339,0,0.4295521,0.4361846,0,0.7620614,0.5187709,0.2497407,0,0.05573221,0,0,0,0.1341177,0,0,0.0216107,0,0,0.4946104,0,0,0.03060339,0,1.033441,0,0.096882,0.4536371,0,0.5868076,0.4089626,0,0,0.359323,0,0,1.551966,0.2896368,0,0.6343888,0.1870099,0,0,0,0,0.05246247,0,0,0.7536236,0,0.8183496,0,0.2549265,0.1371762,0.1289774,0,0.078205,0,0,0.2359244,0,0,0.2572742,0.3561168,0,0.8375262,1.141451,0,0.1043027,1.09053,0,0.1306942,0,0,0.0865416,0,0,0.1015706,0,0.07708312,0,0,0,0,0,0,1.003265,0.1991789,0,0,1.943073,0,0,0,0,0,0,0,0,0,0,0,0,0.1665797,0.02040717,0,0.8938256,0,0,0.6811886,0,0.3290927,0.9853092,0,0,0,0,0,0,0,0,0.419703,0,0,1.197133,0,0.8186016,0,0,0,0,1.007001,0,0,0,0,0,0,0,0,0,0.05348659,0,0,0,0.1505166,0,0.01657503,0,0,0.1334042,0.04424728,0,0,0,0,0,0,1.250239,0,0,0,0,0,0,0,0,0,0,2.155372,0,0.331902,0,0,0,0.155041,1.98304,0,0.4993276,0,0,0,0.3577765,0,0.4467407,0,0,0,0,0,0,0,0.406069,0,0,0,0,0,0,0,0,0,0.8989,0,0,0,0,0,0.3368912,0,0,1.11231,0,0,0,0,0,0,0.7563471,0,0.2558396,1.525818,0,0,0.1863112,0,0.4381673,0,0,0.4011085,0.0149789,0,0,0,0,0,0.5589824,0,0.4202989,0,0.8857034,0,0.16313,0.255864,0.9938827,0,0,0.2493199,0,0.06873717,0,0.4432437,0,0.2191469,0,0,0.3493487,0.6975812,0,0.3793594,0,0,0.1038453,0.06408448,0.0261867,0,0,0,0,0.5921223,0,0,0,0.7082813,0,0.5100355,0.1736231,0.7314439,0.00660125,0.1540346,0,1.254533,0,0,0.2610609,0,0,0,0,0,0,0.7830114,0,0.3480323,0.4530615,0,0,0,0,0.0479787,0,1.032279,0.534928,0.6085665,0.4478174,0,0.3891378,0,0.1014413,0,1.009616,0.3130074,0,0.1096086,0.1193809,0,0,0,0.3456251,0,0.2645864,0,0,0.2051048,0,0,1.324271,1.908811,0.4828609,0,1.711536,0,1.009392,1.177633,0,0,0,0.5356936,0,0.2197457,0,0.2609972,0,0.2262918,0,1.049677,0.03102529,0,0,0,0,0,0,0.6667561,0.1042004,0.5636112,0,0.7237266,0,0,0.5895464,0,1.068389,1.72929,1.385335,0,0,0,0.3441905,0.7483873,0,0.6838859,0.4920201,0,0.9320683,0.4151635,0,0,0.1861391,0,0.1437629,0,0.1738991,0,0.3363222,0,0,0.07505674,0.1870747,0.1426635,0.06287732,0.7526178,1.913214,0.2175413,0.07648052,0.9233163,0.0608162,0.904675,0,1.437376,0.0472549,0,1.451009,0,0,0,0,0.1388818,0.6307672,0.7889248,1.013704,0,0.2209444,0,1.388004,0,0.05472376,0,0.5530217,0.411189,0.5812577,0,0,0.3387772,1.07829,0,0,0,0.1865742,0,1.034518,0.2017477,0,0,1.016819,0,0.09029973,0.2755449,0,0.8528117,
0.4754842,0,0.8416466,0,0,0.02422668,0.4618392,0.2905358,0.6669754,0,0,0,0,0,0.1183543,0,0,0,0.07933137,0.6324995,0.06374051,0,1.394232,0,0,2.011801,0.2510455,0.1776918,0,0,0.2027886,0.277283,0,0.5962524,1.141914,0,0.1058785,0.1009487,0.9497436,0,0,0.2038907,0.2999994,0,0.5441688,0,1.812872,0,0,0.3690315,0,0,0,0.04091683,0,0.6867843,0.8140665,0.4151031,0,0,0.08606483,0.1689532,0.7604632,0,0,1.379012,0,0.9013267,0,0.1278373,0,0,0,0,0,0,0,0,0,0.7534826,0.2153084,0,0,0,0,0.8043798,0.7563886,0,0.5184578,0,0,0.5651113,0.6697683,0,0.5085469,0.1123108,0,0.2065452,0.295736,0,0.1610555,0.7272844,0,0,0,0.0722097,0.3653742,0.04856346,0,0,0,0.2062608,0.7685044,0.3716366,0,0.3742627,1.153665,0.7799516,0,0.5975446,0,0,0,0.02025161,0,0,0,0,0.1157192,0,0.06718318,0,0,0,1.089269,0.3746196,0,0.381477,0.3099297,0,0,0,0,1.050991,0.2043792,0.539794,1.304505,0,0.7677425,0,0,0,0.06600188,0,0.1266263,0.6644408,0.8588413,0.5055363,0,0.1271252,0,1.036308,0.1293327,0,0.9082183,0,0,0,0.1092198,0.3314658,1.935543,0,0,0,0.8427168,0,0.1052856,0,0,0.364268,0.9242101,0.9756936,0,0,0.9361936,0,0.2798544,0,0,0,1.337139,0,1.023602,0.0487621,0,0.3398638,0,0.4049235,0.2685891,0,0,0.007486456,0.2440086,0.1106982,0,0.1728325,0,0.05837175,0,0.9943687,0,0.1687413,0.68688,0.9103436,0,0.1474095,0.2925876,1.69619,0.04009062,0.2088997,0.01118549,0,1.305953,0,0.1061558,0.04289501,0.525296,0,0,0,0,1.22087,0,0,0,0.8099893,0.985639,0,0,2.232009,0,0,0,0.7077811,0.8442227,0.4428949,0,0,0,0,0,0,0,0,0,0,0,0.2116606,0,0,0.6608415,0,0,0.6016235,0.1099037,0,0,0,0,0,1.214276,0,0,0,1.005872,0.6044269,0,0,0,0.1858284,0,0,0,0,0,0.9326231,0,0,0,0.4405701,0.7455862,0,0.8323007,0,0,0,0,0,0.2242638,0.2669232,0,0.2853737,0,0,0,0,0,1.63261,0,0,0,0,0.6577998,0,0,0,0,0.1988562,0,0,0.8388473,0,0,0,0,0,0.4220342,0.2309077,0.5371454,0,0.2500054,0,0,0,0,0,0.3241848,0.4217972,0,0,0,0.1006382,0,0,0,1.198606,0,0,0,0.3961771,0,0,0,0,0.123452,0,0,1.391722,0,0,0.0776738,0,0.8327535,0,0,0,0,0,0,0,0,1.360985,0,1.152471,0,0,0.2632958,1.293027,0,0.6619449,0,0.2694291,0,0,0.4192265,0,0.1661062,0,0.8608342,0.7430152,0,0,0.002337925,0,2.430359,0,0.01125438,0,0.1722615,0,0.4835187,0,0,0.8156258,0,0,0.4157675,0,0,0.3621208,0,0,0.9323797,0,0,1.137705,0,0,0.6242056,1.162935,0,0,0,0.6672273,0,0.1460398,0.391755,0,0.519085,0.1339122,0.05140485,0,0.8681524,0.4046384,0,0,0.9859958,0.2072896,0.3415369,0,0.7310253,0.3080618,0,0,0,0,0,0,0.2945363,0.3213267,0,0.7668362,0,1.512443,0.7003864,0,0.2223142,0.3534627,0.4584816,0.2071362,0,0,0.3098219,0,0.05709806,0,0.5570843,0,0.202117,0.07462037,0,0,0,0.1755017,0.08153897,0,0,0.2343436,0,0,0,0,0,0,0,0.03070485,0,0.9228678,0,0,0.1788415,0.6771915,0,0,0,0.8260695,0,1.078509,0,0,0,0,1.009479,0.5334991,0,0,0.1391305,0,0.0860045,1.521078,0.8984084,0.557479,0,0.6313919,0.1848424,0,0,0,0,1.440649,0.7298443,0.069188,0.4185395,0,0,0.04924202,0,0,0.5745311,0,0,0,0.4855801,0.1141994,0,0,0.2172415,1.268167,0,0.0709935,0.2123644,0,0.1365968,0.08933102,1.152531,0.3612665,1.406133,0,0.8535045,0,0,1.126922,1.238808,0,0.6819576,0,0,0.4673449,0,1.419803,0,0,0,0.6091261,0.3649346,0,0,0.3608178,0,0,
0.9863233,0,0,0.2375005,0.004242385,0.1059289,0.1688541,0,0.8114451,0.2783236,0,0,0.2324595,0,0.5262081,0,1.95948,1.278218,0,0,1.05443,0,0,0.4563365,0.2821945,0.4728823,0,1.186748,1.523647,0.02712153,0,0.8651797,0.03043849,0,0,0,0,0.2275418,0,0,0.368704,0,0.2187564,0.7002636,0,0,0,0.2332343,0,1.343201,0.07285427,0,1.657692,0,0,0.6423822,0.4193525,0,0,0,0,0,0,0.9821074,0,0,0,0,0,0.6942543,0.5526175,0,0,0,0,0,0,0,0,0,0,0.5642725,0,0,0,0,0.7931297,0,0,0,0.1588837,0,0,0,0,0.08093728,0.7981987,0,0,0,0.6534554,0,0,0,0.9043997,0.8841758,0,0.01577527,0,0,0,1.078985,0,0,0.4614624,0,0,0,0,0.7567812,0,0,0.1661438,0,0.1738369,0,0.05624214,0.2879977,0,0,0,0,0.4187186,0,0,1.31566,1.407905,0,0,0.2417218,0.676958,0.8829185,0.2997947,1.353038,0,0,0,0,0.1120738,0.7746551,0.706171,0.08572549,0.006577718,0.5659609,0.2007999,1.049291,0.6918934,0,0,0.6332648,0,0.05281892,0.7165175,0,0.2118706,0,0.1437385,0,0,0.3843786,0,0,0,0,0,0,0,0.5065414,0.0541729,0,0,0.1105816,0.7217051,1.201084,0,0.08930013,0,0,0,0.3935494,0,0.04092386,0,0.5643569,0,0,0,0,0.2357971,0,0,0.6830019,0,0.03486574,0,0,0.03467011,0,0,0,0,0.4551201,0.8311781,0.7832456,0.522153,0,0,0,0,0.3572681,0,0,1.789737,0.4399593,0,0,0,0,0,0,0,0,0.3334042,0.2910711,0.6151699,0,0,0.8648821,0.6187529,0,0,0.7365835,0.3119078,0.3788052,0,0,0,0,0,0,0.1163013,0.1198244,0,1.405497,0,0.7548231,0,0,0,0,0,0,0,0,0,0,0,0,0,0,0,0,0,0,0,1.796967,0,0.9836528,0,0,0,0,0.1371817,0,0,0,0.1121765,1.402902,0,0,0.717602,0,0,0,0,0,0,0,0,0,0.6248429,1.180503,0,0,0,0,0,0,1.214866,0,0,0,0,0,0,0,0,0,0,0.2154116,1.622154,0,1.305077,0.002074009,0.08627573,0,0,0,0,0.7575743,0,0,0,0,0,0,0.7153021,0.4938038,0,0,0,0,0,0,0.6781545,0,0.7038258,0.2937759,0,1.031458,0.752671,0,0,0,0.06051642,0,0.450523,0,0,0.7047714,0,0.2159704,0,0.49709,0,0.170765,2.285109,0,1.543544,0.2740223,0,0,0,1.404862,0.6925106,0,0.2915758,0.735826,0.5561348,0.4184233,0,0,0,0,0,0,0.319734,0,0.02659809,0,0,0,0,0.5816292,0,0.1017408,0,0,0.3989816,0.1942067,1.022175,0,0.9591442,0.6895859,1.403358,1.619775,0,0,0,0,0.5643333,0.6215962,0,0,0,0,0,0,0.7219325,0.1552537,0,0,0,0,0,0.7554081,0,0,0,0.1719966,0.3030649,0.6021845,0,0,0,0,0,0,0.3517898,0,0.874577,0,0.07848288,0.6940515,0,0,0.2988981,0.4351052,0,0.2113615,0.2178349,0,0.5389792,0.4812622,1.409856,1.005449,0.570542,0,0,0.3657267,0.5590338,0.6824281,0.6013985,0.2801244,1.943093,0,0,0.4745492,0,0.6020677,0,0,0.5846891,1.166044,1.064897,0.3134488,0,0.241324,0.08805536,0,0.2119895,0.09348922,0.3610302,0,0,0.8820494,1.633256,0.125307,0.5634807,0.1206525,0,0.4896889,0.6743092,0.03930229,0.1424928,0,0.7536404,0,0.2015685,0,0.8060144,0.7042918,0,0,0,0.1929016,0,0,0,0.7734886,0,0,0,0.823083,0,1.674447,0,0,0.1579209,0.1345987,0,0.2095495,0,0,0.2651864,0.8551295,0.8955307,0,0,0,0.2352805,0,0,0,0,0,0,0.9283034,0.9244354,0.4466037,1.040803,0.5987085,0.6857111,0.1234162,0,0,0,0,0,0,0.8411573,0,0.5058864,0.002450558,0,0.041735,0.3347549,0.2841275,0,0.05871707,0.07732456,0.1202549,0,1.168144,0,0.4596874,0.1361722,0,1.076816,0,
0.05134241,0.7806294,1.381279,0.5898804,0,0,0.3951026,0,0,0,0,0,0,0,1.195996,0,0,0.2317624,0,0.5051625,0.2916657,0,0.2297514,0,0,0,0,0,0.2389072,0,0.2762934,0,0.09414925,0,1.245315,0,0,0.3806113,0.3748282,0,0.01113183,0.5516756,0.8471217,0,0.4852778,0,0.7434571,0.1150209,0.959193,0,0.01085036,0.2516005,0.1102834,0.07505461,0.5733335,0.5497543,0,0,0.6571241,0.8339952,0,1.011524,0.4390064,0.2472623,0,0,0,0,0,0,0,0,1.230127,0,0,0,0,0.2344365,1.241905,0.159998,0.1189952,0,0.2143486,0,0,0,0,0,0.1034247,0,0,1.012678,0,0,0,0,0,0,0.2816346,0,0.4819711,0,0,0.7452506,0,0,1.581968,0,0,0,0,0.3022846,0,0,1.146877,0.3836981,0,0,0,0.9107339,0,0.4533152,0.406819,0,0.4168404,0.1836613,0,1.339437,1.142633,0,0.7917479,0.2044308,0.0169478,0,0.3811936,0.6890706,0,0,0,0,2.212182,0.3187272,0,0,0.8785003,0.6497872,0,1.668606,0.1156601,0,0.7574229,0,0,0.1267063,0.1293429,0.3410707,0.4545155,0,0.4401016,1.024895,0.2752288,0.6027547,0.973883,0,0,0.7956136,0.07743261,0.1061317,0.232867,0.468717,0,0.8424698,0.6063654,0,2.068223,0.03245543,0,0.2452478,0.3454562,0.4591294,0,0.7273867,0,0,0,0.1917912,0.2920824,0,0.123816,0.2108428,0,0,0,0,0.2154444,0,0.5674518,0.3796875,0,0.1725269,0,0.2708936,1.496598,0.2663671,0.5359187,0,0,0,0,0.1689234,0,0.1132138,0.325089,0.9225158,0,0,0,0,0,0.3931287,0,0,0.1527553,0,0,0,0.4393246,0,0.1901798,0,0,0,0,0,0,0,0,0,0.2478021,0,1.39953,0,0.8691094,0.3174651,0,0,0,0,0.008047616,0,1.499694,0,0,0.9025277,0.140333,0,0,0,0,1.555749,0.1332305,0,1.06323,0,0,0.4428869,0,0,0,1.966255,0,0.6853032,0,0,0,0.2513737,0,0,0.7209983,0,0,0,0,0.4675823,0,0,0.4597429,0,0.9783717,0,0,0,0,0,0,0.002172641,1.569827,0,0,0,0,0,0,0,0.07531869,0,0,0,0,0,0,0.7004273,0,0,0,0,0,0.5097569,0,0,0,0.04704133,0,0,0,0.3707137,0.3400623,0,0,0,0,0.9439589,0,0.03683965,0,0,0,0,0.8683958,0,0.2083059,0,0,0.1293203,0.2102147,0.200045,0,0.1964404,0,0.741793,0.4603815,0,0,0,0,0,0,0,0,0.5639746,0.007491305,0,0.08217677,0,0.01301302,0,0.1221552,0.2829296,0.3598101,0,0,0.2368329,0,0,0.7614697,0.04890725,0.8467833,0,0,1.584745,0,0,0,0,0,0.4235904,1.416765,0,0.1724737,0,0,0.2721789,1.802319,1.003229,0.7078719,0,0.5948853,0.1079151,0.3485877,0.136392,0.2699443,0.1482821,1.171879,0,1.208506,0,0,0,1.362991,1.205484,0.01587987,0.9810731,0.7695135,0.06524137,0.2105362,0,0,0.08190757,0.331988,0,0,0,0.571368,0.549596,0,0,0,0,0.4996839,0.369601,0,0,0.7937341,0.6601571,0,0.909889,0.05979502,0.1936849,0.6004993,0.5816525,0,0.5215258,0.4014086,0,0,0.2903126,0,0,0.9390877,0.9382658,0.02848636,0.8547649,0,0,0,0,1.345957,0,0,0.05348259,0.3410278,0,0,0,0.4118411,0.2181145,0.4228415,0.3869364,0.6200651,1.06884,1.07292,0,0,0.002733969,0,0,0,0,0.04268028,0.8996941,0.3131905,0,0.5959923,0.9575138,0.678345,1.712,0,0.2385496,0.8466957,0,0.6024488,0,0,0.3017076,0,1.475224,0.2410919,0,0,0,0.03453071,1.158988,1.283305,0.05966193,0.06575339,0.1925781,0.9870608,0,0,0,0.5238546,0,0,0,0,0.3153131,0,1.159788,0,0.02071905,1.775056,0,0.2094728,0,0,1.408097,0,1.18524,0,0.3585661,0,1.169729,0,0.659407,0,0,0,0.1512595,0.7265821,0.3702697,0.3892527,0.748141,0,0.024831,0.9328215,0.2546075,0,0,0,0,0,0.306383,0,0.00250678,0,0,0,0.07190094,0.4547641,0,1.162186,1.37704,0,0.3229692,0,1.124908,0.374897,0.2877009,1.298872,0,
0,1.162156,0.2974739,0.1971812,0,0,0.723862,0.06019554,0,0,1.088276,0,1.029119,0,0,1.229782,0,0,0,0,2.085096,0,0.04172871,0,0,0,0.08100806,0,0,0.15259,1.00405,0,0.534808,0,0,0,0,0,0,0.784493,0.4491207,0.2567157,0,0.03305326,0.6477916,0,0,0,0.07565039,0.7684865,0.2107481,0,0.3101655,0.904932,0,0,0.2054682,0.09101958,0,1.191799,0.4688067,0.6958721,0.1666981,0,0,0,0,0,0,0,0.2131433,0.50857,0.5429637,0,1.043049,0.04250768,1.457995,0,1.940842,0,0,0.2704642,1.034487,0,0,0,0,1.030063,0,0.229415,0,0,0,0,0.5263659,0.4742445,0,0.8547627,0,1.795998,0,0,0,0.02056062,4.108713,0,1.583343,1.069277,0,0,0.1924016,0,0.3679486,0.6742091,0.05632633,0.3623354,0,0.5668839,0.2143823,0,1.531696,1.532077,0,0,1.140012,0,0.02208769,0.8896362,0,0,0,0.731249,0,0.05749814,0.7114199,0,0,0.8311541,0,0.9793234,0,1.186741,0.3922931,0.2599576,0,0.5787454,0.762898,0,0.6721606,0.9919461,0,0.1221563,0,0.2775454,0,0,0.6893335,0.7201622,0.2677107,0.6444154,0,0.2659564,0,0,0,0.08662488,0.5139874,0.1689052,0.2535399,0.5014397,0.08580337,0,0.9170331,0,0,0,0,0.1973997,0,0,0.4929271,1.055428,0,0,0,0.8981865,0,0.07073957,0,0,0.6383954,0,0.00911421,0,1.419544,0.1049465,1.498272,0.4088194,0.3105236,0,0,1.121633,0,0.2577248,0,0,0,0.2473625,0,0,0.5317084,0.8042324,0,0.501934,0.2622917,0,0.2953031,0.4766553,0,0.5820776,0.1645084,0,0,0,0,0,0,0,0,0.1094104,0,0.3231481,0,0,0,0.5030515,0,0,0,0,0.1652959,0.6753503,0,1.055583,1.101445,0,0,0,0.1616486,0.6934734,0,0,0.02548641,0.777696,0,0,0,0,0,0,0,0,0,0,0,0.15933,0,0,0,0,0,0,0,0,0,0,0,0,0,0,0.3443076,0,0,0,0,0.5949911,0,0,0,0,0,0,0,0,0,0.5653916,0,0.3883289,0.4188058,0,0.5707481,0,0.704107,0.09382376,0,0,0.9093392,0,0.849023,0,1.269459,0,0,0,0.6756334,0,0.296368,0.2545878,0.8751274,0,0.9781706,0,0,0.1128727,0,0.3114116,1.819639,0,0,0,0,0,0,0,0,0,0,0,0,0,0.1567619,0,0,0,0,0,0,0,0,1.876906,0,0.0309833,0,0,0.1998985,0,0,0.7516077,0,0,0,0.3588563,1.10964,0,0,0.007013006,1.738054,0.4189115,0,0,0,0.3325271,0.09075503,0,0.200204,1.942833,0.4973641,0,0,1.33833,0,0,0.2501371,0,1.199032,1.186717,0.6164167,0,0.6893155,0,0.09456624,0.3299682,0.6817313,0,0,0,0.5657562,0,0,0,0,0.8557336,1.499495,0,0.2329057,0,0.9375395,0.9991308,0,0.3373,0.07308561,0.9614928,1.084679,0,0.7447222,0,0,0.3407682,0.5371239,0.2138568,0,0,0,0.9086518,1.109757,0,0.5353988,0.104142,0.6350043,0.2182078,0.4197822,0.3192607,0.2290665,0.4947363,0,0,0,0.7457528,0.3386973,0.2397387,0,0,0.5113162,0,0,0.03630147,0.6757052,1.273219,1.565699,0,0,0,0.1460823,0.8001193,0,0.274372,0.3681228,0,0,0,0,0,0,1.10626,0.6375531,0.3254371,0.2161946,1.072105,0.0322372,0.1828642,0.9475011,0,0,0.1627516,0.2683343,0,0.1187248,0,0,0,1.534229,0,0.002102114,0,0,0,0.6871611,0,0.24625,0,0,1.60539,0.03287356,0.5437224,0.4136594,0.713365,0,0,0,0.7552829,0,0,0.3496242,0,0.5989841,0,1.143107,0.05140979,0.8761169,0.7750022,0.8422141,0,1.115825,0.04222199,0.8703564,0,0.2273282,0.6913718,0,0,0.2174462,0.1447052,1.255542,0,0.1927838,0,0,0.6961851,0.3870918,0.5469263,0,0.5247054,0,0.09483217,0,0,0.4521418,0,0,0.595502,0.1203154,0,0.4645855,0.1551328,0.4883285,0.3097481,0.0740069,0.03930476,0.5971728,0,0,0,0,0,2.090389,0.1649209,0,0,0,0.06069713,0,0.158984,0,0.4545601,0.07316164,0,0,0.420463,0,0,
0.4663942,0,0.918593,0.3787853,0,0,0.4676247,0.1374396,0,0.2671747,0,0,0.2696219,0,0,0.3201163,0,0.1629775,0.5232989,0.01401261,0,0,0,0.6054702,0,0,0.381423,0,0,0.1874021,0,0.4231797,0,0,0,0,0,0.08005216,0,0.3239556,0.4247316,0.1491275,0.8886451,0,0.0624098,0,1.66177,0.4343013,0.5185529,0,0,0,0,0,0,0,0,0,0.3447793,0,2.268705,0.2288016,0,0,0,0,0,1.187814,0,0,0,0.2660256,0.8017682,0.4673653,0,0.584105,0.2623287,0.1371404,0,0.858492,0.141944,0.4641257,0,0,0,0.02962193,0,0.1673354,0,0.5912313,0.5553743,0.2990915,0.03060982,1.185368,0.3381608,0,0.1497219,0,0,0,0.202196,0,0,0,0,0,1.203075,0.6503853,0.67984,0,0,0,0.4597514,0.3342813,0.6674073,0,0,1.544673,1.193522,0.720815,0,0,0.14186,0,0.4349209,0,0,0,0.3926851,0.06870541,0,0.6177933,0.3886622,0.4700673,0.8254554,0.07150632,0,0,0,0.08586158,1.122562,0,0,0.5218151,0,0,0.26123,0.2103144,0.133044,0,0,0.1872039,0,0,0.4740452,0.1241532,0.1505382,0,0,0.3109311,0,0.04663257,1.487216,1.006301,0,1.496567,0,0,0.269849,0.1874246,0,1.498587,0,0.5421603,0,0.519132,0.4535572,0.2887488,1.149869,0,0,0.9679102,0.3301569,0,0,0,0.1292119,0,0,0,0,0.04213741,0.2109763,1.366683,0,0,0,0,0.113698,0.4996195,0.05916204,0.1114776,0,0,0,1.52385,1.139445,0,0.7285383,0.2599148,0,0,0,0.5514572,0,0.7505118,0.04262494,0,0.3257014,0.08791146,0.7868359,0,0,0,0,0,0.3557769,0.05011094,0.1482658,1.842802,0.03393024,0.6476914,0.645846,0,0,0,0,0.8486917,1.059378,1.263263,0.2780295,0,0,0,0.8513637,0,1.047173,0.05119424,0,0,0,0.1404215,0.1146613,0.2150022,0,0,0,0,0,0,1.431713,0,0,0,0.6788137,0,3.574579,0.03589823,0.08527,0,0,1.985826,0.656943,0,0,0,0,0,0.7995517,0,0,0,0,0,0,0.6229853,0,0,0,0,0,0,0.01123478,0.3358702,0.111933,0,0,0,2.14427,0,0,0,0.4434195,0,0,0,0,1.096966,0,0,0,0,0,0,0.2621377,0,0.3359881,0,0,0,0.3060538,0,0.4623175,0,0,0,0,0.7010338,0,0,0,0,0,0,0.6457142,0,0,0,0,0,0.0355473,0,0,0,1.539372,1.627858,0.8615867,0,0,0,0.370135,0.6502549,0,0,0,0,0,0,0,0,0,0.3120243,1.085523,1.695446,0.3072695,0.6368241,0.4569384,0.6359349,0,0,0,0,0,0.3148658,0,0,0.3901254,0.03194137,0,0,0.3984653,0.2227872,0,0,0.1353928,0,0.1437353,0,0.1336813,0,0,0.4610766,0,1.76026,0.2210154,1.144098,0,0.7985244,0.5067187,0,0.1180548,0,0,0,0.04530364,0,0.100743,0.7173386,0.8123673,0.543247,0,0,0,0.7316281,0,0.3798948,0,0,0.9573657,0.9232183,0,0,0,0.3023024,0,0.4288192,0,0,0.6620824,0.3656203,0,0,1.213171,0.2115528,0,0.4114627,1.052744,0,0.5147258,0,0.4632881,0.3510751,1.326903,1.457919,0.1952124,0.9594972,0,0.3176753,0,0,0,0,0,0.2268742,0,0,0.7979794,0,1.049994,0.5876081,0,0,0.02430702,1.367732,0,0,0,0,0,0.2143549,0,0.5736322,0,0.9338742,0.03053263,0,0,0.2124548,0.5959533,1.188309,0.7876991,0.1490721,0,0,0,0,0,0.4087255,0,0,0,2.124152,0,0.5695948,0.05092997,0.163991,1.062081,0,0.2705144,0,0.05372426,0.6499314,0,0.7850351,0.8994893,0.9063076,0.2797465,0.4174914,0,0.2819745,0.102246,0.141817,0.8185006,0.2874549,0,0.2253645,0.6126443,0,0,0.00253731,0.2811193,0,0.3767478,0.7309672,0.2989578,0,1.204223,0.02750329,0.8942236,0,0,0,0,0.478818,0,0,0,0.5149772,0,0,0,0.7655289,0,0.4288988,0,0.5304427,0.6349805,0,0,0.0785311,0,0,0,0,0.04814917,0.5113113,0,0,0.5831545,0.5321276,0,0.9937957,0.892547,0.1440026,0,1.175963,0,0.08200701,0.6785902,0,
0,0,0,0,0.6726681,0,1.798874,0,0,0.7017608,1.09797,0.5247386,0,0,0,0,0,0,0,0,0,0,0,0,0.09881858,0.7241296,0.5678066,0,0.3256047,0,0.6165823,1.129525,0.07258506,0,0,0.7837259,0.6687334,0.9652179,0.7987984,0,0.2027965,0.1613913,0,0,0.6889932,0,0.02487314,0.3078871,0,1.285689,0.7586727,1.000154,1.495605,0,0,0,0,0.3341857,1.170523,0,0,0.1250551,0,0.7017162,0.8275673,0,0.8997805,0,0.1978106,1.725718,0,0.8323156,0,0.6170184,0,0,1.300998,0.1790501,1.098631,0,0.5038621,0,0,0,1.621383,0,0,0,0.4083225,1.569256,0,0,0,0.2885588,0,0.7048584,0,0,0,0.9354073,0.294351,0,1.510355,0,0.4532589,0,1.341259,0.4857567,0.9487896,0.2579608,0,0,0,2.140511,0.7506759,0,0,0,0,0,0,0,0,0.6012174,0,0,0.002411529,0,0,0,0,1.776094,0,0,0.07241818,0,0,0,0.6321488,0.5058941,0.7904311,1.135083,0,0,0,0.01789604,0.5427086,0.9962775,0.4634187,0,0,0.1528773,0.04834455,0.8170727,1.699564,0,0,0,1.683331,0,0,0.9261941,0,0.118892,0.4766151,0.01049249,0.5622819,0.002387373,0.6241097,0,0,0.2746162,1.068869,0.7900703,0.97627,1.280028,0,0,0,2.134627,0.3366729,0,0,0.4215322,0,0.196192,1.056476,0,1.055493,0.03824321,1.372522,0.4167064,0,0,0,0,0,0.1344371,0,0.1451798,0,0,0,0,0,0,1.160311,0,0,0,0.1567249,0.7269402,0.3268438,0.4433452,1.160343,0,0,0,0,0.2329169,1.464431,0,0,0.00245181,0.1617442,0,0.2729597,0.6308199,0,0,0,0,0.4948836,0,0,0,0,0.5902434,0,0.5365764,0.809213,0.4004893,0,1.368948,0,1.083965,0,0.728816,1.973594,0,0,0.06395528,0,0,0,0,2.510882,0,0,0,0,0,0,0,0,0,0,0,0.3781835,0,0,0,0.1109035,0,0.6514187,1.767443,0.1252978,0,0.2332199,0,0.2420703,0,0,2.043417,0,0,0,0,0,0,0,0,0,0.4436069,0,0.002079326,0,0.6114788,0.1542643,0,0,0,0.4147634,0.1547263,0.05678508,1.229587,0,0,0,0.1389011,0,0.215497,0.3110841,0,0,0,0.2051657,0,0.9748868,0,0,0,0,1.342659,1.436944,0,0,0.07711741,0.4656523,0,0.1148871,1.135922,0,0,0,0,0,0,0,0,0,0,0,0,0,0.2480186,0.7004618,0,0.07084987,1.318549,0.2690055,0,0,0,0,0,0.5923957,0,0,0,0.7248935,0,0,0,0,1.05023,0.7831433,0,0,0,0.2611665,0,0,0,0.007167907,0.05543501,0,1.157145,0,0.4828803,0.07199027,0.8746578,1.513606,0,0,0,0.2155567,0.02016096,0.9460573,0.2100837,0.5005369,0,0.7817565,0.2076522,0,0,0,0,0.8900664,0,1.113835,0,0.2278272,0,0.4432517,0,1.026273,0,0,0,0,0,0.137826,0,0.3610275,0.2261906,1.385821,1.663666,0.1670035,0,0,0,0,0.5259241,0,0,0,0.217777,0,0,0,0,0.538537,0,0.2530451,0.4991764,0,0.07297376,0,0,0.2985861,0,0,0,0,0,0.887814,0,0,0.8960898,0,0.09586054,0,0.6896999,0,1.063962,0.2911758,0.2412681,0.4799951,1.700534,1.078272,0.5389774,0.6930409,0,0,1.0621,0,0,0.5447083,0,0.5321331,0,0,0,0.2904173,0,1.29972,0.4147784,0.5406277,0,0,0,2.210123,0,0.9329352,1.962467,1.306924,0,0.7699664,0,0,1.521773,0,0,0,0.3418449,1.218216,1.670028,0,0.1526982,0.09901164,0,0.8893901,0,0,0,0,0.9886649,0.4290614,0,0,0,0,0,1.108599,1.392851,0.6494681,0,0,0,0,0,1.378507,0.1343132,0.1446465,0.3023959,0,0.1514767,0.5673137,0,0,0,1.207297,0,0.5989103,0.8646929,0.8160073,0,0.113888,0,0.7027806,0.4112278,0.8076981,0.8404965,0.5795238,0,0,1.110669,0,1.592831,0,0.6400933,0,0,0,0,0.9520617,0,0.4880034,0.9796444,1.389681,0.5590351,0,0.255481,0,0.09720109,0.7459994,0,0,0,
0,0,0,0.9761739,0,0,0,0.005152992,0,0,1.013217,0.09407821,0,1.595325,1.483792,0.3208349,0,0,0.1422893,0.193516,0.4998405,2.017485,0.1812551,0,0.4759052,0.8596046,2.522326,0,0.06682519,0,0,0.4882672,0.5767838,0.7133439,0.278652,0.5794545,0,0,0,0,0,1.04256,0,0,0.3358248,0,0,0,0,0.2828542,0.4774171,0,0,1.554756,0.01037841,0,0.8086065,0.09382383,0,1.41303,0,0,0,0,0,0,0.236516,0,0.02577144,0.5912087,0,0,0.3122738,0.5893843,0,0.9292516,1.350055,0.5646645,0.8877735,0.7055448,0.2590159,0,0,0.4653781,0,0.008525697,0,1.202983,0.02492853,0,0,0.5703291,0,0,0,0.6065314,0.5464855,0,0.9982278,0.5980945,0,0.2571193,0,0,0.9883104,0,0.08867049,0.4640008,0,0,0.1546648,0,0,0.8648144,0.5098792,0.785071,1.624654,0.8281386,0,0.284931,0.1535299,0.1061398,0,0,0,0.5911398,0.9996707,0.2712065,0.3628301,0.180968,0,0,0,0.5424426,0,0.3664641,0,0,0,0.1409317,0,0.1921566,0.4086349,0.1912918,1.122236,0.8515954,0.407092,0,0.06164465,0,0.5532646,0.005671136,0.9197212,0,0.4047448,0.6461017,0,1.05853,0.1594971,0.5654004,0.1054413,0,0.7935873,0,0.4776934,0.9932671,0,1.149469,0.6171433,0,0.08133107,0.2353918,0.3108738,0.3554316,0,0,0,0,0.6636863,0.2290837,0,1.371374,0,0.06756825,1.079772,0,0,0.6715755,0,1.708485,1.27237,0,0.2891123,0.03945149,0.690134,0,0,0,0,0,0,0.9025288,0.2797009,0.05607075,0,0.9455439,0.5171057,0.07728811,0,0,0.05098074,0.07115996,0.1981485,0.3288066,0.5325808,0,0.6508303,0,0,1.210946,0.8761994,0.4519308,0,0,0.1734007,0,0.6671693,0.364067,0,0.6734582,0,0,0,0.3027512,0,0,0,0,0.5058603,0.2230278,0,0,0,0,0,0.01497053,0,0,0,0,0,0,0,0,0,0.55889,0,0,0.2134549,0,0,0,0,0,0.2215614,0.2289062,0,0,0,0,0,0.2818865,0,0,0.2668199,0.5463152,0,0,0.2831246,0,0,0,0,0,0,0.3980727,0,0,0,0,1.673831,0.5489327,0,0,0,0,0,0,0,0.5618551,0,0.1210863,0,0,0,0,0.6594331,0,0,0,0.8848183,0,0,0.541945,0,0,0,0,0,1.063583,0.6617671,0,0.818537,0,0,0.3449891,1.36957,0.4299094,0,0.08836912,0,0,0,0,0.6055133,0,0,0.03272088,0.145363,0,0,0,0,0,0,0,0,0,1.270346,0,0.07234654,0,0,0,0,0,0.2403463,0,0,0,0,0,0,0,1.117632,0.1014751,0.08608337,0,0,0.2365517,0.5651801,0,0.1642908,0.5102452,0.7617784,0.939545,0,0,0.5905942,0.6571822,0,0,0,0.8966677,0,0.8268356,0,0.5196234,0.1112274,0,0,0.007622925,0,0.09362066,0.662829,0,0.4030629,0,0,0.04346369,0,0,0,0,0,0.8344694,0.01684731,0,0,0.5065785,0,1.009728,1.241386,0.6457756,0.07728893,0,1.095363,0.8995249,0.4959677,0,0.3902232,1.264731,0.2566809,0.3066744,0.2967937,0.8649558,0.2233284,0.990518,0.1171823,0.4411995,0,0.07293428,1.158647,0.2971148,1.387558,0,0.6094735,0,0,0.1789315,0.7158668,0,0,0,0,0.1548004,0,1.741998,0,0.7964505,0.299023,0.1945471,0.5345004,0,0,0.3575804,0,1.573997,0,1.021543,0,0,0.5515898,0.9804093,0,0,0.6162209,0,0,0.4486635,0.1391076,0,0.7040334,0.02506911,0,0.1884045,0,0.2306668,0,0,0,0,0,0.1081864,0.3377626,0,0.01706153,0.060963,0,0,1.007549,0,0.3616304,1.172219,0.9592521,0.549077,0.7135698,1.588726,0,0,0,1.146233,1.337982,2.56532,0,0.3670093,0.3771576,0,0,0.7382734,0.3528448,0.3782685,0.736502,0,0.4155094,1.127312,0.5066313,0,0.4741024,0.5362239,0,0,0,0,0,0.6761599,0.6863304,0,0,0,0,0,0,0.4601477,0,0,0.8135117,0,0,0.5872401,0,0,0,0.6341386,0,0.2455353,0,0,0.2760172,0.6645664,0.1976888,0,0.03494295,0.09241574,0.4826708,0.2554836,0,0,0.04487173,0,0,0.1569938,0,0.9221734,0,0,0.04031004,0.2159773,0,0.5361719,
1.515529,0,0,0.08035862,0.7179444,0,0.2717354,0,0.3990597,0.4962144,0.6905288,0,1.216015,0.7236143,0,0.9072703,1.265942,0,0.7209215,0,0,0,0,0,0,0.4763655,0.615907,0.01331569,0.2778115,0,1.109626,0.08647696,1.71672,0,0.02460055,0.2407437,0,0,0.02798118,0.9662295,0.7847424,0,0.5263362,0.4466921,0,0,1.112779,0,0.73395,0.1719404,0.653857,0,0,0,0,1.039248,0.3175527,0,0,0.6641632,0,0.05880867,0.6426046,0,0,0.1089172,0,0,0,0,0,0,0,0,0.5512728,0,0,0.3090355,0.7288426,0.8351938,0.8139247,0.8666334,0,0,0,0,0,0,0,0.1202215,0,0,0,0.7308549,1.251114,0,0,0,0,0,0.9585173,0.7622882,0,0,0,0,0.8871937,0,0.6360651,0,0,0,0,0,0,0.2079745,0.08025619,0.6420972,0.6138699,0.2945439,0,0,0,0.6521888,0,0,1.331799,0.2662695,0,0,0,0,0,2.419745,0.2999564,0,0,0,0,0,0,0.6148612,0.1650942,0,1.105095,0.2694722,0,0.7489042,0,0,0,0,0.1092079,0,0,0.5111713,0,0,0,0,0,1.289818,0,0,0.7549696,0.8230759,0.03642918,0,1.230283,0,0,0.6291869,0,0,1.440039,0,0,0.2735327,0,0,0.6664271,0.4811366,0,0,0,0,0,0,0,0.2937837,0.7318094,0.1563042,0,0,0.3349712,0,0,0,1.450532,0,0.2201652,0,0,0,1.188224,0,0,0.1524856,0.2342054,0,0.5792037,0,0,0,1.244905,0.1822239,0,0.3724845,1.116487,0,0,0,0.2068666,0,0.925958,0.009742428,0.02359292,0,0,0,0.4340057,0,0,0,0,0,0,0.6318617,0.7674031,0,0.3892141,0,0,0,0,0.567725,0,0,0,0,0.4585287,0,0,0,0,0.6104206,0.1937452,0,0,0,0,0,0,0,0,0.7196106,0,0,0.5960869,0,0,0.3177965,0.6607516,0,0.09205487,0,0,0,0.9107847,0,0.7987696,0,0,0,0,0.4099417,0,0,0,0.2991991,0.2416877,0.9266719,0,0.6380486,0,0.6852237,0,0,0.5707408,0,0,0,0,0,0,0,0.107196,0,0,0,0,0.2677777,0.4866333,0,0.06648125,0,0,0,0.9999719,0,0.104823,0,0,0,0,0,0,0,0,0,1.309414,0,0,0,0.7105635,0,0,0,0,0,0,0.2603786,0,1.98433,0,0,0.4495217,0.7505136,0.3246168,0,1.472071,0,0,0,0,0,1.761807,0,0.4587815,0,0.6513737,0.816786,0,0,0.2774453,0.5485476,0.09166809,0.3338479,1.008723,0.1218041,0.9578824,0.1189667,0,0,0.2407811,1.555538,0,0.730491,0.946004,0,0,0.6083327,0,0.1042469,0.6501606,0.5734736,0,0,0.9453861,0,0.02187143,0.7317997,0.3929863,0,0.3625119,0.6104298,0.8117778,0.2838618,0,0,0.9183108,0,0,0.9136521,0.3907135,2.124811,0,0.8750065,0.02663534,0.3554294,0,0,0.0603371,0,0.1164689,0.1446643,0,0,0,0,0,0.09017307,0,0,0,0,0,0,0,0,0.6404561,0,0,0.3137759,0.3777703,0,0.4742944,0.9603595,0.8123914,0.07893889,0.4948884,0,0.234962,0.7612193,0,0.130584,1.685251,0,0.8624629,0,0.4114472,0.3910121,0,0.2512324,0.2713202,0,0,0,0.3803664,0,0,0,0.1760766,0,0.4129288,0.1892718,0.0496758,1.502343,0,0,2.242171,0,0,1.288091,0,1.223211,0,0,0.04496074,0,0.16214,0,0.8096948,0,1.64064,0.6555236,0,0,0,0.3676939,0,0.04414112,0,0,0,0.3461231,0.2785259,0.746561,1.975938,0,0,0,0,0,0,1.052587,0.5892183,0.3375528,0.8178555,0,0,0,1.171401,0.2481086,0,0,0.8719311,0,0.1865463,0.2255322,0,0,0,0.4016286,0,0,0.6427259,0,0.984303,0.3573962,0,0,0,0.567551,0,0.175847,0.05309638,0.2446998,0,0.1925425,0.1660353,0,0,0,0.3886883,0,0.5921097,0,0.4638598,0,1.222644,0,0.4172156,0.7906313,0,0,0.1044278,0,0,0,0,0.5490283,0.4064693,0,0.2536575,0.1943047,0.5960671,0.243432,0,0,
0.6647916,0,0.3642068,0,0.1774742,0,0,0.7571577,0,0.4715572,0,0,0.09216959,0.6168571,0,0,0.1112727,0.380317,0,0,0.2188677,0,0,0,0,0.3752019,0.2137088,0.1794814,0,0.4288763,0,0.257143,0.3639895,0,0.8267003,0,2.193265,0,0,1.851848,0,0.2415761,0,0,0.3273897,0,0,0,0,3.036267,0.4570487,0,0.7367246,0.2643283,1.24636,0,0,0.42276,0,1.337053,0,0,0.6489231,0.7079183,0,0,0,0,0,0,0.2432802,0.300632,0,0,0,1.899961,0,0,0.4797814,0,0,0,0.2359825,0.7900332,0,0.4707892,0.5028945,0.2300464,0,0.1170491,0.7019195,0.4759098,0.6266572,0,2.10479,0.2949959,0,1.724352,1.526346,0.8004915,0.4532969,0.4397232,0,0,2.030924,0.7498725,0.4796037,1.02631,0,0.4372482,1.186403,0.02252252,0.5074514,0,0.8795533,0.5090892,0.2024085,0,2.354154,0.5861821,1.147444,0,0.2653394,0,0,0,0.07418081,1.523941,0.2141125,0.4112618,0.0679487,0,1.002989,0.5377049,0.4424874,0.0814094,0,0.07531013,0,0,0,0,0,0,0.2817481,0.4509197,0.4093459,0,0.571449,0,0,0.142091,0.3230087,0,0.8968102,0.7164333,0.4717731,0.0347947,1.13067,0.7300844,0.6710711,0,0,0,0.3605681,0,1.092471,0,0,0.09318362,0,0,0,0,0,0.4934351,0,0,0,0.4132393,0,2.175047,0.6486254,0.3917303,0.4737554,0,0,0,0,0.6783285,0,0,0.6023415,0,1.460428,0,0,0,0.09199481,0,0,0,0.3735792,0,0.160462,0,1.062361,0.3666778,0,1.792968,0,0,0,0.2255896,0,1.12559,0,0,0,0.7613937,0,0,0.2443378,0,0.8620613,0,0.6676304,0,0.5240911,0,0,0,0,0.3186168,0.4754583,0.6024922,0,0,0,0,0,0.4924107,0,0,0.5203122,0,0.05430833,0,1.45001,0,1.134033,0,0,0,0,0,0.1274296,0.08824092,0.00195862,0,0.04860898,0,0.4335251,0,0.2699694,0,0,0,0.3171837,0.7430314,0,0,0,0.7408299,0,0,0,0,0,0,1.826554,0,0,0,0,0,0,0,0,0,0,0,1.255475,0,0.1590123,0,0,0,0,0,0,0,0,0,1.156389,0,0,0,0,0.00214361,0,0.4491543,0,0,0,0,0,1.228814,0,0,0.7169815,0,0,1.066924,0,0.4601834,0,1.813663,0,0,0,0.7242327,0,0,1.792931,0,0.9545162,0,0,0,0.5014925,0,0,0,0,0.2469654,0.3908199,0.1246442,0,0,1.413319,0,0,0,0.5949057,0,0,0.7437582,0.709052,0.2662124,0,0,0,0.9860715,0,0,0,0.3358205,1.360091,1.389787,0.5365488,0,0.6755542,0.05069515,0.1517753,0,1.606999,0.9787101,0.7524331,0.3757243,0.1762495,0,0,1.4799,0.8264568,0,0.9905924,0.7603051,0,0,0.9493876,0.8524634,0,0.10053,0.6210348,0,1.942012,0,0.1117278,0,0,0,0,0,0.5035967,0.3791206,0.4997732,0,0.3081444,0,1.621897,0,0,0,0.2031504,0,0.03666406,0,0,0,0.7459055,0,0,3.079594,0.7502038,0.9232413,0,0.4778981,0,0.1849554,0,0.1705796,0,0,1.146055,1.147597,0,0,0.4378611,2.05286,0,0.1412516,0,0.8631365,0,0.302672,0.4750624,0,0.01849401,0.01097596,0.4302296,1.9214,0.00291545,0,0.9260561,0.9231662,0.4133793,0.1287573,1.833782,0.4731312,0,0.3347129,0.835049,0.6068965,0,0,0.4055792,0,0.2934289,0.003106976,0.5710464,1.155243,0,0.1627134,0.56968,0.855376,0.08096594,0,0,0.08419522,0.591517,0.4014235,1.06295,0.07702215,1.175371,0,0.1677898,0.2923532,0.1940976,0,0,0.8389585,0,0,0,0,0.003959406,0.2827716,0,0.3571185,0,0,0.6303087,0,0.03716416,0,0.1234447,0,0.7118716,1.257146,1.386003,0,0,0.4339476,0,0.2374673,0,0,0.4366519,0,1.578167,0,0.7622955,0,0.02711039,0,0,0.6032736,0.4086452,0.6966224,0.7885041,0,0.3166148,0.4656315,0,0.8844927,1.04048,0.1489712,1.252206,0,0,0,0,0.38494,0.5098562,0,0,0,0.6165168,0.4280583,0,0.4217527,0,0,0,0.8221148,1.185568,0,0,0,0,0.1835906,0,0,0,0,0,0,0.1620778,1.249967,
0.108737,0,0.02529754,0,0,0,0,0.2736707,0,0.4918502,0,0,0,1.410895,1.393208,0,0,0,0,1.085019,0,0.3116891,0,1.078911,0,1.233054,1.462344,0.05071511,0,0,0,0,0,0.5129263,1.555956,0,0.4342144,1.438587,0.8601684,0,1.033316,0.1037742,0.08986501,0.6829333,0,0.2662918,0.08625672,0,0.5419924,0.8258955,0,0,0,0,0.4600564,0.1868075,0,0,0,0,0,0.5723482,0,1.975706,0,0,0.4936489,0,0,0,0,1.709338,0,0,0,1.617013,0,0.9970978,0.5485043,0.0412483,1.483686,0,0,1.200279,0,0,1.709024,0,0,0,0,0.3524777,0,0,0,0,0,0.4322364,0,0.7493424,0.5807775,0,0,0.727377,0,0,0,0,0,0.06997773,0.1943806,1.215431,0.5665419,0,0,0,0,0,0,0,0,0.4732531,0,0,0,0,0.08183638,1.509144,0,0.1977341,1.501959,0,0,0,0.263893,0.6911683,1.010723,1.258572,0.2429091,0.7966421,0.355718,0,0,1.409948,0,0.5942855,0,0.09999277,0,0.518401,0,0,0,0.7819662,0.4129796,0,0,0.6165991,1.614375,0,0.3251983,0,0,0,0,0.5286462,0,0,1.256186,0.6679096,0.2514169,0,0,0,0,0,0.5532342,0,0.2904699,0,0.6636614,0.4976241,0.1602974,0,0.06007933,0,0,0.01346066,0,0,0,0,0,1.657891,0,0.8786726,0,0.269483,0.2608385,0,0,0,0,0,0,0.5415072,0.7552716,0,0,0.1641054,0,0.6374856,0.1903721,0,0,0,0.6931811,0.2737495,0,0,0.4267153,0,0,0.4116089,0.3611821,0.5640911,0,0.1353358,0.2690324,0.8136719,0,0.9021636,0,0,0.285753,0,0,0,0.8820814,0,0,0,0.8921291,0.4036763,0,0,0,1.472686,0.2816676,0,0,0,0,0,0,1.051225,0.1646989,0,0,0.5699946,1.592345,0,0,0,0,0,0,0,0,0,0.1304196,0.2191796,0.153711,0,0,0,0.5479525,0,0,0,0,0,1.171154,0,0,0,0,0,0,0.4962105,0,0,0,1.439047,0.7281505,1.707698,0,0,0,0.1248456,0,1.147191,0,0,0,0,0,0.3577842,0,0,0.2345005,0.6550517,1.012002,0,0.799111,0,0,0,0,0,0,0,0,0,0,0,0,1.233325,0.7337769,0.3054984,0,0,0.3907138,0,2.251304,0,0,0.2177349,0,0.140233,0,0.2730833,0.07060153,0.3633647,0,0,0,0,0.05031237,0,1.664112,1.565045,0,0.9805983,0.125428,0.870326,1.344534,0,0,0.7136084,0,0,0,0,0,0,0,0,1.459325,0.5817285,1.076815,0.7886837,0,0,0,0.7427133,0,0.3811543,0.2160243,0,0.2262955,0,0.5802558,0.5795561,0,0.5828034,0,0,1.204455,0,0,0,0,0,0,0.2164318,0,0,0,0.4746419,0.8547104,0.3402081,0,0,0.1732263,0,0.1331921,0.611449,0.5146443,0.4086532,0.5474005,0,0,0,0,0,0,0,0,0,0,0.8626426,0,0.337147,1.260469,0.06300231,0,0,1.294968,0,0.3295293,0.447581,0.9576222,0,0,0.5899435,0,0.2612654,0,0.3560736,0,0.8086425,0.9716601,0,0.4528341,0.6855652,0.9049879,0,0,0.8792918,0,0,0,0.5126867,0,0.008042281,0,0,0.3422075,0,0,0,0,0,0,0,0.4073986,0,0.200965,0.8759285,0.1457484,0,0,0.2810625,1.016185,0.4516069,0.5022278,0,0.04221829,0,0,0,0,0,0.4000926,0.5743749,0,0.6009068,0.02723249,0,0.3589187,1.107416,0,1.956258,0,0,1.866926,0,0.1384228,0.8907921,0,0.1495531,0,1.012338,0,0.680683,0,0,0.09460085,0,0,0,1.156738,0,0.321105,0.5787821,0,0,0,0.7492812,0,0.05830185,0.06017297,0,0.4906911,0,0,0.7830759,1.334306,0,0.3615596,0.9976039,0,1.188297,0.7576297,0.6199446,0,0.4631068,0.7167091,0.5118898,0,0,0,0,0.226449,0,0,0.549303,0.1310257,0,0,0,0,0,0.3708136,0.5636439,1.356406,0,0,0,0.4529893,0.2379625,0,0.004644026,0,0,0,0.3548655,0.7551367,0,
0.6729105,0,0.6095496,0,0,0,0.9198129,0.4837943,0,0,0.01374282,0,0,1.798629,0.1463996,0,0,0,0,1.215392,0,0,0,0,0,0.9056489,0,0,0,0,0.5824857,0.5479875,0,0.4399266,0.3145526,0,0,0.5892105,0.2090467,0.6580181,0.2281481,0,0,0.0544695,0,0,0,1.357411,0,0.415463,0,0,0,0,1.133338,0.6281619,1.344297,0.1286534,0,0.05795642,0,1.302142,0,1.530165,0.7188704,0,0,0.2228325,0.16626,0,0,0,1.462555,0,0,0,0.2833674,0.1604296,0.4800189,0.2665538,0,0.5148731,0.6895867,0,0,1.29621,1.063968,0,0,0,0,0,0.4850187,0,0,0.7402853,0.05733328,0.02856856,0,0.2543511,1.333808,0.9650587,0.7278059,1.131767,0.1354499,0.9142917,0,0,0.07989147,0.3562444,0,0.1874307,1.328129,0.3135734,0.5761298,0,0,0.8785463,1.058096,0.3143141,0,0.4183221,0,0.4495612,0,0,0.09093083,0.7145494,0.08965509,0,0.5226128,0,0,0.5131049,0.6251163,0,0.6275848,0.08988863,0.5437855,0,1.256378,0,0.4157464,0.4592491,0,0,0.1631316,0,0.1724637,0,0,0.9596783,0.3752712,0,0.5769821,0.4820893,0,1.026031,0,0.01780986,0.3618902,0,0.8050968,0,0.6197094,0.3570681,0,0.2635868,0,0.1580651,0,0,0,0,0.1027448,0.1031593,0.4555717,0.3038639,0.1199584,0,0.05715921,0,0.8813168,0.6916357,0,0,0.3646021,0,0.1138473,0.337705,0,0,0,0,0.4703037,0.4231991,0.04071331,0,0,0.01766544,0.9299126,0.8685126,1.179869,0.1463054,0,0,0.5396374,0.1697286,0.9120832,0,0,0.1264761,0,0.270688,0.5275845,1.346653,0.6501125,0,0,0,0,1.491781,0.6658902,0.5759859,0.08616598,0.2966475,0,0,0,0.0846693,0.8101715,0.404745,0,1.697138,0,0,0.1991123,0,0,0,0.5439638,0,0.645214,0.9723922,0,0,0,0.1741508,0,0.4184977,0,0,0,0,0,0.9448394,0,0,0,0.5805402,0,0,0.02200443,0,0,0,0,0,0,0,0,0,0,0,0.3592534,0.01727859,0,1.288639,0.4935666,0,0.3763559,0,0,0,0,0,0.871553,0,0,0.05034515,0,0.04022419,0.8884777,0,0,0,0,0,0,0.7378917,0,0,0,0,0,0,0,0,0,2.146972,0,0,0,0,0,0,0,0,0,0.08929919,0,0,0,0,0,0.1576708,0.480998,0,0.2735367,0.2068778,0,0,0,0.04715413,0,0,0,0,0,0,0.09004658,0,0,0,0,0,0,0,0,0.6185088,0,0.5949907,0,0,0,0,0,0,0,0.5943583,0,0,0,0,0,0,0,0.1350131,0,0,0.8017141,0.8263041,0,0.3640367,0,0,0,0,0.8060035,0,0.4739834,0.4230217,0.9742643,0,0,0.9075614,0.2019596,0,0.9270658,0,0,0.07515171,0.7232566,1.718812,0,0,0.04363103,0.1755116,0,0,0.7533596,0,0.08942726,0.09048438,0.06337227,0.6627363,0,0,0.7516221,0,0,0,0,0,0,0,1.127358,0.6027113,0,0.8660462,0,1.882587,0,1.008831,0,0,0,0,0,1.235321,0,0,0,0.6816994,0.04230247,0,0.3925013,0.1933965,0.05821554,0.5932959,0.2686766,0.5306028,0.5386834,0,0.3480151,0.4049141,0.3636577,0,0.6989914,0,0.3659627,0,0.06771731,0,0,1.867556,1.243491,0.6651403,0.03781033,0,0.1953649,0.36734,0.5507233,0.4578551,1.573306,0.1178525,0.7370569,0.01044601,0.3767866,0,0.8241486,0.1310287,0.05612161,0,0.5114482,0.01137806,0.2692157,0,1.100456,0,0.01874169,0,0,0,0,1.035109,0.9273907,0.5395886,0.4078281,1.03491,1.100692,1.175778,0.1510545,0,0,0,0,0.316432,0,0,0.5931692,0,0,0,0.288168,1.379048,0,0.8766288,0,0,0,0.3217847,1.049473,0,1.457031,0,0.3277914,0,0.5130386,0,0.5137991,0.6297519,0,0.8709247,0,0,1.404062,0.1234301,0.790097,0,0,0,0,1.30781,0,1.022379,0.6038135,0,0,0,0,0,0.1195551,0,0,0.9250011,0.3789905,1.206885,0.4644116,0,0.3218987,0.6510699,0.5147594,0,0,0.8693155,0,0,0.2488409,0,0,0,0.6469285,0,0.2539959,0,0,0,0.3210986,0.7392381,
0.2412104,0.964129,0,0,0,0,0,0,0,0.6409286,0.03576744,0,0.05396789,0.4483499,0.6947036,0.6237614,0.799269,0,0.1585532,0,0,0,0,0,1.221322,0,0.4380407,0.2528677,0,0.08902678,0,0,1.053221,0,0,0,0.4138514,0.6387009,0,0.6832277,0,0,0,0,0.09621263,0,0,0,0,0.2750008,1.005362,1.046115,0,0.2321862,0,0,0,0.09228367,0,0,0,0.4462471,0,0,0,2.092808,0.227618,0,0,0.09184392,0.0025939,0,0.1814045,0,0,0,0,0.8129244,0.3706132,0.5764232,1.389981,1.262476,1.131607,0,0.2066192,0.2748218,0,0,0,0,0,0,0.7726999,1.285629,0,0,0,0.7222362,0,0.8500113,0.2784149,1.047768,0,0,0,0,0,0,0.8915186,0.3225158,0,0,0,0,0.05694353,0,0,0,0.7494164,0.2741258,0.6675394,0,0,0.2076956,0.1930913,0.2003152,0,0,0,0,0.93167,0,0.3081833,0,0.2464445,0.4655856,0,0.7420618,0.8551727,0,0,1.880674,1.041042,0,1.042539,0.2089084,0,0.4535788,0,0,0.2984331,0,0.5245788,0.3024549,0.1269894,0,0,0.5866978,0,0.02932604,1.113147,1.124381,0.2575155,0,0.7440755,0.3739356,0,0.8313605,0,0.9509898,0.4021177,0,0,0,0,0.2029326,0.2857185,1.139486,0,0,0.9297439,0.7188239,0,1.129944,1.126268,0,1.588785,0.5145378,0.771404,0.945529,0.03345123,0,0.2053275,0,0.05155383,0,0.25637,0.3618192,0.4498203,0.2795863,0.5968995,0,0,0.06721878,0,0.003751636,0.2319649,1.026983,1.160772,0.9550916,0,0.80336,0,0,0,0.5048878,0,0,0.002366478,0,0.001999816,0,0,0.6300027,0,0.4712415,0,0,0.1188058,0,1.627033,1.23817,0,0,0.9484715,0,0,0,0,0,0,0,0,0,0.6449695,0,0,0,0,0,0,1.330437,0,1.825287,0,0,0,0.1185343,0.3246442,1.526758,0.9396375,0,0.3179371,0,0,0,0,0,0.8631021,0,1.047419,0,0,0,0.7891859,0,0,0,0.5411874,0,0,0,0.3916915,0,0,0,0.3639431,0.1097523,0,0,0,0,0.8760478,0,0,0,0,0,0.1702761,0,0,0,0,0,0,0,0,0,0,0,0,0,0,0.7299169,0,0.6897276,0,0.6522884,0,0,0,0,0,0.07591874,0.2330112,1.608194,0,0,0,0,0,0,0,0,0,0,0.1594304,0,0.3438055,0,0,0,0,0,0.6475382,0.5823356,0,0,0,0,0,0,0.07414646,0,0,0,0,0,0.4394338,0.5031126,0,0,0,0.4568076,0,0,0,1.298677,0,0.03601436,1.551018,0,0,0.8129147,0,0.2721161,0,0.3017665,0,0,0.03743011,0,0.157653,0,0.4657583,0.5766539,0.6217894,0.1382351,0.2844151,0.6570029,0.7337458,0.04614429,0.07692583,0,0.3930886,0.3657112,0.8951439,1.316746,0,0,0,0,1.208143,0,0.3724321,0,0,0,0,0.3822978,0,0,0.1403645,0,0,0,1.307625,0.5438869,0,0,0,0,0,0.4612092,0.7978547,0,0.4021329,0,0.002297323,0,0,0.3036681,0,0,0,0.1130499,0,0.1493757,0.6582204,0,0.03882647,0,0,0,0,0,0.06256743,0,0.1373229,0,0,0.7994146,0.5035479,0.5259685,0,0,0,0,0,0.1303311,1.339987,0.08819474,0.2276784,0.1062252,0.885811,0.1208514,0.06484338,0,0,0,0.8083254,0,0.3059096,0.003534122,0,0,0,0,0,0,0,0,0.4600633,0.5683497,0.07577897,0,0.2994844,0,0,0,0,0.6629988,0,2.420453,0,0.09592465,0,0,0,0.8678052,0,0,0,0.2714763,0.1150922,0,0.2673909,0.07206562,0.4409268,1.152033,0,0,0,0,0.298382,0,0.002504201,0.1624113,0,0.7804672,0.7595419,0,0.1069275,0,0.8554367,0.9718975,0.8691051,0.8522807,0.1395999,0,0.4979681,0,0,0,0,0,0,0,0.2029765,0,0.7536075,0.628773,0.3802367,0,0.146425,0.5003139,0,0.05633921,0.8136559,0.674657,0,0.6962777,0.02896403,1.45967,0,1.692237,0.002521834,0.01286325,0.4132757,0.07978876,0.5683102,0.142782,0,0.1861165,0,0,0.4303008,0.3851564,0.8864777,1.547493,
0,0,0.7645568,0,0.1391061,0.03064767,1.266642,1.093114,0,0.2013955,0,0,0.2756743,1.08096,0.709507,0,0,0.3001191,0,0.3449559,0.5771655,0.2953753,0.5607868,0.6735692,0.4722714,0,0,0.690091,0.1077602,0.3037359,0.5525326,0,0.4927543,0.0620136,1.102584,0.5461072,0.03151643,0.3994063,0.1539632,0,0.4129355,0,1.201144,1.629419,0,0,0,0,1.161384,0.5089712,0.01267376,1.304422,0,0,0.5082567,0.2680194,0.002363599,1.023675,0,1.702862,0,0,0.4636114,0,0.7931966,0.2754551,0,0.2704048,0,0,0.0405208,0.03819504,0,0.291215,0,0.7265006,0,0.2267812,0,0,0,1.311385,0.5579584,0.7675272,0.4805165,0,0,0.1434779,0,0.8318166,0,0,0,1.763915,0,0.721539,0,0,0,0,0,0.2152951,1.388104,0,0.727773,0,0,0,0,1.318124,1.279817,2.157128,0,0,0,0,0.2540183,0,0,2.440755,0,0,0.267819,0.5055203,0,0,1.444332,2.113395,0.1411189,0.4892282,0.9537056,0,0,0.05074856,0,0.1153632,1.017541,0.01361164,0.705873,0.1154249,0,0.3447111,0,0,0,0.2483845,0,0,0,0.3627287,0,0,0.08345954,0,0,0,0,0,0,0.2528771,0,1.882829,0.3158304,0.3061643,0.1069413,0.3914263,0,0.01474577,0.6971878,0.2171765,0.2826805,0,0.3655903,0.2150363,0,0.06887234,0.594193,0.4082485,0,0,0,0.09449834,0,0.2945727,0,0,0.9274892,0,0.6927923,0,0.4863096,0,0,0,0,0.2986118,0,0.06950045,0.2214546,0,0,0,0,1.019514,0.7795913,0.6558064,0,0,0.2280737,0,0.4704179,0,0.7287592,0,0.5295823,0,0,0.09085177,0.2698513,0.3886387,0,0,0,0.2887519,0,0.8719904,0.5803625,0,0.5323669,0,0,0.2309475,0,0,0,0,0,0.8654363,0,0,0.4094377,0,0.3703273,0,0,0.1171087,0.2372639,0,0,0.1870102,0,0,0,0,0,0,0,0,0,0.4164791,1.083561,0,1.191908,0,0,0,0,1.166027,0,0.1951212,0,0,0,0,0,0.7773267,0,0,0,0.1547192,0.7996162,0,0.8646855,0,0,0,0,0,0,0,0,0.1990416,0.1844396,0,0.03543841,0,0,0,0,0.5356982,0,0,0.6753669,0.326038,0,0,0.05433708,0.257365,0,0,0,0.1625486,0.002194915,0,0,0,0,0,0.1255591,0.9906757,0,0,0.3317787,0,0,0.4910409,0,0.5987007,0,0.399298,0,0,0,0,0.4211169,0,0,0,0.2059202,0,1.402925,0,0,0,0,0.1261361,0,1.071498,0,0,0,0,0,0.8912719,0.1047697,0,0.005092821,0,0,0,0,0.1660033,0,0.9803078,0,0.724913,0,0.04749145,0,0.9772705,0,0.4856023,0,0.1452415,0,0,1.134298,0.5709166,0,0,0,0,0,0.06867698,0,0,0.9152586,1.352935,0.0820709,0,0.9841186,0,0,0.3790836,0,2.790205,0,0,0.2050759,0.2009957,0.6596716,0.1006872,0.1242268,0.4351002,0,0,1.123404,0,0.613014,0,0,0.59078,0,0,0,0,0.1550355,0,0,0,1.01649,0,0,1.250137,0.2778116,0.0306905,0.6243336,0,0,0,0.7911462,0,0,0,0,0.7046058,0,0.621939,0,0,0,0.8992175,0,0,0.1828539,1.059868,0.3774993,0,0.06982198,1.212767,0.107731,0,0,0.7539048,0,0,0.01484064,1.2138,1.028392,1.094819,0,0,0.5814562,0,0,0.5612199,0.09792046,0,0.2186053,1.788264,0,0.6683086,0.9586579,0,0.553339,0,0,0,0,0,0.4533009,1.098174,0,0,0,0,0,0,0,0.1685106,1.097236,0.196187,0.05900986,0.9013556,0.566944,0,0,0,0.6900914,0.1616362,0.5968689,0.7667631,0,0,0,0,0,0,0,0.7498816,0,0.6533728,0,0,0,0,0.1242491,0.3646353,0,0.7075816,0,1.128495,0,0.3280962,0.2422103,0.232756,0,0,0,0,0.2690138,0.7051887,0,0,0.6822372,0,1.588216,0.8902416,0,0,0,0,0,0,0.3608293,0.763154,0.18029,0,0,0,0.3766499,0,0,1.406216,0.1083122,0.672947,0.1294048,0,0.6060024,0.6200939,0,0,0,0,0.007332182,0,0,0.8788612,1.105875,0,
0,1.388321,0,0,0.1858342,0,0,0,2.417655,0.9522402,0,0,0.04824757,0.453323,0.0398017,1.625468,0.3042784,2.436877,0,0,0,0,1.637795,0,0.5552961,0,0.6847671,1.053032,0,0.4739083,0.5092409,0.32434,0.8502566,0,0,0.8302334,0.1589521,0,2.220386,0.4227552,0,0.7104071,0.6187184,0,0.03230492,0.3827961,0.6601979,0,0,0,0,0,0,0.7184461,1.122707,0,0,0,1.360993,0.9173279,0,0,0,0.5581971,0,0.887685,1.137984,1.765066,0,0.8367687,0,0,0,0,1.527349,0,0,0,0.6475232,0.6186196,0,0,0.6841178,0.2273384,0,0,0,0.4627794,0,0,0.4850357,0,0.6285371,0.8183349,0,0,0,0,0.238712,2.364376,1.740362,0,0.1480844,0,1.203954,0,0.4804399,0.1734266,0,0,0.1519761,0.4503587,0.7653922,0,0,0.1937268,0,0.2731188,0,0,0,0,0.03496878,0,0,0,0,0,0.1387585,0,0,0.06358719,0.6441532,0.1641663,0,0.6897986,0.9181228,0.3572388,0.09606726,0,0.09672298,0,0.9346682,1.146965,0,0,0.6248117,0.6981632,0.6414434,0,0.5821016,0,0,0,1.858329,0,0,1.427777,0,0.454787,0.4635985,0,0,0.1855056,0,0,0,0,0.5616732,0.9481393,0,0,0,0.8200274,0,0.5830586,0,0,0.7019053,0,0,0,0.6661587,0,0.6364294,0,0.5492921,0.1532114,0.8158889,0.08825779,0,0,0,0.4846998,0.02466659,1.417022,0.1774509,0,0,0.520835,0,0.199378,0,0.1990471,0,0,0,0,0.4563732,0,0,0,0,0,0,0,0.5591511,0.321991,0,0,0,0.6426333,0.3067506,0.611684,0,0,0.2067756,1.232982,0.284591,0,0.04032372,0.2895836,0,0.8052254,0.289447,1.717726,0,0.2314765,0,0.3920434,0.2712452,0,0.08642966,0,0.5699964,0,2.394742,0,0.1073485,0,1.940409,0,0.6281234,0.5837545,0.2606383,0,0,0,0,0.1712334,0.1618572,0,0,0,0,0,0.9352353,0,0,0,0,0.1114356,0,0,0,0.4546423,0.1280618,0,0,0,0,0,0,0,0,0.08036122,0,0.343079,0,0,0,0.664192,0,1.135285,1.728817,0.1740961,0.2267636,1.149436,0,0,0,0.3731434,1.358099,0,0,0,0,0,0,0,0,0,1.405092,0,0.07746275,1.760152,0,0,0,0,0,0,0,0,0,0,0,0,0,0,0,0.3424491,0,0.3536669,0.1798368,0,0.5930746,0,0,0,0,0,0,0,0,1.036857,0,0.1274318,0,0,0,0,0,0.6458282,0.2315705,0.502076,0,0,0,0.7271279,0,0,0,0,0,0.1017257,0,0,0,0,0.7958894,0,0.163332,0,0,0.06768738,0.3637795,0,0.5150447,0,0,0.8059796,0.03183316,0.7262354,0,0.1073436,0.5115615,0,0.9530841,0,0,0,0.2368426,0,0,0.5479343,0,1.517632,0,0,0.7355497,0.6291409,0,0,0,0,0,0,0.4037435,0.7272534,0,0.2453265,0,0,0.4392697,0.311307,0,0.1982718,0,0.2945145,0.7623953,1.125972,0,0,0,0,0.91246,0.678296,0.5260392,0,0,0,0,1.424351,0,0,0,0,0,0,0,0.3747434,0,0.8227978,0.4514938,0,0.1703849,0.5126869,0.3429118,0,0.08565239,0.03636071,1.645297,0.9364585,1.526753,0,0,0,0,0.8920211,0,1.814013,0.9411486,0.6501576,0.3103162,0.4915357,0.2676479,0,0,0,0.2152126,0.05331632,0.9759759,0.9375648,1.219438,0.9520767,0,0.4412875,0,0,0.4340246,0.9812713,1.023336,1.200541,0,0,0,0,0,0,0.5929512,0,0,1.470042,0.2431265,0.9498376,0,0.4470405,0,0,0.7177195,0,0,0,0,0,0,0,0.1451412,0.36278,0,0.3036269,0.2829798,0,0.01408508,0,0,0.1563647,1.03951,0,0.9160356,0.5979719,0.3787761,0,0.3864045,0.3855639,0.5783296,0.1173891,0.1400037,0,0,1.367452,0,1.42906,0,0,0,0.997044,1.976928,0.1660688,0,0,0.9062681,0.6027646,0,0,0.5483705,0,0.7397377,0.3408493,0,0,0.3625633,0.3980846,0.373458,0,1.166834,0,0.3079274,0,0.3067851,0.2133066,0.146122,0,0.8065729,0,0.8443354,0,0,0,
0,0.1907839,0.4710165,1.277106,0,0,0.8632044,1.26936,0.4360382,0,0.1690775,0,0,1.040749,0,0,0,0,0,0,0.2271397,0,0,0,0,0.2247253,0,0,0,0.1298464,0,0,0,0.3779793,0.1820317,0,0,0.439438,1.347582,1.207857,0,0,0.8789247,0,0.3174533,0,0,0,0,0,0.01672368,0,0,1.041653,0.4606375,0,0.2124668,0.9071792,0,1.027711,0,0,0.3265521,0.6493838,0.4348314,0.02141977,0,0.5451202,0.1993168,1.649902,0,0.00541906,1.031612,0,0.3196235,0.5066003,1.182506,0,0,0.2217327,0,0,0,0,0.1681146,0,0.5472744,0,0,0.5519433,0.5235858,0,0.00240349,1.438733,0.2617931,0.07644121,0,0.01047852,0.2871999,0,0,0,0.4221197,0,0,1.168748,0,0,0,0.7422699,0,0,1.741034,0,0.7193226,0.7789831,0,0.6947261,0,0.7762657,0,0,0.7433978,0.8132578,0.2006693,0.3139611,0.7865124,0,0.1483509,0.496399,0,0,0.4346625,0,0.02234452,0,0,0,0,0.4493169,0,0.4742286,0,0.2741337,0.8768507,0.2323473,0,0,0.09610545,0.7336251,0.2377457,0.6436762,1.506739,0.5519711,1.379108,0.4953959,0,0.2820937,0.754755,0,0.05537147,0,0,0.06279682,0.8834233,0.8790857,1.163107,0,0,0.5055505,0,0,0.4762747,1.92283,0.9359154,0,1.748005,0.290975,0,0,0,0,0,1.167328,0.1488441,0,0,0,0.899116,0.1809625,0,0.5430465,0,0.2857001,0,0.258798,0,0.3827669,0,0,0.5823048,0,0,0.160333,0,1.318689,0.105953,0,0,0,0,0.7207101,0,0,0.4287643,0.6265827,0.02322046,0,0.09819102,0.9915625,0,0.7710112,0,0,0,0,1.208601,0.5052853,0,0,0,1.269191,0,0,1.148511,0.4843838,0,0,0.2014613,0,0.2849476,0.07716011,0,0,0,0,1.198884,0,0.7454761,0,0.4293865,0.4541365,0,0,0.178534,0.9442511,1.586478,0.3562869,0,0,0,0,0,0.06959608,0,0,0,0.09042249,0,0,0,1.501004,0,0,0,0,0.3033096,0,1.890091,0,0,0,0,0,0,0,0,0.5640908,0,0,0,0,0,0.2794975,0.7637287,0.6091644,0.1529785,1.851497,0,0,0,0,0,0.9083031,0,0,0,0,0,0,0.7632449,0,0,0.09855922,0,1.364763,0,0,0.0672552,0.685793,0.9994563,0,0,0,0,0.6300546,0,0,0,0.3644537,0,0,0,0,0,0,0.1483285,0,0.3192896,2.625286,0,0,0.3354255,0,0,0.2560332,0,0,0,0,0,1.145792,0,1.487629,0,1.38525,0,0,0,0,0,0,0,0,0.330387,0,0.7320924,0,0,0,0,0.4016645,0,0.465212,0.4261436,0.2528483,0,0.2971821,0.3726037,1.316734,1.028898,0,0,0,0,0.1813901,1.77978,0.0990254,0.6986802,0,0,1.23553,0.1671608,0,0,0,1.378778,0.2295027,0,0.127739,0.7277619,0,0,0,0,0,1.209017,0,0,0,0,0,0,0.8148406,0,0,0,0,1.618858,0.2920764,0.1510002,0,0,0,1.109015,0,0,1.877468,0,0,0,0,0,0.2458084,0.4521011,0,0,1.111813,0,0.7313672,0,0.4424723,0,0.5662815,0.7138374,0.3780791,0,0,0,0.7666911,0.07526772,0,0,1.30175,0,0.5568578,1.02626,0,0,0,0.1806118,0.8616577,0,0,0.9217742,0.76814,0,0.1788749,0,0.6041873,0,0.3545573,0.6098744,0,0,0.3494879,0.8847824,0.163666,0,0.6929201,0.7725604,0,0,0,0.9558597,0.1654067,0,0,1.429672,0.1996563,0,0,0,0,0,0,0.3294468,0,0,0.7152443,0.2572866,0,0,0,1.296727,0,0.01265995,0,0,1.398332,1.839594,0.6624034,0.3279339,0,1.045708,0.5316151,0,0,2.229343,0,0,0,0.1434734,0.8996235,1.31724,0.3843182,0.1828843,0,0.7644646,0.7086672,0.2505351,0.04986732,0,0,0.2750096,0,0,0,0,0,0.3159534,0,0,0,0,0.1108328,1.14404,0,0,0.2250237,0.785742,0,0,0,0.4385853,0,0.8065689,0.9413138,0,0.2404136,0,0,0.4622021,0,1.002477,0,0.8168326,0,0,0.8130735,
0,1.05492,0,0,0.08158798,0,0,0,0.4252387,0.01129529,0.1539821,1.048386,0,0,0.00248041,0,0.6915548,0,0.581031,1.438966,0,0,0,0,0.3103035,0,1.242094,0,0,0.1746656,2.113106,0,0,0,0.4650482,1.087588,1.164452,0.3118492,2.112628,0.1677492,1.007584,0,0,0.2226274,0,1.054712,1.043033,0.314776,0.3570224,0,0,0,0.0159,0,0,0,1.054965,0.1725233,0.1336543,0,0,0,0.7636755,0,0,0.6155603,1.599247,0,0,0,1.568055,0,0,0,1.293005,0.9007127,0,0.08624169,0,0.355584,1.199817,0,0.7125196,0,0.6079051,0.8775197,0,0.1332636,0.7868776,0.6593107,0,0,1.085258,0,0.4283534,0,0.5668526,0,0.5041288,0.2689497,1.108902,0,0,0,0,0,0.4453279,0,0,0.6030117,0,0,0.3491081,1.025115,0,0.9511843,0,1.930472,1.099934,0,0,0,0.002438565,0.2600961,0.8433945,0.2235427,0,0.2481963,0,0,0.345311,0,0,0,0.6223622,0,0.1204896,0.3959704,0.8642938,0.2206474,0.2118472,0.9902112,0,0,0.3265567,0,0,0.2399559,0,0.0710234,0.5407889,0,0,0,0.4332187,0,0,0,0,0.7840611,0.03845381,0.4625593,0.06489504,0.6219393,0,0.4566332,0,0,0,0,0.1033708,0.2677111,0.4887776,0,0.5028247,0,0,0.17811,0,0,0.1094339,0.2322408,0,1.129104,0.01381322,0.5066171,0,0,0,0.3113339,0.3399314,0.1832698,0.5604443,0.8028576,0.90699,0.6049019,0,0.5408537,0.6025252,0,0.04952171,0,0.4305623,0.2992965,0,0.1402213,0,0,0.3085735,0,0,0,0.3424847,0.9630649,0.1647838,0.4349369,0,0.8427793,0,0,0,0.5995574,0,0,0.353204,0.3347527,1.545067,0.3407633,0.08819713,0.4702656,0.9143575,0,0,0.6545254,1.483094,0.8852102,0.1597275,0.8007455,0,1.373576,1.026077,0,0.4373168,0,2.790881,0.3277906,0,0,0.5066196,0,0,0,0.03658704,0.5707201,0.8187656,0.8978803,0,0,0,0,0.8851804,0,1.463537,0,0,0,0,0.2257205,0,0,0.3032369,0,0,0,0,0,0,0,0.1424027,0.4237413,0,0,0,0,0,0,0.6601263,0.5650296,0,0,0,0.2263859,0,0,0,0.9933895,0,0,0.2927574,0,0.2487664,0,0,0.8790164,1.482314,0,0.4464391,0,0,0.7876195,0,0,0,0,0,0,0.0023297,0.1939811,0.002681804,0,0,0,0,0,0,0,0,0,0,0,0,0,0,0,0,0,0,0,0,0,1.143213,0,0,0,0,0.6792459,0,1.296348,0,0,0,0,0.2989261,0,0.4608532,0,0,0.7318142,0,0,0,0.2036339,0,0,0,0,0,0.2386557,0,0,0,0,0,0,0.7445698,0,0,0,0,0.6220849,0.687422,0,0,0.8900262,0,0,0,0,1.93844,0.6887392,0,0.3066683,0.09598424,0,0,2.136292,0.411295,0,0,0,0.6082368,0,0,0,0.4424224,0,0.6036943,0.95088,0.2738085,0,0,0,0.1099422,1.002228,0,0.9982607,0,0,0,0.9738644,1.014463,0,0.8601505,0,0.1798517,0,0,0.175623,0.8822474,0,0.9439036,0,0,0,0,0,0,0.3775973,0,0.6596535,0,1.220808,0.4660834,0,0.1392291,0,0,0.9366045,0.01458106,0,0,0,0.2122815,0.789791,0.05162331,0,0,0.2796285,0,1.047013,0,0,0.7878816,0,0,0.08908097,0.166142,0.7720438,0,0,0.126258,0.6656518,0,0,1.543546,0,0,1.149335,0,0.02254357,0,0,0,0,0.4197837,1.326216,0,1.105665,0,1.024224,0.2534996,0.06082076,0.8496549,0.281938,1.177477,0,0.2632416,0.1333574,0,0.3613086,0,1.104525,0,1.415285,0,0,0,0,0.5282844,1.020499,0,0,0,0,0,0,0.3603521,0.2645794,0,0.5573072,0,0.3126613,0.3985705,0.1037654,0.1471067,1.20238,0.05821706,0.2139379,0,0,1.295368,0.9669673,0.9639164,0,0.7356923,0.5784596,0,0,0,0.1229681,0.3272206,1.020813,0.1660669,0,0,0.1482423,0.5665116,0.2836324,0,0,0,0.5147754,0,0,0,0,0,0,1.237658,0.8549634,0,0,0,0,0.5543053,0,1.803781,0,0.06908328,1.292359,
1.12979,0,0,0,0,0,0.007143636,0,0.433486,0,0,0.002489052,0,0.04978278,0.6667243,0.6205791,1.447995,0,0,0,0,0,0.3763244,1.493916,0,0,0,0.2701937,0,0,0,0,0.3094451,0,0.9446396,0,0,1.644368,2.03218,0.5247887,0.3553903,0.8476055,0,0,0,0,0,0,0,0.6596779,0,0,0,0.7231692,0.5013496,0,0.220312,1.142424,0,0,0,0,0,0,0,0,0,0.8452056,0.4550937,0,0.662438,0,0.2475513,1.784561,0,0,0,0,0.2746188,0.2380065,0,0.1099735,0,0,0,0.1249662,1.027105,0,0,0.5590304,0,0,0.1623429,0,0.5855592,0,0,0.1905574,0,0.9525759,0,0.5008554,0.6091061,0,0.6940129,0,0,0.2777814,0,0,0.02570905,0.05497116,0.004102848,0,0,0,0.8880354,0.9009651,0,0.133625,0,1.056171,0,0.3727349,1.27334,0,0.1750385,0,2.156389,0,0.1217724,0.2019881,0.186601,0,1.003561,1.683768,0,0,0,0.02730672,0.7477995,0.4004818,0.3120722,0,0.193025,0.1464209,0,0,0,0,0.2092769,0,0.4633822,0.4418885,1.202223,0,0,0,0.5601436,0,0,0,0.3502218,0,0.2687571,0.1227204,0.1859651,0.3971606,0,0,0,0,0,0,0.3038801,0,0,0.4904458,0.3319764,0.888503,0.5130432,0,0,0,0,0,0,0,1.449124,0,0,0,0.6046513,0,0,0,0,1.011727,0,0,0.6985621,0,0,0,0.888905,0,0,0.490072,1.100334,0,0,0,1.235192,1.185574,0,0,0,0,0.8741018,0,0.09305915,0,0,0,0,0,0,0,0.1840898,0,0,0.2000596,0.208206,0,0,0,0.4528998,0.9844492,0,0,0.9588324,0,1.152824,0,0,0.01289498,0,0,0,0.07732001,0,0,0.1770063,0,1.517154,0,0,0.4981531,0,0.07329582,0.8726566,0,0.9875384,0,0.5694242,0,0,0.4691688,0,0,0,0.8871769,2.16257,0.1149411,0,0.002244347,0,0,0,0,0.6137888,0,0,0,0,0,0.06407379,0,0.3869169,0,0.004863673,0,1.093938,0,0.24442,0,0,0,0,0,0,0,0.7168249,0,0.4760205,0,0,0,0,0,0,0,0,0,0.7500905,0,0,0.06471927,0.8833032,0,1.424107,0.03239342,0.002520075,0,0.169317,0,0,0.06808253,0,1.566181,0,0,0,1.172475,0,0.2876689,0.3834815,0,0,0,0,0,0,0,0,0,0.007923428,0.6603153,0,0.7940175,0.2382103,0,0,0,0,0,1.097662,0,0,0,0,0.1356387,1.282756,0,0,0,0,0,0,0,0,0,0.3580257,0.4635015,0.7620683,0,0.1599577,0,0,1.687133,0,0.6776227,0,0,0,0,0,0.1765894,1.411257,0,0,0.03745051,0,0,0.801428,0.1869413,1.112726,0,0.3045583,0,1.065951,0.3910292,1.092464,0,0.3211099,0,0.7129198,0,0,0,0.9035497,0.5358815,0.2911559,1.982293,0,0.3236078,0,0.4026182,0,0,0,0,0.5923517,0,0,0.6138602,0.3745526,0,0,0,0,0.01765017,0,0,0.329646,0.5264599,0.1127216,0,0,0.07669815,0.002419611,0,0,0.6174591,0,0,0,0.511679,1.375384,0.9927126,0.4039156,0,0.4397698,0,0.4773633,0,0.3107744,0.7226077,0,0.2226098,0,0.1989128,0,1.564165,0.3492455,0,0,0,0.01908971,0.5501575,0,0,0.402564,0,0.9159181,0,0,0.0956248,1.932715,0.3147866,0,0,0,0.5364165,0.6733446,0,0.7840049,0.4851004,1.808391,0,1.450561,0.0282679,0,0,1.334767,1.081865,0.645539,0,0,0,0.913035,0,0.4097464,0.4976355,0,0,0,0.1216007,0.9427716,0.380197,0.147954,0,1.28527,0,0,0,0,0.3586357,0,0.3423767,0,0.5151322,0,0.6813439,0.0940057,0,0.08594436,0.4731416,0.5667281,0,0,0,1.346769,0.03479545,0,0,0.5102271,0.04498264,0,0.8278407,0,1.289209,0,0,0,0,0,0.6931261,1.551954,0.7559802,0,0,0,0,0.5580533,0.8542507,0.05868388,0.1415561,0.1946028,0,1.819847,0.8047423,0.4987773,0,0,0.5799965,0,1.241611,0,0,
0,0.0345856,0.6512852,0.2227824,1.063803,0,0.5994615,0,0,0.3292571,0.3415485,0.7479073,0.8898568,0,0,0,0.4834735,0,0.5181158,0,0,0,0.3809937,0.1091195,0,0,0.7692143,0.02529005,0.03379803,0.190062,0.3795509,1.687727,0,0,0,0,0,0,0.8120184,0,0.3629597,0.7561793,0,0.0157326,0.02907219,0,0.8376532,1.714076,0.1604904,0.1187964,0.3945268,0.7267258,0,0,0,0,1.783507,0,0,1.411375,0,0.02179418,0,0.8637546,0,0.1632134,0,1.286747,0,0.1577715,0.1111949,0.1476982,0,1.025158,0.04154687,0.7579544,0,0.2465522,0.9122873,0,0,0,1.510379,0,0.2802064,0,0.9343197,0.2701397,0.8929322,0.6743149,0,0,0,0,0,0,0,0,0,0.9338567,0,0.8891218,0,0,0,1.168,0,0,0,0.5469003,0,0,0,0,0.4778544,0,0.2421413,0.1330418,0,0.1940797,1.172307,0,1.009843,0.9757614,0.5060059,0.8120701,1.001162,1.183657,0.01381786,0.5356856,0,0.2317997,0,0.5911448,0,0,0,1.096055,0,0.9080169,0.4278568,0,0,0,0,0,0,0,0,0.9519143,0,0,0.3939088,0.2513702,0,0.343273,0,0,0,0.1763576,0.5354378,0,0.6870251,0,0.2704743,0.2585112,0,0,1.416276,0.6214841,0,0,0,0,0.5644531,0,0.2902825,0,0,0,0,0,0,0.7007291,0.4295462,0,0.7657663,1.159818,0,0,0,0,0.5943833,0.07092338,1.7066,0.9775102,1.02824,0.6494197,0,0.06566706,0.5800592,0.03604497,0,0.4848507,0,0.212093,0,0.3383499,1.887688,0,0,0,0.5658898,0.6982053,0.4153097,0.2520655,0,0.07542839,0,0,0,0,0,0,0.08867538,0.1496939,0,0.2186087,0,0.7646943,0,1.06319,0,0,0.3521181,1.263375,0.492431,0,0.01634475,0,0.287639,0.7731975,0,0,0,0.8623334,0.3354864,0,0.1100135,0,0,0,0.5027461,1.467108,0.6306797,1.691385,0,0.3356889,0,0,0.1515198,0,0.1750442,0,0,0.7440147,0.2112854,0,0,0.8300306,0.3214297,0,0.807182,0,0,0,0.441749,0,0,0,0,0,0,0,0,0.006090501,0,0,0,0,0,0.5044768,0,0,0,0,0,0,0,0.3709641,0.9192788,0,0,0,0,0,0,0,0,0,0.7633666,0,0,0,0,0.1441496,0,0,0,0,0,0,0,0,0,0.953489,0,0,0,1.209521,0.3968241,1.478546,0.8686413,1.178586,0,0,0.145508,0,0,0,0,0,0,0,0,0.3778451,0,0,0.04917838,1.220567,0.7229903,0,0.9342687,0,0.2142836,0,0,0,0.5009736,0,0,0,0,0,0,0,0,0.0248576,0,0,0,0,1.910896,0,0.9051826,0,1.106948,0.232801,0,0,0,0.6338868,0,0.4861469,0,0,0.3281697,1.352387,0.2599702,0.1471279,0,1.486064,0,0,0,0.552228,0.9284563,0,0,0.3119519,0.5067185,0,0.862049,0.0182675,0,0.2122881,0,0.5763485,0.2904531,0,0.3717716,0.1578831,0,0,0.7569669,0,0.5493521,0,0.1894386,0,0,0.2074737,0.7058895,0,0,0.4255762,1.29301,0,0.3604144,0,0,0,0,0,0.5630782,0.01043336,0,0.03173692,0,0,0,0,0,0,0,0,0.3279576,0.2241354,0.737815,0.09815211,0,0,0.4287401,0,0,0.9402848,0,0.6420391,0.09648741,0.4584759,0.5145593,0,0,0,0.002344712,0.4993755,0.6936861,0.0620321,0,0.4875935,0.4677224,1.008868,0,0.5295199,0,0,0.09849715,0.5432939,0,1.167652,0.9056992,0,0,0.4023588,0,0.1486329,0,0.8882329,0,0.7488264,0.3762608,1.127636,2.028185,0,0,0,0.3967538,0.1759586,0.8777784,0.3897241,0.4386128,0.1707859,0.5368233,0,0,0.3729517,0,0,0.3167643,0,0.1776275,0,0.2738443,0,0.91327,0,0.0821491,0,0,0,0,0.3376518,0.2392136,0.2010724,0,0.4343046,0,0,0.216648,0.6683131,0,0,0,0.9878753,0.4258343,0.8897011,0.4687705,0.04294781,0.02678584,0.1092309,0,0,0.4139785,0.636474,0.1532887,0.07845566,0.1827799,0,0.3233176,0,1.26195,0.5755407,0,0,0,0,0.219444,0.204408,0.2308228,0,0,0.7097877,0,0.6132821,1.236708,0,0,0,0,0,
0,1.392709,0,0.177625,0.7602758,1.319141,0.3750467,2.169439,0,0,0,0,0.5238168,0,0,0.6082389,0,0.7208974,1.086089,0,0,0,0,0.6051085,0,0,0,0.6868182,0.557182,0.05103267,0.01998557,0.5870464,1.724649,0,0.03484477,0.6174051,0,0,0.4950029,0.4854174,0,0,0.7940738,0,0,0.1278582,0.1201839,0.6284249,0,0,0.6066442,0.05781281,0,0,0,0.4002592,0,0,0,1.292069,0,0.8292816,0.4413058,0,1.018154,1.072431,1.133659,0,0,0,0,0,0,0,0,0,0,0,1.257694,0.8747765,0.04366045,0,0.8980602,0,0,0,0.08997048,0,0.008490968,0.7729375,0,0,0.1290349,0.9081324,0,0.5011894,0,0,1.45712,0,0,0,0.7698448,0,0.3979286,0.3148666,0.3781611,0,0.06392857,0,0,0.0544145,0,0,0,1.53573,0,0,0,0,0,1.032041,0.1061836,0,0,0.5820612,0.2056501,0.08714844,0,0,0.2735266,0.9756529,0.9470981,1.559373,0,1.324268,0,0.6276191,0.2340803,0,0.4028639,2.187395,0,0,0,0,0,0,0.5424517,0,0,0.8279939,0,0.1283416,0,0,0.4478644,0,0.4131754,0,0.002552679,0.4148746,0,1.00681,0.06172918,0,0,0,0,0.1572718,0,0.6880952,0,0.6897627,0,0,0,0,1.001706,0.1489847,0,0,0.08797972,0.4619694,0,0,0.6855932,0.700178,0,0,0,0.05514729,0.4401011,1.285019,1.179113,0,1.187234,0,1.061528,0,0.6122172,0.8299878,0.5627229,0,0,0.2650456,1.016077,0,0,0.3128368,0,0.2333458,0,0,0,0,0.6282412,0,0.04805144,0,0,0,0,0,0,0,0.05556623,0.5376052,0.2186727,0,0.8819307,0.928381,0.3008624,0,0.3849548,0,0,0.02581781,0.3105357,0,0,0,0,0,0,0,0,0.2567654,0,0.6576868,0,0,1.454784,1.011336,0.2050709,0,0,0,0,0,0.7558948,0,0,0.9379819,0.0459549,0,0,0.3148321,0,0.716621,0,0,0.6754717,0,0,0,0,0,0,0,0.08514459,0,0.7541449,0.6370859,0,0.2688935,0.07527046,0,0,0.6587627,0.2877121,0,0.472675,0,0,0,0.486966,0,0,0,0.2897572,0,0,0,0,1.693051,0,0.6646647,0.2060037,0.2489582,0,0,0,0.4053493,0,0,0,0,0,0,1.188443,0,0.1825674,0,0,0,0,0,0.1271679,0,0,0,0.2182516,1.02197,0.7233109,0,0,0,0,0.9194728,0,0,0,0,1.529249,0,0.7421871,0,0.2071977,0,0,0,0,0,0,0.6806994,0,0.7404986,1.625883,0.6839619,0,0.4781524,0,0.3508128,0,0.161341,0,0,0,0,0,0,0,0,0,0,0,0,0,0,0,0,0,0,0.07881735,0,0.3086234,0.8388016,1.222469,0.3642118,0,0,0,1.073905,0.4315602,0,0,0.2060267,0,0.1396933,0.3542575,0,0.1598603,0.8611545,0.334082,0,0,1.620931,0,0,0,0,0,0,0,0,1.102352,0,1.525677,0,0.8293533,0.3564512,0,0,0,0,1.154639,1.062277,0,0,0.8001305,0,0,0,0.0250725,0.6368827,0.115282,0,0.8814825,0,0,0.2506018,1.094848,0,0.9645476,0.3675235,0,0.2907344,0.1196924,0.3295251,0.3462595,1.379112,0.2362245,0.7123799,0,0,0.5074197,0.1859524,0.1701031,0,0.1366331,0,0,0.667633,0.7309997,0.1423514,0,0,0,0.8404456,0.1320413,0,0,0,0.4534093,0,0,0,0,0.5213613,0,0.8655761,0,1.662301,0,0,1.200872,0.06144084,0,0.4343026,0.3474756,0,0,0,0,0,0.7977506,0.5678675,0,0,0.363109,0.3619859,0.5920857,0,0,0.1454643,0,0,0.2700095,0,0.5580701,0,0,0,0,0.6523181,0,0,0,0,0.5788265,0.3036712,1.89514,0,0.4417987,0.3411131,1.017817,0,0,0,0,0,0,0,0,0,0.1299363,1.452198,0,0.5070044,0,0,0.3726319,0,0.6721677,0,0.3296736,0,0,0,0,0,0,0.1981103,0.005308895,0.2706754,0,0,0.3829257,0,0,0,0.5506478,0.5160873,0.4422689,0.5886009,0,0,0,0,
0.4608153,0.4043166,0,0.7999334,0.3336656,0,0.8064705,0,0,0,0,0.4444369,0.7796786,0.9291288,0.4154886,0.6188993,0,0.8719692,0.7275329,0,0,0.0973834,0,0.4657432,0,0.5563062,0,0.3202011,0.3453352,0,0.2946256,0,1.558654,0,0,0,0.186974,0,0,0.2684791,0,0,0,0,1.291643,2.181437,0.190274,0,0,0,0,0.2742385,0.167236,0.854399,1.220079,0.09977727,0.2591719,0,0,0.3403471,0.8219613,0,0.5500451,0,1.079084,0,0.8354041,0.1581371,1.129905,0,0.9165307,0,0,1.045541,0,0,0,0,0,0.1374185,0.5295452,0,0.6929035,0.2042662,0,0,0,0,0.01307923,0,0,0,0,0,0,0.52226,0,0.02560675,0.5859744,0,0.9000737,0.01263876,0,0.86384,1.358879,0.940261,0,0,0,0,0,1.25958,0,0,0,0,0.876127,0.9783781,0,0,1.72228,0,0,0,0.5194484,0,0.3040722,0,0.907395,0,0.3485204,1.088396,0,0.1372074,0,0,0.06491885,0,1.148727,0,0,1.059974,0.08916983,0,0,0,0.3909369,0.4537857,0.6968697,0.4345965,0,0,0,0,0,0.5943653,0,0,0,1.271019,0.4844501,0.008340897,0,0.6826531,0.1190663,1.96122,0.09962739,0.4171781,0,0.475797,1.175159,0.8796301,0.5522749,0,0,0,1.224517,0,0,0,1.002575,0.6130618,0.941488,0,0.4034905,0,0,0.5629047,0,0,0.6121417,0.117305,0,0.3411583,0.2362078,0.3643791,0,0,0.6074727,0,2.502982,0,0,1.334343,0.3114105,0.533119,1.418379,0,0.8113,0,0.8959522,1.160114,0,0,0,1.295878,0.2312871,0,0.2093267,0,0.3675487,0,0,0,0,0,0.4287837,0,0.1870305,0,0.6428802,0,0,0,0,0,0.2088796,0,0,0,1.045184,0,0.4192883,1.779163,0.2468212,0.6270847,0,0,0,0,0,0,0.1285901,0,0,0,1.611381,0,0,0,0,0,0.7253122,0.4192504,0.2522502,0,0,0.1392667,0,0,0,0,0.5577623,0,0.2228823,1.620012,0,0,0,0,0,0,0.01199763,0,0,0,0,0.8039761,0,0.02746052,1.212688,0,0,0,0,0.964809,0,0,0.03861277,0,0,0.5551744,0,0,0,0.3256614,0,0,0,1.291084,0,0.1113314,0,0,0,0.6303779,0,0,0,0,0,0.03093468,0.137918,0,0,0,0,0.3353794,0,0,0,0,0,0,0,0,2.329415,0,0,0.7650994,0.3059798,0,0.4226746,0.9408147,0,0,0.446447,0,0,0.9619533,0.8398649,0,0.5379421,0,0,0,0,0,0,0,0,0.1541748,0,0.590953,0,0,2.628274,0,1.046379,0,0.007771356,0.1782993,0.4573454,0,0.1603681,0.3311071,0,0,0,0,0,0,0.2650128,0,0,0,0,0,0.3819603,0,0,0,0,0,0,0,0.8104103,0.04095441,3.086941,0,1.25925,0,0.4472177,0.8007238,0.6087265,0.4644407,0.8962656,0,0,0,0.1632109,0,0,1.023108,0,0,0,0.481663,0,0,0.9162918,0,0,0,1.371433,0.4455985,0,0,0,0,0.3412036,0,0,1.711624,0,0,0,0.7858644,0.6049606,0,0,0,0.8750752,0.6364681,0,0,0,0,0.3780977,0,1.513286,0,1.490402,0,0,0,0,0.6484693,0,0,0,0,0,0,0.1207372,0.8719453,0,0,0,0,0,0.5029892,0,0.4016983,1.196036,0,0,0,0.3308587,0.2600977,1.139228,0.1981452,0,0.4182125,0.2510085,0,0,0,0.939436,0,0,0,0.5788695,0,0.8408472,0.2320671,0.2146577,1.859777,0,0,0.003853677,0.2702355,0,0,0.1918213,1.057008,0.4821184,0,0,0.2979139,0.1211989,0.04864571,0,0,0,0,0,0,1.055333,0.7049854,0.002264597,0,0.9326332,0,0.603138,1.08817,0,0,0,0,0,0,0.4682061,0.2567135,0.3661889,1.395264,0.0052418,0,0,0.2440446,1.073359,0,0.2911889,0.03530809,0.4647432,0.8009349,0.3963029,0.3543602,0.1974978,0.04325521,0,0.9228352,0,0,0.7624958,1.128159,0.06130459,0.1989171,0.6867275,0.4049811,0,0,0,0,0,0.6768602,0,0.5689355,0,0,
0,0,0,0,0,0,0,0.4108534,0,0,0.9509763,0,0.07151364,0,0.3003955,0,0.9064385,0,0.3179683,0,0,0.2926659,0.2347059,0,0.937765,0,0.5078991,0,0,0,0.8976407,0.3787297,0.4687365,0,0.4914839,0,1.653035,2.908079,0,0,0.4743235,0.9210287,0,0,0,0,0,0.5764121,0.6779268,1.486588,0,0.20728,0.08861292,0,0.1084159,0,0,0,0,0,0.5877798,0,0.01840919,1.363232,0.5154645,2.607056,0,0,0.3498417,1.246528,0.5446447,0.9588726,0.8374521,0.1338492,0.5286511,0.4582467,0,0,0,0.5047624,0.2143665,1.805115,0,0,0,0.4892371,0,0,0,1.316799,2.160842,1.369415,0,0.9231177,0,0.1788166,0.9183086,0.6485485,0.1326075,0,0,0,0,0,0.1080443,0,0.004852397,0.6337954,1.078369,0,0,0,0,0.5246016,0.961604,1.259634,0.178729,0.3906915,0.1577864,0.6745323,0,0,0,1.387653,0.2121929,1.628946,0,0.5721483,0.02692487,0,0,0,1.759744,0.5220985,0.6006753,0,0.1833755,0,0,0.1743213,0.2560779,0,0,0,0.5866487,0,0,0,0,0.2114598,0,0,0,0.07094119,0,0,0,0.7713063,0,0.4875984,0.3153212,0,0,0,0.01346233,0,1.244566,0.5604474,0,0.6498381,0,0.05753824,0,0,0,0.6542741,0,0,0.3729638,0.3877914,0.2348052,0.9165567,0,0.1655013,0.6067646,0.02497403,0.05538895,0.1578782,0.6697812,0,1.122223,0,0,1.395236,1.44297,0.4147116,0,0.1693228,0,0,0,0.2523684,0,0.2424905,0.02249409,0,0,0,0,0.7293513,0,0,0.9338882,0.9051803,0,0.8993498,0,0.2087415,0,0,0.8891617,0,0,0,0.1501946,0.3798169,0.3682649,0.06484077,0.2975911,0.4012873,0,0,0,0,0.679655,0,0.9724703,0,0.3594801,0.2500651,2.587265,0,0,1.164793,0,0.2270923,1.192239,0,0.3422358,1.50682,0,0,0,0,0,0,0,0,2.031515,0,0,0.7971911,0,0,0,0,0,0,0,0,1.440471,0,0,0,0.6600361,0.2082607,0,0,0,0.6761552,1.472057,0.3300408,0,0,0,0,0,0.1217666,0,0.4292583,0,1.139147,0,0,0,0,0,0,0.262019,0,0.386197,0,0,0,0,0,0,0,0,0.2907785,0.1511595,0,0,0,1.884756,0,0.1981818,1.314107,1.314272,0.8819971,0,0,0,0.01632075,0,0.2116756,0,0,0,0,2.083142,0,0,0,0.9528154,0,0,0.8189664,1.005512,0.6652771,0.4120444,0.4627424,0,0,0,0.9623383,1.143599,0.244371,0,0.1793852,0,0,0.3422005,0.4830605,0,0.4512235,0,0,0,0,0,1.143806,0.7646877,0,0,0,0,0,0.1864631,0,0,0,0,0,0,0,0.2170201,0,0,0,0.8678863,0.217279,0.8321936,0,0,0,0,0,0,0,0.9341909,0.009881717,0.1069208,0,0,0.4078441,0,0,0,0,0.3039545,0.2081385,1.013693,0,0.7826146,0.3683114,0,0,0.3345201,0,0,0,0.09027611,0.6390076,0,0.1667741,0.01034054,0,0.0050341,0,0,0,0,0.5252656,0,0,0,0,0,0,0,0,0,0,0,0,0.1724166,0,0,0.08707253,0.3517565,0,0.07100891,0,0.3281663,0,0,0,0.4930312,0,0,0.8193325,0.4127302,1.075156,0.3440122,0.8645934,0,0.6296936,1.287853,0.7441728,1.218346,0,0,0.5112062,0,0,0,0.9142091,0.9570557,0,0,0,0.3058552,0,0,0,0,1.381514,0.1983053,1.257796,0,0,0,0.4175049,0,0.2149075,1.055729,0.1269866,0,0,0,0,0.3324534,0.4400007,1.302941,0,0.1937392,0.09909189,0,0.5378185,0,2.611593,0,0.1743503,0,0.2169785,0.1685566,0.5183389,0,1.248686,0.6203374,0,0,0,0,0.6565338,0.06866235,0.146757,0.8902919,0.156705,0,0.9301984,0,0,1.130526,0,0.2618166,0.8103012,0.8951856,0,0,0,0.9059856,1.371327,0,0.2891643,0.4156923,0,1.556993,0,0.1627921,1.189879,1.596868,0,0,0,0,1.399258,0.9715806,0.09241993,0.08253053,0.01340324,0,0,1.293602,0,0,0.2060419,0,0.8317044,0.5462266,0,0.1862448,0.8037552,0,0,0.4566556,1.066251,0.2475498,0,
0.4048375,1.46592,0.5291771,0,0.8300457,0,0.06251232,0,0,0,0,0,0,1.11255,0,0.2704633,1.055195,0,0,0,0,0,0,1.538548,0,0.1084466,1.004503,0.3599826,0,1.293232,0.3335378,0.3547169,1.456211,0.01729772,0.1492219,0.2665392,0.4466897,0,0,0,0,0,0,0,0.1168151,0,1.766819,0.07100888,0,0,0,0.3134705,0,0,0,0,0.5732994,0,0,0,1.065464,0,0.0198663,0,0,0.5263795,0.5685658,0,0,0.5565589,0.785374,0,0,0.179328,0.2938715,0,0.04819403,0,0,0,0,0.5011133,0.4317743,0,0.5488147,0.2751792,0,0.144418,0.2026025,0,0.8806449,0,0,0,1.305054,0.1666064,0,0,0.1308292,0,0.5191736,0.2242542,0,0,0,1.243273,0,0.8916039,0,0,0.00242953,0,0,1.43798,1.327129,1.021058,0.7774746,0.02685686,0.2494964,0.6661891,0.3546991,0,0,0,0.6522497,0.5154637,0,0,0,0.03043995,0,0,0.1308246,0.2315341,0,1.013582,0,0.02390049,0.3773263,0.509358,0.04576114,0.03661491,1.176246,0,0.4637,0,0.2423347,0.7979504,0,0,0,0,0.225713,0,0,0,0.5069398,0.006577701,0.1514042,1.442654,0.7149256,1.164863,0.9308577,1.058642,0.367279,0,0,0.9204605,0,0,0,0,0,0.5635034,1.191378,0,1.042421,0,0,0,0.2007091,0.07990835,0,0,0,1.844225,0.2366915,1.006652,0,0,0,0,1.060914,0.2686881,0,0,0,0,0.01522712,0,0,0.8389971,0,0,1.098195,0.2867838,0,0,0,0.3818974,0.1960523,0,0,0,0.3413706,0,0.314157,0,0.4146066,1.021282,0.1925094,0.4447815,0,0.7071388,0.5671194,0,0,0,0,0.430661,2.095626,0.1599195,0.5415878,0.9883472,0,0.3662516,0.3796901,0,0,0,0,0,0,0.09628107,0.5505152,0,0.544498,0.2415318,0,1.429646,0.3288584,0,0,0,0,0,0.6681246,0.2770964,0,0.02143029,0.007467413,0,0,0.6241113,0,0.2147304,0,0,0,0,1.323243,0,0,0,0,0,0,0,0,0.7261275,0,0,0,0,0,0.4117813,0,0,0,0,0,0,0.2097935,1.204636,0,0,0,0.1112198,0,0,0.7122928,0,0,0,0.2653223,1.811859,1.782516,0,0,0,0,0,0,0,0,0,0,0,0,0,1.889075,0,0.02847622,0,0.02775266,0,0,0,0.06621519,0,0.2617301,1.23604,0,0.5952433,0,0,0,1.05884,0,0,0,0.1755002,0,0,0.199219,0,0,0.08231352,1.219065,0,0,0,0,0,0,0.6297222,0,0.1048157,0,0,0.2830849,0,0,0,0,0,0,0,0,0,0,0,0,0,0,0,0,0,0,0,0.125072,0,0.1700252,1.060329,0.2790628,0,0,0.8624786,0,0.6918238,0,0,0.3104419,0.1118059,0,0.1540533,0.3308741,1.50387,0,0,0,0.6875089,0,0,0,0.6425573,0.2736893,0,0,0,0,0,0.6902645,0,0.2275213,1.696755,0,0,0,0,0,0,0.1729003,0,0,0.01909782,0,0.4382532,1.188699,0.2066183,0,0,0.5328293,0,0,1.066853,0.8991981,0,0,0,0.1894651,0,0.5175795,0.03338258,0,0,0.4970784,0.440897,0,0.5057608,0,1.062006,0.8111855,0.7514895,1.379971,0,0.623142,0.3479941,0.3630739,0.7998314,0.02715214,0.3843624,0.6063496,0.4781283,0,0.05678303,0.2650314,0.3377653,1.780269,0.07368697,1.339837,0.6234227,0,0.6645909,0.7205666,0,0,0.7619007,0.8402383,0.2892577,0,0.243623,0.8111078,0,1.125464,1.462761,0.9115795,0,0.3293547,0,0.3509788,0.8528816,0.5397439,0.1411628,0,0,0.378306,0.6354641,0,0.1327411,1.179127,0.1220729,0,0,0,0.7751259,0,0,0,0,0.419336,0,0,0.1144721,0.1550718,0.4760465,0.4176071,0,0,0,0,0,0,0,0.820366,0.5038483,0,0,0.1376541,0.09386725,0.4924378,0,0.5783017,0,0,0,0,0,0,0.5008653,0.8696766,0,0,0.7999526,0,0.545337,0.294599,0,0.9168466,0.4372999,0.3369482,0,0.8476306,0,0.9856724,0,0.3478882,0,0.3383778,0,0.3172853,0.002327443,0,0.06445667,0,0,0,0.1802215,0.6455046,0.31238,
0.224512,0,1.271186,0.4873745,0,0.2358387,0,0,0.9959802,0,0.9574465,0.8158926,0.02516866,0.07480773,0.4570632,0,0,0.6937185,0.5134383,0,0.3108889,0.3156701,0,0,0.3910808,0,0,0.5750006,0,0,2.16364,1.118287,0.5493178,0.2053167,0.6709437,0,0,0,0.951948,0,0,0,0,0,0.9037566,0,0.4420714,0,0,0,0.2307724,0,0.4282582,0.1611072,0.3753566,0.3121531,0,0,0.9726145,0.192718,0,1.185395,0,0,0,0,1.223978,0,0.1343582,0,0,0.1184982,1.055469,0,0.3504985,1.752334,0,0,0,0,0,0,0,0,0,0.09241807,0,0,0.8016277,0,1.31314,0.3244022,0,0.4901369,0.5862192,0,0.4355225,0,0.1601057,0,0,0,0,0,1.638286,0,0,0,0,0,0,0,0.6100115,1.32805,1.73179,0,0,1.005499,1.294017,1.51342,0,0,0.4876657,0,0.3275304,0.09744065,0,0.949219,0.6719546,0.9307391,1.194265,0,2.567299,0.3668432,0,0.5236939,1.00141,0,0,0,0.2873007,0.04750888,0.2189277,0,0,0,0.5051713,0,0.4895351,1.608266,1.131243,2.238875,0.05109999,0,0.5340814,0,1.228526,0,0,0.7536212,0,0,0.3064685,0,0.8113838,1.247576,0,1.877576,0.4987107,0,0,0,1.223989,0,1.006306,0,0.04342979,0,0,0,0.4622418,0.4106016,0.01077975,0.5246213,0.4197291,0,0.3265807,1.479324,0.3053257,0.2932736,0.870104,0,0,0.8319829,0,1.231054,0,0,1.067842,0,0.07048407,0.07228382,0.1062141,0.9131735,0.1777463,0.1488892,0.4019268,0,0,0,0,0,0.2931823,0.8476714,0.6902788,0.6740701,0.02369992,0,0,0,0,0,0,0.4534734,0.2531844,0.01221307,0.2628536,0,0.9240144,0,0,1.11449,0.5409917,0.061203,0,0,0,0,1.903706,0.1889444,0.2421812,0,0.1776901,0,0.3529093,0,0,0,0,0,1.232459,0,0.4186513,0,1.310522,0,0,0,0,0.2903097,0,0,0,0,3.843094,0,0,1.153867,0,0,0,0.6229909,0,0,0.262071,0.1528889,0,0.1626529,1.29987,0,0,0.6445639,1.447445,0,1.251407,0,0,0,1.268117,0.4165235,0,0,0,0,0,0,0,0,0,0,0,0,0,0,0,1.116146,0,0,0,0,0,0,0,0,1.101287,0.01807892,0,1.164969,0,0.8048899,0,0,0,0,0.97043,0,0.5071324,0.07252005,0.09220775,0.01673458,0.3135103,0.9895053,0.5205079,0,0,0,0,0,0,0,0,0,2.387257,0,0,0.324838,0,0,0,0,0,0,0,0,0,0.04790227,0,0,0.390666,0,0,0,0,0,0,0,0,0,0,0,0,0,0,0,0.4604336,0.6364985,0,0,0,0,0.03463045,0.01871539,0.4687136,0.6483197,1.627605,0,0,0,0.3179939,0,0,0.6540127,0.7119721,0,0.9635624,0.5550597,0.04320909,0,0,0,1.489359,0,0,0,0,0,0.6008787,0,0,0.06196263,0.936414,2.271815,0,0,0,0,0,0,0,0,0,0,0,0.7738195,0.3412304,0,0,0.4898919,0,0,0,0.95876,0,0,0.1144541,1.703534,0.5620633,0,0,0,0.8325224,0.3350591,0,0,0.1671622,0,0,0.1833614,0.6734092,0,0.9383577,0,0,0,0.8984193,0.3594105,0,0,0.7669647,0,0.7829146,0,0.8665292,0,0.1621705,0.734103,0,0.6722341,0,0.1982077,0.5561457,0.1568859,1.469883,0.4653747,0.06858651,0,1.906864,0,0,0,0,0.2128129,0.9544829,0.03064279,0.02707396,0,1.02039,0,0.242292,0,0,0.1150583,0,0.0631455,0,0,0.2931411,0,0.1036034,0.271951,0,0,0,0,0,0.9510148,0.7479334,0,0.2074952,0,0,0,0.2852257,0.1453284,0.3853794,0.9790541,0,0,0.9188074,0.9320521,0.3104558,0.3719337,0.1673951,0.002340046,1.53712,0,0,0,0.4244398,0.5562409,0,0.1864252,0,0.3904333,0,0.3453171,0,0.4061204,0,0.2532222,0.63524,0,0,0.4347966,0,0.05909914,0.235937,0.5796125,0,0.3860975,0,0.6361035,0,1.476888,0.521503,0,1.412845,0.7106754,1.650865,0,1.357515,0.2921985,1.49485,0.2931013,1.205142,0.1158216,0,0.3649421,0.4576387,0,
0.1636876,0.02256118,0.7713916,0,0,0,0.06207632,0,0,0.8468088,0,0,0,1.495641,0,0.2828592,0.7268974,0.6336628,0,0,0,0,0,0,0.5014091,0,1.404243,0,0,0,0,0.2420147,1.437778,1.131405,0.8233449,0,0,0,0,0.6930634,0,0,0,0.2025809,0,0,0,0,0.2720688,2.745202,0,1.024642,0,0,0.1091463,0,0.5144882,0,0,0,0,0,0,0,0.9634569,0.3767405,0,0.02459215,0,0,0,0.5843299,0,0,0,0,0,0.06500393,0,0,0,0,0.9951515,0.2631044,0,0.3681858,0,0,0.4475973,0,0.8464992,0,0,0,1.421267,0,0,1.199232,0.577934,0,1.148321,0,0.4352826,0,0,0.8489026,1.233001,0.4603996,0,0,0,0,0,0,0,0.4029063,1.907076,1.161,0.2334695,0.2428395,1.109294,0,0,0,0.08097723,0.09852687,0.5471365,0.6939244,0,0,1.617476,0,0.9051912,0.06759093,0.6377862,0.2296179,0.2131319,0,0,0.1439053,0,0.4995365,0,0.219626,1.233646,1.023863,0.07826041,0,0,0,0.8771827,0,0.1095701,1.062695,0,0,0,0.5772767,0,0,0.1237046,0.1608724,0.3307532,0,0,0.721235,1.160781,0.167787,0,0,0.3990759,1.296406,0.754787,0,0.3778889,0,0.82695,0.5702915,0,0,0.401663,0,0.09727412,0,0,0.3559893,0.8847901,0.9138411,0.6847662,0,0,1.627292,0,0.1431517,0,0,0.6190737,1.045832,0,0.1461851,0.3218135,0.7081059,0.2578131,1.283329,0.08079443,0,0,0,0.303263,0.6001744,0,0,0.8627905,0.2012866,0.6419185,0,0,0,0.04235283,0.7053387,0.4128564,0,0,0,0.48302,0.4479864,0.08372971,0,0,0,0.1164732,0.3384246,0.152621,0,1.109066,0,0,0.3276767,0,0,0.2190607,0.6646234,0,0.4240497,0,0,0,0,0,0,0,0.2714237,0,0,2.594154,0.2026693,0,0,0,0.09930672,0,1.578342,1.192366,0.007012703,0,0,0.2022272,0,0,0,0,0.05031864,0,0,0,0,0.7649813,0,0.345713,0.7949594,0,0.1422586,0.03212595,0.08128683,0,0,0,0,2.194756,0,0.2906048,0,0,0,0,0,0,0,0,0,0,0.8597568,0,0,0,1.110449,0.1979985,0,1.060962,0,0,0,0,0.1455557,0,0,0,0,0,1.763543,0.6494085,0,0.848893,0.7246047,0,0,0,0.1791876,0.5494271,0,1.088536,0.78361,0,0.5359429,0,0,1.742743,0,0,0,0,0,0,0.0726622,0.1343606,0,0,0.5770378,0,0,0,0,0,0,0,0,0,0,0,0.002131837,0,0.1616109,0,0,0,0.2199483,0,0.2010536,0,0.4726127,0.6067269,0,0.6796098,0,0,0,0,0,1.995214,0,0.1376331,0.1396387,0,0,0.3950039,0,0,0,0,0.9638888,0,1.286533,1.446172,0.007133698,0,0,0.4925728,0.1862034,0,0.1334333,0,0.4496957,0,0,1.138787,0,0,0,0,0.7660307,0,0.6536759,0.1270059,0,0,0,0.4614549,0,0,0.2658474,0.7616553,0,0,0.2630292,0,0,0.1335723,1.749928,0,0.5395181,0.1195586,0.02600112,0,1.024462,0,1.932458,0.4150638,0.3994129,0,0.8599286,0,0,0,0,0.2800471,0.3606483,0,0,0.4524627,0,0,0,0,0.3121839,0,0,0,0,0,0,0.6455269,0,0,0,1.305071,0,0,0.1774363,0,0.2768809,0,1.39079,0,0,0,0,0,0,0.5686681,0,0.08373042,0,0,0,0.0840084,1.224105,0,1.033936,0,0,0.3592917,0,0.002310195,0.3066222,0.7102431,0,0.2473754,0,0.1905626,0.3690012,0.3068348,0.1452402,0.02445916,1.31158,0.190228,0.008164997,0.6998866,0.6097467,0,0,0.4447312,0.1986799,0,0.09252676,1.822457,0,0,0,0.4946357,0,0.1544925,0.8542813,0.06170156,0.7707095,0,0,0.3262161,0.5534903,0,0.3870071,0,1.709793,0,0,0.1926126,0,0,0,0.2370793,0,0,0,0.2604333,0,0,0,0,0,0,0,0,0.9439082,0,0,0,0,0,1.356311,0,0,0.04086425,1.258222,0.3089564,0.6468141,0.5488806,0.7943438,0.5574562,0,0,0,
0.05399709,0,0,0,0,0.2779872,0.1199947,0,0.7157522,0,0.426701,0.5502694,0.6067616,0,0.499781,0.7196308,0,0.5554749,0.008841241,0,0,0,2.230508,0,0.1887565,0.459156,0.2695695,0.2807729,0.02231365,0,0.308649,0,0,0.1671576,0.7718034,0.9115585,0.916355,1.406738,0,0,1.770631,0.08496039,0,1.307254,0,0.6959902,1.108874,0.8896917,0.5714948,0,0,0,0,0,0,0,1.110428,0.1334841,0,0.04534989,0,0,0,0,0,0,0.490871,0,0,0,0.4489056,0,0,0.5181157,1.078019,0.8524401,0,0,0,0.2719198,0.4524,0,0.09811453,0.345113,0,0,0,1.039646,0,0,0,1.386745,0,0,0,0,0,0.2217957,0,0.5369701,0,0.07105733,0,0,0.0328716,0,0,0.2340659,0,0.4515396,0,0.6572999,1.396398,0.8719388,0,0.2287616,0,0,0,0,0,0.1236321,0.1311602,0,0,0.03664014,0,0,0.02282524,0,0.231394,0.1813533,0.3609474,1.306397,0.4671668,0.3444839,0.750542,0.1571216,0.4164426,1.006476,0,0.8433029,0,0,0.7789103,0.4958163,1.185586,0.8401993,0.3860159,0.2511719,0.5400782,0.4717778,1.012434,0.876442,0.3456039,0.03824627,0,0.09079321,0,0,0.235905,0.3585588,0,0,0.3290455,0.833815,0,1.723171,0,0,0,0.3632096,0.4994234,0.9777758,0.6334419,0.4380289,0.06648272,0.08007316,0,0.3315217,0,1.398958,1.196745,0,0,0.8091776,0,0,0.01362305,0.3327959,0.9299662,0,0.7859154,0,0,0,0.4158552,0,0.6835025,0,1.677474,0.6760074,1.906271,0,0,0.3320718,0,0,0.2677902,0.2754281,0.9672234,0.09346915,0,0.42169,0,0,0.3312049,0,1.864555,0,0.5907482,0,0,1.27037,0,0,0,0.1254144,0.3090519,0,0.2540788,0.3721928,0.514712,0,0,1.19863,0,0.5423256,0.4975286,1.155466,0,0.6254135,0.1363202,0.08277132,0,1.758262,1.404415,0.9985759,0,1.383592,0.2294676,0,0.8952355,1.44952,0,0,0.5032206,0,0,0,0,0,0,0,0.8063075,0,0,0,0.1637889,0,0,0,0,0,0.1690356,0.7083762,0,2.119126,0,0,0,0,1.15887,0,0,0,0,0,0,0,0,0,0,0,0,2.167936,0,0,0,1.068251,0,0,0,0,0,1.174436,0,0,0,0,0,0,0,0,0,0.4035389,0.2618969,0,0,0,0,0.00235859,0,0,0,0,0,0.1446281,0,0.1335512,0,0.1609924,0,0,0,0,0,0,0.01765202,0,0,0,0,0,2.034346,0,0,0.8163391,0,0.06132399,0.5964203,0,0,0,0,0,0,0,0,0,0,1.082137,0.5349078,0.6026935,0,0.1441136,0,0.1346823,0,0,0,0,0,0.3422009,0,0,0,0,0.851786,0,0,0,0.0443401,0,0,0,0.3207777,0.3944886,0,0.002188823,1.762708,0,0.1908134,0,0,0,1.162367,1.16494,0,0.695389,0.5371341,0.06752173,0.733848,0,0.7360953,0.4057182,0,0.5063002,0.2519903,0,0,0,0,0.506607,0.9721045,0,0,0,0.06638788,0,0.2450022,0.1470013,1.598119,0,0.04830024,0,0.1736943,0,0,0,0,0,0,0,0,0.4617589,0.1078926,0,0,0,0.5550507,0,0,1.210271,0.01103108,0,0.1522705,0.1202178,0.9826542,0,0,1.45289,0,0.2329921,0.5019302,0.4020824,0,0,0,0,0.4088151,0.08695593,0.7688724,1.899855,1.167021,0.3931507,0.2914631,0,0.7758891,0,0,0.3124416,0,0,0.5660859,0,0,0,0,1.121961,2.073831,0,0,1.171022,0.2843875,0.4021094,0.1697625,0.05385079,0,0,0.8693765,1.530164,0,0,0.3910529,1.758101,0,0.8605316,0,0.3399307,0,0.1341151,0,0.2051467,0,0,0,0,0.6931311,0.2151315,0,0.1967422,0,0,1.262704,0.4942773,0,0.9639467,0.5747852,0,0,0.6239322,0.4364649,0,0,0.6151187,0.6966766,0.002400849,0.6519808,0,0,0,0.5563917,0,0,0.6908053,0,0.1285462,0.04462758,2.390934,0,0.9860128,0,0,0,0,0,0.06812844,0.5295722,0,0,0.5498756,0.04380674,0.7257935,0,2.157434,0,0.5933581,0,0,0.9337993,0.05632085,0.1517321,0,0.9360789,0,1.805997,0.175845,0.6598305,0.0670087,
0,0.5606086,1.0098,0.1003318,0.2714541,0,0,0.5058773,0.3663453,0,0,0.02227402,0,0.09932695,0,0.4664586,0.477925,0.02837759,0,0.2374408,0.4069911,0.8490063,0,0,0,0.281202,0.7143478,0.8600857,0.2076062,0.3961607,0.289662,0.1290945,1.840116,1.217125,0.1388932,0.2241519,0,0,0.9639776,0,0.5411959,1.2706,0,0,0,0,0,0.1597399,0,0,0,0.649318,0.9959077,0.08199412,0.005133822,0,0,0,0.1072997,0,0,0,0.3965182,0.8030807,0.4596546,0,0,0.6422942,0,0.5423765,0.8772536,0,0.08667313,0.3107566,1.145705,0,0,0.5036395,0,0,0,0.04851593,0,0.7761312,0.008025889,0,0.1023623,0,0.5706366,0.1760699,0,0,1.543356,0,0,1.69254,0,0,0.287893,0,0.8833783,0,0,0.1303577,0,0.5145746,0,0,0,1.716682,0,0,0.1794648,1.061153,0,0,0.09088828,0,0.9192788,0,0.5147188,0,0,0,0,1.126506,0,0.060011,0,0.8490738,0.8109477,1.203051,0,0.3759114,0,1.082606,0,0,0,0.5275226,0.3859202,0,0.2424268,0.2782255,0.05485177,0,0.1223907,0,0.8453463,0,0,0,0.9513012,0,0.4917733,0.2316556,1.207476,0,0.1372997,0.03789586,0,1.376981,0,0.6904723,0.7097132,0.3786301,1.175394,0,0.3355144,0,0,0,0,0,0,0,0.04506103,0,0,0.3855441,1.487716,1.074215,0.4852434,0.4367568,0.009335851,0,0.6326274,0,0,0,1.335146,0.1749269,0,0,0,0.2553752,0.8440344,0,0.1639837,0,0.4531778,0.02240903,0,0,0,1.905452,0,0,0,0,0.6952156,0,0,0.1929579,0.3743179,0,0.1475709,0,0,0.1431996,0,0,0.4356588,2.082544,0,0,0.4609755,0,0.05380493,0,0,0,0,0.09815395,0.1284049,0,0,1.080655,0.7453603,0.4832704,0.2176344,0,0,0,0,0.01459744,1.471377,0,0,0,0,0,0,0,0,0,0,0,0,1.905285,0,0,0.0415716,0,0,0,0.08272321,0,0,0,0.2127186,0,0,0,0.3610244,1.676114,0,0.1028135,0,0,0,0,0,0.01923283,0,0,0.8090866,0.5544163,0,0,0,0,0,1.520394,0,2.848201,0.5969572,0,0.1458674,0,0,0,0.3671498,0,0.724359,0.8960119,0,0,0,0,0.2901591,0,0.1899827,0,0,0,0,0.4350236,0,0,0.1848181,0,2.293439,0,0,0.3827531,0,1.045871,0,0,1.152933,0.01140231,0,0,1.487771,0,0,0,0.8048494,0.13477,0.3740272,0,0,0.01440706,0,0,0,0,0,0,0,0,0.8209078,0,0,0,0,0.4663462,0,0,0.3676772,0,0.3360023,0,0,0,0.3646504,0.5711878,0,0,0,0.7054483,0,0,0,0,0,0,0,0.1204488,0,0,0,0,0.6093196,0,0,0,0.1189726,0.01937902,0.6778848,0,0.98659,0.4136703,0,0.5025547,0,0.8420487,0.9352972,0,0.38129,0,0,0,0.5667255,0,0,0,0.2270182,0,0,1.544722,0,0.6979209,0,0,0,0.4069745,0,1.198595,0.4824984,0,0,1.501143,0,0,0,0,0,0.2146445,0,0,0,0,0,0,1.671539,0.6310061,0.7777979,0,0,0,0,0,0,0,0,0,0,0.4535398,1.676734,0.4716588,0.01517922,0,0.2475154,0.2942442,0.320625,0.3292279,0.5584543,0,0.03315118,0.2365496,0,0.3348529,0,0.5630388,0.04724535,0.2055152,0.4329634,0,0,0.7053149,0,0.944551,0.2817778,0,0.08915273,0,0.005929787,0.3861587,0,0,0.4615523,1.407578,0,0,0,0.6157674,0.1497793,0,0.4592837,0.104401,0.705123,0.1492228,0,0,0,0,0,0.3452043,0.2509556,0.4986778,0,0.3817419,0,0.323098,1.304005,0,0.008669314,0,0,0.5748613,0.7072137,0.253243,1.115932,0,1.281173,0,0,0,0,0.3563733,0.5764315,0,0.04920469,0,0.9781122,0,0.282926,0,0.448557,0,0,0.4803046,0.09228802,0,0.3062318,0.7858937,0.9964927,0.2650195,0,0.4026662,1.390784,0,0,0,0,0,0.3037041,0.6322411,1.065355,0,0.2915499,0,0.09788477,0.4719359,0,0.7551787,0.1419695,0,0,0,0.788291,0,0.522048,0.3802384,0,0.7980254,0,0,
1.018939,0.5529597,0.849113,0,0,0,0.4234272,0,0.7981067,0,0,0.4418949,0.4706127,0.2904661,0,0.07311419,0,0.5472792,0.4875618,0,0,0,0.1677846,0.4845546,0.9167189,0,0.8426378,0.4161816,0,0,0,0,1.311474,0,0,1.493439,0,0,1.068165,0,0.269289,0,0,0,0,0.4209979,0,0.1437237,0.6401114,0,0.1279555,0,0,0.2218401,0,1.0764,0,0.4959022,0,0,0.3160303,1.462206,0.5420088,0,0.364514,0.1983163,1.145188,0,1.310215,0,0,1.166476,0.994758,0,0,0,0.7822289,0,0,0.7254438,0.4125569,0,0.2869954,0.2246934,0.8960653,0.2724795,0.5322375,0,0.1383954,0,0,0.2716113,0,0.5374067,0,0,0,0,0,0.7468748,0.07120628,0,0,0.5978886,0,0,0.2768816,0,0,0,0.3153813,0.3144379,0.9677263,0,1.990495,0,0.634616,0,0.280704,0.6168423,0.2199589,0,0,0,0,0.5604742,0.3339642,0.1828158,0,0,0.8833262,0.2107638,0.2062225,0.3870501,0,3.171908,0,1.712079,1.018161,0,0,0,1.071534,0.8905292,0.1319302,0,0,0.08545958,0.4059588,1.060755,0,0.2699077,0,0,0.3445717,0,0,0.4541569,0,0.7112722,0.2470125,0.1529461,0,1.705699,1.024105,1.091515,1.119861,0.6498494,0.136115,0.1951941,0,0,0,0,0,0,0,0.04377485,0.2739495,0.2324356,0,0.6233128,0,0,0,0.4629149,0,0.3436976,0,0,0.01916699,0,0,0,0,0,0.681375,0,0.5881047,0.369572,0,0.02430562,0.5357015,0.5441776,0.06720297,0,0,0,0,0.1955547,0,0.3600928,1.050048,0,0,0,0,0.08426224,0.5826023,0,0.2051084,0.5793771,0.390183,0,0.1808725,0.3347636,0.8482708,0.01904507,0,0,0.6235563,0,0.2601399,0,0.5081489,0,0.05543739,0.9900212,0,0,0.8075704,0,0.3704786,0.8314868,0,0,0.5234728,0,0.1303126,0,0,1.173529,0.1370846,0.74065,0.0705277,0,0,0.4762064,0,0.05337684,0,0,0,0,0.3100598,0,0,0.5952253,0,0,0,0,1.074387,0,0,0,0,0,0,0,0,0.4132771,0,0,0.5340509,0,0,0,0,0,0.1215524,0,0,0,0,0,0,1.356048,0,0.002024742,0,0,0,0.722986,0.9702613,0,0,0,0,0,1.754179,1.327569,0,0.1425142,0,0,0,1.256853,0,1.282703,0,0,0.6799735,0,1.401073,0.3556455,0,0,0,0,0,0.1448165,0.4562201,0,0,0,0.241865,0,0,0,0,0,0.4172695,0.8721555,0,0,0,0.6250287,0,0.1398053,0,0,0,0,0,0,0.9874544,0,0,0,0.1851429,0.7561927,0.4807696,2.040634,0.2506428,0,0.4800157,0,0.04427965,0,0,0,0.330456,0,0,0.06922934,0,0,0,0,0,0,0.04585935,0.4983539,0,0,0.6322495,0,0,0.4814639,0.2115738,0.9678197,0.8859573,0.5651214,0,0.002224872,0.5573037,0,0,0.871154,1.496695,0.1152845,0,0,0,0,0,0,0,0,0,0.04157306,0,0.9362833,0,0,0,0.7937505,0,0.03688969,0,0.1846081,0,0,0,0,0.4487466,0,0,1.199615,1.852033,0,0.3041809,0,0,0,1.137379,0,0,0.9172404,0,0.2918279,0,0,0,0,0,1.604237,0.5989766,0.8226599,0.4637088,0,0,0,0,0.5367935,0.9153116,0,0,0.9070208,0.3846699,0,0,0,0,1.203799,0,0.167631,0,0,0,0,0.2137074,0.6274899,0.7875254,0,1.304721,0,0,0.3333979,0,0.3806494,0.8149652,0,0,0.5283876,0,0,0.9655918,0,0,1.011948,0,0,1.068519,0,1.024917,0,0,0,1.195365,0.6022513,0,0,0.4634562,0,0.6393038,0.3294778,1.677341,0,0,0.9088579,0,0,0.4380906,0.01978618,0.55999,0.5775023,0,0,0.3121372,0.4908028,0,0.01408648,0,0.1611149,0.7736105,0,0,0,0.4073281,0.4607975,0.5381845,0.1815149,0.1527981,1.33298,1.361708,0.5692955,0.4108399,0,0,0,0,0.4355734,1.045752,0,0,0.2692222,0,1.800355,0,0,0.4121823,0,0,0,0,0,1.341681,0,0,0,0,0,1.476104,0.05425789,0.6288992,0,0.7607996,0.2803517,
0,0,0.1053588,0.3498434,0.8247667,0,0.01020347,0,0,0.694957,0,0,0.4346587,0,0,0.2109823,0.7260093,0,0,0,0,0.7903104,0.454514,0.6966466,0,0.4011354,1.108391,0,0.5603366,0,0,0.5808139,0,0.9705248,0,0,0,1.108739,0.9593474,0,0.2023299,0,0,0,0,0,1.123689,0,0,0.6322346,0,0,0,0,1.719517,1.474978,0,0,0,0,0,0,0.002323066,0,0.7542863,0,0,0,0,0,0,0,0.8576007,0,0,0.2907477,0,0.498732,0,0,0.991731,0,0.4034753,0,1.207127,0,0,0.0776705,1.278234,0.3989264,0.3280661,0.3466734,0.6862271,0.1433041,0,0.4134922,0,0,0,0,0.9356406,0,0.3246829,0,1.272888,0.3368994,0,0.9543372,0.1244004,0.07730624,0.6007362,0,0,0,0,0,0,0,0.627398,0.428564,0.07173495,0,0,0.3215659,0.9191983,0,0.2646324,0.5781071,0,0,1.615523,0.01763742,0.415655,0,0.8885062,0.104342,0.03584783,0.7042404,0.7552615,0.829792,0,0,1.267326,0,0,0,1.939481,0,0,0.4365948,0,0,0.1081225,0.1752913,0.2049348,0,0,0.1428419,1.102974,0.1376812,0,0,0,0,0,1.674931,0,0,0.1435692,0,0,0,0.0373601,0.5670775,0,0.6540983,0,0,0,0.8221272,0.6123462,0.4568157,0,0,0,0.5575511,0,0.7712309,0.8463406,0,0.5175902,1.337698,0.8489193,0.07221686,0.7391425,0,0,0,0,0,0,0.2004262,0.1357096,0,0,0,0,0.6627613,0,0,0,1.384848,0.9975219,0.1991272,0.4863136,0,0.03346203,0,1.088617,0,0.5605827,0.1831093,0,0,0.6707075,1.097487,0.2070971,0,0,0.219522,1.066292,0,0,0,0.9389327,1.115065,0.07325488,0,0.2094323,0.7080945,0,0.131502,0.2914219,2.000892,1.740055,0,0,0,1.139988,0.4483598,0,0,0.6932886,0,0.7512656,0,0,0,0,0.001995517,0,0,0,0.2712437,0,0,0,0,0.7265026,0,0,0,0,0.2233632,0,0,1.654923,0.9584029,0,0,0,0,0,0,0.5288606,0,0.1176936,0,0,0,0.833927,0,0,0.577886,0,0,0,0,0.04913824,0,0.1827857,0,0,0.2403987,0,0,0.2808242,0,0,0,0,0.9982553,0.7203861,0,0,0,0,0,0.1216488,0,0,0,0,0.1803738,0,0.1292618,0,0,0.8879524,0,0.1904262,0,0,0.03168986,0,0,0,0,0.5731962,0.1375481,0,0.05465781,0,0,0,0,0,0,0,0,0,0,0.195314,0,0.1741452,0.6114485,0,0.8347033,0.4979744,0.0161204,0,0,0,0,0,1.082733,0,1.471528,0.9843152,0.2835167,0.1935826,0,0,0.07496955,0,0,0,0,0,1.137409,1.589913,0.4253975,0.4281045,1.432366,0.304921,0,0,0,0,0.5691253,0.3685587,0,0.8365032,0,1.811198,0,0,0,1.312438,0,0.9449673,0,0,0,0.5769551,1.657235,1.11927,0.4473687,0,0,1.21982,0,0,0,0,0,0,0,0.4813497,0,1.662306,0,0,0,0,0,0.7599384,0,0.7185414,0,0,0,0,0,0.8873426,0,0.6664252,0,0.6723896,0,0.002234786,0.1097357,1.358144,0,0.2070308,1.47279,0,0,0,0,0,0.2198669,0,0,0.09590418,1.173443,0,0.3165846,0,0.1339104,0,0.09511487,0,0.9405437,0.6433675,0.07644199,0.2280852,0,0,0.3121701,0,0.1723632,1.331019,0.1495416,0,0,0.3707966,0,0.7160368,0.07813644,0,0,0.2297612,0,0,0.3029254,0.6888764,0,0,0,0.4081721,0,0.06922631,0,0,0,0,0,0,0,0,0,0,0,0,0,0,0,0.7823871,0.4994061,0.02086407,0,0.2113631,0,1.525068,0,0,0.713114,0,0.349676,0.3838163,0,0.06911191,0.006737959,0,0,0.5783316,0.4729032,0,0.5806577,0.717463,0.8730121,0,0,0.6164191,0.7385634,0.1054222,0.6119061,0.5275329,0.2726164,0.8913833,0.1436381,0.2729008,0.1981142,0.05745943,0.2099386,0,0.4687158,0.8180715,0.4575985,0.2670158,0,0,0,0,0,0,0.97852,0.07455733,0.6783075,0.6851366,0.9809269,0,0,0,0,0.5297184,1.056834,1.303703,0,
0.05035511,0.8578549,1.981782,0,0.8190675,0.3325119,0,0,0.4987614,0,0,0,0.6911392,0,0,0,0,0,0.4172708,0,0,0.2991752,0,0.7598946,0,0,1.259458,0,0,1.385896,0.2586035,0,0,0,0.433372,1.656653,0.1788552,0,0,0.2390524,0,0.2068299,0.5477175,0,0.9275978,0,0,0,0,0,0.1938331,0.796122,0.6869128,1.272693,0.9112355,1.156667,0.5100855,0.5397535,0,0,0,0.3967004,0.6317542,0.4572054,0,0.2799645,0.1437907,0.1619769,0.6370641,1.593284,0,0.5739357,0.3495839,1.284086,0,0,0,0,0,1.213885,0,0.8412437,0.4536285,0,0,0,0,1.529725,0,0,0,0.08326312,0.4465113,0,0,0.1351153,0.1778885,0,0,0,0,0.7092052,0.6416681,1.103298,0,0.87226,0,0,0.04069059,0.9407885,1.3244,2.540939,0,0,0.4240237,1.052894,0,0.1228931,0.8509004,0.8676832,0,0,0.04555521,0,0,0.7919247,0,0,0,0.3499928,0,0,0.5181628,0.9077389,0.7753959,1.57876,0,0.3710857,0.0331751,0.4149192,0.2244379,0.004043735,0.04766965,0,0.3791658,0,0,0,0,0.8274184,0,0,0,0,0,0,0,0.9623566,0.7663343,0.1394945,1.945745,0.06271785,0.3200977,0,0,0,0,0.3747401,0.3633809,0.08804027,0,1.08144,0,0.2457958,0,0,0,0.9032601,0.9595242,0,0.09464692,0.6858422,0,1.790606,0,0,0.5461683,0.1243135,0,0,0,0,0.1531583,0.511893,0,0.09882754,0.08416063,0,0,0.6794198,0,1.194082,0,1.772557,0.4035996,0,0,0.1465207,0.2840657,1.189679,0.4335563,0,0,0.2209934,0,0,0.02538789,0,0,0,0.4482633,0,0,0,0,0.2845362,0,0,0.002226271,0.8449561,0.6389276,0,0.2364221,0.5944299,0.7634701,0,0,0,0,1.133424,0,0.1222468,0.2850311,0.3904084,0,0,0,0.1597641,0.3912708,0.7235701,0,0.08413593,0,0,0,0,0.02449942,0,0.471161,0,0.6624058,0,0,1.458348,0.8188395,0,0,0,0,0,0,0,0,0,0,0.09456164,0,0,0,0,0,0,0,0,0,0,0,0,0,0,0,0,0,0.4544319,0,0.4701482,0,0,0,0,0.2420937,0,0,0,0,2.155944,0,0,0,0,0,0,0,1.856603,0.5305625,0,0,0.03978355,0.1898674,0.9170924,1.691812,0.9939362,0,0,0,0,0,1.618794,0.6699463,0,0,1.374671,0,0.5771772,0.2066633,0,0.8312681,0,0,0,0,0.9115196,0,0.3105984,0,0,0,0.6923659,0,0,0,0,0,0,0.1533152,0.5144242,0,0,0.5474139,0,0,0,0,0,0,0,0,0.4629579,1.311563,0.5156396,0,0,0.3963336,0,0.9562646,0,0.4860573,0,0.09392323,0.2426276,0,0.5424519,0,0.4743301,0,0.7351606,0,0,0,0,1.046498,0,0,0,0.6472337,0,0,0,0,0.4100729,0,0.7616956,0.6098427,0,0,0.02861361,0,0.5707709,0,0,1.20407,0,0,0.2149958,0.147223,0,1.209545,0,0.4225536,0,0.09909494,0.2861755,1.007992,0,0,0.1691975,0,0,0.7321325,0,0,0,0,0,0,0.5085877,0.3615753,0.1262088,0.2711028,0,0,0,0,0,0,0.5349296,1.617429,1.057229,0,0.2791199,0.7979686,0.06590702,0,0.01739628,0.3012552,0,0,0,0.003739357,0.3532219,0,0,0.1083393,1.831542,0.7464032,1.316385,0.1801237,0.8120047,0.1955436,0.4655924,0,0,0.50589,0.3006039,0.083978,0.05840158,0,0.1367111,0.2909043,0.1286253,0,0,0,0.1865542,0,0.2612673,1.21426,0.0815715,0,0,0,0,0.8650663,0.03894028,0,0,0,0,0.1583205,0,0,0,1.002363,0.1221151,0,0,1.28594,0.009234278,0.2062159,0,0,1.599427,0,1.400542,1.11297,0,0.01504158,0,0.2994241,0,0,0,0,0,0.4870935,0.2550528,0,0.6632127,0.832931,0,0.5747274,0,0,0,0,0.2712072,0.4089455,0.8849265,0,0.6832787,0,0.8329645,0,0,0,0.3326056,0,0,0,1.41142,0,0.1158165,1.323926,0,0,0.5643161,0,0,0,0.7354228,0.5177342,0.4491341,0,0,0.3255621,0,1.884864,0,0,0,
1.20833,0.3131493,0,1.035889,0.3653333,0.04455126,0.7742463,0,0.08476549,0,0.6390613,1.864821,0,1.241902,0.3675875,0.3238907,0,0.009036439,0,0,1.022189,0.08451134,0,0.2902362,0.9117173,0.418987,0,0.6303471,0,0,0,0.4314731,0,0,0,0,0,0,0.3769015,0.2016691,1.0114,0,0,0,0,0,0.7168165,0,0,0,0,0,0,0,0,0.3000496,0.3996955,0,0,0.2145964,0,0,0.9774891,0.5848403,0.2862669,0,0.4057407,0.2349547,0.5938445,0.2745717,0.6789649,0,0,0,0,0,0,0.883114,0,0.284833,0.7779402,0.4486018,0.2097636,0,0,0,0.01384958,0,0.9178268,1.808568,0.3916106,0,0.03931309,0,0.04971729,0.5587187,0,0.7315028,0,0.1677659,0.2720479,0.1033784,0,0.04406566,0,0,0,0,0,0,0.7270723,0,0,0,0.3170327,0.155517,0,0,0,0.5537618,0,0,0.07078497,0,0.4533958,0.5601479,0,0,0.6192417,0.1816878,0,0.4873026,0.7396615,0,0,0.5126587,0.2186133,0,0.422327,0,1.270822,0,0.2278236,0.2159005,0,1.765608,0,0,0.1605879,0.5561236,0.1131501,1.795949,0.3173336,0,0.6935951,0,0,0,0,0.01639675,0.6680337,0.761363,0,0,0.5695986,0,0,1.631237,1.706558,0,0,0.04955721,1.027675,1.66834,0,0.2482004,0.3416649,0,0,0,0,0,0,0,0,0,0,0,1.062019,0.7475852,0,0.4230148,0,0,0,0,1.401891,0,0.08319744,0.8060017,0,0,0.7800961,0,0,0,0,0.5099862,0,1.532436,0.4519175,0,0,1.389933,0,0.5652902,0.1999948,0.01226709,0.09547253,0.1962228,0.2972264,0.127041,0,1.045332,0,0,0,1.76439,0,0.6654531,0.2092038,0,0,0.5999016,0.2757786,0,0.1346618,0.7845106,0.6705616,0.9623077,0,0,0,0,0,0.1119466,0.3029164,0.129251,0.07597275,0.4996879,0.2211149,0,0,0,1.513139,0,0,0,0.08358328,0,0.5780808,0,0.1187061,0,0,0,0.6621487,0,0.5609968,0.7031476,0,0,0.1845213,0,0,0,0,0,0,0,0,1.102385,1.129174,0,0,0,0,0.5041091,0.3257128,0,0.5661258,0.1117638,0,0,0.9578327,0,0,0,0.1951492,0,0.4829185,0.0976879,0,0,0.2094795,0,0,0.1321784,0,0.1486084,0,0.1087336,0,0,0,0,0,0,1.379222,0.5450336,0,0,0,0,0.07526506,0,0,0,0,1.129526,0,0,0,0,0,0,0,0,0.7517179,0.4393029,0,0,0.09226021,0,0,0.3345526,0.3349006,0,0,0.1404213,0,0,0,0,0,0.3966016,0,0,0,0,0.4721521,2.134823,1.276052,0.6686963,0.4458928,0.148645,0,0,0,0.7282733,1.759609,0,0.7318067,0,0,0,0,0,0,0.8933825,0,0,0,0,0,0,0.5419778,0,0,2.213527,0.1651435,0,0,0,0,0,0,0,0.1292854,0,0,0,1.23061,0.3073423,0,0,0,0,0,2.617158,0,1.543552,0,1.189635,0,0,0,0,0,0,0,0,0,0,0,0.7506019,0.7780113,0,0,1.547489,0,0.525329,0,0,0,0,0.9409351,0.08267643,0,0,0,0.3280469,0,0,1.257213,0.2957603,0,0,0.04410137,0.1828515,1.3281,0.2414851,0.03497172,0,0,0.1583802,0.9383546,0,0.6935388,0.1104836,0.1227719,0.04880133,0,0,0,0,0,0.4774989,0,0.3199943,0.8013766,0.6974583,0.4246121,0.6401672,0,0.2320061,0.2743964,0.9978471,0.4418179,0,0.746083,0,0,0,0,0,0,0,0.6848882,0,0.2162348,0,0.2789876,0,0.1403209,0.07756334,0,0,0.4016369,0,0,0,0,0.5944236,0,0,0.2592198,0.6247128,0,0,0,0,0,0,0.7368758,0.8228405,0.1589385,0,1.440465,0.9885008,0.5004733,0.7724537,0,0.6206115,0.3946242,0,0,0,0.4351175,1.102637,1.137801,1.049088,0,0.5826046,0.9863129,0.8878784,0.3201477,0,0.7565128,0.7807236,0.309234,0.8382382,0.2237354,0.3354361,0,0.8319153,0,0,0.2094517,1.025505,0.01870222,0.08884621,0,0.005962268,0,0,0.2604938,0,0.07167034,0,0.579537,0.2878394,0.2066298,0.1984673,0.1725756,0.3711615,1.179,0.4436633,0,0,
0,0,0,0.2652431,0,0,0,0,0.9313333,0.2168402,0.06266852,0,0.5221868,0,0,0.2500373,0,0,0,0,0,0.002563366,0.419019,0,1.165772,0.9998131,0.1480547,0,0.4247951,0,0.3166275,0,0,0.8246442,0.5087094,0.4996985,0,0.6188929,0.7141287,0,0.3268731,1.349638,0.1794627,0,0,0,0,0.2299079,1.372342,0,0,0.1335919,0.1990365,0,0.6170118,2.098412,0,0,0,0,0.7879024,0,0,0.002217991,0,0,0.5961494,0,0.8937405,0,0,0,0.3265017,0,0.1555368,1.191428,0,0,0,1.254771,0,0,0,0.1187166,2.237425,0,0,0.7615976,0,0.1147581,1.716829,1.270889,0,0.3191178,0,0,0.6905083,0,0,0.002579914,0,0,0,0.6535611,0.1092818,3.449528,0,0,0.389938,1.88208,0.2897065,0,0,0,0.7652117,0,0,0.3095495,0,0.7135276,0,0,0,1.543873,1.835771,0.7488602,0,0,0.4283461,0,0.01361066,0,0.09505886,0,0.1482978,0,0.2533949,0.5781965,0,0,0.2393821,0,0,0,0.03696251,0,1.785683,0,0.6079633,0.5501431,0.4267996,0.4786144,0.1288278,0.5812903,0,0,0,0,0,0.4223848,0,0.9471695,0.6409158,0.08250057,0,0,1.236415,0.5532955,0.09030037,0,0,0,0,0.9261865,0,0,0.8474628,1.888388,0.38245,0.4643259,0.08226191,0,0,0,0,0.5785199,0,0,0,0,0.3940711,0,1.233807,0,0,0,1.013663,0,0,0.03550609,0,0.106865,0,0,0,0,0.9481318,0.2080041,0.6774082,0.4170245,0,0,1.160401,0,0,0.1551045,0,0.5975057,0,0,0.2960548,0,0,0,0,0,1.460632,0,0.1320827,0.03815867,0.1222188,0.1374066,0,0,0,0,1.168835,0,0,0,0,0,0,1.280499,0,0.01606222,0,0,0.6765267,1.381005,0,0.5770331,0,0.6864007,0.3553651,0.1409133,0,0,0,0,0.1654836,0,0,1.023839,0.1817046,0,0,0,0.5478109,0,0.4963962,0,0,0.3910972,0.07740285,0,0.07231377,0,0.6723309,0,0,0.03156122,0,0,0,0,0.1693189,0,0,0,0,0,0,0,0,0,0,0,0,0,0,0,0.7097339,0,0,1.392153,0,0,0,0,0.4937531,0.605951,0,1.353393,0,0,0,0,0.8293935,0,0,0.06829117,0,0,0,0.1454343,0,0,0,0,0.5425476,0,0,0,0,0,0,0,0,1.380749,0,0,0,0,0,0,0.3989274,0,0,0,0,0,0,0,0,0.004072131,0,0,0,0.345076,0,2.026775,0.8153002,0,0,1.216866,0,0,0,0,0,1.011589,2.220169,0,0.8129324,0,0,0,0,0,0,0,0,0,0,0.8158668,0,1.317582,0.4313134,0.2239307,0,0.4665414,1.23787,0.03058282,0.9923306,0,0,0,0,0,0,0,0,0,0,1.395003,0,0.8432382,0.02713852,0,0,0,0,0.7128659,0.455947,0.967191,0,0,0,0,0.2139161,0,0,0,0,1.859143,0,0,0,0.1773238,0,0.6624114,0,0,0,0.6976354,0.8504159,0.05014358,0.2021078,0,1.049644,0.9327443,0,0,0,0,0.7362945,1.07178,0.00792698,0.3594741,0.6754114,0,0.1464177,0,0.3267277,0,0,0,0.7673972,0,0.06547444,0.7870426,0,0,0.5147919,0.6575643,0,0.07575238,0,0.1589216,0.1712657,0.03177276,0,0.2101781,0,0.6116949,0,1.954587,0.4379275,1.558003,0,0,0,0.7380833,0.09067498,0,0,0.06153018,2.019895,0.6307502,0,0.2986174,0,1.254196,0.6967732,0.01346639,0.5311372,0,0,0,1.058636,0.2150884,0.04343199,0,1.146563,0.1082485,0,0,0,0.9282113,0,0.5316435,0,0,0,0,0,0,0,0,0,0.4383184,0.4383304,0.3731353,0,0.6793051,0.8215528,0.4370615,0,0,0,0.1555081,0,0.03704302,0.5020006,0,0.5903384,0,1.172585,0.669699,0,0,0,0,0.6162227,0.2784659,0.2763432,0,0.6546953,0,0,0.7157513,0,0,0,0,0.1288767,0.5831975,1.647178,0,0.3824188,0,0,0,1.100676,0,0.1257326,0,0,1.007944,
0.1465615,1.606971,0.9865403,0.2705331,0,0.8456299,0.2191967,0.4746198,1.235822,0.3844383,0,0.7944341,0.438732,0,0,0.9881765,0.958244,0,0.2839067,0,1.021597,0.3163563,0.03294395,0,0,0,0.1782686,0,0,0.0764199,0,0.4061269,0,0,0.3809133,0,0,0.0680325,1.610513,0,0.9491654,0,0,0.0607963,0,0.2639209,0.9702438,0,0.1500054,0.2689303,0,1.130079,0.7592725,1.756944,0.4147467,1.624561,0.774186,0,1.185851,0.2056613,0.1913892,1.697898,0,0,1.597089,0,0,0,0,0.2131809,0,0,0,0,0.7517264,0,0,0,0,0,0,0,0,1.039678,0,0.4047901,0,0,0,0,1.922448,0.1585763,0,0.8211254,0,0.743246,0,0.9968573,0,0.2602918,0,1.084135,0.08690023,0.6740329,0.3683394,0,1.061637,0.1502978,0.3778407,0.1078132,0.3607956,0.2491952,0,0.1510035,0,0.2876131,0.3628253,0,0.2440314,0.6300271,0.8075349,0.2236522,0,0.1696574,0,0.3382787,0.687785,0.9065635,0.06231032,0.1194487,0.3226818,0.3141831,0.6064071,0,0.1217546,0.3973502,0,0,0,0,2.065669,0.4820604,0,0.5817987,0,0.6832967,0,1.112761,0.2216447,0.2612041,0.3631795,0.1176048,0,0.1264668,0.4104065,0.3835154,0.8276508,0,0,1.009603,0,0.2480141,0,0,0.04215755,1.447652,0,0,0.1293239,0,0,0.5007817,0.1598524,0,0,0.2967768,0,0,0.7553574,0,0,0.2583299,0.3533476,0.3211652,0,0.5543923,0.7343568,0,0.6680672,0.5931807,0,0.584577,0.4573245,0,0,0.5073072,0.4320779,0.02056626,0,0,0.1633999,0,0.2168248,0.5032407,0.1548,0,0,1.015095,0.5742289,0,0.9524821,0,0,0,0,0,0.5979587,0.5948692,0,0,0.1069099,0,0,0,0,1.029054,0,0,0,0,0,0,0,0,0.1590633,0,0.3093908,0,0.02071899,0,0.9257104,0,0.3111939,0.9082885,0,0.9507376,2.669904,0.1807441,0,0.14852,0,0,0,0,0,0,0,1.066417,0.003913929,0,0,0,0,0,0,0.7219943,1.011368,0,0.7226687,0,0,0,0.4827021,0,0,0.1092283,0.3504339,0,0,0,0,0,0,0,0,0,0,0,1.30406,0.651233,0,0.8875324,0,0,1.294327,0.1009189,0,0,0,0,0,0.5921329,0,0,0,0,0,0,0,0,0,0,0,1.493187,1.231623,0,0,0,0,0,0.6993999,0.9290124,2.52908,0,0,0.9972829,0,0,0,0,1.140415,0,1.450521,0.1401774,0,0.5633829,0.4641092,0,0,0,0.971266,0,0.1435378,0.02136929,0,0,0,0,0,0,0,0.2174093,0,0,0,0,0,0,0,0.09533559,0,0,0.007819442,0,0.8416103,0,0,0,0.4781509,0.03435278,0,0,0,0,0.3339608,0,0,0,0,0,0,0,0.295473,0.6676608,0,0,0,0,0,0,0.4209992,0.4240866,0,0,0.8853085,0.3308645,0,0,0,0,0.2288894,0,0.09197218,0.6100687,0,0,0,1.138706,0,0.2570477,0,0,0.683792,0,0.2970534,0,0.6479279,0,0,0,0,0.5935802,0,0,0,0,0.1250292,0.4331599,0.9499408,0.1171425,0,1.201112,0,0.3058256,0,0.09568007,0,0.8194587,1.459512,0.449259,0.8491437,0,0,0,0.118841,0.3112802,1.554981,0.5567242,0.7168633,0,0,0,0,0,0.5003075,1.528449,0,0,0,0.5137612,0,0.3835535,0.3191762,0.4009346,1.438239,0,0.4662459,0,0,0.7478327,0,0,0,0,0,0,1.039145,0,0.347001,0.0253433,0.3240149,0,0.9989066,0,0.6631985,0,0.08864404,1.397257,0.0976298,0,1.389156,0,0,0,0.4172803,0,0.7321586,0,0.397555,0,0.2564411,0,0.3853092,0.002319194,0,0,0.6366706,0.01838848,0.2100549,0,0.846462,0,1.396105,0.1856279,0.1873295,0,0,0,0,0,0.4312089,0.3151155,0,0,0,1.00932,0,0,0,0,0,1.109117,0,0,0,0.4912063,0,0,0,0,0,0.5465437,0,0,0.5076365,1.692387,0,0,0,0.1652414,0.616432,0.1625045,2.076262,0.1144605,0,0,0,1.78234,0,0,0.9189519,0,0,0.01227175,0,0,0,0,0.6798759,0.7228718,
0,0,0.6007415,0,0,0,0,0,0,0,0.2793909,0,0,0,0,0,0.7347825,0,3.116451,0.9902774,0.5542454,0,0,0.3392797,0.464114,0,0.9442805,0.4455613,0,0.3272277,0.3889,0,0.50265,0.1573724,0,0,0,0,0,0,0.700518,0,0,0,0,0,0,0,0.3833065,0.1691967,0.7550225,0,0,0,0,0,0,1.609124,0,0,0.1763718,0.395005,0,0.3404407,1.051273,2.146678,0,0,0,0,0,0,0.6696652,0,0.3747585,0,1.343284,0.578124,0,0.7703034,0,2.330267,0.3472201,0,1.900185,0,0.3222546,1.055587,0,0.0418493,0,0.3418373,1.626292,0,0.01224699,1.428105,0.5473094,0.06107985,0.8924453,0.3143916,0,0.3259991,0,0,0,0.8998722,0.5909839,0,0,1.014879,0,0.4071449,0,0,0.3707803,0,0.6207933,3.106151,0,2.151168,0,0.4000058,0,0,0,0,0.0648854,0,0.7959166,1.377378,0,0,0,0.3175509,0.04053757,0,0.4773682,0.8004528,0,0,1.015354,0.6821524,0,1.293796,0,0,0,0,1.055474,0,0,0.8321142,0,0.07559316,0,0,0,0.02428886,0,0,0.2343142,0,0,0,0,0,0.6622755,0,0.3867415,0.9025452,0.7873341,0,0.9115113,0,1.435177,0,0.1802174,0,0,0,0.6563326,0,0.2173328,0.8859679,0.9850503,0,1.279888,0.2197136,0,0.2500854,0,0.4389687,1.368151,0.5629767,0.3838737,0.3098817,0,0.1312257,1.214509,0.4510032,0,0,0,0.5104104,0,0.5843422,0,0,0.2308493,0.007993162,0,0,0.7066419,0,0.1520943,0.2620802,1.131662,0,1.347197,0,0.1732346,0.4410337,1.311462,0.5918683,1.242386,0.4360785,0.1806737,0,1.102139,0.3833906,2.145782,1.040877,0,0,0,0,0,0.3121541,0,0,0.2478348,0.9106518,0,0.2197699,0,0,0.4483407,1.082543,0,0.3843139,0.4432642,0,1.167751,0,0.06410999,0,0.02108315,0,0,0,1.202859,0.02336676,0,0.008040838,1.368861,0,0.8858764,0,0,0,0,0,0,0,0.2094125,0,0,0,0.3118196,2.294941,0,0.01811131,0,0,0,0.09165566,0,0,0,1.036453,0,0,0.2878157,1.669885,0.8434429,0.8695103,0.115632,0,0,0,0,0,1.072712,0,0.9630858,0,2.4556,1.011753,0,0,0,0,0,0,0,1.020385,0,0.1477303,0,0,0.6126328,0,0,0,0.4136652,0,0,1.739775,0.2084181,0,0,1.935144,0,0,0,0,0.6703678,0.4966186,0,0.05375351,0,0,0,0,0,0.09651601,0,0,0,0,0,0,0.01888308,0,0.8381966,0,0,0.8715225,0,0,0,0,0.703459,0,1.613245,0,0,0.2803776,0.4991683,0.1579224,0,0,0,0.302473,0,0,0,0,0,0.9816037,0,0,0,0.04623829,0,0.9019329,0,0,0,0,0,0.04661136,0,1.943593,0,0,0,3.05084,0.1289026,0,0.1846814,0,0,0,0,1.83541,0.05232671,1.905952,0,0,2.048938,0,0,0,0.4864202,0,0.6899354,0,0,1.485506,0,0.6048492,0,0,0,0.6806818,0,0.5062588,0,0,0,1.291688,0,0,0,0.7289734,0.8418251,0,0,0.2525183,0.1769976,0,0.3472449,0,0,0,0,0.6070263,0,1.08928,0.2071234,0.6073543,0.9568717,0.0735281,0.2323246,0.5539947,0.6614646,0,0.3375144,0,0.3351299,0.262166,0,0.9946774,0,0,0,0.9203234,0,0.7189874,0,0,0,0.2335501,0,0.09028397,0.8397412,0,0.3540661,0.1122088,0.5645857,1.487265,0.3985702,0.3493679,0,0.7055855,0.4215519,1.380635,1.24011,0.08601411,0,0,0.3986853,0.3348913,0.4051142,0,0,0,0,0.5548835,0.1912968,0,1.435426,0.436324,1.264524,0,0.03202535,0,0,0.1586922,0,0.4539308,0,0,0,1.121754,0,0,0,0,0,0.1516043,0,0.1227224,0.30474,0,0,0,0,0.3896142,0.5109895,0,0.006749612,0.4425127,0.3420507,0.08939803,0.7521081,0,0.1323345,1.796174,1.050237,0,0,0,0,0,0.07497448,0,0.7955977,0.03141496,0.5440742,1.109614,0.4357667,0.02297235,0.762468,0.6045596,0,0,0,0.3382217,0.09996344,0.4361124,0.8846816,0.5320215,0.005012874,0.2008995,0,0,1.291899,0,
0,0,0.7439845,0,0,0,0,0,0,0.5652198,0,0,0.7305754,0.6815,0.0685998,0,0.2955209,1.072724,0,0.7154028,0,0.03637359,0.07862775,0.152545,0,0,0.678495,0,0,0.5334819,0,1.248437,1.142351,0,0,0,0,0.284176,0,0,0,0.2950536,0.9730674,0,0,0,0.2900174,1.06074,0,1.067863,0,2.536282,0,1.580814,0.6808121,0,0,0.9213623,0.4619289,0,0,0,0.3435606,0,0,0.0602874,0,0.9999363,0,0,0,0,0,0,0,0.003408742,0,0,0,0.03506199,0,0.0641112,0.9160656,0.03391828,0.04460678,0,0,0.6988508,1.14946,0.4411302,0.1619145,0.3513546,0.4133743,0.8951045,1.153525,0,2.310184,0.437555,1.037876,0,0,0.4903612,0,0,0,0.09928054,0.04864411,0,0,0,0,0,0,1.0756,0,0,0,0,0,0,0.1901412,0,0,0.1933337,0.9000644,0,0.5912503,0,0,0,0,0,0,0,0.1820421,1.018679,0.7606906,0.4082782,0.3172587,0,0,0.2915534,0.1239207,0.3876331,0,0.8113289,0.0791698,0.5415764,0.2215434,0,0,0,0,0.4102082,0,0.2433929,0,0,0,0,0.1051576,0,0.06207383,1.095207,0.5326604,0,0,1.173706,1.046485,0,0,0.1425126,0,0,0.3148521,0.1824772,0,0,1.121664,0.519508,0.5343313,1.501724,0,0.6918856,1.438126,1.344874,0,0,0,0,0,0,0,0,0.5035781,0,0.2553225,0,0,0.7844539,0.4761142,1.107304,0,0,0.6060567,0.5290123,0.8303255,0.4963608,1.197986,0,0.8263597,0,0,0.2083607,0,0.1488061,0.4577058,0.003231085,0,1.207749,0.4704016,0,1.023564,0,0.1806275,0.6264498,0,0,0,0.01229623,0.3546927,0.1141291,0.1892688,1.811491,0,0.1682343,0.1682207,0.4133181,0,0,0,0.9914368,0,0.3602691,1.340854,0.03075902,0,0.9453732,0,0,0,1.041259,0,0.3915986,0,0,0,0,0,1.347785,0.3467111,0.284239,0.2364474,1.1087,0.04681878,0,0,0,0,0,0.08326896,0,0,0.1541555,0,0,0.09179999,0.6981337,0,0,0,0,0,0.7128879,0,0,0,0,0,0,0.5335557,1.473885,0.01359768,0,0,0,0,0.5996235,0,0.8045979,2.079685,0,0,0,0,0.9395533,0,0,0,0,0,0,0,0,1.301124,0,0,0.5619574,0,0,0,0,0,0,0.3247546,0,0,0,0,0,1.402731,0,0,0,0,0,0,0,0.03849275,0,0,0,0,0,0.1754476,0,0,0,0,0,0,0,0,0.1898188,0,0.006896565,0,0,0.4358985,0,0,0,0,0,0,1.114234,0,0.528491,1.491472,0.2748348,0,0,0,0,0.1007854,0,0,0,0.7885077,0.02080336,0.1001428,0,0,0,0,2.806108,0,0,0,0,0,0,0,0.6870365,0,0.5238451,0,0,0.3904706,0,0,0.4598393,0,0.589917,0,0,0.2141079,0,0.4399004,0,2.203244,0.7367989,0,0,0,0,0,0.7125911,0,0,0,0,0.4825026,0,0,0.5061767,0.4873457,0,0,0.04019303,0,1.281066,0,0,0,0.3776462,0,2.285331,0.9161602,0,0.5716621,0,0,0,0,0,0.002310289,0,0,0,0,0,0,0.02008745,0,0,0,0.4405669,0,0,0.05357338,0.8829045,0.1578752,0.3247224,0.1670426,0,0,0.2806463,0,0,0.4647593,0,0.006814591,0,0,0.8081468,0,0,0.207605,0,0.8307932,1.006589,0.01462802,1.047632,0,0.5211167,0.5200677,0,0.6774953,1.27066,0.6951636,0,0,0.1604583,0.2903543,1.126346,0.8300862,0,1.547422,0.3044039,0,0,0.03334042,0,0,0,0.632468,0,0,0.2483343,0,0,0,0.02890647,0.3752569,0,0,0.3387986,0,0.408724,0.2670631,0,0.114622,0.6454096,0.6025724,0,1.45665,0,0.7192764,0.2549768,1.515123,0.5912908,1.512767,0,0,0,0,0,0,0,1.064554,0.7799281,0,0.1819696,0.07498582,0,1.796572,0,0.3074771,0.5278246,0,0.2000266,0.1628738,1.256043,1.052565,0,0,0,0.1988093,0,0.5047098,0,0,0.2112574,1.045837,0.9444962,0,0.6987804,0.07999932,0,
0.3101784,0,0,0,0,1.099715,0,0,0.2593829,0.5812482,1.365277,0,0,0,0.4283642,0,0,0,0,0.8726032,1.401556,0,0,0,0.759788,0,1.762989,0,0,0.9497962,0,0,0,0,0.03587602,0,0.002303829,0.1603312,0.8093092,0.1246661,0,0.2926909,0,0,0,0,1.026707,0,1.078346,0.8805644,0,1.010073,0,0,0.04740309,0.1369499,0.6933858,0.2027391,1.161907,0.1256724,0,0,0,0,1.283362,0.5017248,0.6851586,0,0.3773771,1.442787,0.1493832,0.3377539,0.430582,0.4699641,0,0.6271715,0.7317585,0.9408534,0,0,0,0,0,0,0,0,0.6604127,0.4695088,0.2844291,0,0,0,0.5457924,0,0.9212123,0,1.604262,0,0,0,0,0,0.1292307,1.351057,0,0,0.2547602,0.9035221,0.3509095,0.5488217,0,0,0.1281025,0.7045786,0.5629417,0.7958958,0,1.635395,0.1999643,1.30237,1.235501,0,0,0.5931084,0,0.1212338,0.092084,0.5311831,1.152402,0,0,0.4873277,0.6448169,0.2628578,0,0,0.8122643,0.06787562,1.412804,0,0,0.7915591,0.7120135,0,0.6984153,1.276016,1.727372,0,0,0.2088836,0,0.05793213,0.4986905,0,0.5887765,0.2929785,0.2448013,0.3389111,0,0.2367763,0,0.3503709,0,0.2946492,0.4526134,0.7413379,0,0,0,0.04789996,0.07052332,0.4854387,1.749431,0,0,0,0,0,0.1497915,0.5992561,0.7003868,0.7115108,0,0.2541143,0.8541524,0.7807972,0.7319176,0.5805027,0,0.5726449,0,0,0,0,0,0.49137,1.174876,0,0,0,0,0,0.4431693,0.06218962,0,0.3590429,1.018766,0,0.6979409,0,0.1825304,0,0,0.4563611,0,0,0,0.4969107,0,0,1.053303,0,0.07967146,0.002401715,0,0.3435769,0,0.3733465,0.4905931,0,0,0.8364313,0,0,0,0.2395212,0.1390601,0,0.5541466,0,0.2981358,0,0.1756993,0.9428453,0.1512474,0.1540172,0.1429448,0.2391935,0.5100047,0.1790745,0.168211,1.148294,0,0,0,0,0.1731599,0,0,0,0,0,0,0,1.335237,0,0.6035804,0,0,0.9376643,0,0,0.4973595,0,0,0,0.4106021,0,0,0,0,0,0,0,0.1016485,0.2258303,0.3908402,0,0,0,0.5019841,0,0.4223884,0,1.563194,0,0,0,0.04571919,0.09294154,1.513936,0,0.004635731,0,0,0,0,0,0.1436603,0,0,0,0,0,0,0,0,0.6992754,1.17171,0,0,0,0,0.08384043,0,0,0,0,0,0,0,0,0,0,0,1.085188,0,0.09031731,0,0,0,1.073402,0,0,0,0,0,0,0,0,0.4436787,0.1538913,0,0.3201741,0,0.666245,0.6859987,0.1829925,0,0,0,0,1.110869,0,0,0.3870191,0,0,0.05318346,0,0,0,0,0,0.5962427,0,0,0,0,1.002865,0,0,0,0,0.2662304,0,0,0.3052062,0,0.4406962,0.9125627,0,0.3658336,0,0,0,0,0,0,0.8065159,0.09837133,0.133609,0,0.4521265,0.6182395,0.6501064,0,0,1.850536,0,0,0.4321564,0,0,0,0,0,0,0.3497495,0,0,0,0.8000679,0.6069048,0.1870039,0.348486,0,0.6775771,0.4123897,0,0.0949933,0,3.104234,0,0,0,0,2.847066,0,0.07670961,0.007531809,0,0,0,0.3798093,0,0,1.076022,0,0,0,0.3468979,0,0.1182339,0,0,0,0,1.24878,0,0,0,0.09218466,0,0,0.2604051,0,0,0.05636987,1.467757,0,0.8185804,0.7112248,0,0,0.7305943,0,0,0.4019067,0,0,0,0,0.01334713,0,0.01993078,0,0.284916,0,0,0,0,0,0.07812072,0.8010177,0.2305478,0,0.699317,0,0.9768769,0,0,0,0,0,1.643268,0.1973005,1.034551,0.8111735,0.02196302,0,1.445273,0,0.1886612,1.289729,0,0,0.1494235,1.021072,0.493751,0,0,0.4366146,0,0,0.1155335,0,0,0,0,0,0.3110258,0.0213611,0,0.1153363,0,0.7450534,0.3047844,0,0,0,2.160611,0,0,0.1429866,0,0,0,0.3621774,0,0,0.1606313,0.6064402,0.1074481,0,1.11847,0,0,0.3950591,1.373551,0.848442,0,0,0.2292458,0.09473964,0.3483503,0.765476,0,0.3193099,0.0758896,
0,1.481312,0,1.116928,0,0,0,1.053326,0,0.5574819,0,0,0,0,0.3795921,0,0,0.3699793,0,2.938886,0.0644147,0,0,0.1761996,0.07830705,0,0,0,0,0,1.882812,1.645856,0,1.046932,0,0.4940237,0,1.092835,0,0,0.3002449,0,0,0,0,0.5602077,1.072408,1.339167,0,0,0,0.1360277,0,0.05282077,0.2482023,0.5024858,0.5779272,0,0,0.5216618,0,0.6863009,0,0.5688138,0.1691508,0,0.4615471,0,0,0,1.161174,0.2817983,0,0,0.2916504,0.6191551,1.106269,0,0,0.3869078,0,0,0.638285,0,0.5436866,0,0,0.1692028,1.130317,0,0,0.5199431,0,0,0,1.031681,0.7439863,0,0,0,0,0,0,0,0.6948999,0,0,0,0,0,0,0,0.9723232,0,0.5589573,0,0,1.684835,0,0,0,0.002293313,0.1420152,0,0,0.4899108,0,0,0,0,0,0.75042,1.038455,0,0,0,0,0.8498825,0.3643841,1.44291,0.1174016,0,0.3015377,0.8929484,0,0,0,0,0,0.1511662,1.263389,1.016007,0,0.03054222,0,0.2365744,0.2022362,0,0,0.4777399,0.7192518,1.060795,0,0,0,0.3405362,0.5811691,0,0,0.6621862,0.02941924,0,0.1137241,0.3504754,0,0.07279424,0.3006135,0.3527033,0,0,0,0.3168934,0,0.8584889,0,0.4556783,1.018769,0.2257904,0,0.08454018,0,0,0,0,0,0.3051543,0,0.9588025,0.2472869,0,0.6516996,0,0,0,0.3961848,0,0,0,1.57086,1.102308,0,0,0,0,0.3780441,0.2154397,0.4946833,1.215917,0.1275177,0,1.21474,0.04943481,0,1.652788,0,0,0,0,0.5591521,1.305209,0.7933469,0.04535206,0,0,0,0.9044364,1.023426,0,0,0.8586989,1.228305,0.02737481,1.342309,0.8116805,0,0,0,0.3228667,0.05539135,0,0,0.1998924,1.44562,0,0,0,1.708906,1.042664,0.242172,0.2534177,1.733707,0,0,2.36267,0,0,0,0,0,0,0,0,0,0,0,0,0,0.7606837,0,0,0,0,1.852312,0.2231172,0,0,0,0,0,0,0,0,0,0,0,0.1842853,0.5673255,0,0.01672373,0,0,0.5399896,0,0,0.1701162,0,0,0,0.9898286,0,0,0.5475375,0,0,0,0,0,0,0,0,0,0,0,0.5326644,0.5119706,0,0,1.013374,0,0,0,0,0.4446989,0,0,0,0,0,0,0,0.5327933,0,0,0,0,0,0.05371614,0,0.581585,0,0,0,0,0,0,0,1.202774,0.3455554,0,0,0,0.1128007,0,0.06044437,0,0,0,0,0,0,0.8722371,0,0,0,0,0.5152327,0,0,1.023398,1.788102,1.067781,0.7076969,0.01918645,0.2111665,0.5892538,0,0,0,0,0.06250293,0,0,0,0,0,0.1023399,0,0,0,0,0,0.3906874,0.06347056,0.5411142,0,1.314119,0,0,0,0,0.9843665,0.8369749,0,0,0.4880292,0,0,0,0.680567,1.078554,0,0.1583283,0,0,1.005575,0,0.259943,0.9559578,0.2575929,0,0,0,1.089247,0,0.7417059,0,1.486282,2.178562,0.06243247,0.125379,0.5489846,0,0.1910094,2.220477,0.2110325,0,0.09741196,0.2671266,0,1.508697,0,0.1981783,1.470649,0,1.091692,0,0.1053825,0.09925796,0.3544488,0,0,0.3482422,0.2210691,0.1694521,0,0.6158789,0,0,1.59184,0.1485056,0.373311,0.2705402,1.003597,0.5045149,0.6565314,0,0,0.6341133,0.7737731,0.2277569,0,1.369827,0.2146734,0.07852387,0.2658401,0.1162905,0.2436764,0,0.6608514,0.3083691,0,0,0,0,0.3098514,0,0,0,0.4342934,1.210332,0.6403841,1.642256,0,0,0,0,0,0,0.3400611,0.2207926,0.6273956,0.9760158,0.500996,0,0,0.3999918,0,0,1.248835,0,2.697459,0,0.2233852,0,0,0,0,0,1.051466,0.8036317,0.301847,0.5766382,0,0,0,0,1.349707,0,0,0,0,0.660601,0,0,0,0.7194527,0.4857394,0,0,0,0.2950973,0,0,0,0.5983464,1.067745,0.9614117,0,0.3723708,0,0,0,0.65729,0,0,0.2986014,0.5779282,0.6637564,0,0.9352797,
0,0.0562599,1.150778,0.2343342,0,0,1.089277,0.990149,0,0.01256177,0.8520795,1.796288,0.4547848,0.2742336,0.2251083,0,0,0.4313273,0,0.6617103,0,1.461974,0,0,1.253502,1.43027,0,0,0.04056141,0,0,0,1.904851,0.7037157,0,0,0.4628156,0,0,0.4128689,0,0.7838127,0.2051459,0,0,0.8869463,0,0.2544705,1.154846,0,0.0395407,0,0,0.3000304,0.207709,0.1037413,0,0.1874178,0,0,0,0.272838,0,0.04289212,0.5160934,0,0,0,0.5766565,0.3663667,0,0,0.5420235,0,0,0.3148791,0.8685501,2.876545,0.224784,1.758654,0.5717487,0,0,0,0,0.7690035,0,0,0,0,0,0.1889634,0.6813188,0.6516992,0.582494,0.8815444,0.8077379,1.079781,0.9326567,0.1584944,0,0.4258146,0,0,0,0,0,0.4002227,0,0.2078364,0.5166257,0.4417142,0,0,0,0.6658276,0,0.5233212,0,0,0,0.4788809,1.55949,0.07792341,0,0,0,0.007963521,0,0,0,1.563675,0,0.09598994,0,0.490823,0.5519476,0,0,0.2856866,0,0,0,0.05681463,0.4386613,0.1177443,0.7068914,0.5198119,0.7435699,0,0,0,0.1873484,0,0,0.6235905,0.2002148,0,0.8766258,2.553554,0.4352438,0,0.4090009,0,0,0,0.8473976,0,0.02966318,0.1040559,0,0.01072306,0,0,0,0.7650084,0.6633477,0.7315857,0,0.03456549,0.3254854,0.6701257,0.2932604,0.6045566,0,0,0.05415906,0,0,0,1.396924,0,0.817333,0,0.8414603,0.1475488,0,1.40115,0.4830127,0,0,0,0,0.9215603,0.03359145,0,0,0.4734567,0.2838345,0,0,0,0,0.2371733,0.347457,0,0,0,0,0.01086978,0.7797328,0,0,0.4835653,0,0,2.011351,0,0.3099462,0.1837475,0,1.060138,0.8472472,0,0.2129311,1.352347,0.4565323,0.1175434,0,0,1.451619,0,0,0,0,1.147787,0,0.5119153,0,0,0,0,0,0,0,0,0,0,0,0,1.016731,0,0,0.3034485,0,0,0,1.052113,0,0.8895114,0,0,0,0.8855845,0,0,0.6285815,0.9454383,0,0,0,0,0,0,0,0,1.122229,0,0,0.2174662,0.603213,0.8364847,0,0,0,0,0,0,0,1.028893,0.2106164,0.3267762,0.4525948,1.127175,1.628726,0,0,0,1.217536,0,0.480727,0.02582684,0,0,0,0,0,0,0,0,0.6189746,0.2495167,0,0,0.2554342,0,0,0.5089388,0.255316,0,0.3811508,0.3454545,0,0,0,0,0.4150404,0,0,0,0,0,0,0.7081339,0,2.0002,0.381067,0,0,0,0,0,0,0,0.5568815,0,0,0,1.028229,0,0,0,0,0,0,0,0,0,0.3103433,0.5824327,0,1.296197,0,0,0.1025369,0,0,0,0.6752002,0.4986112,0,0,0,0,0,0,0,0,0,0,0,0.4654999,1.459751,0,0,0,0.2261055,0.4294522,0.6641697,0,0.1611083,0,1.575433,0,0,0.03655056,0.5670425,0.6651201,0,0.3603666,0,0.3542903,0,0,0,0,0,1.029682,0,0.4455681,0,0,0.6681288,0,1.25348,0,0.4972969,1.080814,0.01395522,0,0,0,0,0,0,0.09647436,0,1.080217,0.1906944,0.2973275,0,0,0,0,0,0.6644152,0,0,0.2755413,0,0,0.6566638,1.447271,0,0.02666887,0,0,0.01669399,0.1278786,0.2231494,0,2.874569,0,0.07804087,0.4810697,0,0,0,0.4494658,0,0.1008607,0,0,0.4268712,0.3782348,0,1.239793,0.3183648,0.6278083,0,0.5134599,0.3151521,0,0,0.05300724,0,0.5227202,0.3805049,0,0.123227,0,0,0,0,0.297391,0.7708123,0,0.2330308,0,0,0.6984602,0.8386863,0,0,0.9024624,0,1.131775,0.3342622,0.5344594,0.854118,0.1477587,1.151997,0,0,0.4676755,0,0.7716982,1.493583,0.2353839,0,0,0,0,0.6719792,0.2453649,0.4301348,0.165966,0.3774287,0,0.1212087,0,0,0,0.7407863,0,0.2883076,0.3181133,1.409818,1.131864,1.047912,0,1.168603,0,0,1.833951,0,0,0.1675988,0,0.6335294,0,0.7642242,0,0.7641507,1.52228,0,0,0.5717309,0,0.8261457,0,0.4906099,0,0.04262123,0,0,0,0,0,0,
0,0.9736379,0.2970559,0,0.5051342,0.3270153,0.1399717,0,0.06861961,0,0,1.102842,0.1441169,0.555721,0,0.576508,0,1.330588,0,0.2788855,0,2.574424,0.01669071,0,0,0,1.071096,0,0.3572572,0,1.106332,0,0.3641447,0,0,0,0,1.028615,0,0.7895734,1.008992,0,1.080348,0,1.043423,0,0,1.141928,0.4478215,1.562535,0.1357305,1.427302,1.36924,0,0.1159935,0,0,0,0,0.5577306,0,0,0,0,0,0,0,0,2.119816,0,0,0,0,0,0,0,0,0.559541,0,0,0.1291517,0.1807269,0,0,0,0,0.4486836,0.06424616,0.4411056,0,0,0,0,0,0,0,0,0.5274327,0,0.4782265,0,0.8553246,0.568226,0,0,0.6217146,0,0,0,0.3796131,0.7846056,0,0,0,0.728784,0,0,0,0.8191244,0.6189988,1.065471,1.526051,0.04301984,0,1.273909,0,0.1206445,0,1.915309,0.651531,0,0,0.9764287,0,0.6888328,0,0,1.383104,0.8395569,0.02779024,0,0,0.1406029,1.374486,1.106079,0.176636,0.2873085,0,0.4114841,0,0.5755243,0.01949193,0.03367381,0.08352967,0.3901386,0.1914526,0.3900963,0,0.03996331,1.226815,0,0.0665387,0,1.708125,0.1199553,1.34171,0,0.3248967,0,0,1.187207,0.7876088,0,0.4050734,0.5272352,0.02102833,0,0,0,0,0,0,1.111412,0,0,0.63302,0,0.2282168,0,0.4989433,0.1428247,0.9988823,0.693705,0.5882117,0,0,0,0.01982013,0,0.3629818,0,0,0,0,0.7896802,0,0,0.7537316,0.008012334,0,0,0,0,0,0.5996513,0,0,0,1.091243,0,0,0,0.5252837,0,0,0.07297352,0,0,0.5618684,0,0,0,0.738245,0,0,0.09124233,0,0,0,0.6519713,0,0,0.05418103,0,0,0.5199838,0,0.05743019,0.02161041,1.304649,0,0.3100456,0,0,0,0.660307,0,0,0,0,1.203997,0.5897181,0,0,0,0,0,0.6247101,0,0,0,0,0,0,0,0,0,0.1524369,0,0,0,1.376958,0,0,0,0,0,0,0,0,0,0,0.430141,0,0,0,0,0,0,0,0,1.063515,0,0,0,0,0,0,0,0,0,0,0,0.05199014,0.3054465,0,0,0,0,1.584372,1.102661,0.4894326,0,0,0,0,0,0.5366499,0,0,0,0,0,0,0,0,0.4319857,0,0,0.4950972,0,0,0,0,0.2272273,0,0,0.1450971,0,0,0,0,0.1052539,0.8902758,0.3177269,0,0,0,0,0.8016555,0.2254766,0,0,0,0.8942601,0.3290292,0,0,0.06563364,0.1367083,0,0,0,1.520669,0,0,0,0,0,0.6116349,0,0,0,0.71345,0,0,0,0,0.4297383,0,0.1672715,0,0,0,0,0,0,0.07113696,0,0,0,0.395045,0.8223597,0,0.2766227,0,0,0,0.234334,0,0.3409036,1.786637,0,0,0,0.4981043,0.09444919,0,0,0.1896136,0.2267464,0,0,0,0,0,0.5543215,0.3636267,0.1933644,0,0,0.2960847,0,0,0.02525603,0,0.05765212,0,0,0.5897968,0,0,0,0,0,0,0,0.2744224,0.07867927,0,1.276077,0,0.5543083,1.464558,0,0.1503169,0.837687,0.3021711,0,0,0,0.2969945,0,0,1.062223,0,0,0,0,0,0.3952276,0.7779709,0.7445419,1.22906,0,0.04623097,2.465724,0.08678069,0.7196684,1.201797,0,0,0,0,0,0.1376583,0.5050858,0.1983094,0.5127115,0,0.2158853,0.2442684,0,0,0,0,0,0,1.453659,0,0.7771805,0,0,0,0.2612618,1.480388,0,0,0,0,0,1.83334,0,0,0,0.2617022,0,0,0,0.3206725,0,0,0.7031435,0.4678542,0,0,0.1813083,0.8694141,0.7872258,0,0,0,0,0,0,0,0.3966359,0.8700275,0.7680702,0.5099408,0.4558086,0.112346,0.3749243,0,0,0,0,1.123344,0,0.2982754,0,0,0,0,0,0,0,0.2227223,0.03041627,1.140906,0.8598666,0,0.01676267,0,0.1644654,0,0,0,0.8183052,0,
0,0,1.005083,0.5736363,0,0,0,0.9409041,0.8963752,0,0,0.261401,0.3496824,0.600911,0,0,0,0.8581516,0,0,0,0.7095832,0,0,0,0,0,0.2766813,0.2217816,1.3734,0,0,1.506112,1.403475,0,0.8010485,0,0.310235,0,0,0,0.2589853,0,0.5724683,0.2650125,0,1.453661,0.03124456,0,0,0.6767222,0,0,0,0.03265601,0,0,1.44794,0,1.466915,1.950035,0,0,0,0.7826875,0,0.6501989,1.296401,0,0,0,0,0.5582294,0.1985603,2.074189,1.265158,0,1.978999,2.277303,0,0,1.110531,0,0.02260205,0.4948042,0,0,0,0,0,0.1473306,0,0.2044832,0.9488358,0,0,0.6430484,0,0.2741302,0,0.7576941,0,0,0.4684221,0,1.234092,1.059442,0,0,0,0,0,0.834998,0.1492331,0.9771411,0,0.06300933,0,0.01221333,0,0,0.9706692,0,0,0,0,0.092455,0.6092993,0,0,0.3141325,0,0.6385668,0,0.7544761,0,0,0.3393472,0,0,0,0,0,0,0.1987521,0.7017319,0,1.051551,0.1968479,0,0,0,0.5770179,0.8351234,1.201373,0.4872345,1.141479,1.736992,0,0.2146924,0.4233646,0,0.9893869,0.1163775,0.2851869,0,0,0,0,0.03443558,0,0,0.5231102,0.0172685,0,0.1119203,0,0,0,0.1702774,0.1165777,0,0.1385485,0,0.5999177,0.3644603,0,0.6847818,0.3929917,0.7025149,0,0,0.5313876,0.2065896,1.391772,2.160683,1.257115,0,0,0,0,0,1.266512,0.3062526,0.7441349,0.6536074,0.9870125,0.3012438,0.4035864,0,0,1.168133,0.3262296,0.1192303,0,0,0.2482189,0.1147857,0.7984561,0.6774178,0.381522,0,0,0.1321054,0,2.059104,0.5720792,0.2587323,0,0,0.1295246,2.113708,0.1872581,0.476072,0,0.1662779,0.1160141,0,0,0.3768069,0,0,0.5834385,0.08620794,0,0,1.664161,0.9875639,0.4079087,0.0951197,0.3148586,0,0.967523,0,2.578167,1.177918,0,0.9558272,0.1029777,0,0.3264569,1.046167,0,0,0,0,0,0,0,0,0.4128738,0.00754834,0,2.488669,0,0,0,0,0.900675,0,0,0,0,0,0,0,0.09927487,0.3500575,0.8023414,0,0,0,1.763798,0,0,0,0,0,0.9288049,0,0,0.1429685,1.264511,0.5372893,0,1.456415,0,0,0,0.2029155,0.1976241,0,0,0,0,0,0,0.07142983,0,0,1.663074,0,0,0.04937542,0.8117561,1.571841,1.239245,0,0,0,0,0,0,0,0,0.1987471,0,0,0,0,0,0,0,0,0,0,0,0.5106438,0,0,0,0,0,0,0,0,0,0,1.050287,0,0,0,0,0,0,0,0.3651267,0,0,1.608237,0.6104972,0,0,0,0,0.4408486,0,0,0,0,0,0,0,0.3729073,0,0,0,0,0,0.07419529,0,0.527252,0.3747903,0,0,0.7194373,0,0,0,0.1525153,0,0,0.1864352,0,2.160531,1.196489,0.579685,0,1.513139,0.2108512,0,0,0.3237827,0.3517588,0.0582103,0.2579718,0,0,0.936089,0,1.170657,1.183668,0,0,0.09205444,0,0,0.8190432,0.3972726,0,0,0.6967207,0,0,0.07428861,0,0.5731552,0,0,0.8448304,0,0,0.1292417,0.7170416,0,0,0.1942692,0,0.2914295,0,0,0.3284882,0.1776197,0,1.202771,0,0,0,0,0.2313146,0,0,0.04347119,0.7179587,0,0,0,0.8996561,0.3411552,0.5856581,0.7972075,0.6236361,0,0.3453614,0,0.9387981,0,0.060102,1.409577,0.8746712,0.1528651,0,0.38548,0.6226821,0.07397497,0,0,0.2496325,0,0.4507354,0,0,0,0.2582198,0,0,0,0,0.5800181,0,0,0,0.7374424,0,0,0,0,0.07162455,0,0,0,0.3376068,0,0.1481989,0.2273801,0.5130724,0.7597101,0.2978707,1.02307,1.381472,0,0.7423217,0,0,1.487614,0.1846817,0.4206812,0.2336751,0.1632423,0,0.9966024,0.3652003,0,0,0.4871147,0,0.6835346,0.267364,0,0.3007905,1.591199,0,0,0.4503114,0.5672747,0,0,0,0.1587894,0,0,1.245016,0,0,0.07052487,0,0,0,0,0,0.6608975,0,0.3408223,0,0,1.64311,0.7455744,0.7389798,0,1.681702,
1.34024,1.006777,0,0,0,0,0,0.3063527,0,0,0,0,0,0,0.5402365,1.022837,0,0.6978269,0.7932307,0.8713295,0,0,0.3456017,0,0,0.3398356,0.5484084,0.9746916,0.390462,0.5484905,0,0.119339,0,0,0,0,1.826952,0,0,0.7281106,0,1.578715,0,0,0.6416145,0,0,0,0.8322133,0,0,0,0,0.3148449,0,0,1.400153,0.2126899,0,0.05988644,0.0428507,0.2189735,0,0,0,0,0.04066844,2.31283,0.2964139,0.7569107,0.1156651,0,0,0,0,0,0.7563739,1.258277,0,0,0.7341442,0.1586242,1.207748,0,0,0,0,0.7214171,0,0.2450499,0.9394625,0.9084369,0,0,0.979497,0.2818407,0,0,0.6429159,0.9374332,0.7246463,0.8473117,0,0.8332524,0,0.004959198,0,0,0.7886626,0,0.002284117,0.2005408,0,0,0,0,0.6457558,0.002413895,0,0,0,0.06979399,0,0,0,0.8864679,0,0,0,0,0.1032264,0.6805997,0.3191705,0,0,0.8559275,0.9091794,0,0.5106386,1.119502,0,0.4665912,0,0,0,0,1.627195,0.2910695,0.1245766,0.9944459,0.8355213,0,0.4330525,0,0.1131897,0,0.1916156,0.2144874,0,0.09190729,0,0.3168517,0.08569738,0,0,0.137852,0,0,0,0.5501482,0,0.3645806,0.7229508,0,0.8330456,1.352996,1.377842,0.3238731,0.5889313,0,0,0,1.150943,0,0,0.2620893,0.9150142,0,0,0,0.002404534,0,0.517425,0.9883296,0.6836629,1.484704,0.07066969,0,0,0,0,0,1.476338,0.03210638,0.2984293,0.8153768,0.8140011,0.3606636,0,0.3104578,0.1802559,0.1072038,1.139254,0,0.2700024,0.7172917,0.3053046,0.7035385,0.5785027,0,1.863629,0,0.1910106,0,0,1.146854,0,0,0,0.9116355,0.1007195,0.08323945,0,0,0.8143468,0.5215249,0.04136063,0,0.5765988,0,0,0.5137402,0,0.03187437,0.4357517,0,0,0,0.4899532,0,1.965223,0,0.5055586,0,0.9717749,0,1.359746,0.3947229,0,0,1.057184,0,0,0,0.7860779,0.09594203,0,0,0,0,0,0.7424099,0,0,0,0,0,0.513319,0,0,0.02476534,0,0,0,0,0,0,0.07094525,0,0,0.2736256,0,0,0.2923991,1.456218,0,0.5862446,1.140387,0.7977314,0.4587451,0,0,0,0,1.112957,0,0.1902199,0,0.5037224,0,0,0,0,0,0,0,0,0,0,0,0,0,0.5784904,1.035297,0,1.551038,0.2249236,0,0,0.01888373,1.290604,0,0,0.4653317,0,0,0,0,0.3096687,0,0,0,0.8404567,0,0,0,0,0,0,0,1.765507,0,0,0,0.2658807,0,0,0,0,0,0,0.3195208,0,0,0,0,0,0,0,0.630666,0,1.548333,0,0,1.106437,0,0.2391542,0,0,0,0,0,0,0.02699083,0.5892177,0.208266,0,0,0,0.6294373,1.855756,0.8547589,0,0,0,0,0,0,0,0,0,0,0.1807557,0,0.4481454,0,0.002369214,0,0,1.677672,0,0.1506896,0,1.1786,0,0,0,0,0,0,0.3982732,1.463532,0,0,0,0.2082585,2.06097,0,0,0,0,0.09205752,1.656595,0,0.5008764,0.4578861,0,0,0.1149899,0.6933432,0,0.4067226,0,1.362578,0.08771405,0.4074729,0,0.4459969,0,0.981643,0.4644189,0,1.466368,0,0.634194,0,0,0.06576543,0.5820069,0.6082287,0,0,0,0,1.790407,0.891564,0,0,0,0,0.5921729,0.4299533,0,1.252052,1.540408,1.143466,0,0.133088,0,0.09341142,1.0472,0,0.8166886,0,0.9904923,0.8082988,0,0.2994247,0,0.7380334,0,0,0,0.2477987,0,0.5780519,0,0,0.1029386,0.7126575,0.8451695,1.757369,0,0.2907578,0.2014781,1.108229,0,0.2507493,0,0,0.03931239,0,0,0,0,0,0.2984429,0.7271655,0,0,0.4669574,0,0.4405497,0,0.851931,0,0.2767082,0.7679761,0,0,0.7599943,0,0,0.842483,0.12713,0,0,0.5236525,0,0.5792384,0.01332624,0.08792624,0,1.450704,0,0,0,0,0.2688788,0,0.297524,0,0.4818727,0,0.5664254,0,0,0,0.05919109,0,0.1732205,0,1.112763,0.5619478,0,0,0,0.2633138,0.2553428,0.0339581,
0.09469894,1.344218,0,0.2792071,0,0,0,0.3195509,0,0,0,0.07306963,0,0,0.2845145,0,0,0,1.564232,0.3839469,0.5922953,0.191713,0,1.023994,0,0.2087906,0.04734103,0,1.189466,0,0,0.929175,0,0.9497989,0,0,1.016849,0,0,0.7893538,0.238454,0,0.6941091,0.2639498,1.881504,1.893224,1.527945,0.1165297,0,0,0,0.03841552,0.6912971,0,0.2405645,0.2571779,0,0,0,0.7713622,0,0,0,0,0,0.4280646,0,1.255178,0,2.959916,2.187752,0,0,1.824095,0.570264,0.1053278,0,0.5301263,0,1.395977,0,0.9039837,0.3011331,0,0,0.1926098,0.7039629,0,1.012164,0,0,0,0,2.153959,0,0.06598939,1.264523,0.3964686,0.283285,0,1.048428,0.9749579,0,0,0,1.688216,0,0.2112813,0,0,0,0,0,0,0,1.434454,0,0,0.3145633,0,0.4895515,0,0.08256024,0,0.4585448,0.6653563,0.5389795,0,0.5858478,0,0,0,0.9938952,0,0.1959296,0,0,0.2623326,1.673712,0,1.155471,0,0.7035316,0.3942855,0.7624195,0.8660249,0,0.9125743,0.3954085,0,0,0.02729704,0,0.3115931,0,0,0,1.291563,0,1.039059,0,0,0,0.5433875,0.1643278,0,0.4236501,0,0.6841735,0.8069166,0,0.1402991,0,0.5518183,0.3755844,0,0,0,0,0,0,0.7521837,0.2418693,0,0.3209018,0,0,0.05101446,0,0.2727325,0.3240686,0.3093351,0,0.1342428,0.2160793,0,0.03712289,0.1439822,0.08234873,0,0.1491155,0.02511178,0,0,0,0.8659945,1.044987,0,0.731086,0,0.1526956,0,0.525149,0.6298252,0,0,1.248882,1.253516,0.5455668,0,0.8693402,0,0.1815587,0,0,0.9170942,0.6820965,0,2.30842,0,0.6271508,0.3776283,0,0,0,0.1354724,0,0.7534102,0,0.3701585,0,0.4672641,0,0,0.3075561,0.6187994,0,0,0.3084193,0.1255706,0.9964682,0.002491815,0,0.9621677,0,0,0,0,0,0,0.3926269,0,0,0.1104919,0,0.9119435,0,0,0,0,0,0,0,0,0,0,0,0,0.2525121,0,0,0,0.1853383,0,0.1118611,0,0.6957417,0.7321527,0,0.5696468,0,0.1048644,0,0,0,0,0,0,0,0,0,0,0.340235,0,0,0,0.5034738,0.2402217,0.8194894,0.1931137,0,0,0,0,0,0,0.5677266,0,0,0,0.02498399,0,0,0.2647229,0,0,0.6573948,0,1.378302,1.159831,0,0,0,0,0,0.2833737,0,0,0,2.332418,0,0.664243,0,0,0,0,0,0,0,1.003793,0,0,0,0.002128384,0.5276,0,1.387703,0.1418477,0,0,0,0.6545159,0,0,0,0,0,0.9462999,0.3975475,0,0.2989718,0,0.9167607,0.3272699,0.7729193,0,0,0,0,0,0.4808798,0,0,0,0,0.2601709,0.4791708,0.03877907,0,0,1.283205,0,0,0.3342506,0,0,0,0.8473489,0,0,0,0,0,0,0,0.04086769,0,0,0,0,0.9517112,0.1047619,0.05323059,0,0,0.6626763,0,1.941791,0.1191049,0.6737361,0,0.8976605,0.293167,0,0.2581952,0,0,0,0.04280328,0,0.7519314,0,0,1.418869,0,0.9100001,0,0,0,0.163563,0,0,0,0,0.2773483,0.9715077,0,0,0.250585,0,0,0.3536626,0.4435547,0,1.445054,0,0,0.4218392,0,0,0.6728352,0.6161901,0.6880211,0,0.5334716,0,0,0,0,0,0,1.158755,0.9021701,0,0,0.3271062,0.977952,0.2025339,0.4262764,0,0.7859495,0.3210409,0,1.216184,0.2154756,0.1142298,0,0.1797951,0,0,1.021652,0.2624221,0.1214687,0,1.245483,0,1.564052,0.8240788,0,0.08159978,0,0.3230945,0,0.4053396,0.6990717,0.4500662,0.2923631,0,0.2012468,0,0,0,0.3282068,0.260283,0,0,0.3652688,0,1.740206,0.5941126,0.4411998,0,0.4623044,0,0,2.597349,0.4218853,0.1152095,0.6774489,1.311578,1.208676,0,0,1.74038,0.002429988,0.532239,0,0,0.7166629,0.5132384,0,0.5636101,0.3620984,0.1966589,0.6316561,1.215986,0,0,1.065753,0,0.4613878,0,0,0,0,0,0.3470053,0,0,0,0,0.002480837,0,0.9940238,0,0,0.0186948,0,0.2088102,1.117592,
0,0,0.1686095,0.7307367,0.4512721,0,0.06272185,0,0,0.9170688,0,0.5758784,0.4155417,0,0,0.09429763,0,0,0.99268,0,0.4960151,0,0,0.7858359,0.1347899,0,0,0.8175403,0,0,0,0,0.9204372,0,0.0488463,0,0,0,1.794202,0.4216284,0,0.7472565,0.4413134,0,1.028786,0,0,0,0,0,0,0,1.888182,0,1.006969,0.4376896,0,0,0,3.066732,0,0.2799553,1.043153,0.7225435,0,0,0.8038788,0,0,0,0,0,0,0.1125186,0,0.2881153,0,0.5153872,0,0,0,0,0.7400936,0,0.07904851,0.02928199,0,0,0.1743283,0,0,0.5453076,0,0,0,0,0.3500499,0,0.3269722,0.3914046,0,1.141588,0,0,0.2656704,0,0.7715953,0,0,0.1450294,0,0.1310682,0.0700326,0,1.122139,0,1.353996,0,0.2508911,0.3807735,0.1337343,0,0,0.9983109,1.29965,1.281943,1.824824,0.6375134,0,0.6822182,1.03096,0,1.540122,0,0,0.6613009,0,0,0.07617149,0,0,0.4463395,0.01169228,0,0,0,0.09624751,0.3016864,0,0.3655702,0.06440911,0,0.3536386,0.9461342,1.424314,0,1.410099,0,1.078806,0.7074108,0,0.4315988,0,0.9178771,0,0.738027,0.4501236,0,0,0.4869689,0,0,0.3405572,1.540362,0,0,0,0,0,0,0,0,1.963151,0.1225142,0.7438799,0,0,0.4164668,0,1.823865,0.241832,0.6169245,0,0,0,0.3641615,0.1676999,0,0,0.0526531,0,0.6031314,0,1.450457,0.6955025,1.09667,0.9701576,0.1336405,0,0.1388863,0,0,0.3882992,0.3030242,1.040517,0.5428427,0.13797,0.2515971,0,0,0,1.73984,0.3169796,0,0.008830433,1.251772,0,0.4294869,1.128231,0,0,0,0,0,0.8095239,0,0,2.249808,0.6257482,0.06387554,0,1.120875,0,0,0,0,0,0,0,0,0.3828416,0,0.8933857,0.2642173,1.467956,0,0,0,0.8619763,0.1417422,0,0,0,0,0.6439168,0,0.6610884,0,0.1768838,0.8045331,0,0,0.5881398,0.5117845,0,0,0.06454785,0.2477436,0,0,0,0.0906276,0,0,0,0.8161416,0.2383873,0,0,0,0,0,0,0,0,0,1.106193,0,0,0,0,2.792221,0,0.4881826,0,0,0.755109,0,0.8222687,0.0383836,0,0,0,0,0,0,0,0,0,0.09732578,0,0,0,0.7981828,0.7958583,0,0.3119254,0.597621,0.257316,0,0,0,0,0,0,0,1.259891,0,0,0,0,0.4593897,0,0,0,0,0.8673241,0,0,4.11361,0,0,0,0,0.1028818,0,0,0,0,0.2708123,0,0,0,0.3017146,1.107691,0,0.1882049,0,0,0,0,0,0,0.2044951,0.225237,0.2884616,0,0,0,0,0,0,0,0,0,0,0,0.1744732,0,0.1042085,0,0.7878443,0,0,0.1658791,0,0.1922976,0,0.4560199,0,0,1.027739,0,0,0,1.248026,0.7054654,0,1.388903,0.4276652,0.4092413,0,0.6280238,0.2798629,0,0,0,0,0,0.2375558,1.380711,0,0,0,0.4631461,0,0,0,1.208546,0,0,0,0,0,0,0,0,0.3204044,0,0,0,0.4263229,2.838387,0,0.5717347,0.02445187,0.1812123,0,0.4091648,0.5246087,0,0.09917074,0,0.4423206,0.456499,1.080167,0,0,0,0.8825703,0.3543089,0,0,0.1878093,0,0,0,0,0,0,0.9985554,0.6669177,1.212261,0,0.2145327,1.180993,0.1259695,0,0.9144139,0,0.2571231,0,0,0,0,0,1.344976,0.2437805,0.3509636,0,0,0,0,0.3157169,0.9549813,0.1690194,0,0.2622736,0.7959465,0,1.250102,0,0.8632345,0,0,0.7982438,0,0.4860502,0,0,0,0.06197416,1.333596,0,0.1332957,0.03742638,0.1160153,0,0,0.09219967,0.8684344,0,0,0.3386504,0,0.2292916,0,0.168203,2.676742,0,0,0.3680394,0.02380831,0.4588804,0,0,0.2002548,0.4117659,0.2369279,0,0,0,1.151847,0,0,2.505765,0.3455316,0.5546371,0,0,0,0,0,0,0,0.1132888,0,0,0,2.502669,0,0,0,0,0.3491094,0.4384553,0.5620269,0.335115,0,0,
0,0.4922138,0.1826497,0,0,0,0.08115418,0,0.1721852,0,0,0,0,0.6794709,0.4723208,0,0,0,0.9150205,0,0,0.2806773,0.6063495,0.03329823,0,0,0,0.7571898,0,0,0.07297978,0,0,0.8878598,0,0,0,0,0,0.04862345,0,0,0,0,0,0,0,0,0,1.498315,0,0,0,0,0,0.3328212,0,0,0,0,0.3087285,0.4016607,0,0.4592775,0,0,0.7706912,0,0,0,1.565017,0,0,1.520508,0,0,0.5800914,0,0,0.3645923,0,2.059424,0,0.647745,0,0,0.2389987,0,2.562594,0,0,0,0.580233,0,0.9527082,0.3854656,0,0,0,0.7332733,1.288277,0,0,0.01950584,0,0,0.1858329,0.39526,0.3562062,0,0,0,0,0.6496021,0.3405051,0,0,0.2050835,0.3005813,0,0,1.090211,0,0,0,0,1.219519,0,0,0.2503481,0,0.3153138,0,0,0.1480899,0,0.4583499,0.6107332,0.1734195,0.5003666,0,0.2660883,0.9762009,0,0,0.1928878,0,0,0,0,0,1.525062,0.6080075,0,0,0.1687472,0,0,0.5034457,0,0,0.763146,0,0,0.2023109,0,0.4776975,0.9306621,0,0,0.1216287,0,0.7739396,0.4953366,0,0.02772143,0,0.1637,0,0,0.9483057,0.9438531,1.213657,0,0.2090306,0,0,0,0,0,0.02028324,0.3561052,0,0.7535164,0,0.3377772,0,0,0.3274366,0,2.133879,0,0,0,0.3517307,0.7627269,0.1177652,0.2498046,0,0.8588786,0.002351518,0,0,0.07518122,0,0.09562508,0.1387322,1.13937,0,0,0,0,0.7181662,0,0,0,0,0,0,0.8115341,0,0,0,0.3995252,0,0,1.126403,0.6663002,1.07109,0.8704832,0,0,0,0,0,1.479717,0,0,0.736293,0,0,0,0,0,0,1.163763,0,0,0,0,0,0.1988095,0.8480284,0,0,0,0.267525,0.3168098,0,0,0,0.7100607,0,0.09892198,0,0,0,0,0,0.05961318,0.2954793,0.6752663,1.54852,0.7273164,0.2324021,0.4655411,0.1555939,0,0,0,0,0,0,0,0,0,1.136179,0,0,0,0,0,0.3768459,0,0,0,0,0.113173,0,1.293475,0.7354392,1.186494,0,0,0,0,0,0,0,0,0.8800351,0,0,0,0,0,0,0,0,0,0,0,0,0,0,1.535878,0,0,0,0,0,0,0,1.197926,0.6869119,1.417885,0,0,0,0,0.2587646,0.289151,0,1.509424,0.4171245,0,0.2866852,0,0.7325384,0,0.8039769,0.3765402,0,0,0,1.108647,0,0,0.638037,0,0.01763724,0,0,0,0.3627022,0,0,1.288025,0,0.3031842,0,0.229001,0.2189676,0,0,0,0.2731117,0,0,0.5322591,0,0.7113499,1.079966,0,0,0,0,0.04764092,0.9160939,0,0,0,1.19257,0,0,0,0,0,0,0,0.2383434,0,0.5134986,0,0.2045668,0,0,0,0.4038552,0.5366359,0.4454215,0,0.7839457,0,0,0,0.5849401,3.179837,0,0,0,0,0,0.7948859,0,0,0,0,1.085404,0,0,0.1470727,1.028208,0,0.7590266,0.6180365,0.1739302,0,0,0.3731409,0,0.5015417,0.207023,0.4084137,0.3020175,0.2889532,0,0,0.307728,0.4282965,0,0.3503865,1.058023,0,0,0,0.3453852,0.3071024,1.163925,0.4316245,0,0,0,0.0622478,0.5553816,0,1.426783,0,0,0.642835,0.314945,0.3343493,0,0.3271353,0,0,0,0.2373429,0,1.286768,0,0,0,0.5118106,0,0.02333455,0,1.164165,0,0,0.8399877,0,0.7844539,0,0,0.3707401,0.3789931,0.6310937,0,0.4788274,0,0.7611111,1.095253,0,0,0.2670782,0,0,0,0,0,0.7573473,0.5233042,0.03195385,0,0,0.9602016,0,0,0.5865849,1.860406,0.3788303,0.2980464,0,0.331538,0.4031549,0,0.02354054,0,0.6973875,0.7756196,0,0,0,0.2261441,0,0.8464714,0.1365806,0.3739964,0.0659046,0,0,0,0,0.7777162,0.6539971,0,0,1.676586,0.2378433,1.503481,0,0,0,0,0.2144434,0,1.207145,0.5518324,0.5975673,
0.4647262,0.044422,0,0,0.2170873,0,0,0.1483647,0.06421426,0.428925,0,0.5604788,0,0,0,0,0,0.6508712,0.1796549,0.7051501,0,0,0.3001002,0,0,0,0,0.742381,0,0,0,0.3525982,0,1.462783,0,0,0,0,0,0.7518335,0.3944776,0,0,0,0,0,0.6044099,0.3392238,0,0,0.6362179,0,0,2.244186,0.1343337,3.106449,0.006637056,0.01872142,1.074124,0.3750968,0.1205791,0,0.08380887,0.2590408,1.798253,0,0,0.2723563,0,0.1829021,1.339362,0,1.121271,1.73312,0,1.265271,0.4255781,0,0,0.4795907,0,0,0,0.7526808,0,0,0,0,0.2576128,0,0.7483678,0,0,0,0.2167311,0,0.9277705,0.2489094,0,0,0,0,0,0,0,0.5707756,0,0,0,0,0,0.9653618,0,0.3202074,0,0.07608774,0.2493791,0.772757,1.119732,0,0,1.445368,0,0.1998239,0.738895,0.1664048,0,1.858331,0.9448544,0.0411113,0.05884443,0.5993495,0,0.8802868,0,1.137605,0.2273012,0,0,1.429036,0.330552,0.5208162,0,0,0.198314,0.03163651,1.042037,0,0.1612112,0,0,0.5829304,0.5570915,0.01298732,0.7097405,0.2204109,0,0.3768941,0,0,0.6144005,0.1882934,0.5316573,0,0.2707964,0,0,0.6011578,0,0,0.6579375,0,0.4847109,1.018562,0.1900871,0,0.7872793,0,0.5974293,0.4193372,0.2998604,0,0,0,0,1.836205,1.098889,0,0,0,0,0,0.9235129,0,0.9197086,0.5658212,0.2543878,0,1.187978,0.6461118,0,0.360238,0,0.01347894,0,0,0,0.370591,0.6072579,0,0,0,0,0,2.242986,0,0,0.2560282,1.516328,1.766083,0,0,0,0,0,0,0,0,0,0.2141482,0,0,0,0,0,0,0,1.71435,0,0,0.5511501,0,0.1054842,0,0,0,0,0,0,0,0,0,1.028215,0,0.6656629,0,0,1.361046,0,1.51957,1.411359,0.1407489,0,1.177741,0,0,0.5675217,0.4975846,0,1.468854,0,0.199118,0.002221793,0,0,0,0,0,0.7077721,0.3477935,0.1482717,0.6727212,0,0,0.5998989,1.461508,1.199673,0,0,0,0,0,0,0,0,0.7328337,1.243776,0,0,0,0,0,0.7631314,1.048096,0,0,0,0,0.1608707,0,0,0,0,0,0,0,0,0,0,0,0,0.09584836,0,0,0,0,0.6508162,0.6708419,0.943954,0,0,0,0.1690106,0,0,0,0.4489072,0,0,0,0.2575166,0.306912,0,0,0,1.11329,0,0,1.611884,0,0,0,1.557836,0,0,0.5673081,0,0.2802484,0,0,0.3656644,0.004874552,0,0,0,0,1.594198,0,0,0,0,0.07830577,0,0,0,0,0,0.2690499,0.8218927,0,0,0,0,0.04421782,1.327883,0.2616353,0.2336046,0,0,0,0.04414862,0,0.1586097,0.065752,0,0,0.3911309,0,1.65083,1.149283,0,0,0,0,1.222675,0,0,0,0,0,2.581236,0,0.8846535,0.4853195,0,1.313137,0,0,0,1.013669,0.1756507,0,0.7086512,0,0.9227173,0.01828943,0,0,0.8716089,0,0.1326708,0.006788718,0.02759049,0,0,0,0.3521117,0,1.481394,0,1.238155,0.8983217,0.9987296,0,0,0,0.9474138,1.80199,0,1.012045,0.03002213,0.2046272,0,0.66414,0.5584795,0,0.02195807,1.99795,1.799938,1.292416,0.3969713,0,0.935478,0.4582663,2.169805,0,0.3373369,0,0,0.406805,0.2117286,0.07781922,0.1771826,0.04627375,0.9788286,1.022509,0.8924847,1.818161,0,0,0,0.2626339,0,0,0.5629065,0.3648262,0.2572095,0.07919056,0,0,0,1.058884,0,0.422477,0,0.1048564,0,0,0,0,0,0,0.9183742,0.6889022,0,0,0,0,0.3620331,0,0.4562621,1.331682,0.4336465,0.9584631,0,0,0.5613038,0,0,0,0,0.8227341,0,0.4611918,0.03897428,0,0,0,0,0,0,0,0,0,0.9112514,0,0,0,0.9742253,0.1272263,0.9281761,1.150835,1.229032,0,0.9339662,0.2059935,1.542845,1.233025,0,0,0.5715225,1.992929,0.5205102,0,0.5918589,0,0,0,0,0,0.3989562,0,0.6790749,0,0,0,0,0.1425072,0.6134828,0,
0,0.88104,0.01799891,0.4369895,0.1287921,0.1664546,0,1.013419,0,0.878738,1.250319,0,0.6222274,0.3310056,0,0,0,1.4356,0,0,0.1797435,0.4641733,0.4657326,0,0,0,0,0,0.1358305,0.7043676,0,0.3593506,0,0,0,0,0,0,0,0,0,0.02574184,0,0.3461073,0,0,0,0,0.1851336,1.730271,0.02167192,1.33443,0,0,0.6150217,0,0.5033554,0,0,0,0,0,0,0,0,0,0,0,0,0.7756264,0.1515765,1.09339,0.3307348,0,0,0,0,0.8819545,1.652768,1.43856,0.3918375,1.917056,0,1.247411,0,0,0,0,0.01870371,0,0,0.4494675,0.2841036,0,0,0,0.2003417,0.4142898,0.2072206,0,0,0,0,0.2063631,0.2975718,0,0,0,0,0.01785337,0,0.5004442,1.144015,1.777801,1.011303,0,0.573982,0,0.5479353,0,0.0834372,0,0,0,0.7063396,0,0.3325053,0,0.2232529,0.2756825,0,0,0.8599709,0.5759447,0.7155935,1.102672,0.3961855,0,0,0,0,0,0.7532318,0.1028771,0,1.197837,0.2372619,0,0,1.511991,0.7181639,0,0,0,0,0,0.2494159,0,0,0.9897701,0.5159644,0,0.2934653,0.3377568,0,0.4643679,0,0.1361198,0,1.051192,0.3723069,0,0.6644418,0,0,0.3246801,0,0,0.03940458,0,0.06195867,1.187971,0,0,0.4002638,0.8174208,0.3538142,0.7370288,0.4905393,0.4683488,1.000442,0.07349328,0.09759963,0.2907827,0,0.1639677,0,0,0.7753334,0,0.2637386,0.1694956,0.9825659,0.9666822,0.4346327,0.1722037,0,0.5446822,0.1902211,0,0,0,1.570974,0,0,0,0,0,0.2999479,0,0,0.8364129,0,2.086049,1.698636,1.304356,0,1.405502,0.1358441,0,0.09626971,1.230162,1.117596,0,0,0,0,0,1.254293,0,1.09899,0.002655491,0.2946599,0.5477512,0.2576178,0,0,0.02889326,0,0.1906547,0.6337973,0.6012901,0,0,0,0.0584762,0,0,0,0.5009637,0,0,0,0,0.4243552,0.4574909,0,0,0,0,0,0.1177594,0,0,0,0,0.3808655,0,0,0.593449,0,0,0,0,0,0,0,0,0,0.3206666,0.3974903,0,0,0,0,0,0,0,0,1.183532,0,0,0,0.6077904,0.7548459,0,0.3142487,0,0,0,0,0,0,0,1.289754,0,0.9026645,0,0,0,0,0,0,0,0,0,1.091891,1.056412,0,0,0,0.3509688,0,0,1.875607,0,0,0,0,0,0,0,0,0,0.5016519,0.5307688,0,0,0.09300673,0,0,0.1562171,0,1.459597,0,0,0,0,1.283095,0,0,0,0,0,0,0,0,0,0,0,0,0.3416869,0,0,0,0,0,0.223161,0,0.3642848,0.2126784,0.1727228,0,0,0.4064339,1.023901,0.07702204,0,0,0.6520216,0,0,0,0.1425798,0,0.6488985,0,0,0.6012862,0,0,0,0.606617,0,0,0,0,0,0.02116342,0.8073547,0,0.1798936,1.112007,0,0,0.265519,0,0,0,0,0.4522868,0,0.1262735,0,0,1.187056,0.3775076,0.009799423,1.76017,0.8887526,0.2289311,0,0.3311352,0,0,0,0.769759,0.3513923,0.4844015,0,0.2895695,0,0,0,0,0.440091,0.3089613,0.594404,0,0,0,0.3376108,0.3769687,0.7031466,1.778942,0.6676656,0,0.09253991,1.056794,0.3154141,0,0,0.1354856,1.102464,0.3188744,0.5199195,0,0,0,0,0.05142147,0,0.484267,0,1.038213,0,0.07321709,0.9514412,1.180583,0.1819739,0,0,0.3999046,0.4363299,1.262722,0,0.964716,0,0,1.23352,0,0,0.4841635,0,1.4078,0.9251854,0,0,0,0,0,0.1644053,0,0,1.450841,0.6978613,1.010261,0,0,0.2979273,1.103582,0.9004576,0,0,0.03381561,0.03857487,0.1991078,0,0.552209,0,0,0.3360364,0,0.4661625,0,1.641281,0,0,0,0,0.2029277,0,1.218198,0,0,0,0.09211295,0.3148826,0,0,0,0,0,0.6980231,0.101459,0.174364,1.43739,1.044716,1.02574,0.05674282,0.1870581,0.2448747,0.48688,0,0.3241012,0.2188246,0.9620135,0,0,0,0.3525111,0.4807599,0.3827069,0.6111677,0,0,0.1675528,0,0.9427354,0,
0.603565,1.556418,0,0.137814,0,0.6748024,0,0,0,0.3908471,0.04650813,0.4046808,2.221652,0,0.6222968,0,0,0,0.566452,0.1941347,0.8317099,0.9096285,0,0,0.2984897,0,0.7007493,0,0,0,0.1075051,0,0,1.908945,0,0,0.09008619,0,0,0.3450589,0.5734311,0,0,0,0,0,0,1.157545,0,0,0.314666,0,0,0.08723384,0,0,0,0,0.1750232,0.5524777,0.7395614,0,0.4638204,1.769494,0,0.8847642,0,0.5752206,0,0,1.294426,0,0,0,0.5218912,0.2656729,0,0,0.2120707,0.8585788,0,0.2563656,0.3442147,1.437541,0,0.1983597,0.526058,0.2241198,0,0,0,0,0.3955925,0,0.2244012,0.4796628,0,1.54628,0,0,0.09980576,0,0.04901893,0.03247627,0.3315802,0,0,0,0.3167565,0.962689,0,0.09509058,0.3430812,0.3302952,0,0.1785965,0,0,0.8198978,0,0.5807725,0,0,1.429973,0.5106721,0,0,0,0.8744984,0,0.0653154,0,0,0.2449471,0.8125765,0,0.5971995,0,0.2132116,0.1435914,0,0.46094,0.263437,0.02416176,0.8081532,0,0.8331592,0,0.4200892,0.128669,1.011167,0,0.8498597,0.3116375,0,1.341439,0.1781122,0,0,0.1830252,0.7506019,0.8889061,0,0,0,0.8948255,0.8485248,1.287704,1.03415,0.4216644,0,1.721334,0.3067571,0.4973238,0.537461,0,0,0.3962508,0.9174661,0,1.305406,0,0,0.726252,0.7506181,0.01989141,0,0.02717608,0.5453598,0,0,0,1.594342,0.02431463,0,0.8930154,0,0.7268685,0.4989296,0,0,0,0,0,0,1.210163,0,1.231509,0,0.6451459,0,0.1500622,0.6860282,0,0.7144458,0.02626081,0.01100109,0,0.1075343,0,0,1.045316,0,0.07485031,0,2.035303,0,0.190611,0,0,1.718062,0,0.8438938,0.6378897,0.5104187,0.2960466,0.1573086,0,0,0,2.085365,0,0,0,0,0.2136161,0,0,2.058657,0,0,1.03352,0,0.2257696,0.2704673,0,1.352217,1.267575,0.408861,0,0,0.4823885,0,0,0.01605954,0.5045538,0,0,0,0,0,0,0.3309382,0,0.4558292,0,0.6293588,0.08237427,1.190842,0.003589854,0,0.7374012,0,1.899898,0.6407872,0,0,0,0.1803468,0,0,0,0,0.0474134,0.2087754,0,0,0,0,0,0,0,1.43626,0,0,0.4093468,0,0,0.2724203,0,0,0,0,0,0,0,0,0,0,0.586041,0,0.5467408,0,1.235568,0.347126,0.7232433,0,0,0,0,0,0,0,1.48454,0,0,0.1895019,2.104699,0.8970706,0,0,0.149264,0.910406,0,0.5169011,1.276662,0.2122665,0,0,0.1911994,0.5332499,0,0,0,0,0,0,0.3567146,0,0,0.00953478,0.1505598,0,0,0,0,0,0,0.6844136,0.8578205,0,0,0.4630892,0,0,0.09934665,0.4112127,0,0,0.672081,0,0,0,0.2399955,0.2244103,0,0,0.7667281,0,0,0,0,0,0.1839989,0,0,0.3888331,0,0,0,0.01604355,0.1301215,0,0,0.002073236,0.6193439,0.01074602,0.09301893,0,0,0.2523921,0.03622869,0,0,0.2613754,0.6296166,0.1629575,0,0,0,1.432518,0.08937225,0,0.3170044,0,0.5701509,0.2770821,0,0.2632345,0,0.3952458,0,0,0.6420813,0,0,2.008058,0.3478463,0.5734668,0,0.500604,0,0,1.349385,0,1.184452,0.7210513,0.4792345,0,0,0.2590573,0.2263342,0.5865507,0,0.8411811,0.03310676,0,1.666522,0,0.6150606,0,1.001315,0.6132706,0.1802627,0.959769,0,0.0951538,0.3673117,0,0.06425063,0.9843833,0,0,0.5434642,0,0.5804138,0.2067412,0.05352021,0,0.8675971,0,0,0.1654028,0,0.9432291,0.3394516,0.5901269,0.7506801,0,1.521359,0.918785,0,0.1412749,0.3388833,0.09903285,0.2478336,0,0.6773388,0,0,0,0.9037433,1.130193,0,0,0.2929704,0,0,0.8943655,0.1161574,0,0,0.1174209,0.290951,0,0,0.302922,0,0.2114394,0,0.4835541,0,0,0,0.5964776,0,0,0,0.4783446,0.1773037,0,0,0.6913916,0,0.8449086,0.174534,0,0.1294739,1.001386,0,0,0.9290492,0,0.06513644,0.1917985,0,0.5167394,0,0,0,0,0.5045793,0,0,0,0,0,0,0.267862,0,0,0.5802305,0,0,0,0.7084192,0.4623059,0,0,0.2326214,
0.2860832,0.7906978,0.3705631,0.2339379,0.1176523,0.6071828,0,0,0,0.08697859,0,0.6418673,0,0,0,0,0,2.119648,0,0,0,0,1.890327,1.125823,0.4787772,0,0,0,0.8295903,0,0,0.6468048,0.5725976,0.2542815,0,1.934628,0,0.2858996,0.3751994,1.261532,0.05111617,0.1060574,0,1.041459,1.611627,0,0,0,1.326058,0,0,0,0,0,0,0,0.8135785,0,0.2109318,0,0,0,1.081362,2.329019,0.8515908,0,0.158666,0,0,0.3563165,0.01599991,0.03076299,0.9720223,0,0,0.2871638,1.212986,0.2915069,0,0,0.01938423,0,0,0,0.1556512,0,0,0,0,0,0.424904,1.196355,0,0,0,0,0.111031,0,0,0.2758231,0.8115602,0.2376567,0,0,0,0,0.718675,0.1917063,0.931127,0,0,0.07740213,0,0,1.166659,0,0.1933024,0,0.5281104,0,0,0,1.122443,0.5103675,0.4056144,0,0.476375,0,0.4530359,1.11388,1.683841,0.9055505,0,0,0,0,0.345905,0,0,0,0.8721229,0.08483667,1.267501,1.084078,0,0.4862408,0,0,0.3581419,0,0.3598532,0,0.9336932,0.3482952,1.517408,0,0.1348401,0,0.7557721,0,1.033108,0,0,0,0.5177496,0,0,0,1.398201,0,0,0,1.103952,0.6129669,0,0,0,0,0.3886844,1.483975,0.2232954,0,0,0,0.5269459,0,0,0.5826823,0,0.7788788,1.338656,0,0,0,0,0,0.602105,0.3701214,0.1218562,0,0.3101743,0,0,0,1.686982,0.759288,0,2.336128,0,0,0,0,0,0,0.6876354,0,0.2758256,0.419078,1.552674,0,0,0,0,1.295688,0,0,0,2.669009,0,0.7896806,0,0,0,0,0,0.2039726,0.1695674,0.210748,0,0,0,0,0.1309654,0.7610368,0,0,0,0,0,0.1174409,1.019909,1.135672,0,0,0,0.7606471,0.02158631,0,0,0,0.6139735,0,0,0,0.7928668,0,0.5676239,0,0,0,0,0,0,0,0,0,0,0.3000789,0,0,0,0,0,0,0.8934286,0,0,0,0,1.427124,0.2354922,0,0,0,0.3722401,0.336046,0,1.40781,0,0,0,0,0.5994036,0,0,0,0.8957623,0.04660644,0,0,0.6268893,0,0,0.3607378,0,0,0.6935149,0,0.8872634,0.2288535,0,0,0.2043905,0,0,0.7845645,0,1.717877,0,0,0.8316775,0,0.4508345,0,0,0,0,0.07682621,0.2845573,0,0,0,0,0,0,0,0,0,0,0.7641877,0,0,0,0,0.3860891,0,0,0,0,0,0.05022271,0,0.3037447,0,0,0,0.30903,0,0.8658233,0,1.593263,0,0,0,0,0,0,0.1548598,0,0,0,0,0,0,0,0,0,0,0,0,0,0.291273,0,0,0,0,0,0.006103841,0,0,1.155981,0,0.5386831,0.3508898,0,0,0,0,1.956925,0,0,0.4129432,0,0.5171163,0,0,0,0,0,0,0.5401875,2.025138,0,0,0,0,0,0,0,0,0,0,0.002500683,0.1749958,0,0,0,1.343447,0.332039,0,0.8428681,0,0,1.639728,1.581109,0.06817364,1.201613,0.7234741,0.7169349,0,0,1.362011,0.4249638,0.3592778,0,0.7112619,0.4821557,0.6591445,0.1630914,0.9502436,0.1247853,0.314175,0.2152245,0,0.1876217,0.3854507,0,0,0,0.4009439,0.8102248,0,0.3794411,0.3633328,0,0,0.2926993,0.7687591,2.267678,0,0.8598658,0,0.2925568,0,0,0,0,0,0.9695989,1.96962,1.421371,0.307543,0,0,0.4002938,0,0,0,0,0.78266,0.4592582,0.8516767,0.1165529,0.1776106,0,0,0,0.3101339,0.6163914,0.4316344,0.2447407,0.5555365,0,0,0,0,0.8927965,0,0.6573359,0.02574413,0,0,0,0,0.3577104,0,0,0,0,0,0,0,0,0.3402683,0,0,0.5163097,0.6580101,0.6948704,0,0,0,0.9554006,0.2150239,0.2296278,0,0,0,0,0,0.1556542,0.4014794,0.07860873,0.1688836,0,0,0,0.8295459,0.6974347,0.05124382,1.146077,0.2459998,0.6825183,0.6485807,0.6381577,1.174404,0.3871358,0.9403096,0.5452459,0.9935514,
0,0.9811032,0,0,0.7313752,0,0,0,0.6065589,0,0,0.4536755,0,0,0,0.7146992,0.06018341,0.03385743,0,0.01046466,0,0,0,0,0.003063036,0,0.1453931,0,1.1527,0,0,0.3118834,0,0,1.258939,0.6854272,0,0.05787744,0,0,0.7491298,1.388597,0,0,0,0.239651,0,0.3856423,2.558565,0.2629672,0,0,1.786191,0.1328544,0,0.8027368,0,0,0.3766444,0,0,0,0.1032272,1.455773,0.8178058,0,0,0.05803193,0.1024434,0.5520871,0.4765825,0.1949467,0,0,0,0,1.414511,0.2592001,1.478174,0.117729,0.1662329,0,0,0,0,0.4041901,0,0,0.7071432,0,0,0,0.459489,0,0,1.263544,0.7324798,0,0.2295513,0.5137008,0,0.07017769,0.4264102,0,0.7311845,0,0.1764662,0,0.01584899,0.08006483,0,0,0,0,0.009156038,0,0,1.378097,0,0,0,0.3523227,2.237761,1.681337,0.379787,0,0.7615593,0,0,0,0.7127762,0,0,0,0,0.3444928,0.7219731,0,0,0,0,0.5356723,0,0.3813011,0,0.05255508,0.3897481,0,0,0.3835129,0.3182485,0,0,0,0,0,1.189931,0.6674303,0,0,0.04971798,0,0.281275,0.3566967,0,0,0.6826963,0,0,0,0,1.136363,0,0.1977344,0,0.7226258,0,0.2155634,0.4334721,0.6612793,0.2824156,0.07604391,0.2496846,0.5387745,0,0,0,0.7270194,1.17973,0.7661582,0,0.6974679,0.4127794,0.748284,0,0.03288067,0.2838496,1.290943,0.4290137,0,0.6997203,0,0,0,0,0.9738891,0.1020674,0.9224354,0.01023796,0.03445822,1.25427,0.1034542,1.383515,0,0,0,0.2880848,1.717929,0,0.3419566,1.190266,0.1784498,0,0.6061922,0,0.1869867,1.340184,0,0,0.1761322,0.3348814,0.9018214,0,0,0.4277122,0,1.210011,0,0.7805028,0,0.3276951,0,0,0,0,0,1.905267,0,0,0,0,0.3338301,0,0.2145554,0,0.05225416,0,0,0.8399928,0,0,0,0,0.3546788,0.0135414,0,0.8259161,0,1.398567,0,0,0.3790649,0,0,0,0,0,0.7347733,0.156795,1.513584,0.3344251,0,0,0,0.3611326,0.5114527,0,0,0.9220691,0.1129677,0,0,0,0,0,0,0,0,0,0,0.1843738,0,0,0.05487181,0.5253445,0,0.2189262,0,0,0,0,0,0.5082429,0.6465758,0,0.03517969,0.6632493,0,0,0,0,0,0,0,1.052267,0.06557395,0,0.7570684,1.024253,2.271818,0,0,0.2445758,0.06816597,0,2.117293,0,0,0,0,0.7563822,0,0.06357039,0,0,0.5665374,0,0,1.209113,0.6960598,0,0,1.43991,0,0,0,0,0,0,0,0,0,0,1.100646,0,0,0,0,0,0,0,0,0,0,0,0,0.3699365,0,0.5034677,0.6070139,0.2490698,0.6488903,0,0,0.2897942,0,0.1363511,0,0,0.2277976,0,0,0,0,0,0,0.2912346,0,0,0,0,0,0,0,0.5990884,0,0,1.580105,0,0,0,0,0,0.5112617,0,0,0,0.06190258,0.4082485,0,0,0,1.251964,1.485712,0.8396039,0,0.879813,0,0,0,0.6153751,0.01687935,0,2.382413,0.3176879,0,0,0,0,0.2509333,0,0,0.6333405,0,0.8056173,0,0.1228626,0.5724092,0.05591362,0,0,0,0,0.2211415,0,0.02053457,0.5497297,0.272311,0,0,0,0,0,0.6103485,0,0.9607719,0.5841965,0.2961136,0.1219978,0,0,0.7491118,0,0,0.5201926,0.1546259,0.2581525,0.5691661,0,0.5647042,0.1411933,0.6597187,0,0,1.393589,0,0,0,0,1.290899,0,0.9628563,0,0.3655112,0,0.4899656,0.2468295,0.2680403,0.09024969,0,0,0.945634,0,0,0,0,0,0.591397,0.3843723,0,1.53696,0,0,0.3585173,0,0.002188858,0.329819,1.622341,0,0.08473819,0,1.399154,0,0,1.380818,0.002338844,0,0.8995255,0.608786,1.091061,0.3688313,0.1781468,0,0,1.05143,0.3371383,0,0.8535258,0.09074841,1.46776,0,1.590527,0.3142952,0.2922124,0,1.504378,0.3814774,0,0,0,0.1241993,0,0.4705035,0,0.04251162,0.1497478,1.19572,0,0.05363361,0.4159022,1.130683,0.3220724,0.2515002,1.058984,0,1.075865,0.7973946,0,1.481898,0.7657016,
0.4053624,0,0.02229283,0,0.7257661,1.123563,0,0,2.164397,0,0.5163658,0,0,0.09691799,0,0,0.2171795,0,0,1.201863,0,0,0,0,1.581305,0,0,0,0,0,0.2446774,0.6702076,0.1308548,0.6274163,1.326285,1.335967,1.164235,0.3533264,0.906808,0,0.3123208,0.04025297,0,0.2297906,0,0.3838494,0.237645,1.357,0,0.7730014,0.5686113,0,0.3277672,0,0,0.3739513,0.6983922,0,0,0,0,0.02560927,0.07907668,0.6759772,0.1492294,2.893296,0,0.1544897,0,0,1.857677,0,1.852041,0,1.59873,0,0,0,0.8335201,0.5505746,0.04845402,0.7340466,0.4504897,1.318909,0,0,0,0,1.000302,0,0,0.1296366,0,0,0.08545355,0.5095381,0,1.272674,0.5490007,1.19928,0,0.3513238,0.5115246,0.785895,0,0.899043,0.1493495,0.7735943,0.1208723,0.9812374,0.2555312,0.06181768,0.546914,0.1261989,0,0,0.5346885,0.3887839,0,0,0.2720903,0.2303515,0,0,0,0,0,0,0.05731494,0,0.6792958,0,0,0,0,0,0.1773174,0,0,0,0,0.4303168,0.4716262,0,0.0603292,0,0,0,0.3141802,0.325801,0.1684733,0,0.01628976,0,0,0.9352689,0.07606589,0,0.1129273,1.420393,0,0,0,0,0,0,0.6589087,0,0.3863842,0,0,1.137485,0,0,0.04002332,1.009982,1.222482,0,0,0,0,0.6679986,0,0.8176972,0.6195912,0.6188096,0,0,1.726242,0,0,1.417216,1.156853,0,0.1350887,0,0.7608734,1.579632,0.8429206,0.6795247,0.6188592,0,0,0,0,0.5898309,1.307497,0,0,0,1.428611,0,2.541856,0,1.281175,0,0,0.9598818,0.4112466,0,0.3702583,1.55012,0,0,0,0,0,0.4521657,1.307368,0,1.96908,0,0.3696491,0,0,0,0,0,0,0,0,0,0.5585597,0,1.152781,0.3162591,0,1.251243,0,0,0.3639033,0,0,1.85652,1.236009,1.047187,0,0.3630343,0,0,0,1.626873,0,0.6629611,0,0.6481966,1.109784,0.318768,0,1.186054,0.2555436,0,0,0,0,0.3868051,0.3083542,0,0,0,0,0,0,0,0,0,0,0,0,0,0,0,0,0,1.224777,0,0,0,0,0.4770921,0,0,0,0.8904171,0,0,0.2699689,0,0,0,0,0,0,0.4273495,0,0,0,0.1131719,0,0,0.631441,0,0,0.9664411,0.6167742,0,0,0,0.118204,0,0,1.195255,0.1336732,0,1.512164,1.457675,0,0,0.1461909,0,0,0,0,0,0,0,0,0,0,0,0,0,0,0,0,0,0,0,0,0,0,0,0,0,0,0.4595267,0,0,0,1.007929,0,0,0,0,0,0,0,1.514061,0.8354182,0,0,0,0,0.6167977,0,0,0,0,0,0,0,0,0,0.5941452,0.9338377,0.04195135,0,0,0,0.3066267,0,0,0,0.0247503,0,0,0,0,0,0,0.5886039,0.6860569,0,0,0.7526298,0,0,1.382005,0.6656535,1.063149,0,0,1.004979,0.472717,0.6413845,1.083825,1.673363,0,0.930162,0,0,0,0,1.323866,0.377847,0,0.6975008,0,0.9872752,0,0,0.1079159,0,0,0.3416515,0,0.3717288,0,0.5642982,0.4035754,0,1.418681,0,0,0,1.14871,0.7945098,0.9515039,0,0.8764719,0,0.08394956,0,0,0.4611361,0.08984077,0,0.688097,0.3809913,0.6763982,0,0.6446339,0,0.2783522,0,0,0,2.121655,1.682555,0,0.5300951,1.325042,0.1406928,0.09055709,0.03652975,0.4583873,0.7836542,0.0228394,0,0,0.03325774,0,0.3911834,0.09567757,0.3209599,0.09727825,0,0,1.521612,0.1697237,0.3800855,0,0.1517071,0,0,0,0.2769733,1.852989,0,0.3175827,0,0.7005793,0,1.164342,0,0,0.459659,0,0,0.3882585,1.434353,0.9018059,0,1.270546,0,0,0,0.07829,0.06386607,0.4107445,0.1525858,0,1.298531,0,0.2378319,0.6339797,0,0,0.6708661,0.1046255,0,0,0,0,1.939821,0,1.109338,0.2859284,0.3381351,0.02434037,0.07057144,1.668292,0,0,0,0,0.8570103,0.7994489,0.4408225,1.076085,0.5042482,0.06774206,0.2883004,0,0,0.5750732,0.8831294,0.693385,0.6176053,0,
0.0425664,0,0.4914381,0.1040112,0,0.431162,0.264684,1.136516,0,0,0,1.580102,0,0,0,1.682416,0,0,0,0.04586565,0,0,0,0.3538289,0,0,0,1.396122,1.215545,1.007704,1.297708,0,0,0,0.2913747,2.162789,1.204055,0.9802557,0,0.8503223,0,0,0,0.3079132,0,0,0,0.09630853,0,0,0,0.7869743,0,0,0,0,0,1.077361,0.9451455,0.620284,0,0,0.1220876,0,0,0.8084266,0,0,1.608707,0.5804355,0,0,1.217292,1.333382,0.268185,0,0.1284349,0,0,1.615007,0.3391946,0.599714,0,1.314668,0.4344583,0,0,0.1990563,0,0,0.379032,0,1.173134,0,2.192426,0,1.695028,0.2628573,0,1.346126,0,0,0,0,0,0,0.5001439,0,0,0,0,0,0.5129307,0.008062126,1.657389,0,0.8605926,1.232259,0,0,0,0,0.2664185,1.139659,0,1.350057,0,0,0,0.4191396,0.23632,1.012915,0,1.008199,0.9109089,0,0.5369083,1.114536,0.5468423,0.9170527,1.249728,0,0,0,0,1.055423,0.02266117,0,0,0,0,0.6043283,0.6556039,0.9938388,0.3537001,0,0.2335341,0,0,0.3386426,0,0,0,0.5720482,0,0.3722359,0,0.7402925,1.568815,0.2456136,0.06867513,0.00500304,0.3903621,0,0.1926164,0.6589555,0.4593985,0,0,0,0,0,0,0.06766482,0.1611108,1.185004,1.028889,0,1.011224,0.3254122,0,0,0.1516069,0.1186854,0,0,0,0.1097379,0.5782102,0,0.1557498,0.2017344,0,0,0.1922806,0,0,0,0,1.546728,0.1869574,0,0,0,0,1.163435,0.03250162,0.322318,0.8447647,0,0,1.173985,1.534041,0.1802282,0,0.6016192,0.4947763,0,0,0,1.376887,1.024588,0.7446104,0,0,0,0,0,0,0,0.3439646,0,0,0,0,0.1706131,0.1844015,0.7699827,0.9079514,0.9534927,0,0.3385777,0,2.173143,0,0,0,0,0.2154578,1.177419,0,0,0.5422124,0,0,0,0.5162174,0,0.5083585,0.2256439,0.1757171,0,0,0.4159535,0.9747754,0,0,0,0,0,0,0,0,0,0.2438198,1.045692,0,1.857564,0,0,0,0,0,0,0,0,0,0,0,0,1.664552,0,0,0,0,0,0.9167247,0.6552939,1.22961,0,0,0.5495942,0,0.9820731,0.1006916,0.6455133,0,0,0,0,0.9999698,0.06379428,0,0,0,0,0,0,0,0,0,0,0,0,0.7476112,0.09042087,0,0.02846226,0,0,0,0,0.2976627,2.011899,0,0,0,0,0,0,0.2405134,0,2.135868,0,1.593211,0.8308924,0,0,0,1.115717,0,0,1.602665,0,0,0,0,0,0.151654,0.1788127,0.1521732,0.7749805,0.9570642,0,0.7868497,0,0,0,0,0.679732,0,0.02232108,0,0,0,0,0,0,0.9682816,0,0,0,0,0,0,0,0,0,0,0.2543612,0,0,0,0,0,0.6076443,0,0,0.4391069,0,1.130065,0,0,0,0,1.260361,1.103478,0,0,0.8535274,0,0,0,0.735034,0,0,3.474918,0,0,0,0.5081115,0,0.4981998,0,0.6045674,0,1.573276,0.4900891,0.8626168,0.2544087,0,0,0,3.335445,0,0.5467241,0,0.2565756,0,0.1339114,0,1.310258,0,0,0,0.4371835,0.3354219,0.7165946,0,0.3493562,0,0.2304054,0.5423999,0,0.2999997,0,0,0,0.1119092,0.1871933,0,0,0,1.974422,0,0,0,0,0.2912863,0,0.01213437,0.7628557,0.07820623,0.5897387,0,1.375773,0.2923334,0,1.807415,0,0.01931725,0.009473982,0.08543186,0.3030979,0,0.01063217,0.02740856,0,0,0,0,0.5123242,0.6894773,0.3297141,0.396899,0.4633389,0.3056209,0.4951194,0,0,0,0.7325957,0,0,0.7665282,1.030285,0,0,0,0.1570001,1.401116,0,0,0.7338908,1.012494,0,0,0,1.026545,0.3158178,0,0.4425867,0,0,0,0,0,0,0,0,0,0.4576994,0,0.2147783,0,0,0,0.07377404,0,0.7786506,0.5146656,0.38277,0.9456464,0,0,0,0,0,0,0.1609531,0,0,0.4081083,0.7484314,0.165724,0.01310109,0.6422167,0,1.17802,0,
0,0,0,0,0.9371039,0.9073218,1.107703,0,0,0,0,0,0.7852563,0,0.0295368,1.12207,0,0,0,0,1.919821,0,0,0,0,0.4482543,0,0,0.2137772,0,0,1.710508,0,0,0,0,1.133433,0,0.02114912,0,0,0.2208622,0,0,0,0.3957618,0.3543101,0,0,0.3047671,0,0,0,1.001609,0,1.915749,0,0.5139965,0.7337999,0,0.5209002,0.3487816,1.750343,0,0,1.134935,0,0.8098837,0.006814159,0,0,0.3811494,1.253324,0,0,1.044736,0.7425919,0.7069576,1.132273,1.189733,0,0.05307703,0.1772672,0.902741,0.01673782,0,1.501186,0.4196794,0.4676464,0,0.4599448,0,0.9640653,0,0,0,0,0.7272279,0,0,0,0,0.576611,0,0.4573258,0,0,0,1.588866,1.52938,0,0,0,0,0,0.22648,0.0878795,1.164969,0,0,0.5389429,0.2837559,0,0.1753585,0,0,0,0,0,1.717316,0.5919596,0,0,0.6007643,0,0,0.07619356,0,0,1.463107,0,0,0,0.2583187,0.8861541,0,0.9345468,0.335878,0.3892817,0.5120001,0.3987266,0,0,0,0.4525998,0.2908069,0,0,0.5589693,0.7392371,0,0.3732159,0,0,0.3952381,0.4739741,0,0.2784442,0.5822484,0,0,0.4857837,0.01985472,0.4404507,0.3302685,0,0,0,0,0.4840877,0,0.338721,0.3175898,0,0.3622362,0,0,0.3743808,0,0.009752486,0.420258,0.4897429,0,0,0.08095451,0.5569381,0,0.2736137,0,0,0.1765466,0,0,0,0.8988308,0,0.2462793,0,0,0,0,0.6144288,0,0.7352608,0,0,1.068013,0,0,0.2433833,0,0.2011437,0,1.330048,0,0.4816069,0,0,0,0.6543152,0,0.9479588,0,0.04303399,0,0,1.926106,0,0,0.02086638,0,0,0.3283471,0,0,1.153773,0.3938648,0.2327549,0.1870102,0,0,0,0,0,0.6938058,0,0.2955508,0,0,0.4100347,0,0.5059105,0,0,0.5049822,0,0,0.0423838,0.2219999,0,0.8574691,0.8367687,0,0,0.1591494,0,0,0,0.5558648,0,0.708429,0,0,0,0,0,0.2888539,0,0,0.1838891,0.5132489,0.1396444,0,0,0,0,0,1.540305,0,0,0,0,0,0,0,1.742831,0,0,0,0,0.4246063,0.345282,0,0,0,0,0,0,0,0,0,0,1.065586,0.05539322,0,0,0,0,0,0,0.2159192,0.3436877,1.551775,0,0,1.453972,0.07415482,0,0,0,0.6444962,0.5012512,0,0,0,0,0,0.7113369,0,0,0,0.6367072,0,0,0.2038254,0,0.5727289,0,0.6628557,0.2017044,0,0,0,0,0,0,0.9375688,0,0,0,0,1.059593,0,0,0,0.1355271,0,0,2.161656,0,0,0,0,0,0.2903537,0.1249318,0,0.6475141,0,0,0,0,0.8954567,0,0,1.133402,0.7786462,0,0,0,0.3322156,0.525741,0.7160717,0,0,0,0,0,0,0.00755563,0,1.13341,0.443112,0.2412059,0,0,0.8190691,0.06335206,0.4496973,0.5649219,0,0.08831091,0,0,0,0.6309861,0,0,0,0,0,1.118891,0.25845,0,0,0.3079242,0,0,0,0,0,0.1217653,0,0.3345268,0,0.002250921,0,0,0.5341308,0,0.4709869,0,1.085862,1.534516,0.01542857,0.3357924,0,0,0,0.7509369,0,0.3669601,0,0.6955503,0.9273607,0,0.7094832,1.851837,0.1378709,0,0.4833402,0,0.9419453,0,1.180195,0.6045879,0,0.4209856,1.077148,1.213093,1.295449,0,0,0.379186,0,0,0.125553,0,0,0,0,0,0.669215,0,0,0.3252762,0,0,0,0,1.027332,0.1416173,0,0.5867971,1.072454,0.1457723,0,0.2510741,0.4083619,0,0,0.4117355,0.219755,0,0.4391049,0.4711049,0.5945824,0,0.8407964,0.3382715,0.07229543,0,0.5918165,0,0,0,0,0,0.2770019,0,0.3709181,0.1196358,1.040443,0,1.353262,0,0,0.4615299,0.2533631,0,0,1.096412,1.174293,0,0,0.1246324,0.1729418,0,0,0,0.486744,1.19781,1.379532,0.2107932,0,1.077239,0.05722516,1.634076,0,0.2745229,1.461886,0,0.194422,0,0.4163773,1.118454,0,0.2638482,0,1.776662,
0.0977012,0.3703375,0,0.4637036,0.0401683,1.300679,0.1617897,1.078071,0,0.3980006,0,0,0,0.2451864,0.4677331,0.06356138,0.2950161,0,0.9456636,0,0.7095201,0,0.2195199,0.5360284,0,0,0,1.8065,0.1250081,1.087377,0,0,0,0,0.4418071,0,0,0.3533876,0.5896294,2.042914,0,2.057045,0,0,0,0,0,0,0,0,0.4444145,1.551963,0,0,0,0.254902,0,0,2.568525,0,0,0.5737138,0,0.4076165,0,0,0.7294748,0.3722655,0.7596895,0,0,0.9314774,0,0,0,0.2535334,0,1.704685,0,0,0.04024556,2.237082,0.43608,0,0,0,0,0.04412696,0.6356691,0,0.02208731,0.3830964,0,0,0.5307396,0.02036209,0,0,0,0.3464097,0,0.05048061,1.113432,0.08378555,0.7920954,1.82443,0.25438,0,0.6702098,0,0,0.206058,0,0.3342391,1.274091,0.0106031,0,0,0.01741906,0,0,0,0,0,0,0,0,0.00486152,0,0,0,0,0.3726196,0,0.5208275,0.9373065,0,1.732543,1.222297,0,0.006909795,0,0,0.7023475,0.8120623,0,0,0,0,0,0,0,0,0.5327234,0,0.3359818,0,0.2540543,0.3634804,0.6073455,0.4453915,0.0254014,0.9867406,0.0597848,1.456712,0,0,0.2574987,0,0.912955,0,0,0,0,0.0984357,0,0,0.2205086,0.253833,0,0,0,0,0.2743424,0,0,0.3220098,0,0,0.007384925,1.121863,0.5896674,0,0,0.6562843,0,0,0.8628678,0.4871465,0,0,0.6945876,0.4403222,0.4671057,0,0,0,0,1.165819,0,0.5828107,0.1999814,0.2893058,0.3570969,0,0,1.526893,1.652174,0,0,0,0.7103214,1.705208,0.02024761,0,0,0.04817009,1.880491,0,0,0.4221541,0.05209817,0,0,0,0,0,0,0,1.098594,0.5894094,0,0.9863332,0,0.8589336,0,0,0,1.880634,0,0,0,0,0,0,0,0,0,0,1.148873,0.6661893,0,0,0,1.15076,0.2833454,0,0,0,1.019203,0,0.02657795,0.9665807,0,0.8068728,2.144418,0,0,0.002029754,1.081469,0.4606755,0,0.7884433,0,0,0.1440458,0,0,0,0,0.6441696,0,0,0,0,0,0,0,0,0.02290451,0,0,0.3936195,0,0.8662089,0.03140983,0,0,0,0,0.4431687,0,0,1.059747,0,0,0,0,0,0,0,0,0,0,0.6846359,1.560716,0,0,0.09336566,0,0,0,0.1089188,0,0,0.4551224,0.07130352,0.9418027,0,0,0,2.614162,0,0,0,0,0.1181056,0,0,0,0,0,0,0,0,0,0,0,0,0,0,0.3845559,0,0,0,0,0,0,0,0,0,0,0,0,0.8853179,0,0,0,0,0,0.0986461,0,0,0,0,1.149421,0.2857443,0,0.9838146,0.4524761,0,0,0.1057613,0,0,0.8239151,1.61824,0.01579936,0,0,1.173712,0,0,0,0.3868639,0.3084846,0,0,0,0,0,0,0,0.1502282,0,0,0,0,1.986322,0,0.6210775,0,0.5546098,0.6945784,0,0,0,0.4128412,0.01383243,0,1.102359,0.01243776,0,0,0.520144,0,0,0,0,0,0,0.9436247,0.008338046,0,0,0,0,0.5382741,1.499034,0,0.6305257,0.06351209,0.7017729,0,0.1090744,0,0.07721347,0,0,0,0,0.9798853,0,0.2430646,0.2350624,1.084204,0.1012736,0,0,0,0,0.7489728,0.2691128,0.4347809,0,0.3915035,0.6181675,0.1407329,0,0.0174148,0.7750627,0,0.1467076,0,0.310707,1.803598,0.5734044,0,0.4390326,0,0,0.7363299,0.6728598,0,0,0,0,0,0.9849738,0,0,2.504802,0,0.5045928,0,0.4380682,2.046951,0.4061713,0,0,0.9743713,0,0,0.7948144,0.318968,0,1.390737,0.04975333,0,0,0,0,0,0.1346237,0.4869197,0,0.1846433,0.4144061,0.4017642,0.1759663,0,0,0,0,0.01544068,1.270036,1.19164,0,0.2750249,0.06775807,0,0,0,0.8542659,0,0,0.7945784,0.03402236,0.03114823,0,0,0,0,0,0.09470814,0,0,0.2393669,0,0,0,0,0,0,0,0,0.8776809,0.522752,0,0,
0,0.7695903,1.705739,0,0,1.106807,0.4121701,0,0,0.2753677,0.1380382,0.6727124,0.04871744,0,0,1.502745,0,0,0,0,0.2023437,0,0.03232536,0.3205217,0,0.4135717,0.1464425,0,0.1114561,0,0,1.06996,0.5309005,0,1.622076,0.06107739,0.7142566,0.5217499,0,0,0.6253662,0.2831736,0,0,0.9452316,0.3650419,0,0,0.8547107,0,0,0,0.8095312,0,0,0.2599598,0.2449124,0.3267275,0.2252971,0,0,0.9164913,0,0.01340174,0.4754865,0.8042253,0.3746436,0.636256,0,0.3238367,0.2532664,2.108683,0,0,0.04604614,0.5519,0,0,1.096087,0,1.392926,0,0.66243,0,0,0,0,0,0,0.5905093,0.5787714,0.2917987,0.2381063,0,0,0,0,0.4285799,0,0,1.798517,0,0,0,0.01268297,0.5637387,0.821245,0,0.5152765,1.535886,0.1272188,0,0,0,0.3974022,0,0,0,0.4493749,0.2974237,0,0.444553,0.6539408,0.2449847,0,0,0,1.01372,0,0,0.2208443,0.9812647,0,0,0.9563727,0,0.08009661,0,0.5727262,0,0.09672187,0,0.1447736,0,0,0.058598,0,0,0,0.03992635,0,0.1042534,0.230668,0.8106412,1.059624,0.7943294,0,0,0,0.2348464,0.3325638,0.3106697,0.4439424,0.6940268,1.024006,0.3893046,0,0,0.4093268,1.102313,0,0,0,0,1.885321,0.4845672,0,0.8281167,0.8202568,0,0.1535676,0.5301071,0.7182035,0,0.4847318,0.008272461,0,0,0,0,0.8984115,0,0,0.1822524,0.2003641,1.830135,0,0.7143928,0.007340211,0.1158621,0,1.573247,0,0.2065907,0,0.1581356,0.5722886,0,0.03554043,0,0.4932038,1.205512,0.3910272,0,0.2648824,0,0.2745569,0,0.7094896,0,0,0.9505841,0,0.1428416,0.73954,0,0.007102767,0,0,0.03625826,0,0.7399235,0,0,0,0.6133732,0,0,0,0.964974,0,0,0,0,0,0.4261702,0.3928136,1.99428,0,0.8080246,0.9382892,0,0,0,0.6112532,0.3422112,0,0,0,0.8989528,0,0,0,0,0,1.429539,0.9556024,2.54836,0,0,1.59073,0,0.2627426,1.732477,0,0,0.08619761,0,0,0,0,0,0.5621712,0,0,0.8929907,1.020596,0,0,0,0,0,0,0,0,1.040805,1.387581,0,0,0,0,0,0,0,0.01709459,0,0.3159823,0,0.4543189,0,0,0,0.768312,0,0,0.8523108,0.007457548,0,0,0,0.2634617,0,0,0.9518064,0,0,0,0.03651799,0.1210403,0,0,0,0,0,0,0,0,0,0.7409063,0,0.3680359,0,0.7142529,0,0,1.153294,0.2598143,0.3007561,0,0,0,0,0,0,0.2145116,0,0,0,0,1.574455,0,0.2193989,0,0,0,0,0.9287558,0,0,0,0,0.2744347,0.884089,0,0.1306389,0,0,0.0577554,0,0.2877691,0.3207949,0,0,0.3599465,0.2483159,0,0,0,0,0,0,0.6381832,0,1.361174,0,0,0,0.4032259,1.072191,0.6904849,0.01520769,0,0,0,0,1.374655,0,0,0,0.5608221,0.4641177,0,0,0,0,1.355547,0,0.1317283,0.2673838,0,0,0.4256849,0,0,0.2399008,0.11595,0.3703732,0.8238381,0,0,0.8581468,0.9691823,0,0.8174664,0,0.482011,0,0.1611576,0.7503623,0,2.004429,0.3602564,0,0,0.4492506,0.1044905,0,0,0,0.1453535,0,0,0,0.1131546,0,0,0,0.9526755,0.3127923,0,1.190594,0.2922061,0,1.153766,0,1.317177,0.4762889,0.0744477,0,0.7708648,0.4238351,0,0,1.202649,0.3435159,1.50463,0.02404846,0.1091351,0,0.2886247,0.05294026,1.741145,0,0,0.2374237,0,0,1.117857,0.1135527,0.1880452,0,0,0,0,0,0,0,1.397204,0,0,0,0,0.9296326,0,0,0,0.9672973,0.6517639,0,0.1532225,0.7685503,1.60903,0,0.02090972,0,0.2576542,0,0.4587477,0,0,0.9860847,0.9148102,1.203641,0.9100811,0.7668625,0.3528913,0.3451179,0.9188823,0.6968585,0,0.06034429,0.2699614,0.1606106,0,0,0.5130979,0,0,0.4907639,0,0.1252337,0,0.5487675,0,0,0,0,0,0,0.06003891,0,0,0,1.243638,0,0,0.4444549,0,0,0.4359325,0.08431659,0.1177639,0,0,0,0.5856287,1.055827,0.1927838,0,0.7976141,
0.1851071,0,0,0,0.7072105,1.176122,0.1728401,0.2779996,0.3209981,0,0,0,0.7520415,0,0.05045047,1.057135,0,0.02212454,0,0,0.5449598,0.7891398,0.8463201,0.1760373,0,0.6707364,0,0,0,0,0,0.3188471,0,0,0.8867257,0,0,0,0.9837756,0,0,1.247018,0.1636315,1.570805,0,0,0,0.8493874,0,0,0.7504537,0,0,0,0.6218047,0,0,1.410004,0,0,0.1002173,0.6126905,0,1.351031,0.949025,0,0,0,0.3677589,0,0,0,0.1231717,0,0.2248032,0,0,0,0,0.946753,0,1.027314,0,0.3341906,2.234948,0,0,0,0,0,0,0,0,0,0.842258,1.907328,0,0.2484224,1.361075,0,0,0,0,0.2391873,0,1.06372,0,0.484164,0,1.678814,0.5211467,0.4403422,0,0.4084114,1.724925,0.5146877,0,0,1.018145,0.3585892,0,0,0,0,0,1.158023,0,0.6727443,0,1.567669,2.450602,0.1600915,0.9773809,0.3426024,0.09742206,0.2870469,0,0,0,0,0.282894,0.1262227,0,0.1615387,0.03539508,0,0.08582931,0,0.283816,0.6869394,0.06827483,0,0.1945069,0,0.04235177,0,0.1372774,0,1.02964,0.6321077,0,0,0.8998449,0,0.1642239,0.4380365,0.3303253,0,0,0,0,1.386782,0,0,0,0.8399466,0,0.4639763,0.8903075,0.3450504,0.764815,0,1.303227,0.6151991,0,0,0,0.539182,0,0.4821392,0.3655983,1.480129,0.1834368,0,0.5586566,0,0,0,0.1153568,0,0.2527752,0,0.8544403,0,0.6486186,0,1.043544,0,0.9432254,1.617577,0.08924502,0,0,0.4340245,0,0.05800918,1.241916,0.5501201,0.6208106,0,0,0,0,0,0.7489549,0,0,0,0,0,0,0,0.05950027,0,0,0.4434663,0,0,0,0,0,0,0,0,0,0.1536275,0,1.493921,1.111547,0.4547908,0.1577248,0,0.5148087,1.119848,0.2214809,0.3970483,1.032185,0,0.7974249,0.3766448,0,0,0,0,1.289874,1.571671,0.3522964,0,0,0,0,0.5660546,0.5897316,0,0,0,0,0,0.6338735,1.382633,0,0.07336687,0,0,0,0.9206646,0,0.4460616,0,0.0623231,0.3180194,0,0,0.4246483,0.1710116,1.043521,0.376599,0,0,0.1527073,0,0,0.05583417,0,0.2999806,0,0,0,0,0.4266607,0,0.1522995,0,0,0,0,0,0,0,0,0.2938795,0,0,0,0.4584004,0,0,0,0.432845,0.03216088,0.8167169,0,0,0,0.7898034,0,0,0,0,1.056347,0,0,0,0.7138336,0,0,0,0,0,0.2420083,0.7453394,0.9490018,0.0512849,0.02601537,0.09934255,0,0.5666036,0,1.435213,1.687848,0,0,0,0,0,0,0.3751405,0,0,0,1.089312,2.162706,0,0,0,1.201714,0.561552,0,0,0,0.5811001,0.9059876,0,0,0,0,0,0.7220467,0,0,0,0,0,2.236527,1.498781,0,0.102877,0,0,0,1.223118,0,0,0,0,0,0.2186151,0,0,0,0,0,0,0,0,0,0.2779162,0.05677325,0,0.5559894,1.342824,0.9221947,0,0,0,0,0,0,0,0.3538813,1.067031,0,1.886608,0,0.03024002,0,0.3277999,0,0,0,0,0,0,0.3280923,0.208488,0.1223245,0,0,0.7879025,0.854643,0,0,0,0,0.08748417,0.7365642,1.943916,0.1247689,0.3777568,1.33365,0.2017193,0,0.05895778,0,0.1732702,0,1.17926,0.2614999,0,0,0,0.3070019,0,0.05441065,1.292529,0,0.7270703,0.512132,0.6002005,0,0,0,0.8528273,0,0,0.5506357,0,0,0.737159,0,0.4677894,0.8934569,0,0.1954984,1.806077,0,0,0,0,0.1932885,0,0.9723786,0.5235656,0,0.3280872,0,0.4713041,0.1185593,0,0,0.4687636,1.229524,0,0.4060783,0.847425,0,0.4817766,0.3321738,0,0,0.8283344,1.552733,0,0.1147835,0.773026,0,0,0,0.9954358,0,0.6691061,0,0.6757087,0,0,0,0.06958696,0,0,0.4233859,0.961492,0.5659404,0,0,0,0,0,0.4018959,0,0,0,0.972717,0,0,0,1.042324,0.7371513,1.026081,0,0,0.4821095,0.4496319,0.5542195,0,0.03933589,0,0,0,0,0,
0.5845922,0.9955244,0,0,0.2338531,0,0.5204147,1.200284,0,0,0.1926167,0.1676434,0.394771,0.1731886,0,0.9158005,0,1.28393,0,0,0,0,0,0,0,0,0,0.1265477,0.4725133,0,0,0.1962916,0.1337446,0,0.2164324,0,0,0,0,0.2406203,0,0,0,0,0,0,0.3806342,0,0,0,0,0,0.06721446,0,0,0,0,0,0.128223,0.3634524,0.5973623,1.31489,0,0,0,0.7793705,0.6712368,0,0.2498686,0,0.2978558,1.388856,0,0,0,0.5180618,0,0,0,0,0.5455499,0.7306072,0.5244691,0.02373064,0,0,0,0,0.03573553,0,0.5820759,0,0,0,0,0.7730827,1.281271,0.6592978,0,0,0,0,0,0.4481016,1.127346,0.2603425,0,0,0.3753854,0,0,0.2395968,0,0.2790062,0,0.3365371,0.3241628,0,0.0221907,0.1245264,0.07006142,0,0,1.168112,0,0,0,0.5300226,0.146517,0,0,2.339703,0.1632656,0,1.553736,0.6380683,0,0.2293029,0,0.5636408,0.149312,1.166167,0.0843639,0,0,0.505268,0.6784609,0.2797536,0,0.03205616,0.5085007,0,0,1.077132,0,0.4104355,1.026318,0.4034418,0.2489087,0,0.823137,0,0,0,0.5779551,0,0.1220331,0.3696547,0.9043815,0,0,0,0,0.4654734,0,0.01279149,0,0,0,0.2560548,0.01268498,0,0,0.2790266,1.106058,0,0,0.1120534,1.250573,0,0,0,1.108268,0,0,0,0.2407633,0.6062748,0.5110713,0.5788208,0.4484067,0.962231,0.4701709,1.74447,0,0.6664866,0.480011,0,0,0,0.6761471,0,0,0,0,0,0,1.013856,0.9500945,0.08132156,0,0,0.009080673,0.9781941,2.370382,0,0,0,0.6769649,0,0,0.46966,0,0.1714043,0.3824769,0,0,0,0,0.3626799,0,0,0.1739317,0,0,0,0.1465586,0,0,0,0.2338378,0.3879245,0.4503392,0.304168,0.2007693,0.9497373,0,0,0,0,1.159646,1.473108,0,0,0,0,0,0,0,0.6476433,0,0,0.8876617,0.3836417,0,0,0,0,0,0,0,0,0,0,0.169809,0,0,0,0.07547501,0,0,0,1.14342,0,0,0.08468164,0,0,0.7236156,0.6240844,1.187866,0,1.402604,0,0,0,0,0.6458631,0,1.018053,1.983461,1.218424,0,0,0,0,1.285464,0.9202579,0,0.1769742,0,0,0.254939,0,0,0.6572626,0.03404213,0,0.2530091,0,0,0.4302046,0,0,0,0,0,0,0,0,0,0,0,0,0,0.1215216,0,0.5351587,0,0.719058,0,0,0.618052,0,0,0,1.880322,0,0.0425065,0,0,0.6035138,0,0.04643815,0.6604268,0,0,1.678894,0,0,0,0.935799,0,0,0,0,0,0,0,0,0,0,0,0.313688,0.9727167,0,0,0,0,0.2503631,0,0,1.046586,0,0,0,0.4437485,0,1.079264,0,0,0,0.929522,0,0,0.3841563,0,0,0,0,0.6406153,0.1567394,1.126657,0,0,0,0.3819869,0.04649152,0.143015,0,0.07383317,0,0.540015,1.197746,0,0,0,0.007657118,0,0,0,0,1.468736,0,0,0,0,0.8832749,1.519067,1.078868,0,0,0.690329,0,0,0,0,0.1774863,0,0.799614,0.8801223,0.07545988,0,0.9079513,0.699268,0,1.335479,0,0.6763777,0.7839604,0.2516846,0.06677341,0.1492009,0.6987817,0,0,0,0,0.799394,0.1693357,0,0.06580322,0,0,0,0,0,0,0.7599615,0.9634348,0.3648893,0,0.7794197,0,0.9539436,0,0.3164112,0,0,0.4592002,0,1.036498,0.3862004,0.01439148,0,0.2220346,0,0.3346899,0,0,0,0.7421179,0,0.8239177,0,0,0,0,1.262727,1.26395,0,0.2962511,0.3326255,0.6506609,0,0.07714215,0,0,0.1771277,0,0.5302978,0.07752282,0,0.8471347,0,0.5942148,0,0,0.3512182,0.170647,0,0,0.08858589,0.997746,0.02604836,0,0,0,0.391733,0,0,0,0,0.5282555,0,0,0.851339,0.4026999,0.4482503,0,0.8194307,0.1130784,0,0.4021546,0,0.02129763,1.274007,1.139973,0.3228323,0,0.2674895,0,0.1434609,0,0,0.4763674,0,0,0,0,
0,0.4402184,0.1232136,1.826729,0,0.3939775,0,0,0,0.8079135,0,0,0,0,0.0336583,1.317922,0.7402201,0,0,0.3364066,0,1.560247,0.6253231,0,0.03387745,0.4517122,0,0,0,0,0,0,2.409498,0,0,0,0,0,0.436343,0.5111811,1.586069,0,0,0.4162649,0,0.3157998,0,0,0,1.26853,0.3049911,0,1.72927,0.5438978,1.025749,0,0.3646816,0.1768638,0,1.691294,0.2031931,0,0,0,0.304408,0.8382664,0,0,0,0.7095395,0,0,0,0,0.1305337,0.3605396,1.090706,0,0,0,0.09430908,0,0,0,0.07630187,0,0,0,0,0,0,1.176131,0,0,0.4652114,1.80232,0.02885513,0,1.465626,0,0.2713402,0.1534332,0,0.2213742,0,0.08228496,0.03475178,0.147802,0.08174563,0,0.09340431,0.2416828,1.124188,0,0,0.2713814,0,0.8967206,1.063648,0,0.08238614,0,0,0,0,0,0,1.447336,0,0,0.7028981,0,0,1.058649,0,0.4586033,1.392337,0,0.7668635,0.6748208,0,0.1800432,0,0.8420171,0.8509464,0,0.5851771,0.3308384,0.5329574,0,0,0,0.761776,0.1986446,0,0.5159584,0.7603981,0,0.791578,0,0,0,1.40011,0,0,0,1.194149,0.1969992,0,0,0,0.4548478,0.429913,0.02113967,1.976443,0,0,0,0,0.08043528,0,0,0,0.9494104,0.004163429,0,0,1.133969,1.194074,0,0,0.1858678,0,0,0,0,1.485359,0,0,0,0,0,0,0,0.8215308,0.3952689,0.3707513,0.5840369,0.4196683,0.7380234,0.7033656,0.6688547,0.06705301,0,1.171536,0.3504896,0.65297,0,0,0,0.5925616,0,0,0,0.4471003,0.7523646,0,0.7737522,0,0.4912365,0,0.6752391,0,0.2735973,0,0.180198,0.1221508,0,0,0,0,0,0.4562033,0.9693838,0,0,1.044371,1.160672,0.8241044,0,1.022134,0.2312905,0,0,0,0.1974768,0,0,1.055071,0,0,1.936431,0.3709915,0,0,0,0,0,0,0,0,0,0,0.6075484,0,0.9454713,0,0,0,0,0,0.6641442,0.7905602,0,0,0,0.06273276,1.16177,0.3987541,0,0,0,0,0,0,1.092872,0,0.6297066,0,0,0,2.081864,0,0,0,0,0,0,0,0.2446404,0.665555,0,0,0,0,0,0,0.6715543,0,0,0,0,0,1.648531,0.2884767,0,0,0,0,0.6315607,0,0,1.077451,0,0,0,0.2160795,0,0,0.8713422,0.36825,0,0,0.5468686,0,0.1576841,0,0,0.5417324,0,0,0.3693185,0,0,0,0,0,0,0,0,0,0.2839916,0,0,1.263615,0,0,0,0,0,0.361539,0.1620487,0,0,0.5798625,0.3045985,0,0,0,0,0.163333,0.485858,0.4767855,0,0,0,0,0,0.7168569,0,0,0,0,0,0,0.467338,0,0.003892579,0,0,0,0,0,0,0,0,0,0,0.3968362,0,0,0,0,0,0,0.08896639,0,0.8366196,0,0,0,1.084102,1.491102,0,0,0,1.913252,0.1511011,0.09943479,1.406806,0,0,1.027892,0,0.9681637,0.7700903,0,0,0.5320693,0.3026773,0,1.273269,0,0,0,0,0,1.411141,1.760632,0.3120281,0.5309147,0,0.2874171,0.7850699,0,0,0.4931244,0,0.2540502,0.6194801,0,0.1021113,0.2436299,2.315943,0.9032243,0.3990098,0,0,0.02320543,0.340043,1.40713,0.1548782,0,0,0,0.06084355,0,0,1.247404,0,0.509194,0,0,0,0.9143038,0,0.2899442,0,0.5906396,0,0.8895816,0.921036,0.5617122,1.007195,0.1635418,0,0,0,1.119377,0.05868428,1.070933,0,1.125715,1.506121,0.444898,0.6339394,0.8130064,0.6959349,0,0.1058039,0,1.454645,0,0.6452525,0,0,0,0.7596108,0,0,0.2368932,0,0.5682327,0,0.2859611,0.2710742,0.6934038,0,0,0,0.5400285,0.6566612,0,0.6155178,0.3450184,0,0.9421529,0,0,0.7677541,0,1.538065,0,1.202256,0,0.7200421,0,0,0,0,0,0.2731522,0,0,0.297206,0,0.7190939,0,0,1.772038,0,0,1.312809,0.2511854,0,0,0.4440144,0.8328429,0,0.5059553,
0,0.2506776,0,0.9995236,0,0,0.6291803,0.09539208,0.8974849,0.3370874,0,0,0,0.3316215,0,0,0,0.0264169,0.7889493,0,0.0671354,0,0.9112419,0.6051804,0.3889264,0.6469525,0.7694534,0,0,0.7202718,0,0.02132997,0,0.1207501,0.08337744,0,0,0,0,0,0,0,0.8689997,0,0,0.217905,0,2.355356,0.9685345,0,1.14795,0.5651633,1.279519,0.4082946,0,0,0,0.5453901,0,0,0.9633071,1.050993,0,0.3109267,0.1794636,0.8615406,0,0.02065417,1.479819,0,0.6936945,0,0.2754565,1.148048,0,0,0,0.5193216,0,0,0,0.08176675,0,0.8799265,0.6094764,0.2447525,1.172712,0.9486242,1.066982,0,0,0,0.2694288,1.404948,0.5092151,0,0,0.268976,0,0.4364157,0.3648276,0.3087637,0.7602212,0,0,0,0,0,0,0.6961173,0,0,0,0,0,0,0,0.387664,0.1380051,0,0.3250326,0.7710954,1.4032,0,0.9867294,0.02138348,0.2098111,0,0.236126,0,0,0,0.3246419,0.4454174,0.3070351,0.1846765,0.0790126,0,0,0.9779167,0,0,1.114701,0,0,0.6172065,0,0.1241721,1.111032,0.297033,0.1820221,0,0,0,0,0,0,0.4652349,0,0.6291359,0,0.8612366,0,0,0.7245737,0,0,0,0.9297166,0,0,1.629448,0.8102401,0.5999246,0,0.6664083,0,0.3489254,0.3195591,0.7431595,0,0.08476945,0,0.6950604,0,0,0,0.1028824,0.6347536,0.2911445,0.3303587,0,1.298318,0,0,0,0,0.3994356,0.2178086,0.7613351,0,0.4222144,0,0,0,0,0,0.4902232,0,0,0,1.090415,0.8984616,0.4364643,0,0,0,0.2904435,0.2154618,0.805598,0,0.2262948,0.6953066,0,0,0.1236158,0,0.373033,0,0,0.783055,0.8861771,0.2575817,0,0.3614843,0.5930222,0,0,0,0,0,0,0,0.2993579,0,0,0,0.6796812,0.6697683,0,0,0.2119383,0,0.7671534,0.8789657,0,0.8186448,0,0,0,1.303579,1.206485,0.7906423,0,0,0.1312522,1.310662,0,0,0,1.345042,0,0,0,0,1.231163,0.09791901,0,0,0.1724729,0,0,0.2321687,1.459821,0,0.5031636,0,0.07781628,0,0.7173969,0.622849,0,0.6222745,0,0,0,0,0,0.04088137,0,0,0,0,0.2392827,0,0,0.9092413,0,0,0,0,0,0,0,0,0,0,0.3428705,0,0,0.936112,0,0.4757912,0,0.4350811,0,1.022419,1.615578,0,0,0,0,0,0,0,0,0,0,0,0,1.181071,0.8661469,0.8990963,0,0.4609273,0.04601946,0.2870916,0,0,0,0.4416384,0,0,0,0.7744122,0,0,0,0.5968693,0,0,0,0,0,0,2.318197,0,0,0,0,0,0,0,0.09724896,0,0,0,0.8131933,0,0,0,0.1992479,0.2017085,0.4683295,0,0,0,0.1457838,0.4140245,0,0,0.715872,0,0,0,0,0,0,0,1.433638,0.2221885,0,0,0,0.4123749,0,0,1.159804,0,0,0,0,0,0,0,0,0,0.5434069,0,0,0,0,0,0.9177939,0.0940889,0,0.6326446,0,0,0,0,0,0.3143601,0.6960184,0.0884459,0,0,0,1.016463,0,0.1488933,0,0,0.4497185,0,0,0.6798733,0,1.490381,0,0.6773894,0.3868335,0,0.1912658,0,0.3981076,0.6209501,0.07184666,0,0,1.164204,0,0.4699922,0,0,0.3985105,0,0,0,0.2891401,0.1982489,0,0.1186044,0,0,0,0.2677626,0,0,0,0,0,0,0.6618963,0,0,0,0,0.8978016,0.1885502,0,0,0.5171716,0.353556,1.443943,0,0.9099157,0,0,0,0,0.2822085,0,0,0,1.011489,0.6101368,0.6688818,2.112231,0.3281937,0,0,0,0.3420952,0.08067802,0.8013411,0,1.139364,0.3812332,0.07780804,0,0.7445128,0.9867839,0.5311155,0,0,0.4369716,0,0.9750609,0.7046086,0,0.05606303,0.681082,0.5876641,0,0.2638778,0,0,0,0,0,0,0,0,0.1863028,0,0.05532464,0,0,0,0,0.9231783,0,0,1.225173,0,0,0,0,0.839277,1.342297,1.043269,0.03023138,2.284121,0.1440286,0.5222452,0.9261684,0,0,0.1541159,
0.01148199,0,0,0.8210022,0,0,0.1373369,1.960869,0.7456023,0.3026907,0,0.9976318,0,0,0,0,0,0.783464,0.07122038,0,0.2674266,0.7098922,0,0.5626225,0,1.597634,0,0,0.3098073,0.4506198,0,0,0.7097601,0,1.870822,1.45987,1.005343,0,0.1807446,0,0,0,0.4932486,0,0,0,0,0.3409896,0.5772269,0.7065041,0,0.9908004,0,0.319297,0,0,0.8296639,0.06310373,2.279451,0,0.4181761,0,0,0,0,0,0,0,1.730786,0.1099399,0.2047488,0.8596626,1.059387,0,0,0.4451788,0.7580379,0.1876236,0,0,0,0.208962,0.09848633,0,0,0,0,0,0,0.1486495,0.1287901,1.332837,0.7722527,0,0,0.3087381,0,0.3459331,0.2937911,1.083559,0,0,0,0,0,0.02925412,0.5797679,0.09204029,0.7156475,0,0,0,0,0.8460453,0.5641274,0,0.864752,0.2656712,0,0,0.3208477,0,1.783984,0.1811031,0,0.2973041,0.5061705,0,0.002301442,0.124622,0.5652547,0,0,0.8241124,0.7391573,0.2143055,0,0,1.256621,0.7706341,0,0,0,0,0.4470419,1.267415,0.3416053,0,0,0.1439734,0.4823546,0.6557389,1.538183,0.6000974,0,1.14844,0.4730417,2.350036,0,0,0,0.1453764,0,0.5710764,0,0,0,1.50817,0,0.4989107,0,0,0,0.5481918,0.2055552,0,0.8913714,0,0,0.2595871,0.6009095,0.09583002,0,0,0,0.2364364,0.5620931,0,0.7576107,0.1710882,0,0.5172464,0.4547696,0,0,0,0.3942458,0,0.7390526,0.431661,0,0,0.4952867,0,0,0.6402318,0.8452704,0.03561913,0.1038905,0.06334756,0.0861508,0.2988441,0,0,0,0.1283754,0.07710134,0,1.461352,0,0.704583,0.277355,0,0,1.478917,0.2853961,0,0.3312649,0,0.4573594,0.1274627,0.4139531,0,0,1.315145,0,0.8322999,0,0,0.9003236,0,0,0.05341421,0,0,0.6574866,0.1568459,0,0.842737,0,0,0,0,0.01225333,0,0,0.2251266,0,0,0.8083398,1.346108,0,0,0,0,0,1.031879,0.4522236,0,0,0.1477295,0,1.022249,0,1.023522,0,0,0,0,0,0,0,0,1.100218,0,0,0,0,0,0,0.9521621,0.7160569,0,1.178724,0,0,0,0,0,0,0.7216176,0,0,0,0,0,0.1558368,0.01636891,0,0,0.0625952,0,0,0,0.5522271,0.2527239,1.656366,0,0,0,0,0,0.1236263,0,0,0.3242927,0,0,0,1.444184,0,0,0,0,0.5075703,0,0.5073936,0.2359481,0,0,0.2379303,0,0,0,0,0,0.493033,0,0,0,0,0,0.2903661,0,1.369173,0.193964,0,1.648684,0,0,0.6317857,0,0,0,0,1.00049,0,0.08509465,0.4169224,0.3941635,1.526814,1.358735,0,0.5867836,0,0.03170739,0.4451607,0,0,0,0,0,0,0,0,0.7928448,0,0.6075203,0,0,0,0.433117,0,2.330079,0,1.762346,0.7043426,0,0.5478889,0,0,0,0.2746795,0,0.3127236,0.7580307,0,0,0,0,0,0,0,0,1.275931,0.7606946,0,0,0.1323447,0.5088266,0.3684786,0,1.173099,0.03692779,0,0,0,0,0.09157935,0,0,0,2.037636,0,0.9132807,0,0.3545898,0.1590142,0.4469723,0.5770286,0,0.9753265,0.174784,0,1.270664,0.1921407,1.218089,0.08876839,0,0,0,0.4028412,0,0.6143799,0.4595751,0.2603953,0.2944303,0.01525418,0.9711528,0.4643885,0.4477473,0.5450882,0,0,1.13502,1.534527,0,0,0,0.2138199,0,0.3896631,0,0.3513632,0,0,0,0.1313237,0.4844997,0.02408501,0,0.05619835,0.4105144,0.345329,0,0,0.1281181,0,0,0,0,0,0.1037695,0,0.05442319,0.2801124,0.2296444,0,0,1.31804,0.4176516,0,0,0.237326,0.7309388,0,0.2421167,0.1962148,0,0.05997406,0.5086156,0,0.08671513,0,0.4962241,0.2246225,0.01951314,0.2431632,1.046633,0.2104179,1.310957,0,0.1026038,0.1304684,0.07321445,0,0.227347,0,0.3824918,0.5040365,1.369526,0,0,0,0,0,0,0.1074877,0,0,0.6513935,0,0,0,0.2720847,0,0,0,0.03005877,0.7452105,0.369545,0.1695937,0,0,0,0.1297236,0.1244932,1.013681,0.7317823,0.2511569,0,0.5160125,0,0,0.08160412,0.02058442,0,0,0.5106633,0,
0,0,0.3970921,0,0.7149186,0,0,0,0,0,0,0,0,0.4282,0,0,0,0.5968378,0,0,0.5559503,0,0,0.991689,0.7397053,0.121096,0,0.3052708,0,0,0,0.1651845,0,0.4081147,2.110087,0,0.9194245,0.3518574,0,0.4405236,0.3295802,0,0,0,0,0,0.9895086,0.1102133,0.9460219,0.3185901,0,0.6108394,0,0,2.315206,1.423729,0.4979505,0,0,0.2379939,0,0,1.09669,0,0,0,0.4799137,0,0.8453286,0.705103,0,0.02587049,0,1.702543,0.6036634,0,0.5429341,0,0,0.7403297,0,0,0.2835056,0,0,0.3345985,0,0.370307,0,0,0,0,0.2678948,0.3066381,0,0,0,0.08833769,1.145245,0,1.209769,0,0,0,0,0,0,0,0,0,0,2.042985,0.0909615,0,0,0,1.089593,0.5094963,0,0.7827335,0,0.4321999,0,0.420419,0,0.6756214,0.4034909,0.3129873,0,0,0,0,0,1.025433,0.476614,0,0,0.544375,0.2575034,0.1644481,1.151522,0.1882552,0,0,0.012175,0.1972052,0.7734692,0.1261745,1.68305,0,0,0.3461569,0.2644923,1.132427,0.006566176,0.6453791,0.1846869,0,0.2633102,0,0.2054944,0.1423923,0,1.491598,1.000488,0.1767647,0,0.7506688,0,0,0.5410019,0,0,0.599658,1.394773,0,0.07031582,0,0,0,0,0,0.8420851,0,0.1203575,0,0.002980404,0,1.086211,0.0188695,1.257841,0,0,0.5903916,0,0,0,0.2703249,0,0.157057,1.01332,0.7903126,0.566783,1.329803,0,0.7747219,0,0,0,0,0.6110469,0.234067,0.2763372,0.02535833,0.3238171,0,0.5047199,0,0,1.315838,0.02422965,0.3103389,1.841712,0.5134903,0,0,0,0,0.6181158,0,0,0,0,0.3071489,0,0.02722266,0,1.195938,0.03595098,0.271573,1.026203,0.5434059,0.9186609,1.806305,0.4810729,0,0,0.1600648,0,0,1.030269,0.9184023,0.9324396,0,0,1.770432,0,0.4906588,0.7175443,0.5766852,0.3971384,0,0.7516544,0.1545442,0,0.8400831,0,0.5358557,0,0.08069794,1.239775,0,0,0.6641611,0,0,0,0,0,0,0,0.07196425,0.2946623,0.5480053,0.1768449,0,0,0,0,0,0,0,0,0,0,0,0,0,0,0,0,0.6535401,0,0,0.6958945,0,0,0.3786216,0,0.5881511,0.6873077,0,1.609064,0,0,0.3646848,0,0,0.3300485,2.298335,0,1.193329,0.271715,0,0,0.3278051,1.130722,0,0.4594708,0.04024505,0.4425554,0,0,0,0,0,0,0.8488159,0,0,0.3830395,0,0.2360878,0.7266685,0,0,0,0,0,0,0.08661688,1.466497,0.3920666,0,0,0.5709774,0.605203,0,0,0,0,1.15063,1.032856,0,0,0,0.9442145,0,1.233283,0,0,0.4339149,0,0.133522,0,0.3660636,0,0,0.184777,0,0,0,0,0,0,1.3018,0,0,0,0.5139145,0,0,0.4125607,0,0,0,0,1.220422,0,0.7167149,0,0,0,0.5871731,0,0,0.06141151,0,0.7943177,0,0.01847787,0,0,0,0,0,0,0,0,0,0,0.2977076,0,0.5716827,0.2471209,0,0,0.2355808,0,0,0,0,0.1406524,0,0.5989006,0,0.7850182,0,0,0,0.08332552,0,0,0,0,0,0.5122209,0.4810708,1.109808,0.5345696,0.06179661,0,0,1.46955,0,0.6015458,0.8532754,0,0,0,1.38439,0.4631427,0,0,0.02941782,0.1402216,0,0.7314174,0.3375902,0,0,0.2577296,0,0,0,0,0.002208579,0,0,0.8344868,0.7366546,0,0.532056,0,0,0.3629411,1.848391,0.3836407,0,1.614792,0,0,0.04060043,0.317301,0,0,0.598131,0.1618091,0,0.2252843,0,0.03805071,0.1479535,0.2164637,0,0,0,0.1220222,0.2699538,0.07480719,1.671589,1.64887,0,0.02406569,0,0,0.102588,0,0,0.5399727,0,0.3814582,0,0.9250719,0.1553576,0.04278324,0.05021621,0.1270591,0,0,0,0,0.4221553,0,0.1923113,0.9166662,0.4002226,0,0,0,0.09322841,0.3974525,0.7745177,0.5260919,0.771089,0.4875079,1.11181,0.5088462,0.5266358,0.5105678,1.467596,0,0,1.169867,0,0.6508111,0.7047061,0.4438725,0,0.2325885,1.499728,0,0.5433215,0.6304812,0,0,0,0,0,0.8264898,
0,0,0,0.09529342,0.5238782,0.3858584,0.2631482,0,0,0,0,0.5837675,0.5367126,0,0,0.1787955,0,1.62984,0.8783652,0.5226779,0,0.336997,1.378007,0.3135329,0,0,0,0,0.8807843,0.451929,0,0,0,1.267901,1.040854,0,0,0,0,0,0,0,0.0199162,0.8759763,1.235797,0.3058912,0,0,1.37152,0.1704048,0,1.384648,1.040658,0,0.7703384,0,0.8462454,0.4116882,0,0.534032,0,0.8307649,0,0,1.158692,1.344029,1.120453,0.002157516,0,0,0,0.5510811,0,0,0,0,0.3307004,0.06367259,1.521033,0,0,0.5710894,0,1.71909,0,0,0,0,0,0,0,0,0,0.7251471,0,0,0,0,2.54311,0.1893807,0,0,0,0,0.5327479,0,0,0.02179356,0.3245127,0,0,0.004781866,0,0,0,0,0,0.4432211,0.411415,0.1471161,0,0.5298506,0,0,0,0,1.056248,0,0,0.2598046,0.1219413,1.200588,0.1702261,0,0,0,0,0.06475721,0.7248967,0.5633289,0,0,0,0,0,0,0.5882515,0,0,0.09113783,0.05045599,0,0,0,0.6545183,0,0.1561531,0.5660233,0,0.07802749,0,0,0.3623025,0,0.06573126,0,0.8278901,0.2541798,0.7087857,0.3265614,0,0.2787572,0,0,0,0,0,0,0,0,0,0,0,0,0,1.045636,1.025209,0.2183946,0.3564733,0.1933136,1.16389,0,0.09532651,0.5729911,0.4615526,0,0.002248539,0.06358996,0.1948193,0,0.02767409,0.6134696,0,0,0,0.6409724,0.2800172,0.2184749,0.3653285,0,0,0,0.800524,0.09718376,0,0.8645977,0.9532495,0.5300196,0,0,0.4761997,0,0.1031758,0,0,0,0,0,0.1518718,0.5122885,0,0.7709112,0,0,0,0,0.04116001,0.7444928,0,0,0,0,0,0.9633104,0,0,0,1.092874,0.08647254,0.4044112,0.3677945,0,0,0.4183132,0,0.8027216,0,0,0,0,0,0.1522193,0,0,0,0.4152178,0,0,0,0.007384824,0,0,0.8354452,1.542967,0.1930225,0,1.056463,0,0,1.628077,1.334997,0.8140447,0,0.3489445,0,0,0.8611349,0,0.5226729,0,0,0,0,0,0,0.768497,0.1510477,0,0,0,0,0,0,0,0,0,0,0,0,0,0,2.286296,0.5080936,0,0,0,0,0,0,0,0,0.08359758,0,0,0,0,0,0,0.4236254,0,0.06995356,0,0,0,0,0.688769,0,0.2073078,0,0,0,0,1.325791,0,0,0.6908751,0,0,0,0,1.118091,0.4142489,0.4943391,0,0,0,0.9020143,0,0.1809517,0.09139872,1.068383,2.206744,0,0,1.567929,0,0,0,0,0,0,0,0.1161662,0,0,0.4594919,0,0,0.1030299,0,0,0,0,0,0.220593,0.3511862,0,0.4266503,0,1.171058,0.5298492,0.9839722,0,0,0,1.683674,0,0,0,0,0.8687505,0,0.07120831,0,0,0,0,0,0,0,0,0,0,0,0,0.3861175,0,0,0,0.675125,0.2268909,0,0.7082713,0,1.230119,0,0,0,0,0,0.1314504,0,0,0,0,0,2.701141,0,0,0.3420804,0.7449923,0,0.7434507,0.5280609,0,0.6310566,0,1.291093,0.04017303,0,0,1.006602,1.086642,0,2.439331,0.3262927,0,0.8512692,0,0,0,0,0,0,0,0.719952,0.3212503,0,0,0.4577712,0,0.1116333,0.03559182,0.07460481,0.2266332,0,0,0.3041811,0.9317438,0,0,0.06794691,0.1559037,1.637968,0.2154354,0,0,0.8824391,0,0.7883801,0,0,0,0.5002878,0.7054777,0.05968077,0,0,0.09356613,0.1951944,0.2075271,0.4398926,0,0,0,0,0.6610501,0.4009064,0.8431755,0,0.239459,0,0.2350889,0,0,1.184278,1.359485,0.5006701,1.583774,0.4978041,0,0,0.1095087,0,0,1.285595,0.04127311,0.07191744,1.02522,0.5274611,0,0.1653667,1.048062,0,0.1294303,0.55992,0.6390935,0.5137798,0,0,0,0,1.113533,0,0,0.9484783,0,0.5302724,0,0.3333626,0.1143978,0.5832667,0,0,0.4870155,0.03199506,0,0,0,0,0,0,0.9393407,0.7747792,0,0.5438124,1.055281,0,0,0,
0,0,0.1501738,0,0.008290964,0.3572445,0.3011602,0,0.9487814,1.392196,0.9420947,0,0.5992429,0,0.3769593,0.03318791,0.863564,0,0,0,0,0,1.303681,0.07882314,0.9021323,0,0.3194097,0,0,0.08400863,1.135175,0,0.2182391,0.847003,0,0.003389328,0,0,0,0,0.9464544,0,0,0.4192777,0,0,0,0,0,0,0,0.1610382,1.485306,1.185983,0,1.534316,0.702767,0,0,0.8863773,0,0.4994445,0,0,0,0,0.02102488,0,0,0,0,0,0,0.7023695,0,0,0.7734724,0,1.005899,0,0,0.6852264,1.634253,1.202307,0.9171673,0,0,0.8094834,0,0,0.08236515,0,0,0.7243167,0,0,0,0.9143412,0,0,0,0.515599,0,0,0,0.2418798,1.54335,0,0.3543434,0.002850348,0.1977372,0.1716803,1.410672,1.517962,0.1625969,0.9727258,0.4255707,1.170196,1.086892,0,0.2011432,0.6100687,0,0.1973668,0.4283183,0,0,0.5730883,0.9965631,0.195157,0,0.3233561,0,0,0,0,0,0,0,0,0.3426345,0,0,0,0.2495308,0,0.4130763,0.5681362,0.2460973,2.220836,0,0.5585625,0,0.1153986,1.616532,0,0,0.3633809,0.9351463,0,0,0,0.4486377,1.078567,0,0,1.382824,0,1.35651,0,0,0,0,0.2879926,0.428187,0,0,0.107132,0.8701879,0,0.1973314,0.8788577,0,0,0.08835249,0.003712817,0,0.7008058,0.6316628,0.02972533,0.5867173,0,0.3172202,0,1.102308,0,0,0.532302,0,0,0,0.4137511,0.3609905,1.241117,0.05502712,1.287833,0,0.131564,0.4342738,0.1620602,0.2754993,0,0.6740053,0.879023,1.099062,0,0.2307522,0,0,0,0.3580549,0.07229954,0.7246934,0,0,0.2865831,0.8860904,0,0,2.051131,0,1.550499,0.2070827,0,0,0,0.4645815,0,0,0,0.3654138,0,0.2138001,0,0.685945,0,0.4801687,0,0.8734273,0.7593472,0.9010252,0,0,0.4936951,1.440726,0.1402991,0,0,0.04231972,0,0,0,0,0,0,0,0.6477857,0,0,0,0,0.5445979,0,0,0,0,0.4593691,0,2.480695,0,0,0,0,0.3662636,0,0,0,0,0,0,0.05676847,0,0,0.702652,0.03338328,0.510166,0,0,0.002121056,0,0,0,0,0,1.156527,0,0.4254049,0,0,0.03384158,0,0,0,0,0,0,0,0,0.7042021,0,0,0.8701109,0,0.3564008,0,0.1655758,0.3070427,0,0,0.4058238,1.234797,0.4461231,0.335896,0,1.103186,0,0,1.058729,0,0.8195413,0,0,0,0,0,2.214563,0.5570796,0,0,0,0,0,0,0,0,0,0.2261906,0,0.5669835,0,0.189671,0,0.352069,0,0,0,0,0,0,0.129866,0.06595561,0,1.828568,0,0,0,0,0.3376954,0,0.09489962,0,0,0,0,0,0,0,0,0,0.2166146,0,0,0,0,0,0,0.7242823,0.6789051,0,0,0.2945608,0,0,0,1.145738,0,0.7938868,0,0.3512184,0,1.054527,0,0,0,0.3013069,0,1.123035,1.171468,0,0,0.5071684,0,1.017525,0,0.2861317,0.1473541,0.003553798,0.1950742,0.108885,0,0.4371637,0,0,1.235152,0,0.02931953,0,0,0,0,0.4602293,0.6155304,0.5663511,0,0,0.7544963,0,0.2318545,0.315053,0.6701375,0,0.1050686,0,0.5308709,0.3201575,0.8429685,0.7873911,0,0,0.8870426,0.056313,0,0,0.2648778,1.297613,0,0.4699235,0.2278845,0.2370291,0.1168291,0,1.020916,0,0,0.4464956,0.6004515,0.9199885,0.4699198,0,0,0.00679283,0.3871069,0.6291208,0.02283824,0,0,0.4278258,0.4764109,0,0,0,0.5219092,0.2198902,0,0.1717392,0.2220701,0,0.1569567,0,0,0,0.2202469,0,0,0.6287295,0.9549923,0.5497733,0,0,0.6392589,1.938658,0,0.6447376,0,0.2185416,0,0.3898361,0.2956667,0,0,0.3576708,0.10811,0,0,0.05336362,0.3097434,0,0,0,0,0,0.667605,0.6152054,0.3898727,0,0.1880131,0.4303757,1.354629,1.030496,1.658774,0.2052438,0.3056801,0,0,0.1253137,0,0.5363189,0,1.301098,1.016248,0,0,0,0,0.3460937,0.2635398,1.544987,0,0,0,0,0.7942575,0.01730703,0,0.3216758,1.560714,0,0.1696781,0,0.1132206,
0.490508,0,0.1283696,0.588014,0.4683852,0.2595724,0.07241769,0,0,0,0,0,0,0,1.271812,0,0,0,0.295454,0.5151618,0.9518672,0.2489025,0,0,0.828791,0,0,0,1.248887,0,1.047391,0.9369514,0.0159403,1.032375,0,0,0.4904997,1.510047,0,0,0.4135197,0,1.161332,0,0,0,0,0,0,0,1.029198,0.6592695,0.1562877,0.04841902,0,0.9240614,0,0,0.04844495,0,0.6558273,0,0,2.993018,0,0.1910121,0,0,0,0,1.515178,0,0,1.19929,0,0,0.01121439,0,0,0.3186798,0,0,0.8031647,0.5454769,0.8661571,0.1180551,0,0.1809489,0.4796406,0.06495057,0,0.7709835,0,0.6278303,2.189382,0,2.222278,0.7290938,0,0,0,0.2915649,0,0,0,0.1927032,0,0,0,1.258949,0,0,0,0.6459838,0,0,0,0,0.3166356,0,0.02436166,0,0.7658728,0.3293752,1.334199,0.4687242,0.284707,0,0,0.9209426,0,0.02005346,0.790644,0,0.5159647,0,0,0.2237009,0.2802423,0,0,0,0,0,0.6310321,0,0.6160023,0.06963226,0.3059508,0.2378123,0,0,0,0,0.9555985,1.279166,0,0.1797748,0.4845452,1.079062,0,0,1.002085,0,0.250244,0,0,0.3276407,1.581358,0.2885334,0,0.206735,0,1.581979,0.6059611,0.3143435,0,0.8377013,0.282328,0.4797912,0,0,0.2861684,0,0.5131068,0.5779102,0,0,0,0,0.007227411,0.4622557,0,0.7563429,0,0.4228089,0,0,0,0,0,1.739403,0,0,0.03506932,0.1358809,0,0.2567665,0.2230275,0,1.343756,0.4445819,0,0,0,0.3735416,0.3743743,0,0.1458737,0,0,0,0,0.002370569,0,0,0,0,0,0.5453866,0,0.5554299,0,0,0,0,1.110097,0.4706337,0,0,0,0,1.116946,0,0.5590968,1.235921,0.514334,0.2429841,0,0.1540431,1.192988,0,0,0,0,0,0,0.9904155,0,0,1.227639,0.1435795,0,0,0,0,0,0.4942312,0,0,0,0.1543994,0,0.1031092,0.1748384,1.986452,0.2607899,1.349308,0.5652066,1.598283,0.002291554,0,0,0.4420529,0.6446391,0,0,0,0,0.02670523,0,0,0,0,0.3206837,0.8072088,0,0,0,0,0.6475766,0,0,0,0,0,0,0.7161421,0,1.365688,0,0,0,0,0,0.3098969,0,0,0.9043769,0,0,0,0.2817416,0,1.507887,0,0,0,0,0,0.5493339,0,0,0,0,0,0,0,0,0,0,0,0,0,0,0,0,1.066808,0.4814277,0,0,0.2113557,0,0,1.143764,0.2176299,0,0,0,0.5235879,0.6426945,0.4378654,0,1.011031,0,0,0,0.3446845,0.1744392,0,0.3528335,0,0.1865182,0.6457613,0,0,0.2717472,0,0,0.3767999,0,0,0.2203104,0,0,0,0,0,0,0,0.1949002,0.081994,0,0,0.07729286,0,0.3649798,0,0.4267739,0.5468185,1.300365,0,0,0,0,0,0,0,0,0.6367468,0,1.28479,0.05356784,0,0,0,0.08003414,1.145296,0,0,0,0.1666387,0,0.7321323,0,0.6690452,0.1728933,0,0,0.1687564,0,0,0,0,0,0,1.459061,0.9868128,1.172863,0.6151385,0,0,1.488936,0,0,1.462226,0,0.1760053,1.164201,0.01076949,0,0.5474291,1.436433,1.184353,0.265038,0,0.4885163,1.051832,0,0,0.1010318,0.8827206,0,0,0,0.1012324,0,0.08402688,0,0.188351,0.03398096,0,1.657163,0,0,0.2416236,0.4434378,0.6247349,0,1.145244,0,0,0.6548524,0,0.4996947,0.52709,0.9018956,0.1786784,2.392517,0,0.8209826,0,0.4928529,1.092664,0,0.7813208,0.3654941,0,1.093339,0.7910432,0,0,0.06424829,0,0,0.04234115,0,0,0.7538646,0,0,0.2312161,0,0,1.047479,0,0,0.05215631,0.9348423,0,0,0,0,0,1.386605,0.6731617,0,0,0,0.09586942,1.090957,0,0.02862171,0,0,0.4666094,0.6350317,0.9989507,0.4583457,0,0.3189331,0,0.2582741,0.2443016,0,0.1089962,0.5487805,0,0.01320286,0,0.4312302,0,0,0,1.142761,0,0,0,0,0,0.08790794,0,0,0,0,1.105447,0,0.7773082,0,0.3184735,
1.067526,0.7739696,0,0,0.01272136,0.6349287,0.6597552,0,0.1644986,0.1887767,0.2311963,0.6434417,0,0.7864569,0.3420137,0,0.8004586,0,0.7340398,0.2589981,0.9210881,0.28463,0.4009042,0.9772536,0.5231,1.10144,0,0,0,0.3226099,0,0,0.1957253,0,0.9913788,0,0,0.1027286,0.1808901,0.6019772,0.4744073,0,0,0,0,0,1.424364,0,0,0,1.448487,0.8551654,0,0.4091901,0,0,0,0,0.9826998,0.8369892,0,0,0,0,0,0.3286903,0,1.684512,0.03243075,0.2172602,0,0,0,0.7790241,0.3067092,0.2702411,0.2770241,0.4557499,0.8839055,0.6780122,0,0,0,1.148265,0,0,0,0.3411169,0.9690149,0.7242928,0,0.492634,0,0,0.5453925,0,0.558555,0,0.03011529,0.1536222,0.2746071,0,1.230256,0.38988,0,0.08542138,0.2929138,0,0,0,0,1.195399,0,0.1115739,0,0.1609198,0,0,0,1.06743,0.2060822,0,0,0,0.09781981,0.4170452,0,0,0,0,0.4573634,0,0.3655844,0,0,0,0,0.8338463,0.3627827,0.7094329,1.739928,0,0.0512562,0.9442639,0,0.3930053,0,0,0,0.08761302,0,0,0.7017496,0,0.4827797,0,0.5718794,0,0,0.1117644,0,0,0,0.7533436,0,0,0.9007572,1.67135,0.07442035,0,0.7507282,0.7968704,0,0.5883904,0,0,0.2793744,1.020245,0,0,0.135231,0,1.010953,0,0.1411178,0.1949701,1.296589,0,0.1918732,1.622866,0,0,0.5017266,1.441395,0.3969415,0.1414259,0.2587903,0,1.513106,0.0176935,0,0,0,0.7111545,0.2279636,0.3431854,0,0,0,0,0.1424103,0,0,0,0.1324193,0.220844,0,0,0.7521237,0,0,0.1013363,0.2598455,1.390414,0,0,0,0.5958641,0.009071015,0.1116998,0,0,0.6775051,0,0.8933756,0,0,0,0,0,0,1.377245,0,0.708824,0,0.5328483,0,0.3866177,0,0.2246147,0,0.1413301,0,0,0,0,0,0,0,0,0,0.597631,0,0,0,0,0,0,0,0,0.02283004,0,1.382396,0,0,0,0.07462341,0,0,0.3709856,0,0.2928807,1.437866,1.803775,0.3549046,0,0,0,1.305648,0.5261836,0,0,0.6769254,0,0.8387392,0.6379877,0.6292282,0,0.001978102,0,0.1157962,0,0,0.5824895,0,0.5861874,0,0,0,0.4031276,0,0,1.073806,0.02060059,0,1.066819,0,0,0,0,0,0.2826808,0,0,0,0.5128378,0,0,0,0,0,0,0.2409762,0,0.8847293,0,0,0,0,0,0.7244373,0,0.1901589,0.6223715,0.3123974,0.2362898,0,0,0,0,0,0.542794,0,0,1.223727,0,0,0,0,0,0,0,0,0,0,0.3479055,0,0,0,0,0.2239931,0,0,0,0,0,0.3373707,0,0.2851856,0,0.2844857,0,0.531993,0,0,0,0,0.323075,0,0,0,0.4816124,0.8088362,0,0,0,0,0,0,0.8447591,0.7160901,0,0.4759495,0,0,0,0.1520742,0,0.722587,0,0.1239807,0,0,0.06512681,0,0,0,0,0.538564,0,0,0,0.03398133,0.6269323,0,0,0,0,1.378199,0.7639363,0,0,0,0,0,0,0,0.9229258,0.01442049,0,0,0,0,1.164137,1.76451,0,0.003592483,0,0.003520497,0.07665719,0.08100847,1.250397,0,0.9732445,0.7982097,0,0.2247816,0,0,0.06801191,0,0.1256189,0,0,0,1.671818,1.409282,0.4735401,0.2316675,0,0,1.118812,0,0,0.9629465,0.9635257,0.2844977,0.7276019,0,0,0,0,0.5589716,0,0.6343074,0.7537389,0.5222378,0,0,0,0,0.5838283,0.1922991,0.05397712,0.3808878,0,0,0,0,0,0.002448467,0,0.08270398,0.324957,0,2.031266,0,0.2518465,0.3817072,0,0,0,0.5823102,0.1702158,0,0,1.05452,0.1745593,0,0.8140686,0.905302,0,0,0.2468465,0.1033184,0.1147607,0.04664821,1.347693,0.9016193,1.022695,0,1.230415,1.777753,0.1616855,0,1.19229,0,0,1.005447,0.9788479,0,0.77242,0.07644772,1.00645,0,0,0,0.2663336,0.2626089,0.2560535,0,0.7882099,0,0.4832298,0.8641449,0.5056359,1.778186,0,0,0,0.3520542,0.1730415,0.6460721,0,0,0.3654502,0.1380852,0,1.129439,0,
0,0,0.3650251,0.2663198,0,0.901686,0.2483012,0.01345242,0.3388487,0.4579479,0.400934,1.078987,0,0,0.4043114,0,0.2414542,0.04598004,0,0.2013805,0.9501041,0.4720455,1.13278,0.07546788,0,1.486663,0,0.2554466,0,0,1.226475,0.2158812,0.0846608,0,1.029947,0,0,0,0,0,0.2039561,0,1.31356,0,0,0.3513192,0,1.891187,0.06486956,0.1256779,0.01201565,0.1709092,0,0,0,0.2904285,1.176165,0.476472,0,0.3104293,0,0,0,0,1.048439,0,0.2647399,0.2703693,0,0.2924312,0.3510261,0.07901912,0,0,0,0,0,1.541088,1.558349,0,0,0,0,0.7338174,0.1867575,0.7602901,0.1729687,0,0,0,0.3713325,0,0,0,0,0,0.09968144,0.03631528,1.424153,0,1.527488,0.3722615,0.983176,0,0,0,0.6028499,0.3502723,0,0,0,0,0,0.9564805,1.941733,0,0,0,0,0.8349594,0,0,0.2141227,1.862534,0,0,0.1653838,0.4230558,1.515095,0.08389883,0.02272013,0.4612888,0.6195256,0.7897793,0.1772772,0,0,0.1410664,0.5293319,0.9171093,0.2124622,0.648783,1.342658,0.276622,0,0.08138409,0.1175914,0,0.128172,0.2590225,0.5445739,0.3705371,0,0,0.3727897,0.7326552,1.079039,0.8666936,0.1095453,0.9312721,0,0.2074517,0.01914638,1.261922,2.068743,0,0,0,0.3434696,0.1087004,0.1762594,0,0.6089187,0,0.3359916,0,0.3738897,0,0.8963736,0.5862138,0,0,0,0.003745321,0,0,1.306905,0.5814235,0,0,0.7063389,0.972303,0.9038968,0.01204096,0.2778001,0,0.3182001,0.9800847,0,0,0.3479884,0.2601212,0,0,0,0.08470533,0.4971391,0.216599,0.6186236,0.01051925,0,0,0.01859496,0.1690857,0,0,0,0,0,0.02256536,0.4317564,0.491536,0,0.2928924,0,0.4863617,0,0.1444322,2.18093,0.6267022,0.3683074,0,0,0,1.181008,0.7882259,0,0,0,0.05892359,0,1.283145,0.006881923,0,2.856324,0.197464,1.002673,0,0.608197,0,0.5147304,0,1.032703,1.179939,0.9098422,0,0,0.06730869,0,0,0,0.04377044,0,0,0,0,0,0.7596043,0.7171008,0,0.4399565,0.01518869,0,0.1348034,0,0,0.4580326,0,0,0.5624849,0,0,0,0.6199687,1.044355,0,0.5237635,0,0,0,0.1035993,0,0,0,0.3340501,0.3594863,0,0.6872554,0.3492354,0,0.04881126,0,0,0.436684,0,0,0,0,0,0,0.220478,0.3054822,0,0.6784518,0.3821825,0.4213807,0.5572053,0,0,1.001866,0.725628,0,0.08392205,0,0,0,0,0.3354696,1.514751,0,0,0,0,0,0,0,0.2733529,0.1383768,0,0,0.100989,0,0,0,0.071088,0,0,0,0,0,0,0,0,0,1.231021,1.968386,0.01732465,0,0,0,0.275164,0,0,0,0,0.03587787,0,0,0,0,1.211771,0.8287918,0.5655649,0,0.7547978,0,0,0,0,1.158938,0.7203635,0,0.7031122,0.05829411,0,0,0,0.303945,0,0,0.4691148,0.8283491,1.135031,1.375384,0,0,0,0,0,0,0,0.3974358,0.01379029,0.004510405,0,0,0,0,0,0,1.432428,0,0.4489636,0,0,1.065279,0.0532253,0,0.06088501,1.219334,0.4500785,0,0.02431512,0,0.1158464,0.08539827,0,0,0,0,0,0,0,0.4941157,0,0,0.5430247,0,0.7172247,1.070182,0,0,0,1.290556,0.2342208,0,0.3764542,0,0.1572099,0,0,0,0.3438566,0,0.110789,0.2614577,0.08575705,1.093508,0.6984623,0.4047407,0.1693449,0,0.005329551,0,0.3564876,0,0.311388,0.5925543,0,0,0,1.999397,0,0,0,0,0.2709835,0.7734384,0,1.862261,0,0.4756452,0,0.505766,0,0.8766673,0,0.7732933,0.8403434,1.516778,0,0.2188408,0.8758994,1.250631,0.7021697,0,0,0.4695036,0.9419549,0,0,0,0.3603098,0,0,0,0.2005688,0,0,0.2909525,0,0.1375107,0.1662307,0,0.06511675,0.04733324,0.903922,0.6729864,0,0.1505061,0.4097451,0,0,0.4809933,0,1.386215,0,0,0.348624,0.8812659,0.5543449,0.01087231,0.3452388,0.2948533,0,0,0.08259517,2.821647,0.6549723,0,0,0.3729893,0,0,0,0.06549229,0,0,0.7414839,0.3074877,0,0,0,0,0,0.6260822,0,0,0.445924,0,0,0,1.326702,0.6754915,1.308485,0.4642735,0,0.4282735,0,0.3000758,
0,0.6914456,0,0,1.762925,0,0.8368217,0.691265,0,0,0,0,0.609677,0,0.9615792,0,0.5942053,0,0.9610969,0.978936,0.4107856,0,0.5002229,0.3185919,0,0.1821718,0.1958286,0,0,0,0,0,0,0,0,0.454514,0,0,0.5308425,0,0,0,0,0,0.2621076,0,0,0.6167796,0,1.034931,0.7296897,0,0,1.846348,1.755707,0,0,0,0,0,0,0,0,0,0,0,0,1.835738,0,0,0,0.3233758,0.2844679,0.4117776,0,0.5045751,0.1401096,0.4789381,1.837792,0,0,0,0,0.1379692,0.9331911,1.642352,0,1.039251,0,0,0.5502878,1.412472,0.3893546,0,0,0,0,0.5366657,0,0,0.09035312,0.8567839,0,0.479111,0.7308945,0,0,0,0,0.8049324,0.4366586,0,0,0,0,0,0,0,0.4512081,0,0,0,0.3837764,0,1.162524,1.047876,0,0,0.8039077,0,1.469179,0,0.5709226,0,0.5001237,0.4116336,1.058414,0.9284829,1.555156,0,0,0,0,0.3146928,0,0,0.6848954,0.644182,0,0,0,0.2503748,0,0.7187124,0.9162405,0,0,0,0,0,0,0,0,0,0.0496269,0.1632501,0.07367668,0.5105131,0,0,0,0,0,1.204185,0,0,0,1.992966,0,0.67749,0,0,0.3885108,0,0.5354279,0.2732119,0,0,0,0,1.146266,0,0,0,0,0,0,0,0,0,0.9245568,1.70303,0.9494455,0.5796076,0,0,0.5195416,0.3217958,1.166906,0,0.1648198,0.3217646,0.453502,0,0,0,0,0,0,0.002484429,0,0,0.4073012,0.9208722,0,0.2516374,0,2.633164,0,0,0,1.117301,1.827092,0.01615408,0,0.371049,0.1192662,0.3734389,0,0.03972923,0,0.1555701,0,0,0,0,0.09273489,0,0.3466972,0,0,0,0.9839096,0,0,0,0.9775269,1.249989,0.1132973,0,0.2128146,1.18237,1.037624,0.8007116,0,0,0,1.116395,0,1.077958,0.4870062,0,2.860914,0,0.06919206,0.07727183,0,0.6381102,1.287675,0,0,0,1.538495,0,0,0,0.1551496,0,0.5469163,0,0.6853858,0,0,0,0,0.8684534,0,0,0.4812121,0,1.003768,0,0.4502295,0.8906335,0.7116695,0,0,1.844842,0.100548,1.245642,0.2456089,1.022003,0,0,0,0,0,0,0,0,0,0.8005459,0,0,0,0,0,0.1553139,0,0,0,0.4900318,0.01649216,0,0,0,0,0.3170603,0,0,0.6287333,0,0,0,0,0,0,0,0.860292,0,0.4066624,0.4757458,0,0.007373175,0,0.2064923,0,0,0,1.434808,0,0.2538749,0,0,0,0,0,0,0.5999624,0.3787355,0,0,0,0.2341709,0,0,0,0.1801891,0.1808545,0,0,0,0.4620844,0,0,0,0,0,0,0.9174175,0,0,0,0.07833628,0.7566308,0,0,0.3676389,0,0,0,0,0,0,0.9577362,0,0,0,1.032107,0,1.77721,0,0.3558906,0,0,0,0,0,0,0,0,1.886061,0.6438783,0,0,0,1.085805,0.241013,0,0,0,1.14013,0,0,0,0,0,0.3180363,0,0,0,0,0,2.026511,0.308877,0.7251955,0,1.422199,1.017082,1.963698,0.7383255,0,1.200328,0.01929199,0.4185968,0,1.111811,0,0.6401291,0,0,0,0.6590114,0.3294452,0.4072634,0.2364291,1.731222,0.5297201,0,0,0,0.7617157,0.5364274,0.3030249,0.4024568,0,0,0,0.1627124,0,0,0,0,0.04483368,0.5821562,0.5832956,0.04043245,0.5567408,0.4070951,0.3389247,0,0.1534825,0,0.4308412,0,0.09417111,0.2387703,0.5044676,0,0,0.3750159,0.5594488,0.1065011,0,0,0,0,1.494672,0.3270822,0.06783736,0,0,0.5776584,0,0,0.5515072,0.6705623,1.451695,0,0,0.744424,1.05582,0,1.012008,0,0.4216115,0,1.39695,0,0,0.7938361,1.909516,0.714882,0,0,0,0,0,0,0,0,0,0,1.179603,1.235632,0,0,0.43762,0.7187514,0,0.3496992,0,0,0,0,0.1123999,0,0.6243037,0,0.3971787,0,0.3476357,0,0.1741755,0.1693819,0.7821009,0.710754,0,0.1406599,0.4406294,
0,0,0,0,0,0,0,0,0.2535512,1.834797,0.6346257,0,0,0,0,0.06242713,0.2695329,0.4161152,0,0.0213987,0,0,0,0.7077357,0.6442146,0,0.2661345,0,0.2213501,0,0,0,0,1.138096,0.1524583,0,0,0,0,0,0,0.4081525,1.028867,1.008992,0,0.1341121,0,0,0.434462,0,0.8594102,0,0.8883074,0.6498577,0,0,0,0.4198426,0,1.514038,0.09427521,0,0,0,0.4955311,0,0,0.2497723,1.014498,0,0.4359219,0.9996775,0.9576655,0,0.8587359,0,0,0,0.1846255,0.06170924,0.4623986,0,0,0,0,0,0,0,0,0,0,0.1593484,0,0,0,0.8257731,1.284519,0.06630156,0.4604184,0,0,0,0.2293227,0.4371288,0.2262601,0,0,0,0,0.8885655,0,0,0,0,0,0,0.2116393,0,0,0,0.4891225,0.9163837,0,0.09392075,0.002391458,0.6230705,2.222641,0,1.056356,1.050347,0,0.1726209,0.02820526,0,0,0,0,0,1.515112,0.3282294,0,0.916292,1.338641,0.3662915,0,0.1215866,0.244977,0,0,0.3768722,0,0.3844929,0,0,0,0,0.183685,0.07126582,0.3518487,0.8527545,0.05373691,0,0.6268133,0.009135775,0,0,0,0.007446191,0,0,0,0,0.3897213,0.3910461,0.07722813,0,0.331966,0.04782874,0.1183983,0,0,0.1427483,0.08109717,0.7161505,0,0,0,0.3241542,0,0,0,0,0.4558624,0,0.9284809,0,0.506883,0,0,0,0.08539326,0.6038002,0.5983059,0,0,0,0,0,0.366426,0,0,0.4267215,0,0.3583205,0,0,0,1.142028,0,0.1137466,0,0,0,0,0.4331004,0.3367873,1.17902,0.2135305,0,0,0.5257187,1.319603,0,0,0,0.1778093,0,0.3424541,0,0.9181123,0,0,0,0.8877091,0.341366,0.6498594,0,0,0.210579,0.01212179,0,0.072891,0,0,0,0,0.9089677,0,1.789272,0.5841738,0,0.3847902,0,0.3981071,0.9286959,0,0,0,0,0,0,1.372656,0,0.108461,1.163524,0.5251503,0.5139664,0.6620733,0.1504467,1.239401,1.145495,0,0,0.7970851,0,2.105819,1.148605,0,0,0,0.3623424,0,0,0,0,1.368838,0,0,0,0,0,0,0,0,0,0,0,0,0,0,0.4449705,0,0,0,0,0,0,0,0.539313,0,0.03288493,0,0,0,0,0,0,0.01587382,0,0.7417358,0.5145853,0,0,0,0.6814635,0.2878206,0.3676488,0.4153035,0,1.843588,0.1213288,0,1.870666,0,0,1.752089,0.383199,0.8982191,0,0.05559632,0.2397638,0,0,0,0,0,0,0,0,0,0,0,0,0.1217751,0,0,0,0,0,0,0,1.324546,0,1.308357,0,0.1068468,0,0.1726164,0,1.360034,0.2917868,0,0,0,0,1.146307,0,0,0,0,0,0,0,2.506976,0,0,0,0,1.179173,0.8306485,0.7419637,0,0,0,0,0,0,0,0,0,0,0.1014306,0,0,0,0.9632394,0,0,0,0,0.5300465,0,0,0,0,0.1405171,0,0.4693219,0,0,1.167415,0.09139682,0,0,0.8563461,0,0,0,0.8572228,0.5924174,0.1797614,0,0,0,0,0,0,0,0,0,0,0,0,1.553314,0.2653063,0,0.1655938,0.6127098,1.381047,0,0,0,0.3011499,0.9345654,0.6289428,0.42712,0,1.375026,0,0,0,0.07348304,0.06687906,0,0.5603424,0.6154042,0,0.7039347,0.6786638,0,1.463495,1.306647,0.4556099,0,0,0.4676202,0.9690931,0.2318555,0.2089024,0,0,0,0.9564856,0,0,0,0,0.4091829,0,0,0,0,0.2055278,0.1446094,0.4565916,0,0.7731318,0.06227441,1.50443,0.9228869,0,0,1.084302,0,0,0,0,0,1.125355,0.02911857,0,1.408272,0,0.09075934,0,0,0,0,0.376989,1.677864,0,0,0,0.9530774,0.5690447,1.28986,0.7066839,0.3552491,0.006647805,0,0.7556089,0.8352076,0,0,0.3895253,0.619148,0.7717808,0.3374815,0.2880472,0.9307797,0,0,0,0.6590946,0.1432844,0.5049264,0,0.3831257,0.07611912,0,0,0.6429301,0,0.2529642,0.488153,0,0,0,0.7572917,0,
0,0,0,0,1.540452,0.5854303,0.2100566,0.3938952,0,0,0,0,0.2796466,0.7416478,0.295709,0.4240375,0.5204728,0.03727128,0.2358668,0.6045954,0.05574392,0.2756724,0,0,0,0,0.09891676,0.6193812,0,0.3716916,0,0,0,0.002343761,0.5486737,0.8792255,0.2200088,0.4854326,0,0.2094186,0.2132147,0,0,0.07605257,0,0,0.07754143,0,0.1977159,0,0.1283985,0.009906217,0,0,0.6848348,0,0,0,1.112194,0,0,0,1.632226,0.258564,0,0,0,1.954176,0,0.5683072,1.547768,0,1.585109,0,0,0.684711,0.4921153,1.96198,0.1819859,0.4680274,0.2618185,0,0.7503887,0,0,0.08273119,0.2699253,0.4852983,0.4732006,0.4885613,0,0,0,0,0,0,0.7092512,0,0,0,0.1149128,0,0,1.411119,1.407113,0.8028983,0,2.206829,0.2976914,0,0,0,0,0.1884798,0.464738,0.4858718,0,0,0,0.7769011,0.7990758,1.450132,0,0,1.164437,0.006155789,0.810478,0,0,0.2407015,0.7408867,0.1043119,0,0.1239956,0,0.06923533,0.2668127,0,0.2636381,0,1.421904,0,0.2761036,0.6618378,0.1863717,0,0.6571476,0,0,0.002980005,0.9070473,0,0.4989556,0,0.1543435,0,0,0,0.6661887,0.3413381,0,0,0.6058238,0,0,0.002582184,0.5523824,0.4691862,0.6065771,0,0.155264,0.9687066,0,0.1863208,0,0,0.9077887,0.8575804,0.2342802,0,0,0,0,0.601517,0,0.3456181,0.2368629,0.564227,0.1955307,0,0,0.1162074,0,0.4028012,0,0.2753014,0,0.4463029,0,0.1557816,0.5494463,0,1.010559,0,0.6208627,0,0.4495816,0.1846449,0,0,0.4064679,0,0,0.6340212,0.06080249,0,0,0,0.1678482,0,0.04388868,0.4208798,0.5343812,0,0,0.06442767,0.04312814,0,0.05479671,0,0,0,0.6214839,0,0,0,0,0,1.821561,0,1.036038,2.462028,0.670464,0.03160894,0,0.317442,0,0.1158662,0,0,0,0,0,0.08409075,0.5097963,0,0,0,0,0,0,0,0.118074,0.4920577,1.040369,0,0,0,0.7457105,0.1777744,0.9383522,0,1.925775,0,0.6550189,0,0.1792456,0,1.789296,0,0,0.8725974,0,0.3272246,0,1.347115,0,0,0,0.1829347,0.5581372,0,1.37872,0,0,0,0,0.4786153,0,0.5223966,0.004020726,0,0,0,0.2864217,0,0,0,1.129375,0,0.3622162,0.08317377,0,0,0,0,0,0.1472306,0,0,0,0,0,0,0,0.7760396,0,0,1.525579,0,0.2179863,0,0,0,0.199205,0.2072426,0,0,0.2964863,0,0,0,0.7783405,0.1253468,1.719151,0,0.5307679,0,0,0,0,0,0,0,0,0,0.2206195,0.3860547,0,0.05417821,0,0,0.05756186,0,0.4269196,0,0,0,0.193515,0,0.06670979,0,0,0,0,0.07475545,0.6283452,0,0.687766,0,0,3.091691,0,0.4624976,0,0.06443126,0,0.09723616,0,1.545104,0.2709378,0,0,0,0.6315979,0,0,0,0,0,0,0,0,0,0,0.636905,0,0,0.8003991,0.6621336,0.6064791,0.1863944,0.05976562,0,0,0,1.432534,0,0.7852708,0,0.7899185,0.3158006,1.059904,0,0,0.02573168,0,0.8035141,0,0,0,0,0,0.9059517,0.002228703,0,0,0.7461055,0,0,0,0,0.4857268,0.05990164,0.22413,0,0,0,0.5700502,1.660317,0,0.9687917,1.048082,0.3045457,1.090085,0,0.1858208,0,0,0.3289143,1.27273,0.8332387,0,0.231063,0,0.5351338,0.4470373,0,0.1088072,1.010395,0.03274374,0.3761445,0.08314992,0.4356113,0,0.8065614,0,0.004530822,0.0255274,0,1.182162,0,0.3285836,0.509727,0.3205647,0,0.2681396,0,0,1.514885,0,0.6123339,0.9269319,0.3607674,1.041343,0.080158,0,0.8446811,0.4823378,0,0,1.051875,0.1304203,0.7956659,1.452072,0,0.1928538,0.3007264,0.8040476,0,0,0,0.4680156,0,1.365296,2.617391,0,0,0,0,0,0.6690986,0.06942162,1.456298,0,0.7861639,0,0,0,0.4112369,0,0,0,0,0,1.216201,0,0,0,0,1.0771,0.1531703,0.753485,0.8700987,0,0,0,0.4343334,0.5195391,0,0.1672576,0.3911037,1.040522,0,0,0,0,0.1030074,0.2904076,0.928959,0,0,0.666897,0.6199462,0.6360707,0.5499087,0,0,0,0.002453581,
0.4631938,1.085559,0.6761509,0.2511039,0.3315586,0,0,0.3821867,1.22405,0,0.007323566,0.2946855,0.4645491,0.4548806,0,0,0.01589615,0,0.6306817,0,0,0,0,0.537849,0,0.787761,0.04912496,0,0.4208336,0,0.7240558,0,0,0,0.7409,0.03512967,0,0.3913195,0.2579579,0.4163288,0.2912879,0,0,0,0,0,1.232547,1.854743,0.5334851,0,0,0,0,0,0,0.1184061,0,0.576864,0.9714659,0,0.680065,0,0.5059305,1.334356,0.003572176,0,0,0,0,0.2161745,0,0.4910804,1.121594,0,0,0,0.3663854,0,0,0,0,0.4172286,0,0,0.2924508,0.2742402,1.219233,0.2061351,0.208708,0,0,0.6387988,0,0,0.4220805,0.05272017,0,0,0.5686546,0,0,0,0,0,0,0,0,0,0.3269622,0,0,0,0,1.513277,0.207751,0,0,0,0.3226394,0,0,0,0,0,0,0,1.33511,0.6610875,0.4520998,0.8864439,0.09883872,0.02001301,0,0.08521784,0,0,0.8382064,1.045769,0.6486194,0,0.4805566,0,0,0,0.5315154,0,0,0.6268817,0,0,0,0,0.7036613,0,0.7931598,0,0,1.080335,0,0.2906559,0.9498487,0,0,0,1.17959,0,0,0.6243943,0,0,0.3608652,0.6387274,0,0.7796474,0.3931957,0,1.054234,0,0.9159977,0,0,0,0,0,0,0.5898873,0,0.5282128,0,0.4487203,0.1758116,0.376294,0,0,0,0.03643421,0.265806,0,0,0.1334254,0.2476974,0.4510668,0,0.1291834,0.3113527,0.6802853,0.8823605,0,1.40819,0,0.3688845,1.384244,1.474598,0.8071542,0,0.006660935,0,0,0,0,0,0,0.7480341,0,0,0.2314481,0,0,0.6971699,0.1539434,0.2264865,0,0.0251006,0,0,0.7737913,0,0,0.8416505,1.449387,0,0.1590717,0.4499243,0,0,0,0,0,0.9716389,0.9053515,0,0,0.01059787,1.41512,0.4842534,0.1645838,0.4933074,0,0,0,0,0,1.519863,0.4342461,0.4051885,0,2.02703,0.3609125,1.705964,0,0.7139652,0,0,0,0,0.6927219,0,0,0,0,0.119012,0,0,0.5305762,0,0.5047807,0,0,0,0,0.4977974,0,0.06860512,0.7052067,0.8168733,0.1730455,0,0.5524962,0.4268381,0.6232529,0.06284843,0,0,0,0,0.9757528,0,0,0,0,0,0,0,1.389393,0,0,0,0,0,0,0,0.121027,0,1.013459,0,0.2550413,0,0,0,0,0,0.7298799,0.6110423,0,1.03968,0.5592154,0,0.8248153,0,1.098972,0.345563,0,0,0,0,0,0,0,0.3692049,0,0,0.5222265,0,0,0,0,0,0,0.3545032,0.9338975,0,0,0,0,0,0.03613395,0,0,0,0.3894321,0,0,0,0,0,0,0,0,0.9508924,0,0,0,0.1264869,0,0,1.564074,0,0,0,0,0,0,0,0,0,0,0,0,0,0.2835576,0.4559827,0,0,0,0.809247,0,0.3704972,0,0,0,0,0,0,0,0,0,0,0,0,0,0.2756148,0,0,0.4223742,1.019905,0.7954327,0.7699497,0.02334823,0,0,0,0,0,0,0.5286809,0,0.4008064,0,0,0,0,0.0218668,0,0.1946177,0.1317755,0.3735228,1.088562,1.250566,0.2410855,0,0.1686597,0.3196852,0,0.5519434,0,1.903883,0,0,0.2097669,0,0.1936163,0.632583,0.7871552,1.209737,1.184032,0.6854786,0.5939795,0.1373461,0,0.02402525,0,0,0.1240116,0.6507549,0.8084882,0,0,0,0,0.4781439,0,0.7232892,0,0.05037748,0.8328893,0.8778618,0,0.3581749,1.793097,0.2871559,0.414814,0,1.405622,0,0,0,1.498561,0,0,0,0.1195185,0,0,0,0.56432,0.2235316,0.622671,0,0,0,0,0,0,0,0,0.04907273,0.4668978,0,0.3185375,1.357483,0.4480162,0,0.2928361,1.83436,0,0,1.360018,0.4763006,0,0,0,0,0,0,0,0,0,0,0.610239,0,0,0,0.1897407,0,0.7458314,0,0,1.176468,0.02273804,1.237204,0.1496818,1.505227,0.4341638,0.3737764,0.1933936,1.7936,0,0,0,0.7920663,0,0,0.08949474,0.6315994,1.714199,0.06511368,0,0,0,0.1987517,
0,0,0,0,1.00037,0.2213727,0,0,0.3648514,0,0.20584,0.6575809,0.9551792,0.2696152,0.552953,0,0.6824393,0,0.269639,1.334962,0,0.4409661,0,1.895276,0.2260973,0.1316066,1.582642,0,0,0,0,0,1.41902,1.29538,0.7220072,0,0,0.2066539,0,0,0,0.1610213,0,0,1.153255,0,0,0,0.3810877,0.8070752,0,0,1.211557,0.6452466,0.1067419,0,0,0,0,0,0,0,0.197324,0,0.04176785,0.2351841,0.5818853,0,0,0.9719731,0,0.04841075,0.4145218,0.3569457,0,0.7564452,3.074679,0,1.176332,0.3283404,0,0.2628509,0.3796481,0,0,0,0,0.2118023,0.3390103,0,0,0,0.4914002,0,0,0,0.7033079,0.3271602,0,0.2274627,0,0.6584315,0,0,0.323154,1.026083,0,0.03249791,0.7050028,0,0,0.07650542,0.5322772,0,0,0,0,0,0,0.4757685,0,0.01215874,0.8773267,0,0,0,0,0.491296,0.7757818,0.3232586,0.3565769,1.036091,0,0.5757751,0,0,0,0.6380021,1.085803,0.140109,0,0.5222682,1.44671,0.5453044,1.376315,0,0,0.4500842,0.5425296,1.47773,0,1.144376,0.9335006,0.6753558,0.4207421,1.121821,0.2699482,0.9645782,0.4808254,0.03804512,0.1077434,0,0,0,0,0.5982283,0.7372758,0,0,1.93455,0.209104,0.5469255,0,0,0,0.3028524,0,0,0,0.4638523,0.4678982,1.627571,0,0,0.8450956,1.453166,0,0.4320326,1.355158,0,0,0.08650236,0,0,1.040264,0,0.4117869,0,0,0.6986985,0,0,0.9174697,0,0,0.9020636,0,0,0.3635838,0,0.1402401,0,0,0,1.021099,0,0,0,0.9356176,0,0.5183166,0.3225574,0.02658071,0.9094588,0,0.1855288,0.04259071,0,0.1094526,0,0.009096446,1.219106,0,0,0,1.127761,0,0,0.5572186,0,0,0.698023,0.5885819,0,0.02936921,1.030801,0.4790096,0,0.6005068,0,0.2033017,0,0,0.376064,0.9548243,0.04850719,0.1575914,0.235383,0.2056541,0.005395455,0,0.4921628,0,0,0,0.6460837,0,0,0,0,0,1.376477,0.7422335,0.1443062,0,0,0.6301122,0,0,0,0,0.8262176,0,0,0,0.8833641,0.6369008,1.080523,0,0,0,0,0,0,0,0,0.6318619,0.6565198,1.472162,0,0,0,0,0,0,0,0.7601231,0,0,0.5560269,0.3784433,0,0.2798402,0,0,0,0,1.740088,0,0.1926002,0.7845808,0,1.034464,0.2286201,0.4524651,1.34772,0.6707196,0.2405081,0,0.1898498,0.4606119,0.7764379,0.2605953,0,0,0,0.1783324,1.525503,0.5583634,0.6485019,0.4525333,0.1464007,0,0.3765578,0,0.6004769,0,0.1710365,0,0.1679261,0,1.49685,0.02679473,0.8115904,0,0.6376651,0,0.3276656,0,1.117225,0,0.08488868,0,0.3667884,1.096862,0,0.1112844,0,0,0,0,0.4137702,0,0.1212953,0.3123945,0,0,0,0,0,0.9843754,0,0,0,0.1492338,0,0,0.2201928,0,0,0.06189752,0,0,0.6150404,0,0,0,0,0,0,0,1.47506,0,0,2.104012,0.2131309,0.06803589,0,0,0,1.098785,0,0,0,0,1.249586,0.7065644,0,0,0.2112981,0.8181201,0.9502367,0,0,0,0,0,0.2100224,0,0,0.2615777,0,1.314302,0,0.1030641,0,0,0,0.9630321,0,0,0,0,0.8481731,0,0,0.5674359,1.137373,0.2847182,0,0.4255623,1.043449,1.246335,0,0,0,0,0,0.1990631,0,0,0.2460511,0.5654155,0,1.235366,1.93451,1.14558,0,0.8109379,0,0,0,0,0.230269,1.178898,0,0.7007639,0,0.1740169,0.4826915,0,0,0.1560114,0,0,0,0,0.8279421,0.02152706,0,0,0,0,0,0,0,0,0,0,0,1.557125,0,0,1.174155,0,0.7513362,0,0.8619141,0,0.822472,0,0,0,0.1408084,0,0.4153908,0.9958041,0,0,0.373421,0.2709086,0,1.827664,0.5780719,0,0.4606759,0.1799331,0,0,0,0,0.3644249,0,0.2140964,1.759424,0.3288757,0.1284151,1.010103,0,0.6655397,0.8828987,0.399137,0.2887305,0.494192,0.07022336,0.3189663,0.5196338,0.4592457,0,0,0.5835835,2.281399,0,0.4620768,0,0,0.5271914,0.4999939,0,0.2959578,0.8425708,0,0,0,0,0,0,0.3506317,0.1268899,0.02308889,
0.08769261,0,0,0,0.5887334,0.2716926,0,0.566617,0.1236566,0.1888686,0.6387925,0,0,0.2791058,0,1.160611,0,0.8365132,0,0.2622789,0.4095559,1.777041,0.3441628,0.7376825,0,0.1201113,0.4726837,1.387733,0,0,0.2960936,0.510667,0,0,0.8897278,0,0,0.1757572,0,0.5884508,0.8528276,0,0,0.7699345,1.581335,0.1405236,0,0,0,0.2560679,0,1.320678,0.1867718,1.175003,1.258032,0,0,0,0,0,0,0.4723432,0,0,0,0.9482189,0,0,0.6711416,0.2174893,0,0,0,0,1.244538,0,0,0,0,0,1.10087,0.06749469,0,0.7654969,0.8516926,0,0,0,0.3519951,0.5470624,0,0,0.5327352,0,0,0.5811494,0.5354125,0,0,0.6404041,0,0.3851582,0,0.1434182,0,0,0.4883325,1.857084,0.3046142,1.364094,0.2776013,0,0.9594654,0,0.1716717,0,0.0454269,0,0,0,0,0.07975731,0.5615197,0,0,0,0.3476679,0.02049522,0.1636697,0.1846781,0.8667388,0.3663732,0,0,0,0.9045774,0.8913168,0,0.7662613,0.8543917,0,0,0.4907117,0.1501132,0,0,1.795101,1.31351,0.8891485,1.184798,1.013557,0,0.4305957,0,1.149012,0.09060005,0,0.8038749,0.1124633,1.361517,0,0.7162955,0.286429,0,0,0,0,0,0.5228328,0.9225193,0,0.04676834,0,0,0.4156528,0.3264133,0,0.3756244,0.1217399,1.518014,0,0.4839101,0.5592195,0,0,0,0.3857033,1.514869,1.010362,0.4526079,0,0,0,0.3446589,0,0,0.1156268,0,0,1.417483,0.6730867,0,0.06016984,0.9572754,0.5979347,0.005104473,0,0.9485707,0,0.534672,0,0,0,0,0,1.58554,0.9986411,0,0.08031816,2.169656,0,0.6580168,0.1703453,0,0.2788978,0.792406,0,0,1.578205,0,0.5167601,0,0,0,1.225177,0.4994452,0.0231297,0,0,0,0.1941231,0,1.922924,0,0.3208728,0.6474563,0,0.2790641,0.2036134,0,0,0.8094506,0,0,0.02336198,0.5943323,0.02232449,0.8809755,1.127762,0,0.3694248,1.514243,0.2764014,0.4889266,0,1.054386,0,0,0,1.844933,1.228773,0,0,0.7738478,0,0,0,0,1.271196,0,0,1.059927,0,0.8277302,0,0,0,0.2460608,0.2193237,0,0,0,0,0,0,1.340792,0,0,0.5254684,0.4457615,0.1373646,0,0.1759066,0,1.637545,0,0,0,0,0.2667396,0,0,0,0,0,0,0,0.2315352,0,0.06933552,0,1.091407,0.7379386,1.331153,0.3244229,0,0.1142982,0,0.1810108,0.599136,0,0.230489,0,0,0.4084142,0.4631234,0,0,0.4188255,0.2494624,0.9308699,0,0,0.07743227,0,0,0,0.7497889,0,0,0,0,0.6130339,0,0,0.9095922,1.272648,0.9848581,1.216295,0.5061203,0,0.4097127,1.131334,0.7343681,0.2780326,0,0,1.238375,0,0.2917998,0.08909845,0,0.5069865,0.3201635,0.7092673,0.3114919,0.7098827,0,0.4829822,0.3152415,0,0,0,0,0.08279999,0.02993989,0,0.1651411,0.9484037,0,0,0,0.914177,0.2160009,0.4733576,0.6219748,0,0,0.1736923,0.3434231,0,0,0,0.2990746,0,0.3080016,0.4565148,1.35975,0,0,0.4271316,0.02886891,0,0,0,0,1.308219,1.001415,0,0,0,0.1278452,0,0.50247,0.005171055,0,0.8942506,0,0,0,0.3722454,0,0.2092996,0,0,0,0.5915494,0,0,0,0,0,1.607058,0,0,0.7649578,0,0.1649484,0,0,0,0,0.2729357,1.198717,0,0.5536528,0,0.5284486,0,0,0.4785014,0,0.8703114,0,0,0,1.315674,0.3836851,0,0.1863262,0,0,0.6502585,0,1.197209,0.4365358,0.2322842,0.4047172,0,0.3056344,0,0.5843605,0.2351495,0.6944513,0,0.6069947,0,0.3974204,0.0612788,0.5733273,0.5881812,0,0,0.6163518,0,0.1486075,0,0,0.04728138,0,0,0,0,0.1410813,0,0,0.2370766,1.145005,0,0.8231314,1.088344,0,0,1.345592,0.08402335,1.533604,0,0.3465646,0.3601479,0.2028123,0.3604309,0.07172153,0.622075,0,0.145098,0,0,0,1.759995,0,0,0.3269824,0,0.05085537,1.273784,0,0,0,0,0.4855384,0,0,0,0,0.002295687,0,0,0,0,0,0.189853,0.02473228,0.4138975,0.1774401,0,0.4578741,0.9895723,0,0.3495628,0,0,0.7502941,0,0.4792974,0.2716295,0,0.4471227,0,0.7249343,0.2378786,
0.9593256,0,0,0,0,0,0,0,0.004526995,0,0.3796898,0.2618868,0,0,0,0,0.5242524,1.748898,0,0,0,0,0,0,0.4384555,0,1.444934,0,0,0,0.60589,0.0787146,0,0,0,0,0,0,0.4492351,0,0.6922768,0,0.5508239,0.5253451,0.002533925,0,0,0,2.676551,0,0.2303665,0.8222901,0,0,1.299796,0.5837749,0,1.526527,0,0.1488141,0,0,0.1887454,0,0.1434599,0.4658181,0,0,0,0,0,0.1893676,1.403421,0,0,0.1517084,0.4080311,0.7537574,0.751062,0.4706035,0,0.9250902,0.988387,0,0,0,0,0,0,0.914054,0,0,0.5966859,0.438588,0.2309341,0.2231483,0,1.091968,0,0.6288938,0,0,0,0,0,0.4977166,1.386117,0,0.3327088,0,0,0.482539,0,0.7180166,0,0,0,0,0,0.002877644,2.025544,1.186508,0.0835117,0,0,0,0,0,0,0.1285098,0.4935355,1.641491,0,0,0,0,0,0,0,0.4782698,0.2844782,0,0,0,0.02475601,0,0.05632727,1.532955,0,1.059345,0.3516108,0.5149128,0,0.002431717,0.4651211,0,0.01663418,0.03806701,0,0.1001736,0,0,0,0.4347942,0.01595662,0.8973076,0.2861768,0,0.2372656,0.2701283,0.5662186,0,0,0.2144501,0,0,0,0.6503143,0.4446007,0,0.06100304,0.8362482,0.03780084,0.2932235,0.2360946,0,0.7757303,0,0.1876759,0,0.08674358,0.2020346,0.4932809,0,0.6969893,0,0.7567343,1.038813,1.146191,0.452263,0.2697424,0.02876447,0.4485428,0,1.020064,0.01017376,1.403436,0.8712924,0,0.3814544,0,0,0.4581981,0.4411061,0,0.003212707,0.2335285,0.2936077,0,0,0.336477,0.6402579,0,0.48204,0.6610728,0,0.3865376,0.003456755,0,0.6628575,0.0632534,0,0,0,0.1250769,0,0,0,0,0,0,0,0,0.9692116,0,0.7168345,0.4807768,0.3259932,0,0.03514362,0,0,0,0,0,0.2813632,0.7439614,1.654495,0,0,0,0,1.568151,0,0.2288165,0.4178231,0.7429582,0.2400175,0,0,0.5231677,0,0.8483208,0,0.7730215,0.9607244,1.620468,0.4713685,0,0.2944608,0.8108,0,0.9189816,0,1.541793,0.7705301,1.268917,1.052641,0,0,0,0,0.9691747,0,0,0.6095567,1.004266,0,0,0,0,0,0,1.077897,1.468878,1.314663,0,0,0.006650205,1.416919,0.3699249,0.5735242,0,0,0.0324343,0,0,0.181326,0,0.3982023,0,0,0,0,0.4413316,0.5230266,0,0,0,0,0.1649238,0,0.1041603,0.3166692,0.5033509,0,0,0,0.5787098,0.8929235,0.4437213,0,0,0,0,0.9064711,0.08559526,0,0,0.8658391,0.3381032,1.276278,0.1151987,0,0.7157888,0,0.2710162,0,1.540938,0.4864909,0,0,0.2414044,0,0.782526,0.09197323,0,0,0,0,0.5374359,0,0.426832,0,0,0.3348652,0.3218032,0,0,0,0.6552448,0.636015,1.265646,0.09419562,0,0.03694652,0.211983,0.5868089,0,0,0,1.386791,0,0.4818939,0.2718602,0.8152611,0,0,0,0.3278617,0.09019388,0.2128578,0,0,0,0.5336916,0.1723084,0.2701212,0.5760235,0,0.3478058,0,0.8357142,0,0.3905569,0.3229582,0,0,0.2303988,0,0,0.4987583,0,1.098828,0.6089658,0.03519574,0,0,0.4081444,0.3050681,0,0,0,0,0,0.8747823,0,0.1834234,0.3105868,0.1311667,0,0,0,0,0,0.8970332,0.09243742,0.7041062,0.5231826,0,0.1712729,0.9308413,0,0.4629191,0.1511881,0.8623694,0.3530764,0.2450766,0,0,0.4019847,0.3391972,0.6446968,0.2505628,0.1805106,0.6041194,0.0482602,0.5065536,0,0.5886546,0.3949898,0.4824383,0,0.259163,0.4704443,0,0.3088685,0.6236714,0,0,0.06247601,0,0,0.08993001,0,0,0.1560197,0.2694823,0,0,0,0,0,0,0,0.2284257,0,0.4488041,0,0,0,0,0,0.9459398,0,0,0,0,0,0.5768266,1.04521,0.595009,0,0,0.9945088,0,0.316778,0.9760091,0,0.5020388,0,0,0.3023556,0,0,0,0,1.050719,0,0.1686604,0.420125,0,0.02010683,0.44048,0,0.4013244,0.8738066,0.2693068,0,0.7626454,0,0.5663382,0,0.30073,0,0,0,0,0.1989051,0.002440904,0.2861137,1.172576,0,0,1.256154,0,0,0,0,0,0,0.9333973,0,0,0,0,0.3871062,0,1.460338,0.9418893,
0.06729541,0,0.2191963,0.5308442,0,0,0,0,0.7675483,0.3240292,0,0,0,0.002387412,0.4839966,3.046487,0,0.7195863,0.6059692,1.938945,0,0,0,1.32958,0.4716977,0.1005352,0.3150118,0,0,0,0.6206343,0,0,0,0.4654129,0,0,0,0.5571897,1.147994,0,0,0.05411665,0,1.19675,0.5771846,0,0.04967788,0.1291743,0,0,0,0.3318967,0.6872782,0,0,1.318183,0.5620611,0,0.05347596,1.16842,0.08414559,0,3.10845,0.4426777,0,1.18829,0.2520284,0,0,0.4143406,0.1292744,0,0,1.312682,0.4524703,0,0,0.2848626,0,1.819883,0.5215863,0,0,0.2285579,0.2721548,0.3467133,0.007381412,0.772299,0.6568641,0,0,0.3143111,1.366292,1.057121,0,0,1.756974,0,0.2458974,0,0.145484,0,0,0,0.4664182,0.2192646,0,0.19856,1.341824,0.1586816,0.6969536,0,1.07561,1.126316,0,0,0.828073,0.2823409,0,0,0.3186411,0.3982952,0,0.8750656,0,1.998577,0.278708,0.39138,0,0.2002239,0,0,0,0.194218,0,0,0.3074476,0,0.381283,0.437465,0,0.1379381,0.0103492,0.5145314,0.8513792,1.140242,0.08754633,0,0,0,0,0.01941335,0.5653344,0,0.3801051,0.3507016,0,1.153658,0,0.9270675,0,0.8395551,0,0.9326438,0,0.8876113,1.666702,0,0,0.7554263,0.4114087,0.8006924,0,0.9837013,1.219929,0,1.746419,0,0.5167966,0,0.3115885,0.08868353,0.447267,1.491639,0,0,0,0.1976154,0,0,0,0.5750248,0.03200969,1.986188,0,0,0.01210659,0,0,0.4467696,0,0,0,0,0,0,0,0,0,0.06931838,0,0,0.196838,0,0.3913755,0,0.3443121,0,0,0,0.3343419,0,0,0.3566651,0,1.213455,1.037101,0.7453272,0.1019812,0,0,0.1908078,0.07661694,0.4179433,0,0,1.008459,0,0,0,0,0,0.3705764,0,0.2291639,0.03423994,1.840077,0.8011651,0,0,0.4203709,0.3232308,0.5916315,0,0,1.01159,0,0.5758473,0,0,0,0.2252339,0,0,0.8630295,0,0,0,0.5106928,0,0,0,0.7285854,1.17809,1.491109,0.1486859,0.0790858,0,0.2814722,1.13754,0,0,0.9784722,0.8416908,0,0,0.4611221,0.1736707,0,0,1.421111,0,0,0.2374792,0,0,1.144072,0.06967583,1.34328,0.4993551,0,0,0.7391037,0,0.7300312,0,0,0,0.8931291,0,0.1720414,0.3191211,0,0.3256572,0,0,0.4505042,0,0.7013147,0,1.063804,0,0,0.2898631,0.2782939,0,0,0,0,0,0.2441975,0.4386438,0,0,0.003701542,0,0.266926,0.1578886,0.07275698,0,0,0,0,0,0,0.1893541,0.6436457,0.03832044,0.4802894,0.3627265,0.6739859,0,0.2748978,0.5044428,0,0,0.2693531,0.1990267,0,0,0,0,0.2237286,0.8267127,0,0,0,0,0,0.2520637,0.676344,2.386785,0.1861085,0,0,1.2068,0,0.4448367,0,0,0.7174048,0,0.6621227,1.112278,0.5101288,0,0,0.5100538,0,0,0,0.1139297,0,1.121232,0,0,0.4523394,0.6369705,0,0.09344315,0,0,0.8845371,0.1505726,0.02799778,0.7927138,0.1145114,0,0.5875778,0.09553497,0.2165262,0.08460033,0.2390171,0,0,0,0,0,0,1.083844,0,0.7311892,0,0,0,0.5428476,0.5432737,0,0.4777113,0.2954248,0.08401939,0.6148177,0.2192553,0,1.064797,0.5641079,0,0,0.09845734,0,1.153645,0,0,1.621775,0.3653294,0.3841836,0.1787497,0,0.8219351,1.626456,0,0.2046242,0.2382483,0,1.986194,0,0.6916673,0,0,0.3701943,0.4771712,1.647898,0,0.9559841,1.720065,0.5804574,1.022915,1.371112,0.4856299,0.7811582,0.1860479,0,0,0,0,0,1.112184,0.4724071,0.9370441,0.2438162,0,0,0,0,0,0.5280847,0.04186497,0.1169854,0,0,1.429195,0,0.1539782,0,0,0,0.5531722,0,0.4189384,1.070946,0,0,0,0,0,0,0.2696787,0,0,1.04856,0,0,1.284735,0,0.6509888,0.9203842,0,0,0,0.205342,1.45699,0,0.9246851,0,0,0.4809553,0.1284609,0,0.1638454,0.9245093,0,1.185861,0.02854344,0.2918255,0.09514026,0.462166,0.7096296,0,0.8232493,0.3825544,0.07499412,0,0.1508311,0,0.896641,0.344084,0,0.06068359,0.5936427,0,0,0.6290247,0.4623327,0.4674055,1.430655,0,0.1907204,0.8730869,0.03139582,0.227869,0.09836077,0,0.6958231,0,0.212933,0,0.005088869,0,0.107628,
1.270828,0,0,0,0.05583157,0,0,0.03122205,0,0.09306477,0.2954812,0.3233545,0.4779879,0,0,0,0.516266,0,0.3698317,0.0990504,1.016348,1.101764,0.5875199,1.154167,0,0,0,1.703005,0.5266227,1.656508,0,0.8252205,0,0,0,0.3890951,0,0,0,0,0,0,0,0.1780953,0,0,0.8660058,0,0.1064854,0,0,1.027268,0.6525589,0,0.06901117,0,0,0,0,1.761887,1.024303,1.648367,0.5160335,0,0,0.1851401,1.013795,0.8372859,0,0,0,0,0.4756067,0,0,1.691883,0.508411,0,1.201294,0.5922679,1.535704,0.1226151,0,0,0.4397207,0,0.9017433,0.7146959,0.8055491,3.156445,0,0,0,0.4426515,1.062246,1.144881,0,0,1.430776,0,0,0,0,0,0,0,0,0,0.7788634,0,0,0.03094252,0,0,0.8903793,0,0,0.2699522,0,0.3848614,1.229354,0.6006353,0.573536,0.2717189,0.8199919,0,0,0,0,0,0.06623793,0,0.1249829,0.6552047,0.03304243,0,0,0,0.3482096,0.4830348,0,0,0,0.6397257,0.2254702,0,0.5730072,0.274471,0,0,0.6559083,0,0.8802602,0,0,0.8979057,1.051642,0,0.09067922,0,0,0,0,0,0,0,0.6061821,1.211615,0,0.4910115,0,0.5477787,0.2713424,0,0.1157404,0,0.2308445,1.03625,1.304928,0.8164214,0.8746422,0.5927469,0.05536203,0,0.3068939,0.4328083,0.9070974,0.8171251,0.3741695,0.7241188,0.4279107,0,1.052408,0.5972725,0,0,0,0.4932499,0.2620706,0.1429003,0,0,0.1721164,1.603473,0,0,0.4441809,0.4316165,0.4524175,0,0.2756628,0,0.9943985,0,0,0,0,0.81815,0,1.314275,0,1.06283,0,0,0,0.5545083,0.153715,0,0.876125,0,0.4595488,0.2155002,0,0.5450709,0,0,0.7903535,0,0,0.3233187,1.105471,0,0,0,0,0,0.006197397,0,0,0.4425116,0,0,0.6064061,0,0,0,0.03326763,0,0.2719294,0,0.7037947,0.003693746,0.002397646,1.329908,0,0,0.5173141,0.7642326,0.2068086,0,0,0,0,1.058991,0,0.9378493,0,0,0.900728,0.07151806,0,0,1.081538,0,0,0,0,0.1515797,0,0.9437677,0,0,0.3902975,1.094385,0,1.193748,0.5867977,0.5240828,1.488576,0,0,0,1.273228,0.2582954,0.07336175,0,0.7559996,0,0,0,0,0,0.3897126,0,0.1370777,0,0.840197,0.4126354,0.747339,0,1.140975,1.156654,0,0.6013182,0,0.7259231,0,0.5426424,0.3028021,0.2552291,0.01688379,0,0.9090319,0,0,0,0,0,0.1901293,0.3429545,0.3471283,0,0,0.09792732,0,0.8612728,0,0,0,0,0.1467939,0,0,0.07659832,0,0,0,0.5345606,1.182413,0,0,0,0,1.035565,0.01820267,0,0.2726604,0.5781678,0.6707163,0.3627405,0,0.3011579,0,0.3919827,0,0.3914113,1.134416,1.138354,0,0.7236334,0,0.3107398,0,0.1536811,0,0,0,1.126101,0,0,0.6956702,0,0.3208619,0.01025703,0.08929803,0.4143273,0.03574273,0.5135652,1.343673,0,0.8378594,0,1.492939,0.4023137,0,0.8939157,0.4225576,0.4114571,0,0.8987072,0,1.696837,0.4022298,0,0.6313457,0.536538,0.2152526,0,0.2753912,0.6153172,0.5573769,0.1587097,0.7300114,0.08579382,0,1.082942,0.4208796,0.2218101,0,0,0,0,0.079054,0.06541151,0.00219202,0,0,0.01807202,0,0.2790478,0,0.266512,0.1584939,1.071272,0,0,0,0,0,0,0,0.6188092,0.9899075,0,1.6947,0,0.281066,0.7860156,0,0.1822218,0,0.9260141,0,0,0,0.08560665,0,1.004273,0.2799776,0,0.7845523,1.205071,1.193313,0,0,0.786723,0.8309023,0,0.5821604,0.277208,0,0,0.2009453,0,0.6709592,0,0.3246963,0.09071559,0,0,0,0.31744,0.4075751,0,0,0,0,0.2700932,0,0,0,0.2087844,0,0,0.8572734,0.3280046,0.2831949,0,0,0.9001337,0.7160838,0,0,0,1.105828,0,0,1.006588,0.3945825,0,0.5396192,0.3631079,0,0,2.050558,0.9487581,0,0,0.634478,0.759317,0.7830389,0,0,0.6456721,0,0,0,0.04333934,0.188493,0,1.14748,0.9232935,0,0,1.047673,0,0.4080425,0,0.3386163,0,0.3806233,0,0,1.114996,1.07815,0,0,0.4176216,0.1639028,0,0,1.118822,0.2847117,0,0.06281264,0.4853833,0,0.0417169,0,0.5115153,
0,0,0.6971009,0,0,1.462842,0.05468225,0.2939372,0.1276225,0.3099444,0.5170974,0,0,0,0.281265,0,1.101207,0.6579826,0,0.4725156,0,0.6390511,0,0.2410315,0,0,0,0,0,0,1.489315,0,0.07095782,1.140092,0.6263919,0,0,0,0,0,0.06100506,0,0.1128433,0,0,0.1684641,0,0,0.09320742,0.009226831,0,1.368445,1.384786,0,0,0,0.6390164,0.6744736,0,0,0.03899824,2.02431,0,0,0,0.9483433,0.7794321,0,0.1902108,0,0.08483533,0,0,0,0,0,0.06923814,0,0,0,0.2411699,1.320848,0.1832835,0.02917891,0.2479067,0,0,0,0.9327213,0,0,0.8715164,0,0,0,0.1859996,0,1.688994,0.9298493,1.251298,0,0,0,0,0,0,0,0,0.203768,0,0,0,0,0,0.06408236,0,0,1.689189,0.3701875,0,0.1387659,0,0,0,0.4949481,0,0.3294751,0.7281908,0,0,1.452168,0.7012366,0,0,0,0,0,0,0,0.9151139,0.59534,0,0,0,0,0,0.154173,0.1043362,0,0,0.5109518,0.2553902,0,0,0,0,0,0,0.7368689,0.06523231,0,0.8043292,0,0,0.1852121,0.6820912,0,0,0.6621979,0,0.1766838,0,0,0,0,0.0186176,2.111272,0,0,0,0.4618613,0,0,0.62968,0.1819416,0,0.4284498,0.0786434,1.170036,0,0.08630043,0.05508392,0,0,0,1.312874,0.0799602,0.5260271,0.559454,0.03603073,0,0.4716156,0,0,0,0,0.491835,0,0.6231492,0.07418107,0,1.656785,0,0,0,1.091449,0.3710078,0.5056069,0,0.9228791,0,0.4722705,0.6841869,0,0,0.3150917,0,0,0,1.43741,0.5693226,0,0,1.208175,0.2702836,1.002911,0,0,0.9028988,0,0.578946,0,0,0,0,2.148819,0,0,0,0.6228382,0,1.12569,0.8402435,0,0,0,0.4688513,0,0,0.13808,0,0,0.5024915,0.1715993,0.3407342,2.202688,0,0,0,0.1823701,0.3957887,1.408709,0,0.6391122,0.2088971,0,0,0,0.1677368,0,0,0.769556,0,0.1180784,0.7283561,0,0,0,0,0.5485093,0.4408649,0,0,0,0,0.9857037,0,0.5480102,0,0,0,0,0,1.922947,0,0,0,0,0.239204,0.6818061,0,0,0,0,0.4813301,0,0,0.2716452,0.4809199,0,0.06774978,0,0,0,0.3012016,0,0.03907775,0,0.8330405,0,0,0,0,0,0,0,0.5375771,0,0,0,0.1294539,0,0,1.073075,0.3190984,0,0,0,0,0.2730497,0.8132024,0.8565937,0.2360718,0.1667125,0.4547709,0.8863424,0.692392,0,0.06417899,0.5517552,0.1458779,0.4335888,0,0.2145542,0.3231903,0,0.8284981,0.3648255,0,0,0.8069936,0.5045549,0,0.1208942,0.8944595,0,0,0.8476197,0.03445717,0.7103994,0,0.1714903,0.1767409,0,0.4540295,0,0,0.4767783,0,0,0.3260077,0.01764859,0.4573533,0.7933995,0,0,0.700828,0,0,0.2395899,0,0,0.2461583,0,0,2.810934,1.213273,0.4093302,1.085768,0,0,0.01097503,0.7631732,0,0.5693204,0,0.03395365,0.4993081,0,0.8569539,0,0.1379919,0.8802468,0,0,0,0,0,0.03233374,0,0.7640897,0,1.450461,0,0.4722003,1.820243,0,0.5769127,0.1472874,0,0,0,0.4719478,0,0,0.2230623,0.01505977,0,0,0,0.9813888,0,0,0,1.304639,0.8145978,1.809769,1.883823,0.2150117,0.5162784,0,0.2754042,0,0,0,1.105178,0,0.2045932,0.1043313,0.5305455,0,0.411809,0.2245686,1.408546,0.3481874,0.05484213,0,0.9263628,0,0.06168537,0,0.628592,0.4395919,0.1179311,0,0.9557543,0,0.6894143,1.779716,0,0,0.8828667,0.7855176,0,0.5479816,0,0,0,0,0.5607055,0.2592986,0,0.2252606,0.3070101,0,0.1209337,0,0.06016609,0.3530432,1.705698,0,0.02760328,0.03773915,0,0,0,0.7059485,0,0,0,0,0,0.3269187,1.394512,0,0.1617675,0,0.1173259,0,0.1876879,0.528429,0,0,0.3437389,0.5524549,0,0,0,0,0,0,0,0.4989341,0,0,0,0,0,0,0,0,0.0983066,0,0.9290727,0,0,0.3046526,0.78947,0,0.07462825,0,0,0,0,1.803728,0,0.06641589,0.3147856,0,0.8092071,
0.3320666,0,0.0134248,0,0,1.130683,0.3053822,0.6052571,0,0,1.597748,0,0,0,0.3023767,0,0.1876917,0.1740106,0,1.071059,0.1199546,0.9201136,0,0,0,0.5165141,0.2895662,0,0.6194347,0.1657713,0,0.1420654,0,2.010084,0,0,0,0,0.5470975,0,0,0,0,0,0,0,0.465434,0.6636831,0,0,0,0,0.3211449,0,0.4969278,0.618458,0,1.730296,0,0.0690104,0.5594051,0,0.7044099,0.08520389,0,0.8383216,0,0.6947508,0.1159306,1.112141,0,0.2574053,1.207834,0.5202814,0,0,0,0,0,1.428457,1.351491,0.4314587,0,0,0.05892346,0.5815891,0,1.152768,2.011163,0.978488,0.4615734,0,0,0,0,0.6287469,0.204832,0.5116421,0.8657144,0,0,0,0,1.332494,0.6807565,1.227173,0.8212791,1.204889,0,0,0,0.1479447,0,0.5377502,0,1.445735,0,0,0,0,0.2085815,0.2043378,0,0.4437561,0.1954083,0.4444902,0.2432721,0.7009017,0.2373105,0,0.4562888,0,0.2482108,0.3800122,0.3887723,0,0,0,0.2281117,0,0.5918546,0.07749877,0.2359576,0.01988263,0,0,0.1328789,0,0.7753026,0.5426534,0,0.6823466,1.226005,0.8789965,0.6208116,0.07100232,0,0,0,0,0,0,0,0.6250663,0.2381636,0.624644,0,0.09524523,0.05261612,1.205926,0.7481126,0,1.080218,0.1023445,0.2792428,0,1.32476,0,0,1.331586,1.250442,0.2648871,0,1.385571,0,0,0,0.6835783,0.01098206,0.301119,0,0.08678462,0,0.23915,1.29568,0,0,0,0.3821928,0,0.3325244,0,0,0,0.04312053,1.782471,0,0.9086257,0,0.3497491,0.8546582,0.5827075,0,0,0.9961159,0,0,1.052592,0.5621645,0,0.4928308,0,0,0,0.4280586,0,0,0.4014799,0.3023228,0,0,0.4685352,0.4018809,1.629666,0,0,0.3059368,0.4067199,0.1309748,0,0,0,0,0,0,1.161326,0.2075573,0.3693488,0.08721015,0.4952234,0.3373314,0.8896116,0.3335123,0,0,0.6500986,0.7428865,0.307673,0.7136753,0,0,0,0.1760896,0,0.7190069,0,0.9037218,0,0,0,0.1531558,0,0,0,1.407345,1.11368,0.08419904,0,0,0,0.3763456,0,0.4635356,0,0,0.4042278,0.133232,0,0.3382252,1.145333,0.6180522,0,0,0,0,0.4312547,0,0,0,0,0.1724211,0,0,0,0.1626374,0,1.166783,0.3127238,0.8239735,0,0,0,0,0.2981384,0,0,0.2653649,0.1501037,0,0,0.4049971,0,0.2375169,1.471413,0.9004461,0,0.4244766,0.6387757,0.03496261,0,0.9003025,0,0,0,0,0,0,0.2657562,0,0.3304735,0,0,1.225751,0,0,0.7204934,0.4474844,0.6709468,0.2555664,0.5283114,0.3959541,0.04748155,0.1098953,0,0.7373593,0.8407832,0.8918419,0,0,0,0.05448083,0,0.5532773,0,0.5165402,0.3971698,0,0,0.6464707,0.3172572,0,0.1229507,0,0,0,1.460289,0.5737031,0,0.2289697,0.08726551,0,0.9488391,0.5299584,0,0.1089045,1.277292,0.13658,0.8986887,1.023008,0,0.5394233,0,0,0.6749657,0.5191856,0,0,0.5527797,0,0,1.045848,0,0.05644593,0,0,0.1248585,0.2449251,0.6384566,0,0.6286128,0.8120632,0.05839055,0,0,0,0.03244174,0,0.8021141,0,0.4797362,0,1.022856,1.627983,0,0,1.149196,0.3240391,0.829949,0,0.3739341,1.160613,0.4386149,0,0,0,0.03625441,0,0.4747677,2.494041,0.1672977,1.382307,0,0,0,0.2383153,0.3390365,0,0.6133987,0,0,0,0.1583278,0,0,0,0.006037429,0.4416511,0.2597046,0,0,1.372924,1.855531,0.5638877,0.7821859,0.8275774,0.1774302,1.212364,0,0,0,0.211092,0,1.163201,0,0,0.8235567,0.675463,0,0.7417845,0,0,0.346148,0.01879986,0.002381844,0.2569601,1.567096,1.209647,0.02758331,1.004388,0.1426701,0,0,0,0,0,0.8660196,0,0,0,0,0.8895581,0,0,0,0,0,0.7970964,0.2666714,0,0,1.362591,0.2575766,1.058883,1.304246,0,0.402758,0.2130534,0,0,1.073273,0,0,0.5575275,1.199537,0,0.3445412,0,0,0,0.1755065,0.6383886,0.4378993,0,0.5519121,0,0,0.2664864,0,0,0,0,0,1.491817,0,0.03374393,0,0.2667919,0,0,0.5709684,0,1.054759,0,0,0.7931777,0,0.2739062,0,0,1.469512,0,0.190121,0,0.1438315,1.012996,0.09919153,0.04421118,0.2499421,0,0.249842,
1.404222,0,0.4240607,0.2944367,0.1135917,0.7516588,0.697695,0.2121773,0.9095235,0.2487895,0.4792502,0.4932373,0,0.03649812,0,0,0,0.5093102,0.4155087,0,0,0.3562846,0,0.08465923,0,0,1.00177,0.1846595,0,0,0,0,0,0,0,0.8156556,0,0.5768433,1.278037,1.616339,0.4339831,0.7740921,0,0.4485047,0,0,0,0.5961666,0.7517927,0,0.1181293,0.7705028,0.9125609,0,0,0,0.3903748,0,0,0.9356079,1.140819,0.08614627,0.6010259,0,0,0,1.614183,0,0,0,0,0,0.2104497,0,0,0.8189815,0,0,0,0.8783357,0.3825946,0.278062,0,0,0.1216554,0,0.7817386,0,0,1.475024,1.20765,0,0.3015421,1.422852,0.7778215,0.2329157,0,0,0.5124121,0.1470229,1.296952,0.1039558,0,0.04103322,0.6419258,0,0,0.002453787,0,0,0.06857438,0,0.3593726,0,0.3648829,0.2928695,0,0,2.046491,0,0,0,1.168697,0.7343053,0.3847356,0.5454124,0,0.4306113,0.2292922,0,0.9266963,0.4587078,2.092386,0,0.1435205,0,1.059973,0.7884229,0.188191,0,0,0.3133399,1.306572,0.2363736,0,0.363328,0.5582498,0.1854748,0.228606,0,0,0,0.6056679,0.2642274,0,0,0.1149947,0.2803552,0,0,0.0633808,0.4169158,0,0,0.2168862,0,0.8804455,0.3675093,0,0.273284,0,0.1221014,0.3186349,0,0.2691869,0.1032247,0.2138643,0,1.26782,0.4740285,0.7060146,0.3856555,0,0.4090427,0.9435706,0,0.3940325,0.8315058,0,0,0,0.3074962,0.5644091,0,0.4287976,1.306751,0,0,1.025105,0,0.144088,0,1.027191,1.62119,0,0.3797261,0,0.08817177,0,0.6094329,0,0,0,0,1.566092,0.7046942,0,0,0.6400695,0,0.9120246,0.170944,1.124751,0,0.5973171,0.9199427,0,0,0,0,0.03814236,0.212369,0,0.4808224,0.649885,1.136717,0.7383211,0.01386711,0,0,0,0.999787,0,0,0.1025016,0.5392165,0,0,0,0.09318536,0,0.2879035,0,0.5250016,0.3243902,1.589851,0.07183527,0.2166742,0.7986428,0,0.2370784,0.7529126,0,0,0,0,0.4861275,0,1.773015,0.1288801,0.2849621,1.717828,0.6664729,0.4842359,0,0.5590293,0,1.165665,0,0,0,0,0.1618558,0,0.01235449,1.1581,0,1.439747,0,0.5498853,0,0,0,0,0,0,0,0,0,0,0.2064582,1.662243,0,0,0,0.4660839,0,0,0,0,0,0,0,0,0,0.1056941,1.302803,0.004792795,0,0,0.6841077,0.317989,0,0,0.3843582,0,0,0.7341546,0.7853915,0,0.1644318,0,0,0.987836,0,0.2910874,0.9032086,0,0.6397487,0.4553768,0.7296643,0.8647046,0.1493666,0,0.1911596,0,0,0.230347,0.4658383,0.2086291,0.2365966,0,0,0.6890367,0.5298046,1.214898,0.7993312,0,0.4016148,0,1.187471,0,0,0,0,0.009383122,0.2896403,0,0.02587405,0,0,0,1.425941,0,0,0.3083706,0,0.4193226,0.09254227,0,0.1117164,0.1651075,0,0,0,1.003984,0,0,0,0,0.09259934,0,0.05241624,0,1.218014,0.7383782,1.072066,0,0,0.8769869,0.9107765,0,0.6392034,0,0.7967701,0.1464148,0,0.8977622,0,1.810834,0,0,0.7540882,0,0,0,0.09492151,0.9158578,0,0,0,0.568253,0,0,0,0,0.4407787,0,0,0.3942769,0.2745192,0.4051624,0.4511787,0.518044,1.639563,0.4154468,0,0.3504212,0.103446,0.3115944,0.262469,0,0.4130886,0,0.6016839,0.631955,0.5486267,0,0,0,0,0,1.683906,0,0.2911532,0,0.1778944,0,0,0.8057083,1.006473,0.353637,0.003847715,0.7462411,1.421221,0,0.988616,0.6629829,0,0.5952758,0,0,0,0.04048065,0.9322042,0,0.170347,0.06949829,0,0,0.3950242,0,0,0.04208998,0.1491841,1.297974,0,0,0.3476753,0,0.3779927,0.1156452,1.232462,0.7250444,0,0,0,0,0,0.08042246,1.165483,0,0.3863414,0.2563925,0,0,0,0.4086984,0,0,0.004310131,0.02767671,0.01738779,0.5266321,0,0,1.579329,0.928848,0.2171146,0.5496328,0.2709354,0.9597551,0,0.7557363,0,0.6838549,1.161075,0,0.96716,0.5164893,0.2713128,0.4509763,1.36318,0.9588783,0,0,0,0,0.7922007,0,0.1208093,0.2446838,1.133392,0.4198462,0,0,0.1475169,0,1.046274,0,0,0,0,0.5401335,0,1.289039,0,0.06191122,0,0.7168024,0.4218574,0.7899655,0,0.9621395,0,0.7458232,0,0.6888113,0.6555421,0,
0,0,0,0.8193762,0,0,0,0,0.2022978,0,0.01006673,0.0436517,0.2766846,0,1.33191,0,0,0,0,0,0.610866,0.6461862,0.7711974,1.202028,0.6563731,0.09142537,0,0.2606188,0,0,0.1033582,0,0.2567494,0.32832,0,0.4783772,0.8146662,0.0527478,0.3754531,1.305088,0,0.5004973,0,0,0,1.548334,0,0.2558605,0,0,0,0,0.26509,0.3817395,0.2247371,0,0,0,1.125414,0,0.3670188,0,0.5072976,0.3812833,0,0,0,0.004303277,0.1756174,0,0,0,0.3245949,0.7096166,0.664758,0,0,0.3557733,0.06335408,0,0.7340088,0.3843693,0,0,0.8156233,0,0.1204679,0,0,0,0,1.193681,0.04836999,0,0.8563008,1.08032,0,0,0.6486709,0,0,1.172306,0,0.4117622,0.5783781,0,0.002108758,0,0,0,0,0.2471046,0,1.430576,0.635107,1.174775,0,0,2.05362,0,0.03418875,0,0.1236523,0,0,0.03794226,0,0,0.8165936,0,0.009737734,0,0.3021853,0,0,0,0.5997328,0,0.7051971,0.4811258,0,0.6955193,0,0.2579193,0.517893,0,0,0,0,0.4109003,0,0.002471789,0.002504966,0,0.7074571,0,0.9608712,0.2984393,0,0.03217548,0,0,0,0,0.9227514,0.2481025,0.04911617,0,0.1372956,0.4784226,0.1321059,0.4659187,0.9799907,0.6402134,0,0.1449379,0.5952806,0,0,0,0,0,0,0,0,0.3214991,0.1641279,0,0,0,0,0.08922105,0.4002074,0,0,0,0.2848941,0,0,0.3024496,0,0,0,0.6813813,0,0.6498091,0,0,0,0,0,0.4890313,0,0,0,0,0.2035525,0,0.2888935,0.7960383,0.6209196,0.3767633,0,0,0,0,0,0.0806943,0,0.2743989,0,0.1554777,0,0,0,0.09212085,0,0,0.3987421,1.452014,0.4024699,0.6667264,0,0.6626655,0,0,0,1.195906,0.3200389,0.7388987,0,0.1621871,0,0,0,1.361694,1.13396,0,0,0,0,0,0,0,0,0.6306949,1.133338,0.3018751,0,0,0.7309967,0.3976817,0.4873565,0.4577482,0.3789161,0.3326654,0,0,0,0.06030363,0,0,0,0,0.2656557,0.2104546,0,0.4506121,0.6240544,1.082413,0,0,0,0.8962433,0.494121,0,0,0,0,0,0.241259,0,0.2480386,0,0,0.7196468,0,0,0,0.417657,0,0.169398,0,0,0.770709,0,0.9156654,0,0.5013793,0,0,0,0.5387997,0,0.9989504,0.8180136,0.2821923,0,0,1.430675,0.8154501,0.6196422,1.115177,0,1.604142,0.03319276,0.8884484,0,0,0.6240992,0.267385,0,1.107839,0.3924551,0.1216113,0.4891565,0,0,0,0,0,0,0.2911983,0.08895139,2.187872,0,0,0.4478081,1.272357,1.343429,0.1810811,0,0,0,0,0,0,0.01852832,0,0.5516342,0,0.275965,0.7611787,0,0,0,0.567885,1.8425,0,0,0.9531282,0.06027411,0,0.4344066,0,0.3222744,0,0,0.01827019,0.09229569,0,0,0,0,0,0,0.57041,0,0,0.3490211,0.6866997,0.08367533,0.1706736,0.9914665,0.1903245,0,0.01203291,0.393828,0.05225267,0,0,0,0,0.4884664,0.577778,0.01571712,0,0.4557703,0,0.8158962,0,0.1980579,0,0.3876338,0,0,0.8930957,0.4272564,0,0.1729144,0,0,0,0.1990182,0.4153287,0.003622468,0,0,0,0.8849769,0,0.4348377,0,2.213532,0,0.1080096,0.1023616,0,0,0.1568932,0,0,0,0.8720623,0.4213654,0,0.566232,0.4213534,0.1302875,0,0.4750726,0.005757645,0,0,0,0.9580357,0,0,0,0.7112491,1.359722,0,0,0.2899024,0.5250009,0,0,0.01634125,0.06196849,0.177553,0.2504983,0,0,0,0.2060635,0,0.3723375,0.4048636,0.3173936,0.03704146,0.7407945,0,0,0.8302279,0.01546379,0,0,0.5188364,0,0.3603429,0,0,0.3602384,0.7855889,1.034537,0.3462202,0,0,1.494896,0,0.9412181,0,0,0,0,0,0.9622963,0.9317186,0,0,0,0.572335,1.181405,0,0,0.9113213,0,0,0.5024706,0,0.5425869,0.5822889,0.8214657,0,0,0,0,0,0,0.4672123,0,0,0.9165812,0.03225359,0,1.239074,0.07991312,0.3046577,0.2609094,0.3947046,0,0.1154245,0,0,0.8354031,0.2217169,0,0.6525953,0,0.3240269,0,0.3340153,0,0.2166146,0.7157891,0,0,0,1.303538,0.06752525,
0,0.1718784,0,0.7114181,0.3082356,0,1.916074,1.237679,0,0,0,0,0,0.4492941,0,0,0,0.4015106,1.479912,0,1.070509,0.4115703,2.268661,1.072492,0.755718,0,0,0,0,0,0,1.512035,1.180361,0,0.9729135,0,0,0,0.05802179,0,0,0,0.5334949,0,0,0,0,1.105852,0,0.3119436,0.2459709,0,0.4452556,0,0,0.3772113,0,0,0,0,0,0,1.391891,0.8225355,0.04903245,0.7628931,0.9303866,1.31927,0.6788825,1.040857,0.1878391,0,0,0,0,0.723688,0,0.8660135,0.1885159,0.06371822,0.177577,0.2002776,0,0,0,0,0.3386732,1.191825,0,0.8305497,0,0,0.1445338,0,0.363137,0.2321574,0,0,0,0,0,0,0.4528741,0.6660867,0,0.4024863,0,0.5685344,0,0.2536137,0.3474299,1.133139,0.2251832,0.888392,0,0.08614006,0,0.3446759,1.324477,0,0,1.315052,0,0,0,0,0,0.3791903,0,0,1.429617,0.142744,0,0,0,0,0.6028031,0.3445135,0.6713923,0.1132332,0,0,0,0.5913595,0,0.148744,0,0.2222108,0.8886253,0,0,0,0,0,0,0.7033773,0.2087101,0,0.1032056,0.8671044,0.6735635,0.1662586,1.741943,0.03394088,0.7141639,0,0.2575537,0.7680584,0,0,0,0.5193776,0,0,0,0,0,0,0,0.02016789,0.539067,0.06750006,0,0,0.3670265,0,0.1923245,0,0.8709149,0,0,0,0,0,0.7224302,0,1.20485,0,0.9592522,0.03442448,0,0,1.350313,0,0.6263757,0,0,0,1.223151,0,1.942949,0,0,0.3202204,0.1727882,0.4414838,0,0,0,0,0,0,0,0,0.8562421,0.213222,0,0.4035468,0.2659651,0.2542762,0.5832105,1.793401,0.1572104,0,0.3877685,0,0.3062654,0.2199062,0,0,0,0.8196508,0,0.1068939,0,0,0,0,0,0,0.07389186,0.3791404,0.130993,1.062809,0,0.002207777,0,0.5631014,0,0.35442,0,0,0,0,0,0,0.7821525,0.5721542,0.5035561,0,0.4628099,0,0.2514673,1.252159,0,0.3086898,0,0,1.591086,1.489589,0.836201,0,1.392974,0,0,0,0,0,0.9591259,0.1678018,0,1.118941,0.4416567,0,0.03090153,0.4060796,1.047146,0,0.07745303,0,0.4941247,1.554301,0,0,1.494824,0.03576774,0.4358866,0,0,0,0.7268688,0,0,0.9866976,0,0,0.5956799,0,0,0,0.777793,0,0,0.3384952,0,0.3122017,0.4806789,0,0,0.8221903,0,0.1195322,0.04661607,0,1.020352,0.5578445,0.1745516,0,0,0.5577309,0,1.237317,0.6405312,1.09579,0.1651143,0,0.7000472,0.002306714,0,0,0.02761641,0,0,0,3.330113,0,0.6622536,0,0.4597877,1.262632,0.1057553,0.8603199,0.03890024,0,0,0,0.547056,0.1128846,0.143678,0,0.457365,0.1252025,0.6973153,0,0,0,0.3439678,0,0,0.1899872,0.1728539,0,0,0.6009465,0.9009032,0.3589113,0,0,0,0.05494086,0,0,0,1.054399,0,0,0,0.3157994,0,0,0,0.7007645,0,0.9307729,0,0.6181151,0.3235373,0.9582967,0.7332161,0.5797225,1.254132,0.04063357,0,1.284031,0.1737503,0,0.1893793,0.3865769,0,0,0,0,0,0,0.6871344,0,0,1.000488,1.449999,0,0.4060092,1.200616,0.9231513,1.222714,0,0.6188128,0.3966755,0.8760075,2.246398,0,0,0,0.7150174,0,0,0.3857094,0.5458549,0,0.6916128,0.85271,0,0.1201501,0.1201305,0.9697388,0,0.3808686,0.2376279,0.08628025,0,0,0,0.483941,0,0,1.185002,0,0,0,0.2052037,0,0.4324413,0.3803522,0,0,0,0,0,1.565747,0.4317718,0.3408881,0.02299344,0,0,0,0.155738,0.1989876,0.6287407,0.9979286,0,0,0.1628266,0.755316,0,0.1455994,0.611006,0,0,0.401839,0,0,0.2911169,0,0,0,0.4024568,0,1.188037,0.2426973,1.537874,0.8787183,0.5494907,0.1939361,0,1.463353,0,0.5379993,0.5256026,1.733249,0.7709917,0,0,0.2385945,0,0.3791257,0,1.040012,0.2260821,0.1892631,0.428012,0,0,0,0.2707684,0.03680957,0,0.2253962,0,0.4041094,0,0.4696897,0.1266768,0.2577763,0.03094942,1.235121,0,1.243979,0.804319,0,0,0,0.5144465,0.5803148,0,0,0.5345759,0.3678516,0,0,0,0,0,0,0.2512867,0,0,0,1.158395,0,0,0.6979846,
0,0,0,0,0,0.1339938,0,0.08526974,0,0.4921751,0.7984073,0,0.1087241,0.1213144,0.4682474,0.733292,0.4360091,0.1392541,0,1.201373,0,0,0,0,0.6012853,0,0.7198865,0.4292892,1.031435,1.299613,1.089306,0,0,0,0,0,0.2694867,0.7972555,0,0,0,0,0.0808984,0,0,0,0,0,0,0,0.5640541,0.5322713,0.4505559,0.3216804,0.4872335,0,0,0,0.3628663,0.9370025,0.2216757,0.7818298,0,0,0.8941407,0.4374335,0,0.03487195,0,1.620539,0,0,0,0,1.159006,0,1.239609,0.395769,0.9112517,0.777651,0,0,1.192535,0,1.523807,0,1.232824,0.205427,0.1391225,0,0,0,0.08777095,0,0.8739975,0,0.8544738,0,0,0,0.02754807,0,0.05916689,0.8049412,0,0,1.092004,0,0,0,1.405665,0,0,0,0.4201427,0.0331994,0,0,0,0.1629548,0,1.212528,0,0,0,0,0.7578076,0.3269182,0.6320103,0.6573306,0,0,0,1.026213,0,0,0,0,0,0,0.1823345,0.006525974,0.1899624,0.1835809,0.8533781,0,0,0,0,1.000004,0.8311526,0.8003088,0,0.1088118,0,0.1779792,0.1451909,0,1.547959,0.4776608,0.02549136,0,0.9061004,0,0,0.5073557,0.2855745,0,0,0.7854467,0,2.10253,0,0,0,0.1266243,0.6990206,0,0,0.9338869,2.116029,0,0.1154556,0.5529311,0,0.1172008,0,0,0.7508568,0,0.6915087,0,0.4777123,0,0.4126734,0.08509581,0,0,1.01821,0.521339,0,0.6331099,0,1.064701,0.0162301,1.07429,0,0.3682156,0,1.715976,0.03379889,0,0.7604416,0.1612321,0.9510928,0,0,0.3476789,0.2036355,0.1564595,0.02991328,0,0.1583337,0.004997308,0.04064481,0.01000265,0.4400239,0,0,0,0,0.1377386,0.4825341,0.2481496,0.4626365,0,1.498731,1.002234,1.542515,0.2404828,0.4445343,0.751554,0,0.219717,0,0.210212,0,2.230452,0,0,1.71879,0,0.07985953,0.8967651,0,0.794619,1.285071,0,1.30708,0,0,0.1725323,0.5485293,0,0.7110753,0,0.3522558,0,0.5468374,0,0,0.175055,1.009339,0,1.910085,0.8723691,0.7730564,0,0.1676257,0,0.3281792,0.2887828,1.027627,0,0.8005203,0,0,0,0.5768571,0,1.301118,0,0.1976227,0.7499083,0,0,0,1.667352,0,0.5875424,0.5906098,0.5652171,0,0,0,0,0.1172146,0.2794958,0,0,0,0,0,0,0,0,0,0,0.009659138,0,0.2451063,0,1.884797,0,0.6567688,0.4747629,0.5275633,0,0.547582,0,0,0.4364948,0.673176,0.1821502,0.7968765,0.7207033,0,0.1377874,0,0,0,0.1569837,0.1199175,0.1002764,0,0.361086,1.737426,0,0,0,0,0.8543199,0.1487475,0,0.2077854,0.1412318,1.028588,0.5880127,0,0.1173199,0.1664509,0,1.275813,1.737257,0.2918139,0,0.780263,0,0.830922,0,1.309086,0,0.4134268,0.1734549,0,0.4217985,0,1.080983,0.4836666,0,0,0.1491806,0.08693037,0,0,0,0,0,0.5479406,0.002737361,0.2182201,0,0.185219,0,0.1215995,0,0.1666309,0.1024399,0,0.7516663,0.3981512,0,0,1.245877,0,0.1713437,0,0,0.2908652,0,0.4418756,0.7080562,0.6938096,0.7888253,0.2914866,0.3426944,0,0,0,1.236949,0,0.751681,0,0,0.003195264,0.3915829,0.4439176,0.08461036,0.6707909,0,0,0,0.8032615,0,0.1966753,0,0.2823959,0.932664,0.4453937,0.6561614,0.09800351,0,0,0,0.4600697,0.6263219,0.4203374,0.02459243,0,0.1114385,0.2918976,0.5548607,0.5035053,0,0.07934338,0,1.767725,0.2189386,0,0.1135859,1.095713,0,0.4542868,0,0.04499663,0,0.04240702,0.1072518,0.6553275,0,0,0,0.3049534,0,0,0.7323709,0,0,0,0.4809312,0.3994141,0,0.5195821,0,0.8383752,0.5943125,1.367102,0.5469101,0,0.09487675,0,0,0,0,0,0.8959138,0.1557421,0,1.196044,0,0.6688138,0,0,0.0200832,0,0.5952196,0.7935322,0,0,1.027192,0,0,0.2579283,0,0,0.2865711,0,0,0,0.2595065,0.7521746,0,0.1509701,0,0.01820101,1.419326,0.04165677,0,0.03686778,0.2054209,1.05949,1.165586,0.2769578,0.3634875,0.1770995,0,0.1736171,1.022382,0.1517879,0.3672477,0,0.1594974,0,0.4237931,1.106856,0.3097278,0,0,0.09506391,0.6270276,0.6484069,0.1395892,0.1551621,0.2363892,0.3188576,0,0,1.301324,1.036654,0,0,0,0.9938043,0,0,1.479704,0.04731585,0,0.3866447,0.03404754,
0.6904736,0.9441293,0.1736596,0,0.6707565,0,0,1.492795,0,0.4678295,0,0,0.7618465,0.361592,0,0,0,0,0,1.090318,0,0,0,0,0.3915085,0,0,0,0.4713548,0.7955467,0.3656687,0.3813856,0,0,0.1693863,0,0.1912564,0,0,0,0.09525415,0,2.043415,0.1413268,0,0,0.5407966,0,0,0,0,0.0102001,1.975152,2.023199,0,0.1973358,0,1.499369,0.5819135,0,0.6676576,1.120729,0,0.1259263,0.9063797,0.5791145,0,0,0,0.1061688,0,0.6148012,0,0.1560168,0,1.670894,0.0863588,0,0.9309365,0.03027936,0.7910087,0,0,0.8288531,0,0.77421,0,0,0,0.571479,0.257568,0,2.563283,0,0,2.037306,0,0.357826,0,0.3487925,0,0,0,0.0578724,0.2099311,0,0,0,0.2919238,0,0.2136623,0,0,0.3337658,0,0,1.077354,0.8427368,0.3846618,0,0,0,1.40433,0.4841696,0,0.1281758,0.9740093,0,0.07944177,0.7382392,0,0,0,0.1062944,0,0,0,0,0,0.1582248,0,0,0,0.3410147,0.2345766,0,0,0,0,0,0,0,0.2265797,0,0,0,0,0,0.09970565,0.4274847,0,0,0.306485,0,0,0,0.7809112,0.8427704,0,0,0.5295748,0.4447665,0,0,0,0.2538615,0,0,0.906882,0.3376237,0.3771348,0,0.4410275,0.3364586,0,0.1494673,0,0.339906,0,0.4738828,1.461765,0,0,0,0,0,0,0.8091381,0.3003095,0.1884323,0.2899619,0,0,0,1.6637,1.361917,0.1739679,0.5446298,0.3955326,0,0.3085925,0.9356,0.5737175,0,0,0,0,0,0,0.03069472,0,1.472683,0,0,0,0.2215095,0,0,0.5933015,0,0.2983191,0,1.214408,0,0.5170258,0,0,0.1772665,0,0,0.8926274,0,0,0,0.5241174,0,0.366997,0,0.2971609,1.745482,0,1.100454,0.07793934,0.4324312,0,0,0,0.2801986,0.02637894,0.9767211,0.3577437,0,0,0,0.2423919,2.141014,0.9390264,0,0,0,0,0,0,0.04942837,0,0.3170345,0.1089681,1.389178,0.4789302,0,0.3098422,0.8772737,1.070657,3.159105,0,0,1.380985,0,0,1.200202,0.7715888,0.4170397,0,0.9820448,0.002388755,0.5783378,0,0.8893926,0,0,1.369214,0,0.2240954,1.222853,0,1.282077,0.6999503,0,0,0,0,0.5002585,0,0,0.6828009,0,0.2079042,0.1890809,0.457233,0,0,0.2056494,0.6457409,0,0,0,0,0.1988774,0.3363245,0.320191,1.566081,0,0,0,0.2800547,0,0.9921252,0,0,0,0,0,0,0,0.08534034,0,0.3725019,0,0,0.8861102,0.3413818,0,0,0.4242042,0,0,0,0,0,0,0.2964722,0.04643296,0,0.9408322,0,0.1371809,0,0,0.8715184,0,0,0,0.2421211,0.333324,0,0,0,0,1.891675,0.4964703,0.4825989,0,0.1156115,0.6858051,0.7250115,0.01216625,0.1691823,1.318453,1.638021,0.6810412,0,0,0,0.02876768,0.3951328,1.183198,0,0,0,0,0,1.185238,0.2998791,0,0.8459314,0.09407378,0,0,0,0,0,0,0.12504,0,0,0.3134397,0.3955461,1.801861,0,0.8984616,0,0,0,0,0.5994834,0,0.2184321,0,0.1637215,0,0.03197661,0.679267,0.4756225,0,0,1.620786,0.2328957,0,0,0,0,0,0,0,0,0,0.6836318,0,0.2381113,0,0.1586643,1.769129,0,0,0,0,0.78561,0.3700145,0,0.426946,0,0.3637262,0.8225755,0,0,0,0,0.2332472,0,0,0,0,0,0.0573348,0,0,1.388955,0.2430259,0,0,0.2789094,0,0,1.158185,0.7371643,0.357522,0,0.9050336,0,0.6850469,0.7570721,0.598574,0,0,0,0.5499309,0,0.6102366,0,0.4197925,0,0,0,0.5332366,0.5689415,0.5411651,0,0.4128942,0,0,0.1926119,0,0.5917121,0.9020374,0,0,0,1.669938,1.863846,0.301894,0,0,0.7269751,0.6699092,0,0.331842,0.8822675,0.7707028,1.358953,0.04645918,0,0,0.8165912,0,0,0,0.8986045,0.160914,0,0.4092097,0,0.2543772,0.4677983,0.8416717,0.4212309,0.4927664,1.523497,0.3784502,0,1.970176,0.7230398,0.4383586,0,0.02478026,0,0,0.03140723,0.5379459,0,1.427495,0,0.5761841,0.1291236,1.076392,0.2622857,0.227399,0.2867725,0.3402295,0,0,
0.7426624,0,0.3973379,0.6449016,0,0.5630379,0.621426,0.4631651,0,0,0.1309173,0,1.370016,0,0.4701743,0,0,0.2545733,0.3347173,1.063192,0,0,0.130129,0,0,0.8751025,0,0,0,0.7289102,0.4700944,1.623267,0,0.625789,0.3724735,0.609587,0,0,0,0,0.7456551,0.5800191,0,0,0,0.3928198,0.4057453,0.3417165,0,0.06957424,0.5230215,0,0.9260737,0.5683877,0.9153911,0,0,0.9865072,1.121382,0.2742684,1.419994,0.5221182,0.06326997,0,0,0.3162747,0,0,1.583946,0.9837317,0,0,0,0.2050049,1.072744,0,0.3407902,0,0,0,0,0.6478928,0,0,0.2935189,0.2275169,0,0,0,0.1574641,0.6433399,0,0,0,0.5507382,0,0,0,0,0.4171946,0,0.1896677,0.9755847,0,0,0,0,0,0,0,0,0.8108778,0.921079,0,0,0,1.747517,0,0.6213427,0.4712588,0,0,0,0,0,0.9855633,0.878768,0,1.366269,0.3625562,0.3172673,0.2076366,0.5455578,0.9431242,0.1772775,0,0,0,0,1.092249,0,0,0,0.28072,0,0,0.0557686,0.1366774,0.8094316,0,0,0.461252,0.6944279,0,0,0.6947264,0.7545695,0.1820109,0.6555567,0,0.1933341,0,0.1735679,1.567808,1.654668,0.1986006,0,0.8261213,0,0.7099103,0,0,0,1.913086,0.5718607,0,0.425606,0,0,0,0,0,1.15394,0,0,0.02976985,0,0.3627247,0.8085055,0.9921484,0,0.8584467,0.1668812,0.6015792,0.1612376,0.3113748,0,0,1.060368,0.918668,0.1545841,1.079502,0.3374561,0,0,0.4501322,1.781069,0,0.3068417,0,1.203223,0,0.5086955,0,0.4188449,0,0,0.06683029,1.361125,0.3577364,0.1070916,0,0,0,0.4882669,0,0,1.186347,0,0,0,0,0,0.2642669,0.480938,0,0.8038465,0,0,0.5442342,1.034232,0,0.1539265,0,0.1829956,0,0.9628473,0,0,0.2436505,0,0.5593225,0.4117632,0,0.6527591,0,0,0,0,0.09669511,0.08598373,0.1071142,0,0.1696258,0,0,1.488048,0,0.2238542,0,0.8778966,0,1.213319,0,0.1451265,0,0,0.2475921,0.2286779,0.314963,0.2355832,0,0,1.035547,0.6611617,1.227644,0.858478,0,0,0,0,0,1.210346,0.6882662,0,0,0,0.5768292,0,0,0,0,0,0,0,0,0.6771185,1.219553,0,0,0,0.2337662,0,0,0.2344572,0,0.600926,0.3262935,0,0,0,0,0,0,0,0,0,0.6528878,0,1.406999,0,0,0,2.54599,0,0.3251638,0.3811365,0,0,0,0,1.7028,0.2916025,0.1964921,0,0.153272,0,0,0,0,0.5708994,0,0,0,0,1.316085,0.1632646,0.6000314,0,0.1756107,0,0.2195555,0,0.7070366,0,0,0,0.6724606,0,0.2550515,0,0,0,0,0,0.5445813,0.2162697,0,0,0,0,0,1.314446,0.7275485,0.5040895,0,0.3653208,1.1171,1.262398,0,0,0,0,0,0,0,1.108864,0.9972367,0,0,0,0,0,0,0.2969538,0,1.191755,0,0.7204134,0.06050743,0.3052309,0.837688,0.8912985,0,0.696943,0.3824244,0,0,0,0.03117179,0.241859,0.1599171,1.985002,0,0.4163766,0.7285628,0,0,0,2.099086,0,0,0.4949966,0.146319,0,0.7685209,0,0,0,0,0.2361114,0.5293415,1.929809,0,0,0.2747216,0,0,0.8808957,0.4182092,0.1193855,0,0.2891129,0.8715823,0,0,0,0,0.4931999,0.1928573,2.232928,0,0,0.8016248,0.9011318,0.9215249,0,1.181775,0.8762605,0.474186,0,0.2159973,0,0.06685897,0,0.8936434,0.2102152,0.5777985,1.04818,0.09990627,0.07708324,0,0,0,0.441306,0,0,0.09464417,0,0,0.8855281,0,0,0,0.1746507,0,0,0,0.00307817,0,0.779092,0.6423988,2.405806,0,0.1833123,1.294352,0,0,0,0.9036669,0,0.9456218,0,0,0.1017411,0,0.208828,0.4335625,0.156312,0,0,0.1843406,0.3461072,0,0.7896714,0,0.1641066,0,0,0.2303137,0,0,0.2902819,0,0.9144565,0,0,0.1892643,0,0,0.4961751,0.5067681,0.2395823,0,0.1820706,0,0.5112452,0.3147529,0.5321766,0,0,0,0,2.057604,0,1.685856,0.4328931,0,0.1178076,0.3320839,0.401125,0.6795465,0.1672425,1.226358,0.9377038,0.1473066,0.229735,0.7438602,0.2542199,0,
0.1933383,0.463241,1.169904,0,0,0,0,0,0,1.188121,0.9941645,0.2976806,0,0,0,0,0,0.06768245,0.2459475,0,0,0,0,0.2121497,0,0.2409815,0,1.369566,0,0,0,0,0,0.5000624,0.6763003,0,0.4149001,0.003188341,0.6626012,1.516745,0,1.086776,0,0,0,2.006201,0.3881094,1.313432,0.4298034,0.494003,0,0,0,0.1832308,1.580699,0,0,0,0.5981874,0.4900265,0,0,0,0.788819,0.1967515,0,0,0,0.1588227,0,0.5725312,0.3246783,0,0,0,0,0.7290862,0.5831993,0,0.7256043,0.002667111,1.013544,0,0,0.0101728,0,0.1153556,0,0,1.120092,0,0,0.2339152,0.5674971,0,0.9166648,0,0,0.6716162,0,0,0.9228867,0,0,0.7927876,0,0,0.946128,0,1.126958,0,0,0,0,0,0,0,0,1.270649,0.1930285,0.2675885,0,0,2.52217,1.93035,0,0.02806987,1.061516,0.8505936,0,0,0.6725974,0.4678256,0.08968062,0.07630816,0.4039371,0,0,0,0,0,0,0,0.7347604,0.2905082,0,0.5509979,1.618914,0.7199551,0,0.6335117,0.5265869,0,0,1.576437,0,0.4701928,0,0,0,0.02117917,0.06860831,1.011295,0,0.04896858,0,0.1200997,0.7248606,0.2444706,0,0.2557856,0,0,0,0,0.492324,0.02838214,0.6694845,0,0.502914,0,2.113617,0.2580747,0,0.7138935,0,0,0,0.4907317,0,1.529442,0,0,0,0.05053914,0,0,0.3562458,0.9475458,0,0,0,0.5513988,0,0,0.3805021,0.3847154,0,0.6409132,0,0.9770124,0.28779,0.6582408,0.06293347,0,0,0.8784554,0,0,0,2.229736,0,0,0,0,0.9604329,0.03896243,0,0.5794963,0,1.187464,0,0,0.1919583,0,0.7145681,0,0,0,1.583879,0.3247205,0,0.7898394,0,0,0.2684223,0,0,0,0.8786055,0,0,0.09459506,0,0.2527745,0.915328,0,0,0,0.3396392,0.8323851,2.004027,0.1189314,1.343248,0,1.278035,0.601345,0.1939594,0,1.084056,1.749003,0,0,0,0.727516,0.7613324,0,0,0.07190155,0.4303423,0.8336127,0,0.3035809,0,1.051447,0,0,0,0.4335907,0.05071801,0,0.5547645,0.09172898,0,0,0,0,0,0,0,0,0,1.65975,0,0,0,0,0.01364446,0,0,0,0,0,0,1.373042,0.8357932,0.8006384,0,1.437682,0.04713094,0.7801397,0,0.2629473,0.09127186,0.4651201,0.2526461,0,0.3065548,0,0,0,0,0.6770593,0.5650256,0.7720705,0,0.711306,0,0.3258875,0.2439616,0,0.3430374,0.06238896,0,0,0.4127116,0,0,0,0.2103205,0,0,0.01142213,0.02504583,0.1471442,0,0.44256,0.3221315,0,0,0,0.3004242,0.7314137,0,0,0,0,1.006472,0.9034818,0.0660266,0.1095619,0.5907698,0,0,0.4808895,0.2434069,0,0.1639075,0,0,0,0,0,0.2532547,0.5139175,0,0,0,0,0.4620841,1.514526,0.7138458,0,0,0,0,0,0,1.217377,0.7559577,0.5164322,0,0,0,0.1263015,0.2870985,0,0.5866337,0,0.1667852,0,0,0.5253399,0,0,0,0.915381,0,0,0,0.292102,0.5313212,0,0,0,0,0,0.2587515,1.381133,0,0.07301413,0,0.5945551,0.4871301,0,0.6062937,0,0.9937535,0.6969836,0,0.6207501,0,0,0,0,0,0,0,0.04344158,0,0,0,0,0.4091687,0,0,0,0.3998093,0,1.058808,0,0,0.4648261,0,1.063036,0.146913,1.032799,0.3361989,1.725678,0.2204584,1.332352,0,0,0.3328246,0,0,0,0,0,0.3093857,0,0.2339784,0.763258,0,0.2074022,0.1439648,0,1.549063,0.6557087,0,0,1.143843,0,0.08096012,0.2106758,0.9299242,0,0.04524902,0.1433758,0,0,0.09007271,0,0,1.202276,0,0,0,0,0.6738442,0.2864719,0.3256258,0,0.7178182,0.002634841,0.6585602,1.069921,0,0,0,0,0,0.5156695,0.5053573,0,0,0.1330277,0.06394835,0,0.520933,1.843588,0,0,1.456506,0.1760951,0.03208327,0.6681536,0,0.8418206,0.7904207,0.06341039,0.2486781,0.6827155,0.6756628,0,0,0,0.1727565,0.2274878,0.4591597,0.7139732,0.6502242,1.480963,0,0.8940778,0,0.9409881,0.5246138,0,0,0,0.01117309,0,0,0,0,0,0,0,0.6008511,
0.2463753,1.142939,0.983673,0.2450991,0.2165031,0,0,0.126717,0.6030303,1.228893,0,0.8387715,0.3388389,0,0,0.3591576,0.5136374,0.7708191,0.1853961,0,0,0.09656668,0,0.02888114,0,0.07863338,0,0.5814354,0,0,0,0,0.2053238,0.3039138,0,0.660293,0,0.1857712,0.1982795,0.8969595,0,0,0,0,0,0,0,0,0.1671888,0.05726121,0,0.0143701,0.8041006,0,0.2964681,0,0.6616021,0,0.5528127,0,0,0,0.02799495,0.9446163,0.6855421,0,0,0,0,1.214152,0,0,0.04304558,0.3490872,0.639136,0.8250989,0.2556212,0,0,0,0,0,0,1.445033,0,0.296609,0,0,0,0,0,0.7851695,0,0.02642599,1.657398,0,0,1.292736,0.5445486,0.2033851,0.9334714,0,0.1382377,1.34233,0,0.1033642,0,0,0.4117085,0.1267762,0,0,0,0,0,0,0,0.6274509,0,2.062435,0.9362322,0,0,0,0.4549886,0.1308048,0,0,1.199138,0.1793471,0.2362689,0.09796078,0.07625461,0.2604008,0.6647679,0,0,1.059037,0.9611621,0.134719,0.4554201,0.9633935,0,0.8324866,2.042694,0,0,0,0.6975326,0.6755692,0,0,0,0,0.2528634,0,0,0,0.323704,0,0,0,0,0,0,0,1.166283,1.448303,0.4818252,0.897836,0.2655061,0,0.8261341,0,0,0,0,0.4142985,0,0,0,0,0.9467032,0,0,1.022481,0.07335551,0.9379801,0,0,0.8513952,0.8996637,0,0,0,0.7972187,0.5685806,0,0,0.9056373,1.539096,0.9793245,0,0,0,0,0.2280239,0.2103308,0.2324479,0.01130422,0,0,0,0.6578643,0.6684414,0.3757585,1.086846,0.5197754,0.4073392,0,0,0.6566506,0,0.2272125,0.8505853,0.4207057,0,1.911674,0,0.5428984,1.409383,0,0.7893314,0.7621462,0.4599908,0,0,0.5804701,0,0,0,0.05557442,0,0,0,0.197658,0,0.707544,0.4511284,0,0.2506091,0,0.1516217,0.4229364,0,0,0,0.04991047,0,0,0.3345014,0,0,0,0,0,0,0,0,2.158967,0,0.6407913,1.126206,0.2647333,0.7180528,0,1.43535,0,0.3053332,0,0,0,0,0.1939426,0.5652738,0,2.311058,0.7983675,0.5500215,0.509122,0,0.1268702,0,0,0,0,0.6474475,0,0.1458597,0,0,0,0,0.3696822,1.784895,0.09775931,0.04062909,0,0,0.1166965,0,0,0,0.3347047,0.2790097,0,0,0.2314981,0,0,0.1174185,0.1685094,0.4042781,0.1046789,0.01866495,0,0.210475,0,0,0.7585576,0.6993365,0,0.7745748,0,0,0,0,0,0.8320143,0,0,0,0,0.1588725,1.830758,0,0.05133754,0,0,0.5246868,0.9634641,0,0.9688508,0.3232202,0.02495556,0,0.8457636,0.4530057,0.9307106,0.3998736,0.8805356,0.7090389,0,0,0.4305339,0,0.4964732,0,0.8279108,0.5790587,0,0.1498846,0,1.2271,0.7333191,0,0,0.06443509,0.8133219,0.3103054,0,0.9586663,0,0,0,0.9664158,0,0,0,0.4619584,0,0.02744912,0.9367151,0,0.1677895,0,0,1.163536,0,0.539862,0,0,0,0.2252003,1.070227,0,0,1.030853,1.005522,0,0.1292398,0,0.269035,0.02708355,0.5300186,0.5276596,0,0,2.466813,0,0,0.2416589,0,1.73976,0,0.1970897,0.6038548,1.165179,0,1.583747,0,0.701259,0,0,0.3704833,0,0,0,0.03492435,0.675791,0,0.7924383,0,0.4326579,0.4877228,1.075938,0,0.2671769,0,0.620082,1.431677,0.5388423,0.3640068,0,0,0,0.1390706,0,0,0,0,0,0.2772661,0.2812059,0.05194214,0,0.4564782,0,0,0.6808071,0,0,0,0.767127,0.4471552,0,1.710562,0,0.0402063,0,0.3090152,0.2931623,0,0,0.7918838,0,0,0.9061607,0.5122102,0,0,0,0,0.004731984,0.4043913,0,0.2502695,0,0,0,0,1.140059,0.2067577,0,0.1385579,1.664595,0,0,0.5365753,0.5711561,0.7615156,0.8398076,0.6009126,0.2060958,0,0,0.006917269,0.3681956,1.329636,0.4772469,0,0,0,0.7024167,0.8853485,0,0,0.395169,1.70821,0,0.2537789,0.007241892,0,0.3867642,0,0,0.4289564,0,0.1059441,1.372158,0.05262912,0,0,0.3791441,0,0.0786735,0.4922861,0,1.541133,0,0,0,0.3038067,0.0199602,0.6938806,0.9926369,0,0,1.333743,0,0.4992515,0,1.72696,0.234733,0,0,0,0,0.6989059,0.6245318,
0,0.1578221,0,0,0.6155664,1.42691,0,0,0,0,0.7541421,0.4767371,0,0,0.09878747,0,0,0.0813731,0.707929,0,0,0.5921845,0,0.5797347,0,0.2850226,0,0,0,0,0.05041549,1.064737,0,0.7346461,0,0.07464401,0,0,0,0,1.140431,0,0,0.4655414,0.04472543,0,0.1100131,0.3111413,0.9545642,0,0.700216,0,1.121928,0.3192047,0,0.5679802,1.836894,1.747296,0.6034171,1.7175,0.5216081,0.7544066,0,0.3428861,0.3831872,1.063222,0,0,0,0.1242647,0,0,1.083437,1.090992,0.8631176,0,0,0.4606864,0,0,0,0,0,0,0,0,0,0.8014429,0,0,0,0,0,0.3473952,1.07275,0.3097414,0,0,0.9542186,1.114751,0,0.7363516,0.4573648,0,0.6858305,0.8870732,0.9224555,0.9124905,0,0.0108402,0,0,0,0,0.2903587,0.04449372,0.04846152,0,0,1.767535,0,0,0,1.283789,1.645981,0,1.366506,0.2256411,0,0,0,0,0,0.0263134,0,0,1.540439,1.346316,0,0.103374,0,0.01134197,0.2818433,1.27353,0,0.1108736,0.1312007,0.1826221,0,0.5768055,0,0,0.394803,0.9011719,0,0,0,0.3667042,0,0,0.1256195,0.110074,0,0.2721458,0,0.327139,0,0.7514806,0,1.088888,0.957484,0,0,0.8690673,0,0,0.6844953,0,0.03225322,0.4327754,0.4584469,0.331733,1.341151,0.4462751,1.168895,1.379997,0,0.6876179,0,0,0.3868117,0.07858214,0,0.1381402,0.1900033,0,0.4273416,0,1.096139,0.4003702,1.084669,0,1.169437,0,0.6171656,0,0,0.3551098,0,0,1.138608,0.6372583,0,0,0,0.4126506,0.6934541,0,0,0,0.0433465,0,0,0,0,0.1114875,1.249125,0.6801602,0,0,0.3599911,0,0.03075818,0,0.008357661,0,0,0.8412098,0.01906044,0,0.8786569,0,0.4797383,2.436645,0.4416568,0,0.7983565,0,0,0,0.397982,0,0,0.5192125,0,0,0,0.935602,0,0,0.3692397,0.6350776,0.8300858,0.2813489,0,0.8518813,0.7353001,0,0,0,0.1695573,0,1.221011,0,0.4040915,0,0,0.1492887,0,0,0.8764313,0.9327443,0,0.1916505,0.3594713,0,0,0,0.9434795,1.003053,0.2519516,0,0,1.058131,0.05348213,0,0,0,0,0.004618161,0.6909223,0,0,0,0,0.4475021,0.9631967,0.8724945,0.4760986,0,0,0.4756311,0,0,0,0.3057932,0,0,0,0,0,0,0.5976369,0,0.6144372,0.3246528,0,0,1.041353,0.202135,0,0.6826923,0,0.8622199,0.6268606,0,1.329994,0.2024183,0.8360444,0.7749885,0.6465679,0.3555823,0,0.4009663,0.7110214,0.8746882,0,0,0,0.7342332,0.2473266,1.687869,1.044202,0,1.535225,0,0,0,0,0,0,0,0.8423797,0.4118353,0,0,1.062816,0.8546291,0.351464,0.09207621,1.174133,0,1.192549,1.03204,0,0,0,0.09345478,0.7041196,0.3903792,0.7422191,0.4405162,0.327675,0.03712416,0,0.4494969,0,0.4666463,0.1567861,0,0.5389556,0,0,0.6852862,0.2861911,0.6386369,0,0,0,0,0,0,0.9371337,0.2062371,0.3261775,0,0.1277924,0.2084252,0.03013347,0,0,0.09040349,0,0,0,0,0.2265276,0.6819872,0,0,0.3965802,0.7812617,0,0.3836871,0.1284325,1.054842,0.485948,0,0.3129086,0,0.4849248,0.07340938,0.2963894,0.06680572,0.5192721,1.280169,0,0,0.5416918,0,0,0,0.4591665,0.5603153,0,0,0.1022415,0,0.5916494,0.1544839,0,0,0.9457772,0.095665,0.9841666,0,1.13435,0,0,0.618136,0.1456539,0.7245328,0.1794986,0.7411633,0,0.2883399,0,0,0.5318354,0,0,0,0,1.15501,0,0.1768607,1.499621,0,1.411435,0.2580685,0.7156734,0,0.2758669,0,0.8078615,0.06582925,2.892452,0.3092298,0,0.4356203,1.11022,0,0,0,0.4454437,0,0,1.283404,0.743512,0,0,0,0.7085763,0,0.3673235,0,0,0,0.6928232,1.019163,0.5326898,0,0,0,0,0,0.7871957,0,0.2139054,0,0.05624284,0.9943946,0.07472095,0,0,0.2670551,0.7067687,1.130095,0,0,0.8782069,0,0,0,0,1.642388,1.19448,0,0.8622015,0.3467013,0.9258158,0.6587593,0,0,0,0,1.366244,0,0,0.2874437,1.260523,0,0,2.225158,1.369612,0,0.1846431,0.07048897,0.4652342,0.7977387,0.5693424,0,0,1.301533,0,0.6458295,0.4350523,0,0.5823781,0.8185015,
0.7810619,0,0,0,0.6227088,0,1.215835,0.1881669,0.1097888,0,0,0.8248664,0,0.126517,0.7199953,0.0438074,0,0,0.1474592,0.4963985,0.2127009,0.5557832,0,0,0.3532006,0,0,0,0,0,0.002233607,0,0,0.2136381,0.6244678,0.2349041,0,0,0.9040869,0.04789497,0,0,0,0.1685349,0,0.7417296,0,0,0.1736268,0.695574,0,0,0,0.03299204,0,0,0.445057,0.6903592,0,0.1668029,0,1.452366,0,0.2793475,0,0.1215053,1.430094,0.2152451,1.725969,0,0,0,0,1.237916,0,0,0.05515607,0.8518713,0,0.4022883,1.547073,0,1.191167,0,0,0,2.04124,0,0,0,0,0,0,1.931593,0,0.0463162,0.2587506,0,0.1591423,0,0.4927987,0,0,0,0,0.0329211,0.2360241,1.940335,0,0,0,0,0,0,0,0,0.1078193,0,1.372105,0.1228473,0,1.007465,0.00684316,0,0,0,0.03014428,0,0,0.4424147,0,0,1.403561,0.3543032,0,0.2288744,0,0,0.6443453,0.4700162,0,0.1838989,0,1.048524,0.005710918,1.227252,0.02026955,0,1.37738,0.1570353,0.4866439,0,0.05694903,0,1.18699,0,0.8496991,0,0.433185,0.1481297,0.616495,0,0,0,1.251235,0.4741388,0.3494025,0.6813892,0,0,0,0,0.9999636,0.03589161,0,0.5514581,0,0.2873179,0,0,0,0.4687027,0,0,0,0,0,0.02131301,0,0,0.1475713,0,0,1.600436,0.4246652,1.406368,0,0,0,0.03311721,0,0,0,0.3914248,0,0,0.4725455,0,0,1.117599,0,0.2095288,0.3820663,0,1.377981,0,0,0,0.1496371,1.241475,0,0.6759648,0,0,0.5938978,0.2127583,0.7426167,0.6605951,0,0,0.3838927,0.4983625,0,0.2750108,0,0,0,0,0,0.06247121,1.148827,0,0,0,0,0.2153765,0,0,0,0.003034428,0,0.3576505,0,0,0,0,0.8452659,0,0,1.72868,0.6869254,0,1.279194,1.516036,0,0.1883628,0,0.140124,0,0.7713324,0.8103065,0.7354571,2.353625,0,0,0,0.4220956,1.653946,0,0,0,0,0,0.002322492,0,0,1.2718,1.984042,0,0,0,0.5081813,0.9255209,0.7638501,0,0.762165,0,1.101322,0,0,0,0.03548683,0,0,0.6247117,1.123579,0,0,0,0,0,0,0.4850173,0.1120634,0.230792,0.9435548,0.01385443,0.8980467,0,0.2053863,0,0,0.174626,0,0,1.243973,0.169002,0,0.3084142,0,0.6432721,0,0,0.4733556,0.7848228,0.4454739,1.640557,0.2296305,0.9055369,0,0,0.6249642,0,0,0,0.9223757,0.2085275,0,0,0.4839498,0,0.9062148,0,0,0.1098795,0.7552433,0.4084018,0,0.2109131,0,0,0.3458142,0,0.9184796,0.01030062,2.427821,0,0,0.1495805,0.8622855,0,0.1541861,0,0.253635,0,0,0,0,0,0,0,0.1342702,0,0.11781,0,0.5049447,0.3290196,0.3316708,0,0,0,0,0.1822284,1.31497,2.215753,0.2298573,0.2912303,0,0.3362007,0,0,1.164174,0,0.5782107,1.855277,0,0.4564506,0,0.734826,0,0.5554972,0.8237574,0.505073,0.8812565,0.01424122,0.4636511,0,0,0.5054982,0,0,0,0,0,0,0,0.1007017,0,0.4829186,0,0,1.082634,0,0,0,0,1.952872,0,0.5772053,0,0.1226047,0,0,0.1347724,1.125545,0,1.695881,0,0.6119711,0.234595,1.819112,0,0,0,0,0.7942768,0,0,0.109409,0.7212018,0,0.3427284,0.09493321,0.339079,0,0,0,0,0.2065542,0.3869317,0.5711473,0.623107,0.4687251,0.05979917,0,0.6051217,0.5738759,0,0.7140495,0,0,0,0.4612563,0,0,0,0,1.330341,0.8990218,0.075075,0.348947,0,0.1153646,1.971125,0,0,1.395457,0.1222862,0.6386464,1.029973,0.6151734,0,0,0.4698803,1.677934,0,0,0.03429731,0,0,0,0,1.167536,0.4492545,0.03672337,0.5947781,0.5042017,0.4754388,0,0.563898,0.4493273,0,1.312639,1.592172,0,0.2531397,0,0.490407,0.9396276,0.1630008,0,0,1.085814,0.1983279,1.509009,0,0.006852735,0.2697521,0,0.3338435,0,1.005299,0,0,0,0.3877949,0.09085491,0.1921261,0,0,0.7485526,0.6819196,0.1636586,0,0,0,0,0.0722764,0.6978761,1.288707,0,0.7141841,0.2166779,0,0.2398738,0.2913522,0.6890332,0.3994597,0,0.02607309,
0.6400645,0,0,0.2671457,0,0,0.6593561,0.7147859,0.05230666,0,0.8335292,0,0.4866868,0.5679249,0.2906445,0,0,0.4153269,0.1229091,0,1.340023,0,0.7086441,0,0.4566108,0.6705949,0,0.4673687,0.985763,0.9237996,0.4745232,0.5124088,0.6611672,0,0.06685553,0,0.1657482,0,0.5391292,1.471272,0.6184819,0.4562418,0,0.8802904,0,0,0,1.194369,0.4909078,0,0,0,0,0,0.0108146,0,0.2095672,0,0,0,0,0,0,0,0,0.4489357,0.5306768,0.1525035,0.2168378,0,0,0,0,1.603771,0.2850215,0.3412786,0,0,0,0,0,0.6522456,0,0,1.838722,0,0,0.3079552,0.6944544,0,0.1477666,0,0.03703666,0.8061397,0,0.8939037,0.560276,0,0,0.4644176,1.490351,0,0,0,0,0,0,0.1772314,0,1.173418,0.6883079,0,0,0,0.5050117,0.530997,0,0,0.7695017,0.528093,0,0.03841777,0.4817064,0.4032671,0,0,0,0,0.5399299,0.08317126,0.5202729,0.4557272,0,0.6134347,0.4186875,0.2553916,0,0.7439604,0.01239546,0,0.3000373,0,0.05560366,0,0,0,1.07691,0,0,1.17836,0.7672722,0.1056299,0,0.4466061,0,0,0.1794167,0,0.7568194,0.2041676,0,0.528926,0.9551591,1.240676,0,0.5770438,0,0,1.139481,0,0.3628471,0,0.4046611,0,0.2291005,0.2579227,0,0,1.671403,0.9858547,0.004077109,0,0,0.1209055,0,0,0,0,0,0,1.062565,0.5068689,0.9008257,0.306682,0,0.6485856,0.2270379,1.132431,0.003258013,0.2717524,0,0.2003891,0.6844851,0,0.5042024,0.229988,0,1.087501,0.9725201,0.3994938,0,0.4751328,1.056122,0.3642693,0.3994001,0.8699989,0.0975121,0,0,0,0,0.3353726,0.6298102,0,0.7817704,0.4695274,0,0,0,0.6890985,1.058349,0,0.1910351,0.7046586,0.362792,0.6376063,0,0.07186842,0.4064975,0.341143,0.4889786,0,0,0.4231784,0.1104598,0.8441003,0,0.04242294,0.7769952,0,1.147692,0,1.163757,0.1745194,0,0.05926165,2.486768,0.133582,0.6784663,0,0.7045858,0,0,0,0.6815586,0.5266863,0,0.8605832,0,0,1.276615,0.4204536,0.4025422,0.587984,0,0,0.4023013,0,0,0,0,0.6335487,0,0,0,1.233522,0.3828962,0.4423633,0,0.03189891,0.267807,0,0,0.06840859,0.1790987,0,0,0.6094474,0.3371819,0.9336159,1.107791,0,0,0.002473866,0.2631044,0,0,0,0,0.3962479,0.422116,0,0,0,0,0,0.2794066,0,0,0,0.01878678,0,1.109026,0.4548033,1.085673,0.2720553,0.3090226,0.6311688,0,0.3957399,0.7006152,0,0,0.5752807,0,0.2402782,0.4077085,0,0,0,0.8502306,0,0,0,0.9682416,0,0,0.2103345,0.09720828,0,0,0,0.2397209,0,0.1007312,0.4437506,0.1373724,0.6385692,0,0.01762755,0,1.075458,0,0.9234324,0,0.1562423,0,0.2393675,0,0,0,0,0.4855658,0,1.626398,0.6708214,0.3990208,0.2044386,0,0.2177583,0,0.5907368,1.926548,0,0,0.2711911,0.3115321,0,0.5910597,0,0,0.1741139,0,0,0,0,1.005976,0.7322409,0,0.5055973,0,0.119501,0,0.6753864,0,0,0.869466,0,0,0,0.6502404,0,0,0,0,0.6634648,0,0.3658318,0,0,0.6706263,1.07338,0.6104397,0,1.742096,0,0.5525714,0,0,0.3380849,0,0.657802,1.582689,0.6008075,0,0.8367951,1.036769,0.6116464,0,0.4479562,0,0,0,0,0.3825063,0.852748,0,0,0,0,1.469656,0,0.1347839,0,0.5487598,0.2297688,0,0,0.7906238,0.3856695,0.8745083,0,0,0.4729412,0,0,0,0,0.1164086,0,0,0.8037087,0,0,0.05975401,1.839024,0.3004478,1.062629,1.08716,0.3310585,0,0,1.327748,0.9341873,0,0.0850697,0.8902906,0.4094658,0,0,0.4325213,0,0.08291169,0,0.2757859,0,0,0,0.08051135,0,0,0,0,1.449836,0.1084823,0.1327009,0,0,0.2569956,0.08197527,1.297254,0.2946245,1.238569,0,0.7442482,0.7875628,1.946212,0,0.5378873,0.3121758,0.3556792,0.2277184,0,0.1524601,0,0,0,0.3895513,0.9070777,0.3188097,0.8821774,0.5533935,1.118356,0,0,0.4810184,0,0,0.9379863,0,0,0,1.77906,1.408506,0.00312918,1.318414,0,0,0,0,0.697286,0,0,1.345986,0,0.2610343,0,0.6251771,0.375884,0,0,0.1511868,0,0.7069033,0.2102423,0.6938294,0,0,1.212252,0,
0,0,0.4404972,0,0,0,0.3947634,0,0,0,0.5439496,0.6396831,0.1874893,0.6534961,0.6630597,0,0,0,0,0,0.8346008,0,0,1.086558,0.0133885,0,0,0,0,0,0.1149404,1.419246,0.1396495,0,1.379848,0,0,0.08055176,0,0,0,0,0.08311886,0,0.5985689,0,0,0,0,0.04631074,0,2.01521,0.1219661,0,3.235439,1.469812,0.4538633,0.4278421,1.047391,0,0.2755272,0.4211168,0,0.7269601,0.5940844,0.4048746,0.4785853,0.535783,0,0.04244009,0.1598329,0,1.190709,0,0,0,0.8858883,0.2012276,0,0,0,1.256041,0,0,0,0,0.1660763,0.2318649,2.05854,0.009843549,0,0,0,0.5322916,0,0,0.4729339,0,0,0.05275054,0,0,0,0.84965,0,0.1897193,0,0,0.1262762,0,0.3835126,0,0,0.005439556,0,0.5691195,1.183763,0,0.5963357,1.199739,0.9469954,0,0.5775881,0.6762309,0.8992583,0.3801312,0,1.327903,0,1.346809,0,0,0.7124429,1.00709,0,0.8698043,0,0.8306507,0.6258708,0,0.6574354,0.5463975,0,0,0.7460368,0.9626064,0.7437242,0.4319012,0.7660221,1.116278,0.02706041,0,0,0,2.290973,0,0,0.7820408,0,0,0,0.1396085,0,1.141219,0.4253522,0,0,1.016498,0.973752,0.4457029,0.1378345,0,0.3739765,0,0.5325297,0,0,0.03759805,0.3303126,0.06903785,0.03665105,0.3488435,0.4084713,0,0,0,0,0.4742454,0.7382982,0.2910631,2.087159,0,1.42352,0.6000547,0,0,0,0,1.367219,0,0.2152309,1.280445,0,0.5132158,0.2176633,0,0,0.4769469,0,0,0,0.006377595,1.904579,0,0,0,0.7356838,0.2354698,0.6014744,0.04048362,0,0.355316,2.08817,0,0,0,1.490627,1.070524,0,0,0,0.6891037,0,0,0.7216327,0.3488085,0.431231,1.250028,0.2366068,0.6947214,0.7530494,0,0.1565053,0.1042705,0,1.017013,0,0,0,0.3949601,0,0,0,0,0,0.2701005,0,1.115946,0,0.8267843,0,0,0,0,1.032473,0,0,0,0.223323,0,0.5922747,1.279746,0,0,0.3826834,0,0.5627995,0.5938793,0,0.4677683,0,0,0,0,0,1.864967,0,0,1.040856,0.6727494,0,0,0,0.2358294,0,0,0.4556113,0,0.1698036,0,0.8401116,0.02350585,0.1985967,0,0.9504185,0,0,1.888611,0,0.441352,0.6695166,1.297193,0.03296708,0,0.485282,0.8316015,1.099982,1.080164,0,0,0.4176184,0,0.2555958,0.6268251,0,0.4791336,0.645889,0,0,0.6810108,0.5276572,0,0,1.171136,0,0,0,0,0,0.9500018,0,0.1816908,1.223704,0.529476,0,0,0,0.9844409,0,0,0,0,0,0,0.7567624,1.534112,0.9437693,0.8250545,0,0.5703614,0,0,1.033944,0.1502976,0,1.224853,0.5541542,0.7923191,0.5772088,0,2.261559,0,0,0,0,0.5758176,0.3951923,0,0.4775307,0,0.3276074,0.3235561,0.8602605,1.064517,0,0.416502,0,0,0.6519593,0.7206464,0.195235,0.4602018,0.5159357,0,0.0742504,0.7562029,0,0.8119152,0.4080836,0.0878659,0.3804557,0.7641472,0.7450106,0.9479873,0,0,0.7210338,0.1790989,0.1414212,0.256023,0.2354739,0.2113471,1.338014,0.5545714,0,0,0,0,0.7158327,0,0.7532785,0,0,1.426923,0,0.1766724,0.6489959,0.3782665,0,0,0,0.612456,0.2285177,0.07981894,1.068304,0.2199653,0,2.15261,0.130457,0.5979745,0,0.2195995,0,0.3913951,0.005970403,0.4317272,0.6367518,0,0,0.4371784,0,0,0.1434641,0,0,0,0,0,0.6123206,0,0,0.6974019,0.9111612,0,0,0.6281837,0,0.7072197,0,0.08399879,0,0.9545134,0.06836291,0.7774646,0,0.950538,0.1437108,0.8528861,0,1.010503,0,0.1081454,0,0.5457526,0.5254538,0.5150997,0.7334732,0,0.3496421,0,0,0,0,0.2458611,0.3380374,0,1.44343,0,2.299505,0.4053362,0,0.6771865,0,0.4921799,0,0,0,0.162575,0.9347742,2.283262,0,0.4353055,0,1.477788,0,0.1003529,0.6117064,0.9972476,0,0.547269,0,0.3521078,0,0.4205703,0,0,0,0,0.2363714,0,0,0.1206846,0,0,1.888977,0,0,0,0,0.2773525,0,0.8885159,0,0,1.059969,0.1755925,0.0740189,0,0,0,1.606334,0,0,0,0.6863093,0,0,0,0.6423685,0,0,1.441552,0,0.7056358,0.3083096,1.070418,0,0,0.6013808,0.005517801,
0,1.558924,0,0,0,0.31929,0,1.01953,0.3808101,0.4280183,0,0,0.5276761,0.860731,0,0,0,0.4551626,1.165761,0,0,0,1.028293,0,0,0,0,0,0.9325273,1.308199,0.370533,0,0.08968037,0,0,0.2877234,0,0,0.1483603,0,0,0.8983642,0,0,0,0,0,0,0,0,0,0.1446139,3.083435,0,0.04872249,2.394622,1.374362,1.461636,0.7364294,1.205604,0.1469646,1.268442,0,1.759159,0.05363699,0.6325461,0,1.278691,0,0,0.6198999,0.6607623,0.4283164,0.3534612,0.5443264,1.640265,0,1.400777,0,1.018815,0,0.2620935,0,0,0,1.610067,0,0,0.422232,0,0.01508528,0.03159986,1.311502,0.8791513,0.1388736,0.3277003,0,0,0.9768524,0,0,0.6930929,0,0,0,0,0.7581916,0,0.2505357,0,1.215122,0,0,0,1.960223,0.03224574,0,0,0,0,0.4937186,0,0.6470004,0.2185405,0.8864553,0,0,1.285063,0,0.1428806,1.16318,0.3048475,0.1416222,0.2053653,0,0.8464678,0,0,0,0.1234039,0,0.8602279,0.5377556,0,0,0.04458239,0,0.2877374,0,0.9130396,0,1.360467,2.039313,0,0,0,0.7746759,0.8745576,0,2.041477,0.02480714,0.8812679,0.9218851,0.6032192,1.171219,0,0.2822543,0,0,0,0,0,1.252868,0,0,0.2981654,0,0.06175815,0,0.3347047,0,0,0.6589848,0,0.8426418,0,0,0.7558338,0.08288129,0,0,0.05204704,0.6087102,1.329788,0.5108427,0.6107798,0,0.4894463,0,0.1527359,0,0,0,0.2343854,0.2495277,0,0.2147329,0,0.4899801,0.1390221,1.047301,0,0,0,0,0.132647,0,0.3051818,0.5568526,0,0.3703125,0,0,0.3796615,1.066303,0,0,0,0,0.2479361,0.2534978,0,0,1.575654,0.2416321,0.2840765,0.2302246,0,1.176044,0.02210538,0,0.3905329,0.06769004,0.5507511,0,0,0,0,0.5299437,1.111444,0.299956,0,0.7797596,0.2071303,0.194533,0.07752108,0,0,0.4871396,0.01414821,0,1.56912,1.760138,0,0,0,0.6534808,1.485032,0.03995094,0,0,0,0,0,0.08911595,0,0,0.4235017,0,0,0,0.08813414,0,0.8512411,0,1.930942,1.055518,0,1.728175,0.4465283,0,0,0,0.6063473,0,0,0.3974546,0.1919857,0,0,0,0.4023168,1.467234,0.5602074,0,0,0.2885405,0,0.7112674,0,0,0.6047556,0.3174303,0,1.2588,0,0,0.08893675,0,0.8390383,0,0,0,0.7385253,1.38212,0,0,0.2771846,0.0444956,0,0.7371233,0.7541809,0.1965174,0,0.3099133,0,0.2969207,0.1944144,0,0.4673855,1.089507,0,0,0.01507019,0.601323,0.5645025,1.021369,0,0,0,1.292475,0,0.1972222,0,0.6103187,0,0.521881,0,1.539016,0,0.8256354,0,0,0.02911687,0.2653279,0,0.4517375,0,0.1887766,0,0,0.5262339,0,0.2537696,1.527254,0.6850652,0.4165981,0,0.8762012,0,1.042489,0,0.3247226,0,0,0.2070526,0,0.4737148,0,0.05257967,0,1.528321,0.8130694,0.007045088,0,0,0,0,0,0,0.3390573,0,0,0.5753663,0,0,0,0,0,0,0,0.3145001,0,0,0,0,0.4146824,0.02621333,1.019018,0,0.1899109,0.2244806,0.1714239,0,0,0,0.6646385,0,0,0.9893546,0.08947852,1.133329,0.5948859,0.8399975,0,0,0,0.2447769,1.750082,0.7309898,0,0,1.027242,0.214048,0,1.498798,0.6501688,0,1.095176,1.002679,0,0,0.7205126,0.002516615,0.7127995,1.197708,0.8595392,0.2646101,0,0,0.2318917,0.6581465,0,0.4108149,0,0.0754831,0.425617,0,0.4440663,0.1548977,0.5019391,0,0.6541679,0.5549623,0,1.001793,0,0.4913923,0,1.857957,0,0,1.105301,0,0,0.4201651,0,0.05311128,0.2188933,0.1211398,1.833644,0,0.4661894,0,0,1.503545,0.6829259,0,0,0,0.004035245,1.362575,0,0.08137535,0.511676,0.2383307,0,0,0.467656,1.043843,0,0.4966052,0.522819,2.173204,0,0,0,0,0.1517449,0.1333607,0.5300061,0,0,0,0.9842368,0.5840136,0,0,0,0,1.269491,0,0.07690699,0.3535575,0,0,0,0.4287729,0.4536065,0,0.565971,0,0.1638441,1.192694,0,0.4403189,0,1.185131,0.1008101,0,0.003199579,0.280909,0,0.511706,0.3078788,0,1.575387,0,0.4195419,0.410356,0.3074074,0,0.7210133,2.175001,0,1.241618,0.4256163,0.7785076,0,1.151907,
0.04218972,0,0.7965911,0.2479547,0.3393126,1.122425,0.464009,0,0,0,0.2085727,0.3296293,0.8903212,0,0.5126708,0,0,0.3015279,0.538331,0,0.9971433,1.77506,1.288344,0.1162031,0,0.3020733,0,0,0.5544339,0,0,0.7563022,0.3716459,0.9126378,0,0.3254915,2.237111,2.087478,0,0.7118579,1.395228,0.5886323,0,1.136406,0,1.802653,0,0,0,0.7704678,0,0,0,0,0,0.2273653,0,0,1.216946,1.559336,1.088293,0,1.148851,0.5297642,0,0,0.1583653,3.307374,0.5215589,1.245879,0.04902488,0.4160451,0.9782938,1.478831,0,1.41325,0,0.6374183,0,0,0,0,0.6748351,0,1.036172,0.6629142,0.4084541,0.7997455,0.8220394,0,0,0,0,1.487319,0.8897393,0.4735885,0,1.11409,0,0.9003347,0,1.088351,0,0,0,0,0,0,1.627523,0,0.07771388,0,0,0.0843912,0.2593643,1.024445,0.6160728,0,0.6690364,0,0.2333594,0.3248283,0.5994136,0,0.401915,0,0.3754606,0,0,0.09576072,0,0.3569172,0.5042538,0,1.24661,0,0,1.126159,0.300628,1.153389,0.7901706,0.4075244,0,0,0.4617737,0.6083754,1.210318,1.143363,0.501251,1.526114,0,0,1.131452,0.01401233,0.7046825,0.2610959,0,1.38649,0,0,0,0,1.205768,0.2078914,0,0,0.441411,0.5172929,0,0.3185712,0.272425,0,0,0.2726927,0,1.365628,0.2797708,0.1765573,0,0,0,0.7038072,0,0,0.7899241,0,0,1.461019,0,0.1854358,0,0,0.9223983,0.1543365,0,0.6886938,0,0,0,0.3000521,0.005484653,0,1.051527,0,0.214779,0.05943567,0.351414,0.1981906,1.608554,0.5080393,0,0,0.1557208,0.3367498,0.4198405,0,0,0.02166654,0,0.2410892,0.4675558,0,0,0.7204492,1.021037,0,0,0.6651794,0,0.6135955,0,0,0,0,0,1.173444,1.041723,0,0,0.2681755,0.4586408,1.514937,0.7055761,0,0,0.9581993,0,0.1355503,0.3860866,0.1237793,0,0,0,0.4506344,0,1.065178,0.3812572,0,0,0,0.02330277,0.4174033,0.7890263,0,0,0,0.9769428,0,1.402154,0,0,1.000143,0.03515745,0,0.3211182,0.6629999,0,0,0.5712991,0.1593531,0.1155001,0,0,0,0.2361548,0.2651739,1.220223,0,1.685988,0.9264822,0.2382608,0.07770446,0.7245789,0,0,0.1197833,0.1390214,0.9892952,0,0,0.9575289,0,0.4495901,0.6431829,0,0,1.760349,0,0,0,0,0.3482371,0.3155375,0,0,0.7996958,0,0.900221,0.6262878,0,0.0408308,0,0.7763947,0.5553753,0.002882143,0.02470959,0,0.2738318,0,0,1.440978,0.3640539,0,0.560001,0,0.2915498,0.8587999,0.5369769,0,1.302778,0.3028253,0,0,0.86098,1.102267,0,0.4617769,0,0.102258,0.6365207,0,0,0.2435429,0.3739347,0,0.09965938,0,0,0,0,0.4556688,1.391051,0,0,0,0,0,0.6887508,0.763745,0.002283304,0.3749787,0.1096413,0,0,0,0,0,1.374213,0,0,0.8545967,0.679155,0,0,0,0,1.133538,0.4785362,0.6470504,0,1.180046,0,0,0,0,0,0,0.2458422,0,0.2867573,0.1738018,0,0.318783,0.6914149,0,0,0.8772181,0.8615749,2.11842,0,0,0.02515564,0.6038774,0.1357786,0,0,0,0.6859896,2.026145,0.9531317,1.369838,0.1151292,1.413358,0,0,0,0.5566214,0,0.3559037,0,1.075265,0.4981923,0,0.6471058,0.3480267,1.096709,0.8325522,0,0.4022338,0.2821629,0,0,0,0,0.6579602,0.1692748,1.171047,0.8538052,0.3155717,0,0,0.1322467,0,0,0,0,0.7226052,0,0,0.1766588,0.655858,1.599881,0,0,0,0,0,0,0.2712528,0,0,0,0,0.2410746,0.8141732,0.7230309,0.1583549,0,0.7281249,0.5281596,0,0,0.4676336,0.6764815,0,0.5152223,0.6120509,0,0,0,0.2364364,0.6654353,0,0,0.4665779,0,0.4288244,0.1932742,0,0.9535599,0,0,0.5790503,0.180915,0.7222411,0,0,0,0,0,0,0.7183055,0,0,0.06326,0.2805147,0,0,0,0.5575728,1.058463,0,0,0,0,0,0.7990687,0,0,0,0.8438829,0,0,0,0,0,0,0,1.842035,1.404058,0.5858792,0,0,0,0.1598985,0,0.09320638,0,0,1.698188,0,0.760779,0,0,0.5110455,0,0.4089093,0.367653,0,0,0,0,0,0,0.3776821,0,1.191647,0.02337202,0,0,
0.2492502,0,0,0,0.2164974,1.213318,0,0.5977223,0,0,0.3098221,0,0.002331245,0,0,0,0,0.7795763,0,1.10592,0,0.3314829,0,0,0.4383115,1.510458,0,0,0,1.711557,0,0.1276931,1.217116,0,0,0.2254385,1.207873,1.966511,0.05835024,0,0,0,0.8025539,0,0,0,0,0,3.356722,0.4341145,0,0.1287017,0,0,0.3453698,0,0,2.566819,0.8433328,1.684672,1.075568,0.9895309,0,0,0,0.5800375,0,0.1345683,0,0,1.121976,0.1035449,0,0.5829384,0,0,0.133244,0.1133839,0.4740541,0,0,0,2.391548,0,0,0,0,0,0,1.022595,0.2527538,0.2901047,0,1.760091,0,1.964818,0.2781594,0,0.1954197,0.8346033,0.7949862,0.1100499,0.9734194,0.7750338,0,0.010125,0.1431791,0,0.01029812,0,0.1257145,1.198356,0.5082121,0,0.5932928,0.5936139,0,0,0,0,0,0.1701288,0.8901039,0,0,0,0,0.6024317,0,1.40025,0,0,0,0,0,0,0.8314633,1.030244,0,0.4725164,0.0398775,0.650509,1.054308,0.498868,0,0.6038635,1.142031,0.1433295,0.7969328,0,0.194491,0,0,0.4743942,0.6214167,0.5635962,0,0.8975987,0.393317,0,0.1314331,0,0.1046605,1.073313,0,0.4452421,0,0,0.866808,0,0.08624049,1.25595,0,0,0,0.9827794,0,0,2.456976,0,2.734239,0,0,1.175994,0.2421616,0,0,0.6596189,0.3910998,0,0,0,0.3728403,0,0,0,0,0,1.045529,0.06896376,0.601477,0,0,0.002270476,0.02396506,0,0,0,1.958333,0,0.7077289,0,0.3716854,0,0,0.8822994,0.7036666,0,0.1404988,0,0.6964417,0.2098049,0,0.2338167,0.2873465,1.073838,0,1.888668,0.032967,0,0.9736077,0.05281631,0.199876,0,0.51238,0,0.6415653,0.6772186,0,0,0.9080091,0.6685293,0.007551031,0.1991802,0,1.077488,0,1.991377,0.8876723,1.205384,0.6261815,0,0,0,1.497212,0.699098,0.3729841,0.4399256,0,0.1949368,0.2207443,0,0.6511362,0,1.315168,0.2734262,0,0.4724747,0,0,0,0,0,0,0,0,0.01480008,0,0,0.09385213,0,0.8650467,0.8857757,0,0,0.1244355,0,0,0,0.8386059,0,0.135619,0,0,1.409826,0.2963938,0.8760408,0,1.283329,0.1957444,0.8708184,0,0,0.4004296,0,0,0.06703676,0.03947155,1.433196,0.09779336,0,0,0.4702315,0,0.5185034,1.322876,0.5748475,0.2357021,0,0.1691416,0.1740583,0,0,0.2299006,0,0,0,0,1.161402,0.1586896,0.6618214,0.4712012,0,0.2440844,0.3337468,0.3933571,0.3237917,0,0.5448226,0,0,0.07790688,0.7659313,0,0,0,0.1703059,0,0.3307047,0.1621086,0,0,0.3387718,0.2336293,0.6313738,0,0.6132111,0.0382676,0.256167,0,1.272378,0,0,0,0.0524869,0.145643,0.8806386,0.06417958,0,0,0.645546,0.0417081,0,0.4207495,0.1615837,0,0.3532964,0,0.3537832,0.3138268,0,1.113745,0,0,1.028025,0,1.228155,1.166029,0,0.1762802,0.2363225,0,1.319659,0.5050303,0,0.8437092,1.312802,0,0.2358788,0,0,0,0.5037076,1.450245,0.1093147,0,0.1069976,0.9052373,0,0.7078968,0.9981147,0.4131295,0.5427107,0.8010352,0.2179402,0.4138639,0,0.8669643,0,0.7103142,0.3636127,0,0.0153224,0.6914705,0.0484076,0.5754274,0.1965168,0.6773494,0,0.4196281,0,0,1.162895,0.4405596,0.1267916,0.7091361,0.6365142,0.1909152,0.09634466,0,0.3093312,0,0,0.658619,0.6625238,0,0.9393216,0,1.38408,0,0,1.113363,0,0,0,0,0.2518218,0,1.21324,0.7640414,0.8321755,0.3157603,0,0.7651645,0,0,0.1926031,0.4412822,0.573091,0.08380174,0.01336175,0.6419792,1.23927,0.2649129,0.08138258,0,0.926956,0,0,0.463098,0,0.5298997,0.04149009,0,0,0,0,0,0,0,0.1054736,0,2.002893,0,0,0,0,0,0,0,0,0.3506275,0.7835672,0,0,0,0,0.05781493,0.3135598,0.2076648,0.8129151,1.35712,0,0,0.21414,0,0,0.4627652,1.640644,0,0,1.16296,0,0.08095813,0.7316443,1.870458,0,0,0.8577443,0,0,0.6274657,1.145735,0.4655533,0.5079767,0,0.5159142,0,0.2585352,0,0,0,1.12408,0.4764685,0.8998291,0,0.5132656,0,1.936378,1.545877,0.4040104,0.9691226,0.00612651,0.4069687,0,0.5123383,0,0.1099331,0,1.458581,1.106073,0,0,1.133857,0,0,0.0539882,1.199441,0,0,
0,0,0,0,0,0,0,0,0,0,0.5012722,0,0,0.6513643,0.6325831,0.1337484,0.3149307,0.6645719,0.7057123,0,0,1.079661,0.1336053,0,0,0.143013,0,0,0,0,0,0.3641712,1.543301,0,0,0,0.3895378,0,0,0,0,0.02841919,0.2097037,0,0,0,0.9708267,2.156388,0.758076,1.517772,0,2.091473,0.05025499,0,0,0.565798,2.509714,1.040212,0.6365425,1.619497,0,2.887882,0.6153938,0,0,0,1.766363,0,1.129941,0.2731368,1.265932,0,0,0.06159849,0,0,0.9643421,0.7508609,0,0,0.7028977,0.5956123,0,0,0,0.03121242,0.4530032,0,0,0,0.291991,0.4553262,0.6691072,0,0,0.4894185,0,0,0,0.6222962,0,0,1.750287,0.7443569,0.7994471,0,0,0.7458205,0,0,0.6876963,0,0,0.07122876,0.1958408,0,1.522563,0.05209982,0.1704938,0.3149998,0.3159777,0.2838174,0.7684486,1.08562,0,0,0.8677708,0,0,0,0,0,0,0,0.762513,0,0,0,0,0.5424305,0,0,0.2158965,0.3044436,0.4631782,0,0.4332917,0.04137896,0.6250167,0,0.1894538,0,1.220485,0.4627378,0,0.2259136,0,0,0.08175128,1.306512,0,0,0,0.4054222,0.2330171,0.1678368,0.5018671,0,0.3684205,0,0.07999133,0,0,0.4475851,0,0,0,0.6959689,0,0,0,1.163918,0,0.4862645,0,1.579851,0.5449434,0,0,0.7166268,0,0,0.5211318,0,0.1388015,0.6238491,0,0.2938243,0.1714798,0,0.3653239,0.3602188,0,0,0.3020774,0,0,0.3218502,0,0.6329546,0,0.01521382,0,0,0,0.9344857,0.3354691,0,0,0,0.535985,0,0.1616794,0.7654617,0,0.5364898,0.0768962,2.062044,0,0,0.8063512,0.2831272,0,0,0,1.144215,0,0,0.9582735,0.3452362,0,0,1.249716,0,0.192542,0.2159833,0,0.1249795,0.5478311,0,0.04686352,0,0.2675444,0,0,0,0,0.2149893,0,0.1025666,0,0,0.1988353,0,0,0,1.300502,0.184823,0.9021292,0,0,0.2450716,1.051744,0,0,0.8118923,0,0,0,0,0,0,0.4685822,0,0.5576234,1.414188,0,0,0.5669729,0.1115007,0.2667212,0,0.320016,0.5873721,0,0.4645489,0,0,1.057631,1.58176,0,1.189409,0,0,0,0.3928727,0.4282835,0,0.004954212,0,0.3179531,0,0,1.169259,0,0,0.3518659,0,0,0,0.3506763,0,0,0,0,0,0.33146,0,0,0,0.2806075,0.8946115,0,0,0.8220034,1.147962,1.026223,1.500336,0.590194,0,0,0,0.4354523,0.5773462,0,0.3925733,0,0,0.1283271,0.6954136,0,0,0.0241479,0.1663147,0.04214507,0,0,0.00957003,0.2012784,0.4354836,0.2063024,0,0,0.09603387,0,1.048158,0.04238537,1.420322,0,0,0,0,0.8721683,0,0.5828788,0,0.5905992,0,0.8733149,0.2738625,0,1.225074,0,1.618113,0,0,0,0.01833477,0.2058494,0,0,0.1494135,1.772855,0,1.719206,0,0,0,0.1453106,0,0,0.3628497,0.1669174,0.9168943,0,0.03655833,1.15591,0,0,0,0,0,0,0.1846618,0,0,0.6721258,0.2309203,1.133984,0,0.5010583,0.8729297,0.428054,0.9444599,0,0.3606847,0.6088373,1.08522,0,1.010459,1.225209,0,0,0.9159618,0,0,1.620851,0.3297737,0.03003895,0,0.7444599,0.1348617,1.282341,0,0,0,0,0.8140129,0.02057491,0.4602006,0,0,0,0,0,0.1211875,0.5660005,0,0.8585304,0.5483488,0,0.005872662,0.5339579,0,0,0,0.7137126,0.2024364,0,0,0.871757,0,1.832563,0,0.5825948,0,0,0.2115455,0,0,0.002420566,0.5595071,0.7325113,0.6187061,0.3196229,0,1.370727,0,0,0,1.188967,0,0,0.0489093,1.470459,0.003682467,0,0.05236264,0.466287,0.4366986,0,0.2580795,0.005175993,0.3124503,0,0,0.5455285,0,0.1959997,0,0,0,0.2423831,0.3254452,0.6157795,0.8372926,1.310257,0.01333592,0,0.3428183,1.011563,0.1987969,0.8964257,1.217593,0.617934,0.07740753,0.2688135,0.3446796,0,0,0,0,0.9339271,0,1.907164,1.472307,1.219621,0.08744293,0,0,0.2927251,0.4374179,0.5344505,0.2384228,0.6176338,0,0.5467221,0,0,0,0.986766,1.04824,0.06592434,0,0.8753955,0.6944461,0.9214358,0,0,0,0,1.157281,0.5193142,0.01392797,0,0,0.1046141,0.6924249,0,0.9784947,
1.299391,0,0,0,0,0.01247545,0.393241,0.2050445,0,0.5954316,1.020041,0.3127939,0.4835204,0,0.03794625,0.2029044,0.762652,1.104841,0.2164788,1.833547,0.7879133,0,0,0.5247629,0,2.235864,0.5891067,0.9266555,0.3888875,0.9380755,0,0,0.1548334,0.3936095,0.7654995,0.4561232,0.2090847,1.106984,0,0.6192635,1.097913,0,0,0.6705357,0.1162221,0.05657116,0.5152239,0,0.2936945,0,0,1.054004,0.8338263,1.79178,0.884195,0.4298434,0,0,0,1.350468,0.8566481,0.9635515,0.1159954,0.7892109,0,2.034124,0.1434382,0.6905352,0,0.7227626,0.1369385,0.3192013,0,0,0,0,0,0,1.99352,0,0.3052256,0,1.017024,0,0,0.8611255,0,0,1.058423,0,1.170898,0.693985,0.133138,0,0,0,0.9859816,0,1.432906,0.136976,0,0.6275566,0.6066604,0.3160704,0,0.5159541,0,0,0,0,1.056081,0.07577395,0.04014402,0.6160784,0,0.7588534,0,0.9001088,0,0,0,0,0.03322775,0.06630394,1.060847,0.6966255,0,0.6458219,0.4361074,0,1.610944,0.07040552,0,0,0,0,1.21077,0,0.5523947,0.4039127,0.1974846,0.4291049,0,0,0.2581527,0.5017018,0,0.01078936,1.309487,0.7060583,0,0.1036278,0.1674851,0.3544052,0,0,0,0.5391052,0,0.1922255,0.6360096,0.5637356,0.03245851,1.102615,0.05710652,0.5045773,0,0,0.3279599,0.1761017,0,0.03626603,0,0,0.1514779,0.6693798,0.3018889,0,0,0.06894503,0,0.07271612,0,0,0,0,0,1.179176,0,0.6295833,0,0,0.06655076,0.2811118,0,0,0.827948,0,0,0.5197458,0.2545683,0.7540548,0.4954937,0.5229519,0.905596,0,1.624719,0.5303358,0.4783921,0,1.288908,0,1.753685,0,0,0.5852383,0,0,2.070468,0,0.4518485,0,0.5416141,0.6454234,0,0,0.002441337,0,0,0,0,0,0.08311392,0.4618507,0.265719,0.2601335,1.187676,1.058091,0.331808,0.2744761,0,1.976174,0,0,0,0,0,0.99709,0,0.002498115,0.4525235,0,0.002271942,0,0,0,0,0,0,0,0.8588691,0.1415496,0,1.365517,0.746532,0,2.210982,0,0,0.9502819,0,0,0,0,0,0,0.7078299,0,0,0,1.438674,0,0.02850108,0,0.4333538,0.6381835,0,0.8366998,0,0.1542936,0,0,0,0.02297848,0,0,0.9086701,0.9060578,0,0,0,0,0,0,0,0,0,0.7177491,0,1.128988,0.3318244,0,1.565773,0.5587881,0.80994,0.01227416,0.4586197,0,0,0,0.8720499,0.09580982,0.1274463,0.501046,0,0,0,0.5428472,1.332353,0.6109108,0,0,0,0.1963899,1.182747,0.5945284,0.3174466,0.1672273,1.109006,0,0,0.09029707,0.3437864,1.172055,0.4513216,0.6294305,0.2825323,0,0,0,0.6692687,0,0,0.7509193,0,0.04878964,0,0,0,0,0.5784451,0,0.6677511,0,0,1.147439,0,0.2910735,0,0.4643033,0,0.6802701,0.7843817,0.451751,0,1.319181,0.661891,0,0.002531872,1.05449,0.6361051,0.02141689,0,0,0.3282604,0.324292,0,0.8754576,0,0.1402467,0.509289,0.4693387,0,1.306538,0.02364012,0,0,0.3226739,0,0,0.6150777,0.6634344,0,0.8782094,0.7952796,0,0.5557293,0.1173809,0,0,0.6049141,0.3390066,0,0,0.2162033,0,0.5867658,0,0.05212221,1.211496,0.06796595,0,0,0,0,0.6646758,0.6425375,0,0,0,0.7988663,0,0.9246929,0,0,0,0,0,0,0,0,0.4305639,1.140902,0,0,0,0,0,0,0.4693948,0,0.640121,0,0,0.8599475,0,0.6668004,1.040755,0,0.09903856,0,0,0,1.375688,0,0.05711995,0,0.8168805,0,0.4502688,0,0,0.6101948,0,0.4954172,0,0.8586496,0,0,0,0,0.006766545,0.7289864,0.002364971,1.473611,0,0.5238926,0.08657885,0,0,0,0.3947866,0,0.3423179,0.6910341,0,0,0,0,0,1.856059,0,0.7745898,0.144431,0.3844465,0.4778004,0,0,0,0,0.2888667,0,0,0,0,0,0,0.5523006,0.3946833,1.227627,0.3823185,0,0,0,0.4018369,0,0,0.08396251,0.9128165,1.015743,1.077262,0.3359084,0,0,0,0.900663,1.050287,0,0.01563459,0.1824711,0,0,0,0,0,0,0,0.6611179,0,0.9167416,0.493976,0,0.7702687,0,0,0.8940622,0,0,0.804117,0.2036543,0,0.764465,0.02317718,0.3344857,0.7420527,0,0.5506293,0,0,0.02595546,
0,1.271706,0.4178447,0.394009,0,0,0.08402874,0.2936555,0.3025934,0,0,0,0,0.8011666,0.4514454,0,0.07619479,1.938796,0,0,0,0,0.9038877,0,0,1.728979,0.01110692,1.10017,0,0.008057632,0.2422894,0,0.6632077,1.547515,0,0,0,0.5174382,0,0,0,0,0,0.7750957,0,0,0.3146466,0,1.042122,0,0,1.563847,0,0,0,0,0,0.5174718,1.313876,0,0,0,0,0.09826359,1.136298,0,0,0,0.07646345,0.4568671,0.6685722,0.07808644,0,0,0,0,1.053584,0.7303172,0.7291603,0.4373307,0,0.676744,0.4994961,0,0.5412663,0.8721402,0,0,0.60864,0,0,0,0.6832182,0,0,0.0919782,0.09701695,0,0,1.010949,0.02540883,0,0.07012449,0,0,0,0,0.07640622,0,0,0,0,0.7674932,2.111409,0,0.1600355,0,0,0.3150243,0,0,0.458392,0.6321101,0.7835173,0.680889,0.8478084,2.039027,0,0,0.1149879,0,0,0,0.6427872,0,0,0,0.1626943,0,0,1.092655,0.3046732,0,0.5790485,0,0.1080602,0,0.9674962,0.8368002,0.4236732,0,0,0.08418749,0,1.198766,0,0,0,0,0.3841485,0,1.395637,0,0.7272521,1.065761,1.29969,0,0,0,1.120285,0,0,0.2086184,1.007719,0,0.911631,0.6050632,0.3084841,0,0.7255604,0.4631378,0,0.2461993,0,0,0.2618872,0,0,1.661099,1.565795,0.3048736,0.58386,0.4838414,0.5970952,0.923815,0,0,0,0,0,0,0.2467087,0.5404316,0.3690794,1.590128,0.7079024,0,0.02445095,0.7789145,0,0.5285504,0,1.341237,0,0,0,0,0,0.2151594,0.1539777,0,0,0.323305,1.361664,0,0.1619475,0,0,0,0,0.09542794,0.2849337,0.6992089,0,0,0.1794147,0.9605306,0.4898774,0.6896672,0,0.02998869,0,0.2687304,0,1.097396,0,0.2600992,0.524752,0,0,0,0.8786374,0.5264753,0.4388044,0.817825,0.1611359,0.4027811,0,0,0.2627923,0,0.9882503,0,0.5422493,0.560467,0,0,0,0,0,0.09930538,0.6069157,0.08054236,0,0,1.484916,0.9280373,0,0,0.002402801,0.04522012,0.9032184,0,0,0.4042696,0.7319622,0,0,0.6334233,1.112178,0,0,0,0,0.2666242,0,0.7917331,0,0.8088322,0,1.398057,0,0.7570106,0,0.1510079,0,0,1.163753,0,0,0.1199811,1.647832,0.5041051,0,0,0.08845082,0.3672875,0,0.7374143,0,1.38115,0.5150626,0.04248347,0,0,0.2481636,0.6220016,0,0,0.4095808,0,0,0,0,0.01061743,0,0.3417955,0,0.1454288,0,1.083806,0.3442654,0.7353513,0,0,0.269545,0.7536038,0,0.3946958,0,0,1.883382,0,0.4662267,0.1666854,0,0.5563418,0.7123271,0.3961177,0.05631938,0.6787219,0.2563717,1.521257,0.06215394,0.09099734,0,0,0.6497598,0,0,0,0.3644454,0,0,1.413711,0.005754622,0.185025,0,0,0.1515522,0,0.5142803,0.3425398,0.3953392,0.3525435,0,0.4281725,0.8659526,0.2093523,0,0,0,0.7251919,0.8817936,0,0,0,0,0.153831,0.5542377,0,0.003847794,0.7632576,0.2005662,0.1087049,0,0,0,0,0,0.02914803,0.08578025,0,0.02808918,0,0.3710114,0,0,0,1.110569,0,0,0.5420848,0,0.2801853,0.6983085,1.157524,0,0,0.08221836,0.4209547,0.6998649,0,0.9977591,0,0.3771552,0,0.2485355,0.8954381,0,0,0.8064322,0.9189249,1.487181,1.281998,0,0,0.2114063,0.1786866,0.6943032,0.2416644,0.8269625,0.2335302,0,1.496334,0.1177036,0,0,0.3413694,1.05888,0.3621907,0,0,1.233056,0.3785537,0,0,0.1172329,0,0,0,0.5964059,0.07567831,0.3815259,0.4937569,0.8968046,0,0,1.01216,0,0.1266901,0,0,0,0,0.7569336,0.03412376,0,0.7242269,0.845957,0,0,0,0,0,0.5920129,0,0,0.2214224,0,0,0,0,0,1.69172,0,1.599097,0,0.2473537,0.7999769,1.029705,1.036474,0,0.4768817,0.3413057,0,0.8738978,0,0,0.2303287,0,0,1.325796,0,0,0,0.5331925,0.1425638,1.624117,0.3386757,0.2674892,0,0,0,0,0.6481219,0,0.7040965,0,0.1404005,0,0.931832,0,0,0,0.6349079,0.6734087,0.6578249,0,1.114403,0,1.03246,0.4977261,0,0,0.876974,0.4994275,0.4707222,0,0,1.192116,0.2191477,0,0.3689873,0.4429354,0.65548,0.4120678,0,0.1032788,0.1220191,
0.09954288,0,0,0,0,0.3133242,0.2360885,0.3721212,0.07540582,0,0,0.1950693,0,0,0,0.3576495,0,0,0,2.35409,0.977365,0,0.4843488,0,0,0.1164685,0.04353492,1.271453,0.03979119,0,0.07288478,0,0,0,1.156887,0,0,0,0,0.6377025,0,0.4823965,0.2482273,4.524969,0,3.028317,0,0,0,0,1.580183,0,0,0,0,0,0.1118066,0,0,0,0,0,0,0.6985013,0,0.9335934,0.1409154,0,0,0,0,0,1.734188,0,0,0.1838841,0,0.3234243,0,0,0.1397041,0,0,0,2.25396,0,0.2340047,0,0,1.171459,0.1458086,0.3639016,0,0,0,1.657173,0,0.7435607,0.237627,0,0.1540987,0,0,1.102518,0,0.5863703,0,1.052948,2.254834,0.7592353,1.020038,0.4769572,1.37928,0,0,0.6978458,0,0,0,0.8241983,1.160126,0,0.7513702,1.066471,0.6009054,0.6293988,0.1913873,0,0,0.6533384,0.5670373,0,0.6200377,0.4606199,0,0,0.1179507,0.05064555,0.04215708,0.5766981,0.928596,0.3262392,0,0.05371664,0.1307893,0,0.4236946,0.9826839,0,0,1.654744,1.166746,0,0.9823391,0.8696848,0,0,0.01793537,1.093639,0,0.7148365,0,1.031348,0.3518588,0.6964431,0,0.3387109,0,0.9034163,0,0,0.07455228,0.7223477,0.3143976,0,0.1131932,0,0.6583551,0.2852617,0,1.034289,0,0,0.0447711,0.1510942,0,0,0.09240808,1.361942,0.360788,0.09767086,0.2654768,0,0,0.6579322,0,0.1371056,0,0,0.7727926,0.1253674,0.3012578,0,0.490302,0,0,0.4608692,0,0,1.216513,0,0.5625099,0.5189642,0,0.2964636,0,0.5613724,0,0,0,0.1516882,0,0,0.1598815,0.8544096,0.284297,0.4269665,0,0.3158511,0,0,0,0,0.8579673,0.3639629,0,0,0,0.07289231,0.6259722,0.7467845,0.2315758,0,0,0.03828901,0.6387898,0.1146039,0.4258638,0.3620237,0,0,0.5024613,0,0.8886141,0.05695086,0,0,0.9691612,0,0,0.3672669,0,0.2014215,0,0.4957411,0.3295997,0.05889662,0,0,1.168146,1.43003,0.1871738,0.6993899,0,0,0.05266602,0,0.7329546,0,0,0.3826826,0,0,0,0,1.366849,0,0.002778983,0.9678568,0,0.1829707,0,0,1.687694,0,0,0,0,2.246885,1.281367,0.3359954,0.9015843,0,0,0,0,0.5229781,0,1.040871,0,0.3258339,0,0.02487569,0,0.5988018,0,0,0.04264304,0,0,0,0,0,0,0,0.4447074,0.5981025,0.3204025,0.4826194,0.4579232,0,0,0,0.1456264,0,0,0,0.7024076,0,0,0,1.23819,0.7631066,0.4434761,0,1.656622,0.7300146,0.4709099,0,0.1498775,0,0.8170605,0.8229418,0.1981667,1.408316,0,0.523133,0,0,0,0.7890524,0,0.1633089,0,0,1.69236,0.2041864,0.02828874,0,0,0.4654176,0.05066245,0.1607907,0,0.05740938,0,1.303253,0,0,0.221288,0.7832623,1.077274,0.887202,0.7941201,0.2171975,0.2040773,0.1873591,0,1.106693,0,0,0.3129746,1.259702,0,0,0,0.7412326,0,0.09975538,0.2493381,0,0.814666,0,0.1915912,1.221344,0,0,0.4634055,0.1864162,0,0.5815232,0.002199672,0,0.8209413,0.08885947,0,0.301976,0.2530307,0,0,0,0,0,0.474025,0,0.09143113,0,0.1799006,0.5496351,0,0,0,0,0.276092,0,0.9340046,0,0.7148712,1.332834,0.7153227,0,0.1951759,0,0,0.3217057,0.347048,0,0,0,0.4044775,0.2609735,0,0.2120609,0.9100782,0,0,0,0,0.6170095,0,0,0.3371519,0.3658375,0.302528,0,0.3872916,0,0,0,0,0.3823979,0,0.03813778,1.140759,0.367637,0,0,1.428293,0.6201024,0.4026721,0,0.5100192,0.02736675,0.5601088,0.7811013,0.5752215,0,0.3113513,0,0,0,0,0,0.2850426,0,0.3978212,0,1.092353,0.02889843,1.763126,1.34705,0.1996087,0,0,1.240828,0.4689919,0,0.3765949,0,0,0,0,0.4191427,0,0,0,0.9634057,0.2531266,0.6495025,0,0,0,0.4721319,0.06008216,0,1.385716,0.01014278,1.090472,0,0.2385191,0.3931387,0.6223906,0,0.4190554,0,0,0.3228872,1.054579,0.5066828,0,0,1.377632,0,0.9236311,0,0.189838,0,0.07020221,0,0,0.1553778,0,0,0.4592686,0,0.07101254,0.4863063,0.2870095,0,0,0.2827282,0,0,0.8138153,0,0,0.302803,0,0,0.35882,
0.6607921,0.5566372,0,0.8426016,1.389362,0,0,1.062305,0.4573761,0.6918454,0,0,0.002382795,0.1637321,0,0,0,0.1564933,0.3031112,1.901413,0,0.1758675,1.617225,0,0.1714491,1.231075,0.627916,2.506405,0,0.4553296,0,0.6437581,0,1.030694,0.4454324,0.8571492,0,0,0.6930583,0.8559573,0,0,0.1021878,1.536194,0,1.805169,3.233758,2.045786,0,0,0.5022712,0,1.599154,0,0.2351288,0,2.031363,0.8302649,1.252591,0.6927521,0,0.6591756,0,2.084415,1.274992,0.7338642,0,0,0,1.880997,0.1390396,0.4985629,0.04034197,0,0,1.247785,0,0.01825265,1.625561,0,2.068527,0.214255,2.004169,0,0.1572132,1.392586,0,0,0,0.6000746,0,0,1.699371,0,0,0,0.3362408,1.500076,1.632555,0.5438068,0,0.266885,0,1.8816,0,1.246274,0,1.004793,0,0,0.1096841,0.571957,0.4716277,0,0.2176141,1.227849,1.400365,0.304687,0,0,0,0.8602327,0.3481872,0,0.06350911,0,0.6423107,1.614121,0,0,0.773851,3.488792,0,0,0,0.5951084,0.8318325,0,0,0,0,0,0,0,0.2743046,0.6402544,0.8915063,0,0,0.346002,0.9258333,0,0,0,0.7212077,0,0.3881004,0.2729964,0.5162897,0.4814363,1.291364,0.8654589,0.06359487,0,0.180477,0.5699842,0.109922,0,0.5017253,0,0,0,0,0.7973651,0,0,0,0,0,0,0,0,0,0,0.4320333,0,0,0,0,0,0.1187206,0.2468221,0,1.166258,0.9424107,0.3952093,0,0.3253705,0.09373955,0.3150897,0.2333979,0,0.01140239,0,0,0.2034585,0.882072,0.4528739,0,0,0,0.4741509,0,0.7884629,0,0.3594537,0.7337997,1.204866,0.5912085,0.883722,0,1.023446,0.2882419,0,0.3493419,0,0,0.5147483,0.3563745,0,1.355989,0.7411801,0,0,0,0,0.5711628,0,1.188237,0,0,0,0,0,1.019092,0.5843387,1.028806,0.02676376,0,0.8663987,0,0,0,0,0,2.054723,0.09606308,0.5003489,0,0,0,0,1.079698,0.3550916,0.004226835,0,0.5722348,0.4623654,1.019261,0,0,0,0.739658,0,0.1091982,0,0,0,0,0.6576575,1.013181,0.5721334,0,0,0,0,0,0,0.7185113,0,0,0.5398571,0,0.4554389,0.7036395,1.769206,0,0,0,1.033125,0,0.9025645,0.3101859,0,1.276742,1.117491,0,0,0,0.7433546,0.7037335,0,0,1.445311,0,0,0.3990309,0,0,0,1.068028,0.002144143,0,0,0.558842,1.410313,0,1.226741,0.3438118,0.8709593,0.2975419,0,0,0,0,1.133173,1.240262,0.4771402,0.3389359,0,0,0.4028613,0.005972145,0,0,0,0.3321325,0.01153375,0,0.1634482,0.7139464,0.8971056,0,1.274635,0,0.4391818,0.199148,0.742295,0,0,0,0,0.667622,0,0.3015414,0,0.2212428,0,0,0,0.3183951,0.3004729,0,1.329792,0,0,0,0.3570602,0,0,0.2305524,0,0,0.3452438,0.7558163,0,0,0.8682836,0.2516282,0,0,0,0.2559698,0,0,0,0,0,0,0,0.6230681,0,0,0,0.5285824,0,0,0,1.208879,0,0.2091016,0,0.7574249,0,0,0,0.3167825,1.69094,0,0,0,0,0,0,0,0,0,0.1691549,1.181527,0,0,0,1.027056,0.8433807,0,1.610958,0,0.8442339,0,0.3000583,0.4875804,0.467759,0,0.4018393,0,0.6363024,0,0.08661043,0,0.1287079,0,0,0,0,0.4747635,0.9152048,0,0,0,0.09001657,0,0,0,0,0.12434,0,0,0.2815428,0.5436418,0.2128357,0,0,0.7910187,0.01369174,0,1.251358,0,0.3085207,0.3664496,0.5512096,0,0.05090397,0,0.80934,0.126928,0,0.7084658,0,0.007871302,0.01708996,0.2877413,0,0.3321629,1.11371,0,0,0,1.200806,0,0,0,1.967413,0,0,0.06308249,0.9106531,0.1584861,0,0.4551523,0.2882703,0,0,0,0,0,0,0.7894344,0.3024547,0,0,0,0,0,0.09419194,1.241241,0.1305973,0.4469975,0.5595453,1.210048,0,0.3268483,0,0.4215427,0,0.5922511,0,0,0,1.610803,0.605966,0.4093592,1.299091,0.8425527,0,0.4659063,0,0.4697218,0.3765037,0,0,0.09908295,0.4658823,0,0,0,0.777006,0.5443406,0,0.04385927,0,0,1.473855,0,0.4470339,0,0,0,0.6121711,0,0,
0,0,0,0,0,0,0.03965172,0,0.3433554,0,0.4349193,0.101301,0,0.7857218,0.7183568,0,0,0,2.798547,0.5227336,0.1650971,0.5349228,0.8380396,0.002019163,0.4311653,0.8650078,0.1916658,0,0,0.1724754,0,0.7016087,0,0,0,0.03781471,1.559206,0,0.4108478,0,0,0,2.129794,0,1.256208,0,0,0.6968043,1.29882,0.9147173,0.172386,0,0.4808137,0,0,0,0,1.205809,0,0.2163308,0.721654,0.3299469,0,0,0,0,0,0,0.6353971,0,0,0,0,0,0.05321119,0.8241861,0,0,0,0,0.3395428,0.8576365,0,0.02772446,0,0,0.9080996,0,0,0,0.4797426,1.173858,0,0,1.603976,0,0,0.1282303,2.116392,0,0.610897,0.1471601,0,0,0,1.112159,0,0,0,0.08544146,1.072971,0,0,0.3599712,1.286298,0,0.1143198,0,0,0.8539568,0.3242252,0,0.2757752,0.5512541,0.3051291,0,0,0.3580853,0.2481103,0,0.4951783,0.1180549,0.002545527,0.383568,0,0.01114739,0,0.2380006,0.8406445,1.40935,0.06521095,0,0.5245972,0.5655872,0.1970501,0.7722217,0.1633942,0,0,0.2411048,0.2458504,0,0.1841848,0,0,0.07966101,0.07941413,0,0.8406704,0,0,0.2418569,0.4760812,0,0,0.4425536,0,1.332751,1.489492,0,0,1.014963,1.489169,0,0,0,0,0.04245093,0,0,1.486511,0.6198541,0.08714288,0.51594,0,0.4615361,0.7625044,0.1830276,0,0,0.7416869,0,0,0,0,0.03574664,0.1274751,0,0,1.005911,0.1470685,0.7831595,0,0,0.2496705,0,0,0.4355363,0.3430956,0,0.4673931,0,0,0,0,0.3893349,0.1277781,0,0.1881126,1.752162,0,0.3859459,0,1.034315,0,0,0,0.8062775,0,0.4152678,0,0,0.2337396,0.4059801,0,0,0,1.625081,0.1225569,0,0.3903293,0.08192624,0,0.3811124,0.2321864,0.01058304,0,1.254685,0.3810944,0,0,0.1412061,0.03273154,0.3110662,0,0.4570099,0.311551,0.4642194,1.494875,0.4713931,2.100838,0.09112325,1.375373,0,0.8394948,1.72397,0,0.1966279,0,0,0,0.521425,0,0,0.9789192,1.413368,0.05248332,0.7974465,0,1.052636,0,0.4320416,1.917229,0,0.104533,0,0.5203285,0.2385845,0,0.4944203,0,0.7004494,0.7232536,0.6606829,0,0,1.253991,0.09625718,0.2759685,0.8569244,0.6845027,0.6843091,0.5901124,0,0,0,0,0.02889381,1.097655,0.8011904,0,0.06812128,0,0.4625366,0,0,1.173753,0.4260271,0.06245932,0,0,0,0,0,1.384129,0,0,1.137048,0.4431475,0.2019052,0,0,2.372357,0,0,0,0.2174641,0,0.05125746,0,0.02482546,0,0.1120487,0,0.4567327,0,0.7415724,0,0.5914283,0,0.1051708,0.3794362,0,0.7032133,0.2652019,0,0,0.5087566,0,0,0.2308977,0.6620973,0,0.02054094,0.9215425,0.4370963,1.039184,0.7217402,0,0,0,1.915688,0,0,0.07480413,0.8871505,0.3303567,0.2912193,0.1013768,0,0.3121477,1.086666,0.1231953,0.002470411,0,0.1357907,0.2105066,0.4700623,0,0,0,0.181902,0.8460622,0.9247108,0.009198225,0,0,0.9468511,0.5331349,0,0,0,0,0,0,0,0,0.02306065,0,0.3994355,0,0,1.198661,0,0.7288378,0,0.9606949,0,0.8736867,0.1231265,0.2351328,0,1.207322,0.834873,0.004200433,0.4966284,1.437804,0,0,0.6784901,0.4986301,0.1163382,0,0,0,0,0.5558282,0,0,0,0.6018677,0.4687588,0.8753972,0,0,0.06176833,0.556568,0,0.01407641,0.408849,0,0,1.18108,0.76661,0,0.5099286,0.2882493,0,0,0.6479788,0.06213597,0,0,0,1.066793,0,1.152654,0,1.532523,0,0,0,0,0.8219269,0.6148672,0.3128479,0,0.356862,0.4081265,0.09813987,0,0.6401395,0.4998675,0,0.6402265,1.13195,0,0,0.836655,0.005659626,0.2144004,0.1996432,0.07405206,0,1.551423,0,0.3321438,0.4790371,0,0.4402201,0,0,0,0,0,0.591907,0,0,0,0.5347866,0,0.7757469,1.826921,0,2.101074,0.2571741,0,0.9880076,0,0,0,0,0,0,0.797228,1.81516,0,0,0,1.703413,0.7300423,0.8678067,0.454713,0,1.075942,0,0,0.9469887,0.4981619,0,0.3334902,0.1253101,0,0,0,0,1.035157,0,0,1.257162,0.7722639,0.4473965,0.7286764,0,0.2834606,0,0.2034357,0.09519035,1.18741,1.865984,0.3612021,0.6931861,0,0.2298951,0.1924969,0,0.5299848,0.8931288,0,0.2484519,
0,0,0.2060732,0.4936034,0,0,0.3557757,0,0,0,0.2087119,0,0,0.859488,0.1074928,0,1.751516,1.032184,0.756911,0.2048091,0.2398514,0.266849,0,0.9637681,0,0.1347995,0,0.2075913,0,0,0,0.3028359,0,0,0,0,0,0.1768387,0.5033072,0,1.251824,0,0,0,1.108949,0,0.4362768,1.698105,2.117621,0,0,0,0,3.392677,1.43384,0,0,1.554448,0,0,0,0.4202329,0,0,0,0,0.4612039,0.3327123,0,0,1.059963,0,1.457407,0.8555639,0.4580426,0.1082302,0.0835177,0,0,0,0,0,0.08963549,0,0.581525,0,0.2519689,1.439039,0,0.1225591,0,0.6438118,0.3980026,0,0,0,0.09154747,0,0.5608356,0.3894786,0.5830494,0.6038203,1.287695,0,0.3991967,1.135773,0.08854908,1.246187,0.07110992,0.7301604,0,0.1448992,0.9284175,0.6470674,0.7425586,0,0,0,0.882561,0.1818543,0.03023464,0,0,0,0,0.5126174,0.5342293,0,0.2383988,0.736261,0,0.3555651,0.0223295,0,0,0,0,0,0,0,0.2691329,0.8459402,0.4049445,1.242193,0,0.8537794,0,0.2341332,0,0.5342456,0,0.04635309,0,0,0,1.231959,0.1608025,0.3769054,0,0.783687,1.041589,0.7360928,1.118724,0.861656,0.14862,0.6426513,0,0,0.1720359,0,0.6765348,0,0.6665136,0.7546288,0.100976,0.2402255,0,0.1541231,0.9999176,0.3705089,0.2431693,0,0,0,0,0,0.4946181,0.7757682,0,0,0,0.1294608,0,0.5974899,0,0,0.5918223,0.2692394,0,1.099561,1.716391,0.2500052,0,0,0.691259,1.231606,0,0,0,0,0,0.5639565,0.9582887,0,0,0,0.6318996,0.1818905,0.3725921,0,0.3037067,0,0,1.593481,0,0,0,0.2322845,0.5854483,0.9698423,0,0.08949524,0.1113132,0.04858978,0,0,0.01464814,1.0742,0,0,0,0,0,0.05293559,0.19573,0,0,0.5168892,0.6250563,0,1.142732,0.6008064,0.826347,0.2546725,0.03911351,0,0,0.2513838,0,0.4963454,0.1973335,0.1437452,0,0,0.784889,0.2720643,0.3183607,1.535996,0,0.4303606,0,1.211965,0,0.1445703,0,0,0.07114247,0,0.7514782,0.4731206,0.2331874,0.7659318,1.389546,0,0.2514372,0.4561551,0.1965362,0,0,0,0,0,0.8451204,0,0.09906387,0,0.3866446,0,0.2979454,0.7705427,0.1865064,0.3937562,0.1782598,2.081019,0,0,0,0.5500379,0.3810283,0,0.8937593,0,0,0,0,0,0,0,0.1702566,0,0,0.05124804,0,0,1.199348,0,0,0.4614803,0,0,0,0,0,0.5120644,0,0,0.2840566,0,0.8642495,0.6815622,0,0,1.513773,0,1.028176,0.05743112,0.1317047,0,0.8601132,0.3307959,0.2718566,0,0.5602953,0,0,0,0.04900874,0.2556074,0.5528907,0,0,0.1625151,0,0,0.3702339,0,0,0.0952348,0.3171369,0.6727599,0,0,0.3124046,0,0,0.8135782,0.003193503,0.8466051,0,0.6458336,0.2702132,0,0,0.1290896,0.2351145,0.06019821,0.4394239,0,1.581447,0,0,0.7903621,0,0.7729498,0.3790724,0,0,0,0,0,1.433111,0,0,0.3793498,1.263412,0,1.192207,0.7933053,0.7727109,0.1239696,0,0.2641188,0,0.3232368,0,0.1065077,0,0,0.1270892,0.4429007,0,0.3793871,0,1.149853,0,0,0.1802405,1.793195,0.2533741,0,0,0.9798217,0,0,0,0,0,0,0.6555356,1.102986,0,0.01043702,2.337627,0,0.5519006,0.7108772,0,0,0.5090357,0.09049547,0,0,0,0,0,0,0.5207067,0,0,0.6548702,0.9025435,0.4525182,0.1191717,0,0.4951169,0,0,0.5675688,0,0,0,0.8948008,0,0,0,0.2470887,0.1895404,0.3402854,0.6334983,0.5085064,0,0,0.2985479,0,0.02341678,0.2803598,0,0,0.4519449,1.09663,0.248574,0,1.979278,0.2051469,0,1.007671,0.8991047,0.01690079,0,0.2168236,0.5243434,0,0.835089,0.7736554,0,2.028695,0,0,0,0,0.5825229,0.3956814,0,1.211658,0.3349508,0,0,0.4273152,0.296312,0,0,0,0,0.3035168,1.15993,1.82596,0.9284481,1.139477,0,0,0,0,0,0.8481725,0,0,1.55669,0,0,1.388876,0.8443903,0,0.09494951,0,0,0.440224,0,0,0,0,0,0.5244184,0,0.04665139,0,0,0,0.05255378,0.9078487,1.132952,0,0.7413208,0,0.01581788,0,0.164435,0,0.5628693,0,1.220434,
0,0,0,0,0,0.2111641,0.6363206,0,0.831136,0,0.01720812,0,0,0.5060765,0,0,0.7595586,0,0,0,0,0,0,0,0,2.595522,1.604077,1.843343,0.8572025,0,0.2441027,0.2873114,0,0,0,0,0,0,0,0,1.67862,0.4475573,0,0.002096851,0,1.794152,1.339938,0.06031083,0,0,0,0,0,0,0,0,0.4238326,0.0342773,1.166565,0,0.4142386,0,0,0.8603298,0,0,0,0,1.122247,1.02203,2.506257,0,0,0.3068295,0.1005847,0,0,0.4064212,0,0.1851801,0,0.9414825,0,0.2154425,1.106164,0.9781064,0.1020674,0,0,0,0,0.5677394,0,0,0,0,0,0,0,0.1808518,0,0,0.524839,0,0.2832885,0,0.1729199,0,0,0.002738402,0,0.5103657,0,0,0.2665408,0,0,0,0,0.4345078,0.9682329,0,0.6291789,0.6114835,0,0,0,0,0.6935974,0,0.2770216,0.5015945,0,0,0,0,0,0.4718906,0.03428372,0.2710061,0.1770692,0.0955997,0,0,0,0,0,0,0,0.4104427,0,0,0,0,0.0975044,0,0,0.01640902,0.01321064,0.2559501,0.1904096,0,0.2735374,0,0.7173411,0,0,0.6839306,0,0,0.3286803,0.7759058,0,0.779469,0.3408985,0,0.8727777,0,0.3448321,0,0,0,0.2068884,0,0.5930153,1.168081,0,0,0,0.05377667,0.3077724,0.6380982,0.8107212,0,0,0.5063249,0.5808627,0.3783147,0.05523881,0.2710177,0,0.5433384,0.4792421,0,0.9374689,0.9084796,0,0.1536402,0.127035,0,1.598805,0,0,0.1756352,0.2923463,0,0,0,0.1307172,1.07676,0.06941701,0.904949,0.4628664,0.2399329,0.3231877,0,0,0.2276313,0,0.5086983,0.6672161,0,0,0,1.462313,0,0.7591198,0.3772745,0,0.9020523,0,0.621859,0,0,0,0,0,0,1.229844,1.10544,0,0.3713804,0,0.7823432,0,0.4362725,0,0,0.1303199,0,0.9669997,0,0.8491731,1.088866,0,0,0,0.07719196,0,0,0,0,0.5250457,0,0.03816207,0.7321482,0.505691,0.1888613,0.1440462,0,0,0,0.7144952,0.1372462,0.446476,0.6179949,0.6023842,0,0,0,0,0,0.4118499,0.8357657,0,0,0,0.00909583,0,0,0,0,0.5279974,0,1.255104,0,0.3106824,0,1.197189,0,0,0,0,0,0.653209,0,0,0.3798897,0,1.268182,0,0,0.1622383,0,0.3985099,0,0.5802632,0.428092,0.7620137,1.524295,0.5883301,0,0,0,0,0,0.6067694,0.002737739,1.533797,0.01349411,0.417207,0,0.1914118,0.8124532,0.03125662,0,0,0.3669807,0.8582994,0.01188583,0,0,0.7907815,0,0,0.07598386,0.4435742,0,0.1800798,0,0,0,0,0,0.1206072,0,0.3918763,0.44287,0.5652707,0,1.174123,0.5102068,0,0,0,0,0,0,0,0,0,0.5566351,0.2014875,0,0.1309963,0,0,0.1678712,0,0.338757,1.367177,0.03957564,0.8884812,0.2628432,0,0.7464785,0,1.102885,0,1.96727,0,0,1.573133,0,0,0.0869609,1.037084,0.6055691,1.371846,0,1.036933,0,0.002652261,0.1221123,0.2908077,0.6615503,0.7613345,1.112932,0,0.2779536,0,0,0,0,0,0,0,0,0.09444325,0.7710381,0.2682265,0,0,0,0.820591,0.3560557,0,0.7853652,0,1.338946,0,0,0,0,0.4410638,1.185888,1.138418,1.766278,0.3019496,0.3260799,0,0.1001661,0.3555628,0,0.8295554,0.6296902,0,1.297321,0.1346553,0.0847696,0,0.3205484,0.1481292,0.5102506,1.295986,0.8955113,0,1.230296,1.338327,0.1362923,0,0.2624643,0.3607322,0,1.019979,0.2713211,1.393102,0,0,0.1115417,0,0,0,1.442101,0,1.630687,1.381623,1.071437,0,0.02983335,0,0,0,0.01888648,0,0,0,0,0,0.1572444,0,0.5274289,2.069194,0,0.3366386,0.5950346,0.4833847,0,0.2861381,0,0.5942419,0.4068701,0.2078067,1.235244,0.2088078,0,0.6014915,0,0.536496,0,1.236066,0.1421326,0,0.7839097,0,0.4389889,0,0,0,0,0.2014528,0,0.5280209,0,0,0.1126009,0.6803514,0,0.9366837,0.9228693,0,0.7367414,0,0,0.09180173,0.4759925,0,0.04913873,0.3782692,0,0.0869034,0,1.310672,0.93425,0,0.947318,0.4100116,0.01635714,0,0.1426739,0.6617408,0,0.7733335,0,0,0,0,0.5491267,0.4824305,0.09437282,
0.4764592,0.2570552,0.06037721,0,0.7849759,1.10038,0,0,0,0,0,1.067886,0.7157635,1.827266,0.2088323,0,0,0,0.3956687,1.383225,0,0,1.60725,0.8358856,0,0,0.03988178,0,0.2660601,0.4684836,0,0.2170434,0,0,0.2139919,1.746591,0,0,0,0,0,0,3.375571,0.1567238,0,0,0,0.5001646,1.110181,0.6740042,0,0.07375769,0.6240525,0.525146,3.752689,2.891004,0.4830917,0.07853919,0,0.8095632,0,1.837846,0,1.993773,0.856732,1.195004,0.4417011,0.5743921,0,2.639547,0.5214023,0,0,0,0,0.7841014,0.07479201,1.344072,0,0.5651624,0,1.892443,0.2253014,0,0.3500829,0,0.247414,0,0,0.7426124,0.5338306,0,0.2496191,0.1278228,0.297549,0,0,0,0.122332,2.151377,0,0.5969117,0.6000251,0.0596207,0.8982834,0.4097512,0,0.6532143,0,1.113791,0.6296993,0,0,0,0.1960143,1.034146,0,0.4115364,0.8616535,1.512105,1.277452,0,0.6406525,0.6513461,0,0,0.9261553,0,0,0.859098,0,0.4088936,0,0,1.578872,0.133143,0,0.1058283,0.1948178,0,0,0,0,0,0,0.6316553,1.112053,0,0.3454213,0.7771171,0.3848737,0,0,0,0,0,0,0.526449,0.3721769,0,0.4309043,0,0.9036611,0.3194785,0,1.087377,0.3226409,0.5230196,0.7503113,0,0.2716145,1.172717,0,0.164694,0,0,1.681421,0,0,0.9113069,0.4654462,0.1153494,0.4259605,0,0,0.09264963,0.05476059,0.003582835,0,0,0,2.255832,0.703687,0.1633483,0,0,0,0.5297243,0,0.2191755,0,0,0.3840107,0,0.5610995,0,0.9062595,0.01777662,0,0.192464,0,0,1.381536,0,1.231042,0.008832591,0,0.8769442,0,0,1.144416,0,0,0.6309795,0,0.4936375,0.3950024,0.8759571,0.1143393,0,0,0.9541942,0,0.553332,0,0,0.770404,0,0,1.338743,1.144827,0.428549,0,0,0,0,0,0,0,0.5599864,0.7998894,0,0,0,0.694669,0.8813082,0,0.8027725,0.1162954,0,0,0,0,0.2431872,0.9641081,0.5125987,0,0.6504888,0,0.3006665,0.909504,0,1.154675,0.1548978,0,0.1391675,0.1965978,0.4044955,0.02682002,0,1.028095,0,0.7506072,0,0.219614,0.163845,0,0.9778094,0,0,0,0,0,0,0.3006791,0.4087762,0.1367355,0,0,1.053766,1.542484,0,0,0.3610471,0,0,0.4404086,0.8588822,0,0.222593,0,0.4131209,0.1045831,0,0.3341932,0,0.895118,0.369046,0.3656343,0,0.2149939,0,0.5047367,0.09893928,0,0,0,0,0,0.4159601,1.144291,0.2634484,0.9081534,0,0.004254595,0.2618533,0,0.1270449,1.196318,0.2329585,0.5517728,0,0.7462384,0.4211749,0,0.004164565,0.2338998,0,0,0.4321744,0.3003891,0.1566177,0,0.07807939,0,0,0.5767181,0,0,0.4646315,0,0,0.2284232,0,0,0,0,0.4831723,0.1477367,1.456755,0,0,0,0,0.4219252,0.8073717,0.5517245,0,2.305479,0,0,0,0,0,0.5392342,0.3092666,0,0,0.530726,0,0.7955729,0.3165495,1.100841,0,0.6169003,0.009642051,0,0,0,0.0826837,1.209075,2.130864,0,0.5249985,1.832059,0.9830715,0,0.119812,0,0,0.3081398,0,0.4043798,0,0.06103959,0.9918172,0.3180173,0,0.1053237,1.039655,0,0.4816043,0,0,0.5881264,0.4355708,0.761802,0,0,0.2567041,0.2248621,0,0.1926391,0,0,0,0,0,0,0,0,0.8730388,0.2067063,0.690713,0.6837854,0,1.66143,0,0.9088879,0,0.2361548,0.5815705,0,0,0,0,0,0,0,0.566765,0.9405014,0,0,0,1.254898,0,0,0,0.655787,0,0,0,0,1.674439,0,0.4105585,0.2331951,0.168211,0,0,0.6315408,0.3025928,0.7555004,0,0.1187896,0.796528,0,0.2441388,0,0.5739104,0.5582033,0,1.183035,0.2415515,0,2.320749,0.617045,0.06171232,0.1407786,0,0.9291579,0,0.1208984,0.4192899,0.1576325,0,1.022277,0.3223258,0.5982704,0,0.03377653,0.7620633,0.5325693,0.7162823,0,0,0,1.878699,0.0465874,0.2451316,0,1.555969,0,0.4393542,0.7041807,0.6301781,0,0,0,0,0,0.5067424,0.5091665,0.3026053,0.4624897,0,0,0.02785621,0.05873911,0,0,0,0,0.2345516,0,0.10831,0,0.7392465,0,0.1157554,0.4803661,0.6962069,0,0,1.171979,0.7514335,0,0,0,0,0.4031338,0,0,0,0.207072,0.9551918,0.1612808,0.5868775,0,1.445964,
0,0.3448781,0,0.4697388,0,0.3848716,0.1891581,0,0,0.3377077,0.01836341,0.2169806,0,2.338586,0.6440887,0.7634562,0.8334051,3.558149,0,0.3329487,0,0.6643565,0.6406747,0,0.1296075,1.509283,0,2.409316,2.309965,2.50163,0.7072341,0,0,0,0.3651064,0.8585898,0,2.311852,0,0,0,0.1514769,0.5865083,0,0,0.9084228,0.6596583,0.217412,0.6072683,0,0,0.6649442,0,0.7217421,2.116891,0.2429898,0,1.014264,1.185041,0.4318618,0,0,0.5737208,0.5225329,0,0.4327927,0,0.734286,0.5027972,0.6769494,0,0,0,0,0,0,0,0,0,0,0.2745037,1.170248,0.7009616,0,0,0,0,0,0.7937126,0.3409047,0.3347139,1.797977,1.271804,0.4421732,0,0.6545753,0.6770446,0,0,0,0.03625877,0.3330351,0.03955135,0.7096094,0,0.1236434,0,1.160891,0,1.117891,1.143463,0.6147416,0,0.4102585,0,0,0.07310034,0,0,1.395765,0,0,0.1530007,0.5172607,0.5210128,0.1711257,0.694669,0,0,0.5068814,0.07700058,0.175261,0.6715069,0,0.09615338,0.7028117,0,0.03742713,1.148644,0.2391775,0.2938263,0.5550444,0,0.2796071,0.9791914,0,0,1.160844,0.433043,0,1.274905,0.1489748,0.6610447,0,0,0,0.3058966,0.08128797,0.1175864,0.5061349,0.1974489,0,0,0.06125169,0.4188282,0.4343607,0.5450787,0,1.135532,0.07817853,0.7392022,1.036735,0,0,0.5058481,0.4161348,0,0.3066867,0.3564754,0,0.2705264,0,0.2473609,0,0,0,0,0.280888,0,0,0,0,0,0.1076773,0.2586556,0.7579723,0.6611883,0,0.1055075,0,0.371198,0.4508279,0.3871437,0,0,0.2764737,0.7055842,0,0,0.7424979,0,0.5378416,0.572768,0,0.4467641,0.1114048,0.5364455,0,0,0.207368,0.3102857,0,0,0,0,0.6075995,0,0,0,0,0,0.167063,0.1704274,0,0.8071911,0,0.3358272,0.5993128,0.7443535,0.8391468,0.535415,0.7916,0,0,0.2495094,0.4711062,0,0,0.5795141,0,0,0.2046335,0,0,0,0.3929021,0,0.1734588,0,0,0.4733419,0.05688839,0.8018763,0,0.03594322,0,0.01354912,0,0,0.1949214,0,0.8981017,0,0,0.8589243,1.133897,0,0,0,0,0.6667611,0,0.6845501,0,0,1.509713,0.1836831,0,0.2234322,0.02798508,0.4230415,0.08837266,1.188222,0,0.1612438,0,0,0,1.022202,0.3601216,0,0,0.459571,0,0,0,0,0,0,1.034999,0.9975937,1.778836,0.9183001,0.8422313,0.3415757,0,0,0,0,0,1.484891,0.49502,0,0,1.516698,0.4024426,0,1.606447,0,0,0,0.6852136,0,0,1.143884,0,0.9248369,0.7191528,0.728331,0.6658089,0.1877179,0,0.847308,0,1.234424,0,0.0514009,1.279635,0.2475667,0.6544864,0.3626975,0,0.7579678,0,0,0,0,0,0,0,0,0,1.286852,0.2380339,0.409609,0.3021305,0.4860546,1.122951,0,1.707063,0.03080911,0,0.1669427,0.09240687,0.2495013,0,0,0.6172384,0.1897702,0,0.3388738,0,0.5909125,0,0,2.022189,0,0,0,0.7785722,0,0.3692328,0.0438064,1.345566,0,0,0,1.60289,1.22971,0.3257392,0.786427,0.5124589,0,0.9419302,0,0,0.1709503,0,0,0,0.2891812,0.5388287,0.7466334,1.172889,0,0,0.7313594,0.9161596,0.1550162,0,0,0.1302575,0.4498829,0.09486277,0.1902834,1.323377,0,0,0,0,0.1863427,0.5524653,0.3313892,0.2912253,0,0,0,0,0.4421838,0.2212873,1.316363,1.044981,0.4899613,0.7487017,0,0,1.072388,0.4183033,0.5424665,0,0,0,0,0.3991934,0.3477549,0.4648423,0,0.3321244,0.1051185,0.2056168,0,0.361334,0.07891759,0,0.433603,0.4542164,0.5137933,0.3612584,0.2334681,0,1.257919,0.0310413,0.634981,0.7068522,0.9992902,0,0.2842674,0.2086632,0,0,0.5111963,0,0.01650293,0,0,0,0,0.09519885,0,0.6260181,0.6410033,0.8583398,0,0,0.5623497,0,0,0,0.4984192,0,0.7712728,0,0.01310587,0,0,0,0.1750242,0,0,0.03766954,0.002174849,0.6675049,0.4094293,0,0,0,0.03581231,0,0.4787922,0.3126657,0.1474971,0.1363405,0,0,0.8053346,0.3329283,0.09134371,0.1220778,0,0,0.1622289,0.615164,0.1876697,0.331988,0,0,0,0.08985946,1.069744,1.764835,0,0,0,1.274918,0,0,0,0,0.6877444,0.09205347,1.286029,0,0,0,0,1.119383,0.3045532,0,0,0,0,0.8863401,0.4589055,0,0,1.253103,0,0,0.6092647,0.222268,
0.01361374,0,1.104929,0,0,0,0,0.6494537,0.881384,0,1.332399,0.3395452,0.4489127,0,1.742282,0.005843944,0.04026623,0,1.303756,0,1.759976,0.1647702,0.6846281,1.014426,0,0,0.00236193,1.307582,1.978693,0,0,0,0,0.5699739,0.719304,0,2.041413,0,0,0,0,0.7617756,0.8843331,0,0,0,0,0.9943531,0,0.3211183,0,0,0,0.2723348,0,0,1.046,0.3159833,0,0,0,1.566764,0,0,2.672173,0,0,0,2.875121,0,0,0,0,0,1.129435,0,0,1.000586,0.9907679,0,0,0.1555497,0,0,0.01694084,0.2785129,0.5909097,0.1415314,0,0,0.275904,0,0.1338448,0,1.777272,0,0,0,0,0.6861686,0.6832492,0.3711843,0.7085295,1.471888,0,0.1383018,0.8202548,0,0.4580236,0,1.520365,0.08036754,0.3225308,0,0,0,1.49709,0,0,0,0.1811848,0,0,0.6195284,0.08378879,0,0.3401672,0.2442048,0,2.144077,0.1576257,0.1746699,0,0,0,0.1813516,0,0,0.3316805,0,0,0.3516726,0,0,0.04403029,0,0,0.5111241,0,0,0.1847813,0,0,0,0.04662912,0.2789915,0.9629346,0.8354233,0.3847752,0.6803184,0.5093336,0.8827584,0,0,0,0.3359103,0.3695445,0.6215073,0,0,0,0,0,0.3553805,0.8669601,0.08740967,0,0,0.2085682,0.2057223,1.011546,1.30609,0.3770046,0.8098568,0.07329795,0,1.223286,0.8568118,0.835606,0.6431355,0.553099,1.760177,0.1525238,0,0,0.2066953,0,0,0,0,0,0,1.021273,0,0.5560563,0,0,0,0.5346621,0.6737576,0.5764407,0.1926466,0,0,0.3243915,0,0.1729103,0,0,0,0,0.330237,0,0,0.2714095,0.8946616,0.8657876,0,0,0,0,0.05536733,0,0,0,0.1173621,0,0,0.9619935,0.6516373,0.4557694,0.1386013,0,0,0,0,0.7833276,1.139408,0.4694639,0.04236615,0,0.09760016,0.5586551,0.1834136,0,0,0.3539684,0.3574375,0,0,0.1874314,0,0,0,0,0,0.5765771,0.1478726,0,0,0.4993792,1.096936,1.114861,0.2276928,0,1.072423,0.8706565,0,0.6254902,0,0.02548699,0,0,0,0.1960929,1.151362,0,0,0.3663964,0,0,0,1.140072,0,0.1582509,0,0.4984722,0.2239154,0.8374754,1.232494,0.737649,0.6777154,0.1310768,0.4181432,0,0.4533437,0,0.1109552,0.2811798,1.114827,0,0.7685956,0,0,0.5711243,0,1.378599,0.3645338,0.03358101,0.3460625,0.8199867,0.06550924,0,0,0,0.5755023,0,0.3110093,1.981435,0.01504108,0,0,0.04563131,0,0,0,0.1870357,0,0.65165,0.2067227,0.54813,0.1895824,0,0.1950362,0,0.7597112,0.5921845,0,0,0.009218875,0.2175916,0,0.8756479,0,1.08778,0,0.6553123,0.1821868,0.8973549,0,1.180227,1.248735,0,0,0,0.3143034,0,0,1.003494,0,0,0.5444558,0.2863518,0,1.360868,1.043394,0.2708702,0,0.4932779,0.06286771,0.7391173,0,0,0,0.5123137,0,0,0.7117998,0.5296006,0.2276777,0,0,1.126607,0,0.869545,0.6902413,0.6939535,0,0.4822141,0,1.744107,0.2360351,0,0,0,0.6873619,0.455173,0.2869065,0,0.6174045,0,0.8514463,0,1.466857,0.8116481,1.269202,0.723483,0,0,0,0.4955217,0.2083807,0,0,0.763714,0.2793034,0.6152923,0,1.358761,0.1482702,0,0,0.3464444,0,0.4792622,0.2923964,0,0,0.1247289,0.2268347,0,0,0.5705665,0.6064712,0,0,1.316537,0,0,0.3559814,1.283874,0,0,0,0.5020056,0,0.1622731,1.506788,1.883287,0.3564292,0,0,0.1079456,0,0,0,0.7268047,0.5198134,0,0,0.1407643,0,0,0.2891689,0.05846436,0,0,0.3015348,0.6507326,0.8960166,0,0,0.2015434,0.162979,0,0.1171824,0,0,0.09139705,0,0,0.9922129,0,0,0,0.703745,0,0.6313683,0.3705629,0,1.140504,0,0,0.1024849,0.02379295,0,0,0,0.4035655,0.5832316,0,0.6179642,0,0.1331324,0,0.4025592,0,0,0.1681256,0.1107009,0.6337258,0,0.04418479,0.4660361,0.03651347,0,0,0.6938575,0,0,0.7617086,0,0,0,0.5676628,0.1537584,1.156245,0,0.8671491,0,0.8419312,0.5925496,0.6827108,0,0,1.112236,0.2999919,0,0.4893152,0,0.4651871,0,0.3113856,0.7131286,0.1750936,0,0,0,0.7272296,0,0.9963217,0.3038242,0,0.2786689,0.2636492,0.7761358,0.1313936,1.502164,0,0.7612059,
0.6844583,0,0.7650358,0.3040254,0.04916881,0,0.7091252,0.03205336,0,0.7655678,0,0,0,0,0,0,0,0,0,0,0,0.1905138,0,1.242014,1.641849,0,0.3618742,0,0,2.285824,0,0,0,0,0.05265909,2.194346,0,1.338057,0.8095673,0,0,0,0,0.1543267,0,0.2209905,0,2.643548,0,0,0,2.559118,0,0,0,0.9334257,0,0.7090176,0,0,0.1620138,0,0.7688927,1.705638,0,1.325554,0,0,0,1.247584,2.086819,1.633557,0,0.07415996,0,1.123116,0,0,0.6055484,0,0,0,0,0.9574454,0,0.1674121,0,0,0,0,0,0,0,0,1.289795,1.573434,1.002071,0.1111667,0,0,0.4563888,0,0.311249,0,0,0,0,0,0.7030517,0,0.2923946,0.05614592,0,0,0.8909084,0.2874502,0.4141781,0,0.7035458,0.6152923,0,1.592074,1.194462,0,0,0,0.6204659,0,0.5765765,0,0.6087388,0,0,0.2223542,0,0.3386481,0,1.004474,0.4659039,0,0.02136074,0,0,0,0,0,0,0.4552709,0,0,1.366899,0,0,0.3728198,0,0.6374491,0.3500907,0.1685961,0.3027172,0,0,0.4220968,0.3330473,0,0,0,0,0,0.0925608,1.263561,0,0,0,0.6526996,0.1190626,0.3258784,0.1524536,0.4565464,0.3348461,0.7557777,0,0.1784243,0.530672,0,0,0.02406706,0.2756816,0,0.6048157,0,0,0,0.1508837,0,0.76717,0.4955688,1.03873,0,0.2662203,0,0,0.3680119,2.555987,0,0.1673393,0.0998409,0,0.3483252,0.6209404,0,0,0,0,0.8017903,1.802404,0.4615017,0.2239452,0.06219043,0.3859187,0.3403733,0.3928905,0,0,0.1760933,0,0.2480584,0,0.5360818,0.2280849,0,0.3464443,0.6274837,0,0.0606878,0,0.750676,1.039841,0,0,0,1.752696,0.329157,0,0,0.4134383,0,0,0.3639932,0,0.0543883,0.8114234,0.367142,0,0,0,2.937447,0,0,0.04529227,0,0.4667209,0,0,0,0.6194662,0,0.3205137,0.5275782,0.2853819,0,0.6867682,0,1.124951,0,0.9890158,0.1987042,0,0,0,0,0,0,0.5256398,0.4441572,0,1.441342,0,0.6863115,0,0,0,0,0.8191689,0,0,0,0,0,0,0.6829678,0,0,0.9262082,0.8776574,0,0.4191891,1.170171,0.00368179,0,0.3202526,0.7208217,0.01171414,1.538203,0,0.5185744,0,0,0.5990973,0.1950626,0,0.1172851,0,0,0.2271655,0.2543429,0,0,0,0,0,0.5593715,0.2139056,1.508458,0,0.4703113,1.151477,0,0,1.290317,0,1.451525,0,0.7304327,0.5278576,0.8165076,0.3351067,0.1642059,0,0.9238949,0,0.1550194,0,0,0,0.1197473,0.9422556,0.6082361,0,0.05846889,0.1245574,0,0,0,0.3712422,0,0,0,0.3508705,1.150368,0.4836971,0,0.8693545,0.09458522,0,0,0.7565829,0.4415458,0,0.5913198,0.7883101,0,1.008017,0,0.8810555,0,0.3080677,0.002370385,0.72449,0.6571251,0,1.423041,0,0.5085785,0,0,0.3132593,1.056147,0,0.2798303,0,0,0,0,0,0.2596635,0,0,0,0.2950731,0.8961464,0,0.626006,0,0.9771817,0.6848502,0,0,0,0.6370888,0.5259351,0.3368042,0,0.5858313,0,0.7841273,0.009039954,0,0.4215974,0,0,0,0,1.92934,0.4914183,0,1.41487,0,0,0.4570199,0,1.168582,0,0,0.3402296,0,0,0.2485325,0.9014893,1.355345,0,0,0.03269022,0,0.1688103,0,0,0.419335,0.1986093,0,1.160042,0,0.4878049,0.313428,0.2188756,0.9033624,0,0,0.04321868,0.002228125,0.5367576,0,0.07184882,0.05623154,0.06896304,0,0.2736328,0,0,0.01303801,1.770469,0,0,0.8293269,1.152125,0.1221618,0,0,0.923422,0,0.5293096,0.3804978,0,1.722185,0.05771799,0,0.007566662,0,1.041767,0.1111124,0,0.3417595,0.5144797,1.209212,0.2888938,0,0.04510931,0.1142521,0,0.7534488,0.7569764,0,0,0,0,0,0.02251301,0,0.6809829,0,0,0.1080386,0.5682338,0,0,0,0.3935439,0.2998846,0,0.2079289,0.2839539,0.08513226,0,0,0.810192,0.487104,0.05749144,0.04347782,0,0,0.6478129,0,0.2585842,0,1.595935,0.4443882,0.8341347,0.4813851,0,0,0,0,0,1.311158,0,0,0,0.389497,0,0.6300167,0,0,0,0.4476618,0.4159034,0.08661275,0,1.024671,1.293885,0.7236773,0,
0.8028939,0,0,1.049733,0,0.1080296,0,0,0.1865867,0,0,0.1328295,0,0.4761485,0,0,0,0,0,0,0,1.058993,0.3266153,0,0,0,0.500886,0.3715266,0.1383231,0,0,0,0,1.183555,0,0.5628545,0,0.539463,1.11769,0.8615303,0.4117976,1.518843,0,0.8566636,2.543227,0,0,0.7798081,1.562588,0,1.629515,2.229642,0.1729772,0,0,0.7112987,0,0,0.1354589,0,1.49433,0,0,0,1.465079,0.0636355,0,0,0,0,0,0.2785921,0.01839451,3.270073,1.147805,0,0,1.664386,1.503749,0,0,0,0,1.021843,0,0.2617736,0,0.2369609,0,0,0,0,1.78819,0.1278505,0,0.6597565,1.002162,0,0,0,0,0,0.09053712,0,0,0.3530325,0.1171064,0,0.07159865,0.6581114,0,0,0,0,0.486317,0,0,0.7913309,0,0.4334837,0,0,0.2761359,1.108881,0,0,0,1.457407,1.193045,1.385447,0.684208,0,0.6319551,0,0,0,0,0,0.9198593,0,0.4697872,0.6828367,0,0,0,0,0,0,0,0.4064707,0.04908598,1.212341,0.02549232,0,0,0.02009686,0.4096536,0,0,0.3177825,0.03078586,0,0,0,0,0,0,0,1.217522,1.470259,0,0,0,0,0.3006593,1.460635,0.5058243,0,0.1395283,0.8643181,0,0,0,1.107021,0.5980505,0,0,0,0,0,0,0,0,0,0,0,0.9062139,0,0.05817745,0,0,0.8179824,0,0.05010801,0.02606045,0,0,0,0.7717597,0,0,0,0,0,0.5887797,1.774502,0,0,0,0,1.009722,0,0.5957097,0.2037569,0.819609,1.111232,0,0,0,0.5703959,0,0,0,0.08685769,0,0,0,0,0,0.4882334,0.1172553,0,1.13376,0,0.4662629,0.2176915,0,0.3250596,0.8052011,0.2917971,0.5611627,0,1.051184,0.080618,0.6699697,0.3799263,0.6363024,1.152492,0,0,0,0,0,0,0,0.7483969,0,0,0.2218997,0,0,0.8796406,0,0,0.5605953,0.1820577,0,0.3908442,0,0.3902117,0.5498585,0.05379435,0.6022158,0.29609,0,0.2280031,0,0,0.07910544,0,0.05322718,0.7807045,1.396184,0.4064058,0,0,1.37727,0.9083217,1.310055,0,0,0.690857,0,0.7895961,0.07988141,0.0023741,1.994768,0,2.363393,0.06488796,1.182171,0,0.71109,0.5351951,0.8063568,0,0.05116257,0,0,0.2364989,0,0,0.3677554,0,0,0,0,0.4273492,0.2267506,0.5185245,1.253552,0,0,0,0,0.3756886,0.1066442,0,0,0.5558453,0,0.008032984,0,0,0,1.172303,0,0.6944596,0,0,1.087096,2.591537,0,0,1.050381,0,0,0,1.031,0,0,0,0.6831138,0.2628224,0.1944963,0.4004527,0,0,0.2887671,0.394,0.6422493,0,0,0,1.263383,0,0.2642193,0,0,0,1.740337,0,0.105538,0,0.6417422,0,1.602109,1.676308,0,0,0.01650425,0,1.019378,0,0,0.6739995,0.06190129,0,2.113922,0,0.7049182,0,0.05637476,0,0,0.5763083,0.4799792,0,0.3635128,0.883478,0.1941104,0.5813448,0.2671591,0,0.120376,0.8796092,0.1836959,0,0.6796607,0.3040483,0,0.3093973,0.4192715,0.1107707,0,0.251953,0.4531822,0,0,0,0,0,0,0.8642768,0.3004364,0,0.1232744,0.3985034,0.2780994,0.2462792,1.195162,0.09040065,0,0.5690176,0,0,0,0,0.5171553,0.5761521,0.1178154,0,0,0.6919057,0,0.7305717,0,0,0.806478,0.0607696,0.4385226,1.21682,0.8488407,0.01672599,0,0.2099801,0.4872643,1.205172,0,0.340483,0.1550979,0,0.116246,0.5626342,0.1444551,0,0.1343185,0,0,0.02884554,0.5977622,0,0,0,0.1370269,0,0.8132002,0,0,0.7686946,0,0,0,1.624403,0.5878634,0.4842789,0.6690371,0,0,0.008096508,0,0.3249043,0.2939074,0,0,0,0,0.483514,0.5233055,0.1428823,1.053487,0.4699325,0,0.08589244,0,0,1.383552,0,1.150831,0,0,0,0.6760928,0.2081572,0,0,0,0.0696852,0,0.3622508,0.4389872,0.9017631,1.430709,0,0,0.2405122,0,0.9442424,0.1208484,0.6272916,0.3897681,0,0,0.7591521,0,0.4557224,0.2919499,0.785898,0.144511,0.5679676,0,0.3112653,0,0,0.6888465,0.1538407,0.3720379,0.02407377,0,0.5388826,0,0.7385456,0.3863267,1.925869,0,0.4302515,0.6528327,0,0,0.2520464,
0,0,0.7313249,0,0,0,0,0.477458,0,0,0,0.4657696,0.6464568,1.610253,0.9590002,0,0.6627428,0,0.119413,0,1.441845,0.1759049,0.3031962,1.332007,1.180731,0,0.3153284,0,1.450521,1.943411,0.009440964,0,0,0,0.5223798,0,2.325062,0,0,0.05366492,1.250838,0,0,0.8998947,0.2778359,0,0.9868069,0,0.4747407,0.4401346,0.5423005,0.4552893,0,0.9055214,1.69141,0.4032787,0,0,0,0,0,0.3674915,0,0.3920225,0.02547862,2.264502,0.7843792,0,0,0,0,0,0.4881619,0.04727143,1.451932,0.364586,1.021551,1.297493,0,0.6996717,0,0,0,0.2386614,0.2769218,0,0.1426157,0.7353804,0,0,0,0,0.02980657,0,0,0,1.785244,0,0.1131866,1.093317,0.004593484,0.7506481,0,0.8217727,0,0,1.938414,0,0.005208183,0,0.1699356,0,0.3841533,0.5309013,0.4960592,0,1.040281,1.077799,0.4665021,0.002368316,0.3478299,0,0.02521925,0.4540319,0.4431188,0.4012818,1.015835,0.9340914,0,0,0,0,0.3969541,0.3489406,0,0.3149665,0.4480186,1.107112,0,0.5029377,1.126387,0.4160884,0,0,0.04269229,0.2235824,1.29548,0.8224835,0,0.142715,0.6970155,0,0.7515063,0,0.460324,0.8555235,0.1197027,0.4275161,0,0,0,0,0,0.5695728,0,0,0,0,0,0,1.800613,0,0,0,0,0.4814896,0.6364526,0,0.7973788,0,0,0.2319414,0.1796121,0.02414306,0,0.02961846,0.1827528,0,0,0.6278069,0,0.9778218,0,0,0.2221571,0,0.6410979,0.267428,0.5677341,0,0,0,1.009825,0,0.08787405,0,0.2757438,0.2871723,0.2163649,1.124996,0,0.6422253,0,0.939635,0.3533995,0,0.0950359,0.3604442,0.1502154,0,0,0.5659594,0,0.8418767,1.04004,0.3655595,0.9491179,0.2537876,0.8494858,0.2945155,0,0.3393798,0,0,0.5807949,1.14946,0.1634226,0,0.1269904,0.342276,0,0.6982828,0,0.2776438,0,2.32413,0,0,0.3841342,0.610553,0,0,0.6553276,0,1.735457,1.578482,0,0.8267053,0,0,0,0,1.118927,0,0.8161281,0.3510903,0.9257275,0,0.2215446,0,0,0,0,1.405502,0.1943958,0,0.3232413,0,0,0,1.448574,0,0.1443622,0,0,0,0,0,0.8782722,0,0.9793977,0,0.6330663,0.1239468,1.086398,0,0,1.553311,0,0,0.696637,0,0,0.6577482,0.3691205,0,0.6184494,0.9475363,0,0.9318188,0,0,0,0.1332748,0,0.388256,1.328136,0,0,0,1.232192,0,0,0.630962,0.1768069,0.4842921,0,0,1.68752,0,1.820736,0.8099664,0.474833,0.9738045,0,0.9047232,0,0.8796774,0,0.03098108,0.1879516,0.01854004,0.703473,0,1.180264,0,0,0,0,0,0.2179817,0.06892547,0,0,0,0.4927596,0.01539913,0,0,0.9264792,0,0.5682175,0,0.3289491,0,0,1.863762,0.2459862,0.8390309,0,0.05017659,0.5822945,0.6825624,0.09697405,0.005414946,0,0.3230474,0,0.4186455,0.6253048,0,0,0.129803,0.3633499,0.4878552,0,0,0,0,0,0.2745466,0,0.5558298,1.025768,0.4071993,0.9568107,0,0,0.9776754,0.005213298,1.511073,0.6321737,0,0,0.4727945,0,0.512445,0,0.8137271,0.9099882,0.4133437,1.041036,0.4270689,0.3550234,0,1.251007,0.4491378,0,0.03577552,1.722183,0.8120474,0.2703255,1.414937,1.046537,0.2449922,0,0,0.1517361,0,0.9873458,0,0,0,0,0.9451563,0.8163851,1.328554,0,0.4591035,0,0.3104819,1.045561,0,0.529478,0,0.7718,0.3060427,0,0,0.6667249,0.3868765,0,0.5929269,0.6944479,0.8156179,0,0.1077765,0,0,0.186767,0,0.66342,0,0,0,1.80737,0.3618923,0,0.7065222,0.6662236,0.4398844,0,0,0.4746193,0,0,1.3034,0.4298126,0.02048958,0,0.002400691,0,0.2148204,0,1.25493,0,0,1.314837,0.8571704,0,0,0,0,0,0,0.5230013,0.2290753,0.07752596,0,0.5482944,0,1.006636,0.3276598,0.8623554,0,0,0,0,0,0,0.4147829,0,0,0,0,0.4182559,0,0,0.2262035,0.5965889,0,0,0.2689007,0.03547152,0,0.5911897,0,0.2491905,0,0,0,0,0.7273678,0.8532229,2.20106,0,0,0.07719489,0,0.771612,0.1119884,0,0.7189952,0,0.1766273,0.3934463,0,0.3857742,0.3443067,0.2219767,0.7283941,0,0,1.809888,0.1114045,0,0,0,0,0.3026967,0,0.5939162,0,0.04950296,0,0.346971,0.6883405,0,0.4421611,0,
0,0.005878814,1.109,0.1080796,0,0,0.7283418,0.8003192,0.2002719,0,0.1213873,0.4487083,0,0.5137897,0.04045554,0,0.3001846,0,1.034463,1.640937,0.4038818,0,0.6178853,2.041417,0.4945743,1.250076,1.920307,1.316565,0.1450997,0.3465118,1.53758,0.1366131,0,0,0,1.297942,0,0,3.740395,0.6104645,0.4574637,0,0,3.52518,0.7211252,0,0,0,0.9890268,1.313705,0.4749499,0,2.261494,0.4461932,0,0.3144217,0,0,0,0.1610722,0.237289,0,0,0.7931618,0,0.40774,0,0,0,0,0.8142551,0.8512649,0.3288712,0,0,0.192513,0,0.4109108,0,0.4865378,0,0.7659034,0.1417196,0.9088219,0,0,0,0,0.3896236,0,0,0,0,0.04370995,0.1284184,0.6658657,0.5202276,0,0,0.7951088,0,0,0,0,0.1580135,0.1540463,0,0,0,0.2052073,0,0.5205719,0.2936068,0.03414027,0,0,0.3045163,0.7734655,0,0,0,0,0,0,0,0.7416902,0,0.02374776,0,0.09035667,0.1910937,0.2932003,0,0,0.7444241,0,1.643058,0,0,0.5876778,0,0.2603832,0,0,0,0,0,0.9749651,0.2729315,0,0.8767908,0.2729883,0.06731903,0,0.2298835,0,0,0,1.67609,0.5269758,0.5035084,0,1.281834,0.6434968,0.5025822,0.134337,0.7507653,0.5404906,0,0,0,0.7214897,0.7067202,0.8807475,0,0.3882118,0,0.9439173,0,0,0.6423947,0.9321201,0.3450542,0,0.371288,0,0.3549457,1.668184,0.8426565,1.275427,0,0,0,0,0,0.594721,1.18176,0,0.06632672,0.8514288,0.5864866,0,0,0.5168946,0,0,0,0.3176372,0.3565508,0.5004593,0,0,0.007041014,0.3125398,0.7435836,0.3956959,0,0,0,0,0,0,0.777247,0,1.079392,0,0.2207141,0.06561556,0,0.01720348,0.9622479,0.04596366,0,0,0.6761134,0.2930062,0,0.2328496,0,0,0,0.9656681,0.2649999,0,0,0.4998509,0.6195983,0,0.4203343,0.4771786,0,0,0.2655621,0,0,1.044779,0,0,1.580381,0,1.936171,0,0,0.01965845,0,0,0.3321706,0,0.2869231,0.2746648,0,1.316548,0.8426627,0.2754126,0,0.6027049,0,0.2611186,0.5407383,1.075919,0.1320859,0.9446989,0,0.6170727,0.6593887,0.7151168,0.315409,0,0.7483305,0.4928108,0,0,0,0.3128093,0.04439763,0.02651686,0.5203331,0.7946418,0,0,0.4820696,0.5639565,0.647703,0,0.1776381,0.3848839,0,0,0.9881301,0,0.1429432,0.3630318,0.9774039,0.2232772,0,0.04801755,0.5999126,0,0,0,0.4283383,0,0.1171638,0.03631186,0.574267,0,0,0.2745034,0,1.184014,0.3188112,0,0,0.4449024,0,0.5535215,0,0,0,0.1086592,0,0,0,0,0.440626,0,0.6203585,0,0.3803121,0,0,0.5811092,0,1.226519,1.087865,0.9399892,0.1008442,0,0.5116181,0,0,0,0,0.861937,0.3597139,0,0,0,0,0.8225445,0.8133197,1.640283,0,0,0.8511434,0,0,0,0.3320239,0.3050862,0,0.5293813,0,0.2317534,0.6483573,0,0.1292172,0.4460294,0.1251733,0,0.2950027,0,0.7835277,0.2663226,0.5665218,0,0.192997,0.137984,0,1.24821,0,0,0.148664,0,0,0,0,0,0,0.6973134,0,0,0,0,0.2281514,0.5273551,1.051642,0.6516898,0.04373128,0.9240084,0.7014309,0,0,0.02574973,0.3044746,0.3771954,0,1.817549,1.284513,0.1185391,0,0,0.6023139,0,0.04751418,0,0,2.200951,0.1092631,0.6367559,0,0.543111,0.9392213,0.2010336,0,1.197894,0.5035846,1.404588,0,0,0,0,0,0.9128852,1.273927,0.2835643,0.4642174,1.379115,0,0,0,0.03753997,1.262469,0,0.8794149,0,0,0,0,0.4447247,0,0,0,0.004120493,0.3253237,0.1932324,0,1.16321,1.566664,0.6752803,1.401896,0,0.7736765,0,1.088954,0,0,0,0,0,0,0,0,0,1.032476,0.2506928,0.3748507,0.6664676,0.2533324,1.479844,0,0,0,1.515408,0,0,0,0.2991104,0,0.3094279,0,0.4588332,0.4471457,0,1.311616,0,0,0.1833175,0,0,0,0,0.04849698,0,0.2204849,0,0.6998748,0,0.7405353,0,0,0.09152415,0,0,0,0.0145254,0.4335452,1.536776,0.7136093,0.7156546,0,0.6303988,0,0.2740001,0.2109052,0.927117,0,2.704626,0.2911449,0.432052,0,0,0,0.2169485,0.6393902,0.1236725,0,0,0,0,0,0,0.01381837,0,0,0.7694498,0,0,0,0,
0.9080023,0.7799446,0.1055026,0,1.662723,0,0,0.6830189,0.9108253,1.164996,0.04323308,1.069221,0.5399101,0.3687846,1.209047,0.204918,0,0,0.7444,1.482677,0,0,0.6948911,0.2964302,0,1.18925,0,0.4874346,0,0,0,0,0,0.5055268,0.9183722,0,0,0,0,1.211897,2.043156,0,0.284664,0,0,0,0.8971105,0.8216133,0.6435133,0,0,0.107262,0,1.221303,0,0,1.669397,0.8658448,0,0,1.685092,0,0,0,2.559853,1.713445,1.090399,0.2537003,0,0,0,0,0.2084371,0,0.01905504,0.2051669,0.2369334,0,0,0,0,0,0.9107977,0.8147147,0,0,0,0,0.06964413,0,0.958279,0,0.5860029,0,0,0.2220268,0.09974866,0.3500854,0,1.019842,0.2724581,0,1.594786,0.009524764,0.1087841,0,0.3248363,0.3509164,0,0,0.2326265,0.4990078,0.5746645,0,0.3653943,0.4557208,0.9270536,0.4415089,0,0,0,0,0,0,1.089676,0.4505716,0.3784943,0,0.958456,0,0.2213209,0,0,0.1868145,1.877449,0,0,0,0,0.3423021,0.2176742,0.8259537,0,1.670019,0,0,0.4715583,0.4563687,0.5527788,0,0,0,0.2131681,0.7091079,0.5590105,1.460004,0.5409496,0,0.1388251,1.209124,1.00817,0,0,0,0,0,1.736091,0.1076635,0,0,0.5311356,0,0.8042845,0,0.555039,0.507553,0,0,0.4910043,0.1339397,0,0.06743529,0.3679395,0.02089952,0,1.069352,0.1372874,0.02804388,0.8521537,0.2880669,1.387744,0,1.255017,0,0,0.2368379,0,0.2401281,0,1.022504,0,0.4551148,0.1940634,0.2372359,0.9758872,0,0.2747748,0.546676,0,0,0,0,1.080002,0.1793001,0.07362239,0,0,0.5497719,0,0.0536139,0.1333456,0,1.489357,0,0,0.2063697,0.2100971,0,0.4045851,0.6873312,1.086351,0.1460944,0.1580212,0.06954367,0,0.5227575,0,0.4230401,0.3902472,0.2140941,0,0,0.5705853,0.2418642,0.6515368,0.6936485,0.1340519,0,0,0.3785216,0.1993916,0.5229366,0.200528,0,0,0.3289527,0.1982283,0.1564274,0,1.149797,1.00524,1.287512,0.1560567,0,0,0.5597305,0,0,0.2336834,0,0,0.2957244,0,0.2106909,0.9767158,0,0,0.5650265,0,0,0,0.4843922,0,0.802025,0,0.16038,0,0.02187953,0,0,1.091236,0.4175075,0,0,0.2939847,1.076721,0,0,0.2704042,0,0.5832164,0,0.2600949,0,1.38769,0,0.9968784,1.115476,0,0.1019825,0,0,0.6702684,0,0,0,0.2531628,0.6354914,1.052808,0.7371919,0.1575448,0,0,0.208317,0,0.3971516,0,0,0.4661909,0,0.6195726,0,0,0,0,1.080887,1.256719,0.130257,0,0.9494414,0,0,0,0,0,0.4546113,0,0.2244848,1.141658,1.634502,0.01011345,0,0,0,0,0,0.3212902,0,0.07484321,0,0,0,0,0,0.6095126,0,0,1.145736,0,1.626354,0,1.098325,0,0.3847286,0.2230215,0,0,0.4848174,0,0.5912279,0,0,1.633796,0,0,0.4976282,0.6368104,0,0.05720568,0.2926721,0.1033739,0.1706339,0,0,0.2976159,0,0.389673,0.4826673,0.7065377,0,1.139248,0.08230101,0.2500967,0.5035676,0,0,0,0,0,0.3041811,0.7113593,0,0.2576414,0,0.02194232,0,0,0.1237636,0,1.007113,0.4689058,0,0.639713,0,0.7778783,0.07547195,0,0,0.315169,1.232169,0.1384664,1.809131,0.4382558,0.1046244,0.659937,0,0,0.9246189,0.5548885,0.5558658,0,0.5077878,1.037276,0.9566066,0.543411,0.7535231,1.600588,0.2669491,0.5090142,0.5537468,0,0.07498066,0,0.4752036,0.3383018,0.5212557,0,0,0.2096763,0.2246289,0,0.3146868,0,0,0.548991,0,1.029224,0.5309259,0,0,0,1.092211,0.4998439,0,0,0,0.1038716,0.9887202,1.706597,0.2399005,0,0.04600649,0,0.930937,0.6563569,0.1325141,0.6521788,0,0.3145823,0,0.5261948,0.5282385,0.5555664,0,0,0.7713177,0,0,0.9183935,0,2.079206,0,0,0,0.1894637,0,0,0,0,0,0.1692872,0,0,0,0,0,0,0.7439058,0.0252193,0.9740559,0.5434605,0,1.001595,0.9426291,0,0.3428542,0.2046811,0.8587859,0,0.1601385,0,0.8373947,0.6052878,0,0,0.04348809,0.2650197,0.5087904,0,0,0.07700852,0,0.4764125,0,0,0,0.2772766,0.2300054,0,0,0.4321169,0,1.024421,0.4944025,0,1.072287,0,0.5162923,0.2082868,0.8585633,0,0.3827811,0.09003361,0,0,1.588972,0.3390835,0,0,0.5253457,
0.3426923,0,0.4204714,0,0,1.256345,0,0.1123109,0.1945238,0.5651751,0,0,1.514816,0,1.051876,0,0.01184041,0,0,0,2.908663,1.023803,1.06204,1.302928,0,1.651328,0,1.989074,0,0,0.5448364,0.05868358,0,1.719053,0.06793714,3.701977,0.4962784,0.1766813,2.468737,0,0.7886095,2.529676,1.399708,1.255861,0,0,0.3672836,0.4247636,0.3292938,0,1.249642,0,1.291061,0.6498964,0,0,0.4746156,1.70808,0,0,0,0.7060745,1.328461,0.07169641,0.5218403,0.4467898,0,0,0,0,0.6886168,1.044291,0,0,0.8637353,0,0,0,0,0,0,0,0,0.4757952,0,0.9813703,0,1.007073,0.4228258,0.3733058,0,0.9493576,0,0.1005837,0,0,0,0,0,0.08472408,0,0.6521086,0.09869846,0,0.252133,0,1.839282,0.1464548,0,0,0.08267024,0,0,0.8398502,0,0.274801,0.8545929,0,0.3024587,0.4563618,0,0,0.0181536,0.6088253,0.3911115,0.7362586,0,0,0.5724437,0,0.4123761,0,0.2193527,0.1625981,0,0,0.7327,1.09115,1.411036,0,0,0.209783,0.8123577,0,1.410082,0,0,0,0,0,0,0.2701294,0,0.01347467,0.5813079,0,0,0,0.3923556,1.0489,0,0,0,0.1399707,1.691531,0,0,0,0.2592255,0,0.4976074,0.3847805,0,0.5583783,0.788418,0,0.7354795,0,0.9099942,0.4622413,0,0,0.138693,0,0,0.7755008,0.1607286,0,0,0,0,0,0,0,0.5208919,0.5700829,0,0,0.3059092,0,0.831533,0,0.725626,0.1574952,0.893796,0.4596921,0,0.4516798,1.338467,0.4569099,0.5692865,0,0,0,0.4930521,0.2799487,0,0.153228,0.007985733,0,0.6073066,0,0.2746249,0,0.3600472,0,1.133304,0.1502045,0.07593197,0,0,0,0.1098658,1.284178,0,0,0,0.09868755,0.01474094,0,0,0.4186407,0.08605841,0,0,0,1.252653,0,0.3420708,0.5562397,0.5268696,0.2563371,0,0.9028433,0,0.2127126,0.4353099,0,0.5075398,1.378937,0.3272543,0,0,0,0,0.01166674,0,0,0.1637354,0.2233136,0.2999276,0.6085743,0,0,0.6563511,0.5841492,0,0.007315195,0,0,0,0.2677063,0.09195681,0,0,0,0.6473463,0.421425,0,0,0,0,0.3337385,0.2339419,0,0,0,0,0.2443991,1.270589,0,0.5368784,0.5616013,0,0,0.7412264,0.1361162,0,0.5335402,0.5992207,1.826188,0.3117065,0.8540859,1.233338,1.171355,0.4669482,0.05207618,0,0,0,0.926754,1.317505,0.09518959,0,0.2234892,1.148821,0.4365898,0.7226104,0.6888244,1.176842,0,0.6749724,0.361346,0,0,0.9456961,1.463175,0,0.5693679,0.3039123,0,0.3565437,0.1552015,0,0,0,0.6975078,0.5849375,0,0.4881035,0,0.8995984,0.002472671,0,1.556994,0.3247453,0,0.4926555,0.6036898,0.4623058,1.640507,0,0.8312672,0.8336725,0,0,0.07107668,0,0,0.0787745,0.8038704,0,0.8949318,0,0.02206207,0,0,0.5442829,1.096941,0,0,0.4807715,0,1.994948,0,0.8972437,0,0,0.3288255,0.4497111,0,0.06137827,0,0,0,0,0,0.003815015,0.2878262,0.4505675,0,0.2207454,0,0,0,0.4448793,0,0,0,0,0.6243067,0.002456597,0.226163,0,0,0.8306775,0.02674008,0.58225,0,0.1774564,0.6188266,0,0,0.8062492,0.4752905,0.248238,2.293406,0,0.412407,0,0.4532062,0.08384372,0.9777479,0,0,0,0.3977828,0,1.549824,0,0.3607587,0.06275301,1.607694,0.1035013,0.08590105,0,0.1063032,0.6527054,0,0,0,0,0,0.3797106,0.2094217,0,0,0,0,0.3313313,0,0.8279408,0.2301427,0,0,2.223113,0,0.4153413,1.025903,0,1.263243,0.3305812,0.2702571,1.465595,0.1278663,0.6795409,0.1463696,0,0,0,0.9616033,0.06357081,0.4255759,0,0.67277,0,0,0,0.6428173,0.7743506,0.3959234,0,0.5649262,0.8984539,0.4410913,0,0,0.06391469,0,0,1.101619,0,0.1033297,0.5310773,0.2851799,0,0,0,0.6401004,0.1359364,0,0,1.023184,1.30225,0,1.415895,0,1.182008,0,0,0,0,0.5202997,0,0.1554126,0.3008834,0,0.05966177,0,0.6966211,0,1.518742,0,0,0,0,1.019731,0,0,0,0.6327988,0,0,0.1402736,0,0.7055445,0.2612489,1.504514,0.3083007,0.6033374,0,0,0,0,0.7931896,0.555426,0,0.2731784,0,0,0,1.039867,0,0,0,0.5380741,1.061771,0.1675388,0.2836216,0,
0.1077067,0,0.7483076,0,0.2232778,0.6044685,1.950074,0.7464782,0,0,0,0,0.1976443,0,0.3496668,0,0,0.8089334,0,0.3465391,0,1.074707,0.6798967,0.4511323,0.7105368,0.1076833,0.3349852,1.428574,0,1.876681,0.4645207,0,0,0,1.175864,0.5009432,0,1.146529,1.079813,0.5653811,0.346238,0,0,0,0,0.1199171,0,1.205407,0,0.4349166,1.039896,0.3918487,0.6259155,0,0,1.2409,0.7311147,0,0.2188283,1.189181,0,1.480588,0,0.2406282,0.2704363,0,0.07967104,1.042181,0.6739122,0,0,0,1.194404,0,0,0,0,0.3617206,0,0,0.6033405,0,0,2.494094,0,0,0,0.2156829,0,0,0,0.2554505,0,0,0,1.052528,0.2849533,0.5639009,0,1.160131,0,0.256569,0.17857,0,0.5748316,0,0,0,0.6268037,0,0,0.7786332,0,0.002935044,0,0.045187,0.3558702,0,0.7123712,0.5672125,0,1.475389,0,0.8732883,0.2210297,0.6049181,0.9766679,0,0,0.6917475,0,0.9925819,0,0,1.148082,0,0,0,0.5643816,0.1598407,0,0,0,0.5906981,0.4064176,0.174287,0.4433473,0,0.8290784,0,0.669373,0,0.1533464,0,0,0.005003246,0,0.07269765,1.215944,1.200741,1.119032,0.3129054,0.8093106,1.402608,0.489731,0.292933,0,0,0,0,0,1.467653,0.7489454,0,1.373697,0,0,0,1.56892,0.8549783,0,0,1.655966,0.391365,0.7684098,0,0,0.615135,0.04002629,0.1555492,0,0.6326395,0,0,0.6394877,0.5229116,0,1.252751,0.02352877,0.151421,0.2267833,0,0.5726896,0,0,0,0,0,0.3435591,0,0.02720013,0.7429099,0,0.0741238,0,1.167897,1.232554,0.6801811,0.08775701,0,0,0,0.283084,0,0.4110808,0,0,0.7408894,0,0.8634581,0,1.811298,0,0.5744212,0.8047636,0,0.5437459,0,0,0,0,0,0.3101872,0,0,0,0,0.593661,0,0.5183145,0,0.584259,1.259725,0.4127844,0.6197526,0,0.6414151,0.7035295,0,0.6357005,0.1703801,0,0.7830665,0,0.1580411,0,0.7284112,0.2616642,0.8200443,0.8181047,0.002420056,0,0,0.514982,2.179037,0,0.2344715,0,0.5334742,0.4011558,0,0,0.01191979,0,0,0,0.3740489,0,0.9655751,0,0,0,0.7331869,0.2842221,0,0.02602291,0.3347199,0,0,0,0,0,0,0.2005362,0.2476462,0,0,0.7854553,0.4049944,0.03813019,0.05357803,0,0,0,0.05063239,0.04263887,0,0.756261,0,0.002386322,0,1.016062,0.1219935,0.07633645,0.6137818,0.3111225,0.008355867,0,0.188628,1.366001,0.5121283,0.4575906,0,0.6083745,0.01914798,0,0,0,0,0,0,0.6200203,0.6869466,0.6132401,0,1.083835,0,0,1.070093,0.647442,1.575462,1.083759,0.7977247,0.07171809,0.02241009,0.2957411,0,0,0.1484242,0,0,0,0,0.04064715,1.144471,0.7308452,0,0.710076,0.6326208,0.5132758,0.1260786,0.06738278,0.365822,0.0716917,0.1916949,0,0,0,0.4507674,0.6058445,0.7243207,0.3057865,1.120216,0.4414359,0,0,2.048364,0,0,0,0,0,0,0,0.7458181,0,0.3027385,1.213242,0.1570228,0,0,0,0,0,0.2900609,0.2673112,0.1139962,0.4693734,0.4685308,0.1025161,0,0.2548395,0.6841118,0,0.9408249,0.5530638,0.9427885,0.7072895,1.335235,0,0,1.088227,0,0.3480291,0.4953066,0.7838084,0,0.1518947,0.5126948,0.2851153,0,0,0,0,0,0,0,0,0.1833332,0,0,0.6536116,0.1285174,0,0,0.2178386,0.2674398,2.337946,0,0.742102,0,0,0.5626249,0.6287335,1.133988,0,2.120343,0,0,0.3096785,0.1300353,0,0,0.07215768,0,0,0,0,0,0,0.5890071,0,0,0,0,0.8903174,0,0,1.107051,0,0,0.2072772,0.1726746,0.1126805,0.312916,0.3923844,0,0.002279777,0,0,0.3153428,0,0.104831,0.292052,0,0,0,0.2068571,0,0,0.245044,0,0,0.1654956,0.04293532,0.2462558,0.1870804,0.2344833,0,0.1999589,0.556022,0.1074278,0.6394918,0.2842345,0.2989496,0.446151,0,0,0.1675737,0.521665,1.058746,0.2533865,0.251622,0,0.4525859,0,0.5315701,0.2708487,0,0,0.06152665,0,0,1.270334,0.1788735,0.04731742,0,0.5911058,0.840806,0.2779735,0,0.09599713,0,1.329175,0.2610602,0,0,0.2319861,1.305626,0,0.4616491,0,0.3708588,0,0,0,0.2402365,0,0.145906,0,1.065584,0,0.3121457,0.7873188,1.370292,0,0,0.4730524,0,0,
0.4404745,0,0.268548,0,1.020094,0,0.1885619,0.008701487,0,0,0.2192282,0,0,0,0,0,0,0.2008003,0,0.3881046,1.662394,0.03416505,0,0,0,0.9369628,3.066915,0,0.1937838,0,1.387061,0,0,0,0,0,0,1.05733,0,0,0,1.409013,0,0.9243279,0,0,0,0,1.544026,0,1.211495,0.4094204,1.619636,3.11037,0.8605184,0.0807832,0.6818615,0.6108752,0,0,0,0.0918154,0,0.8180575,0,1.741207,0.209335,0.8521342,0,2.342285,0.1728283,0.825555,0.957018,0,0.6178582,1.963197,0,0,0.4422362,0,0.2292909,0,0,0,0.09759788,0.2801242,0.3624069,0,0,0.9752274,0.8132863,0.6425244,0.6815211,0.02936124,0,0,0.4569654,0.1471612,0,0,0.3107988,0,0.5321587,0,0,0,0.1213397,0.4730684,0,0,0,0,0,0.770833,0.1107769,0,0,0.07824174,1.053777,0,0,0,0.3515197,0,0.3296223,0.6660862,0,0,1.283856,1.200337,0.551804,0,0,0,1.695936,0.9550158,0.5192707,0.1241813,0,0,0,0.2718445,1.479651,0.2256859,1.239276,0,0,0.4407649,0.7338275,0.7610131,0.06920028,0,0.373015,1.015487,0,0,1.535543,0,0,0,0,0.912564,0,0,0.6125898,0,0.5441916,0,1.196592,0.398683,0,1.042944,1.331965,0,0.2279062,0,0,0,0,0,0.05500527,0,0,0.5353671,0,0,0.07754151,0.8940374,0,0,0.6885083,0,0,0.07752918,0,0,0,0,1.299374,0,0,0,0,0,0.1733433,0,1.070591,0,1.047014,0.4901027,0.07968403,0,0.1060514,0,0,1.296602,0,0.2369711,0,0.2123203,0,0,0,0,0.9118284,0,0.2228679,0,0,1.552479,0.4593384,0.1712235,0,0,0.9291207,0.6787656,0,0,0,0,0,0,0.7492538,2.014996,0,0.9241763,0.1297781,0,0.03230374,0.6146922,1.185733,0,0,0,0,1.843353,0.1589849,0.3816998,0,0,0.3038079,0.4727589,0,0,0.6523012,0,0.1963511,0,0,0,0.1731482,1.293167,0.008737095,0,1.15267,1.625929,0,0,0,1.254928,1.158835,0,0.00256063,0.3862554,0,0.3187847,0.2111724,1.334177,1.083986,0.06763628,0.02438386,0,0,0,0.5314633,0.2560937,0.1047593,0.1440732,0,0,1.03329,0,0,0.7338243,0,0,0,0,0,0,0,0.2936779,0.1802672,0,0,0,0.8174685,0,0.4415655,0.3460904,0,0.03234241,0,0,0.3047874,0.08070191,0,0,0,0,0,0.2518537,0,0,0,0.7517257,0.2208398,0,0,0,0,0.3200411,0.1698522,0,0.3808923,0.0496592,0,1.394605,0,0,0.305121,0.8408208,0.90066,1.0379,0,0,0,0.5106683,0,0.06457215,0,0,0,0,0.6670446,0,0,0.5484403,0.161682,0.2719924,0.9440936,0.08687628,0,0,0.703019,0,0,0,0.3005211,0,0.2815869,0,0.7397878,0.2483303,0,2.471275,0.08994507,1.282831,0,0,0.04705235,1.260013,0,0.3843749,0,0,0.6864098,0,0,1.177754,0.3815366,0.3924512,0.5491262,0,0,1.135893,0,0.653231,0.5666072,0.9786738,0,0,0,0,0.7167651,0,0,0.6335028,0.322708,0.2512424,0.351952,0,0,0,0.0829303,0.1179042,0.7643239,1.943343,0.3972238,0,0.3806593,0,1.388294,0.1872777,0.01615654,0.6890355,0.05189884,0.6504878,0,1.048274,0.3856029,0.273614,0,0,1.049119,0.2375895,0.02202093,0.1745763,0,0.9835879,0,0,1.509012,0.2243181,0.1059365,0.6984899,0.3415015,0,0,0.3652836,0.0475629,0,0.4446029,0,0,0.4365307,0.5366395,0.05379857,0,0,0.5220895,1.076339,0.141099,0.4915641,0,0.9609641,0,0.5894313,0.002867842,1.042421,0.2234343,0.6170493,0.4076121,0.5810695,0,0,0.2673424,0.09012488,0,0.8831719,0,0,0,0,0,0,0.2622429,0.6214963,0,0.1457865,0,0.2841439,0.5781522,0.3652782,0,1.09484,0.7059819,0,0,0,0,0,0,0.753856,0.3833667,0,0,0,0,0,0,0.9288504,0.723048,0.8054296,0,3.356353,0,0,0,0,0,0,0,0.4287696,0,0.4522548,0.6830537,0,0,0.06127319,0,0.8252223,0,0.5713044,0.1409996,0,0.5905523,0.1378275,1.038908,0,0,0,0,0.05257155,1.761359,0,0.2075649,0.007803972,0.9660315,0.553204,0,0.92129,0,0.4562835,0.4897888,0,0,0.7479518,0,1.892455,
0,1.647378,0.06324784,0.9684185,0,1.62079,0,0,0.3226069,0.2273958,0.5703037,0,0,0.2196478,0,1.597207,0.4436418,0,0.7851078,1.125843,2.423776,0.4490827,0,0,2.582285,0,0.05091727,0.5247185,2.156855,0,0.303006,0,0,1.094139,1.190824,0.2435939,0.2518797,0,0.4872703,1.200737,1.932881,1.029687,0.131992,0,1.565233,0,0.4624332,0,0,0.8276645,0,0,0,0,0,0.6131779,0.99375,0,0,0.2301441,0.3753836,1.307247,0,0.9486755,0,0.3402669,0,0,0,0,0,0,0.0136261,0,0,1.144361,0.3043748,1.188189,0,0,0.5781621,0,0,0,1.463564,0.7734249,0.4936939,0,0.4979801,0.9177137,0.4990318,0,0.242572,0,0.05058791,0,0.5506418,0,0,0.3594705,0,0.2823882,0,0,0,0,0.6741138,0,0,0,0,0,0,0,0.01918039,0,0,0.1414333,0,0,0,1.092303,0,1.218695,0.4888134,0,0.2032281,0,0.0381637,0,2.263889,0.7376908,0.8371174,0.5215061,0,0,0.6400824,0.325026,0.8334721,0,0,0,0,0.9215017,1.004207,0,0.429827,0,0.9449164,0.5083563,0.8133696,0,0.3878357,0.30605,0,0,0.2003488,0,0.6004484,0.508409,0,0,0,0,1.588536,0.02539516,0,0,0.3646044,0.3771567,0,0.8162789,0,0,0,0.1286169,0.109735,0.5586276,0,1.399367,0.5985614,0,0,0.4046629,0,0,0.1623543,0,0,0.4576297,0.8417391,0,0.05196984,0,0.002512446,0,0,0.7147692,0.4980217,0,0.9154907,0.497779,0,0,0.2993816,1.448282,0,0,0,0.9092606,0.0670296,0,0.719358,0.8617747,0,0,0.5788581,0.2771835,0.9950445,0,0.5764081,0,0,0,0.2314316,0,0.8850573,0.3833438,0,0,0,0.6399462,0,0.4659189,0.3275613,1.091321,0.3150966,0,0.5164672,0.4884861,0,0,0,1.264881,0,0,0,0.8672494,1.065059,0.04966414,0.2068508,1.077756,0,0,0.5498637,0.1265309,1.234632,0.2902676,0.3923793,0.1417542,0,0,0,0,0.1616558,0,1.497501,0,0,0,0,0,0.2147624,0.1569305,0.378574,0,0.1727688,1.511843,0.4636,0.5377494,0.02432853,0,0.2084142,0.1240633,0,0.117889,0,0.6253181,0,0,0.4997874,1.2342,0.4155616,0.1439937,0,0,1.128517,0,0,0.4133833,0,0.2427807,0,1.531253,0.3130183,1.582761,0,1.41008,0.6450194,0,0,0.1830472,0.7302456,0,0.5507649,0,0.1129689,0.03272338,1.139084,0.6567803,0.1701963,0,0,0.8110262,0.4075975,1.00347,0.1798284,0,1.326501,0.1060635,0,1.157174,0.62199,0,0,0,0.6405392,0.7899137,0.08164383,0,0.4124176,0,0,0,0,0,0,0.9067615,0,0,0.5836046,0,0,0.3960374,0.7844718,0,0,0,0.1274936,0,0,0,0.1479077,1.073193,0.1700068,0,0.4072911,0,0.2966562,1.104708,0.4096351,0.5991077,0,0.822901,0,0,0,0,0.3774005,0,0,0,0.1289027,0.4379724,0,0.6044571,0,0,0,0,0,0,0.04606581,0,0.3669144,0,0.1313798,0,0.4308753,0,1.270622,1.289671,0,0.3526294,0,0,0.1017848,0,0,0,0.718338,1.543419,0.2316286,0,0.4404849,0.9727759,0,0.7413935,0,0.1875951,0.581749,0.02716102,0.4583285,0,0.04338413,0,0.6074964,0,0,0.2095633,0.03836567,0,0,0,0.9211468,0,0,0,1.289952,0,0.8999116,0.5269667,0,0,0,0,0.06583103,0,0.6987954,0.05166066,0,0,0,0,0.6476016,0,0.3038269,0,0.4421799,0,0,0,0,0.02033356,0,0,0.07597671,0.5766648,0,0.2180342,0.1965251,0,0,0,0,0.7911301,0.8360998,0.716471,0,0.4888403,1.032349,1.122931,0.1580634,0,0,0,0,0.7087125,0,0.2045738,0.2997918,0.6302348,0,0.8534357,0.2939234,0.217941,0,0.3614441,0,0.644119,0,0.0643975,0.7534476,0,0,0.04256751,0,0,0.7983897,0,1.168138,0,0.8558366,0.8237521,1.25642,0,0,0.4044904,0,0.2683437,0,0,0.2318631,0,0,0,0.2933641,0.924679,0,0,0,0.6517839,0,0.2360576,0,0.6621723,0,0.7810146,0.1924373,0,0,0,0,0.7882147,0,0.9916424,0.7116006,0.4118336,1.663307,0.1669143,0.9808509,0,0,0.3823569,1.110366,0.1233436,0,0.9816069,0.9088128,0,0,0.002475589,0,0.5709088,0.8563163,0,0.009657475,0.1895752,0,1.055596,
0.3739441,0,0,0.7342439,0,0,1.760113,2.023292,0,0,0,0,0.7936299,0,1.10461,0.6320083,1.486362,0,0.002311114,1.136744,1.781981,0,1.27202,0,1.284694,0,1.827179,0,0,0,0,0,0,0,0,0.2510952,0.1504437,1.178348,0.6925429,0,0,0,1.96935,1.228031,1.689588,0,0.315797,0,0,0.2423465,2.32687,0,0,0,0.1935495,1.025731,0,0.9035582,0.7660208,0,0.8271452,0,0,0.220485,0.02339287,0,0.1428565,0,0,1.159408,0,0,0.7473204,0,1.338065,0.05271883,0,1.898652,0.7594042,0.5219947,0,0,0,0.1002795,1.402767,0,0.3268535,0,1.206169,0,2.417036,0.7635239,0,0.2260701,0,0.3015467,0,0.6430249,0,0.1945162,0,0,0.7558907,0,0,0.1680687,0,0.3405828,0.856522,0,0,0.7277273,0.7554104,0.07612646,0.8593321,0.6224501,1.377174,0,0,2.038021,0,0.9016041,0.09601948,0.3693464,0,0.9506545,0,0.8626898,0,0.4262156,1.602834,0.159852,0,0.5988979,0,0,0,0,0.1323292,0,0.3539481,0,1.004129,0.273692,0,0,0,0,0.5401393,0.1931357,0.03007741,1.114502,0,0,0,0.5982794,1.176662,0,0,0,0.4771085,1.071979,0,0,0,0,0,0,0.1212429,0.2986926,0,0.2860497,0,0.4987157,0,0.4755053,0,0.7692629,0,1.632764,0,0.4793278,0,0.3970026,0,0,0.4960171,0.7009398,0,0,1.32796,0.1131905,1.363955,0,1.082081,0,0,0.03426141,1.42385,0,0.2874982,0,1.140466,0,0.2007923,0.4899251,1.455524,0,0,0,0,0,0.2531739,0,0.176235,0.3563243,0.7045472,0,0,0.6458416,0.00649488,0,0.577234,0,0,0.7190972,0.597577,0.5673144,0.348487,0,0.6611187,0,0,0,0,0.04226555,0.2547571,0,0,0.04407835,0,0,0.437885,0,0,0.1647219,1.098682,0,0.3106031,0.8968186,0,0,0.9286505,0.6924873,0.3865523,0.1764634,1.006653,0.3340556,0.5887405,1.088509,0.6783976,0.4208105,0,0,0,0,1.741911,0.1285272,0.6458387,0.6016589,0.652966,0.4881189,0,0.7550293,0.6640812,0.1427782,0.2545024,0.8302203,0.0396544,0,0,0.2321466,0.5700801,0,1.175857,0.1666107,0,0.5198588,0,0,0.169249,0.03677305,0,0,0,1.044378,1.060367,0.9558666,0,0.1378281,0.8402759,0.08353694,1.900545,1.126154,0,0.256445,0.6611414,0.3794537,1.57816,0,0,1.651858,0,0,0,0,0.08501489,0,0,1.01218,0,0.643077,1.69621,1.118267,0.7032518,0,0,0.7643434,0.2221346,0.672336,0,0,0,0.7124611,0.00254371,0,1.531204,0,0,0.8150371,0,0,0,0,0.4467634,0,0.4615827,0,0.4941375,0,0,0,0,0,0,0.1752574,0.2490077,0,0,0,0.1319509,0.2581898,0,1.164108,0,0,0,0.3942343,0,0.05232044,0.0348702,0,1.170606,0,0,0.2337408,0.117216,0.2933739,0,0.2105557,0,0.1291452,0,0.1074241,0,0,0.4380991,0,0,0,1.293651,0.2152552,0.7542541,0.6262829,0,0,0,0.6877853,0,0,0,0.9996871,0,0.68361,0,0,0.2078575,0,0,0.1262623,0.7872139,0,0,0,0.05274626,0,0.6591403,0,1.767525,0,0,1.261407,1.199459,0,0,1.045611,0,0.4133345,0,0,0.4826726,0.07459158,0,0,0,0,0.3979037,0.4618912,0,0,0,0,0,0,1.549503,0.846247,0.4807412,0.9993855,0,0.4081221,0,0.07218507,0,0.05361386,0,0,0.2583315,0.5323182,0.3222769,0.551685,0.771439,0,0.0394154,0,0.7885327,0,0,0.7258435,0.1565442,0.1819002,0.311698,0.4115154,0.04902313,0.7315491,0.2807186,0,0.6823792,0.4106439,0.3165975,0,0,0,1.366408,0.2778326,0.755757,0,0,0,0,0.1228299,0.8566748,0,0.3784241,0,0.5674417,0,0,0,0,0.9286773,0.551034,0.1624427,0,0.2324986,1.28379,0,0,0.01179012,0.9384159,0,0,0,0,0,0.3057963,1.108905,0.6514346,0,1.089527,0.1931196,0,0,0,0,0.5038993,0,0.5156538,1.036387,1.796409,0.8374913,1.252887,0.6493134,0,0.02532441,0,0,0,0.2079635,0.3935787,0.5531412,0,0.911708,0.05015449,0,0.4282356,0.5380017,0.8129274,0.8496692,0,0,0.3924211,0,0,0,0.793273,0,1.726087,0,1.058809,0,0,0.6695336,1.546859,0.2566936,0,0,0,0.3019756,0.2553071,0.7784504,
0,0,0.03435819,0,0.08420238,0,0,0.5669973,0,0.05356388,0,0.2055018,1.330397,0.3420659,0,1.649517,0,0,0.406611,0,0,0,0,0.4324844,0.3964534,0.436305,0,0,1.221932,1.21341,0.8001174,0,0,0,0,0,0,0.07703321,0,0,0.03276738,1.130044,2.009275,0,1.78359,2.050405,0,0.8007143,0,0,0,0.3449367,0,0,0,0,0,0.6725633,1.015809,0.8041551,0.2294848,0,0,0,0,1.196047,0.02570687,0,0,1.77695,0.9641635,0,0,1.25227,0,1.301998,0,0.8006111,0,0,1.621607,0.8285468,0.5424184,0,0.8528965,0,0.2067226,0,0.1501564,0,0.3204659,0,0,0.6936904,0,0.3430775,0.2829725,0.3359651,0.578397,0,0,0,0.01276014,0,0,0.4619938,0,1.383855,0,0,0.2492364,0,0,0.1259302,0,0.2368868,0,0.2393415,1.457336,0.1950822,1.126315,0,0.03777922,0.130163,0.02267619,0,0.9936876,0.4973173,0,0.8384882,0,0,1.675603,0.2751487,0.08473741,0,0.05843785,0,0,0,0.2607508,0,0,0,0,0,0.1931656,0.480498,0,0,0.118629,0.06483019,0,0,0.659637,0.4682917,0,0,0.4434769,0,0,1.008627,0,0,0,0.542181,0.1637657,0,0,0,0,0.4332813,0.2343285,0,0,0,2.338138,0,0.3990074,0,0,0,1.17788,0,2.722952,1.400226,0,0,0,0.3665136,0.03190725,0,0,0.4909279,0,0.87423,0.2835518,0,0.4522126,2.092166,0,0,0.2809845,0,0.3838796,0.1554318,0,0,0,0,0,0.6877497,0,0.07840999,0,0,0.7674843,0,0,0,0,0.2141489,0,0,0,1.727569,0,0.3860306,0,0,0,0,0,0,0.01354191,0.3940119,0,0,0,0.1103811,0,0.1092203,0.01144789,0,0,0.2088289,0,0,0,0.04820287,0.2459439,0.194484,0.8665356,0,0.08156122,0,0.5426875,0.5983217,0.8696185,0,0.4566394,0,0.7103593,0.6284588,0,0,0,0.8288596,0,0,0.3446583,0,0,0,0,0.6980054,0,0.3215527,0,0,0,0,0,0.2292545,0.002550523,0.03529896,0.01755713,0,0,0,0.5363695,0,0,0,0.01233698,0.1906903,0.1502358,0,0,0,0,0,0,0,0,0,0,0.4466413,0,0,0,0.1515157,0,0,0,0,1.032582,0.2217977,0,0,0.4257562,1.361559,0.5869232,0,0,0,0,0.8542295,0.03552856,0,0.1545929,0.4256994,0.1954161,0,1.601076,0.3428061,0,1.480002,0,0,1.51958,0.1742762,0,1.169459,0,0.6406957,0.4609133,0.4229517,0,1.476621,0.2612927,0.2997531,0.0858402,0.9865808,0.03118507,0.249307,0,0.4992165,0,0.3072638,1.062719,0,0,0,0,0.05498665,0,1.156014,0,1.28732,0,0,0,0,0.2085321,0.9297214,0.7434261,0.1549493,0,0.1768111,0,0,1.991475,0.3969188,0,0,0.5168043,0,0.6550286,0,0,0,0,0.1632802,0,0.2235387,0,0,0,0,0,0,0,0,0,0,0.07754609,0,0.1173546,0,0,0,0.4267547,0.07478916,0,0.002886952,0.341096,0.03503877,0,0.6859156,0.1573144,0,1.03333,0,0.09497555,0.05603988,0.1765161,0,0,0.174244,0.9714553,0,0,0,0,0.656488,0,1.233569,0.698008,0.7095219,0,0,0,0,0,0,0.07429294,0.1670484,0,0,0,0,0,0,0,0.3441846,0,1.068924,0.3376429,0,0.743247,0.6594964,0,0.5233777,0,0.07970794,0.9817163,0,0,0.4725754,0.3795169,0,0.2393475,0,0.9041674,0,1.181097,0,0.7303933,0,0,0,0,0.4999679,0.7900661,0,0,0.002344601,0,0,0,0,0,0,0.916221,0,0.3104076,0,0.05165636,0,0,0.1848721,0,0,0.02951392,0,0.4579183,0,0,0,0,0,1.304455,0,0.1899375,0,0,0.1405588,0,0,0,0,0,0,0.3144297,0,0.2315111,0.6833184,0.06613902,0,0.2367835,0,0.3436221,0,0,0.3103958,0.7844046,0,0,0,0.6703705,0,1.05498,0,0,0.6033038,0.4787388,0.09378918,0.8667421,0,0,0,0,0,0,0,0,0,0,0,0.3065935,0.1441662,0.6196479,0.1226352,1.13565,0.6781603,0.4809722,0,0.09257898,0,
1.250894,0.8339193,0.6053579,0.01548912,0,0.2286819,0,0,0.6390283,0.6378605,0.4547329,0,0,1.196362,0,0,0,0.4793069,1.453737,0.04000983,0,0.07324304,0,0.3876335,0,0.5982014,0,0.5839233,0,0,1.042216,0.5431019,0.4531667,0,0.254632,0.5620592,0,0.3829674,0,0.3165952,0,0,0,0,0.7181589,0.73795,1.721504,0.3812626,0,0,0,0,2.243082,0,0.3843994,0.9939714,0,0.8618392,0,0.3525035,1.243908,0,0,0,0,0.7966606,0.8140779,1.189647,0,0,0.6816271,0,0.9649558,0.2550882,0,0,0,0.2762697,0,0.7212502,0,0,0.5186729,0,0,0.2951771,0,0.6012467,0,0.6396018,0,0,0,0,0.117492,0,0.5405295,0.1186251,0.6226513,0.3315976,0.8076006,0,0,0,0,0,0,0,1.17257,0,1.244205,0,0,0.9912015,0.3988643,0,0,0,0.8099586,0.3060681,0.5725167,0.006392048,0,0,0.1681314,0,0,0,0,0,0,0.6866559,0.321257,0.1981732,0,0.08350969,0.5358653,0,0,0,0.6640029,0.9064029,0.7823663,0,0.05434383,0,0.5581616,0.3698647,0,0,0,0.2330861,0.6184743,0.4566838,0.5741017,0,0.04823447,1.444686,0.9857878,0.3744188,0.3272524,0,0,0,0.4413038,1.254464,0.4096768,0.3936771,0,1.017284,1.029583,0.3003548,0,0.3039622,0,0,0,0,0.2279063,0,0,0.006390244,0,0,0,0.2917801,0.1845228,0,0.457606,0,0,1.368129,0.5107674,0.12926,2.083485,0.202654,0.3629661,0.08040082,0,0.8816065,0.4143781,0,0.8059619,0.1521603,0.8659998,0.5269231,0,0.8978385,0,0,1.177414,0,0.4113841,0.002479846,0.6785709,0.4492906,0.8117126,0.3440803,0.3776606,0.6049001,0,0.4869425,0,0.276016,1.360837,1.556458,0,1.35721,0.5792236,1.822973,1.407979,0,0,0.7189309,0.3467617,0.8978509,0.2013623,0.7324778,0.1575288,0,0,0.3269041,0,1.755074,0.6009665,0.9410921,0.6788274,0,0,0.7091247,0,1.124632,0.4256416,0.3947844,0.4577372,0,0,0,0.1380396,0,0,0,0.02486086,0,1.683796,0.3268746,0,0.2892918,1.189654,0,1.247232,0.5936297,0,0.5296164,0.7122267,0.1003587,0,0,1.744355,0,0.3723484,0.8942967,0,0.2298311,0.4102545,0.07444603,0.05605635,0,0,0,0.5745119,0,0,0.3677202,1.684969,0,0.4010001,0.06464865,0,2.000132,0.7248569,0.7567248,0.2378272,0,0.1621029,0,0.2856176,0,0,0,0,1.038553,0.6567312,0,0,0,0.7476277,0,0.5329461,0.3940857,0.08176322,0,0.9379301,0.4523448,1.037577,0.9880251,0,0,0,0,0.1354579,1.335962,0.6322858,0.4814512,0.2733354,0,0,0.7850804,0.1390624,0,0,0,1.144124,0,0,0.5023891,0,0.6651148,0,0.3187978,0,0,0,0.6705113,0.2664007,0.5519235,0.6307807,0,0.08488096,0,0.8989665,0,0.5276468,0,0,0.1568986,0.7002523,0,0,0,0,0.08521936,0.9658656,0.2671447,0,0.07350048,1.313025,0.05125079,0.215467,0,0,0.9473708,0,0.717667,0.05666563,0.9702215,0.6634377,0,0,0,0,0,1.218567,0,0,0.9328926,0,1.279525,0,0,0,0.3803574,0.2860585,0.3561187,0,0.06173655,0.6177707,1.931038,0,0,0.4918093,0,0,0.6247314,0,0,0,0.2023798,0.8523701,0,0.5333731,0.327151,0.4239761,1.919051,0.002421905,0.5952457,0.9338757,1.356825,0.0970235,1.339029,0.2846171,0.4248419,0,0,0.6910621,0.2639175,0,0,0.4593669,0.9693556,1.103786,0.4665499,0.9437637,0.002424607,0,0,0.1697862,0,0.04459265,0,0.5203171,0.6086314,0,0.1657222,0.152011,0,0.3261527,1.34409,1.261842,0,0.8179166,0,0.118938,0.02166192,0.8032131,0.05883395,1.020156,0.1920456,0,0.3734427,0.1996343,0,0,0.3246009,0,1.569576,0.625057,1.262375,0,0,0,0,0.006541659,0,0,0.5686643,0.647132,0,0,0,0.5793509,0.4150612,0.4995158,0.788488,0.5545227,0.7836702,0,0.3832444,0.4123815,0.2843037,0,0,0,0,1.750915,0,0,0.06961473,0,0,0,0,1.010797,0,0,0.4695632,0,0.6901464,0,0,0,0.3691842,0.358822,0,0,0,0,0.2071248,0.6805893,0.4143032,0,0,1.039245,0,0.6953015,1.360868,0.9334872,1.062009,1.321228,0,0,0,0,0,0.3632023,0.6579483,0,0,0,0,0.3978352,0,0.5544029,0.2884677,0.414474,0,0.4199701,0,0.5959567,0,0,0,0.3428023,0.9185251,0.7211021,0.3413787,0.5878845,0,0,0.2177714,
1.410857,0,0.1811689,0.1457188,0,0,0,0,0,0.4039229,0,0,0,0.3304391,0,0,0.166417,0,0,0.5411108,0,0,0.7840098,0.450891,1.148434,0.7082855,1.554196,0.4301777,0,0.7780055,0,0,2.303063,0.5908031,0.0376774,0,1.704173,0,0,0.3761107,0,0.6958929,0,0,0,0,0,0.9307737,0,0,0.4402738,0.1327781,0,0.8322613,0.6044669,0,1.060793,0.3519807,0,0,1.640822,0,0.5274159,0.9135462,0,0.5937163,0,0.483818,1.140981,0,0,0,0.002600494,0.1738032,1.160867,0,0.2657831,0,0,0.3021717,0,0,0.3397578,0.4957137,0,0,0,0.06956726,0.07232942,0.7425532,0.2370978,0,0,0.3981661,0.3415773,0.05425138,0.06163913,0,0,0.4048344,0,0,0,0.5404459,0.1910698,0.1199494,0,0.3307374,0.8694404,0.2845911,0,0.3066989,0.2830983,0,0.8072868,0.6842448,0.01204295,0.177906,0,0,0,0.5165608,0.7449519,0,0.4470157,0,0,0,0,0.8661348,0.5460992,0,0.3471249,0,0,0,0.1552667,0,0,0.202273,0.9678184,0,1.391431,0.7241632,0,0.4311841,0.6458999,0.7555268,0,0.6177797,0.7278498,0,0,0.4222717,0.8343279,0,0.5441038,0,0,0,0,0.9346296,0,0.5376511,0,0,0.1515327,0.1115381,0.03780947,0.7677398,0,0,0,0.9921255,0,0,0.6676098,1.042132,0.5911379,0.6385787,0.7446866,0.5187804,0.6988307,0,0,0.6946799,0,0,0,0,0,0,1.355235,0.4651693,0.3111666,0,0,0.05214064,0.3498285,0,0,0,0,0,0,0.121569,0.07688662,0,0,0.6371272,0.730789,0,0,0,0,0,0.3479904,0.3389421,0,0.7869439,0,0,0,0,0,0.6770798,1.024482,0,0.3457299,0,0.3095486,0,0,0.002418363,0.4775066,0.6020964,0,0,0,0,0.9711483,0.4336408,0,0,0,0.4617714,0.5770034,0.1586353,0.6620392,0,0.3049572,0,0.4769794,0,0,2.091396,0,0,0,0,0,0,0,0,0,0,0,0,1.557197,0.7066813,0.3790514,1.025129,0,0,0,1.695837,0,0,0.4905246,0.7698786,0,0,0,0,0.6931592,0.8589096,0.7316306,1.003992,0.4581765,0,0.3240815,0.408061,0.2159265,0.1558975,0,0,1.151809,0,0,0,0.2839576,0.2246383,0,0.0621508,0,0,0,0.002232569,0,0,0.7892718,0.7291821,0,0,0.680714,0,0,0,0.3248757,0,0,0.002240719,0.3182977,0,0.02821143,1.615237,0,0.04433678,0,0.5338652,0.03757753,0.2631286,0.3958287,1.461004,1.154131,0.1068331,0,0.7982222,0,0,0,0.2828436,0,0.1511623,0.1370343,0.7474514,0,0,1.334228,0.6561686,0.05877509,0,0.8111287,0,0.155452,0,0,0.1009349,0,0,0.01924056,1.124167,0,0.1782981,0.1815267,0.1616117,0.5681833,0,0.5639288,0.9489867,0,0,0,0,0,0,0.5921655,0,1.314359,0,0,0.8786795,1.018469,0.3182513,0,0,0.2145255,0.1295519,0,0,0.8668787,0,0.2143661,0,0.1534006,0.09876725,0,0.5379202,0.4831024,0,0,0.6354482,0,0.2748532,0,0,0.6451979,0,0,0,0.4442894,0,0,0.2569806,0.9998365,0.2820861,0,0,0,0,0.5768176,0,0,0,0.09559577,0.8912341,0.6710066,0.2613866,0,0,0.209567,0.5898712,0.64864,0,0,0.1761787,0.2423552,0,1.218877,0,1.05909,0.6233007,0.7701225,0.6270823,0,0,0,0.1788255,0.4814347,0,0.07903368,0,0,0,0,0.03014629,0,0.515788,0.1451398,0,0.5452333,0,0,0.4543836,0.07786927,1.010006,0.4957872,0.5534486,0.2138353,0.07737954,0,0,0.3545367,0,0.4890219,0.534901,0,0.9161739,0,0,0,0,0,0,0,0.5751597,0,0.4413831,0.5093775,0,0,0.2634176,0,0.6878387,0.1933865,0.07089166,0.7912648,0,0,0,0,0.2120163,0,0,0.7347814,1.10042,0,0.1518406,0,0,0,0.700164,0.01551907,1.099335,0,0,0,0.2722073,0,0,0.862663,0.2984938,0,1.366313,0.3048183,1.074421,0.5223469,0.3703493,0.5852843,0.01430814,0,0,0,0,0,1.302017,0.07160505,0.6041315,0.4005511,1.353629,0,0,1.654885,0.3313925,0.8980078,0.6518787,0.8620543,1.225263,0.1211239,0,0.5868054,0,0,0,0,0.1077375,0.311534,0.2456753,0,0.1559275,0.04791805,0.9463751,0,0.4791692,0.8441176,0.4389094,0,0,0,0.5143198,
1.006539,0,0.02011305,0,0.04061078,0,0.3744921,0.3474435,0.1101804,0.1440793,0.7559918,0,2.55497,1.070859,0,2.127259,0,0,0,1.39665,0.08020147,0,0.07056244,0.5221575,0.996044,0,0,1.69025,0,0.3479627,0,0,0,0.4076117,1.781532,0,0,0,0.8927132,0.1384799,0,0.2831509,0,0,1.247704,0,0.6956798,0.3850253,0,0,1.742833,0,0,1.656664,0,0.1346518,1.065396,0.727226,0.5342115,0,0,0,0,0.02107768,0,1.28881,0,1.493989,0,0.9220372,0.5110385,0.4993838,0,0,0,0.3961942,0,0.4502583,0,0.002366021,0,0,0.05886646,0,0,0,0.1338163,0,0,0.321744,0,1.068622,0.2294167,0,0,0,0,0,0,1.024883,0.08903969,0,0,0,0.8039272,0.5566399,1.814018,0,0,0,0.7117578,0,0,0,0,1.581703,0,0,1.494758,0,0.2324018,0,0,0.785612,0,0,0,0,0,0,0.6888219,0.1686731,0,0,0.4142082,1.541748,0,0.1726979,1.41229,0.07968444,0.7325353,0.7842278,0,0,0.3620344,0,0,0.11603,1.306252,0,0.6670328,0,0,0,0.1881517,0.4757891,0,0.1254802,0,0.9757044,0.2168461,0.8072797,0,0.5157135,0,1.367996,1.490993,0,0,0,0.892647,0,0.5534092,0,0.002340304,0,0,1.639291,0,0,0.4322017,0,0.8910889,0.4888103,2.713476,0.511715,0.5634764,1.726442,0.5017645,0.1730125,0,0.4320216,0,0,0,1.217252,0.5558768,0.9689828,0,0,0.1628567,0.07718441,0.1288898,0.1945579,0.06362644,0,0.6072652,0.3894534,0,0.2881599,0,0.8453536,1.766414,0,0,0.1492163,0,0.6295092,0,1.07462,0.08492429,0.7999576,0.09514994,0.3756224,1.033591,0.6307963,0.1236625,0,0.4462635,0,1.479522,1.016308,0,0.5741034,0,0.3667753,1.114312,0.06063861,0,0,0,0,0.6436351,0.2816061,0.002297283,0.3318985,0,0.7689103,0,0,0,0.3045992,0.01939799,0,0.6815991,0,0,0,0,0,0,0,0.2163471,0.3400427,0,1.097787,1.393422,0,1.983437,0.232758,1.189539,1.352971,0,0,0.4765673,0,0,0,0.1666516,0,1.122241,0.02997646,1.047355,0,0,0,0,0.3420907,0.1833399,0.1386983,0.1285585,0,0,0.3582981,0,0.8412254,0.1972103,0.8507344,0.2500352,0.8132312,0.04257246,0,0.01154256,0,0.0372937,0,0,0.3393308,0,0.9275997,0.9685615,0,0.5765945,0,0,0.1059075,0,0.6313683,0,0.2695726,0,0,0,0.2008037,0.8719994,0.005587066,0,0.225618,0.3974509,0.4140965,0.324627,0,0,0.6037277,0.2422604,0,0.0991701,0,0.872852,0.2297516,1.057719,0,0,1.032058,0,0,0,0.9052476,0,0.7703314,0,0,0.3475516,0.1590854,0.1324613,0.7433957,0.411974,0,0,0.3737593,0,0.4222333,0.3875526,0.01911209,0,0.2484792,0.6682799,0.2311855,0.3188519,0,0.8894013,0,0,0,0.4720154,0.5499204,0.2446622,0,0,0,1.147173,0,0.5203084,0,1.056331,0,0,0,0.8649592,0.4722434,0,0.05616653,0,0.3789926,1.233881,0.09780251,0,1.383347,0,0.2739412,0,0.311496,0.5432432,0,0.003991408,1.223764,0,0.6504381,0,0.3961633,0,0,1.009481,0.5722981,0.1478042,0.6602113,0.5328245,0.3383068,0.5202371,0,0.3916397,0,0.667641,0,0,0,0,0,0,0,0.7546808,0,0.6790537,0,0,1.467228,0,1.091475,0,0,0,0,0,0,0.108154,0,0.4129794,0.9000379,0.04799527,0.3716977,1.009532,0.8195725,0,0,0,1.160148,0,1.010879,0,0.4108646,0.5128708,0.04912238,1.766293,0.4756668,0.4785465,0,0,1.0346,0.3925117,1.139057,0,0,0,0,1.309855,0.7141539,0.3677535,0,0,0.918331,0,2.033039,0.7422853,0,0,0.171121,0,0.9582594,1.161098,0.02800752,0.535508,0.5195448,1.955693,1.008417,0.2718467,0,0,0.808449,0,0.2978483,0.4060244,0.6213004,0,0.08069313,1.855812,0.3307954,0,0,0.5687153,0,0.6097097,0,0,0,2.41546,0.7099989,1.008392,0.06461045,0,0.3355556,0,0,0,0,0.1663638,0.1841497,0.7993897,0,0.7747968,0.9503696,0,0.008099987,0,0,0,0.2237689,0,0,0.5072094,0.9472509,0,0,0.4168899,1.224968,0,0,0,0,1.420437,0,0,0,0,0,0.837599,1.055646,0,0.8989576,0.534707,0,0,0.435343,0,0,0.7164797,0,0.7480842,0.7476386,0,0,
0,0.3690534,0.986108,0.02014935,0,0,0,0.3307799,0.9567375,1.631408,0.1378031,0,0,0,0.5501577,0.5380803,1.496411,0,0,0.2665136,0,0.07115141,1.208572,0,0,2.42982,1.001459,0,0,0,0.2519908,0.2332248,0,0,1.069447,0,0,0.3059608,0.5890809,0,0.362555,0,0.5946768,0,0.7816767,0,0,0,0,0,1.056965,0,0.2213472,1.155181,0.9507893,0,1.869298,1.385817,0,0.1636099,0.6362326,0,0,1.118097,0,0,1.881598,1.142217,1.34994,0.1850746,0.3323134,0,0,0,0.6990302,0,0,0,0,0.1353935,0.122083,0,0.9975096,0,0.4265301,1.187696,0.1262482,0,0,0,0.5164298,0,0.6583622,0.8181989,0.01243512,0.1215386,0.08206957,0.2115379,0.6777294,0,0,0.1417216,0,0,1.116599,0,0,0.3177685,1.170244,0.4944192,0,0,0.9004086,0.3156052,0,0,0.5724838,0.906935,0.8818431,0,0,0,0.2769348,0,0.3637782,0,0,0.1344964,0.810164,0,0,0,0,0,0.1293663,2.016458,0,0,0,0,0,0.4090846,0.508589,0,0.3885706,0.7503138,0,0,1.187789,1.069597,0.2211731,1.203899,0,0.7147383,0,0,0.6150394,0,0,0,0,1.405349,2.439216,0,0,0,0,0.2905451,0,1.042031,0,0.06478675,0,0.7154156,0.2130648,0,0.08267555,0.1569797,0,0,0,0,1.196021,0,0,0,0.6078819,0.1556029,1.374332,0,0,0,1.011327,0.3438283,1.636033,0,0.1875492,0,1.353314,0,0.4367457,0,1.358114,0.6355451,0,1.22109,0,0,0.1908432,0.03058909,0.0971285,0.1516806,0.2351489,1.4629,0.3525052,0,1.058535,0,0.3904339,0,1.441482,1.043492,0.4511143,0,0.5438579,0.7767342,0,0,0.5825146,0.6702557,1.81186,0,1.083985,0.4254965,0,0,0,0.4090604,0.4406096,1.740743,0.8733295,0,0,0,0,0.3234203,0,0,0.3712182,0.1274889,0.4047523,0.6486038,0.731233,0.2934314,1.276686,1.015195,0.5086184,0.04326838,0.002214856,0.7064264,0,0,0.002420485,0.9839575,0,0,0.2171756,0,0.2662261,1.054088,0.1276561,0.6203554,0,0.03248764,0.6146419,0.3717834,0,0,0,0.1624729,0,0,0.3584987,0.07372503,0.08175364,0,0,0,0.1125054,0,1.366426,0.391793,0.3353464,0,0,0.3764879,0,0,0.145305,0.4757666,0.445388,0.005774185,0,0.7563834,1.223518,0,0.4721032,0,0,0,1.425285,0.3607855,0.00644672,0.4343334,0.01753824,0,0.1297496,0,0.09331939,0.145824,0.5285575,0,0.5535961,0.03818578,0.3420727,0.02761994,0,0,0,0,0.3774277,0,0.552212,0.1338279,0,0,1.353894,0,0,0.05592347,0,0,0,0,0.7232973,1.706271,0.6400838,0,0.6576786,0,0.08865332,0,1.050572,0,0,0,0.1948393,0.6716415,0.5563862,1.001117,0.3844981,0,0,0,0,0,0,0,0,0,0,0,0,0.3253246,0,0.175281,0.630296,0,0.5365878,0,0,0,0.9755252,0.02860784,0.5375423,0.993293,0,0,0.05129953,0,0.3962935,0,0.9889637,0.2933122,0,1.32348,0.3895079,0,0.2842582,0,2.138341,0,0,0.8627567,0,0.1386113,2.333853,0,1.468303,0.4173856,0,0,0,1.612944,0,0,0.06796567,0.4139912,0.4741106,0,0.7717937,0,0.3660921,0.754078,1.532247,0.7269642,0,0.1864899,0,0.7365942,0,0,0.05853838,0,0,0,0.8317496,0,2.120461,0,0.3576955,0.9516535,0.5816631,0,0.6916292,0,0,0,0,1.774756,0.3791749,0.1827223,0.151803,0,0.4177334,0,0,1.345185,0,0.002448169,0.7376845,0,0.2396842,0.8499266,0,0.2673746,0.2605069,0.8381238,0,0.2000293,0.2318953,0,0.5651863,0.9354512,0,0.09422825,0,0.1523612,1.083579,0,1.205313,0,0,0.1077657,0.6669284,0,0,0,0,0.2136163,0,0.7188275,0,0.1483755,0,0,0,0.02102529,0.510996,0.6437155,0.5697121,0,0,0,0.582155,0.4721941,0,1.570575,0.836711,0,0,0,0,0,0.7068269,0,0.4034696,0,0,0.8511182,0,1.202519,0.3075382,0.4361022,0,0,0,0,0.3339671,0,0.02848773,0.537495,0,0,0.658951,0,0,0.1222628,0,0,0.2736873,0.2547637,0.1273632,0.4893714,0.4640993,1.11332,0.3049136,0,0,0.4931528,0.1152109,0.2418825,0.438225,0,0,0,0.2360318,0.2247033,0,0.7361134,0.5476494,0,0.1234065,0,0,0.6403403,0.1411479,0,0.028538,0.09368212,
0,0,0.7841836,1.013526,0,0.3287852,0,0,1.654603,0,0,1.069119,0.950156,0.9350124,0,0,0,0,0.1888149,0.3813643,0,0,0.1107431,1.210942,1.913664,1.811084,0.6137678,1.058625,2.159161,0.03299195,0,0,0,0,1.897252,0.3404909,0,0,0,0.8800228,0.9610866,0,0,0.2272378,0.09179229,0,1.036495,0.8123844,0.6177188,0,0,0,0.2618325,0.08911155,0,0,0.5342035,0.01725158,0,1.190752,0.09546541,0.607774,0,0,1.217508,0,2.11383,1.237736,0,1.027835,0,0,0,0,0,0.6270127,0,0,0,0,0.173205,0.6128323,0.03776795,0.1944138,0,0.5360905,0.3122242,0.3171001,0,0,0.2719471,0.0434638,0,0.3173519,0,0.363721,0,0.7618672,0.04002373,0,0.2418098,0.1991945,0.4344137,0.2434981,0,0.4304311,0,0,0,0,0,0.2981565,0.2494631,0.2589898,0,0,0,0.01128318,0,0,0.5269135,0,0,1.082776,0.01682079,0,0.1121917,0.3536973,0,1.616384,0,0,0,1.467101,0,0.3543863,0,1.320654,0.1357444,0.4648471,0,0,0,0.08336914,0.8642612,0,0.1676624,0,0.4083107,0,0,0.8559562,0,0,0,1.472833,0.1717361,0.5570688,0,0.1057229,0,0,0.2794416,0,0,0,0,0,0,1.237798,0.3067527,0.8757523,0.3769018,0,0.6546798,0.4336494,0,1.01835,0,0,0,0.1821762,2.037318,0,1.034862,0.5794349,0,0,0,0,0.2497029,0,0.009928787,0,2.363583,0,0,0.3301089,0.5016408,0,0.178804,0,0.8498552,0.7808701,0,0.440855,0,0,0.08296575,0,0.1613989,0.9501331,0.1495205,0,0,0,0,1.198895,0.4848011,0,0.3331751,0.1760825,0,0.2243141,0.1615291,0.3619275,0.2970731,0.3660095,0.04092869,0.5570421,0.665714,1.097522,1.254125,0,0.4646948,0,0.2422647,0.3460155,1.448273,0,0,0,0,0.1911332,0.13074,0,0,0.1379848,0.8255227,0.1211624,0,0,1.632372,1.218837,0,0,0.8141782,1.04964,0.01623396,0.1182529,0,2.553824,0,0.07859659,0.2919731,0,0.6133267,0,1.215785,0,0,0.2097307,0.4000217,0.05981161,0,0.7880669,0,0.429226,0.2689673,0.6672111,0.07576334,0.035323,1.154272,0.4673336,0,0.3937678,0.08065598,1.07076,0,0.4502214,0.9961827,0,0,0.2720164,0,0,0.5084156,0,0,0.9683875,0.6646188,1.136505,0.8715512,0.2115092,0,0,0,0.4882998,0.1358071,0,0,1.125743,0,0.1643173,0,0,0.6287316,0.4360325,0,0,0.2121928,0,0.8851417,1.353201,0,0,1.118097,1.128563,0.3612159,0.3929238,0.4538993,0,0.72892,0,0,0.5633658,0.3347809,0.06173199,0.2196878,0.9359137,0,0,0,0,0.09956416,0,0.2384842,0,0.5351067,0,0.5773916,0.2760738,0.6082553,0,0,0,0,0,0.8295371,1.059477,0,0,0.2842219,0.4261187,0.07821994,0.03901263,0.09793703,0.215737,0.40646,0.9958592,0,0,0,0,0.1583449,0.5851973,0.3417272,0,0.6087192,0,0.956351,2.052696,0,0.5915021,0,0,0.1857873,0,1.430164,0.3459676,0,0,0.7871797,0.6367559,0,0,0,0,0,0.9954734,0,0,0,0,0.8389723,0,0,0,1.526225,0,0,0,0,2.583911,0,0,1.570678,0.5143842,0,0.6479669,0,0.03379881,0,0,0,1.900261,0,0,0,0.4004174,0,0.06041434,0.68737,0.1726918,0.329143,0,0,0,0.6995568,0,0.4080133,0,0,0,0,0.3704636,0.08065291,0,0.1337627,0,0,0.5034129,0.3765476,0,0,0,0,0,0,0.2676053,1.414882,0.2995794,0,0.118517,0.3512028,0,0,0.2441468,0,0.6745822,0,0,1.265116,0,0,0,0.8310692,0,0,0.3258114,0.4552417,0,0,0,0,0.5657899,1.783619,0.4658616,0.04048619,0,0.7448708,0,0,0.4331638,0.8207007,0,0,0,0.5629624,0,0,0.7246166,0.1486649,0.4000265,0,0.5235912,1.124664,0,0,0.3433629,0,0.9737287,1.066771,0.02743314,0.4861368,1.368697,0.8050082,0,0.5250822,0.3762777,1.317807,0.0911549,0.5191244,0,0.1938128,0,0,1.184808,0,0,0.9953098,0.1242896,0,0,0,0,0.4405614,0.1159426,0,0,0.6496317,0,0.007194784,0,0.467008,0.1090131,0,1.40214,0.1581262,0,0.5376278,0,0,0.4186683,0.8191165,2.237729,1.125944,0,0,0,0,0.5659865,1.080892,0.05302916,0.8004586,0,0,0.3357888,0,0.3324921,
0.9193406,0,0,0,0,0.5913204,0.276303,0.8790191,0.5922886,0.1769384,0.7362989,0,0,0.5641621,0,0,1.057586,2.155731,0.6408584,0.1088291,0,0,1.245986,0,0.6071256,0,0,0.2931366,0,0,0.3336603,0,0,0,0.08462107,0,0,0,0,0.1991909,0.1341017,0,1.187375,0.3259712,1.576013,0,0.3636825,0,0,0,0,0,0,0,0,1.107887,0,0,0.5564089,0,0.7751725,0,0,0,0,0,0,2.323117,0.5260211,1.522152,0,0,1.73089,0.2675699,0,1.476673,0.1921833,1.22224,1.175646,0.8634154,0,0,1.217384,0.05762323,0,0,0.2440265,0.3335865,0.2171622,1.460116,0.2435315,0.3920023,0.1728227,0,0,0,0,0,1.636948,0.9714518,0,0.4468659,0,0.2373242,0,0,0,0,0.8536245,0.4592579,0.4579026,1.122241,0,0.1864008,0,0,0.189922,1.247745,0,0,0,0,0,0,0.2094811,0,0.08054864,0,0,0,0.003002247,0,0.2544114,0,0,0.1877282,0,0,0.07313685,0,0,0.4174511,0,0,0.2474082,0.175174,0,0.6775004,0,0.2779635,0,0.9632576,1.209868,0,0,0.3162616,0.6771454,0.6104869,0,0.2481775,0,0,0,0,0,0.5097194,0,0.134638,0,1.355516,0.0439748,0.6628499,0.1939408,0,0,0.7467878,0,0.5298672,0,0.3652554,0.3673517,0.9505296,0.9228333,0.02251724,0,0,0,1.43184,0.3530507,1.264327,0,0,0.7665216,0.3309833,0.2900175,0.6264223,0.6863542,0,0,0.4115441,1.938997,0.1239935,0,0.7206707,0.2501329,0,0,0.6175057,0,0.3230449,0,0,0.2833203,0.8161852,0.1760729,0,0.3539303,0,0,0,0.1639711,0.1132631,0,1.472259,0.8369406,0,0,0.7701387,0.4785904,0,0.3439696,0,0,0.8013301,0,0,0.5797756,0,0.3921008,0,0.6102138,0.4399362,0,0,0.07471063,0.09539206,0.1323499,0.2358986,0.3446991,1.10135,0.05745087,1.079501,1.955284,0.7682488,0.5462089,0,0,0,0,0.09285046,0.1150002,0,0,0.4656726,0.4862163,0,0.7415517,0.8569129,0,1.393814,0,1.40007,0.9732568,0,0,0.6366204,0.1945161,0,0,0,0,0,0,0.6321412,0,0,0.007497059,0.5774044,0,0,0,0.4302841,0,0,0,1.12371,0.1694976,0,1.834465,1.638786,0,0,0,0,0,0,0,0,0,0,0,0,0,0,0,0,0.2067046,0.7592993,0,0.6265086,0,0.5369429,0,0,0.08824017,0.6432797,0,1.046962,0,0,0,0,0,0.490824,0.4725721,0,0.7651777,0,0,1.092007,0.6777534,0,0,0,0,0,0.48106,0,0.003491435,0.1082737,0.6934146,0,0.8943493,0,0,0.5819809,0.2631532,0,0,0,0.4116704,0,0,0.893475,0.2433762,0.2183198,0,0.2292635,0,0.09499629,0.1594068,1.488753,0.2240969,0,0,1.036859,0.3122339,0.170697,0.3818637,0,0,0.2073958,0,0,0.4287404,0.8111913,2.186144,0,0,0.06725503,0,0.3257798,0,1.103991,0.5813946,0.9239485,1.105042,0.9188744,1.231683,0,0.1077338,0.640627,1.080017,0,0.1982559,0.5912473,0.5028687,1.069655,0.08477473,0,0,0,1.772459,0.1370282,1.204241,0,1.173656,0,0,0.3784078,0.2685719,0.8424229,0,0.639695,0,0,0.2349371,0,0.1998666,0,0,0,0.9999058,0.05403061,0,0,0.3417052,1.467727,0.05154588,0,1.416059,0,0,0.6947427,0.4038941,0.9017722,0,0,1.518795,1.180932,0,1.183909,0.1537765,0.7271212,0,0,0.586769,0,0.8058717,1.252743,0.3723191,0.4399298,0,0.6421084,0,0,1.205825,0.2955051,0,0,0.04608425,0,0.2943501,0.6595122,0.9686727,0,0,0.7440714,0,0,0,0,0.1264375,0,0,0.3619446,0,2.349777,0.1718416,1.237751,0,0,0.5255228,0,0.9183888,0,0.5035456,0,0.7654634,0,0,1.041766,1.072076,0.9009259,0.464542,1.545529,0.6415327,0,0,0,0.6139907,0,0.4338331,0,0.5116813,0,0,0.5765827,0,0,1.863595,0.2340167,0.3993649,0.8827696,0,0.3067468,0,0.2067864,0,0,0,0.851375,1.129152,0.6202007,0.4351886,1.888268,0,0.2019328,0.5534621,0,1.01696,1.109296,0,0,0.3426004,0,0,0.7937692,0.8562141,0.8893094,0.1132468,0,0,0,0.9064885,0.3410021,0,0,0,0.1397895,0,0,0.7405487,0.4113701,1.068818,0,0.8435988,0.910666,0.852387,0.9349871,
0,0,0.2820364,0,0,0.4201605,0,1.096315,0,0.1869116,0.7195385,0,0.4000457,0.6445877,0,1.852456,0,2.011533,0.02969599,0,0.3662515,0,1.951052,1.678009,0,0.3441811,0,0.06669568,0,1.072291,0.1914576,0,0.3666142,0,0,1.083861,0,0.3112775,0,1.533378,0.3816688,0.7230278,0,0,0,0,0,0.1395028,0,0,0,0.2202797,1.932945,0,0.8936649,0.8801025,0.003487333,0,0,0,0,0,0,1.140468,0,1.064006,1.727975,0,0,1.305841,1.831068,0.5147275,0,0,0.06267602,0.983801,0,0,0,0,0,0,0.08228126,0,0.6969809,0.178189,0,0,0.5218304,2.195645,0.5563594,0.0512524,0.2611386,0.5031173,0.1863912,0.2410662,0.8933617,0,0,0,0.9608271,0.4002631,0.02594073,0.4033402,0,0.8296546,0.6343428,0,0,0.2171499,0.05276572,0,0.4898714,0.5847292,0,0.793214,0,1.599044,0.2441488,0,0.007756494,0,0,0,0.08531909,0.3298574,0.03029604,0.124139,0,0.2855481,0,0.054022,0,0,0,0.5082265,0.6951612,0,0.007216771,0,0,0,0,0,0.09183198,0,0.1800957,0.1804831,0.1849805,0,0,0.1284674,0,0,0,0.3904026,0,0.03948974,0,0,0.4975344,0.2563995,0.9524506,0.3666883,0,0.3870137,0.6697055,0.2789448,0,0.8667911,0,2.003291,0.1380142,1.141816,0.496138,0,0.1246267,1.853601,0.2811261,1.22674,0.5005799,0,0,0.1060219,0.0969619,0,0,0,0,0,0.7592158,1.348469,0,0,0.07998983,0,0,0,0.3709444,0.2982311,0,0,0,0,0,0,0,1.630669,0,0,0.7764702,0,0,0.6806531,0.2003321,0,0.9558243,0,0,0,0.8788346,0.8824222,0,0,0,0.6996249,0,0,0.2970817,0,0,0.4558947,0.4062637,0,1.106715,0,0,0,0,1.065457,1.013398,0.02192172,0,0.08218053,0.3717348,0,0,0.3231275,0.2914378,0,0,0,0,0.9323117,0.2608502,0,0,1.624153,0,0.1637325,0,0,0.1007867,0,0,0,0.4877541,0.2940941,0,0.3536011,0,0,0.5933532,1.599655,1.335679,0.06668337,0,0,0,0.0571798,0,0,0,0.1349643,0.5612189,1.215383,0,0.4495825,0,0,1.585757,0,0,0,0,0,0,0,0,0,0.4531208,0.8972107,1.869382,0,0,0,0.3965759,0.352409,0,0.2641435,0,0.02340218,0,0,0.1000323,0,0.03209942,0,0,0,0,0,1.102,0.9049911,0.7098082,0,0,0,0,0.7634453,0,0,0.2760573,0.3487293,0,0,0,0.2308792,0,0.422484,0,0.8068278,0,0.556509,0,0,0.4220821,0,0,0,0,0,1.192252,0,0,0,0,1.376797,0,0,0.8858641,0.04083109,0,0.275111,0,0.1104883,0,0.2189838,2.199273,0,0,0,0.5293825,0.02258335,0,0.4964096,0,0.005430428,0,0.01719966,0,0.1054478,0.1507681,0.1767434,0.8330649,0,0,0.4948416,0.7510497,0.2083297,0,0.9533498,1.263914,0,0.0887713,0.9200702,0,0.02972994,0,0,0.3522189,1.3805,2.101886,0.7860389,0,0,0.8508967,0,0,0.5749044,0,0.3530307,0,0.05136268,0.64237,0.503324,1.865327,0,0.6690114,0.7803878,0.157463,0.6449316,0,0.1129282,0,1.078789,0,0,0.3972498,0,0,0.9244121,0.115417,1.070579,0,0,0.4894629,1.413187,0,0.3559719,0.6287444,0.7977374,0,0.07439379,0,0,1.05478,0.1399236,0.6233763,0.1412998,0,0.7592208,0,0,0,0.7610474,0.5483905,0,0.1986828,0,0.7134418,0.1831095,1.937085,0.9297045,0,0,1.72127,0.1009872,0.7471097,0,0.5749834,0.3244313,0,0.1169043,1.58642,0.4649343,0.5863857,0,0,0,0.5584454,0.4790245,0.1972234,0.4916584,0.6423419,0,0,0.8081194,0.05257808,0.06618181,0,0.1893276,0.50546,2.626732,0.05275898,0.00838659,1.918378,1.679782,0,0.2045453,0.2570166,0,0,0,0.186002,0,0.185801,0.7402634,2.092569,0,0.04202951,0.9228157,0.5005544,0.1899541,1.700178,0,0,0.0090297,0.7789396,0,0,0,0,0.1137396,0,0,0.5197361,0,0,0.1737957,0.1248669,0.8167055,0.1057331,0.6454719,1.01442,0.7131412,0,1.312397,0,0,0,0,0,0,1.208658,0.2548578,0,0,0.02634381,0,0.2515088,0.9750308,0.5486811,0.6029321,0,0,0,0,0.8975996,0,0,0.3731735,0,0.8139528,0.8838345,0,1.986187,0.4390785,0.7080418,0,
0.5620551,0,1.145466,0,1.347221,0,0,1.497098,0.3048985,0,0,2.294027,0,1.894866,1.348429,0,0,0,1.06374,0.0500159,0.1364426,0,0,0.1690985,0,0.490509,0,0,0.05978472,1.642803,0.3222116,0,0,2.450859,0,0,0,0,0,0,0.9336203,0,0,0,0,0,0,0.1233759,1.573199,0.08384557,0,0,0,0.420204,0.9099798,1.691895,0,0,2.315626,0.3995576,0.08712149,0.0460182,0,0.2969192,1.899723,0,0,0,0.4410045,0.7108221,0,1.165787,0.07907263,0.1485825,0,0,0.2081075,0,0,0,0,0.07495885,0,0,0,0.03045609,0,0,0.06901763,0.887274,0.6113852,0,0.589858,0.03972426,0,0,1.305709,0.7815975,1.050007,1.303839,0,0,0,0,0.5648633,0,0,0,0.03552686,0,0,0,0.2362402,0.1762533,0,0,0.5650176,0.3390738,0,1.013306,0.09540111,0.01140599,0,0,0,0.2062684,1.954286,0.7855483,0,0,0,0,0,0,0.01330139,0,0.5182071,0,0,0.2941323,0,0,0,0,0.6999232,0,0,0,0.561662,1.049385,1.453812,0,0,0,1.249389,0,0,0.901976,0,0,0.1254022,0,0,0.1412581,1.173955,0.3202396,0,1.38796,0,0,0.6107465,0,0.9025031,0,0.05531295,1.386397,0.0845115,0,0.2177865,0,0,0.69893,0,0.4370282,0.3773565,0.1716713,0,0,0,0.02529198,1.137722,0.5161224,1.174718,0,0,0.1914396,1.194191,0,0.3315982,0.4312316,0,0,0,1.221691,0,0.7238051,1.006426,0.330411,0.5241216,0.06607001,0,0,0,0.9919637,0,0.6623431,0,0,0.02206929,0,0,0.9852444,0,0,1.265787,0,0,0.06503233,0.277643,0.8173135,0.2873487,0.1375918,0.3764789,0,0,1.590953,0,0.151777,0,0.8150621,1.025554,0.7107103,0,0,0,0,0,0,0.3834214,0,0.9192841,1.08861,0.6726151,0,0.6927344,0.1062088,0,0.1376131,0,0.8332877,0.9022949,0.4215474,0.004708956,0,0,0.4820911,0,0.7890039,1.416236,0.09159815,2.329785,0,0,0.6104854,0,0.8987632,0.07994168,0.01121878,0,1.021718,0.5627544,0.696353,0.06312687,0,0.8048826,0,0,0,0.964094,0.197468,0,0.8993684,0.4589796,0.7940778,0.3159502,0.01558535,1.186633,0.4483317,0.5129641,0,0,0,0.2601443,0.1326094,0.01226921,0.3204672,0.3734203,0,0,0.08929469,1.031393,0.7997375,0,0,0,0,0,0,0,0,0,0.2166303,0,0,0,0,0.1801075,0.6657916,0.5571946,0,0.2538231,0,0.3379998,0,0.0944743,0.767783,0,0,0.5484882,0.06277777,0.8746291,0.2084686,0.01704949,0.156662,0,0.2636178,0,0.04339837,0,0.8110802,0,0.2415305,0.3972614,0,0.3455612,0.6218032,0.08361687,0,1.421821,1.276774,0,0,0.09006295,0,0.3148784,0.5926774,0,0,0.2215802,0.6632527,0,0.3292867,0,0,0,0.8481528,0,0.5043845,0.02830076,0.9754699,0,0,0.1001248,0,0,0,0,0.8166191,0.3704292,0.6244892,0,0.2276727,0,0.04084795,0,0,0,1.007136,0,0,0,0,0.1133142,0.02550357,0.9638288,0,0,0.4040454,0,0.04970621,0,0.4383182,0.6033995,0.3047539,0.4236139,0,0.07980739,0.5415295,0,0,0.3181552,0.2808133,0.7235138,0.1493492,0.01805282,0,0.5009219,0,0.100139,0.1232625,0,0,0.6972342,1.740981,0,0.6087915,0.6534949,1.395889,0,0.393774,1.286864,0,0.6418122,0.1037654,0,0.9298864,0.5718147,0,0.1973373,0,1.130216,0,0,0.645351,0,0,0,0,0.845504,0,0,0.4200968,0.04892706,0.4888718,0,1.271926,0,0.1054422,0.9711736,0.6041434,0,1.188864,0,0.06247685,0,0,0,0.4362466,0,1.436073,0.453549,0.4144834,0,0.624552,0.4812503,0.4290001,0,0,0.7051848,0.4760439,0,0,0,0,0.290362,0,0.9390955,0,0.2798313,0,0.868827,1.442757,1.299406,0.3453532,0,0.7433478,0.4580054,0,0,0,0.05496057,0.5507715,0,0.9993078,0.1990038,0.3632268,0,0,0.7962722,0.2840947,0,0.3691695,0,0,0,0,0,0,0.736522,0.7240454,0,1.133117,0,0,0,1.639602,0.5014488,0,0,0,0.5587149,0,0,0.7462139,0,0,0,0,0.8220439,0.3756328,0,0,0,0.3979148,0.7197182,0,0,0.9594178,0,0,0,0.8335764,0.09726428,0.3074026,0.9322883,0.5572222,0,0,0,0,
0.3635392,0,0.07553302,0,0.0489217,0.2703958,0.5054705,0,0,0.678926,0,0,0.7166354,1.531833,0,0,0.695733,0.3043926,0,0,0.3731282,1.232786,0.232519,0,0,0,3.144395,0,0,1.359367,0,0.8994554,0,0,0.3286915,0,0.8625358,0,0,1.287921,1.130406,0,0.5434866,1.584273,0.3935556,0.4090067,0,0,0.02786051,0,0,0,0.1282132,0,0,0.4141887,1.76961,0,0,0.00211816,0,0,0,0,0.8526148,0,1.175363,0.7517232,2.136384,0,0,0.9328799,0,0,0,0,0.0658177,0.885431,0.9637561,0,0,0,0.0632278,0.3447046,0,0.3916992,0.5073649,0,0,0.5851781,0.2746066,0.460624,0.1496641,0,0,0.7958551,0,0.03659962,0.493712,1.305779,0.5602208,0.2032623,0,0,0,0.08249709,0.08769831,0.1125155,1.577903,1.198828,0.2295007,2.395305,0.03538729,0,0,0,0.911863,0.3742104,0.292231,0.7444494,0,0,0,0,0,0.6834154,0,0,0.2175311,0,0.8214374,0,1.627024,0.5903183,0.6474449,0,0.4240613,0,1.096116,0,0.4241397,0.2533244,0.4589923,0.09047727,0.549706,0.412675,0,0,0.4669226,0,0.2722284,0,0.5351636,0,0,0,0,0.6107898,0,0.8401641,0.6086851,0,0.05803321,0.2950582,0,0.249314,0,0,0.2960993,0,1.136645,0,0,0.1805243,0.7446662,0,1.098513,0.06226696,0.07502446,1.86609,0.3765247,0,1.3571,0.6649134,0,0,0,1.020672,0,0.6418527,0,1.152072,0,1.528324,0.9626179,0,0,0,0.9885964,0.9691253,0.4921606,0,0,0,0.3496625,0.2230133,0,0,0,0.7309284,0,0,0,0.304614,0.1686659,0.2621933,0,0,0,0,0,0,0,0.2714283,0.06024645,0,0,0.1022465,0,0.05667194,0,0.3075586,0,0,1.632468,0,0,0,0.9437838,0.8894845,0,0.1587284,0.9278353,0,0.2021337,0,0.790702,1.235292,0.1554872,0.07750475,0,0,0,0,1.655174,0.4915253,0.06207698,0.4504822,0,0,0,0.1491673,0,0.02269127,1.004266,0,0,0,1.143889,1.053705,0.6507095,1.473927,0.9391323,0,0,0.1087796,0,0.1220044,0,0.216314,1.081423,0,0.9691749,0,0.290596,0,0.1742266,0.2049922,0.5642635,0.5753921,0,0,0.6130847,0,0,1.817599,0,0,0,1.199755,0,0,0.8230125,1.154706,0,1.668745,0,2.859932,0,1.346149,0,0,0.1050204,0.5441686,0,0.7261568,0.5760598,0,0,1.110275,0.06766365,0.8187751,1.172526,0,0,0,0.09783438,0.9173601,0.5718963,0,0,0,0.6109734,0,0.5885355,0.5212657,0.1036417,0.4071492,0,1.684121,0.6476644,0.04849476,0,0.775568,0,0,0,0,0.5538373,0,0,0,0.04933031,0,1.594953,0.2660801,0,0.3569131,1.066328,0.1497296,1.560372,0,0.433312,0,1.26372,0.04363925,0,1.846389,0.09100676,0,0.2740737,0,0,1.015121,0,0.3237037,0.3591801,0,0,0,0,1.191461,0,0,0.06063098,0.3421303,1.489592,0.6922672,0.3167052,0,0.7374514,0.05946865,0.1023541,0.05576658,1.923641,0,0,0,0,0.582349,0.8324919,0,0.1556909,0.2307725,0,0,0.3066928,0,0.2188738,0,0.619514,0,0,0.2160808,0,0,0.7215245,0.8317587,0.4356642,0.04951189,0.2255667,0.9396884,0,0,0,0.03838341,0,0.8340092,0,0,0,0,0,0,0.7359126,0.8015146,0.3952823,2.207833,0,1.114243,0.1340422,0,0.3478674,0,0.2365833,0.48181,0.9189951,0.112111,0.1116401,0,1.225735,0,0,0,0.4753992,0.2532193,0,0,1.541234,1.770541,0,1.28828,0.9829576,0.5405278,2.056696,0,0.6092719,0,0,0,0.05476036,0.1857104,0.354194,0,0.2944915,0,0,0,0.4966573,0,0.486633,1.48944,0,0,0,0.6157277,0,0.4063782,0,0,0.1750897,0,0,1.049836,1.130506,0,0,0,0.3323249,0.3798639,0,1.065084,0,0.5210482,0,0,0,1.344134,0,0.0790734,1.667148,0,1.018602,0.181012,0.9627064,0,1.340041,0,0,0.1378385,0,0,0,0,0,1.029647,0.3458382,0,0,0,0.009691331,0,0,0,0.9981374,0,0,0.1168305,0.6263553,1.502944,0.0310827,0.2820931,0,0.7551255,0,0,0,0,0,0.09752116,1.573148,0,0.730776,0.4803672,1.937687,0,0,1.418113,1.776955,0.2772838,0,0,0.3978466,0.6724821,0,0.7566624,0,1.04279,0.7939066,1.109955,
1.345153,0.4376475,0.7404686,0.1897287,0.6870884,0,0.5658681,1.116405,0.3176058,0.1559445,1.71772,0,0.3391514,0,0,0.08715475,0.8970262,0,0,0,1.5288,0.2750491,0,0,1.121598,0,0.151639,0,0.3079794,1.280278,1.918383,0.4788481,0,0.5966803,0,0,0.8962573,1.583284,0,1.461109,0.1707258,0,0,0,0,0,0,0,2.956076,0,0,2.538062,0,0,0,0.9991946,0,0.1801683,0,0,0,0.03317313,0,0,0.07221215,2.692221,0.7971176,0,0,0,0,0,0.4300247,0,0.01519402,0.3615896,1.101362,0.1100783,0.2313923,0.4334719,0.5707573,0.05091238,1.034138,0,0.3965256,0.1281481,0,0.8416391,0,0,0.06466372,0.5121116,0.2300425,0.8558444,0,0,0,0,0.3925232,0,0,0.4115013,0.09982532,0.2821536,0,0,0,0.09095508,0.972868,0.9292773,0,0.2191814,0,0,1.183375,0.8900305,0.7873346,0,0,0.04428607,0,0,0,0.4812645,0.01280202,0.6499895,0.6580485,0,0,0,0,0.3822455,0.1168474,0,0.5154366,0.7994478,0,1.530234,0.7721549,1.467905,0.4581795,0,0,0,0,0.4795732,0,1.358556,0.02280674,0,0.4935448,0.449249,0,0,0,0.8707906,0,0,0,0,0,0,0,1.820936,0.424668,0.002399832,0,0,0.970832,0,0,1.125037,0.4016198,0.6006746,1.060172,0.8603214,0,0.1330491,0.7760881,0.760646,0,0,0.8019019,1.111784,0,0.6440312,0.6688204,0.02016311,0.2764724,0,0.6715979,0,0,0,0,0,0.7309817,0.6491128,0.7018815,0,1.335937,0,0,0,1.199815,0,0.9708629,0,0,0,0,0.3531228,1.0882,0.08576107,0.2309329,0,0.2106283,1.025702,0,0.9421693,2.006794,0,0.3013332,0.2917066,0,0.2611039,0,0,0.1099574,0.5557109,0,0,0.5406225,0,0.004748483,0,0,1.246858,0.5598785,0.163323,0,0.3724411,0,0,0.9737291,0.4075071,0.339463,0,0.3382286,0,0.3064842,0.3969057,0.5272334,0,0,0,0,0.02298888,1.180987,0,0,0.9334872,0.6797864,0,0,0,0.8013792,0,0.4318034,0,0,0,0.8694798,0,0.4274566,0.8720307,0,0.4541752,0.5884395,0.3365901,0,0,1.015646,0,0.0566946,0,0.6655785,0,0,0.5124257,0.9543636,0.7916437,0,1.05757,0.08888973,0.4038125,1.169068,1.619127,0,0,0,0,0,0.2460178,0.5813332,0.1117572,0.3005597,0.1026661,1.231565,0,0.8981833,0.3629439,0,0.2715988,0.6375173,0,0,0,0.1146746,0,0.259593,0,0.03491667,0,0.4049692,0.6504788,0,1.553693,0,0,0.01923696,0,0,0,0.5536121,0.6772611,0.2236065,0.1633273,0.7146389,0,0.2248724,1.109396,0,1.844382,1.284657,0.4528389,1.568139,0,0.9111014,0,0.774574,0,0.2264732,0,3.078378,0,0,0.303355,0.8941415,1.107426,0.01399859,0,0,1.792111,0.5259134,1.195902,0.2302604,0.4107468,0,0,0,0,0.09612498,0,0,1.334141,0.3160531,0,1.238942,0,0,0.4366403,0,0.2254797,0.2781392,0,0.6645805,0,0,0,0.2006149,0,0,0.3268445,0,0,0,0,0.213819,0,0.4532591,0,0,0.08943335,1.082843,0,0.4917653,0,0.2227646,0,0,0.9781681,0,0.7045345,0,0,0,0,0,0.2061264,0,0,0.4496203,0,0,0.4840069,0,0,0,0,0,0,0,1.55154,0,0,0.05194085,0,0,1.887549,2.473899,0,0.3501978,0,0.7311662,0,0.4239025,0,0,0.6769515,0,0.5186048,0.3908572,0,0,0,0.3269932,0.3199587,2.139288,0,0.5957565,0.8367097,0.7690014,0,0.292744,0,0,0,0,0.3779263,0,0.06822913,0.1371451,0.6189786,1.209748,0,0.2642657,0.002970785,0,0,0,0.4170985,0.1606762,0.5367822,0,1.737309,1.794525,0.7487592,0.4048393,0,0,0,0.4472684,0.1396232,0.1211903,0.5680577,0.01306601,0,0,0,1.207072,0.6093777,0.8164649,0.4698576,0,0,0,0.4714361,0.4160271,0.6592402,0,0.8404546,1.842164,0,0.3572615,0.003617926,1.009233,0.2593378,0,1.226309,0,0,0,0,1.207659,0.3996396,0,0,0.3738564,0,0.02555935,0,0,0,0.4545065,0,0,0,1.17225,0.06073029,0,0,0,0.1309419,0.6945443,0,0,0.617607,0.07960568,0.9113775,1.643682,0.7904243,0,0,0,0,1.013015,0.3795436,0,0,0.4494829,0,0,0,0,0.7191737,0,0.5454544,0.1584152,0,
0.1794162,0,0,0.2150676,0,0.0563856,0.4472073,0,0,0.8298667,1.664343,0,0.01627949,0,0,0,0,1.506853,0,0.7338911,0,1.777516,0.9549941,0,0.05372687,2.543036,0,0.295841,0.255269,0,0.105384,0.2387244,0.0087535,2.568605,1.488951,0.03806785,0,0,0,0.5447257,0,1.430024,0.4772132,0.6836596,0.8600737,0,0,1.023979,0,0,1.176825,0,0,0,2.074925,0,0.5769439,0,1.482362,0,0,1.243888,0.08031849,0,0,2.539299,0,0,0,0,0,0,0.6690058,0.1476979,0.6342353,0,0,0,0,0,0,0,0.6401704,0.8584993,0,0.3262468,0.4829735,0,0,0,0,0,1.041416,0.4501296,0,1.685967,0.5765653,0,0.1813574,0.6650804,1.175567,0.5676453,0,0,1.052488,0.1986085,0.3804091,0,0.5919348,0.5065646,1.291135,0.150984,0.906146,0.08399715,1.24554,0,0.2868415,0,0.3649306,1.472129,0,0.886368,0,0,0,0,0.7703758,0,0.4564492,0,0.461301,0,0.7068354,0.7811769,0,0,0,0,1.35506,0.8591147,0.8414021,0,0.1055442,0.0874827,0.1779302,0.01921435,0.04232762,0,0.2613597,0,0,0,0.5570011,0.954464,1.447545,0,0.5006734,0,0.7796993,0.3051429,1.030827,1.378877,0.09563702,1.296796,0.7396121,0,1.506325,0.9885579,0,0,0,0.5270673,0,0,0.5331112,0,0,0.4620492,1.025872,0,0.7097499,0,0,0.8554282,0.2448837,0,0,0.8892593,0,0,0.7743914,0.5898857,0,0,0,0,0,0,0,0,0,0.8450349,0.4305386,0.2246859,0,0.1746572,0,0,0.3897324,0,0.2247947,0,0,0,0,0.04965977,0.6652114,0.5053672,0.3525879,1.269427,0,1.044261,0,0.1418317,0.859127,0.1093128,0.8393498,0.01397409,0.4272611,0.5433742,0.1205979,0,0.008824822,0.5367933,0,0,1.985358,1.755526,0,0,0,0,0.9029387,0.4311302,0,0.0674568,1.104827,1.219663,0.6098683,0.6882994,0.4408259,0,0.4977515,0.8796355,0,0.1106432,0,0,1.33068,0.5337425,0.7228072,0,0.2031192,0.1849585,0.7424434,0.7533509,0,0.002178034,1.781436,0,1.254807,0,0,0,0.5668765,0.4209153,0,0,0,1.069389,0,0.2091304,1.251189,0.8170816,0,0,0,0.1575283,0.9357914,0,0,0,0,0,0,0,0,0,0,1.765691,0,0,0.1220381,0,0,0,0.4569426,0,0,2.459573,0,0,0.7641276,0.4996752,1.331607,0.3499489,1.349466,0.2717941,0,1.473671,0.9357988,0,0.5307876,0,0.2218256,0.2802761,0.2371166,0,0,0,1.141148,0,0,0.8633983,0,1.101233,0.03678391,0.1166321,0,0.1370028,0,0.07282553,1.978934,0,0,0.9458183,0.02803034,0,0,0,0.3542416,1.202751,0.1702869,0,0.04398753,0,0.3423913,0.04572096,0,0,0.1847479,0.458022,0.9818668,0,0.2477297,0,0.3586421,0.350065,0,0.9305393,0,0.002295986,0,0.04179638,0,0.8245587,0,0,0.1370928,0,0.2325726,0.6927247,2.162846,0,0,0,0.5712754,0.08944529,0,0.9954718,1.007197,0,0.4286656,0,0.4556147,1.409579,0.310412,0.9309949,0,0,0.4228918,1.365262,0.1829827,0.03360375,0,0,0,0,0.3369867,0.05033842,0,0,0.2271434,0,0.2147984,1.864851,0,0.1962101,0,0,0.8791913,0,0,0,0.03500099,0,0,1.456636,0,0,0.6971731,0,0.1138989,0,0,0,0,0,0,0.4855667,0.2099031,0,0.8385538,0.3676708,0.895678,0,0.8058613,0,0,0.04251596,0,0.1964453,0,0.3929359,0.6616093,0,0.6806218,0,0.4961752,0,1.54746,0,0.4869261,0.1923936,0.4646662,0,0.8020581,0,0,0,0,0,0,0.205447,0,0,0.8322387,0.2179026,0.4908833,0,0.8818674,0.05566814,0,0.1494301,0,0,0,0.4022154,0,0,0,0.5920784,0,0.4566907,1.243234,1.36647,0.5399182,1.847129,0,0,0.2989773,0,0,0.7716091,0,0.8303414,0,0,0.6720593,0.3036931,0,0,0.1300181,0.6031725,0.1392912,0,0.282156,0.5310194,0.6969202,0.1869156,0,0,0,0.1699285,1.285142,0.3752263,0,0.3638773,1.128894,0.8088907,0,0.1440723,0.8349796,0,0.5221202,0,0.6249589,1.490633,0,0.3832656,0.09221726,0.6515477,0,0,0.6731507,0,0.2816816,0.6962505,0,0,0,0,0.2820266,0,0.6290701,0,0.05301436,1.048569,0,0,0,0.2154531,0,0,0,0.6319571,0,0,0,0.6182961,
0,0.3165171,0,0,0.1514223,0,0.3539018,0.09491447,1.925073,0,0.3788737,0.1953781,0.448319,1.026603,0,0,0.715874,1.290529,1.955285,1.396362,0,0.1211906,1.361136,0,0.1120556,0.8846374,0,0,0,0,1.479386,0,0,0.3789649,1.728764,0,0,0,0,1.220758,0,0.4861183,0.3164482,0,0,0.1585558,0,0.1985607,0.1876696,2.095818,0.7461892,0,0,2.01274,0.2511134,1.551353,0,0,0,1.873374,2.232002,0,0.6111097,0.6134512,1.539297,0,0.4651722,0.5030652,0,0,0,0,0,0,0,0.2803279,0,0,1.7944,0,0,1.147679,0,0,0.3413883,0,0.0862982,0,0.8412377,0,0.5850713,0,0,0,0,1.140554,0,0.2866809,0,1.328766,0,0.8680385,0,0.6022521,0.6465077,0,0,0.5842282,0.1674048,0,0,0.3539463,0,0,0.937678,0.11618,0,0,0.234098,0.8605338,0,0.8572366,0.2274263,0.8049728,0,0.6501588,0.3762026,1.35798,0.3501244,0,0.6070163,1.40725,0,0.9594538,1.166961,0.1140054,0,0,0.4060001,0.2163084,1.10543,0.2311487,0,0,0,0.9410065,0,1.041056,0,0.1455928,1.268157,0,1.218021,0,0.6482088,0.01896156,0.08512439,0,0,0.4649741,1.025856,0.150108,0,0.9806014,0.7559004,0.7431118,0.09657412,0.005491425,0.6872115,0,0,0,0,0.3828255,0.50411,2.090856,0,1.125521,0,0,0,0,0.3378165,0,1.391867,0.2748591,1.088256,0,0,0,0.2013177,0,0,0,0,1.270085,0,0.3605767,0,0,0,1.135972,0,0,0.145848,0,0,0.3436754,0,0,0.8165926,0,0.7755494,0.6970461,0,0,0.004539113,0.5327803,0.1047792,0,0.3125251,0.7803461,0,0,0,1.027356,0.09613623,0.3581405,0.2261193,0,0.2825784,0,0.2412617,0.7228355,0.6484659,0,0.4377802,0.09163833,0.6132337,0.747318,0.2073212,0.7230133,0.04639875,0.5830672,0,0.1822522,0.1712164,0,0,0.3395743,0.2360875,0,0.9697962,0.993123,2.70847,0.9591005,0.2352225,0.6486073,0.1409061,0.0131981,0.1496347,0,0.7396083,1.197834,0.6308551,0,0,0,0.4957658,0,0,0,0.2841971,0,0,0.3412329,0,0.00842136,1.039606,0.2489403,0.5986688,0,0.8816087,0.07954669,1.899567,0,0,0.2379396,1.040118,0.2325224,0,0,0,0.2494064,0.170458,0,0.05657801,0.7933552,0,1.464044,0.9413884,0.3448686,0.01573697,0.3947525,1.180962,0,0,0,0,0.3466131,0.08321233,0,0.8216022,0.01876401,0,0,0.3731848,0.6980914,0.8839882,0,0,0.8773227,1.686821,0.007254736,0.6062005,0,0,0,0,0.02399809,0,0,0.5355735,0,1.253096,0.1572148,0.9829921,0,0.2804599,0,0.4119093,0.5691229,0.5964441,0,0.02278465,2.310505,0,0,1.117169,0.07133118,0,0,0.3616049,2.372653,0,0.9321137,0,0.6476772,0.6323717,0.1357088,0.1614296,0.2757088,0,0.2031092,1.762977,0,0.1745552,0.8804841,0.3021643,0,0.01600927,1.690466,0,0.3056585,0,0.840507,0,0,0,0.9784759,0.382877,0.4963981,0,0,0,0.2492065,0.2381251,0,0.3518125,0.8550967,1.21524,0.230567,0,0,0,0.6329731,0.6397146,0.4700962,0,0.5136884,0,0.5707999,0,0,0.004197018,0,0,0,0,0,0.3008066,0.3812314,0.137823,1.07958,1.954805,0.3276148,0.5396703,0,0.2379817,0.05258384,0.5803405,0.07463993,0.03364606,0.006606067,0.1284388,0.1575333,1.132788,1.726524,0,0,0,0.7758902,0,0,0.2288188,0,0,0.1078217,0.1647457,0.8038691,0,0.5604283,0,0,0.5719247,0,0.04852355,0,0.6620398,0,0.3449901,0.1805977,0,0.2710826,0,0,0.1869116,0.1539336,0.6783793,0,0,1.254309,0.4698317,0,0,0.6215595,0,0.544369,0,1.448967,0.2738669,1.807935,0,0,1.055632,0,0,0.2148462,0.2216577,0,0.669151,0,0.2838703,0.02371005,0.6350533,0,2.734266,0.2283682,0,0,0,0.1144731,0,0.5947254,0,0.9064865,0.1626127,1.369503,0,0.6765479,0,0,0,0,0.6706128,0,0,0,0,1.565251,0.7847336,0.3637334,0.03623876,0.2963733,0.6732134,0,0,0,0.1863,0.1607745,1.022468,0.3256342,0,0,0.3898836,0,0.4747515,0.9656856,0.6057107,0.8037483,0.7214083,0,0.8996707,1.396118,0.2800952,0.05021909,0.7486155,1.008986,0,0,0,0,0,0,0.4970451,0,0.8310437,0,0.4005063,0.05982536,1.503821,0,0,0.9699869,0,0,0.06297322,0.6399906,0,0.8451605,0.7791733,0.3956007,0.1354975,0,0,0,0,0.2126132,0.08117555,0,
0.6883168,0,0,0,0,0.3310436,0,0,0,0.5057343,0,0,0.07440893,0.1937331,0,0,0,1.311406,0,0.1326655,0,0,1.418219,0.7692232,1.202526,0,1.116497,0.70837,0,0,0,1.318471,1.15462,0,0,0,0,0.1893153,0,0,0,2.535445,0,0,0,0.1339086,0,0,0,0,0,0.876919,2.436822,0,0,0,0,0.2099462,1.051353,0,3.683208,2.368167,0.2571386,1.889342,0,0,0,0.4163219,0.3666185,0,0,0.4390747,0.127035,0,0,0,0,0,0,0,0,0.06161776,0,1.907719,0.8073472,0.5313751,0,0,0.1705765,0.1576448,0,0.8170382,0,0,0,0,0,0.9783307,0,0.2413239,0.1977589,0,0,0,0,0,0,0,0,1.176057,1.118019,0,0,0.5453578,0,0.07938755,0,0.4140651,0,0,0,0,0,0,0,0,1.652904,0,0.5293129,0.4673658,0,0.3247808,0.5279306,0.7305267,0,0.1634649,0,0.7201093,0,0,0,1.31301,1.989626,0,0.2134525,0.1667045,0,0,1.256296,0.2851387,0,0,0,0.1651123,0,1.229154,0,0.1314117,1.467659,1.760375,0,1.199007,0.3081873,0,0,0.8946474,0.7924487,0,0,0.1544843,0.133579,0.6651385,0.1691525,1.1175,0,0.9638445,0,0,0,0,0,0,0.5175494,0,1.552742,0.5194911,1.640386,0,0,0,0.8008939,1.335322,0,0,0.4552127,0,0.1896378,0.7041917,1.402165,0,0,0,0.1448537,0.3875075,0.06052307,0,0,0,0.3993735,0,0,0,0,0,0.694111,0,1.840119,1.013098,0.377217,0.4014374,0,0,0,0,0.1914205,0,0,0.6416433,0,0.5154762,0.002280412,0.2112542,0,0,0.7480641,0.1054824,0,0,1.16221,0,0,0.8256679,0,0,0.6753957,0.2319298,0,0,0,0.4066689,0,0,0,0.9171612,0.8825784,0,1.312955,1.421358,0,0.1910725,1.106143,0,1.020931,0,0.2004535,0,0.3131511,0.02625274,0.5483727,0.4387802,0.2363553,0,0.6764197,0,0,0,0,1.146781,0.6816968,0,0,0,0,0,0.9392336,1.374453,0.2255394,1.009935,0,0,0.6288344,0.2224742,0.284575,0,1.307971,0,0,0.1949629,0,1.302736,0,2.278661,0,0,0,0.57591,0.2151858,0,0,0,0,0.8723799,0.3965194,0.1694445,0.3887616,0.3394768,0.08267258,0,0,0,0.9524243,0.03579859,1.057281,0.9568486,0.5394228,0,0,0,0,0,0,0.770174,0.4363922,0,0,0,0.06356815,0.4492874,0,0.1101515,0.9809154,0,0.5393665,0,0.9975861,0,0.1248023,0,0.4612418,0,0,0,0,0.03825871,0.3071065,0,0,0,0.00231161,0.8892069,0.2523162,0,0,0,0.7149178,0,1.785682,0,0.1976126,0.150703,0,0,0.5913345,0.6661163,0,0,0,0.7475426,0,0.8916504,0,1.387948,0,0.6859538,0.3920326,1.146529,0,0,1.059029,0,0,0,0,0,0,1.409272,0,0,0,0.1710315,0,0,0.1997122,0.204945,0,0,0,0,0,0.481908,0.2072846,0.9635384,0,0.5905276,0.1479107,0,0.1243397,0.3737378,0.2824375,1.976698,0.06864034,0.7424899,0,0.2814578,0.4203232,0,0,0.4855457,1.11695,0,0,0,0,1.028149,0,0,0,0,0,0.7520304,0,0.01413788,0,0.6750269,0,0.05713267,1.299003,0.5460786,0.2354721,0,1.640847,0.1843522,0,0.5104868,0.1866931,0.7031081,0.2801908,0,0,0.03372694,0.08057538,0,0.9103897,0.2078863,0,0.6541123,0,0.8759345,0.2622703,0,0,0,0,1.0293,0.3222003,0.9512343,0,0,0,0.3754531,0.6062436,0,1.068107,0.6467618,0,0.7701353,0.5715218,0,0.6114389,0,0,0.589049,0.8521951,0,0,0,0,0.2637598,0.657863,0.2179634,1.112712,0.7759302,0.7769347,0,0,0,0,0,0,0,0.2717973,0,0.8140377,0.4981053,0.05797747,0,1.580674,0,0,0.5692659,0.494401,0.90364,0.5509192,0,0,0,0.6911601,0,0,0,0,0.03640619,0,0,0,0,1.648832,0,0,0.06012816,0,0.2523888,0,0,0,1.154936,0,0,0,0,0.1360617,0,0.02535382,0.6885817,0.1203209,0.01596207,0.2837075,0.9393486,0.01071452,0.6254708,0,0.3602661,0,0.2246674,0,0,0,0,0,0.416133,
0,0,0,0.2462373,0,0,1.132449,0,0,1.101773,0,0,0.6189176,0.8942212,0,0.3871079,0.8850386,0.1752927,0.9763331,0,0,0.5697848,0.2981407,0,0,0,0,0,0,0,0,0,0,0.04949699,1.281489,0,0,0.2509094,0.3884535,0.2717507,0,0,0,0.2891619,0,0,0.9004878,0,0.3806145,0,0.1649545,0,0,0.9343513,0.164023,1.499337,1.7261,0,0,1.330492,0.2617981,0.4872591,0,0,0.2331234,0,0.1984832,0.4375236,1.191432,0,0,0,0,0,0.003720479,0,0,0.7059872,1.436144,0,0.4848315,0,1.244575,0.8588192,0.1392277,0,0,0.2126758,0,0.08364417,0,0.7089873,0.5903378,0.2952207,0.1360064,0.740573,0,0,0,0,0.566528,0.5091625,0.3462615,0,0,0,0.2568201,0,0.6026478,0.6298416,0,0,0,0,0,0,0,0,0,0,0.9500455,0.01004838,0.4936447,0,0,0.03509971,0,0.3125291,0,1.200821,0,0.80683,0,0.3274847,0,0,0.7829608,0.884645,0,0.05260104,0.8459959,0.7434458,0.8291525,0.09254898,0,0,0,0,0,0.2297226,0.3280576,0,0,0.3293071,0.4373714,1.099179,0,0,0,0,0.05796977,0.751044,0,0,0.9814606,0.2964076,0,1.248817,0.3947145,0.01117584,0,0.1747019,1.124725,1.52371,0.8202079,0,0.6744102,0,0.7283283,0.6711153,1.539337,0,0,0.1800166,0.7077458,0,0,0,0.4845952,0,0.2292576,1.100244,0,0.3461362,0,0.7626767,0,0,0,0,0.5436021,1.460082,0.1707483,0.03546895,0,0,0,0,0.5239201,0,0,0.5798011,0,0.5552161,0,0.3608415,0,0.2396726,0.08052496,0,0,0.6332036,0,1.292951,0.5374316,0,0.3386632,0.3673377,0.5853655,0,0,0,0.387787,0,0.1407424,0.9985293,0,0,0,1.369644,0,0.6909541,0,0,0,0,0.252607,0,0,0.3572439,0,0,0,1.029638,0.2751883,0.5672002,0.9183367,0,0.1365658,0,0,0,0,1.356433,0.4335851,0.9534345,0,0,0.2532752,0.171102,0,0.4684827,0,1.545431,0,0,0,0,0.0453229,0.05987384,0,0,0.8983342,0,0.008554907,0.7545032,0,1.225037,0.8627141,0,0,0,1.223422,0,0.5493371,0,1.218794,0,0.9783005,0,0,1.237986,0,0,0,0,0,0,0.4942253,0,0,0,0,0.7041185,0.1038452,0,0,0,0,1.427549,0,0.7263146,0,0,1.161973,1.457394,0.8344696,0.5430487,0.4197759,0.3581775,0.002980251,0.6136088,0,0,0,0.1834031,0,0,0,0,1.712584,0,0,0.04440641,0.8866709,0,1.312686,0,0,0,0.3033847,0,0.5675903,0,0,0,0.3382377,0,0.2864616,0.266137,0,0.2798643,0.5488608,0,0.294141,0,0,0.7007664,0.3732535,0,0,1.245384,0,0,0,0,0,0.3410237,2.005198,0,0,0,0,0,0.2842874,0,0,0,0,0,0.6618603,0.3565807,1.076582,0,0,0,0,0,0,0.8371848,0,0.1750009,0.4645991,0.4940318,0,1.879614,0.569508,0,0.7090707,0,0.3493424,0,0,0.7093014,0.6024722,0.5832499,0,0,0.5004013,0,0,0.01299605,0.7695515,0.3082233,0.891409,0,0,0,0.9071474,0.6430202,0.9378178,0,0,0.4586133,1.270859,1.431562,0,0,0.5456001,0.5427841,0.9632052,0.3893433,0,0.2527883,0,0,0,2.239383,0.9159651,0.5649248,0,0.03568502,0.06818128,0.1789586,0.374471,1.769686,0.1655239,0,0.5302653,0,0,0.08121416,0.3332253,0,0,0,1.128116,0.7535465,0.7394028,0,0,0.7653784,0.8635192,0,0.5849997,0,0,2.335887,0.7242261,0,1.535913,0.2976314,1.533067,0,0,0,0.174044,0,0.5394721,0,1.386803,0,0.2415392,0.3051131,0.3179169,0.4146886,0.0769518,0,0.3516335,0.4562154,0,0,0.568215,0.3141641,0,0,0.1414267,1.443532,0.02146341,0,0,0,0,0.002269141,2.017791,0.5442565,1.202721,0,0.323614,0.8570853,0,0,0.2202257,0,0.3471469,0.3685533,0,0.9066228,0,0,0.07245637,0,0.9045032,0.1586541,0,0,0.1025278,0.2709844,0,0,1.097331,1.32556,0.9946015,0,0.9455555,0,0.9857394,0,0,0,0,0,0,0,0,0,0.6555459,0.2667143,0,0,0.5834382,0,0.3277081,0.361153,0.8658568,0,0.369636,0,0.1606156,1.367251,
0,0.00313494,0,0,0.5165594,0.1941391,0.8141803,0,0,1.220072,0.1466765,0.0321926,0,0,0.6069754,0,0.1313739,0,2.223256,0,0.6135973,0,1.879534,0,0.3176601,2.10836,0,1.307036,0.3294699,0,0,0,0,0,2.227519,0,0,0,0,0,0,0,0,0,0,1.210979,0,0,0,0,0,0,0,0,1.220037,0,2.085854,0.3862448,0,0.7721626,0.7793911,0.6500461,0.6556017,0.06803171,0,0.5335308,0,0.7063188,0,0,0,0,0.09225387,0.330908,0,0.217298,0,0.4949828,0.832376,0,0.1132163,0.432606,0.7074331,0.8295367,0.7572905,0,0.8068355,0.3055969,0,0.5844572,0,0,0,0,0,0,0,0,0.2590326,0,0,0.0797208,0,0.2504939,0.5876611,0.18632,0.5395232,0,1.413347,0,0.02384219,1.870724,1.131201,0.1630349,0,0,0,0.05167198,0,0.02009196,0.05246675,0.666099,1.481571,0,0,0.7727144,0,0,0.4901592,0.3574119,0.06463915,0.9228479,0,0.1564866,0,0,0.05705407,1.224995,0.7302206,0,0,0.07590213,0.3267881,0.05356285,0,0,0,0.03512196,0,0,0.5409268,0.1251059,0,0.4854264,0.9155151,0,0.1254073,0,0.7173371,0,0,0.3965691,0,0,0,0.4285628,1.129521,0.2911553,0,0,0,0.1774129,0.01571579,1.736305,0.2970136,0,0.409201,0.01769789,0,0.8290746,0.4842181,0.1125374,0,0.4664742,0.1389074,0,0.09043122,0,1.325683,0.1196896,0,0,0.2526548,0,0.7055702,0.1836599,1.70022,0.6273779,0,0.6416196,0,0.3596238,0,0.2742437,0.4047503,0,0.8609226,0,0.05716919,0.3746675,0.7078344,0,0,0.1091434,0,0,0.1784328,0,0,0,0.2158997,0,0.3645321,0,0,0,0,0,0.7057534,0,0.9367483,0.5004255,0.3916823,0.1803779,1.231835,0.3040507,0.3827965,0.2621632,1.037766,0.1535255,0,0,0,0,0.1347135,1.126988,0.5361919,0.2522864,0.7309899,1.166304,0,0,0,0,0,0,0,0.2446196,0.316638,1.405009,0.4034873,0.1113444,0,0,0.2185552,0.8615391,0,0.6465314,0,0.7038289,0.5309495,0.08887327,0,0.04869416,0.3751166,0,1.272038,1.370861,0.1313843,0.8543217,0.3762244,0.7022601,0.1577936,0.6892986,0.2002947,1.234527,0,0,0,0.3694829,0,0.7499346,0.8058104,0,0,0.06788223,0.9051823,0.9931389,1.380388,0.5574526,0.2652341,0.9799488,0,0.1055239,1.023771,0,0.9542083,0,0.1159668,0,0.326941,0.05174991,0,0,0.433046,0.05764703,0.1271024,0,0,0,1.065958,0.1282681,0,0,0.8562196,0.7006689,0,0,0,0.4482643,0.03804191,0,0,0,0.09606789,0,0,0,1.363082,0.1346952,0.03026988,0.8181238,0,0,1.161097,1.163822,0,0.5701851,0,0.9233241,0.1135488,0,0.940167,0,0,0.4236389,0.5194888,0,0,1.322654,0,0,0,0.1827687,0,0.6640139,0.3245181,0.03429591,0,0.2176574,0.4252532,0.02143888,0.7810548,0,0.8446192,0,0,1.334206,0.5014415,0,0.7251951,0.6518384,0.1491027,0.2756701,1.823276,0,0.3014447,0.251825,0,0,0.3812236,0,0,0,0,0.2892108,0.4117426,1.472128,0,0,0,0,0.01660419,0,0.4594325,1.081451,0,0.2508332,0.3751135,0.8934844,0,0,0,0,0.56844,0,0.1878358,0.592149,0,0,1.161201,0,0.03397963,0.735593,0.1832374,0.6354703,0,0,0.2271607,1.298677,0,0,0.6499879,0,0,0.5645993,0.1086494,0.2434286,0.680702,1.190383,0.8243561,1.12091,0,0,0,0.2747039,1.706939,0,0.8958042,0.5190718,0,0.2295558,0.590672,1.051419,1.199724,2.562047,0,0.1044675,0,0.6759713,0.3250439,0.9341063,0,0.8499014,0,0.8822304,0.1345993,0,0,0,0.1820982,0,0,1.460192,0,0,0,0.07742929,0,0.157018,0.5028439,0,0,0,0.2449083,0.0224075,0,0,0,0,0,0.4477715,1.396439,0,0.4098699,0,0.5037984,0,0,0.5891302,0,0,0.6715611,0,0.105012,0.3435876,0,0.4920695,0,0,0,0.733082,0,0.1531669,0,0.9378218,0.18875,0,0.5754325,0,0,1.269239,0.8760886,1.372557,1.72316,0,0.004041966,0.4616653,0.825891,0,0.7621023,0,0.434429,0,0,0.6478851,0.3457576,0.4769811,0.2452179,0,0.4077123,0,0,0,0,0.1884565,0,0.1205689,0.6934471,0.9894851,0.5770224,0.3511307,0.5789006,0,0.2856928,0.1863264,0.03306897,0.04165432,0,0,0.07926979,0,0.1168517,0,1.417982,0.05364233,0.4810071,0,0.3395067,0,
0,0,0,0,0,0.6226087,0,0,0,1.102334,0.3601895,0.5798935,0,0,0.2766617,0,0,0.7876439,0.1271989,0,0.8721613,0.1994114,0,1.170774,0.7683972,2.557171,0.8741328,0,0,0.7676985,2.634762,0,0,0.4592447,0,0,0,0,0,1.313661,0,0.7689939,1.826887,0.2366163,1.02076,1.144675,0,0,0,0.3400469,0,0,1.989371,0,0,0.8367212,0,0,0,0,0,0.08969238,0.6524999,0,0,0,0,0.3616733,0,0.4398109,0.8149397,0.3290238,0.2572756,0.113791,0,0.7242494,0,0.01826801,0,0.6443061,0.4333768,0.8407144,0,0,0,0,0.227531,0,1.926304,0,1.348685,0,1.096094,0.3551795,0.154685,0,0,0.1687941,0,0.9126673,0,0.4551151,0,0,0,0,0,0,0,0,0.6229791,0,0.4004115,0,0.5052025,0.5720049,0.07017135,0,0,0,0.7881319,0.05764547,0,0.2686808,0,0.1693591,0.8714172,0.2263599,0,0,0,0,0,0,0.2774533,0.2695638,0,0,0,0.1611829,0,1.345361,0,0.5197824,0.13355,0,0,0,1.263748,0,0,0,1.432,0.1085066,0.3182259,0,0.4944622,0.384515,0,0,0,0,0,0.1142451,0,0,0,0.2647547,0,0,0,0,1.067897,0,0.2909479,0,0,0.4517263,0.02205689,0.2281221,0,0,0.4312451,0.0825786,0.6447124,0.2751662,0.2549952,0.6171852,0,0.2119736,0,0.5759973,0,0,0.3025867,0,0,0.7891052,0.06874101,0,0.3142825,0,0,0,0.1625065,0,0.5218211,0.5888118,1.449643,0.6129966,0,0,0.729832,1.801252,0.136175,0,0,0,0.8102733,0.2957871,0.04564981,0,0,0,1.696681,0.3741629,0,0.6855611,0,0.2340636,0.4077627,0.8546882,0.9877218,0,0.07861264,0,0,0.5092074,0,1.490478,0,0,0,0.7052503,0,0,0.7019938,0,0.7411348,0,0.8754199,0.4603088,0.6020368,0.2898932,0,0,0,0,0.5243978,0,0.478506,0.1562287,0.5799263,0,1.20808,1.033187,0.4142925,0.2314594,0.556421,0,0,0.7190846,0.5304747,0,0,0,0,0,0,0.8274301,0.2400856,0,0,0.2084842,0,0.2246533,0.1199255,0.1859816,0.05807057,0.1186876,0,0.133998,0,0.5505668,0,0.9021476,0,0.5398172,0,0.04951666,0.5471345,0,0,0.4292374,0,0.1804697,0.4190365,0,1.332558,0.1635383,0.3367758,0,0.4815864,0.6781716,0,0,0.2760087,0,0,0,0.8640335,0,0,0,0.2107901,0,1.840413,0,0.7439912,0,0,1.478771,0,0,1.072977,0,0.5111319,0,0,0.4753784,0.4455717,0.2044025,0,0,0,0.05169448,0,0.8757565,0,0.5217952,0,0.7843651,0,0,0,1.210556,0,0.3485939,0,0,0.02632801,0,0,0,0.05400766,0,0.8643566,0.3217121,0,0,0,0.1556436,0,0,0,0.9896338,0.6028379,0,0,0.08829641,0.185315,0.4628752,0.4813458,0,0,0,0.2610834,0,1.12164,0,0,1.55708,0.4170709,0.1195736,0.3415352,1.434661,0,0.1315728,0,0,0,1.204729,1.33467,0.6380746,0.3783342,0,0,0,0,0.1169607,0,1.378633,0,0,0.8783054,0,0,2.12192,0,0.6233169,0,0.5473348,1.102578,0,0,0,0.3787595,0.6909904,0,0,0.2512518,0,0,0,0,0,0,0,0,0.5673469,0.1951261,0,0,0,0.5521682,0.08163158,0.62459,0,0.22651,0,0.2015927,0,0,0,0.005949107,0,0.6898271,0.7993636,0.0546665,1.246205,0,0,0,0,1.254579,0,0.101639,1.226176,0,0,1.082845,0.1816046,0,0.3748972,0.4222749,0,0,0.4890164,0.6681103,0.07265106,0,0,0.1816275,0,0,0.2663234,0,0.6164505,0.892827,1.423295,0.1196269,0.1774039,0.6894621,0,1.181813,0.5921139,0.2759758,0.5644157,0.8848199,0,0,0,0.2892223,0.7992635,0.9697264,0.5456615,0,1.231624,0.8378596,0.03503789,1.495931,0,0.3665394,0,1.109516,0,0,0.852034,0,0.5014511,0.2341547,0,0.1538475,0,0,0,0.4008888,0,0,0,0.2917597,0,0,0.3691328,0,0,0,0.0176408,0,0,0.7898711,0.7347063,2.103164,0,0.4726929,0,0,0.4381759,0,0.2362584,0,0.812027,0,0.4031192,0,0.2312976,0,1.104422,0,0,0,0,0.6304269,0.2676338,0.345821,0,0.6816369,1.163296,0.01580459,0,
0,0,0.1877649,0.07002717,0.4942314,0.2604105,1.077813,0.389679,0.6269996,0,0.33277,1.110539,0.2176308,0,0.7917635,0,0,0,0.4330353,0.5031968,0,0.1766887,0.9897916,0.2254361,0,0,0.4487935,0,0,0,0,0,0,1.025789,2.02896,0,1.394735,0.3845158,0,0,0,0,2.14356,0,0.9289141,0,0.7507999,0.59388,0.5486545,0.1659233,0,0,1.051765,0.2353791,2.234969,0,0,0.6565959,0,0,0,0,0,0.130443,0,1.316567,0.6104435,0.3977751,1.329265,0.5579417,0.1818709,0,0.3964964,0,1.258616,0,1.122783,0,0.7085602,0,0,0.1493445,1.491466,0.176631,0,0,0,1.887386,0,0.003448599,0.5089021,0,0.2977715,0,0.579466,0,0.07909203,0,0,0.542549,0,1.056051,0,0.586956,0,0,0,0,1.017608,0.3661057,0.6311671,0,0,0,0,0,0.4291134,0.8921635,0,0.08632544,0.1513838,0.7309159,0,0.6735325,0.2520443,0.4099443,0.1589094,0,0,0.003476904,0.8472863,0.4530049,1.20175,0,0,0,0,0,0.0234498,0,1.34722,0.4501664,1.061131,0.2973489,1.638176,0.2055985,0.2525348,0,0,0,0.7743229,0.1038827,0.1758235,0.9656383,0.6412407,1.381479,0,0.06688545,0.3314293,0,0.3489728,0.3055636,0.1792088,0.4366983,0,1.889245,0.03140607,0,1.649447,0.06133972,0,2.012419,0.2752545,0,0,0.5390933,0.3651968,0,0.8331201,1.122033,0,0,0.3079257,0.2806334,0,0,0.178131,0,0,0,0.2639565,0,0,0,0.8530031,0,0.02879704,0.6258524,0.7430382,1.066317,0,0,0.3983306,0,0.3665884,1.668591,0.4980364,0.5062003,0,0.08556642,0,0.2044988,0,0.8272794,0,0.7932483,0,0.7820265,0.08818257,0,0,0,0,0,0.6193969,0.2714183,0,0.4433374,0.03001067,0,0.8556237,0.8144634,0.7355893,0,0,0.9038177,0.5155809,0.4806089,0,0,0,0,0.9685247,0.484321,0.7982418,0.06988387,0.3926663,0.8336921,0.2790734,1.329037,0.7593147,0,0.7959821,0,0,0.4246601,0.9896252,0.3473471,0.7388864,0,0,0,0.6559663,0,0.1338637,0.6649067,0,0.8218078,1.063418,0.3557424,1.164233,0,0,0.4376036,0,0,0.7442234,0,0,0.3410591,1.224104,0.1318852,0,0,0,1.510231,0,0.4271005,0,0,0,0.2113879,0,0,0,0.02458274,0,1.134537,0,0,1.508552,0,0.5453407,0.4453278,0,0,0,1.963292,0,0.3993656,0.27393,0,0.2751348,0.3644971,0.0340905,0.03261208,0,0.1018845,0.4947123,0,0,0,0.4515421,0,0.05795517,0.4249865,0.1172203,0,0,1.12118,1.098447,0.01130151,0,0,0,0,0.06206289,0,0.3469668,0.2704034,0,0.2692483,0.7044467,0,0.4030153,1.012057,0,0,0.1001128,0,0,0.4243506,0.4065035,0,0,0,0.9291263,0.5843723,0,0,0,1.370635,0,0,0,0,1.076828,0.1083356,0.9553641,0.4488213,0.1565279,0,1.510818,0,0,0.06238495,0,0.7616813,0,0.1393753,0,0.2121989,0.2724625,0.01731863,0,0.9057542,0,0.3146027,0,0.772323,0,0,0,0,0.5768955,0,0,0.5225378,0,0,0,0,0,0,0.1116983,0.2485227,0.03175358,0,0.242984,0,0.1116536,0,0.6428747,0,0,0,0,1.572523,0.8350263,0.3944278,0,1.005609,0,0,0.3229775,0,0.380962,0,0,0.5333542,0.2687001,0.7932177,0.5468451,0,0,0.5136529,0.4574227,1.978643,0.01307784,0.3755733,0,0,0,0.3293652,0.04373513,1.087782,0.5187156,0.1382891,0.8253535,0,0.4207222,0.6954788,0,1.652129,0.6870978,0.1200917,0,0,0,0.7512955,1.441702,0.7538396,1.339237,0,0.5531772,0,0,0,0,0.6458875,0,1.016888,0,0,0.3734219,0,0,0.2058829,0.1122148,0,0,0.1058175,2.173854,0.3217911,0,0.1150921,0,1.039454,0.1147948,0.4470361,0,0,0,0,0.3325811,0.9749489,0,0,0.8539003,0.02684545,0,0,1.594985,0,0,0,0.06777126,0,0,0.9715494,1.51758,0,0,0,0.6999339,0,0,0.1920244,0.1310364,0.9674038,0,0.6666922,0.5048742,0.0987483,0.6799503,0.09414415,0,0,0.0934102,0,0,1.209247,0.3832896,0,1.034718,0,0,0,0.2070934,0,0.5937219,0,0.317638,0.004081752,0,0,0,0,1.373496,0,0.07077761,0.3308382,0.02701565,0,0.8212002,0,0,0.3512096,0,0.120432,0,0,0.2119265,0,0.3478366,0,0,0,0,0.2761363,
0.2456329,0.3817672,0.004946429,0,0.1206388,0,0,0,0.4658124,0,0.5792452,1.192726,0,0,0.7458974,0,0,0.5712327,1.362516,0.01194688,0.8715371,0.6259446,0.4015494,0.555994,0.5223073,0,0,0,0.7298936,0.2589878,0.8596247,0.5770829,0,0,0.1818031,1.614657,0.5746899,0,0,0.3244909,0.1360131,0,0,0.04953048,0,1.937682,0,1.289876,0,0,0,0,0.6927339,0,0,0,0,0,0,0.03491423,0,1.078052,1.215309,0.704405,0,0,0,0.0452555,0,1.014924,0.06186881,0,1.797953,0,0,0,1.202778,0.400722,0,0,0.02194042,0,0.4979216,0,0.3608376,0,0.4366174,0,0.4309415,0.04071495,0,0,0.3410848,0,0,0,0,0.9150131,0.8438101,0,0,0.4897089,0,0.6877115,0,0,0.06437603,0,0.2311887,0.5193971,0,0.2028425,1.006936,0.5306385,0,0,0,0.7163466,0.09382209,0,0,0.4399107,0.5833961,0,0,0,0.3958232,0.2841345,0.2310365,0.3483706,0,0.7998445,0.9889278,0.6055917,0,0,0.3092144,0.9343604,0.8925779,1.219227,0.07181483,0,0,0.2747037,0.4334885,0.2799459,0,0.7880032,0.06842822,0.1784009,0,0,0.3295037,0.4998769,0,0.09500634,1.253132,1.043982,1.777357,0,0.3524325,0,0,0,1.663856,0.4659593,0.1046799,0,0,0,0.5527248,0.2147137,0,0.4617741,0,0,0,0.2013681,0,0.6066684,1.014001,0,0.9565959,0,0,0.5390155,0,0,0,0,0.7453941,0,0.03612388,0,0,0,0.6806613,0.5672439,0.1137064,0,0.5649482,0,0,0.6678219,0,0,0,0.466602,0,0,0,0.3663281,1.520527,1.049735,0.4992182,0.09092399,0,0,0.6509638,0,0.7052897,0.4648349,0,0,0.3022757,0,0,0,1.249928,0,0.3446752,0.1884887,0.1998319,0.7687196,0,0.2179063,0.167867,0.7795165,0.3361684,0,0.1666899,0,0.3679516,0,0,0,0.1383688,0.8773311,0,0,0,0.5333082,0,0.6773161,0.4332996,1.284122,0,1.449956,0.5691755,0.2327208,0.006084066,0,0.2988643,0,0,0,0.3012027,1.742358,0,0.3705868,0,0.08223045,1.376766,0.4367226,0.3338956,0.01155644,1.006962,0,1.25103,0,0,0.4614352,0.08820497,0,0,0,0,0,0,1.219502,0,0,0,0,0,0,0.665434,0.1582723,0,1.475098,0,1.187999,0,0,0,0.7329133,0,0,0,0,0.403927,0.1443752,0,0.8164157,0,0.8539282,0,0,0,0.2080485,0,1.146559,0,0,0.5673143,0,0,0,0.1705989,0,0,0,0,0.5621123,0,0.2107712,0.6716226,0,1.093008,0.01783005,0.3771448,0.01501977,0,0,0,0.1147928,0,0,0.8405121,0,0.4595189,0.8779708,0.02092874,0,0,0,0.898858,1.333975,0,1.236652,0,0.668543,0.9265822,0,1.700458,0,0,0,0,1.140648,0,0,0,0,0.5825392,0.3762131,0,0,0.07907941,0,0,0.3913359,0,0,0,2.079227,0.1399237,1.626817,0,1.738967,0,1.063213,0,1.023483,0,0,0,0,0,0,0,0.9364721,0.8047218,0,0,0.7621638,0.759194,1.24992,0,0,0,0,0.3880347,1.145855,0.4321112,0,0.5927594,0,0,0,1.44823,0.3109197,0,0,0,0.2201618,1.106281,0,0.1545345,0,0,0,0,1.252014,0.6358218,0.1688915,0.1056295,0.3529785,0,0.3430366,0.7230711,0.06545888,0,0.2926339,0.453702,0,0,0.08110494,0,0,0.08693808,1.441681,0.5300834,0,0.03129226,0,0,0,0,0,1.033686,0,0.2722827,1.726723,0,0,0.4334947,0.5655165,0.2600055,0,0,0,0.2433872,0.5799201,0,0,0,0.6062048,0,0.6300026,0,0,0,0,0.8411305,0.4771552,0,0.2889688,0.3821249,0.3223342,0.1766557,0,0,0,0.7318069,0,0,0.3841282,0.102073,0,0,0.4976366,0,0.1631748,0,1.009902,0.0889163,0,0,0.7243902,0,0,0,0,0.4895875,0,0.4688449,1.216162,0.2082767,0,0,0,0,0,0.2888221,0,0,0,0.137147,0,0,0,0,0.03826368,1.030285,0,0,1.246265,0,0.2263771,0.3884701,0.6729991,1.888818,0,0,0,0,0.1967084,0.5400029,0,0,0,0.6389512,0.5958841,0.9398388,0,0,0.3059725,0,0,0,0,0,0,0.8462222,0.007187865,1.503888,1.144739,0,0,
0.426299,0.4265753,0,0.1456073,0,0.8199738,0,1.042379,0.4486809,0.2158818,0,0.4490983,0,0,0.4061488,0,0,0,0.6486014,0,0,0,0,0.8012467,0,0,0,0.2253162,0,0,0,0.1255423,0,0,0,0,1.121296,0.1194637,0.01205191,0.935212,0,0.2609874,0,0,0,0,0,2.089066,0,0,0,0,0,0,0,0.1160333,0,0.2624784,0,0,0,0,0,0,0,0.8158792,0.5626239,0,0.3377318,0.4003898,0.2269951,0.2568967,0,0.08730552,0.6803757,0,0,0,0.07606946,0,0,0.4068579,0,0,0.3319195,0,0,0,0,0,0,0,0.002552046,0,0.2994162,0.2508034,0.5626794,0.1597532,0.04073254,0,0.8887812,0.9181094,0.1592385,0.4625777,0.3143069,0.837208,0.9778668,0,0.9673119,0,0.3947365,1.747164,0,0,0,0.673493,0,0.2495906,0,0,0,0,0,0.05321772,0.8782141,0,0.9901129,0.5480731,0.2569585,0.4505229,0.5582359,0,0.2185728,0.4022101,0,0.4781722,0.2394093,0.5666355,0,0.0779779,0,0,0,0.1518227,0,0,0.1245428,0.7963861,0.9963217,1.103613,0.8458148,0.5933899,0,1.518893,0,0,0,0,0,0,0,0.3991832,0,0.7228438,0,0.6093497,0,0.8910313,0.344986,0,1.52693,0,0,0.7386771,0,0.6382211,0,0,1.274106,0,0,0.9086909,0.6279209,0,0.754088,0.2313626,0.3339209,0.3128,0,0,0.4449485,1.171217,0,0,0,0,0,0,0.07652748,0.08295096,0,0.4149982,0,0,0,0,0.1598235,0.05643311,0.09756697,0,0,0,0.3047009,0.5793829,0.01763297,0,0.4863088,0.434886,0.1436641,0,0.05115626,0.6189692,1.203624,0.6831726,0.1509485,0,0,0,0.1437135,0.5241373,0,0.3444581,0,0,0.5208813,1.153321,0,0,0,0,0,0,0.690231,0,1.39405,0,0,0,0.7893776,0,0.573935,0,0,0,0,0,0.6773756,1.312333,0,1.127147,0,0,0.03831858,0,1.138612,0,0,0,0.09438298,0.512894,1.262714,0.5505122,0,0.3939123,0,1.04929,0,0,0,0,0,0,0.6627309,0.863791,0,0,0.003522678,0,0,0.2417832,0,0,0.08407681,0,0,0.3840679,0.3552814,0,0.07501252,1.103806,0,1.632227,1.071547,0,0.6022132,0,0.401888,0,0,0,0,0.1214467,0.08273279,0.4398136,0,0,0.1174427,0.7629943,0.4505889,0,0,0,0,0,1.722587,0.9827781,0.4043161,0.6952683,0.2693325,0.1366243,0,1.541199,0.4958425,1.540122,0,0,2.794827,0,0,0.4374384,0,0.03744221,0,0.1910589,1.188085,0,0,0.9244313,0.7096336,0.5090144,0,0,0,0.3809055,0,0,0.6020792,0.2437015,0.9269288,0.785243,0,0.2691562,0,0.6475726,0,0,0.5187806,0,0.3323961,0,0,0,0,0.2455902,0.6282846,0.6090428,0.1586628,0,1.458449,0,0,0.7253456,0,0.1169696,0.3094355,0.1372297,0,0.07869919,0.5786237,0.03785473,0.6889936,0.1902151,0,0.2155199,1.098205,0.0489954,0,0,0.5872386,0,0,0.9340683,0.6459639,0.7837744,0,0,0.904654,0.8105907,0,0.1827475,0,0.8389382,0,0,0.309383,0,0,0.5147462,0,0,0.1338559,0.3167422,0,0,0.7733024,0,0.6050715,0,0.06688392,0,0.6479029,0,0,0.3559797,1.464741,0,0.961771,1.354916,0,0,0.3980392,0,0,0,0.9717898,0,0.3741193,0,0,0.4502819,0,0.2272372,0.6183836,0.8519424,1.126718,0.2862425,0.01976315,0.09453676,0,0,0.9015249,0,0.3239239,0,0.71044,0,0.70166,0,0,0,0.02141437,0.9823219,0,1.047189,0,0,0.3034455,0,0,0,0,0,0.1637126,0.7888221,0,0.3137837,0,0.3071865,0.1661834,0.5745623,0.8465873,1.28631,0.8874963,0,0.0557316,0.5135789,0,0.1659368,0.7548906,1.199136,0,1.388309,0,0.08024365,0,0,0,0,0.397785,0,0.5077553,0.5179744,1.198058,0,0,0.2019618,0.3699481,1.121161,0,0,0,0,0.3919577,0,0.9654658,0.6249225,0,0.07853109,1.515797,1.330321,1.733983,0.9837379,1.192396,0,0,0,0,0.7674778,0,0.7886572,1.373254,0.8208417,0,0.08891691,0.5163289,0,0.1120338,0.05614656,0.8013396,0.4276089,0.150347,0.2721593,0,0,0.2470708,0,0,0.1174556,0.2176294,0.9378001,0.4114216,0.316545,0.06609874,0,0,0.09411386,0,0,0.1254282,0.4013069,
0.3015092,0.3650438,0,0.5691281,0.313711,0.08976586,0,0.8353004,0.51107,0,0,0,0,0.1403105,0.008485312,0.6396312,0,0.2910771,0,1.214817,0,0.1975183,0.7303351,0,0.4369952,0.0602337,0.5082823,0,0,0,0.1329143,0,0,0,0.6323449,0.9835008,0.7648403,0.1247659,0,0,1.484617,0,0,1.412088,0,1.937013,0,0.6773156,0,0,0,0.8864495,0,1.108777,0,0.2254226,1.118834,0,1.461982,0,0,0.03571541,1.146199,0,0,0,0.8829181,0.4836684,0,2.364232,0,0.13817,0.3906145,0.2083744,0,0,0.0319666,0,0,0,0,0.6571567,0,0,0.4898109,0.03072704,1.06495,0.07931677,0,0,0,0,1.227865,1.615886,0,0.1400506,0,0.7147011,0,0,0.3015459,0.1138416,0,0.7350082,0,0,0.2220835,0.5222681,0.7173769,0,0,0,0.40201,0,0.744381,0,0.2002161,0.4045378,0.8272866,0.2175478,0.9828208,0.3794568,0.8504381,0.1446865,0,0,0.06664328,0.5727584,0.3593898,0,0,0,0,0.4387246,0,0,0.1828844,0.7785652,0.7533203,0,0,0.6981959,0,0.9959906,0.3919394,0,0,0.416821,1.300043,1.327665,0,0,1.225967,0.4350719,0,0.9506754,0.3813159,0.2233738,0.6543822,0.2905389,0,0,0,0,0,0,0,1.477253,0.6075928,0,1.193358,0,0.3041827,0,0.4334552,0.09589171,0.9590296,0.7567139,0,0.7654082,0.2216316,0,0,0.6698042,0,0,0,0.6584511,0.2369461,0.2622769,0,0,0.5696802,0,0.3576145,0.1193004,0,0,0.2036323,0,0.721904,0.4960767,0,0,0,0,0,0,0.8605354,1.431697,0,0.6630427,0.7151154,1.102201,0,0.858971,0.6348687,0.7269041,0,0.6368163,0,0.07685784,0,0.5444094,0,0,0,0,0,0,0,0.2206906,0,0,0.2766671,0,1.051008,0.988751,0,0.3882205,0,0.2151149,0.5613847,0,0.6358145,0,0,0.3174546,0,0.4706357,0.8351558,0,0,0.2323124,0,0,0.2940738,0.4451621,0.3220622,1.257304,0.9426461,0.55548,0,0,0.3364323,0,0,0,0.8767559,0.8862816,0.5578129,0,0.399793,0,0,0,0.4404743,0.772872,0,1.836967,0,0,0.00448247,0.2864542,0,1.576182,0,0,0,0,0,0.07682282,0,0.5477996,0,1.213473,0,0.08314566,0,1.645643,0.7620863,0.02570241,0,0,0,0,0,0.123387,0,0,0,0,0,0.175838,0,1.185956,0,1.137643,0,0.2169078,0,0.6968287,1.679572,0,0.3810549,0,0,0,1.273077,0,0.352841,0,0.8027908,0,0.6204725,0.5055428,0,0.7266724,0,0,0,0,0.5438849,0,0,0.3001592,0.1654485,0,0,0.1967515,0.4523295,0.1204612,0,0.9997919,0,0.8575375,0,0,0,0,0,0,1.329635,0.4426062,0.197466,0,0,0,0.3249387,0.7124939,0.6157755,0,1.36924,0,0,0,0.02491608,0,0.8546654,0,0.2010082,0.3244084,0,0,0,0.2240479,0.07634795,0.3382238,0.3710075,0.3550966,0,1.601795,0,0,0,0,0,0,0,0.1600529,0.7613377,0,0,0.6861764,0,0,0.5129421,0,0,0,0,0.5202841,0.3966653,0.1807391,0,0.002313195,0,0,1.021918,0.01097973,0,0.4488149,0.1442396,0.1188904,0,0.1318889,0,0,0.2816601,0,0,0,0,0.612904,0,0.847603,1.765,0.4518959,0.6780621,0.9059885,0.1459969,0,0.2216113,0,0.1969462,0.4008387,0,1.191389,0,0.3722385,1.143247,0.5178629,0,0,0,0,0.8581846,0.8781597,0,0.5212814,0.3004555,0.329483,0,0.1843716,0,0.05418454,0,0,0,0,0,0,0,0.9819728,0,1.114352,0.04759358,0.9946911,0,0.235135,0,0,0,0,0,1.177755,0,0,0.01698433,0,0.4170636,0,0.9609136,0,0,1.116598,0.7234572,0,0,0,0.2789936,0,0.7848547,0.8242814,0,0,0,0.2803671,1.234959,0,0.8419739,0,0,0.3050836,0,0,0.4923923,0.2539392,0.06292582,1.885792,0.02484514,0,1.594777,0.3628461,0.3740225,0.3255657,0,0,0,0,0.7655562,1.360819,0,0.2971791,0.07313247,0,0.555752,0,0,0.2515208,0.5235077,0,0.2273926,0.3337308,0,0,0.2798898,0,0.695036,0,0,0.4508226,0,0,0.2435618,0,0,0,0,0.1633345,0,0,0,0.4446255,0,0,0,1.647111,0,0.3143871,
0,0.8325264,0.2990124,0.3946785,0.1094577,0,0,0.18971,0.2237945,0.391457,0.6578731,0.1164879,0,0.1648162,0,1.185175,0.3191572,0,1.759728,0.4398268,0.237172,0.4421391,0,0.4267821,0.579915,0,0.5706999,0,0,0,0,0.2167904,0,1.117677,2.70682,0,0.1847853,0,0.3804783,0,0,0.7902468,0.08909566,0,0.5775436,0,0,0.4804695,0.1971416,0,0.09566334,0.50699,0,0.002629648,0,0.4873508,2.424672,0.7599056,0.5700157,1.82735,0.1772754,0.5302089,0,0,0.6762461,0.4260129,0.02917512,0,0,0,0.6130244,0,0,0.654097,0,0.8066772,0.1883053,0,0.4439829,0,0.8506046,1.121119,0,0,0.5178959,0,0.128634,0.3538486,1.008462,0,0.2690201,0,0,0,0,1.079562,0,0,0,0.388608,0.002434375,0,0.9578778,0.2055875,0.1182358,0,0,0,0,0,0.29442,0.7106467,0,1.257814,0.178398,0,0,1.042012,0,0.1132807,0,0.002364743,0,0,0.9596434,0.03947996,0.1033822,0,0,0,0.4270173,0,0.5539612,0,0,0,0,0.4771573,0.2812403,0.06208823,0.4490855,0.9017866,0,0.1057813,0.0107476,0,0.2907674,0.9379756,0.9243984,0.7023198,0,0.1349566,0,0.609563,0,0.8594286,0.1970062,0,0,0,0.2060414,0.5507942,0,0.4320146,0,0.7377421,0,1.019149,0,0.6013463,0,0.9124635,0,1.326517,0.1373556,1.023186,0,0.7994283,0.01217679,0,0,0,0.01908095,0.5255223,0.4391043,0.8158697,0.7471267,0.3276752,1.09774,0,0.204351,0,0,0,0.02141187,0,0.246534,1.239802,0,0.3500556,0.3618783,0.1824391,0.6131142,0,0,0,0.1623352,0,0,0,0,0.08009345,0,0.7134194,0,0,0,0,1.234061,0.5245295,0.08688738,0,0,0,0,0,0,0.6201292,0.3111039,0.1233656,0.09406068,0,0.1609955,0.160861,0,0.4832054,0.3004994,0.627459,0,0,0,0,0,0,0.333571,0,0.1248543,0,0,1.226001,0.1094018,0,0.8638474,0,0.06345966,1.034748,0.06712972,0.3661421,0.9346366,0,0.08166556,0,0.05469147,0.3667717,1.096285,0,1.00951,0,0.2173275,0,0.4758918,0.5285841,0,1.688328,0.04583849,0,0,0.07591184,0,1.856494,0,0,0,0.1719169,0,0,0,0,0,0,0,0,0,0,0.4878564,1.067579,0.1102652,0.114066,0.4217228,1.063095,0,0,0,0,0.8750793,0.558854,0,0,0,0.1953837,0,0,0,0,0,0.5609937,0,0,0.662591,0.1942347,0,0,0.9078916,2.276171,0,0.6246271,1.322155,0.8025974,0,0,1.126114,0,1.640021,0,0.6824416,0,0.2384579,0.3105799,0.3639941,0,0,0.8492835,0,0,0,0.5950248,0,1.57194,0.3519144,0.7499672,0.1437751,0,0,0.062586,0,0,0.2052404,0.7230932,0.07529805,1.292455,0.1505834,0.01754646,0.2153375,1.090205,0,0.2892733,0,0.136421,0.1149698,0,0.8606003,0,0,0.3014224,0,0.7536761,0.589093,0,0.5878305,0,0.4661005,0,0.7709991,0.1725988,0,0.2828456,0,1.115353,0,0,0,0,0.4876592,0.1055922,0.1421945,0.02082799,0,0,0,1.001827,0.113405,0.5171455,0.2366744,0,0.08873538,0,0,0.2328791,0,0.2774173,0.9595544,0,0.487663,0,0.4874163,0.3982287,0.664346,0,0,0.5987235,0,0.05804762,0,0.5758013,0.6411531,0,0.3760098,0.2688392,0.967203,0.3516714,0.005334467,0,0,0,0,0.2371891,0.7613704,0.002336727,0.9539164,0.5068126,0,0.06420191,0,0,1.095385,0.8389742,0,0.3378665,0.4156379,0.1069729,0,0.3593476,0.8731759,0,0,0,0,0.347932,0,0,0.4964733,0,0.6946915,0.799892,0,1.495555,1.094544,0,0.2843651,0.03488585,1.059967,0,0,0,0.7962775,0.3402356,0,0,1.723887,0,0,0,1.473757,0,0,1.3691,0,0,0,0,0.2349843,0.8229384,1.024233,0.07924359,0,0.86167,0,0.2220535,0,0.2482742,0.3681329,0.490689,1.392206,0,0,0.9067268,0.5772189,0,0.3933678,0.1940076,0,0.185798,0.5676758,0,0,0,0,0,0.4212808,0,1.633566,0,0.3174693,0.05322133,0.9989182,0.7973716,0.2541226,1.079342,0,1.005545,0.3805075,0,0.6657882,0,0,0,0.5937027,0.5585095,0.9142713,0,0.08108277,0,0.9638897,0,0,0,0.5469607,0.1465226,1.573298,0.1271019,0,0,0,0,0,0.7020506,0,0.3995423,0.09365012,0,1.11587,0,0,0.9266047,0.7633106,0,0,0,0,0,
0.4164784,0,1.486572,0,0,0.9908122,0.6865361,0,0.1293867,1.226089,0.4542702,0,0,0,0,0,0.784174,0,0,0.6793184,0,0,1.816826,0.4285096,0,0,0.2195718,0,0,0.3563826,0.1847126,0.753549,0.1649734,0.9177579,0,0.4888678,0.301258,0.4810655,0,0.06625749,0,0,0,0,0,0,0,0.2946854,0,0,0,0.101572,0,0.5254756,0,1.164827,0.449127,0,0.6352698,0,0.221754,0.2984459,0.3938677,0.7552848,0.06983409,0,0,0,0.1134696,0,1.151794,1.164028,0,0,0,1.329088,0.04556953,0.2000901,0,0.6464971,0,0,0.4628119,0.6782379,0.9243183,0.2715248,0,0,0,0.6134841,0.2489229,0.4227473,0.7133726,0,0,0,0,0.2629191,0.09665459,0,0,0.5232601,1.020843,0.07907743,0.2858386,0.1689777,0,0.0694475,0.9778494,0,0,0.8016334,0.774391,0,0.1047528,0.1360293,0,0.6888859,0.8032759,0.1743914,0,0,0,0.6921127,0,0,0.3605826,0.3448885,0.9402732,0.07756282,0.1281227,0.8256609,0.6322174,0,0,0,0,0,0,1.168641,0.7791398,0,0,0.05600766,0,0,0,0.3278826,0,0,0.5142073,0.313558,0.3838545,0,0,0.184977,0,0.3247476,0.2162679,0,0,0,0,0.4266328,0.1470039,0.06621379,0.5386459,0,0,0.1007271,0,0,0.9804657,1.009142,0.8601366,0,0,0.8728408,0,0,0.7706363,0,0.1155609,0,0,0,0.8409004,0.5894409,0.9847574,0,0,0.7568769,0,0,0.6666173,0,0,0.4693322,0.5667161,0,0.6236362,0,0.4373632,0,1.070718,0.3415632,0,0,0.1812832,0.05367037,0,0.1384928,0.0760547,0,0,1.351934,0.191493,1.113444,0,1.465353,0,0,0.8474234,0,0.9199885,0,0,0.09921899,1.077713,0.8740838,0,0.6326196,0,0,0,0.1338371,0,0,0,0,0.2296922,0,0,1.270695,0,0.02262181,0,0.8531698,0,0,1.984346,0.2958355,0,1.094159,0.360504,0.110812,1.187183,1.36192,0.9984688,0.03547033,0,0,0,0.8422703,0.3172701,0,0,0,0.4336639,0,0,0,1.076875,0,0.675327,0.9724329,0.5420244,0.3250366,0,0,0,1.529684,0.7222707,0.4772703,0.4906096,0,0,0,0.7912335,0.01026813,0,0,0,0.5085395,0.08551365,0.4777724,0.1496039,0,0,0.1487394,0,0,0,0.4077609,0,0.5883077,0.8056325,0,0,0,0,0,1.105985,0,0,0,0.1889286,0.03949384,0,0,0.9234117,0.01456494,0.1734637,1.064355,0,1.013011,0,0.1901743,0.08190883,0.4692397,0.388149,0,0,0.039322,0,0.004059291,0,0.2700429,0,0.05826126,0.04163867,0.6713116,0,0.5117962,1.118717,0.5728748,0,0,1.187687,0,0,0,0.140674,1.122583,0,0,0.939634,0,1.110011,0,0.3619667,0,0,0.3652474,0.14159,0,0,0.05255794,0.08631022,0,0,0,0.3136515,0.064397,0,0.7622628,0,0.9719379,0.5411307,0,0.7868523,0,0,0,0,0,0.4241551,0.1430007,0.694516,0,0.8340625,0,0.2514096,0.2149493,0,0.6267586,0,0,0.3404912,0,0,0.09413935,0,0,0.1046058,0.01366159,0.1997165,0.4617313,0.4098291,0.6211955,0,0,0,0.5832349,0.1689746,0,0,0.2757832,0.005819269,0.533375,0,0,0,1.188376,0.5433882,0,0.8375855,0.1555732,0,0.4500227,0,0,0.4438083,0,0,0.9400285,0,0.5034874,0,0.4240923,0,0,0,0.1069982,0,0,0.2397559,0.08882503,0,0,1.240528,0,0,0.2719123,0,0.03815681,0.7204104,0.03214993,0.2585887,0,0.09872493,1.135762,0,0.7046603,0.2825715,1.413538,0,0,0,0.1469678,0,0.9991785,0,0.0970551,0.8601115,0,0.7341268,0.4521794,0.4754258,0,0.4268727,0.8191909,0.1055413,0.933432,0.8356941,0,0,1.236626,0,0.5914387,0.4375646,0,0,0.7498189,0.3708497,0,0,0,0,0,1.034306,0,0.3193051,1.076347,1.861556,0.193389,0,0.1649508,0.01338653,0,0.5575109,0.4564913,0.4399499,0,0,1.485918,0.1858106,0,0,0,0.6644241,0,0.1260818,1.014923,0,0,0.7414816,0,0.002442235,0.1290511,0.2994453,0,1.088301,0,0,0,0,0.4192295,0.3161992,0.1978341,0.1703947,0,0,0,0.002398667,0.6138448,0,0,1.481724,0.1095647,0,0,0,0,0,0,0,0,0,0,0,0.8206668,0,0,0.2157896,0.4174482,0.002181824,0.4276498,1.070296,0.5610893,
0.4651876,0,0.782847,1.162581,0.1031568,0,0.8832375,0.8889278,0,0.3449627,0,0.07775988,1.037529,0,0,0,0,0.55786,0,0,0,0,1.586352,0,0,0,0,0.75118,0,0,1.50073,0.7412837,0,0.4781024,0,0.02780899,0,0,1.04836,1.132763,0,0,0,1.431773,0,0,0.3573914,0.9273026,0,0.6171052,0.2500803,0,0,0.1555475,0,0.2482062,0,2.442011,0.2230312,0.325316,0.4608085,0,0.4524305,0.4986,0.2941174,0.7383899,0.4138547,0.1042595,0,0,1.286023,0,0.4735384,0.279217,1.199522,0.08062524,1.327888,0.4125293,0,0,0.8440596,0,0.5543435,0.6054022,0,0,0,0.4655947,0,0.451675,1.127772,0.1895722,0,0,0.2579786,0.3116117,0.2634048,0,0.1326109,0.4640189,0.8290556,0.367046,0.02200314,0.5743906,0,0,0,0.8020063,0.8273496,0.6833436,0.1964452,0,0,0.336838,1.819717,0,0.08637822,0,0.9334791,0,0.2027912,0.6409657,0,0,0,0,0,1.076708,0,0,0,0.1458757,0.3579864,1.354817,2.005519,0.3080991,0,1.97107,0,0,0,0,0.02661714,0,0,0,0,0,0.5316677,0.1715367,0,0.05660728,0.897416,0,0.04024808,0.582433,0.4557136,0,1.035814,1.567917,0.4042789,0.6631169,0,0.5327842,0,0,0,0,0.516535,0.03666687,1.34337,0,0.2613589,0.07501453,0,0,0,0,0,0.231948,0,0.1850846,0.8385706,0,0,0,0,0.3882439,0.2040394,0.04558028,0,0,0.6790386,0.3886348,0.4774515,0,1.622874,0.1950986,0,0.3230807,0,0,0.5015551,1.621112,0,1.938889,1.0373,1.037521,0,0.01676372,0.288696,0,0.2509123,1.485968,0.6429769,1.398378,0,1.977694,0,0,0,0,0,1.41646,0,0.5515293,0,0,0.6835191,0.2403279,0.3566137,0.3380057,0.2340263,0,0.7380642,1.064189,0.4596722,0,0.1066999,0.5670406,0.4826929,0,1.226798,0,0,0.1901649,0.3633326,0,0,0,0,0,0.2286636,0,0.2331064,0,0.05586646,0.6634665,0.1627692,0.923279,0.189691,0.2431202,0,0.3028089,0.4440669,0,0,0.02674308,0.002393024,0,0.1193366,1.095647,1.321125,0,0,0.3090169,0,0,0,0.02581008,1.209741,1.167887,0,0.2126011,0.7507233,0.07334591,0.4985886,0.6087323,0,0.04272063,0,0,0,0,0.06014088,1.05131,0,0,0,0.7929313,1.010784,0,0.1410384,0.02914542,0,0.1079313,0.03918329,0,0,0,0,0.5580832,0,0.6984898,0,0.7635452,0,0,0,0.1729524,0.1293121,0,1.158359,1.251123,0,0,0,0,0.1726152,0,0.6632529,0.3624747,0,1.23559,0.1422944,0,0.02417762,0,0.2663327,0.2048291,0,0.9906788,0.9443412,0,0.7087125,1.216113,0.5355593,0.2892662,0,0,0.3631732,0,1.046426,0,0.006568762,0.05609619,0,0,1.153064,0,0,0.5839822,0,0,0,0,0,0.4459149,0.152432,1.035205,0,0.6027879,0.4948412,0,0,0.676553,0,0.8728746,0,1.063399,0,0.9107854,0,0.5485845,0,1.2247,0.6237647,0.004051665,0.881057,0,0.2636747,0,0,1.376255,0,0.3254463,0.3788229,0.1082619,0.1895096,0,0,0,0,0.7585018,0.6741921,0,0.9967509,0,0,0.1853367,0,0,0.5259934,0.5005183,1.924041,0,0.09771243,0.2575718,0,0.2841161,0.4799703,0,0,1.189737,0,0.6624228,0.01753077,0.357464,0.478226,0,0.09164155,0,1.046461,0.2757104,0.3204083,0.02619161,0.9894876,1.18635,0,0,0.2576181,1.257675,0,0,0,0,0.5490487,0.1548122,1.479724,0.874274,0.2393333,0.05048043,0.4749388,0,0,0.07522646,0,0,0,0,0,0.3775343,0.4520447,0,0,0,0,0,0,1.277869,0,0,0.07533265,0,0,0.5045827,0,0,0.7724479,0,0.6869317,0.5026535,0,0,0,1.564748,0,0,0.4103763,0.3370996,0,0,0,0.3128972,0,0,0,0,0,0,0,0.2820232,1.043919,0.3497725,0,0,0,0.6555827,0,0,0,1.707072,0.1734605,0,0.6355602,0,0,0,0,0.1216338,0.4152037,0.415826,0.547002,0.02869052,0.02295716,0,0.3837724,0.2503468,0,0.2087685,0.5717802,0,0.4507109,1.32486,0,0.8639786,0,0,0,0.04486502,0,0,0,0,0.2146445,1.019069,0,0.1628259,0.3282382,0.3147121,0,0.01060266,0,0,0,0,0,0,0,0.2088218,0,0.5153427,0,0.04466524,0,1.182605,0.9672703,0,0,0,
0,0,0.04789539,0,0.05082219,0.8438299,0,0,0.167397,0.1007519,0.3113698,0.5616284,1.357587,0,0.0784345,0,0,2.082918,0,1.281146,0.5208981,0,0,0,0.4977295,0.3744784,0,0,0,0.2055606,0.2362238,0.3417181,0.2891003,0,0,0,0.02780437,0,1.504641,0.2334721,0,2.133382,0,0,0,0.5981057,0,0,1.177937,0.3885055,0.5620964,0,0,0.08931227,0,0,0,0,0.6021439,1.147128,0,0.2150616,0.6148332,0,0,1.315843,0,0,0.273954,0,1.29039,0.610767,0,0.1080079,0.1628215,0,1.509559,1.115972,0,0,0,0.3546635,1.349415,0.3092048,0,0,0.9443181,0,0,0,0,0.1597808,0.6618897,1.031174,0,0.2686883,0.008819948,0,0.7739061,0,0.246396,0.361922,0.9548178,0.5190957,1.063129,0,0.2906731,0.2210417,0.02436806,0,0,0,0,0,1.419614,0.2370351,0.9071376,1.08704,0.1574222,0,1.169698,0.3802946,1.003369,0.397834,0.1756157,1.083755,0,0,0.4688669,1.45114,0.9159003,0,0.234365,1.221902,0.1954301,0,0.899682,0.3940851,0.3291554,0,0,0,0,0.1934034,0,0.5571814,0,0,0.4120359,0.6436661,1.153979,0.2738106,0.6994855,0,0.9242708,1.158496,0,0,0,0.06074661,0.6098645,0.05331619,0,0,0,0,0,0.1562265,0.2634189,0.146931,0,2.286333,0.3548979,0.4119447,0.3826559,0,0.5388686,0.6388554,0.8462096,0,0.4594977,0,0.9217151,0,0.1452076,1.847843,0,1.885069,0,0,0.3808948,0.3586555,0.6544883,0.5242696,0,0,1.604296,0,0.2372312,1.535195,0.5533312,0.512196,0,0,0.3702533,0.403838,0.9497416,0.3118814,0,0,1.114819,0,0.4013219,0.9371231,0.1731541,0,0.4233927,0,0,0,1.562095,0,0,0,1.53325,0,0.08033223,0.5966861,0,0.7615519,0,0.2332601,0.05620406,0.7401668,0,1.149751,0.7641337,0.04104755,0.5932455,0,0,0,1.470933,0.08728096,0,0.182169,0,0,0,0,1.143528,0,0,0.06763465,0.2412012,0,0,0,0,0.2094438,0.3453116,0.4522829,0.5904981,1.420774,0,0.6678923,0.6434615,0,0,0,0,0,0,0,0.0482674,0,0.5505075,0.1586095,0,0,0,0,0,0,0,0.03260479,0,0,1.97424,1.481471,0.8946834,0,1.150341,0.2198302,0.4740525,0,0,0,0,0.3877331,0,0.4944395,0,0,0.01693994,0.7669612,0.02950517,0,0,1.390476,2.17411,1.027236,0,0,0,0.146862,0,0.4203981,0,0,0,0,0,0,0.003428129,0.975076,0.6537446,0.3004405,0.4383951,0,0,0.5267239,0.002142623,0.5935457,0,0.721919,0,0,0,0,0.3825466,0.1045045,0.6922172,1.193595,0,0,0.7946911,0.8218234,0,1.133989,1.088317,0.09957841,0.002591328,0,0,0,0.223329,0,0.6772555,0.4481423,0.9513069,1.108123,0,1.04527,1.018506,0,0.08328702,0,0.2704682,0,0.3581682,0,0.7604854,0.03052951,0,1.143129,0.9920726,0.7615573,0.1690646,0,0.6897615,1.078745,0,0.2852777,0.3823125,0,0,0.768066,0,0.2155844,0.5474796,0,0.2998434,0,0,0,0,0.5029759,0,0,0.9972069,0.5846105,0,0.3289658,0.1584475,0.8454078,0,0.4945233,0,0.8725615,0,0,0.534357,0.3278497,0.5054558,1.14832,0.9980966,0,0,0,0,0,0.3971499,0,0.9706916,0,0,1.092103,0.050672,1.027124,0,0,0.412102,0.1051864,0.05090331,0.07925059,1.226748,0.1549188,0.2507373,0,0.177843,0.67954,0,0.9335393,0,0,0.9654755,0.5688789,0.6074178,0.3269402,0,0,0.3448461,0.3716223,0,0.8082693,0.3377884,0.4925763,1.46138,0.01487601,0.5773301,0.2092617,0.5012522,0,0,0,0.2148852,0.3482629,0.6628964,1.768959,0,0.6256189,0.3250148,0.9976697,0,0,0,0,0,0,0,0,0,0.04774873,0,0,0.2297185,0,0,0,0.4766585,0.3364581,0.4172923,0.3942904,0,0,0,0.7697812,0.5278597,0,0,0,0.5437164,0.06506859,0.5323107,0,0,0,0,0.4120485,0.05553643,0,0.5718573,0,0.9160064,0,0,0.7157521,0,0.1626246,0.1905545,0,0.2702842,0.544095,0,0,1.866413,0.1174939,0,0.1290599,0.4149219,0,0.4755349,0,0.05010061,0.2049051,0,0.4885814,0.2210748,0,0.5006779,0,0.7841549,0.5660121,0,0.5730082,0.8461168,0.6557303,0,0.6368189,0,0,0,0.07203457,0.4344804,0,0.7991959,0,0.3189682,0,0.925157,0.7842267,0.2437935,0,0,0.5145903,0,0,0.05083231,0.4785434,
0.9990255,0.5675802,0,0.006469446,0.4782417,0.03160523,0,0,0,1.500627,0.6638045,0.003424308,0.1135954,0,0,0.1517131,0.2581006,0.399624,0,1.8152,0,0.5270652,0,1.334702,0.4757023,0,0.4502897,0,0.40708,0.5157932,0.5658867,0,0,0.2626484,0.809967,0,0,0.6102312,1.388098,0.05262538,0,0.1920133,0.2874162,0.2307809,0.002237946,0,0.3034656,1.098346,0,1.104814,0,0.5522304,0,1.655004,0.1248845,0.8698503,0,2.023898,0.4976271,0,1.289299,0,0,0,0,0,0,0,0,0.776923,0,0,0.2543643,0.3171585,0.5249518,0,0.1438109,0,0,0,0,0.5633671,0.06659679,1.0219,0.6169147,0.3616328,0,0,0.3137997,0,0,0,0,0,0,0,0,0,0,1.500898,0,0.3033887,0,0.6485564,1.140181,0,0.08801157,0.6562397,0.5661682,0,0,0.6908503,0.5828999,0.1688067,0,0.6026024,0,0.3294741,0.3843149,0,0,0.2254841,0,0.3294991,0,0,0,0.6756659,0,0,0.4624832,0.7277396,0.2505151,0.3962187,0,0.58481,0,0,0,0.1244197,0,0,0,0.481692,1.864298,0.5048819,0,0,0,0.2653762,1.491613,0.317029,0.8275481,0.7982931,0,0.240926,0.5405942,0,0,0,0,0.3131031,0.9441379,0.8533056,0,0.2023027,0,0,0.07439303,0.5910368,0,1.300289,0.9983721,0.5962148,1.800117,0,0,0,0.8984205,0.249079,0,0.1488452,0.1651968,0,0,0,0.483517,0.9808524,0.2129029,0.4579573,0,1.057662,0.8868707,0,0,0,0.2970471,0,0.8872814,0.8773994,0,0.5958847,0,0.08029178,0.413004,1.327806,0,1.079034,0,0.9834024,0.1885691,0,0,0,0,0,1.105749,0.4074535,0,0.3547436,0.7845467,1.019502,0.1171804,0.911507,0.0598356,0,0.1764118,0.5715733,0.3617659,0,0,0,0,0.8186067,0,0,0.07923074,0.5080158,0,0.2307226,0.6737242,0,0.2997864,0,0.01084013,0,0.1821884,0,0.3905317,0,0,0,0.07611089,0,0,0.5651038,1.235628,0.3581514,0,0.1341637,0.2177594,0,0.8362449,0,0,0,0,0.1879453,0,0.002641184,0,0,1.190522,0,0,0,0.3019203,1.153404,0,0.3066342,0,0.3166183,0.7615484,0,0,0.3029004,0.4391687,0.1980965,0,1.673962,0.2432529,0,0.4924459,0.2048425,0.02882006,0,0.5568787,0,1.010376,0.1840787,0,0,0,0,0.3417369,0,0,0,0,0,0,0,0,1.217963,0.3694592,1.789234,0,0,0,0,0.6626514,0,0,0.4888513,0.05765759,0,0.2898304,0,0,0.1507155,0,0,1.236363,0,0,1.292819,0.6317005,0.4347461,0,0,0,0.2242171,0.7203927,0.6719622,0.6070406,0,0.6761248,0,0,0.315396,0.1436272,0.2915485,0,0.1837319,0,0.03027983,0,0,0.3226368,1.15412,0,0,0.3360427,0.4298338,0,0,1.80441,0.7292765,0,0.280688,0.7170174,0,0,1.923158,0,0,0,0.22709,0,0.9231309,0,1.015799,0.4601585,2.014341,1.095901,0,0.5161923,0.8907699,1.564589,0.3362128,0,0,0,0,0.2402494,0.9136831,0,0,0.05606046,0,0,0,0,0.01144885,0,0,0,0.2114519,0,0,1.192575,0,1.78819,0.2647623,0,0,0.5595506,0,0.2862984,0.921064,0,0,0,0.1454133,0,0.05313921,0.309806,0.1831094,0.5109335,0.04173401,0,0.7530043,0.6832282,0,0.562933,0,0,0,0,0,0.5009884,0,0,1.315131,0,0,0.2898321,0,0,0.1421258,0,0,0,0,0,0,0,0.2873981,0,0,0,0,0,0.3527792,0,1.351331,0.4661754,1.108641,0,0.2349222,0,1.034289,0,0.4477182,0,0,0.3728868,0.2029602,0.02782355,0,0,1.07992,0,0.5632684,0,0.3680116,0.276827,0.2720175,1.02915,0,0.2079547,0,0.1382702,0.9699045,0,0,0.2036884,0.1762297,0.5227631,0,1.243916,0,0,0.7913026,0.5829828,0,0,1.07315,0.05768134,0,1.6866,0,0.8497106,0,0.4946297,0.1381837,0,0,0.4104367,0,1.270566,0,0.04636212,0,0.3239501,0,0,1.847538,0.8291528,0.09280551,0,0.7816625,0.8401823,1.132392,0,0.1896859,0.8862363,0.07787886,0.3757684,0.006337101,0.5115452,0.4801633,0,0.3832569,0,0.4944674,0.838241,0.5248435,0,0,1.475314,0.2908609,0,0.6877014,1.682157,0,1.346135,0.2350539,0,0,0,0.6918076,0.4915202,0.1558169,0,0,0,0.4848711,0,0,
0,0,0,0.2940891,0,0,0,0,0.06982384,0,0.3023858,1.172994,1.056334,0,0.936866,0.434245,0,0,0.8949444,0.8529877,0,0,0,0,0,0,0,0.2961079,0.128008,0,0.5846238,0,0,0,0.6339465,0,0,0,0,0,0,1.333832,0.6628097,0,1.349144,0,0,1.341946,0,0.766273,0.192234,0.2641929,0,0,0.2061439,0.01163363,0,0,0,0.7959731,0,0,0.2668829,0,1.913835,0,0.08061685,0,0.2819821,2.245556,0.1140422,0.05166617,0,0,0,0.3713969,0.1652247,0.002928244,1.361472,0,0.7876044,0.4463812,1.504969,0.7964534,0.8856222,0.495955,0.518934,0,0.8301584,1.276093,0,0,0.576848,0,0,0.242697,0,0.1265501,0.4812966,0.5952383,0,0.5943658,0,1.035846,0.602159,0,0,0,1.591423,0,0.01538101,0.04612695,0.1772088,0,0.617909,0.09906933,0,0,0.0271382,1.385823,0.1083705,0.4005696,0.3435155,0.1332945,0.7330725,1.1055,0,0,0,0,0,0.7767333,0.9198621,0.0480558,0.3460172,0,0,0.5978249,0,0.05510454,0,0.08246464,0,0.2818433,0.9232695,0.7130335,0,0.7771322,1.170294,0,0.3206737,0,0.5362529,0,0,0,0.4853794,0.7511775,0.1617968,0.5716497,0,0.5602033,0.435851,0.6051955,0,0,1.284745,0.453232,0.4197621,0.7704579,0,0.646893,0,1.754069,0,0,1.203436,0.4351141,0,0,0,0,0,0,1.2181,0.9330725,0,0,0,0,0.4158365,0,0.3432532,1.485649,0,0,0.2784355,0.0324381,0,0,0.1903958,0.785445,0,0.06032878,0,0.4196844,0,1.583998,0.5586765,0,0,0,0.4416308,0,0,0,0.5314099,0.2440185,0.3055437,0.7440085,0,0.419625,0,0.2596825,0.1185,0.1838787,0,0.7119542,0.4667299,0,0,0,0,0,0.764786,0.2984729,0,0.8767937,0.215007,0.09443729,0.4689765,0.8798838,0.3826424,0,0.407161,0,0,0,0,0.3373019,0.2248711,0.8986466,0,0.950965,1.282463,0.9894068,0,0,0,1.211506,0,0,0,1.8567,0.226271,0,0,0.8147519,0,0.9589587,0.4794314,0,0,0.7736016,0.3845004,0.8617231,0.5720643,0,1.194271,1.115843,0.01505647,0,0,1.102724,0,0.634176,0.749765,0,1.428216,0.9362581,1.479347,0.1018657,1.304352,0.9002041,0,0,0,0,0,0,2.392399,0.8300318,0,1.631407,0,0.3678713,0,0.2060049,0.6150934,0,0,0,0,0,0.2502017,0,0,0,0.5751935,0.2827449,0,1.514448,0,0,0,0.1628394,0.2081603,0,0.01560972,0,0,0.2824488,0,0,0,0.5336387,1.526893,0.3360821,0,0.1036236,0,0.02166975,0.7204025,0,1.948478,0.2905401,0,0.6222574,0.8591846,0,0,0,0.002118811,1.608648,0.15298,0,0,0,0,0,0,0.8534381,0,0,0,0,0.6115127,0,0.3555097,0,0,0,1.72445,1.086356,0.5599949,0,0.9413285,0.2508557,0.09027297,0,1.051029,0.3663635,0,0.6413063,0.8422331,0,0,0.4776904,0.4936889,0,0.2145903,0.3972338,0,0.5214752,0.9803349,0,0,0.3841319,1.154383,0.1304329,0.6559772,0,0.7474188,0.4288433,0,0,0.3602924,0.005162033,0,0.03099835,0.05132257,0.2778922,0.7775378,0,0,0,0.08849125,1.204258,0,0,0.04362773,0.7901533,1.520939,0,0.7784016,0,1.077833,0,0.672828,0.1722362,0.2871604,0.2177605,0,1.992063,0,0,0.8115452,0,0,0,0.7304666,0,0.5422469,0.3806095,0,0.08054427,0,0.3781964,0,0.8068925,0.7462388,0.7464908,0.2193213,0.4840955,1.198982,0,0.2113725,0,0.5609719,0,0.1406665,0,0.2777816,0.8566391,0.3699746,0,0,0.9978397,0,0,0.8309952,0,0,0,0.4823638,0.7498243,0.1194185,0,0,1.170781,0,0,0.01651134,0,0.1876529,0.1580995,0,1.157254,0.4689222,0.986192,0,0.5813721,0.4061849,0.5060992,0,0,0.5034493,0.2482711,0.4994367,0.2179342,0.2774561,0,0.9766163,0.4622067,0.4731475,0,0,0.487126,0,0,1.638193,0.3789739,0.5663878,0,0,0.03475113,0,0.5579914,0,0,0,1.694059,0,1.021267,0.6650113,0.2933678,1.031919,0,0,0,0,0.1589463,0,1.144928,0,0,0.7634219,0,0.1903599,0.2070386,0.03233439,0,0,0,0.4392394,0,0.2846009,0.06745637,0,0,0,0,0.6202347,0,0,0.2463532,0,0,0,1.461967,0,0,0,0.8851241,0,0,0.3933245,0,0,0,
0.3392888,0.7431794,0.3808995,0,0.1159508,0,0.2382914,0,0.06421283,0.6355495,0,0.04009338,0,0,0.09602141,0,0.2202208,0,0,0,0,1.957867,0,1.875635,0,0.5756517,0,0,1.850194,0,0,0,0,0,0.7691815,0.9072266,1.842912,0,0,0,0,0.4182216,1.13086,0,0,0,0,0,0,0,1.21898,0.9221522,0.9146875,0,0.1353954,0,1.993776,0.3271971,0.8607866,0,0.3177079,0,1.020133,0,0,0,0.07016593,0,0,0,0,0,0.5532007,0.4393119,1.220869,0,0,0,0.09556416,0.5656295,0,0.2646921,0,0.3538162,0.2995034,0.7830075,0,0.5121044,0.9714794,1.216945,0,0,0.4880815,0.4146555,0,0,1.024259,0,0.8738286,0.614491,0.2936554,1.287559,0,0.3413717,0,1.036671,1.345568,1.876169,0.888974,0,0,0,1.424622,1.295882,0.206533,0,0.6836851,0,0,0,0,0,0.1446109,0,0,2.148621,0.3653198,0.9746763,0.4976883,0,1.542072,0,0,0,0.4239978,0,0.9371462,0,0.7282472,0,0.6113327,0,0,0,0.7835609,0.04570779,0,0,0,0.1198492,0.3742813,0,0,0.9886834,0.127552,0,0.1912158,0,0.1800289,1.22592,0.1598845,0,0.5599195,0,0,0,0,1.928308,0.4789102,0,0,0.01951837,1.756302,0,0,0,1.109937,1.438149,0,0,0,0.6465713,1.22396,0,0,0.08792818,0.2869798,0.3946721,0.4647416,0.7477961,0.8831279,0.07014923,0,0,0,0,0,0,0.06088997,1.178649,0,1.00494,0.6962792,0,0,0,0,0.538345,0.932583,0,0.00672301,0.7706087,0,0,0.2588895,0.7933587,0.5381179,1.349786,0,0.1629263,0.05816582,0.4081399,0,0,0.5284118,0,0.5143812,0,2.196867,0,0.4451441,0,0.5252821,0,0,0.7101582,0.3286155,0,0,0.06355429,2.090823,0,0,0.299022,0,0.8930666,0,0.9521324,0.3556012,0,0.7621635,0,0,0.4686107,0,0,0,0,0.4210639,0,0.2242826,0,0.04537139,0.3515449,0,0,0,0,0,0.1820406,0,1.378284,0.3591385,0,0,0,0,0,0.7374939,0,0,0,0.2234859,0.7557596,0,0,1.171014,0,0.3100707,0.38481,0.5191008,0.64964,0,1.356013,0,0.8947361,0,0,0.07014625,0,0,0,0.6373962,0.6579126,0,0.02970166,0.4218114,1.185704,0,1.120691,0.05760961,0,0,0,0,0,0,0,0,0.2828329,0.7887264,0.9160923,0,0,0.08853216,0.4622381,0,0,0,0.08535405,0,0.8489555,0,0.9372067,0,0,0,0.2510619,0,0,0.6849889,0,0.1785005,0.6990764,0.1971901,0,0.8922973,0.1849938,0,0,0,0.1543548,0.1744568,1.543697,0,0.09879319,0.3565464,0,0.4469119,0,0.6512594,0,0.6045585,0,0.07515135,0,0.08861709,0,0,0,0.4005231,0,0,0,0.853657,1.109008,0,0,0.3188712,0.2989002,0,0,0,0.7252486,0.2460618,0.8594782,0.198471,1.712009,0,0.6864236,0.2938358,0.3063335,0,1.129988,0.2053121,0,0.9849565,0,0,0.2555766,0.5949255,0.4523188,0.1175019,0.6970745,0,0,0.2955032,0.7906555,0,0.9173568,0,0,0.1867462,0.8968418,1.986798,0,0.6340717,0,0,0.09369192,0.1818741,0,0,0.8993574,0.3545094,0.8283367,0,0.405072,0,0.8168171,0.767669,0,0,0.8974053,0,0.4101977,0,0.6979756,0,0,0.3348148,0,0,0,0.1114808,0,0,0,0,0,0.003791463,0,0,0.3106723,0,0,0.5479475,0,0.1745683,0.4914565,0.4537005,0,0,0,1.563148,0,0.3380501,0,1.130244,0.650683,0,0.4275264,0.1806494,0.997225,0.6501327,0,0.363735,0,0,0,0,0,0.1283791,0.09924345,0.4495251,0.4527099,0,0,1.258544,2.169884,0.4153347,0.6086532,0,0,0,0.7707693,0,0.3682157,1.246257,0.7072465,0,1.178898,0.2152758,0.002213146,0.5318376,0,0,0,0,0,1.779347,0,0.8512191,1.15447,0.7678686,0.9450704,0,0.6891996,0.5896794,0,0,0.1918524,0,1.456332,0.6928773,0,0,0,0.3229753,0,1.425562,0,0,0,0.01942568,0.09641236,0.4514106,0,1.631982,1.176568,0.525772,0,0.05755422,0,1.063171,0.4025099,0.1399796,0,0,0.3854366,0,0,0,0,0.03092411,0.5601394,1.164862,0,0.6071083,0.3496693,0.01733842,0,0,0.3273735,0,0,0,1.118992,0.9909291,0,
0.9178118,0.2665637,0,0,0,0,0.3134453,0.7011289,0.3727178,0.7373198,0.1371677,0,0,0.1582535,0.3634346,1.029037,0,1.687009,1.571823,0,1.320885,0,0,0,3.14262,1.821883,0,0,0,1.160783,0.9496372,0.9064846,0.006515224,0,0,0,0.005588765,0,1.537184,0,0.7826393,0,0,0,0,0,0,0.08391833,1.003799,0.03385399,0,0,0.1447149,0.7769581,0,0.2328712,0,0.7498327,0,0.4795985,1.177267,0.06221829,0.6660106,0,0,0,0,0,0.6586583,0,0.7472587,0,0,0,0.7440128,0.4435436,0.3315058,0,0,0,0,0,0,0.4154614,0,0.7902981,0,0.5704107,0.1847734,1.003052,1.020327,0,0.449932,0.3638281,1.000636,0.2103755,0.5854804,0,0,0.3275031,0.6417235,1.616825,0.359146,0.3846979,0.6133637,0,0,0.9466848,0,0,0.5365766,0,0.6004833,0,0.1165822,0,0,0,0,0.2201461,0.8007057,0,0.1017094,0.5939956,0,0.2051226,0,0.1525903,0,0,0,0.5412676,0.9775109,0.8711487,0.4097876,0.5740137,0,0.940631,0,0,0,0,0.8840926,0.6621594,0,0.1051279,0,0.9821226,0.46051,0.1376701,1.347878,0,1.754849,0.6013443,0.8579251,0.1838567,0.3641969,0,0,0.6977099,0.4083983,0,0,0,0.5561715,0.7060063,0,1.068322,0.6559433,0,0,0,1.438894,0,0,0.5033323,0,0.442343,0,0,2.272063,0.9332722,0,0.8338218,0.5713804,0.3998151,0,0.621879,0.201848,0,0,0.8018979,0,0,1.590657,0,0,1.277325,0,0,1.441003,0,0,0,1.763774,0,0,0.1487006,0.1684415,0,0,0.2281201,0,0,0,0.6552906,0.6558861,0,0,0,0.02752534,2.454297,0.0494551,0.6327854,0.06693222,0.5425474,0,0.2005491,1.363678,0,0,0,0,0,0.03855162,0,0,0.5520845,0.2672253,0.7673211,2.852247,0,1.502994,0.002390294,0,1.315108,0.4225984,0.07902153,0,0.4123945,0.1374736,0.8435994,0.888908,0,0,0,0,0,0,0,0,0.07694537,0,0.9364988,0.05567884,0,0,0,0,0.1352807,0.04415563,0.8828445,0,0.1778953,0.749125,0.2949482,0.5247533,0,0.003900546,0,0,1.136671,0.9680106,0.2301728,0,0.5449501,0,0,0,0.6826117,0.02073279,0.1416541,0,0,0.9054295,0,0.4045601,0,0,0.8556336,0.9310421,0.7120801,0.5884126,0.3204607,0.3617244,0.03848658,0,0,0.3461849,0,0.3811047,0.5118237,0,0,0,0.2352293,0.4260283,1.635332,1.267078,1.356185,0,0.347475,0,0,2.203978,0,1.706387,0.4597858,0.05511709,1.176508,0,0,0.3677676,0,0,0,0,0.6636155,1.054952,0,0.2672032,0,0.380433,0.7661222,0,0,0,0,0.6225281,0.1483109,0,0.3250467,0,1.069813,0.1392255,0,0.07283095,0,0,0,0.6707869,0,0,0,1.179242,0,1.279829,0,0.8673107,0.03323782,0.3785354,0.1891236,0,0.6301911,0.1128594,0,0,0.312218,0.1707943,0,0.6682548,0,0.6570705,0,0,0.6825325,0.07195839,0,0,0.09572811,0.5873185,0,0,0.2312253,0.2313666,0,0.328304,0.3819751,0,0.9313473,0,0,0.7197438,0.4148315,0.6094017,0,0,0,0,0.9518478,0,1.742393,0,0,0.6330133,0.274234,0.7696277,0.3071901,0,0,0,0.9567841,0.4429244,0,1.591592,0.8990083,0,1.034747,0.2572613,0.0590771,0.706491,0.7192804,1.883678,0.8071581,0,0,0,0,1.725623,0,0,0,0.7830431,0.1351165,0,0,0,0.1099622,0.6056325,0,0.3180777,0.07869338,0,0.2005594,0,0,0,0,0,0.7976655,0.7177,0,0,0,0,0.462508,0.1492085,0.2738684,0.3414353,0,0,0,0.3401403,0,0,0.6138081,0,0,0.2258294,0,0,0.9695702,0,0.5034786,0,0.488017,0,0,0.020242,0,0,0,0.7529243,0,0.09515006,0.2365133,0,0,1.368124,0.3106653,0,0.7143552,0,1.193883,0,0,0,0,0.2855814,1.985813,0,0.7356051,0,0,0,0,0.5126052,0.944609,0.1417235,0.3766106,0.1237975,1.395313,0.4469768,0.1922553,0,0,0.3100383,0.5318943,0.2636852,0.9939459,0,0,0,0,0.7524364,0.3495002,0.4919421,0,0,0,0,0,0,0,0,0,0,0.2211908,0.4459995,0,0,0.4114864,0,1.476567,0,1.282894,0,0.1154324,0.8566422,0,0.5156268,0.2229965,0,1.534962,0,0,0.1287595,0.6495352,0,1.216507,
0,0.08223771,0,0,0.120786,0,0.8076684,0,0.005056061,0,0,0.9454836,0,0.5714835,0,0.08408575,1.552205,0,1.867945,0.1332917,0,1.223701,0,1.147783,0,1.041793,1.25042,1.027466,0.6286406,0.8953521,0,0,0,0,0,0.04538163,0,0.5041116,0,0.3351406,0.7754865,0,1.651831,0,1.787992,0,0.3349961,0,0.4240457,0,0.469149,0.04173463,0,0.8008869,0,0.02644512,0.7446912,0,0,0.3666514,0.3249695,0.8504444,0.07943009,0,0.3133363,0,0,0.2515675,0.6131914,0.9275453,0,0.9030506,0,0.09039122,0,0.9078446,0,0,0,0.6427686,0,0,0,0,0.4186567,0.2620154,0.2591128,0.3762383,0,0,0.8243799,0.4127768,0.7883317,0.5582951,0.4807108,0.340603,0.7327549,0,0,0,0.4024126,1.348696,0.0407973,0,1.337573,0.8849018,0,0.5961232,0,0,0,0.727168,0,0,0,0,0,0,0.2761266,0,0.2810076,0.3921155,1.391821,0,1.064343,0,0,0,0.6722171,0.9490765,0,0,0,0,0.08371143,0,1.727839,0,0.7265686,0.08860215,0,0.05773976,0.7431263,0.3539207,1.079636,0.3222039,0.835924,0,0,0.6229897,0,0,0,0.319691,0,0,0.4044566,0,0,0.7849619,0.2236998,0,0.2190821,0.5054141,0.3133886,1.11303,0,0,0,1.119215,0,0,0,1.060646,0.8383297,0.5662273,0.4931372,0.9203864,0.8990663,0.2358587,0.2425898,0.03258772,0.4434963,0.736701,0,0.1707872,0,0.4670562,0.3817323,0.9831471,0,0.1684767,1.091329,0,0,0,0,0,0.3862241,0,0,0,0.8284414,0.98091,0.6915128,0,0.5428286,0.7459933,0,0,0,0,0,0.3190529,1.955541,0.1018407,0.9432806,0.9750121,0.6898376,0.6374016,0,0,0.2175293,0.9343803,0,0.0228889,0,0,1.26717,0.6065835,0,0.2653012,0,0.2077454,0,0,0,0,0,0,0,0,0,0,0.6104458,0.05932014,0,0,0.1263606,0,0.80588,0,1.124047,0,0,0.2483713,0,0,0,0,0,0.1535186,0.2022833,0.5540766,0,0,0,0.3459526,0.2275313,0.6588182,0.1238184,0.1644541,1.324529,0,0.06063434,0,0,0,0,0.7616438,0,1.107111,0.3524016,1.206634,0,0.8952205,0.6370591,0.2032339,0,0.4774088,0,0.04310004,0.1020786,0,0,0.9052828,1.2087,0,1.551479,0.2844991,0.9647648,0.1815904,0.5850003,1.092441,1.232006,0.714123,0,0,0.2735378,0,0,0,0,0.3102752,0,0,0,0.4790899,1.448027,0,0.2012853,3.075527,0,0.9877314,0,0.03803215,0,0,0,0.1432734,0.01388883,0.7276875,0,0,0,0.8808028,0,0.448965,0,1.127847,0,0.3191821,0.07874295,0,0,1.298264,0,0,0.1373288,0.4230922,0.351626,0,0.2236412,0,0.1866703,0,0.7063388,0.2361241,0.4558164,0,0.3295936,0,0.681188,0.04133877,0,0.05572562,0.7037523,0.7406429,1.350113,0.5063422,0,0.113251,0,0,0,0,0,0,0,0,0,0.471701,0,0,0.4897216,0,0,0.6664795,0,0,0,0,0.4738713,0,0,0.7296993,0,0,0,0.3838649,0,0.3802224,0.8411916,0.01108863,0,0.4683206,0,0,0,0.6999025,0.2083005,0.3083514,0.3657947,0.5851977,0,0,0,0.09756421,0,1.182359,0.6024312,0.04431873,0.3776619,0,1.053099,0,0,0,0.08906548,0.3779996,0.5711668,1.32505,0,0.3625169,0,0.9702588,0,0,0.5646773,0,0.2915587,0.06801457,0,0.04284233,0,0,0,0,0.273399,0.825053,1.025958,0.4222232,0.1337627,0.5702363,0,0.07531205,0,0.5192732,1.194714,0.3136822,0.2062776,0.3913089,0.5893519,0,0,0.3528597,0,0,0,0,0,0.6165978,0,0,0,0.0836551,0,0,0,0.9684547,0.5548671,0,0,0,0,0,0.4100891,1.652184,0.4989249,0.3864381,0.9839993,0,0.7871456,0,0,0.4992123,0.6259501,0,0,0.8313212,1.067376,0.4355581,0,0.2879842,0.05808954,0,0.5759755,0.2510488,0.9951731,1.154071,0,0,0.8440608,0.9414983,0,0,0,1.732047,0,0.0804656,0.08277818,0,0,0,0.6862481,0.3918121,1.149614,0.4079984,0,0,0,0.07239482,0.9892184,1.121245,0.1958133,0.747376,0,0,0.4559235,1.148919,0,1.729275,0.4175147,0.03432211,0,0.4830163,0.3300919,0.1119277,0.836127,0,0.6987618,0,0,0.629366,0.3505636,0,0.5482733,0,0.3615946,1.367805,0.8300553,0,0,0,0,1.702473,0.1934464,0.1869632,0.6250865,1.065984,
0,0,0.2125422,0,1.175991,0,0,0,0,0,0,0,0,0,1.34873,0.2606969,0,1.646097,0,1.032611,0.9540082,1.283955,0.8706414,2.374812,1.225183,0,0,0,1.069701,0.8662109,0.4202565,0,0,0.365034,0,0.7023919,0,1.084617,0,0.1631573,0.155063,1.946982,0,0,0,0,0,0.4816468,0.1966438,0,0.5945038,0.3291344,0,0,0,0.614899,0.5232251,0,0.08217479,1.072834,0,0.05333858,0,1.247327,0.2593678,1.011544,0,0.3984006,0,1.100065,0,0,0,0.5332508,1.036068,0.377272,0,0,0.198662,0.2449373,0.1820281,0,0,0,0,0.01467097,0.2422898,0.7138022,0,0,1.162394,0.027401,0,0.8140005,0.2435315,0.2373575,0,0,0.02692476,0.7502861,0.1060814,0,0,0,0,0,0.14204,1.364501,0,0.2483526,0.8318206,0,0.03964615,0,0.1068354,1.341385,0.932016,0,0.4604306,0.5408946,0.8754851,1.090059,0,0.06544223,0,0,0,0,0.4641401,0.1956267,1.407047,0.5952601,0.970731,0.376049,0,0.2966399,0,0,0,0.246932,0,0,1.173922,0.6296254,0,0.7302266,0,0,0.06135588,1.224938,0,1.666227,0.2501925,1.033383,0,0.9289116,0.9335796,0,1.019229,0,0,0,0,0,0,0.1575847,0,0.5957923,2.157182,0.1693654,0,0.9167893,0,1.044698,0,0,0.1559912,0,0,0.002302111,1.238416,0.8869885,0.2261323,0,0,0,0.06321571,0,0,0,0.5921602,0.6546968,0,0.09360491,0.4117441,0,1.376274,0.07065395,0,0.3194255,0,0,0.7802343,0.550252,1.014235,0,1.12779,0,0,0.1453113,0,1.497371,0,1.666291,0.76174,0,0,0.5347202,0,0,0,0.4833259,0,1.120383,0,0.5273337,0.7087185,0.4445397,0.3374917,0,0,0.2647015,0.02563938,0.2661909,0,0.7918848,0,0.5466402,0.601451,0.7789357,1.881217,0,0,0.5989576,0.2375035,0.2379542,0,0,0,0,0.3888753,0.8068324,0.6789786,0,0.2438617,0.4701109,0.09161999,1.467901,0,0.764963,0,0.1600096,0,1.135894,0.6330898,0,0,1.604514,0.8672587,0.03640312,0,0.5903341,0,0,0,2.847704,0,0,1.521273,0.4252237,0.04870879,0.5272214,0,0,0.3403737,0,0.8411649,0.7027104,0.5292265,0,0.296339,0.1202103,0,0.1751771,0,0.1005218,0,0.4130253,0,0.5958,0,0,0.4288334,0,0,0.7686062,0,0.2694684,0,0.4008828,0,0.4329531,1.520557,0.8970673,0,0,0,0,0.7250332,0,0.652559,0.2093018,0.469408,0,1.020386,0,0.5690633,0,1.032432,0,0,0.6351432,0,0.511402,0,0.1560361,0,0,0,0.3970634,1.159101,0,0,0,0,0,0,0,0,0,0,0.3161067,0.1892363,0.3705416,2.176511,2.534514,0,0.03205825,0.1241167,0,0.01769107,0,2.271652,0.8270711,0.04197872,2.082859,0.02704685,0.5260559,0,0.09032648,0.3376489,0.4991671,0,0,0.5743756,0.03470084,1.180793,0.07925281,0.3855819,0,1.162654,0,0,0.5564339,0.9685631,0,0,0.6792264,0,0,0,1.551012,0.144954,0.2303959,0.6814173,0,0,0,0.6147946,0,0,0.277015,0.6390074,0,0.1186497,0,0,0.5843059,0.3256759,0,0.3935758,0,0.6761827,0,0,0,0,0,0.1489022,0.7821497,0,1.102911,0.2577174,0,0,0.2806122,0.1494007,0.04293979,0,0.5029571,0.2932911,0.2178687,0.07468627,0,0,0,0.4882908,0.1324746,0,0.5003419,0,0.3231724,0,0,0.08085839,0,0,0,0,0,2.436715,0,0,0,0,0,0.339728,0.3089293,0,0,0,0.167717,1.035273,0.1819771,0,0.3133176,0.2507407,0.9539335,0.3653879,1.374134,0,0,0.6509323,0.04840733,0,0.1855512,0,0.3246635,0,0,0,0.7592215,0.2595492,0,0.5619748,0.172428,0,0,0.06450105,0.8577443,0,1.08007,0,0.1711819,0,0.4852922,0,0,0.4049633,0.2648224,0,0.07250492,0.6112515,0,0,0,0,0,0.1060358,0,0,0,0.5106793,1.227797,0,0,0.8845692,0,0,0,0,0.3666842,0.2831597,0,0.8152205,0,0.2816174,0.1487034,0.1330188,0.7171596,0,0.7923119,0.2034554,1.015391,0.1277013,0.9354782,0,0,0.2315183,0,0,0,0.2044608,0.0337884,0.03114193,0,0,0,1.133245,0,0,0,0,0,0,0,0.948573,0,0.5836908,0.2667108,0.374969,0,0,0,0.299371,1.047069,0,0.3817706,0,0,
0,0,0.06473295,0.6292981,0,0.4160435,0.1332201,0,0,1.379084,0,0,0.2349109,0.4716612,0.6737018,0.400764,0,0,0,0,0,1.108839,0.2950578,0,0,0.1553267,0.7059925,0.08178154,0,0.4214658,0,0,0.2664937,0.4104339,0.5982655,0.5797952,0.6103721,0,0.6253461,0,0,0,0.06326756,2.335029,0.07799577,0,0.8020748,0,0,0.6272213,0,0.6209525,1.194347,0,0.3043309,0,0.1586122,0,0.08678826,0.06778415,0.980784,0,0,0.249485,0.7865077,0,0,0,0,1.320574,0.8202519,0,0,0,0.5172024,0.1441782,0.9191599,2.36689,0,0.07290977,0.9368727,1.130193,0,0.2878213,0,0.2358885,0.5638658,1.047647,0.2255474,0,0,0,0,1.488515,0.7687923,0.5363138,0,0.06725407,0.05850578,0.3827385,0,0,0,0,0.366249,0,0.4780155,0,0,0,0.2837433,0.1741051,0,1.021345,0.002358968,0,0.3599568,0,0,0,0,1.412282,0,0,0,0,0.6372778,0.4206771,0.8327413,0,0,0.1017353,1.130327,0.07427946,0.4462492,1.347964,0,0,0,0,0,1.180912,0.8955823,0,0,0.3131132,0.6711336,0,1.19811,0.02970152,0.3225242,1.089583,0,0,0,0.5780171,0.8895352,0.2914508,0.1513933,1.292581,0,0.2837524,0,0.5278046,0.1942095,0.3301774,0.08096419,0,0.6237677,0.6364408,0,0,0.5249577,0.2359746,0,2.370361,0,0.503127,0,0,0.3855863,0.5009508,0,0,0.6250055,0.6864518,0.8216621,0,0,0,0.8978955,1.040461,0.1984321,0.7582175,0,0.3799844,0.07035478,0.6399952,0.303222,0.2106578,0,0.4511582,0.8399069,0,0,0.7664255,0,0,1.307054,0,0,0,0,0.573658,0.8831572,0,0.1108903,0.2210907,0,0.5319585,2.401842,0.4272967,0,0.7079003,0.1666825,0.2228133,0.3351085,0,0,0,0,0.6031419,0.2202611,0,0.7173696,1.889551,0.257958,0,0,0.5618892,2.153668,0.1687047,0,1.109602,0.5169866,0,0,0,0.02611322,0.7238472,0.4423689,0,0,0.77149,0.9564301,0,1.260983,0,0,0,0.3904774,0,0,0,0.1048057,0.2163056,0,0.5622559,0.3939005,0.3747733,0.9790166,0.9318197,1.917598,0.6955048,0,0,0,0,0,0,0.8695543,0.4317068,0.8291569,0.6742409,0,0,0.255703,0,0,0.6116479,0,0,0.4600457,0,0.1394655,0.2152087,0,0.5159554,0,0,0,0,0,0.1455468,0.2008007,1.001161,0,0,1.321951,1.002322,0,0.388721,0,0.2883676,0.5427994,0,0.1867523,0.2478662,0,0.04201291,0,0.1784686,0,0.3808455,0,0,0,0,0,1.231393,0.2444947,0,0.5926844,0,0,1.322501,0.643476,0.4764902,0.182828,0,0.327059,0.01847493,0.3417905,0,0.2017016,0.4288578,0,0,0.3925701,0,0,0,0,0.740248,0,0.8246111,0.8831162,1.410552,0.129758,0,0.3047819,1.275125,1.202321,0,0.4941492,1.07766,0,0.6631054,0,0.3584709,0,0.7696288,0,0.4982507,0.1045252,0,0,0.5403745,0.3411205,0.4937416,0,0,0,0.473873,1.194524,0,0,0.01595764,0.8330931,0.9370673,0.6326579,0.8287064,0,0,0.3673683,1.503774,0.5773357,0.5234315,0,0,0.2182519,0.7086767,1.119017,0,0,0.3859759,0,0,0,0.3002717,0.4177409,0,0.5180745,0,0.3947979,0.337263,0,0.1186908,1.266162,0,0,0,0,0.6149502,0,0,1.02459,0,0,0,0.009438747,1.83902,0,0.8897852,0,0,0.02339527,0.1086819,0,0,0.4999956,0,0.05887979,0.8464512,0.4650309,0,0.3990102,0.4190256,0,1.102019,0.1456704,0.8867581,0.1996889,0.1753085,0.3105198,0,0,0.5380146,0.2978715,0,0,0,0.03890115,0.3310771,0,0.007219282,0.4137842,0.8975593,0.3281988,1.760723,1.697435,0,0,0,0.1568863,0,0.09367271,0,0,0,1.18863,0,0,0,1.300369,2.085308,0,1.795215,0.529767,0,0,0,0,0,0,0.3857895,0.9786559,0,0,0,0.1882321,0,0,0.002280219,0,0,0,0,0,0.8562489,0,0.154576,0,0,0,0,0.9894525,0,0.7692494,0,0.7657745,0.4713033,0,0,0.4235173,0,0,0,0.1831692,0,1.34855,0,0.4224298,0,0,0.348811,0,0,1.052653,0,0.6595653,0.7786679,0.9411865,0.2024463,0.08179294,0.5942368,0,0.3947912,0,0,0,0,0.7857167,0,0.3326439,0.01383371,0.04682936,0,0,0,0,0.9823266,0.590725,0,0,0.1935637,0,0,0,0.03224791,
0.232782,0,0,0,0.7624553,0,0.470345,0.3535841,0,0.03451405,1.068415,0,0.1106213,0,0,0,0,1.803181,1.749392,1.455773,1.52133,1.604656,0.7933002,0.9519194,0.1961181,0,0.3628499,0,0,0.5369121,0,0,0,0,0.06989539,0.6204725,1.375981,0.4840627,1.02154,2.197704,0,0,0.1576964,0,0.7903302,1.103658,0,0,0,0.2968379,1.634324,0.3301908,0,0,2.232586,1.199855,0.5193438,0,0.4891948,0.09154681,0.3696912,0,0.5244961,0.3998905,0.2274112,0,0.07457852,0,0,0,0,0.4864545,0.3476851,0.2185987,0,0.1168031,0,0,0.7090181,0,0,0,1.235873,0,0.03715473,0.4446828,0.6867624,0.436726,0.9489747,0.7784408,0.7810549,0,0,0.0413001,0.06450284,0,0,1.180067,0.4107533,0.3786663,0,0.2323358,0.8415373,0,0,0.7402152,0.08609789,0.09655391,1.461626,1.329795,0,0,0,0.1508521,0.4743259,0.5465785,0.5541206,0.06922926,0.5314254,0.6657316,0,0,0.7813686,0.7964377,0.9472912,0,0.3340004,0,0,0.3310972,0.1719333,0.2798645,1.371053,0,0,0,0.4881322,0,0,0,0,0.2336301,0.09403045,0.4424782,0,0,0.1335155,0,0,0.1718863,0.005521693,0,0.2293518,0.4234456,0,0.504739,0.8764433,0.8471047,0.9251861,0.2611353,0.7382689,0,0.366615,0.6603779,0.1536659,0.5879008,0.4501331,0,0.1660071,0,0.3264626,0,0,0,0.3229414,0,0,0.5377107,0.1229519,0,0.9663049,0,1.524998,0.5446379,0.3244555,0.8494861,0,0.2594235,0,0,0,0,0,0,0,0,0,0.1882648,0,0.4233335,1.181621,0,0,0,0,0,0,0.1334315,1.287493,0.4515567,0.2067216,0.2744522,0,0.3681134,0,0,0.9474589,0.259811,1.36737,0,0,0,0,0,0,0.7799552,0,0,0.8815311,0.8856717,1.299703,0.8385173,0.3964817,0.7553767,0,0,0.6260127,0,0.6987175,1.095918,0,0.5159815,0,0.2236664,0.3032975,0.3751894,0.6329186,0,0.02989983,0,0.7392725,0,0,0.158562,0,0,0.05573276,0.7726126,0,0,0.6541075,0,0.03949201,0,0.2282363,0.7326573,0,0.5013669,0,0.3292569,0.8178946,0.4121416,0.3623654,1.064691,0.5721155,0,0,0.9025064,0,0.2004371,0.5001214,1.173695,0,0,0.09855105,0,0.4435107,1.263356,0,0,0.08840126,0,0,0.8421573,0,0,1.01338,0,0.1646161,0,0,0,0,0.1498159,0.1666367,0.6433728,0,0.6251047,0,0.9369913,0,0,0.2218605,1.055732,0.860328,0.02256488,0.6504202,0,0.1395471,0,0.3417135,0,1.296976,0,0,0.22613,0.3836103,0,0,0,0.4824291,0,0,0,0,0.7273713,0,0.1201909,0.07208545,0.763919,0,0.3763452,0,0,0.7664759,0.667703,0,0.2832933,0,0,0,0,0.1414573,0.3031456,0,0,0,0,0.1621483,1.162935,0,0,0,0,0.3106707,0,0,0,0,1.146295,0,0.05307686,0,0,0.06250768,0,0.9161086,0.9659712,0.6759374,0,0.7730796,0.6141853,0.8628013,0,0.4800577,0,0,0,0.2690145,0,0,0,2.164854,0.144799,0.8483834,0,0.6469002,0,0,0.3672292,0.8843876,0,0,0.8074184,0,0.7241714,0.8271571,0,0.8261739,0,0,0,0,0.3070149,0,1.242355,1.380325,0.5215459,0.102701,0,0,0.5357907,0,0.614588,0,0.395867,0.4541047,0.4256445,0,0,0,0.09341937,1.023211,0.111381,0,0.03634349,1.045911,0,0.8378429,0.6222271,0.3240752,0.4248691,0,0,0,0,0,0,0.2341376,0.3444229,0,0.7707538,0,0,0,0.8020273,0.2719938,0,0,1.35345,1.270037,0.8961923,0,0,0,0.6510853,0,0,0.04362474,0,0,0,0.3111118,0,0.2174718,0,0,0.9215999,0.5413827,0,0,0.772456,0.2579418,0,0.3427386,0,0,0.2127113,0.2088753,0.002289927,0,0.0883669,0.4517246,1.617548,0,0,0.5482788,0,0,0.1417102,0.7248162,0,0,0,0,0,0,0.6229682,0,0,0,0,0.8371302,0.1636237,0.164726,0,0.6294215,0.2107104,0.3166444,0.6065076,0.737895,0,0,0,0,0,0.1924363,0,0.03129059,0,0.2006299,0.1903664,0,0.3994221,0,0.7602856,1.152881,0.2201988,2.271513,0,0,0.71289,0,0.8183256,0,0,0,1.659648,0.4718824,0,0,0,0,0,0,0,0,0,0.8445617,0,0,2.874453,0.3427735,0.2558857,0.9203072,1.472803,0.4775349,0,0.3804226,0.2123998,
0,0.2265495,0.776168,0,0,0,0.4724253,0,0.04821623,0,0,0.3668218,0,0.4493372,0.1528849,0.1385167,0,0,0,0,0.3301663,0.3680244,0,0.2594582,0,1.471102,0,1.085664,0,0,0,0,0,0,0.01010865,0.6158835,0,0.4147919,0,0,0,0,0,0,1.302196,0,0.002435406,0,0.1848125,0,0,0,0,0.3160321,1.808684,0,1.981473,0,0.1119379,0,1.537332,0,0,0,0,1.081788,0,0.2634538,0.1694264,0,0.3049339,0,0,0.6628677,0.6111296,1.523831,0,0,1.524424,0.3959314,0,0.8647725,0,0,0,0,0.3877799,0.06678767,0,0.05640187,0.3166584,0,0.4405562,0.1481141,0,0.4670816,0,1.227923,0,0.3686684,0,0.3876189,0,0,0.4926057,1.077664,0.9253156,0,0,0.4933379,0,0,0,0.3851494,1.345656,0.2054065,0.3292208,0,0,0,0,0.02568858,0,0,0,0,0.8168725,0.7863097,0.2468877,0.8379714,0,0.02135478,0.7059346,0.2022124,0.05166885,0.2543102,0.4802463,0.2237293,0.7147732,0,0.07040443,0.3365918,0.8330696,0,0,0.3658568,0.08765572,0,0.4543349,0.3102801,0,0,0.8623227,1.35304,0,0.5315275,0.1160285,0,0,0,0.02319804,0.5532079,0,0.1744892,0.022609,0.5358989,0.2703561,0,0.5016181,0,1.760746,0,0,0,0,0.1117508,0,0,0,0,0,0.2533881,0,0.5845003,0,0.7798176,0.04800649,0,0,0,0.9299298,1.273927,0.3914503,1.112417,0.374523,0,0,0,0,0.2113664,0,0.6704236,1.631269,0.8145541,0,0.8641806,0.1091714,0,0,0,0,1.280013,0.1441721,1.537717,0,0,0.4480225,0.3254688,0.3929915,0,0.9272198,0,1.368456,0.610095,2.273322,0,0,0.224709,0,0,0,0.807414,0,0.9645311,0,0,0,1.108709,0.3314989,0,0,0,0,0.09399904,1.369552,0.8156794,0.6725417,0,0.3845936,0,0.09045484,0,0.3809198,0,0.1055225,0.2469336,0.9422106,0.2865449,0,0,0,0.3279177,0,0.2028102,0,0,0,0,0,0.7327087,0,0,0.4397928,0.08641846,0.3716293,0,0,1.056414,0,0.05692405,0,0.2300457,0.3828007,0.2661828,0.2498807,0,0.02497629,0.04457597,0.3613787,0.1497816,0.2037844,0,0.3119622,0,0.231182,0,0,0.4282648,0,0,0,0.3782016,0,0,0.2490113,0,0.3914761,0.6029037,0,0,0,0.3121258,0,0.6403642,0.03535492,0,0.1772184,0,0,0,0,0.7494644,0,0.2635862,0.1160841,0.2169446,0,0,0,1.221021,0,0.06961996,0,0.3349933,0.02869526,0.1255895,0,0.2006401,0.7147463,0,0,0,0.07338641,0.2324058,0,0,0,1.352983,1.035335,0.2858716,0.09930582,0,0.5647752,0.5651695,0.6704412,0,0,0,0,0.6542644,0,0,0,0.8688503,0.7891165,1.468133,0.7501642,0,0.4617874,0,0.5664657,1.201846,0.4588581,0.1243679,1.016958,1.565281,0.3578665,0.7803293,1.325833,0,0,0,0,0.6862887,0,0.2630661,0,1.296412,0.3855462,0.3974946,0.1811596,0.4496529,0,1.251385,0.6622707,0,0.07627258,0,0.7586899,0,0.2387955,0,0,1.468522,0,0.7099702,0.2252288,0.172394,0.3905491,0.4854734,0,0,0.3157371,0,0,0,0.3837956,0.2096564,0.04311277,0,0,0.7794415,0,0.215997,0.5458533,0.4500531,0,1.098715,0.04576171,0,0,0,0,0.3902452,0.02535157,0,0,0.3437425,0.9622101,0,0.3534128,0,1.694442,0,0,0,1.426554,1.609134,0.3454185,0.7572788,0.2560605,0,0.1234166,0,0,1.306494,0.3006801,0,0,0.1525939,0.5164981,0.1329867,0.2964308,0.7670248,1.48529,0.7703674,0,0.1837777,0.7073801,0,0.3912845,0,0.1501029,2.604539,1.423963,0,2.041234,1.035269,0,0.3292981,0,0.5211407,0,0,0,0,0.6462325,0.4412675,0,0.09307649,0.4883009,0.06936475,0,0.1334556,0,0,0,1.010599,0.3346136,2.049919,0.05907074,0,0,0.9115477,0.5690309,0,1.155149,0.5402223,0.448143,0.313862,0,0.456113,1.346605,0,0,0.9238783,0.2616841,0.225763,0,0,0,1.75264,0,0.8451836,0,0,0,0.3726685,0.3090327,0.5393225,0,0,2.146561,0.3398277,0,0.589198,0.4711484,0,0,0,0,0,0,0,0.8115484,1.298233,0.6814122,0,0.6300436,0.4569172,0.4206781,0,0,1.154186,0,0.5782443,0,0,0.9065377,0,0,0,0.1458241,0,0,0.4235641,0,0.7317425,0,0,
0,0.1624036,0,0,0,0,0,0,2.368338,0,0,0.4191795,0.6653638,0,0,0,0.110213,0.6083919,0,0,0.3929073,0.8132721,0,0,0,0,0.04591049,0.08804095,0.6398854,0,0.5421309,0,0.3134483,0.758788,0.07920634,0,0.7660968,0,0,0,1.677793,0,0.7381101,0,1.456582,0.5031978,0,0,0,0.4259412,0.6179541,0,0,0.2099038,0.6437738,0,0,0.1639479,0.4589827,0.2943468,1.204438,1.641471,0,0.4510784,0.796625,1.136905,0,0.357637,1.236799,0.2647541,0,0,0,0,0,0,0,0,0,0,0,0,0,0,0,0.2005273,0,0,0,0,0,0.5138263,0,1.03959,0,0.3331471,0,0.6254268,0.06980926,1.089061,0.2570911,0,0.2278906,0,0.8020092,0.8369433,0.3805718,0.6540492,0,0.3737717,0.09806018,0,0.09918237,0,0.4212098,0,0,0,0.1806069,1.13811,0.562867,0.05002203,0,0,0.9100857,0.2248654,0,0,0.9167981,1.112402,0,0.1173276,0,0.1120436,0,1.80145,0,0.1739759,0.1131181,0,0.1941412,0.1774745,0.9782076,0.1452947,0.5752928,0.2616749,0.395068,0.1224301,0.02666859,1.382866,0,0,0,0,0,0,0,0.03981656,0.5083562,0,0,0,0.5629622,0.9902787,0,0.5592219,0,1.511217,0,0,0,0.1048021,0,0,0.4008639,0,0,0.6570248,0,0.2608603,1.11603,0,1.762367,0.7654601,0,0.8110684,0.8836581,0.4905838,1.090477,0,0.01765807,0,0.06134317,0,0.5412639,0.6907811,0,0.08887822,0.7727715,0,0.7062185,0.2053467,0.2942067,0,0,0,0.5357646,0.2039902,0.7293624,0.512493,0.6432099,0,0.7916458,1.644724,0,0,0,0,0,0,0,0.02332858,1.559998,0.2949657,0,0.3947238,0,0.03543021,0,0,1.117625,0,0.04137284,0,0.6295494,1.592138,0,0,0,0,0.3014502,0.05697465,0.2046239,0,0.2615413,0.453547,0.9197848,0,1.116216,0,0,0,0,0.6369587,0.3563412,1.500357,0,0.0808783,0.6536372,0.2371954,1.577334,1.27575,0,0.4758722,0.7881219,0.449128,0,0,0.1603034,0,0,0,0,0.4559133,0.2228112,0.9027461,0.6609047,0,1.275712,1.220192,0,0.4303071,2.00149,0.7622097,0,1.734989,1.545423,0,0,0,0,0.572183,0.04858197,0,0.04368838,0.6426312,0,1.222147,0,0,0,0.2260323,0.02181238,0,0.3830142,0,1.139455,0,0.4442773,0.1528827,0,0,0.2318277,0.2260779,0,0,1.32988,0.6324416,0.7865649,0.3495459,0,0.3939035,0.3538207,1.291964,0.3588664,0,0,0.4165567,0,0.5970277,0,0.3218749,0.2813364,0,0.7161738,0,0,0.1557164,1.572804,0.3101722,0,0.5098759,0,0,0,0.1481233,0,0,1.254825,0,0,0.1742519,0,0,0.511948,0.774617,0.9396423,0,0.5910262,0,0,0.3211279,0,0.2799376,0.929597,0,0,0,0,1.149119,0,0,0,0.3620918,0,0.8598613,0,0.7365216,0,0.4101755,0,0,0,1.696982,0,1.349465,0.3995726,0,0.04627437,0.382244,0.2731721,0.1441993,0.5460463,0.4921561,0.3861036,0,0.05607108,0.4917699,0,0,0,0,0,0,0.5961016,0.6384329,0,0,0.3609071,0,0,0,0,0,0.1824219,0.2130758,0.2939318,0.164061,0,0.1563121,0,0.780083,0,0,0,0,0.6102456,0,0,0,0,0,1.168928,0.324208,0.5627974,0,1.423595,0,0.03063274,0,0,0,0,1.263046,0,0,0.5596179,0.9736088,0.8404242,0.1450933,0,0.1307967,0.8837433,0,0,0.2192179,0,0,0.5913626,0.6707968,1.019264,0,0,0,0,0,0,0,0.3521931,0,0.2802035,0,0,0,0.8631263,0.5215501,0.04843995,0,0.1241471,0.7003002,0,0.3474212,0.9094943,0,0.3045496,0,0.051154,0,0,0.1686734,0,0.4174575,0,0.9901437,0.2439474,0.6520591,0.4932283,0.1576072,0.3371614,0.2821942,0,0.6818442,0.1578706,1.23945,0,0.07887623,0,1.135667,0,0.03391549,0,0.5454016,1.012856,0.9696869,0,1.177412,0,0.7540775,0,0,0.6019714,0,0,0.01093135,0,0.3149629,1.077776,0.3235224,0,0.7821906,1.135962,0,0,0.3053319,0.9107642,0,0,0.4176753,0,0,0.3948398,1.736993,0,0.3086759,0,0.3008177,0,0,0,0.4858351,0.701753,0,0,0.4000715,0,1.143611,0.176696,0.8919812,0,0,0,0,1.019434,0,0,0,0,0,1.46135,0,
0,1.038586,0.4700005,0.1334863,0.05118429,0.6228455,0,0.4159916,0,0.5573092,0,0,0.4493431,0,1.297041,1.060709,0,0,0.1100959,0.4218996,0,0.4192537,0,0,0.0873952,0,0,0,0.6439788,0,0,0,0.4841968,0.1440913,0.4933591,0,0.8196173,0,0,1.03942,0.4085267,0,3.778867,0.9981242,0.04084634,0,0,0.4357752,0,0,0,0.7913443,0,0.9985814,0,2.018948,0.3413716,0.4341503,0,1.100776,0.5328091,0.7377151,1.157336,0,0.1391485,0,0.2220943,0.4350575,0,0,0,0.5507547,0,2.459677,0.9782746,0,0.3247366,0,0,0.467485,1.8001,0.435977,0,0,0.7685335,0,0,0,0.4979264,0.8530829,0,0,0,0.1234938,0,0.1768441,0.4956314,0.414809,0,0,0,0.01705194,0,0,0,0.3928214,1.521293,0.6859208,1.143131,0,0,0,0,0.09529057,0,0.2379822,0.1568903,0.8970186,0,0.5961061,0.177698,0.7849263,0,0.4556951,0,0.1118473,0,0.1551963,0,0.4913141,0.4709197,0,0,0,0,0.2603975,0.5779716,0.9054677,0.3283413,0.6569304,0,0.6829416,0,0,0.7431102,0.1619132,0,0.5140206,0,0.3822649,0.0208422,0,0,0.5356268,0,0,0.6481549,0.05308553,0.5029722,0.04357098,0.1140826,0,0.7061672,0,0,0.006047246,0.422618,0,0,1.017082,0.5086832,0,0.03787809,0,1.564641,0,0,0.3329301,0,0,0.5610282,0,0.3830834,0,0,0,0.4490374,1.511453,0,0,0.08928076,0.1868587,0,0.6817193,0,0.8998901,0,0,0.004675183,0,0.8825673,0.3671349,0,0.9257336,0.3516652,0.3834503,0,0,0,1.294764,0.3950753,0,0,0.2096687,0,0.5562344,0.8389468,2.292804,0.9888167,2.238713,0,0,0,0,0,0.7955038,0.651716,0,0.5648175,0.6918501,0,0.4062463,0.345302,0,0.1287104,0.3052825,0.2650976,0,0.2380472,0,1.309222,0.4378557,0.02035182,0,1.405377,0,0.3271835,0,0.2407123,0,0,0,0,0,0.6945308,0,0,0,0,0.4128432,0,0,0.6873658,0.06823741,0.2908955,0,0.8112155,0.7436512,0,0,0,0,0,0.3293921,0.05830932,0,0,0,0,0.2439657,0.762252,0,0,0.645571,0.438367,0,0.6218615,0.5447305,0.447832,0.7354611,0,0,1.032207,0.03741081,0.5651873,0,0,0.151771,0,0,0,0,0,0,0.1737291,0,0.4257116,0.697592,0.1000728,0.7354523,0.1139159,0,0,0,0,0.2179123,0.530229,0,0,0.1334972,0,1.232713,0,0.3951523,0.227228,0,0.5112008,0,0.0473797,0,0.2132574,0,0,0.3046991,0.6663266,0,0,0.48221,0,0.5932288,0,0,0.1828968,0,0.01140404,0,0.01818991,0,0,0,0.7006041,0.1018436,0.03735506,0,0,0,0.6214352,0,0.6962483,0,1.470236,0.5399184,0,0.9879122,0.3883233,0,0,0.1349745,0,0.4217588,0,0.5630442,0,0,0.1622267,0.4139493,0,0,0,0.7644101,0.5092703,0,0,0,0,0.6652574,1.230183,0,0.3581744,0,0.1242665,0,0,0,0,0.3562193,0,0.08702631,0.02613167,0.2860645,0.3519792,0,0.1599076,0.2867953,0,0.674859,0,0,0.4881364,0,0,0.08890737,0.107466,0,0.2224646,0.7392967,0.9600751,0.4707748,0.7009439,1.877071,0,1.44891,0,0,0,0,0.9403812,0.4562123,0,0,0.731029,0,0.7144347,0.6020843,0.8117969,0.9397675,0.08318473,0,0,0,0.4119553,0,0.8904672,0,0,0.2055991,0,1.185941,0.1243155,0,0.09795746,0.8358575,0.3579225,2.237748,0,0.2903744,0,0,0,0,0,0.2119212,0,0.889716,0.9146253,0,0,0,0.8134623,1.084423,0,0,0.3519778,0,0,0,0.2261521,0,0,0,0,0.6122701,0.4099971,0,0.9031847,0,0,0.2938212,0.15597,0.5895162,0.7074625,0.9281875,0.8774716,1.138808,0.3674386,0.5443572,0,0,0,0.6229804,0,0,0,0.1361882,0.02351834,0.0984,0,0,0.8874912,0.05445658,0,0,1.022965,0.3624151,1.813019,2.096941,0,0,1.505888,0,0,0,0,0,1.08945,0,0.7672741,0.2745085,0,0.07230142,0.5416164,1.178249,0,0,0.4487441,0.5716977,0.3868147,0.04678948,0.588608,0.968127,0,0,0,1.684994,0.5083926,0,0,0.5788303,0,1.020061,0.07363355,0,0.9543253,0.3338206,1.318276,0,0,0,0,0.2764467,0,0,0.2584445,1.106683,0.8788023,0,0,0,0,1.165181,
0,1.464757,0.6512318,0.7842998,0,0,0.5923474,0.3092974,0,0,0,0.5932345,0.03153101,0.6209421,0.498884,0.4916182,0,0.3264278,0,0.3403481,0.4251022,0.05926013,0.2665236,0.3082438,0,0.1924619,0,0,0,1.021214,0,0,0,0,0.5546066,0,0,0,0,0.538834,0,0,0,1.095838,1.006128,1.156501,0,1.134924,0,0.9219842,0.2144364,0,1.990786,0,0,0.4481786,0,2.82616,0.4506834,0.9696687,0.1391974,0.7965817,0.2921194,0,0,0,0,0.7671403,0.8950319,0.06655191,0,0.0106271,0,0,0,0,0.3104704,0,0,0.2153281,1.883187,0,0,0.6108932,0,0,0.1284007,0,0.4463412,0,0.3247927,0.7031844,0.5841082,0.3132171,0,0,0.9645452,0,1.051216,0,0,0.1606488,0,0.8588088,0,0.3355286,0.3550762,0,0,0.3246299,0,0.1156983,0.6605899,0.2271847,0.4254436,0.445645,0,0.779187,0,0.4330108,0,0,0,0.1192881,0,1.196795,0.1207129,0.720163,0,0.7822133,0,1.045811,0.9658079,0,0.2925432,0,0,0,0,1.170822,0,0.285617,0.3855593,0.3740961,0.6289835,0,0.4891979,0.9567887,0,0.2431172,0.3222513,1.30756,0,0,0.5585176,2.107712,0,0.1652526,1.273422,0.9322277,0,0.6096389,1.180719,0,0.6035803,0.7292532,0,0,0.7695885,0,0.04707294,0,0,0.9599619,0,0,0.2742141,0.04184404,0,1.066039,0.1492535,0.5557536,0,0.6407181,1.221256,0.7628556,0,0.5872227,0,0,0.4504716,0,1.146914,0.3915515,0.4167597,1.823175,0,0,0,0,0,0.9316671,0.7932971,0.4778615,0,0.1891498,0.2802157,0,0,0,0,0,0.371626,0,0.1906529,0.5132465,1.774413,0.7035182,0.6120285,0,0,0.6289402,0.25375,0,0,0,0.2290796,0.8234746,1.302332,1.091202,0,0,1.278625,0,0,1.419607,0,0,0,0.5914329,0.6432435,0,0.4974965,0.8271795,0,0,0,1.343811,0,0.4745578,0,0.7427158,0,0.4223481,0,0.4779392,0,0,0,2.248444,0,0,0,0.2722547,0,0,0.4178545,0.2808714,0.2030259,1.286736,0,0,0,0.3946219,0,0,0,0,0,0,0,0,0.2830174,0,1.23901,0.6347186,0.4212972,0.24448,0,0.5576451,0.03492594,0.02854211,0,0.917924,0,0,0,0.1794594,0.01302231,0,0.2950421,0.06074855,0.06161911,1.75801,0,0.6168805,0,0.2342268,0.3250817,0.002323549,0,1.209647,1.295198,0,0,0.5534623,0.377082,0.4532014,0,0.3743517,1.050468,0.7325974,0,1.372318,1.665763,0.3756525,0,0,0.3056853,0,0,0.8126794,0.4401369,0.9384667,0,0.002059769,0,0.1680999,0.6658068,0.2758556,0,0,0.0380952,0.08420705,0.3412128,0.4319362,0.008197643,0,0,0,0,0.267142,0,0,0.05211668,0.4383664,0.4962367,0,0.1167622,0,0,0,0,0.08850482,0.2866794,0.8156521,0,0,0,0.3721675,0,0,0.5939086,0.2293557,0,1.336301,0.6149476,0,0.8148805,0,0,0.3518703,0,0,0,1.586627,0,0,0.229151,0.2433335,1.551228,0.7443138,0,0,1.85607,0.2487675,1.108198,0,0.361665,0,0,0,0,0,0,0.2221816,0,0.802546,0,0.1969862,0,0.2870327,0,0,0.5883605,0,0.6163108,0.6554621,0,0.002349316,0,0.709296,0,0,0.3048309,0.2229079,0,0.62558,0.04804718,0.2428774,0.6804279,0.03387688,0,0.3195291,0,0,0.01981352,0,0,0.5360327,0,0.199717,0,0,0,0.7224202,0.4696532,0,0,0.9475796,0,0,0,0,0.5590903,0,0.003061061,0,0.6028253,0,0,0,0,0.7380689,0.1912482,0.4745462,0.08410173,0.09730396,0.03914794,0,0,0,0.488568,0.592413,0,0.08585837,0.002480528,0,0.1856924,0,0,0.007937232,0.1130632,0,0,0,0,1.348025,0,0,0.3521948,0.1482922,0,0.8462908,0.1879248,0,1.057809,0,0,0,0,0.6577699,1.133199,0,0.2143669,0,0.5414243,1.504778,0.4127102,0.1840309,0,0,0,0.7526246,0.6174721,0.6860435,0,0,0,0,0.09401917,0.4782546,0.5783248,0,0,0,0.6220855,0,0,0.8192119,0.5816674,0,0.1658145,0.5402719,0,0,0.08423085,0.2769949,0,0.4646667,0,0.893669,0,0.1605856,0,0,0,0.1968428,0,1.6308,0,0.5788681,0,0,0.07571245,0,0.6840362,0,0,0,1.506953,0.4112152,0,0.05267622,0,0.2780474,0,0.4821435,0,0.3270996,
0,0,0,0,0,0.6472192,1.241755,0.1457645,0.701251,0,0.3825807,0,0,1.094688,0.07292169,0.3352911,0.4565606,0,0,0.0198686,0,0,0,0.4187555,0.4518597,0.7065957,0,0.1338012,0,0,0,0,0,0,0,0.4080078,0,1.62885,0.1064398,0,0.2620938,0.144656,0.7784227,0,1.830476,0,0,0.01698007,2.136484,0,0,0.5724644,0,0,0.5610615,0.8027904,0,1.654845,0.49976,0.1865613,0,0.2971307,0.883442,0.6005367,0,0,1.265715,1.344842,0,0.6839436,0.3499704,0.6509191,0,0,0.05978687,1.203388,0.3838116,0.1781671,0.2205222,0.5582755,1.969081,0.1528127,0.7381741,0.2042022,0.08226323,0,1.396546,0,0.643105,0.2872851,0,0,0.07265512,0.009285923,0.491769,1.407047,0.06222531,0,0,0.1977773,0,0,0.715914,0,0.4548953,0,0.171936,0.2863237,0.5092468,0.4072653,0,0,1.554504,0.4539725,0.1426892,0,0,0,0,0,0,0.6047192,0,0.8347278,0.2395897,0,0,0,0.1412441,0,0.619953,0.3050925,0,0.4976618,0,0,0.4215929,0,0,0.3887494,0.1620855,0.3943583,0.4750949,0,0,1.232014,0,0,1.485521,0,1.001941,0,0.3356917,0,0,1.12416,0,0.7007053,0,0,0,0,1.931373,0.07747219,1.130724,0,0,0,0,0.2452357,0,0.8287494,1.225676,0.5355893,0,0,0,0.1919743,0,0.5210181,0,0,0,0,0,0.502211,0,0.5744531,0.1201289,0.8205085,1.709646,0.2353509,0.2678618,0,0.4486053,0.7083353,0,0.1119302,0,0,1.305368,0,1.438525,0,0,0.4701168,0,0.2451519,0,1.050696,0,0,0.4751342,0,0.7448776,0,1.130445,0,0,0.5417271,0.05932684,0,0,0,0,0.7912447,1.17175,0,0,0,0,0,1.570026,1.010382,0,0.7349208,0,1.339644,0,0,0.6480383,1.960654,0,0,0.6512685,1.266925,0,0.891056,0,0.0565277,0,0,0,0,0.06253765,0.3736842,0.1337735,0,0,0.5183184,0.2221004,0.9226295,0,0.3843688,0,1.708525,0,1.232763,1.142631,0,0.4513739,0.2166852,0.5966266,0,0.8097834,0.01670581,0,0.05431436,0,0,0,0,0,0.3093324,0.9309724,0,0.5414202,2.011796,0.2933935,0.4357598,0,0,0,0,0,0.08732082,0,0.4172953,1.282502,0,0.9357027,0,1.269842,0.6267014,0,0,0,0,0.2285486,0,0,0.3106068,0,0,0,1.203139,0.01609682,0.04694747,0,0.1715791,0.1932648,0.4433855,0,0.7254674,0,0.5812814,0.691408,0,0.2314118,0,0.7821684,0.1710018,0,0.8169518,0.4789725,0.4343766,0,1.022756,0,0.3084244,0,0.9558934,0.181674,1.296347,0,0,0.1172957,0.4378913,0,0.1340991,1.570453,0,0.5233717,0,0.540029,0.00252015,0.01450204,0,0,0,0.2562186,0,0,1.42274,0,0.7329975,0,0.6032811,0.3624729,0,0,0.5287216,0.03589938,0,0.76242,0,0.7720683,0,0,0,0,0,0.3301312,0,0,0,0.303425,0,0.1433679,0,0.1450907,0.0453714,0,0,0,0.8728883,0,0,0.3635301,0,0.4123792,0.7170498,1.037478,0.1202599,0.8227243,0,0.3938065,0.6385634,1.173964,0,1.12484,0,0,0.002268632,0,0,0.4753524,0.9906141,0.7224533,0,0.1072331,1.202126,1.161765,0.4468916,0.7861932,0.00375256,0,0.643859,0,0,0.4829908,0,0,0.1319897,0.5392187,0,0,1.16581,0,0.3679292,0.3252603,0.5521839,0.2011468,0.3820652,0,0,0,0,0.7216902,0.1692447,0,0.6333476,1.750483,0.3084806,0,0.1078412,0,0.005353836,0,0.02788291,0.1866408,0,0.7015414,0.9410315,0,0,0.01136681,0,0,0,0.6107082,0.8074518,0.9259552,0,0.329369,0,1.128763,0,0,0.02984526,0.3845734,0,0,0.1604187,0,0,0.2741814,0,0.512183,2.078562,0.2825773,0,0.9402,0.3784843,0.2110054,0,0.2248117,0.01018341,0,0.9302348,0.2899988,0,0.3113614,0,0.3301793,0,0,0.002357224,0,0.5146786,0,0.4391206,0,0,0.1136118,0,0,0,0.8649551,0,0.7913262,0.1827492,0,0.7790034,0,0.622567,0,0,0.1271231,0.1434554,0,0,0,0.9119612,0,0.3912466,0.7238233,0,0,0.6292258,0.8873311,0.3732644,0.7337652,0.01736616,0.3709554,0.751919,0,0.4378994,0.6852267,0.07227032,0,0,0,0,1.099444,0.554144,0,0,0.8769739,0.439225,0,0,0,0.8665596,0.999781,0,0,0,0,0,
0,0.4035162,0,0,0.3438326,0.389539,0,0,0,0.1794808,0,0.6191376,0,0.09335022,0.4058805,0,1.046072,1.380865,1.68724,0.03106567,0.4657356,0,0,0,0.1893098,0.3672822,0.4204383,0.3058961,0.2559229,0.6710731,0,0.4109984,0.9964699,0.1875128,0,0,0,1.369919,1.490511,0.4914977,0,0.9725403,0,0,0,0.8107977,0,0.08316269,0,0.5409133,0.7142932,0.1003713,0,0,0,0,2.113178,0.7272764,0,0,0,1.034897,0,0,0,0,0,0.01481451,0,0.08722075,0,0.7434068,0.07922989,0.5803451,0,0.1636069,0,0,1.613535,0,0,0,0.3474987,0.07608344,0.1786462,0.7553175,0,0,1.153028,0,0.5037875,0,0,0.230974,1.563132,0,0.1818776,0.004488915,0,0.3038492,0,1.695811,0.378991,0,0,1.008832,0,0,0,0,0.2254737,0,0,0.2751071,0,0,0,0,0,0,0.7212097,0,0.2526724,0,0,0.7341832,0.5775372,0,1.545203,0,0,0,0.53923,0.9091144,0.7349056,0,0,0.2839264,0,1.09051,0,0,0,0.3069326,0,0,0.1425779,1.066999,0,0,0.3121081,0,0.106502,0,0.002265708,0,0,0.5187806,0.08719259,0,0,1.319683,0,0,0.8088539,0.9628481,0.2284657,0.7887056,0,0,0,0.5028695,0.8836183,0,1.504627,0,0,0.1317908,1.491623,0,0,0,0.4397767,0.8642051,0,0.8239892,0,0.1747452,0.9832394,0,0.02395258,0.709867,0,0,0,0,0.858237,0.06996908,0.6593222,0,1.427379,0.7245775,0,0,0,0,0,0.298813,0.1309452,0,0,0,0.1502689,0.1636415,0.8330815,0,0,0,0,0,1.080558,0.1633529,0.3224964,0.0966097,0,0.6538751,0.05396245,0,2.082641,0.2143517,0,0.7006942,0,0,0,0,0,0.04537327,0,0.9596285,0.1114526,1.432047,0.3195031,0,0.5886742,0.7901731,0,0.2058635,0,0,0,0,0.9812618,0.3972899,0,1.267533,1.30879,0,0,0.2680964,0,0,0.7536619,0.8696651,0,1.053516,0.7029921,0.1154009,0,0.8327351,0,0,0.09469808,0.6112775,0.7282501,0.2349588,1.831874,0,0.01025106,0,0,0,0.6901033,0,0,0,0.09408094,0,0.2952972,0,1.155556,0,1.1527,0.9138709,0.3343912,0,1.771909,0,1.817504,0.02863264,0,0.07925874,0,0,0.8754302,0.7849194,0.1969598,0,1.2201,0,0,0.4189159,0,0,0,0,0.05327304,0,0.7385006,0.9581968,0.3480564,0.6466784,0,0,1.691391,1.529598,1.932689,0,0.3174905,0.3649123,1.349678,0,0.2865391,0,0.2457776,0.009046713,0.06686581,0,0.8547441,0,0,0,0,0.7240916,0,0,0.4195236,1.014841,0,0,0,0.6153738,0,0,0.2133474,0.0915784,0,0.3414413,0,0.5841016,0.8785942,0.8476143,0,1.743438,0,0.8575865,0,0.07395063,0,0,0.3249158,0,0,0.5161417,0.143851,0.817836,0,0.4975127,0,1.84646,0,0.103152,0,0,0.5775495,0,0.08575659,0,0,0,0.2224443,0.4180587,0,0,0.8587785,0,0,0.4198878,0,0,0,0,0.03818744,0,0.7944029,0,0,0.3460932,0.4928555,0,1.199551,0,0,0,0,0.8557835,0,0.9357508,0.3107509,0,0.321112,0,1.239005,1.773849,0.7128706,0.5666246,1.124551,0,0.08742967,0,0,0.05061242,0,0,0.141827,1.08834,0,0.6519133,0.9197157,0.6768681,0,0,0.9015546,0.1450092,0,1.494745,0,0.5109637,0,0,1.513605,0.0759565,0,0,0,0,0.1954864,0,0,1.174408,0,0,0,0,0,0,0.9015721,0,0,0,0,0.4361193,0.804138,0.2644748,0.2081234,0.2806817,0,0,0.02437529,0.4254319,0.3628832,0,0,0,0,0.3815373,0,0.1923411,0.05280401,0,0,0.1290775,0.3638087,0,0.2414344,0,0,0.9085465,0.3981276,0,0,0.2297828,0.2306346,0,0,0,0,0,0,0,0.4201283,0,0,1.186691,0.08001965,0,0,0,0,0,0.5402858,0.6711098,0,1.099509,0,0,0.3941594,0,0.7729353,0,0,0,0,0.7312686,0,0,0,0,0,0.6633064,0,0,0.102084,0,0.3874972,0.08569155,0.08922396,0.01929152,0.8815962,0.6945736,0,0.1321953,0.5784853,0.5147705,0.8491751,0,1.084726,0,1.726715,0.008769245,0.533221,0.2974691,0,0.2192988,0,0.833756,0.3209147,0.371255,0,0,
0,0.4288262,0.3407702,0,0.5221325,0.1053101,0,0,0,0,0,0.2153528,0.233026,0,0,0,0,0.3426613,0,0.8768991,0,0.1316542,0,0.8990021,0,0,0.9359344,0.8365834,0,0,0,0,0,0.5931365,0,2.898912,0.975798,0.2851675,0,0,1.994311,0,0.6793002,0,0,0.08394749,0,0.6389854,0,0.7436463,0,2.692235,0,0.710429,1.285413,0,0,0,0,0,1.400143,0.5324672,0.002379229,0.04304661,0,0.34701,1.120755,0,1.636217,0,0,0.6450065,0,0.6738813,0.07756182,0.5294103,0.5517346,0,0,0.06256377,0,0.03718426,0.2278489,0,0,0,0,0.3086601,0,0,0.1172217,0.6839797,0,0,0,0,0.1130637,1.130429,0.6388209,0,0,0.1781999,1.060842,0,0,0.4141989,0,0.8253361,0.3543043,0,0,0.6215256,0.8497788,0.7114482,0,0.1749698,0.9960131,0,0,0,1.054487,0.2840195,0,0,0,0,0.007153518,0.6048787,0,0.4384572,0.8217921,0.1840217,0,0.3270133,0.8561098,0.7073601,0.9446635,0,0,0,0.1757621,0,1.414181,0.9849055,1.821044,0,0,0,0,0.9376699,0,0,0,1.235739,0,0.08134224,0.4725424,0,0.3461846,1.123716,0,0,0,0.2859052,0,0,0,1.07497,1.221658,0.082474,1.051601,0,0,0,0,0.210093,0,0.1447015,0.2830792,0,0,0,0,0,0,1.134065,0.1380233,0,0.6269618,0,1.182412,1.005885,0,1.375134,0.5631078,0.3428334,0.8129027,0,0,0.4047791,0,0,0,0,0,0,1.106829,0,1.339627,0,0.009154557,0.6351565,0.1277527,0,0.01397759,0,0,0,0.3123258,0,0.5368621,0,0,0,0.06084688,0,0,0.2243092,0.3854086,0,0.5407996,0,1.592227,0,0,0,0,0.8312482,0.602152,0,0,0.6241199,0.5070938,0.3856724,0,0,0.7138538,0,0,0.1218859,0.02595636,1.020714,0.2699881,0,1.233423,1.342485,1.087895,1.545081,0.4668761,0.6844939,2.457242,0.6939938,0.6757209,0.3508705,1.021794,0.06206354,0,0.2359201,0,0.3385997,0,0,0,0.8899741,0.4415896,0,0.3707123,0,0,0,1.091561,0.1939217,0,0.5966418,0,1.041782,0,0.4540046,1.112606,0,0,0,0.09189323,0,0.9059954,0,0.1680857,0.2684843,1.099004,0.2423171,0,0,0.4696774,0.8152745,0.2470999,0,0,0.7073144,0.3054248,1.647668,0,0.03294721,0,0.2040866,0,0,0,0.574819,0,0.220411,0.7954687,0,1.095052,1.020248,0.8790453,0,0.05307758,0.4911304,0,1.182956,0,0,0.9633495,0,0,0.05053829,0.8508056,0,0,0,0.05472385,0.9391249,0,0.5218025,0,0.9223226,0.8893437,1.122048,0.1347562,0,0.144088,0,0,0,1.6146,0.0227967,0,0,0.162406,0,0,0,0.09899715,0,0.5528966,0.2179838,1.70911,0,0.04329365,0,0.4247951,0,0,0.845426,0.2449984,0,0.6320763,0.1275141,0,0,0.4975561,1.32114,0.8226141,1.050311,0.2049345,0.4229962,1.242529,0.1568029,0.3456943,0,2.006624,0,0,0,0,0.1107998,0.9061744,0,0.5580961,0,0.8073825,0.3200019,0,0.1577084,0,0,0.3459042,0,1.293228,0.01443368,1.115713,0,0.0860754,0.2615339,0,0,1.206001,0,0,0.4594759,0,0,0.6374421,0,0,0.4298751,0,0.5758897,0,0,0.3381704,1.297451,0,1.761937,0.5809472,0.4644834,0.02530899,1.134396,0,0,0.1720243,0,0,0,0,1.165635,0,0.3935731,0,0.07502752,0,0,1.265532,0.4172664,0,0,0.07137163,1.603027,0,0,0,0,0,0,0.01511341,0.3179934,1.088836,0.41636,0.09910705,0.4775644,0.1999932,1.296611,0,0,0.3932363,0.3528206,0,0,0.3939453,0,0.1265964,0,0.4718706,0,0.6235703,0.06509068,0.3503903,0,0,0.9696422,0,0,0,0,0,0,0,0.02204487,0.8825673,1.251241,0,0.2322869,0,0,0,0.4808903,0.3697291,0,0.165131,0,0,0,0,0,1.43085,0.5113214,0,0,0,0,0,0,0,0,0.8512831,0,0.9715567,0,2.198164,0.7020655,1.671028,0,0,0,0,0.2097052,0,0.2798792,0,0,0,0,0.05506694,0.3990664,0.0217305,0,0,0,0,0,0,0.2749041,1.88844,0.2319249,0,0,0,0,0,1.115614,0.09026834,0,0,0.103052,0.06708501,0.5042833,1.128374,0.305873,0,0,
0,0,0,0.6118712,0.2282645,0,0.7630147,0.06163308,0,0,0.4466557,1.143139,0.8566984,0,0.1047107,0.6468252,2.034954,0.04932985,0.7896734,0.2848572,0.159785,0,0,0.9566522,0.2292167,0,0.2979881,0,0,0,0,0.8685626,0,0.4900879,0.7182409,0.7627298,0,0.1352099,0.6242253,0,1.151254,0,0,0,0,0,0,0,0,0.736289,0.5574837,0.7613014,0.1079071,0.8721183,0.4087745,0.04341903,0,0,0.1324612,0,0,0.1494741,0.2465236,0.9464651,0,0.9062255,0,0,0,0.4931727,0.1538473,0,1.121731,0,0.159997,0,0.5204045,0,0,0.4838198,0,0.5319181,0,0,0,0.9546657,0,0,0.04814978,0,0,0,0,0.4589855,0.4734066,0,0.6110201,0.2537998,0.6568972,0,1.770899,0.4545716,0.0865844,0.8353258,0,0,0.08015783,0.1213853,0.4060469,0,0,0,0.0695771,0,0,0,0.8013232,1.467941,0.185793,1.513361,1.989026,0,0,0,0.4635255,1.225368,0,0,0,0.6554167,0.8873569,0,1.909942,1.794389,0,0.7996023,1.171386,0,0.7551766,0,0,1.040582,0.3288345,0.1838087,0,0.8521065,0.1048424,0,0,0,0,0.7194688,0,1.43817,1.097843,0,0,1.42337,0.414853,0.9731511,0,0.8332624,0.2610327,0,0,0.4662224,1.594008,0,0.7320575,0,0,0,0.9177271,1.583048,0,0,0.5404364,0.95724,0.09124517,0,0,0,0,1.113982,0,0,0.827813,0.0405728,0,0.06717286,0,0.3908061,0.147874,0.2845983,0.2380365,0.550965,0,0.7196642,0,0,0.06431598,0,0,0,0,1.216819,0,0.6093303,1.028715,0.2900276,0.02033633,0,0.4419541,0,0.665492,0,0,0.2496421,0.6389679,0.1572455,0,0,0.3623966,0.05791822,0,0,0.2864471,0,0,0,1.130816,0.3836304,0,0.4313771,1.008146,0,0.602721,0.1067965,1.679954,0,0,0,0.83742,0,1.0102,0.8298205,0,0,0,0.2145171,0,0.1669168,0,0.07490101,0,0.647531,0,0,0,0.2247526,0,0.2352684,0,0,0,0.7561278,0.268027,0,0.679432,0,0.4681469,2.953658,0,1.012517,0,0.3208315,0.09038605,0.1898521,1.196467,0.8403513,0,0.03138575,0.06537588,0.08645017,1.228701,0,0,0.4980769,0.4915765,0.5179805,0.7938232,0.7384135,0,0,0.8369035,0,0,0.066567,0,0.4135176,1.113676,0,0.1152216,0,0,0,0,0.6408013,0,0,0,0.02047655,0,0,0.3045489,0,0.3227525,0.2548152,0,0,0,0,1.23299,0.695996,0.002386783,1.098634,0.07182661,0,0,0.7910364,0.2260534,0.02188463,0.5122613,0,1.696948,0.6298497,0,0,0.7772385,0,0.3578609,0,0,1.827487,0.3042873,0,0,0,0.7582072,0,0.8060272,0,0.2251959,0,0,0,1.813627,0,0,0.4061008,0.8400616,0.9110243,0.7025012,0,0,0,0,0,0,0,0,1.735482,0,0.6993077,0,0,0.7173803,0.05710889,0.7181423,0,0.6816614,0,0,0,1.920431,0,0,0,0.155835,0,0.6359355,0.07325636,0.7968751,1.487951,0,0,0.5382826,0,0,0.3922252,0,0,0,1.002266,0,0,0.8950728,1.027892,0.4477232,0.7562156,0.7675568,0.8432944,0.1420194,0.5582488,0.1639598,0,1.174426,0,0.04221436,0,0.1467043,0.003898617,0.4521153,0.6357784,0.2711656,0,0,0.5575483,0,0,0.8815042,0,0,0.0728099,0,0,0,1.700489,0,0.261094,0.06915441,0.4985663,0,0,1.464738,0,0,0.2219277,0.6008273,0.1980146,0,1.182293,0,0,1.265051,0,1.225027,0,0.927596,0,2.437648,0,0,0.7080681,0.6182487,0.1134399,0.07041005,0,1.346878,0.05058423,0,0.4481379,0.8698432,0,0,0,0,0.8233654,0,0,0.9313756,0,0,0,0,0.4850724,1.227706,0.5912729,0.2346984,0.1737312,0.6670629,0,1.495013,0.2668421,1.012542,0.1346896,0,0,0.3535539,0,1.988772,0,0.5245892,0.9002217,0.6708702,0,0,0.9510931,0,0,0.7803782,0,0,0,0,0.07575526,0.5145238,0,0,0.2634384,0,1.201488,0,0.7119415,0.2683856,0,0,1.982585,0,0,0,0,0.2904766,0,0,0.570172,0,0,0,0,1.215323,0,0.6739781,0.380313,0,2.11523,0.4689991,0,0.6768479,0.6246081,0.2627519,0,0.712091,0,0.7748896,0.4614314,0.8154212,0,1.265314,0,0,0,1.106939,0.5003418,0.8252443,0.4087529,0.3977447,0,0.6731211,0,
0.1638934,0.590288,0,0,0.7697308,0,0,0,0,0,0,0,0,0.4906992,0,0,0.2912419,0,0,0,1.199603,0,0.4338609,0,0,0,0,0,0,0.1283122,0.2556431,0,0.1959858,0.1415325,2.811488,0.2187473,0.2900392,0,0,1.246611,0.2002951,0,0,0.1967169,0,0,0.3048127,0,0,0,0,0,1.871549,0,1.229726,1.589035,0.3368068,0,0.599528,0,0,0.9111115,0.04534175,0,0.01121361,0,0.1950039,0,0.2059957,0.8886023,0,0,0,0.4320616,1.704758,0,0.4029108,0.9306987,0.6130357,0,1.002224,0.3369441,1.56365,0,0,0.5346296,0,0,0,1.793475,0,0.9924304,0,0,0,0.5074753,0.6715256,0.671778,0.817225,0.1861075,0,1.457688,0,0,0.4048988,0,0.008182592,0.7784066,0.09465319,0.2150715,0.03092896,0,0.187794,0,0,0,0,0.4192468,0,0,1.321721,0.2164212,0,0,0,0.2334519,0,0.2590889,0,0,0,1.086661,1.346569,0,1.124338,0.1263174,0.07759328,1.218649,0.2358303,0,0.6428281,0.2882498,0.6654508,0.6310487,0,0.2452011,1.998052,0,0.3603909,0,0.4518849,0,0.3890136,1.576796,0,0,0.9323168,0,0.8054061,0,0,0,0,0.1559281,0,0.9839131,0,1.549384,0,0,0,0,0,0.6394461,0.2156241,0.4456375,0,0.8154753,0.9523763,0.1410879,0,0.4690628,0.1187904,0,0,0,0,0,0,0,0.9963481,0.04002046,0,0.71537,0.2863371,0.05757462,0,0,0,0.05507704,0.2524105,0,0,0.471915,0,0.4021405,0,0.1808916,0.4833193,0,0,0.05718375,0.8425923,0,0.126742,0,0.8884859,0.7428619,0,0,0,1.432707,0,0.106853,0,0,0,0,1.213521,0.4951891,0.6584926,0,0.6417996,0.2584692,0,0,0,0,0,0,0.2381053,1.343082,0,0.4934864,0.1781182,0,0,0.06047584,0,0.05734023,0.8247387,0.2903719,0,2.139504,0,1.051112,0,0,0,1.02411,0.1259669,0.4257897,0.1454324,0,0.5444949,0,0.07778977,0.5302859,0,0,0,1.552614,1.193308,1.156673,0,0.5472915,0,0,0.203108,1.621691,0.3435652,0,0,0,0,0,0,0,0,0.5998368,0,0,0,1.112915,0.7009109,0.7674823,1.239098,0,0.3681348,0,0.1359018,0,1.000824,0,0,1.163897,0,0.1731443,0.2883364,0,0,1.642582,1.10904,0,0,0,0,0,0.9337171,0.1820922,0,0,0.2475256,0,0,0.4671888,1.235473,0.07902067,0,0,1.575157,0.2842773,0.933944,0,0.1247893,0.1922639,0.9074709,0,0.01020812,0.9562213,0,0.8080195,0,0,0.002260511,0.4286177,0,1.792103,0,0.4546868,0,0.9837414,0,0,0.2030905,0,0,1.533788,0.6066319,0.6688346,0.1057434,0.4074369,0.1989556,0.405659,0,0.7986276,0.8686023,0,0,0,0,0,0,0.8851498,0,0,0,0.4229705,0,0,0,0,0,0.07633901,0.1816229,0.2049398,0.5063641,0,0.4859573,0,0.6779774,0.4106206,0,0.1434378,0,0,0.6981451,0.3543009,0.09690277,0,0,0,0,0,0.296956,0.6047535,0.003567418,0,0.7748423,0.02253672,0,0,1.064156,0.2298117,0.6922002,0.395337,0,0.77986,0,0,0,1.203133,0,0,0,0.2606381,0.05760308,0,0,0,0,0,0,0,0.5136362,0,0.01173764,0,0.3093199,0.9831717,0.2848419,0,1.013156,0.5643464,0,0,0,0.1136632,0.8125396,0.2862638,0,0,0,0.3063211,0,0,0.1487112,0.244802,0.691503,0,0.41683,0.1705547,0,1.390583,1.857375,0.1046551,0.06946436,0,1.532147,1.230021,0,0.5205668,0.7774859,0,0,0.3992513,0,0.3375688,1.083035,1.272666,0,0.3411517,1.041453,0,0.7487079,0,0.3805247,0.9099168,0,0,0,0,0,0,0,0,0.575708,0,0,1.577003,0,0.2668596,0,2.29789,0,0.7166953,0.4649135,0,0,0,0,0,0,0,0.3557554,0.6410519,0,0.07120768,0,0,0.03454705,0.376655,0,0,1.917932,0,0,0.2670203,0.147913,0,0,0.7511376,0,0.6647764,0.6193897,0,0,0,0,0.5876614,0,0,0.02687885,0.2372613,1.954014,0.3972281,0.5747268,0,0,0,0,0.1235525,0,0,0,0,0,0.4730059,0,0,0,0.7124754,0.5057608,0,0,0.06409275,0,0.5356035,0.1663793,0.3716156,
0.3248246,0.9519199,0,0.1323166,0.395851,0,2.201141,0.2816208,0,0,0.9272984,0,0.2381143,1.924118,0,0.1718495,0,0,1.645964,0,0,0,0,0.4766562,0,0.5857518,1.714601,0,1.372425,0.7238551,0.6785353,1.10908,0,0,0,1.65228,0.7893572,0,0,0,1.037915,0.2467713,0.281544,0,2.316861,0,2.104172,0.7160018,0.5850508,0.4803182,0,0,0,0.3743726,0.9539567,0.07015806,0,0.740065,0,1.452702,0.1653751,0,0,0.5209943,0.08546729,0,0.5394077,1.44067,0,1.743246,0.2927358,0.4692252,0,0,0,0.9518511,0,0,0.1121841,0.9636629,0.02885464,0.3740356,0.823822,0,0,0.8646697,0.03626444,0,0.4553984,0.3458233,0.7901423,0,0.05030596,0.8527143,0,0.4666532,0,0,0.7945119,0.2071846,0.3750919,0.1770193,0.3024959,0,0.3593512,0.3045931,0,0,0.5392299,0.1358141,0,0.1122862,0,0.4886517,1.454403,0,0.371022,0,0.7201818,0.8932226,0.1495351,0,0.6705076,0.6230106,0,0.05548416,0,0,0.387327,0.463001,0.04571939,0,1.596443,0,0,1.297174,0,0.8625184,0,0.9150586,0,0.05411198,0,0,0,0.7791957,0.3724106,0,0,0.3523376,0.1957958,0.1534454,0.2560075,0,0.1369615,0,0.3394777,0.4523109,0,1.792759,0,0.8849126,1.50459,0.04508819,0.8998526,0.5408755,0.6621213,0.7069291,0.009903415,0,1.241494,1.680313,0,0,0.206789,1.008536,0,0,1.744498,0,0.3805676,0.1600509,0.8932864,0,1.146761,0,0.1138078,0.5656367,0,0.9977105,0.2515022,0.114979,0,0,0,0,0,0.1643543,0.2611032,0,0.705939,0,0,0,0.3568015,0.343627,0.8397145,0.5400232,0.6474949,0.09637129,0.876104,0.03582585,0.4795323,0.3564939,0,0,0,0.4084128,0,0,0.5184105,0,0,0.1665886,0,0,1.211633,0.3674351,0.2523546,0.2642891,0.6497753,0.6221263,0.1368282,0,1.108211,1.342054,0,0,0.07616272,0.6937442,0,0.02396204,0.2524358,0.4591359,0.1168136,0.5024778,0,0,0,0.4446965,0.9492127,0,1.397166,0.141185,0.5079508,0,0.07355789,0.3492237,0.6917733,0,0.6433152,0.3867349,0.9159143,0,0,0.7539429,0.9585285,0.4441305,0,0,0,0.02039503,0,0.2541011,0,0,0.05738671,0,0.8315409,1.150567,0,0.8010283,0,0.08270571,0,0.2240154,0,1.220814,1.36832,0,0,1.244172,0,0,0.1929507,0.5408663,1.587406,0,0,0,0.06219147,0.4731602,0.2975178,0,0.2081974,0.6096464,0,0,0,0,0.5512272,0.05524226,0,0,0,0,0,1.449366,0.0871782,0.5918081,0,0,0.4581361,0,0,0,0,0.002422794,0,0,0.712654,0.5673124,0.01337753,0,0,0.02355556,0,1.384226,0,0,0.8122044,0.07337036,0.1419991,0,0.4526295,0.5275804,1.403327,0.5119318,0.3193252,0.0133301,1.254484,0.247383,0.1140966,0.3274063,0,0,0.309007,0.8452404,0,0.686374,0,0,1.701092,0,0.228163,0.5954365,0,0,0.2523819,0.3838676,0,0.7676813,0,0,0.7848319,0.2325558,1.691115,0.1648745,0,0.9966716,0,0.6491304,0,0,0,0,0.2442575,0.23021,0,0.496131,0.04989074,0.4979866,0,0,0,0.1410557,0.6587295,0,0.07486793,0.5474637,0.3196024,1.224637,1.751196,0.3478009,0.6269686,0.6281571,0.7428126,0.1227602,0.6929292,0.2812588,0,1.294592,0,0,0.4140741,0,1.051656,0.007086787,0,0.5216892,0,0,0.4594039,0.8664235,0.1937481,0.5685958,0,1.538766,0,0.1402759,0.6536692,0,0.02363376,0.07730316,0,0.2878963,0,0,0,0.3355557,0,0.2294299,2.19201,0,0,0.3546443,0,0,0,0,2.212978,0.1104796,0,1.270947,0.6479305,0,0.5181243,0,0.04818036,0.8104159,0,0.02796419,0,0.4627806,0.1229798,0.316582,0.6488312,0.8548201,0,1.143785,0.4150272,0,0,0,1.497036,0.3089314,0.4785751,0.3497106,0.7127576,0.7190673,0.6447036,1.148763,0.400121,0,0,0.7452915,0.7926123,0,0,0,1.278164,0,0,0.1487593,0.788457,0.2997902,0,0,0.04015018,0,0.03345893,0.1269012,0,0.4857992,0.04651017,0.7616366,0,0,0,0,0.8344944,0,1.236643,0,0.5000709,0,1.674771,0,0,0.4452206,1.075956,0,0,0.1653398,0.3034645,0,0,1.410072,0.8331964,0,0,0,0,0.9396214,0,0.02716134,0.1484307,0,0,0,0,0.6785566,0,0,0,0,0,0,0,0,0.6602156,0.5426314,0,0.1407364,0,0.2645627,0,0,0.3347312,0,0.2378678,0,0,0,0,0,0,0,0,1.469391,
1.322799,0.6376851,0.261768,1.132737,1.047168,0.8742182,0,1.747239,0.7485605,0,0,0,1.098544,0,0,1.272761,0,0,0,2.146979,0,0.041941,1.341067,0,0,1.33457,0.7918964,0.1589755,0.9526682,0,0.6516064,0.1312303,0,1.746218,0.6260643,0,0,1.862173,0.2622562,0.5545098,0,1.179829,0,0,0,0,1.429257,0,1.379793,0.7084887,1.371713,2.796686,0.8135456,1.321136,0.03026829,1.825223,0.9843225,2.587778,0.6030335,0,0.8486236,0,1.060945,0.3111253,0.5809395,0,0.2783081,0,0.002283021,0,0.791677,0.9924943,0.4953726,0,0.1877179,0,0,0,1.669145,2.274761,0.1656187,1.034874,0,0,0,0,0.9447312,0.02975252,0,0.07012203,0,0,0,0,0,0,0,0,0,0.04440838,0,0,0.09985538,0,0,0.5378791,0,0.1215011,0.2960157,0.2960082,0,0,1.332363,0.5152809,1.272653,0,0.5161573,0.7973017,1.84546,0,0.3192511,0.2372023,1.818853,0,0.8914628,0,0,0,0,0.8424208,0.7256713,0.5774691,0.1989226,0.6060838,0.2019517,0,0,0,0.01167615,1.936404,0,0,0,0.02614329,0.003375409,0.04522891,0,1.480541,0.1673367,1.291802,0.5058343,0.5291201,0.3426014,0.01724119,0,2.072921,0.3096485,0.9757302,0,0,0.3431899,0.2944326,0.6269085,0,0,0,0,0,0.1419999,0.07705731,0.8436329,0.2489987,0,0,0,0.115822,0,0,0,0.5696208,0,0,0.5989594,0,0,0.3531469,0,0,1.176649,0,0,0.01430904,0.3173304,0,0.01176337,0.3326721,0,0,0,1.261099,0.6107422,1.623335,0.3858695,1.603604,0.335109,0.9945344,0,0.724977,0,0,1.231907,0.5063629,0.7375797,0,0.3415645,0.3062838,0,0.2698032,0,0,0,0,0.7622869,0,0,1.117375,0.3825473,0.6585481,0.3288758,0,0,0.6010276,0,0.420424,0,0,0.0097281,1.140254,0.371472,0,0,0,0.5691068,0.3995484,0.3169355,0,0,0,0.07576585,0,0,1.230628,0.7429318,0,0.4958827,0.2105566,0.3200932,0,0.7616152,0,0,0,0.5925571,0,0.5191655,0,0,0,1.281428,0.8724501,0,0.2454346,0,1.198286,0,0,0,0,0,0.5956732,0,0,1.030786,0.06312747,0.5271454,0,0,0,0.7649669,0.003301516,2.322253,0,0,0,0,0,0,0,0.3494872,0.770698,0.7721838,0.4068174,1.567573,0.0708347,0,0,0.05062406,0,0.4378232,0,0.1115173,0.05929476,0,0.05300108,0,0.7655198,0.08554321,0,0,1.525019,0.483278,0.7078595,1.284459,0,0,0.7516279,0.4484245,0,0,0.9119623,0,0.6825541,0.257738,0.4304031,0,0,0,0.1714457,0,0,0,0,0.2976677,0,0,0.3001136,0.4032695,0,0.1925859,0.388734,0.3925725,0,0,0.1842238,1.257145,0.565023,0,0.02418558,0.1241456,0,0.2989706,0.1396975,0.06414353,1.051283,0.8621854,0,1.075452,0.04251696,0.3836402,0,0,0,0,0.3008021,0.4278715,0.5748097,0.2881882,0,0,1.066733,0,0.37352,0,0.06937419,0,0,0,0,0,0.5176827,0,0.7770831,0.3926919,0,0.4243224,0,1.152597,0.9807554,0,1.174505,0,0,0,1.554015,0.1703274,0,0.3487929,2.511969,0,0.2298811,0,0,0,1.772001,0.4125068,0.7411765,0.7439282,0,0.2770502,0,0,0.6472451,0.4561827,1.329491,0,0.04562729,0,0,0.3346681,0,0.2828358,1.025064,0,0,1.184197,0.2110231,0.1087525,0,0,0.9697696,0.9887541,0,0.5776224,2.023083,0,0,0.5120121,1.553651,0,0,0.3202044,0.06430198,0,0,0,1.465429,0,0,0.6340535,0.6939637,0.6812976,0,0.6591157,0.7001846,0,1.392384,0.4049604,0,0,0.5809618,1.145967,0,0,0,0,0,0,0,0.2161084,0.04692021,0,0.3330429,0,0,0.2373248,0,0,0,1.332528,0.7378721,0,0.5691299,0.7687788,0.7534004,0.1251073,1.536984,0.2582025,0,0,0,1.470877,0.3825021,0,0.296005,0,0,1.434252,0.4748545,2.012377,0.5739918,0,0.1247835,0.04259344,0,0,0.07374948,0,0,0,0,0,0,0.5924438,1.158377,0.2559322,0,0.2411334,0,1.505614,0.7231341,0.7478365,0,0.1496933,0.06818262,1.408223,0,0,0,0,0,0,0.6253205,0.9220749,0,0.1786209,0,0,0,0.7238089,0,0,0.7520677,0,0.7080342,0.6969098,0,0,0.111967,0.09921009,1.391902,0,0.3181731,0.8537182,0,0.6946625,0,0.109157,0,0.1591253,0.01044452,
0,0,2.114022,0,0.2709914,0.5368854,0,0.7009589,0,0,0,0,0.4237392,0.354513,0.6291387,0.9556965,0,0,0,0.9286423,0,0.6831042,0.7997137,0,0,0.6644741,0,0.009311959,0,0,0.6337728,0.4193721,0.486594,0,0.9598154,0,1.234154,1.338436,0,0.04183833,0,0,2.397906,1.234493,1.992074,1.067332,0,0,0.03829378,1.151891,0,0,1.254643,0,0,0,0,0,0,0,0,0,1.507425,0.4917375,0.4985397,0.2990321,0,0,1.775605,0,0.3887713,0,0,0,0,0.5527414,0,0,0,1.580723,0.8119619,0,0,0.2639563,0,1.346089,0,1.033007,0,0,0.4344688,0,0,0.3782256,0,0.3128272,1.541039,0,0.6324421,0.5436621,0,0,0.2424943,0.9127511,0.560854,1.270805,0.6857313,0.2015333,0,1.319461,0,0.2688655,1.655971,0,0,0,0.7675657,0,0.4152807,0,0.1846931,0,0,0.3053573,0.06985027,0,0,0,0,0,0,0,0,0.1908987,0.3045598,0,0,0,0,0.247436,0,1.176935,1.092346,0,0.2497668,0,1.255269,0,0,1.154992,0.7913479,0.04109689,0,0.6743189,0,0.05136918,0,0.3144567,0,1.426478,0,0,0.3346424,1.576709,0.497651,1.079797,0.6415136,0.3526349,1.205897,0,0.4296838,1.257476,0.4217347,0,0,0,0,0,1.051306,0.4556424,0.09749818,0,0.5389726,0.2827455,0,0,0,1.614612,0.553303,0,0.2402757,0,0.3958603,0.52635,0,0,0,0,0,0.9062721,0.3598285,0,0,0.335549,0,0.4636642,0,0,0.5841683,0,0,0,1.915628,0.005206703,0,0,0,0,0.5001567,0.7966555,0,0.1597718,0.1927873,1.671914,1.628621,0.5858891,0,0,0.3717083,0,0,0.1565479,0.4467661,0,0,1.245943,0.7073739,0.6233813,0.1155232,0,1.041115,0.07237924,0.8890687,0.1447824,0,0.6289864,0,0.5784513,0,0.4075034,0,0,0,0.1021837,0,0,0.6491489,0.5086337,0.1489947,0,0.3091925,0,0,0,0.2971925,0.2013562,0,0,0,0,0.631277,0,0,0.0834358,0,0.2833531,0,0.4303268,1.33339,0,0,1.972554,0.2707674,0.9040637,1.59367,0.537775,0,0,0,0,0.1223675,0.658766,0,0.2740226,0.4476857,1.028685,0,0,0,0,0,0.9674726,0.4406273,0,0,0.05605951,0.8878739,0.4572706,0.8101831,0,1.426179,0,0,0,0,0,0,0,0.2013401,0.002272365,0,0,0.1349658,0,0.3262224,0.3205793,1.141791,1.130808,0,0.4015748,0.1365116,0,0.3580301,0,0,0.3261415,0,0.1227807,0,0.04978668,0,0,1.791827,0,0,0,0,0.1721592,0,0,1.777461,0,0,0.1791897,0,0,0.7066206,0,0.7863571,0.1724207,0.1563496,0.02520046,0.4444777,1.287329,0.2907764,0,0,0,0,1.558836,0,0.04490213,0,0.06514148,0,0.5890598,0.3177244,0,0.682779,0,0,0,0,0.1240004,0,0.02257161,0.9118421,0.6913601,0.8413411,0,1.820777,0,0.1985511,0,0,0,0.2932752,0,0,0,0,1.113766,0,0,0,1.534636,0,0,0,0.7989712,0.1137664,0.1728692,0.2583199,0.4263763,1.299223,0,0,0,0.6047418,0.1050169,0,0.4525034,0.4505414,0,0.189749,0,0,0.2524697,0.1111425,0,0.8858096,0,0,0.4910341,0.5801568,0,0.8763309,0,0,0.8799403,0.06649382,0,0,0.5284911,0,0,0.135106,0,0,0.9480639,0,1.051155,0,0,0,0.1397259,0,0,0.2756774,0.2737271,0.2402323,0.04564818,0.2419476,0.7842986,0.219547,0.2333382,0,0,0,0,1.289555,0.4476828,0,0.2525247,0.3261465,0.1875649,0.6583626,0,0,0.8911567,0,0,0.8686236,0.5685091,0.220953,0,1.006299,0,0.7042382,0.2320868,0,0,0,0.04969659,0,0.4968691,0.3437303,0,0.1852146,0.6997878,0,0,0,0,0,0,0,0,0.6307597,0,0.5784469,0.3816021,0,0.5409212,0,0.8219587,0.3683276,0,0,0,0,0,1.159412,0.8734327,0,0,0.4630832,0,0.195813,0.3481351,0,0.3821896,0.7166902,0,1.650416,0.1211953,0,0,0,0,0,0,0.2245311,0,0.1734215,0,0,2.580204,0,0.09132113,0.1443138,0.7018842,0,0,0,0.7077085,0,0,0,1.163608,0.5047397,0.3502394,0,0,0,0.4885956,0,0,0.3587903,0,
0.5424348,0,0.09046221,1.017045,0,0,0.005096523,1.495136,0,0,0,0.9388165,0.4724384,0.03678789,0,0,0.2713443,0.837487,0.5815667,0.7976113,2.042238,0,0.4373847,0,0,0.2025873,0.8566691,1.018027,0.9775149,1.07449,0,0.4953443,0.4930644,0,1.54964,0,0.3556023,0.6457382,0,1.025418,0,0,0,0,0,1.937254,0,0.3695224,0.08825096,0.07089607,0,1.147312,1.227214,0.3168388,0,0.305876,0.5911705,1.099153,1.300178,0,1.730008,0.6943992,0,0.2309488,0,0.5017698,0,0,1.019312,0,0.07486969,0,0.4662825,0,0.09554647,0,0.6779024,0,0.05918172,1.085441,0,0.08074933,0,0.561193,0,0.04797116,0.978384,0.6472251,0,0,0,0,0,1.17052,0,0,0.4915469,0,1.12847,0.2144837,0,0.2643882,0.9747371,0,0,0.9645764,0.9682623,0,0,0.537643,0,0,0.6127313,0,0.2872131,0.7159061,0,0.4547242,0.1463653,0,1.386694,0,0,0,0.6390183,0,0,1.008113,0.8494281,0,1.631394,0.2489575,0,0,0,0,0.8689188,0.2037185,0.6217595,0.5141636,1.389867,0,0,0,0,0,0.2037615,0,1.680173,0,0,0,0.1783573,0,0.127275,0,0,0,0,1.828961,0.01864349,0.4586664,0.4674298,0.3080213,0.5209986,0,0,0.4855911,0,0.5489348,0.2320842,0.05108363,0.3476138,0,0.02304066,0,0.1805857,1.056975,0,1.367542,0.8660156,0.09190144,0.6977046,0.3449261,0,0,0,0.02580144,0.1321181,0,0,0,0,0,0,0.4566602,0.788339,0,0.5851443,0,1.569964,0.2322805,0.9604698,0.2336187,0,0,0,0,0.6310914,0.002502433,0.2311493,1.342456,0.464469,0,0,0,0,0.5365027,0,0.1999876,0.5772465,0.7546839,0,0,0,0.6638672,0.6252493,0,0.777317,0,0,0.05089003,0,0.7216378,1.138184,0,0,0,0,0.03052111,0,1.257602,0,0,0.5069277,1.124291,0,1.340833,0.06925157,0,0,0,0,0,0,0.8499172,0.5653216,0.2449729,0,0,1.068857,0,0,0.1010279,0,0.2625148,0.7971613,0.6667157,0.7108097,0.9015695,0,0.8816941,0,0.9967372,0,0.5632989,1.497886,0,0,0.1518647,0,0.0434073,0,0,0.8990819,0,0.6934112,0.4492227,0,0.0640615,0.0517088,0.2752811,1.01213,0,0,0.8823496,0.93483,0,0.1329573,0.8315146,0.4078342,0.09251621,0.759633,0.2704132,0,0,0,0.05257653,0,1.268294,0,0,0,0,0,0,0,0,0.4009607,1.871612,0,0,0.4321708,1.115318,0.5041507,0,0.07851941,0,0,0.264185,0.1694873,0.676383,0,0.5834191,0.5059556,0,0,0,0.8274806,0.1914753,0,0.6329489,0.06265849,0,0.01791544,0,0,0.2946313,0,0,0.09638537,0.81767,0.4709019,0,0,0,0,0,0.2744196,0,0,1.316741,0.8415863,0.2193814,0.008305729,0,0,0,0.7556974,1.159048,0,0.2496274,0,0.4814357,1.445923,0,0.1827807,0.09349593,0,0,0.09167468,0.4431256,0,0.7114965,1.391519,0.5448242,0,0,0,0.5280215,0.2760455,0.9121029,1.449965,1.412686,0,0.3007195,0.9472875,0.5697511,0,0,0.8068478,0,0.9058595,0,0,0,0,0.161115,0.4886339,0,1.033486,0,0,0,0,0,0.0969232,0.6360223,0,0,1.133073,0.2849642,0,0,0.5615505,0.594338,0,0,0.4269793,0,0.420072,0.4575894,0,0,0.540081,0.6894215,0,0.7202928,0,0,0,0,0,0,0,0.2546972,0.5150519,1.498886,0.2467753,0,0.8173071,0,0,0.1343889,0.06408865,0,0,0,0.3259138,0.1191774,0,0.9816036,0,0,0,0,0,0,0,0.5377136,0,0.5125496,0.09189343,0,0.7674524,0.604976,0.1593276,0.3672253,0,0.136017,0.7468019,0.3359383,0,0,0.3529845,0,0,2.397293,0,0,0,0,0,0,0,0,0,0,0.3291476,0,0,0,0,0,0,1.990725,0,0,0,0.8494331,0,0,0,0,0.9531397,0.3825294,0,0.1402176,0,0,0.07924588,0,0,0,0,0,0,0.8313868,0,0,0.08571649,0.9043751,0.315425,0.5065432,0.05276212,1.205633,1.191712,0.686169,0,1.527629,0.9112633,0,0,0.2627075,0.8136567,0,0,0.7767132,0,0,0.1724292,0.4604677,0,2.346552,0,0.6241416,0.8441917,0,0,0.153176,0,0.2134427,0,0,0.2804388,1.820455,0,0,0.8184332,0,
0,0.4158021,0,0,0.3468474,0,0,0,0.9641538,0,0.2442907,0,0,0,2.327262,0.1635521,0,0.5996671,0,0.7957848,1.488225,1.455088,0,2.074204,0,0,0,0,0.9949664,0.6436484,0,0,0,1.00386,0,0.422925,0,0.07974576,1.481265,1.333073,1.182975,1.016703,0,0,0,0,0,0.6889043,3.429697,0,2.801914,0,0,0,0.1175472,0,0,1.033875,1.346571,0,1.283907,0.05804888,0.4758985,0.664496,0,0.4204156,0,0.05597267,0,0.2189192,0.3592401,0.1323064,0,0,0,0.3351349,0,0,0,0.2756818,0,0,0.6472353,0.194369,1.464443,0,0.8782698,0.7340847,0.7257375,0,0.7502435,0,0.4234054,1.002461,0.2733283,0,0,0.2856404,0.6314918,0,0.5368278,1.064267,0,0.5519537,0,0,0,0,0,0,0.4869017,0.9336554,0.04050914,1.069185,0,0.5699916,0.8192294,0,0,1.109016,0.2531574,0,1.202347,0.1734653,0.1724475,0.4332375,0.3802185,0,0,0,0.9449621,0.6315085,0,0.1460592,2.681407,0.07332584,0,0.5862025,0,0.5386822,0.9192891,1.004986,0.004687255,0,0.0168451,1.464462,0.8851911,1.158574,0,0,0.9320822,2.804517,0.4138512,0,0,0.699999,0,0,0.2330631,0.5740888,0,0,0.3075126,0,0.3787305,0,0,0.04251549,0.5771979,0,0.2916417,1.387561,0,0,1.247248,0.8676834,0.09061607,0,1.259564,0,0.02436588,0,0.1969766,0,0.2815503,0.145467,0,0,0,0,0,0.04983397,0.3176758,0,0.363151,0,0,0.1240152,0.3694987,0,0.563288,0,0,0.1363832,0.5082104,0,0,0,0.3582215,0.2147519,0,0.56874,0.11925,0.1612073,0.6504741,0,0.08810249,0,0,0.01128456,0,0.2574624,0.4486867,0.2710711,0,0,0.3777935,0.06964486,0.4598668,0,0.6891764,0.4935277,0.01374694,0,0.2621892,0.7242297,0,0,0,0,0,0,0,0,0.05530193,0.6552773,0,0.2817176,0.130288,0.5521145,0.1656282,0.1783474,0,0.4686276,0,0.1363817,0,0.3941624,0,0.1686867,0.7619465,0.4719221,0.4033018,0,0,0,0.8251644,0.5284442,0,0,0,0.2914689,0.1247626,0,0,0.5857629,0.6859647,0,0.3433003,0.3047123,0.1973971,0.1517063,0,0.2241011,0.07686009,0,0,0.3827869,0,0.1707958,0.8567338,0,0.6079126,0.3923484,0.4469605,0,0,0.2596006,0,0,0,0,0,0,0.6638967,1.100364,0,0,0,0,0.0453158,0.004547364,0,0.5686684,0.4581919,0.002321964,0.1759939,0,0.2390556,0,0,0,0,0,0,0.9132609,0,0,0,0,1.244407,0.3060539,0,0,0.2006503,0,0.1028415,0.4331718,0.5532334,0.1562266,0,0,0.08082851,0.09292405,0.6872848,0,0.9907428,0.3778802,0.5753263,0.7046314,0.08572188,0.6885868,0,0.9700591,1.218468,0,0.4047891,0.08854518,0.729705,0,0,0.6200778,0,1.488974,0.8956308,0,0,1.09924,0,0.3296575,0,0,0.5462788,0,0.1299408,0,1.243127,0,1.199801,0.905004,0,0,0,0.4250011,0,0,0.3788384,0,0,0,0,0.6146502,0.1517362,0.3701688,0.9272543,0.5766084,0,0.7890913,0.2940354,0.8799121,0.4848221,0,0.5293463,0.5118898,0,0,0,0.3694257,0,0,0.1355214,0.517252,0.6554393,0.04193189,0.4043361,0,0,0,0.1049234,1.068546,0,0.1744132,0,0,0.4563879,0.2902045,0,0,0,0.1935853,0,0.2281351,0.4146675,0,0.1458871,0.8013972,0.6409513,0.1104006,0,0.2346187,0,0,0.9164935,0,0.7464369,0.04972132,0,0,0.2015455,0,0.01300233,0,0.9993607,0.002420238,0,0,0,0,0.6895197,0,0.3927326,0.3813609,0.5163296,0,0,0,0,0,0,0.65115,1.290084,0,0.8083723,1.501785,0,0,0,1.130291,1.654845,0.02878594,0.4391381,0,0,0,0,1.205134,0.9657689,0,0,0,0.3177859,0,0,0.6693205,0.4223054,0,0.9560593,0,0,0,0,0,0.1167682,0,0.01323976,0,0.1719645,0,0,0,0,0,0,0.07300228,0,0.07712102,0.8355861,0.3324566,0,0,0,0,0,0,0.1983423,0.9748008,2.35344,0,0,0,0,0.9509726,0.688521,0,0,0,2.720315,0,0.4263718,0.1767697,0.789902,0.04758939,0.6946132,0.4171096,0.3260048,0,0,0.05145986,0,0.401774,0,1.07817,0,1.166533,0,0.855289,0,0.4005825,0,0,0.6340719,0,0,0,1.556218,0,0.5544034,0.5215232,0,0.206319,
1.472502,0.5840895,0.8274332,0.8980869,0,0,0,0.9405063,0,0.3515498,1.389419,0.1345359,1.753887,0.7660097,0.2170631,0.7030402,0.9761074,0,0.4231569,0,0.3438569,0,0.2384413,0,1.437084,0.5064713,0,0.8399023,0,0.4538985,0.4220555,0.6992444,0,1.287021,0.3772754,0,3.716176,1.251427,0,0,0,1.250522,0.6979672,1.7253,0,0,0.02280951,0.3132843,0,0,0.8872919,0,2.384114,0.03731868,0,0,0.257652,0.6345713,0,0,2.656143,0,0.319639,0,0.5930954,0.9288556,0.1698176,0.002310915,0,0.8214962,0.6977917,1.007473,0,0,1.232454,0,0,0,0,0.6164693,0.16286,1.899076,0,0,0,0.2708184,0,0.1469466,0.05914961,0.6742204,0,0.6120771,0,0.2254028,1.787328,0.6241533,0,0.3910824,0.1791156,0,0,1.253687,0.03432263,0,0,0.2945924,0.1330941,0.8437749,0,0.4128988,0,0,0,0.111533,0.5862444,0.1601225,0,0.0861192,0.332377,0.6485405,0.2713655,0.5176596,0,1.104873,0,0.5673403,0,1.202283,0,0,0.5135562,0,0,0,0,0.4797129,0,1.129907,0,0.3974678,0.1422404,0.1061737,0.9994212,1.421149,0.9144182,0,0.5340794,1.045054,0,0.8925239,0.4850758,0.5100754,1.715299,0,0,0,0,0,0,0.04697508,0.6760436,0.1208193,0.1878651,0.9275342,0,0,0,0,0,0.7067826,0.7520196,0,0,0.5235473,0.3240303,0.9974741,0,1.030308,0.2598939,0,0.3966459,0,0,0,0,0,0,0,0,0.1273377,0,0.2798103,1.307469,0,0,0,0,0,1.287717,0,0,0,0.01540427,0.4574017,0,0.3868333,0,0.5519515,0,0.2795236,0.4544216,0,0,0,0.2216568,0,0,0.2474149,0.3631121,0,0,0,0.3925885,0,0.0233162,0.5494552,0,0,0,0,0,0.6610569,0.1235311,0,0,0,0.4110763,0,0,0,0,0.5723298,0,0.6219963,0,0.3093466,0.3621362,0.298988,0.01161533,0.7332551,0,0,0.4940566,0,0.9263544,0,0,0.2388064,0.5461521,0,0.5112125,0.6053302,0,0,0.4068313,0,0.5986255,0.402107,0.1378965,0.5345587,0.3280149,0.3749747,0.336254,0.2511477,0,0,0,0,1.473737,0.1706261,0,0,0,0.2100168,0,0,0.009279542,0.3526317,0.3862031,1.003339,0,0.4824683,0,0.5016339,0.377516,0,0.5955902,0,2.580582,0.8037071,0,1.390987,0.3234367,0.2666894,0.2404868,0,0,0,0.5476642,0.1170949,0,0,0.2739475,0.2966107,0,0.5973986,0.8741363,0,0.1722745,1.28016,0.5857809,0,0.3763142,0.4127932,0,0.1646232,0,0.9052632,0,0.4310939,0.280805,0,0,0.4714333,0.1597225,0,0.3675028,0.1836281,0,0.6824775,1.096205,0.09395482,0,0,0.8198688,0.7808944,1.219839,0,0.6892856,0.6733571,0,0.9420779,0.05180853,0,0,0,0,0.1877225,0.1942491,1.138657,0.1590441,0,1.270565,0.6988739,0,0,0.5540932,0,0,1.114801,0.2169655,0.8206957,0,1.092696,0,0,0.3437473,0,0,0,2.093803,0,0,0.2510725,0,1.347848,0.002244385,0.5856287,1.941201,0.1152824,0.0232859,1.575752,0.2476088,0.2151354,0,0.9177504,1.455363,0.03963268,0,0,0,0,0,0,0,0.8560621,0.503002,0,0,0,0,0,0,0,0.3013879,0.5960208,0,0.08806527,0,0,0.09261935,0,0,0,0,0,0,0,0,0.5758613,0,0,1.622804,0,0,0.7096243,0.2010929,0.8229834,0,1.451798,0,0.2991059,0.1662383,0,0,0,0.2045101,0.5447832,0,0,0,0.03846205,0,0,0.7402666,0.9062444,0,0.04391942,1.204495,0.5792525,0.2533651,0.7698272,1.570879,0,0.2526637,0,0.2500607,0.2434224,0,0,0,0.01660959,0.7511723,0.5364212,0,0,0,0.2664943,1.563363,2.447676,0.292961,0,1.340853,0,0,0,1.196058,0,0,0.4212018,0,0.3176678,0.2206761,0.1181819,0.3095683,0,1.157455,0.1063035,1.256467,1.036456,0,0,0.2921433,1.092023,0,0.5259898,1.259778,0,1.776716,0,0,0.8037727,0.2123173,0.2351874,0,0,0.816617,0,0.9496603,0,0,1.771999,0.09560207,0.8019655,0.1182108,0.6508271,0.2540148,0,0,0.4103709,0,0,1.436485,0.7251261,0.529169,0.03161598,0,1.39126,0.3616571,0.2156565,0,0,1.980863,1.006425,0.6615934,0.461785,0.03012535,0.5365888,0.05400267,0,0,0.6935698,1.753311,0.6033055,0.07949495,0.2878168,0,0,1.15433,0.3305955,0,0,1.01683,0.8739402,0.6517752,0.3830277,0.03607359,0,2.693961,0.6014082,
0,0,0,0.7788186,0,0,0,0.2440941,0,0,0.8221984,0,0,0.2258266,0,0,0.5290655,0.2283094,0,0,1.370984,1.538722,0,0.264524,1.3086,0,0.1821696,0.06742455,0,0,0.9900669,0.4720775,0,0,0,0.9269629,1.119684,0.1889613,0.7594575,1.177567,0.8737134,0,0,1.540964,1.284215,1.242298,0.05165147,0,0.4965393,0,0.821537,0.3826635,0,1.513439,0,1.396227,0,0,0.4076808,0,0.1395373,1.956715,0.3792343,0,0.2372573,0.08346485,0,0,0,0,0.2655697,1.459639,0.07364354,0,0,0.4621417,0,0,0,0,0.3024773,0.3292579,0,0.02774183,0,0.8004143,0,0,0,0,0.07321675,0.2844146,0,0.5429059,0,0,0.02006709,0,0.03026362,0.1041087,0.97515,0.602401,0,0,0,0,0.00827016,0,0,1.531084,0,0,0,0.05260527,0,0.1436627,0.122565,0.8189241,0,0.2993954,0,0,0.3245352,0,0.3496491,0.8487774,0.5959415,0,0.8317704,0.1230943,0,0.01114433,0.7676608,0,0,0,1.012872,0.2461952,0,0,0.1526106,0.1869493,0.3929719,0.7144382,0.1756248,0.7522843,0.03040978,0.7770622,0.7516922,0,0,0,0.1088049,0.74773,0.5248041,0,0.1063218,0,1.77662,0.04991676,1.396425,0,0,0,0,0.4404486,0.3283959,0.08498977,0,0.6971748,0,0,0,0,0.7603331,0,0.2599323,0.8866423,0,0,0,0,0,0.5712653,1.370601,0.0678082,0,0,0.2429045,1.392548,0,0,0,0,0.4549358,0,0,0.7975977,0.008996825,0,0.6143997,0.2118612,1.005924,1.000079,1.071345,1.236823,0,0,0.06199828,0.5076018,0,0.8664184,0,0.06117512,0.1646569,0.09931332,0.05142355,0.9593906,0,0,0,0.3799236,0.6162712,0,0,0,0.3791685,0,0,0,0,0.8017444,0.8560011,0.2981895,0.1284696,0.8606286,2.03633,0.4497502,0,0,1.123342,0.3594446,0,0.8310078,0,0.9408714,1.135499,0.8789228,0.5539948,0,0,0.5716735,0,0.2867641,0.002236222,0,0,0.9112065,0.5132098,0,0,2.0305,0,0.2422319,0.5747683,2.992999,0,0.3144269,0.0632005,1.087782,0,0,0.4777288,0,0.7175748,0.4020756,0.3393292,0.6996158,0.976217,0,0,0,0.2847904,0,0,0,0.7750747,0,0,0,0,0,0,0,0.2262014,0.6703621,0.5177521,0.8752155,1.041167,0.5548725,1.257656,1.041537,0,1.195288,0,1.440045,0,0.1943334,2.19995,0,0,0.063917,0.4349028,0.3224111,0,0.8715271,0,0,0,1.400886,0,0,0.1928857,0.1889902,0,0,0,0.2499771,0.07704096,1.970669,0,0,0,0.3909568,0,1.087766,0.8740238,0,0,0.8319307,0,0.7975068,0.3037069,0.01191285,0,0,0.2485583,0,0,0,1.036905,0,1.126557,1.136272,0.3224523,0,0,0.1443492,0.2307562,0.01071009,0.3016193,1.099118,0,0,0,0,0.8973956,0,1.405248,0,0.6386639,1.346817,0.4546067,1.321933,0.4764962,0,0,0,0.5647235,0,0,0.1279318,0,0,0,0,0.6877378,0,0.7339979,0.188601,1.103083,0,0.4013715,0,0,0,0,0,0.9748107,0.4153472,1.992631,0,0,0,0,0.4253583,0,0.3315834,0,0,0.7267438,0,0,0,0.2933638,0,0,0,0,0.7646586,0.1520475,0.2424527,0,0,0,0,0,0.06983411,0,0,0,0.3322289,0.04692694,0.3385018,0,0.6424659,0,0.2841969,0,0,0.9676543,0,0.8842252,0,0,0,1.070975,0,0.5547531,0,0.0870913,0.8406208,0.1388544,1.396225,0,0,0,0,1.217187,0,0,0.4898911,0,0,0.5103142,0,0,0,0.2817236,2.23171,0.04558452,0.8450097,0.3326742,0.3292806,1.103651,0,0.1061645,0.04790765,1.237375,0,0,0,0.5205328,1.276603,0,1.229797,0,0.4434026,0,0,0,0,0,0,0,0,0,0.7212015,0,0,0.1999117,0,0,0,0.212864,0.2315373,0,0,0,0.2758323,0,0,0,0.479636,0.1735459,0,0,1.013151,0,0,0.5979901,0,0,0.536598,0,0.5224081,0.4332018,0,0,0.1546135,0.04350003,0,0.8964623,0,0.7894875,0,0,0,0.8857964,0.096881,0.09682734,0.1263842,1.097404,0,0,0.5648432,0,0,0,0,0.9777069,0,0,0.3895868,0,0,0,0,0,0.0710059,0.07853885,0.3819706,0,0.3850135,0.8488671,0.8153565,0,0,0.4769897,0,
0.6515379,0.160046,0,0.499397,0.1284596,0,0.8438665,0.6477357,0,0,0.6071573,0,0,0,0.2974772,0,0,1.95273,2.594821,0.775611,0,0,0.2780121,0,0,0.002345925,0,1.046931,0,0.8201616,0,1.129126,0.3455603,0,0,1.161613,0,0,0,0,0,0,0.4633454,2.336685,0,2.184819,0.2493207,0,0,0,0.8808953,3.439235,0,0,0,1.302291,0,0.2209478,0,0,0.4333172,0.07006897,0.5138531,0.1590099,1.400353,0.8296748,0,0,0,0,1.099428,0.6895543,0.5183909,0,0,0.4211474,0,0,0.6499707,0.573688,0.1812969,0.05631344,0,0.6641895,1.594906,0,0,0,0,0,0,0,0.9056763,0,0,0.4596291,0.04578777,0,0,0.0656037,0.545532,0.2516083,0,0,0,1.185776,0.2828501,0.5840272,1.887993,0,0.1053287,0,0,0.3576043,0.4936666,0,0,0,0,0,0.4243922,0,0,1.160124,0,0,0.3111026,0.9224527,0,0.05057909,0.8028139,0,0,0.3818757,0,0.2789661,0.1786121,0.562219,2.213137,0,0.2102186,0,0.02842312,0.398669,1.041764,0,0,0,0,0,0.3339123,0,0,0,0,0.3916254,0,0.3105766,0,0,0,0,2.766987,0.5074002,1.046028,0,0.09280054,0.5387393,0,0,1.189578,0.1674929,0.1405578,0,0,1.443894,1.042563,0.7737494,0,0.7709086,0.1686661,0.06445927,0,0.08491173,0.00948281,0,0.8300362,0.8738919,0.7042584,0.4614748,0,0,0,0,0.05144221,0,1.642957,0,0,0.48846,0.550611,0,0.1906729,0.5555291,0,0,0,0,0,0,0,0.5831532,0,0.6010829,0.82553,0.3208049,0.02189943,0.4203718,0.6632858,0,0,0,0.8506258,0.1082511,0.09733105,0,0.5245582,0.4226104,0,0.4841861,0,0,0.6055679,0,0.8529817,0,0.08572999,0.4433375,0,0,0,1.336651,0.533704,0.7438458,0,0.5631371,0,0,0,0.09695455,0.3306645,0.3850597,0.03878666,0,0,0,0,0.9671672,0,0.1308196,0.8773921,0,1.477917,0,0,0,0.4532677,0.1523311,0,0,0,0,0,0,0,0.09679779,0,1.130529,0.1566103,0,0.6510966,0,0.5199752,0,0.3365084,0,0,0,0.0916766,0,0,0,0,0,0.5562927,0.6265684,0,0,0,0.8943442,0,1.331952,0.4237931,0.1063849,1.143124,1.016185,0,0,0,0.03050133,0.2816819,0,0.359812,0,0.14489,0,0.1857225,0.160549,0.1397385,1.135293,0,0.1359997,0,0,0,0.2315362,0,0,0.06760059,0,0,0.5191279,0,0,0.0513992,0,0.5716681,0,0,0,0.3209498,0.4498543,0.04210854,0,0.6766863,0.04944367,0,0,0,0,0.7172911,0.6443426,0.2850001,0,0.2176827,0,0.5941139,0.6895503,0.1695048,0,1.238384,0.003574463,0.3612956,0.5732016,0.6674535,0,0.09125836,0.08249236,1.455093,0,0.03032412,0.155576,0,0,0,0.5254074,0.8469691,0.5508786,0,0,0.691658,0,0,1.136808,0,0,0.1943931,0.4839147,1.016568,0,0.6121813,0.4562133,0.3165349,0,0,0.69674,0.00224945,0.1841713,0,0.4823979,0,0,1.75966,0,0.6376719,0,0.1283365,0,0.0536693,0.746349,0.1503646,0,0,0.09841859,0.819595,0.2437944,0,0.2671623,0,0.2189044,0.002424944,0.6467544,0,0,0,1.159161,0,0,0,1.359085,0.1524712,0,0,1.140826,0,0.6478024,0,0,0,0.9052338,0,0,0.03105362,0,0.9020839,0.5323737,0,0.3978596,0,0.03861564,0,0,0.7303224,0,0,0,0,0,0,0,0,0.384052,0.5956957,0.9341133,0,0,0,0.630872,0.3398377,0.09618869,0.1399961,0,0,0,0,0,0.2522653,0.2546852,0.5009258,1.168873,0,0,0.3399181,0.7514412,0,0,0.5863208,0,0,0,0,0,0,1.364342,0.223033,0,1.029777,0,0.1154005,0.3756638,0,0.5479978,0,0,0,0,0,0.003786427,0.4190302,0,0,0,0.2647393,0.142685,0,0,0,0,0,0,0.5114087,0,1.241327,0.9807205,0,0.8944929,0,0,0.09500479,0.1033548,0,0,0.2459464,0,1.218762,0.4373227,0.5306035,0.214806,1.163036,0,0,0,0,0.1688222,0.4826766,0.6522138,0,0.1271178,1.545646,0.4542855,0.4231887,0.1083041,0,1.070995,0.6945028,0,1.031166,0,0,0.2032527,0.3854855,0.05663243,0,0,0,1.459873,0.7101236,0,0.01165652,0,
0,0,0.4651152,0.5161328,0,0.3390698,0,0,0,0.479068,0.1740027,0,0,0,0,0,0,0.4233027,0,2.610253,0,2.607191,0,0,0.6359752,0.1007641,0.1028557,0,0,0.8308709,0.3160726,0,0,1.999105,0,0.2830582,0,0,0,1.612054,0,0.8712023,2.587206,0.2641785,0,0,0,0.7944132,0,1.265172,2.674906,0,0.6190242,0.04748584,0,0.5782718,0,0,0,0,1.172261,2.335907,0.9373056,0,0.4226429,0.8390819,0.6198378,0,0.9867309,0.43104,0,0.9663891,0,0.02064554,0,0,0,0,0.2171537,0.002461806,0.4285085,0,0.6497625,0.09239226,0.2108119,0,0,0.3981312,0,0,0.01030719,0.1018451,0,0.9130415,0,0,0,0,0.7493806,0,0.1796824,0,0,0,0,0.6208212,0.2908045,0,0,0,0,0.3762108,0,1.272915,0.5809231,0.6755913,1.521861,0.7046839,1.405566,0.06970658,0.1454466,0,0.3052348,0,0,0.4309147,0.1417309,0,0,0.6973363,0.2319704,0.9435917,1.938684,0.02977416,0,1.10687,0.5628126,0,0,1.51517,0,0,0,0,0.4695055,0,0.1702211,0,0.0870998,0,0,0,0,0,0,0,0.08872706,0,0.8211447,0,1.2634,0,0.2902086,0,0.2803006,0.1048704,0.209616,0.05817327,0,0,0,0.275075,0.1970222,0.4226538,0,0,0,0,0,0,0.1564289,0.1062169,0.4314539,0.3846198,0.02696292,0.3494641,0.08221477,0,0,0,0,0.1109564,0.2230826,0,0,0.6553525,0,0.5762842,0,0.2139627,0.4871294,1.477826,0.8054891,0.6415385,0,1.436557,0.5710219,0.8048069,0.1980186,0.3366351,0.8787877,1.166171,0,0,0.7767735,0.1409377,0.07933808,0,0,0,0,0.5563967,0.1164669,0,0,1.058895,0.1736085,0,1.751037,1.555272,0.5673456,0,0,0.06229445,0,0,0.675764,0,0.2767926,0,0.3592276,0,0,0,0.1453688,0.1632282,0.7669988,1.560862,2.117977,1.454748,0.01232454,0,0,0.304745,0,0.8841733,0.02894558,0.80909,0,0,0,0,2.03139,1.194385,0,0.00363574,0.2920681,0,0.2909119,0,0,0,0,0,0.07916053,0,0.05883969,1.056686,0,0.3145109,0.9657903,0,1.014734,1.064797,0.5399629,0,0,0.2124077,0,0,1.035017,0,0.2956775,0,0,1.470504,0,0,0.563921,0,0.241325,0,0.1714942,0,0.7201135,0.09392753,0.8122032,1.063666,0,0,0.02823546,1.84063,0.5140599,0.5720137,1.229773,0,0,0,0.8402203,0,0.5156848,0.0477546,0,0,2.42639,0,1.450135,0,0.3913826,0,1.145904,0,0.310493,0,0,0.6314799,0,0.9583538,0.3015308,0.387748,1.723539,0,0.5601752,0.4080856,0,0,0,0.883443,0.7526702,0,0.2390091,0,1.307309,0.1482626,0,0,0,0.02370822,0.7952468,0.957877,0,0,0.1149727,0.250822,0,0.9505103,0.08455011,0,0,0,0.1275667,0,0.5653514,0.7255725,0.3987294,0.1431985,0,0,0,0,1.261561,0.1108093,0,0.7472656,0.6774862,0,0.7449487,0.65877,0.0999805,0.098875,0.9103672,0.01533226,0,0,0.3067152,0,0,0,0,0,0,0,0.1165695,0.697265,0.3286294,1.377624,0,0.3773051,0,0,0.7973123,1.102539,0,0,0.4905774,0.2162561,0.214486,0,0,0.4229976,0,0,0.0740009,0.04476487,0.1537156,0,0.1503288,1.102122,0,0,1.721386,0.3956522,0.8088853,0.3601747,0.6615191,1.325444,0,0.02935332,0,1.430439,0,0,0,0,1.014102,0,0.9141229,0,0.299883,0,0.4685974,0.918016,0.1993118,0.008912998,0.1330243,0,0,0.1818656,0.6100589,0.06159091,0.5492024,0.1835913,0.2421421,0.7206426,0.1009732,0.2389591,0.97145,0,0,0,0.4331333,0,0.4127612,0,0,0,0,0.4999084,0,0,0.2824933,0.1942085,0,0.837167,0,0.5601169,0.1250752,1.184304,0,0.4854836,0.3059915,0.548368,1.956617,0,0.002457663,0.6159751,0,0,0,0.6382196,0,0.7672586,0.1448539,0,0.4473689,0.3482965,0,0,0.7211153,1.174639,0,0.6484264,0.4047683,0.7277472,0,1.047829,0.07339899,0,0.5739074,0.666797,0.1690415,0,0,0,0,0,0.254045,0.3440323,0,0.006301613,0,0.1687331,0,0.3516732,0.4322421,0,0,0,0,0,1.031961,0,0.03816922,0,0,0.3208272,0.1982476,0,0,0,0,0.1434274,1.746756,0,1.23129,0.588465,0,0,0.6155792,0.4209139,0,0,1.072368,0,0.3520606,0.4864076,0,1.692757,0.9619882,0,
0,0.3688056,0,0.7942655,0,0.03860166,0,0,0.4243242,0,0.8881627,0,0,0.234973,0,0.9130502,0,0,0.2060083,0,0,1.423274,0,0,0.5332205,0,1.058435,0.9662221,0.3610729,0,0,0.7261549,0,0.1192892,0.3369282,2.798513,0.3160998,0.7372174,0,0,0.1603025,0,0.6194416,2.49366,1.650754,0.3645526,0.1848106,0.429491,0.4510365,0.04579439,0.3734602,0,0,0.9385657,0,0,0.3364691,0,0,0.3776822,0.6569613,0,0,0.5291633,0.2887373,0,0,1.581289,0,0,0,0.07267433,0.6384976,0,0,0,0.01074298,0,0,0,0,0.8122749,0.4385987,0,0,0.4241737,0,0.9893467,0.4671362,0.3280236,0.4479696,0,0.4119929,0,0.09521705,1.099345,0.7794731,0,0.008738498,0.6296178,0.7658052,0,0,0,0,0.578804,0,0.1369757,0.03696403,0,0.2315396,0.6175125,0.614566,0,0.08318171,0.6880699,0.9568369,0.8178806,0.3228869,1.102493,0.9673486,0,0.8909429,0,0.2462331,1.120745,0.5898379,1.401723,0,1.294243,0.7428609,0.01472373,0,0,0,0.9548096,0,0,0.1324317,0,0.6401308,0,0.6324269,0.5661836,0.9762785,0,0.9199283,0,0.5126593,0.2349253,0.8601849,0.04958501,0.4101263,0.610077,0.1576508,0.5425478,0.1905345,0,0.9824885,0.7805802,0.2409194,0,0.441837,0,0,0,0.6673173,0.6208255,0,0,0,0,0,0.1574313,0.4269327,0,0,0,0,0.2132509,0,1.544311,0,0,0,1.663245,0.6644458,0.1713309,0.9500888,0,0,0,0.8786252,0.6796916,0.3429028,0,0,1.067193,0.9698299,0,0,0,0,0.2511672,0.1767851,1.027508,0.0911053,0.4741422,0,0.7555918,0,2.022671,0,0,0.7486463,0.489009,0,0,0.4712698,0,0,1.063298,0,0,0.2877001,0.7071483,0,0.1634776,0,0,0.06184499,0,0,0,0,0.6199282,0.317939,0.00271881,0,0,0,0,0.9349369,0.4393665,0.1296163,0.2886756,0.5895101,0,0,0,0.6543067,0.7027403,0.2012825,1.737372,0.754123,0,0.2435543,0.4549644,1.160256,0.8190592,0.5807072,0,1.070192,0.5957035,0,0,0,0,0,0.008825357,0.04753437,0.8627487,0.8497631,1.137645,0.2657401,0,0.6212092,0,0,0,0.9140303,0.3658609,0.8943291,0,2.296548,0.01346334,0,0,0.1974401,0.9278788,0.8239178,0,0,0.9833392,0.2201513,0.1279716,0.6402321,0.09617766,1.104906,0,0.7729987,0,1.114681,0,0,1.615495,0,0.5429318,0,0,0,0,0,0.926205,1.727933,0,1.087561,0,0.1919642,0.3705306,0,0.3517614,0.7569392,0.4970411,0.6602974,0,0.1174798,0.2422695,0,0,0.9023861,0.4005007,0,0,0.1764717,0,0.6312024,0,0,0.3529823,0.6139216,0.6153876,0.3374348,0.6694034,0,0.504702,0,1.815099,0,0.3591897,0.1778503,0,0,0,0,0.8538541,0,0.1357606,1.530887,1.326017,0,0.01563288,0.7463766,0.1871927,0,0,0,0,1.043275,0,0,0,0.04256146,0.3628565,1.30304,0,0,0.7430773,0.321423,0.7277556,0.3159875,1.51697,0.002216743,0,0.7753209,0,0.2868842,0,0,0,1.577316,0,0,0.2314234,0,0,0.002470281,0,0,0.9071051,0,1.61755,0,0.5245123,0.291411,0,1.814865,0.9222718,0,1.122637,0,0,0,1.138119,0,0,0,0,0,0,1.218762,0.2842292,0.9483327,0.5732778,0.87858,0,1.175621,0,0.01358135,0,0,0,0.4343756,0.1841363,0.4421105,0.4020157,0.3929182,0.6302232,1.163344,0.4402056,0.5405472,1.091392,0.1725724,0,0,1.078513,0,0,0.06617106,1.614982,0,1.141715,0.7367856,0,0,0.01302654,1.036665,0.0212417,0.7243013,0,0.5783122,0,0,0,0,0,0,0,0.04022541,0,0.03233384,0,0.494344,0,0,0.2481225,0,0.7644721,0.3012408,0,0.08435228,0.3402786,0,0.09985607,0.9463145,1.059213,0.8341486,0.3847833,0.1461015,0,0,0,0.1368844,0,0.2248266,0,0.1360716,0,0,0,0.9771423,0.8512658,0.09441239,0.9269625,0.8876299,0.6266896,0,0.2852181,0.8717896,0.8703053,0,0,0,0,0.4596187,0.02461221,0.03980295,0.08006145,0,1.480051,1.217433,0,0.6635085,0,0,0,0.9550856,0,0.9209611,0.626546,0,0,0,0,0.177378,0.4548131,0,0,0,0,1.376769,0,0.6354104,1.257327,0,0,0,0,0,0,0,0.6184579,0.3203622,0,0,0,0,0.7906217,0.05703722,0.4632451,1.234895,0.112668,0.05223736,0.1889228,0,0.5694824,0.7467143,0,0.5007166,0.2647651,
0,0,0,0,0,0.002174219,0.1781677,0,0,0.004491717,0,0.1295388,0.5054631,0.5059012,1.267379,0,0,0.3121558,0,0.03280288,0,0,0,0.5933704,2.275606,0,0.7920979,0.198694,0,0,0,0.4538648,0.5890797,0,0,0.443226,2.99045,2.799614,0,1.089078,0,0,0,0.1443552,0.4118159,0,1.2702,1.384948,0,0,0,1.7629,0,0,1.730226,0,0.6083426,0.06353736,0,0,0,1.654301,0,0.5321455,0.01999284,0.7079886,0,0,1.260064,0.8733253,0,0,0.07966095,0,0.9723158,0.9596131,0.2399799,0,0,0,0.2806939,0,0.2495379,0.5509024,0.146027,0.04179678,0.1010282,1.1167,0.08319513,0,0,0,0,0.8965338,0.0420818,0,0,0,0.3760011,0,0.5693362,1.411886,0,0.06192826,0,0.1555646,0,0.01419532,0,0,0,0,0,0.9035867,0,1.406105,0.2347123,0,1.474228,0,0,0,0,0.5168483,1.743129,0,0.5815257,0,1.058633,0,0.1001573,0.6262732,1.102436,0,0,0.865626,0,1.120216,0.3487064,0.4134742,0,0,0,0,0.9436626,0,0.3710412,0,0,0.1289285,0.2170041,0,0.7684665,0.1619955,0.9605398,0,0,0,0,0,0.4037673,0.9414088,0,0.935859,0,0.9673089,0,0.1286509,1.246672,0,0,0,1.337064,0,0.367883,0,0.4982225,0.4843385,0.04242365,0,0,0,0,0.2215228,1.743707,1.556359,0,0,0,0.4380345,0,0,0,0.871817,0,0.2626309,0.2868723,0,0.9496014,0,0.170964,0.05294936,0.307427,0,0,0.4602632,0,0,1.078839,0.4131597,0.55967,0.5501204,0,1.366121,0,0.6119429,0.305416,0.07501706,0,0.7893824,0.6942183,0.1613746,0.5556936,0,1.652689,0,0,0,0.04650203,0,0,0.3705936,0,0,0,0.8162518,0,0.3166078,0.3424063,0.2935773,0.9962493,1.661227,1.565278,0,0.3493608,0,0,0,0,0,0,0,0.404247,0,0,0,0,0.1138581,0.121838,0.7777098,0,0.4534951,1.146974,0.247761,0,1.04457,0,0.5882022,0,0,0.7467017,0.1881068,0,0,0.3950144,0,0.562378,0,0.7221115,0,0,1.938639,0.2179674,0.4641183,0.1841908,0,0,0,0,0,0.860275,0,0.2147826,0,0,0,0,0.7479484,0.5416475,0.04120715,0,0,0.309421,0,0.42961,0.6899933,0.784777,1.706243,0.4710137,0,0,0,0.5871058,0,0.1341126,0,0,0,0,0.4074247,0,0,0,0,0.6999089,0,0,0.7294366,0.4902918,0.3335565,0,0,0.917919,0.5705819,0.6161618,0.9645982,0.4743594,0,0.5394621,0.5454496,0,0.2437198,0.2057049,0,0,0.1797989,0,0.8875328,0,0,0,0.4002894,0.2755401,0.7440372,0,0.3690805,0,0,1.117943,0.5927213,0,0,0,0,0,0,1.147512,0,0,1.348307,0,0,0,0.4318854,0,0,0.7505991,0.1957795,0.6337001,0,0.9043415,0.164532,0,0,0,0,0,0,0,0,0,0.7404904,0.5492327,0,0.09562304,0,0,0.06146457,0,0.2777179,0.8342785,0.3547392,0,0.7822145,0,1.399651,0,0.9867843,0,0,0,0,0.2972577,0,0,0,0,0.03127663,0,0,0.2459223,0,0.9675266,0,0,0,0.6139416,0,0.002487349,0.3241204,1.013383,0.5601603,0,0.05982781,0,0,0.4212908,0,0,0.8000427,0.4890016,0.9257426,0,0,0.7388165,1.298811,0.4498993,0.9008474,0,0,0.8551637,1.25807,0,0,0,0,0.2457756,0,0,0,0,0.7404853,0,0,0,0.3166445,0,0,0.3854097,0.8033441,0,2.091868,0,0.8900937,0,0,0,0,0,0,0,0,0,1.021929,1.086653,0,1.141008,0,0,0,0.1215477,1.528897,0,0,0.06599534,0,0,1.324963,0,0.6068691,0,0,0.643877,0,0.1288455,0,0.6048805,0,0,0.02510273,2.195129,1.293936,0,0.9005507,0,0.5355089,0.4145832,0,0.8590902,0,0.6853601,0.4317722,0.5778821,0.232842,0,0.977496,1.245897,0.3149557,0,0,0.0600499,0,0,0.3276848,0,0,0,0,0,0.2747219,0.1830052,0.417961,0.1438286,0,0,1.506032,0.7253964,0.5950029,0,0,0.2419336,0.4495791,0.9709476,0.05933443,0.2327364,0.6530085,1.543644,0.9628885,0,0.3710867,0.345749,0.4382143,1.360347,0.5352521,1.195015,0,0,0.0293307,0,1.324403,
0.6739653,0,0,1.050318,0.03475492,0.3633148,0,0.1308471,0.06256187,0,0.07520869,0,2.062619,0,0.2409225,0.2434794,0.9712642,0,0.3830652,1.096998,1.369782,0,0,0,2.583559,1.021326,0,0,0.9112104,0.7757394,0.7383856,0,0,0,0.2496728,0,0,0,0.6832584,0.5779308,0.620478,0.3057801,0.5137943,0,0.7904605,0.4096799,0.1466144,2.423548,0.6080132,0,0.8740354,2.044471,0,0,1.786319,1.942982,0.6991495,0.4421223,0,0,0.04842765,0,0,0,0,0.7841339,0,0.4494055,0,0,0.5006412,0,0.9274027,0,0,0.7512029,0.7031676,0,0.2126947,0.06192732,0.3777169,0.2849636,0,1.439986,0.5866963,0.1333119,1.690794,0.8214308,0,0,1.109312,0,0,0.1378237,0,0,0.3011333,0,0.09193558,2.466409,0,1.432112,0.4062701,0.3970521,0,0,0,0.817434,0,0,0.1224514,0,1.029091,0,0.1906379,0,0.7432588,0,0.006005641,0.5182602,0.230766,0.7757102,0.1900416,0.6501907,0.4298621,0.2266152,0.5742021,0.4032996,0.09381983,0,0,0,0,0,1.094774,0,0.4924304,0,1.243394,0,1.455876,0,0.01737455,0,1.29481,0.7849644,0.4277066,0,0.06602443,0,0.7297705,0.2449675,0,0.6471464,0.6432995,0,0.308394,0.2407407,1.733208,0.2678062,0,0.2402492,0.8716716,0.009890117,0.2259262,0,0,0,1.470303,0,0,0,0.6870128,0.139381,0,0.6832279,0,0.1081794,0,0,1.093494,0,0,0,0,0.4147119,0.7002709,0,0,1.048698,0,0.1481347,0.4383514,0,0,0,0,0,0,0,0,0,0,0,0.02919415,0.691223,0,0.4185725,0.2410267,0,0.4091648,0.4848221,0.6594241,0.1261092,0.4010823,0.04871824,0.5184807,0.04553886,1.57216,0,0.09791406,0,0.3950458,1.250618,1.995448,0.6425573,0,0.4379517,0,0.07400676,0.4100608,0,0,0.459377,0,0,0.3790377,0.3183779,0,0,0.3618947,0,0,0,0.5332342,0,0.003956642,0.3082829,0.3462071,0,2.486004,0.1876649,1.028534,0,0,0,0,2.109034,0,0,0,0,0,0.9275609,0.6210468,0,0,0,0,0,0.09890838,0.1639869,0.7547901,0,0,0,0.4107478,0,0.4727947,0.6410775,0,0.5090219,0,1.040007,0.74946,0.05868762,0.3382952,0.570882,0,0,1.076141,1.069152,0,0,0,1.035948,0,0.2736281,0,0.5667666,0,0,0.2343088,0.2076007,0.4174859,0,0.2855053,0,0.08013687,0.3389419,0,0,0,0,0.1272082,0,0.07676398,0,0.2060005,0,0,0,0,0.03520653,0.1083882,0,0.7692331,0.3287168,0.1656594,0.7208255,0,0.3932821,0,0,0.1246008,2.328155,0,0.8458457,0,1.239505,0.3582498,0,0.1331852,0.5966969,0.3427067,0,0,0,0.8753229,0.3455063,0,0.4487236,0.27608,0,0,0.4028709,0,0,0.6178489,0,0,1.037264,0.4027222,0,0,0,1.010368,1.272866,0.9797558,0.496189,0.2128637,0,0.7753518,0,1.182258,0,1.437993,0.1236637,2.478994,0.9879041,0.932674,1.153541,0.366317,0,0,0,0,0,0,0,0.3898809,0,0,0.7437824,0.09891196,0.07504418,0,0.5270365,1.000509,0,0,0,0.3757899,0,1.290712,0,0,1.291956,0.02144579,0,0.3112532,0,0,1.427883,0.983407,0,0.4567983,0,0,0,0.6791106,1.455902,0.2660498,0.9459295,0.2126072,0.5005156,0,0.9613562,1.634122,0.7775733,0.1957655,0,0,0,0.09077109,0,1.23555,0.5458825,0.5017326,0.1060254,0.7345546,0,0.2022621,0.1731823,0.1017162,0.6552848,0,0,0.00762005,0.4163816,0.8640131,0.3953961,0.6214603,0.4026627,1.059399,0,1.128474,0.6576351,0.4441068,0.02871832,0.4100949,0,0.6119327,0.608089,0,0.6620964,0.0437182,0,0,0.06448153,0,0,0.09833308,0,0,0,0,0,0,0,0.4987869,0.2818238,0,0,0,0,0,0.3615608,0.9491411,0,0,0,0.2593697,0,0.002505936,0.6317015,1.402233,1.678265,0,0,0.3872692,0,0,0,0.2299373,0,0.00220515,0,0,0,0.1596844,0.4170852,0.0477719,0,0,0,0,0,0.07145587,0,0,0.05442591,0,0,0.3245516,1.585057,0,1.823025,0,0,0.5067232,0,0,0.7491326,0.1647696,0,0,0.7151443,0.833058,0.8140188,0.03780277,0.4457567,0.2122029,0,0,0,0,0,1.155129,0,0,0.1005008,0,0,0.4076318,0,1.167105,0,0,0,0.1285134,0,0,0.3780026,0,0.8170758,0,0.6522792,0,1.197852,
0.477216,0.2408321,0.08211201,0.9224393,0.2625878,0,0.2704771,0.731256,0,0.700976,0,0.4295498,0,0.8238806,0,0,0.05150045,1.248643,0,0.396575,0,1.725932,0,0,0,0,1.461536,0,0,0,0,0.330614,0.07336831,0.1139765,0,0,0.3223412,0,0,0,0.1281187,0,0,0.7457268,0.3153323,0.04464117,0,1.876608,0.8610668,0,0.8394885,0,0,0.4414381,0.5820973,0,0,0.111499,0,1.708491,0,0,1.615507,0.01091603,0.7106181,1.04669,0.6738262,0,0,0.4392684,0,0,0,0.1345995,0.02024923,0,0,0.04748604,0,0,0,0,0,0,0.7968714,0.2823915,0,0.07435223,0,0,0.04363002,0.8637816,0,0,0.143919,0,0,0.9476457,0.2835424,0,2.726751,0,0.5299369,0.4343492,0,0,0.2109715,0.9999457,0,0,0,0,0.2133201,0.4273318,0,0.06230951,1.17212,0.2017199,0,0.2250327,0,0.2743384,0.4208624,1.658863,0,0.004959694,0.4230588,0,0.0170908,0,0,2.65658,0,0.7377961,0,0,0,0,0.3930951,0.3100502,0,1.071599,0.5771897,0,1.302046,0,0,0,0,0,0.5355457,1.039917,0,0.9721274,0.6736361,0,0,0,0,1.927914,0,0,0,0,0.7583164,0,0.1763858,0.6965685,0,0.8989919,0.8822911,0,0.01006803,0,0.5147492,0,0.2658823,1.03608,0.1104201,0.8587259,0,0,0,0,0,0,0.5622435,0,0.5997877,0,1.013806,0,0,0.6091767,0,0,0,0,0,0.7005251,1.185794,1.379038,0,0.5222309,0.2892165,0,0,0.5350106,0,0.5698153,1.051098,0,0.04920479,1.032562,0,0,0,0.06912307,0,0.2089253,0.7158412,0,0,0.1650737,0.9810747,0.503746,0.4934983,0.458345,0.9311174,0.04017822,0.6018096,0,0,0,0,1.210329,0,0,0.02745782,0.007911136,0.1037522,1.163441,0.2665384,0.1119327,0,0.2241173,0,0,0.724147,0,0.6280038,0,0.8220133,0,0,0.21802,0,0.6788771,0,0,0,0,0.08371002,0,0.08235625,0.623705,0,0,0,0.4367117,0,0.3382977,0,0,0.3929442,1.809921,0,1.700855,0.7896632,0,0,0.8701745,0.002223958,0,0.06597729,0.1274801,0,0,0,0.3110196,0.1428463,0.8745318,0.533148,0,0.1277137,0.4527383,0.9663532,0,0.7809789,0.4408236,0,0.3848739,0.03122633,0.3705613,0.9710299,0.3098831,1.250129,0.4712977,0,0.3818102,0,0,1.156685,0,0,0,0.3050413,0,0,0.192256,0.3892265,1.009563,0,0.7731171,0,0,0,0,0,0.1096948,0.5580215,0,0,0.01786347,0.5648604,0,1.130527,0.2261821,0,0.004602211,0,1.290931,0,0.3060783,0.7625489,0,0.3821312,0.4177016,0,0,0,0.1530726,1.046374,0.2048773,0.4803034,0.3931588,0,1.130767,0,1.083217,1.288034,0.5255041,0.123115,2.234599,0,0.2619251,0,0,0.1633274,0.7640688,0.1641652,0,0.6410896,0,0,0.390035,0,0.1615979,0,0,0,0,0,0,0,0,0,0,0,1.533967,0.1861932,0.1294328,0.817068,0,0.4290997,0,0.1805226,1.27379,0,0.783074,0.4521468,0,0,0.4375042,0.2211684,0,0,0.01561695,0.7255443,0.0843062,0.1251947,1.531003,0,0.5307046,0.09404829,0.1525076,0,0.1857187,0.0689529,0,0,0,0,0,0.04794404,0,0.6606669,1.018017,0,0.9457592,0.9220784,0.2060717,0.5294245,0.002145588,0.3687893,0,0.4664801,0,0,0.005081938,1.086572,2.18535,0,0,1.553749,0.774301,0,0,0,0,0,0,0,0,0,0.8426342,0.3118926,0,0.6202209,0.1152122,0,0.4916947,0.3589683,0.07407496,1.022916,0.2478144,0,0,1.265741,0.7617313,0.8667747,0,0,0,0.1940814,0.1024742,0,0,0.347156,0.7845412,0.7845859,1.238995,0,0,0.3737825,0,0,0,0.2189701,0,0.1053299,0,0.4943526,1.110557,0.307449,0.3143573,0.2681008,1.126422,0,1.053333,0,0.1438344,0.3148346,0,0,0.44723,0.02262131,0.01308587,0.2240305,0.5756153,0.5598004,0.08599632,1.506692,0,1.382761,2.121922,0.4847061,0.01279788,1.513547,0,0,0.8803754,0,1.05437,0,0,0,0,0.3828616,0.9475788,0,0,0,0.2984744,0,0,0.002432222,0.3124303,0,0,0,0.9258446,0,0.5618134,1.453463,0,0.6222957,0.2950353,0,0,0,0,0,0.2755031,0,0,0.1553971,0,1.285591,0.2515349,0,0.1547555,0.8508577,0,0,0.8359793,0.5766611,0,0.5238632,0,
0,0.7035234,0.4380252,0.7289175,0,0.1676275,0.9270976,0,0.2352078,0.3314586,0.2467705,0,1.140207,0.01346995,0.583873,0,0,1.263742,0,1.025731,0,0.3536503,0,0.5781068,0,0,0.5858762,0.3438853,0,0,0,0,0,0.7896386,0,0.3638465,0,0,0.4263515,0,0,0,0.1599867,0.2743881,1.354611,0,1.272608,0.1079726,0,0,0,0.2022946,0,0.009997678,0,1.04241,0.5821787,0,0,0.06443402,0,0,0.6811292,0,0.1096538,0,0,0,0.6057629,0,0.3450362,1.458945,0.2438665,0,0,0.4462259,0,0.3260162,0.1715208,0,0.2257208,0.4770589,0.4365232,0.3067743,0,0,0,0,0.4247696,0.4467372,1.126046,0.9587728,0.7918308,0,0.02740577,0,0,1.296878,0,0,0.4264553,0,0,0,0.86786,0.07860306,0.3577813,0.1034508,0.1804219,0,0.3066564,0,0.7018769,0,0.3159794,0.4479491,0,0,0,0,0.7253661,0.3782296,0.1481966,0,0.09954754,0,0,0,0.5113744,0,0,0,1.582596,0,1.431645,1.007113,0,0.5768511,0.1476056,0,0.8784869,2.011897,0.4373815,0.03066881,0.2396903,0,0,0.2609174,0.1612726,0,0,2.765181,0,0.04138448,0,0,0,0.9181907,0.007848907,0.8821338,1.933264,0,0,0,0,0.4983765,0.2225575,0,0.1608932,0,0,0.1327307,0,0,0.7630627,0.4113239,0.4853671,0,0.04648557,0.1437092,0.005434893,1.624532,0,0.2171113,0.4948195,1.247213,0,0,0.8247105,0,0.06036611,0.5889776,0,0.2759635,0.3149625,0.283304,0,0.002107645,0,0.5911222,1.060541,0.4432201,0,0.8180642,0,0.8281556,0.357136,0,0,0.6284112,0.2989142,0,0.4266378,0,1.533781,0,0.3215426,1.03552,0.2802449,0.3368308,0,0.9617387,0,0,0.1218481,0,0,1.575056,0,0,0,0.8061175,0,0.9169106,1.089804,0.5720903,0,0,0.5484715,0,0,0,0.1850868,0,0,0.1684,0.4336652,0.5141879,0.01468163,0,0,0,0,0,0.4268541,0,0,0.3334371,0.5052748,0,0,0.9825053,0.3819595,0,0.3841741,0.3117267,0.7320806,0.2179749,0,0.3168083,1.491715,0.2221336,0,0.3271139,0.2394779,0,0.3616954,0.03237279,0,0,0,0,0,0,0,0.7915586,0,0,0,1.119885,1.179016,0,0,1.087514,0,0.01043377,0.7499892,0,0,0,0.04620457,0,0.3267276,1.069242,0,0,0,0,0,0.6765515,0.2663415,0,0,0,0.4174155,0,0,0,0,0,0.6050816,0,0,0.1112598,0,0,0.2913235,0.002300938,1.807209,0,0,0,0,1.236522,0,1.027615,0,0.07940385,0,0,0.2799558,0.5412413,0,0,0.6652963,0.02560236,0.7251421,0,0.9693773,0,0.2823252,0.4885794,0,0,0.4339876,0,0.2754484,0,1.071774,0,0.7843001,0,0.5790442,1.65329,0.02248876,1.413571,0.7200155,0.3233576,0.4961054,0,0,0.330161,0,0,1.005271,0,0.7588162,0,0,0.4760303,0,0.2371646,0.6749374,0,0,0,0,0.9662261,0.3517917,1.075796,1.775354,0.3901224,0,0,0.1948687,0,1.827667,0.227205,0.2112509,1.063248,0.1515176,0.5642645,0.3075516,0.05104693,0.7746357,0.2241234,0.2895433,0.064426,1.139105,0,0.6861362,0.3526028,0,0,0,0.3506964,0.5558317,0,0.0424346,0,1.489462,0.08368151,0.1219983,0,0,0.3776073,0,0,0.398792,0.1015114,0,0.833885,1.061152,0.9330618,0.2811483,0.3432375,0,1.259907,0.8058953,0,0.8577503,1.298805,0.3114468,0,0.2554357,0,0.8151313,0.372465,0,0.08115967,0.4247367,0,0,0,0.5099738,1.396186,1.508512,1.534569,0,0,0,0.3048261,0,1.510273,0,1.269492,0,0,0,0.7458848,0,0.4063753,0.6693617,0.2456992,0,0,0,0,0.3823904,0.1055281,0.1193674,0,0.5315567,1.29936,1.169616,0,0.7340058,0.4898176,0,0.1104691,0,0,0,0,0.4618186,0,0.990403,0.1905709,0,0.7756965,0.22773,0,0,0.6181564,0,0,2.004332,0.4375403,0.3363859,0,0.5972313,0.3789293,0.1176635,1.622076,0,0.2301875,0.7091188,0,0.05741462,0,0.9870562,0,0,0,0,0,0,0.19099,0.2080978,0,0,0.7547128,0,0.2918032,0,0.6304315,0,0,0.8918612,0,1.015489,0,0.2177476,0,0.6301395,0.03048805,0,0.9617989,0,0,0.08722994,0,0.1346248,0.3981962,0,0.5298799,0.3568011,0,0,0.9623872,0.9236956,0.3866989,0.7523288,0.9714479,0.002299331,0,0,0,0,0,
0.2685192,0.1155718,1.240874,0.8197619,0,0,0,0,0,1.204094,0.1898507,0.003980156,0.9679664,0.09671316,0.8145854,0,0,1.117563,0,0,1.214111,0,0.4571441,0.5960016,1.044751,1.801827,0,0.4499252,0.9133061,0,0,0.02777505,1.13175,0.5531626,0,0,0,0,0.1427348,1.083265,0.9552606,0,0,2.411879,0,0,0,0.6969846,0.1881118,0.920458,0,1.905836,0,2.188937,1.129987,1.699309,0,1.620538,0.4264416,0.2974993,0.2396496,0,0,0,0,0.62499,0.5710093,0,0.2479138,0,0.4957755,0.5775558,0,0,0,0,0.625865,0.151909,0.3056388,0.3705234,0.01257753,0,0.5305067,0.09503124,0.7050725,0.3557318,0.1683417,0,2.270342,0.7333638,0.3546641,0,0,1.668723,0,0,0,1.415062,0,0.8082849,1.002685,0.8790377,0.2401468,0.3336501,1.189747,0,0,0,0,0.4678407,0,0.619415,0.9923993,0.7641,1.677497,0.1711874,0,0.4708139,0,0.5872592,0,0,0,0.3460321,0,0.2961882,0,0.9101264,0.8078522,0,0.4781707,0.007075968,0,0.9864239,0,0,0,0.4469416,0,0.2835606,0.5614979,0.5185269,0,0.180139,0.3438956,0.3578416,0.2445247,0.002331395,0,0.9538336,0.2409114,0.1528352,0.5367426,0.02353431,0.8957317,0,0.5371651,0.06796363,0,0,0.3218348,0.3680253,0.357269,0,0.9276665,0,0,0.6018736,0.6493674,0,1.321443,0.02185099,0,0,0,0,0,0,1.057052,0,0,0,0.09149064,0,0.1977534,1.171039,1.1101,0,0.2063771,0,1.105588,0,0.2476908,0,0,0,0,0,0.1772496,0,0.9545947,0.3454156,0.4617614,0,1.133549,0.3671669,0.5409356,0.8222575,0,0.8973143,0.3732033,0,0.3064224,0.4787929,0,0.8581786,0,0.7349544,0,0,0.2504339,0.6946745,2.199882,0,0,0.5707393,0.119667,0,0,1.547165,0,0.6608273,0.05886419,0,0,0.08383103,0,1.130986,0.2169417,0.5974273,0,0.764414,0,0,0,0.998278,0,0,0.6855278,0,0.1486022,0,0,0,0.03989081,0,0,0.9943509,0,1.543519,0.8867777,1.289382,0,0.7543852,0.3062758,0.330743,0.4011772,0.5436865,0,0,0.2592883,0,0,0.4715234,0,0,0,0.4397336,0.6552461,0,0,1.111433,1.280733,0.09598891,0.7011042,0,0.9859231,0,0,0.4771193,0,0.686046,0.6238597,0,0,0,1.009358,0,0,0,0,0.8766489,2.185057,0.0132153,0.1279668,0,0.4264244,1.335441,0.6377817,0.07492178,2.069402,0.4618832,1.00033,0,0.7097601,0.6834793,0,0.2811606,0,0.590641,0,0,0,0.9685234,1.432202,0.2431051,0.1418317,0,0,0.6182354,0,0,1.098357,0.7786939,0,0,0,0,0.2540002,0.1712241,0.08644547,0.2313657,0,0,0,0.190374,0.6711808,0,0,0.1576981,0,1.463131,0,0.6244081,0,0.1512613,0,0,0,0,0.3734418,0,0,1.323525,0,0.2997868,0.004871839,0.5196851,0.7231863,0.4066327,0.9286216,0.5405964,0.1637514,0,0,0.4382665,0.6857436,0.318208,0,0.3344082,0.1070221,0,1.134146,0.1935449,0.1073765,0,0.04238296,0.9395525,0.3239398,0.3846152,0,0.139833,0.6577133,0.0124723,0,0.2397404,0.6626198,0,0,1.400338,0.05654145,1.166472,0,0.1827126,1.11888,0,0,0.1939521,0,0,0,0,0,0.02165723,0.6629444,0,0,0.6754051,0.03849903,0.5377188,0,0,0.5227601,0.299859,0,0,0,0.01799658,1.671671,0,0.2675653,0,0,2.030108,0,0.02926239,0,0,0.672033,0,1.581433,0,0.8533051,0.1972543,1.559186,0.3478205,0.7671389,0.3416884,0,0,0,0.8298151,0.1117317,0.3533754,0.4608777,0.1498476,0.970396,0.1999829,0.343365,0,0,0.2632535,1.795646,0.276507,0,0,0,0,0,0.6929081,1.141947,0.3878405,0,0,1.495619,0.5988164,0,0.6581632,1.042501,0.06430656,0.4457886,0,1.440106,0,0,0,0.0599301,0.4846378,0,0,0,0.2639979,0,0.6976413,0,1.565151,0,0,0.534192,0.5142879,0,0,0.15337,0,0.719281,0.2657152,0,0,0.3399697,0,0,0,0.5365441,0,0.1228545,0.3046408,0.2444861,0,0.7950655,0,0,0,0.7096254,0.1316887,0,0.005054769,0,0.8617509,0,0,0.2949771,0,0,0.5531302,0,0.7860121,0.4338974,1.007872,0,0,0,0.3706327,0,0,0.330253,0.3762237,1.363031,0,0.527616,0,1.410274,0.2409464,0.9385376,0.9397075,0.879099,0,0.4568757,0,0,0,0.4998973,1.391317,0,0,0,0.1545515,0,0,1.025977,0,
0.6864904,0.2376389,0.3621276,0,0,1.253075,0,0.1900363,0,0,0.4004534,0.1035649,0,1.072935,0,0,0.3903021,0.3996379,0.5226871,0,1.367771,0,0.509917,0.2799508,1.105426,0.9734755,0.1471569,0.6311151,0,0,0.359356,1.199074,0,0.008991621,0.6712718,0,0.26545,0,0,0,0,0,1.548368,0,2.222152,0.5422575,0,0,0.2446637,0,0.1591807,1.442936,0,0,0,0.2845884,0,0.1047319,0,0,1.726658,1.105213,0.1731624,0,0,0.2781842,0,0,1.180741,0,0,0,0,0,0,0,0,0,0,0.2240645,1.005182,0.1952514,0,0.2542256,1.688002,0,0,0,0,0,0.5700478,1.186214,0,0.8458671,0,0,0,0.9860756,0,0.7422392,0.8219731,0.4256314,0,0,0,0.4561191,0.3220427,0.08719612,0,0.08767344,0,0,0,0.2482781,0,0.2343244,0,0,0,0.008144993,0,0,0,0,0.3871725,0.8329231,0,0,1.793519,0,0,0,0.6664426,0.5798945,0,0,0,0.5927157,0,0.1532323,0.2012149,0,0.6658138,0.02342755,0.2338937,0,0.4432918,0.7247919,0.2960544,0,0,0,0,0,1.296715,0,1.135158,0.2764541,0,0.5553363,1.230022,1.501844,0,0,0,0,0.06260283,0,0.4556342,0.4479017,0,0.922811,0,0.182652,0,0,0.01679581,0.6994259,0.9303523,0.1088142,0,0,0.4593897,0,0.7406697,0.3369859,0,0,0,0.6121098,0.4155273,0,0,1.067624,0,0.2907221,0,0,1.574236,0,0,0,0.3585357,0,0,0.2603199,0.9336283,0,0,0,0.07410054,1.779583,0,0,0,0,0.03407333,0.3618327,0.1523499,0,0,0.5744768,0.3907806,0,0,0,0,0.09096686,0.6167361,0,0.4092774,0.1132031,0.8438604,0,0.1735183,1.261403,0.7395825,0,0.5612696,0.06386878,0,0.1192733,0,0.09120647,0.3156999,0,0,0,0,0.4560607,0,0.7583341,1.084593,0,0,0.552523,0,0,0.6663185,0.6096652,0,0.8312816,0.1995464,1.43809,0.4970285,0,0.5018463,0.4407138,0.3817324,0.1220807,0,0,0,0,0,0.2846495,0,0,0,0,0.5358102,0.878948,0.2807187,0,0.9224779,0,0.3874112,0.7255513,0,0.7414752,0,0,0,1.813687,0,0.0125556,0,0.6791435,0.424285,1.007479,0.6069065,0.5467405,0.08676254,0,0,0,0.06117877,0,0.3796404,0.1348181,0,0.0786728,0,0.8525713,1.217698,0.9801586,1.022402,0.2382102,0.6236768,0,0,0,0.310729,0,0,0.7739351,0,0.6591667,0.1330914,0,0,0,0.7148373,0.2567485,0,0.2637998,0,0,1.368114,0.002627671,0,0.4009668,0,0,0,0.07888808,0,0.8795083,0.5333967,0,0.1032359,0,0,2.135042,0.04312868,0,0.1081025,0,0.9641505,0,0.4808137,0,0,1.171346,0,0,1.207895,0.4260301,0,0.02147182,0.03545353,0.1114748,0.1743233,0.4349436,0.4586501,0,0.03367341,0,1.594255,0,0,0.594597,0,0.07463902,0,1.225925,0,0,0,0,0.4949093,0,0.6085216,1.343168,0.5778016,0,0,0.8532262,0.4815187,0,0.3367434,0,0,0,0.5211953,0,0,0.04371442,0.3377893,0,0.2815167,0,0.08915526,0.0440042,0.8745104,0,0.6505782,1.651424,0.1874868,0.7231436,0,0.5138466,1.852596,0.05140348,0,0.009052535,0.3000132,0,0.8896434,0.4711227,0.8269343,0,0.7793351,0.07301249,0,0.5709229,0.7042471,1.274401,0.2950736,0,0.6209908,0,0.3715628,0.7620806,0,0.05862088,0.6842743,0,0.1297561,1.383081,0,0,0,0.2345322,0.09287078,0,0,0.4438159,0,1.366337,0.1297337,0,0.2851884,0.2567551,0,1.056985,0.5964861,0.578834,0,0,1.891229,0,1.901712,0.6755735,0,0.2520848,0,0.7704295,0.8550422,0,0.6734942,0,0.8208214,0,0,0.9092178,0.9210932,0,0.9185035,0.5271621,0.8617823,0,0.1857359,0.9655729,0,0,0.3426157,0.7711254,1.121692,0,0,0.07137142,0,1.262208,0,1.200461,0,0,0,0.2435139,2.039929,0.3155414,0.9180477,0,0,0.1937649,1.714716,0,0,0,0,0.4333238,0,0,1.628866,0,0.848747,0.1100575,0,0.03597864,0.8379,0,0.7846516,0,0.3002894,0,0,0.6741981,1.405146,0,0,1.015068,0,0,0,0.6432655,0,0.9688147,0.1779235,0,0,0.1944112,0.5992264,1.17258,0.7117824,0.1835192,0,0.2407406,0.1785773,0.7620794,0,1.125126,0,1.104649,0.4243882,0.3656782,0,0.247711,0,0.7190827,
0,0,0.4570456,0,0,0.1368409,0,0.4165989,0,0,0,0.9387408,0,0.7173062,0.54569,0,0.1725278,0.06275754,0,0.3439786,0,0,0,0,0,0.5516796,0,0,0,0.5359602,0.03471981,0,0.279835,0,1.398836,0,0,0.6053447,0.1146804,0,1.891881,0.1533093,0.01473018,0,0,0.08125374,0,0,0,1.240318,1.418872,1.184342,0,0.4602941,3.875295,0,0,0,0,0.7716619,0.7463211,0,0.4113389,0,0.1065814,0,0,0,0,0,1.830621,0.7748547,0,0,0.635282,0,0,0.8536611,0,0,0,0,0,0,0,0,0.5625766,0.9037667,1.283826,0,0,0.3107079,0.6043494,1.163899,0.7854058,0.06941629,0,0,0.7243917,0,0,0.8672933,0,0,0.7117028,0,0,0.8623448,0.1296895,0,0.5830846,0.2066175,0.09146307,0.7082828,0,0,0.2739147,0,0,0,0.6336352,0,0,0,0.440166,0.2425966,0,0,0,1.198414,0.08114903,0.231339,0,0.6840088,0.2650923,0.8571134,0,0,0.6939409,0,1.191483,0,1.213031,0,0.3913157,0.1848841,0.625288,0.9798768,0,0,0.5845146,0,0,0,0.1423471,0.450657,0,0.2190984,0.6829786,0,0,0.5872782,0.2213756,0,0.4792366,0.01407756,0,1.11453,0,0.3876027,0,0,0,0.2340282,0,0,0.2060678,0.8893808,0.6551919,0,0,0.9392821,0.9259868,0.418224,0.5937768,0,0,0,0.5005466,1.030724,0.2819194,0,0.5188586,0,0.3137769,0,1.134742,0,0,0.9672701,0.04308328,0.296051,0,0.680385,0.4183321,0.02094402,0,0,0.5567766,0,0,0.04115605,0,0.1262964,1.040066,0.4906583,0,0,0.2918465,0.7680183,0,0,0,0,0,0.3591307,0.3351864,0.5241269,1.339999,0,0,0,0.6537721,0.9472532,0.1914212,0,0,0,0.2018894,0.1997367,0.2399736,0,0,0.9995621,0,0.4773288,0,0.7308189,0,0.7493438,0.5013376,0,0.4802473,0.09717843,0,0,0.1855737,0.5154453,0,1.284041,0.2835671,1.988055,0.2301457,0,2.172365,0.2781657,0,0,0,0.6540253,0.4987696,0,0,0,0,0,0.442197,0.07124743,0,1.931414,0.7942872,0,0.1848609,0.7316745,0.3120882,1.520836,0.3989486,0,0.5748891,0,0,0,0,0,0,0.5970691,0.01556371,0.6513057,0.3879157,0.8036653,0,0.7294134,0.5648303,0,0,0,0,1.301884,0,0.1396222,0,0,0,1.505456,0.005107417,1.407767,0.217361,0,0,1.682841,0,0,0.002281229,0,0.391922,0,0.8299218,0.04049225,0,0.2657642,0,0,0,0.1706963,0,1.185209,0,0,0,0,0,0,1.185168,0,0,0,0,0.1427524,0,1.353719,0,0,0.3976232,0,0,0.8471276,0,0.4170176,0.0385218,0,0,0.1164697,0,0.6053693,0,1.096838,0.6323686,0,0.6401217,0,1.051932,0.1390349,0.6250156,0,2.614937,0,0.6436691,0,1.498208,0,0.5565169,0.5054638,0.1574913,0,2.09291,0,0.6327943,0.6083305,1.526972,0,0,0,0.3308083,0.2293957,0,0,0.9064812,0,0,0,0,0,0.01338598,0.3590601,0,0,0,0.3408976,1.309662,0.07374717,0.1207841,0,0,0,0.5198814,0,0,0,0.2641177,0,0,0,0,2.037794,0.4907794,0.5585993,0.4397178,0.3967081,1.517333,0,0,0.7405886,0,0.9528567,0.05566892,0,0.6534684,0.9688082,0.6076561,0.2599827,1.084624,1.485127,1.017588,0,0,0,1.411785,0.4245764,0,0,0,0.1675612,0,0.5470763,0,0.2046115,0.2231905,0,0.53202,0,0.3017129,0,0.4977629,0.8396409,0,0,0.1116809,0,0,0.7800199,0.3463667,0,0.9351766,0,0,0,0,0.01685861,0.4087055,0,0.4934362,0,0.3941678,0.8094026,0,0.0455001,0.6246895,1.784975,0.8674855,0,0,0,0.7256824,0,0.06664546,0,0.008799458,0,0,0.4920458,0,0,0.1742834,1.124814,1.004501,0,0,0.6064669,0,0,1.035895,0,0.2239305,0.9933639,0.8582281,1.256897,0,0.4759636,0,0,0,0.5370631,0,0.3278126,0.491988,1.606959,1.308442,0.1202828,0.5307816,0,0,0.009707071,0.3294882,0,0,0,0.06581589,0,0,0.1220739,0,0,1.625612,0.7017079,0,0,0.8364002,0,0,0.226916,0,0.1538474,0,1.111618,0.7304347,0,0,0.2688156,0,0,0.9326655,0,0.5654948,0,0,0.2209807,0,0,0,0,
0.05682161,0,0.3972232,0.1242645,0,0,0,0.6134943,0,0.1652758,0,1.126003,0.2742828,0.4322662,0.3918735,0,0,0.4005089,0,0,0.6378245,0.328395,0.6312798,1.052492,0.5722904,0.6226395,0,1.369621,0,0,0,1.342918,0,0.3586348,0.4336958,0.8341777,1.281054,0,0,1.233964,0,0.4308541,2.72558,0,0,0,0,0,0,1.634491,0.2276595,0.1240754,0,0.6187329,2.010613,0,1.522672,1.851748,0.7759479,0.2398449,0.2792988,0.6394572,0.04726036,0.2436879,0.1753405,0,0,1.144637,1.066383,1.289866,0,0.7864844,0.09984224,0,0.3956768,0.7662137,0,0.3004754,0.7877804,0,0,0,0,0,1.144722,0.6901814,0.3475434,0,0,0.01196143,0,0,0.5035824,0.7370961,0,0.1564674,0,0.4877677,0,0,1.431728,0,0,0,0,0,0.4366888,0,0.6366324,0.6770561,0,0,1.631608,0.07543583,0,0,0.3142821,0.3066845,0.8708712,1.781904,0,0.4724661,1.571378,0,0.05339129,0.2295561,0.7018961,0,0.02148424,0.09113968,0,0.3229731,0.6558494,0,0,0.6926766,0,0,0.195684,0.362143,0.245701,0.2891524,0,0.0843076,0.8714146,0,0,0,0.3558751,0,0,0.02090254,0.551093,0,0,0,0.8693556,0.2274793,0.5720448,0,0.4565899,0,0,0,0.2788724,0,0,0,0,0,0.07539187,0,0.1803985,0,0,0.3582363,0.2292123,0,0,0,0,1.168729,0,0.05203795,0.03416937,0,0.0451974,0,0.4725266,0,0.0462192,0,0.702748,0,1.3557,0,0.1717669,0,0,0,0,0,0,1.005119,0,0.6189938,0.4787992,0,0,0,0,0,0,0,0,0,0,0,0.02094915,0,0.2572788,0,0,0.5616617,0,0,0.09136047,1.256087,0,0.332467,0,0,0,1.126003,0,0.3555418,0.5040872,0,0.1097166,0.9514778,0,0,0,0,0.09438484,0.2943743,0.7675055,0,0,0,0,0,1.358893,0,0,0.2301873,0.3648796,0,0.4069323,0.5649436,1.223586,1.108613,0,0.6787879,0.9344774,1.189745,0.2237357,0,0,0,0.3795732,0.1538106,0.1492876,1.786322,1.406483,0,0,0,0,0.3155934,0.4971075,0,0,0.4117638,0,0.2484731,0,0,0,0.03550896,0,0,0.7060762,0.3219213,1.870648,0,0,0,0.2159756,1.309258,1.682525,1.345958,1.244985,0.2732174,0,0,0,0.0693944,1.63548,0,0,0.002203409,0,0,0.2183453,0.08866403,0.611679,0,2.121146,0,0,0.1207167,0.2242297,0,0,0,0.1687141,0,0,1.659258,0,0.3421704,0.770493,0.651398,0.6888722,0,0,0,0.1663434,0,0.1772324,0.6856516,0,0.6884795,0.7584229,0,0,0,0.8339801,0.2376735,0.1902198,0,0,0,1.429454,0,0.05071632,0.4974609,0.7297009,0.1067141,0,0.3505673,0.2826196,0,0,0,0,0,0,0,1.005034,0,0,0,0.7431209,0,0.04342847,0,0,0,1.006852,0,1.148125,0,0.9256899,0,0.2497995,0.1679781,1.943773,0.5188817,0,0,0.2409076,0.8083464,0,0.4343075,0.6189319,0,0,0,0,1.132003,0.3001435,0.2983465,0,0.7933458,0.5744382,0.1317823,0,0,0,0,0,0.5512065,0,0,0.01647602,0,0.09714678,0,0,0,0,0.5072266,0.8820739,0.03104407,0,0,0.1182915,0.9166617,0,0,1.13948,0,0,0.480829,0,0,0,0,0.692903,0.9661143,0.2818865,0,0.08939439,0,0,0,0,0,0,0,0,0.9796598,0,0.6672828,1.031017,1.093934,0,0.4803954,0.7672603,0.0813574,0,0,0.009447454,0,0,0,0.7335497,0.04352614,0,0,0.5484061,0.2306805,0,0.7666034,0.1765747,0.5998798,0.369087,0.08959264,0,0.1773313,0,0.2375008,0,1.054095,0.8298966,0,0.1637592,0.002341563,0,0,0.668991,0,0,0.09305846,0,0.9620549,0,0,0.3206131,1.220183,0.8096961,0,0,0,1.239071,0,0,0.7317485,0,0,0.5051987,0,0,0,0,0,0,0.3312453,0,0,0,0.717742,0,0.3475516,0,0,0.2060442,0,0,0.1429128,0,0,0,0.1662346,0,0.1410359,0.5478805,0.7538531,0,1.084932,0,0.3979682,0,0.5681491,0.837532,0.9618446,0,0.1466422,0,0,0,0,0,1.507573,0,0.5239067,0,0,0.5837533,0.8052902,0,0.3975202,0.008076664,0,0.4592168,0.7015219,0,0,
0.618242,0,0,1.367491,0,0.2481802,0.01599212,0.3312966,0.1730744,0,0,0,0,0,0,0.4366876,0,0,0.9750343,0.5662398,0.1473295,1.125062,0.1374161,1.890851,0,0.6406871,0.2504112,1.848469,0,0,0,0.9906062,1.670768,0,0,0,0,0.5688044,0.4685754,0.3874069,0.3850328,1.193807,0.5821171,0,0,1.873743,0.89862,0.6406968,0.5777416,0.7684456,0,1.469483,0.436866,0.5854435,0.87467,0,0.6253721,0,0,0,0,1.727713,0.3765505,0,0,0,0,0.06348636,1.196483,0.7156154,0.9461315,0.511525,0,0,0,0,0.3203486,0.6044248,1.382739,0,0,0.06072944,0,0,0,0.2946589,0,0,0.3815565,0,0,0.003521377,0,0.8768947,0,0.4734194,0,1.771892,0,0,0,0,0.5420737,0,0,0,0.3397479,0.4215069,0.4292754,0.08297527,0.2787679,0,0,0.1425218,0,0,1.952507,0,0,0,0,0.5221975,0,0.6022391,0,0,0.1167364,0.7414329,0.08332761,0.6999621,0,0,0,0.1742464,1.198361,0,0,0,0.4089037,0,0,0,0.1923673,0.3084128,0,0,0.6965703,0,0,0.05966856,0.8809917,1.270403,0.4888597,0,0.1631225,0.4090317,0.6377522,0.3312128,0,0,0.1748432,0.466712,0,0,0.04740305,1.609233,0,0.4435126,0.668294,0.1511517,0,0,0.4364861,0.1446647,0,0,0,0.3037649,0.3116628,0,0.996911,0.4744431,0.148654,0,0,0.8188162,0,0.1357902,0.8392776,0.7637445,0,0.3437183,0,0,0.1726858,0,0,0,0,0,0.2568353,0,0.69705,0.4506696,0.422922,0,0,0,0.3131965,0.5405819,0,0,0,0,0,0.5129192,0.1416802,0.5881013,1.020947,0.06261788,0,0,0.4804192,1.09171,0,0,0.006745175,0,0,0.3453441,1.042116,0.1466418,0.06673587,0,1.401189,1.656082,0.7875416,0,0,0,0,0,0,0,0.1892974,1.08652,0,0.3641921,0,0,0.5225882,1.116818,1.100161,0.41775,0,0,0,0.2391313,1.18525,0.9313138,0.9977091,0,0,0.5110995,0.02040212,0.2886339,0.9130162,0.5225116,0.1973612,1.282785,0,1.282966,0,0.6534472,0,0.6234598,0.4307235,0.461734,0,0.6429675,0,0.5985742,0,0.9173154,0.3451352,0,0,0.3008458,0.009844224,0,0.2569823,0,0,0,0.8118396,0,0,1.616333,0.6131235,0,0,0,0,0,0.8777702,0,0.2981626,0.533035,0.6834791,0,0,0,1.015929,0,0.3138047,0,0,0,0,0,0.2495569,0,0.4640575,0.1715608,0,0,0.1039695,0.6378614,0.1977064,0,0.04781801,0,0,0.2395583,0.4889448,0,0,0,0,0.4521312,0.8375672,0,0.1476704,0.5575421,0,0,1.238162,0,0,0,0.08140038,0.3316247,0,0,0.2697415,0,0.3879832,0,0,0.2741365,0,0.4061367,0.7390034,0,0.09834342,0,1.513446,0.9542262,0,0,0,0.06102396,0,0.00323653,0.2408564,0.7342895,0,0.7750039,0,0,0.5952286,0.777859,0,0,0,0.1219682,0.5510709,0.4004448,0,0,0,0.7726938,0,0.3267802,0.3967119,0,0.1398513,0.3848571,0,0,0,0,0,0.8821627,0,0,0.8130888,0,0.2868607,1.608259,0,0,0.6222975,1.211038,0.2348731,0,0,0.2743469,0.07126016,0.2612798,0,0,0.1435093,1.202903,0.393655,0,0,0,0,0.3360929,0,0.3234015,0,0.0884396,0,0.2176233,0,0,0,0,0,0.2877481,0,0.3448758,0,0.5655544,0.5548794,0.1314442,0.556316,1.082089,0,0.2311112,0,0.3754652,0,0.3778185,0,0.03084609,0,0,0.002270124,0,0,0,0,0.6868358,1.201238,0.2418114,0.4992468,1.009367,0,0,0.2926228,0,0.8263808,0,0,0.518182,0.4207928,0.8281764,0,0.9803254,0,0.249937,0.2148477,0.2400761,0,0.7851605,0,0.7272666,0,0.00229305,0.6851626,0,0,0,1.037055,1.308554,0,0,0,0,0.2648573,0,0,0,0,0,0.2108167,0,0.1497059,0.4927815,0.1457203,0,0.427359,0,0,0.5206456,0,0.9966797,0,0,0.9195947,0,0,0,0.4822042,0.5147695,0,0,0,1.094826,0,0.5562976,0.3757903,0.5301768,0.5063022,0.4897167,0.7958393,0,0,1.379978,0.3267455,0.2169568,0,0.1686163,0.2871096,0.4762698,0,1.190505,0,0,0.293001,0,0.228433,0,0,0.5409134,0.6403179,0,0,0,0.5167263,0.1486133,0.193252,1.224347,0,0,0.08841738,0.6445667,
0,0,0,0,0,0.1104201,0.3593216,0.6864174,1.04837,0,0.4556623,0,0,1.153161,0.7043493,0.3062052,0.8936414,0.2734295,0,0,0,0,0,0,0,0,0,0.6894841,0,0,1.655138,0.1723403,0,0.4559894,0.4362929,0.4142494,0,0,0,0,0,0,1.120528,0.5877877,0.193619,1.138807,0,0.292449,1.532302,0,0,0.5734563,0,0.602409,0.7741149,0.9649373,0.4858902,0,0.2572157,0,0.662331,0,0.6859231,0.1073346,0.02123526,0.2101704,0,0.1309194,0.183472,0.7725732,0,0.137135,0,0.01690329,0,0,0.1154746,0,0,0.6019137,0,0,0,0,0.5206176,0.9844686,0,0.9899583,0.7489528,0.687656,0.5339807,0,0.2296971,0,0.3907739,1.849669,0,2.514153,0.567268,0,0,0,0.2277066,0.03036521,0.01431173,0,0,0.8420229,0,0,0.3792494,1.283539,0,0.1149201,0.5842984,0.1369236,0,0.03224834,0,0.3620078,0.8894437,0,0.008705125,1.256235,0.4906105,0.2718409,0.3457257,0.519492,2.095255,0,0,0,0,0,0.02566714,1.316103,0,0,0,0,0.2436137,0,2.132466,0,0,0,0.6089641,0.3149047,0,1.084133,0,1.183575,0.2244379,0.3610125,0.04660404,0.1956101,0,0.8697187,0,0.2134408,0,2.047019,0,0.2494573,0,0,0,0.3738022,0.08458587,0.883365,0,0,2.172477,0.6777303,0,0.536507,0.7958068,0,0.7918863,0.3853545,0.3735318,0,0.7158139,0.1932717,0,0.544074,0.5734097,0.5098559,0.1942095,0,0.4818914,0.3881806,0,0,0.9081899,0.6299025,0.3434027,0.5622991,0,0,0,0,0.2556823,0,0,0,0.6405119,0.4690969,0.4175985,0,0,0.5944509,0,0,0.1915052,1.014524,0,0.6355346,0.6391543,1.011355,0.8165081,0.1166993,0.188553,0.1191606,0,0,0.07953361,0,0.8627931,0,0,0,0.0820935,0.4497142,1.068455,0,0,0,0,0.1176168,0.9662085,0.1127056,0,0,0,0,0.5264047,0,1.970084,0,0.3779154,0,0.4632738,0.2538024,0,0.9498612,0,1.601171,0.4960684,0,0.8516485,0.3848662,0.2313917,0,0.1578556,0.5257356,0,0,0,0,0,0,0,0,0.3612654,0.9255781,0,0,0.220778,0.4534366,0.342399,0.663879,0.5669011,0.9813819,0.6386487,0,0,0,0,0,0.1400864,0,0.2245487,0,0,0.3978085,0.8073599,0.05244358,1.455326,0,2.110491,0.4245734,0.9029574,0,1.540379,0,1.200416,0.06920972,0,0,0,0.7302018,1.369234,0.2968888,0.2020396,0.5383154,0,0,0.5262989,0.9249758,0,0,0.5294748,0,0.4017107,0,0.4431922,1.024526,0,0.4721829,0,0.6229005,0.2253626,0,0.8410521,0,0.8368332,0,0,0.8980671,0,0,0.4362781,0,0.4103121,0,0.3978445,0,0,0,0.3460679,0,0.6404358,0.4330005,0,0,1.439665,0,0,0,0,0.1710743,0,0.04036524,0,0.6681712,0,1.214629,0,0.9541168,0,0,0,0.4824888,0.2706354,0.8716996,0.5404132,0,0.01030888,0.2860564,0,0.6875559,0.1173387,0,0.3031636,0,0,0,0.1430874,0.686311,0,0.2671958,1.067702,2.008052,0,0,0.8180754,0,0,0.3870587,0.4076051,0,0.9154471,0,0,0,0.02407402,0,0.9057559,0,0.477556,0,0,0,0.528864,0.8391021,0,0.4705625,0.6343656,0,0.082895,0,0.1557715,0,0,0.7938454,0,0,0.1806495,0,0,0.3623699,0.4225202,0,0.4495888,0,0.07666077,1.12732,0,0,0,1.211715,0.06390431,0.4114839,0.4023629,0.3745732,0.2951366,0.003938812,1.647358,0.2783397,0,0,0,0.5979756,0.153375,0,0,1.238654,0,0.8536723,0,0,0.3808221,0,0.6695185,0.9249045,0.3722503,0.4950584,0.2018801,0.09302468,0.711507,0,0,0.6594164,0.4300142,0,0,0,0,0.1376993,0.4670655,0,0.227176,0.02126744,0.5077503,0.4538665,0.1640914,0,0.5075954,0.720905,0.966481,0,0,0.0619735,0.6512218,0,0,0.02752776,0,0.5156721,1.32678,1.352963,1.11285,0,0,0,0,0.8717911,0.2109678,0,0.04496065,0,0,1.137443,0.4303994,0.2468317,0,0.8127562,1.22976,0.5596116,0,0.1311576,0,0,0.2590699,0.6412473,0,0.3623779,0,0.7052082,0.1303995,0,0,1.169913,0.06189394,0,0,1.039265,0,0,1.265433,0,0.2366077,0,0,0,2.000539,0,0.6400384,0,0.151905,0.6305221,0,0,0.3425329,0.7350495,0.4845851,0,0,0.4743491,0.4269627,0.9464571,0.1526488,0,0,0.2463403,0,0,0.1090261,0,
0,0,0.5729325,0,0.1626159,0.17863,0,0,0,0,0,0.1988433,0,1.59515,0,0.2752883,0,0,0,0,0,0.4104213,0.2267897,0,0.8405045,0,0.641771,0,0,0,0.8771452,0,0.2916859,2.17087,0.295088,0,0.3160723,0,0.2242028,0,0.466076,1.024157,0,0,0,1.440545,0.4567346,0,0,0,0,0,0,1.290842,0,0,0,0.01124588,0,0.3084953,0.428139,0,1.290833,0,0.3466455,0.3618965,0.2574757,0.9602116,0.8475123,0,0.7149765,0.7374214,0.5789362,0.379594,0.6417789,0.2204427,0,0,0,0,0,0.9906916,0,0.15726,0.4111008,0,0.0583023,0.4612601,0,0,0.4191467,1.434071,0,1.748284,0,0,0.2064772,0,0.08194417,2.44893,0.8313129,0,0,0.4833718,0.1277063,0.05668243,0.253081,0,0,0.3928283,0.1621337,0,0.3758951,0,0,2.03946,1.30656,0.1974334,0,0.2512899,0.4833522,0.1582527,0,0.4089717,0.0442197,0.2510014,0,0.1933562,0.5309936,0.88696,0,0,1.105316,0.002258199,0.1964172,0,0,0.2992505,1.065073,0.5757024,0.7252219,0.5015518,0.6643676,0.7846531,0,0.4982082,1.238478,0.9732839,0,0.7321034,0.8016912,0,0.322071,0.8251442,2.198186,0.1725172,0.402455,0,0.3530543,0,0,0,0,0,0,0.711733,0,0,0,0.535519,1.405382,1.01668,0,0,0.03155683,0,0.4816147,0,0.5132221,0.1426406,0.1129215,0,0,0,0,0.9573587,0.6096561,0.8530985,0,0,0,0.8390317,0.8503553,0,0,0.6499271,1.644286,0.358711,0.3926054,0,0.9609851,0.6156046,0.4135433,0,1.514849,2.468283,0.2897317,0.948832,0,1.082901,1.28867,0.1342274,0.06562958,0.002201496,0,0.922628,0.4544545,0.4190642,0,0.007578799,0.05782958,1.057,0,1.910501,0,0,0,0.1042215,0.6064081,0.8731433,0.155962,0,0,0,0.776301,0,1.889018,0.4238604,0.5083483,0.03282113,0.5639546,0,0,0,0,0,0,0,0,0.1872321,0.2386048,0.1516148,0,0,0,0,0.4998647,0.2543984,1.49548,0.739044,0,0.7471856,0.6338163,0.990988,0,0,0.2880005,0.4986424,0,0,0.3939499,0,0.9342818,0.9238577,0,0.4043739,0.4452099,0,0,0.3317106,0,1.189358,0,0,0.4054453,0.002299359,0,0.3959615,0,0,1.284001,0.01579888,0,0.007924933,0.1198097,1.290661,0.6311766,0,0.002213027,0.8255318,0.2994266,0,0,0.5288557,0.6293564,0,0,0,0.151796,0,0,0.21985,0.2116972,0,0,0.4366708,0,0,0.003537344,0,0,0,0,1.57732,0.01096417,0.5023977,0,0,0.5560512,0,1.45394,1.145945,1.363706,0,0,0,0,0.8453019,0,0,0,0,0,0.04041867,0.002111739,1.21802,0,0,0.6540248,0.7212215,0.7513567,0.08811857,0.7409787,0,0,0.2442073,0.5964403,0.8032136,1.461848,0,0,0,0,0.7871042,0,0.01390354,0.2567393,0.2400911,0.189986,0.4145815,0,1.678213,0,0.5359761,0,0.8060063,0,0,0,0,0,0.3725057,0,0,0,0,1.054968,0.37558,0,0,1.152731,0,0.5268745,0.8596756,0,0,0,0.04255981,0.7027993,0,0.5343111,0.9089758,0,0,1.487535,0.06474335,0.3760179,0.09324491,0.7526809,0,0.1850716,0,0.1197783,0.1830844,0.4022111,0,0,0.7857229,0.4295477,0.2392982,0,0.7267919,0.2001948,0.09379752,0,1.465479,0,1.361959,0.7778389,0,1.736441,0.8479367,0,0.6794471,0.1292798,0,0.2472573,0.7335199,0.6144967,0.04499,1.082402,0,0.5607036,0,0.4741599,0.3449503,0,0,0,0,0,0,0.02184448,0,0.7314454,0,0,0.182455,0.5407742,0.7428096,0,0.783838,0,1.240493,0.274831,0,0,0.1432272,1.168517,0.6773342,0,0,0.7636697,0,0.1245014,1.048647,0,0,0,0.8864807,1.23457,0.528816,0,0,0,0.05236807,0.05652086,0,0.5764479,1.161569,0.9816434,1.265048,0,0.1337164,0,0.3425149,0.02603528,1.068483,0.004977569,0,0.5981681,0,0,0,0.2575054,0.1994285,0,0.5357019,0,0,0,0,0.6449893,0.6301523,0.1279821,0,0.4657313,0.7325358,0.959118,0.5824903,1.406687,0.558414,0.4200575,0.6763595,0,0,0.8903025,0,0,0.1159163,0,0.3652349,0,0.617305,0,1.231227,0.6198128,0,0,0,0,0.2297169,0.8557106,0,0,1.170025,0,0,0.6089259,0.1534038,0,0,1.79136,0,1.258446,0.04845255,1.423682,0.1256596,0.219784,0.7391331,0,0,0,0.9589369,0.7311133,0,0,0.3442936,0.4196166,0,
0,0.4959453,0.5609686,0,0.4099902,0.2522332,0.6902363,0.4211343,1.203529,0,0,0,0.002339515,0,1.241787,1.187249,0.7496144,0,0,0,0.5761222,0.6125728,0.2490862,0.1380839,0.9148682,0.6746821,0.8725383,0,0.2477995,1.69181,0,0.7099894,0.7715932,0.2355707,0,1.71401,0,0.2951262,1.80808,0.9204694,0,0.142279,0,2.052049,1.201731,0,1.87267,0.5293499,1.153331,0,0.3728882,0,0,1.607374,2.098456,0,0,0.6131768,0.6712868,0.0272617,0.1257317,0.4187839,0.2085241,0,0,0.7529534,0,0,0.7151437,0,0,0,0,0,0.3887057,0,0.1133849,0,0.7990969,0.3690663,0,0.05894036,0.05434474,0,0.2987085,0,0,1.347144,0,0.218251,0.5545223,0,0.9747924,0,0.3430076,0,1.01298,1.23315,0.03139127,0,0.9860473,0,0.4296467,0,1.309702,0,0.07280187,0.9081597,0.6410685,0,0,0,0.1948288,0.5228173,0.5279157,0,0,0.4846504,0,0,0.7102214,0.593643,0,1.261719,0.1309238,0,0,0.1387118,0.8603793,0.0121624,0,0,0,0,0.4484236,0,0.392328,0,0,0.2200844,0.4352714,0.4514146,0.4615917,0,0.4617656,0,0.3029267,0,0,0.972498,0.3206366,1.484583,0.2926472,0.1739001,0.1429575,0.08756498,0,0,0.7303975,0.4510652,0.5272992,0.6468396,0.05715251,0.3467082,0,0,0,0,0.1125286,0.6448159,0,0,0.446509,0,0.07964721,0,0,0,0,0.2427391,0,0,0,0,1.228483,0.7174899,1.700575,0,0.1384294,0.959761,0.4975018,0.7536334,0,0.7384599,0,0.07446389,0,0,0,0,0,0.09655065,0.9999772,0.01988906,0,0,0,0,0.3234675,0,0.1868214,0.3989234,1.197311,1.150701,0,0,0.3563899,0.165302,0.08202331,0,0.2359828,0.6343025,0,0,0.534056,0,0,0,0,0.8998526,1.435634,0.8738627,0,0,0.6386988,0,0,0.4040494,1.822351,0.7399951,0,0.9614413,0,0.3580364,0,0,0,0,0.3632531,0.2846864,1.567757,0,0,0,1.021245,0,0,0.4349284,0.6010121,0.3533292,0.128743,0.6166095,0,0,0,0,0,0.9926037,0,0,0.4416708,0.430275,0.8729999,0,0,0.606527,0,0,0,0,0.1370078,0,0,0.5174081,0.4255577,0.9098705,0,1.534271,0,0,0.06523545,0,1.818733,0,0.05685453,0,0,0.4271058,0,0,0.09064782,0,0,0,0.2051452,0,0,0,0,0,0,1.991434,0,0.7720255,0.3665617,0.2025713,0.5569457,0,0.347775,0.4766631,0,0.5930216,0,0.3710928,0,0,0,0,1.000631,0,0,0.3639508,0.3153741,0,0.9415434,0,0.1260683,0,0.7362107,0.9284832,1.245211,0.03469554,0.6820985,0.8045347,2.03397,0.05014764,0.0497056,0.3652281,0.008510296,0.06056583,0,0.8537354,0,0,0,0,0.4425468,0.9719383,0,0.4546509,0,0.2034973,0.3528626,0.4594822,0,0,0.8478968,0.09118485,0,0.7913445,0.08489417,0.2188683,1.344104,0,0,0,1.011979,0,0,0,0,0.2574635,0.3396417,0.388346,0,0.1503943,0,0,0.02151551,0,0.6803024,0,0,0,1.298566,0.3016469,0.1563056,0,0.3710686,0,0.3915938,0.01348666,0,0,0,0,0,0.4368074,0,0.5545924,0.08545377,0,0.9098007,0,0.5303611,0,0,0,0,0,0,0,0.01277685,1.425241,0,0,0.4385749,0,0,0.6811228,0.5000514,0,0.1921156,0,0.9876056,0.626635,0.2547126,0.8576546,1.088969,0.3927877,0,0,0.1168349,0,0,0,1.474948,1.041313,0,0,0.0880444,0.5599239,0,0.327761,0.1622781,0,0.400301,0,0.2734776,0,0,0,1.48094,0.04982693,0,0.8133518,0,0,0.1080985,0.04989986,0,0,0.3602649,0,0.4395346,0.3565004,0,0.3653539,0,0.3064181,0.2914031,0.1891162,0,0.1776305,0,0,0.9934726,0,0,0.8735725,0.4153804,0,0.463142,0,0,0,0.9046403,0,0,0,0.7707453,0.320066,0.09859891,0.3393706,0,0.8996094,1.269117,0.3100049,0.8755441,0,0,0.8660715,0,0,0,0.7059237,0,1.776838,0,0.2787353,0.1959604,1.139771,0.651021,0,0.4656169,0,0,0.2914926,0.04259029,0.1513727,0,0,0.3544209,1.221121,0.06750773,0.1280981,0.1809212,0,0.5008501,0,0,0,0,0,0,1.129259,0,0.2973995,0.8752676,0.4257225,0,0,0.5614948,0.2342605,0,0,0,0,0,0.9142543,0,0,0,0.6476675,0.2504335,0.572699,0,0.5820104,1.642921,0,
0.007023836,0,1.250424,0.4579562,0.1245383,0.4977467,0.9845514,0.3807785,0,0.9773645,0,0,0.6274676,0.5214626,0,0,0,0,0,0,0.9151759,0,0,0.2679099,1.269146,0.01812674,0.5498124,0,0,0.04246756,0,1.124061,0,0,0.2932087,2.430291,0,0.6847781,0,0,0,1.63797,1.476544,3.082641,0,0,0.8440367,0.1758688,0,0,0,0,2.083,0.178802,0,1.106805,0,0.08924004,0.2259277,0.3622834,0,0.7443889,0,0.4025458,1.36432,0,0.3695155,0,1.127297,0,1.131541,0,0.664951,1.404253,0,0.3091651,0.1185606,0,0.397698,0,0.6543735,1.006584,0,0,0,0,0,0.1814591,0.3014611,0,1.703678,0,0,0,0,0,0,1.105707,0.2538832,0.504414,0,0,0.5586209,0.4314586,0.699675,0.6198215,0,0,0,0,0,0,0,0,0,0.2815827,1.418094,0,0,0,0.09443189,0,0,0,0.7690617,0.2087527,0,0.568165,0,0,0,0,0,1.200396,0,0,0,0,0,0.04945313,0,0.06308952,0,0,0,0.4978896,0,0,0.1286953,0,0.1660599,0.8799795,0,0.2807088,0,0,0,0,0.1749962,0.6779229,1.058139,0.1531816,0.4087687,0,1.352429,0,0.3821504,0,0.5112143,1.297887,0.6895441,0.1933849,0,0.1585685,0.5640895,0,0,0,0.4124571,0.5060259,0.2115755,0.9081014,0.4228581,0,1.217569,0,0.06984045,0,0.1914859,0.8652855,0.07999019,0.4900686,0.1093179,0.03645905,0.3674674,0,0,0,0,1.04702,0.5561287,0.2924685,0,0,0,0.5068341,0,0.5534652,0.1749768,0.6709073,0,0.1864748,0,0.1774795,1.176484,0.7877992,0,0,0.8290635,0,0,0,0,0.03594407,0,0,0,0.5612853,1.382312,0,0,0.1087432,0,0,0.2281439,0,0.5195818,0.4929542,0.1325834,0.2078228,0.562026,0,0,1.007852,0,0.2776006,0.9475594,1.203833,0,1.165634,1.488741,0.6824541,0.5452736,1.303024,0.5217085,0,0,0,0.08044758,0,0.8095144,0.05337555,0,0.7430114,0,0.01036456,0.6951087,0.8826753,0,0.6336659,0.2499193,0,0,0,0.7956644,0,1.094707,0.1043741,0.3452814,0,0,0.3256986,0,0,0,0,0.1396612,0.2176118,1.392298,0,0,0,1.024547,1.131393,0.2031514,0,0.4017024,0,0,0,0.1596363,0.2744755,0.1418836,0.3076812,0.9919968,1.892789,0.2166142,0.3299456,0,0,0,0,0,0,0,0,0,0.3647378,0.1838083,0,0,0,0,0.6837581,0,0.9521892,0,0.4024848,0,0,0.5215485,0,0,0.9605151,2.073358,0.7888168,0.76579,0,0,0.02498679,0.7038643,0,0.3084811,0.9796278,0.8805745,0,0,0.1408905,0.3717089,0.8454608,0.557887,0.882555,0,1.201021,0.2289389,0,1.2318,0.5163347,0,0,0,2.005339,0,0,1.441202,0,0,0,0,0,0,0,0,0.9990578,0,0.4633977,0,1.240101,0,0,0,0.430878,0,1.001766,0,0.3392846,0.3816408,0,0,0.1853303,0.3669336,0,0.1387066,1.272647,0,0.4108163,0.6810091,0.8897184,0,0,1.227134,0,0,0,0.1629097,0,0,0,0,0,0.03744665,0.8087383,0,0,0,0,0.7358743,0.083459,0.5754852,0,0,0.2379614,1.60672,0.04527038,0.5751552,0,0,0,0.02644576,0,0.6193337,0,0,0,0.7012303,0,0,0,0.233556,0,1.019569,0.4512787,0.2968681,0.3693456,1.106276,0,0,0,0.2335213,0.5822493,0.2054462,0.1020077,0,0,0,0.9602182,0,0,0.9305681,1.146212,0.02749838,0.5753974,0,0,0.6889766,0.2532809,0,1.282516,0,0,0,0,1.152728,0.5787456,0.5043973,0,0,0.4584599,0.1355627,0,0,1.127347,0.2187124,1.847804,0.5272445,0,0.774362,0.1307046,0,0,0,1.252219,0.3152205,0,0.3146233,0.7554313,0,0.1790065,0.1351733,0,0,1.655486,0,0.8729237,0,0.7491212,0.04423775,0,0,0,0.3277588,0.9573801,0.3628923,0.1464643,0,0,1.529058,0,0,0.5077068,0,0,0.3449049,0,0,0.02911714,0,0.2727511,1.048943,0.2272754,0,1.005312,0,0,0,0,0,0,0,0.115921,0.1132581,0,0,1.729942,0.2576368,0.6095071,0,0.6317514,0,0.4335017,0,0,0,0,0,0.02769119,0.7953402,0,0,0.2580157,0,0,0,0,0,0.04927057,0,0,0,0.1766907,
0,0,0,0,0,0,0,0,0,0,0.6753194,0,0,0.2574633,0,0.2903418,0.6406078,0,0,0,0.8671651,0.6568801,0.02277346,0.03237956,0.7694424,1.16966,0,1.330163,0,0,0,0,0,0,3.892136,2.130541,0,0,0,0.01775245,0.4189513,0.4492784,0.6034258,0,1.524476,1.644277,0,0,0,0.5172189,0.6558586,0.3460821,0,0,1.442339,0,0,0.4444045,0.4313984,0.5261436,0.6279179,0,0,0,0,0,0,0,0,0,1.051631,0,0.6528078,0,0.0331496,0,0.3675504,0,0,0,0,0,0,0.3235856,0,0,0.1518319,0.6143274,0.3783671,0.2677957,0,0.6323228,0.06975991,0,1.805883,0.9263727,0,0.05295063,1.370324,1.061755,0,0.2864,0.5018175,0,0.3392204,1.998252,0,0.5570393,0.1104899,0,0,0,0,0.4065278,0,0,0,0,0.3738542,0.3250319,0,0,0,0,0.1783163,0,0,0,0.5247835,0.3460294,0,0,0,0,0,1.368436,0,0.8923355,0.4643441,0,0.6358827,0.5687901,0.1528852,0,0.5694482,0.09242387,0,1.806406,0,0,0.002337104,1.226548,0,0.02896256,0,0.11507,0,0.06608145,0.5029266,0,0,0,0,0,0,0.6240373,0,0,0.1702053,1.434942,0.2024658,0,0,0,1.120349,0.663842,0,0,0,0.5334679,0.04198185,1.114725,0.09368254,0.5547472,1.312214,0,0,0.2249432,0,0,0.5003919,0.9001307,2.259245,0,0,0.3069769,0.4704593,0.08155484,0,0.3136064,0.2953609,0,0.3920725,0,0.3571812,0.1022276,0,0.6388714,0.4979433,0.1307009,0.09105057,0.5023109,0,0.5426311,1.506412,0.01439837,0,0,0,0,0.1368025,0.5206051,0,0.006740054,0,0,0,0,0.780874,0,0,0.1462837,0.8536738,0.1184683,0,0,0,0.1244432,1.983272,0,0,0.3521359,0,0,0.5504614,0.04222982,0,0,0,0.03272097,0,0,0.5925782,1.12552,0,1.511354,1.649517,2.505792,1.777509,0.6867537,0.4917417,0,0,0,0,0.4965446,0.1484712,0.4707654,0.7389601,0,0,0.02880333,0.2462343,0,0.2867056,0.6910437,0,0,0.6781134,0.1372377,0,0.1286631,0.8473887,0,1.504242,0.2644145,0,0,0,0,0,0.3341046,0,0,0.6288896,1.412709,0,0.3649339,0,0.4410903,0,0.5514902,0,1.2006,0,0,0.8695511,0,0.3152847,0.719973,0.5531019,0,0.3478929,0.002229048,0,0,0.3110222,0,0,0,0.7357973,0.5014023,0.4958981,0.3895089,0,0,0,1.114003,0.3554226,0.2366619,0.9067921,0,0.3462271,0.2460814,0,1.110007,0.7244643,0,0.1966991,0.6296607,0.5435539,0,0,0,0,0.3421358,0.1382497,0.278296,0.2246008,0,0,0,0,0.5929837,0,0,0,0,0,0,0,0,0.7613242,0,0.6683734,0.3159975,0,0,1.061306,0,0.357357,0,0.2316349,0,0,0,0.5714725,0.4272701,0,0,0,0,1.053588,0.6283883,0,0,0,0.9354512,0.7041477,0.4304883,0.3141597,0.9114276,0.5931296,0,0.05545603,1.138721,0,0,0.1330001,0,0.3999947,1.156617,0,0.7299194,0.4128319,0,0,0,0.9187908,0,1.112414,1.35157,0.7636232,0.4945824,0,0,0.8415292,0,0,0,1.166666,0.07106777,0.97231,0.3988837,0.5770601,0,0.02624508,0,0.3405228,0.410212,0.4864869,0,0.752186,0,0.168866,0,0,0.8585073,0.2119024,0.05714881,0.8411188,0.9429726,0.6705446,0.09129881,0,1.172435,0.8578099,0.02098396,0.4557455,0,0,0.1905355,0,0,0.2772627,1.07504,0,0,0,1.554718,0,0,0.396446,0,0,0,0.6977506,0,0,0.8045318,0,0,0,0,0,0.3012629,0,0.06549834,0,0.01550926,0,0,0.7082201,0.1264116,0,0.7487818,0,0.1426308,1.021805,0.1966345,0.3397976,0,0,0,0,0,0.2856145,0,0.1496176,0.03322378,1.130822,1.524068,0,1.573156,0.4968962,0.5648521,0,1.137914,1.655081,0.9833167,0,0,0.2316564,0,0,0,0,0.6250286,0,0,0.8680183,1.229121,0.06254617,0.2364838,0.3957179,0.2542735,0.4420984,0,1.944572,0.4872478,1.013283,0.0829672,0,0,0,0.5345457,0,0.8763872,0,0.2522299,0,0,0,0.2864605,0,0,0,0,0.5706045,0,0.6604719,0.3152545,0.3483231,0,0.05758859,0,0,0,0.4899846,0.4223909,0,1.16873,0.3157167,0.2223584,0.4394477,1.03005,0,1.374771,0,0,
0,0.4655541,0.2060927,1.212655,1.609877,0,0,0,0.005161497,0.7128637,0.6002173,0.8284708,0.1507456,0,0.8094867,0,0,0.1032148,0,0.04632979,0,0,0.5801132,0,0,2.156881,1.09409,1.474286,0.3055616,1.113265,0.5201671,0,0.7836174,0,1.980758,1.405522,0,0,0.4491169,1.040621,0.4199328,0.6045188,0,0,0,0,0,0,0.9658297,0.3991094,0.9458984,0.9248375,0.2876047,0.9280387,0,0,0.4393885,0,0,0,0,0,0,0,0.2644649,0,0.1199643,0.2442876,0,1.549727,0.920462,0.5236446,0,1.057234,0,0.6672079,0,0,0.7759124,0,1.981257,0.1390568,0.7752011,1.505061,0.4102969,0.1681965,0.0604993,0.1292607,0,1.549564,0.4456248,0,0.2938206,0,0.7736373,1.693638,0,0,0,0.8308812,0,0.7427603,0,0.2492546,0,0,0.04907605,0,0.1358928,0,0,0,0.3034699,0,0,0,0,0,0.1594745,0.2714365,0,0.2985951,0,0.6791328,0,0,0.3014583,0.6735252,0,1.245535,0,0,1.019519,1.300571,0,0,0,0,0,0.2437435,0,0.003670887,0,0,0.5056323,0.5943096,0,0,1.172976,0,1.084119,0.5473455,0,0,0,0.07534513,0.8373728,0.1869372,0.3352702,0,1.070953,0.3645425,0,0.2930816,0,0,0.3305849,0.3114412,0.5906818,0.8676924,1.463343,0,0,0,0.3555608,0,0.9244089,0,1.105149,0.3559476,0,0.1153529,0.07858331,0,0.7769154,1.449362,0.9925699,1.167532,0.3419865,0,0,0.5167681,0,0.08965506,0.1006944,0,0.0300909,0,0,0,0,0.2484932,0,0,1.012056,0,0,0.7735179,0,0.7916933,0,0.02030484,0.2646333,0,0.4378677,0.1561084,0.92735,0,0.5269697,1.245543,0.5919303,0.1712765,0,0.6332849,0.1257631,0.06935629,0,0,0,0,0,0,1.13487,0.01453054,0.4954317,1.255689,0,0,0,0.05391991,0,0.79129,0,0.53553,0,0,0.1262664,1.047711,0.5811275,0,0,0,0.05472412,0.1057538,1.002838,0.1937452,0.3905302,0,1.162416,1.30317,0.1452105,0.1049543,0.1534955,1.247279,0.260132,1.084726,0.3929918,0,0,0,0,0.3446976,0.3611419,0,0.7304233,0.1156085,0,0,0,0.3670068,0,0,0,0,0,0,0.02728864,0.5025162,0,0.3197019,0.7053052,0,0,0.04140039,0,0.02707861,1.068506,0,0.9840197,1.125747,1.012272,0,0,0.132441,0.05932653,0.86621,0,0,0.5284401,0.5397167,0,0,0,0,0,0,0.09618163,0.06766294,0.102632,0,0,0.7390969,0.7847647,0,0.8751312,0.7500997,0.9690459,0,0.1823105,0.3746231,0,0.430786,0,1.261042,0,0,1.076332,0,0,0,0,0,0,0.1870704,0,0,0.3724025,1.306645,0,1.219262,0.3310499,0.6445321,0,0.2824537,0.9263253,0,0,0,0,0.01305699,0,0,0.4033577,0,0.8182877,0,0.6144754,0.08519231,0,0,0,0,0,0.2140295,0.4807242,0.3333925,0,0.005636937,0,0.1508171,0.2053696,0.7372645,0,0,0.3011377,0.1361228,0,0,0.455068,0.6746261,0,0.6395922,0.1745611,0,0,0,0,0.332872,0,0,0,0.7184146,0,0.833668,0.6976441,0,0,0.3856063,0.2397054,0,1.279996,0,0.1625532,0.08750438,0,0.7212198,0,0.5458762,1.062212,0,0,0.6967366,0,0.2809046,0,0.7258319,0.4118718,0,1.029059,0,0,0.4671785,1.076994,0,0.2839776,1.27463,0.6212512,0,0.03534603,0,0,0.05012121,0,0,0.0523765,0,0,0,0,1.458965,0,0.1612338,0,0,0.8468229,0,0.1271204,0,0.07318,0,0,0,0,0.142105,0.1257848,0.04395762,0,0.3364,0,0,0.2458677,0.04259899,0.1191131,0.2456393,0.55888,0,0,0.6334101,0.3321129,0,1.009929,0,0.1187501,0,0,0,0,0.4833869,0,0,0.8622878,0.2828431,0,1.472765,1.472024,0.02984194,0,0,0,0,0,0,0,0,0,0.01419334,0.1926645,0.4517428,0,0.948894,0,0.5169739,0.8255323,0,0.5942085,0,0,0,0.08112529,0.07437409,0,0,0,0,0,0,0.354921,1.023091,0.5103211,1.005107,0.06123351,0,0,0,0,0,0,0.4527588,0,0.1603507,0,0,0.989071,0,0,0.5434031,2.068044,0,0,0,0.655711,0.2019577,0.1607822,0,0,0.3953182,1.200207,0,1.603635,0.3323921,0.223072,0,0,0.354519,0.3814164,1.748002,0.4459312,0.3378823,0,0.2338798,
0.1734689,0.2344104,1.186181,0.07778236,0,0,0,0.8991263,0,0.5040773,0,0,0,0,0.5111104,0,0.6998014,0.2517717,0,0.1039666,0,0.5713932,1.882631,0,0,0,0.166531,0.5456823,0.6090959,0,0,1.867716,0,0.5931345,2.09181,1.323894,0,0,0,0.7339936,0,0.2578963,3.174803,0,0.6157922,0.1083032,0.6593043,0.7661477,0.3935831,0.6618554,0.04244059,0.1964791,0,0,0,0.4202752,0,0.594326,0.08404483,0.9102305,0.1244491,0.1654875,0.2831898,0,0,0,0.2019997,0.4156586,0.1242484,0,0,0,0.035225,0,0,0,0,0,0,0,0,0,0.03250329,0.6589613,0.6879255,0,0.709492,0.9831945,0,0,0,0,1.183233,0.3137665,0.0392202,0,0,0.8403712,0,0.8080534,0,0,0.6031247,1.48932,0.6057838,0,0,0.2209661,0.9345617,0,0.9868762,0,0,0,0,2.606298,0,0.647429,0,0.1422424,0,0,0,0.4508337,0,1.2158,0,0.9447821,0.1443575,0,0,0,0.3836069,0.2533516,0,0,0,0.2905382,0,2.012625,0,0.5044175,0,0.1841247,0.09836621,0,0.2431469,0,0.7974592,0.2088907,0.1649218,0.2175919,0.007200333,0,0.6170057,0.1876803,0,0.4448114,0,0.8705243,0,0.6213217,0,0,0,0,0,0.31935,0.7923704,0.5709495,0.7383159,0.2561067,0,0,0.2908288,0,0,0.586922,0.3666142,1.025278,0.8277242,0,0.4573044,0.1111519,0.2512824,0.9732538,0.7964994,0.360225,0,0,0,0,1.127831,1.471918,0,0.6091255,0.7921358,0.8715155,0.4852464,0,0,0.04529457,0.3981655,0,0,0.5328854,0,0,0.3597616,0.860272,0,0.8954742,0.6085693,0,0.641481,0.4961323,0.3928113,0.003760399,0,0,0.8895742,0.1201651,0,0,0,0,0,0.2855999,0,0.8573552,0.3288917,0,0,0,0.6300662,1.524516,0.07925077,0,0.5288361,0.1325625,1.051644,0,0,0.07000282,0,0,0.1307704,0.4084325,0,0.2512971,0.484277,0,0,0,0,0,0,0,0.8094563,0,0.6912212,1.149498,0,0.3996887,0.7448699,0.7108781,0,0,0,0.6585876,0,0,1.174662,0.386343,0.5256847,1.536988,0.4834359,0,1.369341,1.199421,0,0.79479,0.2027626,0,0,0.46381,0,0,0.7500276,0.598323,0,0.1403941,1.167718,0.04159641,0,0,0,0,1.042462,1.623702,0,0.4152904,0,0.4172281,0,0,0,0,0,0,1.21273,0.1033243,0.8794731,0,0.9920627,0,0,0.02050103,0,0,0.493163,0.07318062,0,0,0,0,1.05614,0,0,0,0,1.260203,0,0.7764513,0.5932325,0.03678586,0,0,0.6888767,0,0,0.8656291,0.5385217,0,0,0,0.2207161,0.1930655,0,0.3209273,0,0,0,0.2313463,0,0.8430424,0,0,0,0.4179261,0,0.1268414,0,0.6080167,0.9839199,0.2022854,0,0.5137244,0.6058476,0.6167747,0.6863291,0.9846088,0.1709102,0,0.6830495,0,0,0.8838459,0.3955237,0,0.1977585,0.09942108,1.193143,0,0,0.4259033,0,0.4392326,0.3230191,1.065185,0,0.4910858,0,0,0,0,0.5230972,0.07311934,0,0,0,0.3223047,0,0.8760448,0,0,1.38289,0.8809779,0.5665296,0,0,0.7618856,0.6214556,0.1116197,0.05130195,0.007403599,0,0.5228326,0,0.3027411,0.245346,0,0,0,0,0.002287464,0,0,1.125039,1.601306,0,0,0.2189394,0,0.3174078,0,0,1.230737,1.411734,0,0.08378821,0,0,0.6130428,0,0.7569908,0,0,0.6328291,0.6419563,0.9317829,0.3598331,0,0,0.5012167,0,0.4592943,0.9986122,0,0,0,0.3131037,0.002163006,0,0,0,0,0.3936445,0,0,0,0.8088506,0.5045051,0.5418594,0.09946666,0,0,0.9946811,0,0.7995191,0,0.8488818,0.6183736,0,0.03948222,0,0.1742372,0.2305831,0.479915,0.6418259,0,0.6324054,0.02007717,0.5160105,0.1563976,2.06875,0,0,0.7845709,0.2044124,0,0,0.4229892,0,0.1392442,0.4902889,0,1.678133,0.5412532,0.3543242,0,0,0.3182236,0.7749757,0.9005004,0,0.3896693,0,0,0.08830972,0,0.03051968,0,0,0.2508439,1.0663,0.02396356,0.5275629,0,0,0.1074883,0.4624095,0,0.8500869,0,0.1995271,0,0,0.07847354,0.1836159,0,0.1928768,0,0.7061025,0.7291943,1.423549,0.08856094,2.581856,0,1.203595,0.320431,1.288589,0,0.2344548,0,0,0.7223195,0,0,0.5390145,0,0,0,0,0,0,0.5079256,0.9134071,0.170709,0,
0.1074647,0,0.4527848,0,0,0.1900301,0,0.4847452,0.6863765,0,0.8543947,0.02744924,0,0.3188978,0,0.8693609,0,0,0.8230901,0,0.2687103,0,0,0,0,0,0.2655432,0,0,0,0,2.257468,0.4711432,0.8375407,0,0,0.9520087,0,0,0,0.3589704,0,0,0.8341384,0,0,0.4275088,1.367581,0.6586931,0.4076754,1.448388,0.5582054,0,0,0,0,0.02953022,0,0.3040713,0.4377058,0,0,0.1560254,0.3288282,0,0.9077423,0,0.5539882,0,0.004655659,0.2270242,0.8005839,0.8566414,0,0.05805816,0.6798084,0,0,0.3357553,0.3251825,1.413847,0,0,0,0,0.2154947,1.074543,0,0.6028883,0.2585777,0.2871578,0,0,0.6606938,0.1801865,0.5369794,0,0.398421,0,0.1626246,0.5524573,0.9641558,0,0,0.2235116,0.1079654,0,0,0.6819447,0,0.1048296,0,0,0.0157582,0,0.07107606,0,0,0.7062713,0,0.9307797,0,0,0.2698424,0,0,0.3375465,0,0.8797669,0,0,0.2303333,0,0,0.3018282,0.08436817,0,0,0.3135715,0,0,0,0,0,0.4823978,0.5352241,0.491372,0.4789554,0.6970043,0,0,0,0,0.9535952,0.1087685,0.1061841,0.848146,0.7386621,0.5712805,0.2163685,0,0,0,0,0.2470266,1.071002,0.4521989,0,0.9966274,0,0,0.03619057,0,0.08152858,0.9304954,0.4163942,0,0.241793,0.1513549,0.7582463,0.8351119,0,0.838981,0,0,0,0.7144701,0.9705951,0,0,0.7112442,1.042881,1.48314,0.3390554,0,0.5552756,0,0,0.8724552,0,0.288404,1.133864,0,0.79381,0.3204618,0,1.140609,0.7315333,0,1.091497,0.7658864,0.3769385,0,0.009235566,0,0,0.2856069,0.9600941,0,0.04587821,0.3721054,0,0.6308251,0.1068144,0,1.481217,0,0,0,0,0,0.7278893,0.6745269,0,0,0.1153736,0.9080274,0.7409033,0.5828215,0,0.6812648,0.3339177,0,0,0.02272404,0,1.288589,0,0.9385498,0,0,0,0,0,0.7341218,0.4745536,1.913544,0,0,0.3147965,0,0.197714,0.3048968,0,0.09973,0.6278979,0,0,0.5179594,0.7913035,0.06953531,0,1.27299,0,0.02650273,0.5152136,1.348364,0,0,0.2894885,0,0.5524225,0,0.4924287,0.09911828,0,1.173427,0.6852062,0.7950238,0,0,0.6608641,0,0.1387667,0.4459133,2.214234,0.6722593,0,0.9601554,0.4291367,0.6206186,0.3537106,0.5732176,0,0,0.3224101,0,0,1.003596,0.2265897,0.7134979,0,0.2662704,0,1.077603,0.4815474,0,0.2787572,1.347108,0,0,0,1.185851,0.4063871,0.81893,0,0,1.212133,1.007852,0.4842319,1.468578,0,0,0.9445283,0,0.8383276,0,0.05327129,0,0,0,0,0.5592602,0.8431337,0,0.4372804,1.210793,0,0,0,0,0.4948323,0.2035706,0.1997675,0,0.6930059,1.623813,0,0.6753492,0,0.2652276,0,0.3049854,0,0,0.285993,0.1283528,0.08272327,0,0,0.8478466,0,0.5999233,0,0.6221176,0.2111478,0.362609,0,0.5512341,0,0,0,0,1.239455,0.6545269,0,0,0,0,0,0,1.007814,0,0.581693,0.9412401,0,0.2791196,0.8423992,0,0,0,0.5971933,0,1.839177,0,0.8917776,0,0,0,0,0,0,0,0.5999084,0.5006432,0,0,0,0,0,0.9644283,1.241764,0,0,0,0.9122782,0.7388209,0.1231873,0.157952,0.1423233,0,0,0.803211,0.1841236,0,0.05218191,0.5322928,0.02855628,1.276365,0.9096872,0.3356336,0,0,1.130173,1.129551,0.1712573,0.1852675,0,0,0.9470413,1.147669,0.006996228,0.002204886,0.1754385,0,0,0.4326192,0.2376871,0.3103748,0,0.02434083,0.5684783,0,0.2663237,0.9426332,1.262562,0.6895964,0.707396,0,0.9945958,0,0.1714783,0.4333668,0,0.9768468,0.2498496,0.9328851,0,0.8737595,0.2516013,0,0,0.01577083,0,0,0,0,0,0.5993841,1.031621,0.1997316,0,0,0.1796724,0,0,0,0,0.003850929,0,0.3875314,0.3369706,0.2453194,0,0,0.5114232,0.3708376,0,0,0.2584738,0,0.5084494,1.549573,0.3820985,0.8836575,0.3818845,0.1723031,0,0.1897426,1.057692,0.7489268,0.4032159,0.4460177,0.1338042,0.5400186,0,0,1.233638,0,0.2362758,0.6107991,0.09024918,0,1.031582,0,0.8973886,0,0,0.6154807,0,1.331731,0.3634536,0,0,0,0.1404819,0,0.4729603,0,0,0.1155512,0.4248261,0,0,0.9221408,0,0,0.6472316,0,0,0.08832589,0.2459647,0.117148,0,0.4142534,1.048758,0.7476055,0.5764616,0.3410394,0,
0,0.9204629,0,0,0,0,0,0,0.2565565,0,0.7122101,0.7593345,0.02426908,0,0,0.6634773,0,0,0,0,0,0.5303043,0,0,0,0,0,0,0,0,0,0,0.3725955,0,0,0,0,0.6683279,0,0,0,0,0,0,0,0,0,1.472758,0.2957496,0,0.4050113,0.884005,0,0.5424328,0,0.1797609,0.5073341,0.2256188,0.3345385,0,1.565118,0,2.351362,0,1.221605,1.181661,0.571006,0,0,0.2400308,0.5101014,0.3258238,0.3424484,0,1.173542,0,0.4585548,0.5261997,0,0.8790723,0.8025371,0.1518736,0.3251595,0,0,0.1753185,0.400647,0,1.086871,0,0,0,0,0.1738441,0.5921879,0,0,0,0.01895616,0,0,1.508035,0.1621641,0,0.1199494,0,0.5994048,0,0,1.055363,0,1.39661,0,0,0,0.5757061,0,0.158442,0.2345226,0,0,0,0,0,0,0,0.03308757,0,0,0.07773323,0,0.9608719,0,1.22619,0,0,0,0.4575344,0,0,0,0,0.6765081,0,0,2.069252,0.4603423,0,1.064158,0,0.3630402,1.297153,1.158738,0,0.009006515,1.346386,1.174983,0,1.368797,0.1927906,0.08851156,0,0.04167297,0,1.989042,0.1843428,0,1.032354,0.007895686,0,0,0,0.686505,0,0,0.2822545,0,0,1.105254,1.257601,0.6275906,0.7342042,1.268295,0,0.3677911,0,0.4012358,0,0,0,0,0,0.358744,0.1767293,0,1.634306,0,0.5148716,1.023638,0,0,0,0.4248058,0.1855427,0,0,0.5065219,0.0724667,0,0,0.6756209,0.5207828,0,0.03423149,0,0,0.3909326,0,0.1740501,0.5800729,1.07004,0.2614953,0.5710071,0.5330012,0.7891622,0,0.1708956,0,0.7353058,0,0,0,0.1504055,0,0,0.3515242,0,0.709793,0.003544625,0.09467379,0,0,0,0,0,0.9410633,0,0,1.647971,0.5190937,0,0,1.174406,0.04923186,0.7173505,0,0,0.1115202,0.2658193,0.2809748,0,0.4498408,0,0.06702285,0.3741265,0,0,0.6987328,0,0,0,0,0,0,0,0,0.2400665,1.931237,0,0,0,0.286678,0,0,0,0,1.812642,0,0.7664734,0.099947,0,0.4587168,0.5764996,0.1737247,0,0,0,0,0.01226785,0,0,0,0,0.3479759,0,0,0,0,0,1.485288,0,0,0,0.5654622,0,0,0.002307198,0.0731466,0.650867,0,0.5378808,0,0.02281191,0.03115129,0,0,0,0.3031027,0.05480137,0.2387017,0,0.9069542,0,0.4143231,0,0,0,0,0.4211975,0,0,0.5086617,0.3307214,0,0.742926,0.4780805,0.8476987,0,0,0.5434774,0,0.3644972,0.3062041,0,0,0,0,0,0,0,0,0,0,0,0.1689121,1.842346,0.06494822,0,0,0,0,0,0.1409217,0.7433743,0.5325049,0.5469064,0,0,0,0,0,0.4188831,0.3750513,0,0.4567625,0,0.7849177,0,0.8823355,0,1.801048,0.194437,0,0,0,0,0.572427,0,0,0,0,0.2164784,1.239449,0.2893415,0.7597078,0.3174513,0,0,0,1.369344,0.1819998,0,0,0.7151529,0,0.8671532,1.327242,0.7318791,0.6922814,0.308052,0,0,0.1285537,0.09600303,0.1248787,0.3211994,0.2298449,0.8625916,0,0,0,0,0.9828235,0,0,0.3209529,0.3359076,0,0,0.1032677,0,1.200489,0.6437387,1.055943,0.2474892,0,0.1402173,0.1869976,0.3466115,0.5340341,1.026818,1.42053,0,0,0,0,0,0.4549406,0.1325752,0,0,0.4550035,0,0.7735133,1.103665,0.7292484,0,0,0,2.437859,0,0,0,0,0.544459,0,0.8915914,0,0,0.04900515,0,0,0,0,0,0,0,1.041866,0,1.570019,0.6971611,0,0,0,0.1622869,0,0,1.512115,0.2739533,0,0,1.025977,2.399768,0.03965949,0,0,0,0.4737413,0,0,0.2657091,0.3421249,0,0,0,1.253596,0.1157029,0.4148676,0,0.1794657,0,0,0,1.101681,1.37298,0,0,2.035659,0,0.1173376,0,0.56626,0.4970887,0.2915318,0,0.007152027,0.6468047,0,0,0,0,0.310347,0.09596756,0,1.630014,0,0,1.299037,0,0.8149147,0.7876037,0,0,0,0,0.9050125,0.6461082,0.9763405,0.3831416,1.207934,0.7301551,1.517167,0.4876132,0.1556381,0.4130735,0,1.245557,0,0.8330842,0.3668278,
0,0,0.4187233,0,0.8688962,0,0.3821583,0,1.645298,0,0,0,1.178438,0,0,0.5996637,0.09517983,0,0,0,0.2401633,0.2921052,0,0,0,0,0.6944944,0.7838661,0.2610134,0.3021463,0.3482841,0.1914321,0,0,0,0,0,0,0.157552,0,0.5841084,0.9573766,0,0.3056604,0.1694577,0,1.795703,0,0,0,0,0.4008839,0,0.6671593,0.676949,1.310982,0,0,0.7715061,0,1.259968,0,0,0,0.6939991,0.1760697,0,0.8035415,0.4168739,0,0.2600601,0,0,0.098127,0,0,0,0,0,0,0.2707388,0.317832,0.2722158,0,0,0,0,0,0.09554898,0,0.3769302,0.7950746,0,0.6625063,0.2960665,1.091622,0,0.05434934,0,0.1137893,0,0.2229916,0.3864948,0,1.10824,0.2395107,0,0,0.231001,0,0.0905045,1.253598,0.5369461,0.8834314,0.4049475,0.3627886,1.573929,0,0,0,0,0,0,0,0.8755521,0,0,0.8656973,0,0.2161165,0.1833785,0,0.002475709,0.160355,0.761528,0,0,0.7707512,0,0,0,0.05655167,0,0,1.485343,0.4941565,0,0,0,0,0,0,0.2966236,1.561438,0,1.931243,0.1885909,0.5356456,0,0,0,0.002140465,0,0,0,0.02502665,0.9245601,0,0,0,0.396116,0.8006713,0.3921078,0.6297843,0.9098096,0.641669,0,0.1595782,0,0.002508809,1.256926,0,0.2741138,0.7231649,0,0,0.7030591,0,0.430558,0.14862,0.360859,0,0.802285,0,0,0,1.095313,0.2818832,0.1482511,0.7121224,0,1.170763,0.201073,0,0,0.499303,0.1640541,0.8856906,0,0,0,0.1528708,0,0.08891967,0.2076806,0,0,0,0,0.5736466,0,0,0,0,0.9624312,0,0,0,0,1.547095,0,0,0,0,1.195406,0.3053438,0.5358653,0.002422163,0,0,0.1482127,1.408304,0.47425,0,0.8634875,0.08899746,0.212229,0.5625656,0,0,0,0,0,0,0.2828417,0.6434498,0,0,0,1.513679,0.6632531,0,0,0.9164219,0,0,1.321854,0,0,0,1.173082,0.3944392,0,0,0.1654536,0.8140174,0.2020212,0.9207373,0.2792599,0.008591367,0.5593213,0,0,0.067913,0.6660635,0.2727697,0,2.021074,0,1.147069,0,0.4718848,0.7094018,0,0.6974389,1.442065,0.9509997,0,0.2890539,0,0.2703055,0.1511025,0,0,0,0.9598419,0,0.06735186,0,1.579655,0.7163295,0.05610452,0,0.6010128,1.312876,0,0.8470334,0,0.6472943,0,0,0,0.4473129,0.8708555,0.7855595,0,0.4997519,0,0,0.3645804,0,1.364291,0.01893304,0.04290227,0,0,0.8568025,0,0,0.554894,0,0.842141,0,1.156935,0,0,0.27492,0,0,0.3442225,0,0.04463936,0,0.6694772,0.2371733,0,0,1.260687,0.1336817,0.6170776,0,0.3148938,0,0.9771073,1.677719,0.3741138,0.7495699,0,1.095992,0.06935777,0,0.7767738,0,0,0.1572217,0.4291554,0,0,0.7493376,1.454173,0.4746291,0.9065911,0.823759,0,0,0.4542731,0.1011996,0.3958086,0.3957801,0,0.307157,0,0.1645539,0.7949346,0,0,0,0.1703533,0.2854185,0.4363066,0.08237541,0,0,0.2498169,0.8053334,0.7042204,0,0.2665565,0.2734003,0,0,0,0,0.7333616,0,0,0.4363776,0.8859152,0.9898982,0,0,0.837588,0.257942,0,0,0.3441767,0,0.6419117,0,0,0,0,0,0.03986189,0,0.6301485,0.1623072,0,0,0.09288149,0.4953235,0,0,0,0,0,0,0.218192,0.4599159,0.3109345,0.1192068,0,0,0.04936835,0.2147748,0.274434,0,0.5876842,0,0,0,0.6438752,0,0,0.8475776,0,0,0.2538222,0,0,0.2007279,1.528568,0.5962861,0,0.07670569,0,0,0,1.321861,0,0,0.06823584,0.05708618,0.9826034,0,0,0,0.5171936,0.2462385,0,0.6326138,0,0.289567,0.8947646,0,0.1896063,0,0,0,0.5619085,0,0,0,0,0.2389395,0.8359313,0,0.1180335,0.4370721,0,0,0,0.25491,0.1552966,0,0,0,0,0,0,0,0,1.132126,0.3533076,0.3843555,0,0,0.002401916,0,0.2993402,0,0,0,0.5487164,0.5488558,1.94979,0,1.065015,0,0,0.1743868,0.04390416,0.5535367,0.1171206,0,0,0,0.792556,0.1091515,0,0,0.0660995,0,0,0,0.5865437,0,0.173208,0.5229774,0,0.1878211,0.9261883,0,0.7337297,0.1193289,0,1.049369,0.471667,0,0.6757323,
0.7401908,0,2.052847,0,0.4840879,0,0,0.8296546,0,0.4820187,0,1.424051,0,0.3702755,0.2828364,0.7590092,0.4294491,0.2704061,0.03282937,0,0,0.9021587,0.1955473,0.1650843,0.5856968,0,0.1195615,0.635201,0,0,0,0,1.155834,0.5933328,0,0.08981669,0,0,0,0,0.2062956,0,0.655161,0,0,0,0,0,0,0.5235211,0,0.4359888,0.521171,0.5588131,0.7079663,0.1222207,0.04021833,0.5955827,0,0.4709062,0,0,0,0,0,0,1.050739,0.160623,0.8337147,0,0,0,0,0,0,2.516377,0.9571697,0,1.199672,0.7377403,0.4850756,0.6899185,0,0.3925705,0,0,0,0,0.6102037,0,0,0.8042343,0,0.7580899,0,0,0.8033733,0,0,0,0.276155,0,0,0.09409127,0.4399826,1.081882,0,0.453643,0,0,0.518517,1.617245,0.7066678,0.2037043,0,0.7851894,0.2413902,0.08951034,0,0,1.449784,0.8908018,0,1.428795,0.2867737,1.128595,0,0,1.610292,0,0.9888532,0.2415959,0.6969647,0,0.1786048,0,0.02456438,0.4287831,0.7790066,1.570101,0,0.7768275,0.222224,1.024018,0,1.108151,0,0,0,0.4541463,0.2631112,0,0.3281714,0,0,0.08673527,0,0,0.186957,0.6735347,0.1437012,0.5965431,0,0,0,0.7264313,0,0,0.5350799,1.102701,0.5775884,0,0.07987144,0,0.3831254,0,0,0,0,1.339003,1.199272,0,0.8125808,0,0,1.479387,1.401025,0.0807557,1.219738,0,0.5928837,0,0.1406327,0,0,0.6579396,0.7037477,0.1721268,0,0.685674,0,0,2.802162,0.1617661,0.7025017,0,1.687908,0,0.4445526,0.437001,0,0.3729001,0,0.6360387,0,1.71028,0.1640162,1.184866,0,0,0,0,1.819831,0,0,0.8216408,0,0.4234172,0,0,0.02377542,0,0,0,0.4010728,1.087517,0,0,0.3433163,0,0,0.2285556,0.08012053,0,1.178365,0.6136239,0.2760016,0.6189589,0,0,0,0,0,1.19773,1.104306,0,0,0.4740981,0.6854945,1.114062,0.5019245,0.2943728,1.414782,0,0,0,0,0,0,0,0.4333721,0.4338616,0.7527066,0,0,0,0.08195462,0,0.9414527,0.3992646,0.5688412,1.194171,1.99589,0,0,0.9050676,0,0,0,0,0.9134737,0.867147,0.2879333,0.01459496,0,0.06316084,0.3987617,0,0,0,0,0.04142552,0,0,0,0.09955569,0,1.226012,1.66756,0,0,0,0,0,0.3472136,0.2311837,1.029322,0.2539057,0,0.4143876,0.5485132,0.1133423,0,0,0.6070686,0,0.0718272,0.2428631,1.896987,0,0,0,0.3607345,0.9048471,0,0,0.1882204,0.3323891,0,0,0,0.7552583,0.2712729,0.4056506,0.9874587,0.8799081,0,0.5473369,0,1.235543,0.2636427,1.418193,0,0,0,0.3894328,0.4705435,0,0.1179907,0,0,0,1.185951,0,0.07229843,0,0,0.603192,0.5614369,0.7328126,0,0.7211649,0,0.8352942,0.473683,0,1.256679,1.192985,0,0.6605521,0,0,0,0,0,0,0,0,0,0,0,0,0,0,0.1522232,0,0,0.2978477,0.4981911,0,0,0,0.3208022,0.1434435,0.1464584,0,0.0787393,0,0.6535488,0.6636896,0.03463354,0,0.5719782,1.468475,0,0,0.02494053,1.166798,0,0.3577014,0,1.233473,0,0,0.1931094,0,1.027092,0,0,0,0.346128,0.1288214,0.8215654,0,0.1200236,0,0.1840008,0,0,0,0.07026287,0,0,0,0,0.9538624,0,0.06152789,0,0.8190206,0,0,0,0,0.1663025,0.9456846,0,0.5654479,0,0.2749566,0.7486731,1.369988,0,0.4779049,0.1364047,0,0,0.4893613,0,0,0,0,0,0.01480003,0.1698157,0,0,0,0,0.6807705,0,0.2002962,0,0,0.1410749,0,0.4945892,0,0,0,0,0,0,0,0,0.1823605,0,0,0.1074357,0.3910151,0.1180239,0.7881463,0.1213645,0.008746721,0,0,0,1.68352,0.06924959,0,0.3851719,0.2604486,0.9673208,0,1.209616,0.641455,0.4663617,0,0.003624542,0.08898519,0.2667701,0.2724414,0.5780095,1.439062,0,0,0.1173117,0.3562392,0.2301136,0.1836512,0.2494315,0,0.5579122,0.5302349,1.600544,0.9135717,0,0,0,0,0,0,0.4065267,0,0.9758161,0,0,0.8952717,0.1589728,0.4241683,0,0.857226,0.1022915,0.3859212,0.2683718,0.177715,0,0.03035312,0.152244,0.1675138,0,0,0.545526,0.02647797,0,0,0.8188037,0,0,0.7007463,
0.3337716,0.7810965,0,0.7009922,0,0,0.4699244,0.05593948,0,0.1751527,0.433827,0,0.5292614,0.4850752,0.7481274,1.403054,0.5574889,0,0,0.06520604,0,0,1.392933,0.5898131,1.155226,0,0,0,1.178675,0,0,0.002395923,0,0,0.05667046,0.4975043,0.09472147,0,0,1.075438,0,0,0,0,0,0.2382188,0.3559919,0,0.7547629,0.271337,1.315638,0,0,0,0,0,0.6582083,0,0.4812375,0.6651682,0.2324356,0,0.07590713,0,0,0,0,0,0,1.61418,0.3560721,0.06213439,0,0.09737524,0.6360936,0,0.2609424,0,0.532584,0,0,0.4990392,0.2997532,1.506535,0.3326478,1.769157,0,0.5801976,0,0,0,0,1.221565,0.1579138,0.6655867,0.08992337,0,0,0.02966065,0.1859077,0.2715659,0.6237532,0.04947971,0.2544998,0.07174745,0,0,0.9375226,0.4154373,0.1993929,0,0.3754656,0,1.471142,0,0,0,0.5664913,0,1.841057,0.3757319,0.4887652,0.1005665,0.578168,0,0.0969891,2.25019,0.04661338,0,0,0,0.4986224,2.415693,0.2124174,0,0.230821,0.138259,0,0.5938208,0,0,0,0,0.263441,0,1.002347,0,0.2532175,0,0,0,0.7328624,0.4546246,0,0.8891208,0,0,0.1970199,0.3952614,0,0,0,0.2572999,0,0.88724,0,0,0.4936323,0,0.3258328,0,0,1.369606,0.3723654,0.3798466,0.9703156,0.8302751,0.3609625,0.1029508,0,0,0.8496966,0,0,0,1.390342,0,0.204602,0,0.09907902,0.2139083,0,0,0,0,0,0.2914673,0,0,0,0.7683764,0.3087768,0,0.3975758,0,0.5163268,0,0,0,0.6448903,0.09919866,0,1.092656,0,1.316904,0,0,0,0,0,0,0.08966982,0.2168844,0.3581117,0.3130051,0.02366446,0,0,0.610978,0,0,1.250861,0.4239321,0.527393,0,0.2817656,0.718548,0,0,0.2617221,0,0.2360987,0.7479509,1.751146,2.165467,0,0,2.311444,1.607057,0,0.8320106,0.3154677,0,0,0.04628674,0,0,0.1500548,0.1033047,0,0,0.0228023,0.2586646,0,0.01257303,0,0.4122,0,0.5872204,0.07411035,0.2588859,0,1.04244,0.2728028,1.00816,0,0,0,0.03658981,0.4554949,0.1617189,0,1.74252,0.09240843,0,0,0,0,0,2.625142,0.2056677,1.015404,0,0.6502198,0.1701346,1.214327,0,0,1.175528,0,0.9285607,0,0,0.9648399,0,1.573571,0,0,0,0.1664551,0,0.1287344,0.5946375,1.391453,0.2837876,0,0.1466416,0,0.8276356,0,0,1.064932,0,0.3727973,0.3921357,0.002332769,0,0,1.018033,1.375536,0.2326624,0.0100351,0.355958,0.2091689,0.7306467,0,1.285851,0.8025168,0.6311167,0.4941003,1.146411,1.636969,0.1309144,0,0.260442,0,0,0,0.5921447,0.6198118,0,0.09697701,0,0.02338332,0,0,0,0.4382178,0.9005986,0.7682309,0,0,0,0,0,0.1562475,0.5288743,0.134849,0.08113502,0,0,0,0,0,0,0.4776334,0,0,0,1.676808,0.9513115,0.7264986,0.6092769,0,0.05426811,0,0,1.970834,0.6638435,0,0.9219943,0,0,0,0,0.1110768,0,0.09878457,0.2021763,0.06113409,0,0,0.04309111,0.1694534,0.01428814,0.167486,0.2363965,0.174457,0,0,0.07484134,0.6215799,1.729807,0,0,0,0,0,0,0,0.2941111,0.438106,0,0.9553642,0.6756775,0.1373867,0,0,0.7975138,0.8728387,0.1189977,0.8993107,0.5703014,0,0,0,0.3219635,0,0.01160713,0.2721334,0,0.7770143,1.328291,0,0.590883,0.8232168,0.1712834,0,0,0.9093267,0,0.1465213,0,0.3961965,0,0,0.7255405,0.6623268,1.507404,0,0.3578066,0.3602725,0,0.5864317,0.2045372,0,0,1.051038,0,0,0,0.5153673,0,0.1655344,0,0.9910029,0,0,1.272336,0.4621213,0,1.770134,0.4116687,0.8978776,0,0.946307,0.1202106,0,0,0.04597093,1.774794,0,0,0,0,1.378158,1.403232,0.3356303,0,1.277028,0.275613,0.005940888,0,0.3651788,0,0,0,0.6643576,0.214921,0.2100768,0.2818539,0,0,0,0.6367129,0.1510486,0,0.2632858,0.4100475,0,1.628381,0,0,0.6242382,0.6987579,0,0,0.3195158,0,0.04075651,0.1311482,0,0,0.2863066,0,0.3936342,0,0,0.1519007,0.3922604,0,0.4842725,0,0,0,1.459726,0.1083522,0.7006541,0.6579992,0,0.2822743,0,0,0,0.30154,0,0,0.9038187,1.254378,0,0,1.269595,0.05660045,1.595584,0,0,1.173169,0.9283077,0,0.2762591,
0.7032798,1.144194,0.2234247,0.09974765,0.2785434,0,0.4652518,0.1195605,0.9767261,0.9659277,0.9556516,0.4807689,0.7311836,0.5817989,0.4509192,0.5899827,0.5636926,0,0,0.1284266,0,0,0,0.1511266,0,0.9186375,0.1027697,0.455307,0,0.4684482,0,0,0.500012,0.3624122,1.591497,0.1016799,0.2079839,1.471038,0,0,0.315897,0.07231048,0,0.1316489,0.3071933,0.002170766,0.3579119,0.08416555,0.5636142,0,0.2511362,0,0,0,0.9796271,0,0,0,0.3006293,0,0.01356965,0,0.2514178,0.1895086,0.03279789,0.08477663,0.908648,0.1605122,0.1664595,0,0.1290697,0,0.4240248,0,0,0,0,0.224345,0,0.478466,0,0.3222941,0.5730008,0,0,0,0.7286075,0.2544231,0.3209465,0.4144081,0.517276,0.1175397,0.2181157,0.216717,0.03659634,0,1.490691,0.06783088,0,0,0,0.426263,0,0,0.3041308,0,0.06817579,0,0,0,0,0,0,0.602037,0.8352473,1.225401,0.006187565,0,0.1210745,0.253793,0.8505474,0,0.3553987,0,0,0.07380002,0,0.08610113,0,0,0.1625897,0.2441825,0.368089,0.2788073,0.7995455,0,0.6274704,0.5140383,0.8992206,0,0.9089455,0,1.318459,0.5577833,0.3196398,0,0,0.3349243,0.1245811,0,0.01594274,0.5328705,0,0,0.7328542,0,0.9505267,0.6724549,0.4458346,0,0,0.4964,0,0,0,1.797215,0.116483,0.5060219,0,0.9385455,0.6843962,0,0,0.3661557,1.107497,0.6307929,0.4544133,0,0,0.2931536,0,0,0,0,0.9563578,0.1292478,0.4260045,0.2606702,0,0,0.156635,0,0.0373861,0,0,0.0336219,0,0.6325452,2.2306,0.08730566,0,0,0,0.4683061,0.761857,0,0,0.3311848,0,0,0.4501093,0,0,0,0,0,0,0.08253647,0.6932405,0,0.3869383,0,0.05205416,1.123738,0.3376864,0.06496935,0,0.7614941,0.2125106,0,1.267949,0,0.354067,0.04654454,0.2263543,0,0.2248828,0.09507914,0.3381855,0.3254861,0.002380089,1.027133,1.140571,0,0,0,0,0,0,0.7340239,0,0.7157091,0.4045756,0.3979882,0,0,0,0,0,0,0.278719,0.4108829,1.309363,0,0,1.144211,0.1738302,0,0.1501514,0.476424,0.716336,0,1.285065,0,0.06224572,0,0,0,1.04124,0,0,0,0.4374849,0,0,0,0,0,0,0,0.5735335,0.8577256,0.3849062,0.2235237,0,0.8765377,0,0,0.8358296,0.2604104,0.175618,0,0,0.4522956,0.0670249,0.5350641,0.5995638,0.6538777,0.5302753,1.608307,1.728436,0,1.397213,0.9905504,0,0,0.1671309,0,0,0.08027808,0,0,1.459039,0,0.6918212,0,0,0,0.3176237,0,0,0,0,0,0,0.04116669,0,0.6875233,0.80831,0,0,0,0,0.05151934,0.167985,0,0,0,0,0.4364251,0,0,0,0.5985563,1.080998,0,0.01754538,0.8394727,0,0.3553282,0.2598817,0.3274733,0.00798455,0.2420627,0,0.4601032,0.5941769,0.1074578,0.9019265,0,0,0.5125895,0,0,0.04599857,0.01788362,0.122833,0.3761313,0,0,0.3270206,0.5473694,0,0.717483,0,0,0,0.4284363,0.5537363,0.6778497,0.1079956,0,0.5578423,0.3722069,0,0,0,0.9447856,0.691949,0.3208815,0,1.188436,0,0,0,0.4208556,0,1.645733,0.2912789,0,0.5225806,0,0,0,0,1.667005,0.5922142,0,1.248524,0.6733191,0.2066295,0.6474492,0.0497514,0,0.1599303,0,0,0,0,0,0,0,0,0,0,1.049689,0,0,0.0990926,0.7114799,0.1065527,0.2655373,0.948303,0.3579444,0,0.1097181,0,0.263324,0.6654327,0.1069196,0.9848332,0,0,0,0,0.04100012,0,0.1816614,0.3912644,0,0,0.4747637,0.08811767,0.7868727,0,0.8627701,0.8550301,0.4596886,0,0.2312607,0.5031258,0,0.00621743,0,0.3873744,0.4999869,0,0,0.647423,0,0,0,0.210814,0.6920373,0.3762227,0.01306953,0.3967952,1.347738,0,0.1160948,0.4465233,0,0,0.1289697,1.172626,0.3292439,0,0,0,0.903182,0,0,0.1166433,0,1.282126,0.702116,0.5966061,2.166976,0.6160494,0,0.3002537,0.08437709,0,0,0,0.06384018,0.9264315,0,0.5644437,0.271334,0.3341195,0.4009762,0.3484416,0,1.628181,0,1.593697,0.3485722,0.7228409,0,1.294344,0.09290642,0,1.143567,0,0,0.04601054,0,0.6388701,0,0,0.5480109,0.9093601,0.0232113,0.1450187,0,0,0.4051982,0.4721063,0,1.284793,0.139825,0.3622058,0.7407117,0,0.07497853,0,0,0,0.5310472,0,0,0,0,0,0,0,0,1.677007,0,
0,0.442998,0,0.8054922,0,0,0.8087983,0,0.5001307,0,0.3467976,0,0.0588211,0.7291261,0.7229954,0.950089,0.1887949,0.0887778,0.7291054,0,0,0,0,0,0.2725604,0.2727846,0.5870982,0,0.6673383,0,0,0,0,0.5474292,0.3452552,0.807457,0,0,0,0,0.9309257,0,0,0,0,0.5064374,0.9170591,0.8221342,0,0,0,0.4044732,0,0.02108074,0.761445,1.687625,0.1347797,0.1950229,1.494925,0,0,0,0.3623919,0.7041017,0.6702944,0,0,0,0.4602178,0,0,1.481694,0,0.1839602,0,0,0,0,0.4510602,0.6669528,0.9912343,0,0.4613478,0,0.5420247,0,0,0,1.06448,0.5266236,1.055146,0.0647859,0,0.2095714,0.1587698,0,0.7206355,0.2390539,1.100372,0.3261912,0.009436034,0.1768845,0,0,0,0,0.3808483,1.794248,0,0,0.507442,1.385184,0,0.3122462,0.2432908,0,0,0,0.2449409,0.5886284,0,0,0.8333147,0.02362371,0,0,0.9976746,0.9802964,0.6154232,0.5904816,1.310765,0.3868828,0.1673777,1.514445,0.1477284,0,0.06415934,0.2211516,0,0,0.2405944,1.112718,0,0.5129837,0,0,0,0.2209113,0.3851033,0,0,0,0.02238645,0,0.5488974,1.091162,0.5300729,0.5341192,0,0.1178005,0.01456028,0,0.264772,0.002350429,0.6921523,0.1868709,0,0,0.6334528,0.07161469,0.2061331,0,0.9508596,0.2633677,1.049263,0,0,1.675129,0.8405228,0.7315834,0,0,0,0.7999413,0,0.426955,0,0,0.7127748,0,0.3024326,1.531917,0.8079219,0.04561434,0.6357917,0,0,0.7081171,0.08601619,1.190771,0,1.113994,0,0,0.2209292,1.29982,0,0.8335953,0.1311439,0.1102019,0.9058703,0.5032179,0,0,0.2776394,0.1265189,0,0,1.099923,0.3392944,0,0,0.3530827,0,0,0.6296207,0,0,0,0,0,0,0,0,0,0.6153038,0.5241659,0.2349346,0,1.188698,0.8244811,0.4728152,0.3041492,0.9653188,0.7783591,0.8592234,0,0.6547973,0.4706421,0,0,0,1.306237,0,1.712701,0,0.2223254,0.4366937,0,0.04020135,0,0.7238399,0.2129495,0.5072294,0.5550807,0.2033912,0.1668193,1.011333,0,0,0.5450872,0,0,0.8354625,0,0,0.4837617,0,0.2444416,0,0.3789019,0.918064,1.069174,0.1702751,0,0.2771581,1.030823,0.01632108,0,1.214989,0,1.36771,0.06302647,0,0.3997046,0.1911771,0.4621649,0.002259599,0.126017,0.1704398,1.875169,0,0.6218758,0.04864721,1.428862,0.9386843,1.116311,0,0,0.4730747,0,0,0,0,0.08523021,0.7927136,0,0.07932477,0,0,0,1.435205,0.1173582,0.1929026,0.03105439,0.5528563,0,0.1993027,0,0.6934385,0.5754459,0,0,0,0.3246206,0,0.5770324,1.307954,0.3178901,1.806484,0,0,0,0.37488,0.08042126,0,0.5594569,0.3828093,0,0.3021299,0.3830081,0,1.44431,0,0,0,1.326968,0.2946746,0.2743231,0.9409327,0.3943682,0,0,0,0,0,0,0,1.496957,0,0.0661758,0.7142598,0,0.2396544,0,0.5711715,1.072837,0,0,0.2275143,0.2811207,0,0,0,0,0,0,0.6025928,0.07881502,0.6940417,0.06302785,0,0,1.372186,0.1125043,0.3483162,0,0,0,0.3478201,1.458748,0.7172094,0.1572244,0.2278487,0,0,0,0.4756438,0,0.1206507,0,0.2644267,0.5672013,0.7418061,1.122936,0,0.5157834,0,0,0,0.1713222,1.639351,0,0,0,0.2870573,0,0,0,1.449535,0,0.6501956,0.7370166,0.7729303,0,0,0,0,1.204945,0,0.6585554,0.9804708,0.5087221,0.08721758,0.2704104,0,0,0.2648492,1.605657,1.481667,0,0.3395586,0.4195513,0,0,0,0.2152092,0,0,0.4219615,0,1.122223,0.06172846,0,0,0.2852837,0,0.5401129,0,0,0,0.7732318,0,0.04624628,0.1036393,0,0,0.4211031,0,0,0.7373561,0.1659571,0,0,0.417002,0,0,0.7532579,0,0,2.06089,0.1126069,0.1080233,0,0,0,0,0.7833719,0,0,0,0.1732405,0.5453233,0,0.3420653,0,0,0,0.2373897,0.002260434,0,0.1828976,0,0,0.249149,0,0.8194137,0,0,0.4655598,0,1.134495,0.8359268,0.2365475,0.6654825,0,0.887642,0,1.037447,0.5808968,0.5631925,0,0.8192402,0,0,0,0.2390868,0,0.03407009,0.7333004,0.3432989,0.9587677,0.9277303,0,1.907595,0,0.3278462,0,0.4953534,0,0,0.5239664,0.3189427,0,0.1901211,0,0.7540561,1.447662,0.891553,0,0.1092457,0.7566506,0,0,0,0.08781207,0,0,0.8019841,0,
0.03987528,0.1566492,0,0,0,0,0.6545817,0,0,0,0.5676636,0.7960136,0,0.8551381,0.3022123,0.04918432,0.384841,0,0,0.4211175,0.9670509,0.442313,0,0,0.1127738,0,0,1.471925,0,0,0,0,1.653885,0,0,0.09406395,0.4976303,0,0,0,0,0,0,0,0.3984979,0.4481009,0,0.9056697,0,0.03511296,0.6470448,0.2103432,0,0.3696751,0,0,1.500539,0,0,0,0,0.2996145,0,0,1.571787,0,0.4351144,0.3089119,0.9013779,0.5806422,0.08092932,0,0,0.3955006,0,0.1154206,0,0.2864208,0.2007075,0,1.05726,0,0,0.7885273,0,1.07441,0.1763684,0,1.08521,0,0.3793852,0,1.0186,0.5941736,0,0.3065778,0.138486,0.1833684,0,0,0,0.3074625,0,0.8922766,0.2356579,0.9982964,0,0.4570622,0.5152194,0.3316393,0,0,0,0,1.0854,0,2.56757,0.3169111,0.2474583,0,0.8284728,0.8471413,0,0.1620028,0,0.7512143,0,0.3488524,0,0,1.154241,0,1.22844,1.618989,0.5832071,0.1132691,0,0,0.04211489,0,0.04428322,0.8822449,0.2285996,0.8390832,0,0,0.3671593,0.3041832,1.306893,0,0,0,0.4961165,0,0,0,0.1206146,0.6102312,0,0,0.4847794,0,0,0.2168917,0,0,0,0.0888758,0,0.5114134,0,0.3689439,0,0.8989152,0,0.09438388,0,0,0,0.2710732,0,0,0.9258143,0.2563632,1.597663,0,0,0,0,0,0.3909199,0.9806228,0,0.6047649,0.8168837,0,0,0,0,0.2451499,0,0,0,2.554054,0,0.07799198,0.317833,0,0.7447349,1.789748,0,0,0.5678942,1.160226,0.3400545,0,0.3233134,0.5244371,0.6805497,0,1.166132,0.2934861,0,0,0,0.02710665,0,0,0.2690114,0.3165849,0.5512661,0.7706847,0.9345902,0,0.53226,0,1.292748,0,0,1.157938,0.7432964,0,1.363832,0,0.8949001,0.6693839,0,0.1102789,0.807711,0.5438647,2.024562,0.6348099,0,0.3192074,1.201023,0,0,0,0,0,0.5233619,0.8970401,0,0.8577933,0,0.2428882,0.3313792,0,0,0,0,0,0,0.609229,0.1013156,0,1.125256,1.141737,0,0.7027965,0,2.182827,0,0.6172083,1.515852,1.073609,0,0.1029926,0.5989527,0.1551438,1.211542,0.5446697,0,0,0,0,0.02763034,0,1.285266,0.6266077,0,0,0.2469945,0,0.8913699,0.07031231,0.5367712,0.8180462,0.02512464,0,0,0,0,0,0.6874385,0.6597595,0,0.4088014,0,0,0.670264,0.8304787,0,0.2803287,1.199121,0,1.445469,1.278744,0,0,0,1.296979,0,0,0,0,0.8288385,1.030379,0,0,0,0,0,0.8808063,0.7064533,0,0.6941742,0.4663459,0,0,0,0,0,0.3265424,0.06956569,0,0.3589998,0.2693114,1.049286,0,0.955958,0,0.9856476,0.5927342,0.429821,0.6263371,0.06014477,0.2059287,0.8035133,1.063367,0.05663342,0.5159736,0,0.4272842,1.157818,0.1230449,0.5327466,0.6283025,0.4034232,0,0.5923283,0,0,0,0.06181348,0,0,0,0,1.696119,0,0,0,0.747843,0,0,0,0,0.01462484,0,0,0,2.17469,0,0.2687345,0,0.2191262,0,0,0,0.9997959,0.1383508,0.6883558,0,0,0,0,0,0.5053523,0.9459941,0,0,0,0.003987547,0.1555986,0,1.977423,0,0.458159,0.6457344,0.8973926,0,0.01431708,0,0,0.24818,0.6829982,1.005203,1.315566,0.1106306,0.6831625,0.06950921,0,0,1.278507,0,0.4908778,0.002392878,0,0,0,0.2012403,0.7590536,0,0,0,0.4219374,0,0,0.3522603,0,0,0.05723705,0.4756873,0.370296,0.09866083,0.4519397,0.405567,0.3258148,0,0,0,0,0.06972652,0.1058963,0.04094421,1.475222,0,0.4015205,0.3515162,0,0,0.03426417,0.4012403,0,0,0.8143176,0,0,0,2.064788,1.167998,0,0.03036875,0.2071163,1.799005,2.38844,0,0.8914148,0,0.7256783,0,0,0,0.1507317,0.5439309,1.816868,0.7621858,0.001967774,0,0,0.7722164,0.362724,0,1.186901,1.07726,0.7278095,0,0.3531296,0,0,0,1.228284,0,0.9004914,0,1.286513,0,0,0.5263708,0.5598944,0,0,0,0.9942954,0.1531027,0,0,0,0,0.543589,0.07149541,0.8752012,0.8534693,0,0,0.2124297,0,0.2251629,0,0,0,0.1573213,0.5865375,0.3041931,0,0.4591334,1.411329,0,0,0,0.7755317,0.1271476,0.8798376,0.5488954,0,0,0,0.0513392,0,
0,0.5670707,0,0.9081689,0,0,0,0.2847724,0,0.3351776,0,0.2816857,0.612183,0.1852857,0,1.146245,0.6661513,0,0,0.7140761,0,0.7847605,0,0,0,0.7282612,0,0,0,1.895904,0,0,0,0,0,0.2020447,1.195414,0.5701747,0,0,0,0,0,0.03721448,0.2630712,0.2435337,0,0.6954598,0.6001137,0.2226995,0.0589322,0,0.05870923,0.2289261,0,0.8641131,0,0.5783731,0,0.4257385,0,0,0.135357,0.1361686,0.3352816,1.53925,0.7580633,0.545473,0.1090739,0.349564,0.4391664,0,0,0.7511925,0,0.06314556,0.3496294,0,0.4089572,0,0,0,0.5252252,0,0.5916954,0,1.201768,0,0,1.382739,0,0.7045276,0,0,0.3578888,0.1440885,1.610738,0,0,0.5116875,0,1.366049,0,0.6227567,0,0,0.2485251,0,1.273771,0,0,0,0.2253361,0.1718551,0.2614363,0,0,0,0,0,0.5577359,0.554441,0.212772,0.9942306,0,0,0,0.1644153,0.4651234,0.130384,0.7740644,0.9205459,1.012656,0.4197608,0,0,0,1.463182,0,0.5206025,0.8793781,0.06132731,0.9589671,0,1.117812,0,0.9271294,0,0,0.5196176,1.430543,0,0.3507409,0.5502996,0.05850244,0,0,0,0.2179036,1.034389,0.4228964,0.4037013,0.8761906,0,0.8672879,0.346668,0.8732411,0,0,0.3086236,0.1435898,0,0,0,1.026529,0,0,0,1.192389,0,0,0.801428,0,0.3782461,0.508416,0.666054,0.08735076,0,0,0.5795337,0,1.27721,0,0.1474204,1.008799,0,0.1512207,0,0.3903205,0.2758901,0,0,0.3789311,0.6241297,0,0.3707865,0.2211241,0.3274546,0,0,0,0.7056543,0,0.7769952,0,0,0.7112368,0.681992,0,0,0.4561427,0.7787863,0,0.5198767,0,0,0,0,1.163869,0,0.8255964,0,0.1860369,0,0,0,0,0.9992536,0,2.179772,0,0,0.002533828,0.06591512,0.7467337,0.4129552,0.4596821,0,0,0.4817435,0,0,0,0.7509117,0,0.8310686,0.8518429,1.761011,0,0,1.544974,0,0.941187,0,0,0.7611482,0,0.4328548,1.714976,0,0,0,0.1555305,0,0,0.4795948,0,0,1.211959,0.6547803,0,0.8278898,0,0,0,0.1214233,0.1805604,0.1116774,0.1804169,0,0.2415633,0,0,0,0.2867292,0,1.202518,0.6528102,0,0.4465788,0.3945682,1.236958,0,0.745538,0.4590582,0,0.2989777,0.6424341,0.1454215,0,0,0,0,0,0,0,0,0.9899583,0.1695495,0.1843356,0,0.7755105,0.693786,0,1.259325,1.021861,0,1.422305,0,0,0.4035543,0,1.134161,0,0,0.3655387,0,0,0.749011,0,0,0,0,1.641596,1.130057,0.02703743,0,0,0,0.1861339,0,0,0,0.864298,0,0,0.5074748,0,0.3172502,0.5833514,0.9303765,0,0.1013704,0,0,0,0.5860773,1.204052,0.07615308,0,0.4948865,0.7153904,0,0.01665522,0,0,1.109954,0.7341422,0,1.477709,0.6353838,0.3618432,0,0,0,0.5406811,0.2290828,0,0,0,0,0.1511494,0.1591304,0,0.7668228,0,0.2903085,1.09328,0,0.04121494,0,0,1.40534,0.4228931,0,1.408749,0.3142849,0,0,0.2153494,0.4849118,2.005134,0.3531122,0.898474,0,0,0,0.03271672,0,0.07154115,0.2291202,0,0,0,0.07511292,0.04958527,0,0.3737942,0,0,0.02116206,0,1.753802,0.5589202,0,0.6090092,0,0,0,0,0,0,1.327896,0.5948503,0,0,0.6829773,0,0.5682958,0.2537355,0.3799003,0,0,0,0,0,0,0.5035756,0.288759,0.7401248,1.4997,0.5943279,0,1.528586,0.8533967,0,0.3177991,0,0.2407016,0.02602111,0,0,1.513427,0.4009812,0.5461282,0.6926867,0,0,1.847582,0,0.1615566,0.4039269,0.06231818,0,0.7606238,0.7725067,0.4204945,0.1303047,1.681121,0,1.257082,0.6911064,0.1239648,0,0.1060742,0.435326,1.335738,1.5801,1.202148,0,0,0,0.5317965,0.2582162,0.48704,0.8008863,0.06890498,0,0,1.224116,0,0,0,0,0.3396288,0,0,0,0,0.1492952,0,0.6119472,0.9363968,0.3167074,0,0.4608513,0,0.1942058,0.02107026,0.5611174,0,0,0,0,0,0.2047593,0,0.307829,0,0.06405369,0.2949248,0,0.3864775,0.1682879,0,0.6056715,1.149934,0.2402248,0.1479814,0,0,0,0,0,0.503832,0.345434,0,0.009433964,2.026968,0.01349569,0,0.3897862,0.7672103,0,0.8081324,0,0.4437502,0.2913782,0,0,
0,0,1.066561,0.6759836,0,0.1236845,0,1.710257,1.513658,0,0.2462836,0.02032204,0,1.057852,0,1.3421,0.2729124,0,0,0.8238961,0,0,0.2480847,0,0,0,1.477115,0.431603,1.003767,0,0.4874631,0.7479481,0.06881213,0,0.67303,0,0,0,0,0,0,0,0.3629289,0.8749902,0.2298221,0.9549091,0.2647244,0,0,0.6924809,1.05894,0,0,0.4771493,0,0.2871111,0,0,0.5942484,0.3717406,0,0,0.091435,0,0,0,0,0,0.04467379,0,1.040249,0,0.2912374,0,0.6697065,0.27435,0,0.6495151,0,0,0.6577628,0,1.08327,0,0,0.1947407,0.1180025,0.2967452,0.5292896,0.8920609,0.2576252,0.1693101,0.512817,0.9190036,0.8358308,0.4229839,0,0.3391132,0,0.7798536,0,1.542716,0,0.1239837,0.7701634,0,0.02467896,0.5598993,0,0.004041235,0.03819694,0,0.2429759,0.8254381,0.06259395,0,0,0.2957019,0.7724614,0.1527996,0.1394018,0,0,0.2782442,0,0.8653164,0,0,0.4439122,0,0,0,0,0.2689666,0,0,0,0.05963499,0,1.164775,0.5042621,0,0.09006797,0,0,0.002368907,1.089163,0.1147783,1.286206,0,1.21398,0.4742511,0.3688544,0,0,0,0,0.6897476,0,0,0,0.6375471,0,0,0.05686428,0,0,1.223381,0,0.1234958,0,0,0.6007377,0,0,0.8572387,0.4571945,0,0.5832807,0.182523,1.837067,0,0,1.645783,1.270759,0,0,1.008464,0.03908424,0,0.4345793,0,0.687148,0,0,0.1989842,0,0,0,0,0,0,0,0,0,0,1.665165,0.1542355,0.1503177,0,0,0,1.795361,0,0,0,0,0,0.1986765,0,0.5029411,1.329758,1.67254,0.5454194,0.6339207,0.6724368,0,0.5800227,0,1.068848,0.043716,0,0,0.31692,0,0.5154243,0,0,0.9580074,0,0,0.5629253,0.5233242,0,0,0,0.3383606,0,0,0,0,0.4081721,0,0.5118939,0.05203583,0,0,0.8501003,1.351822,1.583016,0,0.4575618,1.329574,0.1762275,0,0.8172111,0,0,0.01499797,0.354707,0.9531478,0.06985115,1.90683,0,0,1.016029,0,0,0.291746,0,0,0.3042675,0.3387996,0,0,0.04346615,0,1.277361,1.703816,0,0,0,0.7323396,0,0,0.7533453,0,0,0.1082477,0.7564493,0.8664529,0,0,0,0,0.9509429,0,0,0,1.080886,0,0.1857091,0,0,0.4916631,0.6084902,0,0,0.1908146,0,0.2272168,0,0,0.00870057,0.6264428,0,0,0.2829327,0.07899532,0.2498344,0.6566604,0,0,0.1466844,0,0,0,0,0,0,0.2211944,0,0.2132447,0,0.2289881,0,0,0.4825152,1.173118,1.279225,0,0.09780931,0.01813079,1.316597,0,0.2869752,0,0,0.6054756,0.06061054,1.416324,0.8901924,0,0.3719071,0.08017439,0,0,0,0.7650278,0.1446469,0,0.6153986,0,0,0,0,0.2348023,0,0.3934123,0,0,0,0.1014739,0,0,1.051153,0.6454298,1.665997,0.9156081,0.2269458,0,1.032629,0.1585643,0,0,0,0.2075965,0,0,0.3117239,0,0,0,0,1.188706,0,0,0.1225891,0.07885806,0,0.1916237,0.3379208,0.7347733,1.043421,0,0.7069206,0,0.6916701,0,2.006285,0,0,0.4167386,0,0,0,0,0,1.03411,1.210695,0,0,0,0.7807283,0,0,0.02077699,0,0.5026871,0.0718796,0.1702993,0.909348,0,0,0.8599362,0.01723393,0,0.8947874,0.5884663,0,0,0,0,1.132816,0.9366207,0,0.663889,0,0,0,0.6573864,0.4399038,1.17885,0,0,0,0.6307028,0.4673206,0,1.003588,0.7526274,0.1347437,0,0.1933086,0,0,0,0,0,0,0,1.041901,0,0,0.4430512,0.5336808,0.6261908,1.04178,0,0,0.01239935,0,1.020217,0.07979344,0,0,0.5636301,0.3044966,0.4610999,0.03915801,0,0,1.369131,0,0,0.7363132,0,0,0,1.206586,0,0,0,2.116988,0,0.08726577,0.6085801,0.1213761,0.4717182,1.377198,0.1521673,0.7026237,0.1599678,0,0,0.9150168,0.308,0.8657182,0,0,1.226001,1.11566,0,0.03882431,0.9485835,0,1.479393,0,0,0.2541724,0,1.628226,0.8587185,0,1.274562,0,0,0.03940656,0,0.4765996,0.7390357,0.4167296,0,0.1655576,0,1.30838,0,1.75555,0,0.5149523,0.7588755,0,0.4912113,0,0,0.8639235,0.005104057,0.8494349,0.1359961,0.09425425,
0,0.5985627,1.223705,0.640173,0.2030659,0.2410596,0,0,0,0,0.8429073,0.08474654,0.5012897,0,0.1644256,0.2288718,0.1221673,0,0,0,0.8389138,1.110929,1.091889,0.3391223,0.6346253,0,0,0,0.8023048,0.9900166,0.6751096,0,0,0,0,0.3882264,0,0,0.869443,0,0,0,0.8747634,0,0,0.1424316,1.143339,0.4399483,0,0.4725036,0,0.9025534,0,0.7856351,0,0,1.173496,0.102185,0.2231729,0.1516812,0,0,0,0,0.05280739,0.2367901,0.8060113,0,0,0.06837732,0.3476394,0.08330865,0.3592612,0,0,0,0.1991125,0,0.2192101,0.2618464,0,0,0,0,0.3407288,0,0,1.686796,1.17194,0,0,0,0,0,0,0,0,0.1378736,0,0,0.2622105,0.03306947,0.8527123,0,0.6186688,0,0,0,0,0,0,1.349554,0,0,0,0,0,0.3550529,0,0.1187806,0.1119114,0,0.8875509,0.1871265,0,0,0,0,0,0,0.003677257,0,0.2192519,0,0.187617,1.204187,0.381938,0,0.1615387,0,0.2559967,0,1.630191,0,0,0,0.3834764,0.2541554,0,0.3313897,0,0.4556863,0,0.4771804,0,0.6862884,0.9701436,0.545211,0,0,0,0,2.034082,0.4171332,0,0.4203889,0,0.4066294,0.4938611,0.04359276,0.5497321,1.787801,0.3440016,0.2551839,0.9395179,1.095199,0.7067928,0.1297909,0,0,0.08841227,0.2042717,0.05620017,0.9410702,0,0,0.08923246,0.01474148,0,0.2017481,0,0,0.3437464,0,0,0,0,0.06685413,0,0.2120835,0.1052906,0,0.5977423,0,0,0,0,1.233711,0,0,0,0,1.548162,0,0,0.8367612,1.106863,0.9455469,0,0,0.8187439,0,0.1596713,0.9055452,0,0,0.5879091,0,0.2186295,0.1184599,0,1.289688,0,0,0,0,0.3483946,0.3138784,0,0,0,0,0.8118434,0.4252899,0,0,0,0,0.03029677,0,0,0.002538236,0,0.3245869,0.2288762,0.3057136,0,0,0.7478411,0.4399603,0.5433984,0,0.7885847,0,0,0.4492032,0.5440514,0.1255115,0.2688043,0,0.416456,0,0.7408665,0,0.5608139,0,0,0,0.4676412,0,0.1513474,0,0,0.2534603,0.8498493,0.4871052,0,0.7471253,0,0,0,0.2683283,1.420036,1.155479,0.6921884,0.7834353,0.09166649,0.3343417,0,0.4064579,0.9238228,0.9509534,0.5022022,0.3939121,0,0,0.3885712,0,0.7265078,0.2221018,0,0.1974703,0.8406245,0,0.6013418,0.1508847,0.3489098,0,0.3527179,0,0,0.4861357,0,0.6835852,0,0,1.453093,0,0,0,0,0.7664079,0,0.7012868,0,0,0,1.190927,0.8065615,0.7309641,0,0.009680971,0,0,0,0.6976019,0,0,0.1064758,0,0,0,1.251609,0.1604381,0,0.2430946,0,0.3406029,0,0.8520798,0.4327878,0,0,0,0.4547759,0.1402926,0,0.2548875,0,0,1.488352,0.7025384,0.4761032,0,0,0.621663,0,0,0,0.4569955,0,1.141436,0.4113439,0.573737,0.06522301,0,0.5820923,0.6891401,0,0.04094081,1.247129,0,0,0.2267789,0.01664108,0,0.2868797,0.769857,0.2127859,0.4381142,0,1.248084,0.4919359,0,0,0,1.304542,0.6954755,0.5555286,0,0,1.637172,0,0,0.1459854,0,0,0.08095544,0,0.2059247,0,0,0,0,0.215952,0,0.7526852,1.834831,0.003184034,0.2686557,0,0,0,0.4059908,1.127877,0.07574337,0,0.3710298,0,0,0,0,0.4312227,0,0.6970569,0,0.5587561,0,1.085347,0.6067154,0,0.4131514,0.3654229,0.3178394,0,0.9805856,0,1.4522,1.052944,0,0,0.02393388,1.525748,1.181796,0,0.4102424,0.1387053,0,0.6463594,0,1.025228,0.31796,0.9110723,0,0.3487287,0,0,0,0.4691578,0.6790645,0.2216327,0,0.9895489,0,0,0.4224334,0,0.3092243,0,2.199777,0.5640395,0.5658171,0.08724403,0.16592,0,1.093348,0,0.9456679,0.4061399,0.9048248,0.01105845,0.3462487,0.2586963,0,0,2.53145,0,0,0,0,0,0,0.8632377,0.5079992,0.1236331,0.03093685,0.3821249,0.006451936,0.1172178,0,0,0,0,0.6021769,0.02036567,0,0,0.01600469,0.7841532,0.355921,0.3763402,0,0.6469514,0,0,0,0.1907336,0.7948823,0,0,0,0,0,0,0.1423111,0.3351242,0,0.3794383,0.4393971,0.1640636,0,1.592505,0,0.2031668,0,0.9463263,0.8595018,0.2303174,0,1.129416,0.1387778,0,0,0,1.192487,0,0.9670697,0.3331361,0,0,
0,1.337161,0,0,0,0.2815491,0.6984121,1.83598,0,0,0,0,0,2.065875,0,0,0.2599291,1.385795,0,0.5638983,0,0,0,0,0,0,0.7215481,0.2265063,0.3991611,0.09692818,0,0.2483427,1.087592,0.3836179,1.415797,0,0,0.7490407,0.8511053,0,0,0,0,0,0,0.2652528,0.9842117,0,0.5412183,0.08358307,2.079865,0.8655964,0.6211097,0.1024645,0.34994,0,0,0.3270527,0,0.05194659,0.4640049,1.243585,0,0.1894115,0.5871929,0.9995294,0,0,0,0.6036918,0.2770956,0,1.213663,0,0.391175,0,0,0.308547,0,0,0.5594754,0,0,0.7733009,0,0.223408,0,0,0,0,0,0,0,0.3834844,0,0,0,0.06938096,0,0.560873,0.03855313,0.4915221,1.107854,0,0.3971906,0.4142206,0.2497953,0.3478264,0,0.2857523,0.06980968,1.432475,0,1.142439,0,0.7474086,1.23455,1.566008,0,0,0,0,0,0,0,0.6720715,1.4699,0.6171321,0.2835088,1.83729,0,0.4749623,0,1.086148,0.07643549,0.6830387,0,1.829916,0,0.1088093,0,0,0,0,0,0.3134193,0.3009294,0,0.2154541,0.01169262,0,0.7557903,0.07995217,0,0,1.128637,0,0.04864952,0,1.444462,0,0,0.4510513,1.290739,0.8297216,1.028045,0.6856863,1.455009,0.7596738,0,0,0.2252328,0.05867605,1.382358,0,0.902847,0.5342942,0.4752541,0.2883557,0.1200777,0,1.014296,0,0,0.7917856,0,0,0,0,0,0,0,0.2581772,0,0,0.1241021,0.5206853,1.565533,0,0,0,0,0,0,0,0.3618977,0.2655779,0,0,0,0.3386062,1.384593,0.5668899,0.1368289,0,0,0,0,0,0,0,1.095109,0,0,1.628664,0.5621726,0.03538892,0,0,0,1.604335,0,0.7695464,0,0.2133572,0.9280284,0,0,0,0,0.3345243,1.682788,0,0,0,0,0.027961,0,1.190876,0.9010534,0,1.090023,0,0.07221089,0,0,0.6989291,0.4923154,0.2251639,0.2231653,0.131843,0.1661493,0,0.5666591,0,0,0,0,1.550137,0,0.4728049,0.5021295,0,0,0.4824584,0.7455538,0,0,0.9005485,0,0,0,0,1.154655,0.3996566,0.7157164,0.8067598,0.1518603,0,0.3216999,0.7211235,0,1.142481,0.4979157,0,0,1.796051,0,0.3817247,0,0,1.328271,0.04519111,0,0,1.545888,0.8217599,0.9148507,0,0.08806703,0.1394622,0,0.2419881,0.485812,0.2803172,0.145528,0.3309066,0.1063849,0,0.5021564,0,0,0.03186229,0,0,0,0,0.9531503,0,0.1337664,0,0,0.7775707,0.006486391,0,0,1.154908,0.3141328,0.512049,0.1809577,0,0,0.6489801,0,1.133616,0,1.820935,1.378464,0.3323189,0,1.266506,0.1414778,0,1.260064,0,0,0,0,0,0,0,0.2083261,0,0.5268425,0,0.03716853,0.3586656,0.05998612,0.681102,1.279375,0.5176837,0.4497537,0,0,0,0.09845541,0.2052489,0,0.6525737,0.6369753,0.03689503,0.380033,0.3536774,0,0.1920309,1.58076,0.196487,0.6728045,0,0.1036379,0.540042,0,0.002396142,0,0,0,0.4717515,0.5584689,0.6049816,0.8032016,0.4345042,0,0.8410634,0.285632,0,0,0,0,0.9320294,0.008584756,0.1810324,0.2514111,0.109027,0.5892896,0.7674716,0,0.6325597,0.8936253,0.1598177,0,0,0.6718498,0.5858348,0.7549838,1.215878,0.2666391,0,0,0,2.254824,0,0,0,0.3512486,0.6977625,0,0,0.2841716,0,0.2430982,0.2436555,0,0,0,0,0,0,0,0.4394282,0,0.1539755,0,0,1.491986,0,0.02976174,0.1947528,0.925539,1.345868,0.6346904,0,1.219386,0,0,0.3838364,0,0,0.3317222,1.166478,0.3027191,0.8658123,0,0,0.7069451,0.8773992,0,0,0.07054763,0,0,0,0.2501469,0,0,0,0,0.3450802,0.2735968,0,0,0.1619537,0,0,0,0,0,1.100109,1.072122,0.4009163,0,0.5082299,0.8004004,0.7371303,0,0.0947819,0,0,0,0,0,0,0.3871189,0.792101,0,0.6674948,0.2290309,0,0.1233395,0,0.2474989,0.1023368,0,1.664747,0,0.585191,0.2358481,0,0,0.2576862,0,0.08519002,0,0.4318001,0,0.02875592,0.07452936,0,0,0.6255287,0,0,0.08529385,0,1.104219,0,0,0,0,0.08189206,0,0,0,0.3210092,0.3959051,0,0.4290005,0.3066136,0,0,0,0,0.04913137,0.03513858,0.2443912,0,0.443884,0,0.0765613,0.1784544,0,
0,0.1703799,0,0.5051312,0,0.5199751,0.5574979,0,0,0,0,0.4327486,0.07936586,0.7050833,0,0,0,0.2281878,0,0,0.5463259,0,0.3085385,0,0,0,0,0.7604089,1.551026,0,0,0,0,0.018325,0.668601,0.9436828,0.6550477,0,0,0,1.284132,0,0,0,0.6752053,0,0.5452467,0,0,0,1.493477,0,0.6173888,0,0.1075187,0.5044926,0.4072732,0.2990882,1.409143,0,1.035846,0.2718506,0,0.7465265,0.8801013,0.4525294,0,0,0.6312326,0,0.03829181,0.7713711,0,0,0,0.08877818,0.3092773,0,0.4029994,0,0.02553416,0,0,0,0.526026,1.040961,0,0,0,0.7414078,0,0.5475858,0.3303452,0,1.195934,0,0,0,0.9615769,0.2223668,0.1724028,0,0,1.272775,0,0.5097781,0.6075136,0,0,0.0512191,0.2488382,0.03538663,0,0.8355412,0.1167369,0,1.220185,0,0.1730126,0,2.044709,1.61035,0.5521473,0.5575143,0.1772519,0.3263268,0.4456823,0.5373598,0,0,0,1.41818,0.2460918,0,0,0.05623443,0.0483715,0.7388313,0.2068899,0.3699638,0.5869857,0,0.318325,0,1.64299,0.3855018,0,0.386994,0.7391877,0.6162938,0.01194886,0,0,0.8905706,0.2146347,0.152308,0.9164237,0,1.792404,0,0,0.2956079,0,0.1786712,0,1.01119,0.7365763,0,0,0.06477267,1.283893,0,0,0,0.1955108,0,0.02790401,0,0,0,0.4031005,0,0.4437148,0.5610783,0,0.1154294,0,0,0,0.3434407,0,0.09737543,0.7162225,1.23019,0.890238,0,0,0,0.08644183,1.217518,0,0.8557976,0,0.9992815,0.5487346,0,0.214527,0,1.817515,0,0.1641716,0,0,0,1.003411,0,0.5047851,0,0.2507227,0,0,0,0.2865089,0,0.3691069,0.1887635,1.286503,0,0,0,1.270232,0.3327917,0.6712889,1.367838,0,0.3773887,0,0.5685155,0.9135675,0.01528172,0,0.2412871,0,0.3024145,0.3682939,0,0.5402224,0,0.1479572,0,0.3347167,0,0,0,0.2427554,0,1.099205,0,0.5307105,1.023681,0.2321488,0.6892816,0,0,0,0,0,0,0.4240074,0.3854334,0,0.4011473,0,1.842707,0,0,0,0,0,1.120751,0,0.396524,1.595633,0,0,0.3550752,0.1506379,0.5353378,0,0,0.6966157,0,0.5186299,0.3962633,0.5733787,0,0,0,0.7159656,0.4704227,0,0.02738753,0,0,0.6091631,0,0.555186,0,0,0.2819436,1.161626,0,0.7028772,0,0.4652185,1.241913,0,0.08026188,0,0,0,0,0,1.011446,0.7227762,0,0.3456212,1.773317,0,0.02159008,3.28571,1.335434,0,0,0.6982496,0.4134448,0,0.02965109,0,0.5201567,0.2261834,0.5765523,0.4358194,0,0.2484457,0.5734348,0.07420194,0.972163,0.8924786,0,0,0.1196306,0.1960485,0.6687363,0,0,0.2601956,1.018067,0,0,0,0.02051213,0,0,0.8387849,0.08094224,0,0.475655,0.3131027,0.01331836,0,0.5667602,0,1.046957,0.9186544,0.5225129,0.3745274,0,0,0,0,0,0.4373985,0,0.02221736,0,0,1.054267,1.23202,0,0.1427248,0,0,0,1.279162,0.6409491,0,0,0.7113653,0.1044608,0,1.396491,0,0,0,0.09930852,0.3920128,0.3111793,0,0.2608993,0.03115912,1.316801,1.043622,0,1.250861,0,0.6851451,0.2393427,0.07418348,0.04272177,0.05764259,0.6047129,1.467349,0,0,0,0,0,2.999119,0.4573028,0,0,1.293789,0,0,0,0.5121605,0.3359963,0.1133355,0,1.172358,0.4723079,0,0,0,0,0,0,0,0.04228348,0.04693096,0.4039595,0.07334222,0,1.066177,0,0.954685,0,0,0,0.929326,0.8753172,0.3076828,0,0,0.718069,0,0.492149,0.5501212,0.8977627,0.6752164,0.6907321,0,0.239895,0,0,0.01381035,0,0,1.136286,0,1.596536,0,0.4769073,0.1889495,0.02171723,0,0.9219784,0.3483122,0,0.1151267,0.4841596,0.7086279,0.002944995,0,0,0,0.4460951,0,0,1.069732,1.868118,0.5472414,1.541594,0,0.06869238,0.9685809,0,0,0,0,1.214033,0.3419796,0,0.3093705,0,0,0,0.9328096,0,0.4150566,0,0,0,0,0.7353135,0.4199163,0.8064395,0.5837422,0.621789,0.03173664,0.3507931,0.6771109,0.9651219,0.9299051,0,0,0,0.8571627,0.3721029,0,0.07306073,0,0.5383497,0,0.8051348,0.1293643,0,0.7340062,0.4166314,1.068505,0,0.7090561,0,0,0,0,0.3343467,1.367489,0,0.2144189,0.771118,0,0,0,0.4456428,0,0,0.09712958,0,
0,0,0.2276434,0.124643,0.9131236,0,0,1.139758,0,0,0,0.6699457,0.5535468,0.2233889,0.3185251,0,0.2968344,0.2381319,0,0,0.002145565,0.5339398,0.4243588,1.505137,0,0,0,0.5932688,0,0.4417906,0.1803418,0,0,0.04258455,0.05905504,0,0,0.4684916,0,0,0,0.5494804,0.7268804,0,0.8674463,0.3857375,0,0.4556493,0.01682329,0.2315731,0.7615469,0,0.6735621,0.2307693,0,0.6482702,0.3664877,0,0.4526353,0.0386205,0.388324,0,0,0.0363417,0,0,0.5102341,0.9714896,0,0.3207255,1.323564,0.6736463,0,0.1378927,0.06984328,0.1155875,0,0.7218234,0,0.2470059,0,0,0,0.006721974,0.1338541,0,0,1.227764,0,0.1483399,0,0,0,0,0.5327742,0,0,0,0.4889672,0.04277432,0,0.2170224,0.5218179,0,0.3803212,0.6788377,0,1.325392,0.7696993,0.7084627,0,0.5449842,0,0,0.9219747,0.02541875,0.2117745,0,0,1.580311,0,0,1.129147,0.1575526,0,1.000546,1.214964,0,0.6409708,0.5049261,0,0,0.07436202,1.143395,0,0,0.01703702,0.4144882,0,0.103828,0.2134323,0,0,0,0,0,0,0.3298725,0.4592448,0,0,0,0.2497635,0,1.229352,0,0,0,0.4594993,0,0,0.2874051,0.4694173,0,0,1.051216,0,1.815789,0,1.168382,0,0,0,0.02633564,0,0,0.5496444,0.5390288,0.2959771,0.3218635,0.6830975,0.7407232,0.0165784,0.683267,0.3372437,0.6586691,0,0.3149132,0.4305805,0.3604798,0,0,0.9566896,0,0,0.3513267,0.4126395,0,1.395157,0.1467157,0.1109657,0,1.79384,0.2526162,0,0,0.03154963,0,0,0,0.5217347,0,0,0.7081848,0,0,0,0,0,0,0,0.5893841,0,0,0,0,0,0.210087,0,0.3563461,0,0.735763,0,0,0.2103143,0.1307093,1.264804,0.2503203,0,0.6898853,0.5096157,0,0.09723913,0,0,0.5758266,0.678405,0,0,0,0.2736331,0,0.2198687,0,0,0,0,0,0,0.4128575,1.784251,0.506265,0,0,0,1.25035,0,0,0.08202375,0,0.3160611,0,0.442396,0.8820128,1.115721,0,0.7664309,0,1.471768,1.236755,0,0,0.1085564,0.1116119,0.4088775,0.4784578,0.2697112,0.07484768,0,0,0.2609445,0.2822998,0,0,0,0.6620288,0,0.7823653,0,0.8593718,0,1.138123,0.8482262,0,0,0.8806098,0.02080509,0,0,0,0.4252071,0.4041963,0.3878757,0,0,0.02270389,1.473549,0,0.7537419,0,0.0504621,1.071504,0,0.8056141,0,0.7609051,0.2968819,0,0,1.069946,0,0,0.1080194,0.3396238,0,0,0,0,0.7650682,0.5556802,0,0,0.04285708,0,0.292175,0.212728,0.8950652,0.6710665,0,0,0,0.6318209,0.4365207,0,0,1.069532,0,0.4712273,0.3441741,0.149269,0,0.6521361,0.2131724,0,0,0,0,0.3191561,0.5570275,0,0.3004026,0.3006526,0.1333074,0.8308621,0.268034,0.5138013,0.04300776,0.4923021,0,0.4659827,0,0.2427982,0.3604483,0,0,0.06630302,1.091383,0,0,0.252405,0,0,0,0,0.8877347,0,0,1.740171,0.8889545,0,0,0,0.2154818,1.660744,0,0,0,0,1.264538,0.642697,0.7573593,0,0.1761665,0.6005381,0,0,0.4023136,0,1.208302,0,0.6684381,0.1880476,0,0.3112084,0.05365068,0.2000712,0.4492429,0,1.039743,0.4744065,1.496897,0,0,1.134857,0,0,0,1.326127,0,0,0.1958862,0,0,0.5933441,0.2231845,1.565605,0,0,0,0.870985,1.66491,1.292836,0.8850173,0,0.300943,0.6908491,0,0,0.9049624,0.4608848,0,0,0,0,0,0,0.4195767,0,0.6004654,0.6261507,0,0,1.205073,0,0.05659966,0.2068022,2.230103,0,0.1640326,1.379509,0,0.3986262,0,1.057521,0.5192667,0.5757522,0.2948551,0.7954339,0,0.5722098,0,0.00229151,0,0.6475042,0.235625,0.1571779,0.3595496,0.2162178,0.08939387,0,0.07030017,0,0.3445069,0.4055303,0,0,0,0.2442425,0,0,0,0,0,1.39559,0,0.863272,0.7010471,0.1338743,0,0,0,0.0450348,0,0.6746476,0,0.02359497,0.7601197,0,0.5685415,0.6873958,0,0.6675513,0.6293166,0.6683183,0,0.1860122,0,0,0.2383834,0,0.1636187,0,0,0,0.2701339,0.2303994,0.1688388,0.2883651,1.041495,0.5089304,0,0.6608688,0,0.6053717,0.1118328,0.7211043,1.539374,0,0,0.08237206,0.2467388,0.5425005,0,0,0,0.4411569,0.61414,0.6731471,1.426177,0.1936366,
0,0.5404786,0.1217421,0,0,0.106917,0,0,0.7796252,0.6136755,0,0,0,1.037057,0.1464054,0,0.6077608,0,0,0.2965641,0,0.3465191,0,1.733903,0,0.3745473,0.3001489,0.492273,0,0,0.4788471,0,0,1.159054,0.01391903,0.2714164,0,0,0,0,0.2247254,0.2495765,0,0.5898837,0.8188779,0,0,0,0,0.04057289,0,0,0,0,0,0,0.1703458,0,0,0.4298618,0.002134862,0,0.7746915,0.8771532,1.528974,0,0.3779691,0.1928136,0.6356667,1.2748,0,0.8090844,1.337399,0,0.4663362,0.1949784,0.6457743,1.419129,0,0,0.8919482,0,0,0.6422454,0.3599671,0,0.04935388,0,0,0,0.1024549,2.085958,0.6252444,0.3658291,1.314196,0,0,0,0,0.274287,0,1.276069,0,0,0.7196819,0.6426743,0,1.355594,0,1.012014,0,0.3427985,0,0.6289611,0.6961768,0,0.6496924,0,0.4326411,0,0,0.641001,1.150728,0.7327672,0,0,0.3368174,1.576659,0,0,2.018437,0,0.03177088,0,0.3754972,0.7480525,0,0.3992945,0.1914088,0.2779664,0.05347303,0,0.6251918,0,0,0.7479914,0,0,0,0,0,0,1.712656,0,0,0,0.3573445,0.740903,0,0.6474574,0.008431999,0,0,0.472641,0.2296912,0,0.1854016,0.3644457,0,0,0,1.007267,0,0.5374471,0.2029488,0.1670854,0,0.08228349,1.349672,0.301163,0,0.004346368,0.01994361,0.4974034,0,0.5141451,0,0.7546754,0,0,0,0.6518414,0.002248948,1.350428,0.981865,0,0.7202901,0,0.4126064,0,0,0,0.6858299,0.3423635,0.6411858,0.3928679,0.2584186,0,0.2983014,0.04839591,0,0,0,0,0,0,0,0.1703037,0,0,0,0.4806951,0.598047,0,0,0.5761934,0.9844939,0,0,0.1854163,0,1.094616,0,0.006600368,0,0,0,0.2543917,0,0.5709033,0.6900567,0,0.6248903,0,0.3845726,0,0,0,1.047207,0.3649334,0.2228666,0,0,0,0,0,0.9019478,0,0,0.7679139,0.0959172,0.3104844,0,0.005727688,0.2124408,0,0,0,1.395977,1.490267,0,0,0.4211426,0,0.4748667,0,0,0.08857214,0.3595288,0,0,0,0,0,0,0,0.4632479,0.1157307,0,0.6659564,0,0,0,0.07721855,0,0,0,0,0,0,0.2382259,0.6377394,0,0,0.4448594,0,0.1742486,0,0.5617362,1.220958,0,0.8036525,0,1.291816,0,0.3060256,0,0.6987137,1.280675,0,0,0,0,2.005669,0,0.1003687,0,0,0.7313409,1.078682,0,0.9076279,0,0.2084542,0,0.01667535,0,0,0,0,0.5863038,0,0.03380049,0.8240891,0,0,0.04130555,0,0,0.1745404,1.226622,1.010945,0.3488728,1.158552,0,0,1.713466,0.896828,0,0,0,0.9492298,0,1.105627,0,0.0891539,0,0,0,0,0.2061323,0.4153129,0,0.6941113,0.5575436,0.8037955,0.1919345,0,0.6187828,0,1.561817,0.05755005,0.285487,0,0,0,0.4895356,0.7278728,0,0.3219759,0.06934223,0.08617294,0,0.7933804,0.4667275,0,0,1.588778,0,0.2721278,0.3174574,0,0.3109412,0,0,0,0,0,0.2895459,0.4101502,0,0,0.2657213,0,1.306978,0.3258906,0.3077161,0.9604144,0,1.099236,0.6608133,0,0,1.043193,0,0,0,0.6856012,0,0,0.1750689,0.5990045,0.5080969,1.075359,0.7694033,0,0.05107495,0,0,0.03326278,0,0.1979663,0.5529132,0.7866788,0,0,0,0.1278149,0,1.016346,0,0.517026,0,0,0.3621085,1.209961,0.2549599,0,0,0,0,0,0.7555956,0.2190788,0.8282768,0,0.4085647,0.3088449,0.8458472,0.3002745,0,0.7792885,0.08420333,0.2252716,0.2151221,0.6555951,0,0,0,0.9817706,0,0.5129738,0,0,0.2253351,0.4219281,0,0,1.082034,0,0.4312799,0.7166278,0,0,0.1671202,0,0.06416264,0.4081902,0,0.5728766,0.4736668,1.279233,0,0,0,0.09031834,0.2696393,0,0,0,0.8296423,0,0,0,0.5053477,1.133744,0.6250723,0.5109104,0.002191794,0,0.8790851,0,0.07269941,0.006558745,0,0,0.8178463,2.07451,0.8489528,0.002411484,1.710148,0.9135743,0.3296187,0.1121608,0.02381379,0,0.7502426,1.581784,1.002314,0.1499801,0,0,0,0,0.9948068,0,0,0,0,0,0.4678963,0,0,0.4696446,0,1.172609,0.6131525,0.503652,0,0.7949746,0.3204274,0,0,0,0.5515059,0.2298954,0.1259511,0.189608,1.464702,0,
0,0.6111041,0,0,0.5020611,0.4884586,0.08818562,1.095589,0,0,0.9537621,0.2671549,0,0,0.8695945,0,0,0,0,0,0,0.3797874,0,0.002166338,0,0.3014729,0,0.2553756,0.3775213,0.7197524,0.1832958,0.3959268,0.1216351,0.3628113,0,0,0.315906,0,0,0.05899525,0,0,0,0.1297515,0,0.2400709,0,0,0,0,0,0,0.2956784,0.4492717,0.8382113,0,0,0,0.3362369,0,0,0,0,0.3346497,0,0.7723271,0.4411535,0.9934772,0.1666515,0.1929234,0.2051549,0,0.04971584,0.04513419,0,0,0,0,0,0,0,0.2897017,0,1.964098,0,0.7027544,0,0,0,0,0.3642749,0.3573677,0,0,0,0,0,0,0,0,0,0.3076342,0.7090533,0,0,0,0,0,0,0.6698365,0,0,0.7201787,0,0,0,0,0,0,0,0,0,0.3850985,0,0,0.168649,0,0.2080698,0,0,0,0,0.5948318,0,0.07994466,0.3123185,1.20591,0,0,0.02567459,0,0.503489,0,0,0,0,0,0,0,0.109294,0,0,0,0.1145858,0,0.7404479,0,2.153827,0,0,0.4181696,0,0,0.4976934,0.5213779,0,0,0.084178,0,0.5479605,0.01320489,0,0,0,0,0.1442918,0.1739945,0,0,1.747074,0.1480213,0,0.3230607,0.1583037,1.270701,0,0,0.4081191,0.01195501,1.933874,0,1.202317,0.7910278,0.144868,0,0.4439389,0,0.4329759,0,0,0,0.02620684,0,0,0.2918052,0.6722904,0.4148001,0,0.01674739,0,0.7946733,1.166163,0.8587147,0,0.7082874,1.059275,0,0,0.2781526,0,0,0.2897955,0,0,1.092898,0.01649595,0.6480112,0,0.008711261,0.629746,0.2865948,1.157399,0.2551569,0,0,0,0,0.7863029,0,0,1.613117,0.01260891,0.841428,0,0.8367429,0,0.4418217,0,0,0.8373065,0.6915073,0.09083118,0,0,0.9743349,0.0624545,0,0,0.3558393,0.4743687,0.5825585,0.3411897,0.05712935,0.1302027,0.5406418,0.002408173,0,0.3134657,0,0,0,0,0.06706773,0,0.3861951,0.6320294,0.6959021,0,0.7048314,0,0.3382932,0,0.3868689,0,0.3158866,0,0.5378453,0.3798057,0,0,0,0.01823262,0.132992,0,0,0,0.8372376,0.02052762,0.10484,0,0.7252434,0.2355816,0,0,0,0.3376243,0,0.05272346,0.8506417,0,0,0,0,1.076845,0.6636453,0.8985386,0,0.2927789,0.989732,0,0,0,0,0,0,0,0.1407019,0,0.3673038,0,0.1206298,0,0.7784896,0,0.07732709,1.060611,0.3358519,0,0.2943155,1.687456,0.6191643,0,1.088108,0,0,0,0.1174391,0.119867,0.6531559,0,0,0,0.7263357,1.28692,0.3637146,0.5143812,0.3125328,0.1077008,0,0.9759868,0.7924466,0,0.01544237,0.456274,0,0,0,0,0,0,0,0.8233834,0.3408193,0.2278556,0.576216,0,0.5574527,0.01133915,0,0,0.4042678,0,0,0.6508849,0.8442705,0.02507874,0.8253967,0.468777,0.05204149,0,0.2615073,0.4573732,0,0.133324,1.502219,3.151513,0.9759931,0,0,0,0,0,0,0.01641816,0,1.279182,0.1218522,0.3222673,0.7610128,0,0,0,0.4119021,0,0,0.02544164,0,0,0,0.2318288,0.9106234,0.732374,0.1866591,0,0.4465744,0,1.367966,0.8115824,0.4293976,0,0.753272,0,0,0,0.6838205,0,0.4118961,0,0.1824733,0.4127818,0,0,0,0.01742658,0.9275181,0.3178113,0,0.04157399,0,0,0,0,0.867439,0.5145164,0,0.2104188,0.155648,0,0,0,0.2476598,0.9088467,0,0.4495968,0,0.7959585,0.3225971,0.08812208,0.4909372,0.6349707,0,0,0,0,0.002295827,0,0,0,0.8084378,0,0,0,0,0.1437329,1.31648,0,0,0,0.7301645,0.09898313,0,0.7710705,0,1.059692,0.1151895,1.783029,0.8631456,0.3673849,0.6940584,0.9567205,0.3388003,1.991907,0.5574619,0.2428745,0.1497346,0,0.5795541,0,0,0,0.1050348,0,0,0,0,0.08491874,0,0,1.067236,0,0,0.3667778,0,0.09935231,0,0,0,0,0.2135001,0.0021594,1.486468,0,0,0,0.3658821,0,0,0,0,0,1.442066,0,0,0,1.557861,0,1.540706,0,0,0.7682348,0.7975873,0,0.1080218,0.3840369,0,0.01954301,0.564259,0,0,0,0.4334597,0,0.1599253,0.2542666,0,0.8494843,1.608156,0.3040764,0.1435016,0.4867835,
0.5375887,0,0,0,0.3322932,0,0,1.062453,0.3836673,0,0.05547003,0,0,0.03931384,0.1497517,0.8333199,0,0.8938282,0,0,0,0.8016114,0,0.01075811,0.2655746,0,0,0,0.5307254,1.165132,0,0,0.174233,0.1159844,0,0.4003994,0,0,1.499256,0,0.3161896,0,0,0,1.115617,1.14856,0.9922495,1.15817,0,0,0,0.1201481,0.4506511,0.7723013,0.781707,0.3940257,0,0,0.6936712,1.019967,0,0,0.2814153,0,0.4420825,0,0.2176329,0.6263447,0.3307623,0.03930663,0,0,0,0,0.1407159,0.51056,0.9662229,0,0.4140917,0,0.3799194,0,0,0,0.2884845,0,0,0.53133,0,0.5943945,0.08803,0,0,0,0.7926596,0,0,0.8587111,1.047946,0.07077212,0,0.7585016,0,0.5816575,0,0.2586216,0.1768588,0,0.1255735,0,0.9333784,0,0,0.7490155,0,1.154946,0,0,0,0,0.1780088,0,0,0.7008159,0.851555,0.4242308,0,0.5474948,0.9629766,0.8323081,0,0,0.3657897,0,0,0,0.402296,0,0,0.07970072,0.3570623,0.3063377,0.2673327,0,1.152429,0,0,0.4592385,0.7848085,0,0.08299401,0,0,0.3453833,0,0.1442282,0.02397015,0.6376652,0,0.2096595,1.690513,0,0.5720164,0.3429369,0.1591863,0,1.50361,0.3098705,0.01649983,0.02959348,0,0.6570626,0,0,0.6070178,0,0,0.3735191,1.379271,0,1.512872,0.6058381,0,1.175136,0,0.2143898,0,0.387618,0.7198406,0.9503491,0,0.4879224,0.4256517,0,0,0.01902746,0.2012805,0.9401616,0.04918877,0.8698685,0,0,0,0.6699948,0,0,0,0.8765025,0.117772,0,0.9262086,0.7090685,0.2354131,0,0.2870281,0,0,0.5874959,0,1.418074,0,0.7523404,0,0,0.9991301,0.6222909,0.1419233,0.7715721,0.00972508,0,0,0,1.378843,0,0.1134392,0.8543192,0.3673422,1.208687,0,0.2626389,0,0.006229637,0.8738055,0.1078889,0.7124453,0.3499829,0,0,1.745826,0.1784067,0,0,1.830222,0,1.659336,0.5818928,0,0,0,1.381136,0.2943125,0,0,1.272255,0.06516355,0,0,0,0.5937645,0,0,0,0,0,0,0.6378565,0,0.6824519,0,0,0.9665929,0,0,0.960739,1.376065,0,0,0.08632363,0.4939888,0.8849558,0.7196693,1.158003,0,0,0,0,1.221003,0,0.578732,0.4132234,0,0,0.01295552,0.1024821,0,0,0.7566619,0,0,0.02087585,0.04489246,0.7373278,0.0604159,0.0474919,0.6899529,0,0.5052026,0,0.7962866,0.8457322,0,0,1.659071,0,0,0,0,0.6350406,0,0,0,0,0,0,0,0,0,0.9654282,0,0.4488755,0,0.21617,0.04537665,0,0.4853519,0.1674994,0.3309919,0.05118612,0,0.2021083,0,0.4471623,0.5156507,1.338893,0,0.1662168,0,1.034446,0,0,0.09956717,0.6278495,0.4043278,0.6946921,1.305541,0.4742704,0,0.2760056,0.3554168,0,0,0.4360259,0,0,0,0.05454382,0.1384657,0.2124412,0,0,0,0,0,0,0.2778712,0,0,0,0,0,0,0,0,0.09104718,0.2675928,0.05815658,0,0,0.4769737,0.6596619,0.481995,0.6623679,0,0,0.664098,0.9984937,0,0,0,0,0.339101,0,1.887167,0.6603486,0.5133258,0,0,0,0,0.4783489,0,1.090131,0,0,0,0.2448544,0.4236463,0,0,0,1.052837,0.01280186,1.372067,0,0,0,0,0.544315,0.5349847,0.3925701,0,0,0.3709336,0,0.7198635,0.4155043,0,0.570752,0.8197007,0.5520707,0,0.6851128,0,0.8492511,0.4604636,0.2072233,0,0,0.4248444,0,0,0,0,0.3396917,0,0,0,0.9739528,0.8811855,0,0.6449407,0,0,0.9528889,0.1587891,0.5299314,0.05636314,0.8699518,0,0.3418654,0,0,0.09913612,1.064538,0.1356755,0.06273932,0.9342894,0.4921661,0.5846877,0.4288269,0,0,0.6151639,0,0.306803,0,0,0,0,0.8806577,0,0.2791356,0,0.2148595,0.4807321,0,0.660388,0,0.1825393,0.4720765,0.785519,0,0,0,0,0,0.4079296,0.1988311,0.05853593,0.5115882,1.027784,0.1582187,0.487758,0,0,0,0,0.1052128,0.6768857,0,1.05067,0.07209156,0,0,0.202058,0,0.06333958,1.081326,0.07425798,0.01812376,0.6629021,0,2.062957,0.148831,0,0,0.5517917,0,0,0.5517156,0,0.5423084,0.02456234,0.06729706,0.3528849,0,0,0.06467714,0,0.1007327,0,0.4968441,1.352739,0,0.1229312,0.07860479,0.2006639,0.8268055,0,0,
0.4340461,0.2062713,0,0.5426138,0,0.8524001,0,0.4770103,0,0,0,0,0.2722856,0,0.4783389,0.3930051,0.5746753,0,0.5694846,0.1143223,0,0,0,0.8120386,0,0,0,1.115961,0,0,0.5900374,0,0,1.104695,0.7082838,0.6303543,0.3800062,0.2271202,0,0,0.966042,0,0,0.0531143,0.8937219,0,0.7299376,0,0,0.2745055,0,0.4676296,0.5776116,2.417014,0,1.303738,0,0,0,0.4824565,0,0,0,0,0,0.1447454,0,0,0,0.620181,0,0,0,0,0.3094108,0,0,0.6976122,0,0.5782886,0,1.201385,0,0,0.004629103,0,0,0,0,0,0,1.194155,0.2832443,0,0.02059301,0.274334,0.103331,0.005576752,1.886053,0,0,0.4719754,0,0,0,0,0,0,0,0.3368272,0,0,0,0.9954886,1.013178,1.14184,0,0,0,0,0,0.3785252,0,1.010835,0,0,0,0,0,0.08977091,0.3307328,0,0,0.5685301,0,0.4820782,1.615335,0.1597813,0,0,0.690751,0.9976127,0,0,0,0,0,0,0,0,0.1786806,2.280076,0.004955085,0,0,0.9445493,0,0.1782864,0.4055312,1.787604,0.2720767,0.5831383,0,0.5965953,0,0,1.283153,0,0.4912476,0.3668827,0,0.5952325,0,0,0.7286296,0.08547046,0.8262306,0.8589107,0,0,0,0,1.089814,0.3899568,0,0,0,0,0,0.02490521,0.1303078,0.5540696,1.32567,0,0.7289028,0,0,0,0.04569684,1.002808,0.7671421,0.4508571,1.607252,0,0.1681868,1.084656,0.2080013,0.7220751,0.4523969,0,0.1031054,0,0.6411458,0.7579821,0,0.002214466,0,0,0,0,0,0.9081876,0,0,0.5207535,0.624379,0,0.9835192,0,0,0,0,0.8368629,0.295503,0,0.8041533,0,0.5613596,0.4461148,0.6050296,0.3489372,1.058331,0,0,1.02744,0,0,0.3459382,0,0,0,0,0,0.1769296,0,0.006531341,0,0,0,0,0,0,0.8569363,0,0,0,0,0.9105603,0,0.1788371,0.7466137,0,0,0,0.04993527,0.04262965,0,0,0.4204712,0,0,0.1504817,0,0,0,0,0,0.1654217,0,0,0.2108223,1.563533,0,0,1.07416,0,0,1.14635,0,1.367537,0,0.9864756,0,1.128759,0,0,0.4197219,0,0,0.3339588,0.4991727,0.3109934,0.3377177,0,0.6122753,1.023738,0.4492489,0,1.288441,0,0,0.7234979,0,0,0.1859082,1.259105,0,0.006587547,1.05915,0,0.8603213,0,1.285532,0,0,1.265229,0,0.7411186,0.1511572,0,0,0,0,0,0,0,0.0426583,0.4910178,0.6254272,0,1.022194,0.4655373,0.8474439,0.845823,0,0.2408213,0.4464135,0,0.5438846,0.473397,0.4421846,0,0,0,0,0,0.3744331,0,0.4828923,0.4979092,0,1.158012,0,0,0,0,0.04988248,0,0,0,0,2.001329,0,0,0.2668279,0.5620925,0,0.1429864,0.6419454,0.08655552,2.152803,0,0.3149139,1.285321,0.5128923,0,0,0.9224532,0.5787561,0.5456403,0.3148207,0,0,0.99232,0,0.09362797,0,0,0,0.1103114,0.09045731,0,0,0.7385178,0.5108994,0,0,0,0.815851,0,0.855785,0.1535165,0,0.8857635,0.1647882,1.266391,0.03414869,0,0.227523,0,0,0,0,0.2307126,0,0.2043839,0.21711,0.1840096,0.5309086,0.5918005,0,0,0,0.09108143,0,0.7504406,0.7829728,0,0,0.4959892,0,0.03639724,0,0,0,0,0.1927249,0.01201877,0.8639662,0,0,0.8049678,2.199439,0.3753361,0,0,0.4399802,0.03104962,0,0,0.08953997,0,0,0,0,0,1.593986,0,0,0,0,0,0.3743553,0,0.2922462,0,0,0.4416705,0.2166749,0,1.455903,0.3714585,0.03156467,0.06227035,0,0,1.455099,0.5751526,0.9333991,0.1114797,0.209027,0,0,0.2872983,0,0.1921933,0,0,0.8337377,0.02238375,0,0.2218376,0.7950141,0,0,0,1.540054,0,0.2012215,0,0.226284,0.1387962,0.05062728,1.427869,0,0,0,0,0,0.3225108,0,0,0,0.9989095,0,0.1526982,0,0,0,0.4608037,0,0,0,0,0,0,0.1623867,0.08182318,0.1300721,0.1688943,0.04874951,0.7469096,0.136874,0.9935514,0,0,0.6570967,0.1966712,0,0.6167439,0.05508456,0.2456161,0,0,0,0,1.578056,0.009436512,0.1887048,0.312092,
0.3293172,0,0.08290225,0,0,0,0.6549585,0,0,0,0,0,0,0,1.347747,0,0,0,1.393025,0.6469166,0.04578886,1.180747,0,0,0.06478803,0,0,0,0,0,0.6633413,0.6856629,0,0.6605034,0,0.8235499,0,0,1.61556,0.89373,0,0.06451527,0,0.6867527,0.1282973,0.5676171,0,0,1.802626,0.8869029,0,0,0.9119749,0.177487,1.021928,0.160633,0.001972449,0,0.6283249,0.06557824,0,0,0,0.4366744,0,0.7397408,0,0.3135723,0,1.398142,0,0,0.06423312,0.2841018,0,0,0.3082129,0,0,0,0,0,0,2.182919,0.8418781,0.3591366,0,0,0,0,1.4313,0,0,0.5705333,0.5460867,0,0.09886277,0.1176746,1.119109,0,0,0,0,1.255866,0.1331622,0,1.221361,0.3344456,1.223471,0,0,0,0,0.9462718,0.06210548,0,0,0.03932369,0.5241004,0.7956262,0.2069415,1.070019,0.5052913,0,0,0,0.4227973,0,0.3450411,1.433146,0.4437161,1.39841,0.8761265,0,0,0,1.154918,0,1.258702,0.196741,0,0.9367473,0,0,1.338583,0.8066134,0.5481833,0.6655354,0,0,1.177143,0,1.132906,0.5133294,0.2428769,0.6495197,0,0,0,0,0.6631921,0,0,0.3455185,0.400217,0,1.795953,0.6953217,0.3521055,0,0.8261757,1.550306,0,0.06747305,0,0.2947362,0,0.444091,0,0.08989235,2.256579,1.090884,0,0.2566587,0.3916147,0.4880531,0,0.1779559,0,0,1.287671,0,1.671769,0.38539,0.9956729,0.6809491,1.428337,0,0.8311643,1.281097,0,0,0,0,0,0.7141902,0,0,0.002455684,0.7949625,0.5179383,0,0.2080069,0,0,0.4082326,0,0.5507919,0.3701971,0,0,0,0,0,0.9058784,0.3185923,0,0,0,0,0.6734241,0.6784396,0,0,0.7440538,2.083659,0.3156646,0.8492718,0.04058957,0,0,0,0,0,1.005849,0.240138,0.4854847,0,0,0.8245584,0,0.2876813,1.282043,0.6885685,0,0.2704469,0,0.1667851,0,0.7069517,0,0,0.08366742,0,0.03042932,0.8403912,0,0.1317435,0.6362775,0,0.7270439,0,0,0.4888176,0.002252131,0.704037,0.4252936,0,0.402693,0,0.5210865,0,0,0.1396919,0.4504508,0.2940109,0,0.7226264,0.05505114,0.2610705,0.1144009,0.9627339,0.8082324,0,0,0.3951655,0.29311,0,0,0.8822032,0.7391807,0,0.1577742,1.322068,0,0,0,0,0,0.6437821,0.6727582,1.636089,0,0,0,0.5816047,0,0,0.4548391,0,0,0,0,0,1.229565,0.3809003,0,0,0,0,0.3582724,0.5838959,0,0.04364611,0.06620239,1.147679,1.609043,1.438418,0,0,0,0.02076204,0,0.3770528,2.007459,0.9409987,0.3016279,0.1758755,0.3561027,0,0.5815427,0.9773633,0,0.9678959,0.9605355,1.422207,0.1698837,0,0.3253427,0.4786933,0.6280545,0.9508615,0,0.2368173,1.8993,2.173822,0,0,0.2243811,1.782067,0.3729886,0,0.129538,0,1.539568,0.8508916,0,0,0,0,0.0363097,0.8621355,0.6077512,0,0.9192647,0,0,0,1.063901,0,0,0.29728,0,0,0.8966222,0.794576,0.3738391,0.9273955,0.3098042,0.8445063,0,0.0173645,0,0,0.7206633,0.3105128,0.1209293,0,0,0,0,1.272967,0,0,0,0.009013897,0.3365035,0.6311772,0.2632751,0,0.4345713,0,0,0.7273383,0.5384338,0.480439,1.422743,1.330696,0.237323,0.819992,0.1589119,0.7001466,0.05054533,0.4950641,0.5986922,0,0,0.2396648,0,1.47141,0,0,0,0,0,0.2778403,0,0,0,0,0.5135396,0,1.056601,0,1.019561,0,0,0,0,0.6823354,0.3010002,0,0.9243613,0,0.821125,0,0.6196792,0.6181892,0.2685116,0.3674971,0,0,0,0,0.6116967,0.9416153,0,0,0,2.009903,0,0.4673348,0,0,0.2090774,1.029407,0,0,0,0.1586659,0,0,0,0,1.084495,0.166324,0,0.09641716,0.5272468,0.4843634,0,0,0,0.4102195,0,0.2601287,0,0.700427,0.4638762,0,0,0,1.180725,2.334167,0.9950076,0,0,0,0,0.4641531,0,1.666605,0.08320777,0,0,0.2866156,0.5797476,0.2647974,0,0,0,0,0.1392774,0,0,0.1942764,1.390013,0,0,0,0,1.242828,0.2993673,0,0.7481028,0.931984,0,0,0,0,0,0.387254,0,0,0.620246,0,0,0,1.105531,0.8612808,0,0.00841679,0,0.3858848,0.4581465,0,0,0,0,0,
0,0.0348398,0,0.1353942,0,1.026126,0,0.174893,0.956486,0.4375311,0,0,0,0.002459883,0,0.04899821,0,0.5791401,0.3863833,0,0.4086184,0.5305344,2.234729,0.60716,0,0.01093773,0.6277428,0.8569691,0,0,0.6705694,0.7300859,0,0.7804825,0.09607643,1.019492,0,1.489489,0.1528392,0,1.233109,0.2085812,0.3357847,0,0,0.09022612,0,0,0,0,0,0.4882452,0.5784433,0.9740043,0,0.2137721,0,0,0,0,0.7055531,0,0.484172,0,0.6515891,0,0,0.5001141,0.4223278,0,0.3828865,0,0,0.1107719,0.812765,0.928923,0,0.2808826,0.1969271,0,0.2991947,0,0,0.9236799,0,0,0,0.07264237,0.131517,0.3333196,1.161576,0.7140927,1.300133,0,1.148659,0.1923578,0.206702,0,0.7820612,0,0.3357441,0.1068854,1.249616,0,0.5162901,0.0885012,0.6503531,0,0,0,0.2310234,0.7262344,0.7467137,0,0,0.09329174,0.5139365,0.4667565,0,0,1.231439,1.42514,0.09243535,1.051698,1.12043,0,0.1802303,0,0.3065558,0,0,0,0.5549515,0.4406283,0,0.2908926,0.4240881,0,0.8167518,0.1603986,0,0,0.4075647,0.7867987,0.7648698,0,0.345921,0.3165517,0.9715941,0.1401683,0.9625827,1.569413,1.183388,0.1734011,0,0,0.3812763,0.8623952,0,0,0,0,0,0,1.443884,0,0,0.8061442,0,1.386043,0,0.719511,0.4769097,0.3370591,0.2766557,0,0.4229431,1.986535,0.9482372,0,0.4934368,0,0,0,2.259452,0,0.1827192,0,0,0,0.1560976,0,0,0,0,0,0,0,0,0,0,0,0,0.8378928,1.965248,0.8552311,0,0,1.71612,0,0.8841331,0,0,0.1266791,0,0,0,0.2488114,0,0,0.2643828,0.3555787,0.5650729,0,0.2996315,0,0,0.1002167,0.4045743,0.1873012,0,1.142892,0,0.6483641,0.1277782,0,0.4525002,0.6200521,0.5442931,0.3194345,0.2750992,0,0.009310341,0,0,1.232814,0,0,0.4912211,0,0.5724536,0,0.6728977,1.228165,0.6717744,1.148229,0.03005433,0,0,0,0,0,0,0,0.5465862,0,1.023759,0,2.172684,0.907266,0.03337327,0,0,0,0.002439638,1.077556,0.863589,0,0.4530734,0,0,0,0,0.1112803,0,0.5365553,0,0.9002316,1.759193,0.4737364,0.3481049,0.9342132,0.225691,0,0,0,0.03111082,0,0.9569582,0.6595548,0.05914924,0.03745113,1.365627,1.006472,0,0,0.7345862,0.0892366,1.343652,0.5202693,0.3004303,0,0,0.4760066,0,0,0,0,0.1622032,0,0.4091892,0,0,0.6639086,0,0.8571532,0,0,0.5129642,0.8632699,0,0,0,0,0,0.3691061,0,0.3541601,0,0,0,0,1.099855,0.03391525,0,0,0,0.5314943,0.2199934,0,0,0,0,0.02907481,0,1.684232,0.07535045,0,0.3771663,0.6834146,0,0,0,0.4367168,0,0.176089,0.5870377,0,0.3998263,3.065213,0,0,0.1565068,0,0.002640885,0.2447782,0,0.6990121,0,0,0,0,0,0,0,1.011077,0,0,0,0.3566442,0.5653507,0,0,0.2131215,0,0.78678,0.7870164,0,0.1055398,0,0.5743295,0,0,0.9802932,0.8031221,0,0,1.448517,0,0.4522343,0,0.7214525,0,0.8225093,0,0,0.1096273,0.7696632,0.5441088,0,0.1647081,0,0,1.292559,0,1.748983,0,0,0,0.09990022,0.5052118,0.8401442,0,1.399761,0.8806202,0.4674666,0.232145,1.23175,0.09014087,0.7875656,0.4252744,0,0,0,0,0,0.06790644,0.6663134,0.5677311,0,0.6341054,0,0,0.3448836,0,0.09903792,0,0,0.7328681,0.02805843,0,0,1.572557,1.53536,0,0,0.5190809,1.156828,1.040035,0,0.1735808,0,0.2403318,0,0,0,0.4794888,0,0,0,0.3876199,0.6035239,0.8644983,0.5654109,0.7734588,0.03559891,0.7496043,0.6185183,0,1.433002,0,0,1.179416,0.04513327,0.2809293,0.1973637,0,0,0.2186688,0,0,0.2518528,0,0,0.5719316,0,0.8851937,0,0,0.9374027,0,0,0.09490895,0,0.5531303,0,0.3162245,0,0.4606187,0,0.1215901,0.002305077,0,1.543151,0.07695466,0.547051,0,0.2215343,0,0.8284771,0,0,0,0,0,0,0,1.939568,0,0,0.6225771,1.501732,0.1514906,0.9813356,0.4940177,0,0,0,0,0.4718805,0.8229704,0,0.2748644,0,0.516371,0,0,0.2388923,0,0,0,0.3117587,0.9300055,1.316573,0,0,0,0,0,0,
0.002344938,0,0,0,0,0.4233053,0.6836867,0,0.7498953,0,0.3342024,0,0,0,0.1876782,0.1784502,0,0,1.130279,0,0,0.3239473,0,0.2122762,0.5258535,0.6111676,0.2552363,0.2264932,0.3286928,0,0.1573124,0,0.7945032,0,1.980766,0,0.1270746,0.3866999,0.2024068,0.6393437,0.351779,0,0.9094202,0.07654499,0.6533036,0.1516841,0,0.6135023,0.2938882,0.3998176,0.9501423,0.289019,0.2729195,0,0,0,0,0.6125945,0,0,0,0,0,0,0.2946559,0,0,0,0.3844208,0.959724,0.09999948,0,0,0,1.210918,0.8158932,0,0.6006947,0,0,0.5409204,0.201269,0.3465141,0,0.967042,0.05961783,0,0,0,0.5309184,0,0,0.9676949,1.086858,0.5575814,0,0,0,1.890003,0,0,0.3108627,0.5781307,0,0.171999,0.8438718,0,0.7340189,0.106902,1.59627,1.107383,0,0,0,0,0.4320569,0,0.4883978,0.6706911,0,0,0.3958546,0,0,1.014459,1.06487,0,0.1689236,0.5472778,0,0.2813053,0.3190364,0.01135343,0,0,0,1.114997,0,0,0,0.1053189,0.639855,0,0,0.3333042,0,0.1073187,0,0.9895188,0,0,0.2214131,1.300663,0.01279874,0.481662,0.3288846,1.103493,0,0,0.5305118,0.2251617,0.5530239,0,0.1644254,0,0,0.6333444,0,0,0,0,0.859247,0.3175627,1.535224,1.325804,0,0.8043264,0,0,0.444452,0,0,0,0.1697029,0,0,0,0,0,0,0.7278304,0.41839,0,0.8639994,0.9556587,0.3780338,0.0559103,0,0,0,0.570573,1.192881,0,0.1219953,0.2014765,1.3465,0.3400306,0.06417547,0,0.2511506,1.176351,0,0,0.3088656,0.6675956,0.4362839,0.3301651,0,0,0.008216683,0,0,0.3352559,0.6648157,0,0,0.5261674,0.1370952,0.2430764,0.6694766,1.409181,0,0.5223085,0,0.5311345,0.09002208,0,0,0.1382353,0,0.08779196,0.3467488,0.3903641,0.3548344,0.2438887,0,0,0.6408212,0,0.1193519,0,0.5217196,0.4813945,0,0,0,0,0.3633349,0,0.2027344,0.679155,0.1716206,1.317631,0.175107,0,0.2680633,0.5978965,0.4760996,0.07606222,0,0,1.14079,1.226553,0,0,0.6199554,0,0,0,1.063996,0,0,0.4045797,0.346913,0.2089462,0,0,0.007145877,0,1.534713,0.8902361,0.3368828,0.8149441,0.4662321,0.006108776,0,0,0,0.1049881,0.4688096,0,0,0.3109424,0,0.7534335,0.1107949,0,0,0,0.1429235,0.2230816,0,0,0,0.3365001,0.1206671,0.5696619,0,0.1589829,0.3048721,0,0,0,1.189715,0.5436075,0.1155069,0,0,0.02357797,0,0.2549509,0,0.9200186,0.0996547,0,0,0,0,0,0,0.3637417,0,0,0.06470848,0.8413817,0.03408134,0.2468127,1.709873,0.3690209,0,0.002166313,0,0,0,0,0,0,0.4374724,0.1062758,0,0,0,0,0.00398222,0,0,0,0.7275122,0,0,0,0,0,0.01509958,0,0,0.4427283,0,0.1481672,0,0,0.06013471,0.02659289,2.025321,0.07862104,0.8867128,0,0,0.5436823,0.2731226,1.096808,1.25158,0.7812543,0,0.1007998,0,0,0.4494259,0,0,0,0,1.017291,0.6520166,0.3936136,0.1376016,0,0,0.4574253,0.4533417,1.40179,0,0,0,0,0,0,1.540215,0.5439368,0,0.4595243,0.1733599,0,0.347175,0,0.4028468,0.1010572,0.7808468,0,0.1076603,0,0.3625905,1.080751,0.01599253,1.025828,0.3449778,1.057098,0,0,0,0,0.257551,1.093991,0,1.777467,0,0,0,0,0.2217175,0,0,0.195146,1.398238,0,0,0.08029559,0,0.483845,0.3250192,0.9196382,0,0.7977774,0,0.3886091,0.6518474,0.2178027,0,0,0,0,0,0.7827148,0.6340475,0,0,0.1771766,0.2249142,0,1.161454,1.478715,0.226376,0,0.2084783,0,0,1.62791,0,0,0.2236175,0,0,0,0,0.6283669,1.158104,0,0,0.4868309,0,0,0.1685652,1.02386,0.6108029,2.031403,0.1620647,0.5785701,0.495131,0,0.7519909,0,0.7959232,0,0,1.06623,0,0.6675153,0,0,0.6635778,0,0,0,0.593777,0,0.5127724,0,0,0,0,0,0.07845223,1.467546,0.1907466,0.253636,0,0.6405869,0,0,0.1726163,0,0.1086566,0.7801328,0.4984255,0.1866027,0.0267712,2.068823,0.2607806,0.8678701,1.42011,0,0,0.6284265,0,0.5791735,0.8003606,0,0.4570085,0.5179598,0.2461493,0.9275445,0,0,0,0.3066937,0,0.7166856,0,0.01529136,0,
0.899755,0,0,0.2456387,0,0,0,0,0.4481163,0.00268393,0,0,0.3597088,0.3472068,0,0,0.4258057,0,0,0,0.5912868,0,0,0,0,0,0,0.9676136,0,0.6247249,0,0.2180544,0.1225009,0,0,0,0.2616942,0.07161074,0,0,0,0.3579191,0,0.0433319,0.1084671,0.401155,0.3254426,0,0,0.3900433,0,0,0,0,0,0.5413853,0.238245,0.3072095,0.5190063,0,0,0,0.1796693,0.3421945,0.1615204,0,0.9654275,0.1158556,0,0.3343644,0,0,0.6820224,0.4216448,0.5097005,0,0,0.3495009,0.08852108,0.7803108,0,0.4695005,1.129104,0,0.3105455,0.01920046,0,0,0.2391952,0,0,1.291039,0.1225729,0.2928803,0.5754806,0.7289032,0.7155377,0,0,0.5169407,0.3702852,0,0,0.7785534,0.2903697,0.5118486,0,0,0,0,0,0,0.4805035,1.139565,0.5516049,0,0.02670298,0,0.2335551,0,0.822958,0,0,0,0,0,0.7226669,0,0.5230916,0,0,0,0.3718703,0.1668451,0.7278109,0,0.4294532,1.152426,0.0848208,0.3358596,0,0.06535355,0.4040458,0,0,0,0,0,0.3125788,0,0,0,0.5432035,0,0,0.4940906,0.4465649,0,1.02018,0,0.101957,0.2204003,0.1778866,0.9182823,0.181527,0.1829217,1.139539,0.9936419,0.02520072,0,0,0.4536082,0.4116924,0,0.5365045,0,0,0.16323,0,1.302081,0,0,0,1.940832,1.35391,0,0,0.1531046,0.9141259,0.8236239,1.149915,0.6604409,0,0,0.2560596,0,0,0,0.2007598,0.3512675,0.5307477,0,0.6303116,1.093647,0,0,0.581225,0,0,0,0.2489841,0.04758351,0,0.05429236,0,0.1946635,0,1.014577,0,0,0.3380384,0,0.2540233,0.002873688,0,0.7324294,0,0.1212504,0,0.4045169,0,0.8247945,1.262556,0.249757,0,0,0,0,0.1002419,0,0.04802627,0.4783515,0,0,0.5476705,0.6189066,0,0.5464347,0.3344532,1.390954,0,0,0,0,0,0.08200084,0.0938677,0.4071094,0.2152797,0.403757,0,0,0.3001697,0.3323166,0.6356962,0.7783734,0,1.113723,0.1911544,0.9384354,0,1.621829,0,0,0,0.5941992,1.070267,0,0,0.6405887,0,0,0.2608965,0,1.344524,0,0.1623667,0.210757,0,0,0,0,0,0,0,0,0,0.02988129,0.07785108,0,0,0.9701417,0.3242527,1.160722,0.4920535,0.2576393,0.402855,2.711058,0,1.13022,0,0.5590363,0,0.9435349,0,0,1.670698,0,0,1.03709,0,0.1812234,0,0.1517323,0,0.61801,0,0,0,0.341188,0,0,0,1.453596,0.5067784,0,0,0.3540321,0.5170956,0.4318733,0.2739239,0.9405722,0.4290279,0,0.1812098,0,0.6976414,1.304809,0.8582641,0,0,0.6520383,0.5764066,0.1794543,1.069845,0,0,0.841206,0,0.1816453,0.02204436,0,0.25654,0,0,0,0,0,0.5088299,0.7645547,0,0.6994216,0,0,0,1.135061,0.5494587,0,0,0,0,0.05113614,1.136093,0.3934382,0.9965544,0,0,0,0,0.312218,0,0,0.6640203,0,0.1142536,0,0.7913935,0.9883078,0,0,0.6608249,0,0.1359987,0,0.4822319,0.002246731,1.363503,0.612002,0,0,0,0,0.7777977,0.9845623,0,0,0,2.212246,0.05221261,0.3413856,0.3913995,0,0.5978883,0.5504829,0,0,0,0,0,0,0,0,0,0,0,0,0,1.552379,0.8086256,0,0.2276698,0,0,1.351894,0,0.380354,0.6182095,0,0.3776781,0,0,0.2027926,0,0,0,0.02606853,0,0,0,0,0.08492444,0.02013981,0,0.9620329,0,0.03052356,0.3400646,0,0,0.3049394,0,1.219796,1.274302,0.6392586,0,0.05395831,0.9655961,0,0,0.2525271,0.5189684,0.002239087,0,0.4204768,0,0,0.3640558,0,0,0.9649925,1.625525,0,0.5256753,0,0.7153663,0,0.575865,0,0,0.3716948,0,0.511399,0,0,0.5324475,0.5026941,1.13346,0.4308099,1.447602,0,0.2270277,0.7164322,1.257555,0,0,0.5740656,0,0.07075821,0,0.4385019,0,0,0.3694075,0.5231214,0,0,0.9272197,1.141779,0.1596534,0,0,0.4176367,1.310894,0.160468,0.05530017,0,0,0,0,0,0.6852587,0.845674,0.002199,0,0,0.7936738,0.3442129,0.5610276,1.245429,1.924698,0.6603208,0,0,0,0,0,0.402451,0,0,0,0,0.6444508,0,1.320125,0,1.170723,0.1015981,0,0,0.8252674,
1.051217,0,0,0,0.3435322,0,0,0,0,0,1.161142,0.03006091,0.3467106,0,0.04012677,0,0,0,0,0.08841284,0.3538131,0,0.4013221,1.09112,0.05992898,0,0,0,0,0,0,0,0.1807133,0.05729938,0.4626228,0,0,0.3490942,0.3898297,0.0665828,0.3739149,0.8047013,0.4313452,0,0,0,0.08287603,0,0,0,0,0.2419125,0.4272471,0,0.1084907,0.3703483,0.08343231,0.713334,0.6810533,1.469711,0.1061188,0,0,0.3063582,0,0,0.1180329,0,0.5867578,0,0,0,0,0,0.07201302,0,0.04258776,0.180574,0.2574622,0.2875949,0,0.0438128,0.4307159,0.364412,0.5074136,0,0,0,0,0.2969961,0,0,0,0,0,1.859742,0.4871888,0.2452889,0.5692421,0.6617163,0.1558389,0.5108638,0,0.4633619,1.009875,0.2815131,0.6675872,0.4683661,0,0,0.6522869,1.008403,0.02182839,0,0,0,0.2685633,0.08747773,0,0,0.05405995,0.3997622,0,0.9119341,0.1732204,0,0,1.104905,0,0.2140295,0.4432629,0.3934899,0.166883,0.4746734,0.1504138,0.1619254,0.1415829,0.1369323,0,0.05330442,0.410013,0.05819876,0,0,0,0.5749151,0.4699098,0.14798,0,0,0.5140112,0.9874643,0.5631346,0.01241178,0,1.188236,0,1.244794,0,0,0.8845468,0,0,0,0,0,1.523045,1.008917,0.6098524,0.1051292,0.2538116,0.534113,0.6191021,0,0.6540158,0.3144259,0.6951322,0.7775369,0,0.6606251,0,1.053489,0,0.5515822,1.303653,0.09438534,0,0,1.205078,0,0.5635805,0.1190008,0,0,1.256557,0.1582372,0.08880697,1.256058,0.4146333,0,0.04993437,0.004870761,1.528949,0.8754224,0,0,0.1349135,0.630312,0.562524,0,0,0.4426496,0.4640142,0,0.2603262,0.0383748,0,0.7209567,0,0.4691292,0.2461909,0.368016,0.1476306,0.6855302,0.5546519,0.05899475,0,0.2395998,0,0,0,0.3249399,1.322923,0.4678627,0,1.243497,0.3634696,0.04288401,0,1.069769,0,0,0.9797528,0.9208169,0,0,0,0,1.077464,0.7603093,0.2836919,0,0,0,0,0.3410777,1.272593,0,0,1.364475,0,0,0,0,0,0,0,0,0,0.3955369,0.3388309,0.2975057,0,0,0.105087,0.2629814,1.334086,0.6991205,2.789941,0,0.2613317,0,0.9495601,0,0,0,0.5864514,0,0,0,0.2233268,0.4115002,0.05557207,0,0.2334064,0.1451323,1.072418,0,0,0.3979629,0,0,0.6425347,0.916536,0.3905801,0.4377488,0.4239168,0,0,0.3833402,0.7090325,0,0,0,0.6117646,0.005631653,0.3950096,0,0,1.259989,0.3445494,0.6123034,0.1702755,0.1123298,0,0.3402737,1.344378,0,0.01350901,1.704056,0,0,0.04990679,0,0,0.4052657,0.80698,0.3788243,0.9544052,1.225897,0.1998639,0.2196702,0.6382776,0,0,0.2790734,0,1.015233,0.8803961,0.4651628,0,0,0,0.752075,0,0,0,0.03432152,0,1.5081,0,0.09336721,1.100413,0.1871889,0.1212459,1.04044,0.8872499,0,0.7901022,0,0,0,0,0,0,0,1.084434,0.7086716,0,0,0.5641678,0,1.384196,0.5331393,0.3852288,0.266722,0.3116931,0,0,0,0.08835897,0.4262328,0,0,0,0,0,0,0.3180098,0,0,0,1.006511,0,1.658437,0,0.6535012,0.4098258,0.6474196,0,0,2.249591,0,0,0.3433698,0,0,0,0.4433158,0.237098,0,0,0.04903687,1.375617,0.5617841,0,0,0.4908469,0,0,0.529955,0.135564,0.8830702,1.431903,0,0,0.6023841,0,0.2638326,0.9438448,0,1.373089,0,0.04204782,0,1.430554,0.2139693,0.2861359,0,0,2.581766,0.3479116,0.1156232,0.253858,0,0,0,0.3846712,0.6027574,0.1123871,0.8061948,0,0.97867,1.7332,0.4841772,0,0.1668122,0.5547301,1.372744,0.5393864,0,0.7822896,0.5237299,0,0.4886004,1.429134,0.5669552,0.07540578,1.113315,0,0.04699415,1.461219,0,0,0.1201208,1.838768,0.03417518,0.4309723,0,0.6505687,0.4239502,0,0.005930603,0.1637416,0.6646044,0.381845,0,0,0.9204444,0.2139646,0,0.2711302,0,0.3010593,0.4002137,0,1.276652,0.1110144,0,0,0,0.6290892,0,0,0.1659402,0.501547,0,0.260969,0,0,0.3114739,0,0,0.8250754,0.4658216,0.5301881,0,0.475901,0,0,1.526231,0,0.3527331,0.1674142,0.1075556,0.2070568,0.4165766,0,0,0.03490347,0.7109928,0,0.9840617,1.714901,0,0.3984436,0,0.1863771,0,0.09111434,0,0.5139887,0,0.6194219,0.5306122,0,1.086551,0,0,0.3192621,0.2976358,0.5749589,0,0.184098,0,0,0,2.117808,0.1801455,0,
1.098148,1.103742,0.1874135,0,0.3539125,0.1067511,0.008976272,0,0.1892343,0.4249817,0.1077996,0.677386,1.198471,0.1215735,1.174327,0,0.1556701,0,0,0,0,0,0,0.2180811,0,0.7130626,0,0.4454245,0,1.259881,0,0.8315102,0,0.6171208,0,0,0.6671,0,0,1.213954,0.7953619,0,1.141875,0.2211836,0,0.7452232,0.1328451,0.8992506,1.37579,0,0.8137724,0,0.1115329,0.3556275,0.552779,0,0,0.7978963,0.005711494,0,0.6497371,0,0.1542563,0,1.305962,0.05230905,0.4938211,0.1667593,1.022814,0,0.1520561,0.1939582,0.1688443,0.5535404,0,1.237198,0,0.09993157,0.2556747,0.4713759,1.487379,0.7714513,0.1078508,0,0.8916911,0.4932578,0,0.2377814,0.5516428,0,0,0.04386984,0,0,0,0,0,0.02357366,0,0,0.3208188,0.353428,1.650394,0.2378082,0.3367526,0.1877886,0,0,0,0,0,0.4878008,0,0.007977953,0.03638428,0,1.807382,0.4111583,1.059703,0,0.7619523,1.186155,0.3370354,0,0,0,0.9528304,0,0,0.1920622,0.5132462,0.6158078,0,0,0,0.3527524,0,1.310485,0,0,2.697973,0,0.23125,1.266733,0,0.5119994,1.207362,0,0,1.126739,0.5508411,1.24725,0,0,0,0.2228506,0,0,0.1397986,0,0,0.4818255,0,0.5215553,0,0,0,0,0.7998611,0.4108247,0,0,0,0.4332576,0,0.8546786,0.6604089,0.9249366,1.515477,0,0,0.2561732,0.2012927,0.9081686,0.1778312,1.805711,0,0,0,1.506772,0,0.8402238,0,0.248694,0,0,0.592087,0.7584977,0,0,0,0,0,0.2073115,0.6841692,0.3779717,0,0,0,0.5194775,1.97574,0.4496445,0,0.4298642,0,0,0,0.1409032,0,0,0,0,0.04667842,0,0,0.8627403,0,0,0,0.03280728,0.6833703,0,0,0,0,0.01541012,0.1062335,0,0,0.969206,0,0,0,0.1144108,1.348145,0.1034297,0,0.5126324,0,1.457172,0,0,0.5669748,0,0.2723505,0,0.4479033,0,0,0.2471295,1.245741,0.9214004,0,0.2643276,0,0.1799702,2.036971,0.8651468,0,0.7622271,0,0,0.2566006,0.4600339,0,0.02335689,0,0.5325428,1.045167,0.08690132,0.2549304,0.5679793,0.9924562,0,0,0,0.007564761,1.693488,0,0,0,0,0.6961098,1.729778,0,0.4857399,0.1496903,0,1.333633,0.1752841,0,0,0,0,0,0,0,0.5651863,0.3846823,0,0.2863309,0,0.426448,0,0,0.938085,0.8535491,0,0,0,0,0,0,0,0,0.5219224,0,0,0,0,0,0.1667158,0.2240459,0,0,0,0.02893825,0,0,0,0,0.9258965,0.6690506,0,0,0.09663004,0.6302854,0.2969733,0.6335427,0.9070895,0.866204,1.339195,0,0,0.2379524,0,1.529232,0.2788521,0,0,0.7196496,0.6939549,0,0.2984532,0,0,0,0.3074698,0,0.5251419,0,0,0,0.475352,0,0.6482468,0.1593387,0,0,0,1.46017,1.274779,0.452086,0,0,0,1.008463,0,1.003047,0.1599099,0,0,0,0.2050233,0,0,0,0,0,0,0.2681842,0,0,0,0.6832619,0.5436139,0,0,0,0.476288,0,0,0,0,0.2579094,1.542422,0,1.046059,0,0.04745543,0.7255321,0,0,0,0,0.4218456,0.8035653,0,0.1021821,0,0,0.6083519,0,0,0,0,0,1.614576,0,0,0.3461739,1.024135,0.6295589,0.4210809,1.00494,0,0,1.447481,0,0,0.2372106,0,0,0,0,0.8033587,1.007946,0,0.4203235,0.7755622,0,0,0,0.8852057,0.1182831,0.4415718,1.458392,0,0.1144421,1.72738,0,0,0,0.06537157,1.000018,0,0.4450794,0,1.076018,0.7000076,0,0.4699567,0,0.8294064,1.061484,0.5461873,0,0,0.3318221,0,0.5149791,0,0.7349818,0,0.2080624,0,0.1989509,0,0.02347859,0.08744263,0.792174,0,0.08860644,0,0,0.3948968,0,0.6117197,0.04548173,0.3669546,0,0,0,1.934382,0.4564552,0,0.9835685,0,0.8558869,0,0,0,1.206994,0,0.1906358,0,1.023353,0,0,0.2535202,0,0,0,2.1739,0.09619638,0,0.1682563,0,0,0,0.4122948,0,0.3691146,0.06479677,0.3310505,0,0,1.198555,0.2894703,0,0,1.047401,0,0.3191436,0.03504896,1.019235,0,0,0,0.4808687,0.4356756,1.503898,0.5995418,0.3344145,0,0,0,0.4629893,0,0,
0.3184849,0.005767862,0.7204934,0.07330704,0,0.296375,0.3929562,0,0,0,0,0.2125465,0.2741703,0.985704,0,0.03498906,0,0.2678853,0,0.7340208,0,0,0,0.0346067,0.1519584,0,1.086123,0,0.8627294,0,0,0.2332804,0.5210301,0.985389,0,0,0.1644407,0.438569,0,0,0,0.916923,0,0,0,0.1541079,0.209416,0,0,1.385811,0.2378138,0,0.08607466,0,0,0.3532312,0.002362937,0.9085923,0,0,0.2714533,0.01173626,0.002485447,0.7084402,0,1.205324,0.5520675,0,0,0,0,1.099843,0,0,0,0.2679561,1.360358,0,0.537931,0,1.029585,0.4230565,1.028198,0,0.5241184,0,0,0.4082351,0,0,0.03372401,1.895693,0,0.3443743,0.9379709,0.6465818,0.1720142,0.4734855,0,0,0,0,0.1024417,1.183442,0,0,1.250796,0.777056,0.2796254,0.08657619,1.02105,0,0.3674158,1.299559,0,0.7192699,0,0,0,0.01988673,1.039033,0.2993538,0.1520276,0,0,0.746563,0,0.9261339,0,0.1454143,0,0.4157135,0,0.06459672,0,0.9004484,0.3969341,2.080548,1.675373,0,1.326388,0.07638903,0,0,0,0,0,0,0.4068929,0.605278,0.2280301,0,0,0.3494883,1.024432,0.7403598,0,0,0,0,0,0,0,0.6112947,0.07311536,0.2494714,0,0,0,0,0,0.2135819,0,0,0,0.2519089,0.1887629,0,1.529224,0,0.2347073,0,0.5706363,0,0,0,0,0,0.590875,0,1.381829,0,0.2498056,0,0,0.02108087,0.3013056,0.2447915,0,0.3645945,0,1.346553,0,0,0,0,0,0.2545881,0.5942056,0,0,0,0,0.4352681,0,1.170604,0,0,0,0.3005707,0,0,0.4937226,0,0.2083391,0.8150678,0.2618757,1.232288,0,1.118864,0,0,0.1947159,0,0,0.7518021,0.4003402,0.8963547,0,1.371954,0,0,0,0.6033009,0,0,1.452737,0,0.08792663,0.2381748,0.1790012,0,0,0,0,0.3888811,0.3860327,0,0.1029565,0,0,1.473119,0.428014,0,0.6300846,0,0,0,0,0,0,0,0,0.6870826,0.159154,0,0.3050551,0,0,0,0.7102836,0,0,1.198348,0,1.160226,0.0400927,0.4167595,0.2370891,0,0,0,0,0.2645133,0,0.2517521,0,0,0.3142364,0.08837516,0,0,1.032657,0,0.713278,0,0.2501934,0.3511432,0,0,0.7717794,0.1378046,0.3387792,0,0,0,0,0.2416443,0.6946318,1.913188,0.9452866,0,0.8573088,0.1975312,0.2843853,0.4041393,1.562151,0.807209,0,0,0,1.081776,0,0.2143054,0,0.4888417,0,0.5740614,0.8902597,0.2880307,0,0.7927722,0.4348552,0.4159799,0,0.382597,0.3981131,0,0.770643,0.3745949,0.4156563,0,0,0.06720272,0.3370791,0.1628262,1.40972,0,0,0.747425,0.1965804,0.5971501,0.4469723,0,0,0,0,0.5806494,0,0.6415051,0,0,0,0,0,0.6163587,0,0,0,0,1.909925,1.100241,0,0.01680699,0,0.1493464,0,0.003595788,0,0,0,0.3717531,0.2124709,0,0,0,1.367059,0.529604,0.3032232,0.07146651,0.1354751,0.1544023,1.426812,0,0.3581764,0,1.134407,0,0.01982273,0.5182416,0.2962656,0.1143966,0,0,0.2643806,1.049182,0.2284628,0.151594,0,0,0,0,0.7751312,0,0.01855921,0,0.05906315,0,0,0.1482147,0,0.9782482,0.6210663,0,0,0,0.3269452,0.461151,0.5096133,0.7844651,0,0,0.6272879,0,0,0.3945353,0,0.3357135,0,0.9293394,0.9304622,1.119145,0.513265,0,0.9464333,0,0,0.05113624,0.2245717,1.081233,0.4735379,0,0,0.2062786,0,1.405974,0,0.3945641,1.325684,0,0,0.02944937,0.9257752,0,0.9951943,0.4848804,0.1904252,0.6118262,0.4577451,0,0,0,1.337963,0,0.4592805,1.317519,0,0,0,0,0.2786725,0,0,0.8761169,0.3829446,0,0.09010334,0.3250243,0,0,0.4218654,0,0,1.954619,0.6285188,0,0,0,0,1.24431,1.286558,0,0.2766253,0,0,0.8717121,0.6310586,0.2216096,0,0,0,0,0.1985877,0.1065054,0,0,0,0.3122186,0,0,0.02497633,0.2123764,0,0,0,0,0,0,0,0.6615859,0,0.6645237,0,0.8198729,0,0,0,1.165054,0.6825429,0,1.45848,0,0,0.322757,0,0,0.2255504,0,0,0,0.1976291,0,0,0,0.440514,0.1365991,0,0.2679957,0.5629519,1.995414,
1.684334,0,1.114329,0,0.5420984,0.5983281,0,0.9064689,0.02345123,0.3734912,1.637226,0.8119845,0.3280209,0,0,0,0,0,0,0.008031867,0,0.2865846,0.1974578,0,0,0,0.2932676,0.2066694,0.3155921,0,0.6363672,0,0,0,0.1751473,0.05381136,0.607103,0.3513425,0,0,0,0,0,0,0,0.1942829,0,0.4113749,0,0,0,0.009040472,0,0,0.2520721,0,0.1409606,0.6719201,0,0.8970999,0,0,0,0.6530892,0.9671246,0,1.924005,0,0,0.1469508,0.3264526,0.1126717,0,0,0,0,0,0,0,0,0.2148327,0,1.109637,0.5076685,0,0,0,0,1.238455,0.1330682,0,0,0,0.3089776,0.9716182,0,0,0.4558978,0.2500338,0,0,0,0,0,0,0.3552901,0,0,0,1.366965,0,0.1056303,0.7223665,0,0.663043,1.250983,0,1.324841,0,0,0,0.7750355,0.1769049,0.9278096,0.01620153,0.7722537,0.2506515,0,0.4590255,0.1489579,0.5124142,0,0.4723102,0.1095631,0,0,0.002181736,0,0.8994695,0,0.3536472,0.6242911,0.2590706,0.2813283,0,0.1533705,0,0,0.6743363,0.4745203,0,0.7058222,0.2290065,0,0,0.03914621,1.146372,0.5322653,0.5188437,1.426782,0,0,0,1.137677,0,0.1233937,0,0,0,0.8488686,0.004188223,0,0,0.08984914,0.76748,0,0,0,0.4105656,0.1479516,0,0.1928789,0,0,0,0.2972898,1.836867,0,0,0,0.2208187,2.012619,0.9403383,0.1848139,0,0,0.02257933,0.3340395,0,0,0.04830649,0,0,0,0.346573,0.3700396,1.104408,0.03622242,0.5414873,0.6762202,0,0,0,0,0,0.1640524,0,0,0.1434794,0,0,0,0,0,0,0,0,0,0.2125713,0.3969872,0.7094549,0,0,0.1686956,0,0.8365839,0.6145374,0.6770161,0.340951,0,0,0.6787118,0,1.694795,1.323548,0.3539336,0,0,0.2536383,1.961787,0,0,0.1543456,0.1942669,0.8018108,0,0,0.8794192,1.635658,0.9195414,0.09391212,0.6054567,0.7730592,0,0,0.1946803,0,0,2.143631,0,0.3053137,0.1300153,0.0839472,0,0,0,0,0,0.03046315,0,0,0.2199491,0,0.4466627,0.2901354,0.379325,0,0.51828,0,0.03732481,0.3320393,0.4287671,0,0,0.3207828,0.7982345,0,0,1.502119,0,1.5453,0,0,0.1489312,0.1213867,0,0.3822369,0,0,0.2081828,1.35601,0.6043605,0,0.1287196,0.73491,0,0.1088359,0,0,0.1545949,0.8176875,0.6376338,0.9900555,0,0.05051895,0.04366821,0,0.8210967,0,0,0.08512739,0,1.383368,0,1.1574,0,0.2279582,0,0.1725086,0,0,0,0,0.002283119,0,0.3488253,0,0.2471931,0,0,0.4277337,0,0.4126104,0,0.9854039,0,0,0,0,1.154471,0,0,0.9908507,1.311656,0.2857745,0,1.002711,0.2973295,0,0,0.9581407,0.5142866,0,0.8071454,0,0,0,0.6235043,2.032693,0,0,1.107555,0.6196043,0,1.362958,0.08196425,0.7674562,0,0,0,0,0,0.3742968,0,0.3714277,0.5600761,0.1977088,0.2495854,0.2447389,0.4763825,0,0.6445948,0,0,0,1.248081,0.1712841,0.01508407,0,0.7291026,0.3232938,0.6321667,0,0.633166,0,0.8136208,0,0.5056591,0.2397253,0,0,0.4929357,0,0.3103105,0,0,0.6421545,1.981161,0,0.06753335,0,0.3989297,0.4262612,0,0,1.796309,0,0,0.4346656,0.166913,0.204886,0.3824046,1.867392,0.08867601,0.1048624,0,0,0,0,0,0,0,0,0,0,0,0,0.5055156,0.2527864,0,0,0,0,0,0.3621412,0.01333893,0,0,0.3297924,0,0,0.287272,0.1110354,0,0,0.6890864,0,0,1.546529,0.838541,0.1847974,0,0.8209575,0,0,0.2563203,0,0,0,0,0.1747534,0.1298559,0.5445303,1.705387,0.07957578,1.121408,0,0,2.008339,0.3547615,0,0,0,1.250117,0,1.015446,0.1351492,1.360546,0,0.6826617,0,0.5359924,0.1504479,0.01991264,0,0.8467826,1.59699,0,0,0.2175348,0,0,0.2915348,0.1683385,0,0,0,0.68976,0,0.1123988,0,2.194805,0.8541297,0.7221122,0.3004894,0.2667196,0,0.3709937,1.231774,1.192508,0.3686914,0,0.1503499,0.1493612,1.112547,0,0,0.05337257,0.2916109,0.2766486,0.9227266,0.03536475,0.3137469,0,0.7912645,0.1537955,0.03894892,0.3019621,1.424338,0,0.09431739,1.276971,0,0,0,0,0.2339522,0.1010904,1.035274,1.005332,
0,0.4165846,0.9898413,0.1312489,1.361663,0,0.1897665,1.081097,0,0.772666,0.1289165,0,0.1565181,0.127315,0,0.8943855,0,0.01801666,0,0,0,0.6356723,0,0.9433157,0,1.598733,0.8480427,0,0,0.6782292,0,0,0.6000469,0.7545556,0,1.343197,1.482189,0.1980764,0.2922266,1.063158,0.06603971,1.105379,0,0,0.3061771,0.34837,0.7086416,0,0.7216965,0,0.6735584,0.451602,0,0.3077439,0.3906505,0,0,2.346006,0,0.1830271,0,0.1451608,0.1966421,0.2717129,0.5945751,0,0.5037588,0,0.8049178,0.1088411,0,0,0,1.030403,1.753359,0,0.2343117,0.003566866,0.4599213,0.7782667,0.5747979,0,0.6291444,0.2595196,0.2307958,0,0.1565251,0,0.2797395,0,0.2583527,0.3754026,0.6754706,0.3534226,0,0,0.2335274,0,0,0.5439674,0,0,0.9101767,0,0.1777547,0.2064037,0,0,0.6648814,0.4867488,0,0,0,0.4835427,0,0.804114,0,0.0325548,0,0,0.9747064,0.608759,0.2457747,0,0,0.127218,0,0.4220279,0.225621,0.2068153,0,0.8089916,1.224466,0,0,0.8213192,0.3314883,0,0.3878893,1.154477,1.469817,0.5013127,0.5193812,0.7151973,0,0,0.3065022,0.5155301,0.8229246,0,0.9310014,0,0.5184443,0.08003527,0,0.3588251,0,0.165843,0,0,0.002768666,0,0.9173213,0,0.5799969,0,0,0.07925934,0,0,0.09514444,1.019609,0,0.09357896,0.4182469,0,0.1307118,0,1.398152,0.5308003,0,0.1790284,1.066528,0,0,1.471357,0,1.395971,0.03985145,0.5729561,0,0,0,0.2068595,0.01360932,0,0.4077208,0,0,0,0.2851833,0.9850407,0.6172085,0,0.4753141,0,0,1.159387,0,0,0.4810365,0.9158399,1.288026,0,0.451806,0.6025935,0,0,0,1.405731,0,0.6437816,0,0,0.003541899,0,0.5019706,1.419655,0.3439709,1.097491,0.4137703,0.5126878,0.4847607,0,0,0,0,0,0,1.095083,0,0,0.9044399,0.1621777,0,0,0,0,0.6225097,0.8270232,0.7238037,0,0,0.4635622,1.731584,0.328117,0.3136195,0,0,0,0,0.07079743,0.08060894,1.675259,0,1.323048,0,0,0,0.4588015,1.688096,1.396158,0,0,0,0,0,0,0,0.3344028,0.3852237,1.167609,0.004668713,0,0,0.1947091,0,0.9827601,0,0.7030039,0.40903,0,0.3662235,0.2801108,0,0,0.2375521,0.3882435,0,0.9728493,0.458811,0.2754335,0,0,0.4040297,0.6421249,0.8303899,0.9921769,0,0,1.055341,0.1439943,0,0.173788,0.1266404,0.2546441,0.1906436,0,0,0.8155609,0,0,0.9809691,0.5659395,0,0.3462863,0.217367,0,0.07454398,0.6289589,0.4053827,0,0,0,0.3722546,0,0.4094326,0,0.8691028,0.2277482,1.240929,0,2.057585,0.5978058,0.2620974,0,0,0.7132775,0.1467144,0,0.0777826,0,0.7912341,0.3772273,0.04506733,0.8725646,0.8364536,1.047358,0,1.107499,0.5368811,0.3133585,0,0,0.1449286,0,0.02302879,0,0.2911939,1.014215,0,0.3397797,0.552215,0,0.08572614,0,0,0,0.01718895,0,0.2894366,0.4993704,0.2109754,0.6143358,0.4178685,0.559643,0.5347579,0,0.6611815,0,0,0,0.163516,2.015042,0.5211177,0,0.8532284,0.3052757,0.08968949,0,0.5688553,0.1889442,0,0.6242755,0,0.3860642,0,0.4764477,0,0.01432365,0.6435045,0,0,0,0,0.5020494,0,0.05820189,0,0.9159908,0.974099,0,0.7861233,0,0,0,0,0.1715114,0,0.461389,0,0.03863599,0.5893078,0,0.9982507,0,0,1.860698,0.5751454,0.2293243,0.9847357,0.5778319,0.9473731,0.1139123,1.058657,0.3963615,0,0,0.1540794,0.2704895,0.3626224,0.2767269,0,0,0.4000928,0.6217518,0.7012859,0,0.09067012,0,0,0,0.5120587,0,0,0,0,0,0,0,0.6935997,0,0.3679667,0,0,0.04618699,0.5269172,1.478134,0,0,0,0.5846881,0.3053499,0.3113927,0,0.7057278,0,0,0,0.4475498,0.6372786,0.3364776,0.350158,0,0,0,0,0.007055277,1.318219,0.1503622,0,0,0,0,1.068799,0.6618461,0,0.6658586,0.1717085,0,0.7456681,0.216515,0.6548015,0,0.7357425,0,0.8446698,0.176481,0.7866969,0,0.4549115,0,0.05011316,0.2795882,0,0,0,0,0,0.4923218,0,0,0.5008451,0,0,0,0,0,0,0,0.1745672,0.3643117,0.3722205,0,0,0.1821893,1.46894,0.01928796,0.1754658,0.2081412,0,0,1.489606,0.1811327,0.1153202,0.8964007,0.3256886,0.8015646,0.03736829,0.6222853,0.09195892,1.226104,0.5481095,1.420626,0,0,0.3826112,0,0.6802868,0,
